"date","Communication.Status","Detector.Inlet.Flow..L.min.","Detector.Counting.Flow..L.min.","Impactor.Flow..L.min.","Impactor.D50..nm.","Sheath.Flow..L.min.","Sheath.Temp..C.","Sheath.Pressure..kPa.","Sheath.Relative.Humidity....","Mean.Free.Path..m.","Gas.Viscosity..Pa.s.","Low.Voltage..V.","High.Voltage..V.","Lower.Size..nm.","Upper.Size..nm.","Wide.Range.Scan.Mode","DMA.V.Ramping.Up..TUP...s.","DMA.V.Ramping.Down..TDOWN...s.","DMA.Column.transit.time.Tf..s.","DMA.Exit.to.Optical.Detector.Td..s.","DMA.at.Low.Voltage..TLOW...s.","DMA.at.High.Voltage..THIGH...s.","Adjustment..s.","Dilution.Factor","Aerosol.Density..g.cm..","Median..nm.","Mean..nm.","Geo..Mean..nm.","Mode..nm.","Geo..Std..Dev","Total.Concentration....cm..","Aerosol.Humidity....","Aerosol.Temperature..C.","Reserved.1","X1.04","X1.11","X1.2","X1.29","X1.38","X1.49","X1.6","X1.72","X1.84","X1.98","X2.13","X2.29","X2.46","X2.64","X2.84","X3.05","X3.28","X3.52","X3.79","X4.07","X4.37","X4.7","X5.05","X5.42","X5.83","X6.26","X6.73","X7.23","X7.77","X8.35","X8.98","X9.65","X10.37","X11.14","X11.97","X12.86","X13.82","X14.86","X15.96","X17.15","X18.43","X19.81","X21.29","X22.88","X24.58","X26.42","X28.39","X30.51","X32.78","X35.23","X37.86","X40.68","X43.71","X46.98","X50.48","X54.25","X58.29","X62.64","X67.32","X72.34","X77.74","X83.54","X89.77","X96.47","X103.66","X111.4","X119.71","X128.64","X138.24","X148.55","X159.63","X171.54","X184.34","X198.1","X212.88","X228.76","X245.82","X264.16","X283.87","X305.05","X327.81","X352.27","X378.55","X406.79","X437.14","X469.76","X504.81","X542.47","X582.94","X626.43","X673.17","X723.39","X777.37","X835.36","X897.69","X964.66","Flag"
"2026-10-04",0,1,1,1,739.108333333333,5,20.6583333333333,99.1,33.8333333333333,0.0000000681027083333333,0.0000182125,4.97,8976.18,8.8,736.5,1,254,0,4.37,1.6,8,8,0,1,1,49.0320833333333,63.009,50.0248333333333,45.9278333333333,1.9565,11479.3916666667,31,21.175,NA,0,0,0,0,0,0,0,0,0,0,0,0,0,0,0,0,0,0,0,0,0,0,0,0,0,0,0,0,0,0,0,1567.67708333333,1603.5325,1931.43158333333,2217.60258333333,2474.04541666667,2855.18933333333,3291.21466666667,3807.166,4292.6285,4894.05675,5538.07916666667,6409.78358333333,7356.61625,8315.9505,9588.70583333333,10895.4395833333,12218.54075,13534.8260833333,14621.2575,15639.6179166667,16289.6826666667,16732.4819166667,16803.8536666667,16415.0753333333,15855.91975,15063.02225,14245.1696666667,13454.76775,12543.0238333333,11626.0435,10855.3939166667,9835.10075,8933.5715,8023.41966666667,7095.36358333333,6325.23091666667,5572.445,4821.48258333333,4159.35983333333,3549.74583333333,3069.4585,2625.31108333333,2293.669,1968.729,1566.35908333333,1238.17666666667,910.673416666667,684.788,485.921416666667,343.281,254.075333333333,190.89875,129.686833333333,101.103916666667,75.5459166666667,56.6909166666667,35.2155,26.8801666666667,18.1605833333333,12.5453333333333,0,0,0,0,0,1
"2026-10-04 01:00:00",0,1,1,1,738.916666666667,5,20.4166666666667,99.1,33.6583333333333,0.0000000680314166666667,0.0000182009,4.97,8976.18,8.8,736.5,1,254,0,4.37,1.6,8,8,0,1,1,53.3196666666667,67.5223333333333,54.7460833333333,49.3344166666667,1.89066666666667,10134.8608333333,31,20.8666666666667,NA,0,0,0,0,0,0,0,0,0,0,0,0,0,0,0,0,0,0,0,0,0,0,0,0,0,0,0,0,0,0,0,658.44675,670.749666666667,855.55425,1037.82508333333,1182.83041666667,1467.08791666667,1795.19125,2122.71725,2560.44608333333,3080.47383333333,3668.08475,4307.8495,5131.26883333333,6062.78208333333,7149.6185,8402.58558333333,9638.54616666667,11048.8936666667,12451.97975,13574.2491666667,14594.7551666667,15346.9984166667,15773.9445,15804.8830833333,15461.2923333333,14925.4586666667,14253.8610833333,13387.5408333333,12499.1205,11567.2985,10690.7994166667,9753.26566666667,8716.62558333333,7870.39575,6988.40191666667,6130.50125,5378.86758333333,4696.51775,3958.114,3407.02175,2960.43891666667,2544.64891666667,2239.85025,1986.32975,1656.63275,1363.64425,1018.77991666667,732.577416666667,507.894833333333,356.876583333333,254.716166666667,177.448166666667,131.847,98.1514166666667,68.9805833333333,51.2249166666667,38.0313333333333,24.1504166666667,17.9240833333333,12.7320833333333,0,0,0,0,0,1
"2026-10-04 02:00:00",0,1,1,1,739.291666666667,5,20.925,99.0833333333333,32.7666666666667,0.0000000681928833333333,0.000018225275,4.97,8976.18,8.8,736.5,1,254,0,4.37,1.6,8,8,0,1,1,56.252,70.5533333333333,56.7530833333333,52.70125,1.93216666666667,9924.44,30.3333333333333,21.2666666666667,NA,0,0,0,0,0,0,0,0,0,0,0,0,0,0,0,0,0,0,0,0,0,0,0,0,0,0,0,0,0,0,0,1008.435,1105.32533333333,1258.1025,1372.07533333333,1487.10325,1674.90858333333,1878.87175,2182.61558333333,2437.59083333333,2829.96833333333,3254.49466666667,3756.71075,4468.89583333333,5294.50166666667,6115.36133333333,7065.237,8210.57516666667,9433.14666666667,10666.29225,12019.5603333333,13091.9436666667,13933.0589166667,14601.84,14938.3578333333,14949.2625,14730.6598333333,14265.08175,13629.1296666667,12919.6580833333,12046.15225,11227.73325,10301.4320833333,9389.20583333333,8469.78466666667,7526.646,6696.86475,5824.16566666667,5125.8505,4458.95891666667,3825.71008333333,3335.48625,2916.51175,2524.12808333333,2187.94983333333,1817.58183333333,1494.06475,1132.98658333333,803.8575,560.974583333333,399.527166666667,274.82225,204.419833333333,137.998666666667,105.969416666667,76.22475,51.823,37.78525,24.23225,15.3969166666667,8.81575,0,0,0,0,0,1
"2026-10-04 03:00:00",0,1,1,1,738.808333333333,5,20.3416666666667,99.025,32.5916666666667,0.000000068060775,0.0000181973,4.97,8976.18,8.8,736.5,1,254,0,4.37,1.6,8,8,0,1,1,59.324,73.7061666666667,59.3725,55.93325,1.93783333333333,9035.49166666667,30,20.8916666666667,NA,0,0,0,0,0,0,0,0,0,0,0,0,0,0,0,0,0,0,0,0,0,0,0,0,0,0,0,0,0,0,0,943.136083333333,1041.33758333333,1060.0715,1235.12175,1395.16125,1483.954,1664.93508333333,1815.28691666667,1967.342,2262.77125,2610.242,3088.64275,3515.04066666667,4154.54083333333,4852.16566666667,5633.7235,6468.90783333333,7571.66758333333,8699.69166666667,9903.76841666667,11026.8651666667,12075.69825,12757.9456666667,13437.6190833333,13767.9828333333,13739.4029166667,13409.08125,12935.3749166667,12389.136,11751.2354166667,10995.6304166667,10094.8386666667,9272.74091666667,8383.98208333333,7501.18783333333,6661.37825,5856.07433333333,5156.6005,4451.38083333333,3830.0365,3344.17725,2916.33725,2531.25983333333,2212.45125,1855.71525,1504.87675,1168.11441666667,825.752,579.37675,407.735333333333,284.43775,201.152083333333,131.20275,101.898833333333,70.8760833333333,53.2575,35.4343333333333,23.21325,16.136,10.6221666666667,0,0,0,0,0,1
"2026-10-04 04:00:00",0,1,1,1,738.758333333333,5,20.2666666666667,99.025,32.5083333333333,0.0000000680386416666667,0.0000181937,4.97,8976.18,8.8,736.5,1,254,0,4.37,1.6,8,8,0,1,1,56.9731666666667,70.9314166666667,56.1645,55.93325,1.99466666666667,7778.08916666667,29.8333333333333,20.7083333333333,NA,0,0,0,0,0,0,0,0,0,0,0,0,0,0,0,0,0,0,0,0,0,0,0,0,0,0,0,0,0,0,0,965.485916666667,1047.69141666667,1224.62491666667,1557.17966666667,1715.00241666667,1962.62016666667,2233.37133333333,2410.8485,2617.42991666667,2832.18583333333,3113.827,3343.88641666667,3671.37225,3967.61833333333,4456.15508333333,4996.02341666667,5621.81033333333,6381.64408333333,7279.26041666667,8210.82966666667,9180.8885,10039.16725,10781.8036666667,11286.2899166667,11552.2429166667,11513.8935,11184.926,10806.7146666667,10194.70675,9595.07391666667,8933.53583333333,8289.62491666667,7550.51083333333,6804.69708333333,6059.09358333333,5284.5995,4657.36333333333,4000.32608333333,3513.03983333333,3092.57208333333,2666.76725,2398.27883333333,2088.65916666667,1825.19458333333,1571.32883333333,1259.43641666667,964.105583333333,696.209083333333,467.19025,330.945,213.129,152.87825,102.063583333333,76.48775,54.8624166666667,37.7819166666667,25.4575833333333,17.9990833333333,11.1774166666667,8.96716666666667,0,0,0,0,0,1
"2026-10-04 05:00:00",0,1,1,1,738.975,5,20.5416666666667,99.05,31.7583333333333,0.0000000681027083333333,0.0000182068833333333,4.97,8976.18,8.8,736.5,1,254,0,4.37,1.6,8,8,0,1,1,54.22775,68.62525,53.4116666666667,55.3055833333333,2.04033333333333,7186.04583333333,28.8333333333333,20.8333333333333,NA,0,0,0,0,0,0,0,0,0,0,0,0,0,0,0,0,0,0,0,0,0,0,0,0,0,0,0,0,0,0,0,1056.40741666667,1162.08891666667,1447.00633333333,1650.902,1933.60041666667,2161.63108333333,2382.12841666667,2625.14541666667,2898.48358333333,3103.52708333333,3379.83916666667,3758.44075,4038.70108333333,4467.65325,4970.60958333333,5354.68291666667,5910.4685,6445.571,7001.67575,7605.93758333333,8319.70083333333,9060.52683333333,9623.37275,9914.45925,10054.9201666667,10024.3921666667,9751.1945,9239.1305,8697.18616666667,8209.13491666667,7614.65266666667,6993.22225,6353.75741666667,5795.52125,5188.832,4562.71633333333,4014.08158333333,3546.0695,3155.16116666667,2741.4755,2457.58875,2178.35183333333,1945.85491666667,1699.121,1445.7385,1166.58066666667,901.873833333333,638.391583333333,424.58125,283.986416666667,190.103916666667,123.282833333333,87.7658333333333,62.4460833333333,45.3435833333333,34.2044166666667,20.1029166666667,16.02475,11.3383333333333,6.7625,0,0,0,0,0,1
"2026-10-04 06:00:00",0,1,1,1,738.925,5,20.4416666666667,99.0583333333333,31.0333333333333,0.0000000680674333333333,0.0000182021,4.97,8976.18,8.8,736.5,1,254,0,4.37,1.6,8,8,0,1,1,45.80825,60.3846666666667,43.9858333333333,49.7825,2.24083333333333,7453.16666666667,28.5833333333333,20.9666666666667,NA,0,0,0,0,0,0,0,0,0,0,0,0,0,0,0,0,0,0,0,0,0,0,0,0,0,0,0,0,0,0,0,4717.72833333333,4928.43741666667,4946.94058333333,5447.80591666667,5459.51633333333,5415.48066666667,5329.77316666667,5279.50991666667,5065.8105,4929.91875,4659.42916666667,4465.65308333333,4400.04083333333,4376.77991666667,4536.9295,4810.21566666667,5187.72783333333,5648.52175,6238.22541666667,6809.256,7442.97058333333,8136.2475,8645.99466666667,8902.25283333333,8980.05241666667,8814.83825,8435.75258333333,7991.02958333333,7467.69041666667,6908.57166666667,6443.62675,5787.64975,5287.50391666667,4764.25241666667,4292.00808333333,3798.0105,3376.47158333333,2999.17658333333,2696.67258333333,2373.05116666667,2147.27041666667,1927.02941666667,1737.177,1509.41083333333,1305.77783333333,1083.89166666667,808.260166666667,582.155833333333,394.020916666667,259.922416666667,180.1525,114.54375,81.18275,60.4619166666667,38.2305833333333,27.812,17.77525,12.9375833333333,11.213,4.57016666666667,0,0,0,0,0,1
"2026-10-04 07:00:00",0,1,1,1,738.733333333333,5,20.2416666666667,99.0166666666667,34.5583333333333,0.0000000680369833333333,0.0000181925,4.97,8976.18,8.8,736.5,1,254,0,4.37,1.6,8,8,0,1,1,30.1075,46.0833333333333,32.0261666666667,21.738,2.27233333333333,10564.2175,33.8333333333333,20.7,NA,0,0,0,0,0,0,0,0,0,0,0,0,0,0,0,0,0,0,0,0,0,0,0,0,0,0,0,0,0,0,0,11381.8393333333,11602.9195,12024.98975,12209.89025,12108.5295833333,12119.4668333333,12186.0664166667,11954.4253333333,11794.8025,11411.7508333333,10837.9756666667,10114.38725,9232.05608333333,8437.86816666667,7736.69558333333,7329.14583333333,7313.791,7521.88658333333,8025.40941666667,8668.20325,9197.12,9665.73616666667,9791.96233333333,9676.001,9458.93316666667,8937.8305,8323.00141666667,7662.66133333333,6989.58808333333,6318.44225,5772.50325,5189.42841666667,4631.8635,4200.76183333333,3705.28558333333,3313.75125,2966.814,2673.22983333333,2444.89041666667,2213.765,1978.51591666667,1765.73391666667,1512.96208333333,1312.54716666667,1098.09675,883.237083333333,709.099666666667,524.009583333333,360.646416666667,247.352,168.70075,111.231083333333,78.3600833333333,51.4513333333333,36.661,24.54025,20.3585,11.5915,7.95625,6.2385,0,0,0,0,0,1
"2026-10-04 08:00:00",0,1,1,1,739.325,5,21.025,99.025,38.975,0.0000000682626,0.0000182300333333333,4.97,8976.18,8.8,736.5,1,254,0,4.37,1.6,8,8,0,1,1,31.0710833333333,44.1685833333333,31.5261666666667,21.857,2.21483333333333,8694.35916666667,37.1666666666667,21.175,NA,0,0,0,0,0,0,0,0,0,0,0,0,0,0,0,0,0,0,0,0,0,0,0,0,0,0,0,0,0,0,0,10267.9036666667,10029.00575,9763.19925,9778.3895,9616.0455,9443.1245,9265.01083333333,9167.0725,8713.63716666667,8209.83616666667,7617.05166666667,7146.53841666667,6586.71883333333,6375.82283333333,6302.94608333333,6488.78041666667,6902.39733333333,7506.96366666667,8089.48641666667,8592.30525,9051.75291666667,9238.49825,9133.07783333333,8871.56933333333,8374.11208333333,7686.87025,7094.80541666667,6443.15058333333,5779.24458333333,5222.28825,4684.04691666667,4193.218,3685.46066666667,3266.18,2862.17233333333,2508.66616666667,2185.53375,1955.29658333333,1659.86625,1455.31358333333,1239.37541666667,1094.8665,968.276,848.033,732.19625,581.49175,452.815583333333,348.5515,249.434083333333,167.308166666667,106.058583333333,71.2215833333333,41.677,33.1150833333333,19.8029166666667,17.37,14.0645,9.15891666666667,6.55775,4.65683333333333,0,0,0,0,0,1
"2026-10-04 09:00:00",0,1,1,1,739.575,5,21.3666666666667,99.025,35.6166666666667,0.0000000683635166666667,0.0000182464083333333,4.97,8976.18,8.8,736.5,1,254,0,4.37,1.6,8,8,0,1,1,33.4245833333333,44.9424166666667,32.9478333333333,30.725,2.15883333333333,6157.555,32.8333333333333,21.7916666666667,NA,0,0,0,0,0,0,0,0,0,0,0,0,0,0,0,0,0,0,0,0,0,0,0,0,0,0,0,0,0,0,0,6929.03983333333,6353.11258333333,6225.04366666667,5986.96458333333,5724.33741666667,5410.45583333333,5237.20675,4975.11583333333,4797.64825,4752.32116666667,4688.8705,4730.414,4865.72025,5169.19483333333,5489.21766666667,5821.1245,6302.15308333333,6642.14458333333,7018.567,7203.5895,7285.36391666667,7277.67925,7008.48975,6620.46916666667,6128.31883333333,5623.33541666667,5085.036,4609.42391666667,4176.12958333333,3793.29525,3413.17716666667,3010.44591666667,2652.02583333333,2319.23175,2034.2695,1776.54666666667,1543.77641666667,1357.417,1210.182,1055.3425,938.116333333333,792.293666666667,685.947583333333,579.167916666667,471.293333333333,358.296583333333,277.094333333333,195.030666666667,139.030916666667,93.0468333333333,68.1694166666667,42.086,31.09475,21.07175,17.6206666666667,9.46866666666667,8.03891666666667,6.2035,4.79733333333333,1.69541666666667,0,0,0,0,0,1
"2026-10-04 10:00:00",0,1,1,1,739.583333333333,5,21.3833333333333,99,33.8583333333333,0.0000000683857083333333,0.000018247225,4.97,8976.18,8.8,736.5,1,254,0,4.37,1.6,8,8,0,1,1,30.1991666666667,40.81975,29.8748333333333,9.89125,2.15375,5416.2825,31.5,21.8166666666667,NA,0,0,0,0,0,0,0,0,0,0,0,0,0,0,0,0,0,0,0,0,0,0,0,0,0,0,0,0,0,0,0,8315.82066666667,7737.13758333333,6730.40408333333,6536.91583333333,5929.07066666667,5330.518,4907.57433333333,4668.27558333333,4374.67183333333,4143.25408333333,4058.55116666667,4013.99791666667,4177.19541666667,4369.422,4670.48641666667,5021.41358333333,5425.38825,5687.41058333333,6036.07958333333,6189.28641666667,6212.77141666667,6090.49041666667,5819.87191666667,5476.78716666667,4964.83866666667,4439,4051.70725,3646.924,3280.78391666667,2913.56608333333,2581.88575,2260.9395,1959.34733333333,1688.10483333333,1464.53333333333,1294.06983333333,1121.6295,999.369833333333,882.594083333333,767.1025,656.391333333333,558.208333333333,468.359833333333,378.931,286.85,205.848666666667,150.639833333333,106.483416666667,75.48775,53.74625,38.82825,28.117,22.0456666666667,15.2663333333333,12.315,7.81408333333333,6.60041666666667,4.02791666666667,3.831,2.093,0,0,0,0,0,1
"2026-10-04 11:00:00",0,1,1,1,739.675,5,21.5,99,35.4166666666667,0.0000000684201833333333,0.0000182528083333333,4.97,8976.18,8.8,736.5,1,254,0,4.37,1.6,8,8,0,1,1,30.97125,42.31725,30.3555833333333,9.647,2.23408333333333,5158.29166666667,33.3333333333333,21.9583333333333,NA,0,0,0,0,0,0,0,0,0,0,0,0,0,0,0,0,0,0,0,0,0,0,0,0,0,0,0,0,0,0,0,11731.7370833333,9455.14191666667,7731.53375,6446.59091666667,5413.3085,4951.69308333333,4290.711,3878.26116666667,3615.90275,3319.19058333333,3125.0495,3062.87983333333,3112.48366666667,3275.10608333333,3412.90583333333,3639.41241666667,3978.83841666667,4386.58025,4795.877,5068.91175,5409.14833333333,5589.3695,5545.62125,5462.24625,5158.40725,4854.34141666667,4434.89725,3936.02608333333,3524.41091666667,3166.8875,2789.05425,2464.64766666667,2149.10775,1869.376,1618.427,1392.36591666667,1207.44833333333,1050.80908333333,914.7405,781.136,657.839,561.708083333333,467.027833333333,370.61775,283.066,212.111166666667,149.287083333333,108.569083333333,72.7175833333333,52.9595833333333,34.6741666666667,24.26425,17.6776666666667,12.2568333333333,10.05775,6.07133333333333,4.55425,3.73291666666667,3.05575,2.49908333333333,0,0,0,0,0,1
"2026-10-04 12:00:00",0,1,1,1,739.966666666667,5,21.9,99,35.6583333333333,0.0000000685384,0.0000182719166666667,4.97,8976.18,8.8,736.5,1,254,0,4.37,1.6,8,8,0,1,1,16.0165833333333,30.18175,21.3396666666667,9.647,2.141,8015.445,34,22.3,NA,0,0,0,0,0,0,0,0,0,0,0,0,0,0,0,0,0,0,0,0,0,0,0,0,0,0,0,0,0,0,0,29418.9736666667,24322.96375,20280.8773333333,17520.88825,14931.6803333333,12749.3115833333,10791.8738333333,9161.04733333333,7702.87491666667,6379.139,5319.95133333333,4317.1805,3704.35091666667,3349.84066666667,3320.20591666667,3397.63341666667,3774.70258333333,4195.87908333333,4648.853,5237.14258333333,5574.01666666667,5823.55708333333,5867.97375,5651.7885,5246.39575,4670.29758333333,4120.7735,3534.5175,3063.29466666667,2656.08158333333,2344.52116666667,2045.76658333333,1746.9895,1520.43491666667,1307.889,1102.27625,965.679833333333,850.61525,726.808666666667,645.420333333333,555.94725,458.80775,380.473666666667,304.172416666667,239.319083333333,162.673166666667,115.32325,83.7721666666667,55.89875,42.4611666666667,31.99625,23.21225,14.6033333333333,11.0776666666667,8.02483333333333,5.80916666666667,4.767,1.9635,2.1825,1.25783333333333,0,0,0,0,0,1
"2026-10-04 13:00:00",0,1,1,1,739.625,5,21.5333333333333,98.925,38.65,0.0000000684818916666667,0.0000182544,4.97,8976.18,8.8,736.5,1,254,0,4.37,1.6,8,8,0,1,1,17.3124166666667,31.3750833333333,22.3146666666667,9.82675,2.12166666666667,7581.66583333333,37.1666666666667,22.075,NA,0,0,0,0,0,0,0,0,0,0,0,0,0,0,0,0,0,0,0,0,0,0,0,0,0,0,0,0,0,0,0,20183.6024166667,17605.9288333333,16279.2011666667,15193.2040833333,13967.3584166667,12838.7301666667,11525.5539166667,10935.4881666667,10123.45325,9043.68791666667,7751.87791666667,6463.12416666667,5156.57883333333,4046.65091666667,3371.41766666667,3067.9725,3019.025,3258.46666666667,3622.9455,4166.63616666667,4625.48883333333,5053.37308333333,5448.64291666667,5498.64816666667,5294.21741666667,4817.63483333333,4290.16583333333,3623.12408333333,3115.949,2672.92616666667,2349.35058333333,2059.46766666667,1800.00025,1593.61566666667,1387.21516666667,1186.25441666667,1016.22433333333,915.50225,806.359333333333,686.989666666667,583.95075,503.280583333333,424.025083333333,341.568916666667,249.913666666667,193.165,134.571166666667,91.17375,66.63425,42.1143333333333,30.924,27.3435,16.7776666666667,13.1405,10.3289166666667,8.5475,5.98441666666667,3.80416666666667,2.03283333333333,1.96733333333333,0,0,0,0,0,1
"2026-10-04 14:00:00",0,1,1,1,739.5,5,21.375,98.9,42.5083333333333,0.000000068452375,0.000018246825,4.97,8976.18,8.8,736.5,1,254,0,4.37,1.6,8,8,0,1,1,18.3375,32.6771666666667,22.9575833333333,11.1845833333333,2.12391666666667,4752.22916666667,41.0833333333333,21.8916666666667,NA,0,0,0,0,0,0,0,0,0,0,0,0,0,0,0,0,0,0,0,0,0,0,0,0,0,0,0,0,0,0,0,9772.57241666667,9032.762,8535.25475,8047.0255,7734.3165,7594.01808333333,7659.38375,7557.286,7508.59866666667,7227.84408333333,6354.04258333333,5548.927,4742.48775,3958.597,3451.93908333333,3031.27341666667,2741.50375,2527.68525,2310.26783333333,2206.27025,2232.84066666667,2279.0815,2380.43925,2373.03266666667,2378.25216666667,2228.46025,2097.24258333333,1886.28591666667,1720.1005,1585.4955,1495.12541666667,1402.443,1363.61783333333,1289.77358333333,1201.74983333333,1107.27275,996.636083333333,867.100083333333,748.307,616.380833333333,514.2275,423.667083333333,358.495083333333,275.885583333333,206.4045,152.35675,103.725333333333,73.7354166666667,51.61425,33.6301666666667,24.3201666666667,20.78075,10.9938333333333,10.35975,7.37491666666667,3.69358333333333,3.67433333333333,1.26975,2.02033333333333,1.40033333333333,0,0,0,0,0,1
"2026-10-04 15:00:00",0,1,1,1,739.383333333333,5,21.275,98.85,44.6,0.0000000684573916666667,0.000018242025,4.97,8976.18,8.8,736.5,1,254,0,4.37,1.6,8,8,0,1,1,17.1844166666667,27.4000833333333,20.1839166666667,10.9655,1.94958333333333,5437.10833333333,42.5833333333333,21.7916666666667,NA,0,0,0,0,0,0,0,0,0,0,0,0,0,0,0,0,0,0,0,0,0,0,0,0,0,0,0,0,0,0,0,11670.95425,10895.1710833333,10576.5613333333,10193.2549166667,9797.04291666667,9573.47225,9342.10816666667,9347.902,9236.87825,9183.1035,8891.34783333333,8215.05291666667,7356.56791666667,6219.1975,5185.33441666667,4080.84633333333,3151.12491666667,2502.79525,2070.38366666667,1801.76016666667,1697.45675,1711.79041666667,1683.76008333333,1674.3225,1598.88408333333,1484.99808333333,1319.55808333333,1226.72841666667,1091.10541666667,1001.35658333333,938.669833333333,933.680166666667,883.96575,853.326416666667,854.4095,862.122333333333,817.834666666667,771.427666666667,712.214833333333,610.147583333333,509.811583333333,400.974916666667,310.04325,221.891416666667,162.52875,114.988333333333,72.08175,50.91825,33.5075,25.52875,19.1015,11.6638333333333,10.4104166666667,6.51791666666667,6.05108333333333,5.3325,2.44458333333333,1.96691666666667,1.44958333333333,1.60808333333333,0,0,0,0,0,1
"2026-10-04 16:00:00",0,1,1,1,739.358333333333,5,21.2583333333333,98.8416666666667,45.5083333333333,0.0000000684582666666667,0.0000182412333333333,4.97,8976.18,8.8,736.5,1,254,0,4.37,1.6,8,8,0,1,1,14.9073333333333,28.3189166666667,19.5861666666667,9.70691666666667,2.09033333333333,4049.12583333333,43.3333333333333,21.75,NA,0,0,0,0,0,0,0,0,0,0,0,0,0,0,0,0,0,0,0,0,0,0,0,0,0,0,0,0,0,0,0,12955.9576666667,11681.1409166667,10674.8723333333,9723.07308333333,8838.05816666667,7791.6115,6781.16958333333,5792.85283333333,5045.66175,4246.16308333333,3657.43508333333,3177.02116666667,2772.94175,2367.31133333333,2147.52908333333,1947.2505,1801.58275,1726.80866666667,1691.34791666667,1708.43525,1712.69583333333,1779.65166666667,1736.47783333333,1697.73258333333,1609.96858333333,1479.67916666667,1304.88875,1173.78416666667,1036.76691666667,946.932666666667,845.904166666667,757.802083333333,710.1935,629.796916666667,614.066833333333,610.08225,606.04375,617.030666666667,612.819583333333,591.159916666667,486.156666666667,392.297833333333,286.010333333333,215.292583333333,161.89925,118.592333333333,86.7445833333333,55.8385,45.8291666666667,31.906,24.7659166666667,20.52075,12.94675,10.647,7.7725,4.68291666666667,3.42575,1.553,2.47016666666667,0.912166666666667,0,0,0,0,0,1
"2026-10-04 17:00:00",0,1,1,1,739.741666666667,5,21.7833333333333,98.8333333333333,44.4333333333333,0.0000000686194583333333,0.0000182663416666667,4.97,8976.18,8.8,736.5,1,254,0,4.37,1.6,8,8,0,1,1,17.90875,35.6601666666667,23.5851666666667,9.82675,2.26958333333333,3236.73083333333,42.0833333333333,22.2333333333333,NA,0,0,0,0,0,0,0,0,0,0,0,0,0,0,0,0,0,0,0,0,0,0,0,0,0,0,0,0,0,0,0,8157.73275,7436.06883333333,6565.33491666667,6144.87316666667,5608.74033333333,5094.21966666667,4655.80275,4310.34241666667,3895.05366666667,3522.92541666667,3152.88991666667,2789.68583333333,2467.37333333333,2145.31291666667,1937.63808333333,1781.76616666667,1700.56808333333,1667.95033333333,1766.75425,1815.587,1909.36716666667,1916.1875,1924.16025,1888.549,1772.825,1595.46391666667,1470.55333333333,1314.00916666667,1185.22116666667,1124.29541666667,1051.261,989.9865,947.391583333333,904.366,881.45625,844.430916666667,837.321083333333,786.068166666667,699.708833333333,608.5025,477.486083333333,391.463916666667,303.070083333333,239.843416666667,198.8765,159.683416666667,129.65325,95.76475,77.9574166666667,60.9818333333333,54.64375,38.72475,23.7006666666667,22.001,13.3980833333333,7.88325,5.02833333333333,2.81358333333333,2.91758333333333,1.77375,0,0,0,0,0,1
"2026-10-04 18:00:00",0,1,1,1,739.25,5,21.1416666666667,98.825,44.9833333333333,0.00000006843525,0.00001823565,4.97,8976.18,8.8,736.5,1,254,0,4.37,1.6,8,8,0,1,1,16.7966666666667,31.1905833333333,21.4655833333333,9.95116666666667,2.13233333333333,6410.885,42.5,21.7083333333333,NA,0,0,0,0,0,0,0,0,0,0,0,0,0,0,0,0,0,0,0,0,0,0,0,0,0,0,0,0,0,0,0,15810.0665833333,15000.6564166667,14101.4088333333,13237.5430833333,12269.0785,11237.798,10425.9666666667,9629.86666666667,8810.99091666667,8052.53408333333,7232.98725,6449.05116666667,5834.15183333333,5039.605,4426.34458333333,3913.87841666667,3476.443,3139.28583333333,2992.23358333333,2891.68658333333,2813.64258333333,2714.59075,2682.09041666667,2655.11716666667,2567.80975,2472.22858333333,2323.36683333333,2241.33325,2073.122,2022.62075,1844.31,1737.36225,1641.87925,1490.25275,1354.88633333333,1259.808,1138.87108333333,1015.19416666667,888.962416666667,776.195833333333,666.575916666667,555.631666666667,482.217333333333,406.21525,328.762833333333,256.8465,199.653166666667,151.817083333333,119.661583333333,87.5265833333333,60.3529166666667,43.305,30.3378333333333,27.18125,16.4694166666667,13.3125833333333,6.32308333333333,4.64158333333333,3.91941666666667,2.3605,0,0,0,0,0,1
"2026-10-04 19:00:00",0,1,1,1,739.183333333333,5,21.0416666666667,98.8,44.9916666666667,0.0000000684229333333333,0.0000182308583333333,4.97,8976.18,8.8,736.5,1,254,0,4.37,1.6,8,8,0,1,1,16.2508333333333,27.6159166666667,19.9081666666667,10.6855833333333,1.9835,8351.44833333333,42.5833333333333,21.625,NA,0,0,0,0,0,0,0,0,0,0,0,0,0,0,0,0,0,0,0,0,0,0,0,0,0,0,0,0,0,0,0,18548.2155,17698.73875,18153.2503333333,17800.35525,17440.8245833333,16876.0921666667,15950.66225,15163.1688333333,13842.5898333333,12403.6691666667,11077.16725,9645.37158333333,8415.167,7252.11458333333,6199.56158333333,5204.10208333333,4499.87125,3903.221,3422.61291666667,3162.67125,2941.6905,2787.55066666667,2747.85541666667,2755.90491666667,2627.51775,2501.5085,2355.11591666667,2152.12566666667,2007.08916666667,1826.00683333333,1689.33825,1570.24008333333,1471.28225,1392.16516666667,1275.62358333333,1172.49241666667,1067.48291666667,958.524583333333,865.241583333333,750.669,660.41775,578.799416666667,498.087166666667,415.60975,346.932833333333,286.672916666667,219.226666666667,170.5285,141.076333333333,100.992,72.8886666666667,58.3739166666667,34.70575,30.5286666666667,21.1859166666667,12.7724166666667,7.644,7.31808333333333,4.8045,2.9195,0,0,0,0,0,1
"2026-10-04 20:00:00",0,1,1,1,739.158333333333,5,21.0083333333333,98.8,45.8666666666667,0.0000000684130666666667,0.0000182292666666667,4.97,8976.18,8.8,736.5,1,254,0,4.37,1.6,8,8,0,1,1,15.1166666666667,25.4419166666667,18.4845833333333,9.76683333333333,1.94241666666667,5260.53416666667,43.75,21.5583333333333,NA,0,0,0,0,0,0,0,0,0,0,0,0,0,0,0,0,0,0,0,0,0,0,0,0,0,0,0,0,0,0,0,15078.7328333333,13961.38775,13022.1218333333,12420.6316666667,11618.9165,10681.5255833333,9929.97308333333,9153.83558333333,8334.225,7489.57183333333,6641.77375,5797.45058333333,4883.80925,3975.32066666667,3237.21291666667,2688.05666666667,2192.22591666667,1920.84291666667,1715.19808333333,1615.87033333333,1531.06325,1569.03075,1557.41708333333,1543.98208333333,1516.18841666667,1439.24525,1332.98291666667,1173.61891666667,1044.242,919.248,812.050666666667,747.234666666667,718.440333333333,655.81225,645.805666666667,601.232916666667,580.607583333333,523.512916666667,489.953833333333,445.448583333333,391.90975,345.384583333333,296.802333333333,257.638,198.407416666667,162.546333333333,116.291666666667,96.7948333333333,73.6483333333333,54.0468333333333,42.1950833333333,29.4096666666667,16.8458333333333,19.2870833333333,9.97041666666667,6.18275,5.58083333333333,3.66925,2.27183333333333,2.42958333333333,0,0,0,0,0,1
"2026-10-04 21:00:00",0,1,1,1,739.591666666667,5,21.6166666666667,98.8,45.6833333333333,0.0000000685932166666667,0.0000182583833333333,4.97,8976.18,8.8,736.5,1,254,0,4.37,1.6,8,8,0,1,1,14.7995,24.8699166666667,18.1571666666667,9.70691666666667,1.93391666666667,4721.00916666667,43.3333333333333,22.0833333333333,NA,0,0,0,0,0,0,0,0,0,0,0,0,0,0,0,0,0,0,0,0,0,0,0,0,0,0,0,0,0,0,0,14970.7736666667,13753.9554166667,12053.4513333333,11145.3276666667,10321.4065833333,9598.57775,8665.1645,7927.73483333333,7030.64491666667,6376.70525,5627.82658333333,4920.26033333333,4234.22408333333,3634.42416666667,2934.59708333333,2444.9745,2035.31166666667,1720.17,1456.03866666667,1349.41466666667,1248.24841666667,1234.7005,1221.52975,1237.36033333333,1238.99866666667,1221.81858333333,1161.79858333333,1095.85491666667,988.24675,874.632666666667,784.36175,736.475583333333,666.385166666667,604.570333333333,556.135833333333,529.254,488.14975,433.7255,408.85075,381.063166666667,343.02925,299.373666666667,253.004666666667,217.876,160.4135,128.668166666667,99.2991666666667,69.8115,54.10025,41.6745833333333,25.6435833333333,20.4038333333333,14.0115,10.1358333333333,6.8785,6.8435,2.7185,1.6875,2.47016666666667,1.12316666666667,0,0,0,0,0,1
"2026-10-04 22:00:00",0,1,1,1,739.218181818182,5,21.1363636363636,98.7727272727273,46.3636363636364,0.0000000684698818181818,0.0000182354,4.97,8976.18,8.8,736.5,1,254,0,4.37,1.6,8,8,0,1,1,17.1865454545455,29.316,20.8485454545455,10.0048181818182,2.02745454545455,2822.54909090909,44,21.7545454545455,NA,0,0,0,0,0,0,0,0,0,0,0,0,0,0,0,0,0,0,0,0,0,0,0,0,0,0,0,0,0,0,0,6566.43590909091,5986.29454545455,5627.81263636364,5445.71790909091,5331.35354545455,5126.73063636364,4877.09381818182,4832.48609090909,4496.10727272727,4128.74936363636,3919.09118181818,3505.65781818182,3231.32145454545,2736.33381818182,2362.54954545455,2029.31736363636,1738.18009090909,1518.451,1260.43554545455,1162.65445454545,1067.37263636364,1026.67127272727,995.001909090909,967.999181818182,947.490727272727,858.896,822.342181818182,738.378272727273,677.118090909091,609.110545454545,570.537727272727,520.104909090909,493.280636363636,488.296454545455,466.650454545455,419.710818181818,393.197090909091,343.218727272727,315.266818181818,280.801454545455,249.031636363636,225.95,196.353909090909,169.747636363636,151.836727272727,124.270090909091,89.5101818181818,69.4319090909091,50.4599090909091,33.2865454545455,23.9897272727273,18.6165454545455,11.9446363636364,8.71954545454545,6.11136363636364,2.87209090909091,2.37690909090909,2.16109090909091,0.633818181818182,0,0,0,0,0,0,1
"2026-10-05",0,1,1,1,739.058333333333,5,21.0416666666667,98.6666666666667,46.05,0.0000000685154333333333,0.0000182308583333333,4.97,8976.18,8.8,736.5,1,254,0,4.37,1.6,8,8,0,1,1,15.582,32.2171666666667,20.8385833333333,9.83133333333333,2.222,1233.025,43.3333333333333,21.6416666666667,NA,0,0,0,0,0,0,0,0,0,0,0,0,0,0,0,0,0,0,0,0,0,0,0,0,0,0,0,0,0,0,0,3957.60383333333,3296.139,3031.24983333333,2678.38525,2395.73641666667,2192.67433333333,1957.06133333333,1726.77258333333,1609.34208333333,1374.76683333333,1193.15416666667,1003.88716666667,882.035,752.005833333333,699.720666666667,618.780166666667,592.6095,566.045583333333,608.096166666667,606.962916666667,632.878333333333,613.982916666667,558.136666666667,462.924916666667,390.864,321.109333333333,264.716416666667,252.416166666667,251.97975,273.9315,277.306083333333,304.003333333333,333.557583333333,354.049416666667,332.059666666667,290.85925,250.109166666667,201.25375,172.82175,151.20225,144.599833333333,137.767333333333,127.30825,115.403166666667,107.417416666667,86.6200833333333,79.58125,60.72575,50.8624166666667,33.7875833333333,30.3801666666667,19.1195,12.7080833333333,7.9085,3.30683333333333,2.6305,1.905,0.704,0.726916666666667,0.148416666666667,0,0,0,0,0,1
"2026-10-05 01:00:00",0,1,1,1,739.4,5,21.5583333333333,98.6,44.9583333333333,0.0000000687150666666667,0.000018255575,4.97,8976.18,8.8,736.5,1,254,0,4.37,1.6,8,8,0,1,1,15.314,27.8485833333333,19.2781666666667,9.70691666666667,2.04741666666667,1425.68575,42.5833333333333,22.025,NA,0,0,0,0,0,0,0,0,0,0,0,0,0,0,0,0,0,0,0,0,0,0,0,0,0,0,0,0,0,0,0,4975.59158333333,4234.56133333333,3555.42016666667,3322.091,2836.05841666667,2509.50391666667,2275.96275,2067.581,1922.66216666667,1722.40116666667,1613.84466666667,1372.48783333333,1214.96933333333,1080.03458333333,925.129416666667,847.044,785.496583333333,697.136416666667,642.654,624.502416666667,585.136583333333,542.188666666667,476.04925,412.4775,352.233916666667,287.577166666667,232.880416666667,209.361583333333,206.043666666667,206.121,224.603333333333,243.78925,253.158333333333,259.982416666667,242.775083333333,221.900333333333,199.468833333333,170.756083333333,163.620166666667,149.5935,128.585,121.070166666667,104.3915,87.03025,74.05625,61.3358333333333,47.9995833333333,35.2491666666667,26.8596666666667,21.5540833333333,16.5645,12.0776666666667,7.49991666666667,5.60633333333333,3.56475,1.17833333333333,1.49658333333333,0.7075,0.145,0.114916666666667,0,0,0,0,0,1
"2026-10-05 02:00:00",0,1,1,1,739.033333333333,5,21.0833333333333,98.6,45.6666666666667,0.0000000685741166666667,0.0000182328416666667,4.97,8976.18,8.8,736.5,1,254,0,4.37,1.6,8,8,0,1,1,17.181,30.6950833333333,21.0615833333333,9.89125,2.09075,971.443583333333,43,21.7416666666667,NA,0,0,0,0,0,0,0,0,0,0,0,0,0,0,0,0,0,0,0,0,0,0,0,0,0,0,0,0,0,0,0,2301.96508333333,2050.66141666667,1994.473,1842.05558333333,1765.67308333333,1661.95658333333,1650.39516666667,1566.95641666667,1536.00908333333,1414.13708333333,1293.45266666667,1230.8385,1092.78875,1004.95933333333,878.776083333333,747.382416666667,665.693,580.848916666667,524.783666666667,479.103583333333,418.809583333333,377.900166666667,331.773666666667,282.608916666667,241.84825,202.056083333333,175.528333333333,155.816083333333,142.890416666667,137.602083333333,149.465,155.078333333333,163.917,173.478833333333,171.139,168.826833333333,167.676583333333,170.638083333333,172.895083333333,170.730916666667,147.377333333333,133.06075,105.813166666667,84.64225,62.6944166666667,44.5561666666667,29.28025,22.5465833333333,15.3969166666667,9.257,5.12575,4.25408333333333,3.23283333333333,2.09841666666667,1.65358333333333,0.789666666666667,0.272666666666667,0.1415,0.291083333333333,0.113666666666667,0,0,0,0,0,1
"2026-10-05 03:00:00",0,1,1,1,738.966666666667,5,20.9666666666667,98.6,45.775,0.0000000685395,0.0000182272833333333,4.97,8976.18,8.8,736.5,1,254,0,4.37,1.6,8,8,0,1,1,16.6415,27.9674166666667,20.2175,10.0849166666667,1.98716666666667,1906.28416666667,43,21.5583333333333,NA,0,0,0,0,0,0,0,0,0,0,0,0,0,0,0,0,0,0,0,0,0,0,0,0,0,0,0,0,0,0,0,4641.65508333333,4293.00083333333,4130.54616666667,3821.13958333333,3759.42633333333,3564.21391666667,3307.26,3127.67425,2889.24483333333,2609.946,2410.88958333333,2140.87025,1973.58341666667,1787.72116666667,1665.23675,1449.62483333333,1288.37,1169.35,1073.59841666667,958.119083333333,864.483583333333,765.620666666667,705.015416666667,617.378916666667,522.757583333333,483.192,427.977,393.280333333333,338.612166666667,312.601916666667,297.026916666667,275.199833333333,258.422916666667,263.32125,258.3075,247.86525,250.571166666667,237.325,239.911833333333,226.196583333333,205.37125,188.388833333333,150.633083333333,115.51425,93.38525,67.59225,45.2959166666667,29.0044166666667,19.4158333333333,13.6528333333333,8.30158333333333,5.62441666666667,4.05808333333333,2.83591666666667,1.90391666666667,1.31158333333333,0.4095,1.27116666666667,0.437166666666667,0.148416666666667,0,0,0,0,0,1
"2026-10-05 04:00:00",0,1,1,1,738.991666666667,5,21.0083333333333,98.6,45.4416666666667,0.0000000685518666666667,0.0000182292666666667,4.97,8976.18,8.8,736.5,1,254,0,4.37,1.6,8,8,0,1,1,14.0211666666667,23.32375,17.2495833333333,9.76683333333333,1.88925,2418.48833333333,42.9166666666667,21.5583333333333,NA,0,0,0,0,0,0,0,0,0,0,0,0,0,0,0,0,0,0,0,0,0,0,0,0,0,0,0,0,0,0,0,9147.64941666667,7823.65375,6925.60208333333,6241.14691666667,5507.733,4814.05825,4250.91366666667,3668.15125,3283.77858333333,2804.026,2500.96716666667,2150.079,1852.02975,1647.90958333333,1433.58733333333,1276.28041666667,1150.85891666667,1040.73266666667,945.1515,847.244833333333,778.229,704.93775,629.764166666667,541.619583333333,486.212583333333,432.579083333333,384.949833333333,345.714083333333,292.209833333333,276.235666666667,253.908666666667,236.674166666667,228.724,223.766916666667,220.407333333333,228.411083333333,242.159833333333,234.017333333333,241.011333333333,227.08675,188.559166666667,158.324583333333,133.214583333333,110.551416666667,78.2298333333333,61.9843333333333,41.4940833333333,32.098,23.24125,14.06375,9.63508333333333,6.97975,5.36483333333333,3.323,1.78775,0.925416666666667,1.22275,0.1415,0.288833333333333,0,0,0,0,0,0,1
"2026-10-05 05:00:00",0,1,1,1,739.383333333333,5,21.575,98.55,44.0333333333333,0.0000000687548833333333,0.0000182563916666667,4.97,8976.18,8.8,736.5,1,254,0,4.37,1.6,8,8,0,1,1,13.7301666666667,20.38075,16.051,9.647,1.73383333333333,6313.19416666667,41.3333333333333,22.025,NA,0,0,0,0,0,0,0,0,0,0,0,0,0,0,0,0,0,0,0,0,0,0,0,0,0,0,0,0,0,0,0,22199.248,20594.9695,18719.5985833333,17263.1024166667,15905.9904166667,14296.4183333333,12831.0941666667,11475.9458333333,9884.22141666667,8522.99116666667,7163.70675,5943.99225,4975.1875,4119.6005,3419.081,2883.27966666667,2505.42216666667,2194.917,1877.50266666667,1673.329,1459.6335,1264.75641666667,1072.64583333333,941.646083333333,795.924166666667,713.504583333333,634.065416666667,568.636333333333,500.76075,432.091,386.419666666667,347.659583333333,327.590583333333,318.733416666667,311.819166666667,333.087833333333,349.831916666667,363.817,358.453,343.034666666667,341.135833333333,301.088166666667,254.988333333333,215.292916666667,175.95725,137.362416666667,100.96775,69.2031666666667,52.9648333333333,34.0563333333333,23.9675,13.7185,9.07758333333333,6.2755,4.31533333333333,2.10433333333333,2.72183333333333,1.54483333333333,0.727083333333333,0.978333333333333,0,0,0,0,0,1
"2026-10-05 06:00:00",0,1,1,1,739,5,21.0916666666667,98.525,44.5666666666667,0.0000000686288166666667,0.0000182332583333333,4.97,8976.18,8.8,736.5,1,254,0,4.37,1.6,8,8,0,1,1,14.4843333333333,20.5645,16.6124166666667,9.70691666666667,1.70625,10366.2375,42.1666666666667,21.7166666666667,NA,0,0,0,0,0,0,0,0,0,0,0,0,0,0,0,0,0,0,0,0,0,0,0,0,0,0,0,0,0,0,0,30908.3913333333,29210.2531666667,27590.7734166667,26624.7289166667,25163.3573333333,23492.654,21603.7729166667,19515.0543333333,17554.2498333333,15458.2594166667,13329.28925,11385.5771666667,9619.81616666667,8256.67033333333,6989.707,5949.40308333333,5060.73391666667,4308.19416666667,3745.31458333333,3234.3805,2827.34241666667,2438.25441666667,2043.84141666667,1723.09366666667,1425.50791666667,1201.69358333333,1024.108,886.5815,799.824666666667,698.756333333333,655.005166666667,617.753333333333,596.459333333333,564.4615,534.564916666667,535.960083333333,535.44775,501.5265,494.456833333333,458.863083333333,429.79475,365.997166666667,315.699833333333,256.965333333333,203.2885,159.8555,123.51175,88.8263333333333,62.0746666666667,49.7215,29.1829166666667,24.25575,13.0713333333333,10.2325833333333,8.11716666666667,5.39308333333333,3.41008333333333,3.23383333333333,1.45816666666667,1.42616666666667,0,0,0,0,0,1
"2026-10-05 07:00:00",0,1,1,1,738.975,5,21.075,98.525,45.5,0.0000000686238833333333,0.0000182324666666667,4.97,8976.18,8.8,736.5,1,254,0,4.37,1.6,8,8,0,1,1,14.62,21.6618333333333,17.04425,9.975,1.76208333333333,7459.68666666667,43.25,21.6333333333333,NA,0,0,0,0,0,0,0,0,0,0,0,0,0,0,0,0,0,0,0,0,0,0,0,0,0,0,0,0,0,0,0,21898.6615833333,20731.37175,19977.5585,18518.4344166667,17623.2095833333,16112.6115,14817.12525,13475.1175833333,12283.00975,10814.0995833333,9658.85666666667,8537.791,7314.1755,6256.55366666667,5464.23266666667,4673.71625,3987.13341666667,3353.88083333333,2885.3035,2448.89683333333,2038.485,1694.22316666667,1426.13741666667,1150.521,967.098416666667,832.07725,749.424166666667,703.0605,689.809583333333,681.220166666667,668.034916666667,644.246166666667,619.734,583.69275,566.59575,534.940416666667,484.117166666667,437.314916666667,410.98325,364.806416666667,322.4025,270.332666666667,228.834416666667,190.04375,147.571166666667,119.00325,90.08275,73.23075,51.2326666666667,43.4381666666667,25.8408333333333,20.4670833333333,13.65325,12.2185833333333,7.22783333333333,6.59616666666667,3.388,2.54233333333333,2.186,1.35908333333333,0,0,0,0,0,1
"2026-10-05 08:00:00",0,1,1,1,739.016666666667,5,21.0916666666667,98.575,46.125,0.0000000685940083333333,0.00001823325,4.97,8976.18,8.8,736.5,1,254,0,4.37,1.6,8,8,0,1,1,13.8551666666667,19.759,15.9589166666667,9.647,1.69108333333333,7623.27916666667,43.5833333333333,21.6583333333333,NA,0,0,0,0,0,0,0,0,0,0,0,0,0,0,0,0,0,0,0,0,0,0,0,0,0,0,0,0,0,0,0,26681.3686666667,24850.8298333333,22394.8355,20455.8869166667,18710.82525,17108.752,15426.6839166667,13660.7015,12200.7045833333,10621.0416666667,9098.79466666667,7868.79533333333,6628.19075,5532.43358333333,4666.88216666667,3842.42866666667,3167.12358333333,2730.10041666667,2329.3405,1931.26466666667,1633.04883333333,1370.34275,1135.01216666667,921.29925,770.0975,645.262666666667,570.778166666667,496.499,449.428166666667,423.59625,411.572166666667,413.5715,424.387916666667,444.823,465.401083333333,473.50075,474.263,436.120916666667,383.3095,318.74675,275.956666666667,222.921833333333,185.293083333333,142.939666666667,121.448833333333,100.88925,83.5730833333333,61.6500833333333,50.90925,31.84675,29.8311666666667,19.94475,13.9715,10.60625,7.7655,6.71791666666667,4.48525,2.80316666666667,2.32516666666667,0.980916666666667,0,0,0,0,0,1
"2026-10-05 09:00:00",0,1,1,1,739.383333333333,5,21.6166666666667,98.5,45.75,0.0000000688021583333333,0.0000182583916666667,4.97,8976.18,8.8,736.5,1,254,0,4.37,1.6,8,8,0,1,1,14.05175,21.4975,16.6900833333333,9.70691666666667,1.78458333333333,6422.93666666667,43.3333333333333,22.15,NA,0,0,0,0,0,0,0,0,0,0,0,0,0,0,0,0,0,0,0,0,0,0,0,0,0,0,0,0,0,0,0,22626.1596666667,20583.29975,18597.3096666667,16773.6049166667,15008.77475,13636.14925,12098.6096666667,10771.4725,9510.24958333333,8416.83691666667,7389.99508333333,6261.13575,5305.56958333333,4582.81625,3845.88133333333,3282.95141666667,2868.37741666667,2460.7295,2236.75025,1963.68541666667,1755.46783333333,1534.87016666667,1334.428,1166.82008333333,1019.64641666667,896.815083333333,787.866583333333,702.677,668.663916666667,599.713833333333,580.15025,567.188166666667,567.0905,570.223666666667,583.54425,572.792666666667,570.453583333333,532.320833333333,480.34125,407.998583333333,321.00575,258.658666666667,189.217083333333,154.02625,112.9595,90.38975,76.8469166666667,55.7225,46.41325,32.799,20.16325,16.10475,10.6660833333333,10.5835,6.629,3.68258333333333,2.99441666666667,2.38566666666667,1.88216666666667,1.43641666666667,0,0,0,0,0,1
"2026-10-05 10:00:00",0,1,1,1,738.675,5,20.6666666666667,98.5,48.25,0.000000068520025,0.0000182128833333333,4.97,8976.18,8.8,736.5,1,254,0,4.37,1.6,8,8,0,1,1,14.3976666666667,21.0029166666667,16.842,9.647,1.74325,8271.14083333333,45.75,21.5166666666667,NA,0,0,0,0,0,0,0,0,0,0,0,0,0,0,0,0,0,0,0,0,0,0,0,0,0,0,0,0,0,0,0,27672.5155833333,24438.5725833333,22402.6855,20490.1866666667,18999.929,17607.127,16073.4491666667,14338.18,12644.7755833333,11196.5740833333,9814.38716666667,8612.417,7497.94533333333,6570.68883333333,5742.68991666667,4983.53891666667,4416.60441666667,3850.08216666667,3323.32875,2879.3865,2473.60958333333,2120.89258333333,1837.51916666667,1608.98841666667,1390.59966666667,1217.84858333333,1038.85591666667,924.541666666667,822.201583333333,756.01725,719.724666666667,690.639333333333,664.709666666667,619.838666666667,588.034166666667,587.605333333333,556.971583333333,490.34725,434.170833333333,358.628166666667,311.455083333333,227.782666666667,175.931166666667,131.452166666667,104.454666666667,70.7441666666667,52.2966666666667,44.41475,28.6328333333333,18.6455,14.4885833333333,11.2629166666667,9.31183333333333,6.77658333333333,2.79883333333333,2.49925,2.3175,2.40008333333333,1.59908333333333,0.4105,0,0,0,0,0,1
"2026-10-05 11:00:00",0,1,1,1,737.958333333333,5,19.7666666666667,98.475,51.7,0.0000000682701833333333,0.0000181697,4.97,8976.18,8.8,736.5,1,254,0,4.37,1.6,8,8,0,1,1,16.06375,21.6098333333333,17.8378333333333,11.02075,1.69758333333333,10605.93,48.5,20.7416666666667,NA,0,0,0,0,0,0,0,0,0,0,0,0,0,0,0,0,0,0,0,0,0,0,0,0,0,0,0,0,0,0,0,24639.6928333333,23996.62575,22989.46,22695.2998333333,21930.6731666667,21143.4918333333,20429.1529166667,19690.5969166667,18737.555,18262.2945833333,16977.0305,15536.9348333333,13719.9576666667,11835.7313333333,10107.8135833333,8494.84483333333,7161.61641666667,6013.34975,5117.87091666667,4304.72875,3548.13158333333,2976.21858333333,2415.50141666667,1985.15508333333,1602.32216666667,1286.72,1076.23483333333,905.777916666667,823.8975,771.755666666667,766.621333333333,782.737166666667,824.227166666667,839.524333333333,805.752583333333,781.185083333333,699.048,600.99375,497.341083333333,403.642583333333,306.556916666667,236.775666666667,168.518583333333,132.058666666667,96.913,67.4085833333333,54.1188333333333,36.176,28.6300833333333,25.6871666666667,15.47125,10.6876666666667,10.0616666666667,7.63041666666667,5.0825,4.21408333333333,2.4605,1.55225,1.74758333333333,0.601666666666667,0,0,0,0,0,1
"2026-10-05 12:00:00",0,1,1,1,737.908333333333,5,19.8083333333333,98.4,53.2333333333333,0.000000068334575,0.0000181717,4.97,8976.18,8.8,736.5,1,254,0,4.37,1.6,8,8,0,1,1,17.6069166666667,23.8901666666667,19.4194166666667,13.3421666666667,1.75425,10924.1883333333,50.0833333333333,20.6,NA,0,0,0,0,0,0,0,0,0,0,0,0,0,0,0,0,0,0,0,0,0,0,0,0,0,0,0,0,0,0,0,21369.0443333333,20441.55625,20267.908,19415.8849166667,19644.8655833333,19610.4969166667,19332.3808333333,18809.4609166667,18411.27175,18115.5995,17745.6345,16931.56375,15862.9898333333,14522.3534166667,12856.9949166667,11178.89625,9417.46975,8011.79583333333,6797.7255,5709.35491666667,4827.22008333333,4040.9945,3364.79941666667,2720.23575,2195.18708333333,1823.92241666667,1566.76183333333,1377.23591666667,1262.57608333333,1230.70816666667,1208.20633333333,1187.41816666667,1165.38758333333,1137.5535,1054.67966666667,955.23175,808.725083333333,680.093333333333,565.213833333333,460.709166666667,365.382666666667,284.771833333333,209.7,162.220416666667,114.643916666667,86.0725833333333,66.54625,49.835,37.0719166666667,28.6015,19.8766666666667,15.6089166666667,13.17625,9.59541666666667,6.51683333333333,7.08133333333333,4.78291666666667,2.26158333333333,3.20291666666667,1.048,0,0,0,0,0,1
"2026-10-05 13:00:00",0,1,1,1,737.908333333333,5,19.825,98.325,53.8583333333333,0.0000000683916833333333,0.0000181725,4.97,8976.18,8.8,736.5,1,254,0,4.37,1.6,8,8,0,1,1,13.3585,18.1568333333333,15.0475833333333,10.602,1.61708333333333,10622.1833333333,50.4166666666667,20.5583333333333,NA,0,0,0,0,0,0,0,0,0,0,0,0,0,0,0,0,0,0,0,0,0,0,0,0,0,0,0,0,0,0,0,35380.8483333333,35330.9123333333,34815.9126666667,33573.455,31605.782,29015.85225,25964.57075,22354.8841666667,17882.6573333333,13966.2606666667,10396.8891666667,7654.0105,5749.9275,4556.38741666667,3771.35733333333,3123.7955,2655.22291666667,2219.90358333333,1915.39258333333,1630.85716666667,1449.09625,1263.78791666667,1133.03266666667,1023.64591666667,920.936,800.35925,726.06525,701.769583333333,631.328333333333,561.330166666667,541.309,540.151083333333,610.863166666667,650.8345,679.510416666667,675.311916666667,605.5185,555.917333333333,479.816916666667,394.625916666667,335.76825,252.60575,193.318166666667,149.98425,112.484833333333,87.638,69.1845,50.86775,44.171,28.1715833333333,22.79725,14.31675,12.5566666666667,7.50366666666667,6.68925,2.69758333333333,3.67525,2.25233333333333,2.18366666666667,0.448666666666667,0,0,0,0,0,1
"2026-10-05 14:00:00",0,1,1,1,738.008333333333,5,20.0083333333333,98.3,53.025,0.0000000684635916666667,0.0000181813,4.97,8976.18,8.8,736.5,1,254,0,4.37,1.6,8,8,0,1,1,13.621,18.89075,15.4071666666667,11.4364166666667,1.64916666666667,9711.9925,49.8333333333333,20.7166666666667,NA,0,0,0,0,0,0,0,0,0,0,0,0,0,0,0,0,0,0,0,0,0,0,0,0,0,0,0,0,0,0,0,27748.12875,29453.67525,30347.46375,30903.5889166667,29975.1011666667,28084.97925,25026.966,21580.974,17568.7405,13572.453,10180.456,7376.49016666667,5270.03075,3900.24966666667,2991.12058333333,2415.70433333333,1989.74991666667,1753.89991666667,1579.67491666667,1415.28366666667,1332.62375,1245.69116666667,1169.71441666667,1179.94758333333,1137.85216666667,1029.83433333333,858.118083333333,745.733083333333,682.547916666667,630.889083333333,636.693416666667,621.852833333333,638.099416666667,696.36025,693.39775,667.044333333333,651.823,578.335333333333,504.333,434.952,365.893,296.444916666667,230.223083333333,171.65125,123.397083333333,90.3120833333333,63.5805833333333,44.4340833333333,35.91125,25.13225,18.7224166666667,12.3853333333333,9.57183333333333,6.88125,6.85558333333333,4.348,2.58491666666667,1.96941666666667,1.8915,1.04458333333333,0,0,0,0,0,1
"2026-10-05 15:00:00",0,1,1,1,738,5,20,98.3,52.9333333333333,0.0000000684611166666667,0.0000181809,4.97,8976.18,8.8,736.5,1,254,0,4.37,1.6,8,8,0,1,1,13.36775,23.92025,17.1560833333333,9.70691666666667,1.94666666666667,5506.15833333333,49.6666666666667,20.75,NA,0,0,0,0,0,0,0,0,0,0,0,0,0,0,0,0,0,0,0,0,0,0,0,0,0,0,0,0,0,0,0,22152.6950833333,20278.9043333333,18014.928,16271.7285,13687.733,11444.4110833333,9171.16375,7375.22808333333,5889.83133333333,4724.19258333333,3999.51783333333,3856.486,3819.26441666667,3443.96725,2859.97366666667,2433.52608333333,2168.63191666667,2033.09875,1857.20908333333,1699.06008333333,1589.65391666667,1457.61683333333,1327.401,1208.6845,1069.36791666667,965.630416666667,901.7015,820.23225,780.597416666667,745.308583333333,719.9715,674.806916666667,686.983166666667,681.733166666667,707.11325,734.990833333333,687.251,636.591166666667,540.217583333333,464.951666666667,373.7765,284.345666666667,216.949833333333,165.262,133.23675,107.984833333333,77.2545833333333,59.4744166666667,51.13425,38.9013333333333,30.2914166666667,23.22625,15.6793333333333,11.4321666666667,9.77966666666667,5.77758333333333,4.22225,2.823,1.89025,1.202,0,0,0,0,0,1
"2026-10-05 16:00:00",0,1,1,1,737.825,5,19.75,98.3,53.35,0.00000006838675,0.0000181689,4.97,8976.18,8.8,736.5,1,254,0,4.37,1.6,8,8,0,1,1,13.9675,26.20025,18.3531666666667,9.647,2.04091666666667,3233.9525,50.1666666666667,20.5083333333333,NA,0,0,0,0,0,0,0,0,0,0,0,0,0,0,0,0,0,0,0,0,0,0,0,0,0,0,0,0,0,0,0,13742.6991666667,11913.0245833333,9549.26458333333,8162.08416666667,6718.586,5521.03833333333,4598.33416666667,3842.02658333333,3325.72116666667,2700.71258333333,2358.3455,2180.13666666667,2018.95716666667,1873.30583333333,1763.286,1670.14258333333,1588.72716666667,1537.59916666667,1456.75508333333,1388.14375,1367.24933333333,1308.1835,1206.315,1102.41825,975.700083333333,874.0055,784.53,701.60275,626.37425,583.430166666667,532.33975,538.265916666667,525.528333333333,518.378416666667,536.948166666667,518.73075,491.263416666667,434.212666666667,389.23175,319.770166666667,264.288166666667,214.368666666667,181.817666666667,143.747,109.009666666667,79.903,64.274,52.4041666666667,35.474,27.722,20.5960833333333,13.6715,10.4929166666667,8.72358333333333,5.46975,3.55783333333333,2.72183333333333,2.39391666666667,1.74533333333333,0.720666666666667,0,0,0,0,0,1
"2026-10-05 17:00:00",0,1,1,1,738.158333333333,5,20.1833333333333,98.3,53.4833333333333,0.00000006851565,0.0000181897,4.97,8976.18,8.8,736.5,1,254,0,4.37,1.6,8,8,0,1,1,13.2734166666667,21.4796666666667,16.0951666666667,9.89125,1.82725,6484.9725,50.9166666666667,20.7333333333333,NA,0,0,0,0,0,0,0,0,0,0,0,0,0,0,0,0,0,0,0,0,0,0,0,0,0,0,0,0,0,0,0,23428.7726666667,22103.6174166667,20870.9155833333,19682.5140833333,18098.71975,15938.09975,13609.7558333333,11246.8250833333,8940.61225,7017.29733333333,5505.69741666667,4303.06083333333,3514.17291666667,2894.74766666667,2467.27483333333,2162.65783333333,1916.10858333333,1710.9595,1565.25725,1456.92166666667,1385.64608333333,1348.11308333333,1289.01941666667,1200.08541666667,1112.62783333333,1039.53783333333,971.475416666667,917.877833333333,861.85425,803.595833333333,763.387916666667,712.316583333333,692.99175,662.441,663.509416666667,665.067083333333,641.535,615.18375,507.645916666667,444.43725,360.751583333333,302.7485,238.346583333333,182.903416666667,152.268916666667,122.132166666667,97.6965,74.7460833333333,59.235,49.93425,36.0074166666667,27.323,20.3879166666667,18.1511666666667,13.8315,8.89633333333333,6.72741666666667,6.61333333333333,3.88933333333333,4.20383333333333,0,0,0,0,0,1
"2026-10-05 18:00:00",0,1,1,1,738.25,5,20.325,98.3,53.4916666666667,0.0000000685577666666667,0.0000181965,4.97,8976.18,8.8,736.5,1,254,0,4.37,1.6,8,8,0,1,1,14.56575,25.9610833333333,18.4898333333333,9.77141666666667,1.98825,4669.0025,50.5833333333333,20.9416666666667,NA,0,0,0,0,0,0,0,0,0,0,0,0,0,0,0,0,0,0,0,0,0,0,0,0,0,0,0,0,0,0,0,15108.0943333333,13735.7639166667,12686.66175,11830.8055833333,10712.2785833333,9536.78233333333,8468.825,7350.29841666667,6330.96433333333,5323.24533333333,4537.1525,3910.04466666667,3391.87591666667,3070.39866666667,2843.55291666667,2554.13675,2300.37541666667,2110.12008333333,1864.57033333333,1726.92541666667,1586.93,1491.55416666667,1428.80225,1340.33241666667,1232.34766666667,1117.153,1053.90575,974.430916666667,877.172416666667,833.280583333333,785.480583333333,757.679666666667,728.074833333333,696.09725,692.391833333333,627.229,587.081916666667,538.970083333333,466.5865,407.023916666667,342.690666666667,290.117166666667,246.81725,203.861583333333,168.258416666667,134.549333333333,101.847666666667,74.355,61.1825,45.711,35.0033333333333,25.1375,16.8031666666667,13.786,9.66866666666667,8.02866666666667,5.17041666666667,5.19841666666667,2.18366666666667,2.3185,0,0,0,0,0,1
"2026-10-05 19:00:00",0,1,1,1,738.166666666667,5,20.225,98.3,52.675,0.0000000685280333333333,0.0000181917,4.97,8976.18,8.8,736.5,1,254,0,4.37,1.6,8,8,0,1,1,14.6085833333333,23.6001666666667,17.7790833333333,9.70691666666667,1.87466666666667,5679.765,49.3333333333333,20.8666666666667,NA,0,0,0,0,0,0,0,0,0,0,0,0,0,0,0,0,0,0,0,0,0,0,0,0,0,0,0,0,0,0,0,17609.594,16185.5189166667,15260.0839166667,13952.2344166667,12974.1345,11900.4591666667,10892.0486666667,9525.03933333333,8424.68841666667,7222.94691666667,6252.75866666667,5409.20975,4694.08091666667,4092.924,3581.52025,3146.28725,2737.6905,2474.53566666667,2218.90525,2044.44275,1874.31525,1769.41966666667,1679.40958333333,1548.36616666667,1435.63525,1312.17483333333,1180.24941666667,1077.39691666667,995.615416666667,914.40975,814.111916666667,769.937416666667,709.269666666667,653.328416666667,620.233916666667,564.29975,522.24425,448.597833333333,388.815666666667,345.393833333333,303.357583333333,260.835666666667,208.141333333333,187.174416666667,137.279916666667,107.924083333333,74.4501666666667,61.51425,43.2265833333333,36.2470833333333,25.7721666666667,21.7486666666667,14.1408333333333,13.5029166666667,10.5469166666667,9.51225,6.10766666666667,3.79366666666667,2.31191666666667,2.53275,0,0,0,0,0,1
"2026-10-05 20:00:00",0,1,1,1,738.466666666667,5,20.6083333333333,98.3,51.6416666666667,0.0000000686420666666667,0.0000182100916666667,4.97,8976.18,8.8,736.5,1,254,0,4.37,1.6,8,8,0,1,1,14.7065,22.9330833333333,17.5195,10.1733333333333,1.826,8284.76166666667,48.6666666666667,21.0666666666667,NA,0,0,0,0,0,0,0,0,0,0,0,0,0,0,0,0,0,0,0,0,0,0,0,0,0,0,0,0,0,0,0,23610.1074166667,21733.25975,21607.5570833333,20489.721,19952.6855833333,19143.12825,18522.2823333333,16695.0938333333,14846.0139166667,12079.5151666667,9744.04825,7928.06566666667,6521.38875,5615.44766666667,4823.40125,4155.43075,3664.93533333333,3168.13316666667,2793.18966666667,2524.31441666667,2315.49766666667,2165.96383333333,2057.9755,1908.16941666667,1785.5535,1632.20366666667,1485.39875,1297.90308333333,1150.17375,1004.9875,857.246333333333,770.715166666667,731.46925,679.085166666667,648.432333333333,588.224916666667,574.621166666667,544.067,508.364083333333,477.92075,449.845333333333,410.666,333.074666666667,272.068666666667,219.332833333333,164.41625,127.60725,88.255,70.2126666666667,49.4485,34.42425,24.7835833333333,17.2575833333333,14.4161666666667,10.8060833333333,8.2905,5.253,3.865,3.63333333333333,3.03166666666667,0,0,0,0,0,1
"2026-10-05 21:00:00",0,1,1,1,738.908333333333,5,21.2,98.2916666666667,50.15,0.0000000688239333333333,0.0000182384416666667,4.97,8976.18,8.8,736.5,1,254,0,4.37,1.6,8,8,0,1,1,16.04275,26.5208333333333,19.45825,9.70691666666667,1.95191666666667,7284.77583333333,47.4166666666667,21.725,NA,0,0,0,0,0,0,0,0,0,0,0,0,0,0,0,0,0,0,0,0,0,0,0,0,0,0,0,0,0,0,0,18615.4808333333,17056.9795,16421.8233333333,15671.09825,14972.0100833333,13978.2550833333,13105.5854166667,12103.3565,11410.5878333333,10419.8395833333,9420.44483333333,8398.88458333333,7593.26516666667,6622.16666666667,5552.84716666667,4689.73458333333,4075.85041666667,3552.89658333333,3219.67291666667,2905.17016666667,2704.81716666667,2511.31266666667,2366.14891666667,2291.45266666667,2148.01875,2044.41908333333,1954.02541666667,1789.32025,1637.653,1509.15175,1365.26066666667,1283.12475,1176.454,1051.20458333333,949.677583333333,894.591666666667,811.133916666667,750.402583333333,687.136083333333,617.796666666667,565.561166666667,473.946416666667,408.2245,332.066083333333,269.65175,205.34675,147.522916666667,115.194333333333,80.96675,53.9848333333333,38.01525,27.7370833333333,19.409,13.5285,10.6509166666667,6.60508333333333,5.05591666666667,4.223,4.50658333333333,1.63116666666667,0,0,0,0,0,1
"2026-10-05 22:00:00",0,1,1,1,738.641666666667,5,20.9083333333333,98.2333333333333,50.325,0.0000000687779666666667,0.0000182245,4.97,8976.18,8.8,736.5,1,254,0,4.37,1.6,8,8,0,1,1,15.3111666666667,24.237,18.3510833333333,9.70691666666667,1.8755,5730.48166666667,47.4166666666667,21.5083333333333,NA,0,0,0,0,0,0,0,0,0,0,0,0,0,0,0,0,0,0,0,0,0,0,0,0,0,0,0,0,0,0,0,15978.3985833333,14499.6736666667,14164.2078333333,13398.3884166667,12617.9994166667,11736.51525,10636.79,9807.4315,8789.51141666667,7916.797,7196.87375,6388.77825,5767.28466666667,5039.0175,4393.62558333333,3835.04791666667,3273.557,2779.36033333333,2347.59825,1976.24166666667,1749.3055,1567.56358333333,1470.76341666667,1366.7025,1307.03525,1201.93791666667,1103.20866666667,1003.6765,941.711416666667,893.51775,846.558166666667,822.647333333333,821.5115,782.919916666667,754.736083333333,703.921416666667,656.323,569.788833333333,481.617666666667,411.7695,319.81425,253.740166666667,193.825583333333,149.472166666667,117.467083333333,84.6376666666667,68.516,57.0524166666667,38.0956666666667,30.4408333333333,19.4701666666667,13.5268333333333,8.04075,6.40116666666667,5.46675,3.80733333333333,2.58516666666667,1.40683333333333,0.578666666666667,0.75,0,0,0,0,0,1
"2026-10-05 23:00:00",0,1,1,1,738.645454545455,5,20.9090909090909,98.2181818181818,50.4454545454545,0.0000000687888090909091,0.0000182245363636364,4.97,8976.18,8.8,736.5,1,254,0,4.37,1.6,8,8,0,1,1,16.0948181818182,26.4638181818182,19.4285454545455,9.91345454545455,1.94754545454545,4541.42909090909,47.6363636363636,21.4909090909091,NA,0,0,0,0,0,0,0,0,0,0,0,0,0,0,0,0,0,0,0,0,0,0,0,0,0,0,0,0,0,0,0,11756.9701818182,10831.5542727273,10259.7337272727,9465.41572727273,9241.38236363636,8566.06754545455,8079.04172727273,7695.67563636364,7069.75581818182,6471.58618181818,5868.133,5277.32590909091,4720.22663636364,4183.93727272727,3567.79754545455,3142.94509090909,2713.95863636364,2332.19909090909,2023.93463636364,1826.69481818182,1660.47318181818,1482.01154545455,1405.57418181818,1273.91618181818,1203.72527272727,1135.16009090909,1110.95818181818,986.351,931.470454545455,858.639909090909,826.793272727273,778.899090909091,752.570727272727,724.320818181818,704.864636363636,680.305,617.047181818182,573.128181818182,498.08,432.939363636364,345.620454545455,275.806363636364,213.723,182.518,145.578727272727,108.581545454545,83.9369090909091,66.671,48.9218181818182,38.8613636363636,26.1734545454545,16.8007272727273,13.7136363636364,10.4959090909091,6.68681818181818,4.73954545454545,2.37445454545455,1.07927272727273,1.10454545454545,0.812,0,0,0,0,0,1
"2026-10-06",0,1,1,1,738.841666666667,5,21.225,98.2,48.4916666666667,0.0000000688956333333333,0.000018239625,4.97,8976.18,8.8,736.5,1,254,0,4.37,1.6,8,8,0,1,1,19.0989166666667,28.8235833333333,21.9085833333333,14.2414166666667,1.91983333333333,6626.68833333333,45.0833333333333,21.6583333333333,NA,0,0,0,0,0,0,0,0,0,0,0,0,0,0,0,0,0,0,0,0,0,0,0,0,0,0,0,0,0,0,0,10333.8383333333,10119.1863333333,10395.0705,10626.8681666667,10917.104,10777.9535,11161.49375,10872.6448333333,10791.8650833333,10611.119,10166.0939166667,9627.67533333333,8893.74166666667,8110.61583333333,7373.85141666667,6605.99141666667,5834.21466666667,5206.98183333333,4501.61883333333,3994.78133333333,3496.13175,3100.14866666667,2732.26383333333,2476.80625,2355.23916666667,2176.65975,2061.02375,1898.28975,1761.49691666667,1579.51875,1412.475,1264.529,1143.75791666667,1034.63866666667,965.12225,870.35775,808.021083333333,718.116666666667,625.7685,539.53,456.175416666667,370.071916666667,294.188,232.272166666667,182.7295,140.378583333333,114.7665,84.1536666666667,66.0385833333333,51.71675,34.6895,25.45275,18.5075833333333,12.7763333333333,8.42108333333333,8.01108333333333,5.04033333333333,3.10008333333333,2.04116666666667,0.855416666666667,0,0,0,0,0,1
"2026-10-06 01:00:00",0,1,1,1,738.883333333333,5,21.25,98.2,46.2666666666667,0.0000000689030916666667,0.0000182408416666667,4.97,8976.18,8.8,736.5,1,254,0,4.37,1.6,8,8,0,1,1,22.6171666666667,33.5385833333333,25.0318333333333,17.4691666666667,1.99166666666667,5845.445,43.6666666666667,21.9166666666667,NA,0,0,0,0,0,0,0,0,0,0,0,0,0,0,0,0,0,0,0,0,0,0,0,0,0,0,0,0,0,0,0,6935.33733333333,7310.49016666667,7288.61858333333,7637.13616666667,7582.17075,7696.31683333333,7835.72625,7758.55125,7836.70908333333,7813.88383333333,7762.34525,7732.47175,7626.57225,7645.2955,7455.50125,7177.4755,6848.87708333333,6509.98791666667,5930.72666666667,5380.06,4791.939,4199.10308333333,3647.227,3167.55958333333,2757.12183333333,2435.44533333333,2162.51108333333,1971.75975,1802.483,1590.59275,1450.19158333333,1283.30841666667,1122.44225,1022.717,941.061833333333,854.253916666667,784.955833333333,710.6525,693.920833333333,630.10325,573.429333333333,535.250916666667,481.695666666667,419.9345,349.323416666667,274.633,208.054416666667,144.02725,98.797,61.70775,40.8385833333333,31.3400833333333,15.6105,13.8809166666667,8.67383333333333,5.51083333333333,4.08616666666667,1.83483333333333,1.01708333333333,0.99825,0,0,0,0,0,1
"2026-10-06 02:00:00",0,1,1,1,738.625,5,20.925,98.2,46.7083333333333,0.0000000688062666666667,0.0000182252833333333,4.97,8976.18,8.8,736.5,1,254,0,4.37,1.6,8,8,0,1,1,20.6938333333333,33.1605,23.83,11.77825,2.04875,5001.98083333333,43.9166666666667,21.525,NA,0,0,0,0,0,0,0,0,0,0,0,0,0,0,0,0,0,0,0,0,0,0,0,0,0,0,0,0,0,0,0,7846.54716666667,7861.12,7668.743,7668.2225,7624.18375,7530.54558333333,7187.27766666667,6942.28858333333,6761.68483333333,6440.21916666667,6177.48966666667,5936.43583333333,5826.29558333333,5620.0935,5435.14341666667,5228.44883333333,5083.18075,4754.3315,4468.70541666667,4112.43616666667,3700.75666666667,3314.08116666667,2972.79058333333,2610.701,2293.51933333333,2011.943,1786.04383333333,1589.981,1441.26291666667,1266.091,1086.98408333333,964.319666666667,850.240333333333,751.105166666667,671.043666666667,620.267916666667,607.594916666667,550.009,543.626416666667,514.58125,529.61675,516.106666666667,510.4805,487.985583333333,449.813333333333,371.577666666667,288.696083333333,215.081,137.1225,91.5954166666667,50.2129166666667,35.6563333333333,21.469,15.66675,8.13391666666667,6.97683333333333,2.597,2.67566666666667,0.875583333333333,0.708916666666667,0,0,0,0,0,1
"2026-10-06 03:00:00",0,1,1,1,738.591666666667,5,20.9166666666667,98.1333333333333,45.975,0.0000000688505416666667,0.0000182249,4.97,8976.18,8.8,736.5,1,254,0,4.37,1.6,8,8,0,1,1,19.0555,31.0290833333333,22.3673333333333,10.6173333333333,2.02391666666667,4316.85833333333,43.25,21.45,NA,0,0,0,0,0,0,0,0,0,0,0,0,0,0,0,0,0,0,0,0,0,0,0,0,0,0,0,0,0,0,0,8348.33441666667,8307.86291666667,8169.51808333333,7685.07458333333,7556.47,6968.31191666667,6799.39725,6377.95133333333,6012.00633333333,5644.41291666667,5258.91216666667,4878.518,4689.34366666667,4427.8845,4203.65,3971.47833333333,3744.21733333333,3526.1795,3245.94416666667,2948.70175,2682.07058333333,2450.05425,2197.99866666667,1954.61658333333,1750.6325,1557.0975,1372.29041666667,1231.51333333333,1077.67083333333,950.1215,829.712083333333,738.319333333333,646.554333333333,573.591166666667,535.042333333333,480.325,454.880583333333,439.09975,428.004083333333,409.194416666667,383.279083333333,376.93925,350.0235,325.552666666667,279.091666666667,242.352583333333,203.787916666667,143.610583333333,101.59375,74.2089166666667,47.5941666666667,30.7366666666667,21.8075,12.46525,8.68133333333333,5.80816666666667,4.57858333333333,1.68983333333333,1.60266666666667,1.12416666666667,0,0,0,0,0,1
"2026-10-06 04:00:00",0,1,1,1,738.666666666667,5,21.0583333333333,98.1,45.4583333333333,0.0000000689161583333333,0.00001823165,4.97,8976.18,8.8,736.5,1,254,0,4.37,1.6,8,8,0,1,1,22.6924166666667,38.2838333333333,26.3039166666667,11.7506666666667,2.17066666666667,2857.76333333333,42.9166666666667,21.5166666666667,NA,0,0,0,0,0,0,0,0,0,0,0,0,0,0,0,0,0,0,0,0,0,0,0,0,0,0,0,0,0,0,0,3934.51466666667,3979.255,4004.36308333333,4104.178,3928.0975,3857.99308333333,3797.55641666667,3728.65975,3648.80791666667,3573.58908333333,3401.87208333333,3308.48733333333,3186.31508333333,2996.75633333333,2900.117,2832.00208333333,2765.509,2671.37808333333,2545.94983333333,2402.26283333333,2229.03233333333,2031.95308333333,1884.24158333333,1701.40558333333,1598.03483333333,1457.78291666667,1315.42525,1213.715,1088.41666666667,974.753833333333,856.038166666667,747.802166666667,643.825333333333,543.889333333333,490.1305,453.746333333333,393.328333333333,380.778833333333,373.831916666667,380.552166666667,377.122333333333,393.4315,405.065583333333,387.6985,352.243333333333,318.812416666667,276.17775,208.299333333333,150.14625,99.2118333333333,63.0104166666667,40.327,23.4600833333333,13.16525,5.46525,3.82175,1.35633333333333,1.408,1.15733333333333,0.718583333333333,0,0,0,0,0,1
"2026-10-06 05:00:00",0,1,1,1,738.875,5,21.3416666666667,98.1,44.5916666666667,0.0000000690006666666667,0.0000182452333333333,4.97,8976.18,8.8,736.5,1,254,0,4.37,1.6,8,8,0,1,1,18.90725,34.9676666666667,23.5416666666667,11.08425,2.17966666666667,3300.3625,42,21.9,NA,0,0,0,0,0,0,0,0,0,0,0,0,0,0,0,0,0,0,0,0,0,0,0,0,0,0,0,0,0,0,0,6647.95558333333,6340.97825,6214.739,5907.8385,5815.58591666667,5376.10641666667,5073.25416666667,4734.20466666667,4326.04583333333,3950.85916666667,3562.70258333333,3244.695,3041.12775,2861.22166666667,2741.0955,2537.69016666667,2501.019,2364.35841666667,2241.28358333333,2184.54516666667,2052.65675,1927.64716666667,1788.16183333333,1690.973,1579.40266666667,1466.37041666667,1348.42891666667,1227.27808333333,1136.2055,1004.54808333333,917.554916666667,799.669666666667,696.518583333333,592.038916666667,531.727916666667,459.551,416.047333333333,388.453583333333,364.409166666667,374.716833333333,367.512166666667,371.771666666667,393.821333333333,388.859583333333,357.09325,327.698666666667,282.439416666667,224.586416666667,166.00825,113.60575,74.3320833333333,49.23275,27.0581666666667,17.0546666666667,8.02333333333333,5.79266666666667,2.04691666666667,2.533,1.46225,1.02975,0,0,0,0,0,1
"2026-10-06 06:00:00",0,1,1,1,738.558333333333,5,20.9083333333333,98.1,44.375,0.0000000688714333333333,0.0000182245,4.97,8976.18,8.8,736.5,1,254,0,4.37,1.6,8,8,0,1,1,16.8268333333333,28.2139166666667,20.262,10.1494166666667,1.98366666666667,6568.86583333333,41.8333333333333,21.5,NA,0,0,0,0,0,0,0,0,0,0,0,0,0,0,0,0,0,0,0,0,0,0,0,0,0,0,0,0,0,0,0,14536.56125,14023.5253333333,14028.2981666667,13279.3590833333,12726.0414166667,12160.0555833333,11551.39875,11029.1245,10299.985,9830.97075,8917.67716666667,8044.68741666667,7121.08708333333,6359.94458333333,5595.50275,4825.03375,4252.19658333333,3770.002,3456.69966666667,3098.02608333333,2868.70958333333,2624.15566666667,2419.17533333333,2246.10225,2065.28975,1910.624,1755.90691666667,1596.91558333333,1440.32941666667,1310.68033333333,1170.68633333333,1040.57833333333,910.067916666667,814.1525,730.187916666667,640.70975,593.837916666667,545.791166666667,502.223083333333,471.005166666667,449.3105,436.440916666667,418.600583333333,411.5455,383.282916666667,349.860333333333,315.3215,263.4485,202.264583333333,144.186666666667,97.81875,62.2438333333333,40.2008333333333,26.5314166666667,16.6360833333333,8.28616666666667,6.42216666666667,4.38033333333333,2.56258333333333,1.0175,0,0,0,0,0,1
"2026-10-06 07:00:00",0,1,1,1,738.591666666667,5,20.9333333333333,98.1083333333333,47.3833333333333,0.00000006887305,0.0000182256833333333,4.97,8976.18,8.8,736.5,1,254,0,4.37,1.6,8,8,0,1,1,19.8845833333333,29.7993333333333,22.4155833333333,15.8536666666667,1.92558333333333,10341.87,45.75,21.4666666666667,NA,0,0,0,0,0,0,0,0,0,0,0,0,0,0,0,0,0,0,0,0,0,0,0,0,0,0,0,0,0,0,0,14214.33125,13956.0124166667,14001.8355833333,14226.71125,14300.9294166667,13988.5526666667,14170.983,14513.0276666667,14435.71725,14207.1835833333,14031.964,14039.3666666667,14155.9100833333,14147.3250833333,13922.0259166667,13092.2155833333,12243.0493333333,11789.49975,11398.0910833333,10569.7144166667,9219.01016666667,7790.90741666667,6292.19175,4983.10616666667,4018.04358333333,3362.63166666667,2880.16658333333,2538.55408333333,2230.18458333333,1990.74066666667,1734.59325,1488.312,1231.54158333333,1083.71191666667,962.529666666667,858.030333333333,779.27375,689.671083333333,637.757583333333,597.368083333333,541.717833333333,509.928416666667,463.32725,444.746333333333,419.606833333333,377.265333333333,354.279833333333,290.593333333333,238.381833333333,174.113583333333,122.863916666667,83.2135,50.398,36.3248333333333,20.1974166666667,15.2844166666667,8.77125,6.83966666666667,5.23375,3.99666666666667,0,0,0,0,0,1
"2026-10-06 08:00:00",0,1,1,1,738.925,5,21.425,98.1,49.5916666666667,0.0000000690255333333333,0.0000182492166666667,4.97,8976.18,8.8,736.5,1,254,0,4.37,1.6,8,8,0,1,1,16.9056666666667,27.1920833333333,20.0705833333333,12.1475833333333,1.91383333333333,5665.31166666667,47.6666666666667,21.7583333333333,NA,0,0,0,0,0,0,0,0,0,0,0,0,0,0,0,0,0,0,0,0,0,0,0,0,0,0,0,0,0,0,0,11240.443,11570.7110833333,11504.06575,11721.9945833333,11851.2800833333,11731.82575,11436.1165,10855.22425,10122.1005833333,9100.96416666667,8243.95891666667,7257.03575,6530.69708333333,5668.1055,4853.544,4104.37775,3502.53783333333,3012.154,2645.78633333333,2356.44083333333,2143.43466666667,1949.65075,1804.02158333333,1643.50791666667,1484.958,1341.5065,1191.9235,1057.57366666667,941.966166666667,841.39875,772.60125,686.852916666667,622.373833333333,566.86225,532.003666666667,486.676083333333,447.06675,428.041916666667,388.897333333333,356.101333333333,320.656,301.763333333333,264.032083333333,247.428666666667,232.974083333333,200.381083333333,174.168833333333,149.0355,121.99225,89.219,65.364,45.7913333333333,27.8154166666667,17.8208333333333,13.17875,8.21825,4.36575,5.06333333333333,1.88666666666667,2.18683333333333,0,0,0,0,0,1
"2026-10-06 09:00:00",0,1,1,1,738.616666666667,5,21.0083333333333,98.0916666666667,50.725,0.0000000689071,0.0000182292666666667,4.97,8976.18,8.8,736.5,1,254,0,4.37,1.6,8,8,0,1,1,16.99775,26.5371666666667,19.8445833333333,11.9135833333333,1.88558333333333,4560.36416666667,48.5,21.775,NA,0,0,0,0,0,0,0,0,0,0,0,0,0,0,0,0,0,0,0,0,0,0,0,0,0,0,0,0,0,0,0,8716.5155,8630.85516666667,9180.88433333333,9139.96383333333,9039.398,9110.18983333333,8948.61916666667,8613.73525,8084.19191666667,7467.48141666667,6900.235,6064.64758333333,5440.35375,4787.22066666667,4117.37441666667,3562.99233333333,2989.26683333333,2545.06083333333,2267.87991666667,2008.16433333333,1799.64141666667,1697.75941666667,1521.39666666667,1375.94958333333,1265.83766666667,1110.51358333333,983.176166666667,860.191333333333,770.188333333333,668.242166666667,578.550166666667,526.911166666667,487.779,450.394166666667,417.054,397.177833333333,359.375583333333,348.560083333333,331.972166666667,308.03025,284.47325,279.374833333333,255.277083333333,234.156083333333,195.669333333333,187.510166666667,153.410416666667,126.694083333333,105.012583333333,71.7104166666667,52.2859166666667,39.4818333333333,23.46975,18.3614166666667,10.7896666666667,7.67625,5.30116666666667,2.95633333333333,2.90291666666667,1.44108333333333,0,0,0,0,0,1
"2026-10-06 10:00:00",0,1,1,1,738.15,5,20.4583333333333,98.0416666666667,51.7666666666667,0.0000000687781916666667,0.0000182029,4.97,8976.18,8.8,736.5,1,254,0,4.37,1.6,8,8,0,1,1,16.1075,25.96325,19.1758333333333,10.5673333333333,1.90466666666667,4490.61,48.0833333333333,21.2583333333333,NA,0,0,0,0,0,0,0,0,0,0,0,0,0,0,0,0,0,0,0,0,0,0,0,0,0,0,0,0,0,0,0,11237.1793333333,11046.7289166667,10316.7284166667,10138.99125,9640.52891666667,8970.7725,8757.14433333333,8156.55166666667,7478.542,6720.46475,5994.9985,5369.6445,4615.1395,3985.61708333333,3459.55408333333,2950.70733333333,2537.64558333333,2275.21491666667,2013.36391666667,1782.22425,1632.7105,1488.451,1346.10283333333,1189.26658333333,1010.73825,841.555666666667,729.123833333333,632.4025,598.95425,550.508833333333,549.806833333333,542.17625,522.669166666667,487.576166666667,469.292833333333,441.95275,400.901666666667,364.169666666667,336.507916666667,300.9455,275.179416666667,246.494333333333,233.552833333333,212.587416666667,189.643166666667,159.489833333333,127.201416666667,106.292583333333,86.49175,61.631,40.63875,28.6149166666667,18.70475,12.0216666666667,7.76866666666667,4.2055,1.77275,1.82666666666667,0.917083333333333,0.948083333333333,0,0,0,0,0,1
"2026-10-06 11:00:00",0,1,1,1,737.908333333333,5,20.1583333333333,98,50.5,0.0000000687179333333333,0.0000181885,4.97,8976.18,8.8,736.5,1,254,0,4.37,1.6,8,8,0,1,1,15.4825833333333,26.3951666666667,18.84275,9.82675,1.96091666666667,3447.60916666667,46.5,21.025,NA,0,0,0,0,0,0,0,0,0,0,0,0,0,0,0,0,0,0,0,0,0,0,0,0,0,0,0,0,0,0,0,9461.27425,8830.04541666667,8298.61883333333,7950.39225,7508.3195,7001.73191666667,6439.07241666667,5965.37883333333,5407.55183333333,4868.95891666667,4321.94733333333,3837.01858333333,3339.66025,2937.94841666667,2507.77041666667,2200.83208333333,1908.894,1640.65125,1445.08525,1289.259,1160.4815,1025.15808333333,918.325583333333,804.954,671.814083333333,555.9585,470.054666666667,423.263583333333,438.106666666667,491.204416666667,536.369,543.58175,508.662916666667,480.401,458.48325,415.996083333333,386.522166666667,367.031,339.56575,321.359666666667,288.898083333333,274.998083333333,251.13925,215.604166666667,192.182666666667,159.8055,136.4425,96.4916666666667,74.5599166666667,52.3593333333333,37.8459166666667,24.2170833333333,15.8783333333333,10.2068333333333,5.34225,4.07416666666667,2.44691666666667,1.125,1.30933333333333,0.897416666666667,0,0,0,0,0,1
"2026-10-06 12:00:00",0,1,1,1,737.675,5,19.875,97.9833333333333,50.05,0.0000000686450833333333,0.0000181749,4.97,8976.18,8.8,736.5,1,254,0,4.37,1.6,8,8,0,1,1,15.12675,26.1108333333333,18.5879166666667,9.70691666666667,1.97283333333333,4123.935,46.5833333333333,20.75,NA,0,0,0,0,0,0,0,0,0,0,0,0,0,0,0,0,0,0,0,0,0,0,0,0,0,0,0,0,0,0,0,12420.2163333333,11125.82075,10230.763,9589.92558333333,9019.53883333333,8199.89483333333,7544.06583333333,6905.10525,6317.21491666667,5681.695,5045.53058333333,4420.31941666667,3780.44708333333,3276.4705,2841.61975,2431.86408333333,2104.979,1826.05283333333,1638.24316666667,1450.38583333333,1324.417,1164.5315,1054.04183333333,937.8855,824.117916666667,686.598083333333,589.0425,522.91675,505.310083333333,521.2385,576.46825,635.892416666667,657.065666666667,716.13425,708.845833333333,658.064416666667,606.803416666667,547.287333333333,470.969583333333,413.9005,368.364,343.163583333333,297.766333333333,231.376333333333,190.195583333333,157.887,117.441416666667,82.4575833333333,66.5048333333333,44.2005833333333,29.13975,23.3010833333333,12.4625833333333,10.5735833333333,6.85425,4.61108333333333,3.2865,2.11741666666667,1.307,1.20216666666667,0,0,0,0,0,1
"2026-10-06 13:00:00",0,1,1,1,737.633333333333,5,19.9,97.9,50.2666666666667,0.0000000687109666666667,0.0000181761,4.97,8976.18,8.8,736.5,1,254,0,4.37,1.6,8,8,0,1,1,18.8735833333333,36.2354166666667,23.906,9.77141666666667,2.25966666666667,3139.0375,46.75,20.575,NA,0,0,0,0,0,0,0,0,0,0,0,0,0,0,0,0,0,0,0,0,0,0,0,0,0,0,0,0,0,0,0,7582.5655,6743.98141666667,6441.54575,5921.43475,5465.20733333333,5021.08191666667,4795.87866666667,4487.7465,4134.56475,3822.86075,3536.93108333333,3224.90341666667,3031.36441666667,2768.893,2546.13041666667,2306.58866666667,2078.89283333333,1873.99883333333,1652.8005,1443.17208333333,1259.19833333333,1114.04416666667,988.31975,878.408083333333,788.857666666667,719.46475,713.780833333333,743.22175,862.697083333333,1053.08508333333,1186.9815,1278.70133333333,1242.93358333333,1170.79233333333,1136.55283333333,1054.09975,970.500333333333,841.753916666667,745.768166666667,608.099416666667,501.021666666667,407.70125,314.375583333333,247.354333333333,190.027666666667,155.383083333333,118.737166666667,87.8244166666667,63.2805,40.6606666666667,27.3375833333333,18.5778333333333,11.8083333333333,9.73175,5.47666666666667,4.08975,2.85875,1.96725,2.042,1.19416666666667,0,0,0,0,0,1
"2026-10-06 14:00:00",0,1,1,1,737.65,5,19.9916666666667,97.8333333333333,49.35,0.0000000687852083333333,0.0000181805,4.97,8976.18,8.8,736.5,1,254,0,4.37,1.6,8,8,0,1,1,16.25975,28.5031666666667,20.1865,10.367,2.03633333333333,6534.78083333333,46,20.7,NA,0,0,0,0,0,0,0,0,0,0,0,0,0,0,0,0,0,0,0,0,0,0,0,0,0,0,0,0,0,0,0,16671.5153333333,14868.6599166667,13889.8620833333,13517.4704166667,12779.0246666667,12139.4589166667,11865.1754166667,11189.8854166667,10243.4329166667,9263.30491666667,8147.49141666667,7255.15883333333,6490.56116666667,5724.70941666667,5088.21616666667,4518.30408333333,4031.95766666667,3584.21466666667,3198.09425,2757.03258333333,2454.43991666667,2130.89558333333,1905.863,1681.75375,1522.31858333333,1405.71958333333,1305.06133333333,1244.79416666667,1294.04641666667,1364.82233333333,1490.864,1583.40441666667,1570.90775,1511.47333333333,1441.49766666667,1300.75433333333,1206.10225,1067.69375,917.910166666667,782.462,610.543416666667,502.665583333333,392.99225,306.498916666667,234.207916666667,185.56625,133.641,103.50425,69.1888333333333,52.6178333333333,32.1579166666667,28.3139166666667,14.3669166666667,11.9338333333333,9.53308333333333,6.35825,4.09016666666667,4.51166666666667,2.31825,1.64983333333333,0,0,0,0,0,1
"2026-10-06 15:00:00",0,1,1,1,737.508333333333,5,19.8083333333333,97.8,49.5416666666667,0.0000000687537916666667,0.0000181717,4.97,8976.18,8.8,736.5,1,254,0,4.37,1.6,8,8,0,1,1,17.9014166666667,32.8294166666667,22.4678333333333,10.1446666666667,2.14741666666667,5373.94833333333,46,20.65,NA,0,0,0,0,0,0,0,0,0,0,0,0,0,0,0,0,0,0,0,0,0,0,0,0,0,0,0,0,0,0,0,11951.6335,11018.2995833333,10992.0365,10390.8894166667,9961.38116666667,9456.54766666667,9036.41108333333,8364.50708333333,7675.77516666667,7069.77508333333,6421.19575,5940.1135,5426.37675,4956.6425,4486.10691666667,4118.18191666667,3699.35625,3338.30916666667,2953.41966666667,2646.91775,2285.63858333333,2010.26225,1749.44666666667,1572.37,1435.06658333333,1306.25366666667,1299.01516666667,1228.22958333333,1272.91333333333,1393.35641666667,1502.23366666667,1572.10508333333,1601.58933333333,1575.86666666667,1493.9525,1421.67516666667,1312.84766666667,1176.83541666667,1026.73216666667,870.311333333333,702.624833333333,544.540416666667,436.58625,332.2355,253.608916666667,190.225833333333,138.567916666667,101.0125,71.7455833333333,54.9386666666667,37.3893333333333,26.7506666666667,19.9875833333333,15.2375,10.18375,6.88125,5.41116666666667,3.93975,2.185,1.64625,0,0,0,0,0,1
"2026-10-06 16:00:00",0,1,1,1,737.683333333333,5,20.0833333333333,97.8,48.9083333333333,0.0000000688360166666667,0.0000181849,4.97,8976.18,8.8,736.5,1,254,0,4.37,1.6,8,8,0,1,1,20.9775833333333,38.7601666666667,26.00025,10.4881666666667,2.26016666666667,4606.54416666667,45.5833333333333,20.7416666666667,NA,0,0,0,0,0,0,0,0,0,0,0,0,0,0,0,0,0,0,0,0,0,0,0,0,0,0,0,0,0,0,0,7711.84733333333,7095.61116666667,7171.68325,6725.02591666667,6810.05083333333,6734.69891666667,6553.6015,6392.149,6186.41725,5919.98766666667,5597.9335,5399.97216666667,5034.30041666667,4653.12325,4281.55008333333,3981.84216666667,3625.55958333333,3216.32791666667,2912.76783333333,2604.80883333333,2408.03108333333,2202.342,1984.33675,1855.42666666667,1714.81908333333,1597.34241666667,1563.83783333333,1569.73808333333,1637.09075,1779.0235,1926.67025,2054.16833333333,2089.0635,2050.13891666667,1950.48533333333,1754.03016666667,1573.73558333333,1393.78983333333,1176.57633333333,984.618416666667,791.303833333333,627.123333333333,503.589416666667,415.13475,300.97425,237.200083333333,171.181666666667,134.536666666667,97.6368333333333,66.4618333333333,52.10275,42.2749166666667,26.55825,23.1069166666667,15.9750833333333,10.8848333333333,7.63891666666667,5.77425,3.3675,2.08091666666667,0,0,0,0,0,1
"2026-10-06 17:00:00",0,1,1,1,737.666666666667,5,20.0416666666667,97.8,48.6916666666667,0.0000000688235666666667,0.0000181829,4.97,8976.18,8.8,736.5,1,254,0,4.37,1.6,8,8,0,1,1,20.1245,35.5960833333333,24.6170833333333,12.1064166666667,2.16025,7731.76333333333,45.9166666666667,20.7166666666667,NA,0,0,0,0,0,0,0,0,0,0,0,0,0,0,0,0,0,0,0,0,0,0,0,0,0,0,0,0,0,0,0,11873.8564166667,12329.6813333333,12802.68275,13150.4174166667,13373.2431666667,13230.0904166667,12499.962,11722.174,10953.8694166667,10187.8601666667,9589.45625,8855.29991666667,8307.22908333333,7921.47508333333,7392.74583333333,6953.84316666667,6357.20083333333,5760.15733333333,5177.50233333333,4522.66933333333,3995.55933333333,3561.26683333333,3175.36341666667,2926.09483333333,2712.3495,2539.45958333333,2429.54033333333,2370.6335,2374.59158333333,2426.47441666667,2489.72341666667,2612.884,2568.57491666667,2517.56883333333,2395.32541666667,2198.84608333333,1990.68108333333,1776.704,1530.112,1256.43275,1026.65441666667,816.779333333333,643.40175,511.24625,410.040083333333,307.6775,230.193333333333,171.86325,124.287,95.8045833333333,75.0765,54.5965833333333,40.8521666666667,31.1610833333333,18.5061666666667,17.8836666666667,9.91733333333333,8.6205,6.707,5.50725,0,0,0,0,0,1
"2026-10-06 18:00:00",0,1,1,1,738.016666666667,5,20.5166666666667,97.7916666666667,48.1583333333333,0.000000068971475,0.0000182057,4.97,8976.18,8.8,736.5,1,254,0,4.37,1.6,8,8,0,1,1,23.4004166666667,40.1411666666667,27.54275,10.6663333333333,2.23291666666667,14214.7641666667,45.1666666666667,21.0416666666667,NA,0,0,0,0,0,0,0,0,0,0,0,0,0,0,0,0,0,0,0,0,0,0,0,0,0,0,0,0,0,0,0,20736.038,20480.4261666667,20104.6235,19387.17875,19032.5915833333,18446.6713333333,17946.97425,17317.4108333333,16848.98275,16514.4800833333,16051.1954166667,15443.65125,14638.5778333333,14161.3865833333,13436.4590833333,12597.3850833333,11905.70725,11197.5434166667,10577.9713333333,9983.33375,9496.60858333333,9139.4135,8765.90983333333,8441.67983333333,8147.77083333333,7771.75566666667,7437.55966666667,7205.25641666667,7049.55783333333,6813.39383333333,6535.39591666667,6148.35008333333,5734.8685,5339.933,4800.69925,4444.27458333333,3954.96408333333,3542.1645,3146.23708333333,2705.51466666667,2266.17616666667,1911.16041666667,1611.72166666667,1292.13558333333,1012.44308333333,757.714416666667,598.050666666667,468.17175,362.905333333333,281.88325,216.091833333333,170.57925,125.159,107.692833333333,78.6273333333333,54.817,49.2298333333333,37.7344166666667,23.2913333333333,16.6516666666667,0,0,0,0,0,1
"2026-10-06 19:00:00",0,1,1,1,738.266666666667,5,20.8583333333333,97.7583333333333,47.1083333333333,0.0000000690972083333333,0.0000182220916666667,4.97,8976.18,8.8,736.5,1,254,0,4.37,1.6,8,8,0,1,1,21.5514166666667,36.2471666666667,25.538,15.0969166666667,2.1195,15892.3166666667,44.25,21.35,NA,0,0,0,0,0,0,0,0,0,0,0,0,0,0,0,0,0,0,0,0,0,0,0,0,0,0,0,0,0,0,0,22610.6184166667,23645.0440833333,24017.6965833333,24262.6029166667,24529.5680833333,24178.95675,23638.5513333333,22931.4325,22026.60525,20988.7976666667,19941.6424166667,19196.6655833333,18310.4770833333,17501.5661666667,16292.8590833333,15091.4424166667,13868.1558333333,12567.6740833333,11379.7108333333,10283.0325,9464.91758333333,8709.26125,8241.22066666667,7647.27541666667,7274.86833333333,6917.627,6462.8115,6087.93016666667,5732.69983333333,5402.03316666667,5109.56891666667,4835.72916666667,4575.7235,4405.57416666667,4078.63558333333,3801.5035,3506.15283333333,3163.12208333333,2843.68433333333,2449.22783333333,2121.62533333333,1797.99633333333,1477.4985,1217.38375,958.862333333333,733.6915,551.4885,435.445,307.2665,255.475416666667,184.70925,145.483,102.743,91.8854166666667,61.0446666666667,46.6288333333333,36.1904166666667,22.7625,19.5066666666667,13.98125,0,0,0,0,0,1
"2026-10-06 20:00:00",0,1,1,1,738.341666666667,5,21.0416666666667,97.7,47.075,0.0000000691933416666667,0.0000182308666666667,4.97,8976.18,8.8,736.5,1,254,0,4.37,1.6,8,8,0,1,1,22.02975,33.1335,24.7883333333333,21.2106666666667,1.95325,17539.0833333333,44.6666666666667,21.525,NA,0,0,0,0,0,0,0,0,0,0,0,0,0,0,0,0,0,0,0,0,0,0,0,0,0,0,0,0,0,0,0,16111.7061666667,16930.3055,18292.93475,20076.1214166667,21704.8959166667,22943.61125,24548.9975833333,26022.3401666667,27653.9414166667,29041.40875,30045.9369166667,30558.98575,29859.5641666667,28718.68425,26622.8315833333,23529.4713333333,20253.1965833333,16925.90825,14029.4059166667,11804.788,10026.8224166667,8604.97075,7581.04441666667,6760.79008333333,6191.99925,5674.39475,5260.98375,4887.96133333333,4677.53016666667,4389.65016666667,4174.45633333333,3964.10258333333,3883.65066666667,3682.461,3423.35125,3161.96783333333,2908.08433333333,2617.19816666667,2314.29475,2074.6855,1825.18866666667,1540.54733333333,1301.4955,1044.14608333333,842.69025,653.00775,506.266083333333,388.582166666667,292.461,238.706166666667,178.34,136.860416666667,93.57,81.0830833333333,59.86525,45.8363333333333,33.1019166666667,21.0206666666667,18.7628333333333,13.3845,0,0,0,0,0,1
"2026-10-06 21:00:00",0,1,1,1,738.658333333333,5,21.4583333333333,97.7,46.825,0.0000000693181166666667,0.0000182508083333333,4.97,8976.18,8.8,736.5,1,254,0,4.37,1.6,8,8,0,1,1,31.6329166666667,46.2384166666667,33.5803333333333,29.7064166666667,2.11658333333333,11479.0275,44.5833333333333,22,NA,0,0,0,0,0,0,0,0,0,0,0,0,0,0,0,0,0,0,0,0,0,0,0,0,0,0,0,0,0,0,0,8677.93025,8465.80591666667,9249.96466666667,9272.52758333333,9744.85633333333,9928.20325,10333.85375,10960.657,11487.6018333333,12231.8983333333,13014.45,13562.3751666667,14072.0133333333,14645.448,15031.1935833333,15028.5726666667,14631.9418333333,13852.31875,12877.9358333333,11838.98425,10955.43925,10214.715,9589.37483333333,9049.92541666667,8571.1175,8047.34166666667,7601.40391666667,7086.79466666667,6504.10358333333,5931.11191666667,5379.53558333333,4782.59016666667,4292.54275,3843.92791666667,3454.11708333333,3044.48683333333,2775.88183333333,2472.53516666667,2178.70333333333,1910.53308333333,1690.40058333333,1501.8755,1280.05891666667,1110.16741666667,953.057333333333,846.441583333333,729.245666666667,623.88325,523.968583333333,451.05425,339.335916666667,247.6475,166.89575,114.08575,64.0578333333333,36.6916666666667,26.2320833333333,14.4955833333333,7.93208333333333,6.90741666666667,0,0,0,0,0,1
"2026-10-06 22:00:00",0,1,1,1,738.316666666667,5,21.0083333333333,97.7,47.5083333333333,0.0000000691833583333333,0.0000182292666666667,4.97,8976.18,8.8,736.5,1,254,0,4.37,1.6,8,8,0,1,1,29.0560833333333,44.8814166666667,31.1421666666667,25.99775,2.16975,5137.61333333333,44.9166666666667,21.5916666666667,NA,0,0,0,0,0,0,0,0,0,0,0,0,0,0,0,0,0,0,0,0,0,0,0,0,0,0,0,0,0,0,0,4873.39858333333,4702.47366666667,4709.88875,4639.65258333333,4698.47091666667,4876.73825,4812.33083333333,4987.77616666667,5132.57133333333,5322.87941666667,5570.38533333333,5666.12683333333,5814.573,5868.60816666667,5884.10775,5898.70225,5829.05225,5779.73366666667,5734.16391666667,5612.52708333333,5476.86075,5330.96491666667,5087.78541666667,4851.85091666667,4531.62841666667,4212.17475,3796.64841666667,3316.9715,2830.35108333333,2319.0615,1877.36458333333,1504.65766666667,1265.18883333333,1097.848,935.9095,826.767083333333,733.173916666667,645.35175,586.876166666667,511.379083333333,492.056166666667,473.2885,444.798166666667,441.872583333333,455.511583333333,464.044083333333,502.509833333333,541.243583333333,555.907083333333,551.854166666667,484.954916666667,373.8415,232.017916666667,129.232166666667,63.7201666666667,24.76725,10.9893333333333,4.07258333333333,2.4745,1.51325,0,0,0,0,0,1
"2026-10-06 23:00:00",0,1,1,1,738.309090909091,5,20.9909090909091,97.7,47.4545454545455,0.0000000691781545454545,0.0000182284454545455,4.97,8976.18,8.8,736.5,1,254,0,4.37,1.6,8,8,0,1,1,28.0509090909091,43.9836363636364,30.3315454545455,21.6990909090909,2.18654545454545,4651.01272727273,44.9090909090909,21.5454545454545,NA,0,0,0,0,0,0,0,0,0,0,0,0,0,0,0,0,0,0,0,0,0,0,0,0,0,0,0,0,0,0,0,4997.54572727273,4755.62890909091,4776.253,4746.853,4646.67727272727,4652.2,4626.26218181818,4649.10363636364,4735.86009090909,4796.09672727273,4855.76454545455,5050.88372727273,5084.13309090909,5150.606,5185.60427272727,5167.10954545455,5140.98863636364,5036.73881818182,4960.16381818182,4824.83545454545,4757.62909090909,4623.06027272727,4411.88536363636,4165.08581818182,3881.33318181818,3527.69418181818,3153.159,2811.92109090909,2419.12109090909,2064.78672727273,1717.41427272727,1401.26590909091,1214.09163636364,1059.08854545455,937.992818181818,814.064909090909,738.608181818182,663.904636363636,630.771909090909,545.785363636364,527.316,464.296545454545,455.553545454545,417.218545454545,392.619,398.691727272727,396.997909090909,429.769545454545,434.250363636364,423.868818181818,377.584727272727,297.061181818182,204.630272727273,120.432909090909,62.6208181818182,28.8189090909091,11.0393636363636,5.98809090909091,3.58809090909091,2.06736363636364,0,0,0,0,0,1
"2026-10-07",0,1,1,1,738.416666666667,5,21.15,97.7,46.925,0.0000000692257833333333,0.00001823605,4.97,8976.18,8.8,736.5,1,254,0,4.37,1.6,8,8,0,1,1,37.2173333333333,60.8878333333333,39.8005,42.0065833333333,2.35316666666667,1774.647,44,21.65,NA,0,0,0,0,0,0,0,0,0,0,0,0,0,0,0,0,0,0,0,0,0,0,0,0,0,0,0,0,0,0,0,1069.07075,1129.95341666667,1134.67758333333,1212.17625,1133.82641666667,1225.20175,1193.42725,1268.55708333333,1345.02225,1369.71258333333,1481.55233333333,1616.1015,1664.98275,1776.93291666667,1854.96391666667,1923.67866666667,1953.74816666667,2031.71066666667,2061.44025,2109.721,2161.61466666667,2120.05283333333,2075.28808333333,1973.84925,1869.03966666667,1682.00833333333,1490.08191666667,1253.02708333333,1068.13091666667,920.961666666667,790.058333333333,686.207083333333,626.700083333333,582.220166666667,558.423833333333,525.353666666667,531.520333333333,482.40225,466.877333333333,413.938,381.58775,354.976083333333,322.02825,285.783,267.312166666667,269.926416666667,258.808666666667,252.847916666667,271.080666666667,280.453666666667,280.076,250.111583333333,196.51275,134.401083333333,79.52575,37.4381666666667,17.73775,8.26383333333333,3.64258333333333,1.96641666666667,0,0,0,0,0,1
"2026-10-07 01:00:00",0,1,1,1,738.5,5,21.2666666666667,97.6833333333333,45.0166666666667,0.0000000692725,0.0000182416083333333,4.97,8976.18,8.8,736.5,1,254,0,4.37,1.6,8,8,0,1,1,28.2275,54.3133333333333,32.9290833333333,15.1669166666667,2.45358333333333,1235.98358333333,42.25,21.875,NA,0,0,0,0,0,0,0,0,0,0,0,0,0,0,0,0,0,0,0,0,0,0,0,0,0,0,0,0,0,0,0,1324.77583333333,1236.51416666667,1242.99116666667,1250.53258333333,1255.00516666667,1215.39683333333,1296.18175,1341.24883333333,1355.47616666667,1386.91175,1406.83966666667,1393.20516666667,1407.82416666667,1381.85108333333,1314.277,1304.958,1224.69783333333,1180.33316666667,1130.26575,1114.00416666667,1060.15258333333,1068.25016666667,1027.64041666667,977.562666666667,893.522166666667,793.005166666667,678.21625,545.699916666667,471.164583333333,402.4815,358.66425,328.812083333333,297.198916666667,280.28,268.71025,257.539416666667,256.496166666667,245.225,240.663833333333,255.945666666667,233.746916666667,233.7805,223.258666666667,243.218916666667,240.37725,250.763,260.678333333333,268.82325,268.029,255.901416666667,202.7615,158.96775,105.280416666667,64.2061666666667,35.1175,17.9070833333333,10.1380833333333,4.70866666666667,2.03283333333333,1.27225,0,0,0,0,0,1
"2026-10-07 02:00:00",0,1,1,1,738.225,5,20.9666666666667,97.6,45.325,0.0000000692417583333333,0.0000182272916666667,4.97,8976.18,8.8,736.5,1,254,0,4.37,1.6,8,8,0,1,1,31.1284166666667,53.723,33.7613333333333,15.89275,2.39883333333333,1255.95333333333,42.8333333333333,21.5333333333333,NA,0,0,0,0,0,0,0,0,0,0,0,0,0,0,0,0,0,0,0,0,0,0,0,0,0,0,0,0,0,0,0,1558.94066666667,1437.39075,1246.537,1152.84166666667,1036.00975,1009.2205,1008.96233333333,997.724333333333,1046.69608333333,1060.6145,1112.08641666667,1156.57608333333,1225.15625,1269.71983333333,1346.81016666667,1377.99841666667,1389.0115,1402.99516666667,1433.56075,1399.9385,1390.65741666667,1367.12058333333,1291.65691666667,1216.6255,1125.58066666667,1009.40483333333,863.06775,711.4715,596.272,492.363833333333,414.40525,346.407416666667,332.422916666667,289.880583333333,264.237833333333,236.493166666667,243.926916666667,226.783416666667,211.158666666667,207.16875,199.315416666667,181.93475,163.229416666667,168.579083333333,170.718416666667,193.566916666667,223.403583333333,257.7695,266.387416666667,243.892583333333,215.66075,169.210416666667,108.735166666667,63.1426666666667,32.50375,15.4240833333333,7.16541666666667,2.9485,0.7295,0.298,0,0,0,0,0,1
"2026-10-07 03:00:00",0,1,1,1,738.241666666667,5,21,97.5916666666667,44.85,0.0000000692576666666667,0.00001822885,4.97,8976.18,8.8,736.5,1,254,0,4.37,1.6,8,8,0,1,1,31.4711666666667,47.1510833333333,33.17875,29.57125,2.14766666666667,2037.35083333333,42,21.5333333333333,NA,0,0,0,0,0,0,0,0,0,0,0,0,0,0,0,0,0,0,0,0,0,0,0,0,0,0,0,0,0,0,0,1921.66758333333,1867.02775,1752.53583333333,1799.06466666667,1693.62966666667,1672.14133333333,1655.47716666667,1658.29983333333,1746.1205,1793.99633333333,1914.55541666667,1942.09183333333,2105.81025,2228.93933333333,2301.21091666667,2381.12991666667,2494.88083333333,2547.7415,2584.40875,2514.85066666667,2439.33516666667,2384.867,2244.48691666667,2111.68491666667,2008.47116666667,1819.41858333333,1597.07016666667,1322.41925,1075.89541666667,831.6385,656.238916666667,525.064666666667,422.38125,399.6105,363.5655,358.244583333333,342.892,334.230333333333,318.423916666667,310.80775,283.3155,251.92075,232.322666666667,210.764166666667,217.953333333333,223.75275,224.542333333333,216.786833333333,206.1865,187.41125,158.178083333333,126.400583333333,92.1745,56.2930833333333,33.5829166666667,18.2930833333333,7.73083333333333,3.66158333333333,1.16191666666667,0.44525,0,0,0,0,0,1
"2026-10-07 04:00:00",0,1,1,1,738.416666666667,5,21.3083333333333,97.5333333333333,44.0083333333333,0.0000000693916166666667,0.000018243625,4.97,8976.18,8.8,736.5,1,254,0,4.37,1.6,8,8,0,1,1,30.1719166666667,46.29825,31.6745,27.1135833333333,2.23016666666667,2285.69916666667,40.9166666666667,21.7,NA,0,0,0,0,0,0,0,0,0,0,0,0,0,0,0,0,0,0,0,0,0,0,0,0,0,0,0,0,0,0,0,2653.41208333333,2456.24308333333,2380.78016666667,2220.45875,2111.92858333333,2100.66783333333,2056.17191666667,2067.73358333333,2170.4085,2133.68475,2166.66791666667,2199.04975,2252.88525,2257.16966666667,2269.19025,2346.51116666667,2418.77283333333,2427.80775,2520.69116666667,2526.46391666667,2565.30066666667,2535.85241666667,2508.68491666667,2447.05391666667,2271.6875,2026.33891666667,1747.64308333333,1421.69416666667,1105.25375,865.476333333333,693.75475,577.745166666667,499.14225,468.507833333333,432.994083333333,418.905416666667,413.04775,388.41675,381.68875,346.129833333333,320.153166666667,312.782333333333,294.517333333333,300.713333333333,294.007333333333,310.264666666667,294.652583333333,288.4345,259.894166666667,209.911333333333,163.2495,108.634166666667,62.8013333333333,38.4953333333333,18.163,6.16633333333333,3.94416666666667,1.68633333333333,1.16858333333333,0.73775,0,0,0,0,0,1
"2026-10-07 05:00:00",0,1,1,1,738.3,5,21.1333333333333,97.5666666666667,42.6166666666667,0.0000000693154083333333,0.0000182352666666667,4.97,8976.18,8.8,736.5,1,254,0,4.37,1.6,8,8,0,1,1,21.1675833333333,35.6555,24.5270833333333,9.76683333333333,2.16425,2568.25666666667,40,21.7916666666667,NA,0,0,0,0,0,0,0,0,0,0,0,0,0,0,0,0,0,0,0,0,0,0,0,0,0,0,0,0,0,0,0,5576.56408333333,4770.9855,4524.41058333333,3986.22566666667,3764.32941666667,3416.53091666667,3178.03883333333,2928.33841666667,2777.21991666667,2643.96483333333,2472.03525,2427.80883333333,2274.98883333333,2244.29108333333,2195.10358333333,2219.24941666667,2243.09083333333,2322.49016666667,2357.47491666667,2348.54233333333,2346.24225,2294.78316666667,2153.85758333333,1951.012,1679.59741666667,1395.57166666667,1119.49391666667,866.051,680.710083333333,567.995916666667,479.374,437.415916666667,422.089333333333,398.636333333333,384.821,423.251333333333,414.102583333333,415.952916666667,397.99275,376.625583333333,334.527833333333,291.063583333333,246.537083333333,238.072083333333,204.604666666667,197.180583333333,191.0905,172.113083333333,143.297416666667,105.818166666667,75.1473333333333,46.30825,26.4605,15.41425,9.0425,4.74375,1.63916666666667,2.10966666666667,1.16433333333333,0.59825,0,0,0,0,0,1
"2026-10-07 06:00:00",0,1,1,1,738.241666666667,5,21.0083333333333,97.6,42.2166666666667,0.0000000692542333333333,0.0000182292916666667,4.97,8976.18,8.8,736.5,1,254,0,4.37,1.6,8,8,0,1,1,17.1029166666667,28.9295833333333,20.7526666666667,9.70691666666667,2.02325,3426.1125,39.1666666666667,21.5333333333333,NA,0,0,0,0,0,0,0,0,0,0,0,0,0,0,0,0,0,0,0,0,0,0,0,0,0,0,0,0,0,0,0,8906.93883333333,7974.14991666667,7237.93283333333,6634.11325,6313.391,5703.10608333333,5437.577,4945.78116666667,4650.54,4361.59716666667,3973.66891666667,3682.49341666667,3382.05833333333,3128.09041666667,2933.93275,2732.97333333333,2550.2415,2347.24108333333,2196.00925,2085.16391666667,1904.74541666667,1782.50475,1618.47983333333,1406.06341666667,1251.8235,1041.01458333333,908.293333333333,782.654083333333,696.357916666667,625.15725,561.317166666667,522.910916666667,490.084333333333,480.78275,498.59275,468.146083333333,467.438083333333,447.2265,441.10225,400.224333333333,334.41525,273.2685,211.111,174.110666666667,141.2105,121.013916666667,99.4508333333333,83.9219166666667,68.7591666666667,49.8594166666667,40.5379166666667,23.22875,14.6154166666667,9.35183333333333,7.37425,3.94733333333333,3.543,1.401,1.30691666666667,1.21983333333333,0,0,0,0,0,1
"2026-10-07 07:00:00",0,1,1,1,738.216666666667,5,20.9666666666667,97.6,41.9416666666667,0.00000006924175,0.0000182272583333333,4.97,8976.18,8.8,736.5,1,254,0,4.37,1.6,8,8,0,1,1,17.6623333333333,29.289,21.2938333333333,10.071,2.00991666666667,6236.84583333333,39,21.4666666666667,NA,0,0,0,0,0,0,0,0,0,0,0,0,0,0,0,0,0,0,0,0,0,0,0,0,0,0,0,0,0,0,0,13475.4484166667,13311.8368333333,12428.8191666667,12019.4969166667,11292.1235833333,10703.77975,10035.7549166667,9439.50366666667,8777.51133333333,8140.59208333333,7514.60075,6977.37808333333,6410.66683333333,5998.08825,5510.49308333333,5092.53875,4665.19975,4297.48283333333,4032.88508333333,3758.9965,3466.52933333333,3238.56116666667,2927.08241666667,2634.83333333333,2372.57933333333,2132.3935,1941.737,1750.10733333333,1617.21266666667,1448.84891666667,1393.38016666667,1267.98625,1188.80916666667,1101.99991666667,1021.66225,913.342583333333,817.026416666667,746.032083333333,668.509166666667,568.633416666667,473.113666666667,395.180416666667,332.624583333333,272.53675,216.359833333333,190.743916666667,150.035833333333,122.9095,97.5896666666667,67.3036666666667,50.51975,34.7699166666667,20.9719166666667,18.608,11.0394166666667,9.46908333333333,5.59083333333333,3.52116666666667,3.48016666666667,2.21991666666667,0,0,0,0,0,1
"2026-10-07 08:00:00",0,1,1,1,738.533333333333,5,21.375,97.6166666666667,41.0166666666667,0.0000000693522833333333,0.000018246825,4.97,8976.18,8.8,736.5,1,254,0,4.37,1.6,8,8,0,1,1,16.69225,25.5724166666667,19.537,9.83133333333333,1.87975,5498.40916666667,38.25,21.8083333333333,NA,0,0,0,0,0,0,0,0,0,0,0,0,0,0,0,0,0,0,0,0,0,0,0,0,0,0,0,0,0,0,0,13528.1846666667,12607.1034166667,11758.4144166667,11271.512,10619.3070833333,9847.51866666667,9222.49066666667,8766.05975,8295.03483333333,7760.18616666667,7157.321,6570.44433333333,6136.34366666667,5632.31183333333,5127.88241666667,4565.00341666667,4236.21733333333,3764.88633333333,3358.22775,3069.82325,2767.79216666667,2452.64525,2112.79591666667,1813.52,1501.96966666667,1285.346,1120.97158333333,979.366416666667,869.622083333333,791.192333333333,726.045416666667,683.0215,657.608083333333,603.7995,568.65375,528.890416666667,467.341666666667,429.427333333333,381.141583333333,340.73025,291.526666666667,248.75675,212.593416666667,174.787916666667,150.755083333333,122.420916666667,94.8795,78.16075,58.5170833333333,47.45175,29.9206666666667,18.44025,13.1139166666667,9.25008333333333,5.58258333333333,5.252,4.895,2.39033333333333,2.4725,1.79816666666667,0,0,0,0,0,1
"2026-10-07 09:00:00",0,1,1,1,738.225,5,20.8916666666667,97.6833333333333,41.3916666666667,0.00000006916025,0.0000182236833333333,4.97,8976.18,8.8,736.5,1,254,0,4.37,1.6,8,8,0,1,1,20.2560833333333,30.507,22.8025,11.3035,1.96,5577.45666666667,38.9166666666667,21.5,NA,0,0,0,0,0,0,0,0,0,0,0,0,0,0,0,0,0,0,0,0,0,0,0,0,0,0,0,0,0,0,0,9430.748,8838.41483333333,8568.49925,8403.94116666667,8161.8735,8212.49975,8012.449,7959.20583333333,7811.88833333333,7869.22666666667,7644.16641666667,7514.57475,7236.93833333333,7001.00166666667,6622.86175,6113.04383333333,5726.27166666667,5162.28741666667,4750.72083333333,4456.17133333333,4063.90183333333,3634.358,3122.4695,2620.793,2236.86666666667,1914.61175,1625.27641666667,1405.35733333333,1277.84091666667,1177.20191666667,1061.79233333333,984.034583333333,906.228,847.387166666667,770.349166666667,711.370916666667,659.72275,557.636666666667,485.639583333333,441.644166666667,378.761333333333,333.83125,294.670916666667,271.877,251.805333333333,216.357333333333,189.388416666667,158.726916666667,120.275666666667,88.2700833333333,60.89225,40.6435833333333,21.8161666666667,15.1379166666667,12.4449166666667,6.98458333333333,6.26291666666667,4.64733333333333,2.90733333333333,1.66341666666667,0,0,0,0,0,1
"2026-10-07 10:00:00",0,1,1,1,738.208333333333,5,20.875,97.675,41.5833333333333,0.0000000691611666666667,0.0000182229,4.97,8976.18,8.8,736.5,1,254,0,4.37,1.6,8,8,0,1,1,19.13925,27.57325,21.2918333333333,12.4496666666667,1.88241666666667,5878.58,38.8333333333333,21.35,NA,0,0,0,0,0,0,0,0,0,0,0,0,0,0,0,0,0,0,0,0,0,0,0,0,0,0,0,0,0,0,0,11454.5285833333,10610.9641666667,10015.9088333333,9778.90175,9452.51266666667,9153.89591666667,8860.62725,8640.93325,8543.97983333333,8262.63883333333,8261.40916666667,8242.56666666667,8069.93466666667,7825.87825,7363.879,6715.82475,5969.61133333333,5142.99125,4469.03275,3959.48541666667,3448.08083333333,2968.58141666667,2557.96341666667,2189.67725,1826.36525,1574.46958333333,1364.00591666667,1193.53525,1076.47875,999.0975,900.147916666667,866.58775,779.747,749.159,652.97325,605.768583333333,544.090333333333,474.531833333333,432.607916666667,371.892166666667,328.568083333333,286.377583333333,237.658166666667,202.359166666667,160.713333333333,130.473416666667,106.04575,81.7534166666667,62.4984166666667,45.001,33.4494166666667,21.1921666666667,14.2688333333333,12.68225,6.10825,5.29683333333333,3.90016666666667,2.00166666666667,1.31033333333333,1.66458333333333,0,0,0,0,0,1
"2026-10-07 11:00:00",0,1,1,1,737.875,5,20.4583333333333,97.6666666666667,41.1416666666667,0.000000069042275,0.0000182029,4.97,8976.18,8.8,736.5,1,254,0,4.37,1.6,8,8,0,1,1,18.3796666666667,28.25425,21.3451666666667,10.1409166666667,1.94666666666667,5669.7925,38.0833333333333,21.0666666666667,NA,0,0,0,0,0,0,0,0,0,0,0,0,0,0,0,0,0,0,0,0,0,0,0,0,0,0,0,0,0,0,0,12612.4324166667,11451.3871666667,10750.9578333333,10099.566,9744.15258333333,9151.78566666667,8815.146,8383.10575,7806.67458333333,7477.07783333333,7014.60016666667,6678.0585,6337.30558333333,6029.92925,5675.91383333333,5287.9325,4879.9625,4481.47191666667,4088.67433333333,3784.79,3501.24016666667,3159.30375,2869.56766666667,2541.86933333333,2237.91725,1926.71483333333,1714.51425,1517.34616666667,1356.68375,1216.19958333333,1099.71825,977.936166666667,898.382,830.02325,735.36325,663.40725,603.398083333333,536.309916666667,466.82,412.3005,347.341416666667,285.967916666667,237.89725,194.558083333333,146.679833333333,111.177666666667,84.1205,58.83075,43.19975,30.5824166666667,20.2993333333333,14.53,11.7996666666667,8.3795,6.99033333333333,4.88308333333333,2.99216666666667,3.38891666666667,2.33008333333333,1.49783333333333,0,0,0,0,0,1
"2026-10-07 12:00:00",0,1,1,1,738.516666666667,5,21.3583333333333,97.6083333333333,39.5666666666667,0.0000000693532,0.0000182460166666667,4.97,8976.18,8.8,736.5,1,254,0,4.37,1.6,8,8,0,1,1,19.0898333333333,30.0198333333333,22.14425,9.84066666666667,1.99691666666667,6477.53083333333,37.1666666666667,21.7,NA,0,0,0,0,0,0,0,0,0,0,0,0,0,0,0,0,0,0,0,0,0,0,0,0,0,0,0,0,0,0,0,13238.1388333333,12002.3154166667,11297.0773333333,10807.99075,10554.8339166667,10122.1475833333,9581.1765,9241.25983333333,8917.95483333333,8565.01666666667,8434.30225,8091.72841666667,7758.32858333333,7410.31208333333,6947.41216666667,6337.8015,5753.564,5105.53958333333,4623.07775,4191.51008333333,3892.00641666667,3610.84583333333,3328.68816666667,2963.90975,2615.94358333333,2339.66266666667,2091.81408333333,1804.34116666667,1644.4235,1468.72925,1357.05875,1260.10591666667,1161.23975,1095.88141666667,1014.26083333333,934.874416666667,852.309833333333,778.523416666667,707.611416666667,637.396166666667,567.067166666667,487.722333333333,404.117583333333,335.132166666667,269.05175,196.5875,142.653416666667,103.681833333333,70.1738333333333,51.93325,32.6038333333333,21.3454166666667,15.8276666666667,11.1035,10.0279166666667,6.06175,5.02058333333333,4.22291666666667,3.05108333333333,2.47516666666667,0,0,0,0,0,1
"2026-10-07 13:00:00",0,1,1,1,738.341666666667,5,21.1166666666667,97.6,37.6416666666667,0.0000000692866833333333,0.00001823445,4.97,8976.18,8.8,736.5,1,254,0,4.37,1.6,8,8,0,1,1,17.9650833333333,26.5670833333333,20.4558333333333,9.647,1.88858333333333,7601.81166666667,34.3333333333333,21.5583333333333,NA,0,0,0,0,0,0,0,0,0,0,0,0,0,0,0,0,0,0,0,0,0,0,0,0,0,0,0,0,0,0,0,18638.3533333333,16025.5941666667,14586.0366666667,13502.7134166667,12648.958,11837.77175,11599.89025,11108.4045833333,10613.15975,10300.2083333333,10012.14225,9618.79366666667,9109.59958333333,8846.27516666667,8261.372,7676.18033333333,7097.4935,6319.44058333333,5708.81058333333,5067.83508333333,4420.21308333333,3895.66758333333,3318.16483333333,2840.73708333333,2391.84208333333,2068.28958333333,1742.49608333333,1507.66025,1327.27283333333,1179.84325,1052.8755,991.816333333333,961.19475,879.715083333333,809.79825,760.484333333333,690.77925,626.43025,550.351333333333,501.502666666667,449.032,384.32925,332.8185,267.96625,208.946666666667,155.302583333333,109.402583333333,73.94075,45.95875,36.9956666666667,25.9535833333333,19.698,12.7215833333333,11.5095,8.12725,6.40191666666667,4.61916666666667,4.26041666666667,2.42291666666667,1.36716666666667,0,0,0,0,0,1
"2026-10-07 14:00:00",0,1,1,1,738.4,5,21.2333333333333,97.6,34.1,0.0000000693216666666667,0.00001824005,4.97,8976.18,8.8,736.5,1,254,0,4.37,1.6,8,8,0,1,1,16.2456666666667,21.72825,17.98025,9.647,1.70566666666667,12219.2591666667,30.75,21.6833333333333,NA,0,0,0,0,0,0,0,0,0,0,0,0,0,0,0,0,0,0,0,0,0,0,0,0,0,0,0,0,0,0,0,32121.9581666667,29155.413,26546.996,24911.1400833333,23697.3336666667,22409.0684166667,21443.3806666667,20981.1059166667,20471.9571666667,19816.123,18919.4828333333,17969.8598333333,16523.9010833333,14673.1115833333,12932.19075,11040.54075,9299.05725,7667.88,6129.82033333333,4902.77083333333,3918.53758333333,3242.45091666667,2707.68566666667,2300.30516666667,1996.66366666667,1678.09375,1461.41641666667,1271.35783333333,1176.455,1121.76125,1089.714,1028.40733333333,974.58975,888.299333333333,795.236166666667,673.038916666667,573.856583333333,479.109583333333,405.17475,335.533833333333,287.141666666667,245.872666666667,194.655083333333,145.063083333333,113.88225,78.1143333333333,56.8341666666667,41.8458333333333,27.6180833333333,26.2091666666667,18.1984166666667,12.9721666666667,10.4174166666667,6.51125,5.28558333333333,3.49025,3.66425,3.50141666666667,2.0595,1.87983333333333,0,0,0,0,0,1
"2026-10-07 15:00:00",0,1,1,1,738.841666666667,5,21.7916666666667,97.6,32.2083333333333,0.00000006948905,0.0000182667416666667,4.97,8976.18,8.8,736.5,1,254,0,4.37,1.6,8,8,0,1,1,18.7109166666667,23.0450833333333,19.4950833333333,19.2344166666667,1.65583333333333,13578.6,29.3333333333333,22.0166666666667,NA,0,0,0,0,0,0,0,0,0,0,0,0,0,0,0,0,0,0,0,0,0,0,0,0,0,0,0,0,0,0,0,21511.3814166667,20738.6534166667,20622.6201666667,20836.7708333333,21054.9899166667,21548.7465833333,22494.9063333333,23918.1131666667,25611.93525,26878.74825,27775.8118333333,27661.4498333333,26866.0928333333,24480.022,21290.8889166667,17293.2071666667,13213.2898333333,9579.28908333333,6839.64416666667,4910.84383333333,3670.14558333333,2901.02625,2386.97391666667,2019.64816666667,1720.48608333333,1517.00683333333,1345.56041666667,1198.89308333333,1098.87383333333,1096.70116666667,1107.43916666667,1135.03633333333,1120.3625,1094.9195,1038.02641666667,902.078416666667,787.895666666667,670.98025,559.941,454.710583333333,349.566916666667,292.126666666667,218.92675,186.479916666667,133.48125,98.88325,71.5559166666667,53.1385,39.512,26.3330833333333,24.8435,17.5580833333333,10.5761666666667,9.834,7.95541666666667,6.3055,5.99975,3.66616666666667,2.05783333333333,2.6355,0,0,0,0,0,1
"2026-10-07 16:00:00",0,1,1,1,738.583333333333,5,21.375,97.6833333333333,31.8083333333333,0.0000000693049833333333,0.000018246825,4.97,8976.18,8.8,736.5,1,254,0,4.37,1.6,8,8,0,1,1,15.2473333333333,20.5023333333333,17.0524166666667,10.32525,1.67091666666667,13037.95,29.4166666666667,22,NA,0,0,0,0,0,0,0,0,0,0,0,0,0,0,0,0,0,0,0,0,0,0,0,0,0,0,0,0,0,0,0,37203.9088333333,34097.75975,31922.1424166667,30244.14375,28531.3923333333,26970.9165833333,25472.6526666667,23563.6003333333,21864.3815,20182.4993333333,18611.7850833333,17014.179,15460.2094166667,13796.0553333333,11934.94625,9803.43641666667,7872.20016666667,6279.94875,4984.89175,4119.36183333333,3455.71225,2935.08533333333,2517.46425,2149.7695,1861.59933333333,1605.90016666667,1417.69008333333,1251.47308333333,1096.71716666667,978.07125,892.747833333333,817.127666666667,770.11,726.768833333333,665.80775,627.23225,567.48375,512.067833333333,441.893583333333,379.206166666667,335.211166666667,278.779333333333,234.676416666667,184.46,149.89675,106.483416666667,79.5665833333333,57.9216666666667,41.2015,35.7824166666667,27.81225,23.702,15.1970833333333,12.9286666666667,8.91116666666667,7.83408333333333,4.62975,2.88616666666667,4.21258333333333,2.03275,0,0,0,0,0,1
"2026-10-07 17:00:00",0,1,1,1,738.458333333333,5,21.2,97.7,32.6416666666667,0.00000006924075,0.0000182384416666667,4.97,8976.18,8.8,736.5,1,254,0,4.37,1.6,8,8,0,1,1,14.3386666666667,19.626,16.3525833333333,9.647,1.66333333333333,17386.4833333333,30.3333333333333,21.675,NA,0,0,0,0,0,0,0,0,0,0,0,0,0,0,0,0,0,0,0,0,0,0,0,0,0,0,0,0,0,0,0,57100.333,52038.2049166667,47917.775,45002.831,41021.1224166667,37440.3626666667,34404.1486666667,30647.7436666667,27397.8769166667,24349.8616666667,21570.775,19075.1665833333,17044.6253333333,15048.3369166667,13083.3490833333,11032.8851666667,9064.78483333333,7333.46566666667,5893.90966666667,4849.7165,4161.08933333333,3679.25716666667,3291.47891666667,2935.45975,2624.04025,2308.76125,2077.0665,1830.49808333333,1601.36325,1389.54933333333,1231.1925,1057.48641666667,907.876916666667,781.104333333333,704.593916666667,629.219,554.993916666667,506.046416666667,445.138666666667,400.666083333333,372.4,327.376,282.593833333333,227.327416666667,186.325166666667,130.28975,98.6610833333333,68.4528333333333,53.4473333333333,40.7298333333333,34.40875,22.9338333333333,18.3264166666667,18.3334166666667,15.7675833333333,12.3969166666667,8.315,7.03775,4.51233333333333,4.10233333333333,0,0,0,0,0,1
"2026-10-07 18:00:00",0,1,1,1,738.241666666667,5,20.875,97.725,33.3166666666667,0.0000000691257833333333,0.0000182228916666667,4.97,8976.18,8.8,736.5,1,254,0,4.37,1.6,8,8,0,1,1,16.2086666666667,24.48625,19.029,9.90058333333333,1.84325,9074.4825,30.75,21.3833333333333,NA,0,0,0,0,0,0,0,0,0,0,0,0,0,0,0,0,0,0,0,0,0,0,0,0,0,0,0,0,0,0,0,22431.58175,21084.7818333333,20133.2375833333,19229.75125,18395.6698333333,17621.9319166667,16761.50475,15820.156,14519.5615833333,13108.7680833333,11499.176,10097.0143333333,8830.9085,8114.7255,7432.99933333333,6767.57116666667,6109.79391666667,5589.89425,5087.71891666667,4577.16566666667,4324.06391666667,4079.65166666667,3743.32075,3323.9905,2894.671,2430.57133333333,2007.41825,1702.12516666667,1441.58241666667,1237.47483333333,1143.59958333333,996.090166666667,921.6295,874.661416666667,819.813083333333,775.102083333333,681.297416666667,622.253583333333,556.12125,503.107166666667,440.10475,377.778083333333,311.54775,261.647083333333,191.367166666667,136.55225,94.6095,67.7679166666667,53.8065,37.9433333333333,30.7999166666667,21.3943333333333,16.2229166666667,13.9798333333333,10.4495833333333,8.691,6.6715,4.80283333333333,2.32633333333333,2.40741666666667,0,0,0,0,0,1
"2026-10-07 19:00:00",0,1,1,1,738.7,5,21.4333333333333,97.7833333333333,33.0666666666667,0.0000000692515333333333,0.0000182496,4.97,8976.18,8.8,736.5,1,254,0,4.37,1.6,8,8,0,1,1,17.0806666666667,24.83775,19.44,10.0110833333333,1.82383333333333,8637.88166666667,30.6666666666667,21.7166666666667,NA,0,0,0,0,0,0,0,0,0,0,0,0,0,0,0,0,0,0,0,0,0,0,0,0,0,0,0,0,0,0,0,17458.5484166667,17276.50675,16594.54325,16431.7659166667,16320.34475,15855.3136666667,15858.251,15353.7768333333,15381.03425,14834.4276666667,13890.07325,12602.478,11130.9655,9468.07825,8092.18425,6955.27108333333,6056.88025,5260.58025,4630.08783333333,4131.71158333333,3648.33958333333,3270.4265,2891.389,2556.94933333333,2280.33258333333,1992.16291666667,1728.34358333333,1571.55358333333,1397.27908333333,1236.12991666667,1128.15033333333,1024.46783333333,954.726916666667,881.092916666667,841.895583333333,807.933083333333,731.318083333333,676.83425,611.265916666667,536.55125,457.902333333333,373.870833333333,307.212916666667,238.40275,186.274083333333,136.919833333333,95.063,67.6406666666667,52.8850833333333,38.50225,27.85525,21.1396666666667,15.4308333333333,13.03125,9.91833333333333,7.639,4.75691666666667,3.52925,2.03641666666667,2.278,0,0,0,0,0,1
"2026-10-07 20:00:00",0,1,1,1,738.408333333333,5,21.05,97.8,33.8,0.00000006912505,0.0000182312416666667,4.97,8976.18,8.8,736.5,1,254,0,4.37,1.6,8,8,0,1,1,20.0695,28.5779166666667,22.31825,19.5,1.85858333333333,9216.22083333333,31.75,21.5083333333333,NA,0,0,0,0,0,0,0,0,0,0,0,0,0,0,0,0,0,0,0,0,0,0,0,0,0,0,0,0,0,0,0,11564.55425,12270.12,12292.4153333333,12912.705,13222.8678333333,13734.9019166667,14510.3708333333,15004.9915,15742.7009166667,16211.4651666667,16016.788,15895.5905,14767.2680833333,13274.7184166667,11990.7455,10250.0688333333,8898.07066666667,7735.20758333333,6687.742,5824.2605,5197.93925,4618.43075,4056.61458333333,3642.8385,3233.56208333333,2854.4825,2574.21866666667,2250.50891666667,2021.29733333333,1802.27216666667,1600.71741666667,1449.241,1298.32591666667,1226.44775,1130.97425,1044.94375,987.75025,871.46775,798.899333333333,700.527666666667,597.50975,498.302166666667,411.373833333333,325.977666666667,240.15625,179.163583333333,138.66,90.497,69.3979166666667,50.3640833333333,40.01925,29.9573333333333,20.5636666666667,17.1196666666667,12.8935833333333,8.846,8.44525,4.80141666666667,3.63566666666667,2.26158333333333,0,0,0,0,0,1
"2026-10-07 21:00:00",0,1,1,1,738.166666666667,5,20.6416666666667,97.8583333333333,34.275,0.0000000689618583333333,0.0000182117,4.97,8976.18,8.8,736.5,1,254,0,4.37,1.6,8,8,0,1,1,20.67875,32.21675,23.4679166666667,19.9074166666667,1.98183333333333,6918.8825,32,21.1166666666667,NA,0,0,0,0,0,0,0,0,0,0,0,0,0,0,0,0,0,0,0,0,0,0,0,0,0,0,0,0,0,0,0,9030.10525,8934.0655,8785.83475,9121.96475,9458.63175,9803.90766666667,10090.69925,10413.164,10901.0903333333,11127.6375833333,11490.8614166667,11449.02225,11162.24325,10449.98725,9543.12933333333,8297.66383333333,7059.756,6052.79783333333,5171.27458333333,4447.15616666667,3870.78166666667,3487.53725,3057.02041666667,2715.49125,2367.92708333333,2107.80225,1874.74683333333,1708.10975,1542.22291666667,1403.75758333333,1335.36308333333,1226.77341666667,1176.47033333333,1122.86291666667,1088.8245,1041.35125,994.979916666667,941.895083333333,843.718833333333,773.645166666667,683.570083333333,597.7995,511.050833333333,416.39175,346.461916666667,273.506916666667,219.563333333333,189.179916666667,142.225166666667,114.522333333333,101.940083333333,75.5774166666667,57.17075,58.4351666666667,43.3390833333333,31.79,26.7995,18.72525,13.574,10.3070833333333,0,0,0,0,0,1
"2026-10-07 22:00:00",0,1,1,1,738.266666666667,5,20.7416666666667,97.9,34.35,0.0000000689623666666667,0.000018216475,4.97,8976.18,8.8,736.5,1,254,0,4.37,1.6,8,8,0,1,1,20.6626666666667,35.7935833333333,24.3486666666667,17.83825,2.11991666666667,3924.15083333333,31.9166666666667,21.0083333333333,NA,0,0,0,0,0,0,0,0,0,0,0,0,0,0,0,0,0,0,0,0,0,0,0,0,0,0,0,0,0,0,0,5720.29033333333,5485.76858333333,5410.01091666667,5380.33,5383.58816666667,5471.50866666667,5709.92825,5857.53291666667,6054.46075,6075.63416666667,6135.87566666667,5969.66458333333,5790.44575,5336.137,4836.86283333333,4221.09891666667,3694.35716666667,3151.01775,2743.109,2429.91375,2130.48833333333,1871.46775,1661.91575,1472.34508333333,1267.67433333333,1160.78675,1064.64383333333,968.559916666667,898.81925,858.798166666667,830.143333333333,811.583833333333,783.617916666667,759.411916666667,763.3745,752.5725,727.858833333333,708.554833333333,673.849916666667,662.410333333333,604.307833333333,552.12,471.779333333333,402.019833333333,353.50825,287.21275,234.7395,197.800833333333,158.612416666667,137.858166666667,110.189,84.3958333333333,66.53025,59.7155833333333,51.1518333333333,36.8478333333333,28.8515833333333,20.547,17.3819166666667,10.8565833333333,0,0,0,0,0,1
"2026-10-07 23:00:00",0,1,1,1,738.466666666667,5,21,97.9,33.3416666666667,0.0000000690395333333333,0.0000182288666666667,4.97,8976.18,8.8,736.5,1,254,0,4.37,1.6,8,8,0,1,1,20.8211666666667,32.2900833333333,23.3995,15.6370833333333,2.0055,5621.34,31.1666666666667,21.425,NA,0,0,0,0,0,0,0,0,0,0,0,0,0,0,0,0,0,0,0,0,0,0,0,0,0,0,0,0,0,0,0,8709.51308333333,8411.00333333333,8084.0895,7836.64783333333,7917.13758333333,7837.31141666667,7828.73108333333,7754.86383333333,7718.32766666667,7839.78391666667,7830.66775,7888.20225,7920.02808333333,7720.71308333333,7332.98066666667,6924.72716666667,6354.37475,5697.32033333333,5013.52575,4366.43675,3751.0095,3206.96833333333,2748.2355,2339.82883333333,1987.47225,1734.51175,1567.62366666667,1329.15033333333,1207.87858333333,1095.273,1040.80191666667,951.981666666667,903.917916666667,877.944583333333,830.249333333333,836.978833333333,783.828666666667,739.802916666667,719.585083333333,666.03725,597.661416666667,536.568333333333,449.94825,379.026166666667,334.065833333333,258.094666666667,224.328916666667,163.935083333333,141.11725,116.83425,87.5201666666667,68.1239166666667,58.0235,47.12375,30.543,26.7398333333333,21.6734166666667,16.0465,12.81625,7.17983333333333,0,0,0,0,0,1
"2026-10-08",0,1,1,1,738.108333333333,5,20.5416666666667,97.9,33.6666666666667,0.000000068902625,0.0000182069,4.97,8976.18,8.8,736.5,1,254,0,4.37,1.6,8,8,0,1,1,21.62775,32.2021666666667,23.8535833333333,17.1991666666667,1.96758333333333,4405.29666666667,31,20.9916666666667,NA,0,0,0,0,0,0,0,0,0,0,0,0,0,0,0,0,0,0,0,0,0,0,0,0,0,0,0,0,0,0,0,5860.96608333333,5797.45666666667,5592.45216666667,5794.72425,5972.342,5981.01916666667,5871.54658333333,6026.4905,6169.10516666667,6283.22608333333,6334.77358333333,6340.666,6390.13108333333,6301.13841666667,6065.44358333333,5826.186,5402.68825,4916.8635,4374.71616666667,3813.75466666667,3271.33008333333,2806.89458333333,2342.257,1942.1565,1634.92191666667,1383.00583333333,1178.42466666667,1004.85933333333,901.67825,789.849666666667,725.21275,682.656,630.996166666667,608.499666666667,571.949416666667,582.786166666667,566.316833333333,557.798833333333,534.205,503.33975,459.77025,400.945333333333,332.321666666667,289.596666666667,226.086333333333,199.076916666667,158.692916666667,130.975,102.776833333333,86.02125,61.5860833333333,51.2293333333333,34.91575,28.7970833333333,23.2310833333333,18.1498333333333,12.19725,7.61925,6.4895,4.21475,0,0,0,0,0,1
"2026-10-08 01:00:00",0,1,1,1,738.091666666667,5,20.4083333333333,97.9833333333333,33.5,0.0000000688042083333333,0.0000182005,4.97,8976.18,8.8,736.5,1,254,0,4.37,1.6,8,8,0,1,1,18.77425,32.923,22.75825,10.0156666666667,2.11475,2742.36333333333,31,20.8083333333333,NA,0,0,0,0,0,0,0,0,0,0,0,0,0,0,0,0,0,0,0,0,0,0,0,0,0,0,0,0,0,0,0,5561.36416666667,5151.02166666667,5041.01325,4688.62933333333,4640.14958333333,4287.75541666667,4137.46058333333,3974.76941666667,3711.98916666667,3503.73608333333,3331.966,3131.42175,2949.38358333333,2798.11133333333,2599.6635,2459.86525,2342.99216666667,2144.02016666667,2001.39591666667,1816.85466666667,1661.7005,1477.15616666667,1311.37666666667,1166.14016666667,1049.56758333333,938.880666666667,848.762,763.3675,703.210333333333,665.794666666667,624.62575,582.513166666667,547.931833333333,521.34275,470.26625,466.065,466.26425,433.300166666667,416.651,404.61225,361.901916666667,309.753583333333,251.611333333333,218.178583333333,170.908666666667,135.403666666667,118.825083333333,94.0941666666667,75.5585,60.8485,45.2281666666667,35.673,26.0784166666667,17.1123333333333,13.1625833333333,8.46316666666667,8.39933333333333,4.56983333333333,4.2685,2.54466666666667,0,0,0,0,0,1
"2026-10-08 02:00:00",0,1,1,1,738.5,5,20.9583333333333,98,32.3416666666667,0.00000006895665,0.0000182268583333333,4.97,8976.18,8.8,736.5,1,254,0,4.37,1.6,8,8,0,1,1,18.4254166666667,27.47275,20.8971666666667,9.82675,1.8915,4677.67166666667,29.6666666666667,21.25,NA,0,0,0,0,0,0,0,0,0,0,0,0,0,0,0,0,0,0,0,0,0,0,0,0,0,0,0,0,0,0,0,8901.73325,8505.45383333333,8155.27891666667,8049.55183333333,7949.33208333333,7604.60666666667,7691.71775,7433.07108333333,7254.28825,7017.24333333333,6879.15091666667,6530.52,6282.99158333333,5995.26608333333,5583.62916666667,5156.68966666667,4554.6745,3962.40633333333,3393.65416666667,2846.293,2384.66675,2043.80708333333,1775.55916666667,1522.39183333333,1275.43233333333,1126.25525,975.577333333333,863.088083333333,773.839416666667,701.12025,647.852666666667,589.591666666667,546.3765,508.93925,488.49925,458.329166666667,444.863833333333,418.727916666667,386.743666666667,364.76375,329.325166666667,275.973833333333,218.39475,178.098083333333,144.466166666667,113.873833333333,87.91825,70.64825,56.2679166666667,46.2024166666667,33.3545,23.27025,19.5500833333333,13.6591666666667,10.9421666666667,7.24166666666667,5.44841666666667,3.6525,2.03591666666667,1.17875,0,0,0,0,0,1
"2026-10-08 03:00:00",0,1,1,1,738.05,5,20.275,98.05,32.8583333333333,0.0000000687176833333333,0.0000181941,4.97,8976.18,8.8,736.5,1,254,0,4.37,1.6,8,8,0,1,1,18.3263333333333,27.0555833333333,20.839,9.83133333333333,1.88491666666667,4074.92583333333,30.75,20.775,NA,0,0,0,0,0,0,0,0,0,0,0,0,0,0,0,0,0,0,0,0,0,0,0,0,0,0,0,0,0,0,0,8354.78875,7681.48591666667,7324.54616666667,7057.4425,6959.76258333333,6707.56425,6564.132,6232.925,5996.61708333333,5726.28116666667,5402.85541666667,5087.48783333333,4960.155,4766.77366666667,4615.94941666667,4425.12725,4051.37516666667,3631.86725,3162.2835,2742.66208333333,2376.99566666667,2111.09758333333,1835.63033333333,1581.65225,1336.37416666667,1132.71733333333,954.978166666667,837.192083333333,729.42125,671.30625,577.691166666667,533.267,470.665666666667,441.373666666667,415.720583333333,373.926166666667,363.3095,343.8835,319.883,284.330166666667,264.340083333333,226.146833333333,178.788083333333,133.202166666667,107.147166666667,81.3288333333333,66.2403333333333,44.6435833333333,38.1015,32.8085,23.9645833333333,18.8935,11.29675,7.57283333333333,7.75483333333333,3.82233333333333,2.17125,2.15158333333333,2.14258333333333,1.6485,0,0,0,0,0,1
"2026-10-08 04:00:00",0,1,1,1,738.108333333333,5,20.3416666666667,98.1,33.1666666666667,0.0000000687025166666667,0.0000181973,4.97,8976.18,8.8,736.5,1,254,0,4.37,1.6,8,8,0,1,1,18.1015,25.945,20.339,9.88666666666667,1.85083333333333,4819.16666666667,30.8333333333333,20.7333333333333,NA,0,0,0,0,0,0,0,0,0,0,0,0,0,0,0,0,0,0,0,0,0,0,0,0,0,0,0,0,0,0,0,10635.0983333333,10150.3909166667,9208.28983333333,8490.24083333333,8146.61216666667,7661.80633333333,7512.33766666667,7065.55291666667,6869.77091666667,6649.35641666667,6447.16516666667,6281.5595,6030.83425,5732.39033333333,5482.49616666667,5094.04908333333,4623.84625,4110.2295,3654.62366666667,3171.53458333333,2849.34058333333,2552.84358333333,2238.74716666667,1952.76375,1619.43125,1366.75258333333,1086.46325,901.9805,773.2895,660.812833333333,564.851,504.259833333333,469.404,413.297583333333,382.99,365.069666666667,345.475166666667,322.800083333333,303.850416666667,281.67975,255.161583333333,230.25325,188.557916666667,143.341416666667,107.888166666667,84.9458333333333,58.7511666666667,43.5953333333333,35.7035,27.2744166666667,19.0268333333333,12.7971666666667,8.398,7.70058333333333,4.13158333333333,4.64816666666667,2.81241666666667,1.39958333333333,1.30725,1.33225,0,0,0,0,0,1
"2026-10-08 05:00:00",0,1,1,1,738.408333333333,5,20.675,98.1583333333333,32.3833333333333,0.000000068760975,0.0000182132833333333,4.97,8976.18,8.8,736.5,1,254,0,4.37,1.6,8,8,0,1,1,16.59925,24.4653333333333,19.205,9.70691666666667,1.833,5717.675,29.5,20.9083333333333,NA,0,0,0,0,0,0,0,0,0,0,0,0,0,0,0,0,0,0,0,0,0,0,0,0,0,0,0,0,0,0,0,14420.2578333333,13365.8589166667,12121.9984166667,11598.7623333333,10705.66475,10335.0604166667,9877.47133333333,9321.31116666667,8738.83683333333,7987.19358333333,7482.49958333333,6872.74275,6388.03008333333,5952.238,5469.16316666667,4857.36766666667,4359.00733333333,3921.94516666667,3443.65033333333,3160.92841666667,2875.24858333333,2594.90858333333,2299.60716666667,2003.50758333333,1752.67441666667,1481.4045,1243.32025,1034.93116666667,884.623083333333,767.101333333333,648.675666666667,575.566666666667,533.66675,467.985833333333,424.457416666667,394.4335,369.154333333333,338.233166666667,313.91675,290.20075,278.511666666667,236.4305,195.1415,149.998833333333,116.86175,88.2664166666667,55.60875,42.0455,32.4891666666667,23.0234166666667,22.0125833333333,13.80775,9.675,8.49708333333333,6.75125,3.417,3.68466666666667,2.533,2.04216666666667,1.18325,0,0,0,0,0,1
"2026-10-08 06:00:00",0,1,1,1,738.366666666667,5,20.5666666666667,98.2,31.125,0.0000000686995666666667,0.0000182081,4.97,8976.18,8.8,736.5,1,254,0,4.37,1.6,8,8,0,1,1,16.6439166666667,23.804,18.9530833333333,9.647,1.79933333333333,9005.3775,28.6666666666667,21.05,NA,0,0,0,0,0,0,0,0,0,0,0,0,0,0,0,0,0,0,0,0,0,0,0,0,0,0,0,0,0,0,0,22256.3518333333,20377.89275,19307.3985,17956.7185833333,17039.0266666667,15870.8935,15340.6775,14550.6028333333,13941.1765,13255.5106666667,12659.976,11840.2133333333,10969.1475,10066.1040833333,9122.575,8118.41175,7043.99075,6100.42241666667,5284.34216666667,4609.16208333333,4142.19616666667,3654.32891666667,3257.822,2853.40491666667,2419.71575,2080.53608333333,1772.56266666667,1546.63633333333,1331.42908333333,1140.47216666667,1019.32966666667,905.429583333333,822.2765,731.029083333333,657.380166666667,606.337833333333,525.317916666667,472.07375,437.20225,390.2665,353.580583333333,311.33975,248.462333333333,199.107666666667,151.1865,115.28575,81.8411666666667,59.3535833333333,43.19075,37.31225,22.9315833333333,23.6195833333333,11.4760833333333,10.868,8.77891666666667,7.2445,3.95391666666667,2.39375,2.331,1.64225,0,0,0,0,0,1
"2026-10-08 07:00:00",0,1,1,1,738.233333333333,5,20.3166666666667,98.275,32.6333333333333,0.0000000685727666666667,0.0000181961,4.97,8976.18,8.8,736.5,1,254,0,4.37,1.6,8,8,0,1,1,17.3925,25.2131666666667,19.7784166666667,9.70691666666667,1.839,8571.665,30.6666666666667,20.7166666666667,NA,0,0,0,0,0,0,0,0,0,0,0,0,0,0,0,0,0,0,0,0,0,0,0,0,0,0,0,0,0,0,0,19353.1575,18101.216,17088.2861666667,16390.2,15526.1250833333,14554.4636666667,13766.2063333333,13473.2253333333,12742.1459166667,12365.7878333333,11849.0930833333,11447.93875,10805.7789166667,10066.2993333333,9241.11891666667,8278.5505,7416.19566666667,6524.857,5642.56516666667,4914.67166666667,4318.06283333333,3762.93233333333,3266.5565,2859.34091666667,2470.46608333333,2119.93383333333,1838.76291666667,1648.97058333333,1464.77066666667,1314.16991666667,1183.28216666667,1079.35708333333,978.59375,876.6335,796.6595,699.876583333333,635.23375,585.430333333333,521.529583333333,464.82275,396.987,337.721916666667,274.83275,217.554416666667,161.9825,114.003,83.9325,68.0959166666667,53.24525,40.1768333333333,29.1459166666667,19.6544166666667,16.8350833333333,14.6569166666667,9.50083333333333,8.16608333333333,4.48558333333333,3.53816666666667,3.05608333333333,2.38683333333333,0,0,0,0,0,1
"2026-10-08 08:00:00",0,1,1,1,738.35,5,20.4416666666667,98.3,32.9,0.0000000685924916666667,0.0000182021,4.97,8976.18,8.8,736.5,1,254,0,4.37,1.6,8,8,0,1,1,17.2955833333333,25.3534166666667,19.7568333333333,9.647,1.85025,7934.44166666667,30.6666666666667,20.75,NA,0,0,0,0,0,0,0,0,0,0,0,0,0,0,0,0,0,0,0,0,0,0,0,0,0,0,0,0,0,0,0,21360.9373333333,17878.7401666667,16013.6041666667,14950.3133333333,13909.8686666667,13368.7724166667,12455.71,12228.0431666667,11957.15475,11461.2414166667,10863.1660833333,10148.67775,9641.91075,8856.00758333333,8064.32575,7146.05266666667,6313.81325,5589.81541666667,4982.80075,4372.8015,3892.22016666667,3433.57141666667,3011.11425,2570.88358333333,2312.31266666667,2023.81091666667,1787.85983333333,1625.3125,1440.69341666667,1299.59816666667,1154.6505,1041.99275,924.92875,824.474833333333,720.803083333333,630.043583333333,537.504583333333,488.214416666667,437.667833333333,396.20875,349.348083333333,286.505666666667,249.73925,204.130416666667,156.640916666667,129.696833333333,102.770583333333,85.0475,57.3778333333333,41.1864166666667,27.1084166666667,26.0079166666667,18.4955,12.8076666666667,11.4636666666667,6.70266666666667,7.42183333333333,6.46816666666667,4.07141666666667,1.44266666666667,0,0,0,0,0,1
"2026-10-08 09:00:00",0,1,1,1,739.033333333333,5,21.3333333333333,98.325,32.7833333333333,0.0000000688403083333333,0.0000182448333333333,4.97,8976.18,8.8,736.5,1,254,0,4.37,1.6,8,8,0,1,1,18.3055833333333,28.7684166666667,21.4370833333333,9.647,1.98958333333333,7783.42916666667,30.6666666666667,21.5416666666667,NA,0,0,0,0,0,0,0,0,0,0,0,0,0,0,0,0,0,0,0,0,0,0,0,0,0,0,0,0,0,0,0,19571.7950833333,16615.3180833333,14968.9445833333,13164.6898333333,12144.8521666667,11566.5880833333,11128.22825,10872.8243333333,10595.9134166667,10197.9739166667,9988.41875,9569.9405,9045.21541666667,8422.62016666667,7797.3145,7065.83566666667,6304.66125,5582.04608333333,5018.80966666667,4541.72141666667,4033.431,3770.41466666667,3478.81308333333,3213.75983333333,2940.99008333333,2803.79091666667,2618.07325,2483.02475,2336.43416666667,2232.09583333333,2088.67608333333,1962.09108333333,1764.29016666667,1576.86141666667,1402.51658333333,1177.7995,1004.31533333333,851.745166666667,702.77925,567.08525,462.768833333333,376.072166666667,283.574166666667,213.111,154.226666666667,106.314416666667,81.8466666666667,57.1415833333333,41.3311666666667,30.94225,24.1060833333333,16.4255,14.73,9.79741666666667,8.15791666666667,5.5355,3.818,4.22633333333333,1.89025,1.00283333333333,0,0,0,0,0,1
"2026-10-08 10:00:00",0,1,1,1,738.966666666667,5,21.1666666666667,98.4,33.0416666666667,0.0000000687382583333333,0.00001823685,4.97,8976.18,8.8,736.5,1,254,0,4.37,1.6,8,8,0,1,1,16.1264166666667,24.73475,18.95025,9.70691666666667,1.87891666666667,9274.585,30.5,21.5583333333333,NA,0,0,0,0,0,0,0,0,0,0,0,0,0,0,0,0,0,0,0,0,0,0,0,0,0,0,0,0,0,0,0,30572.5244166667,24445.8770833333,20644.4830833333,17885.5013333333,16778.5645833333,15727.5253333333,15046.918,14056.7735,13040.4128333333,12074.6019166667,11408.9821666667,10958.5281666667,10246.9749166667,9545.87233333333,8596.61125,7525.92216666667,6509.67866666667,5646.81341666667,4859.64633333333,4365.59008333333,3841.805,3541.13283333333,3212.53741666667,2853.08966666667,2611.41966666667,2329.068,2064.00383333333,1830.23616666667,1668.5765,1503.76025,1367.87833333333,1230.318,1093.49358333333,983.341666666667,884.615416666667,810.733916666667,737.511416666667,679.397916666667,622.236,596.633833333333,546.57125,468.166083333333,386.960083333333,309.987333333333,226.16775,152.929583333333,99.8395833333333,62.7579166666667,39.1895,30.732,18.0063333333333,13.9519166666667,6.92233333333333,8.2375,5.45733333333333,4.35591666666667,3.13108333333333,1.6875,1.30716666666667,0.84525,0,0,0,0,0,1
"2026-10-08 11:00:00",0,1,1,1,739,5,21.225,98.4,33.65,0.0000000687556,0.00001823965,4.97,8976.18,8.8,736.5,1,254,0,4.37,1.6,8,8,0,1,1,17.1745,26.76275,19.94225,9.70691666666667,1.91316666666667,6184.29166666667,31.6666666666667,21.675,NA,0,0,0,0,0,0,0,0,0,0,0,0,0,0,0,0,0,0,0,0,0,0,0,0,0,0,0,0,0,0,0,14412.291,13333.7405833333,12543.964,11934.2815833333,11372.1775,10767.9524166667,10200.0156666667,9839.35375,9388.31541666667,8831.96483333333,8339.97733333333,8002.82958333333,7546.48916666667,7023.0905,6343.87325,5768.19975,5049.95941666667,4497.78791666667,3948.72966666667,3504.96308333333,3033.38441666667,2631.65375,2264.11166666667,1901.8515,1605.04433333333,1356.3595,1128.38791666667,959.549166666667,812.918666666667,728.043166666667,635.046,584.480333333333,538.530166666667,511.537583333333,513.40175,524.840333333333,539.569666666667,574.3345,590.486833333333,596.476416666667,599.340916666667,578.677,497.060333333333,419.912333333333,353.851916666667,258.375666666667,187.357083333333,119.3935,72.3511666666667,49.38925,31.1905,15.572,9.13541666666667,8.48633333333333,6.22991666666667,4.73658333333333,2.04191666666667,1.8255,1.59925,0.835,0,0,0,0,0,1
"2026-10-08 12:00:00",0,1,1,1,739.5,5,21.925,98.35,33.4666666666667,0.0000000689988583333333,0.0000182731083333333,4.97,8976.18,8.8,736.5,1,254,0,4.37,1.6,8,8,0,1,1,16.2834166666667,24.46025,18.8261666666667,10.025,1.83775,7080.40666666667,31.25,22.2416666666667,NA,0,0,0,0,0,0,0,0,0,0,0,0,0,0,0,0,0,0,0,0,0,0,0,0,0,0,0,0,0,0,0,18675.2009166667,16638.0105833333,14853.308,14226.5971666667,13701.7541666667,13458.0365,13078.7870833333,12723.9143333333,11927.7580833333,10942.9121666667,9791.33391666667,8758.71058333333,7928.90666666667,7054.44316666667,6382.83866666667,5663.46275,5010.65308333333,4409.25233333333,3906.97916666667,3367.69816666667,2928.08516666667,2484.99208333333,2127.03808333333,1786.02891666667,1494.90708333333,1252.42108333333,1046.01991666667,881.656416666667,808.617916666667,724.4875,689.788666666667,672.459916666667,668.659333333333,648.823083333333,627.10625,622.202916666667,581.202083333333,561.117083333333,536.802166666667,505.654416666667,485.64225,432.964,382.46475,318.480666666667,255.630083333333,189.856666666667,130.540833333333,83.4875,49.1641666666667,30.7835833333333,19.13175,12.9716666666667,10.80275,6.6775,4.082,3.94966666666667,2.31233333333333,2.39733333333333,2.33216666666667,0.731666666666667,0,0,0,0,0,1
"2026-10-08 13:00:00",0,1,1,1,739.208333333333,5,21.5583333333333,98.3333333333333,33.3833333333333,0.0000000689014,0.000018255575,4.97,8976.18,8.8,736.5,1,254,0,4.37,1.6,8,8,0,1,1,13.6023333333333,21.326,16.4926666666667,9.70691666666667,1.80108333333333,7473.2475,31,22.1083333333333,NA,0,0,0,0,0,0,0,0,0,0,0,0,0,0,0,0,0,0,0,0,0,0,0,0,0,0,0,0,0,0,0,29784.8824166667,26242.93225,23320.8071666667,20046.5935,17237.93625,14867.0179166667,12748.1321666667,11267.4053333333,9843.48058333333,8568.08991666667,7632.64633333333,6765.00375,5834.02966666667,5115.00808333333,4476.48491666667,3871.758,3379.08225,2957.81841666667,2636.95325,2376.18583333333,2143.1425,1882.85591666667,1596.4305,1365.09366666667,1149.113,979.833916666667,852.3775,741.956333333333,693.539083333333,697.663333333333,707.886666666667,738.255333333333,777.215833333333,760.313583333333,750.70975,729.262083333333,646.003833333333,565.85975,486.6725,404.643416666667,344.694083333333,291.9565,235.753083333333,189.997666666667,133.599,89.2406666666667,67.157,43.9939166666667,31.4090833333333,18.5976666666667,15.4594166666667,10.9091666666667,8.55141666666667,5.82841666666667,4.72641666666667,3.63916666666667,2.8645,2.11316666666667,1.3075,1.00516666666667,0,0,0,0,0,1
"2026-10-08 14:00:00",0,1,1,1,739.125,5,21.4666666666667,98.3166666666667,33.4666666666667,0.0000000688857916666667,0.0000182512083333333,4.97,8976.18,8.8,736.5,1,254,0,4.37,1.6,8,8,0,1,1,13.70125,18.961,15.6214166666667,11.0490833333333,1.64591666666667,12360.8041666667,30.9166666666667,21.9583333333333,NA,0,0,0,0,0,0,0,0,0,0,0,0,0,0,0,0,0,0,0,0,0,0,0,0,0,0,0,0,0,0,0,36920.8181666667,37938.9013333333,38087.4241666667,37882.30575,36468.2821666667,33974.8975,30560.8121666667,25898.85225,20882.8181666667,16319.2908333333,12503.8921666667,9873.16616666667,7807.98066666667,6354.93325,5238.07383333333,4394.97466666667,3703.61275,3069.73325,2708.56391666667,2500.69858333333,2344.90041666667,2181.41783333333,1977.72966666667,1704.12175,1462.09025,1224.74716666667,1057.64133333333,921.614416666667,832.826666666667,788.033833333333,739.615833333333,715.672666666667,707.753416666667,687.564,675.06075,621.057833333333,579.516416666667,534.847666666667,473.351833333333,430.84675,381.9815,337.631416666667,285.4465,214.741416666667,166.0325,115.08875,82.011,60.3780833333333,41.2031666666667,30.3760833333333,21.5099166666667,15.95325,12.0558333333333,8.884,5.42391666666667,5.32966666666667,4.36058333333333,2.53183333333333,1.89258333333333,2.23733333333333,0,0,0,0,0,1
"2026-10-08 15:00:00",0,1,1,1,739.116666666667,5,21.4833333333333,98.3,32.9,0.0000000689024166666667,0.0000182520083333333,4.97,8976.18,8.8,736.5,1,254,0,4.37,1.6,8,8,0,1,1,14.4756666666667,20.4365833333333,16.4081666666667,12.1683333333333,1.70125,11847.0583333333,30.4166666666667,21.925,NA,0,0,0,0,0,0,0,0,0,0,0,0,0,0,0,0,0,0,0,0,0,0,0,0,0,0,0,0,0,0,0,30381.91125,30203.40375,30801.7534166667,31395.7394166667,31812.6918333333,31079.66275,30351.42225,27947.2783333333,24475.6293333333,20439.3429166667,15991.05925,12002.17075,8639.52491666667,6311.48116666667,4857.8485,3930.394,3319.04941666667,2881.99908333333,2627.87433333333,2475.63491666667,2366.21341666667,2256.61133333333,2106.11991666667,1924.09508333333,1677.821,1486.11658333333,1323.151,1216.77916666667,1141.63366666667,1080.544,1053.98725,1022.67591666667,957.703916666667,912.546,871.12175,816.731833333333,737.404333333333,682.238,617.697166666667,568.618,504.638833333333,431.44575,358.641416666667,290.824833333333,210.983333333333,156.796833333333,116.340666666667,82.3634166666667,51.0310833333333,42.369,30.7153333333333,22.7694166666667,17.53075,13.0459166666667,7.78683333333333,7.24266666666667,6.73033333333333,4.033,2.61383333333333,2.00758333333333,0,0,0,0,0,1
"2026-10-08 16:00:00",0,1,1,1,739.483333333333,5,22.0083333333333,98.2666666666667,31.1083333333333,0.000000069082175,0.0000182771,4.97,8976.18,8.8,736.5,1,254,0,4.37,1.6,8,8,0,1,1,13.5501666666667,22.07,16.6425,9.647,1.84775,7959.74083333333,28.1666666666667,22.35,NA,0,0,0,0,0,0,0,0,0,0,0,0,0,0,0,0,0,0,0,0,0,0,0,0,0,0,0,0,0,0,0,33612.1456666667,28217.7540833333,23728.8138333333,21069.2029166667,18079.9856666667,16045.1046666667,14294.27575,12510.013,10770.819,9219.9725,7756.29866666667,6582.405,5559.6345,4741.24333333333,4074.74691666667,3606.1675,3197.1965,2913.23275,2622.55766666667,2419.21666666667,2197.838,2030.35283333333,1776.97908333333,1600.13425,1423.19483333333,1257.40216666667,1184.46808333333,1076.71425,996.550666666667,954.30275,931.2545,861.240583333333,855.427833333333,817.894833333333,766.16575,698.166166666667,668.468416666667,616.094833333333,548.6155,490.710666666667,428.670916666667,369.542416666667,284.250833333333,219.857916666667,160.709583333333,124.448916666667,86.2434166666667,66.0515,46.3365,36.3194166666667,30.8420833333333,22.0445833333333,16.8344166666667,12.8996666666667,10.7821666666667,6.76816666666667,5.44133333333333,5.20358333333333,3.63425,2.38225,0,0,0,0,0,1
"2026-10-08 17:00:00",0,1,1,1,739,5,21.45,98.2,31.7583333333333,0.0000000689626583333333,0.0000182503916666667,4.97,8976.18,8.8,736.5,1,254,0,4.37,1.6,8,8,0,1,1,14.4931666666667,23.3498333333333,17.5631666666667,10.23325,1.85291666666667,10586.0358333333,29.9166666666667,22.0333333333333,NA,0,0,0,0,0,0,0,0,0,0,0,0,0,0,0,0,0,0,0,0,0,0,0,0,0,0,0,0,0,0,0,35775.76375,32308.00925,29072.7865,25990.4405,23784.8815,22544.2105833333,21239.9166666667,19613.2825833333,17331.5374166667,14867.9980833333,12225.2735833333,10077.2505,8485.38233333333,7241.0765,6115.13525,5293.81908333333,4671.79241666667,4077.28175,3560.70516666667,3155.50383333333,2840.90508333333,2550.39291666667,2262.52033333333,2049.47991666667,1866.51891666667,1678.649,1557.99166666667,1479.14266666667,1356.64225,1315.11141666667,1255.22083333333,1213.20808333333,1150.41991666667,1099.04008333333,1042.86508333333,948.008166666667,875.932416666667,788.994416666667,733.15075,661.998583333333,579.8695,476.741166666667,380.813083333333,285.256166666667,217.1995,167.59275,114.175416666667,96.0858333333333,73.4590833333333,50.6061666666667,40.00275,30.7536666666667,22.8828333333333,16.3676666666667,12.3540833333333,10.9280833333333,8.17925,5.07833333333333,3.49741666666667,3.02083333333333,0,0,0,0,0,1
"2026-10-08 18:00:00",0,1,1,1,738.991666666667,5,21.425,98.2,33.4083333333333,0.0000000689552,0.0000182492166666667,4.97,8976.18,8.8,736.5,1,254,0,4.37,1.6,8,8,0,1,1,17.3684166666667,34.5665833333333,22.8691666666667,9.89125,2.23066666666667,6415.74166666667,31.3333333333333,21.85,NA,0,0,0,0,0,0,0,0,0,0,0,0,0,0,0,0,0,0,0,0,0,0,0,0,0,0,0,0,0,0,0,14993.0011666667,14312.9169166667,13816.3965833333,13103.9340833333,12561.30075,11588.0175,10739.7031666667,9655.4415,8639.938,7505.42158333333,6646.36458333333,5842.38891666667,5146.582,4665.34883333333,4197.9245,3809.1275,3519.70658333333,3186.1445,2911.70691666667,2723.4055,2532.35891666667,2428.27808333333,2292.68983333333,2256.18091666667,2223.97491666667,2200.42941666667,2253.68375,2241.414,2298.02233333333,2271.92075,2254.01541666667,2252.50816666667,2156.95575,2035.4685,1980.68816666667,1845.29941666667,1669.997,1537.66725,1358.3275,1167.7665,982.26525,797.296,654.860333333333,513.944166666667,399.055583333333,297.302333333333,223.389333333333,175.119583333333,123.029666666667,94.74725,62.50725,48.22225,33.3660833333333,26.3635,15.8684166666667,12.94475,8.81308333333333,6.06291666666667,3.6445,2.50983333333333,0,0,0,0,0,1
"2026-10-08 19:00:00",0,1,1,1,738.966666666667,5,21.45,98.1166666666667,33.8916666666667,0.00000006902125,0.0000182504166666667,4.97,8976.18,8.8,736.5,1,254,0,4.37,1.6,8,8,0,1,1,14.4754166666667,20.8111666666667,16.5983333333333,11.1374166666667,1.7265,10504.3075,32,21.8583333333333,NA,0,0,0,0,0,0,0,0,0,0,0,0,0,0,0,0,0,0,0,0,0,0,0,0,0,0,0,0,0,0,0,27612.7701666667,27308.5720833333,27695.8644166667,27538.7734166667,27018.1610833333,25817.67225,24828.2569166667,23211.19125,21186.5736666667,18019.1675,14550.7903333333,11246.764,8404.07233333333,6082.80325,4632.38466666667,3635.23191666667,3058.49916666667,2706.32408333333,2475.01233333333,2320.22891666667,2178.37241666667,2078.23466666667,1968.081,1913.45975,1786.1395,1664.42683333333,1547.53308333333,1467.29233333333,1351.60825,1229.7855,1134.65825,1015.16875,904.415916666667,813.245916666667,769.189583333333,696.53725,671.437833333333,629.405666666667,574.812833333333,508.191583333333,429.734583333333,364.9015,278.838916666667,211.1805,158.8495,112.966333333333,82.3204166666667,62.9950833333333,52.5499166666667,36.0238333333333,25.72625,21.4641666666667,15.1605,10.0808333333333,8.2715,5.40016666666667,3.266,3.375,2.171,1.90933333333333,0,0,0,0,0,1
"2026-10-08 20:00:00",0,1,1,1,738.966666666667,5,21.5916666666667,97.9833333333333,35.0916666666667,0.0000000691574666666667,0.000018257175,4.97,8976.18,8.8,736.5,1,254,0,4.37,1.6,8,8,0,1,1,17.1001666666667,22.9064166666667,18.65825,14.8206666666667,1.71875,11912.4183333333,33,22.0833333333333,NA,0,0,0,0,0,0,0,0,0,0,0,0,0,0,0,0,0,0,0,0,0,0,0,0,0,0,0,0,0,0,0,23480.0708333333,22882.5636666667,22411.4593333333,22039.9154166667,22477.3745,23054.9015,24205.2875,25008.2494166667,25503.4404166667,24989.8793333333,23139.605,20546.4604166667,17324.9114166667,13991.396,10955.37075,8299.66433333333,6257.96058333333,4895.528,3980.27525,3479.134,3055.02183333333,2799.79691666667,2564.21733333333,2405.19775,2239.13158333333,2030.8615,1850.53491666667,1706.06575,1516.95916666667,1366.54158333333,1208.76825,1090.44108333333,1012.47608333333,904.37475,856.365083333333,823.207166666667,795.395916666667,710.59425,653.719583333333,608.5795,513.182666666667,412.436416666667,319.94825,240.254833333333,170.815333333333,117.809166666667,82.2865833333333,59.5555,41.60775,34.1186666666667,23.9781666666667,15.70225,14.2849166666667,9.977,5.83008333333333,4.47191666666667,3.96041666666667,2.66758333333333,1.8915,0.59825,0,0,0,0,0,1
"2026-10-08 21:00:00",0,1,1,1,738.591666666667,5,21.2583333333333,97.7833333333333,36.3166666666667,0.0000000691992,0.0000182412333333333,4.97,8976.18,8.8,736.5,1,254,0,4.37,1.6,8,8,0,1,1,17.8849166666667,26.4070833333333,20.2223333333333,10.8014166666667,1.87458333333333,8002.7175,34.4166666666667,21.7083333333333,NA,0,0,0,0,0,0,0,0,0,0,0,0,0,0,0,0,0,0,0,0,0,0,0,0,0,0,0,0,0,0,0,17010.1458333333,16248.1803333333,15532.4295,14745.9608333333,14075.7285833333,13211.77725,12827.6009166667,12717.0431666667,12550.5168333333,12133.681,11451.38775,10794.15325,10453.7765,10087.9765,9535.19025,8618.81733333333,7571.80108333333,6302.88083333333,5107.67708333333,4073.76341666667,3240.011,2728.96541666667,2352.19716666667,2110.22425,1921.96216666667,1780.75366666667,1573.53,1402.14025,1274.78541666667,1149.40633333333,1028.60533333333,976.401333333333,902.441416666667,869.623833333333,858.4455,831.341333333333,868.671166666667,844.83225,822.212416666667,752.49975,653.047,575.496333333333,446.0905,336.016416666667,236.657333333333,159.949083333333,111.318416666667,72.17875,45.1475,32.5195833333333,25.8750833333333,18.8715833333333,10.5270833333333,7.95983333333333,5.41991666666667,4.21408333333333,2.86383333333333,1.81966666666667,0.874416666666667,0.59825,0,0,0,0,0,1
"2026-10-08 22:00:00",0,1,1,1,738.325,5,21.0333333333333,97.6666666666667,38.2416666666667,0.000000069214475,0.0000182304666666667,4.97,8976.18,8.8,736.5,1,254,0,4.37,1.6,8,8,0,1,1,17.7481666666667,30.3203333333333,21.3849166666667,12.7143333333333,2.02125,4997.38166666667,36.5,21.475,NA,0,0,0,0,0,0,0,0,0,0,0,0,0,0,0,0,0,0,0,0,0,0,0,0,0,0,0,0,0,0,0,9621.27241666667,9812.20558333333,9796.67541666667,9559.32158333333,9330.62725,9210.83575,9354.90725,9369.66591666667,9101.408,8422.88741666667,7483.72183333333,6373.611,5410.48275,4641.42758333333,4091.32158333333,3631.571,3257.96533333333,2907.037,2547.73483333333,2318.84791666667,2091.018,1916.0405,1760.099,1596.384,1467.44991666667,1308.205,1096.66591666667,924.593333333333,787.502,699.196083333333,621.447333333333,557.077583333333,546.644333333333,542.68625,559.661666666667,605.9695,669.966583333333,701.414916666667,774.515166666667,770.5525,740.148916666667,697.455416666667,621.333833333333,519.151833333333,382.215833333333,265.047333333333,168.219,107.5325,60.2069166666667,38.63375,24.0509166666667,15.9985,10.8818333333333,9.842,5.1275,4.3025,1.91075,1.969,1.0205,0.59825,0,0,0,0,0,1
"2026-10-08 23:00:00",0,1,1,1,738.545454545455,5,21.4727272727273,97.5454545454545,39.1818181818182,0.0000000694323,0.0000182515,4.97,8976.18,8.8,736.5,1,254,0,4.37,1.6,8,8,0,1,1,22.0829090909091,39.6549090909091,26.7567272727273,17.5451818181818,2.20663636363636,2222.15181818182,37.3636363636364,21.7636363636364,NA,0,0,0,0,0,0,0,0,0,0,0,0,0,0,0,0,0,0,0,0,0,0,0,0,0,0,0,0,0,0,0,2746.36081818182,2589.21572727273,2537.63636363636,2578.76509090909,2791.25872727273,2875.70327272727,2976.83790909091,3034.74136363636,3222.68063636364,3436.63990909091,3425.91654545455,3432.04209090909,3231.03809090909,2908.10809090909,2534.64727272727,2171.73672727273,1941.42409090909,1680.15881818182,1570.58336363636,1463.47363636364,1371.49427272727,1344.66845454545,1260.268,1202.01236363636,1111.68909090909,969.539818181818,857.490454545455,720.656909090909,575.996636363636,530.459818181818,455.389636363636,428.494363636364,408.261181818182,405.623454545455,454.513363636364,478.902181818182,535.700909090909,580.327181818182,634.045,645.104363636364,621.084454545454,590.674090909091,506.610272727273,417.844363636364,298.245818181818,207.347090909091,131.398636363636,80.8485454545455,44.4258181818182,28.7800909090909,22.0586363636364,13.5643636363636,6.74272727272727,6.46445454545455,3.86454545454545,4.17518181818182,1.93263636363636,0.921090909090909,1.74418181818182,0.528454545454546,0,0,0,0,0,1
"2026-10-09",0,1,1,1,738.283333333333,5,21.225,97.4166666666667,41.3583333333333,0.0000000694496416666667,0.00001823965,4.97,8976.18,8.8,736.5,1,254,0,4.37,1.6,8,8,0,1,1,22.9886666666667,41.0196666666667,27.5350833333333,18.5995,2.23725,1292.50983333333,39.8333333333333,21.7,NA,0,0,0,0,0,0,0,0,0,0,0,0,0,0,0,0,0,0,0,0,0,0,0,0,0,0,0,0,0,0,0,1541.93625,1523.98833333333,1534.44566666667,1580.45025,1523.57391666667,1616.64016666667,1655.79933333333,1748.39208333333,1742.46116666667,1741.61608333333,1752.15966666667,1774.56408333333,1758.83725,1673.28033333333,1577.6655,1427.895,1272.59633333333,1139.76991666667,1014.02208333333,922.71325,863.06425,809.605833333333,735.654833333333,682.2945,608.373833333333,532.5145,442.844166666667,372.133333333333,313.419166666667,271.976333333333,239.300166666667,245.9355,249.67975,256.303,314.294583333333,357.786166666667,406.485833333333,452.492916666667,462.213,464.441833333333,421.533916666667,368.283916666667,288.141,231.668,161.775166666667,106.096666666667,73.5051666666667,41.5591666666667,23.35475,14.1759166666667,8.03675,6.35275,4.60666666666667,1.9665,1.40391666666667,1.44816666666667,1.35291666666667,0.988166666666667,0.438333333333333,0,0,0,0,0,0,1
"2026-10-09 01:00:00",0,1,1,1,738.216666666667,5,21.175,97.3916666666667,43.7666666666667,0.0000000694524583333333,0.0000182372416666667,4.97,8976.18,8.8,736.5,1,254,0,4.37,1.6,8,8,0,1,1,19.3111666666667,35.6408333333333,23.6056666666667,10.2745833333333,2.21375,1005.47083333333,42.1666666666667,21.6166666666667,NA,0,0,0,0,0,0,0,0,0,0,0,0,0,0,0,0,0,0,0,0,0,0,0,0,0,0,0,0,0,0,0,2051.436,2114.8405,1804.38941666667,1690.78141666667,1606.82925,1470.45516666667,1405.20633333333,1376.85475,1277.48233333333,1273.97766666667,1224.08483333333,1179.52925,1108.1345,1072.72958333333,1004.39433333333,934.45525,875.35225,785.711833333333,713.904916666667,641.123333333333,566.427333333333,501.590833333333,443.606666666667,395.213083333333,348.777,295.977416666667,258.593833333333,207.741333333333,182.112083333333,149.815,143.868666666667,141.921416666667,135.575,150.6955,179.53675,202.11575,231.689416666667,277.661583333333,285.764,306.55375,280.935833333333,241.162083333333,198.384166666667,141.297833333333,106.63175,71.9156666666667,46.5926666666667,24.81275,15.8093333333333,9.57108333333333,4.71091666666667,5.74541666666667,2.97058333333333,2.83275,1.65566666666667,1.83808333333333,0.4095,0.5625,0.28875,0,0,0,0,0,0,1
"2026-10-09 02:00:00",0,1,1,1,738.433333333333,5,21.5333333333333,97.3,45.2916666666667,0.0000000696257416666667,0.0000182543666666667,4.97,8976.18,8.8,736.5,1,254,0,4.37,1.6,8,8,0,1,1,17.9610833333333,33.6088333333333,22.1711666666667,9.82675,2.18791666666667,1051.70716666667,43.4166666666667,21.7916666666667,NA,0,0,0,0,0,0,0,0,0,0,0,0,0,0,0,0,0,0,0,0,0,0,0,0,0,0,0,0,0,0,0,2655.89166666667,2295.2335,2209.07416666667,1902.91133333333,1794.33925,1543.3875,1528.15783333333,1429.80441666667,1377.26483333333,1341.71825,1257.33508333333,1186.01791666667,1133.27466666667,1072.28808333333,989.45275,919.277,872.666,776.070916666667,681.48625,620.148833333333,549.57675,477.857166666667,413.202666666667,373.21975,311.49425,263.773166666667,232.505083333333,194.93575,159.2565,146.943583333333,123.45075,110.607583333333,115.860833333333,109.9245,131.751833333333,158.75475,181.274666666667,224.141833333333,257.606,280.074583333333,280.918333333333,256.0245,222.648666666667,168.615666666667,124.079833333333,74.4636666666667,53.69525,29.93375,17.3655,9.28933333333333,5.15675,3.55241666666667,2.97133333333333,0.857333333333333,1.27825,0.52825,0.410583333333333,0.422166666666667,0.288833333333333,0.148416666666667,0,0,0,0,0,1
"2026-10-09 03:00:00",0,1,1,1,738.233333333333,5,21.375,97.2333333333333,45.5916666666667,0.0000000696257,0.0000182468333333333,4.97,8976.18,8.8,736.5,1,254,0,4.37,1.6,8,8,0,1,1,15.728,27.5188333333333,19.2910833333333,9.83133333333333,2.00108333333333,1484.70275,44,22.0083333333333,NA,0,0,0,0,0,0,0,0,0,0,0,0,0,0,0,0,0,0,0,0,0,0,0,0,0,0,0,0,0,0,0,4622.62816666667,4206.16641666667,3728.267,3388.22616666667,3132.94483333333,2927.20683333333,2545.0155,2305.04483333333,2087.15541666667,1904.13,1687.89783333333,1577.973,1401.79991666667,1264.85333333333,1129.90458333333,988.823666666667,888.43125,797.03325,692.767666666667,626.035333333333,527.72325,475.746833333333,387.495833333333,332.328916666667,296.371,252.079916666667,203.847416666667,172.750916666667,155.8125,135.449833333333,136.841333333333,130.594666666667,134.038833333333,143.292333333333,158.541583333333,167.565,190.784083333333,206.950833333333,218.39175,219.062833333333,216.45275,185.18475,153.712333333333,128.499,99.906,66.3391666666667,45.25675,26.3635833333333,16.0783333333333,10.4305833333333,5.7325,3.15175,1.56891666666667,1.42658333333333,0.514916666666667,0.921083333333333,0.404916666666667,0.563666666666667,0,0,0,0,0,0,0,1
"2026-10-09 04:00:00",0,1,1,1,738.016666666667,5,21.1,97.2,49.4416666666667,0.0000000695668,0.0000182336666666667,4.97,8976.18,8.8,736.5,1,254,0,4.37,1.6,8,8,0,1,1,14.47875,23.733,17.4269166666667,9.76683333333333,1.88383333333333,1769.08333333333,47.75,21.6416666666667,NA,0,0,0,0,0,0,0,0,0,0,0,0,0,0,0,0,0,0,0,0,0,0,0,0,0,0,0,0,0,0,0,6216.94866666667,5605.45258333333,4968.41175,4320.61733333333,3741.7,3329.41216666667,2949.03841666667,2655.62908333333,2505.02658333333,2354.59491666667,2158.40283333333,1962.26391666667,1840.86675,1633.99133333333,1349.21708333333,1152.965,939.648833333333,774.633416666667,632.019416666667,522.268916666667,443.268916666667,368.505333333333,297.064083333333,245.08575,207.10475,184.775416666667,158.968666666667,156.7255,174.548166666667,171.512666666667,180.309333333333,193.4945,215.656833333333,205.7495,207.627166666667,186.97425,172.916,149.027,136.953416666667,122.137083333333,129.435,124.122166666667,122.78375,122.302833333333,99.661,81.118,52.4191666666667,38.05525,18.0553333333333,11.7441666666667,7.70941666666667,2.92025,2.85375,2.09058333333333,0.885666666666667,1.05558333333333,0.815416666666667,0.423333333333333,0.580916666666667,0.148416666666667,0,0,0,0,0,1
"2026-10-09 05:00:00",0,1,1,1,738,5,21.075,97.2,49.8666666666667,0.000000069559275,0.0000182324583333333,4.97,8976.18,8.8,736.5,1,254,0,4.37,1.6,8,8,0,1,1,14.4685833333333,25.371,17.97625,9.70691666666667,1.96691666666667,2914.65,47,21.6166666666667,NA,0,0,0,0,0,0,0,0,0,0,0,0,0,0,0,0,0,0,0,0,0,0,0,0,0,0,0,0,0,0,0,10422.0096666667,8871.64716666667,7746.70241666667,6818.04683333333,6055.22791666667,5296.755,4809.61466666667,4304.23241666667,3971.26208333333,3614.73416666667,3481.03941666667,3203.16175,2777.88025,2470.688,2156.6365,1823.298,1531.04908333333,1289.24733333333,1110.53041666667,972.71175,831.32725,716.974083333333,623.704416666667,537.789583333333,512.786833333333,478.472,480.09025,481.392416666667,493.954416666667,465.603416666667,445.93425,410.900333333333,377.036416666667,361.475333333333,335.275333333333,323.706083333333,309.320666666667,291.041,282.880666666667,254.0565,237.7385,244.194583333333,234.545833333333,219.307416666667,182.23225,139.967583333333,97.2201666666667,67.46175,39.0096666666667,24.08,15.6249166666667,8.1605,6.05941666666667,4.5405,2.29541666666667,2.23525,1.35791666666667,1.54483333333333,0.72825,0.296833333333333,0,0,0,0,0,1
"2026-10-09 06:00:00",0,1,1,1,738.25,5,21.4833333333333,97.125,48.5583333333333,0.000000069736075,0.0000182519833333333,4.97,8976.18,8.8,736.5,1,254,0,4.37,1.6,8,8,0,1,1,13.4523333333333,21.9535833333333,16.30175,9.647,1.83566666666667,4073.59583333333,45.5833333333333,21.95,NA,0,0,0,0,0,0,0,0,0,0,0,0,0,0,0,0,0,0,0,0,0,0,0,0,0,0,0,0,0,0,0,16193.5896666667,14252.6619166667,12463.1605833333,11235.9251666667,9976.34541666667,8850.14091666667,7653.95325,6795.25266666667,5970.35883333333,4993.97025,4357.38016666667,3723.829,3148.05508333333,2609.21941666667,2101.25508333333,1733.75858333333,1405.62266666667,1214.69108333333,1035.87258333333,891.971083333333,760.0435,641.603083333333,546.100833333333,509.1805,453.269083333333,424.365333333333,410.826333333333,406.032083333333,417.849583333333,411.890666666667,431.808083333333,437.391583333333,413.624833333333,363.514666666667,347.446666666667,315.895416666667,285.994166666667,265.9595,239.894333333333,235.827166666667,229.723666666667,226.08275,218.795,197.06675,166.002166666667,124.446083333333,86.9148333333333,60.3741666666667,34.3726666666667,24.69525,18.3200833333333,12.6126666666667,8.68616666666667,6.56558333333333,4.58275,3.30025,3.13366666666667,1.553,1.452,0.86575,0,0,0,0,0,1
"2026-10-09 07:00:00",0,1,1,1,737.875,5,21.0416666666667,97.0916666666667,47.3166666666667,0.000000069626875,0.0000182308666666667,4.97,8976.18,8.8,736.5,1,254,0,4.37,1.6,8,8,0,1,1,13.6296666666667,22.8095,16.7569166666667,9.647,1.8765,3573.18666666667,44.4166666666667,21.825,NA,0,0,0,0,0,0,0,0,0,0,0,0,0,0,0,0,0,0,0,0,0,0,0,0,0,0,0,0,0,0,0,13853.0611666667,12112.0689166667,11013.2933333333,9659.73458333333,8713.0475,7558.58866666667,6615.69783333333,5777.60391666667,4912.33883333333,4248.6035,3488.46108333333,2942.91,2453.41916666667,2023.68208333333,1803.8575,1572.70441666667,1371.5155,1230.86991666667,1148.05758333333,1092.84241666667,979.217833333333,808.639083333333,697.143583333333,638.688916666667,563.663916666667,518.041916666667,498.3125,480.650333333333,461.607833333333,458.593083333333,435.194916666667,438.181916666667,404.164416666667,397.461416666667,352.65325,327.891833333333,289.013,265.66775,235.1,215.9725,215.08425,195.243,183.263416666667,163.976916666667,144.4155,110.188666666667,76.33275,53.1829166666667,36.2074166666667,31.7469166666667,20.2581666666667,12.0365,10.0633333333333,9.18308333333333,7.86916666666667,5.2695,4.08741666666667,2.39391666666667,2.04108333333333,0.906416666666667,0,0,0,0,0,1
"2026-10-09 08:00:00",0,1,1,1,737.758333333333,5,20.9333333333333,97.0083333333333,47.7416666666667,0.000000069654025,0.0000182256916666667,4.97,8976.18,8.8,736.5,1,254,0,4.37,1.6,8,8,0,1,1,14.5240833333333,25.1708333333333,18.1695,9.647,1.95883333333333,2559.09,45,21.6166666666667,NA,0,0,0,0,0,0,0,0,0,0,0,0,0,0,0,0,0,0,0,0,0,0,0,0,0,0,0,0,0,0,0,9402.65,7732.59033333333,6898.19125,6243.81425,5461.59416666667,4672.88341666667,4055.76458333333,3707.02583333333,3090.733,2696.51083333333,2499.26766666667,2357.55925,2295.19625,2127.69858333333,1855.2815,1647.32325,1501.82883333333,1324.45908333333,1156.52066666667,1042.03225,920.21475,803.6315,686.12975,612.34625,542.281,522.571083333333,490.555166666667,447.665583333333,433.382916666667,411.3465,402.85575,376.477333333333,381.277166666667,375.999916666667,364.589916666667,345.95,303.703666666667,263.11825,237.064166666667,201.023583333333,173.534333333333,161.123083333333,151.257666666667,124.480166666667,104.032833333333,78.7388333333333,58.44275,42.4083333333333,30.5489166666667,21.0360833333333,13.8121666666667,10.10625,9.69616666666667,5.99233333333333,4.64716666666667,3.41408333333333,1.767,2.39858333333333,1.16308333333333,1.196,0,0,0,0,0,1
"2026-10-09 09:00:00",0,1,1,1,737.466666666667,5,20.5666666666667,97,48.6666666666667,0.00000006954945,0.0000182081,4.97,8976.18,8.8,736.5,1,254,0,4.37,1.6,8,8,0,1,1,14.1069166666667,25.2658333333333,17.9355,9.647,1.97925,2751.2025,45.8333333333333,21.4333333333333,NA,0,0,0,0,0,0,0,0,0,0,0,0,0,0,0,0,0,0,0,0,0,0,0,0,0,0,0,0,0,0,0,10698.1761666667,8858.10916666667,7773.341,6751.45216666667,5860.62225,5230.97566666667,4450.75241666667,3834.53516666667,3330.479,2936.75625,2623.68008333333,2377.52575,2211.43091666667,2047.45016666667,1894.35075,1695.90408333333,1565.98816666667,1370.83541666667,1206.82691666667,1052.18675,918.164333333333,782.044666666667,682.393916666667,573.326583333333,514.299416666667,460.146416666667,443.1575,420.134,412.255916666667,426.124166666667,431.69975,425.421666666667,411.989666666667,405.274,362.343833333333,321.521666666667,295.743583333333,256.810416666667,210.54025,198.278,196.9265,184.45975,179.190666666667,178.13425,169.483083333333,136.997916666667,96.0275833333333,58.645,38.8263333333333,22.5204166666667,14.5515,11.6091666666667,6.4865,5.90516666666667,5.36033333333333,3.55116666666667,2.99341666666667,1.97166666666667,1.01933333333333,0.746666666666667,0,0,0,0,0,1
"2026-10-09 10:00:00",0,1,1,1,737.108333333333,5,20.2083333333333,96.9083333333333,50.9416666666667,0.000000069507125,0.0000181909,4.97,8976.18,8.8,736.5,1,254,0,4.37,1.6,8,8,0,1,1,14.6280833333333,26.5823333333333,18.5746666666667,9.647,1.99466666666667,3305.35333333333,47.8333333333333,21.075,NA,0,0,0,0,0,0,0,0,0,0,0,0,0,0,0,0,0,0,0,0,0,0,0,0,0,0,0,0,0,0,0,12362.4786666667,10527.29,9149.30175,7908.95858333333,6959.49391666667,6254.68991666667,5465.32341666667,4826.0465,4236.8575,3760.51508333333,3426.86166666667,3130.57633333333,2766.60441666667,2464.93266666667,2168.80683333333,1971.09366666667,1652.9275,1406.28875,1158.57691666667,972.43225,800.534083333333,681.836916666667,672.195083333333,742.680583333333,823.906083333333,829.783083333333,795.740833333333,723.175916666667,633.2245,594.57975,515.90525,486.307416666667,472.674166666667,488.044166666667,477.923416666667,440.926416666667,387.897833333333,329.799583333333,297.833416666667,285.068083333333,276.658833333333,240.135416666667,207.6195,191.86275,183.230083333333,171.622916666667,146.264416666667,104.090166666667,69.6191666666667,40.7700833333333,28.9996666666667,16.6995833333333,11.5379166666667,11.7413333333333,7.38691666666667,3.55016666666667,3.947,2.53766666666667,1.60841666666667,1.35283333333333,0,0,0,0,0,1
"2026-10-09 11:00:00",0,1,1,1,737.566666666667,5,20.8,96.9,52.475,0.000000069691675,0.00001821925,4.97,8976.18,8.8,736.5,1,254,0,4.37,1.6,8,8,0,1,1,14.636,23.903,17.9365,9.647,1.89316666666667,3340.62166666667,50,21.5166666666667,NA,0,0,0,0,0,0,0,0,0,0,0,0,0,0,0,0,0,0,0,0,0,0,0,0,0,0,0,0,0,0,0,12192.0935833333,10487.6093333333,9087.50433333333,7961.001,6866.32708333333,6062.838,5378.88833333333,4703.41341666667,4186.53916666667,3842.50758333333,3510.16075,3268.67375,2966.79808333333,2726.6325,2440.9115,2219.08766666667,1964.36216666667,1809.19708333333,1611.08816666667,1415.23825,1253.03033333333,1074.75233333333,930.88225,822.984583333333,718.735,636.40275,570.300916666667,518.226833333333,522.265583333333,500.809916666667,459.805333333333,457.016916666667,454.62525,432.625083333333,425.119083333333,402.4025,373.307083333333,330.11475,278.838,225.961666666667,178.9715,130.902833333333,108.584,80.8198333333333,73.7494166666667,58.65175,46.289,37.7540833333333,23.878,18.4980833333333,14.8625833333333,11.7201666666667,8.35383333333333,5.69291666666667,4.79683333333333,2.63958333333333,1.4965,1.96925,0.293333333333333,0.898916666666667,0,0,0,0,0,1
"2026-10-09 12:00:00",0,1,1,1,737.033333333333,5,20.1583333333333,96.8333333333333,53.325,0.0000000695458833333333,0.0000181885,4.97,8976.18,8.8,736.5,1,254,0,4.37,1.6,8,8,0,1,1,14.0139166666667,24.2660833333333,17.7155833333333,9.647,1.94241666666667,2305.39833333333,49.25,21.15,NA,0,0,0,0,0,0,0,0,0,0,0,0,0,0,0,0,0,0,0,0,0,0,0,0,0,0,0,0,0,0,0,9384.903,8008.90083333333,6531.15125,5563.38391666667,4851.08816666667,4121.8845,3695.45983333333,3184.66483333333,2646.989,2267.82391666667,2078.7985,1899.15166666667,1732.14441666667,1541.28541666667,1461.201,1306.88233333333,1210.28383333333,1127.02358333333,1047.619,990.38925,849.648833333333,790.754333333333,696.969666666667,623.65875,549.598166666667,505.52475,462.1775,426.488916666667,390.219333333333,349.0545,344.765083333333,312.12725,288.502666666667,294.732333333333,281.636416666667,272.5065,259.252,248.476333333333,240.613333333333,195.186416666667,173.223166666667,139.107083333333,109.18775,77.1323333333333,63.0788333333333,45.7999166666667,36.974,23.018,20.61725,13.1378333333333,10.4020833333333,6.62516666666667,5.75916666666667,4.18691666666667,3.81658333333333,2.0925,1.91025,1.408,1.02166666666667,1.35283333333333,0,0,0,0,0,1
"2026-10-09 13:00:00",0,1,1,1,736.925,5,20.025,96.8,50.2833333333333,0.00000006952955,0.0000181821,4.97,8976.18,8.8,736.5,1,254,0,4.37,1.6,8,8,0,1,1,12.9354166666667,20.3920833333333,15.5684166666667,9.647,1.79483333333333,6123.37916666667,45.3333333333333,20.825,NA,0,0,0,0,0,0,0,0,0,0,0,0,0,0,0,0,0,0,0,0,0,0,0,0,0,0,0,0,0,0,0,33407.64,25718.2378333333,20125.5335,16124.0099166667,13384.232,11129.137,9186.73641666667,7636.4195,6191.14616666667,5097.64958333333,4451.5045,3997.7175,3706.73625,3493.22275,3303.80108333333,3139.20525,2836.22058333333,2433.00975,2204.53741666667,2099.57691666667,1925.93683333333,1594.481,1324.77475,1109.35391666667,939.099416666667,783.582416666667,700.553583333333,649.913166666667,583.52575,545.698833333333,538.424833333333,520.841916666667,522.84525,498.087166666667,482.36825,468.316666666667,436.7495,394.486166666667,399.945166666667,371.445916666667,328.094083333333,278.66075,216.208666666667,177.038583333333,125.6905,90.9723333333333,64.3065833333333,50.8075833333333,35.5084166666667,30.6309166666667,21.7938333333333,20.4041666666667,12.4235,12.64875,7.64125,6.886,3.50691666666667,3.38708333333333,2.80291666666667,2.09991666666667,0,0,0,0,0,1
"2026-10-09 14:00:00",0,1,1,1,736.833333333333,5,19.8666666666667,96.85,42.8083333333333,0.000000069445875,0.0000181745,4.97,8976.18,8.8,736.5,1,254,0,4.37,1.6,8,8,0,1,1,13.7834166666667,24.60125,17.6125,9.88666666666667,1.96825,2611.20833333333,37.5833333333333,20.725,NA,0,0,0,0,0,0,0,0,0,0,0,0,0,0,0,0,0,0,0,0,0,0,0,0,0,0,0,0,0,0,0,9869.96191666667,8893.82741666667,7963.8915,7082.55858333333,6219.252,5209.30975,4329.19141666667,3498.61525,2973.055,2547.27516666667,2239.74025,2015.20266666667,1849.71475,1718.01125,1550.75741666667,1367.0095,1194.40033333333,1072.49741666667,1002.187,911.223583333333,826.850416666667,746.834833333333,685.904333333333,611.803666666667,541.858333333333,497.656416666667,450.237083333333,414.744416666667,388.369166666667,392.07675,382.800083333333,381.052416666667,402.497583333333,386.854,386.072833333333,360.339333333333,365.589583333333,347.634916666667,329.2715,295.814916666667,239.629583333333,183.4905,123.37025,87.46675,64.4145833333333,41.9036666666667,29.9435833333333,21.19025,15.24125,12.0069166666667,9.35083333333333,7.96708333333333,6.01991666666667,4.18483333333333,3.05858333333333,3.55258333333333,1.22916666666667,0.843166666666667,1.42533333333333,0.489333333333333,0,0,0,0,0,1
"2026-10-09 15:00:00",0,1,1,1,737.2,5,20.2916666666667,96.9083333333333,37.6416666666667,0.0000000695322416666667,0.0000181949,4.97,8976.18,8.8,736.5,1,254,0,4.37,1.6,8,8,0,1,1,16.8595833333333,25.6235833333333,19.4843333333333,9.76683333333333,1.8835,3865.12083333333,33.5,20.8166666666667,NA,0,0,0,0,0,0,0,0,0,0,0,0,0,0,0,0,0,0,0,0,0,0,0,0,0,0,0,0,0,0,0,9251.76608333333,8595.11191666667,8112.15758333333,7585.01091666667,6974.32775,6567.7515,6452.51416666667,6561.21141666667,6734.01608333333,6533.39175,5993.2645,5238.36891666667,4605.0155,3947.59316666667,3501.94383333333,3106.47191666667,2705.40366666667,2348.28175,2047.85591666667,1692.52358333333,1466.69766666667,1283.2565,1154.96141666667,1022.52966666667,895.916416666667,790.636583333333,687.829916666667,639.899333333333,615.128416666667,587.773833333333,556.304916666667,581.544916666667,566.106583333333,556.39,532.42775,515.117,483.930666666667,434.322,396.578583333333,336.583083333333,278.91375,201.38125,161.311,107.101166666667,76.1788333333333,54.001,37.5909166666667,29.2273333333333,21.4088333333333,14.02325,10.2930833333333,8.62366666666667,7.73016666666667,5.35633333333333,3.19308333333333,2.89125,1.64083333333333,1.97166666666667,2.03683333333333,1.05033333333333,0,0,0,0,0,1
"2026-10-09 16:00:00",0,1,1,1,737.666666666667,5,20.8833333333333,96.9666666666667,34.4,0.0000000696688666666667,0.0000182232833333333,4.97,8976.18,8.8,736.5,1,254,0,4.37,1.6,8,8,0,1,1,17.1194166666667,26.6688333333333,19.9391666666667,10.4391666666667,1.91858333333333,3796.49583333333,31.25,21.35,NA,0,0,0,0,0,0,0,0,0,0,0,0,0,0,0,0,0,0,0,0,0,0,0,0,0,0,0,0,0,0,0,9352.78166666667,8478.61225,7410.39975,6962.61966666667,6355.96216666667,6292.77166666667,6512.5565,6517.07983333333,6732.09216666667,6499.17008333333,5881.47791666667,5189.58783333333,4549.25333333333,3941.96941666667,3448.31258333333,3119.6265,2702.25575,2319.9745,1953.40541666667,1613.28966666667,1391.01008333333,1183.11758333333,1095.50883333333,1000.36208333333,937.682,871.5095,785.017916666667,722.623,651.5315,637.977083333333,635.734916666667,633.483,649.706416666667,625.7805,628.8565,566.222833333333,486.976,418.688916666667,348.065583333333,297.297916666667,239.72675,196.5425,151.61975,111.866916666667,90.9044166666667,70.2230833333333,55.0385,41.1685,30.0256666666667,27.3040833333333,18.4143333333333,14.6043333333333,9.57,9.67991666666667,6.86841666666667,3.68708333333333,4.49558333333333,1.967,1.74066666666667,2.0955,0,0,0,0,0,1
"2026-10-09 17:00:00",0,1,1,1,737.966666666667,5,21.2,97.025,34.75,0.00000006972245,0.00001823845,4.97,8976.18,8.8,736.5,1,254,0,4.37,1.6,8,8,0,1,1,18.4370833333333,30.7805833333333,21.9505,9.82675,2.07508333333333,3142.96916666667,32.5,21.6416666666667,NA,0,0,0,0,0,0,0,0,0,0,0,0,0,0,0,0,0,0,0,0,0,0,0,0,0,0,0,0,0,0,0,8247.322,7273.80966666667,6119.56241666667,5789.62025,5085.65383333333,4702.32583333333,4277.16625,3981.26783333333,3732.601,3598.15133333333,3405.41025,3290.6295,3239.64941666667,3193.16716666667,3105.05866666667,2988.49066666667,2785.15883333333,2577.25491666667,2274.84525,1948.53408333333,1724.854,1548.87683333333,1355.45525,1256.32625,1149.48541666667,1068.76033333333,971.34725,900.851666666667,858.991166666667,811.677166666667,783.436583333333,722.4075,689.677083333333,641.202583333333,612.59175,588.130083333333,554.293833333333,508.518833333333,456.1485,396.771083333333,330.901166666667,259.880416666667,193.181583333333,150.25625,104.168583333333,81.6324166666667,55.84825,47.66875,30.64525,28.3985,18.30375,15.7895,12.2475,7.98666666666667,6.76091666666667,4.20983333333333,5.45516666666667,3.38491666666667,1.31383333333333,1.5025,0,0,0,0,0,1
"2026-10-09 18:00:00",0,1,1,1,738.441666666667,5,21.7916666666667,97.1,34.75,0.0000000698468833333333,0.0000182667416666667,4.97,8976.18,8.8,736.5,1,254,0,4.37,1.6,8,8,0,1,1,19.9068333333333,31.3900833333333,22.7878333333333,9.82675,2.05091666666667,3224.97916666667,32.4166666666667,22.1333333333333,NA,0,0,0,0,0,0,0,0,0,0,0,0,0,0,0,0,0,0,0,0,0,0,0,0,0,0,0,0,0,0,0,7499.1625,6615.65858333333,5904.56358333333,5399.10416666667,4908.49933333333,4576.30341666667,4281.8955,4045.47708333333,3721.30208333333,3510.39716666667,3271.11508333333,3233.08725,3357.04775,3424.06141666667,3567.41158333333,3534.60341666667,3389.78008333333,3123.94208333333,2783.064,2447.86283333333,2168.23666666667,1858.72608333333,1648.1905,1433.66633333333,1263.33966666667,1136.22875,1059.9045,972.374916666667,903.466666666667,854.49025,785.021583333333,765.719916666667,712.085583333333,669.819,623.211166666667,586.8305,533.3395,489.459083333333,430.618,384.452833333333,316.491416666667,251.822833333333,181.504583333333,139.055833333333,103.929166666667,75.4425833333333,61.6106666666667,42.5808333333333,33.52275,31.40625,23.1521666666667,18.8020833333333,13.1959166666667,9.92958333333333,6.95183333333333,6.92166666666667,2.72416666666667,2.39975,3.05916666666667,1.30433333333333,0,0,0,0,0,1
"2026-10-09 19:00:00",0,1,1,1,738.084615384615,5,21.2230769230769,97.1846153846154,36.0153846153846,0.0000000696148923076923,0.0000182395615384615,4.97,8976.18,8.8,736.5,1,254,0,4.37,1.6,8,8,0,1,1,17.2825384615385,29.0851538461538,20.8808461538462,11.0885384615385,2.02215384615385,4627.70307692308,33.9230769230769,21.8461538461538,NA,0,0,0,0,0,0,0,0,0,0,0,0,0,0,0,0,0,0,0,0,0,0,0,0,0,0,0,0,0,0,0,11560.4998461538,10441.1333846154,9638.84176923077,8617.26084615385,7801.89830769231,7394.32215384615,6850.19715384615,6465.98092307692,5999.24261538462,5642.79461538462,5194.78223076923,4738.73030769231,4458.70046153846,4413.70084615385,4499.83176923077,4634.31684615385,4587.90130769231,4294.16615384615,3804.06192307692,3258.17692307692,2676.02092307692,2154.26607692308,1809.72792307692,1521.89330769231,1320.80130769231,1186.21892307692,1124.85615384615,1058.76992307692,988.225769230769,937.961384615385,868.519230769231,832.253153846154,783.069538461539,760.020846153846,728.663461538462,678.535846153846,632.376692307692,594.472,559.511769230769,483.612076923077,415.046153846154,340.276384615385,268.271153846154,208.746923076923,171.723692307692,135.680076923077,118.505769230769,87.2366923076923,72.0606153846154,58.8038461538462,45.3902307692308,43.1669230769231,30.9393076923077,26.5764615384615,21.3826153846154,15.6584615384615,11.9438461538462,8.04776923076923,6.89176923076923,3.90346153846154,0,0,0,0,0,1
"2026-10-09 20:00:00",0,1,1,1,737.927272727273,5,20.9727272727273,97.2,36.1090909090909,0.0000000695285090909091,0.0000182275545454545,4.97,8976.18,8.8,736.5,1,254,0,4.37,1.6,8,8,0,1,1,14.8616363636364,23.5141818181818,17.964,9.84309090909091,1.85563636363636,6200.41454545455,33.5454545454545,21.4454545454545,NA,0,0,0,0,0,0,0,0,0,0,0,0,0,0,0,0,0,0,0,0,0,0,0,0,0,0,0,0,0,0,0,18454.8562727273,17489.2036363636,16354.7563636364,15082.3024545455,13851.385,12546.4720909091,11279.7059090909,10257.0793636364,9221.81836363636,8154.96,7075.70254545455,5880.123,4787.14190909091,4159.78590909091,3717.72290909091,3548.85654545455,3554.71745454545,3617.806,3555.35381818182,3395.29609090909,2984.335,2476.87245454545,1972.13627272727,1601.136,1370.09881818182,1158.85063636364,1041.676,950.223181818182,869.724909090909,815.490454545455,748.007727272727,687.096,649.063272727273,616.639181818182,573.684545454546,554.260181818182,518.906727272727,483.002545454545,435.451454545455,392.339636363636,335.222,275.143727272727,204.250636363636,157.960818181818,129.603636363636,91.2992727272727,75.1230909090909,56.9966363636364,43.7246363636364,34.8338181818182,28.5332727272727,21.7920909090909,18.5800909090909,16.3977272727273,13.0526363636364,8.69209090909091,5.85290909090909,5.06581818181818,4.61390909090909,2.45236363636364,0,0,0,0,0,1
