"date","Flag","Detector.Status","Classifier.Errors","Communication.Status","Neutralizer.Status","Detector.Inlet.Flow..L.min.","Detector.Counting.Flow..L.min.","Impactor.Flow..L.min.","Impactor.D50..nm.","Sheath.Flow..L.min.","Sheath.Temp..C.","Sheath.Pressure..kPa.","Sheath.Relative.Humidity....","Mean.Free.Path..m.","Gas.Viscosity..Pa.s.","Low.Voltage..V.","High.Voltage..V.","Lower.Size..nm.","Upper.Size..nm.","Wide.Range.Scan.Mode","Scan.Direction","HV.Polarity","DMA.V.Ramping.Up..TUP...s.","DMA.V.Ramping.Down..TDOWN...s.","DMA.Column.transit.time.Tf..s.","DMA.Exit.to.Optical.Detector.Td..s.","DMA.at.Low.Voltage..TLOW...s.","DMA.at.High.Voltage..THIGH...s.","Adjustment..s.","Dilution.Factor","Aerosol.Density..g.cm..","Median..nm.","Mean..nm.","Geo..Mean..nm.","Mode..nm.","Geo..Std..Dev","Total.Concentration....cm..","Aerosol.Humidity....","Aerosol.Temperature..C.","Reserved.1","part_1.04","part_1.11","part_1.20","part_1.29","part_1.38","part_1.49","part_1.60","part_1.72","part_1.84","part_1.98","part_2.13","part_2.29","part_2.46","part_2.64","part_2.84","part_3.05","part_3.28","part_3.52","part_3.79","part_4.07","part_4.37","part_4.70","part_5.05","part_5.42","part_5.83","part_6.26","part_6.73","part_7.23","part_7.77","part_8.35","part_8.98","part_9.65","part_10.37","part_11.14","part_11.97","part_12.86","part_13.82","part_14.86","part_15.96","part_17.15","part_18.43","part_19.81","part_21.29","part_22.88","part_24.58","part_26.42","part_28.39","part_30.51","part_32.78","part_35.23","part_37.86","part_40.68","part_43.71","part_46.98","part_50.48","part_54.25","part_58.29","part_62.64","part_67.32","part_72.34","part_77.74","part_83.54","part_89.77","part_96.47","part_103.66","part_111.40","part_119.71","part_128.64","part_138.24","part_148.55","part_159.63","part_171.54","part_184.34","part_198.10","part_212.88","part_228.76","part_245.82","part_264.16","part_283.87","part_305.05","part_327.81","part_352.27","part_378.55","part_406.79","part_437.14","part_469.76","part_504.81","part_542.47","part_582.94","part_626.43","part_673.17","part_723.39","part_777.37","part_835.36","part_897.69","part_964.66","raw_1.04","raw_1.11","raw_1.20","raw_1.29","raw_1.38","raw_1.49","raw_1.60","raw_1.72","raw_1.84","raw_1.98","raw_2.13","raw_2.29","raw_2.46","raw_2.64","raw_2.84","raw_3.05","raw_3.28","raw_3.52","raw_3.79","raw_4.07","raw_4.37","raw_4.70","raw_5.05","raw_5.42","raw_5.83","raw_6.26","raw_6.73","raw_7.23","raw_7.77","raw_8.35","raw_8.98","raw_9.65","raw_10.37","raw_11.14","raw_11.97","raw_12.86","raw_13.82","raw_14.86","raw_15.96","raw_17.15","raw_18.43","raw_19.81","raw_21.29","raw_22.88","raw_24.58","raw_26.42","raw_28.39","raw_30.51","raw_32.78","raw_35.23","raw_37.86","raw_40.68","raw_43.71","raw_46.98","raw_50.48","raw_54.25","raw_58.29","raw_62.64","raw_67.32","raw_72.34","raw_77.74","raw_83.54","raw_89.77","raw_96.47","raw_103.66","raw_111.40","raw_119.71","raw_128.64","raw_138.24","raw_148.55","raw_159.63","raw_171.54","raw_184.34","raw_198.10","raw_212.88","raw_228.76","raw_245.82","raw_264.16","raw_283.87","raw_305.05","raw_327.81","raw_352.27","raw_378.55","raw_406.79","raw_437.14","raw_469.76","raw_504.81","raw_542.47","raw_582.94","raw_626.43","raw_673.17","raw_723.39","raw_777.37","raw_835.36","raw_897.69","raw_964.66"
2026-08-27 00:03:00,1,"Normal Scan","Normal Scan",0,"ON",1,1,1,737.4,5,20,97.5,55.5,0.0000000690228,0.0000181809,4.97,8954.6,8.8,736.5,1,"Up Scan","Positive",254,0,4.37,1.6,8,8,0,1,1,22.043,56.981,31.4,9.647,2.882,6215.7,51,21.2,NA,0,0,0,0,0,0,0,0,0,0,0,0,0,0,0,0,0,0,0,0,0,0,0,0,0,0,0,0,0,0,0,16569.984,13994.4,12521.504,12473.056,10070.944,8558.176,6711.264,5480.928,4359.808,3334.752,2900.928,2539.904,2370.144,2305.44,2354.432,2416.576,2357.984,2400.192,2456.608,2661.248,2582.56,2832.928,2919.84,3227.808,3275.52,3349.12,3675.072,3636.512,3675.68,3546.016,3387.808,3380.64,3212.384,3109.696,3116.64,2987.744,2927.232,2864.064,2564.448,2613.536,2401.856,2165.824,2068.48,1950.88,1818.336,1538.496,1472.416,1124.896,884.928,563.136,455.616,299.52,176.128,95.936,63.392,41.984,22.816,23.616,6.976,3.744,0,0,0,0,0,0,0,0,0,0,0,0,0,0,0,0,0,0,0,0,0,0,0,0,0,0,0,0,0,0,0,0,0,0,0,4.442,6.723,8.157,9.928,12.903,13.068,13.693,12.883,12.401,11.472,10.057,9.924,9.813,10.235,11.041,12.485,14.037,15.1,16.783,18.832,22.04,23.431,27.775,30.701,36.111,39.126,42.489,48.886,51.11,54.797,56.325,57.458,60.156,59.763,60.784,63.081,61.28,61.366,60.277,54.414,53.349,48.392,41.871,37.278,33.603,29.846,24.23,22.154,16.666,12.879,8.054,6.348,4.066,2.412,1.243,0.803,0.522,0.278,0.282,0.081,0.042,0.055,0,0,0,0
2026-08-27 00:08:00,1,"Normal Scan","Normal Scan",0,"ON",1,1,1,737.9,5,20.6,97.5,55.1,0.0000000692028,0.0000182097,4.97,8954.6,8.8,736.5,1,"Up Scan","Positive",254,0,4.37,1.6,8,8,0,1,1,19.628,54.025,29.779,10.366,2.831,6711.61,51,21.3,NA,0,0,0,0,0,0,0,0,0,0,0,0,0,0,0,0,0,0,0,0,0,0,0,0,0,0,0,0,0,0,0,15782.112,16105.984,15988.544,13316.512,12454.848,9618.912,8313.216,6188.736,4689.504,3823.84,3111.968,2850.176,2702.368,2755.68,2693.568,2579.232,2701.504,3074.528,2854.336,2926.176,2859.072,2914.336,3035.136,3079.424,3351.68,3361.184,3468.64,3601.76,3595.392,3625.92,3582.112,3409.856,3156.64,3156.64,3142.208,2970.752,2811.904,2756.32,2668.64,2355.52,2326.912,2192.896,2071.52,2007.52,1801.664,1648.8,1372.544,1180.544,912.512,640.928,438.048,313.92,191.936,103.264,56.512,31.584,19.616,15.2,5.216,5.376,0,0,0,0,0,0,0,0,0,0,0,0,0,0,0,0,0,0,0,0,0,0,0,0,0,0,0,0,0,0,0,0,0,0,0,4.65,6.349,9.407,12.665,13.687,16.178,15.418,15.972,14.021,12.316,11.532,10.67,10.987,11.688,13.185,14.239,14.985,17.165,21.206,21.536,24.076,25.595,28.259,31.822,34.563,39.964,42.93,46.582,50.708,53.846,57.446,59.082,60.124,58.996,60.999,62.548,61.448,59.762,59.165,56.075,50.246,46.934,42.633,37.793,34.359,29.636,25.905,20.714,17.382,13.104,9.095,6.064,4.286,2.535,1.337,0.717,0.393,0.239,0.181,0.061,0.064,0,0,0,0,0
2026-08-27 00:13:00,1,"Normal Scan","Normal Scan",0,"ON",1,1,1,737.6,5,20.2,97.5,55.4,0.0000000690828,0.0000181905,4.97,8954.6,8.8,736.5,1,"Up Scan","Positive",254,0,4.37,1.6,8,8,0,1,1,16.14,49.106,26.638,9.647,2.79,7554.47,51,21.2,NA,0,0,0,0,0,0,0,0,0,0,0,0,0,0,0,0,0,0,0,0,0,0,0,0,0,0,0,0,0,0,0,22792.896,22038.112,19039.872,17054.56,14499.008,11656.288,9421.088,6874.08,6098.816,4293.12,3518.912,3058.368,2804.352,2526.816,2669.184,2789.76,2729.184,2702.624,2852.064,2722.912,2843.264,2951.136,3111.296,3138.56,3230.016,3333.152,3419.936,3290.528,3438.944,3628.768,3485.664,3313.408,3260.64,3307.584,2919.872,2924.448,2842.336,2772.064,2658.784,2449.472,2208.224,2226.08,2032.192,2035.296,1847.168,1644.512,1445.76,1148.768,926.112,622.624,445.824,282.528,165.888,123.968,41.184,41.632,24,6.752,8.736,3.808,0,0,0,0,0,0,0,0,0,0,0,0,0,0,0,0,0,0,0,0,0,0,0,0,0,0,0,0,0,0,0,0,0,0,0,6.156,9.273,12.843,15.182,17.613,18.835,18.672,18.069,15.536,15.958,12.929,12.027,11.792,12.102,12.121,14.084,16.173,17.349,18.804,21.532,22.489,25.406,28.494,32.154,35.055,38.66,42.542,45.766,47.832,51.926,56.672,58.262,58.765,60.669,63.017,59.203,60.971,60.051,59.604,56.306,51.593,45.515,42.909,37.384,34.482,30.231,25.59,21.94,16.781,13.507,8.76,6.173,3.852,2.242,1.605,0.523,0.516,0.293,0.08,0.102,0.042,0.028,0,0,0,0
2026-08-27 00:18:00,1,"Normal Scan","Normal Scan",0,"ON",1,1,1,737.6,5,20.2,97.5,54.8,0.0000000690828,0.0000181905,4.97,8954.6,8.8,736.5,1,"Up Scan","Positive",254,0,4.37,1.6,8,8,0,1,1,17.229,51.48,28.036,9.647,2.817,7192.67,51,21.2,NA,0,0,0,0,0,0,0,0,0,0,0,0,0,0,0,0,0,0,0,0,0,0,0,0,0,0,0,0,0,0,0,19990.816,19255.52,17125.952,14952.192,13507.2,11598.496,9114.848,6699.296,5229.248,3892.672,3149.6,2916.672,2579.904,2851.392,2731.584,2788.736,2758.24,2893.76,2767.616,2912.032,2955.744,2929.152,2980.288,3188.608,3265.28,3370.208,3427.584,3645.12,3638.624,3527.2,3515.424,3275.104,3339.616,3153.28,2930.464,2981.408,2939.296,2751.104,2618.528,2477.344,2354.688,2135.2,2070.016,1974.752,1846.336,1613.12,1492.576,1233.248,949.728,709.888,417.088,292.512,190.848,114.592,65.472,35.072,17.536,10.144,17.472,0,0,0,0,0,0,0,0,0,0,0,0,0,0,0,0,0,0,0,0,0,0,0,0,0,0,0,0,0,0,0,0,0,0,0,0,5.462,8.09,11.182,13.644,15.474,17.565,18.525,17.483,15.175,13.747,11.748,10.792,11.257,11.152,13.631,14.431,16.17,17.509,20.004,20.984,23.92,26.343,28.353,31.301,35.78,38.875,42.867,46.002,51.511,54.168,55.763,58.933,58.35,61.348,61.473,59.921,61.356,61.805,58.922,56.302,51.966,48.319,42.199,38.521,33.684,30.071,25.379,22.753,18.1,13.655,10.003,5.865,3.977,2.571,1.484,0.833,0.437,0.214,0.121,0.203,0,0.041,0,0,0,0
2026-08-27 00:23:00,1,"Normal Scan","Normal Scan",0,"ON",1,1,1,737.9,5,20.7,97.5,55.1,0.0000000692328,0.0000182145,4.97,8954.6,8.8,736.5,1,"Up Scan","Positive",254,0,4.37,1.6,8,8,0,1,1,20.635,55.048,30.347,9.647,2.843,6543.75,51,21.4,NA,0,0,0,0,0,0,0,0,0,0,0,0,0,0,0,0,0,0,0,0,0,0,0,0,0,0,0,0,0,0,0,16185.408,15644.16,14140.576,12986.464,10364.256,9306.56,7681.408,5937.856,4814.816,3990.656,3489.632,2815.712,2897.184,2826.944,2755.872,2810.72,2689.728,2752.096,2836.672,2800.32,2924.288,3009.536,2943.04,3125.792,3141.632,3366.528,3361.312,3690.656,3479.424,3506.976,3369.44,3309.472,3203.904,3125.408,2899.136,2870.272,2909.184,2657.12,2537.952,2646.752,2386.592,2256.288,2137.408,2067.264,1867.232,1620,1405.44,1138.208,867.264,662.464,464.512,297.12,172.384,115.872,59.2,40.992,12.992,15.168,5.216,3.584,0,0,0,0,0,0,0,0,0,0,0,0,0,0,0,0,0,0,0,0,0,0,0,0,0,0,0,0,0,0,0,0,0,0,0,4.484,6.56,9.127,11.195,13.436,13.465,14.882,14.751,13.446,12.638,12.042,11.948,10.854,12.47,13.491,14.542,16.297,17.137,19.065,21.436,22.992,26.044,29.075,30.875,34.887,37.654,42.618,45.088,52.024,51.92,55.152,57.197,58.329,59.264,61.828,59.993,60.315,61.594,57.822,54.691,54.239,48.247,42.955,38.937,35.333,30.445,25.331,21.296,16.817,12.501,9.355,6.423,4.034,2.308,1.502,0.751,0.51,0.159,0.181,0.061,0.042,0.028,0,0,0,0
2026-08-27 00:28:00,1,"Normal Scan","Normal Scan",0,"ON",1,1,1,737.6,5,20.2,97.5,55.1,0.0000000690828,0.0000181905,4.97,8954.6,8.8,736.5,1,"Up Scan","Positive",254,0,4.37,1.6,8,8,0,1,1,24.851,59.158,32.891,10.366,2.868,5941.01,50,21.2,NA,0,0,0,0,0,0,0,0,0,0,0,0,0,0,0,0,0,0,0,0,0,0,0,0,0,0,0,0,0,0,0,12502.624,12544.032,11039.2,10323.872,9316,8051.456,6948,5493.952,4634.688,3822.24,3240.48,2655.84,2705.248,2807.328,2539.392,2695.808,2532.288,2749.824,2622.592,2720.544,2826.112,2771.328,2754.816,3031.84,3106.272,3240.576,3391.808,3385.92,3463.392,3472.256,3278.336,3243.04,3267.328,3053.12,2969.472,2740.96,2754.208,2602.144,2500.448,2420.448,2412.928,2328.672,2123.584,1949.568,1829.792,1729.184,1402.624,1215.424,946.752,696.672,436.48,306.528,205.184,158.176,58.432,46.208,22.496,15.168,6.976,2.016,0,0,0,0,0,0,0,0,0,0,0,0,0,0,0,0,0,0,0,0,0,0,0,0,0,0,0,0,0,0,0,0,0,0,0,3.311,5.116,7.325,8.756,10.669,12.15,12.851,13.34,12.441,12.202,11.519,11.117,10.249,11.677,13.397,13.413,15.633,16.102,19.003,19.901,22.374,25.202,26.936,29.064,33.918,37.177,41.242,45.522,48.101,52.02,54.538,54.92,57.536,60.307,59.292,60.797,59.33,59.252,56.811,54.634,51.628,48.605,45.157,39.184,33.666,30.022,27.304,21.651,17.864,13.717,9.888,6.055,4.144,2.76,2.05,0.743,0.574,0.273,0.181,0.081,0.021,0.028,0,0,0,0
2026-08-27 00:33:00,1,"Normal Scan","Normal Scan",0,"ON",1,1,1,737.9,5,20.6,97.5,54.4,0.0000000692028,0.0000182097,4.97,8954.6,8.8,736.5,1,"Up Scan","Positive",254,0,4.37,1.6,8,8,0,1,1,28.549,61.704,34.663,9.647,2.877,5677.56,51,21.3,NA,0,0,0,0,0,0,0,0,0,0,0,0,0,0,0,0,0,0,0,0,0,0,0,0,0,0,0,0,0,0,0,12868.16,10813.824,9834.816,8991.232,7478.336,6834.784,5569.888,4840.704,3863.904,3492.192,3058.048,3083.968,2927.84,2824.992,2824.288,2733.696,2837.824,2789.28,2783.04,2801.312,2792.064,2883.072,2845.44,3033.632,3124.32,3175.392,3272.032,3425.76,3474.944,3338.912,3329.056,3143.392,3093.664,3043.168,2922.304,2823.392,2701.44,2751.168,2668.416,2501.536,2463.488,2267.936,2202.176,2031.712,1846.272,1748.8,1435.968,1158.912,991.36,661.6,488.48,354.848,176.288,127.584,53.696,44.064,18.048,7.584,4.352,3.584,0,0,0,0,0,0,0,0,0,0,0,0,0,0,0,0,0,0,0,0,0,0,0,0,0,0,0,0,0,0,0,0,0,0,0,3.362,5.252,6.376,7.811,9.306,9.793,10.93,10.699,10.962,10.165,10.549,10.494,11.897,12.631,13.496,14.862,15.834,17.967,19.266,20.989,23.01,24.862,27.851,29.763,33.921,37.318,40.29,43.985,48.431,51.78,53.373,55.708,56.496,58.387,60.458,60.471,60.237,59.17,59.242,57.17,53.184,49.56,43.86,40.054,35.272,30.681,27.212,21.848,17.121,14.207,9.344,6.74,4.806,2.343,1.652,0.681,0.55,0.219,0.09,0.051,0.042,0.014,0,0,0,0
2026-08-27 00:38:00,1,"Normal Scan","Normal Scan",0,"ON",1,1,1,737.8,5,20.5,97.5,54.9,0.0000000691728,0.0000182049,4.97,8954.6,8.8,736.5,1,"Up Scan","Positive",254,0,4.37,1.6,8,8,0,1,1,26.112,60.186,33.359,9.647,2.888,5755.46,50,21.4,NA,0,0,0,0,0,0,0,0,0,0,0,0,0,0,0,0,0,0,0,0,0,0,0,0,0,0,0,0,0,0,0,13758.08,12468.576,11371.872,9646.048,7647.296,6554.4,5363.968,4559.264,3941.216,3593.28,3250.944,2884.576,3085.44,3037.952,2871.168,2775.584,2780.416,2770.432,2675.648,2503.072,2679.648,2795.712,2750.208,2865.824,3064.224,3143.936,3371.616,3243.552,3282.208,3220,3312.128,3279.296,3224.544,2848.608,2841.632,2730.016,2702.208,2527.552,2473.952,2406.816,2322.272,2129.92,2165.536,1987.168,1807.776,1768.672,1513.856,1267.744,960.64,626.688,472.864,338.08,204.096,129.984,79.2,52.192,26.176,8.416,3.488,7.168,0,0,0,0,0,0,0,0,0,0,0,0,0,0,0,0,0,0,0,0,0,0,0,0,0,0,0,0,0,0,0,0,0,0,0,4.059,5.526,7.227,9.011,9.976,9.953,10.517,10.338,10.34,10.372,10.875,11.146,11.124,13.257,14.477,15.062,16.052,17.612,19.099,20.167,20.701,23.996,27.03,28.801,32.125,36.579,40.052,45.346,46.338,49.023,51.345,55.174,57.536,59.116,56.729,58.778,58.005,59.119,56.104,53.967,51.747,48.498,42.457,39.443,34.189,30.188,27.775,23.03,18.763,13.973,8.91,6.491,4.628,2.695,1.681,1.007,0.648,0.318,0.101,0.041,0.085,0,0,0,0,0
2026-08-27 00:43:00,1,"Normal Scan","Normal Scan",0,"ON",1,1,1,737.6,5,20.2,97.5,54.5,0.0000000690828,0.0000181905,4.97,8954.6,8.8,736.5,1,"Up Scan","Positive",254,0,4.37,1.6,8,8,0,1,1,28.563,61.942,34.783,9.647,2.878,5502.85,50,21.2,NA,0,0,0,0,0,0,0,0,0,0,0,0,0,0,0,0,0,0,0,0,0,0,0,0,0,0,0,0,0,0,0,13018.176,10410.048,10044.832,8534.304,6555.712,5668.352,5203.52,4208.704,3779.2,3392.224,3113.44,3146.08,3110.08,3108.896,3078.624,2945.888,2805.344,2806.4,2654.176,2693.6,2667.424,2766.528,2750.752,2765.696,3022.368,3071.488,3086.272,3257.76,3367.552,3276.544,3233.984,3249.568,2958.176,3002.592,2833.568,2726.304,2682.496,2556.768,2580.832,2429.472,2213.92,2235.84,2037.376,2018.752,1851.456,1599.168,1496.032,1197.344,877.12,687.68,476.416,345.12,215.84,116.448,73.792,41.088,14.656,11.808,13.952,3.552,0,0,0,0,0,0,0,0,0,0,0,0,0,0,0,0,0,0,0,0,0,0,0,0,0,0,0,0,0,0,0,0,0,0,0,3.645,5.241,6.065,7.968,8.811,8.527,9.08,10.016,9.561,9.957,10.262,10.708,12.127,13.378,14.797,16.162,16.976,17.729,19.337,19.973,22.122,23.772,26.678,28.779,31.263,36.254,38.964,42.07,46.575,49.924,52.294,54.249,56.751,56.423,58.832,58.172,58.055,57.921,56.755,55.347,51.053,46.601,43.137,37.758,34.918,30.743,25.418,22.71,17.743,12.674,9.671,6.64,4.709,2.889,1.509,0.937,0.511,0.179,0.141,0.163,0.042,0.028,0,0,0,0
2026-08-27 00:48:00,1,"Normal Scan","Normal Scan",0,"ON",1,1,1,737.9,5,20.6,97.5,54.5,0.0000000692028,0.0000182097,4.97,8954.6,8.8,736.5,1,"Up Scan","Positive",254,0,4.37,1.6,8,8,0,1,1,34.449,66.75,38.186,9.647,2.882,5015.65,50,21.4,NA,0,0,0,0,0,0,0,0,0,0,0,0,0,0,0,0,0,0,0,0,0,0,0,0,0,0,0,0,0,0,0,10278.272,9208.352,7243.392,6431.968,5325.632,4897.824,3919.296,3773.728,3404,2867.52,2763.712,2897.92,2798.72,2866.048,2715.008,2858.272,2790.24,2721.984,2785.44,2621.632,2818.336,2689.024,2612.16,2852.448,2947.552,2854.208,3056.928,3179.936,3197.984,3356.512,3205.792,3109.792,2926.336,2823.712,2775.968,2729.632,2739.072,2588.32,2595.808,2476.256,2358.496,2236.96,2132.032,2050.464,1746.72,1657.248,1437.28,1183.968,995.904,702.24,475.616,325.824,209.408,102.368,75.744,42.592,22.848,15.2,17.44,7.488,0,0,0,0,0,0,0,0,0,0,0,0,0,0,0,0,0,0,0,0,0,0,0,0,0,0,0,0,0,0,0,0,0,0,0,2.824,4.121,5.375,5.765,6.624,6.927,7.878,7.562,8.56,8.991,8.68,9.511,11.188,12.05,13.69,14.3,16.531,17.617,18.746,20.93,21.556,24.815,25.89,27.468,32,35.371,36.906,41.202,45.229,48.135,52.669,54.554,54.992,56.056,56.987,57.695,58.482,59.264,56.944,55.254,52.503,47.996,44.025,39.079,35.615,29.083,26.23,21.695,17.655,14.385,9.921,6.658,4.49,2.799,1.326,0.96,0.53,0.278,0.181,0.203,0.085,0.014,0,0,0,0
2026-08-27 00:53:00,1,"Normal Scan","Normal Scan",0,"ON",1,1,1,737.6,5,20.2,97.5,54.7,0.0000000690828,0.0000181905,4.97,8954.6,8.8,736.5,1,"Up Scan","Positive",254,0,4.37,1.6,8,8,0,1,1,32.078,64.958,36.722,9.647,2.898,5197.84,50,21.2,NA,0,0,0,0,0,0,0,0,0,0,0,0,0,0,0,0,0,0,0,0,0,0,0,0,0,0,0,0,0,0,0,12911.456,9065.92,8636.928,7170.816,5572.544,4813.856,4256.608,3632.224,3368.704,3150.048,2808.16,3042.4,2866.304,2832.96,2980.48,2674.784,2876.992,2739.36,2710.336,2645.088,2651.904,2699.648,2641.504,2806.24,2896.416,2951.776,3193.12,3288.608,3194.144,3252.704,3265.312,3129.344,2977.44,2913.28,2852.256,2900.928,2628.896,2578.272,2678.496,2411.52,2295.52,2074.56,2093.696,1972.48,1874.144,1621.984,1463.168,1253.632,1002.912,662.944,528.864,323.136,204.32,145.472,61.472,43.072,22.528,11.808,5.216,2.016,0,0,0,0,0,0,0,0,0,0,0,0,0,0,0,0,0,0,0,0,0,0,0,0,0,0,0,0,0,0,0,0,0,0,0,3.197,5.24,5.278,6.83,7.422,7.266,7.686,8.212,8.259,8.877,9.536,9.646,11.732,12.352,13.53,15.668,15.478,18.151,18.882,20.379,21.647,23.624,26.135,27.776,31.589,34.71,37.992,43.014,46.67,48.097,52.361,54.478,55.595,56.703,57.976,58.59,60.005,57.51,56.761,57.467,51.123,47.641,41.645,39.083,34.361,30.917,25.711,22.423,18.38,14.468,9.417,7.322,4.35,2.732,1.886,0.782,0.535,0.273,0.141,0.061,0.021,0.014,0,0,0,0
2026-08-27 00:58:00,1,"Normal Scan","Normal Scan",0,"ON",1,1,1,737.7,5,20.4,97.5,54.1,0.0000000691428,0.0000182001,4.97,8954.6,8.8,736.5,1,"Up Scan","Positive",254,0,4.37,1.6,8,8,0,1,1,25.924,60.446,33.374,9.647,2.899,5757.69,50,21.2,NA,0,0,0,0,0,0,0,0,0,0,0,0,0,0,0,0,0,0,0,0,0,0,0,0,0,0,0,0,0,0,0,13739.264,13233.824,10605.6,9304.48,8177.696,6593.088,5448.928,4586.592,4165.472,3557.92,3214.272,3057.984,3013.536,2777.664,2896.256,2782.592,2679.904,2740.384,2626.496,2669.024,2641.248,2713.76,2671.488,2759.52,2903.072,3036.544,3099.296,3295.264,3272.544,3355.584,3163.328,3170.208,3092.416,3072.832,2966.336,2919.232,2745.792,2552.8,2609.888,2432.768,2253.184,2201.952,2115.84,2023.552,1816.736,1687.456,1463.008,1243.712,994.208,725.312,534.464,347.136,168.992,143.04,91.168,37.952,24.512,23.648,1.728,3.552,0,0,0,0,0,0,0,0,0,0,0,0,0,0,0,0,0,0,0,0,0,0,0,0,0,0,0,0,0,0,0,0,0,0,0,4.007,5.564,7.734,8.39,9.61,10.598,10.594,10.483,10.395,10.969,10.74,11.031,11.764,12.971,13.256,15.222,16.056,16.969,18.874,19.785,21.84,23.577,26.246,28.013,31.158,35.135,38.594,42.179,47.01,49.748,53.507,53.692,56.076,58.073,60.019,60.125,60.95,59.425,56.642,56.175,51.909,47.455,43.068,39.62,35.594,30.337,26.393,22.37,18.521,14.365,10.295,7.415,4.699,2.249,1.853,1.155,0.471,0.298,0.282,0.02,0.042,0.014,0,0,0,0
2026-08-27 01:03:00,1,"Normal Scan","Normal Scan",0,"ON",1,1,1,737.6,5,20.4,97.4,54.6,0.0000000692138,0.0000182001,4.97,8954.6,8.8,736.5,1,"Up Scan","Positive",254,0,4.37,1.6,8,8,0,1,1,20.166,55.799,30.357,9.647,2.87,6335.84,50,21.3,NA,0,0,0,0,0,0,0,0,0,0,0,0,0,0,0,0,0,0,0,0,0,0,0,0,0,0,0,0,0,0,0,15850.176,15187.232,13127.392,12314.528,11073.152,9060.32,7359.392,6099.936,4979.616,3922.592,3278.88,2798.88,2983.968,2707.008,2733.056,2684.608,2601.696,2706.176,2453.632,2597.12,2534.432,2708.512,2727.072,2770.912,2894.496,3043.008,3080.736,3165.472,3248.416,3219.392,3253.92,3304.864,3109.088,3122.688,2966.144,2926.464,2911.968,2663.2,2490.688,2419.104,2326.048,2201.472,1941.44,2042.112,1856.448,1632.16,1458.4,1211.616,972.064,677.6,485.92,339.648,224.512,144.704,73.248,37.888,24.576,8.384,8.704,0,0,0,0,0,0,0,0,0,0,0,0,0,0,0,0,0,0,0,0,0,0,0,0,0,0,0,0,0,0,0,0,0,0,0,0,4.576,6.449,8.821,10.406,12.728,14.379,14.508,14.128,13.817,13.071,11.844,11.213,10.79,12.838,12.908,14.374,15.506,16.489,18.685,18.574,21.304,22.737,26.107,28.488,31.2,34.823,38.908,42.223,45.776,49.419,51.872,55.312,58.439,57.718,60.582,60.318,61.042,60.486,58.245,54.351,51.543,47.707,43.681,36.61,35.138,30.741,26.036,22.383,17.857,14.03,9.631,6.699,4.587,3.03,1.875,0.93,0.471,0.298,0.101,0.102,0,0.055,0,0,0,0
2026-08-27 01:08:00,1,"Normal Scan","Normal Scan",0,"ON",1,1,1,737.6,5,20.3,97.5,54.1,0.0000000691128,0.0000181953,4.97,8954.6,8.8,736.5,1,"Up Scan","Positive",254,0,4.37,1.6,8,8,0,1,1,20.44,56.649,30.614,9.647,2.899,6184.17,50,21.2,NA,0,0,0,0,0,0,0,0,0,0,0,0,0,0,0,0,0,0,0,0,0,0,0,0,0,0,0,0,0,0,0,16721.824,15630.304,12595.424,11314.72,10122.08,8783.424,7117.696,5584.512,4566.24,3592.192,3157.664,3099.584,2647.904,2459.392,2537.088,2515.008,2484.288,2458.656,2590.624,2573.664,2516.64,2554.592,2641.6,2667.872,2737.472,2954.112,3049.44,3010.176,3047.616,3187.68,3248.288,3217.856,3262.816,3174.592,3056.352,2868.416,2676.544,2625.312,2458.368,2544.576,2289.152,2284.832,2134.464,1937.056,1815.232,1751.712,1456.8,1215.072,939.328,661.504,500.64,336.288,188.896,145.92,85.376,45.664,38.72,7.296,5.248,1.792,0,0,0,0,0,0,0,0,0,0,0,0,0,0,0,0,0,0,0,0,0,0,0,0,0,0,0,0,0,0,0,0,0,0,0,4.881,6.746,9.162,10.01,11.703,13.166,14.066,13.691,12.661,12.013,10.837,10.789,11.928,11.403,11.777,13.372,14.566,15.748,17.044,19.44,21.052,22.525,24.727,27.536,30.038,33.213,38.12,41.673,44.354,47.283,51.395,54.966,56.7,60.159,61.369,61.52,61.02,58.279,57.15,54.051,53.079,48.03,44.358,38.994,33.999,30.154,27.476,22.416,18.064,13.634,9.416,6.904,4.565,2.545,1.892,1.085,0.569,0.471,0.087,0.061,0.021,0.041,0,0,0,0
2026-08-27 01:13:00,1,"Normal Scan","Normal Scan",0,"ON",1,1,1,737.9,5,20.6,97.5,54.3,0.0000000692028,0.0000182097,4.97,8954.6,8.8,736.5,1,"Up Scan","Positive",254,0,4.37,1.6,8,8,0,1,1,25.438,61.279,33.471,9.647,2.939,5515.22,50,21.3,NA,0,0,0,0,0,0,0,0,0,0,0,0,0,0,0,0,0,0,0,0,0,0,0,0,0,0,0,0,0,0,0,13533.952,12590.304,10487.2,9368.96,8488.672,6615.616,5284.96,4502.528,3912.832,3213.888,2771.328,2721.28,2503.712,2329.248,2261.472,2343.904,2205.952,2423.68,2484.32,2421.696,2571.808,2460.192,2530.976,2547.456,2740.896,2776.992,2815.008,3033.952,2946.432,3160.128,3234.208,3301.856,3055.424,3089.984,3029.6,2883.584,2769.76,2646.24,2441.216,2417.12,2142.752,2238.112,2075.008,1977.312,1769.664,1629.344,1442.592,1183.616,979.872,739.584,512.128,363.744,231.84,131.584,59.36,40.192,37.664,5.088,5.216,3.872,0,0,0,0,0,0,0,0,0,0,0,0,0,0,0,0,0,0,0,0,0,0,0,0,0,0,0,0,0,0,0,0,0,0,0,3.716,5.451,7.367,8.336,9.721,11.008,10.612,10.143,10.183,10.302,9.7,9.493,10.478,10.789,11.147,11.936,13.616,14.036,16.77,18.671,19.902,22.79,23.821,26.487,28.699,33.217,36.202,39.176,44.206,45.713,51.52,54.406,57.611,57.547,59.709,60.25,60.513,59.352,57.226,53.682,51.448,45.315,43.706,38.811,34.677,29.725,26.026,22.024,17.422,14.181,10.516,7.074,4.903,3.113,1.701,0.753,0.499,0.457,0.06,0.061,0.042,0.028,0,0,0,0
2026-08-27 01:18:00,1,"Normal Scan","Normal Scan",0,"ON",1,1,1,737.4,5,20,97.5,54.4,0.0000000690228,0.0000181809,4.97,8954.6,8.8,736.5,1,"Up Scan","Positive",254,0,4.37,1.6,8,8,0,1,1,35.457,68.091,38.58,9.647,2.926,4858.24,50,21.1,NA,0,0,0,0,0,0,0,0,0,0,0,0,0,0,0,0,0,0,0,0,0,0,0,0,0,0,0,0,0,0,0,10265.6,8144.512,7381.472,6946.016,5887.072,5008.928,4044.096,3605.536,3196.736,2775.968,2492.288,2433.408,2323.328,2354.368,2346.976,2244.96,2533.44,2432.672,2294.752,2431.232,2430.016,2447.296,2510.464,2644.416,2693.088,2757.792,3049.056,3130.176,3129.28,3140.992,3265.92,3146.752,3242.144,3037.696,2943.296,2917.248,2688.416,2694.176,2589.568,2344.96,2195.424,2107.648,2037.312,1903.648,1761.76,1668.992,1504.128,1239.136,989.44,731.392,474.944,318.24,253.024,158.816,90.016,35.008,20.896,11.84,8.768,7.168,0,0,0,0,0,0,0,0,0,0,0,0,0,0,0,0,0,0,0,0,0,0,0,0,0,0,0,0,0,0,0,0,0,0,0,3.239,4.145,4.734,5.858,7.18,7.63,8.048,7.771,8.211,8.431,8.375,8.556,9.388,10.036,11.239,12.383,13.047,16.022,16.81,17.368,19.981,21.668,23.891,26.477,29.927,32.613,36.055,41.57,45.471,47.793,50.969,54.836,55.999,59.942,59.086,59.155,60.419,58.212,57.669,55.517,51.021,46.163,42.612,38.381,33.305,29.184,26.792,23.139,18.497,14.261,10.298,6.587,4.383,3.362,2.057,1.143,0.436,0.255,0.141,0.102,0.084,0.014,0,0,0,0
2026-08-27 01:23:00,1,"Normal Scan","Normal Scan",0,"ON",1,1,1,737.9,5,20.6,97.5,53.9,0.0000000692028,0.0000182097,4.97,8954.6,8.8,736.5,1,"Up Scan","Positive",254,0,4.37,1.6,8,8,0,1,1,42.063,72.518,42.11,10.366,2.902,4584.52,50,21.3,NA,0,0,0,0,0,0,0,0,0,0,0,0,0,0,0,0,0,0,0,0,0,0,0,0,0,0,0,0,0,0,0,7383.552,7557.536,6803.328,5388.224,4794.816,4017.888,3652.992,3094.4,2611.648,2373.184,2280.224,2282.656,2214.176,2236.416,2295.744,2375.424,2359.584,2410.304,2374.752,2504.928,2453.024,2552.448,2699.616,2622.528,2701.6,3005.856,3053.984,3041.184,3244.736,3177.632,3272.672,3118.176,3316.256,3048.256,3064.064,2976.704,2644.416,2722.88,2597.056,2407.296,2299.52,2111.936,2088.672,2013.92,1768.864,1708.32,1464.288,1239.552,1044.064,766.752,530.976,379.232,246.24,142.592,64.704,50.432,23.456,16.288,5.216,7.488,0,0,0,0,0,0,0,0,0,0,0,0,0,0,0,0,0,0,0,0,0,0,0,0,0,0,0,0,0,0,0,0,0,0,0,2.482,3.001,4.428,5.366,5.554,6.233,6.438,7.028,6.995,6.889,7.184,7.85,8.817,9.582,10.704,12.136,13.762,14.998,16.723,17.97,20.525,22.034,24.726,28.154,29.739,32.804,38.614,41.546,44.59,49.513,51.688,55.034,55.676,61.3,59.406,61.541,61.382,57.818,59.077,56.153,51.677,48.049,42.794,39.359,35.418,29.829,27.31,22.367,18.417,15.033,10.848,7.376,5.152,3.271,1.846,0.819,0.628,0.285,0.194,0.061,0.085,0,0,0,0,0
2026-08-27 01:28:00,1,"Normal Scan","Normal Scan",0,"ON",1,1,1,737.6,5,20.3,97.5,54.5,0.0000000691128,0.0000181953,4.97,8954.6,8.8,736.5,1,"Up Scan","Positive",254,0,4.37,1.6,8,8,0,1,1,44.232,73.98,43.332,9.647,2.894,4404.01,50,21.2,NA,0,0,0,0,0,0,0,0,0,0,0,0,0,0,0,0,0,0,0,0,0,0,0,0,0,0,0,0,0,0,0,6655.36,6082.848,5541.44,5861.952,4481.92,4361.792,3617.28,3037.856,2584.16,2458.4,2285.696,2190.976,2170.048,2069.696,2140.448,2167.584,2236.16,2161.856,2294.272,2243.264,2290.816,2367.616,2423.968,2538.912,2673.792,2724.928,2888.352,2938.176,3178.656,3210.176,3268.544,3309.12,3268.832,3106.08,3019.968,3000.832,2709.184,2602.592,2676.768,2538.112,2269.696,2177.536,2008.16,1867.392,1721.696,1663.424,1514.816,1192.736,967.136,742.656,556.832,347.296,217.888,123.392,84.032,50.592,24.48,16.832,3.456,0,0,0,0,0,0,0,0,0,0,0,0,0,0,0,0,0,0,0,0,0,0,0,0,0,0,0,0,0,0,0,0,0,0,0,0,1.973,2.701,3.548,4.405,6.075,5.839,6.996,6.964,6.889,6.807,7.45,7.857,8.481,9.353,9.911,11.318,12.595,14.193,15.047,17.32,18.54,20.514,23.05,25.557,28.945,32.572,35.796,40.102,43.523,48.485,52.073,55.399,57.871,60.479,60.776,60.746,61.815,58.126,56.598,56.04,53.82,47.441,43.127,37.835,33.523,29.025,26.396,22.988,17.717,14.073,10.535,7.679,4.668,2.893,1.598,1.066,0.628,0.298,0.201,0.041,0,0.014,0,0,0,0
2026-08-27 01:33:00,1,"Normal Scan","Normal Scan",0,"ON",1,1,1,737.6,5,20.3,97.5,53.9,0.0000000691128,0.0000181953,4.97,8954.6,8.8,736.5,1,"Up Scan","Positive",254,0,4.37,1.6,8,8,0,1,1,50.668,78.328,47.502,10.366,2.826,4181.23,50,21.2,NA,0,0,0,0,0,0,0,0,0,0,0,0,0,0,0,0,0,0,0,0,0,0,0,0,0,0,0,0,0,0,0,4681.152,5265.248,4541.28,4050.592,3520.96,3462.496,2899.424,2684.224,2466.048,2436.224,2198.816,2169.152,2194.752,2179.648,2224.608,2145.024,2295.872,2288.416,2184.064,2294.72,2458.688,2494.848,2381.728,2589.28,2576.928,2778.464,2879.52,3005.728,3176.864,3303.136,3318.624,3322.88,3418.752,3054.368,3236.736,3067.264,2866.368,2799.552,2572.544,2508.768,2266.976,2245.056,2115.744,1933.088,1811.936,1696.224,1366.4,1175.904,1011.328,716.64,530.4,392.384,223.2,132.8,86.944,44.16,40.864,5.088,6.976,3.552,0,0,0,0,0,0,0,0,0,0,0,0,0,0,0,0,0,0,0,0,0,0,0,0,0,0,0,0,0,0,0,0,0,0,0,1.589,1.905,3.075,3.629,4.171,4.571,5.544,5.602,6.099,6.505,7.385,7.543,8.404,9.481,10.421,11.761,12.496,14.59,15.843,16.568,18.879,21.865,24.106,25.278,29.476,31.76,36.528,40.361,44.164,49.247,53.36,56.506,58.835,62.74,59.939,63.621,63.352,60.904,59.549,55.681,52.734,46.837,44.398,39.278,34.323,30.668,26.969,20.986,17.533,14.705,10.166,7.321,5.325,3.034,1.72,1.104,0.55,0.497,0.06,0.081,0.042,0.069,0,0,0,0
2026-08-27 01:38:00,1,"Normal Scan","Normal Scan",0,"ON",1,1,1,737.9,5,20.6,97.5,54.2,0.0000000692028,0.0000182097,4.97,8954.6,8.8,736.5,1,"Up Scan","Positive",254,0,4.37,1.6,8,8,0,1,1,56.645,82.733,51.83,9.647,2.75,3908.67,50,21.3,NA,0,0,0,0,0,0,0,0,0,0,0,0,0,0,0,0,0,0,0,0,0,0,0,0,0,0,0,0,0,0,0,3404.736,3267.104,3383.392,3105.824,3137.568,2720.992,2526.624,2427.712,2299.808,2290.496,2162.688,1917.216,2001.088,2011.968,2154.368,2032.448,2102.368,2302.4,2301.888,2298.528,2498.048,2324.608,2492.032,2612.576,2509.504,2831.552,2894.144,3031.456,3095.936,3135.648,3260,3380.384,3336.384,3223.584,3131.008,3141.216,2755.584,2678.112,2643.744,2514.048,2322.016,2107.36,2056.32,1878.048,1745.984,1644.512,1517.856,1236.384,945.376,795.136,578.592,374.752,207.936,123.904,84.8,56.064,27.808,25.312,10.4,0,0,0,0,0,0,0,0,0,0,0,0,0,0,0,0,0,0,0,0,0,0,0,0,0,0,0,0,0,0,0,0,0,0,0,0,1.079,1.407,1.904,2.688,3.222,4.101,4.378,4.879,5.514,6.059,6.937,7.42,7.44,8.646,9.642,11.403,11.873,13.37,15.954,17.406,18.844,22.237,22.73,26.251,29.409,31.055,36.928,40.285,44.927,47.968,51.679,55.283,59.025,61.779,62.052,62.399,63.467,59.394,57.539,55.988,53.337,48.717,42.046,38.954,33.842,29.675,26.07,23.184,18.275,13.776,11.333,8.079,5.041,2.742,1.605,1.077,0.695,0.338,0.302,0.122,0,0,0,0,0,0
2026-08-27 01:43:00,1,"Normal Scan","Normal Scan",0,"ON",1,1,1,737.6,5,20.2,97.5,54.3,0.0000000690828,0.0000181905,4.97,8954.6,8.8,736.5,1,"Up Scan","Positive",254,0,4.37,1.6,8,8,0,1,1,54.385,80.813,49.787,11.14,2.8,4010.48,50,21.2,NA,0,0,0,0,0,0,0,0,0,0,0,0,0,0,0,0,0,0,0,0,0,0,0,0,0,0,0,0,0,0,0,4252.32,4194.496,4529.728,3543.872,3262.912,2954.976,2653.728,2476.384,2108.928,2069.6,1941.568,1741.152,2028.288,2103.264,1917.472,1988.64,2173.824,2188.608,2373.344,2326.656,2311.232,2548.288,2550.144,2599.84,2567.168,2910.08,2811.296,2957.664,3165.536,3188.48,3307.424,3337.088,3429.568,3219.392,3093.536,3117.984,2979.52,2737.856,2665.952,2323.712,2325.696,2173.536,1962.592,1894.88,1825.184,1636.416,1486.848,1202.496,936.448,762.144,568.416,354.304,248.736,135.712,84.64,37.536,25.76,8.448,8.672,5.376,0,0,0,0,0,0,0,0,0,0,0,0,0,0,0,0,0,0,0,0,0,0,0,0,0,0,0,0,0,0,0,0,0,0,0,1.06,1.73,2.462,3.593,3.691,4.24,4.754,5.116,5.624,5.585,6.277,6.679,6.753,8.763,10.09,10.175,11.598,13.894,15.232,17.914,19.114,20.862,24.456,26.673,29.563,31.583,37.916,39.379,44.038,48.935,52.162,56.497,59.028,62.518,61.682,61.814,63.564,61.878,58.492,56.7,50.509,48.449,42.771,37.311,34.093,30.521,26.304,22.732,17.874,13.521,10.767,7.884,4.817,3.335,1.758,1.075,0.467,0.313,0.101,0.102,0.063,0.041,0,0,0,0
2026-08-27 01:48:00,1,"Normal Scan","Normal Scan",0,"ON",1,1,1,737.7,5,20.4,97.5,53.7,0.0000000691428,0.0000182001,4.97,8954.6,8.8,736.5,1,"Up Scan","Positive",254,0,4.37,1.6,8,8,0,1,1,50.856,78.626,47.227,10.366,2.86,4206.34,50,21.2,NA,0,0,0,0,0,0,0,0,0,0,0,0,0,0,0,0,0,0,0,0,0,0,0,0,0,0,0,0,0,0,0,5148.608,5571.744,4863.552,4697.376,3815.328,3399.328,2893.664,2645.12,2331.744,2168.736,1971.136,1848.704,1889.344,1974.848,2036.064,2083.264,2108.8,2351.904,2323.392,2328.416,2534.272,2386.72,2449.44,2528.96,2653.216,2781.216,2865.184,3035.68,3127.392,3237.696,3346.72,3387.616,3388.512,3332.864,3263.232,3064.672,2954.304,2744.896,2729.088,2467.776,2105.568,2107.936,2126.624,1911.488,1796.992,1657.248,1464.768,1375.936,986.496,762.816,603.264,401.504,215.648,156.16,103.68,39.456,31.584,14.72,8.736,1.792,0,0,0,0,0,0,0,0,0,0,0,0,0,0,0,0,0,0,0,0,0,0,0,0,0,0,0,0,0,0,0,0,0,0,0,1.464,2.066,3.26,3.868,4.855,4.949,5.447,5.573,5.988,6.151,6.55,6.77,7.14,8.198,9.495,10.79,12.153,13.436,16.272,17.533,19.154,22.513,23.197,25.823,28.833,32.558,36.615,40.141,44.985,49.195,52.732,56.95,59.264,62.643,63.817,63.38,62.453,62.342,59.212,57.923,52.878,46.144,42.535,39.908,34.726,30.348,26.434,22.658,20.423,14.153,10.925,8.339,5.45,2.865,2.024,1.317,0.491,0.383,0.176,0.102,0.021,0.014,0,0,0,0
2026-08-27 01:53:00,1,"Normal Scan","Normal Scan",0,"ON",1,1,1,737.8,5,20.5,97.5,54.1,0.0000000691728,0.0000182049,4.97,8954.6,8.8,736.5,1,"Up Scan","Positive",254,0,4.37,1.6,8,8,0,1,1,48.692,76.78,45.298,9.647,2.91,4323.09,50,21.3,NA,0,0,0,0,0,0,0,0,0,0,0,0,0,0,0,0,0,0,0,0,0,0,0,0,0,0,0,0,0,0,0,7611.904,5951.136,5943.968,5138.464,3773.44,3246.528,2887.136,2491.264,2466.72,1977.504,1937.952,1769.696,1874.336,1954.208,2019.712,1894.336,2086.304,2165.952,2318.08,2390.592,2349.088,2456.256,2491.328,2574.912,2765.76,2928.768,2936.416,3084.416,3156.8,3200.672,3249.28,3201.536,3500.224,3284.128,3097.792,3091.776,2939.2,2827.168,2669.088,2406.432,2537.472,2213.728,2080.64,1963.616,1863.072,1590.752,1451.264,1253.824,1026.688,781.568,516.448,363.584,243.136,143.936,83.968,58.496,30.976,16.8,8.672,0,0,0,0,0,0,0,0,0,0,0,0,0,0,0,0,0,0,0,0,0,0,0,0,0,0,0,0,0,0,0,0,0,0,0,0,1.909,3.1,3.475,4.713,5.274,4.905,5.195,5.536,5.662,6.504,5.986,6.659,6.86,8.115,9.384,10.702,11.091,13.32,15.071,17.532,19.721,21.125,23.863,26.236,29.249,33.536,37.853,40.925,45.53,48.927,52.331,55.318,58.279,63.859,62.766,63.101,63.57,61.833,60.288,57.173,51.853,50.741,44.733,39.126,34.866,31.165,25.62,22.259,18.596,14.99,11.085,7.165,4.894,3.209,1.865,1.066,0.726,0.378,0.201,0.102,0,0,0,0,0,0
2026-08-27 01:58:00,1,"Normal Scan","Normal Scan",0,"ON",1,1,1,737.6,5,20.2,97.5,53.8,0.0000000690828,0.0000181905,4.97,8954.6,8.8,736.5,1,"Up Scan","Positive",254,0,4.37,1.6,8,8,0,1,1,41.684,72.292,41.017,9.647,2.983,4741.02,50,21.2,NA,0,0,0,0,0,0,0,0,0,0,0,0,0,0,0,0,0,0,0,0,0,0,0,0,0,0,0,0,0,0,0,10213.568,8968.224,8031.296,6455.584,5369.376,3908.512,3372.416,2632.64,1970.24,2051.04,1870.08,1743.328,1955.488,1945.376,1987.552,2119.904,2183.648,2293.888,2349.92,2436.032,2421.888,2531.232,2583.68,2567.872,2782.208,2790.528,2936.8,3080.992,3223.616,3350.848,3411.872,3478.56,3492.96,3268.32,3302.08,3092.096,2994.208,2883.968,2630.816,2642.784,2326.688,2217.088,2111.488,1927.584,1838.784,1731.168,1476.608,1278.592,1092.896,792.928,597.248,397.44,210.432,155.84,113.088,71.072,26.112,16.864,3.52,1.792,0,0,0,0,0,0,0,0,0,0,0,0,0,0,0,0,0,0,0,0,0,0,0,0,0,0,0,0,0,0,0,0,0,0,0,2.688,4.158,5.255,6.379,6.645,6.949,6.273,6.489,5.977,5.209,6.208,6.436,6.762,8.486,9.363,10.55,12.354,13.944,15.931,17.78,20.054,21.632,24.478,27.085,29.417,34.028,36.754,41.076,45.856,50.265,54.047,57.952,61.299,63.937,63.914,65.002,63.842,63.227,60.851,57.36,55.878,48.925,44.373,40.368,34.931,31.189,27.41,22.755,19.268,15.947,11.245,8.241,5.371,2.833,2.019,1.434,0.884,0.318,0.201,0.041,0.021,0.041,0,0,0,0
2026-08-27 02:03:00,1,"Normal Scan","Normal Scan",0,"ON",1,1,1,737.9,5,20.6,97.5,53.8,0.0000000692028,0.0000182097,4.97,8954.6,8.8,736.5,1,"Up Scan","Positive",254,0,4.37,1.6,8,8,0,1,1,26.351,62.305,33.558,9.647,2.993,5769.22,50,21.3,NA,0,0,0,0,0,0,0,0,0,0,0,0,0,0,0,0,0,0,0,0,0,0,0,0,0,0,0,0,0,0,0,15426.688,13550.656,12679.168,10974.496,8596.768,6581.44,5551.808,4015.808,3283.168,2514.944,2120.96,2042.208,2044.224,1966.4,2142.56,2263.936,2465.312,2280.608,2601.408,2539.616,2483.072,2608.512,2617.632,2700.096,2798.464,3095.104,3034.752,3047.904,3182.976,3479.136,3184.8,3475.904,3528.352,3424.256,3281.376,3280.864,3122.176,2920.64,2782.592,2429.344,2440.896,2105.504,2046.272,2025.952,1789.6,1620.832,1560.064,1225.856,1124.448,792.224,661.504,439.04,271.072,175.296,91.712,63.232,40.736,10.112,10.496,0,0,0,0,0,0,0,0,0,0,0,0,0,0,0,0,0,0,0,0,0,0,0,0,0,0,0,0,0,0,0,0,0,0,0,0,4.017,6.249,7.958,9.981,11.315,11.165,10.538,10.647,9.084,8.626,7.581,7.291,7.904,8.823,9.485,11.353,13.158,15.633,15.881,19.566,20.848,22.379,25.206,27.311,30.647,34.015,39.846,42.283,45.534,50.066,56.23,55.489,61.644,64.844,65.107,65.244,65.515,64.823,61.94,59.103,52.53,51.043,43.365,39.327,36.692,31.049,26.378,24.053,18.301,16.432,11.228,9.132,5.926,3.601,2.274,1.162,0.785,0.497,0.121,0.122,0,0.014,0,0,0,0
2026-08-27 02:08:00,1,"Normal Scan","Normal Scan",0,"ON",1,1,1,737.5,5,20.1,97.5,54,0.0000000690528,0.0000181857,4.97,8954.6,8.8,736.5,1,"Up Scan","Positive",254,0,4.37,1.6,8,8,0,1,1,30.283,64.968,35.518,9.647,2.987,5609.61,50,21.2,NA,0,0,0,0,0,0,0,0,0,0,0,0,0,0,0,0,0,0,0,0,0,0,0,0,0,0,0,0,0,0,0,13187.904,11641.824,10835.552,10091.136,8178.304,6949.312,5490.24,4042.272,3411.744,2596.256,2158.016,1956.224,1945.6,1920.288,2237.92,2209.248,2368.768,2353.536,2422.336,2430.048,2571.232,2625.664,2796.896,2834.144,3034.144,2857.888,3084.512,3193.408,3332.576,3572.224,3557.504,3518.88,3506.72,3531.232,3449.536,3201.024,3223.008,2986.272,2689.216,2597.408,2488.096,2280.256,2074.176,1966.944,1833.28,1699.104,1490.464,1344.544,1100.672,862.176,579.104,454.816,304.704,199.008,113.888,66.368,32.512,16.864,6.944,3.584,0,0,0,0,0,0,0,0,0,0,0,0,0,0,0,0,0,0,0,0,0,0,0,0,0,0,0,0,0,0,0,0,0,0,0,3.611,5.353,6.849,8.601,10.381,10.627,11.105,10.548,9.149,8.991,7.825,7.434,7.583,8.439,9.252,11.835,12.881,15.071,16.422,18.391,20.146,22.927,25.457,29.111,32.095,36.903,37.714,43.009,47.445,51.833,57.782,60.311,62.981,64.243,67.013,68.025,65.692,66.189,63.24,58.274,55.316,51.8,45.964,40.516,35.704,31.697,27.805,23.402,20.073,16.156,12.158,8.019,6.155,4.039,2.579,1.448,0.825,0.398,0.201,0.081,0.042,0.014,0,0,0,0
2026-08-27 02:13:00,1,"Normal Scan","Normal Scan",0,"ON",1,1,1,737.8,5,20.5,97.5,53.5,0.0000000691728,0.0000182049,4.97,8954.6,8.8,736.5,1,"Up Scan","Positive",254,0,4.37,1.6,8,8,0,1,1,34.868,67.202,37.563,9.647,2.962,5518.89,50,21.3,NA,0,0,0,0,0,0,0,0,0,0,0,0,0,0,0,0,0,0,0,0,0,0,0,0,0,0,0,0,0,0,0,11404.224,10523.456,9926.56,9222.784,7226.784,6391.712,5277.6,3888.864,3378.208,2314.368,2321.6,2095.616,1949.856,2186.464,2158.432,2176.64,2434.496,2541.76,2592.064,2701.952,2828.256,2765.344,2853.792,2856.224,3078.88,3176.192,3332.864,3320.032,3315.616,3437.12,3635.2,3616.096,3781.728,3618.56,3526.208,3514.944,3385.76,3221.44,2978.272,2755.424,2707.872,2268.224,2132.928,1909.632,1739.008,1617.6,1466.944,1296.896,1073.696,834.656,660.352,468.032,294.56,183.264,101.856,61.6,42.624,18.528,7.008,7.744,0,0,0,0,0,0,0,0,0,0,0,0,0,0,0,0,0,0,0,0,0,0,0,0,0,0,0,0,0,0,0,0,0,0,0,3.208,4.656,6.174,7.874,9.501,9.408,10.218,10.128,8.807,8.878,6.983,7.968,8.127,8.46,10.499,11.482,12.758,15.501,17.657,19.561,22.261,25.184,26.836,29.778,32.298,37.159,41.205,46.258,49.209,52.194,57.343,62.109,65.191,69.212,69.265,70.17,69.713,68.782,66.089,61.381,57.164,54.806,45.803,40.908,35.311,30.484,26.636,22.881,19.368,15.622,11.968,9.105,6.353,3.94,2.373,1.294,0.766,0.517,0.221,0.081,0.085,0.014,0,0,0,0
2026-08-27 02:18:00,1,"Normal Scan","Normal Scan",0,"ON",1,1,1,737.6,5,20.2,97.5,54,0.0000000690828,0.0000181905,4.97,8954.6,8.8,736.5,1,"Up Scan","Positive",254,0,4.37,1.6,8,8,0,1,1,39.327,70.079,39.751,9.647,2.952,5376.86,50,21.2,NA,0,0,0,0,0,0,0,0,0,0,0,0,0,0,0,0,0,0,0,0,0,0,0,0,0,0,0,0,0,0,0,10793.92,9809.024,8733.312,7649.024,6751.712,5530.88,4435.232,3526.592,2821.888,2480.928,2133.984,2131.584,2065.792,2176.096,2061.312,2272.608,2539.328,2625.696,2519.904,2913.504,2833.408,2908.032,2940.544,3079.04,3336.416,3197.088,3454.432,3398.784,3546.304,3730.368,3703.584,3759.968,3747.872,3651.84,3867.968,3481.248,3335.136,3062.656,2900.224,2646.4,2436.096,2402.016,2125.408,2064.864,1807.936,1764.384,1563.04,1363.104,1195.136,899.456,640.128,463.52,316.896,199.296,119.104,83.84,35.872,16.896,5.248,3.584,0,0,0,0,0,0,0,0,0,0,0,0,0,0,0,0,0,0,0,0,0,0,0,0,0,0,0,0,0,0,0,0,0,0,0,2.886,4.382,5.701,6.955,7.902,8.775,8.854,8.528,7.999,7.441,7.504,7.343,8.274,8.968,10.461,11.03,13.292,16.189,18.242,19.222,23.952,25.262,28.179,30.647,34.761,40.112,41.875,47.563,50.226,55.518,60.67,63.307,66.215,68.87,69.137,73.672,70.523,68.496,64.839,61.881,56.886,51.555,48.767,41.674,37.423,31.528,28.806,24.459,20.482,17.606,12.698,8.864,6.278,4.204,2.579,1.511,1.041,0.437,0.201,0.061,0.042,0.014,0,0,0,0
2026-08-27 02:23:00,1,"Normal Scan","Normal Scan",0,"ON",1,1,1,737.6,5,20.2,97.5,53.6,0.0000000690828,0.0000181905,4.97,8954.6,8.8,736.5,1,"Up Scan","Positive",254,0,4.37,1.6,8,8,0,1,1,49.369,77.251,46.113,10.366,2.867,4904.28,50,21.1,NA,0,0,0,0,0,0,0,0,0,0,0,0,0,0,0,0,0,0,0,0,0,0,0,0,0,0,0,0,0,0,0,6708.096,7161.728,6275.296,5064.448,4721.024,3932.928,3448.8,2792.832,2628.48,2224.864,2143.072,2031.872,2155.808,2192.064,2348.576,2493.312,2541.28,2666.912,2635.808,2780.192,2955.488,2895.68,3111.872,3164.768,3281.184,3371.008,3397.696,3586.176,3578.08,3708.576,3720.288,3815.424,3901.312,3863.488,3699.584,3629.312,3409.312,3245.472,2895.424,2685.984,2674.464,2290.368,2196.32,1985.792,1930.048,1793.28,1663.104,1363.008,1295.52,947.936,691.904,465.344,334.336,180.992,124.192,59.936,37.536,30.304,5.216,3.808,0,0,0,0,0,0,0,0,0,0,0,0,0,0,0,0,0,0,0,0,0,0,0,0,0,0,0,0,0,0,0,0,0,0,0,2.034,2.739,4.202,4.977,5.238,6.119,6.327,6.662,6.346,6.924,6.751,7.384,7.902,9.362,10.548,12.466,14.542,16.21,18.602,20.074,22.956,26.364,28.081,32.362,35.649,39.498,43.603,47.132,52.989,55.937,61.01,63.726,67.837,70.408,72.791,72.644,72.305,70.27,67.521,62.817,58.078,55.285,47.815,43.215,37.124,33.141,29.517,25.742,20.526,18.744,13.537,9.585,6.282,4.468,2.343,1.576,0.746,0.457,0.362,0.061,0.042,0.028,0,0,0,0
2026-08-27 02:28:00,1,"Normal Scan","Normal Scan",0,"ON",1,1,1,737.7,5,20.4,97.5,54.2,0.0000000691428,0.0000182001,4.97,8954.6,8.8,736.5,1,"Up Scan","Positive",254,0,4.37,1.6,8,8,0,1,1,48.593,76.967,45.963,9.647,2.861,4950.93,50,21.2,NA,0,0,0,0,0,0,0,0,0,0,0,0,0,0,0,0,0,0,0,0,0,0,0,0,0,0,0,0,0,0,0,6841.728,6415.36,5404.32,5641.856,5051.808,4509.184,3797.28,3301.792,2696.256,2336.448,2071.424,2103.2,2014.656,2275.872,2383.904,2440.896,2482.176,2701.376,2747.936,2882.912,2982.976,3166.496,3088.128,3095.456,3230.976,3358.176,3468.416,3538.144,3471.616,3779.488,3716.896,3648.192,3675.136,3786.656,3812.64,3617.408,3447.232,3429.472,3010.784,2894.816,2586.464,2466.144,2331.072,2066.72,1969.44,1762.752,1571.744,1333.856,1130.336,882.496,726.144,458.144,292.224,203.648,161.472,86.848,33.088,33.28,8.768,5.632,0,0,0,0,0,0,0,0,0,0,0,0,0,0,0,0,0,0,0,0,0,0,0,0,0,0,0,0,0,0,0,0,0,0,0,1.63,2.752,3.772,4.339,5.816,6.58,7.231,7.279,7.467,7.106,7.068,7.147,8.15,8.75,10.935,12.661,14.26,15.921,18.814,20.776,23.695,26.541,30.388,32.175,34.701,39.303,43.263,47.721,51.835,54.9,61.84,64.065,66.171,68.905,72.399,74.053,72.993,71.323,70.497,63.968,60.585,53.889,49.058,44.447,38.595,33.892,28.74,24.718,20.393,16.59,12.613,10.074,6.242,3.91,2.638,2.053,1.08,0.403,0.397,0.102,0.063,0.028,0,0,0,0
2026-08-27 02:33:00,1,"Normal Scan","Normal Scan",0,"ON",1,1,1,737.4,5,20,97.5,54.1,0.0000000690228,0.0000181809,4.97,8954.6,8.8,736.5,1,"Up Scan","Positive",254,0,4.37,1.6,8,8,0,1,1,48.548,77.105,45.85,9.647,2.875,5092.57,50,21,NA,0,0,0,0,0,0,0,0,0,0,0,0,0,0,0,0,0,0,0,0,0,0,0,0,0,0,0,0,0,0,0,6633.28,6427.2,6505.792,6161.632,5188.032,4658.112,3936.192,3378.592,2835.68,2282.528,2133.472,2204.192,2075.392,2093.12,2300.576,2448.768,2688.928,2724.192,2929.216,2913.44,3030.112,3098.368,2993.664,3000.384,3277.216,3334.272,3544.704,3708.416,3659.104,3719.168,3833.152,3921.6,3816.416,4011.328,3872.256,3745.856,3435.52,3419.072,3231.392,2891.296,2744.128,2488.352,2429.728,2048.32,1961.76,1842.496,1696.064,1469.856,1182.08,979.392,754.08,491.488,346.432,193.76,128.672,79.456,38.752,13.472,6.976,5.376,0,0,0,0,0,0,0,0,0,0,0,0,0,0,0,0,0,0,0,0,0,0,0,0,0,0,0,0,0,0,0,0,0,0,0,1.795,2.714,3.75,5.167,6.358,6.751,7.465,7.611,7.655,7.468,6.92,7.339,8.557,9.009,10.124,12.239,14.32,17.153,18.898,22.048,23.942,26.957,29.822,31.618,34.109,39.593,43.45,49.17,54.159,57.627,61.585,65.776,70.133,71.407,75.733,75.978,75.228,72.36,70.909,67.264,61.868,57.457,50.608,46.445,38.461,34.211,30.303,26.276,22.009,17.485,13.81,10.381,6.679,4.629,2.515,1.635,0.985,0.474,0.161,0.081,0.063,0.041,0,0,0,0
2026-08-27 02:38:00,1,"Normal Scan","Normal Scan",0,"ON",1,1,1,737.8,5,20.5,97.5,54.2,0.0000000691728,0.0000182049,4.97,8954.6,8.8,736.5,1,"Up Scan","Positive",254,0,4.37,1.6,8,8,0,1,1,42.74,73.382,44.233,9.647,2.777,5505.83,50,21.2,NA,0,0,0,0,0,0,0,0,0,0,0,0,0,0,0,0,0,0,0,0,0,0,0,0,0,0,0,0,0,0,0,6120.896,5983.456,5895.872,5497.632,5731.36,4868.096,4513.312,4138.912,3474.912,3398.528,3145.248,3070.56,3105.12,3199.776,3431.872,3517.504,3536,3721.44,3746.912,3789.76,3587.648,3587.52,3540.544,3395.552,3436.032,3473.6,3564,3707.168,3640.128,3664.256,3712.512,3754.752,3814.816,3928.64,3903.264,3696.48,3768.608,3390.592,3310.368,2916.448,2601.952,2500.352,2176.512,2147.488,1939.552,1774.272,1547.04,1479.104,1224.32,1011.296,735.168,511.232,347.712,229.888,143.456,58.464,35.936,23.584,16.384,2.88,0,0,0,0,0,0,0,0,0,0,0,0,0,0,0,0,0,0,0,0,0,0,0,0,0,0,0,0,0,0,0,0,0,0,0,1.712,2.503,3.498,4.701,5.669,7.446,7.815,8.704,9.389,9.175,10.301,10.837,11.906,13.459,15.37,18.153,20.378,22.389,25.572,27.907,30.578,31.452,34.041,36.423,37.638,41.161,44.713,49.163,54.089,57.036,60.874,65.143,68.204,71.634,74.438,75.649,74.299,75.272,71.001,68.909,60.831,55.277,50.304,44.026,39.431,33.918,29.372,24.546,22.244,17.761,14.385,10.225,6.939,4.625,2.977,1.822,0.725,0.437,0.282,0.191,0.034,0.028,0,0,0,0
2026-08-27 02:43:00,1,"Normal Scan","Normal Scan",0,"ON",1,1,1,737.4,5,20,97.5,54.4,0.0000000690228,0.0000181809,4.97,8954.6,8.8,736.5,1,"Up Scan","Positive",254,0,4.37,1.6,8,8,0,1,1,41.044,72.532,43.897,11.14,2.742,5731.9,50,21,NA,0,0,0,0,0,0,0,0,0,0,0,0,0,0,0,0,0,0,0,0,0,0,0,0,0,0,0,0,0,0,0,5636.512,5064.16,5855.264,5419.008,5444.384,5304,5151.84,4483.328,4183.296,3964.736,3835.488,3689.888,3831.456,3812.096,3917.696,3961.984,3939.52,3994.272,4001.216,3864.32,3885.28,3749.76,3518.528,3709.248,3583.232,3639.968,3502.464,3694.144,3576.544,3741.6,3706.368,3898.592,3757.088,3916.992,3860.544,3739.2,3646.88,3455.264,3294.176,2939.904,2801.408,2499.84,2292.832,2115.52,2001.056,1809.024,1714.944,1482.4,1240.416,1078.784,815.712,519.36,366.304,216.352,153.856,79.2,31.04,18.56,13.952,0,0,0,0,0,0,0,0,0,0,0,0,0,0,0,0,0,0,0,0,0,0,0,0,0,0,0,0,0,0,0,0,0,0,0,0,1.526,2.291,2.965,4.624,5.624,7.123,8.558,9.932,10.201,11.06,12.012,13.185,14.27,16.553,18.257,20.63,22.906,24.875,27.366,29.833,31.277,33.898,35.412,36.172,40.656,42.646,46.474,48.531,53.892,56.704,61.772,64.752,70.055,71.18,74.589,76.259,75.172,74.77,72.084,69.027,62.69,58.7,51.129,45.562,40.25,34.905,29.99,26.908,22.476,18.076,15.22,11.324,7.019,4.907,2.803,1.954,0.985,0.378,0.221,0.163,0,0.055,0,0,0,0
2026-08-27 02:48:00,1,"Normal Scan","Normal Scan",0,"ON",1,1,1,737.7,5,20.5,97.4,54,0.0000000692438,0.0000182049,4.97,8954.6,8.8,736.5,1,"Up Scan","Positive",254,0,4.37,1.6,8,8,0,1,1,36.006,69.066,41.47,12.864,2.715,6168.04,50,21.2,NA,0,0,0,0,0,0,0,0,0,0,0,0,0,0,0,0,0,0,0,0,0,0,0,0,0,0,0,0,0,0,0,5286.336,5857.44,5350.4,5561.856,6316.832,6135.84,6013.504,5644.64,5527.232,5932.128,5095.616,5005.664,4785.568,4851.744,4522.368,4415.904,4432,4515.328,4356.992,4146.784,3976.064,3740.448,3754.048,3439.04,3498.24,3367.904,3516.128,3400.992,3707.04,3597.856,3843.68,3767.232,3894.016,3915.808,3909.792,3612.576,3575.232,3354.496,3194.208,2826.688,2822.816,2532.864,2362.176,2213.344,2014.4,1887.04,1700.16,1528.064,1358.112,1024.672,837.216,553.44,340.928,254.464,167.392,72.864,35.936,11.776,8.704,5.344,0,0,0,0,0,0,0,0,0,0,0,0,0,0,0,0,0,0,0,0,0,0,0,0,0,0,0,0,0,0,0,0,0,0,0,1.423,2.154,3.417,4.246,5.763,8.196,9.868,11.591,12.825,14.604,17.924,17.493,19.29,20.614,23.11,23.759,25.444,27.813,30.796,32.183,33.246,34.443,35.239,38.011,38.282,41.611,43.711,48.533,51.054,57.614,60.127,65.899,68.152,72.17,74.37,77.057,73.976,74.217,71.193,68.183,61.304,59.236,52.593,46.452,41.683,35.549,30.913,26.892,23.143,19.803,14.473,11.528,7.507,4.556,3.294,2.123,0.903,0.437,0.141,0.102,0.064,0.042,0,0,0,0
2026-08-27 02:53:00,1,"Normal Scan","Normal Scan",0,"ON",1,1,1,738.1,5,21,97.4,53.9,0.0000000693939,0.0000182289,4.97,8954.6,8.8,736.5,1,"Up Scan","Positive",254,0,4.37,1.6,8,8,0,1,1,35.205,69.717,41.259,11.971,2.753,6060.58,50,21.4,NA,0,0,0,0,0,0,0,0,0,0,0,0,0,0,0,0,0,0,0,0,0,0,0,0,0,0,0,0,0,0,0,5526.752,5922.112,5306.144,6175.36,5936.416,6006.816,5953.184,5973.536,5854.432,5959.072,5373.984,5052.224,4808.16,4624.416,4361.6,4242.976,4109.952,3938.144,3895.52,3772.384,3441.632,3367.072,3336.8,3257.568,3059.584,3284.224,3356.48,3449.408,3591.136,3642.368,3705.664,3651.808,3826.144,3813.024,3740.48,3608.384,3662.24,3452.064,3167.456,3053.472,2793.504,2429.888,2231.008,2183.584,2027.872,1813.632,1625.984,1625.568,1324.928,1141.472,847.264,578.976,412.576,285.696,169.152,88.544,57.12,21.952,10.464,8.992,0,0,0,0,0,0,0,0,0,0,0,0,0,0,0,0,0,0,0,0,0,0,0,0,0,0,0,0,0,0,0,0,0,0,0,1.329,2.253,3.42,4.245,6.388,7.707,9.635,11.47,13.576,15.44,17.994,18.382,19.444,20.647,21.99,22.848,24.334,25.741,26.912,28.84,30.207,30.114,31.95,34.324,36.323,37.286,42.57,46.482,51.3,56.165,60.13,64.389,67.462,70.856,73.681,74.783,73.135,74.432,72.924,67.68,64.717,58.406,51.705,45.879,41.651,35.91,30.551,26.18,24.601,19.452,16.201,11.734,7.89,5.459,3.694,2.148,1.1,0.695,0.261,0.122,0.108,0.014,0,0,0,0
2026-08-27 02:58:00,1,"Normal Scan","Normal Scan",0,"ON",1,1,1,738.9,5,22.1,97.4,53.4,0.0000000697243,0.0000182815,4.97,8954.6,8.8,736.5,1,"Up Scan","Positive",254,0,4.37,1.6,8,8,0,1,1,36.451,71.351,41.979,9.647,2.792,5970.13,49,21.8,NA,0,0,0,0,0,0,0,0,0,0,0,0,0,0,0,0,0,0,0,0,0,0,0,0,0,0,0,0,0,0,0,6653.92,6359.52,5990.432,5694.464,5543.072,5763.648,5174.432,5308.736,5556.16,5125.408,4656.448,4852.992,4619.04,4372.16,4218.912,4143.104,4002.976,3863.104,3756.16,3491.648,3191.84,3186.816,3141.088,3165.088,3308.672,3362.112,3428.032,3342.688,3598.24,3675.648,3649.568,3811.968,4039.648,3793.376,3678.592,3932.384,3634.048,3464.864,3119.392,3043.424,2756,2467.392,2368,2217.44,2133.664,1895.168,1695.136,1625.472,1455.392,1174.08,840.864,661.184,458.24,268.864,154.336,85.6,30.912,33.824,8.704,0,0,0,0,0,0,0,0,0,0,0,0,0,0,0,0,0,0,0,0,0,0,0,0,0,0,0,0,0,0,0,0,0,0,0,0,1.712,2.676,3.698,4.733,5.904,7.215,9.225,9.934,11.998,14.63,15.463,15.957,18.644,19.795,20.751,22.063,23.709,25.005,26.323,27.81,28.183,28.243,30.401,32.417,35.532,39.879,43.338,47.657,50.489,55.838,61.194,64.203,68.512,74.175,73.733,73.808,78.135,75.219,73.509,68.143,65.006,59.17,52.766,48.009,42.097,38.035,32.048,26.929,24.58,21.064,16.52,11.68,8.897,6.068,3.477,1.955,1.065,0.377,0.402,0.102,0,0.023,0,0,0,0
2026-08-27 03:03:00,1,"Normal Scan","Normal Scan",0,"ON",1,1,1,739.5,5,22.9,97.4,52.8,0.0000000699647,0.0000183197,4.97,8954.6,8.8,736.5,1,"Up Scan","Positive",254,0,4.37,1.6,8,8,0,1,1,42.072,75.13,45.612,12.864,2.737,5685.58,48,22.3,NA,0,0,0,0,0,0,0,0,0,0,0,0,0,0,0,0,0,0,0,0,0,0,0,0,0,0,0,0,0,0,0,4628.896,4385.12,4640.8,4589.344,5010.624,4561.12,4693.728,4765.44,4757.92,4673.312,4715.36,4380.128,4262.432,4227.296,4080.832,4170.816,4034.752,3962.144,3760.192,3446.624,3366.4,3262.88,3199.392,3157.152,3357.024,3363.808,3477.6,3491.264,3922.4,3792.8,3986.496,3898.944,3983.168,4086.56,3861.472,4055.36,3630.432,3548.032,3308.32,3057.376,2835.008,2540.256,2471.68,2233.696,2063.456,1904.256,1786.176,1572.8,1422.688,1038.816,867.168,591.488,449.344,254.848,145.408,89.984,52.224,35.488,14.496,15.552,0,0,0,0,0,0,0,0,0,0,0,0,0,0,0,0,0,0,0,0,0,0,0,0,0,0,0,0,0,0,0,0,0,0,0,1.141,1.88,2.565,3.692,4.752,6.501,7.311,8.995,10.793,12.496,14.093,16.126,16.852,18.317,20.073,21.345,23.903,25.24,26.958,27.854,27.901,29.573,31.178,33.169,35.85,40.553,43.895,48.317,52.355,60.71,63.129,68.53,70.492,74.038,77.712,76.541,80.168,75.851,74.442,70.23,65.338,59.851,53.42,48.73,42.031,36.631,32.187,28.141,23.747,20.773,14.789,12.059,8.103,5.95,3.293,1.843,1.117,0.635,0.422,0.169,0.194,0.029,0,0,0,0
2026-08-27 03:08:00,1,"Normal Scan","Normal Scan",0,"ON",1,1,1,738.8,5,21.9,97.4,52.3,0.0000000696643,0.0000182719,4.97,8954.6,8.8,736.5,1,"Up Scan","Positive",254,0,4.37,1.6,8,8,0,1,1,46.976,78.359,49.068,28.387,2.662,5499.8,48,22.3,NA,0,0,0,0,0,0,0,0,0,0,0,0,0,0,0,0,0,0,0,0,0,0,0,0,0,0,0,0,0,0,0,3652,2968.352,3389.216,3498.08,3451.84,3660.288,4187.072,4017.472,4305.024,4382.88,4157.888,4473.792,4366.272,4334.976,4318.528,4540.096,4217.472,4066.592,3807.328,3632.832,3582.72,3386.592,3317.824,3435.552,3481.408,3464.928,3622.528,3914.624,3761.632,3941.472,4015.52,4207.424,4099.968,4258.016,4096.064,3872.352,3586.528,3577.12,3298.112,3039.68,2858.72,2657.216,2436.992,2119.392,2135.424,1941.28,1823.616,1568.16,1315.328,1117.248,879.488,620.256,471.84,292.672,175.008,102.464,42.496,32.032,10.496,5.376,0,0,0,0,0,0,0,0,0,0,0,0,0,0,0,0,0,0,0,0,0,0,0,0,0,0,0,0,0,0,0,0,0,0,0,0.841,1.444,1.744,2.668,3.604,4.477,5.884,8.07,9.143,11.377,13.257,14.263,17.21,18.763,20.629,22.606,25.993,26.409,27.702,28.297,29.429,31.365,32.457,34.562,38.462,41.886,45.436,50.53,57.216,59.797,64.766,68.494,74.665,75.872,79.926,80.003,78.304,75.378,74.237,70.639,65.422,60.562,54.974,48.64,40.811,37.879,33.001,29.019,23.89,19.21,15.871,12.167,8.411,6.223,3.787,2.222,1.274,0.516,0.382,0.122,0.066,0,0,0,0,0
2026-08-27 03:13:00,1,"Normal Scan","Normal Scan",0,"ON",1,1,1,738,5,20.9,97.4,51.6,0.0000000693639,0.0000182241,4.97,8954.6,8.8,736.5,1,"Up Scan","Positive",254,0,4.37,1.6,8,8,0,1,1,51.399,80.748,51.599,83.536,2.618,5444.93,48,22.1,NA,0,0,0,0,0,0,0,0,0,0,0,0,0,0,0,0,0,0,0,0,0,0,0,0,0,0,0,0,0,0,0,2672.576,2687.072,3097.184,2731.52,3563.52,3469.376,3640.416,3692.416,3928.864,3912.256,3827.296,3848.608,4095.552,3999.488,4226.304,4276.224,4089.12,4046.976,3959.168,3750.368,3661.92,3585.824,3622.24,3722.784,3730.048,3813.696,3951.68,4065.344,4273.248,4209.856,4400.288,4396.48,4325.472,4220.576,4085.088,4062.272,3809.696,3531.68,3422.016,3098.944,2852.256,2554.176,2351.84,2284.416,2199.936,1829.984,1686.048,1670.304,1419.904,1122.496,934.496,637.472,476.64,286.88,170.144,123.2,70.272,38.784,19.2,5.824,0,0,0,0,0,0,0,0,0,0,0,0,0,0,0,0,0,0,0,0,0,0,0,0,0,0,0,0,0,0,0,0,0,0,0,0.695,1.058,1.607,2.48,2.822,4.661,5.588,7.046,8.394,10.388,11.883,13.153,14.88,17.638,19.092,22.184,24.572,25.739,27.73,29.539,30.445,32.349,34.379,37.708,41.833,45.064,49.538,54.884,59.262,65.563,68.694,74.204,77.197,78.983,80.089,80.029,80.528,77.677,74.927,73.009,65.85,60.509,54.475,48.034,43.645,39.222,31.592,27.155,25.325,20.955,16.186,12.991,8.656,6.325,3.714,2.16,1.53,0.854,0.462,0.224,0.065,0.014,0,0,0,0
2026-08-27 03:18:00,1,"Normal Scan","Normal Scan",0,"ON",1,1,1,737.8,5,20.6,97.4,51.2,0.0000000692738,0.0000182097,4.97,8954.6,8.8,736.5,1,"Up Scan","Positive",254,0,4.37,1.6,8,8,0,1,1,56.726,83.237,54.22,103.663,2.586,5441.49,48,21.8,NA,0,0,0,0,0,0,0,0,0,0,0,0,0,0,0,0,0,0,0,0,0,0,0,0,0,0,0,0,0,0,0,2273.824,2850.816,2342.56,2797.824,3012.768,3560.384,3117.472,3206.016,3673.024,3622.688,3515.52,3767.392,3721.088,3956.704,4007.52,4060.384,3780.448,3814.4,3804.384,3504.192,3369.856,3328.128,3639.68,3853.28,4031.872,4162.4,4359.008,4403.392,4652.768,4598.912,4739.776,4769.248,4527.552,4788.288,4593.504,4282.528,3913.6,3690.272,3658.144,3215.424,2912.064,2636.864,2458.56,2213.056,2143.712,1951.072,1825.504,1682.08,1420.192,1243.904,888.64,649.632,413.472,353.152,189.856,88.384,42.4,27.072,12.704,8.384,0,0,0,0,0,0,0,0,0,0,0,0,0,0,0,0,0,0,0,0,0,0,0,0,0,0,0,0,0,0,0,0,0,0,0,0.633,0.933,1.669,1.849,2.886,3.917,5.713,6.022,7.316,9.719,10.984,12.11,14.543,16.041,18.873,21.029,23.329,23.782,26.224,28.525,28.873,30.336,32.631,38.298,43.563,48.739,54.212,59.796,64.509,71.695,74.707,79.456,82.577,83.069,88.363,87.305,84.45,80.297,76.741,76.807,68.399,62.003,55.445,50.446,42.653,38.393,32.69,29.543,25.697,20.692,17.537,12.383,8.825,5.485,4.571,2.406,1.099,0.517,0.322,0.149,0.101,0.028,0,0,0,0
2026-08-27 03:23:00,1,"Normal Scan","Normal Scan",0,"ON",1,1,1,738.1,5,21,97.4,51.7,0.0000000693939,0.0000182289,4.97,8954.6,8.8,736.5,1,"Up Scan","Positive",254,0,4.37,1.6,8,8,0,1,1,60.747,85.091,56.266,96.466,2.564,5387.14,49,21.9,NA,0,0,0,0,0,0,0,0,0,0,0,0,0,0,0,0,0,0,0,0,0,0,0,0,0,0,0,0,0,0,0,2646.976,2603.456,2361.376,2453.984,3206.272,2720.032,2646.944,2912,3204.992,3432,3263.904,3512.224,3526.72,3436.448,3680.192,3559.424,3632.544,3577.088,3646.624,3459.392,3267.616,3436.8,3548.352,3885.76,4042.784,4253.888,4488.064,4757.088,4915.168,4839.616,4992.448,5018.272,5089.152,4927.744,4741.088,4666.208,4149.312,3708.672,3612.928,3340.288,2993.856,2603.616,2521.408,2429.12,2130.688,1928.16,1833.664,1566.656,1421.888,1061.344,942.88,686.176,450.72,311.552,151.04,88.224,57.408,30.4,8.704,7.136,0,0,0,0,0,0,0,0,0,0,0,0,0,0,0,0,0,0,0,0,0,0,0,0,0,0,0,0,0,0,0,0,0,0,0,0.716,1.058,1.507,1.883,2.544,4.162,4.368,5.123,6.64,8.468,10.389,11.213,13.571,15.214,16.432,19.326,20.516,22.891,24.662,27.441,28.552,29.612,33.782,37.877,44.262,49.408,55.495,62.39,69.578,75.085,78.673,83.656,86.4,90.44,90.773,90.059,89.442,83.871,78.094,75.57,69.924,62.924,54.808,50.016,45.67,38.455,32.704,29.255,23.769,20.653,15.188,13.033,9.301,5.946,4.031,1.915,1.098,0.698,0.362,0.102,0.086,0,0,0,0,0
2026-08-27 03:28:00,1,"Normal Scan","Normal Scan",0,"ON",1,1,1,737.6,5,20.4,97.4,52.3,0.0000000692138,0.0000182001,4.97,8954.6,8.8,736.5,1,"Up Scan","Positive",254,0,4.37,1.6,8,8,0,1,1,62.958,87.223,58.338,89.769,2.532,5397.7,49,21.7,NA,0,0,0,0,0,0,0,0,0,0,0,0,0,0,0,0,0,0,0,0,0,0,0,0,0,0,0,0,0,0,0,2099.104,2296.256,1983.296,2474.368,2332.992,2627.296,2657.312,2912.384,3112.032,3153.152,3290.304,3289.248,3406.72,3376.192,3546.432,3705.28,3771.392,3514.752,3509.024,3685.248,3376.64,3688.416,3671.168,4044.288,4103.68,4195.776,4603.584,4796.48,4783.456,5195.392,5130.208,5240.704,5194.752,5109.088,4798.72,4639.808,4322.176,3932.896,3625.568,3505.536,3099.808,2806.304,2532.352,2369.856,2206.208,1934.976,1856.192,1665.152,1430.496,1213.216,953.6,712.416,485.6,339.168,199.52,108,65.376,25.28,12.256,9.376,0,0,0,0,0,0,0,0,0,0,0,0,0,0,0,0,0,0,0,0,0,0,0,0,0,0,0,0,0,0,0,0,0,0,0,0.612,0.872,1.333,1.589,2.578,3.068,4.221,5.127,6.621,8.218,9.559,11.328,12.723,14.714,16.135,18.713,21.357,23.847,24.339,26.573,30.245,30.43,35.988,39.012,45.947,50.453,55.313,64.113,70.312,74.1,83.195,86.042,90.19,92.437,93.973,91.899,90.536,86.558,81.675,76.461,73.122,65.412,58.284,50.966,45.849,39.77,33.169,29.946,25.577,21,17.319,13.169,9.698,6.446,4.393,2.533,1.344,0.795,0.302,0.142,0.107,0.014,0,0,0,0
2026-08-27 03:33:00,1,"Normal Scan","Normal Scan",0,"ON",1,1,1,737.5,5,20.3,97.3,52.2,0.0000000692549,0.0000181953,4.97,8954.6,8.8,736.5,1,"Up Scan","Positive",254,0,4.37,1.6,8,8,0,1,1,63.982,86.945,58.007,89.769,2.553,5373.52,49,21.5,NA,0,0,0,0,0,0,0,0,0,0,0,0,0,0,0,0,0,0,0,0,0,0,0,0,0,0,0,0,0,0,0,2438.688,2098.528,2638.304,2499.552,2773.888,2596.416,2936.672,3174.944,3138.368,3003.296,3348.736,3026.496,3307.872,3264.48,3330.592,3307.296,3318.176,3257.024,3300.32,3397.728,3221.952,3427.488,3518.784,3736.992,3889.632,4365.632,4698.272,4860.192,4883.072,5224.512,5269.632,5426.976,5099.2,5200.096,4981.408,4675.616,4502.848,4106.048,3753.792,3425.6,3003.232,2763.84,2506.048,2303.68,2114.464,2025.44,1830.176,1653.024,1432.544,1228,950.976,605.824,460.512,276.224,198.144,102.72,45.504,16.8,8.672,1.792,0,0,0,0,0,0,0,0,0,0,0,0,0,0,0,0,0,0,0,0,0,0,0,0,0,0,0,0,0,0,0,0,0,0,0,0.622,0.984,1.221,2.095,2.594,3.623,4.182,5.655,7.216,8.285,9.113,11.511,11.73,14.24,15.606,17.563,19.118,21.022,22.564,24.991,28.026,29.35,33.901,37.659,43.12,48.633,57.36,64.99,71.409,75.929,84.169,88.092,92.85,92.018,94.932,93.512,90.835,88.968,83.532,77.689,72.401,63.218,57.165,50.656,44.484,37.641,33.99,29.154,25.068,21.109,17.266,13.1,8.169,6.076,3.578,2.518,1.276,0.556,0.201,0.102,0.022,0,0,0,0,0
2026-08-27 03:38:00,1,"Normal Scan","Normal Scan",0,"ON",1,1,1,737.8,5,20.6,97.4,52.9,0.0000000692738,0.0000182097,4.97,8954.6,8.8,736.5,1,"Up Scan","Positive",254,0,4.37,1.6,8,8,0,1,1,66.68,89.341,59.756,89.769,2.558,5279.62,49,21.6,NA,0,0,0,0,0,0,0,0,0,0,0,0,0,0,0,0,0,0,0,0,0,0,0,0,0,0,0,0,0,0,0,2172,2184.864,2409.344,2476.416,2574.912,2764.672,2925.792,2879.168,3041.088,2904.416,2874.208,3044.576,2828.704,3084.928,3119.808,2973.44,3034.176,3004.608,2983.936,3081.152,3272.576,3252.32,3460.576,3820.128,4047.008,4101.088,4483.296,4777.568,5030.656,5279.456,5215.616,5436.128,5239.968,5036.192,4996.768,4852.896,4451.68,4051.84,3994.464,3492.384,3172.128,2794.976,2510.72,2362.336,2239.648,1976.256,2010.464,1699.456,1438.208,1272.48,954.08,694.272,490.816,304.544,187.84,92.384,50.496,20.704,10.976,10.176,0,0,0,0,0,0,0,0,0,0,0,0,0,0,0,0,0,0,0,0,0,0,0,0,0,0,0,0,0,0,0,0,0,0,0,0.519,0.884,1.283,1.919,2.56,3.37,4.445,5.654,6.535,8.039,8.813,9.872,11.767,12.211,14.728,16.438,17.278,19.261,20.907,22.834,25.694,29.527,32.189,37.188,44.158,49.973,54.541,63.119,70.23,77.454,84.892,88.114,93.266,94.27,93.657,94.756,93.59,88.99,83.329,82.197,73.635,67.1,58.093,51.031,45.549,40.178,33.651,31.969,25.888,20.9,18.031,13.141,9.451,6.498,3.938,2.384,1.152,0.615,0.248,0.128,0.122,0.014,0,0,0,0
2026-08-27 03:43:00,1,"Normal Scan","Normal Scan",0,"ON",1,1,1,737.4,5,20.1,97.4,53.3,0.0000000691237,0.0000181857,4.97,8954.6,8.8,736.5,1,"Up Scan","Positive",254,0,4.37,1.6,8,8,0,1,1,67.813,89.35,60.009,96.466,2.552,5285.7,50,21.3,NA,0,0,0,0,0,0,0,0,0,0,0,0,0,0,0,0,0,0,0,0,0,0,0,0,0,0,0,0,0,0,0,2282.56,2120.736,2229.408,2303.744,2819.072,2723.2,2819.296,2943.776,3203.168,3043.104,3004.512,3055.232,2928.832,2915.584,2950.304,2872.512,2889.248,2838.432,2911.552,2858.72,3085.6,3314.752,3492.576,3638.208,3942.176,4066.304,4460.704,4890.592,5036.768,5391.584,5379.296,5542.112,5583.552,5436.736,5022.112,4961.728,4612.672,4167.424,3884.704,3412.448,3219.52,2747.488,2485.856,2371.296,2257.984,2083.36,1941.344,1714.368,1398.816,1165.28,954.112,669.824,447.392,294.624,171.648,94.592,50.56,23.584,10.464,5.376,0,0,0,0,0,0,0,0,0,0,0,0,0,0,0,0,0,0,0,0,0,0,0,0,0,0,0,0,0,0,0,0,0,0,0,0.624,0.946,1.241,1.775,2.372,3.686,4.381,5.448,6.714,8.439,9.227,10.349,11.809,12.632,13.922,15.53,16.675,18.417,19.868,22.206,24.023,27.991,32.812,37.627,42.528,49.141,54.576,63.47,72.624,78.279,86.278,90.658,95.087,98.804,98.543,95.39,95.057,90.924,85.1,80.658,72.099,67.495,57.27,50.012,45.247,40.262,34.881,30.856,25.929,20.489,16.545,13.175,9.075,5.996,3.815,2.183,1.178,0.616,0.282,0.122,0.064,0.069,0,0,0,0
2026-08-27 03:48:00,1,"Normal Scan","Normal Scan",0,"ON",1,1,1,737.7,5,20.6,97.3,53.1,0.000000069345,0.0000182097,4.97,8954.6,8.8,736.5,1,"Up Scan","Positive",254,0,4.37,1.6,8,8,0,1,1,69.846,91.231,61.632,96.466,2.543,5171.34,50,21.4,NA,0,0,0,0,0,0,0,0,0,0,0,0,0,0,0,0,0,0,0,0,0,0,0,0,0,0,0,0,0,0,0,1778.592,2194.08,1968.864,2639.776,2477.536,2503.36,2818.368,2811.232,2906.496,2682.336,3025.152,2691.296,2713.376,2798.208,2598.592,2702.848,2718.656,2718.528,2808.544,2816.096,3014.368,3230.08,3275.552,3653.344,3869.76,4142.56,4240.512,4925.952,5091.904,5264.288,5454.304,5445.408,5459.008,5397.152,5141.92,4914.208,4578.24,4311.968,3819.424,3511.584,3101.984,2843.84,2592.576,2451.392,2199.04,2132.672,1905.6,1684.032,1452.352,1288.352,923.168,707.264,416.704,295.328,195.328,77.504,42.336,38.784,17.408,3.616,0,0,0,0,0,0,0,0,0,0,0,0,0,0,0,0,0,0,0,0,0,0,0,0,0,0,0,0,0,0,0,0,0,0,0,0.447,0.722,1.283,1.564,2.74,3.235,4.018,5.426,6.394,7.68,8.13,10.377,10.383,11.706,13.368,13.712,15.727,17.372,18.992,21.503,23.639,27.473,31.86,35.739,42.554,48.338,55.455,60.581,72.906,79.386,84.782,90.62,95.029,97.002,98.346,96.703,94.837,90.989,87.904,79.342,73.937,65.735,58.683,52.225,46.63,39.64,35.285,30.391,25.515,21.233,18.255,12.844,9.577,5.551,3.82,2.479,0.961,0.517,0.462,0.203,0.043,0.042,0,0,0,0
2026-08-27 03:53:00,1,"Normal Scan","Normal Scan",0,"ON",1,1,1,737.5,5,20.3,97.3,53.7,0.0000000692549,0.0000181953,4.97,8954.6,8.8,736.5,1,"Up Scan","Positive",254,0,4.37,1.6,8,8,0,1,1,72.157,92.637,62.959,103.663,2.539,5067.25,50,21.3,NA,0,0,0,0,0,0,0,0,0,0,0,0,0,0,0,0,0,0,0,0,0,0,0,0,0,0,0,0,0,0,0,2091.104,2206.752,2027.264,2458.656,2369.344,2676.128,2463.136,2652.48,2504.128,2559.872,2530.976,2489.824,2358.56,2371.68,2458.624,2420.384,2498.816,2439.968,2687.84,2838.528,2967.232,2950.432,3182.848,3487.136,3706.208,4064.736,4510.144,4796.896,5158.592,5428.064,5516.192,5528.96,5530.592,5542.88,5214.72,4776.288,4761.28,4335.04,3876.032,3419.712,3174.848,2860.96,2472.64,2427.04,2253.568,2085.44,1938.72,1738.304,1452.608,1203.584,930.304,682.848,436.608,295.872,152.8,77.984,53.248,37.056,13.984,5.376,0,0,0,0,0,0,0,0,0,0,0,0,0,0,0,0,0,0,0,0,0,0,0,0,0,0,0,0,0,0,0,0,0,0,0,0.508,0.859,1.281,1.628,2.535,3.099,4.291,4.769,6.035,6.619,7.745,8.69,9.629,10.177,11.358,13.028,14.135,15.959,17.154,20.575,23.716,27.05,29.741,34.687,41.15,47.165,54.74,63.748,71.624,80.036,87.204,92.407,95.59,98.203,99.87,98.101,93.099,92.959,87.763,80.659,72.38,67.013,59.185,50.237,45.597,40.293,34.807,30.718,26.105,21.172,17.19,12.875,9.268,5.768,3.829,1.937,0.969,0.649,0.442,0.163,0.065,0,0,0,0,0
2026-08-27 03:58:00,1,"Normal Scan","Normal Scan",0,"ON",1,1,1,737.6,5,20.5,97.3,53.3,0.000000069315,0.0000182049,4.97,8954.6,8.8,736.5,1,"Up Scan","Positive",254,0,4.37,1.6,8,8,0,1,1,73.73,93.198,63.234,96.466,2.557,5043.22,50,21.3,NA,0,0,0,0,0,0,0,0,0,0,0,0,0,0,0,0,0,0,0,0,0,0,0,0,0,0,0,0,0,0,0,2371.264,2094.016,2322.048,2407.296,2510.048,2543.232,2580.896,2748.544,2653.376,2694.048,2418.368,2331.936,2402.048,2279.008,2125.632,2273.984,2363.168,2366.784,2317.952,2501.888,2651.584,2820.608,3100,3322.816,3646.368,3923.968,4392.768,4754.464,5038.176,5472.224,5596.416,5654.528,5761.824,5627.008,5372.576,5126.528,4729.12,4311.008,3938.784,3565.568,3201.952,2918.144,2589.792,2346.24,2171.072,2007.104,1933.12,1758.848,1496.096,1212.352,910.496,662.464,456.096,268.544,172.16,59.872,58.784,27.84,14.656,5.568,0,0,0,0,0,0,0,0,0,0,0,0,0,0,0,0,0,0,0,0,0,0,0,0,0,0,0,0,0,0,0,0,0,0,0,0.685,0.946,1.246,1.833,2.506,3.237,4.097,4.963,6.254,6.986,8.145,8.311,8.991,10.361,10.885,11.259,13.251,15.1,16.645,17.933,21.134,24.539,28.471,33.756,39.662,46.749,53.353,63.011,71.731,79.01,88.854,93.328,97.397,101.574,101.781,100.308,98.087,92.901,86.964,80.944,74.32,67.473,60.042,51.949,44.673,38.687,33.858,30.414,26.496,21.658,17.274,12.604,8.964,6.042,3.479,2.183,0.746,0.715,0.334,0.171,0.065,0.014,0,0,0,0
2026-08-27 04:03:00,1,"Normal Scan","Normal Scan",0,"ON",1,1,1,737.6,5,20.4,97.3,53.9,0.0000000692849,0.0000182001,4.97,8954.6,8.8,736.5,1,"Up Scan","Positive",254,0,4.37,1.6,8,8,0,1,1,75.461,94.899,64.916,89.769,2.53,4925.78,50,21.3,NA,0,0,0,0,0,0,0,0,0,0,0,0,0,0,0,0,0,0,0,0,0,0,0,0,0,0,0,0,0,0,0,2074.304,1742.848,2038.24,1818.336,2454.912,2479.2,2539.968,2557.792,2736.832,2265.824,2440.608,2256.32,2191.264,2312.352,2276.8,2178.272,2237.472,2232.352,2221.696,2282.688,2569.76,2554.24,2920.16,2954.56,3607.776,3877.536,4387.168,4989.792,5183.456,5696.544,5740.8,5962.784,5653.536,5652.416,5482.976,5019.904,4714.112,4204.704,3692.288,3309.984,2942.656,2744.8,2466.784,2312,2206.368,2065.536,1946.272,1735.648,1619.424,1207.168,1011.264,702.24,465.088,309.984,202.624,97.792,36,26.848,10.432,3.616,0,0,0,0,0,0,0,0,0,0,0,0,0,0,0,0,0,0,0,0,0,0,0,0,0,0,0,0,0,0,0,0,0,0,0,0.55,0.834,1.044,1.616,1.877,3.189,3.987,4.881,5.812,7.231,6.876,8.382,8.698,9.442,11.035,11.993,12.687,14.248,15.689,17.076,19.476,23.827,26.358,32.582,36.239,46.525,53.716,63.122,74.062,80.922,91.23,94.706,100.848,98.717,100.979,100.035,95.702,92.204,85.617,78,71.078,64.122,58.371,50.545,45.064,39.739,34.784,31.038,26.453,23.438,17.161,13.921,9.482,6.156,4.013,2.571,1.217,0.437,0.322,0.122,0.043,0.014,0,0,0,0
2026-08-27 04:08:00,1,"Normal Scan","Normal Scan",0,"ON",1,1,1,737.4,5,20.2,97.3,53.5,0.0000000692248,0.0000181905,4.97,8954.6,8.8,736.5,1,"Up Scan","Positive",254,0,4.37,1.6,8,8,0,1,1,75.858,95.379,65.669,89.769,2.508,4950.05,50,21.2,NA,0,0,0,0,0,0,0,0,0,0,0,0,0,0,0,0,0,0,0,0,0,0,0,0,0,0,0,0,0,0,0,1871.008,2012.576,1954.88,2115.04,2137.12,2265.504,2429.728,2331.552,2315.712,2184.032,2211.456,2285.728,2147.872,2300.544,2265.632,2179.168,2247.744,2291.744,2453.664,2449.088,2622.656,2791.936,2771.552,3172.928,3496.16,4015.776,4527.68,5004.672,5490.4,5851.392,5899.104,6086.592,5799.328,5802.848,5540.8,5042.912,4565.632,4090.976,3936.256,3330.016,3020,2805.536,2531.168,2297.632,2057.376,1988.448,1855.264,1743.104,1454.816,1315.104,993.984,717.376,555.872,316.96,237.76,113.856,63.616,32.064,6.976,5.344,0,0,0,0,0,0,0,0,0,0,0,0,0,0,0,0,0,0,0,0,0,0,0,0,0,0,0,0,0,0,0,0,0,0,0,0.56,0.76,1.179,1.536,2.196,2.802,3.636,4.691,5.301,6.111,6.621,7.613,8.817,9.26,11.007,11.973,12.721,14.402,16.005,18.811,20.647,24.364,28.438,31.473,38.619,45.723,55.416,64.919,74.934,84.713,92.934,97.058,101.514,101.434,103.582,101.039,96.138,90.186,83.852,80.314,71.091,64.735,59.291,51.612,45.194,38.018,34.51,29.929,26.756,21.478,18.69,13.731,9.711,7.355,4.108,3.019,1.414,0.775,0.382,0.081,0.065,0.014,0,0,0,0
2026-08-27 04:13:00,1,"Normal Scan","Normal Scan",0,"ON",1,1,1,737.7,5,20.6,97.3,53.7,0.000000069345,0.0000182097,4.97,8954.6,8.8,736.5,1,"Up Scan","Positive",254,0,4.37,1.6,8,8,0,1,1,75.23,94.445,64.705,83.536,2.521,5036.46,50,21.3,NA,0,0,0,0,0,0,0,0,0,0,0,0,0,0,0,0,0,0,0,0,0,0,0,0,0,0,0,0,0,0,0,2317.312,2000.48,2040.384,2225.216,2247.808,2287.744,2511.68,2403.52,2380.16,2491.776,2269.312,2278.88,2272.48,2279.328,2301.536,2282.88,2235.424,2317.12,2392.288,2675.456,2619.264,2733.12,2849.024,3210.528,3535.168,3902.784,4518.688,5079.968,5711.552,6182.272,6417.792,6206.88,5880.128,5925.856,5307.648,5110.56,4561.248,4216.128,3703.552,3365.568,2916.992,2615.616,2363.008,2281.024,2102.208,1999.072,1887.392,1790.656,1545.44,1347.968,1005.472,738.304,543.456,371.552,175.328,127.936,50.72,32.032,17.44,6.432,0,0,0,0,0,0,0,0,0,0,0,0,0,0,0,0,0,0,0,0,0,0,0,0,0,0,0,0,0,0,0,0,0,0,0,0.581,0.958,1.155,1.625,2.294,2.927,3.67,4.838,5.448,6.273,7.53,7.809,8.793,9.796,10.898,12.21,13.292,14.284,16.211,18.36,22.385,24.241,27.939,32.245,39.429,46.801,54.736,65.313,75.878,87.443,96.548,103.149,103.677,101.785,104.183,97.689,95.949,89.382,85.899,77.177,71.893,64.235,56.087,50.6,44.532,38.846,34.615,30.695,27.116,22.744,19.158,13.933,9.984,7.287,4.812,2.227,1.589,0.616,0.382,0.203,0.065,0.069,0,0,0,0
2026-08-27 04:18:00,1,"Normal Scan","Normal Scan",0,"ON",1,1,1,737.3,5,20.1,97.3,54,0.0000000691948,0.0000181857,4.97,8954.6,8.8,736.5,1,"Up Scan","Positive",254,0,4.37,1.6,8,8,0,1,1,73.768,92.664,63.305,89.769,2.522,5077.81,50,21.2,NA,0,0,0,0,0,0,0,0,0,0,0,0,0,0,0,0,0,0,0,0,0,0,0,0,0,0,0,0,0,0,0,2386.368,1766.624,2096.192,2332.48,2360.064,2543.04,2656.064,2641.056,2625.92,2405.376,2527.04,2413.6,2519.776,2368.48,2474.112,2314.816,2264.992,2330.176,2470.912,2453.248,2532.832,2764.512,3018.592,3252.384,3643.392,3999.008,4553.504,5196.704,5730.784,6264.64,6301.824,6401.376,6288.768,5808.288,5289.728,4983.68,4333.056,3938.048,3521.888,3209.408,2783.456,2665.28,2584.48,2180.544,2096.992,1886.112,1901.824,1653.952,1488.224,1233.888,1005.536,790.944,501.92,317.824,209.248,118.368,52.352,20.32,12.096,3.616,0,0,0,0,0,0,0,0,0,0,0,0,0,0,0,0,0,0,0,0,0,0,0,0,0,0,0,0,0,0,0,0,0,0,0,0.498,0.971,1.034,1.683,2.419,3.09,4.082,5.123,6.01,6.931,7.297,8.66,9.311,10.835,11.348,13.023,13.447,14.506,16.364,18.976,20.792,23.575,28.374,33.822,39.985,47.89,55.845,66.337,77.284,87.392,97.136,101.293,104.726,105.921,102.219,96.472,94.163,87.236,80.695,74.11,69.045,61.239,56.878,52.073,43.381,38.95,32.519,30.469,25.488,21.84,17.496,13.959,10.662,6.715,4.116,2.654,1.472,0.636,0.241,0.142,0.043,0.069,0,0,0,0
2026-08-27 04:23:00,1,"Normal Scan","Normal Scan",0,"ON",1,1,1,737.6,5,20.5,97.3,53.5,0.000000069315,0.0000182049,4.97,8954.6,8.8,736.5,1,"Up Scan","Positive",254,0,4.37,1.6,8,8,0,1,1,72.07,90.58,61.079,83.536,2.564,5158.21,50,21.3,NA,0,0,0,0,0,0,0,0,0,0,0,0,0,0,0,0,0,0,0,0,0,0,0,0,0,0,0,0,0,0,0,2839.968,2655.232,2672.608,2792.64,2380.608,2800.8,2603.776,2707.744,2697.504,2586.912,2496.064,2560,2320.672,2571.264,2382.144,2303.168,2334.368,2409.216,2369.792,2400.768,2750.88,2650.528,2981.248,3061.824,3651.264,3949.152,4695.232,5467.872,5666.176,6213.792,6472.32,6408.928,6112.128,5868.576,5427.84,5057.536,4447.52,4065.184,3567.136,3167.968,2763.296,2350.432,2251.68,2065.888,1944.48,1934.368,1810.432,1704.192,1484.928,1197.728,1015.52,698.656,516,308.928,210.368,106.4,75.264,35.392,12.16,8.192,0,0,0,0,0,0,0,0,0,0,0,0,0,0,0,0,0,0,0,0,0,0,0,0,0,0,0,0,0,0,0,0,0,0,0,0.924,1.158,1.544,2.138,2.9,3.111,4.52,5.016,6.171,7.146,7.843,8.572,9.869,10.05,12.251,12.56,13.431,14.863,16.866,18.165,20.402,25.321,27.536,33.78,37.893,48.218,55.441,67.683,80.223,87.016,97.167,102.926,105.613,103.237,102.475,97.641,93.447,86.51,81.541,74.359,68.001,60.202,52.232,47.373,41.321,36.099,33.538,29.154,26.001,21.806,17.246,14.077,9.436,6.854,4.002,2.671,1.324,0.914,0.422,0.142,0.087,0.014,0,0,0,0
2026-08-27 04:28:00,1,"Normal Scan","Normal Scan",0,"ON",1,1,1,737.6,5,20.4,97.3,54.1,0.0000000692849,0.0000182001,4.97,8954.6,8.8,736.5,1,"Up Scan","Positive",254,0,4.37,1.6,8,8,0,1,1,73.521,91.743,62.848,83.536,2.513,5016.03,50,21.3,NA,0,0,0,0,0,0,0,0,0,0,0,0,0,0,0,0,0,0,0,0,0,0,0,0,0,0,0,0,0,0,0,2125.184,2307.36,2171.168,2177.28,2409.536,2510.176,2613.44,2508.832,2504.992,2502.784,2341.12,2347.392,2358.016,2397.088,2299.776,2267.2,2385.504,2384.8,2264.192,2422.88,2530.176,2778.24,2840.992,3009.984,3419.616,4135.744,4730.304,5286.464,5962.944,6192.832,6634.304,6467.232,6194.08,5862.144,5410.464,4841.824,4362.368,3844.16,3587.36,3024.256,2642.656,2380.608,2244.608,2119.296,1859.616,1819.328,1793.76,1673.76,1433.536,1212.768,967.712,731.52,477.632,341.952,179.712,110.272,61.952,25.312,19.136,3.552,0,0,0,0,0,0,0,0,0,0,0,0,0,0,0,0,0,0,0,0,0,0,0,0,0,0,0,0,0,0,0,0,0,0,0,0.436,0.847,1.331,1.745,2.26,3.127,4.049,5.029,5.713,6.641,7.565,8.037,9.065,10.155,11.433,12.121,13.186,15.224,16.639,17.38,20.491,23.659,28.662,32.363,37.849,45.957,57.665,68.132,78.382,89.923,96.511,104.639,104.983,104.178,101.998,96.797,90.133,85.032,78.633,73.324,65.309,58.886,52.052,46.668,42.079,35.085,31.422,29.095,25.516,21.078,17.191,13.455,9.904,6.385,4.433,2.283,1.374,0.755,0.302,0.224,0.043,0.069,0,0,0,0
2026-08-27 04:33:00,1,"Normal Scan","Normal Scan",0,"ON",1,1,1,737.1,5,19.8,97.3,54.1,0.0000000691046,0.0000181713,4.97,8954.6,8.8,736.5,1,"Up Scan","Positive",254,0,4.37,1.6,8,8,0,1,1,72.457,90.583,61.546,83.536,2.534,4996.5,50,21.1,NA,0,0,0,0,0,0,0,0,0,0,0,0,0,0,0,0,0,0,0,0,0,0,0,0,0,0,0,0,0,0,0,2433.92,2034.208,2724.416,2080.992,2576.8,2658.656,2620.32,2642.816,2737.984,2480.128,2421.216,2567.648,2386.08,2226.336,2338.688,2238.4,2343.04,2352.544,2376.384,2378.592,2492.672,2677.408,2812.576,3024.736,3436,3946.176,4705.024,5260.768,5885.28,6290.88,6697.44,6295.936,6148.992,5878.368,5406.304,4795.296,4197.76,3682.912,3247.648,2777.536,2494.208,2267.648,2155.648,1972.032,1826.56,1832.96,1815.168,1605.76,1449.632,1225.536,991.328,741.312,530.624,306.528,188.928,108.576,67.424,16.864,3.648,8.8,0,0,0,0,0,0,0,0,0,0,0,0,0,0,0,0,0,0,0,0,0,0,0,0,0,0,0,0,0,0,0,0,0,0,0,0.519,0.996,1.183,2.145,2.166,3.366,4.259,5.061,5.999,7.205,7.521,8.304,9.902,10.291,10.653,12.321,13.017,14.943,16.432,18.192,20.124,23.308,27.676,32.176,37.903,46.29,55.519,67.617,78.131,89.135,97.148,104.461,102.159,102.354,100.238,95.687,88.726,82.243,75.113,68.765,61.818,56.311,50.42,45.804,40.186,34.591,32.013,28.993,24.703,21.335,17.377,13.626,10.036,7.077,3.974,2.399,1.351,0.822,0.201,0.043,0.101,0.045,0,0,0,0
2026-08-27 04:38:00,1,"Normal Scan","Normal Scan",0,"ON",1,1,1,737.5,5,20.3,97.3,53.8,0.0000000692549,0.0000181953,4.97,8954.6,8.8,736.5,1,"Up Scan","Positive",254,0,4.37,1.6,8,8,0,1,1,73.035,91.174,61.943,83.536,2.536,4929.35,51,21.1,NA,0,0,0,0,0,0,0,0,0,0,0,0,0,0,0,0,0,0,0,0,0,0,0,0,0,0,0,0,0,0,0,2431.616,2384.992,2169.024,2405.184,2595.424,2372.672,2611.264,2494.112,2564.512,2585.792,2447.936,2282.144,2281.376,2290.528,2062.24,2256.64,2150.176,2310.144,2236.8,2485.216,2454.752,2341.952,2605.024,3169.792,3309.6,3862.08,4690.496,5297.376,6045.088,6340.896,6593.76,6587.168,6130.368,5870.016,5235.424,4742.08,4081.184,3557.312,3157.664,2714.208,2488.448,2283.744,2073.024,1901.888,1937.824,1808.352,1799.392,1550.944,1422.88,1178.432,1045.696,750.368,481.248,326.72,239.36,122.304,63.648,37.216,15.648,8.096,0,0,0,0,0,0,0,0,0,0,0,0,0,0,0,0,0,0,0,0,0,0,0,0,0,0,0,0,0,0,0,0,0,0,0,0.747,0.971,1.395,1.746,2.491,3.378,3.834,5.027,5.698,6.739,7.837,8.399,8.807,9.822,10.932,10.934,13.102,13.668,16.089,17.279,20.814,22.902,24.844,30.459,39.416,44.973,54.883,67.629,78.434,90.436,97.467,102.867,105.145,101.631,99.67,93.047,88.17,79.911,72.827,68.044,60.822,56.111,50.056,44.378,39.424,36.467,31.235,29.243,24.207,21.035,16.788,14.608,10.132,6.393,4.229,3.039,1.521,0.775,0.442,0.183,0.086,0.008,0,0,0,0
2026-08-27 04:43:00,1,"Normal Scan","Normal Scan",0,"ON",1,1,1,737.3,5,20.1,97.3,54.5,0.0000000691948,0.0000181857,4.97,8954.6,8.8,736.5,1,"Up Scan","Positive",254,0,4.37,1.6,8,8,0,1,1,71.218,89.189,59.952,77.737,2.563,5029.16,51,21.1,NA,0,0,0,0,0,0,0,0,0,0,0,0,0,0,0,0,0,0,0,0,0,0,0,0,0,0,0,0,0,0,0,2325.632,2836.832,2489.408,2752.096,3024.832,2797.76,2767.52,2975.872,2648.48,2547.2,2570.72,2453.216,2279.968,2251.328,2306.368,2351.232,2323.936,2200.352,2275.424,2330.144,2487.968,2549.952,2799.264,3107.104,3430.752,4100.064,4649.248,5254.912,5918.112,6473.12,6441.344,6464.512,6173.472,5898.112,5281.6,4817.536,4009.664,3633.152,3240.064,2615.872,2436.448,2099.84,2002.208,1983.872,1840,1818.112,1625.728,1619.232,1464.064,1169.824,936.192,736.384,528.928,356.224,226.4,118.016,68,35.392,10.4,3.616,0,0,0,0,0,0,0,0,0,0,0,0,0,0,0,0,0,0,0,0,0,0,0,0,0,0,0,0,0,0,0,0,0,0,0,0.76,0.959,1.642,1.983,2.845,3.925,4.506,5.339,6.76,6.985,7.699,8.809,9.474,9.819,10.785,12.147,13.638,14.776,15.446,17.551,19.743,23.333,26.629,32.061,38.657,46.261,57.096,67.26,77.858,89.316,99.188,100.941,103.424,102.555,99.436,93.37,88.14,78.101,74.113,68.944,58.621,54.895,47.903,43.388,39.888,34.929,31.911,26.822,25.136,21.59,16.737,12.979,9.937,7.036,4.614,2.873,1.469,0.829,0.422,0.122,0.043,0.041,0,0,0,0
2026-08-27 04:48:00,1,"Normal Scan","Normal Scan",0,"ON",1,1,1,737.3,5,20.1,97.3,54.1,0.0000000691948,0.0000181857,4.97,8954.6,8.8,736.5,1,"Up Scan","Positive",254,0,4.37,1.6,8,8,0,1,1,53.057,76.211,48.861,83.536,2.607,6186.85,51,21,NA,0,0,0,0,0,0,0,0,0,0,0,0,0,0,0,0,0,0,0,0,0,0,0,0,0,0,0,0,0,0,0,4311.072,3855.712,4218.08,4169.216,4250.848,4278.944,4703.04,4418.944,4446.304,4713.248,4534.752,4205.568,4034.688,3929.472,4152.448,4044.896,4173.184,4126.848,3745.024,3791.584,3678.016,3463.68,3453.248,3580.864,3999.104,4370.752,5214.272,5732.384,6343.872,6640.768,6652.544,6393.12,6180.672,5591.936,4992.48,4340.352,3785.28,3511.136,2852.192,2500.608,2226.848,2019.776,1774.048,1828.576,1744.704,1694.88,1723.616,1619.904,1432.416,1345.024,993.504,820.32,541.6,374.784,202.112,118.496,73.696,42.176,12.192,9.376,0,0,0,0,0,0,0,0,0,0,0,0,0,0,0,0,0,0,0,0,0,0,0,0,0,0,0,0,0,0,0,0,0,0,0,0.944,1.755,2.28,3.383,4.325,5.537,6.891,9.079,10.04,11.762,14.272,15.592,16.243,17.43,18.752,21.828,23.317,26.189,28.223,28.015,30.988,33.103,34.838,38.492,43.826,52.034,60.027,72.925,83.052,93.061,99.707,101.839,102.009,100.245,94.361,87.952,80.531,73.997,71.342,62.642,57.485,52.427,46.798,41.483,38.202,34.186,30.365,28.403,24.898,21.152,19.338,13.797,11.122,7.216,4.851,2.565,1.472,0.894,0.503,0.142,0.108,0.041,0,0,0,0
2026-08-27 04:53:00,1,"Normal Scan","Normal Scan",0,"ON",1,1,1,737.5,5,20.3,97.3,54.7,0.0000000692549,0.0000181953,4.97,8954.6,8.8,736.5,1,"Up Scan","Positive",254,0,4.37,1.6,8,8,0,1,1,52.66,75.566,47.006,83.536,2.709,6093,51,21.1,NA,0,0,0,0,0,0,0,0,0,0,0,0,0,0,0,0,0,0,0,0,0,0,0,0,0,0,0,0,0,0,0,5368.864,5151.36,5432.064,5110.24,5448.8,4988.192,5603.584,4598.208,4430.688,4435.52,4068.224,3957.472,3616.512,3409.696,3370.56,3346.24,3314.592,3315.904,2923.744,3085.248,2849.92,3031.968,3108.928,3250.528,3569.28,4124.352,4905.6,5465.344,6114.464,6288.064,6568.608,6335.904,6108.992,5709.312,5146.144,4464.96,3810.72,3305.12,2926.656,2356.8,2309.856,1973.024,1963.232,1878.944,1796.512,1679.232,1552.352,1507.872,1484.768,1240.768,989.344,747.84,568.96,398.656,235.744,100.192,64.576,42.208,13.952,10.752,0,0,0,0,0,0,0,0,0,0,0,0,0,0,0,0,0,0,0,0,0,0,0,0,0,0,0,0,0,0,0,0,0,0,0,1.453,2.166,3.013,4.304,5.315,7.113,7.997,10.787,10.434,11.724,13.384,13.943,15.239,15.582,16.231,17.7,19.23,20.876,22.808,22.12,25.469,26.225,30.92,35.1,40.347,47.336,57.258,69.635,80.091,90.668,95.681,101.19,100.625,99.506,95.392,90.409,82.093,74.851,68.678,63.854,54.537,52.034,46.036,43.805,38.834,34.348,30.256,26.223,23.399,21.915,17.694,13.744,10.182,7.547,5.161,2.994,1.243,0.788,0.503,0.163,0.13,0.028,0,0,0,0
2026-08-27 04:58:00,1,"Normal Scan","Normal Scan",0,"ON",1,1,1,737.1,5,19.8,97.3,54.7,0.0000000691046,0.0000181713,4.97,8954.6,8.8,736.5,1,"Up Scan","Positive",254,0,4.37,1.6,8,8,0,1,1,57.752,78.87,50.328,77.737,2.645,5769.46,51,20.9,NA,0,0,0,0,0,0,0,0,0,0,0,0,0,0,0,0,0,0,0,0,0,0,0,0,0,0,0,0,0,0,0,4087.552,3400.288,3939.616,4162.592,4136.256,4507.776,4394.88,4606.528,4132.16,4166.496,3943.872,3870.048,3546.112,3163.52,3100.416,3187.104,3022.112,3187.168,2985.12,2919.872,3011.808,2893.984,3052.704,3538.048,3835.776,4304.864,5068.416,5791.296,6154.304,6589.44,6327.712,5991.744,5938.656,5548.416,4890.4,4427.296,3854.016,3335.744,2781.44,2455.552,2240.576,1928.032,1783.2,1696,1748.288,1722.528,1611.936,1529.184,1548.32,1302.752,1048.448,805.024,547.584,379.104,235.936,131.84,73.504,21.952,13.952,3.584,0,0,0,0,0,0,0,0,0,0,0,0,0,0,0,0,0,0,0,0,0,0,0,0,0,0,0,0,0,0,0,0,0,0,0,0.966,1.63,2.016,3.17,4.299,5.418,7.233,8.494,10.487,10.931,12.588,13.513,14.876,15.256,15.086,16.293,18.398,19.113,21.969,22.693,24.428,27.707,29.93,34.844,43.254,50.126,58.623,70.777,83.122,90.575,99.051,98.375,96.315,96.324,93.339,86.333,81.495,74.583,68.235,61.928,56.52,51.621,46.058,41.576,36.638,34.377,30.717,26.864,23.748,23.004,18.567,14.489,10.895,7.256,4.913,2.997,1.635,0.895,0.262,0.163,0.041,0.015,0,0,0,0
2026-08-27 05:03:00,1,"Normal Scan","Normal Scan",0,"ON",1,1,1,737.5,5,20.3,97.3,54.5,0.0000000692549,0.0000181953,4.97,8954.6,8.8,736.5,1,"Up Scan","Positive",254,0,4.37,1.6,8,8,0,1,1,46.202,71.794,43.974,12.864,2.721,6460.99,51,21,NA,0,0,0,0,0,0,0,0,0,0,0,0,0,0,0,0,0,0,0,0,0,0,0,0,0,0,0,0,0,0,0,5272.544,6237.088,5847.616,6681.024,6780.608,6730.624,6562.528,5804.352,5394.912,5102.848,4604.928,3958.912,3834.336,3691.808,3434.144,3174.368,3205.568,3196.032,3154.176,3192.128,3280.992,3384.672,3353.696,3345.984,3773.056,4454.4,4914.24,5392.064,6165.696,6367.392,6601.568,6443.488,6125.792,5693.952,4955.616,4332.384,3689.824,3233.504,2684.768,2410.72,2075.872,2099.552,1826.016,1740.512,1750.272,1748.256,1657.792,1549.376,1442.08,1287.04,977.056,846.144,506.752,353.504,208,132.64,37.504,18.56,22.624,7.648,0,0,0,0,0,0,0,0,0,0,0,0,0,0,0,0,0,0,0,0,0,0,0,0,0,0,0,0,0,0,0,0,0,0,0,1.225,2.117,3.648,4.657,6.915,8.825,10.787,12.624,13.174,14.192,15.39,15.744,15.221,16.477,17.538,18.038,18.405,20.318,22.081,23.762,26.43,29.919,33.925,37.226,41.306,49.422,60.876,69.777,78.911,91.107,95.72,101.399,101.268,98.884,95.114,86.376,80.891,72.476,67.109,60.189,55.71,49.547,47.671,41.549,36.834,34.51,30.492,27.386,23.879,21.326,18.091,13.605,11.463,6.753,4.575,2.642,1.649,0.457,0.221,0.264,0.086,0.041,0,0,0,0
2026-08-27 05:08:00,1,"Normal Scan","Normal Scan",0,"ON",1,1,1,737.2,5,19.9,97.3,55,0.0000000691347,0.0000181761,4.97,8954.6,8.8,736.5,1,"Up Scan","Positive",254,0,4.37,1.6,8,8,0,1,1,60.844,81.333,53.039,77.737,2.593,5439.99,51,20.9,NA,0,0,0,0,0,0,0,0,0,0,0,0,0,0,0,0,0,0,0,0,0,0,0,0,0,0,0,0,0,0,0,3186.816,2978.208,3431.52,3692.32,3904.608,3569.536,3475.616,3398.688,3273.728,3179.232,3252.992,3123.328,3031.264,3215.584,3049.92,3145.856,3125.568,3164.832,3064.064,3173.44,3174.016,3173.472,3199.392,3390.304,3781.6,4470.016,4980.576,5552.992,6054.976,6448.576,6331.712,6148.704,5943.904,5343.744,4848.448,4121.024,3651.776,3106.4,2663.296,2194.208,2119.776,1924.032,1845.216,1787.456,1655.36,1728.192,1659.552,1528.864,1404.064,1199.072,1024.992,759.456,527.392,405.92,238.016,140.544,60.576,35.296,10.464,8.992,0,0,0,0,0,0,0,0,0,0,0,0,0,0,0,0,0,0,0,0,0,0,0,0,0,0,0,0,0,0,0,0,0,0,0,0.852,1.282,1.744,2.734,3.826,5.077,5.72,6.703,7.72,8.648,9.651,11.18,12.058,13.079,15.36,16.105,18.194,19.808,21.861,23.211,26.241,29.126,32.232,35.811,41.676,49.507,60.286,70.036,80.227,88.684,96.384,97.282,96.95,96.102,89.511,85.014,76.842,72.08,65.185,59.101,52.627,49.867,45.303,41.34,37.854,32.443,30.682,27.777,23.913,20.892,17.095,14.226,10.328,7.032,5.262,3.023,1.747,0.738,0.42,0.122,0.103,0.057,0,0,0,0
2026-08-27 05:13:00,1,"Normal Scan","Normal Scan",0,"ON",1,1,1,737.5,5,20.3,97.3,54.5,0.0000000692549,0.0000181953,4.97,8954.6,8.8,736.5,1,"Up Scan","Positive",254,0,4.37,1.6,8,8,0,1,1,63.939,83.654,55.353,83.536,2.566,5168.1,51,21,NA,0,0,0,0,0,0,0,0,0,0,0,0,0,0,0,0,0,0,0,0,0,0,0,0,0,0,0,0,0,0,0,3050.848,2989.568,2981.408,3305.6,2821.408,2890.976,2984.8,2835.264,2837.952,2688.992,2722.784,2748.672,3010.464,2809.952,2984.512,2914.304,3124.128,3062.656,3002.208,3071.648,2908.736,2947.936,3123.072,3228.128,3752.832,4203.616,4794.048,5374.624,5944.384,6196.416,6302.88,6128.48,5854.752,5581.408,4889.568,3996,3537.056,3107.2,2652.352,2199.328,2174.72,1907.328,1835.264,1704.288,1744.192,1664.16,1647.168,1507.488,1389.376,1209.856,1001.792,731.968,516.256,340.704,217.376,119.072,59.904,20.192,19.232,8.128,0,0,0,0,0,0,0,0,0,0,0,0,0,0,0,0,0,0,0,0,0,0,0,0,0,0,0,0,0,0,0,0,0,0,0,1.089,1.233,1.744,2.369,3.42,3.681,4.641,5.734,6.474,7.498,8.157,9.366,10.645,12.99,13.441,15.748,16.862,19.72,21.153,22.667,25.478,26.767,30.098,34.925,39.979,48.886,57.692,67.737,77.959,88.294,93.106,96.42,96.487,94.516,92.454,85.905,74.914,70.215,64.967,58.56,52.691,49.96,44.837,40.869,36.396,33.36,29.46,26.958,23.452,20.552,17.207,13.838,9.954,6.882,4.411,2.758,1.479,0.728,0.241,0.224,0.086,0.028,0,0,0,0
2026-08-27 05:18:00,1,"Normal Scan","Normal Scan",0,"ON",1,1,1,737.4,5,20.2,97.3,55.2,0.0000000692248,0.0000181905,4.97,8954.6,8.8,736.5,1,"Up Scan","Positive",254,0,4.37,1.6,8,8,0,1,1,61.854,82.291,53.883,77.737,2.588,5141.94,51,21,NA,0,0,0,0,0,0,0,0,0,0,0,0,0,0,0,0,0,0,0,0,0,0,0,0,0,0,0,0,0,0,0,3522.976,3147.2,3084.992,2794.048,3125.44,2949.856,3247.104,3080.96,3099.456,3095.296,2883.36,2790.208,2964.832,2906.816,3112.288,2886.784,2924.288,3148.8,3009.92,2979.936,3044.736,3010.496,3059.392,3187.392,3521.408,4286.72,4579.36,5352.704,5767.072,6112.64,6012.192,5891.648,5574.56,5138.592,4524.416,4052.896,3455.84,2992.544,2620.48,2261.824,2011.072,1880.032,1739.68,1672.704,1664.736,1643.328,1696.48,1500.384,1399.584,1215.648,900.96,772.032,483.872,314.816,218.4,114.944,44.256,43.744,15.808,8.032,0,0,0,0,0,0,0,0,0,0,0,0,0,0,0,0,0,0,0,0,0,0,0,0,0,0,0,0,0,0,0,0,0,0,0,0.768,1.419,1.831,2.456,2.881,4.075,4.734,6.276,7.009,8.181,9.373,9.907,10.787,12.807,13.915,16.375,16.751,18.516,21.679,22.698,24.678,27.894,30.438,34.377,39.175,46.245,57.926,64.678,76.993,84.682,91.71,92.271,93.19,90.88,86.509,79.889,75.278,68.535,62.484,58.597,52.555,48.025,44.111,39.527,35.041,32.604,28.906,27.545,23.294,20.612,17.259,12.573,10.438,6.417,4.079,2.77,1.429,0.54,0.521,0.185,0.086,0,0,0,0,0
2026-08-27 05:23:00,1,"Normal Scan","Normal Scan",0,"ON",1,1,1,737.2,5,19.9,97.3,54.8,0.0000000691347,0.0000181761,4.97,8954.6,8.8,736.5,1,"Up Scan","Positive",254,0,4.37,1.6,8,8,0,1,1,52.531,75.468,47.539,83.536,2.669,5668.34,52,20.9,NA,0,0,0,0,0,0,0,0,0,0,0,0,0,0,0,0,0,0,0,0,0,0,0,0,0,0,0,0,0,0,0,5594.496,4904,4621.44,4519.712,4451.68,4016.96,4081.76,4015.072,3998.72,3723.424,3467.36,3439.136,3218.112,3396.064,3314.848,3370.496,3298.496,3254.08,3275.84,3387.712,3229.792,3198.08,3306.272,3447.616,3792.256,4171.168,4633.664,5356.256,5854.72,5995.136,6171.008,6020.288,5638.016,5161.536,4405.888,3895.104,3267.808,2865.312,2388.576,2152.224,1923.296,1794.496,1749.824,1750.176,1705.504,1571.872,1594.336,1571.36,1346.272,1197.312,940.448,707.296,527.136,330.336,186.144,101.152,53.824,21.984,13.952,0,0,0,0,0,0,0,0,0,0,0,0,0,0,0,0,0,0,0,0,0,0,0,0,0,0,0,0,0,0,0,0,0,0,0,0,1.235,2.24,2.824,3.686,4.647,5.81,6.483,7.864,9.12,10.561,11.27,11.919,13.265,13.873,16.231,17.488,19.485,20.84,22.482,24.672,27.864,29.329,32,36.738,41.651,48.926,56.927,65.735,76.646,85.979,89.146,93.88,93.614,90.755,86.19,77.987,72.578,65.45,61.73,54.71,50.369,46.46,43.279,39.062,36.268,32.642,28.187,26.014,24.005,19.888,16.932,13.053,9.527,6.961,4.28,2.362,1.256,0.656,0.262,0.163,0,0,0,0,0,0
2026-08-27 05:28:00,1,"Normal Scan","Normal Scan",0,"ON",1,1,1,737.4,5,20.3,97.2,55.2,0.0000000693261,0.0000181953,4.97,8954.6,8.8,736.5,1,"Up Scan","Positive",254,0,4.37,1.6,8,8,0,1,1,58.989,80.248,52.549,83.536,2.573,5275.21,52,21,NA,0,0,0,0,0,0,0,0,0,0,0,0,0,0,0,0,0,0,0,0,0,0,0,0,0,0,0,0,0,0,0,3462.272,3147.136,3159.52,3079.232,3367.904,3272.16,3175.168,3085.184,3097.984,3013.824,3193.312,2937.088,3228.416,3174.496,3458.4,3291.04,3494.56,3394.304,3518.624,3311.2,3343.008,3102.176,3307.872,3244.864,3850.56,4158.72,4742.144,5267.968,5811.936,5984.384,6085.504,5968.928,5407.52,5222.656,4407.392,3977.856,3314.528,2876.416,2606.144,2148.544,1900.032,1824.576,1747.648,1633.664,1617.152,1754.976,1591.296,1620.992,1417.728,1218.592,926.464,743.36,438.88,331.2,166.336,105.728,44.096,13.152,10.848,8.992,0,0,0,0,0,0,0,0,0,0,0,0,0,0,0,0,0,0,0,0,0,0,0,0,0,0,0,0,0,0,0,0,0,0,0,0.924,1.419,1.831,2.517,3.182,4.376,5.213,6.123,7.052,8.175,9.14,10.969,11.371,13.957,15.228,18.193,19.049,22.004,23.356,26.269,27.339,30.201,31.298,36.456,39.855,49.395,56.663,66.394,75.585,85.205,89.725,92.679,93.385,88.345,87.261,77.646,74.098,66.234,61.252,57.394,51.864,46.25,43.706,39.272,34.335,31.634,29.95,26.026,24.629,20.768,17.185,12.75,10.103,5.827,4.288,2.111,1.315,0.537,0.157,0.126,0.109,0.028,0,0,0,0
2026-08-27 05:33:00,1,"Normal Scan","Normal Scan",0,"ON",1,1,1,737.2,5,20,97.2,55.3,0.0000000692359,0.0000181809,4.97,8954.6,8.8,736.5,1,"Up Scan","Positive",254,0,4.37,1.6,8,8,0,1,1,51.123,74.482,49.089,72.339,2.507,5988.42,52,20.9,NA,0,0,0,0,0,0,0,0,0,0,0,0,0,0,0,0,0,0,0,0,0,0,0,0,0,0,0,0,0,0,0,3687.648,3715.776,3447.136,3572.704,3598.848,3639.296,3629.664,3611.776,3740.512,3584.16,3674.336,3903.904,4041.312,4256.128,4510.72,4661.472,4944,4833.504,4752.448,4364.448,4373.152,4225.568,4214.336,4299.456,4665.792,5056.512,5376.704,5882.272,6342.496,6243.392,6265.984,6112.768,5530.368,5059.168,4457.184,3886.56,3206.336,2855.296,2390.432,2012.8,1942.752,1635.872,1796.736,1662.656,1636.256,1753.056,1645.568,1515.552,1439.2,1132.48,973.504,686.528,511.648,294.72,187.168,97.76,53.632,13.504,15.68,8.992,0,0,0,0,0,0,0,0,0,0,0,0,0,0,0,0,0,0,0,0,0,0,0,0,0,0,0,0,0,0,0,0,0,0,0,1.079,1.494,2.173,2.716,3.701,4.696,5.844,6.998,8.233,9.919,10.889,12.666,15.13,17.504,20.403,23.737,26.901,31.06,33.068,35.397,35.724,39.098,41.386,45.39,50.416,57.881,66.352,73.654,82.361,91.593,92.309,94.657,94.886,88.973,84.202,78.527,71.667,65.179,60.732,54.835,49.587,46.658,40.726,39.686,34.921,31.475,30.634,26.518,23.315,21.09,15.976,13.433,9.341,6.804,3.821,2.377,1.217,0.655,0.162,0.183,0.103,0.043,0,0,0,0
2026-08-27 05:38:00,1,"Normal Scan","Normal Scan",0,"ON",1,1,1,737.4,5,20.3,97.2,55,0.0000000693261,0.0000181953,4.97,8954.6,8.8,736.5,1,"Up Scan","Positive",254,0,4.37,1.6,8,8,0,1,1,54.515,77.183,49.603,77.737,2.612,5422.24,52,21,NA,0,0,0,0,0,0,0,0,0,0,0,0,0,0,0,0,0,0,0,0,0,0,0,0,0,0,0,0,0,0,0,4613.28,4075.968,3733.568,3822.656,3613.76,3397.824,3626.592,3581.632,3242.528,3184.352,3253.184,3086.784,3276.32,3146.4,3314.08,3518.24,3614.272,3739.328,3606.432,3575.776,3349.504,3306.176,3301.024,3636.704,3885.184,4208.896,4875.904,5345.984,5753.6,6000.704,5862.272,5885.184,5172.768,4757.44,4250.976,3748,3203.296,2541.504,2333.28,2109.632,1886.176,1799.264,1671.36,1655.072,1715.104,1739.36,1642.176,1585.92,1322.08,1162.848,957.312,708.096,451.68,304,157.664,105.792,62.048,15.2,13.984,5.408,0,0,0,0,0,0,0,0,0,0,0,0,0,0,0,0,0,0,0,0,0,0,0,0,0,0,0,0,0,0,0,0,0,0,0,1.069,1.88,2.34,2.969,3.942,4.685,5.454,6.989,8.139,8.542,9.644,11.195,11.954,14.173,15.107,17.52,20.299,22.746,25.65,27.068,29.302,30.286,33.111,36.483,43.478,49.567,56.723,67.516,75.603,83.291,88.791,89.431,91.182,83.776,80.223,75.485,71.014,64.198,56.258,54.277,50.627,45.702,43.106,37.571,34.709,32.865,29.844,26.591,23.971,19.566,16.468,13.201,9.634,5.993,3.933,2.001,1.315,0.755,0.181,0.163,0.066,0.028,0,0,0,0
2026-08-27 05:43:00,1,"Normal Scan","Normal Scan",0,"ON",1,1,1,737.4,5,20.3,97.2,55.5,0.0000000693261,0.0000181953,4.97,8954.6,8.8,736.5,1,"Up Scan","Positive",254,0,4.37,1.6,8,8,0,1,1,55.231,78.097,50.51,83.536,2.593,5256.93,51,21,NA,0,0,0,0,0,0,0,0,0,0,0,0,0,0,0,0,0,0,0,0,0,0,0,0,0,0,0,0,0,0,0,4162.144,3534.624,3669.248,3271.424,3507.68,3170.368,3330.624,2861.504,3009.568,3171.136,3143.968,3095.392,3227.936,3205.472,3412.48,3499.584,3671.552,3600.896,3634.528,3633.344,3429.6,3352.768,3333.312,3453.152,3717.536,4107.136,4689.28,5115.648,5654.016,5847.552,5883.584,5568.416,5187.04,4664.544,4216.192,3501.92,3058.336,2636.832,2225.344,2018.112,1833.056,1736.672,1710.528,1710.688,1542.24,1640.704,1652.48,1611.296,1405.088,1157.6,899.232,728.16,489.696,272.352,175.776,94.176,52.736,30.272,5.184,0,0,0,0,0,0,0,0,0,0,0,0,0,0,0,0,0,0,0,0,0,0,0,0,0,0,0,0,0,0,0,0,0,0,0,0,0.82,1.668,2.066,2.906,3.384,4.574,5.1,6.434,6.543,7.956,9.61,10.815,12.002,13.947,15.381,17.989,20.217,23.131,24.706,27.183,29.658,30.791,33.391,36.543,41.46,47.815,55.412,64.909,72.871,81.794,86.584,88.918,86.972,83.562,78.477,74.536,66.652,62.555,57.896,51.34,49.109,45.682,42.12,38.401,35.05,30.245,28.78,26.484,24.332,20.632,16.46,12.397,9.783,6.469,3.527,2.234,1.17,0.643,0.362,0.061,0,0,0,0,0,0
2026-08-27 05:48:00,1,"Normal Scan","Normal Scan",0,"ON",1,1,1,737.2,5,20,97.2,55.3,0.0000000692359,0.0000181809,4.97,8954.6,8.8,736.5,1,"Up Scan","Positive",254,0,4.37,1.6,8,8,0,1,1,45.851,72.111,44.568,9.647,2.691,5793.07,52,20.9,NA,0,0,0,0,0,0,0,0,0,0,0,0,0,0,0,0,0,0,0,0,0,0,0,0,0,0,0,0,0,0,0,6846.752,5394.304,6048.48,5166.464,4683.616,4433.056,4153.312,4083.168,3881.344,3705.376,3818.016,3484.032,3569.664,3789.312,3779.168,3766.4,3610.048,3804.704,3744.896,3620.576,3413.664,3391.68,3354.464,3586.464,3639.584,4243.552,4565.92,5134.784,5457.056,5639.328,5868.992,5554.528,5205.216,4702.72,4044.768,3536.48,3017.216,2546.272,2260.704,2050.912,1700.544,1822.112,1716.832,1594.048,1695.968,1689.824,1669.824,1524.32,1369.856,1150.72,943.808,734.432,509.184,315.36,181.664,92.832,40.864,15.168,11.52,2.528,0,0,0,0,0,0,0,0,0,0,0,0,0,0,0,0,0,0,0,0,0,0,0,0,0,0,0,0,0,0,0,0,0,0,0,1.516,2.788,3.158,4.792,5.329,6.12,7.086,7.995,9.278,10.257,11.232,13.107,13.465,15.41,18.097,19.877,21.711,22.741,26.066,27.986,29.504,30.794,33.537,36.739,42.442,46.716,56.854,63.642,73.024,79.398,84.016,88.505,86.249,83.968,79.155,71.855,67.832,61.849,56.118,53.016,49.463,43.901,42.837,38.462,33.8,32.652,29.679,26.946,23.39,19.963,16.246,12.99,9.936,6.736,4.084,2.303,1.155,0.497,0.181,0.134,0.029,0.014,0,0,0,0
2026-08-27 05:53:00,1,"Normal Scan","Normal Scan",0,"ON",1,1,1,737.5,5,20.4,97.2,55.2,0.0000000693562,0.0000182001,4.97,8954.6,8.8,736.5,1,"Up Scan","Positive",254,0,4.37,1.6,8,8,0,1,1,49.8,74.979,47.44,77.737,2.635,5556.46,52,21.1,NA,0,0,0,0,0,0,0,0,0,0,0,0,0,0,0,0,0,0,0,0,0,0,0,0,0,0,0,0,0,0,0,5551.68,4559.904,4271.392,4095.36,3766.624,3462.144,3717.088,3667.104,3506.976,3459.904,3443.104,3567.84,3444.128,3891.936,3861.344,3797.184,3717.6,3919.392,3765.984,3763.52,3723.968,3462.784,3436.896,3558.816,3586.496,4113.664,4579.904,5281.184,5434.24,5796.288,5695.616,5612.288,5243.168,4926.112,4028.48,3593.472,3003.264,2503.392,2213.28,1966.336,1734.944,1755.232,1650.88,1614.496,1630.144,1634.848,1707.168,1579.904,1386.816,1286.208,937.792,711.584,512.544,306.784,155.136,107.296,52.32,35.424,8.704,8.448,0,0,0,0,0,0,0,0,0,0,0,0,0,0,0,0,0,0,0,0,0,0,0,0,0,0,0,0,0,0,0,0,0,0,0,1.682,2.204,2.69,3.416,4.241,4.924,5.565,7.161,8.333,9.267,10.49,11.853,13.785,14.88,18.548,20.311,21.932,23.421,26.826,28.138,30.504,33.131,34.223,37.639,42.153,46.219,55.284,63.852,75.051,79.601,85.616,86.442,86.897,84.323,81.801,71.428,67.927,61.613,55.417,52.324,48.532,44.312,42.079,38.836,34.269,31.35,29.028,27.387,24.038,20.316,18.314,12.988,9.607,6.812,3.969,1.969,1.334,0.636,0.422,0.102,0.088,0.014,0,0,0,0
2026-08-27 05:58:00,1,"Normal Scan","Normal Scan",0,"ON",1,1,1,737.2,5,20,97.2,55.5,0.0000000692359,0.0000181809,4.97,8954.6,8.8,736.5,1,"Up Scan","Positive",254,0,4.37,1.6,8,8,0,1,1,44.068,70.8,44.293,83.536,2.633,5894.73,51,21,NA,0,0,0,0,0,0,0,0,0,0,0,0,0,0,0,0,0,0,0,0,0,0,0,0,0,0,0,0,0,0,0,4626.784,4929.888,5530.016,5156.224,4765.6,4959.136,4531.744,4695.648,4559.52,4339.168,4215.648,3988.416,4015.552,3898.784,4002.24,4166.592,3879.68,4079.968,3855.104,3977.28,3918.144,3742.464,3680.96,3883.2,4004.576,4257.408,4641.728,5158.24,5597.056,5655.744,5679.84,5396.672,4888.576,4306.336,3864.832,3393.856,2867.04,2507.136,2254.4,1942.016,1907.52,1750.88,1721.664,1729.664,1766.304,1633.696,1634.208,1525.184,1350.048,1112.576,945.408,640.864,460.16,283.744,166.368,102.72,37.664,33.824,12.128,3.552,0,0,0,0,0,0,0,0,0,0,0,0,0,0,0,0,0,0,0,0,0,0,0,0,0,0,0,0,0,0,0,0,0,0,0,1.588,1.879,2.911,4.409,5.323,6.21,7.981,8.73,10.672,12.06,13.142,14.472,15.417,17.303,18.623,21.079,24.059,24.48,28.002,28.914,32.407,34.793,36.617,39.754,45.246,50.128,56.659,63.985,72.362,80.004,83.405,85.669,84.11,79.864,73.773,69.972,65.43,59.808,56.005,53.062,47.437,46.186,41.232,38.542,35.672,32.778,28.429,26.346,23.165,19.77,15.86,13.158,8.654,6.141,3.668,2.111,1.276,0.456,0.403,0.142,0.041,0.057,0,0,0,0
2026-08-27 06:03:00,1,"Normal Scan","Normal Scan",0,"ON",1,1,1,737.5,5,20.4,97.2,54.9,0.0000000693562,0.0000182001,4.97,8954.6,8.8,736.5,1,"Up Scan","Positive",254,0,4.37,1.6,8,8,0,1,1,46.352,73.202,45.508,10.366,2.664,5573.29,52,21.1,NA,0,0,0,0,0,0,0,0,0,0,0,0,0,0,0,0,0,0,0,0,0,0,0,0,0,0,0,0,0,0,0,4805.088,5688.608,4688.32,4616.128,4439.232,4149.152,4195.296,4065.088,3871.04,3681.472,3650.944,3518.016,3635.072,3608.864,3716.448,3682.656,3752.992,3846.272,3766.688,3659.36,3609.952,3491.936,3473.6,3548.576,3771.904,4043.552,4653.568,5086.08,5252.928,5525.12,5451.136,5232.032,4734.784,4266.464,3749.44,3281.504,2732.384,2297.088,2201.216,1934.496,1873.184,1705.952,1624.96,1651.072,1689.376,1775.968,1598.24,1554.368,1484.416,1154.944,919.232,727.36,526.08,306.08,150.368,108.896,68.608,37.12,8.672,6.016,0,0,0,0,0,0,0,0,0,0,0,0,0,0,0,0,0,0,0,0,0,0,0,0,0,0,0,0,0,0,0,0,0,0,0,1.632,1.942,3.286,3.73,4.806,5.781,6.652,8.085,9.276,10.203,11.157,12.567,13.59,15.684,17.281,19.567,21.29,23.654,26.387,28.154,29.872,32.174,34.42,37.63,41.722,47.702,53.824,63.555,71.281,75.541,81.29,82.349,81.51,76.71,72.808,68.452,63.801,57.252,52.854,52.325,48.459,45.497,42.413,37.573,34.331,32.568,31.272,25.876,23.566,21.805,16.59,12.741,9.8,7.026,3.96,1.91,1.354,0.835,0.442,0.102,0.066,0.055,0,0,0,0
2026-08-27 06:08:00,1,"Normal Scan","Normal Scan",0,"ON",1,1,1,737.3,5,20.1,97.2,55.5,0.000000069266,0.0000181857,4.97,8954.6,8.8,736.5,1,"Up Scan","Positive",254,0,4.37,1.6,8,8,0,1,1,44.175,71.398,44.351,9.647,2.654,5692.26,51,21,NA,0,0,0,0,0,0,0,0,0,0,0,0,0,0,0,0,0,0,0,0,0,0,0,0,0,0,0,0,0,0,0,5856.672,4780.832,4468.96,4695.2,4791.456,4369.472,4713.6,4627.104,4221.344,4235.232,3920.096,3938.4,3933.856,3900.64,3779.552,3728.064,3766.144,3727.84,3924.736,3729.6,3693.952,3617.728,3541.376,3611.456,3813.728,4252.608,4593.984,4950.592,5269.984,5476.768,5192.16,5161.024,4725.952,4338.112,3721.024,3110.208,2990.144,2398.272,2037.92,1890.784,1810.816,1739.136,1610.912,1712.416,1680.224,1656.736,1737.408,1476.096,1314.976,1218.4,895.008,685.952,491.68,300.704,140.288,103.04,39.104,15.136,15.712,11.872,0,0,0,0,0,0,0,0,0,0,0,0,0,0,0,0,0,0,0,0,0,0,0,0,0,0,0,0,0,0,0,0,0,0,0,1.484,2.378,2.799,3.526,4.85,6.261,6.997,9.079,10.528,11.168,12.801,13.446,15.196,16.937,18.64,19.919,21.579,23.774,25.635,29.229,30.432,33.007,35.466,38.008,42.439,47.907,55.581,62.689,70.086,75.683,80.293,79.628,80.635,76.786,73.374,67.673,61.225,61.145,54.281,49.421,47.593,44.476,41.533,37.012,35.256,31.929,29.07,27.693,22.471,19.337,17.153,12.343,9.345,6.588,3.898,1.78,1.282,0.477,0.181,0.183,0.131,0.055,0,0,0,0
2026-08-27 06:13:00,1,"Normal Scan","Normal Scan",0,"ON",1,1,1,737.3,5,20.1,97.2,55,0.000000069266,0.0000181857,4.97,8954.6,8.8,736.5,1,"Up Scan","Positive",254,0,4.37,1.6,8,8,0,1,1,43.983,71.126,43.71,9.647,2.691,5864.12,52,21,NA,0,0,0,0,0,0,0,0,0,0,0,0,0,0,0,0,0,0,0,0,0,0,0,0,0,0,0,0,0,0,0,6997.472,5687.936,5658.112,5234.432,4901.088,4649.952,4415.648,4547.232,4222.112,3980.256,3886.112,3989.984,3751.04,3794.688,3682.144,3712.608,3738.08,3834.4,3859.2,3564.192,3639.296,3666.144,3610.208,3859.072,3856.448,4346.88,4664.128,5004.384,5259.616,5506.144,5601.024,5338.624,4833.6,4424.736,3890.688,3311.424,2918.944,2533.088,2079.296,2027.808,1802.4,1764.384,1638.624,1809.856,1714.88,1756.544,1644.8,1577.76,1531.328,1231.84,888.896,675.104,486.048,290.368,183.232,90.496,53.92,18.56,8.704,5.696,0,0,0,0,0,0,0,0,0,0,0,0,0,0,0,0,0,0,0,0,0,0,0,0,0,0,0,0,0,0,0,0,0,0,0,1.599,2.838,3.333,4.493,5.388,6.387,7.472,8.511,10.333,11.12,12.038,13.356,15.382,16.184,18.148,19.387,21.477,23.637,26.35,28.925,29.206,32.613,35.953,38.737,44.702,48.768,57.189,63.976,70.718,76.147,81.652,84.653,83.205,78.697,75.147,70.433,64.608,60.348,56.865,51.599,49.584,44.755,42.661,38.644,36.649,32.411,30.453,26.563,23.99,22.277,17.451,12.275,9.128,6.465,3.76,2.326,1.125,0.656,0.221,0.102,0.063,0.029,0,0,0,0
2026-08-27 06:18:00,1,"Normal Scan","Normal Scan",0,"ON",1,1,1,737.4,5,20.3,97.2,55.5,0.0000000693261,0.0000181953,4.97,8954.6,8.8,736.5,1,"Up Scan","Positive",254,0,4.37,1.6,8,8,0,1,1,44.199,71.435,44.234,9.647,2.667,5907.24,52,21.1,NA,0,0,0,0,0,0,0,0,0,0,0,0,0,0,0,0,0,0,0,0,0,0,0,0,0,0,0,0,0,0,0,6647.456,5415.552,5155.36,4972.224,4757.376,4640.64,4509.536,4369.6,4168.768,4112.704,3977.792,3879.872,3833.024,3718.848,3933.92,3927.712,4160.128,4018.752,4130.88,3889.6,3909.824,3752.672,3746.528,3874.144,3986.432,4380.32,4683.712,5082.144,5358.624,5596.64,5444.512,5167.808,4982.144,4454.656,3938.4,3535.744,2961.76,2526.176,2236.928,1920.352,1925.12,1709.76,1747.296,1704.128,1761.696,1764.128,1617.472,1518.112,1423.072,1191.648,1019.904,702.528,459.84,323.84,190.784,102.688,55.552,28.736,20.928,5.376,0,0,0,0,0,0,0,0,0,0,0,0,0,0,0,0,0,0,0,0,0,0,0,0,0,0,0,0,0,0,0,0,0,0,0,1.515,2.713,3.123,4.106,5.132,6.199,7.441,8.691,9.914,11.006,12.432,13.641,15.013,16.54,17.814,20.694,22.695,26.183,27.626,30.801,31.695,34.852,36.714,40.062,44.96,49.88,57.346,64.258,71.469,77.913,83.056,82.933,81.513,80.756,75.628,71.38,67.483,61.404,56.463,53.203,48.367,46.767,41.45,39.565,35.998,33.427,30.435,26.364,23.325,20.887,16.928,14.159,9.552,6.086,4.197,2.421,1.275,0.676,0.342,0.244,0.066,0.014,0,0,0,0
2026-08-27 06:23:00,1,"Normal Scan","Normal Scan",0,"ON",1,1,1,737.1,5,19.8,97.3,55.5,0.0000000691046,0.0000181713,4.97,8954.6,8.8,736.5,1,"Up Scan","Positive",254,0,4.37,1.6,8,8,0,1,1,38.207,67.183,40.693,10.366,2.694,6395.98,52,20.9,NA,0,0,0,0,0,0,0,0,0,0,0,0,0,0,0,0,0,0,0,0,0,0,0,0,0,0,0,0,0,0,0,6200.064,7524.928,7438.72,7028.992,6347.872,6209.024,5669.952,5094.336,5011.776,4717.312,4677.312,4323.936,4315.008,4204.384,4009.12,4232.48,4330.112,4217.216,4287.36,4083.456,3840.352,3925.024,3691.456,3766.976,3987.36,4300.64,4590.176,5341.728,5171.36,5457.216,5505.248,5351.424,4932.992,4457.408,3798.784,3450.08,3046.208,2419.552,2265.184,2154.432,1888.672,1699.552,1704.128,1833.024,1598.464,1760.8,1683.936,1707.392,1411.232,1183.04,998.368,722.656,479.456,319.52,145.76,74.784,37.472,28.704,12.192,5.376,0,0,0,0,0,0,0,0,0,0,0,0,0,0,0,0,0,0,0,0,0,0,0,0,0,0,0,0,0,0,0,0,0,0,0,1.681,2.539,4.395,5.923,7.217,8.248,9.975,10.884,11.606,13.251,14.299,16.051,16.72,18.59,20.094,21.144,24.388,27.243,28.877,31.916,33.187,34.201,38.147,39.728,43.762,49.888,56.636,63.524,74.507,75.181,81.17,84.106,83.749,80.253,76.517,69.526,66.115,62.688,55.999,52.982,51.778,47.021,41.628,39.163,37.415,31.089,30.52,27.314,25.458,20.549,16.727,13.815,9.807,6.381,4.145,1.854,0.929,0.457,0.342,0.142,0.062,0.045,0,0,0,0
2026-08-27 06:28:00,1,"Normal Scan","Normal Scan",0,"ON",1,1,1,737.5,5,20.3,97.3,55.2,0.0000000692549,0.0000181953,4.97,8954.6,8.8,736.5,1,"Up Scan","Positive",254,0,4.37,1.6,8,8,0,1,1,42.978,71.326,43.693,9.647,2.685,5916.23,52,21,NA,0,0,0,0,0,0,0,0,0,0,0,0,0,0,0,0,0,0,0,0,0,0,0,0,0,0,0,0,0,0,0,5989.824,5709.184,5316.16,5349.472,5541.888,4822.656,4232.544,4757.312,4326.688,4214.016,4066.848,4108.928,3977.12,3876.96,3891.872,3959.776,3993.536,3914.848,3885.376,3875.392,3916.512,3757.856,3828.672,3881.216,3867.808,4363.712,4535.168,4878.912,5289.472,5611.872,5335.488,5192.48,4883.488,4331.04,3728.768,3124.48,2632.64,2296.64,2010.08,1956.992,1873.12,1743.968,1754.4,1854.752,1770.176,1889.92,1839.2,1661.888,1562.016,1180.864,1082.336,711.2,479.968,276.032,192.256,108.224,57.184,23.552,17.44,7.168,0,0,0,0,0,0,0,0,0,0,0,0,0,0,0,0,0,0,0,0,0,0,0,0,0,0,0,0,0,0,0,0,0,0,0,1.62,2.415,3.361,4.213,5.512,7.222,7.72,8.154,10.822,11.4,12.751,13.925,15.872,17.136,18.531,20.495,22.885,25.183,26.963,29.125,31.567,34.812,36.541,40.742,44.988,48.603,56.925,62.368,69.094,76.253,81.938,80.358,80.799,78.485,74.015,68.645,62.372,57.565,54.682,50.82,50.04,47.701,43.432,39.501,38.79,33.906,32.327,29.177,25.378,22.923,16.802,14.951,9.671,6.357,3.573,2.438,1.345,0.696,0.282,0.203,0.086,0.014,0,0,0,0
2026-08-27 06:33:00,1,"Normal Scan","Normal Scan",0,"ON",1,1,1,737.3,5,20,97.3,55.8,0.0000000691647,0.0000181809,4.97,8954.6,8.8,736.5,1,"Up Scan","Positive",254,0,4.37,1.6,8,8,0,1,1,44.337,72.188,44.966,77.737,2.642,5733.91,52,20.9,NA,0,0,0,0,0,0,0,0,0,0,0,0,0,0,0,0,0,0,0,0,0,0,0,0,0,0,0,0,0,0,0,4807.328,4410.08,4798.112,4597.824,4827.84,4550.624,4454.336,4642.848,3968.096,4250.944,4078.752,3928.672,4031.808,4037.856,4054.88,3979.776,4035.264,3917.856,3988.032,4020.8,3849.408,3693.92,3629.664,3711.232,3983.648,4250.176,4430.848,4923.872,5260.064,5439.328,5333.984,5021.568,4611.04,4368.768,3826.688,3222.144,2806.432,2526.688,2008.576,1803.456,1737.568,1779.648,1773.024,1738.56,1762.048,1810.464,1711.104,1637.696,1449.952,1220.48,956.32,719.328,461.952,284.736,172.416,88.256,55.392,25.216,12.672,4.928,0,0,0,0,0,0,0,0,0,0,0,0,0,0,0,0,0,0,0,0,0,0,0,0,0,0,0,0,0,0,0,0,0,0,0,1.182,1.918,2.616,3.816,4.762,6.312,7.324,8.571,10.584,10.505,12.879,14.037,15.191,17.392,19.264,21.365,23.013,25.445,26.915,29.764,32.709,34.226,35.914,38.862,43.214,49.681,55.744,60.676,69.546,75.854,80.481,80.607,79.125,75.48,73.933,68.965,63.549,59.617,57,50.43,46.958,44.44,43.266,39.597,36.296,33.491,31.063,27.346,24.937,21.159,17.333,13.157,9.773,6.137,3.686,2.188,1.099,0.676,0.302,0.147,0.059,0.027,0,0,0,0
2026-08-27 06:38:00,1,"Normal Scan","Normal Scan",0,"ON",1,1,1,737.4,5,20.2,97.3,55.3,0.0000000692248,0.0000181905,4.97,8954.6,8.8,736.5,1,"Up Scan","Positive",254,0,4.37,1.6,8,8,0,1,1,45.528,73.599,46.226,83.536,2.618,5596.83,52,20.9,NA,0,0,0,0,0,0,0,0,0,0,0,0,0,0,0,0,0,0,0,0,0,0,0,0,0,0,0,0,0,0,0,3709.984,4053.472,4132.384,4098.24,4040.224,4484.704,4064.032,4288.224,4255.2,4174.816,4093.792,3943.424,4042.208,4276.992,4065.184,4005.408,3921.28,4015.2,4053.824,3958.72,3866.368,3806.848,3672.864,3662.848,3840.256,4144.256,4554.944,5083.36,5090.88,5183.136,5406.24,5067.392,4585.216,4196.64,3635.488,3113.184,2525.76,2205.056,2097.056,1874.048,1747.424,1780.448,1811.68,1795.68,1894.016,1779.904,1831.776,1712.032,1450.336,1222.88,963.232,677.088,509.024,281.6,188.896,75.872,47.296,15.2,14.08,10.752,0,0,0,0,0,0,0,0,0,0,0,0,0,0,0,0,0,0,0,0,0,0,0,0,0,0,0,0,0,0,0,0,0,0,0,0.944,1.518,2.379,3.279,4.216,5.274,7.238,7.839,9.76,11.256,12.655,14.062,15.228,17.401,20.405,21.412,23.155,24.782,27.535,30.18,32.144,34.312,37.053,39.309,42.529,47.967,54.749,62.121,70.513,73.649,76.82,81.1,77.989,74.834,72.163,66.812,62.026,56.302,53.312,51.878,48.583,45.24,43.634,40.33,37.097,35.023,30.96,29.003,26.112,21.121,17.252,13.261,9.286,6.786,3.652,2.395,0.943,0.576,0.181,0.163,0.129,0.055,0,0,0,0
2026-08-27 06:43:00,1,"Normal Scan","Normal Scan",0,"ON",1,1,1,737.5,5,20.3,97.3,55.9,0.0000000692549,0.0000181953,4.97,8954.6,8.8,736.5,1,"Up Scan","Positive",254,0,4.37,1.6,8,8,0,1,1,42.147,70.152,43.885,72.339,2.614,5953.22,52,21,NA,0,0,0,0,0,0,0,0,0,0,0,0,0,0,0,0,0,0,0,0,0,0,0,0,0,0,0,0,0,0,0,4669.856,5085.344,4849.568,4621.728,4833.408,4483.552,4826.112,4627.488,4605.184,4673.472,4514.336,4637.536,4311.264,4246.464,4415.328,4475.168,4476.064,4329.312,4477.376,4093.184,4069.408,3965.504,4019.488,3752.16,4023.136,4486.912,4767.2,5031.392,5394.24,5252.96,5272.128,5017.792,4607.104,4086.464,3780.384,3219.04,2748.768,2345.024,2100,2032,1931.456,1674.752,1804.352,1855.072,1745.28,1761.728,1684.192,1577.728,1499.68,1169.888,863.264,642.176,454.976,280.864,160.288,71.008,57.056,24.448,16.576,5.408,0,0,0,0,0,0,0,0,0,0,0,0,0,0,0,0,0,0,0,0,0,0,0,0,0,0,0,0,0,0,0,0,0,0,0,1.245,1.904,2.973,3.85,4.782,6.289,7.195,9.312,10.49,12.17,14.169,15.509,17.886,18.59,20.317,23.213,25.771,28.16,29.73,33.187,33.283,36.12,38.53,42.545,43.722,49.592,58.043,64.248,70.38,77.083,78.044,80.023,78.545,75.205,71.467,69.4,62.793,59.094,54.616,51.084,49.931,46.666,41.334,40.235,36.64,32.568,30.234,26.918,23.892,21.839,16.556,12.039,8.689,6.036,3.638,2.034,0.883,0.696,0.291,0.194,0.065,0.028,0,0,0,0
2026-08-27 06:48:00,1,"Normal Scan","Normal Scan",0,"ON",1,1,1,737.3,5,20,97.3,55.4,0.0000000691647,0.0000181809,4.97,8954.6,8.8,736.5,1,"Up Scan","Positive",254,0,4.37,1.6,8,8,0,1,1,40.602,68.31,42.893,77.737,2.588,6218.77,52,20.9,NA,0,0,0,0,0,0,0,0,0,0,0,0,0,0,0,0,0,0,0,0,0,0,0,0,0,0,0,0,0,0,0,4426.752,5410.688,4915.2,5126.24,4836,4904.96,5174.432,5286.848,5320.768,4844.768,4748.416,4945.184,4458.624,4655.104,4779.232,4851.456,4895.072,4871.328,4590.528,4464.256,4376.672,4505.152,4170.464,4213.408,4335.84,4625.952,4812.064,5296.352,5566.432,5578.816,5387.36,4981.536,4613.984,4092.96,3412.384,2884.608,2468.512,2320.896,2138.592,2087.968,2088,1970.08,1784.768,1883.296,1811.808,1734.176,1674.208,1634.368,1296.256,1180.32,902.368,646.464,430.976,250.368,162.912,89.664,44.512,18.56,13.952,8,0,0,0,0,0,0,0,0,0,0,0,0,0,0,0,0,0,0,0,0,0,0,0,0,0,0,0,0,0,0,0,0,0,0,0,1.328,1.793,3.137,3.928,5.326,6.292,7.885,9.972,12.034,14.04,14.656,16.321,19.105,19.273,22.198,25.128,27.963,30.83,33.345,34.211,36.26,38.713,43.23,44.111,48.359,53.223,59.69,64.797,72.879,78.553,80.863,80.626,77.728,75.949,71.251,65.571,59.786,54.798,54.626,51.617,50.44,49.249,44.601,39.289,37.76,33.372,29.688,26.55,24.629,19.095,16.686,12.489,8.757,5.82,3.247,2.072,1.114,0.542,0.221,0.163,0.086,0.077,0,0,0,0
2026-08-27 06:53:00,1,"Normal Scan","Normal Scan",0,"ON",1,1,1,737.9,5,20.8,97.3,55.5,0.0000000694051,0.0000182193,4.97,8954.6,8.8,736.5,1,"Up Scan","Positive",254,0,4.37,1.6,8,8,0,1,1,38.239,66.726,41.055,10.366,2.636,6400.79,52,21.2,NA,0,0,0,0,0,0,0,0,0,0,0,0,0,0,0,0,0,0,0,0,0,0,0,0,0,0,0,0,0,0,0,5467.68,6403.36,6094.112,6382.304,5961.504,5859.296,5686.528,5253.12,5446.336,5418.432,4869.856,4713.952,4587.392,4461.728,4495.264,4651.872,4532.416,4723.904,4644.8,4428.448,4254.688,4167.872,3988.256,4084.864,4113.824,4634.08,4840.128,5260.224,5410.112,5695.648,5383.136,5130.432,4625.6,3942.656,3531.264,3027.008,2561.44,2314.592,2192.896,2084.416,1848.32,1887.328,1820.736,1785.888,1755.712,1777.248,1738.752,1697.888,1364.704,1185.28,956.896,637.984,464.384,256.736,140.544,84.864,47.136,20.192,17.408,11.904,0,0,0,0,0,0,0,0,0,0,0,0,0,0,0,0,0,0,0,0,0,0,0,0,0,0,0,0,0,0,0,0,0,0,0,1.411,2.204,3.731,4.81,6.564,7.753,9.371,10.975,11.931,14.381,16.374,16.731,18.168,19.777,21.325,23.643,26.827,28.538,32.271,34.494,35.825,37.74,40.338,42.425,47.101,51.013,59.779,65.238,72.476,76.854,82.574,80.755,79.465,76.166,69.702,65.515,61.227,56.515,54.181,52.423,50.835,46.041,44.325,40.267,36.422,32.558,30.471,27.518,25.436,20.026,16.729,13.22,8.667,6.213,3.325,1.783,1.054,0.576,0.241,0.203,0.131,0.042,0,0,0,0
2026-08-27 06:58:00,1,"Normal Scan","Normal Scan",0,"ON",1,1,1,738.3,5,21.4,97.3,55,0.0000000695855,0.000018248,4.97,8954.6,8.8,736.5,1,"Up Scan","Positive",254,0,4.37,1.6,8,8,0,1,1,34.371,63.082,38.914,11.14,2.592,7104.38,51,21.5,NA,0,0,0,0,0,0,0,0,0,0,0,0,0,0,0,0,0,0,0,0,0,0,0,0,0,0,0,0,0,0,0,6204.832,6681.792,7395.776,6627.2,6221.6,6696.128,6690.4,6411.136,6622.368,6592.064,6541.248,6590.208,6026.016,5957.472,5699.776,5610.4,5293.856,5082.688,5012.864,4746.112,4541.568,4468.48,4492.736,4274.464,4604.832,4809.632,5096.064,5550.272,5663.264,5750.848,5599.136,5300.224,4554.848,4132.32,3550.496,3159.552,2677.824,2537.312,2255.84,1940.064,1947.36,1892.8,1901.568,1733.024,1804,1802.272,1760,1530.848,1392.544,1185.472,958.304,644.992,444.16,317.92,177.568,91.648,53.984,20.224,10.464,7.168,0,0,0,0,0,0,0,0,0,0,0,0,0,0,0,0,0,0,0,0,0,0,0,0,0,0,0,0,0,0,0,0,0,0,0,1.733,2.502,3.911,5.885,6.849,8.087,10.747,12.893,14.577,17.47,19.936,22.399,25.32,25.848,28.306,29.851,32.163,33.164,34.764,37.171,38.509,40.155,43.104,47.363,49.124,56.197,61.906,68.092,76.061,80.022,83.721,83.798,82.448,75.688,71.844,66.026,63.352,58.595,56.983,53.399,49.096,46.866,44.112,41.398,36.155,33.294,30.723,28.393,23.253,20.397,16.828,13.214,8.753,5.927,4.112,2.254,1.137,0.655,0.241,0.122,0.088,0.056,0,0,0,0
2026-08-27 07:03:00,1,"Normal Scan","Normal Scan",0,"ON",1,1,1,739,5,22.3,97.3,54.3,0.0000000698561,0.0000182911,4.97,8954.6,8.8,736.5,1,"Up Scan","Positive",254,0,4.37,1.6,8,8,0,1,1,33.137,60.664,37.585,11.971,2.564,7713.54,50,21.9,NA,0,0,0,0,0,0,0,0,0,0,0,0,0,0,0,0,0,0,0,0,0,0,0,0,0,0,0,0,0,0,0,7574.112,6936.8,7117.952,8141.216,7746.88,7194.944,7646.816,7798.208,7858.912,7409.76,7085.792,6572.32,6371.648,6108.096,6298.976,6059.136,5870.528,5729.504,5538.528,5704.32,5359.072,5100.992,4978.976,4873.984,5118.432,5127.52,5399.904,5852.448,5903.264,5961.12,5743.68,5288.576,4708.16,4265.44,3775.52,3193.088,2811.328,2505.056,2251.872,2046.4,1897.216,1901.824,1872.256,1885.632,1710.368,1755.616,1788.256,1690.176,1470.176,1184.512,947.296,654.368,435.008,279.104,163.584,83.648,42.4,26.912,15.68,0,0,0,0,0,0,0,0,0,0,0,0,0,0,0,0,0,0,0,0,0,0,0,0,0,0,0,0,0,0,0,0,0,0,0,0,1.619,3.039,4.07,5.656,8.351,10.025,11.508,14.697,17.689,20.662,22.373,24.254,25.271,27.331,29.047,33.03,34.828,36.841,39.12,41.127,45.91,46.947,48.711,51.883,55.053,61.589,65.581,71.632,79.777,83.443,86.075,86.179,82.666,77.641,73.864,69.115,63.704,60.62,57.073,53.378,50.079,47.422,44.719,41.162,37.896,31.978,29.948,28.369,25.411,21.331,16.772,13.081,8.818,5.767,3.607,2.075,1.039,0.516,0.321,0.183,0,0.028,0,0,0,0
2026-08-27 07:08:00,1,"Normal Scan","Normal Scan",0,"ON",1,1,1,739.2,5,22.6,97.3,53.8,0.0000000699464,0.0000183054,4.97,8954.6,8.8,736.5,1,"Up Scan","Positive",254,0,4.37,1.6,8,8,0,1,1,29.975,57.821,35.405,11.14,2.576,7890,49,22.3,NA,0,0,0,0,0,0,0,0,0,0,0,0,0,0,0,0,0,0,0,0,0,0,0,0,0,0,0,0,0,0,0,7738.784,8018.24,9636.64,9175.584,9225.408,9155.648,9018.4,8350.816,8520,8033.664,7280.768,6855.296,6339.008,6299.072,5715.552,5549.536,5517.056,5324.416,5109.696,5044.832,4923.136,4769.184,4626.944,4725.888,4595.136,5085.184,5442.592,5722.656,5948.832,5854.016,5522.784,5306.72,4902.112,4282.88,3550.432,3100.608,2740.928,2422.624,2220.736,2022.048,1936.32,1848.64,1813.856,1714.432,1785.024,1710.08,1601.888,1560.576,1279.168,1127.168,857.248,573.216,380,291.488,137.696,80.032,52.864,28.704,13.952,13.632,0,0,0,0,0,0,0,0,0,0,0,0,0,0,0,0,0,0,0,0,0,0,0,0,0,0,0,0,0,0,0,0,0,0,0,2.106,3.124,4.67,7.656,9.408,11.949,14.629,17.349,18.934,22.378,24.19,24.878,26.307,27.147,29.888,29.944,31.919,34.601,36.383,37.999,40.697,43.446,45.93,48.665,53.66,56.219,64.694,72.264,78.612,83.465,84.658,82.824,82.733,79.721,73.417,66.169,61.656,58.324,54.772,52.052,48.805,45.912,41.914,39.704,34.503,32.292,28.843,25.757,23.457,18.637,16.047,11.896,7.813,5.087,3.769,1.745,0.993,0.641,0.341,0.162,0.158,0.057,0,0,0,0
2026-08-27 07:13:00,1,"Normal Scan","Normal Scan",0,"ON",1,1,1,738.4,5,21.5,97.3,53.2,0.0000000696156,0.0000182528,4.97,8954.6,8.8,736.5,1,"Up Scan","Positive",254,0,4.37,1.6,8,8,0,1,1,39.222,65.908,41.989,14.855,2.536,6519.89,49,22.2,NA,0,0,0,0,0,0,0,0,0,0,0,0,0,0,0,0,0,0,0,0,0,0,0,0,0,0,0,0,0,0,0,3684.448,4443.904,4539.584,5443.328,5882.368,5820.768,5984.352,5757.664,5814.112,5808.928,5821.344,5451.392,5349.472,4886.016,4989.408,4968.32,5156.736,4983.776,4792.736,4819.584,4652.064,4568.416,4254.016,4522.176,4652.768,4953.984,5295.136,5603.712,5581.92,5615.648,5733.952,5247.136,4833.824,4160.416,3650.496,3122.752,2629.248,2301.408,2111.456,1998.656,1922.624,1890.592,1697.952,1831.04,1863.168,1759.616,1620.096,1497.056,1260.864,1146.88,817.408,555.296,408.16,227.968,120.992,75.904,26.016,20.256,3.488,3.616,0,0,0,0,0,0,0,0,0,0,0,0,0,0,0,0,0,0,0,0,0,0,0,0,0,0,0,0,0,0,0,0,0,0,0,0.924,1.506,2.601,3.623,5.623,7.646,9.347,11.53,13.063,15.319,17.576,19.921,20.998,22.989,23.308,26.232,28.654,32.414,34.034,35.745,39.08,41.218,44.148,45.09,51.335,56.702,63.598,70.577,76.972,78.88,82.059,85.344,81.458,78.228,71.72,67.666,62.496,56.243,53.463,51.215,48.52,45.23,42.543,37.536,35.749,33.256,29.614,25.355,22.398,18.366,16.075,11.25,7.496,5.434,2.951,1.533,0.941,0.318,0.241,0.041,0.044,0.042,0,0,0,0
2026-08-27 07:18:00,1,"Normal Scan","Normal Scan",0,"ON",1,1,1,737.7,5,20.6,97.3,52.7,0.000000069345,0.0000182097,4.97,8954.6,8.8,736.5,1,"Up Scan","Positive",254,0,4.37,1.6,8,8,0,1,1,36.717,63.049,40.189,15.963,2.519,6946.95,50,21.9,NA,0,0,0,0,0,0,0,0,0,0,0,0,0,0,0,0,0,0,0,0,0,0,0,0,0,0,0,0,0,0,0,4838.304,5249.792,5867.776,6040.448,5998.816,6156.672,5977.088,6327.84,6074.624,6227.616,6196.448,6294.4,5902.112,5837.248,5557.824,5780.32,5622.464,5448.288,5410.592,5311.424,5154.912,4966.176,4761.92,4777.856,4695.488,5152.64,5279.168,5448.448,5553.728,5783.232,5554.592,5318.176,4885.024,4266.624,3676.064,3123.712,2756.128,2500.448,2229.216,2057.28,1912.768,1832.288,1776.864,1801.184,1748.128,1610.176,1600.896,1532.064,1274.208,1017.632,730.784,550.784,376.896,206.336,114.336,60,66.976,20.288,3.488,5.408,0,0,0,0,0,0,0,0,0,0,0,0,0,0,0,0,0,0,0,0,0,0,0,0,0,0,0,0,0,0,0,0,0,0,0,1.069,1.967,3.064,4.643,6.232,7.801,9.898,11.536,14.393,16.033,18.819,21.274,24.244,25.414,27.841,29.227,33.288,35.357,37.295,40.268,42.784,45.344,47.484,49.628,53.685,57.162,65.5,70.777,75.194,79.486,84.043,83.414,83.175,79.423,73.906,67.66,61.821,58.169,56.074,51.761,48.125,45.188,41.613,37.615,34.77,31.377,27.289,24.944,22.829,18.566,14.542,10.106,7.46,4.989,2.674,1.449,0.746,0.815,0.241,0.041,0.065,0.014,0,0,0,0
2026-08-27 07:23:00,1,"Normal Scan","Normal Scan",0,"ON",1,1,1,737.9,5,20.8,97.3,52.4,0.0000000694051,0.0000182193,4.97,8954.6,8.8,736.5,1,"Up Scan","Positive",254,0,4.37,1.6,8,8,0,1,1,33.731,58.664,37.763,15.963,2.474,8371.87,50,21.9,NA,0,0,0,0,0,0,0,0,0,0,0,0,0,0,0,0,0,0,0,0,0,0,0,0,0,0,0,0,0,0,0,6668.768,6984.672,6774.496,8002.656,7811.776,7913.536,7709.6,8203.264,8142.336,7890.56,7967.168,7621.92,7465.408,7286.016,7197.792,7145.92,7045.248,6920.288,6702.048,6344.608,6260.032,6035.648,5800.672,5686.848,5693.216,5646.688,5907.328,6189.632,6426.528,6374.944,6274.336,5877.184,5528.448,5011.2,4295.52,3720.48,3110.976,2685.632,2549.376,2330.304,2119.968,1968.736,1970.432,1822.528,1812.768,1670.176,1625.376,1484.576,1246.752,965.824,742.912,496.992,329.088,187.072,117.408,55.36,42.464,23.68,8.704,5.952,0,0,0,0,0,0,0,0,0,0,0,0,0,0,0,0,0,0,0,0,0,0,0,0,0,0,0,0,0,0,0,0,0,0,0,1.722,2.714,4.046,5.393,8.277,10.185,12.687,14.873,18.617,21.532,23.874,27.337,29.413,32.106,34.745,37.764,41.089,44.235,47.236,49.658,51.125,54.456,57.279,59.783,63.541,68.306,72.364,78.843,85.896,92.096,93.343,94.487,91.682,89.717,85.555,77.379,71.212,64.386,58.858,56.515,52.19,47.861,43.191,39.964,34.935,31.791,27.603,25.314,22.063,18.102,13.697,10.335,6.717,4.409,2.42,1.491,0.687,0.517,0.281,0.102,0.065,0.042,0,0,0,0
2026-08-27 07:28:00,1,"Normal Scan","Normal Scan",0,"ON",1,1,1,737.8,5,20.7,97.3,53.4,0.0000000693751,0.0000182145,4.97,8954.6,8.8,736.5,1,"Up Scan","Positive",254,0,4.37,1.6,8,8,0,1,1,33.604,58.85,37.147,9.647,2.537,7890.81,50,21.8,NA,0,0,0,0,0,0,0,0,0,0,0,0,0,0,0,0,0,0,0,0,0,0,0,0,0,0,0,0,0,0,0,9411.328,7932.544,8426.144,7826.624,7697.376,7655.552,6787.52,7119.104,7064.768,6797.44,6655.456,6483.872,6405.536,6234.624,6227.136,6276.96,6285.408,5977.6,6012.48,5784.896,5649.536,5421.696,5176.416,5268.608,5460.288,5556.608,5740.064,5862.976,5967.264,5905.44,5857.312,5690.784,5312.512,4648.384,3998.208,3474.912,3005.952,2736.128,2372.608,2144.64,2029.216,1930.24,1893.28,1785.472,1776.448,1679.104,1612.256,1427.072,1172.608,953.888,679.424,504.736,319.872,187.648,96.864,71.264,35.968,20.256,14.048,3.552,0,0,0,0,0,0,0,0,0,0,0,0,0,0,0,0,0,0,0,0,0,0,0,0,0,0,0,0,0,0,0,0,0,0,0,2.355,3.822,4.619,6.67,8.083,10.047,12.273,13.077,16.19,18.64,20.572,22.827,25.006,27.553,29.756,32.707,36.151,39.462,40.869,44.669,46.809,49.617,51.682,53.781,59.057,65.016,70.494,76.678,81.173,85.344,87.077,88.46,89.158,86.224,79.272,73.018,67.279,62.307,58.975,53.574,49.328,46.162,41.912,38.689,33.674,31.377,27.587,24.981,21.236,17.156,13.509,9.438,6.875,4.235,2.427,1.226,0.883,0.437,0.241,0.163,0.044,0.014,0,0,0,0
2026-08-27 07:33:00,1,"Normal Scan","Normal Scan",0,"ON",1,1,1,737.4,5,20.2,97.3,53.9,0.0000000692248,0.0000181905,4.97,8954.6,8.8,736.5,1,"Up Scan","Positive",254,0,4.37,1.6,8,8,0,1,1,33.74,59.653,37.753,12.864,2.53,7778.96,51,21.5,NA,0,0,0,0,0,0,0,0,0,0,0,0,0,0,0,0,0,0,0,0,0,0,0,0,0,0,0,0,0,0,0,7343.84,7715.52,7333.568,7410.848,7892.096,7453.024,6967.296,7339.584,7133.056,7099.744,6827.232,6966.4,6574.72,6635.072,6247.616,6141.632,6116.864,5927.52,5856.768,5537.632,5335.328,5265.024,5093.12,5028.48,5146.464,5410.464,5388.192,5757.024,6106.4,6087.968,5925.856,5578.656,5113.92,4593.216,3889.984,3560.288,3130.56,2638.144,2424.256,2339.104,2200.672,2056.96,1891.232,1933.472,1779.04,1723.904,1612.064,1350.56,1170.016,948.864,681.888,454.368,328.8,212.256,117.216,74.112,31.008,20.032,3.712,4.032,0,0,0,0,0,0,0,0,0,0,0,0,0,0,0,0,0,0,0,0,0,0,0,0,0,0,0,0,0,0,0,0,0,0,0,1.868,3,4.518,5.808,7.675,10.312,11.965,13.423,16.698,18.855,21.499,23.448,26.845,28.279,31.613,32.791,35.333,38.409,40.541,43.447,44.85,46.975,50.142,53.069,56.895,62.363,68.848,72.546,80.072,86.561,89.367,90.041,87.588,84.091,79.666,72.494,69.266,64.293,58.018,54.495,52.474,48.411,43.316,38.598,36.118,30.961,28.486,25.137,20.353,17.043,13.449,9.358,6.156,4.426,2.755,1.488,0.922,0.378,0.239,0.043,0.043,0.055,0,0,0,0
2026-08-27 07:38:00,1,"Normal Scan","Normal Scan",0,"ON",1,1,1,737.6,5,20.5,97.3,53.9,0.000000069315,0.0000182049,4.97,8954.6,8.8,736.5,1,"Up Scan","Positive",254,0,4.37,1.6,8,8,0,1,1,35.201,60.43,38.685,17.154,2.504,7670.55,52,21.5,NA,0,0,0,0,0,0,0,0,0,0,0,0,0,0,0,0,0,0,0,0,0,0,0,0,0,0,0,0,0,0,0,6190.56,6360.96,6268.96,6751.392,7418.304,7036.96,7496.128,7195.84,7615.04,7175.424,6954.752,6848.704,6498.4,6394.208,6218.656,6021.792,5774.496,5888.384,5555.168,5550.816,5593.92,5479.488,5315.488,5350.592,5396.832,5544.64,5803.36,6003.904,6306.016,6238.592,5952.128,5744.864,5031.232,4486.016,3762.528,3220.64,2857.216,2685.92,2407.808,2421.28,2234.56,2261.696,2024.224,1801.088,1713.184,1734.56,1485.248,1412.48,1047.648,913.888,718.944,495.168,334.144,213.632,124.416,51.2,36.032,23.584,8.704,5.888,0,0,0,0,0,0,0,0,0,0,0,0,0,0,0,0,0,0,0,0,0,0,0,0,0,0,0,0,0,0,0,0,0,0,0,1.515,2.49,3.699,4.992,7.013,9.649,11.317,14.466,16.374,20.094,21.705,23.816,26.362,27.926,30.424,32.617,34.709,36.404,40.376,41.542,45.044,49.124,52.394,55.224,60.213,64.914,70.494,77.138,82.365,88.64,90.059,89.346,89.48,83.291,78.626,70.462,65.883,60.642,58.099,53.654,53.539,48.457,46.127,39.931,34.207,30.365,28.662,23.442,21.188,15.202,13.039,9.949,6.697,4.494,2.767,1.579,0.637,0.437,0.282,0.102,0.065,0.055,0,0,0,0
2026-08-27 07:43:00,1,"Normal Scan","Normal Scan",0,"ON",1,1,1,737.6,5,20.4,97.3,54.9,0.0000000692849,0.0000182001,4.97,8954.6,8.8,736.5,1,"Up Scan","Positive",254,0,4.37,1.6,8,8,0,1,1,30.024,55.473,35.274,15.963,2.472,8866.38,52,21.4,NA,0,0,0,0,0,0,0,0,0,0,0,0,0,0,0,0,0,0,0,0,0,0,0,0,0,0,0,0,0,0,0,7449.632,8281.056,8274.176,8435.168,8748.48,9102.72,10029.76,10639.776,10082.272,9878.016,9633.248,8990.4,8338.048,7813.472,7343.552,7053.696,6726.112,6512.128,6451.456,6320.224,6026.176,5930.656,6299.136,6116.672,5843.392,5806.176,5738.72,5908.672,6020.64,6265.664,6039.52,5322.592,5120.16,4238.496,3852.576,3174.016,2963.456,2748.128,2529.216,2436.704,2283.936,2261.184,2139.872,1947.36,1895.808,1704.928,1515.616,1449.952,1159.872,1000.544,694.848,466.688,303.2,193.344,102.08,55.328,34.368,11.84,13.856,5.344,0,0,0,0,0,0,0,0,0,0,0,0,0,0,0,0,0,0,0,0,0,0,0,0,0,0,0,0,0,0,0,0,0,0,0,2.044,3.074,4.867,6.581,8.736,11.444,14.654,19.346,24.182,26.611,29.809,32.98,34.554,35.758,37.121,38.502,40.547,42.284,44.8,48.15,51.081,52.712,56.106,63.981,67.122,69.246,73.041,75.846,81.314,84.76,90.929,90.392,84.765,84.903,76.013,72.497,65.251,63.075,60.177,56.819,53.592,49.436,46.427,42.453,36.439,32.708,27.867,23.777,21.429,16.795,14.148,9.639,6.329,4.007,2.502,1.298,0.687,0.417,0.141,0.162,0.065,0,0,0,0,0
2026-08-27 07:48:00,1,"Normal Scan","Normal Scan",0,"ON",1,1,1,737.3,5,20,97.3,55,0.0000000691647,0.0000181809,4.97,8954.6,8.8,736.5,1,"Up Scan","Positive",254,0,4.37,1.6,8,8,0,1,1,27.803,53.825,33.723,14.855,2.492,9181.08,52,21.3,NA,0,0,0,0,0,0,0,0,0,0,0,0,0,0,0,0,0,0,0,0,0,0,0,0,0,0,0,0,0,0,0,9608.32,8448.096,10405.696,9927.456,10455.648,10460.576,10930.176,10894.72,10685.92,10233.472,9716.128,9386.464,8782.112,7970.176,7603.328,7081.952,7150.368,6460.064,6588.224,6335.488,5981.696,5675.744,5498.368,5393.824,5257.088,5367.328,5652.64,5861.472,5989.856,6184,5920.704,5395.072,5040.672,4362.72,3840.032,3275.744,2863.776,2729.568,2580.512,2474.336,2346.24,2272.928,2025.44,1868.896,1927.744,1709.792,1609.408,1391.648,1178.976,1037.952,676.288,510.208,348.832,185.664,121.664,64.352,23.328,15.168,6.944,3.584,0,0,0,0,0,0,0,0,0,0,0,0,0,0,0,0,0,0,0,0,0,0,0,0,0,0,0,0,0,0,0,0,0,0,0,2.17,3.909,4.943,8.248,10.286,13.64,16.861,21.079,24.773,28.161,30.907,33.251,36.08,37.601,37.898,39.806,40.689,44.754,44.158,48.75,50.785,52.138,53.829,56.601,60.418,63.433,68.296,75.136,80.596,84.848,90.056,88.77,85.806,83.768,77.614,72.665,66.971,61.388,59.335,57.617,54.98,50.32,47.106,41.049,35.319,33.495,28.332,25.026,20.861,17.041,14.612,9.344,6.901,4.636,2.407,1.547,0.801,0.284,0.181,0.081,0.043,0.027,0,0,0,0
2026-08-27 07:53:00,1,"Normal Scan","Normal Scan",0,"ON",1,1,1,737.7,5,20.6,97.3,55.4,0.000000069345,0.0000182097,4.97,8954.6,8.8,736.5,1,"Up Scan","Positive",254,0,4.37,1.6,8,8,0,1,1,28.793,54.705,34.438,17.154,2.487,9232.18,52,21.4,NA,0,0,0,0,0,0,0,0,0,0,0,0,0,0,0,0,0,0,0,0,0,0,0,0,0,0,0,0,0,0,0,9300.224,9032.928,8880.672,9331.328,9522.304,9356.416,11174.112,10782.976,11473.504,9973.6,9821.664,9215.648,8640.576,8268.48,7822.688,7522.56,7157.888,6884.896,6537.92,6480.576,6203.584,6083.328,5834.048,5765.056,5520.864,5794.432,5804.416,5884.512,6201.28,6173.28,5900.288,5544.224,4982.176,4391.296,3800.16,3326.88,3099.68,2823.616,2704.416,2600.832,2417.984,2274.464,2131.68,1997.376,1855.616,1733.76,1590.816,1442.624,1293.536,1025.216,740.704,509.12,347.392,196.064,112.864,80.32,21.28,22.016,13.888,3.584,0,0,0,0,0,0,0,0,0,0,0,0,0,0,0,0,0,0,0,0,0,0,0,0,0,0,0,0,0,0,0,0,0,0,0,2.635,3.784,5.264,7.062,9.665,12.425,15.09,21.558,24.559,30.231,30.106,33.653,35.441,37.066,39.273,40.962,43.215,44.914,47.023,48.527,52.049,54.182,57.465,59.717,63.984,65.99,72.818,76.824,80.89,87.383,89.902,89.788,87.963,83.779,78.916,72.543,67.751,65.562,61.527,59.35,56.915,51.907,47.857,42.568,37.818,32.553,28.626,24.881,21.628,18.694,14.42,10.341,6.889,4.604,2.54,1.433,1.001,0.258,0.261,0.163,0.043,0.014,0,0,0,0
2026-08-27 07:58:00,1,"Normal Scan","Normal Scan",0,"ON",1,1,1,737.3,5,20.1,97.3,56,0.0000000691948,0.0000181857,4.97,8954.6,8.8,736.5,1,"Up Scan","Positive",254,0,4.37,1.6,8,8,0,1,1,29.177,55.246,34.872,12.864,2.484,9037.32,52,21.2,NA,0,0,0,0,0,0,0,0,0,0,0,0,0,0,0,0,0,0,0,0,0,0,0,0,0,0,0,0,0,0,0,7000.32,7534.944,8931.456,9681.12,10845.568,10183.456,10156.416,10752.192,10345.632,10593.28,10043.36,8847.008,8599.456,7934.176,7186.048,6867.328,6827.968,6469.824,6432.896,6084.992,5961.248,5765.792,5852.896,5690.432,5790.688,5853.632,5895.136,5925.792,6161.344,6063.456,5988.608,5679.616,4924.736,4470.624,3917.056,3470.4,2972.768,2811.808,2653.344,2506.688,2344.544,2129.344,2121.152,2015.104,1861.12,1673.696,1655.424,1510.432,1178.784,983.456,720.864,545.6,338.272,208.896,115.872,66.4,32.704,8.512,6.976,3.616,0,0,0,0,0,0,0,0,0,0,0,0,0,0,0,0,0,0,0,0,0,0,0,0,0,0,0,0,0,0,0,0,0,0,0,1.888,2.851,4.397,7.125,10.031,14.176,16.405,19.618,24.467,27.301,31.983,34.358,33.991,36.848,37.681,37.663,39.523,42.84,44.361,47.851,49.316,52.268,54.886,60.018,63.101,68.725,73.669,77.954,81.469,87.105,89.089,90.645,89.317,82.891,79.325,73.986,68.619,63.79,61.756,58.251,55.035,51.468,45.611,42.045,37.515,32.963,27.683,25.833,22.535,17.154,13.849,9.954,7.388,4.502,2.702,1.472,0.824,0.398,0.101,0.081,0.043,0.027,0,0,0,0
2026-08-27 08:03:00,1,"Normal Scan","Normal Scan",0,"ON",1,1,1,737.4,5,20.2,97.3,55.6,0.0000000692248,0.0000181905,4.97,8954.6,8.8,736.5,1,"Up Scan","Positive",254,0,4.37,1.6,8,8,0,1,1,28.654,54.13,34.378,17.154,2.462,9474.49,52,21.2,NA,0,0,0,0,0,0,0,0,0,0,0,0,0,0,0,0,0,0,0,0,0,0,0,0,0,0,0,0,0,0,0,8599.84,8227.392,8984.512,9442.528,10297.6,10196.16,11120.416,11457.536,11515.808,10641.216,9968.576,9872.992,9332.448,8983.68,8189.088,7774.304,7648.8,6801.696,6778.368,6485.216,6069.088,6271.808,5991.744,6035.552,5933.088,6077.952,6079.136,6159.84,6298.048,6272.608,6170.976,5627.552,5092,4462.656,4029.696,3635.168,3201.696,2842.624,2681.504,2598.08,2352.768,2228.448,2049.984,1937.824,1895.712,1654.496,1528.864,1398.304,1234.816,953.824,734.56,505.888,346.88,250.72,120.448,75.904,37.728,18.656,1.76,7.2,0,0,0,0,0,0,0,0,0,0,0,0,0,0,0,0,0,0,0,0,0,0,0,0,0,0,0,0,0,0,0,0,0,0,0,1.702,3.473,4.829,7.177,9.786,13.459,16.412,21.497,26.05,30.407,32.113,34.106,37.976,39.981,42.627,42.77,44.552,47.914,46.568,50.416,52.341,53.374,59.355,61.512,66.751,70.441,76.194,79.987,84.564,88.493,92.583,93.56,89.093,85.045,79.738,75.442,71.703,65.938,61.623,58.846,55.952,50.364,46.959,41.2,36.652,33.167,27.677,24.338,20.991,17.947,13.581,10.135,6.88,4.633,3.25,1.527,0.943,0.457,0.221,0.02,0.086,0.041,0,0,0,0
2026-08-27 08:08:00,1,"Normal Scan","Normal Scan",0,"ON",1,1,1,737.6,5,20.5,97.3,56.2,0.000000069315,0.0000182049,4.97,8954.6,8.8,736.5,1,"Up Scan","Positive",254,0,4.37,1.6,8,8,0,1,1,31.58,56.851,36.36,17.154,2.474,8541.21,53,21.3,NA,0,0,0,0,0,0,0,0,0,0,0,0,0,0,0,0,0,0,0,0,0,0,0,0,0,0,0,0,0,0,0,6838.24,7516.032,7397.984,8470.4,8430.112,8766.912,8846.56,9087.232,9218.24,8548.352,8435.328,8621.472,7774.976,7573.216,7284.832,7270.304,6773.472,6493.792,6208.128,6134.272,6062.08,5967.296,5832.416,5891.904,5871.744,5989.536,5982.848,6016,6008.384,5989.728,5714.464,5546.976,4985.952,4405.6,4126.912,3444.96,3036.352,2853.44,2704.832,2613.696,2205.856,2190.368,2062.048,1897.888,1766.752,1632.064,1530.304,1370.848,1131.296,846.784,679.328,493.888,333.184,198.368,103.136,67.04,44,18.528,10.496,1.792,0,0,0,0,0,0,0,0,0,0,0,0,0,0,0,0,0,0,0,0,0,0,0,0,0,0,0,0,0,0,0,0,0,0,0,1.847,2.763,4.427,5.878,8.807,11.023,14.111,17.106,20.684,24.333,25.853,28.915,33.131,33.353,35.996,38.152,41.767,42.55,44.499,46.36,49.677,53.169,56.642,59.811,64.971,69.092,74.711,78.823,82.428,85.875,88.205,87.474,87.726,83.564,78.867,75.705,68.44,63.575,60.999,57.86,55.509,48.182,45.519,40.09,35.156,31.289,27.107,23.87,20.496,16.596,12.003,9.396,6.683,4.45,2.568,1.308,0.833,0.537,0.221,0.122,0.022,0.041,0,0,0,0
2026-08-27 08:13:00,1,"Normal Scan","Normal Scan",0,"ON",1,1,1,737.3,5,20,97.3,56.5,0.0000000691647,0.0000181809,4.97,8954.6,8.8,736.5,1,"Up Scan","Positive",254,0,4.37,1.6,8,8,0,1,1,33.012,58.172,37.074,13.824,2.495,7980.66,53,21.1,NA,0,0,0,0,0,0,0,0,0,0,0,0,0,0,0,0,0,0,0,0,0,0,0,0,0,0,0,0,0,0,0,7137.536,7194.24,7258.208,7194.176,7770.976,8226.848,8149.952,8031.936,7760.736,7527.2,7498.624,7305.536,7186.848,6682.4,6480.8,6508.8,6343.744,5917.6,6040.672,5860.032,5792.64,5592.864,5696.128,5575.616,5552.48,5785.664,5866.336,5811.168,6059.872,5883.968,5732.16,5170.272,4725.312,4254.432,3761.6,3359.296,2944.544,2706.08,2461.664,2307.616,2191.168,2127.072,1983.008,1777.344,1690.144,1631.04,1522.304,1366.976,1075.616,898.656,727.296,502.912,306.048,227.392,114.464,70.56,24.32,12.384,12.256,3.552,0,0,0,0,0,0,0,0,0,0,0,0,0,0,0,0,0,0,0,0,0,0,0,0,0,0,0,0,0,0,0,0,0,0,0,1.89,2.9,4.217,5.799,7.452,10.103,13.191,15.712,18.289,20.487,22.773,25.741,28.128,30.856,31.868,34.06,37.479,39.896,40.692,45.07,47.467,50.943,53.294,58.41,61.828,65.878,72.484,76.65,79.384,85.507,86.165,86.837,82.619,78.983,74.907,70.204,66.812,61.74,58.011,54.132,51.239,48.184,44.141,39.188,34.095,30.097,26.774,24.092,20.542,15.673,12.641,10.031,6.849,4.078,2.942,1.453,0.878,0.297,0.148,0.142,0.043,0.027,0,0,0,0
2026-08-27 08:18:00,1,"Normal Scan","Normal Scan",0,"ON",1,1,1,737.6,5,20.4,97.3,56,0.0000000692849,0.0000182001,4.97,8954.6,8.8,736.5,1,"Up Scan","Positive",254,0,4.37,1.6,8,8,0,1,1,34.574,59.362,37.91,9.647,2.505,7620,53,21.2,NA,0,0,0,0,0,0,0,0,0,0,0,0,0,0,0,0,0,0,0,0,0,0,0,0,0,0,0,0,0,0,0,7887.36,6617.056,7163.808,6773.792,6425.696,7254.848,7178.272,7056.64,6910.4,7072.928,6811.04,6518.304,6377.632,6495.168,6114.304,6164.608,6077.952,5734.944,5719.36,5769.504,5872.992,5633.728,5561.344,5546.624,5450.24,5556.16,5598.208,5755.616,5875.872,5720.864,5749.152,5344.992,4788.352,4258.816,3714.336,3240.576,2817.216,2734.656,2449.888,2256.48,2036.544,2064.224,1948.448,1614.816,1679.488,1624,1587.36,1290.88,1122.56,887.904,709.664,489.696,300.768,181.632,135.776,64.736,29.408,13.472,5.248,3.584,0,0,0,0,0,0,0,0,0,0,0,0,0,0,0,0,0,0,0,0,0,0,0,0,0,0,0,0,0,0,0,0,0,0,0,1.722,3.187,3.872,5.686,7.028,8.384,11.608,13.853,16.077,18.258,21.382,23.366,25.131,27.412,30.911,32.148,35.61,38.296,39.482,42.753,46.661,51.369,53.479,57.064,61.38,64.617,70.302,73.869,78.836,83.256,83.859,86.476,84.401,79.581,74.652,68.66,64.574,59.673,57.348,53.935,50.532,45.8,42.744,38.751,31.553,29.819,26.646,24.551,19.657,16.304,12.546,9.78,6.631,4.022,2.351,1.721,0.805,0.358,0.161,0.061,0.043,0.041,0,0,0,0
2026-08-27 08:23:00,1,"Normal Scan","Normal Scan",0,"ON",1,1,1,737.6,5,20.4,97.3,56.7,0.0000000692849,0.0000182001,4.97,8954.6,8.8,736.5,1,"Up Scan","Positive",254,0,4.37,1.6,8,8,0,1,1,35.526,60.074,38.542,15.963,2.5,7525.5,53,21.2,NA,0,0,0,0,0,0,0,0,0,0,0,0,0,0,0,0,0,0,0,0,0,0,0,0,0,0,0,0,0,0,0,6408.896,7011.104,6847.936,6660.032,6762.24,6579.936,6594.624,7197.12,6652.672,6929.024,6792.448,6499.008,6361.504,6439.328,6042.304,5813.376,5705.504,5624.928,5811.488,5621.248,5610.656,5595.264,5714.56,5624.352,5503.2,5614.464,5821.792,5772.16,5749.6,6037.344,5644.064,5331.52,4840,4361.088,3667.328,3282.464,3039.424,2655.68,2449.6,2181.856,2318.304,2058.4,1934.976,1861.184,1714.208,1557.312,1441.28,1213.92,1076.544,850.432,625.728,496.384,347.904,218.56,119.968,62.912,35.68,17.088,12.288,1.792,0,0,0,0,0,0,0,0,0,0,0,0,0,0,0,0,0,0,0,0,0,0,0,0,0,0,0,0,0,0,0,0,0,0,0,1.888,2.553,4.096,5.463,6.885,8.826,10.572,12.716,16.366,17.586,20.931,23.287,25.066,27.326,30.654,31.72,33.567,36.038,38.828,43.45,45.63,49.289,53.4,58.344,62.155,65.539,70.663,76.253,79.302,81.873,87.903,85.689,84.456,80.28,75.817,69.625,64.977,62.414,57.464,53.555,48.634,48.616,42.723,38.348,34.356,30.288,26.147,22.9,18.382,15.644,12.051,8.648,6.766,4.658,2.829,1.526,0.784,0.434,0.204,0.142,0.022,0.055,0,0,0,0
2026-08-27 08:28:00,1,"Normal Scan","Normal Scan",0,"ON",1,1,1,737.3,5,20.2,97.2,56.4,0.000000069296,0.0000181905,4.97,8954.6,8.8,736.5,1,"Up Scan","Positive",254,0,4.37,1.6,8,8,0,1,1,35.745,59.078,38.306,9.647,2.475,7958.7,53,21.1,NA,0,0,0,0,0,0,0,0,0,0,0,0,0,0,0,0,0,0,0,0,0,0,0,0,0,0,0,0,0,0,0,8298.592,6894.72,7011.328,7102.304,7019.584,6681.28,6629.248,6808.896,6882.912,7150.528,6670.88,6932.608,6641.12,6852.704,6555.488,6481.6,6300.48,6205.952,6146.88,6237.184,6194.112,6240.288,6152.256,6231.904,6003.36,6063.872,6017.28,6385.12,6495.168,6202.912,6186.848,5712.448,5270.72,4459.552,3915.424,3493.728,2861.088,2711.712,2548.768,2374.08,2176,1856.384,1994.144,1778.912,1694.464,1638.752,1420.16,1320.096,1088.032,875.872,659.104,438.816,306.336,188.256,114.4,45.664,27.744,16.864,5.216,8.32,0,0,0,0,0,0,0,0,0,0,0,0,0,0,0,0,0,0,0,0,0,0,0,0,0,0,0,0,0,0,0,0,0,0,0,2.161,3.361,4.066,5.616,7.35,9.147,10.727,12.789,15.496,18.208,21.644,22.943,26.729,28.58,32.635,34.44,37.401,39.829,42.781,46.113,50.545,54.351,59.011,63.195,68.726,71.048,76.218,79.546,87.115,91.103,90.277,92.785,89.181,86.442,77.872,72.225,67.057,60.248,57.853,55.21,51.89,46.426,40.064,39.242,33.244,29.497,26.885,22.314,19.791,15.63,12.372,9.1,5.937,4.076,2.435,1.453,0.569,0.338,0.201,0.061,0.087,0,0,0,0,0
2026-08-27 08:33:00,1,"Normal Scan","Normal Scan",0,"ON",1,1,1,737.6,5,20.5,97.2,56.8,0.0000000693863,0.0000182049,4.97,8954.6,8.8,736.5,1,"Up Scan","Positive",254,0,4.37,1.6,8,8,0,1,1,37.192,60.646,39.361,9.647,2.485,7329.35,53,21.3,NA,0,0,0,0,0,0,0,0,0,0,0,0,0,0,0,0,0,0,0,0,0,0,0,0,0,0,0,0,0,0,0,7129.792,6408.16,6383.456,6682.272,6022.592,6105.184,5782.432,5964.928,5937.568,5862.976,6096.96,6177.984,6182.336,5994.24,5842.016,5771.648,5701.536,5865.536,5999.584,5686.144,5805.664,5732.544,5630.56,5592.608,5784.448,5711.712,5673.28,5958.464,5946.048,5881.856,5726.944,5414.624,5034.88,4513.088,4108.512,3458.752,2986.208,2671.264,2454.88,2132.256,1977.472,1963.04,1735.872,1650.848,1572.864,1475.776,1410.976,1208.672,1008.48,863.904,635.424,456.672,306.528,243.392,106.368,60.32,31.04,8.448,5.248,1.792,0,0,0,0,0,0,0,0,0,0,0,0,0,0,0,0,0,0,0,0,0,0,0,0,0,0,0,0,0,0,0,0,0,0,0,2.056,2.912,3.725,5.074,6.899,7.809,9.794,11.136,13.565,15.661,17.758,20.921,23.824,26.594,28.605,30.716,33.386,36.046,40.309,44.706,46.222,51.026,54.318,57.897,61.926,68.134,71.735,75.513,81.821,85.083,86.401,87.147,85.049,82.875,76.834,73.423,66.498,60.283,55.952,52.689,47.091,43.467,40.369,35.698,31.073,27.922,24.571,22.515,18.16,14.668,12.17,8.734,6.171,4.059,3.151,1.351,0.75,0.377,0.101,0.061,0.022,0.014,0,0,0,0
2026-08-27 08:38:00,1,"Normal Scan","Normal Scan",0,"ON",1,1,1,737.3,5,20,97.3,57.1,0.0000000691647,0.0000181809,4.97,8954.6,8.8,736.5,1,"Up Scan","Positive",254,0,4.37,1.6,8,8,0,1,1,34.85,59.059,38.436,21.288,2.451,7609.48,54,21.1,NA,0,0,0,0,0,0,0,0,0,0,0,0,0,0,0,0,0,0,0,0,0,0,0,0,0,0,0,0,0,0,0,6173.952,6186.048,5894.976,5692.832,6626.944,6540.512,6680.832,6804.736,7275.136,7223.424,7449.248,7695.104,7323.904,7193.856,6666.56,6371.008,6016.16,5991.648,5831.264,5666.624,5915.488,5715.936,5698.688,5612.832,5666.496,5826.048,5607.744,5663.04,5852.864,5852.032,5509.024,5362.752,4972.992,4572.576,4102.592,3602.24,2960.576,2709.984,2291.84,2092.16,1862.944,1854.144,1785.12,1709.824,1566.176,1409.248,1351.584,1278.752,1035.072,866.112,651.616,440.352,350.592,199.2,123.552,69.408,21.376,10.048,12.224,13.376,0,0,0,0,0,0,0,0,0,0,0,0,0,0,0,0,0,0,0,0,0,0,0,0,0,0,0,0,0,0,0,0,0,0,0,1.339,2.527,3.621,4.71,5.918,8.674,10.537,12.885,15.469,19.228,21.903,25.564,29.612,31.443,34.187,34.951,36.731,37.956,41.224,43.603,46.053,51.878,54.052,58.335,62.018,66.997,72.665,74.267,78.792,83.776,86.727,84.363,84.286,81.328,77.835,72.659,67.738,60.135,56.889,50.312,46.441,41.792,39.402,36.108,32.381,27.776,23.989,21.372,19.448,14.999,12.258,8.981,6.039,4.695,2.58,1.568,0.864,0.258,0.121,0.142,0.15,0.027,0,0,0,0
2026-08-27 08:43:00,1,"Normal Scan","Normal Scan",0,"ON",1,1,1,737.6,5,20.5,97.2,56.8,0.0000000693863,0.0000182049,4.97,8954.6,8.8,736.5,1,"Up Scan","Positive",254,0,4.37,1.6,8,8,0,1,1,34.11,53.575,36.927,35.227,2.277,11121.7,54,21.2,NA,0,0,0,0,0,0,0,0,0,0,0,0,0,0,0,0,0,0,0,0,0,0,0,0,0,0,0,0,0,0,0,7792.992,8457.568,7977.312,8290.816,7915.616,7684.8,8279.84,9519.2,9345.888,10069.696,9827.168,10233.088,10407.072,10892.608,12063.36,12737.184,12833.344,13071.008,13139.52,12452.896,11486.656,10573.952,10070.528,9034.912,8319.392,7733.44,7738.048,7618.08,7646.496,7264.736,6805.376,6690.112,5967.04,5469.088,5111.424,4610.688,4228.32,3404.832,2923.84,2471.52,2200.48,2125.856,1938.88,1771.584,1680.416,1516.992,1450.464,1210.72,1067.552,863.52,662.56,466.496,340.864,185.568,120.928,67.68,32.224,13.952,3.52,14.304,0,0,0,0,0,0,0,0,0,0,0,0,0,0,0,0,0,0,0,0,0,0,0,0,0,0,0,0,0,0,0,0,0,0,0,1.868,3.149,4.955,6.346,8.603,10.329,12.357,15.995,21.676,24.76,30.546,33.891,39.685,45.095,52.341,63.596,73.333,80.419,88.851,96.219,98.284,97.719,97.409,99.679,96.783,95.815,95.176,100.8,103.795,108.37,107.954,105.572,105.797,97.924,92.159,88.844,83.872,79.276,67.357,60.656,52.281,47.064,43.422,38.218,33.531,29.502,25.465,22.592,18.508,15.446,12.234,9.107,6.419,4.515,2.403,1.532,0.844,0.391,0.167,0.041,0.176,0.014,0,0,0,0
2026-08-27 08:48:00,1,"Normal Scan","Normal Scan",0,"ON",1,1,1,737.4,5,20.3,97.2,57.6,0.0000000693261,0.0000181953,4.97,8954.6,8.8,736.5,1,"Up Scan","Positive",254,0,4.37,1.6,8,8,0,1,1,26.601,44.128,30.09,21.288,2.214,13736.7,54,21.2,NA,0,0,0,0,0,0,0,0,0,0,0,0,0,0,0,0,0,0,0,0,0,0,0,0,0,0,0,0,0,0,0,12487.776,13676.896,13824.48,13375.072,12590.432,13956.448,14565.12,15165.792,16786.752,17595.168,16673.632,18123.296,16670.784,15204.896,15701.312,17224,17510.56,16987.072,15302.24,13331.264,11417.472,10337.568,8400.96,7232.544,6716.16,6430.08,6168.16,6256.032,6124.096,6344.288,5975.584,5640.608,5450.784,4811.872,4259.008,3550.464,3055.456,2747.36,2364.128,2175.968,2080.096,1895.84,1784.32,1848.256,1599.424,1633.248,1356.672,1248.64,1120.992,890.816,624.096,478.944,308.32,228,154.688,50.432,26.112,20.352,10.4,1.792,0,0,0,0,0,0,0,0,0,0,0,0,0,0,0,0,0,0,0,0,0,0,0,0,0,0,0,0,0,0,0,0,0,0,0,3.094,5.066,8.004,11.009,13.886,16.46,22.429,28.192,34.59,44.365,53.218,57.352,70.009,71.824,72.606,82.304,98.261,108.418,113.545,110.331,103.833,96.104,93.71,83.157,77.72,78.128,79.87,81.307,86.343,87.687,92.67,90.554,88.327,88.162,81.284,76.364,67.873,61.68,58.304,52.48,48.388,44.617,40.971,36.513,34.301,28.44,26.914,21.806,18.992,16.222,12.552,8.716,6.473,4.161,2.954,1.963,0.628,0.318,0.241,0.122,0.022,0.069,0,0,0,0
2026-08-27 08:53:00,1,"Normal Scan","Normal Scan",0,"ON",1,1,1,737.4,5,20.2,97.3,57.3,0.0000000692248,0.0000181905,4.97,8954.6,8.8,736.5,1,"Up Scan","Positive",254,0,4.37,1.6,8,8,0,1,1,30.536,51.751,34.079,11.971,2.398,11606.9,54,21.1,NA,0,0,0,0,0,0,0,0,0,0,0,0,0,0,0,0,0,0,0,0,0,0,0,0,0,0,0,0,0,0,0,12080.928,12179.968,12211.232,12916.768,12615.328,12546.016,11725.728,11016.064,10601.056,10874.4,10645.376,10774.944,10754.88,10091.168,10032.416,9896.8,9576.448,8978.176,8493.568,8563.104,8586.72,9041.184,9153.088,8779.584,8851.264,9066.72,8936.992,8746.624,8314.368,7750.656,7375.68,7145.12,6556.448,5942.4,5104.928,4423.392,3881.888,3366.176,2869.952,2578.368,2335.072,2168.224,1945.728,1835.84,1714.432,1598.24,1464.928,1338.816,1132.16,870.688,665.888,507.488,335.36,194.688,115.552,77.44,44.064,18.592,8.704,4.032,0,0,0,0,0,0,0,0,0,0,0,0,0,0,0,0,0,0,0,0,0,0,0,0,0,0,0,0,0,0,0,0,0,0,0,2.709,4.917,7.142,9.718,13.351,16.435,20.19,22.617,25.068,27.97,32.933,36.576,41.55,46.206,48.03,52.58,56.966,60.374,61.958,63.792,69.79,75.849,85.583,92.832,95.309,102.091,110.381,114.726,118.078,117.067,113.113,111.952,111.089,105.627,99.333,89.509,81.876,74.675,67.896,60.103,54.739,49.845,44.529,39.088,34.106,30.632,26.643,23.069,20.063,16.595,12.377,9.235,6.855,4.458,2.519,1.47,0.962,0.537,0.221,0.102,0.043,0.014,0,0,0,0
2026-08-27 08:58:00,1,"Normal Scan","Normal Scan",0,"ON",1,1,1,737.6,5,20.5,97.3,57.8,0.000000069315,0.0000182049,4.97,8954.6,8.8,736.5,1,"Up Scan","Positive",254,0,4.37,1.6,8,8,0,1,1,24.45,37.765,28.176,22.876,1.945,22479.5,54,21.2,NA,0,0,0,0,0,0,0,0,0,0,0,0,0,0,0,0,0,0,0,0,0,0,0,0,0,0,0,0,0,0,0,12105.44,12408.224,11762.592,13582.656,13167.168,14782.88,20773.888,24719.04,27575.168,34293.76,42097.056,52286.496,59274.656,51158.72,43288.768,38598.496,30001.376,22590.752,19718.688,17140.544,14598.016,13263.328,11221.728,9859.328,8393.344,7893.184,7175.744,6924.032,6549.184,6530.656,6740.864,7226.496,6933.888,5999.584,5112.256,4328,3512.672,3140.384,2654.496,2298.272,2167.968,1915.936,1925.504,1745.28,1709.568,1611.488,1372.352,1224.768,1074.24,924.32,690.656,487.648,355.488,217.056,107.712,48.032,40.864,27.104,12.256,5.376,0,0,0,0,0,0,0,0,0,0,0,0,0,0,0,0,0,0,0,0,0,0,0,0,0,0,0,0,0,0,0,0,0,0,0,3.427,4.891,7.273,9.388,14.094,17.248,23.984,40.549,56.772,73.456,104.439,144.661,200.856,251.978,239.831,223.292,217.284,184.086,150.87,142.437,133.269,122.493,119.45,109.062,103.249,95.604,97.277,96.47,97.639,96.181,98.115,102.041,111.224,108.824,98.644,88.554,78.909,69.04,63.676,56.814,50.738,45.798,40.954,38.653,33.341,30.176,27.062,21.849,18.433,15.599,13.12,9.653,6.638,4.795,2.808,1.366,0.598,0.497,0.322,0.142,0.065,0.083,0,0,0,0
2026-08-27 09:03:00,1,"Normal Scan","Normal Scan",0,"ON",1,1,1,737.2,5,19.9,97.3,58,0.0000000691347,0.0000181761,4.97,8954.6,8.8,736.5,1,"Up Scan","Positive",254,0,4.37,1.6,8,8,0,1,1,24.846,30.536,26.015,21.288,1.637,65446.5,54,21,NA,0,0,0,0,0,0,0,0,0,0,0,0,0,0,0,0,0,0,0,0,0,0,0,0,0,0,0,0,0,0,0,15384.992,20195.84,27201.024,34272.032,38608.352,40371.904,49603.424,68380.416,87398.464,113927.712,145899.232,163149.696,151550.848,144608.96,137118.944,135075.744,128341.792,107715.232,99636.928,94006.592,74714.528,49695.712,28178.848,16231.424,11122.496,9132.864,8309.248,8887.264,8200.704,7624.608,7525.248,7589.504,6775.072,6223.712,5462.848,4705.504,3889.376,3496.736,2888.256,2527.296,2395.936,2126.944,1912.64,1873.216,1717.984,1660.128,1428.512,1308.192,1155.392,892.8,721.92,537.696,371.104,265.184,135.2,62.88,53.632,13.536,19.168,7.168,0,0,0,0,0,0,0,0,0,0,0,0,0,0,0,0,0,0,0,0,0,0,0,0,0,0,0,0,0,0,0,0,0,0,0,3.372,6.273,11.901,21.903,35.703,50.715,65.65,97.217,157.383,233.125,346.887,502.109,627.877,648.783,685.094,714.486,766.838,786.098,709.299,702.924,708.748,601.51,428.126,262.915,165.492,124.176,111.67,109.15,120.443,116.464,113.155,113.834,117.528,108.321,103.061,95.026,85.645,74.76,70.035,60.616,54.474,50.44,44.849,38.992,35.241,30.948,27.963,23.213,19.729,16.903,12.734,10.047,7.345,4.954,3.433,1.72,0.782,0.652,0.161,0.224,0.082,0.043,0,0,0,0
2026-08-27 09:08:00,1,"Normal Scan","Normal Scan",0,"ON",1,1,1,737.6,5,20.5,97.3,57.6,0.000000069315,0.0000182049,4.97,8954.6,8.8,736.5,1,"Up Scan","Positive",254,0,4.37,1.6,8,8,0,1,1,20.716,28.502,22.722,19.81,1.757,48386.6,54,21.2,NA,0,0,0,0,0,0,0,0,0,0,0,0,0,0,0,0,0,0,0,0,0,0,0,0,0,0,0,0,0,0,0,31133.632,31699.04,38300.512,41041.12,51013.536,69209.28,85693.888,89799.968,87687.648,104251.04,130423.584,127532.288,95960.224,76016,68454.592,67357.184,62798.752,53065.888,39297.28,26760.672,17556.224,13114.336,11474.624,10462.4,9717.504,9198.048,8566.4,7998.624,7745.6,7634.4,7328.416,6828.704,6533.728,5765.44,4813.088,4488.64,3750.72,3216.64,2843.232,2713.344,2394.528,2319.808,1940.928,1893.952,1788.672,1639.424,1542.016,1326.56,1184.256,978.176,697.696,518.4,383.712,227.776,130.944,75.904,39.968,16.192,19.136,5.376,0,0,0,0,0,0,0,0,0,0,0,0,0,0,0,0,0,0,0,0,0,0,0,0,0,0,0,0,0,0,0,0,0,0,0,9.687,12.622,18.597,30.531,42.744,66.981,111.888,166.3,204.095,231.701,315.212,445.657,487.191,408.742,357.679,352.919,377.697,381.221,348.589,278.781,205.715,147.027,119.477,112.707,110.559,110.416,111.213,110.311,109.291,109.643,111.024,111.123,106.789,105.023,97.51,86.487,83.723,73.237,66.205,60.587,57.596,50.853,47.525,39.892,35.744,31.707,27.704,24.517,19.949,17.282,13.903,9.737,7.046,5.096,2.95,1.665,0.942,0.485,0.193,0.224,0.065,0.028,0,0,0,0
2026-08-27 09:13:00,1,"Normal Scan","Normal Scan",0,"ON",1,1,1,737.5,5,20.3,97.3,58.3,0.0000000692549,0.0000181953,4.97,8954.6,8.8,736.5,1,"Up Scan","Positive",254,0,4.37,1.6,8,8,0,1,1,21.093,30.662,23.68,18.434,1.837,41596,54,21.1,NA,0,0,0,0,0,0,0,0,0,0,0,0,0,0,0,0,0,0,0,0,0,0,0,0,0,0,0,0,0,0,0,23901.248,24904.544,35003.264,37885.472,47069.504,55494.304,61597.28,70214.048,80411.776,98928.8,97448.672,92052.096,90685.792,82552,69011.712,48691.904,32987.456,32051.008,34056.736,24661.344,17297.216,14283.104,12898.112,11619.04,10248.512,9535.264,9499.968,9132.288,8883.04,9617.696,9743.392,8465.152,7313.632,6544.864,6119.04,5473.344,4873.504,4137.472,3650.272,3019.808,2527.136,2175.52,2134.112,1869.216,1674.592,1685.024,1532.896,1377.632,1123.36,900.864,691.072,534.848,354.88,225.6,126.784,71.488,48.384,35.52,13.984,5.376,0,0,0,0,0,0,0,0,0,0,0,0,0,0,0,0,0,0,0,0,0,0,0,0,0,0,0,0,0,0,0,0,0,0,0,6.195,9.721,14.648,28.036,39.233,61.8,89.624,119.349,160.371,213.189,298.972,332.514,351.462,385.209,387.759,354.958,273.479,202.248,213.536,243.148,190.477,145.473,130.33,127.003,123.478,119.617,119.768,123.741,124.472,126.631,140.312,145.702,132.054,119.697,110.02,105.029,96.83,90.231,79.01,71.858,61.584,53.407,45.354,41.831,35.12,30.303,28.193,24.226,20.865,16.488,12.885,9.66,7.291,4.769,2.923,1.608,0.89,0.589,0.422,0.163,0.065,0.069,0,0,0,0
2026-08-27 09:18:00,1,"Normal Scan","Normal Scan",0,"ON",1,1,1,737.2,5,20,97.2,58,0.0000000692359,0.0000181809,4.97,8954.6,8.8,736.5,1,"Up Scan","Positive",254,0,4.37,1.6,8,8,0,1,1,18.219,28.074,20.995,14.855,1.896,47523.1,54,21,NA,0,0,0,0,0,0,0,0,0,0,0,0,0,0,0,0,0,0,0,0,0,0,0,0,0,0,0,0,0,0,0,52647.488,62393.888,79773.952,93373.12,84517.76,87450.368,96962.848,93162.368,84455.808,80060.512,77938.464,77449.792,75287.456,69628.672,58480.48,45745.664,34653.152,27761.312,22237.408,18017.312,16320.48,14729.568,12865.44,11576.064,10754.848,9931.776,9256.448,8972.672,8424.544,8313.696,8851.168,9816.32,9112.704,8300.896,7667.04,6255.776,5153.152,4565.792,4101.248,3428.064,2764.48,2578.016,2307.552,1964.608,1956.96,1704.224,1552.352,1347.04,1178.496,892.32,755.936,494.624,352.032,218.208,123.616,60.192,50.624,32.032,3.52,5.408,0,0,0,0,0,0,0,0,0,0,0,0,0,0,0,0,0,0,0,0,0,0,0,0,0,0,0,0,0,0,0,0,0,0,0,12.825,21.461,36.966,63.859,96.474,110.125,140.872,187.02,211.597,222.786,241.893,266.273,296.195,320.071,326.083,300.452,257.229,212.666,185.123,160.843,141.406,137.943,133.962,126.44,122.364,122.671,123.932,125.261,128.03,126.79,128.56,136.894,151.341,146.421,136.268,128.224,110.564,95.42,86.329,79.737,68.201,56.464,51.547,44.375,36.891,34.011,28.464,24.388,20.251,17.231,12.816,10.458,6.7,4.715,2.827,1.569,0.746,0.616,0.382,0.041,0.062,0.043,0,0,0,0
2026-08-27 09:23:00,1,"Normal Scan","Normal Scan",0,"ON",1,1,1,737.6,5,20.5,97.3,58.1,0.000000069315,0.0000182049,4.97,8954.6,8.8,736.5,1,"Up Scan","Positive",254,0,4.37,1.6,8,8,0,1,1,22.867,31.633,24.945,22.876,1.81,45621.8,54,21.2,NA,0,0,0,0,0,0,0,0,0,0,0,0,0,0,0,0,0,0,0,0,0,0,0,0,0,0,0,0,0,0,0,25169.664,28079.52,26151.424,29054.464,35989.888,54179.808,67638.336,69398.816,64707.808,75573.344,94247.552,107952.64,108670.848,104063.648,94572.608,79824.448,64849.696,46532.672,33221.12,28700.16,22436.992,17214.976,13400.416,12040.928,12119.104,12828.64,11687.776,10952.736,11099.392,10974.112,10396.416,10085.12,9534.304,8725.472,7455.68,5916.608,4812.448,4004.352,3437.632,2926.56,2500.96,2367.36,2154.944,1926.432,1834.688,1673.344,1548.256,1328.384,1095.328,878.016,637.024,500.928,336.672,198.368,123.008,74.88,49.088,25.28,10.4,5.408,0,0,0,0,0,0,0,0,0,0,0,0,0,0,0,0,0,0,0,0,0,0,0,0,0,0,0,0,0,0,0,0,0,0,0,5.45,10.282,16.377,20.854,30.262,47.271,87.774,130.967,158.347,171.943,230.131,323.643,414.034,462.531,487.499,485.887,447.338,394.566,306.668,237.667,222.09,188.786,157.31,133.643,130.798,140.47,155.877,152.427,151.226,158.019,159.463,154.352,152.182,148.175,139.299,123.379,104.247,89.434,77.643,69.156,60.145,52.31,47.705,41.854,35.479,32.156,27.883,24.213,20.085,16.011,12.622,8.875,6.784,4.506,2.568,1.56,0.931,0.596,0.302,0.122,0.065,0.055,0,0,0,0
2026-08-27 09:28:00,1,"Normal Scan","Normal Scan",0,"ON",1,1,1,737.3,5,20.1,97.3,58.5,0.0000000691948,0.0000181857,4.97,8954.6,8.8,736.5,1,"Up Scan","Positive",254,0,4.37,1.6,8,8,0,1,1,25.906,32.395,26.427,30.505,1.789,63106.5,54,21.1,NA,0,0,0,0,0,0,0,0,0,0,0,0,0,0,0,0,0,0,0,0,0,0,0,0,0,0,0,0,0,0,0,50744.704,49084.992,46153.184,53307.232,53988.288,49829.6,58974.176,62220.928,60412.64,70741.184,83050.336,106737.28,121169.792,116509.504,125387.84,131564.8,132282.848,111707.584,82883.616,64509.696,55968.608,45983.424,37303.168,31118.624,27557.92,25324.384,21280.96,18284.416,16548.256,14806.432,13477.856,13421.984,12139.04,9063.04,6653.984,5785.28,4825.344,3905.344,3395.136,2727.104,2601.184,2209.408,2093.824,1878.656,1770.368,1561.92,1407.968,1237.632,1008.8,854.304,674.528,495.904,292.544,202.24,136.32,76.768,34.336,28.672,3.488,7.584,0,0,0,0,0,0,0,0,0,0,0,0,0,0,0,0,0,0,0,0,0,0,0,0,0,0,0,0,0,0,0,0,0,0,0,13.357,20.414,28.687,36.814,55.367,70.384,80.305,114.487,142.445,161.083,216.56,288.28,415.23,521.387,552.36,649.933,743.465,809.187,738.943,592.767,499.311,465.472,409.46,355.967,318.261,299.839,292.056,263.951,238.51,221.111,203.802,192.702,195.654,181.636,142.605,112.708,100.986,88.779,75.54,67.418,56.684,52.76,44.48,40.528,35.048,31.219,25.775,22.21,18.879,14.816,12.205,9.336,6.732,3.899,2.62,1.73,0.953,0.417,0.342,0.041,0.086,0.014,0,0,0,0
2026-08-27 09:33:00,1,"Normal Scan","Normal Scan",0,"ON",1,1,1,737.3,5,20.1,97.2,58.1,0.000000069266,0.0000181857,4.97,8954.6,8.8,736.5,1,"Up Scan","Positive",254,0,4.37,1.6,8,8,0,1,1,24.817,34.699,26.986,17.154,1.862,34956.7,54,21.1,NA,0,0,0,0,0,0,0,0,0,0,0,0,0,0,0,0,0,0,0,0,0,0,0,0,0,0,0,0,0,0,0,11887.456,14656.8,15727.968,19998.976,30964.48,40048.16,49275.68,56583.296,63067.008,60244.032,52008.864,52459.936,56056.768,59106.176,57685.504,58469.632,62620,53968.064,41016.992,38968.448,29848.896,22610.176,17705.728,14944.32,13043.872,11942.336,11388.192,9888.256,9027.072,8231.584,7864.288,7224.32,7224.416,6958.144,6538.592,5618.432,4631.232,4080.256,3316.736,2855.744,2598.816,2387.776,2157.664,1875.84,1692.992,1664.32,1474.976,1331.68,1036.256,811.296,638.4,404.928,312.608,191.552,121.472,79.2,31.744,27.008,6.944,12.448,0,0,0,0,0,0,0,0,0,0,0,0,0,0,0,0,0,0,0,0,0,0,0,0,0,0,0,0,0,0,0,0,0,0,0,2.741,4.868,8.576,12.584,20.897,40.783,64.683,95.384,128.939,166.544,182.144,178.945,203.437,241.555,280.03,300.394,331.483,383.394,356.714,293.294,299.17,246.872,202.362,170.56,154.28,144.616,141.374,142.271,133.701,129.59,124.297,121.645,115.789,117.36,114.84,110.855,100.056,86.554,77.843,66.56,58.368,53.67,47.403,41.003,34.602,29.275,27.391,23.175,20.117,15.198,11.537,8.872,5.507,4.218,2.479,1.541,0.985,0.387,0.322,0.081,0.131,0.036,0,0,0,0
2026-08-27 09:38:00,1,"Normal Scan","Normal Scan",0,"ON",1,1,1,737.6,5,20.5,97.2,58.3,0.0000000693863,0.0000182049,4.97,8954.6,8.8,736.5,1,"Up Scan","Positive",254,0,4.37,1.6,8,8,0,1,1,18.882,30.842,22.721,18.434,1.948,34951.9,54,21.2,NA,0,0,0,0,0,0,0,0,0,0,0,0,0,0,0,0,0,0,0,0,0,0,0,0,0,0,0,0,0,0,0,32235.264,31921.888,34727.36,46588.768,61267.392,66403.456,65608.992,69161.216,81282.976,85450.656,69138.752,48616.416,37279.968,37502.368,43206.464,37245.984,28383.872,21241.152,16942.336,15284.544,14177.024,12814.688,11289.184,10234.4,10107.296,12364.32,13702.272,12348.608,10636.576,9206.592,7849.824,7069.216,6628.288,6108.64,5551.232,5187.936,4594.528,4199.328,3653.952,3152.48,2668.192,2359.904,2031.328,1826.24,1675.488,1487.104,1324.736,1087.328,954.72,850.08,606.272,480.352,277.408,217.312,109.6,65.056,45.76,18.624,5.248,5.344,0,0,0,0,0,0,0,0,0,0,0,0,0,0,0,0,0,0,0,0,0,0,0,0,0,0,0,0,0,0,0,0,0,0,0,8.109,12.983,18.753,27.658,48.654,80.142,106.716,126.188,157.072,214.297,257.134,235.307,185.831,158.956,176.632,222.558,209.593,174.252,142.175,123.299,120.848,123.37,121.963,115.691,112.101,116.393,145.466,166.889,159.068,145.727,133.781,120.92,114.369,110.443,104.688,97.612,93.068,84.853,78.589,70.547,61.363,53.345,45.252,39.414,33.654,29.555,24.592,21.064,16.495,14.013,12.097,8.403,6.515,3.715,2.817,1.39,0.808,0.556,0.221,0.061,0.066,0.041,0,0,0,0
2026-08-27 09:43:00,1,"Normal Scan","Normal Scan",0,"ON",1,1,1,737.3,5,20.1,97.2,58.5,0.000000069266,0.0000181857,4.97,8954.6,8.8,736.5,1,"Up Scan","Positive",254,0,4.37,1.6,8,8,0,1,1,23.758,30.425,25.245,18.434,1.73,70596.7,54,21.1,NA,0,0,0,0,0,0,0,0,0,0,0,0,0,0,0,0,0,0,0,0,0,0,0,0,0,0,0,0,0,0,0,30621.92,37316.48,40469.856,45382.016,53610.592,66684.288,82117.856,112360.16,136713.728,155196.512,131882.08,113681.952,121190.848,144413.856,153093.728,128436.256,96960.224,77650.272,61404.16,52105.696,63267.2,53987.328,43616.704,35145.44,31738.336,28524.992,25312.384,23270.624,20414.88,15745.664,12463.68,9863.648,7841.12,6279.552,5388.384,4652.064,3792,3508.416,2990.016,2689.536,2332.672,2142.976,1961.888,1879.968,1732.8,1490.24,1236.288,1120.704,940.48,770.464,603.776,423.264,251.136,180.288,109.824,50.528,45.92,13.568,15.712,8.288,0,0,0,0,0,0,0,0,0,0,0,0,0,0,0,0,0,0,0,0,0,0,0,0,0,0,0,0,0,0,0,0,0,0,0,7.076,12.473,22.053,32.198,47.141,70.502,107.973,159.143,256.645,362.155,469.922,452.257,437.789,519.114,679.701,788.412,726.542,598.407,520.791,445.315,410.08,526.434,481.199,418.309,360.04,340.938,321.371,297.753,284.143,259.903,211.341,175.581,146.606,122.866,104.444,93.389,84.465,72.646,69.2,60.912,54.197,47.179,42.432,37.751,34.34,29.853,24.341,19.596,16.889,13.707,11.036,8.413,5.78,3.385,2.335,1.395,0.628,0.556,0.161,0.183,0.087,0.027,0,0,0,0
2026-08-27 09:48:00,1,"Normal Scan","Normal Scan",0,"ON",1,1,1,737.2,5,20,97.2,58,0.0000000692359,0.0000181809,4.97,8954.6,8.8,736.5,1,"Up Scan","Positive",254,0,4.37,1.6,8,8,0,1,1,20.938,29.092,23.298,15.963,1.8,67491.9,54,21.1,NA,0,0,0,0,0,0,0,0,0,0,0,0,0,0,0,0,0,0,0,0,0,0,0,0,0,0,0,0,0,0,0,38015.84,46436.352,53673.472,61003.968,83613.824,114691.552,148312.256,152010.528,141148.352,114100.224,98859.904,110116.864,129665.504,120009.984,99697.888,79961.824,69335.552,67646.208,59979.264,39351.008,23833.76,18656.576,18512.992,20406.848,31445.216,34405.024,30150.496,25597.408,20220.256,16551.584,14577.92,12822.688,11689.216,9995.424,7833.92,5822.048,4175.744,3191.872,2668.768,2330.24,2456.736,2201.664,1941.792,1830.816,1587.872,1501.984,1326.208,1057.76,959.04,681.888,557.184,417.792,273.728,152.928,111.36,75.616,45.632,25.344,10.432,7.2,0,0,0,0,0,0,0,0,0,0,0,0,0,0,0,0,0,0,0,0,0,0,0,0,0,0,0,0,0,0,0,0,0,0,0,10.753,15.448,27.387,42.915,63.483,109.995,184.976,286.266,345.799,372.035,344.606,338.738,423.474,553.247,564.981,513.569,448.572,422.739,446.544,429.013,314.457,217.015,186.853,196.054,221.277,341.415,388.135,358.304,321.215,267.353,226.662,204.313,184.272,171.928,152.805,127.152,101.131,78.139,63.823,55.438,49.184,49.148,42.977,37.089,32.923,27.842,24.708,20.62,16.236,14.033,9.837,7.768,5.689,3.623,1.982,1.414,0.942,0.556,0.303,0.122,0.082,0,0,0,0,0
2026-08-27 09:53:00,1,"Normal Scan","Normal Scan",0,"ON",1,1,1,737.6,5,20.4,97.3,58.3,0.0000000692849,0.0000182001,4.97,8954.6,8.8,736.5,1,"Up Scan","Positive",254,0,4.37,1.6,8,8,0,1,1,24.545,31.013,26.13,22.876,1.654,47746.1,54,21.2,NA,0,0,0,0,0,0,0,0,0,0,0,0,0,0,0,0,0,0,0,0,0,0,0,0,0,0,0,0,0,0,0,18072.16,14339.136,14620.224,16428.096,20741.536,22154.496,26615.424,47556.736,69556.672,96263.584,110986.176,113117.088,134973.536,126947.84,122298.976,119080.608,97148.032,70587.392,47322.464,31501.152,23980.864,21211.936,21085.376,19626.848,15038.24,12031.808,10514.144,8811.392,7779.648,6857.216,6648.416,6687.264,6321.184,5345.824,4669.984,3914.528,3379.456,2972.608,2599.904,2298.4,2287.84,2017.632,1804.512,1668.544,1511.04,1413.248,1214.976,976.096,870.816,689.472,481.92,371.584,185.984,140.032,68.704,41.056,21.28,11.84,6.976,5.344,0,0,0,0,0,0,0,0,0,0,0,0,0,0,0,0,0,0,0,0,0,0,0,0,0,0,0,0,0,0,0,0,0,0,0,5.783,7.27,8.359,11.716,17.053,27.333,36.043,52.53,109.959,185.764,293.136,381.776,436.352,576.123,595.388,628.221,665.707,589.732,465.639,339.021,244.245,200.267,189.631,199.417,196.631,161.811,139.763,130.933,117.068,109.19,100.439,100.258,103.35,100.177,89.588,82.398,72.917,65.368,59.105,53.331,47.683,45.362,39.227,34.302,29.898,25.993,22.527,18.774,14.578,12.63,9.726,6.699,5.049,2.558,1.813,0.872,0.51,0.258,0.141,0.081,0.065,0.083,0,0,0,0
2026-08-27 09:58:00,1,"Normal Scan","Normal Scan",0,"ON",1,1,1,737.3,5,20.1,97.3,58.5,0.0000000691948,0.0000181857,4.97,8954.6,8.8,736.5,1,"Up Scan","Positive",254,0,4.37,1.6,8,8,0,1,1,23.953,30.451,24.927,26.416,1.726,48054.3,54,21.1,NA,0,0,0,0,0,0,0,0,0,0,0,0,0,0,0,0,0,0,0,0,0,0,0,0,0,0,0,0,0,0,0,17348.608,19710.528,28545.44,34022.24,36366.496,40443.552,55480.416,71933.12,88805.728,90047.04,86988.576,82396.608,100119.392,131739.136,141283.264,118254.688,84842.304,54831.488,33132.416,21372.224,15805.248,13459.712,12530.432,14079.008,17056.928,14806.464,11128.288,9251.936,8612.288,9110.88,9641.856,8338.816,7649.504,7282.272,6394.816,5509.184,4530.912,3847.488,3145.472,2438.368,2214.496,1969.216,1747.808,1544.224,1458.496,1398.88,1188.64,986.496,828.256,711.872,518.304,344.096,247.392,138.816,79.392,42.592,16.384,6.752,5.184,7.584,0,0,0,0,0,0,0,0,0,0,0,0,0,0,0,0,0,0,0,0,0,0,0,0,0,0,0,0,0,0,0,0,0,0,0,3.519,7.083,11.67,22.86,35.417,47.599,65.526,107.856,164.525,236.241,274.348,300.413,318.572,428.292,617.447,722.748,658.644,513.152,360.146,238.043,170.451,137.339,124.586,123.659,146.326,187.085,173.955,141.646,127.086,125.308,133.93,142.96,128.484,121.365,116.253,105.702,94.827,81.289,70.969,60.842,49.742,44.216,38.646,33.763,28.087,25.02,22.791,18.475,14.753,12.03,10.007,7.158,4.678,3.366,1.796,1.007,0.53,0.199,0.08,0.061,0.086,0.069,0,0,0,0
2026-08-27 10:03:00,1,"Normal Scan","Normal Scan",0,"ON",1,1,1,737.3,5,20.1,97.3,57.9,0.0000000691948,0.0000181857,4.97,8954.6,8.8,736.5,1,"Up Scan","Positive",254,0,4.37,1.6,8,8,0,1,1,22.368,27.553,23.821,21.288,1.584,70312.7,54,21.1,NA,0,0,0,0,0,0,0,0,0,0,0,0,0,0,0,0,0,0,0,0,0,0,0,0,0,0,0,0,0,0,0,24748.608,22951.552,22729.6,24547.296,33804.8,57476.224,77374.144,98517.248,116418.752,167059.744,212776.352,229121.824,215416.256,175244.512,148926.784,121909.056,95097.28,75711.616,59476.672,45510.688,37862.272,31376.96,22583.776,16189.248,12977.408,11643.808,11423.904,10280.224,8025.376,6842.88,6007.04,5286.208,4737.696,4268.288,3905.92,3564.384,3329.952,3183.872,2962.656,2640.416,2449.504,2106.016,1864.416,1678.56,1516.768,1340.896,1166.304,1051.488,801.056,733.472,486.496,306.432,256.608,142.784,84.576,55.424,21.216,16.832,12.224,5.376,0,0,0,0,0,0,0,0,0,0,0,0,0,0,0,0,0,0,0,0,0,0,0,0,0,0,0,0,0,0,0,0,0,0,0,7.569,9.947,13.399,18.24,25.557,45.02,93.831,151.421,226.546,309.948,507.501,728.024,876.127,914.46,820.9,765.426,684.231,580.518,499.496,422.341,347.851,310.78,276.529,213.831,164.369,140.762,133.653,137.403,130.284,108.928,99.013,91.897,85.767,81.379,76.88,72.985,68.379,64.817,62.36,58.463,52.759,47.414,40.53,35.398,30.194,25.7,22.079,18.216,15.723,11.783,10.425,6.738,4.208,3.436,1.845,1.074,0.687,0.258,0.201,0.142,0.065,0.041,0,0,0,0
2026-08-27 10:08:00,1,"Normal Scan","Normal Scan",0,"ON",1,1,1,737.6,5,20.4,97.3,58.3,0.0000000692849,0.0000182001,4.97,8954.6,8.8,736.5,1,"Up Scan","Positive",254,0,4.37,1.6,8,8,0,1,1,28.753,32.699,27.666,30.505,1.713,68770.1,54,21.2,NA,0,0,0,0,0,0,0,0,0,0,0,0,0,0,0,0,0,0,0,0,0,0,0,0,0,0,0,0,0,0,0,28288.096,27005.6,29215.872,41878.432,64102.624,74749.28,78856.192,81621.504,77406.624,74562.816,72640.288,67964.832,72150.432,83875.296,113277.92,170516.384,208872.384,168313.504,125777.472,86838.816,69494.048,61485.824,54949.888,51086.816,39381.504,26925.856,22069.376,21424.128,18977.728,15891.456,12233.056,9102.08,6831.712,5436.544,4744.384,4396.768,4122.624,3246.016,2728.096,2532.288,2261.024,1944.928,1814.944,1632.032,1507.104,1316.448,1177.6,1034.816,833.216,687.36,522.56,348.576,252.288,144.608,73.024,56.8,24.672,23.712,8.672,5.376,0,0,0,0,0,0,0,0,0,0,0,0,0,0,0,0,0,0,0,0,0,0,0,0,0,0,0,0,0,0,0,0,0,0,0,6.52,11.502,15.843,23.341,43.81,84.054,120.099,152.14,185.501,204.587,227.038,254.244,271.934,320.507,406.552,592.998,965.02,1274.188,1112.637,900.984,671.68,573.703,541.98,517.382,509.267,416.929,302.768,260.329,260.97,240.956,211.181,172.744,136.412,107.733,91.701,83.396,78.94,75.897,63.082,55.177,50.334,45.005,38.289,34.828,29.47,25.9,21.699,18.445,15.326,12.224,9.757,7.323,4.739,3.343,1.872,0.93,0.704,0.3,0.282,0.102,0.065,0.014,0,0,0,0
2026-08-27 10:13:00,1,"Normal Scan","Normal Scan",0,"ON",1,1,1,737.3,5,20,97.3,58.3,0.0000000691647,0.0000181809,4.97,8954.6,8.8,736.5,1,"Up Scan","Positive",254,0,4.37,1.6,8,8,0,1,1,21.362,32.057,23.973,21.288,1.912,26728.9,54,21.1,NA,0,0,0,0,0,0,0,0,0,0,0,0,0,0,0,0,0,0,0,0,0,0,0,0,0,0,0,0,0,0,0,19292.832,27875.84,28780.416,25793.344,26309.984,31626.688,38197.536,39439.008,42708.416,53071.392,59071.424,66916.032,57885.696,45711.264,43188.576,41848.096,30365.184,20429.376,13962.208,11110.56,9051.008,7748.064,7180.992,6581.216,6094.624,6202.528,6426.4,6276.544,7203.968,8659.136,8617.568,7241.856,5806.944,4660.8,3904.8,3405.024,2920,2890.336,2693.504,2527.808,2134.048,1988.608,1716.832,1585.216,1453.952,1276.992,1197.088,1089.024,857.408,708.928,554.528,405.76,280.896,190.432,89.888,50.528,38.56,9.024,13.984,5.376,0,0,0,0,0,0,0,0,0,0,0,0,0,0,0,0,0,0,0,0,0,0,0,0,0,0,0,0,0,0,0,0,0,0,0,2.669,7.979,16.365,22.835,26.618,34.474,51.103,74.076,90.048,113.258,160.661,202.566,256.12,245.469,214.092,221.947,234.132,184.589,135.193,100.58,86.936,77.227,72.308,72.399,73.792,76.358,82.13,86.412,86.836,99.853,120.374,123.039,109.323,94.142,80.877,71.31,65.123,58.164,58.048,54.569,50.478,43.692,39.469,33.858,29.233,25.622,21.485,19.075,16.301,12.634,10.062,7.685,5.558,3.824,2.465,1.143,0.628,0.47,0.108,0.163,0.064,0.096,0,0,0,0
2026-08-27 10:18:00,1,"Normal Scan","Normal Scan",0,"ON",1,1,1,737.4,5,20.2,97.3,57.8,0.0000000692248,0.0000181905,4.97,8954.6,8.8,736.5,1,"Up Scan","Positive",254,0,4.37,1.6,8,8,0,1,1,23.975,32.241,25.184,28.387,1.876,36521.9,54,21.1,NA,0,0,0,0,0,0,0,0,0,0,0,0,0,0,0,0,0,0,0,0,0,0,0,0,0,0,0,0,0,0,0,31254.976,36021.28,39415.392,39601.952,42008.96,43198.624,41609.088,46990.752,52720.896,54264.576,52183.552,49677.6,48779.168,47632.48,54711.552,61677.824,61494.976,57193.888,48072.384,38558.08,28810.688,22720.288,19275.68,17672.896,16952.768,14456.224,11759.072,10871.776,10905.184,9621.824,7755.648,6697.408,5682.688,4948.32,4158.304,3516.224,3066.912,2748.032,2300.256,2177.248,1962.72,1922.016,1748.8,1658.24,1460.128,1365.472,1139.328,1037.504,917.824,685.568,552.48,395.808,274.912,179.392,100.736,63.2,39.168,20.288,8.704,3.616,0,0,0,0,0,0,0,0,0,0,0,0,0,0,0,0,0,0,0,0,0,0,0,0,0,0,0,0,0,0,0,0,0,0,0,7.754,12.671,21.219,31.406,40.987,54.955,69.437,80.398,107.188,139.434,164.408,179.809,192.465,211.142,227.397,285.843,349.047,376.744,378.686,343.927,298.566,240.56,203.675,186.067,182.773,184.565,166.234,143.66,138.953,144.064,132.236,112.547,101.835,90.629,83.057,73.677,66.623,60.328,56.121,49.181,45.497,41.024,38.854,33.807,30.435,25.696,22.684,18.186,15.661,13.549,9.77,7.703,5.361,3.697,2.325,1.278,0.785,0.477,0.241,0.102,0.043,0.055,0,0,0,0
2026-08-27 10:23:00,1,"Normal Scan","Normal Scan",0,"ON",1,1,1,737.6,5,20.4,97.3,58.3,0.0000000692849,0.0000182001,4.97,8954.6,8.8,736.5,1,"Up Scan","Positive",254,0,4.37,1.6,8,8,0,1,1,24.205,32.049,25.865,22.876,1.791,54091.2,54,21.2,NA,0,0,0,0,0,0,0,0,0,0,0,0,0,0,0,0,0,0,0,0,0,0,0,0,0,0,0,0,0,0,0,23071.904,25519.136,33088.224,44366.752,55733.216,62515.904,67755.584,66807.936,66937.952,64493.184,79330.688,113646.08,128298.656,126040.384,117682.336,110949.664,94632.448,70990.304,42913.504,30953.984,30531.392,28536.8,24850.048,22389.408,19579.136,18084.8,17114.112,14729.504,13367.296,12732.352,13713.28,15355.584,14762.368,12567.232,10212.704,7694.624,5250.24,3632.544,2681.792,2204.512,1939.008,1746.24,1652.768,1501.44,1508.864,1350.784,1221.728,1039.68,882.4,725.856,555.52,394.624,261.056,178.784,123.136,50.592,35.776,16.864,6.944,7.648,0,0,0,0,0,0,0,0,0,0,0,0,0,0,0,0,0,0,0,0,0,0,0,0,0,0,0,0,0,0,0,0,0,0,0,5.66,9.298,15.047,26.454,46.154,73.012,100.555,131.203,152.922,178.205,197.079,275.291,438.194,547.898,590.694,604.297,622.361,576.875,469.587,309.791,243.683,257.746,258.208,240.549,232.238,218.257,219.986,224.443,206.803,193.927,188.346,198.501,218.863,212.484,185.861,156.981,124.014,90.907,68.103,54.625,46.426,40.863,36.065,32.521,28.416,26.339,22.381,19.304,15.831,13.062,10.267,7.694,5.356,3.584,2.317,1.562,0.628,0.437,0.201,0.081,0.087,0.097,0,0,0,0
2026-08-27 10:28:00,1,"Normal Scan","Normal Scan",0,"ON",1,1,1,737.2,5,19.9,97.3,58.3,0.0000000691347,0.0000181761,4.97,8954.6,8.8,736.5,1,"Up Scan","Positive",254,0,4.37,1.6,8,8,0,1,1,24.687,31.969,26.131,22.876,1.76,49046.4,54,21.1,NA,0,0,0,0,0,0,0,0,0,0,0,0,0,0,0,0,0,0,0,0,0,0,0,0,0,0,0,0,0,0,0,20830.08,28371.264,35653.504,39563.52,41764.704,40024.384,40343.456,47287.936,59580.192,73346.432,87866.656,101290.848,109764.448,109149.856,101332.928,94401.76,90592.608,74053.472,60644.064,43992.32,34146.56,22512.448,20582.112,20660.992,20507.68,22130.144,20585.344,16735.072,12990.912,10615.52,8585.088,7363.328,6765.472,6240.736,5611.296,5086.88,4286.976,3521.504,2833.888,2263.744,1997.888,1895.904,1721.216,1503.616,1456.448,1339.552,1235.808,1088.032,866.24,799.168,634.08,406.144,256.224,183.68,105.696,54.976,35.584,11.744,10.464,3.584,0,0,0,0,0,0,0,0,0,0,0,0,0,0,0,0,0,0,0,0,0,0,0,0,0,0,0,0,0,0,0,0,0,0,0,3.728,8.638,16.794,28.482,41.14,54.646,64.6,78.47,108.967,159.08,223.578,302.853,391.032,470.312,514.997,523.434,531.519,551.506,488.67,433.115,341.595,289.501,210.159,203.609,213.633,221.76,248.167,241.835,209.298,173.322,149.805,128.513,114.526,108.008,100.96,93.92,88.363,77.736,66.854,56.391,47.901,42.109,38.306,33.789,29.324,25.687,22.132,19.649,16.365,12.751,11.313,8.779,5.51,3.473,2.378,1.344,0.683,0.434,0.141,0.122,0.041,0.071,0,0,0,0
2026-08-27 10:33:00,1,"Normal Scan","Normal Scan",0,"ON",1,1,1,737.3,5,20.2,97.2,57.9,0.000000069296,0.0000181905,4.97,8954.6,8.8,736.5,1,"Up Scan","Positive",254,0,4.37,1.6,8,8,0,1,1,19.433,26.992,21.718,17.154,1.745,57867.1,54,21.1,NA,0,0,0,0,0,0,0,0,0,0,0,0,0,0,0,0,0,0,0,0,0,0,0,0,0,0,0,0,0,0,0,28684.608,33752,55339.52,76185.984,90570.816,98226.208,100321.088,118684.608,148426.528,146598.016,133380.032,129111.552,109220.192,85305.6,63016.448,57075.712,53720.448,47891.168,34868.8,26398.048,22650.432,19206.624,14912.48,12947.52,12943.392,13590.56,13925.664,12178.88,10870.848,10114.144,8949.44,8047.264,6767.968,5914.496,5167.744,5028.288,4644.736,4313.44,3475.104,2771.872,2394.528,2044.768,1870.08,1710.496,1557.408,1342.432,1306.432,1039.84,838.816,779.872,566.88,419.712,280.608,164.576,103.936,66.272,29.6,20.192,8.736,3.584,0,0,0,0,0,0,0,0,0,0,0,0,0,0,0,0,0,0,0,0,0,0,0,0,0,0,0,0,0,0,0,0,0,0,0,5.316,11.664,19.934,44.604,79.387,118.8,158.056,194.001,270.7,391.514,441.008,454.479,493.153,464.252,400.052,324.857,321.787,328.786,316.271,249.39,205.506,191.471,176.263,147.997,138.482,146.057,160.353,170.537,157.078,147.885,143.643,134.138,127.032,111.306,99.602,90.44,88.557,84.171,78.935,66.482,55.217,47.768,40.264,36.179,31.483,27.262,22.461,20.365,15.789,12.289,11.095,7.89,5.696,3.755,2.135,1.317,0.824,0.359,0.24,0.102,0.044,0.041,0,0,0,0
2026-08-27 10:38:00,1,"Normal Scan","Normal Scan",0,"ON",1,1,1,737.4,5,20.3,97.2,58.5,0.0000000693261,0.0000181953,4.97,8954.6,8.8,736.5,1,"Up Scan","Positive",254,0,4.37,1.6,8,8,0,1,1,27.892,40.589,31.11,24.582,1.922,20986.6,54,21.1,NA,0,0,0,0,0,0,0,0,0,0,0,0,0,0,0,0,0,0,0,0,0,0,0,0,0,0,0,0,0,0,0,12929.12,13267.52,12286.336,11762.304,10480.576,10157.504,9751.232,8901.44,8961.44,10433.184,18250.592,33945.728,51586.048,56065.088,55536.192,47844.928,42491.104,40850.208,29679.776,19270.048,13997.184,11187.904,9389.984,9357.44,10753.824,11282.528,10911.104,10291.648,9244.48,8913.216,7815.392,6722.56,5880.192,5264.832,4612.576,3859.744,3400.864,2838.592,2620.832,2371.808,2168.928,1815.712,1842.368,1721.728,1611.072,1361.728,1224.096,1230.912,917.952,776.384,609.984,390.4,317.44,196.576,101.92,47.808,30.944,23.648,12.192,1.792,0,0,0,0,0,0,0,0,0,0,0,0,0,0,0,0,0,0,0,0,0,0,0,0,0,0,0,0,0,0,0,0,0,0,0,3.663,5.24,7.76,9.743,12.16,13.64,16.392,19.012,20.881,24.726,33.207,64.377,132.355,221.729,264.297,285.825,268.378,258.769,268.643,211.455,150.794,120.506,105.541,96.419,102.345,122.292,133.586,134.675,133.348,125.957,124.836,114.965,103.259,94.55,88.376,81.606,71.039,66.101,58.672,54.634,49.318,44.857,38.339,35.891,31.975,27.799,23.027,19.549,18.349,13.396,11.023,8.494,5.288,4.243,2.545,1.292,0.594,0.378,0.282,0.142,0.022,0.041,0,0,0,0
2026-08-27 10:43:00,1,"Normal Scan","Normal Scan",0,"ON",1,1,1,737,5,19.8,97.2,58.6,0.0000000691757,0.0000181713,4.97,8954.6,8.8,736.5,1,"Up Scan","Positive",254,0,4.37,1.6,8,8,0,1,1,25.41,35.25,27.187,21.288,1.928,36308.9,54,21,NA,0,0,0,0,0,0,0,0,0,0,0,0,0,0,0,0,0,0,0,0,0,0,0,0,0,0,0,0,0,0,0,27254.944,33000.16,35305.44,34877.408,34442.176,32781.088,35604.64,40473.28,44909.824,51300.448,53955.52,54343.68,52644.544,52699.008,52450.688,48586.016,50913.92,52723.264,50955.136,48650.688,35234.688,23654.592,19766.816,19277.12,19208.96,19351.936,17953.792,15595.584,14423.232,12695.392,10446.56,8824.672,7460.192,6530.048,6240.16,6081.312,5160.8,4008.32,3173.248,2673.28,2128.352,1937.44,1735.52,1616.192,1535.232,1451.008,1268.864,1136.736,940.704,799.488,614.048,398.656,265.088,182.656,140.928,50.432,27.872,10.112,5.28,7.168,0,0,0,0,0,0,0,0,0,0,0,0,0,0,0,0,0,0,0,0,0,0,0,0,0,0,0,0,0,0,0,0,0,0,0,6.195,11.141,19.358,28.137,36.17,44.951,52.874,69.062,92.467,119.164,155.736,185.402,209.812,226.986,251.667,275.47,277.591,313.629,350.11,365.529,375.597,295.863,217.362,195.83,203.109,212.288,222.864,216.599,197.882,191.282,179.16,155.493,136.333,118.824,107.284,103.845,102.852,90.586,74.782,62.296,54.332,44.435,39.328,34.583,30.656,26.746,23.842,20.1,17.357,13.646,11.306,8.45,5.455,3.551,2.37,1.792,0.628,0.338,0.121,0.061,0.082,0.046,0,0,0,0
2026-08-27 10:48:00,1,"Normal Scan","Normal Scan",0,"ON",1,1,1,737.5,5,20.3,97.3,58.2,0.0000000692549,0.0000181953,4.97,8954.6,8.8,736.5,1,"Up Scan","Positive",254,0,4.37,1.6,8,8,0,1,1,20.833,32.737,23.445,19.81,2.012,22096.1,55,21.1,NA,0,0,0,0,0,0,0,0,0,0,0,0,0,0,0,0,0,0,0,0,0,0,0,0,0,0,0,0,0,0,0,32700.608,34261.6,30847.584,29434.176,28120.16,26865.632,23728.544,26121.696,31255.2,39908.064,42836.992,40148.352,36721.856,35004.32,33683.328,29590.976,23792.448,18753.664,14948.992,11338.048,8562.784,7640.48,6998.112,6466.144,6161.216,5926.528,5696.736,5612.224,5550.336,5479.072,5385.6,5014.304,5000.256,4444.16,3961.184,3446.816,3022.56,2600.128,2275.104,2147.488,1931.296,1796.832,1674.208,1591.712,1544.032,1319.04,1209.76,1132.48,950.432,773.216,593.472,398.272,271.488,204.256,95.008,89.984,24.512,15.136,5.248,1.792,0,0,0,0,0,0,0,0,0,0,0,0,0,0,0,0,0,0,0,0,0,0,0,0,0,0,0,0,0,0,0,0,0,0,0,7.982,13.257,20.041,24.543,30.453,36.784,43.137,45.928,59.749,83,120.987,146.594,153.827,156.435,164.615,173.317,166.065,145.184,124.362,107.434,88.57,73.062,70.345,69.713,69.642,71.316,73.132,75.095,77.834,79.958,81.504,82.604,79.637,81.187,76.031,70.891,64.809,59.56,54.167,49.139,45.86,41.093,37.476,33.452,30.039,26.966,21.95,19.363,17.018,13.993,10.936,8.184,5.387,3.58,2.645,1.209,1.119,0.298,0.181,0.061,0.022,0,0,0,0,0
2026-08-27 10:53:00,1,"Normal Scan","Normal Scan",0,"ON",1,1,1,737.5,5,20.3,97.3,58.9,0.0000000692549,0.0000181953,4.97,8954.6,8.8,736.5,1,"Up Scan","Positive",254,0,4.37,1.6,8,8,0,1,1,31.629,54.746,35.875,22.876,2.402,8400.43,55,21.1,NA,0,0,0,0,0,0,0,0,0,0,0,0,0,0,0,0,0,0,0,0,0,0,0,0,0,0,0,0,0,0,0,6598.56,7670.56,6869.568,7691.168,7590.976,7595.264,8616.448,8242.752,8177.44,8298.112,8231.584,8195.008,8658.848,8401.472,8158.464,7760.384,7701.888,7472.704,6937.408,6926.272,6727.872,6463.616,6093.568,6297.152,6096.128,5734.144,5720.864,5520.384,5420.064,5619.296,5431.424,4895.04,4790.72,4402.016,3973.216,3512.096,3100.864,2813.376,2379.456,2034.112,1871.392,2040.8,1724.768,1598.72,1470.688,1390.528,1311.168,1130.56,946.528,764.288,603.328,432.256,279.936,186.784,105.92,51.968,40.736,27.008,12.16,4.032,0,0,0,0,0,0,0,0,0,0,0,0,0,0,0,0,0,0,0,0,0,0,0,0,0,0,0,0,0,0,0,0,0,0,0,2.096,2.664,4.506,5.455,7.918,9.92,12.235,16.62,18.773,21.631,25.133,28.292,31.625,37.192,39.941,42.733,44.655,48.293,50.981,51.612,55.706,58.281,60.497,61.523,67.871,70.87,71.165,74.745,76.521,78.525,83.622,83.405,78.627,79.493,75.169,70.565,67.194,61.364,57.135,50.767,44.688,40.81,40.654,34.289,30.351,26.087,23.159,20.719,17.099,13.792,10.914,8.446,5.842,3.776,2.419,1.344,0.648,0.497,0.322,0.142,0.043,0.055,0,0,0,0
2026-08-27 10:58:00,1,"Normal Scan","Normal Scan",0,"ON",1,1,1,737,5,19.8,97.2,58.9,0.0000000691757,0.0000181713,4.97,8954.6,8.8,736.5,1,"Up Scan","Positive",254,0,4.37,1.6,8,8,0,1,1,33.698,56.432,37.023,22.876,2.415,8135.42,54,21,NA,0,0,0,0,0,0,0,0,0,0,0,0,0,0,0,0,0,0,0,0,0,0,0,0,0,0,0,0,0,0,0,6706.048,7458.816,6775.84,6869.216,7133.888,7587.616,7249.504,7084.896,7131.136,7343.68,7479.808,7602.496,7641.728,7490.368,7335.04,7629.728,7221.856,7383.68,7159.296,7406.976,7092.64,6769.472,6748.416,6379.872,5800.832,5872.672,5649.44,5492.16,5363.84,5335.424,5403.136,4921.344,4933.088,4428.768,4040,3611.872,3183.296,2710.496,2460.736,2311.52,2104.672,1757.504,1835.168,1687.84,1444.416,1345.568,1175.584,1141.152,989.536,794.816,629.568,451.136,324.896,192.288,118.912,69.568,38.976,17.088,12.224,1.792,0,0,0,0,0,0,0,0,0,0,0,0,0,0,0,0,0,0,0,0,0,0,0,0,0,0,0,0,0,0,0,0,0,0,0,1.754,2.701,4.358,5.426,7.078,9.309,12.202,13.995,16.134,18.879,22.245,25.705,29.365,32.938,35.718,38.65,43.979,45.553,50.61,53.225,59.088,61.318,62.974,67.335,68.553,67.507,72.706,74.323,76.605,77.982,80.339,83.529,79.352,81.167,76.655,73.124,67.106,62.865,56.536,51.569,48.194,43.73,37.74,35.924,31.929,25.972,22.928,18.777,17.278,14.579,11.318,8.729,6.112,4.342,2.494,1.511,0.864,0.474,0.204,0.142,0.021,0.046,0,0,0,0
2026-08-27 11:03:00,1,"Normal Scan","Normal Scan",0,"ON",1,1,1,737.3,5,20.1,97.3,58.4,0.0000000691948,0.0000181857,4.97,8954.6,8.8,736.5,1,"Up Scan","Positive",254,0,4.37,1.6,8,8,0,1,1,34.52,57.673,37.511,12.864,2.451,7822.91,55,21,NA,0,0,0,0,0,0,0,0,0,0,0,0,0,0,0,0,0,0,0,0,0,0,0,0,0,0,0,0,0,0,0,7133.696,6915.584,7192.928,6902.496,7453.504,7059.584,7016.672,7044.704,6873.28,6364.256,6500.96,6664.704,6761.984,6763.36,6862.848,6796.16,6732.096,6773.984,6651.296,6767.136,6478.624,6544.416,6215.2,6002.624,5993.376,5731.168,5604.992,5376,5289.792,5268.224,5393.632,5105.696,4898.048,4608.928,4140.416,3666.912,3244,2788.288,2521.76,2165.792,2039.52,1847.648,1661.056,1504.032,1466.656,1398.272,1280.256,1183.168,990.912,828.736,620.384,464,311.2,186.048,114.304,83.776,39.072,24.224,16.448,4.448,0,0,0,0,0,0,0,0,0,0,0,0,0,0,0,0,0,0,0,0,0,0,0,0,0,0,0,0,0,0,0,0,0,0,0,1.774,2.913,4.059,5.706,7.135,9.687,11.354,13.548,16.048,18.163,19.275,22.352,25.74,29.161,32.301,36.139,39.258,42.521,46.476,49.519,54.445,56.273,61.133,62.393,64.987,69.251,71.316,74.265,75.313,77.291,80.275,83.635,81.996,80.578,78.543,73.899,68.417,62.924,56.709,52.457,47.432,43.342,38.795,33.605,29.224,26.565,23.474,20.333,17.939,14.671,11.741,8.715,6.299,4.128,2.41,1.45,1.04,0.477,0.288,0.193,0.052,0.011,0,0,0,0
2026-08-27 11:08:00,1,"Normal Scan","Normal Scan",0,"ON",1,1,1,737.4,5,20.2,97.3,59.1,0.0000000692248,0.0000181905,4.97,8954.6,8.8,736.5,1,"Up Scan","Positive",254,0,4.37,1.6,8,8,0,1,1,35.19,58.725,38.198,11.14,2.457,7795.69,55,21.1,NA,0,0,0,0,0,0,0,0,0,0,0,0,0,0,0,0,0,0,0,0,0,0,0,0,0,0,0,0,0,0,0,6741.312,6369.696,7395.68,6928.352,6935.072,6826.496,6926.432,6593.28,6493.536,6720.416,6622.784,6794.432,6484.96,6738.4,6847.072,6826.656,6698.976,6735.488,6529.216,6382.784,6429.6,6399.84,6221.632,6148.992,5840.48,5703.2,5532.832,5583.104,5488.576,5512.032,5376.672,5404.256,4920.736,4712.736,4287.52,3691.36,3339.072,3016,2448.096,2293.216,2046.912,1983.968,1668.576,1595.008,1535.808,1416.288,1275.776,1191.232,977.856,872.928,641.696,450.528,338.016,244.832,128.352,78.72,41.152,13.504,6.912,12.992,0,0,0,0,0,0,0,0,0,0,0,0,0,0,0,0,0,0,0,0,0,0,0,0,0,0,0,0,0,0,0,0,0,0,0,1.629,2.751,3.719,5.892,7.149,9.069,10.978,13.372,15.007,17.169,20.357,22.778,26.236,27.98,32.145,36.008,39.401,42.289,46.211,48.692,51.51,55.93,59.781,62.882,66.466,68.154,71.065,73.828,77.884,80.521,83.276,83.646,86.389,81.861,80.211,76.263,69.678,64.502,60.45,52.296,49.05,43.551,40.671,35.057,30.652,27.398,24.034,20.693,18.187,14.441,12.381,8.892,6.155,4.542,3.168,1.627,0.978,0.501,0.161,0.081,0.151,0.055,0,0,0,0
2026-08-27 11:13:00,1,"Normal Scan","Normal Scan",0,"ON",1,1,1,737,5,19.8,97.2,59.3,0.0000000691757,0.0000181713,4.97,8954.6,8.8,736.5,1,"Up Scan","Positive",254,0,4.37,1.6,8,8,0,1,1,35.693,58.81,38.265,13.824,2.467,7870.66,55,21,NA,0,0,0,0,0,0,0,0,0,0,0,0,0,0,0,0,0,0,0,0,0,0,0,0,0,0,0,0,0,0,0,6918.752,7133.312,7031.968,7175.552,7246.016,7605.92,6710.24,6844.256,6432.448,6496.32,6574.144,6481.984,6564.832,6562.976,6468.704,6636.672,6532.096,6380.128,6208.384,6465.6,6439.552,6397.056,6478.08,6160.8,6013.952,5801.824,5840.864,5704.096,5616.928,5583.232,5549.92,5434.56,5131.168,4656.096,4546.4,4008.96,3372.736,3059.616,2672.32,2438.304,2093.28,1797.536,1855.488,1682.496,1522.912,1348.032,1374.176,1178.752,1015.52,829.12,594.624,416.128,320.896,186.976,149.632,61.664,27.808,16.896,8.736,3.648,0,0,0,0,0,0,0,0,0,0,0,0,0,0,0,0,0,0,0,0,0,0,0,0,0,0,0,0,0,0,0,0,0,0,0,1.66,2.813,4.208,5.631,7.382,9.47,12.243,12.943,15.557,17.029,19.691,22.601,25.021,28.316,31.316,34.106,38.374,41.271,43.991,46.5,52.196,56.047,60.079,65.265,66.841,70.008,72.552,77.529,79.572,82.1,85.377,86.982,86.733,85.357,80.671,80.157,72.928,66.398,61.63,55.139,50.489,44.785,38.066,36.873,31.574,26.829,22.827,21.595,18.084,14.854,11.748,8.237,5.625,4.303,2.422,1.896,0.764,0.338,0.201,0.102,0.041,0.031,0,0,0,0
2026-08-27 11:18:00,1,"Normal Scan","Normal Scan",0,"ON",1,1,1,737.3,5,20.1,97.3,58.9,0.0000000691948,0.0000181857,4.97,8954.6,8.8,736.5,1,"Up Scan","Positive",254,0,4.37,1.6,8,8,0,1,1,35.724,58.99,38.396,12.864,2.462,8044.44,55,21,NA,0,0,0,0,0,0,0,0,0,0,0,0,0,0,0,0,0,0,0,0,0,0,0,0,0,0,0,0,0,0,0,7295.648,6889.856,6681.184,7313.44,7428.544,7057.376,6761.984,6999.072,6787.104,6883.968,7198.016,6849.312,6726.048,6694.816,6837.76,6623.232,6640.896,6636.672,6498.368,6716.96,6714.784,6435.744,6515.296,6232.064,6119.104,6084,5809.248,5962.048,5894.496,5723.744,5559.968,5466.72,5271.872,4790.08,4573.92,4023.296,3510.496,3026.784,2747.968,2360.992,2146.432,1984.192,1897.152,1720.288,1548.8,1456.352,1271.296,1207.936,1065.44,794.688,648.864,499.712,301.728,235.296,142.656,75.712,35.936,21.92,20.96,4,0,0,0,0,0,0,0,0,0,0,0,0,0,0,0,0,0,0,0,0,0,0,0,0,0,0,0,0,0,0,0,0,0,0,0,2.045,2.951,4.023,5.324,7.605,9.685,11.349,13.049,15.952,17.943,20.86,24.739,26.454,29.005,32.004,36.007,38.333,41.928,45.695,48.528,54.193,58.503,60.419,65.804,67.989,71.194,75.656,77.187,83.066,85.904,86.863,87.028,88.038,87.185,82.566,80.812,74.558,68.31,61.481,57.094,49.849,45.211,41.795,37.306,32.686,27.882,24.404,20.643,18.462,15.57,11.353,9.084,6.782,4.03,3.044,1.81,0.942,0.437,0.261,0.244,0.043,0.027,0,0,0,0
2026-08-27 11:23:00,1,"Normal Scan","Normal Scan",0,"ON",1,1,1,737.6,5,20.5,97.3,59.2,0.000000069315,0.0000182049,4.97,8954.6,8.8,736.5,1,"Up Scan","Positive",254,0,4.37,1.6,8,8,0,1,1,32.01,56.06,35.312,10.366,2.537,8618.91,55,21.2,NA,0,0,0,0,0,0,0,0,0,0,0,0,0,0,0,0,0,0,0,0,0,0,0,0,0,0,0,0,0,0,0,10427.904,11384.512,10986.016,10379.936,9112.768,8597.792,8356.768,7984.544,7468.096,6943.04,6718.048,6534.912,6329.92,6321.088,6256.128,6586.208,6528.544,6350.112,6324.832,6141.056,6443.104,6244.864,6284.48,6151.104,6002.912,6018.912,5823.648,5799.776,5825.152,5932.16,5655.616,5510.624,5333.472,5018.752,4632.608,4150.88,3718.56,3184.416,2777.952,2324.448,2243.04,1897.952,1769.728,1657.568,1664.928,1485.984,1395.648,1227.264,1036.672,877.248,680.416,502.592,336.768,186.848,139.968,71.072,27.616,30.528,3.456,4.096,0,0,0,0,0,0,0,0,0,0,0,0,0,0,0,0,0,0,0,0,0,0,0,0,0,0,0,0,0,0,0,0,0,0,0,2.688,4.232,6.681,8.696,10.727,11.859,13.791,16.066,18.119,19.699,21.02,23.056,25.214,27.292,30.223,32.896,38.046,41.215,43.753,47.287,49.801,56.231,58.799,63.586,67.223,70.324,75.042,77.638,81.644,85.626,89.872,89.084,89.157,88.066,85.244,82.272,76.021,70.844,63.774,58.097,50.361,47.305,40.048,35.922,31.904,29.747,24.995,22.004,18.669,15.24,12.359,9.501,6.766,4.544,2.42,1.776,0.883,0.338,0.362,0.041,0.043,0.069,0,0,0,0
2026-08-27 11:28:00,1,"Normal Scan","Normal Scan",0,"ON",1,1,1,738.2,5,21.3,97.2,58.9,0.000000069627,0.0000182432,4.97,8954.6,8.8,736.5,1,"Up Scan","Positive",254,0,4.37,1.6,8,8,0,1,1,33.821,57.606,37.08,13.824,2.485,8503.03,55,21.4,NA,0,0,0,0,0,0,0,0,0,0,0,0,0,0,0,0,0,0,0,0,0,0,0,0,0,0,0,0,0,0,0,8275.616,8271.872,7830.432,8321.152,8161.536,8508.544,8022.432,8206.592,8013.824,7432.544,7791.424,7211.072,7093.952,6790.24,6907.904,6620.448,6671.488,6413.504,6359.392,6538.24,6530.208,6618.592,6344.544,6128.992,6384.96,6181.664,5915.2,5906.688,5821.44,5906.592,5718.912,5786.016,5377.248,5160.288,4816.032,4246.816,3883.104,3318.048,2766.72,2545.344,2282.944,2015.872,1807.808,1760.768,1638.176,1468.96,1305.472,1137.312,1034.464,867.392,616.8,478.944,361.312,232.576,139.008,78.72,27.744,23.744,13.92,5.408,0,0,0,0,0,0,0,0,0,0,0,0,0,0,0,0,0,0,0,0,0,0,0,0,0,0,0,0,0,0,0,0,0,0,0,1.992,3.337,4.828,6.212,8.585,10.608,13.595,15.454,18.633,21.085,22.48,26.671,27.747,30.457,32.353,36.289,38.255,42.145,44.166,47.536,52.958,57.039,61.976,64.235,66.691,74.436,77.096,78.858,82.982,86.026,89.852,90.687,93.585,88.847,88.099,85.053,77.925,73.31,65.648,57.328,53.224,46.716,42.116,36.5,32.94,29.03,24.964,21.058,17.525,15.043,12.24,8.647,6.496,4.796,3.01,1.762,0.98,0.338,0.281,0.163,0.067,0.028,0,0,0,0
2026-08-27 11:33:00,1,"Normal Scan","Normal Scan",0,"ON",1,1,1,738.7,5,21.9,97.3,58.5,0.0000000697358,0.0000182719,4.97,8954.6,8.8,736.5,1,"Up Scan","Positive",254,0,4.37,1.6,8,8,0,1,1,36.418,59.936,38.654,10.366,2.501,8107.95,54,21.8,NA,0,0,0,0,0,0,0,0,0,0,0,0,0,0,0,0,0,0,0,0,0,0,0,0,0,0,0,0,0,0,0,6666.208,8056.608,7290.784,8023.776,7980.736,7724.832,6865.024,7395.616,7123.328,6828.384,6560.576,6417.856,6192.544,6202.88,6164.352,6218.112,6147.936,5976.768,6191.104,6053.28,6424.416,6466.72,6531.616,6306.592,6095.232,6221.568,5938.08,5937.248,5997.504,5864.064,5878.432,5730.656,5505.248,5148.64,4704.32,4251.072,3843.84,3358.912,2919.68,2512.128,2332.704,2039.904,1884.672,1794.816,1640.736,1501.856,1374.24,1212.48,1100.32,911.584,672.352,453.504,318.88,209.248,126.592,82.048,34.272,20.96,13.248,13.376,0,0,0,0,0,0,0,0,0,0,0,0,0,0,0,0,0,0,0,0,0,0,0,0,0,0,0,0,0,0,0,0,0,0,0,2.214,2.701,4.68,5.744,8.287,10.375,12.386,13.215,16.748,18.774,20.654,22.489,24.714,26.627,29.595,32.397,35.967,38.952,41.373,46.387,49.195,56.205,60.696,66.082,68.56,71.395,77.711,78.947,83.516,88.039,89.601,92.291,92.991,90.917,88.182,84.025,78.168,73.32,66.803,60.134,52.873,48.435,42.576,37.77,33.921,29.135,25.088,21.819,18.46,16.139,12.873,9.347,6.217,4.306,2.709,1.606,1.019,0.417,0.249,0.154,0.156,0.07,0,0,0,0
2026-08-27 11:38:00,1,"Normal Scan","Normal Scan",0,"ON",1,1,1,738.5,5,21.8,97.2,58.3,0.0000000697775,0.0000182672,4.97,8954.6,8.8,736.5,1,"Up Scan","Positive",254,0,4.37,1.6,8,8,0,1,1,35.007,58.701,37.611,9.647,2.509,8683.49,53,22,NA,0,0,0,0,0,0,0,0,0,0,0,0,0,0,0,0,0,0,0,0,0,0,0,0,0,0,0,0,0,0,0,9474.016,8841.184,8465.536,8360.736,8578.72,7948.864,8107.552,7773.568,7131.904,7280.192,6935.36,7057.6,7158.944,6592.832,6793.216,6780.384,6527.072,6474.56,6714.912,6690.016,6567.616,6739.2,6642.912,6553.728,6371.616,6555.36,6345.536,6268,6165.696,6194.592,6103.36,5939.2,5592.096,5434.592,4939.808,4478.88,3885.088,3422.144,3082.656,2547.456,2292.864,2158.464,2030.976,1806.272,1674.368,1556.832,1390.144,1316.32,1091.68,845.152,757.184,479.904,362.304,237.632,141.056,98.496,57.152,35.36,13.952,8.96,0,0,0,0,0,0,0,0,0,0,0,0,0,0,0,0,0,0,0,0,0,0,0,0,0,0,0,0,0,0,0,0,0,0,0,2.191,3.823,5.139,6.706,8.592,11.145,12.668,15.581,17.646,18.753,22.006,23.749,27.167,30.751,31.463,35.73,39.127,41.315,44.651,50.197,54.11,57.652,63.487,67.355,71.371,74.73,81.346,84.176,87.76,90.635,94.426,95.829,95.518,93.367,92.485,87.042,82.165,74.926,68.273,62.779,53.965,48.629,44.675,39.98,34.754,29.929,26.501,22.285,19.995,16.239,12.162,10.526,6.557,4.845,3.077,1.791,1.223,0.695,0.422,0.163,0.113,0.056,0,0,0,0
2026-08-27 11:43:00,1,"Normal Scan","Normal Scan",0,"ON",1,1,1,737.9,5,21,97.2,57.6,0.0000000695367,0.0000182289,4.97,8954.6,8.8,736.5,1,"Up Scan","Positive",254,0,4.37,1.6,8,8,0,1,1,37.089,60.342,39.044,11.14,2.496,8210.95,53,21.9,NA,0,0,0,0,0,0,0,0,0,0,0,0,0,0,0,0,0,0,0,0,0,0,0,0,0,0,0,0,0,0,0,6954.816,7696.192,7844.992,7385.184,7754.592,7285.408,7100.928,7535.52,6989.152,6686.4,6645.536,6506.464,6249.6,6517.984,6281.024,6066.432,6108.384,6238.688,6260.992,6305.12,6564.864,6609.632,6160.448,6486.176,6437.44,6309.664,6284.352,6177.92,6307.296,6036.64,5997.696,5756.48,5734.688,5544.064,5192.064,4197.632,3977.312,3422.56,2865.152,2528.48,2247.936,2043.872,1894.048,1767.072,1588.608,1520.192,1340.128,1246.72,1078.688,891.424,714.112,508.896,349.92,221.44,140.352,77.28,50.528,33.696,17.408,14.08,0,0,0,0,0,0,0,0,0,0,0,0,0,0,0,0,0,0,0,0,0,0,0,0,0,0,0,0,0,0,0,0,0,0,0,1.734,2.85,4.495,6.266,7.644,10.044,11.657,13.67,17.1,18.458,20.189,22.783,25.082,26.922,31.072,33.056,35.213,38.761,43.012,47.009,51.303,57.467,62.317,63.07,70.722,75.348,78.632,83.342,87.054,92.933,92.455,94.134,93.383,94.336,93.543,90.025,77.45,75.296,67.71,59.031,53.474,47.326,42.855,38.044,34.079,28.738,25.731,21.495,19.12,15.868,12.773,9.981,6.946,4.73,2.863,1.781,0.961,0.616,0.402,0.203,0.155,0.069,0,0,0,0
2026-08-27 11:48:00,1,"Normal Scan","Normal Scan",0,"ON",1,1,1,737.6,5,20.5,97.2,57.3,0.0000000693863,0.0000182049,4.97,8954.6,8.8,736.5,1,"Up Scan","Positive",254,0,4.37,1.6,8,8,0,1,1,39.133,62.032,40.676,14.855,2.465,7976.28,53,21.7,NA,0,0,0,0,0,0,0,0,0,0,0,0,0,0,0,0,0,0,0,0,0,0,0,0,0,0,0,0,0,0,0,6059.712,6055.52,6256.352,6511.616,6691.136,6448,6753.376,6657.856,6645.344,6377.184,6500.064,6412.832,6497.568,6247.84,6319.744,6176.128,6182.976,6363.008,6295.232,6489.824,6750.176,6610.752,6501.664,6602.528,6599.008,6719.584,6172.704,6384.448,6134.56,6281.824,5964.832,5767.456,5613.12,5291.2,4848.928,4444.48,3916.288,3357.664,2939.616,2465.312,2160.128,2135.072,1795.04,1692.736,1698.592,1573.12,1327.296,1288.736,1086.048,981.856,769.76,522.976,343.872,230.048,170.528,75.872,49.248,20.32,7.008,5.376,0,0,0,0,0,0,0,0,0,0,0,0,0,0,0,0,0,0,0,0,0,0,0,0,0,0,0,0,0,0,0,0,0,0,0,1.464,2.44,3.559,4.971,6.766,8.742,10.355,13.05,15.174,17.541,19.303,22.312,24.744,27.983,29.828,33.32,35.854,39.248,43.911,47.319,52.813,59.2,62.241,66.277,71.784,76.981,82.969,82.139,89.03,90.223,94.764,94.021,93.281,93.137,89.805,84.936,81.75,73.997,66.693,61.095,52.808,46.886,43.88,37.7,33.477,30.468,26.295,21.433,19.886,15.949,13.843,10.646,7.105,4.572,2.976,2.163,0.944,0.602,0.241,0.081,0.066,0.028,0,0,0,0
2026-08-27 11:53:00,1,"Normal Scan","Normal Scan",0,"ON",1,1,1,737.3,5,20.2,97.2,57.5,0.000000069296,0.0000181905,4.97,8954.6,8.8,736.5,1,"Up Scan","Positive",254,0,4.37,1.6,8,8,0,1,1,21.496,45.009,28.39,13.824,2.401,12850.9,54,21.6,NA,0,0,0,0,0,0,0,0,0,0,0,0,0,0,0,0,0,0,0,0,0,0,0,0,0,0,0,0,0,0,0,13849.12,15703.744,18653.952,19911.168,20662.016,20732.32,19992.032,17932.576,17910.816,16955.616,15135.616,13229.728,11459.36,10404.832,9524.352,9077.984,8043.872,7477.312,7150.24,6702.4,6943.68,7173.44,7153.216,7114.304,6751.008,6899.84,6592.416,6323.84,6400.32,6208.768,5980.672,5962.56,5561.632,5352.768,4870.208,4364.96,3924.736,3371.136,2983.936,2517.216,2316.352,2082.464,1951.392,1828.864,1679.456,1576.608,1406.496,1203.168,1108.448,947.712,713.792,540.064,357.12,254.08,155.68,81.792,39.168,15.616,11.808,0,0,0,0,0,0,0,0,0,0,0,0,0,0,0,0,0,0,0,0,0,0,0,0,0,0,0,0,0,0,0,0,0,0,0,0,2.74,5.738,9.199,14.876,20.625,26.927,33.305,38.399,40.67,47.186,51.071,51.689,50.704,48.986,49.243,49.66,51.996,50.574,51.441,53.492,54.527,60.906,67.27,72.12,77.091,78.382,85.004,86.81,88.38,93.39,94.251,93.904,95.909,92.578,91.51,86.113,80.287,75.292,67.693,61.156,54.365,48.435,43.365,39.652,35.22,30.25,26.582,22.688,18.549,16.321,13.396,9.895,7.278,4.848,3.287,1.974,1.016,0.477,0.186,0.138,0,0.11,0,0,0,0
2026-08-27 11:58:00,1,"Normal Scan","Normal Scan",0,"ON",1,1,1,737.3,5,20.1,97.2,57.7,0.000000069266,0.0000181857,4.97,8954.6,8.8,736.5,1,"Up Scan","Positive",254,0,4.37,1.6,8,8,0,1,1,38.174,60.749,40.281,14.855,2.418,8655.2,55,21.4,NA,0,0,0,0,0,0,0,0,0,0,0,0,0,0,0,0,0,0,0,0,0,0,0,0,0,0,0,0,0,0,0,5349.824,5671.04,6111.232,6631.936,6758.784,7061.024,7803.808,7675.2,7513.248,7752.032,7559.264,7472.256,7300.704,7162.368,7271.36,7243.776,7179.776,7167.392,7327.488,7463.168,7465.696,7470.912,7667.68,7310.336,7402.112,7039.36,6887.296,6743.2,6510.304,6256.448,6208.096,5966.176,5706.784,5392.448,5069.696,4436.064,3964.384,3505.632,3271.648,2737.472,2309.888,2109.76,1909.248,1775.008,1680.32,1600.224,1462.048,1254.464,1075.104,984.768,760.48,607.936,395.904,221.056,144,88.416,57.12,26.976,10.4,5.952,0,0,0,0,0,0,0,0,0,0,0,0,0,0,0,0,0,0,0,0,0,0,0,0,0,0,0,0,0,0,0,0,0,0,0,1.412,2.166,3.336,4.883,6.885,8.779,11.414,15.046,17.477,19.853,23.464,25.966,28.847,31.468,34.226,38.339,41.957,45.537,49.639,54.909,60.543,65.231,70.249,77.126,78.849,85.137,86.771,90.409,93.085,95.232,95.325,97.497,96.664,95.798,92.711,89.153,81.56,75.765,69.496,65.449,57.767,49.769,44.047,38.914,34.705,31.044,27.337,23.161,19.276,15.904,14.093,10.551,8.205,5.294,2.861,1.825,1.099,0.696,0.322,0.122,0.065,0.041,0,0,0,0
2026-08-27 12:03:00,1,"Normal Scan","Normal Scan",0,"ON",1,1,1,737.6,5,20.6,97.2,58.3,0.0000000694164,0.0000182097,4.97,8954.6,8.8,736.5,1,"Up Scan","Positive",254,0,4.37,1.6,8,8,0,1,1,33.964,57.423,37.448,18.434,2.446,9362.89,55,21.5,NA,0,0,0,0,0,0,0,0,0,0,0,0,0,0,0,0,0,0,0,0,0,0,0,0,0,0,0,0,0,0,0,7185.056,7720.128,8061.536,8365.984,8673.856,9200.256,8863.776,9023.936,9189.472,9209.792,9087.392,8649.12,8219.456,8322.048,7897.184,7574.304,7395.936,7290.56,7089.696,7234.176,7517.216,7373.568,7168.384,7319.904,7165.152,6748.512,6827.584,6576.64,6293.536,6339.136,6265.44,6168.032,5654.24,5611.488,5108.8,4564.48,4113.248,3632.64,3104.928,2719.712,2591.776,2368.16,2077.056,1947.232,1743.712,1588.192,1452.544,1249.056,1170.336,1006.72,685.28,468.128,292.16,183.52,120.48,69.28,29.376,20.256,12.224,10.72,0,0,0,0,0,0,0,0,0,0,0,0,0,0,0,0,0,0,0,0,0,0,0,0,0,0,0,0,0,0,0,0,0,0,0,2.189,2.937,4.52,6.427,8.631,11.304,14.783,17.065,20.53,24.263,27.832,31.133,33.344,35.33,39.561,41.427,43.796,46.758,50.246,53.218,58.723,65.323,69.315,72.371,78.792,83.005,83.768,89.955,91.8,92.692,97.055,98.528,99.883,95.177,95.677,91.559,85.075,78.863,71.968,64.016,56.875,52.923,47.193,41.652,36.487,30.551,26.104,22.692,19.001,16.937,14.189,9.522,6.412,3.908,2.377,1.529,0.863,0.358,0.241,0.142,0.132,0.041,0,0,0,0
2026-08-27 12:08:00,1,"Normal Scan","Normal Scan",0,"ON",1,1,1,737.4,5,20.3,97.2,58.9,0.0000000693261,0.0000181953,4.97,8954.6,8.8,736.5,1,"Up Scan","Positive",254,0,4.37,1.6,8,8,0,1,1,32.874,56.519,36.949,19.81,2.419,9827.76,55,21.4,NA,0,0,0,0,0,0,0,0,0,0,0,0,0,0,0,0,0,0,0,0,0,0,0,0,0,0,0,0,0,0,0,7637.248,7648.448,7448.928,8429.408,8704.096,9551.296,9301.536,9850.24,9560.896,9783.136,9969.824,9863.52,9810.08,9339.776,8919.2,8692.128,8432.768,8253.344,8123.136,7700.896,7995.136,7610.08,7547.392,7458.4,7249.632,6818.816,6744.352,6754.016,6632.288,6522.688,6267.488,6079.744,5662.624,5384.512,5122.848,4566.752,4046.528,3752.704,3142.912,2878.912,2396.896,2294.752,2059.008,1999.936,1718.272,1563.52,1553.088,1269.792,1120.48,916.192,692.416,585.408,423.84,247.68,149.728,116.32,66.944,27.616,20.832,7.776,0,0,0,0,0,0,0,0,0,0,0,0,0,0,0,0,0,0,0,0,0,0,0,0,0,0,0,0,0,0,0,0,0,0,0,2.097,3.125,4.453,5.915,8.746,11.393,15.359,17.94,22.349,25.289,29.603,34.164,37.997,42.122,44.442,46.725,50.094,53.057,56.598,60.552,62.188,69.278,71.286,76.045,80.645,83.902,84.646,88.822,93.612,96.487,99.075,98.683,98.899,95.307,93.849,90.442,84.634,78.212,73.917,64.525,59.366,51.167,47.299,41.173,37.09,31.636,27.186,24.746,19.573,16.789,13.221,9.707,7.934,5.692,3.21,1.901,1.445,0.814,0.33,0.244,0.087,0.069,0,0,0,0
2026-08-27 12:13:00,1,"Normal Scan","Normal Scan",0,"ON",1,1,1,737.2,5,20,97.2,59.2,0.0000000692359,0.0000181809,4.97,8954.6,8.8,736.5,1,"Up Scan","Positive",254,0,4.37,1.6,8,8,0,1,1,28.306,51.773,33.566,15.963,2.4,11282.3,56,21.3,NA,0,0,0,0,0,0,0,0,0,0,0,0,0,0,0,0,0,0,0,0,0,0,0,0,0,0,0,0,0,0,0,8851.488,10807.392,10761.664,11854.944,11873.152,12490.528,12639.392,13050.24,12752,12525.44,12450.752,12352.864,11780.64,11358.72,10514.272,10065.216,9489.952,9132.64,8369.088,8234.624,8197.504,8090.816,7683.84,7590.784,7598.976,7213.984,6975.456,6886.144,6647.36,6375.936,6127.296,6046.656,5641.312,5449.024,5032.64,4714.976,4269.376,3712.096,3346.336,2951.904,2414.816,2252.544,1929.056,1974.432,1672.064,1635.84,1450.4,1383.104,1129.696,978.688,748.448,550.176,370.016,277.12,174.272,84.96,40.8,37.152,12.256,9.056,0,0,0,0,0,0,0,0,0,0,0,0,0,0,0,0,0,0,0,0,0,0,0,0,0,0,0,0,0,0,0,0,0,0,0,2.128,3.585,6.393,8.584,12.3,15.515,20.104,24.397,29.679,33.639,37.829,42.679,47.492,50.532,53.868,54.953,57.8,59.531,62.377,62.285,66.46,71.175,75.552,77.498,81.846,86.877,88.675,91.51,95.118,96.549,97.637,97.85,98.726,95.704,94.823,89.69,86.413,80.201,74.131,67.112,60.816,51.425,46.7,39.732,37.523,30.4,27.683,23.612,21.284,16.557,13.993,10.416,7.472,4.995,3.587,2.211,1.057,0.497,0.442,0.142,0.103,0.043,0,0,0,0
2026-08-27 12:18:00,1,"Normal Scan","Normal Scan",0,"ON",1,1,1,737.3,5,20.1,97.2,59.3,0.000000069266,0.0000181857,4.97,8954.6,8.8,736.5,1,"Up Scan","Positive",254,0,4.37,1.6,8,8,0,1,1,27.095,51.164,32.937,14.855,2.407,11434.8,56,21.2,NA,0,0,0,0,0,0,0,0,0,0,0,0,0,0,0,0,0,0,0,0,0,0,0,0,0,0,0,0,0,0,0,9560.672,10170.624,11061.824,12307.2,13049.856,13275.744,14046.752,13664.864,13886.72,13331.2,13226.72,12791.52,12200.96,11313.312,10811.744,9933.696,9393.472,8623.936,7919.968,7753.184,7736.384,7715.488,7407.872,7258.976,7230.304,7105.088,6843.776,6634.112,6514.72,6257.888,6364.48,5890.304,5849.792,5503.264,5026.432,4822.816,4075.04,3881.216,3277.312,2785.216,2484.896,2216.576,2048.064,1975.456,1665.44,1632.128,1515.072,1350.976,1155.808,952.576,773.728,611.584,410.688,262.944,151.584,97.888,45.728,23.584,17.472,17.248,0,0,0,0,0,0,0,0,0,0,0,0,0,0,0,0,0,0,0,0,0,0,0,0,0,0,0,0,0,0,0,0,0,0,0,2.127,3.921,5.929,8.825,12.784,17.008,21.364,27.128,31.058,36.644,40.305,45.259,49.198,52.257,53.553,56.396,56.907,58.842,58.955,58.994,62.608,67.48,72.176,74.644,78.5,83.358,87.844,89.744,92.745,95.323,96.108,100.467,96.827,98.562,95.02,89.594,87.839,78.57,76.082,66.479,58.784,52.505,46.431,41.564,37.432,30.941,27.958,24.438,20.629,17.094,13.614,10.746,8.38,5.521,3.402,1.925,1.217,0.556,0.282,0.203,0.196,0.055,0,0,0,0
2026-08-27 12:23:00,1,"Normal Scan","Normal Scan",0,"ON",1,1,1,737.6,5,20.6,97.2,60,0.0000000694164,0.0000182097,4.97,8954.6,8.8,736.5,1,"Up Scan","Positive",254,0,4.37,1.6,8,8,0,1,1,26.057,50.178,32.018,13.824,2.417,11549.2,57,21.4,NA,0,0,0,0,0,0,0,0,0,0,0,0,0,0,0,0,0,0,0,0,0,0,0,0,0,0,0,0,0,0,0,10722.496,12176.704,12197.824,13532,13235.744,14192.608,14004.416,13797.696,13607.296,13295.232,13373.6,13194.4,12524.384,11709.344,11006.944,10136.128,9115.2,8540.64,8058.752,7712.832,7403.328,7311.84,7167.872,6993.952,6663.296,6899.552,6383.04,6660.128,6306.784,6360.096,6061.632,5950.24,5547.68,5265.376,4836.576,4400.864,4019.52,3491.648,3215.328,2771.648,2473.888,2401.088,2117.536,1892.48,1804.256,1583.424,1475.008,1362.56,1212.32,1019.136,770.368,562.592,388.416,301.024,166.784,107.328,43.712,26.88,13.952,7.168,0,0,0,0,0,0,0,0,0,0,0,0,0,0,0,0,0,0,0,0,0,0,0,0,0,0,0,0,0,0,0,0,0,0,0,2.926,4.344,7.155,9.723,14.052,17.22,22.775,27.006,31.336,35.84,40.21,45.753,50.629,53.557,55.412,57.334,57.936,57.02,58.255,59.76,61.961,64.599,68.429,72.461,75.737,77.797,85.047,84.337,92.023,92.261,96.114,95.778,96.47,94.11,91.434,87.127,83.125,77.927,70.365,66.478,58.289,52.391,48.997,43.188,36.55,32.555,27.077,24.057,20.934,17.896,14.537,10.676,7.669,5.16,3.895,2.117,1.332,0.532,0.322,0.163,0.088,0.028,0,0,0,0
2026-08-27 12:28:00,1,"Normal Scan","Normal Scan",0,"ON",1,1,1,737.5,5,20.4,97.2,60.5,0.0000000693562,0.0000182001,4.97,8954.6,8.8,736.5,1,"Up Scan","Positive",254,0,4.37,1.6,8,8,0,1,1,23.17,46.521,29.369,12.864,2.402,12601,57,21.3,NA,0,0,0,0,0,0,0,0,0,0,0,0,0,0,0,0,0,0,0,0,0,0,0,0,0,0,0,0,0,0,0,14361.504,15376.384,16206.624,16449.632,18108.288,17695.68,17250.848,16848.32,15905.28,15854.048,14636.064,14384.32,12927.008,12319.264,10977.504,10273.344,9420.128,8606.912,8063.104,7638.176,7330.688,7226.208,7294.048,6986.784,6772.864,6468.032,6377.6,6046.176,5925.024,5965.28,5774.464,5483.36,5248.16,5118.784,4776.32,4337.28,4033.664,3614.784,3070.816,2770.912,2488.928,2185.184,1938.848,1863.328,1728.992,1574.208,1460.992,1349.472,1231.424,1005.984,819.584,553.76,427.456,308.864,167.04,91.552,62.144,28.768,8.736,12.544,0,0,0,0,0,0,0,0,0,0,0,0,0,0,0,0,0,0,0,0,0,0,0,0,0,0,0,0,0,0,0,0,0,0,0,3.821,5.85,9.022,12.906,17.033,23.54,28.428,33.192,38.261,41.932,47.875,50.066,55.19,55.305,58.265,57.2,58.656,58.828,58.776,59.759,61.419,63.636,67.601,72.831,75.182,78.184,79.984,83.476,84.533,87.378,90.756,92.427,91.12,89.102,89.26,85.988,80.986,77.004,71.88,63.921,57.926,52.842,46.472,40.428,36.481,31.363,27.394,23.975,20.728,18.164,14.413,11.388,7.589,5.757,4,2.117,1.138,0.755,0.342,0.102,0.153,0.096,0,0,0,0
2026-08-27 12:33:00,1,"Normal Scan","Normal Scan",0,"ON",1,1,1,737.2,5,20,97.2,60.6,0.0000000692359,0.0000181809,4.97,8954.6,8.8,736.5,1,"Up Scan","Positive",254,0,4.37,1.6,8,8,0,1,1,23.821,47.165,30.028,14.855,2.385,12205,56,21.2,NA,0,0,0,0,0,0,0,0,0,0,0,0,0,0,0,0,0,0,0,0,0,0,0,0,0,0,0,0,0,0,0,11728.224,12630.816,14363.712,15561.44,15992.512,16653.376,17369.408,16180.736,16271.168,15579.552,14746.624,14184.256,13384.32,12149.824,11286.848,10404.064,9480.64,8823.392,8176.128,7944.064,7374.24,7229.888,6858.24,6769.696,6593.152,6374.464,6376.096,6114.656,5966.88,5894.976,5520.288,5244.768,5137.952,5096.416,4697.664,4189.728,3938.592,3454.176,3009.632,2616.48,2481.728,2106.016,1988.608,1903.296,1720.96,1643.616,1511.296,1309.888,1147.968,988.512,772.032,594.272,413.696,252.864,163.168,105.824,44.032,18.592,15.712,8.992,0,0,0,0,0,0,0,0,0,0,0,0,0,0,0,0,0,0,0,0,0,0,0,0,0,0,0,0,0,0,0,0,0,0,0,3.125,4.793,7.38,11.455,16.161,20.801,26.747,33.533,36.794,42.91,47.08,50.477,54.41,57.244,57.466,58.854,59.43,59.189,60.015,60.507,63.622,64.003,67.564,69.097,72.973,76.442,78.288,83.162,84.819,87.733,89.53,88.65,87.192,87.277,88.391,85.044,78.376,76.085,69.929,62.428,56.36,52.455,44.907,40.497,36.548,31.704,28.092,24.26,20.153,17.049,13.978,10.703,8.143,5.529,3.277,2.073,1.315,0.537,0.221,0.183,0.103,0.057,0,0,0,0
2026-08-27 12:38:00,1,"Normal Scan","Normal Scan",0,"ON",1,1,1,737.2,5,20,97.2,60.4,0.0000000692359,0.0000181809,4.97,8954.6,8.8,736.5,1,"Up Scan","Positive",254,0,4.37,1.6,8,8,0,1,1,24.057,47.72,30.206,14.855,2.408,11738.1,57,21.1,NA,0,0,0,0,0,0,0,0,0,0,0,0,0,0,0,0,0,0,0,0,0,0,0,0,0,0,0,0,0,0,0,12441.824,13496.672,14718.816,14851.136,15352.096,15219.616,15621.504,15228.544,14764.704,14957.472,13976.896,12928.448,12167.136,11269.152,10300.96,9630.112,8926.816,8566.912,7928.512,7572.32,7360.896,7279.136,6959.712,6631.456,6511.744,6296.224,6197.888,5905.568,5762.08,5882.784,5341.184,5224.384,4977.088,4786.304,4421.696,4131.68,3783.584,3496.832,3059.776,2720.512,2437.504,2177.696,2004.736,1911.904,1721.728,1610.784,1399.328,1310.624,1139.616,957.088,759.136,508.384,412.992,280.48,155.616,80.736,32.736,25.28,29.728,14.4,0,0,0,0,0,0,0,0,0,0,0,0,0,0,0,0,0,0,0,0,0,0,0,0,0,0,0,0,0,0,0,0,0,0,0,3.311,5.004,7.879,11.761,15.398,20.033,24.47,30.098,34.651,38.938,45.147,47.816,49.642,52.153,53.389,53.761,55.146,55.941,58.435,58.738,60.789,63.862,67.947,69.575,71.582,75.182,77.35,80.845,81.825,84.447,89.507,85.365,86.875,85.429,84.804,80.964,78.002,73.732,70.239,63.135,57.384,51.058,45.431,40.689,36.537,30.909,27.596,22.946,20.048,16.731,13.582,10.64,7.041,5.499,3.63,1.976,1.001,0.397,0.302,0.346,0.164,0.029,0,0,0,0
2026-08-27 12:43:00,1,"Normal Scan","Normal Scan",0,"ON",1,1,1,737.6,5,20.5,97.2,60.7,0.0000000693863,0.0000182049,4.97,8954.6,8.8,736.5,1,"Up Scan","Positive",254,0,4.37,1.6,8,8,0,1,1,22.218,44.515,28.346,14.855,2.357,12980.3,57,21.3,NA,0,0,0,0,0,0,0,0,0,0,0,0,0,0,0,0,0,0,0,0,0,0,0,0,0,0,0,0,0,0,0,14386.08,14513.696,17147.776,17336.224,18249.056,19139.136,19313.504,18404.544,18238.816,17504.096,16358.752,15854.624,14958.496,13502.208,12257.408,10540.224,9246.112,8560.864,7907.616,7550.912,7351.584,7060.16,7040.896,6764.896,6233.056,6318.976,6167.328,5778.816,5570.56,5584.928,5341.248,5214.208,4935.648,4733.28,4453.088,4015.264,3880.288,3482.08,3038.56,2673.984,2386.816,2136.256,1996.48,1796.352,1757.952,1582.336,1499.936,1328.704,1072.224,965.6,736.928,540.096,391.616,242.048,149.312,80.8,45.76,25.312,3.52,21.632,0,0,0,0,0,0,0,0,0,0,0,0,0,0,0,0,0,0,0,0,0,0,0,0,0,0,0,0,0,0,0,0,0,0,0,3.57,5.838,8.465,13.651,17.97,23.779,30.733,37.205,41.785,48.08,52.795,55.901,60.733,63.785,63.721,63.698,60.156,57.757,58.328,58.614,60.473,63.69,65.943,70.256,72.448,72.251,77.348,80.308,80.472,82.174,85.067,85.997,86.67,84.876,83.44,81.113,75.89,75.138,69.392,62.833,56.657,50.369,44.925,40.192,34.712,31.52,27.048,23.82,20.398,15.789,13.776,10.16,7.406,5.282,3.132,1.894,1.005,0.556,0.302,0.041,0.241,0.055,0,0,0,0
2026-08-27 12:48:00,1,"Normal Scan","Normal Scan",0,"ON",1,1,1,737.4,5,20.3,97.2,61.1,0.0000000693261,0.0000181953,4.97,8954.6,8.8,736.5,1,"Up Scan","Positive",254,0,4.37,1.6,8,8,0,1,1,23.591,47.071,29.766,12.864,2.404,11684.6,56,21.2,NA,0,0,0,0,0,0,0,0,0,0,0,0,0,0,0,0,0,0,0,0,0,0,0,0,0,0,0,0,0,0,0,13445.056,13394.336,14248.48,14637.536,16376.416,15639.2,16138.752,15624.224,14661.312,14408.768,13856.896,13179.296,12379.936,11438.272,10713.44,9586.912,8640.832,8044.64,8203.136,7595.936,6919.36,6827.552,6660.128,6581.152,6281.664,5871.936,5972.864,5668.512,5563.84,5390.4,5242.208,5086.272,4742.784,4645.536,4488.32,4073.216,3772.096,3676.96,3129.088,2729.632,2398.624,2135.552,2085.696,1704.224,1604.64,1565.216,1395.008,1218.176,1071.008,910.048,742.816,534.72,384.96,299.968,153.728,97.504,30.976,23.296,7.328,7.168,0,0,0,0,0,0,0,0,0,0,0,0,0,0,0,0,0,0,0,0,0,0,0,0,0,0,0,0,0,0,0,0,0,0,0,2.864,5.477,7.853,11.368,15.214,21.343,25.121,31.095,35.502,38.691,43.494,47.359,50.538,52.951,54.193,55.822,54.785,54.039,54.872,60.601,60.695,59.962,63.813,66.799,70.56,72.347,72.657,78.052,78.783,81.714,83.51,84.256,85.545,82.835,82.539,81.3,76.617,73.637,71.266,63.277,56.698,50.158,44.179,41.497,33.076,29.488,26.705,22.855,18.801,15.817,12.868,10.275,7.267,5.129,3.885,1.948,1.212,0.378,0.277,0.086,0.087,0.041,0,0,0,0
2026-08-27 12:53:00,1,"Normal Scan","Normal Scan",0,"ON",1,1,1,737.2,5,20,97.2,61,0.0000000692359,0.0000181809,4.97,8954.6,8.8,736.5,1,"Up Scan","Positive",254,0,4.37,1.6,8,8,0,1,1,24.248,47.503,30.29,15.963,2.395,11644,57,21.1,NA,0,0,0,0,0,0,0,0,0,0,0,0,0,0,0,0,0,0,0,0,0,0,0,0,0,0,0,0,0,0,0,12081.44,12761.184,14454.592,14218.944,15100.288,15376.736,15463.488,15530.624,14748.32,14512.8,13521.504,12796.352,12474.784,11137.248,10041.888,9841.472,8906.784,8360.672,8191.168,7836.192,7394.208,7328.448,7140.416,6826.752,6658.208,6291.616,6106.016,6094.208,5620.192,5577.024,5270.176,5161.472,5130.944,4615.744,4353.824,4247.328,3719.04,3537.376,3077.792,2780.832,2399.776,2208.288,2063.168,1775.008,1686.656,1478.56,1450.784,1161.312,1031.616,925.504,744.736,481.504,356.736,251.712,142.144,93.056,39.168,23.776,1.76,5.376,0,0,0,0,0,0,0,0,0,0,0,0,0,0,0,0,0,0,0,0,0,0,0,0,0,0,0,0,0,0,0,0,0,0,0,3.186,4.929,7.495,11.522,14.681,19.743,24.754,29.825,35.293,38.908,43.818,46.282,49.141,53.409,52.77,52.515,56.301,55.828,57.117,60.645,62.878,64,68.14,71.478,73.094,76.298,77.226,79.784,84.335,82.232,85.395,85.059,85.91,87.902,82.446,79.758,79.153,72.926,69.45,62.897,56.803,50.27,44.402,40.919,34.335,30.01,25.198,23.197,17.96,15.166,13.139,10.306,6.505,4.735,3.262,1.801,1.158,0.476,0.283,0.02,0.062,0.014,0,0,0,0
2026-08-27 12:58:00,1,"Normal Scan","Normal Scan",0,"ON",1,1,1,737,5,19.8,97.2,61.2,0.0000000691757,0.0000181713,4.97,8954.6,8.8,736.5,1,"Up Scan","Positive",254,0,4.37,1.6,8,8,0,1,1,21.709,42.118,27.894,18.434,2.233,13530.1,58,21,NA,0,0,0,0,0,0,0,0,0,0,0,0,0,0,0,0,0,0,0,0,0,0,0,0,0,0,0,0,0,0,0,11707.072,12936.192,12612.768,12705.952,13087.712,14928.704,19093.728,23266.688,27679.168,28380.032,24306.816,20850.976,18052.416,14259.552,12240.416,11107.968,10358.624,10365.248,9532.832,9393.792,8095.616,7094.752,6574.944,6250.88,5812.736,5705.952,5483.872,5497.696,5250.24,5036.832,4931.712,4628.672,4412.128,4209.248,4112.064,3716.8,3547.936,3009.76,2760.96,2530.688,2252.672,2092.128,1928.704,1787.936,1575.008,1454.56,1376.32,1129.088,1012.928,802.656,645.952,497.984,360.192,223.808,125.152,89.856,42.688,16.896,15.648,1.824,0,0,0,0,0,0,0,0,0,0,0,0,0,0,0,0,0,0,0,0,0,0,0,0,0,0,0,0,0,0,0,0,0,0,0,3.113,4.768,7.622,10.095,13.193,17.137,24.125,36.992,52.995,72.989,85.4,82.823,79.75,77.014,67.471,63.949,63.549,64.495,69.915,69.722,73.916,69.14,65.568,65.795,67.018,66.992,70.023,71.765,75.782,76.305,77.5,78.93,77.537,76.326,75.158,75.287,70.921,69.387,61.422,57.106,52.56,47.462,42.743,37.819,33.364,28.519,24.87,21.958,17.274,14.872,11.492,9.016,6.72,4.77,2.9,1.589,1.118,0.518,0.201,0.183,0.021,0,0,0,0,0
2026-08-27 13:03:00,1,"Normal Scan","Normal Scan",0,"ON",1,1,1,737.5,5,20.4,97.2,61.4,0.0000000693562,0.0000182001,4.97,8954.6,8.8,736.5,1,"Up Scan","Positive",254,0,4.37,1.6,8,8,0,1,1,24.582,48.007,30.353,17.154,2.412,10648.2,58,21.1,NA,0,0,0,0,0,0,0,0,0,0,0,0,0,0,0,0,0,0,0,0,0,0,0,0,0,0,0,0,0,0,0,13289.536,11620.448,12920.8,13121.472,13497.728,13032.128,13050.752,13127.872,13847.296,13495.168,12896.352,11295.776,10473.28,9762.4,9880.8,9328.864,8616.288,8463.36,8114.752,7676.448,6935.84,6617.248,6308.576,5930.528,5648.832,5579.648,5483.904,5108.352,4992.928,4949.92,4733.504,4522.688,4497.376,4386.848,3933.728,3722.144,3448.192,3301.44,2775.712,2637.216,2494.048,1941.376,1964.672,1729.824,1608.928,1433.568,1298.688,1182.176,1001.984,909.248,710.4,499.232,387.712,232.128,152.544,99.488,39.104,16.8,12.224,3.584,0,0,0,0,0,0,0,0,0,0,0,0,0,0,0,0,0,0,0,0,0,0,0,0,0,0,0,0,0,0,0,0,0,0,0,3.83,5.403,6.813,10.286,13.572,17.598,20.933,25.163,29.887,36.498,40.734,44.123,43.422,44.925,46.352,51.597,53.384,53.81,57.471,59.606,60.957,59.772,61.493,62.887,63.64,65.149,68.392,71.771,71.35,73.783,76.156,76.477,76.66,77.761,78.021,73.995,70.203,68.039,65.487,57.392,54.957,50.324,41.04,38.916,33.575,29.087,24.792,20.89,18.259,14.976,12.86,9.796,6.782,5.22,3.008,1.936,1.236,0.477,0.201,0.142,0.044,0.083,0,0,0,0
2026-08-27 13:08:00,1,"Normal Scan","Normal Scan",0,"ON",1,1,1,737.3,5,20.1,97.2,62,0.000000069266,0.0000181857,4.97,8954.6,8.8,736.5,1,"Up Scan","Positive",254,0,4.37,1.6,8,8,0,1,1,26.678,50.935,32.265,11.14,2.441,9913.18,58,21.1,NA,0,0,0,0,0,0,0,0,0,0,0,0,0,0,0,0,0,0,0,0,0,0,0,0,0,0,0,0,0,0,0,11356.8,11134.176,11643.136,10974.944,10535.84,10533.6,10768.672,11155.872,11413.312,11187.808,11205.984,11005.984,10450.592,9579.072,9141.984,8771.872,8216.032,7753.92,7619.776,7151.04,6592.352,6642.528,6405.184,6231.104,5763.424,5833.344,5415.136,5421.856,5243.488,5162.816,5080.864,4675.36,4549.824,4387.488,4078.752,3864.352,3563.136,3227.008,2900.448,2637.536,2419.264,1984.8,1924.768,1738.976,1617.504,1573.696,1412.96,1147.2,1130.368,891.328,728.192,502.848,358.976,216.928,148.448,73.568,48.096,18.592,5.216,3.552,0,0,0,0,0,0,0,0,0,0,0,0,0,0,0,0,0,0,0,0,0,0,0,0,0,0,0,0,0,0,0,0,0,0,0,3.383,4.58,6.503,9.298,11.338,13.751,16.932,20.776,25.418,30.1,33.823,38.361,42.307,44.809,45.493,47.799,50.233,51.478,52.897,56.344,57.188,57.231,61.785,64.055,66.901,66.824,71.628,70.97,75.142,77.24,79.066,81.525,78.491,78.693,78.27,75.933,72.671,69.866,64.56,60.016,55.506,50.321,41.349,38.929,33.493,29.193,26.529,22.461,17.623,16.637,12.665,10.074,6.795,4.821,2.809,1.883,0.914,0.585,0.221,0.061,0.044,0.069,0,0,0,0
2026-08-27 13:13:00,1,"Normal Scan","Normal Scan",0,"ON",1,1,1,737.1,5,19.9,97.2,61.7,0.0000000692058,0.0000181761,4.97,8954.6,8.8,736.5,1,"Up Scan","Positive",254,0,4.37,1.6,8,8,0,1,1,20.477,40.799,26.288,15.963,2.287,13843.8,58,21,NA,0,0,0,0,0,0,0,0,0,0,0,0,0,0,0,0,0,0,0,0,0,0,0,0,0,0,0,0,0,0,0,16302.528,17694.56,19100.64,19331.968,20494.144,20462.304,21771.968,22621.28,22441.888,21649.44,20661.44,17269.248,15396.32,14918.176,13374.176,11511.904,9969.824,9151.392,8117.984,7502.912,6801.408,6835.456,6206.4,5941.056,5535.616,5481.728,5277.696,5297.28,5303.36,5013.472,4778.72,4693.856,4526.592,4209.856,3926.048,3725.44,3457.472,3300.256,2779.136,2509.696,2225.504,2046.336,1936.64,1709.28,1562.176,1572.736,1372.736,1304.256,1086.4,838.432,678.56,510.4,318.72,236.256,108.288,84.576,41.568,16.96,6.944,0,0,0,0,0,0,0,0,0,0,0,0,0,0,0,0,0,0,0,0,0,0,0,0,0,0,0,0,0,0,0,0,0,0,0,0,4.496,6.598,10.354,15.23,20.038,26.743,32.927,42.029,51.426,59.215,65.283,70.529,66.114,65.764,70.313,69.341,65.438,62.007,61.873,59.63,59.684,58.622,63.29,62.211,64.133,64.199,67.538,69.611,73.549,77.072,76.862,76.998,78.618,77.933,75.626,72.649,70.951,68.259,65.747,57.658,53.586,47.345,42.73,38.382,32.65,28.375,26.099,22.031,19.559,16.039,11.817,9.445,6.862,4.245,3.062,1.375,1.05,0.507,0.201,0.081,0,0.03,0,0,0,0
2026-08-27 13:18:00,1,"Normal Scan","Normal Scan",0,"ON",1,1,1,737.5,5,20.4,97.2,61.8,0.0000000693562,0.0000182001,4.97,8954.6,8.8,736.5,1,"Up Scan","Positive",254,0,4.37,1.6,8,8,0,1,1,22.788,44.435,28.358,10.366,2.371,12461.3,58,21.2,NA,0,0,0,0,0,0,0,0,0,0,0,0,0,0,0,0,0,0,0,0,0,0,0,0,0,0,0,0,0,0,0,17010.016,18729.312,17354.592,17270.88,16940.96,17016.928,16089.28,15570.176,15652.928,14902.24,14390.624,13203.904,12236.768,11360.192,10515.488,10260.704,9548.416,9359.456,8858.176,8476.256,8315.744,7957.376,7592.768,7182.752,6448.128,6308.96,6371.232,5912.8,5694.688,5340.192,5042.048,4911.712,4636.768,4312.96,4048.512,3972.256,3580.32,3234.464,2800.8,2676.864,2428.448,2029.376,1950.976,1754.816,1577.92,1502.56,1326.144,1220.192,1113.152,796.544,621.408,507.424,337.504,205.312,146.496,75.232,34.4,13.504,13.952,17.088,0,0,0,0,0,0,0,0,0,0,0,0,0,0,0,0,0,0,0,0,0,0,0,0,0,0,0,0,0,0,0,0,0,0,0,4.13,6.908,10.931,13.806,17.896,22.026,27.279,30.947,35.385,41.249,44.995,49.182,50.73,52.433,53.903,54.997,58.841,59.848,63.779,65.387,67.5,71.336,73.766,75.308,76.392,73.765,76.811,81.659,81.021,81.814,81.792,80.664,82.022,79.464,77.484,75.101,74.397,69.864,64.77,57.998,55.072,49.547,42.666,38.178,32.9,28.49,25.27,21.103,18.83,16.221,11.314,8.658,6.962,4.546,2.656,1.858,0.937,0.417,0.161,0.163,0.197,0.055,0,0,0,0
2026-08-27 13:23:00,1,"Normal Scan","Normal Scan",0,"ON",1,1,1,737.3,5,20.1,97.2,62.2,0.000000069266,0.0000181857,4.97,8954.6,8.8,736.5,1,"Up Scan","Positive",254,0,4.37,1.6,8,8,0,1,1,21.629,41.053,26.768,11.971,2.278,12527.3,57,21.1,NA,0,0,0,0,0,0,0,0,0,0,0,0,0,0,0,0,0,0,0,0,0,0,0,0,0,0,0,0,0,0,0,15856,15464.416,17750.336,18306.816,17344.928,18039.808,18084.896,17646.464,17729.504,17183.808,16125.92,15472.448,14650.528,13846.848,12570.528,11736.768,10561.248,9357.728,8804.416,8140.576,7303.648,6853.664,6212.768,6005.216,5607.744,5412.512,5178.176,4688.128,4601.728,4345.984,4378.368,4337.12,4017.248,3866.432,3719.616,3304.768,3014.016,2845.28,2608.672,2321.632,2094.912,1898.56,1803.616,1560.544,1463.712,1281.024,1112.8,1069.6,859.136,686.56,572.448,424.96,290.496,204,123.808,69.632,34.112,10.176,10.496,5.92,0,0,0,0,0,0,0,0,0,0,0,0,0,0,0,0,0,0,0,0,0,0,0,0,0,0,0,0,0,0,0,0,0,0,0,3.657,6.399,9.102,14.123,18.972,22.606,28.988,34.858,40.137,46.728,51.868,55.176,59.428,62.591,65.456,65.372,66.769,65.595,63.229,64.464,64.469,62.553,63.181,61.488,63.639,63.986,66.039,67.159,65.331,67.449,67.662,70.017,72.206,69.58,69.214,68.21,63.405,59.89,57.176,53.025,47.592,42.868,38.391,34.727,29.194,26.015,21.554,18.062,16.311,12.716,9.71,7.95,5.775,3.918,2.642,1.573,0.865,0.415,0.121,0.122,0.065,0.055,0,0,0,0
2026-08-27 13:28:00,1,"Normal Scan","Normal Scan",0,"ON",1,1,1,737.1,5,19.9,97.2,62,0.0000000692058,0.0000181761,4.97,8954.6,8.8,736.5,1,"Up Scan","Positive",254,0,4.37,1.6,8,8,0,1,1,20.447,39.967,25.753,10.366,2.296,13657.4,58,21,NA,0,0,0,0,0,0,0,0,0,0,0,0,0,0,0,0,0,0,0,0,0,0,0,0,0,0,0,0,0,0,0,20295.52,21867.712,21388.992,20739.328,21662.208,20435.2,20390.304,19116.736,18789.568,17983.488,17060.192,16300.416,15135.104,13865.28,12856.896,11446.336,10448.768,9462.592,8541.952,7948.64,7281.568,6930.944,6339.008,6102.88,5589.088,5450.24,5404.32,5141.44,4752.256,4715.424,4555.424,4493.504,4250.08,4262.72,4008.992,3786.72,3435.456,3092.224,2736.128,2509.632,2259.744,2112.096,1845.056,1693.536,1503.968,1360.224,1196.544,1036.512,920.448,723.52,624.928,436.704,310.592,179.04,100.8,53.632,58.688,35.424,8.768,3.584,0,0,0,0,0,0,0,0,0,0,0,0,0,0,0,0,0,0,0,0,0,0,0,0,0,0,0,0,0,0,0,0,0,0,0,5.265,8.254,12.772,17.036,21.546,28.23,32.829,39.301,43.452,49.536,54.315,58.365,62.544,64.707,65.469,66.787,65.177,64.95,63.94,62.721,62.955,62.441,64.077,63.128,64.986,64.173,66.904,70.411,71.204,70.701,73.865,74.033,75.504,74.072,75.884,73.404,71.549,66.524,61.637,55.334,51.273,45.767,41.719,35.631,31.667,26.833,23.044,18.977,15.731,13.581,10.487,8.682,5.952,4.17,2.317,1.279,0.667,0.716,0.422,0.102,0.041,0.06,0,0,0,0
2026-08-27 13:33:00,1,"Normal Scan","Normal Scan",0,"ON",1,1,1,737.6,5,20.5,97.2,61.7,0.0000000693863,0.0000182049,4.97,8954.6,8.8,736.5,1,"Up Scan","Positive",254,0,4.37,1.6,8,8,0,1,1,20.573,40.118,25.85,9.647,2.297,13245.6,57,21.2,NA,0,0,0,0,0,0,0,0,0,0,0,0,0,0,0,0,0,0,0,0,0,0,0,0,0,0,0,0,0,0,0,20731.84,20264.192,19458.976,20647.296,20240.576,19920.64,19049.504,18910.016,18069.824,17628.128,16753.728,16114.688,14945.984,14062.688,12604.48,11216.928,10140.864,9209.312,8369.792,7452.384,6795.68,6471.936,6019.232,5810.368,5463.68,5548.512,5212.448,4996.032,4947.584,4670.272,4580.416,4473.664,4167.968,4005.952,3941.344,3363.136,3216.16,2941.856,2699.872,2371.712,2200.416,2116.064,1827.616,1643.424,1536.864,1392,1319.456,1032.864,912.48,714.336,593.536,441.088,272.544,156.672,97.92,48.896,35.904,13.44,4.288,9.984,0,0,0,0,0,0,0,0,0,0,0,0,0,0,0,0,0,0,0,0,0,0,0,0,0,0,0,0,0,0,0,0,0,0,0,5.241,8.403,11.885,15.519,21.343,26.37,31.922,36.671,42.946,47.707,53.21,57.292,61.788,63.833,66.345,65.468,63.753,62.936,62.123,61.293,59.188,58.591,59.953,60.173,62.263,63.072,67.754,67.991,69.332,72.009,72.316,73.112,74.54,72.443,71.587,72.166,65.731,63.438,59.119,55.121,49.737,45.005,41.665,34.906,30.602,27.2,23.079,20.349,15.715,13.372,10.167,8.143,6.038,3.715,2.029,1.239,0.608,0.437,0.161,0.05,0.122,0.097,0,0,0,0
2026-08-27 13:38:00,1,"Normal Scan","Normal Scan",0,"ON",1,1,1,737.4,5,20.3,97.2,62.1,0.0000000693261,0.0000181953,4.97,8954.6,8.8,736.5,1,"Up Scan","Positive",254,0,4.37,1.6,8,8,0,1,1,20.158,38.883,25.231,12.864,2.271,13033.6,57,21.1,NA,0,0,0,0,0,0,0,0,0,0,0,0,0,0,0,0,0,0,0,0,0,0,0,0,0,0,0,0,0,0,0,19916.704,20435.456,20360.064,20472.416,21324.704,19977.824,19954.4,18705.568,18081.6,17063.808,16863.424,16068.256,15464.8,13870.624,12973.952,11318.432,10057.248,8912.448,7822.88,6966.304,6136.256,5836.128,5574.24,5202.144,4956.192,4923.808,4885.856,4777.184,4484,4394.912,4308.32,4023.104,4021.184,3938.752,3573.92,3441.088,3126.688,2977.664,2636.224,2343.072,2111.36,1953.472,1719.392,1615.616,1296.704,1206.848,1074.528,1005.28,824.512,651.52,455.04,424.992,217.824,143.136,75.904,58.944,29.312,21.952,12.224,5.408,0,0,0,0,0,0,0,0,0,0,0,0,0,0,0,0,0,0,0,0,0,0,0,0,0,0,0,0,0,0,0,0,0,0,0,5.45,8.067,11.971,16.224,21.203,27.82,32.049,38.494,42.549,47.673,51.597,57.61,61.632,65.995,65.45,67.198,64.211,62.228,60.053,57.158,55.232,52.886,54.275,55.9,55.912,57.371,60.641,63.696,66.451,66.441,68.028,69.597,68.279,70.329,70.195,66.093,65.117,60.683,58.663,52.242,47.009,41.911,38.502,32.904,28.92,23.313,19.847,16.9,15.021,12.149,9.283,6.38,5.777,2.922,1.853,0.963,0.731,0.358,0.261,0.142,0.066,0.041,0,0,0,0
2026-08-27 13:43:00,1,"Normal Scan","Normal Scan",0,"ON",1,1,1,737.1,5,19.9,97.2,61.9,0.0000000692058,0.0000181761,4.97,8954.6,8.8,736.5,1,"Up Scan","Positive",254,0,4.37,1.6,8,8,0,1,1,19.833,39.471,25.255,11.14,2.309,12203.3,58,21,NA,0,0,0,0,0,0,0,0,0,0,0,0,0,0,0,0,0,0,0,0,0,0,0,0,0,0,0,0,0,0,0,20175.584,19962.368,21065.952,20770.272,19961.632,18181.472,18588.672,17295.936,16219.328,15741.984,14616.8,13822.816,13084.896,12151.744,11241.12,9896.352,9106.432,7642.4,7011.616,6312.32,5980.384,5537.28,5421.92,5149.632,4961.664,4938.112,4679.392,4453.792,4510.912,4294.208,4022.656,3990.08,3972.32,3721.984,3505.504,3259.36,3012.864,2753.504,2489.856,2228.256,2072.864,1812,1708.832,1548.672,1428.064,1304.096,1121.76,938.88,798.592,614.656,505.92,351.776,239.104,151.968,77.824,47.456,26.208,10.112,5.216,9.024,0,0,0,0,0,0,0,0,0,0,0,0,0,0,0,0,0,0,0,0,0,0,0,0,0,0,0,0,0,0,0,0,0,0,0,5.108,8.215,11.627,16.781,21.52,25.965,29.136,35.744,39.298,42.799,47.521,49.992,53.045,55.93,57.346,58.316,56.307,56.488,51.753,51.536,50.442,51.592,51.616,54.177,55.422,57.138,60.453,61.357,62.241,66.181,66.226,65.356,67.171,68.449,66.697,65.032,62.043,59.106,55.252,50.711,45.764,41.553,36.073,32.092,28.298,24.654,21.414,17.522,14.146,11.669,8.739,6.981,4.79,3.222,1.968,0.988,0.589,0.318,0.121,0.061,0.103,0.03,0,0,0,0
2026-08-27 13:48:00,1,"Normal Scan","Normal Scan",0,"ON",1,1,1,737.4,5,20.3,97.2,61.5,0.0000000693261,0.0000181953,4.97,8954.6,8.8,736.5,1,"Up Scan","Positive",254,0,4.37,1.6,8,8,0,1,1,19.703,40.105,25.438,11.14,2.343,11420.7,58,21.1,NA,0,0,0,0,0,0,0,0,0,0,0,0,0,0,0,0,0,0,0,0,0,0,0,0,0,0,0,0,0,0,0,20046.016,19466.112,20146.368,20043.104,19546.176,18600.992,16259.04,15529.76,14301.408,13415.648,13208.224,12074.976,11475.36,10276.416,9711.808,8764.16,7715.904,6832.608,6464.576,5716.576,5456.768,5183.2,5327.36,5084.96,5143.136,4778.752,4778.4,4482.08,4510.688,4384.16,4183.904,4062.56,3959.2,3709.024,3511.68,3210.144,2964.224,2557.952,2346.016,2166.816,1910.496,1736.928,1627.52,1575.072,1407.808,1192.544,1099.264,927.904,688.48,613.184,431.776,313.728,223.968,153.632,62.688,58.496,19.616,18.56,1.76,1.792,0,0,0,0,0,0,0,0,0,0,0,0,0,0,0,0,0,0,0,0,0,0,0,0,0,0,0,0,0,0,0,0,0,0,0,5.053,8.104,11.336,16.023,20.758,25.474,29.742,31.299,35.247,37.664,40.464,45.186,46.305,49.03,48.551,50.412,49.881,47.944,46.502,47.725,46.029,47.381,48.676,53.397,54.903,59.053,58.974,62.501,62.757,65.6,67.22,67.372,67.052,67.255,65.99,64.204,60.574,57.851,52.01,48.046,44.172,38.666,33.904,31.136,27.761,23.956,19.653,17.21,13.826,10.117,8.734,5.971,4.242,2.989,1.991,0.794,0.726,0.238,0.221,0.02,0.022,0.028,0,0,0,0
2026-08-27 13:53:00,1,"Normal Scan","Normal Scan",0,"ON",1,1,1,737.4,5,20.3,97.2,62.3,0.0000000693261,0.0000181953,4.97,8954.6,8.8,736.5,1,"Up Scan","Positive",254,0,4.37,1.6,8,8,0,1,1,19.966,43.93,26.778,9.647,2.483,9270.55,58,21.1,NA,0,0,0,0,0,0,0,0,0,0,0,0,0,0,0,0,0,0,0,0,0,0,0,0,0,0,0,0,0,0,0,19881.568,19565.056,16723.424,15738.048,14385.408,13515.904,12147.072,11374.208,10465.76,9334.688,8780.32,7604.512,7215.488,6840.832,6100.416,5998.432,5528.512,5195.104,5019.104,4859.264,4660.064,4786.144,4552.672,4552.384,4534.848,4581.504,4495.68,4290.944,4272.256,4164.608,3955.968,3799.968,3707.936,3675.808,3278.528,3210.656,2933.44,2736.448,2407.904,2072.128,1950.016,1734.592,1529.344,1459.296,1316.064,1206.24,1066.048,833.312,751.136,615.168,400.832,348.32,197.248,131.296,85.76,41.056,29.376,8.512,5.184,5.984,0,0,0,0,0,0,0,0,0,0,0,0,0,0,0,0,0,0,0,0,0,0,0,0,0,0,0,0,0,0,0,0,0,0,0,5.459,8.08,11.393,13.249,16.199,18.734,21.666,23.337,25.791,27.55,28.142,30.028,29.223,30.906,32.393,31.876,34.396,34.723,35.549,37.316,39.312,40.869,45.031,46.202,49.562,52.526,56.384,59.044,59.624,62.923,64.147,64.168,64.659,63.985,64.831,60.995,60.401,56.528,53.806,48.188,42.9,38.919,33.899,29.153,26.329,22.831,19.569,16.623,12.601,10.942,8.677,5.591,4.713,2.623,1.701,1.088,0.51,0.358,0.101,0.061,0.066,0,0,0,0,0
2026-08-27 13:58:00,1,"Normal Scan","Normal Scan",0,"ON",1,1,1,737.1,5,19.9,97.2,62.3,0.0000000692058,0.0000181761,4.97,8954.6,8.8,736.5,1,"Up Scan","Positive",254,0,4.37,1.6,8,8,0,1,1,23.462,46.832,29.343,10.366,2.458,8808.88,58,21,NA,0,0,0,0,0,0,0,0,0,0,0,0,0,0,0,0,0,0,0,0,0,0,0,0,0,0,0,0,0,0,0,13843.968,13952.608,13047.808,12885.856,12555.68,11720.96,11027.392,10480.736,9622.08,9056.832,8708.384,7917.888,7308.192,7291.712,6660,6373.664,6174.144,5803.712,5807.168,5710.752,5595.424,5348.864,5384.32,5264.768,5017.568,4839.072,4849.12,4682.656,4454.336,4376.864,4369.6,3958.752,3869.888,3426.176,3311.488,3061.568,2825.632,2721.952,2453.632,2243.104,2011.264,1869.12,1580.096,1452.256,1275.2,1248.864,980.576,903.584,767.872,589.472,423.424,320.704,199.168,113.888,53.344,38.048,19.552,8.48,13.984,10.752,0,0,0,0,0,0,0,0,0,0,0,0,0,0,0,0,0,0,0,0,0,0,0,0,0,0,0,0,0,0,0,0,0,0,0,3.707,5.602,8.176,10.399,13.32,16.37,18.795,21.253,23.77,25.369,27.314,29.8,30.418,31.36,34.667,34.908,36.685,38.819,39.828,43.245,45.938,48.567,50.165,53.988,56.579,57.942,59.698,63.179,64.101,64.713,66.595,68.948,66.121,66.909,62.431,61.702,59.221,55.116,53.826,48.772,44.963,39.469,36.299,29.849,26.145,22.082,20.172,15.234,13.38,11.248,8.271,5.939,4.402,2.726,1.476,0.678,0.471,0.239,0.101,0.163,0.123,0.06,0,0,0,0
2026-08-27 14:03:00,1,"Normal Scan","Normal Scan",0,"ON",1,1,1,737.5,5,20.4,97.2,61.8,0.0000000693562,0.0000182001,4.97,8954.6,8.8,736.5,1,"Up Scan","Positive",254,0,4.37,1.6,8,8,0,1,1,23.113,48.619,29.973,11.971,2.503,7992.88,59,21.2,NA,0,0,0,0,0,0,0,0,0,0,0,0,0,0,0,0,0,0,0,0,0,0,0,0,0,0,0,0,0,0,0,11740.64,11625.824,11235.008,11836.8,11546.56,11061.216,10824.192,10228.832,9647.84,8789.344,8152,7132.864,6496.192,5918.752,5376.864,5287.2,4785.024,5085.92,4793.728,4737.952,4549.056,4660.288,4548,4614.016,4559.52,4553.824,4485.312,4408.128,4087.744,3945.664,3865.504,3826.08,3589.824,3470.08,3103.552,3110.24,2989.152,2607.488,2418.08,2176.384,2052.128,1776.832,1533.664,1494.368,1338.656,1231.328,976.512,898.656,716.672,605.408,435.104,312.8,208.096,133.44,76.64,64.32,22.88,13.44,3.52,7.168,0,0,0,0,0,0,0,0,0,0,0,0,0,0,0,0,0,0,0,0,0,0,0,0,0,0,0,0,0,0,0,0,0,0,0,2.968,4.73,6.809,8.947,12.272,15.012,17.731,20.844,23.206,25.414,26.483,27.841,27.366,27.832,28.104,28.208,30.377,30.238,34.838,35.824,38.376,39.918,44.009,46.134,49.811,52.638,55.971,58.522,60.962,60.102,60.715,63.036,64.817,62.779,62.56,59.056,59.446,57.061,52.24,48.847,43.893,39.976,34.74,29.454,26.874,22.992,20.04,15.351,13.561,10.559,8.623,5.961,4.296,2.781,1.728,0.973,0.799,0.278,0.161,0.041,0.088,0.028,0,0,0,0
2026-08-27 14:13:00,1,"Normal Scan","Normal Scan",0,"ON",1,1,1,737.4,5,20.3,97.2,62.5,0.0000000693261,0.0000181953,4.97,8954.6,8.8,736.5,1,"Up Scan","Positive",254,0,4.37,1.6,8,8,0,1,1,25.583,49.534,30.762,9.647,2.524,7362.89,58,21.2,NA,0,0,0,0,0,0,0,0,0,0,0,0,0,0,0,0,0,0,0,0,0,0,0,0,0,0,0,0,0,0,0,14668.48,12166.464,11141.408,10128.064,9138.624,8568.832,7692.032,7471.744,6816.16,6376.576,6132.96,5970.944,5724.448,5575.744,5322.016,5154.496,4785.376,5035.744,4782.816,4749.248,4803.808,4865.28,4770.112,4720.128,4729.376,4763.2,4493.184,4520.416,4152.768,3927.808,3809.376,3506.272,3462.4,3306.976,3100.032,2991.456,2751.328,2546.592,2297.376,2124.576,1892.416,1628.608,1525.504,1369.504,1245.856,1043.392,927.264,776.768,631.296,495.872,361.824,244.128,165.088,97.376,55.072,46.752,28.416,16.896,8.672,7.168,0,0,0,0,0,0,0,0,0,0,0,0,0,0,0,0,0,0,0,0,0,0,0,0,0,0,0,0,0,0,0,0,0,0,0,4.195,5.951,7.081,8.82,10.451,11.86,13.763,14.786,16.99,17.984,19.279,21.048,22.971,24.618,26.488,27.917,29.739,30.267,34.602,35.785,38.591,42.154,45.786,48.179,50.833,54.195,57.747,58.232,61.651,60.238,60.559,61.527,59.631,60.519,59.801,57.784,56.18,53.28,49.878,45.427,41.504,36.724,31.441,28.105,24.144,20.908,16.946,14.282,11.691,9.298,7.119,5.079,3.36,2.263,1.261,0.697,0.581,0.345,0.201,0.102,0.087,0.069,0,0,0,0
2026-08-27 14:18:00,1,"Normal Scan","Normal Scan",0,"ON",1,1,1,737.3,5,20.1,97.2,62.2,0.000000069266,0.0000181857,4.97,8954.6,8.8,736.5,1,"Up Scan","Positive",254,0,4.37,1.6,8,8,0,1,1,24.29,46.592,29.513,9.647,2.444,7794.59,57,21.2,NA,0,0,0,0,0,0,0,0,0,0,0,0,0,0,0,0,0,0,0,0,0,0,0,0,0,0,0,0,0,0,0,14184.992,11651.36,11853.536,10772.256,10244.192,10194.432,9222.496,8554.336,7765.76,7693.824,7030.368,7057.024,6522.432,6207.872,5916.032,5619.168,5653.632,5512.8,5509.44,5463.616,5493.824,5284.992,5057.792,5231.52,4765.024,4554.752,4207.296,4199.648,3849.664,3790.624,3735.808,3629.472,3343.328,3253.856,2951.36,2779.168,2600.672,2320.288,2076.224,1980.288,1726.432,1620.064,1399.296,1220.8,1114.4,971.52,894.112,728.544,588.288,494.88,334.176,231.712,157.408,91.456,39.968,37.888,17.92,5.088,13.952,3.744,0,0,0,0,0,0,0,0,0,0,0,0,0,0,0,0,0,0,0,0,0,0,0,0,0,0,0,0,0,0,0,0,0,0,0,3.571,5.776,6.831,9.462,11.133,13.362,16.328,17.726,19.38,20.478,23.233,24.066,27.135,28.049,29.538,31.077,32.475,35.624,37.794,41.124,43.916,47.449,49.003,50.439,55.361,54.371,55.391,55.208,57.622,56.248,58.335,59.37,60.282,57.626,58.024,54.249,52.808,50.042,45.389,41.332,38.919,33.808,30.581,25.835,21.929,18.813,15.67,13.795,10.789,8.582,6.962,4.676,3.183,2.085,1.185,0.508,0.471,0.219,0.06,0.163,0.044,0,0,0,0,0
2026-08-27 14:23:00,1,"Normal Scan","Normal Scan",0,"ON",1,1,1,737,5,19.9,97.1,62.1,0.0000000692771,0.0000181761,4.97,8954.6,8.8,736.5,1,"Up Scan","Positive",254,0,4.37,1.6,8,8,0,1,1,25.673,48.629,30.686,10.366,2.474,6687.67,57,21.1,NA,0,0,0,0,0,0,0,0,0,0,0,0,0,0,0,0,0,0,0,0,0,0,0,0,0,0,0,0,0,0,0,11082.56,11193.12,8775.616,9403.456,8270.912,7659.968,7505.184,7003.104,6682.4,6573.28,5815.488,5526.176,5569.28,5473.344,5129.696,5053.6,4781.376,4720.352,4577.792,4560.384,4658.048,4526.048,4590.08,4449.088,4354.848,4208.064,4056.128,3795.136,3635.776,3244.896,3328.992,3290.528,2879.68,2939.072,2814.272,2504.928,2310.688,2250.048,2041.184,1809.568,1629.44,1566.24,1357.504,1188.544,1012.64,972.928,813.984,662.688,513.792,385.504,299.04,216.768,122.24,95.872,51.936,28.448,21.248,11.744,5.216,5.408,0,0,0,0,0,0,0,0,0,0,0,0,0,0,0,0,0,0,0,0,0,0,0,0,0,0,0,0,0,0,0,0,0,0,0,2.988,4.519,6.521,6.962,9.677,10.74,12.299,14.407,15.913,17.654,19.88,19.948,21.302,23.93,26.008,26.919,29.133,30.134,32.484,34.199,36.89,40.522,42.346,45.828,47.449,49.334,51.122,52.529,51.91,53.127,50.582,53.165,54.99,51.243,52.782,51.678,48.37,45.264,43.749,39.807,35.91,31.549,28.991,24.468,20.787,17.123,15.494,12.606,9.923,7.517,5.527,4.147,2.961,1.646,1.242,0.659,0.353,0.258,0.141,0.061,0.062,0.015,0,0,0,0
2026-08-27 14:28:00,1,"Normal Scan","Normal Scan",0,"ON",1,1,1,737.3,5,20.2,97.1,61.7,0.0000000693674,0.0000181905,4.97,8954.6,8.8,736.5,1,"Up Scan","Positive",254,0,4.37,1.6,8,8,0,1,1,23.922,45.253,29.024,9.647,2.407,7369.99,57,21.2,NA,0,0,0,0,0,0,0,0,0,0,0,0,0,0,0,0,0,0,0,0,0,0,0,0,0,0,0,0,0,0,0,11700.544,11480.8,11117.44,11059.392,10220.736,9272.32,8961.312,8159.232,7526.272,7054.048,6919.776,6917.12,6806.24,6661.152,6241.344,6164.128,5993.632,5265.728,4924.384,4828.576,4665.824,4550.816,4366.528,4486.624,4333.056,4171.424,4077.536,3996.512,3725.984,3542.24,3516.32,3228.608,3106.272,2849.504,2754.464,2641.92,2391.296,2110.88,2092.064,1764.928,1617.664,1415.488,1303.616,1167.168,957.728,803.584,757.504,618.08,440.512,351.616,307.2,189.984,116.416,62.048,33.6,20.448,14.688,8.416,3.648,3.456,0,0,0,0,0,0,0,0,0,0,0,0,0,0,0,0,0,0,0,0,0,0,0,0,0,0,0,0,0,0,0,0,0,0,0,3.57,4.78,6.681,8.902,11.427,13.307,14.862,17.24,18.536,19.863,21.295,23.712,26.658,29.197,31.598,32.607,35.287,37.423,35.958,36.648,38.876,40.576,42.631,44.037,47.983,49.512,51.104,52.585,54.415,54.027,54.382,55.862,53.907,53.805,51.412,50.622,48.908,45.832,41.314,39.277,34.214,30.842,26.28,22.998,20.273,16.067,12.885,11.502,9.15,6.389,5.011,4.229,2.585,1.6,0.802,0.426,0.255,0.179,0.101,0.042,0.039,0.043,0,0,0,0
2026-08-27 14:33:00,1,"Normal Scan","Normal Scan",0,"ON",1,1,1,737.6,5,20.6,97.1,62.3,0.0000000694879,0.0000182097,4.97,8954.6,8.8,736.5,1,"Up Scan","Positive",254,0,4.37,1.6,8,8,0,1,1,19.759,43.201,26.81,9.647,2.464,6872.45,58,21.3,NA,0,0,0,0,0,0,0,0,0,0,0,0,0,0,0,0,0,0,0,0,0,0,0,0,0,0,0,0,0,0,0,14875.2,13136.032,12426.976,12138.144,11155.456,10729.6,9714.784,8520.864,7610.4,6856.576,6255.84,5402.848,5140.672,4229.024,3899.328,3774.336,3836.192,3651.936,3463.456,3458.336,3589.856,3737.952,3689.088,3654.144,3885.248,3702.112,3664.352,3459.712,3476.672,3268.448,3105.024,3050.112,2937.28,2666.656,2615.232,2418.24,2184.288,1907.264,1904.256,1686.24,1417.6,1217.664,1131.04,995.68,928.864,735.744,727.488,550.4,431.104,303.2,220.736,151.936,96.256,53.184,29.088,20.64,13.088,3.392,8.704,4.448,0,0,0,0,0,0,0,0,0,0,0,0,0,0,0,0,0,0,0,0,0,0,0,0,0,0,0,0,0,0,0,0,0,0,0,3.829,6.038,7.646,9.882,12.484,14.498,17.144,18.632,19.266,20.005,20.619,21.357,20.715,21.984,20.094,20.445,21.778,24.213,25.186,26.048,28.372,31.623,35.258,37.402,39.873,44.314,45.404,47.798,47.706,50.41,50.183,49.805,50.401,50.155,48.052,47.227,44.413,41.409,37.085,36.258,31.854,27.329,22.902,20.09,17.02,15.209,11.686,10.966,8.128,6.294,4.304,3.093,2.076,1.336,0.687,0.368,0.255,0.159,0.04,0.102,0.045,0.041,0,0,0,0
2026-08-27 14:38:00,1,"Normal Scan","Normal Scan",0,"ON",1,1,1,737.4,5,20.4,97.1,62.2,0.0000000694276,0.0000182001,4.97,8954.6,8.8,736.5,1,"Up Scan","Positive",254,0,4.37,1.6,8,8,0,1,1,19.809,42.016,26.631,10.366,2.41,7075.11,57,21.3,NA,0,0,0,0,0,0,0,0,0,0,0,0,0,0,0,0,0,0,0,0,0,0,0,0,0,0,0,0,0,0,0,12610.176,13187.584,12398.208,13030.752,11443.2,10936.128,10155.232,9457.984,8747.616,7815.168,7099.168,6222.848,5473.6,4672.736,4201.952,3964.096,4051.264,3678.336,3739.04,3765.12,3722.24,3572.384,3751.392,3758.72,3762.656,3725.248,3824.736,3676.8,3545.568,3397.824,3090.944,3016.192,2913.92,2876.512,2584.992,2439.104,2281.92,2135.68,1816.448,1571.36,1411.328,1149.088,1094.112,929.056,805.248,700.032,617.696,480.128,359.328,256.896,189.344,122.944,64.8,42.144,27.328,18.944,9.824,1.664,5.184,3.616,0,0,0,0,0,0,0,0,0,0,0,0,0,0,0,0,0,0,0,0,0,0,0,0,0,0,0,0,0,0,0,0,0,0,0,3.768,5.117,7.726,9.908,13.467,14.817,17.545,19.521,21.429,22.995,23.564,24.219,23.823,23.397,22.184,22.064,22.857,25.481,25.38,28.025,30.534,32.77,34.099,38.164,40.742,43.576,45.634,49.438,50.38,51.661,51.652,49.785,50.496,50.046,49.887,46.533,43.943,42.153,39.456,33.864,29.468,26.277,21.174,18.944,15.675,13.089,10.833,9.377,7.056,5.193,3.648,2.634,1.683,0.874,0.545,0.348,0.235,0.119,0.02,0.061,0.044,0.014,0,0,0,0
2026-08-27 14:48:00,1,"Normal Scan","Normal Scan",0,"ON",1,1,1,737.2,5,20.1,97.1,61.9,0.0000000693373,0.0000181857,4.97,8954.6,8.8,736.5,1,"Up Scan","Positive",254,0,4.37,1.6,8,8,0,1,1,16.782,38.939,23.838,9.647,2.429,8203.82,58,21.3,NA,0,0,0,0,0,0,0,0,0,0,0,0,0,0,0,0,0,0,0,0,0,0,0,0,0,0,0,0,0,0,0,23495.776,19203.36,18581.472,16522.56,15262.144,13921.76,12197.216,10426.272,9139.52,7592.32,6978.24,5960.672,5261.344,4825.152,4598.56,4169.28,3912.768,3754.72,3637.952,3591.968,3457.28,3400.16,3498.656,3606.048,3553.888,3550.592,3612.736,3269.12,3333.6,3303.552,3212.608,3002.24,2845.12,2757.632,2705.408,2412.992,2345.728,2114.976,1875.36,1825.728,1658.08,1466.656,1219.616,1035.712,965.408,776.928,693.28,542.624,458.656,341.536,248.672,135.616,101.408,75.456,33.632,20.576,13.056,10.144,5.184,3.552,0,0,0,0,0,0,0,0,0,0,0,0,0,0,0,0,0,0,0,0,0,0,0,0,0,0,0,0,0,0,0,0,0,0,0,6.621,9.461,11.192,14.67,17.05,19.798,22.256,23.487,23.576,24.071,22.864,23.783,22.856,22.521,22.871,24.002,23.93,24.59,25.781,27.23,29.163,30.462,32.403,35.462,39.203,41.334,43.986,46.948,45.832,48.995,50.801,51.785,50.6,50.038,49.829,49.835,45.964,44.319,40.179,36.614,34.072,30.817,26.561,21.877,17.9,15.651,12.323,10.707,8.044,6.681,4.84,3.488,1.855,1.354,0.975,0.426,0.255,0.159,0.121,0.061,0.041,0.015,0,0,0,0
2026-08-27 14:53:00,1,"Normal Scan","Normal Scan",0,"ON",1,1,1,737.2,5,20.1,97.1,62.1,0.0000000693373,0.0000181857,4.97,8954.6,8.8,736.5,1,"Up Scan","Positive",254,0,4.37,1.6,8,8,0,1,1,19.493,42.417,26.432,9.647,2.438,7136.01,57,21.2,NA,0,0,0,0,0,0,0,0,0,0,0,0,0,0,0,0,0,0,0,0,0,0,0,0,0,0,0,0,0,0,0,14219.104,12729.056,13930.496,12513.44,12017.568,11406.56,10258.368,9699.328,8188.416,7532.576,6462.688,6061.856,5353.536,4794.24,4568.32,4159.936,3985.312,3992.48,3787.712,3856,3685.12,3655.68,3535.84,3526.912,3517.792,3633.28,3426.464,3487.2,3387.424,3195.328,3139.52,2911.296,2645.792,2699.552,2658.08,2494.816,2176.32,2014.368,1926.944,1748.256,1462.432,1414.144,1214.464,1089.6,905.824,795.456,655.68,547.296,399.552,295.36,229.568,126.976,95.04,47.296,38.272,23.744,16.256,5.088,5.28,1.792,0,0,0,0,0,0,0,0,0,0,0,0,0,0,0,0,0,0,0,0,0,0,0,0,0,0,0,0,0,0,0,0,0,0,0,4.235,5.777,7.495,11.067,12.923,15.611,18.309,19.753,21.963,21.553,22.707,22.077,23.231,22.906,22.767,23.932,23.936,25.091,27.347,28.24,31.123,32.311,34.389,35.968,38.444,40.91,44.455,45.005,47.601,49.378,49.556,50.446,48.953,47.123,48.787,48.285,46.701,41.672,38.983,36.575,33.012,27.503,25.516,21.286,18.444,14.738,12.481,9.916,8.15,5.921,4.151,3.186,1.754,1.269,0.611,0.484,0.294,0.199,0.06,0.061,0.021,0.015,0,0,0,0
2026-08-27 14:58:00,1,"Normal Scan","Normal Scan",0,"ON",1,1,1,737.1,5,20,97.1,62.3,0.0000000693072,0.0000181809,4.97,8954.6,8.8,736.5,1,"Up Scan","Positive",254,0,4.37,1.6,8,8,0,1,1,18.27,39.302,24.883,9.647,2.363,8222.54,57,21.2,NA,0,0,0,0,0,0,0,0,0,0,0,0,0,0,0,0,0,0,0,0,0,0,0,0,0,0,0,0,0,0,0,15873.248,15793.408,15636.352,15065.28,14845.952,14896.416,13384.928,11859.36,10837.088,9407.744,8124.704,7330.528,6287.552,5597.376,5237.344,4719.424,4694.144,4139.808,4179.488,4040.768,3945.12,3903.84,3970.08,3744.64,3832.928,3695.04,3603.456,3541.408,3537.856,3283.008,3094.528,3113.312,2919.744,2673.184,2601.824,2378.688,2258.368,1993.216,1882.912,1792.32,1520.96,1470.88,1176.352,1118.912,893.728,729.76,686.016,519.328,423.136,296.8,209.184,136.768,95.232,65.888,24.448,16.256,9.344,6.784,3.456,1.792,0,0,0,0,0,0,0,0,0,0,0,0,0,0,0,0,0,0,0,0,0,0,0,0,0,0,0,0,0,0,0,0,0,0,0,4.442,6.436,9.212,12.436,15.603,19.361,23.879,25.76,26.851,28.504,28.334,27.745,28.096,26.892,26.543,27.38,27.114,29.441,28.459,31.097,32.645,34.525,36.684,39.958,40.699,44.037,45.274,47.295,48.742,51.085,50.274,50.051,51.644,50.439,48.504,47.836,45.3,42.727,38.816,35.639,33.485,28.317,26.522,20.751,18.64,14.549,11.581,10.476,7.637,6.143,4.191,2.916,1.855,1.307,0.851,0.31,0.202,0.113,0.08,0.041,0.021,0.046,0,0,0,0
2026-08-27 15:03:00,1,"Normal Scan","Normal Scan",0,"ON",1,1,1,737,5,19.9,97.1,62.3,0.0000000692771,0.0000181761,4.97,8954.6,8.8,736.5,1,"Up Scan","Positive",254,0,4.37,1.6,8,8,0,1,1,17.719,39.634,24.666,9.647,2.398,8226.26,57,21.2,NA,0,0,0,0,0,0,0,0,0,0,0,0,0,0,0,0,0,0,0,0,0,0,0,0,0,0,0,0,0,0,0,17391.168,17223.136,15445.28,15931.552,15177.376,14385.376,13909.856,12529.632,10247.36,9044.416,7610.4,7472.704,6389.152,5211.648,4730.848,4272.768,4050.4,3803.808,3735.584,3589.024,3655.808,3578.624,3502.24,3713.024,3673.568,3491.168,3485.632,3690.912,3480.448,3289.408,3253.696,3072.576,2809.984,2792.32,2698.72,2560.608,2347.808,2269.888,2037.312,1902.048,1626.912,1403.744,1323.168,1137.568,905.056,797.696,640.256,554.496,436.64,311.648,224.672,158.176,123.552,67.776,22.976,22.08,16.352,5.088,3.52,1.792,0,0,0,0,0,0,0,0,0,0,0,0,0,0,0,0,0,0,0,0,0,0,0,0,0,0,0,0,0,0,0,0,0,0,0,4.38,7.058,10.082,12.312,16.42,19.762,23.021,26.772,28.408,26.975,27.231,25.959,28.62,27.288,24.704,24.7,24.552,25.464,26.107,27.98,29.191,32.034,33.828,35.968,40.256,42.657,43.469,45.907,50.475,50.772,51.198,52.376,52.163,50.247,50.931,49.65,47.715,44.896,42.964,38.263,35.318,29.988,25.898,23.047,19.125,14.938,12.862,9.798,8.149,6.353,4.445,3.105,2.163,1.646,0.879,0.291,0.275,0.199,0.06,0.041,0.021,0.015,0,0,0,0
2026-08-27 15:08:00,1,"Normal Scan","Normal Scan",0,"ON",1,1,1,737,5,19.9,97.1,62.5,0.0000000692771,0.0000181761,4.97,8954.6,8.8,736.5,1,"Up Scan","Positive",254,0,4.37,1.6,8,8,0,1,1,16.515,34.096,22.121,11.14,2.238,10738.9,58,21.1,NA,0,0,0,0,0,0,0,0,0,0,0,0,0,0,0,0,0,0,0,0,0,0,0,0,0,0,0,0,0,0,0,22468.704,23384.576,23646.208,23306.432,22419.616,20285.76,19390.592,17585.152,14716.192,13254.72,11395.744,9703.776,8759.36,7518.048,6745.248,6229.856,5539.488,5391.36,5034.752,4722.752,4396.992,4058.592,4025.728,3866.432,3676.416,3702.016,3620.416,3385.984,3448.544,3182.56,3104.704,3010.88,2888.224,2776.032,2542.272,2545.248,2403.072,2159.456,1942.752,1740.256,1625.216,1371.872,1194.304,1089.12,948,834.272,684.256,543.008,443.84,326.976,247.2,124.832,94.24,41.376,50.4,25.216,9.728,11.744,1.728,1.792,0,0,0,0,0,0,0,0,0,0,0,0,0,0,0,0,0,0,0,0,0,0,0,0,0,0,0,0,0,0,0,0,0,0,0,5.886,9.123,13.726,18.805,24.055,29.122,32.551,37.222,39.849,38.701,39.906,38.845,37.183,37.391,35.573,35.174,35.559,34.56,36.588,37.063,37.665,38.036,38.018,40.311,41.716,42.33,45.346,47.157,47.151,50.388,49.303,50.629,50.969,50.641,49.877,47.468,47.324,44.986,41.186,37.305,33.255,30.228,24.876,21.313,18.791,15.297,13.063,10.295,8.208,6.443,4.65,3.41,1.695,1.243,0.535,0.639,0.314,0.119,0.141,0.02,0.021,0,0,0,0,0
2026-08-27 15:13:00,1,"Normal Scan","Normal Scan",0,"ON",1,1,1,737,5,19.9,97.1,62.7,0.0000000692771,0.0000181761,4.97,8954.6,8.8,736.5,1,"Up Scan","Positive",254,0,4.37,1.6,8,8,0,1,1,17.064,35.223,22.667,10.366,2.271,10572.8,58,21.1,NA,0,0,0,0,0,0,0,0,0,0,0,0,0,0,0,0,0,0,0,0,0,0,0,0,0,0,0,0,0,0,0,24004.512,24108.096,22971.168,22351.584,20268.32,18399.968,16698.656,14952.352,13243.456,12226.88,10565.312,9602.464,8842.944,8262.784,7549.6,6860.32,6475.616,5978.72,5462.976,5060.96,4755.136,4392.096,4133.856,3847.904,3919.968,3663.584,3685.056,3598.24,3539.008,3290.464,3202.656,3032.32,2712.704,2805.056,2667.104,2585.216,2295.936,2134.112,2068.032,1846.56,1645.12,1477.12,1325.824,1161.344,992.096,815.2,703.328,629.696,458.368,364.384,243.712,199.2,103.936,62.144,28.768,30.048,8.128,10.208,8.672,0,0,0,0,0,0,0,0,0,0,0,0,0,0,0,0,0,0,0,0,0,0,0,0,0,0,0,0,0,0,0,0,0,0,0,0,5.812,9.721,14.043,18.2,23.013,26.4,29.483,32.075,33.911,34.828,36.88,36.097,36.816,37.83,39.08,39.313,39.134,40.267,40.446,40.111,40.364,40.838,40.919,41.434,41.749,44.862,45.19,47.815,49.18,51.553,51.023,51.833,51.608,48.509,51.01,49.64,48.523,44.399,41.806,39.331,34.917,31.19,27.069,23.463,19.882,16.55,12.854,10.765,9.351,6.614,5.091,3.467,2.694,1.373,0.804,0.366,0.375,0.099,0.121,0.102,0,0,0,0,0,0
2026-08-27 15:18:00,1,"Normal Scan","Normal Scan",0,"ON",1,1,1,737,5,19.8,97.1,62.8,0.000000069247,0.0000181713,4.97,8954.6,8.8,736.5,1,"Up Scan","Positive",254,0,4.37,1.6,8,8,0,1,1,18.424,34.608,23.135,10.366,2.193,11783.6,57,21.1,NA,0,0,0,0,0,0,0,0,0,0,0,0,0,0,0,0,0,0,0,0,0,0,0,0,0,0,0,0,0,0,0,22544.16,23199.392,22621.408,20791.424,20754.592,19234.592,18899.072,17258.144,16009.152,15241.056,14131.744,12610.336,11871.968,11100.192,10601.632,9590.24,9205.728,8077.568,7175.488,6678.016,5899.584,5288.32,4751.264,4407.328,4220.8,3925.888,3864,3620.608,3551.616,3409.024,3202.432,3031.36,2979.168,2820.128,2785.728,2611.392,2426.336,2187.136,2184.48,2004.512,1706.912,1527.712,1351.2,1225.152,1018.592,861.184,672.096,592.672,439.648,321.024,214.816,146.464,96.096,63.488,30.56,12.64,19.52,3.36,1.76,1.824,0,0,0,0,0,0,0,0,0,0,0,0,0,0,0,0,0,0,0,0,0,0,0,0,0,0,0,0,0,0,0,0,0,0,0,6.072,9.162,13.537,18.022,21.524,27.053,30.887,36.31,39.172,42.194,45.96,48.301,48.485,50.793,52.468,55.144,54.6,56.934,54.306,52.288,52.617,50.174,48.59,47.052,47.017,48.231,47.748,50.006,50.058,51.951,52.619,52.401,51.769,53.012,51.832,51.793,49.435,46.351,42.75,41.063,36.926,31.588,27.657,23.536,20.383,16.457,13.49,10.269,8.716,6.394,4.553,2.938,1.985,1.318,0.821,0.387,0.157,0.238,0.04,0.02,0.021,0.032,0,0,0,0
2026-08-27 15:23:00,1,"Normal Scan","Normal Scan",0,"ON",1,1,1,737,5,19.8,97.1,62.8,0.000000069247,0.0000181713,4.97,8954.6,8.8,736.5,1,"Up Scan","Positive",254,0,4.37,1.6,8,8,0,1,1,19.624,33.423,23.458,18.434,2.067,13220.4,58,21,NA,0,0,0,0,0,0,0,0,0,0,0,0,0,0,0,0,0,0,0,0,0,0,0,0,0,0,0,0,0,0,0,17358.464,16407.552,18433.92,19348.544,21053.504,21700.8,21747.072,22425.792,22155.392,23290.016,21613.92,20285.888,18623.008,16391.968,14361.92,12962.432,11031.04,9474.912,8084.416,7096.96,6408.832,5519.968,4944.864,4483.136,4076.48,3829.28,3734.368,3607.712,3466.112,3354.816,3093.152,2814.56,2840.704,2666.4,2643.808,2543.104,2341.408,2394.144,2293.056,1933.344,1723.776,1577.12,1369.664,1184.736,941.728,854.08,721.952,557.248,417.888,309.056,216.416,151.456,85.248,44.256,21.408,14.176,13.056,10.08,1.728,0,0,0,0,0,0,0,0,0,0,0,0,0,0,0,0,0,0,0,0,0,0,0,0,0,0,0,0,0,0,0,0,0,0,0,0,3.945,7.046,9.662,14.745,20.068,27.394,34.938,41.912,51.002,58.382,70.291,73.849,77.666,79.369,77.166,74.321,73.356,67.947,63.433,58.618,55.599,54.135,50.446,48.758,47.527,46.614,46.564,48.053,49.57,50.568,51.946,50.635,49.261,51.729,49.918,49.658,48.514,45.386,45.013,42.227,36.218,31.886,27.863,23.684,19.683,15.403,13.297,10.794,8.144,6.021,4.413,2.996,2.037,1.125,0.573,0.271,0.177,0.159,0.121,0.02,0,0,0,0,0,0
2026-08-27 15:28:00,1,"Normal Scan","Normal Scan",0,"ON",1,1,1,737,5,19.8,97.1,63,0.000000069247,0.0000181713,4.97,8954.6,8.8,736.5,1,"Up Scan","Positive",254,0,4.37,1.6,8,8,0,1,1,19.097,31.012,22.408,15.963,1.979,16015.7,58,21,NA,0,0,0,0,0,0,0,0,0,0,0,0,0,0,0,0,0,0,0,0,0,0,0,0,0,0,0,0,0,0,0,18342.944,19602.56,21422.08,23183.584,26262.4,28830.624,29832.576,30442.464,29978.528,28888.832,27835.232,26123.232,24023.616,21897.536,18771.872,16041.216,13244.064,10792.352,9257.696,7812.608,6643.072,5622.752,5034.816,4460.512,4088.288,3851.584,3740.096,3588.416,3444.096,3275.456,3153.12,3007.936,2874.688,2777.536,2551.488,2491.84,2559.84,2354.464,2122.784,1974.08,1733.856,1461.728,1377.088,1147.936,994.368,809.664,712.896,562.912,487.2,322.848,240.544,177.568,113.056,57.664,36.64,28.448,21.28,10.144,3.456,1.792,0,0,0,0,0,0,0,0,0,0,0,0,0,0,0,0,0,0,0,0,0,0,0,0,0,0,0,0,0,0,0,0,0,0,0,4.558,7.47,11.552,17.075,24.013,34.301,46.368,57.603,69.209,79.128,87.129,95.079,99.982,102.287,102.878,96.789,90.495,81.25,71.973,66.79,60.927,56.041,51.294,49.517,47.356,46.643,46.869,48.559,49.378,50.497,50.457,51.826,52.345,51.308,51.056,48.675,47.251,48.35,44.508,40.347,36.569,32.093,27.059,23.923,19.627,16.44,12.957,10.863,8.374,7.113,4.639,3.369,2.404,1.525,0.745,0.465,0.353,0.258,0.121,0.041,0.021,0.032,0,0,0,0
2026-08-27 15:33:00,1,"Normal Scan","Normal Scan",0,"ON",1,1,1,737,5,19.9,97.1,63.1,0.0000000692771,0.0000181761,4.97,8954.6,8.8,736.5,1,"Up Scan","Positive",254,0,4.37,1.6,8,8,0,1,1,17.634,29.821,21.183,13.824,2.005,16469.2,58,21,NA,0,0,0,0,0,0,0,0,0,0,0,0,0,0,0,0,0,0,0,0,0,0,0,0,0,0,0,0,0,0,0,24597.312,26687.84,28378.528,30830.624,32001.6,32203.04,31064.512,31141.056,30564.864,28990.592,25851.072,23067.744,20546.272,18167.584,15637.792,13236.192,11110.976,9259.52,8030.56,6664.992,5990.112,5194.976,4663.776,4251.968,3967.68,3855.552,3868.832,3651.968,3535.072,3220.512,3140.896,2994.336,2897.536,2849.248,2656.128,2688.896,2490.752,2362.496,2162.016,1962.496,1836.384,1597.696,1387.456,1213.568,1081.76,894.24,667.904,546.176,445.088,315.104,251.968,120.256,98.4,59.232,33.568,15.744,6.592,3.392,1.728,1.792,0,0,0,0,0,0,0,0,0,0,0,0,0,0,0,0,0,0,0,0,0,0,0,0,0,0,0,0,0,0,0,0,0,0,0,6.052,9.984,15.612,22.614,31.94,41.736,51.729,59.842,70.775,80.497,87.299,88.156,88.198,87.431,85.385,80.718,74.725,68.367,61.918,58.16,52.328,50.834,47.832,46.275,45.483,45.379,47.007,49.814,50.604,51.613,50.433,51.788,51.955,52.082,52.36,50.63,50.897,47.496,45.085,41.177,36.6,33.415,28.378,23.986,20.464,17.151,13.927,10.233,8.067,6.344,4.438,3.475,1.635,1.298,0.765,0.426,0.196,0.079,0.04,0.02,0.021,0,0,0,0,0
2026-08-27 15:38:00,1,"Normal Scan","Normal Scan",0,"ON",1,1,1,737,5,19.9,97.1,63.1,0.0000000692771,0.0000181761,4.97,8954.6,8.8,736.5,1,"Up Scan","Positive",254,0,4.37,1.6,8,8,0,1,1,14.752,25.171,18.111,9.647,1.941,21657.9,58,21,NA,0,0,0,0,0,0,0,0,0,0,0,0,0,0,0,0,0,0,0,0,0,0,0,0,0,0,0,0,0,0,0,63650.784,57294.656,56531.872,55446.144,50780.768,46118.752,43281.76,39068.896,33275.872,27675.2,24415.552,21301.184,18537.408,16027.456,14257.76,12178.752,10544.544,8635.424,7747.936,6612.448,5732.096,5227.584,4700.576,4551.936,4321.984,4044.992,3934.272,3681.6,3626.944,3375.84,3201.12,3129.984,2876.384,2886.912,2771.84,2590.144,2384.736,2387.744,2215.872,1968.064,1749.216,1592.064,1373.056,1158.016,1002.08,803.424,685.728,534.368,397.984,269.28,201.696,116.896,86.176,35.328,24.416,19.008,9.824,0,0,0,0,0,0,0,0,0,0,0,0,0,0,0,0,0,0,0,0,0,0,0,0,0,0,0,0,0,0,0,0,0,0,0,0,0,0,15.945,25.792,33.458,44.953,57.326,66.089,73.944,83.223,88.374,87.373,83.299,83.209,81.414,78.866,75.436,73.644,68.865,64.978,57.902,56.329,52.161,48.923,48.149,46.724,48.373,49.08,49.183,50.9,50.659,52.727,52.686,52.238,53.387,51.848,52.99,51.584,49.17,45.796,44.837,41.095,36.067,32.008,27.872,23.236,19.101,15.942,12.527,10.2,7.802,5.782,3.797,2.758,1.569,1.156,0.458,0.31,0.235,0.119,0,0,0,0.015,0,0,0,0
2026-08-27 15:43:00,1,"Normal Scan","Normal Scan",0,"ON",1,1,1,736.9,5,19.7,97.1,63.2,0.0000000692169,0.0000181665,4.97,8954.6,8.8,736.5,1,"Up Scan","Positive",254,0,4.37,1.6,8,8,0,1,1,17.423,31.266,21.46,10.366,2.096,14773,58,20.9,NA,0,0,0,0,0,0,0,0,0,0,0,0,0,0,0,0,0,0,0,0,0,0,0,0,0,0,0,0,0,0,0,30075.488,30344.832,30278.112,27258.016,28220.736,26224.576,25327.936,23032.192,22301.856,21297.824,19942.208,17822.112,16179.168,14585.28,12862.144,11669.088,10224.544,9135.584,7841.952,7178.336,6153.312,5513.344,4970.016,4394.944,4133.984,3899.264,3772.48,3698.816,3456.992,3380.928,3177.184,3126.816,2909.664,2957.568,2723.872,2778.048,2537.088,2428.512,2172.224,2064.832,1805.824,1562.4,1426.848,1223.968,1024.896,942.72,711.488,573.12,420.352,373.376,216.416,170.272,76.96,72.288,45.664,17.408,9.824,5.12,5.216,0,0,0,0,0,0,0,0,0,0,0,0,0,0,0,0,0,0,0,0,0,0,0,0,0,0,0,0,0,0,0,0,0,0,0,0,7.847,12.224,17.795,24.032,28.21,36.814,42.076,48.708,52.287,58.728,64.169,68.119,68.331,69.028,68.768,66.721,66.151,63.142,61.272,56.899,56.321,52.142,50.501,49.031,46.78,47.193,47.72,49.125,50.985,51.105,52.931,52.523,53.764,52.484,54.167,51.535,52.017,48.582,45.977,41.259,38.851,33.095,27.87,24.988,20.549,16.73,14.499,11.072,8.441,6.103,5.245,3.039,2.29,1.069,0.935,0.582,0.216,0.119,0.06,0.061,0,0.048,0,0,0,0
2026-08-27 15:48:00,1,"Normal Scan","Normal Scan",0,"ON",1,1,1,737,5,19.8,97.1,63,0.000000069247,0.0000181713,4.97,8954.6,8.8,736.5,1,"Up Scan","Positive",254,0,4.37,1.6,8,8,0,1,1,18.269,33.184,22.543,10.366,2.137,13627.5,59,20.9,NA,0,0,0,0,0,0,0,0,0,0,0,0,0,0,0,0,0,0,0,0,0,0,0,0,0,0,0,0,0,0,0,23966.4,25906.88,25289.248,24701.504,25093.376,22903.424,21913.472,20998.272,20615.52,18603.872,18096.16,16664.48,15535.872,14524.192,13075.552,11484.736,10280.96,8878.592,7874.112,6822.176,6045.472,5400.672,4804.992,4459.52,4315.424,4005.984,3970.464,3885.952,3663.68,3592.768,3554.944,3189.472,3043.232,3011.328,2798.816,2620.448,2618.016,2456,2245.28,2013.376,1859.456,1681.728,1481.472,1223.968,1113.568,1032.864,741.216,588.992,459.488,319.488,247.424,166.496,88.224,56.8,34.368,20.576,22.784,6.752,6.976,1.792,0,0,0,0,0,0,0,0,0,0,0,0,0,0,0,0,0,0,0,0,0,0,0,0,0,0,0,0,0,0,0,0,0,0,0,6.61,9.684,15.196,20.12,25.527,32.638,36.802,42.192,47.68,54.389,56.211,61.824,63.929,66.345,68.51,67.702,65.108,63.435,59.5,57.16,53.709,51.416,49.716,47.851,47.683,49.503,49.288,51.317,53.608,53.708,55.091,57.269,55.146,54.814,54.737,52.82,50.911,50.136,46.623,43.168,38.392,34.12,29.939,25.355,20.743,18.138,15.921,11.221,8.731,6.737,4.54,3.438,2.276,1.165,0.735,0.436,0.255,0.278,0.08,0.081,0.021,0,0,0,0,0
2026-08-27 15:53:00,1,"Normal Scan","Normal Scan",0,"ON",1,1,1,737.4,5,20.4,97.1,63.2,0.0000000694276,0.0000182001,4.97,8954.6,8.8,736.5,1,"Up Scan","Positive",254,0,4.37,1.6,8,8,0,1,1,18.349,32.855,22.425,10.366,2.127,13854.3,59,21,NA,0,0,0,0,0,0,0,0,0,0,0,0,0,0,0,0,0,0,0,0,0,0,0,0,0,0,0,0,0,0,0,26295.104,26603.296,25647.456,25126.592,24800.064,22570.976,21603.648,20697.568,20044.576,19821.6,18259.712,17750.752,16033.856,14481.376,13497.056,11927.648,10204.672,9361.792,8039.712,7178.336,6455.712,5530.272,5095.2,4734.336,4335.68,4170.336,3878.944,3814.304,3770.944,3538.08,3324.8,3212.032,3132.576,2754.912,2784.032,2639.744,2441.696,2353.6,2328.864,2133.312,1914.272,1740.8,1376.192,1244.8,1040.672,854.464,702.72,641.952,488.928,320.48,227.584,139.36,99.456,68.544,45.728,22.08,14.656,11.808,5.248,2.592,0,0,0,0,0,0,0,0,0,0,0,0,0,0,0,0,0,0,0,0,0,0,0,0,0,0,0,0,0,0,0,0,0,0,0,6.912,10.695,15.524,20.392,25.978,32.281,36.209,41.624,46.955,52.849,59.835,62.385,67.978,68.424,68.251,69.894,67.604,63.004,62.763,58.404,56.364,54.795,50.724,50.311,50.344,49.375,50.692,50.615,52.26,54.552,54.688,54.038,54.819,55.734,52.036,52.884,51.115,46.791,45.213,43.734,38.991,34.852,31.088,24.099,20.993,16.736,13.487,10.837,9.494,7.101,4.563,3.173,1.897,1.363,0.889,0.581,0.275,0.179,0.141,0.061,0.022,0.028,0,0,0,0
2026-08-27 15:58:00,1,"Normal Scan","Normal Scan",0,"ON",1,1,1,737.1,5,20,97.1,63.4,0.0000000693072,0.0000181809,4.97,8954.6,8.8,736.5,1,"Up Scan","Positive",254,0,4.37,1.6,8,8,0,1,1,19.934,35.335,24.158,11.971,2.155,12223.8,58,21,NA,0,0,0,0,0,0,0,0,0,0,0,0,0,0,0,0,0,0,0,0,0,0,0,0,0,0,0,0,0,0,0,19498.464,19299.072,18757.76,19862.304,19417.888,19092.896,18670.368,18171.36,17414.752,16220.064,16117.408,15018.304,13853.76,13062.304,11852.288,11327.104,10568.8,9922.656,9462.592,8571.808,7616.768,6559.424,5568.768,4814.336,4453.888,4096.768,3822.848,3642.112,3618.592,3525.088,3163.2,3208,2904.704,2826.752,2623.232,2581.984,2513.28,2459.616,2168.8,2092.32,1871.808,1743.936,1432.224,1190.24,1042.944,846.688,695.424,570.08,426.08,331.04,222.304,151.68,87.904,47.968,42.72,20.48,11.424,3.392,1.76,0,0,0,0,0,0,0,0,0,0,0,0,0,0,0,0,0,0,0,0,0,0,0,0,0,0,0,0,0,0,0,0,0,0,0,0,5.408,7.905,11.257,14.943,20.526,25.316,30.662,36,41.268,45.973,48.993,55.091,57.654,59.3,61.907,61.817,64.598,65.567,66.603,68.42,66.864,63.914,59.307,54.425,50.951,50.547,49.661,49.568,50.4,52.654,53.866,52.186,54.998,52.769,52.321,50.551,50.167,48.167,46.29,41.042,38.285,34.109,30.337,24.885,19.938,16.858,13.181,10.472,8.524,6.184,4.652,3.063,2.046,1.194,0.622,0.542,0.255,0.139,0.04,0.02,0,0.03,0,0,0,0
2026-08-27 16:03:00,1,"Normal Scan","Normal Scan",0,"ON",1,1,1,737,5,19.8,97.1,63.1,0.000000069247,0.0000181713,4.97,8954.6,8.8,736.5,1,"Up Scan","Positive",254,0,4.37,1.6,8,8,0,1,1,19.83,35.142,23.897,9.647,2.165,12875.7,58,20.9,NA,0,0,0,0,0,0,0,0,0,0,0,0,0,0,0,0,0,0,0,0,0,0,0,0,0,0,0,0,0,0,0,23573.312,22972.864,21046.976,20850.4,20358.72,19224.256,18267.008,17478.08,17355.168,16890.752,16112.192,15496.384,14456.096,13770.592,12625.536,12348.224,11198.016,10359.264,9852.416,8971.168,8096.192,7012.832,5975.936,4890.752,4735.488,4297.568,4108.544,4046.752,3741.024,3483.04,3305.92,3173.056,2825.344,2892.768,2687.136,2562.432,2527.104,2383.648,2288.032,2138.752,1968.16,1864.768,1536.992,1328.48,1094.24,1012.896,767.648,622.816,481.312,313.888,251.904,156.864,109.792,59.04,19.808,30.368,12.672,5.024,3.52,3.616,0,0,0,0,0,0,0,0,0,0,0,0,0,0,0,0,0,0,0,0,0,0,0,0,0,0,0,0,0,0,0,0,0,0,0,6.268,9.56,13.42,16.68,21.613,26.542,30.896,35.278,39.723,45.844,51.046,55.222,59.523,61.913,65.264,65.798,70.388,69.441,69.562,71.202,69.985,67.956,63.464,58.352,51.847,53.418,51.92,52.729,54.705,54.406,53.597,53.973,54.468,52.267,54.165,52,51.099,49.379,46.212,43.684,40.232,36.104,32.606,26.409,22.198,17.771,15.822,11.557,9.148,7.029,4.436,3.453,2.147,1.467,0.764,0.252,0.377,0.155,0.06,0.041,0.041,0,0,0,0,0
2026-08-27 16:08:00,1,"Normal Scan","Normal Scan",0,"ON",1,1,1,737.3,5,20.3,97.1,62.4,0.0000000693975,0.0000181953,4.97,8954.6,8.8,736.5,1,"Up Scan","Positive",254,0,4.37,1.6,8,8,0,1,1,20.127,36.923,24.651,9.647,2.211,11446.6,58,21,NA,0,0,0,0,0,0,0,0,0,0,0,0,0,0,0,0,0,0,0,0,0,0,0,0,0,0,0,0,0,0,0,19494.208,18668.8,17734.976,17870.656,17430.528,17530.016,16589.408,16020.672,16347.392,15206.464,14553.888,13733.664,12750.624,11907.328,11353.472,10912.512,10197.216,9006.912,8227.488,7394.208,6517.312,5748.032,5132.384,4570.304,4127.712,4014.112,3886.016,3794.848,3578.72,3448.32,3383.04,3115.2,2894.112,2790.88,2607.936,2608.864,2545.92,2325.472,2251.968,2141.28,2016.096,1849.056,1606.272,1357.088,1141.056,955.52,762.464,605.664,546.08,345.696,234.752,160.864,128.928,56.192,64.128,18.944,6.496,8.448,6.976,6.144,0,0,0,0,0,0,0,0,0,0,0,0,0,0,0,0,0,0,0,0,0,0,0,0,0,0,0,0,0,0,0,0,0,0,0,5.107,7.818,10.903,14.131,18.449,22.671,28.05,31.95,36.362,43.111,45.908,49.771,52.721,54.542,56.37,59.057,62.019,63.01,60.458,59.646,57.882,55.126,52.547,50.583,48.632,47.348,48.967,50.211,51.997,51.895,53.289,55.113,53.625,52.786,52.95,51.118,51.678,50.118,45.499,43.475,40.26,36.402,33.041,27.814,22.673,18.38,15.137,11.588,9.21,7.886,4.839,3.302,2.211,1.787,0.727,0.813,0.235,0.079,0.101,0.081,0.066,0.055,0,0,0,0
2026-08-27 16:13:00,1,"Normal Scan","Normal Scan",0,"ON",1,1,1,737.4,5,20.4,97.1,62.9,0.0000000694276,0.0000182001,4.97,8954.6,8.8,736.5,1,"Up Scan","Positive",254,0,4.37,1.6,8,8,0,1,1,22.255,42.497,27.573,11.971,2.321,8859.7,58,21.1,NA,0,0,0,0,0,0,0,0,0,0,0,0,0,0,0,0,0,0,0,0,0,0,0,0,0,0,0,0,0,0,0,12167.936,11822.528,11950.208,12505.184,12187.52,11869.824,12081.728,11797.216,12016.352,11434.144,10597.216,10311.232,9644.032,8919.936,8118.368,8198.304,7809.472,7243.488,6652.256,6287.296,5636.576,5056.064,4650.176,4184.832,3930.4,3889.312,3679.104,3674.656,3454.144,3362.784,3195.36,3037.6,2820,2681.952,2514.688,2498.048,2330.656,2349.536,2305.824,2225.312,2054.528,1807.296,1654.496,1420.352,1185.536,1096.48,891.456,672.096,548.864,373.376,257.216,185.888,103.936,84.16,41.248,20.512,8.16,8.448,1.728,3.552,0,0,0,0,0,0,0,0,0,0,0,0,0,0,0,0,0,0,0,0,0,0,0,0,0,0,0,0,0,0,0,0,0,0,0,3.343,4.906,6.962,9.48,12.896,15.902,19.041,23.221,26.782,31.656,34.466,36.301,39.634,41.313,42.263,42.401,46.768,48.502,48.811,48.513,49.499,47.995,46.525,46.097,44.742,45.159,47.486,47.786,50.239,50.212,51.788,52.125,52.605,51.94,51.839,50.618,50.284,47.725,46.677,44.913,42.394,37.993,32.703,28.828,23.721,19.25,16.968,13.604,9.962,7.868,5.263,3.572,2.532,1.392,1.088,0.523,0.255,0.099,0.101,0.02,0.044,0.014,0,0,0,0
2026-08-27 16:18:00,1,"Normal Scan","Normal Scan",0,"ON",1,1,1,737.3,5,20.2,97.1,62.6,0.0000000693674,0.0000181905,4.97,8954.6,8.8,736.5,1,"Up Scan","Positive",254,0,4.37,1.6,8,8,0,1,1,23.512,44.525,28.754,10.366,2.357,7984.08,57,21.1,NA,0,0,0,0,0,0,0,0,0,0,0,0,0,0,0,0,0,0,0,0,0,0,0,0,0,0,0,0,0,0,0,10264.864,11136.512,10761.056,10072.896,10315.04,10540.64,9938.592,10537.344,9783.36,9504.32,9272.608,8444.8,8261.376,7919.808,7785.728,7287.232,6691.008,6853.568,6368.288,5776.736,5272.736,4994.816,4513.664,4145.44,3821.376,3776.032,3640.832,3469.92,3448.704,3131.136,3174.112,3071.008,2740.288,2716.992,2529.664,2510.72,2394.144,2344.704,2181.856,2140.384,1987.296,1791.328,1556.416,1438.016,1183.136,896.608,846.528,691.072,502.016,334.752,257.536,177.6,133.696,79.808,21.312,25.312,13.056,10.144,8.672,1.792,0,0,0,0,0,0,0,0,0,0,0,0,0,0,0,0,0,0,0,0,0,0,0,0,0,0,0,0,0,0,0,0,0,0,0,2.709,4.157,6.5,8.572,10.423,13.49,16.924,19.146,23.934,25.817,28.724,31.757,32.439,35.447,37.597,40.602,41.633,41.734,46.279,46.518,45.66,45.008,45.902,44.758,44.378,43.727,46.185,47.349,48.001,49.998,49.067,52.11,52.883,50.533,51.73,50.142,49.91,47.746,46.781,42.516,40.13,36.869,32.205,27.023,23.842,19.203,14.389,12.942,10.026,7.303,4.757,3.621,2.407,1.766,1.034,0.271,0.314,0.159,0.121,0.102,0.021,0,0,0,0,0
2026-08-27 16:23:00,1,"Normal Scan","Normal Scan",0,"ON",1,1,1,737.1,5,20,97.1,62.4,0.0000000693072,0.0000181809,4.97,8954.6,8.8,736.5,1,"Up Scan","Positive",254,0,4.37,1.6,8,8,0,1,1,23.484,43.749,28.532,9.647,2.33,8385.53,58,21,NA,0,0,0,0,0,0,0,0,0,0,0,0,0,0,0,0,0,0,0,0,0,0,0,0,0,0,0,0,0,0,0,11092.096,11004.768,10890.976,10722.432,11015.328,10742.304,10645.248,10393.152,10201.792,10234.944,10087.488,9428.736,9055.552,8770.272,8273.472,7697.248,7589.248,7291.04,6691.872,6140.928,5664.576,5179.136,4793.728,4280.48,4022.208,3846.368,3857.952,3681.76,3533.536,3418.144,3306.496,2966.4,2756.064,2752.64,2551.904,2565.76,2536.416,2331.744,2283.264,2236.704,1986.432,1829.12,1514.368,1384.608,1178.4,946.048,744.16,625.216,503.264,379.392,261.312,161.024,105.76,75.136,58.048,29.952,8.224,3.392,3.488,5.408,0,0,0,0,0,0,0,0,0,0,0,0,0,0,0,0,0,0,0,0,0,0,0,0,0,0,0,0,0,0,0,0,0,0,0,2.99,4.482,6.444,8.665,11.097,14.322,17.233,20.522,23.649,26.927,30.928,34.526,36.31,38.834,41.61,43.178,44.002,47.219,49.226,48.875,48.41,48.255,47.688,47.454,45.856,46.155,47.004,49.592,50.589,51.346,52.441,54.2,51.716,51.196,52.474,50.589,50.915,49.426,46.092,43.938,41.475,36.193,32.502,26.636,23.286,19.005,14.831,11.431,9.476,7.247,5.346,3.605,2.231,1.412,0.974,0.736,0.373,0.099,0.04,0.041,0.062,0.015,0,0,0,0
2026-08-27 16:28:00,1,"Normal Scan","Normal Scan",0,"ON",1,1,1,737,5,19.8,97.1,62.4,0.000000069247,0.0000181713,4.97,8954.6,8.8,736.5,1,"Up Scan","Positive",254,0,4.37,1.6,8,8,0,1,1,24.8,44.217,29.164,9.647,2.32,8966.14,58,20.9,NA,0,0,0,0,0,0,0,0,0,0,0,0,0,0,0,0,0,0,0,0,0,0,0,0,0,0,0,0,0,0,0,12899.648,11532.672,10885.984,11009.632,11163.84,10277.888,10484.32,10597.792,10443.808,9689.536,9658.464,9354.208,9733.792,9468.64,9210.496,8690.688,8382.048,8398.912,7875.36,7135.584,6706.624,6243.712,5500.832,5209.152,4792.288,4529.312,4257.664,4248.864,3952.032,3732.768,3507.904,3337.12,3140.32,3114.208,2907.04,2674.784,2745.536,2526.72,2490.528,2290.752,2046.976,1859.136,1529.568,1410.688,1228.192,971.328,754.336,703.552,492.448,379.52,255.808,188.288,104.832,89.44,32.16,28.416,21.28,11.872,3.488,3.616,0,0,0,0,0,0,0,0,0,0,0,0,0,0,0,0,0,0,0,0,0,0,0,0,0,0,0,0,0,0,0,0,0,0,0,3.685,5.266,6.774,8.624,11.392,14.501,16.537,20.252,24.116,27.613,29.364,33.135,36.029,41.842,45.013,48.167,49.82,52.316,56.71,57.548,56.427,57.046,57.18,54.441,55.126,54.452,54.661,54.968,57.867,57.572,57.201,57.548,57.562,57.266,57.916,55.904,52.837,52.478,49.264,47.391,42.368,37.637,33.183,26.867,23.509,20.06,15.246,11.704,10.378,7.177,5.432,3.592,2.555,1.418,1.157,0.407,0.353,0.258,0.141,0.041,0.041,0.016,0,0,0,0
2026-08-27 16:33:00,1,"Normal Scan","Normal Scan",0,"ON",1,1,1,737.3,5,20.3,97.1,62.1,0.0000000693975,0.0000181953,4.97,8954.6,8.8,736.5,1,"Up Scan","Positive",254,0,4.37,1.6,8,8,0,1,1,21.823,41.09,26.747,10.366,2.311,10149.6,59,21,NA,0,0,0,0,0,0,0,0,0,0,0,0,0,0,0,0,0,0,0,0,0,0,0,0,0,0,0,0,0,0,0,16228.544,16424.256,15042.24,14907.584,14554.72,13784.256,13228.64,12346.432,12692.192,12348.64,11640.672,11064.768,10710.816,10631.136,9834.144,9208.832,8704.16,8019.552,7278.976,6848.48,6192.896,5730.784,5386.4,4919.712,4846.848,4554.112,4368.608,4101.184,4024.256,3661.152,3573.088,3354.208,3266.496,3083.616,2786.08,2741.696,2674.304,2458.528,2275.296,2203.04,2070.048,1938.496,1701.376,1549.472,1290.272,1195.008,846.528,782.176,564.16,388.032,287.264,196.48,104.128,83.008,36.512,19.04,19.584,10.112,3.488,1.792,0,0,0,0,0,0,0,0,0,0,0,0,0,0,0,0,0,0,0,0,0,0,0,0,0,0,0,0,0,0,0,0,0,0,0,4.195,6.56,9.612,11.917,15.4,18.925,22.09,25.487,28.055,33.446,37.347,39.864,42.513,45.876,50.271,51.198,52.493,54.027,54.176,53.268,54.189,53.024,52.79,53.337,52.474,54.898,55.006,56.323,56.546,57.875,56.28,57.808,58.007,58.106,57.286,54.681,54.765,52.974,49.652,45.08,42.726,38.702,34.921,29.614,25.861,20.951,18.455,12.992,11.419,8.169,5.541,3.962,2.672,1.39,1.071,0.464,0.235,0.238,0.121,0.041,0.022,0.014,0,0,0,0
2026-08-27 16:38:00,1,"Normal Scan","Normal Scan",0,"ON",1,1,1,737.5,5,20.5,97.1,62.8,0.0000000694577,0.0000182049,4.97,8954.6,8.8,736.5,1,"Up Scan","Positive",254,0,4.37,1.6,8,8,0,1,1,24.361,44.688,29.072,9.647,2.353,8989.04,58,21.2,NA,0,0,0,0,0,0,0,0,0,0,0,0,0,0,0,0,0,0,0,0,0,0,0,0,0,0,0,0,0,0,0,13699.968,12406.048,12180.864,11612.992,10168.416,10669.92,10142.496,10616.16,10074.56,9746.144,9630.624,10129.088,9496.928,9109.024,8909.6,8578.208,8186.784,7533.888,7327.872,6803.264,6242.336,5873.696,5448.16,5087.872,4733.408,4559.648,4288.48,4347.936,4185.344,3953.824,3635.36,3508.608,3196.48,3057.824,2899.072,2736.8,2646.784,2487.968,2373.632,2296.224,2114.016,1915.648,1692.672,1508.896,1309.376,1123.008,907.264,698.912,563.968,459.36,299.392,190.048,105.792,82.528,41.248,33.056,9.792,6.752,5.216,0,0,0,0,0,0,0,0,0,0,0,0,0,0,0,0,0,0,0,0,0,0,0,0,0,0,0,0,0,0,0,0,0,0,0,0,3.497,5.502,7.205,9.645,11.961,13.264,17.107,19.553,24.167,26.566,29.476,33.023,38.974,40.734,43.233,46.517,49.015,51,51.082,53.655,53.847,53.389,54.055,54.18,54.407,53.97,55.41,55.486,59.118,59.89,60.048,58.812,59.858,57.539,57.508,56.378,54.545,52.628,49.653,46.846,43.945,39.065,34.322,30.002,25.547,21.18,17.428,13.812,10.382,8.147,6.453,4.162,2.56,1.429,1.069,0.523,0.412,0.119,0.08,0.061,0,0.028,0,0,0,0
2026-08-27 16:43:00,1,"Normal Scan","Normal Scan",0,"ON",1,1,1,737.3,5,20.3,97.1,62.6,0.0000000693975,0.0000181953,4.97,8954.6,8.8,736.5,1,"Up Scan","Positive",254,0,4.37,1.6,8,8,0,1,1,26.073,46.848,30.628,10.366,2.352,8496.09,58,21.1,NA,0,0,0,0,0,0,0,0,0,0,0,0,0,0,0,0,0,0,0,0,0,0,0,0,0,0,0,0,0,0,0,10132.992,10649.024,9826.304,10002.08,9284.8,9254.432,9641.856,9040.544,9321.152,9633.696,9324.096,9190.72,9053.536,9054.976,8386.816,8357.568,8344.576,7655.104,7432.352,7162.784,6528.288,5984.576,5523.808,5226.752,4696.384,4459.04,4352.416,4261.312,4241.856,4015.136,3738.784,3386.624,3090.72,2993.344,2797.984,2602.016,2600.64,2518.688,2300.864,2339.776,2107.84,1977.696,1724.128,1503.808,1386.848,1121.888,898.784,800.096,603.936,461.248,317.504,231.328,121.504,106.24,42.752,23.744,14.624,6.72,12.224,3.616,0,0,0,0,0,0,0,0,0,0,0,0,0,0,0,0,0,0,0,0,0,0,0,0,0,0,0,0,0,0,0,0,0,0,0,3.144,4.108,6.196,7.797,10.306,12.098,14.836,18.589,20.571,24.644,29.103,32.009,35.415,38.879,43.006,43.936,47.895,52.039,51.898,54.466,56.52,55.587,55.057,54.72,55.682,53.854,54.26,55.91,57.877,60.419,60.323,59.905,58.294,55.989,56.734,55.26,53.073,52.258,50.294,46.584,44.427,39.936,35.996,30.608,25.592,22.757,17.585,13.86,11.839,8.783,6.486,4.411,3.189,1.655,1.377,0.541,0.294,0.179,0.08,0.142,0.044,0.041,0,0,0,0
2026-08-27 16:48:00,1,"Normal Scan","Normal Scan",0,"ON",1,1,1,737.2,5,20.1,97.1,62.4,0.0000000693373,0.0000181857,4.97,8954.6,8.8,736.5,1,"Up Scan","Positive",254,0,4.37,1.6,8,8,0,1,1,14.973,33.34,20.989,9.647,2.294,14027.1,57,21.1,NA,0,0,0,0,0,0,0,0,0,0,0,0,0,0,0,0,0,0,0,0,0,0,0,0,0,0,0,0,0,0,0,51281.024,45636.928,38914.24,31698.944,26129.76,20723.808,16964.768,13496.288,11985.984,10864.288,10628.16,9904.96,9857.344,9533.344,8986.976,9001.504,8587.712,8420.768,7739.712,7256.256,6579.296,6118.944,5627.52,5005.312,4574.656,4565.472,4186.432,4152.032,3976.352,3643.328,3629.984,3322.464,3131.552,3005.696,2906.688,2696.768,2681.12,2668.608,2571.072,2333.984,2305.888,2045.824,1776.352,1558.08,1266.688,1172.896,923.52,824.224,593.12,491.616,327.456,236.896,134.4,84.224,64.032,37.824,14.368,8.736,5.28,5.376,0,0,0,0,0,0,0,0,0,0,0,0,0,0,0,0,0,0,0,0,0,0,0,0,0,0,0,0,0,0,0,0,0,0,0,13.577,20.599,26.676,30.758,32.634,33.934,33.057,32.582,30.605,31.579,32.841,36.433,38.158,42.34,45.314,47.008,51.464,53.494,56.854,56.511,57.117,56.048,55.969,55.57,53.169,52.174,55.333,54.127,56.645,57.67,56.491,58.755,58.078,58.14,57.117,57.641,54.852,53.938,52.75,49.797,45.377,42.716,37.1,31.466,26.59,21.114,18.387,14.203,12.357,8.631,6.929,4.516,3.267,1.826,1.089,0.813,0.471,0.175,0.104,0.061,0.062,0.044,0,0,0,0
2026-08-27 16:53:00,1,"Normal Scan","Normal Scan",0,"ON",1,1,1,737,5,19.9,97,62.3,0.0000000693485,0.0000181761,4.97,8954.6,8.8,736.5,1,"Up Scan","Positive",254,0,4.37,1.6,8,8,0,1,1,24.828,43.995,29.033,9.647,2.315,10175.7,58,21,NA,0,0,0,0,0,0,0,0,0,0,0,0,0,0,0,0,0,0,0,0,0,0,0,0,0,0,0,0,0,0,0,14245.248,14218.816,12452.672,12516.224,12437.152,11905.248,11633.152,11452.768,11521.184,11245.28,11037.28,10958.624,10509.088,10756.192,10571.552,10040.384,9925.344,9428.672,9047.04,8366.464,7762.72,6931.648,6257.632,5771.84,5641.728,5233.952,4878.4,4596.224,4529.152,4306.304,4089.728,3759.136,3773.664,3219.136,3092.96,3091.008,2939.392,2725.344,2562.016,2556.544,2276.992,2031.776,1706.528,1460.192,1349.344,1113.696,943.168,740.384,632.288,459.328,338.24,216.544,117.6,94.176,45.888,39.456,34.272,22.24,6.656,7.232,0,0,0,0,0,0,0,0,0,0,0,0,0,0,0,0,0,0,0,0,0,0,0,0,0,0,0,0,0,0,0,0,0,0,0,4.079,5.789,8.318,9.961,12.932,16.205,19.104,22.414,26.022,30.412,34.046,37.932,42.257,45.205,51.144,55.308,57.502,61.818,63.673,66.055,66.051,66.072,63.493,61.853,61.323,63.831,63.197,62.841,62.951,64.994,65.482,65.955,64.396,66.25,61.003,60.097,60.307,57.113,52.927,49.871,48.15,42.204,36.575,30.702,24.982,22.292,17.564,14.401,11.121,9.272,6.688,4.68,3,1.588,1.22,0.581,0.491,0.417,0.266,0.077,0.082,0.016,0,0,0,0
2026-08-27 16:58:00,1,"Normal Scan","Normal Scan",0,"ON",1,1,1,736.7,5,19.6,97,62.5,0.0000000692581,0.0000181617,4.97,8954.6,8.8,736.5,1,"Up Scan","Positive",254,0,4.37,1.6,8,8,0,1,1,25.405,43.988,29.35,11.14,2.296,10850.6,58,20.9,NA,0,0,0,0,0,0,0,0,0,0,0,0,0,0,0,0,0,0,0,0,0,0,0,0,0,0,0,0,0,0,0,13850.688,13731.456,14873.12,13477.664,12427.552,12003.392,12198.656,12253.376,12139.2,11281.024,11469.248,11382.176,11468.096,11675.808,11004.032,11046.816,10656.512,10224.8,10196.224,9263.104,8300.288,7853.12,7313.344,6794.688,6433.888,5932.64,5540.224,5344.64,5112.128,4716.512,4290.72,4041.792,3864.864,3348.448,3348.544,3018.144,2887.776,2865.888,2649.216,2664.8,2300.544,2197.696,1849.472,1721.12,1350.72,1198.048,1016.64,719.904,598.688,450.208,297.44,226.464,121.056,72.928,51.872,44.16,22.816,18.656,12.256,3.584,0,0,0,0,0,0,0,0,0,0,0,0,0,0,0,0,0,0,0,0,0,0,0,0,0,0,0,0,0,0,0,0,0,0,0,3.594,5.676,8.026,11.781,13.927,16.196,19.246,23.541,27.891,32.07,34.159,39.41,43.907,49.332,55.579,57.648,63.208,66.499,69.324,74.6,73.337,70.846,71.958,72.166,71.827,72.347,71.045,70.394,71.917,72.47,70.562,68.836,68.352,68.088,63.78,64.259,60.294,57.551,56.459,51.501,49.903,42.719,39.005,32.288,28.687,22.299,18.667,15.398,10.852,8.805,6.398,4.213,3.133,1.595,0.943,0.659,0.55,0.278,0.221,0.142,0.041,0,0,0,0,0
2026-08-27 17:03:00,1,"Normal Scan","Normal Scan",0,"ON",1,1,1,737,5,20,97,62.4,0.0000000693786,0.0000181809,4.97,8954.6,8.8,736.5,1,"Up Scan","Positive",254,0,4.37,1.6,8,8,0,1,1,22.153,41.365,26.869,9.647,2.322,11259.8,59,20.9,NA,0,0,0,0,0,0,0,0,0,0,0,0,0,0,0,0,0,0,0,0,0,0,0,0,0,0,0,0,0,0,0,19718.72,18520.608,16843.648,16931.424,16166.944,15609.12,14253.6,12976.992,13121.472,12334.112,11708.8,11488.896,11213.408,10494.88,10438.912,10568.032,10096.224,9468.992,8847.488,8310.528,7506.944,6721.152,6212.256,5751.424,5381.216,5062.624,4949.44,4568.32,4526.016,4358.976,4256.096,3702.016,3616.096,3318.368,3088.576,2894.272,2997.504,2879.84,2636.128,2523.488,2338.88,2101.152,1824.768,1557.248,1348.928,1165.056,1004.256,772.608,570.528,512.896,380.288,251.872,171.872,94.432,66.624,44.672,21.216,13.504,8.672,1.792,0,0,0,0,0,0,0,0,0,0,0,0,0,0,0,0,0,0,0,0,0,0,0,0,0,0,0,0,0,0,0,0,0,0,0,5.096,7.942,10.807,13.458,17.486,21.026,25.004,27.422,29.456,34.525,37.312,40.202,44.247,48.203,49.876,54.581,60.389,62.764,63.933,64.61,65.514,63.895,61.824,61.313,61.122,61.432,61.569,63.266,62.721,65.048,65.865,67.884,64.305,64.74,62.421,60.75,57.922,58.914,56.001,51.071,48.357,43.736,37.694,32.203,27.353,22.44,18.665,15.423,11.651,8.38,7.267,5.318,3.403,2.287,1.222,0.845,0.556,0.258,0.161,0.102,0.021,0.016,0,0,0,0
2026-08-27 17:08:00,1,"Normal Scan","Normal Scan",0,"ON",1,1,1,737,5,20,97,63.2,0.0000000693786,0.0000181809,4.97,8954.6,8.8,736.5,1,"Up Scan","Positive",254,0,4.37,1.6,8,8,0,1,1,17.751,38.249,23.763,9.647,2.377,11874,58,21,NA,0,0,0,0,0,0,0,0,0,0,0,0,0,0,0,0,0,0,0,0,0,0,0,0,0,0,0,0,0,0,0,32867.232,28789.568,26196.352,22847.456,20203.456,17836.704,15867.616,13642.912,12160.608,11172.736,10579.68,10121.696,9560.48,9170.624,8839.328,8309.76,7900.608,7145.76,6921.344,6300.32,5657.152,5269.344,5157.536,4795.488,4841.056,4590.592,4608.224,4358.176,4349.44,4060.544,3949.44,3823.136,3495.392,3343.168,3237.504,2970.368,2781.696,2737.6,2470.944,2432.256,2238.144,1927.872,1957.728,1579.296,1500.224,1246.816,1029.824,885.568,661.92,493.376,411.84,256.704,164,105.856,68.992,33.184,21.216,15.2,1.728,5.408,0,0,0,0,0,0,0,0,0,0,0,0,0,0,0,0,0,0,0,0,0,0,0,0,0,0,0,0,0,0,0,0,0,0,0,9.166,13.221,16.775,20.79,23.484,26.255,28.538,30.484,30.925,32.032,33.754,36.226,38.953,40.972,43.489,46.078,47.422,49.094,48.403,50.692,50.186,48.763,49.254,51.605,51.895,55.495,56.484,59.888,59.682,63.233,62.468,63.897,64.89,62.397,62.346,62.277,58.548,56.789,54.686,49.986,47.399,42.715,36.482,34.326,27.683,24.694,19.821,15.885,13.16,9.658,7.023,5.684,3.482,2.216,1.37,0.877,0.412,0.258,0.181,0.02,0.062,0.031,0,0,0,0
2026-08-27 17:13:00,1,"Normal Scan","Normal Scan",0,"ON",1,1,1,736.9,5,19.8,97,63,0.0000000693183,0.0000181713,4.97,8954.6,8.8,736.5,1,"Up Scan","Positive",254,0,4.37,1.6,8,8,0,1,1,17.489,36.916,23.327,9.647,2.335,13585.7,58,20.8,NA,0,0,0,0,0,0,0,0,0,0,0,0,0,0,0,0,0,0,0,0,0,0,0,0,0,0,0,0,0,0,0,36726.176,33858.528,30593.792,27989.184,24039.264,20915.808,17598.08,15429.024,13575.136,12250.368,11617.984,10807.712,10845.728,10590.4,10179.488,9605.856,8923.552,8507.424,8014.368,7589.216,7095.392,6761.472,6209.952,5957.088,5825.472,5749.152,5448.48,5003.168,4811.584,4408.896,4359.488,3805.632,3662.784,3448.096,3249.792,3259.52,2922.496,2801.28,2578.272,2498.752,2347.904,2095.2,1988.608,1747.328,1469.536,1296.256,1058.144,902.496,728.448,545.408,384.928,261.568,153.76,113.408,75.36,29.984,13.056,6.752,8.672,1.792,0,0,0,0,0,0,0,0,0,0,0,0,0,0,0,0,0,0,0,0,0,0,0,0,0,0,0,0,0,0,0,0,0,0,0,10.381,14.888,19.794,24.275,28.873,31.287,33.485,33.863,34.959,35.814,37.053,39.775,41.599,46.526,50.224,53.169,54.942,55.723,57.695,58.921,60.496,61.171,62.608,61.811,63.417,66.005,68.863,69.16,67.869,68.779,67.344,69.614,65.167,65.36,64.689,63.229,63.598,59.418,56.586,51.742,48.748,44.621,38.983,35.502,30.034,24.246,20.352,16.359,13.531,10.474,7.665,5.341,3.548,2.047,1.465,0.955,0.373,0.159,0.08,0.102,0.021,0.016,0,0,0,0
2026-08-27 17:18:00,1,"Normal Scan","Normal Scan",0,"ON",1,1,1,737.3,5,20.3,97,62.5,0.0000000694691,0.0000181953,4.97,8954.6,8.8,736.5,1,"Up Scan","Positive",254,0,4.37,1.6,8,8,0,1,1,18.812,36.807,23.851,10.366,2.282,14738.1,58,21,NA,0,0,0,0,0,0,0,0,0,0,0,0,0,0,0,0,0,0,0,0,0,0,0,0,0,0,0,0,0,0,0,32302.688,32660.128,31548.384,28043.328,24099.168,21226.112,19313.312,17853.12,16600.704,15866.4,15331.136,14558.848,13832.384,12912.704,12006.784,11261.024,10954.976,10134.688,9588.224,8907.456,8158.08,7499.776,6939.744,6267.552,6107.936,5926.112,5682.24,5654.208,5234.048,5099.36,4540.704,4440.608,4030.24,3689.344,3389.664,3231.616,3074.24,2990.56,2668.416,2577.92,2323.328,2201.12,1885.184,1755.584,1547.616,1328.16,1106.688,836.64,722.912,593.472,389.92,287.04,153.824,125.312,69.76,34.784,26.144,20.288,5.216,3.584,0,0,0,0,0,0,0,0,0,0,0,0,0,0,0,0,0,0,0,0,0,0,0,0,0,0,0,0,0,0,0,0,0,0,0,8.708,13.083,19.104,24.986,28.972,31.305,34.006,37.164,40.506,43.739,47.893,52.464,55.964,59.181,61.178,62.654,64.314,68.152,68.514,70.04,70.473,69.709,69.186,68.984,67.129,69.751,71.571,72.909,75.913,74.378,75.936,72.796,73.894,70.677,68.283,65.181,63.874,61.003,59.222,53.736,50.481,44.291,40.324,34.107,30.478,25.616,20.979,17.085,12.548,10.486,8.431,5.457,3.903,2.027,1.625,0.885,0.432,0.318,0.241,0.061,0.041,0,0,0,0,0
2026-08-27 17:23:00,1,"Normal Scan","Normal Scan",0,"ON",1,1,1,737.3,5,20.3,97.1,63,0.0000000693975,0.0000181953,4.97,8954.6,8.8,736.5,1,"Up Scan","Positive",254,0,4.37,1.6,8,8,0,1,1,19.179,36.677,23.919,9.647,2.258,14631.6,58,21,NA,0,0,0,0,0,0,0,0,0,0,0,0,0,0,0,0,0,0,0,0,0,0,0,0,0,0,0,0,0,0,0,29914.88,27913.984,29355.584,27072.704,25627.744,22084.512,19587.744,18746.208,16823.616,16327.456,16312.448,16439.872,15561.056,14543.616,13542.272,12188.992,10952.448,10141.6,9199.936,8107.84,7488.608,7133.728,6377.92,6024.416,5722.528,5688.256,5336.992,5045.6,4881.216,4691.84,4403.008,4259.68,3664.832,3529.952,3437.92,3194.464,2995.68,2972.16,2882.88,2626.144,2358.272,2261.152,2013.504,1761.408,1491.52,1230.048,1092.032,845.088,694.208,497.952,411.52,277.088,178.56,109.312,83.904,47.168,17.984,21.92,3.52,11.488,0,0,0,0,0,0,0,0,0,0,0,0,0,0,0,0,0,0,0,0,0,0,0,0,0,0,0,0,0,0,0,0,0,0,0,7.98,12.05,16.353,23.365,27.934,33.266,35.459,37.688,42.564,44.307,49.318,55.83,63.113,66.535,68.732,70.292,69.334,67.974,68.381,67.226,64.273,64.222,65.677,63.417,64.18,65.367,68.705,68.583,68.38,70.199,71.359,70.253,71.638,66.757,66.818,65.958,63.424,60.571,58.93,55.839,50.838,44.968,40.886,35.562,30.431,24.783,19.744,16.865,12.879,10.034,7.15,5.69,3.828,2.408,1.414,1.065,0.589,0.219,0.261,0.041,0.133,0.027,0,0,0,0
2026-08-27 17:28:00,1,"Normal Scan","Normal Scan",0,"ON",1,1,1,737.2,5,20.1,97.1,62.8,0.0000000693373,0.0000181857,4.97,8954.6,8.8,736.5,1,"Up Scan","Positive",254,0,4.37,1.6,8,8,0,1,1,19.202,36.811,24.087,9.647,2.256,14901.5,58,21,NA,0,0,0,0,0,0,0,0,0,0,0,0,0,0,0,0,0,0,0,0,0,0,0,0,0,0,0,0,0,0,0,29644.352,28632.896,28180.832,26724.96,24572.256,22966.144,21082.72,19623.104,18375.104,17668.896,16861.6,16415.328,15042.4,14753.024,13317.024,12402.048,11077.248,10121.76,9398.272,8550.08,7866.624,7208.928,6638.272,6390.176,5788.448,5694.56,5498.24,5276.64,5059.488,4930.304,4625.792,4432.544,4175.296,3827.392,3500.864,3450.08,3331.904,2947.872,2741.696,2666.272,2455.2,2078.144,1949.536,1820.64,1518.88,1325.824,1068,879.456,667.616,522.432,384.928,259.712,189.44,120.864,44.288,47.264,30.976,13.408,5.216,3.616,0,0,0,0,0,0,0,0,0,0,0,0,0,0,0,0,0,0,0,0,0,0,0,0,0,0,0,0,0,0,0,0,0,0,0,7.16,12.001,16.75,22.397,27.654,31.946,36.776,40.568,44.535,48.47,53.342,57.703,62.984,64.364,69.73,69.281,70.63,68.801,68.325,68.759,67.617,67.227,66.615,65.824,68.164,66.408,69.194,71.329,72.034,72.707,74.624,74.732,74.536,72.602,70.719,67.439,66.303,65.007,58.957,54.386,51.188,46.264,38.722,34.633,30.808,25.104,21.28,16.396,13.047,9.824,7.467,5.309,3.519,2.529,1.567,0.562,0.589,0.378,0.161,0.061,0.041,0.015,0,0,0,0
2026-08-27 17:33:00,1,"Normal Scan","Normal Scan",0,"ON",1,1,1,737,5,19.9,97,62.7,0.0000000693485,0.0000181761,4.97,8954.6,8.8,736.5,1,"Up Scan","Positive",254,0,4.37,1.6,8,8,0,1,1,19.412,36.97,24.273,11.971,2.249,14398.2,58,20.9,NA,0,0,0,0,0,0,0,0,0,0,0,0,0,0,0,0,0,0,0,0,0,0,0,0,0,0,0,0,0,0,0,26257.472,26090.752,25940.512,26419.616,24496.608,23075.712,20828.8,18914.976,18008.096,17012.48,16341.024,15644.32,14782.944,14017.984,13492.48,12367.328,11618.4,10263.424,9481.696,8303.904,7324.064,6859.008,6314.016,6060.352,5820.768,5546.592,5272.352,5135.328,5142.208,4719.84,4396.8,4198.72,3966.432,3573.632,3310.112,3238.656,3021.664,2972,2693.344,2667.168,2459.904,2246.464,1868.704,1716.384,1453.184,1271.2,1065.216,883.968,676.032,530.24,360.672,230.752,173.088,96.832,56.672,26.592,13.056,11.808,6.944,3.616,0,0,0,0,0,0,0,0,0,0,0,0,0,0,0,0,0,0,0,0,0,0,0,0,0,0,0,0,0,0,0,0,0,0,0,6.788,10.642,15.225,20.642,27.314,31.875,36.989,40.046,42.931,47.527,51.346,55.942,60.084,63.252,66.321,70.098,70.284,71.937,69.143,69.146,65.781,62.791,63.294,62.926,64.944,66.355,67.165,67.953,69.964,73.005,71.447,70.572,70.908,69.973,66.872,64.734,64.159,59.938,58.721,53.072,51.333,45.813,40.706,33.557,29.162,23.789,20.173,16.312,13.075,9.705,7.475,5.018,3.153,2.283,1.256,0.719,0.331,0.159,0.141,0.081,0.041,0,0,0,0,0
2026-08-27 17:38:00,1,"Normal Scan","Normal Scan",0,"ON",1,1,1,736.9,5,19.7,97.1,62.7,0.0000000692169,0.0000181665,4.97,8954.6,8.8,736.5,1,"Up Scan","Positive",254,0,4.37,1.6,8,8,0,1,1,22.649,43.485,27.649,9.647,2.378,10584.9,59,20.8,NA,0,0,0,0,0,0,0,0,0,0,0,0,0,0,0,0,0,0,0,0,0,0,0,0,0,0,0,0,0,0,0,17205.728,17014.016,16801.472,15422.464,15916.032,14263.84,12898.496,11783.712,11227.776,10697.824,11047.68,11314.496,10926.848,10441.184,10063.776,9800.768,9091.328,8527.776,8220.576,7392.352,6739.968,6007.616,5626.08,5156.672,4801.856,4587.008,4849.632,4415.168,4304.32,4255.072,3911.232,3791.808,3705.056,3452.544,3325.568,2979.904,2975.712,2873.952,2625.344,2561.152,2404.576,2213.44,1956.288,1815.616,1515.296,1348.192,1123.456,885.76,708.576,604.096,403.744,297.6,179.168,109.056,57.632,44.544,26.048,8.448,6.944,3.584,0,0,0,0,0,0,0,0,0,0,0,0,0,0,0,0,0,0,0,0,0,0,0,0,0,0,0,0,0,0,0,0,0,0,0,4.246,6.983,9.982,13.404,15.944,20.754,22.884,24.833,26.815,29.686,32.405,37.907,43.556,46.886,49.583,52.556,55.98,56.497,57.592,59.952,58.3,57.454,55.72,55.762,55.398,55.208,56.564,62.551,61.111,63.006,65.184,63.905,65.353,66.647,64.953,64.587,60.699,60.153,58.015,53.041,50.369,45.697,41.104,35.252,31.186,25.441,21.399,17.247,13.155,10.437,8.483,5.615,4.041,2.418,1.414,0.733,0.553,0.318,0.101,0.081,0.041,0.048,0,0,0,0
2026-08-27 17:43:00,1,"Normal Scan","Normal Scan",0,"ON",1,1,1,737.4,5,20.4,97.1,62.6,0.0000000694276,0.0000182001,4.97,8954.6,8.8,736.5,1,"Up Scan","Positive",254,0,4.37,1.6,8,8,0,1,1,26.462,52.8,32.255,9.647,2.554,7130.65,59,21,NA,0,0,0,0,0,0,0,0,0,0,0,0,0,0,0,0,0,0,0,0,0,0,0,0,0,0,0,0,0,0,0,10163.968,10071.04,9741.536,9319.776,8463.264,8041.216,8344.384,7818.752,7626.88,6674.592,6449.12,6134.56,6254.336,6009.696,5884.352,5750.592,5591.2,5196.48,4860.288,4760.32,4525.792,4347.008,4207.392,4078.752,3894.88,3937.216,4027.936,3893.376,3855.072,3850.176,3534.272,3337.536,3197.824,3014.624,2949.216,2857.696,2639.232,2495.488,2455.712,2422.624,2269.92,2001.632,1911.168,1683.232,1485.024,1243.008,1177.184,951.328,829.6,595.104,488.064,312.256,227.936,134.24,85.312,54.368,28.736,20.288,1.76,2.592,0,0,0,0,0,0,0,0,0,0,0,0,0,0,0,0,0,0,0,0,0,0,0,0,0,0,0,0,0,0,0,0,0,0,0,2.709,4.157,5.915,7.669,9.642,11.008,12.932,16.065,17.739,20.103,20.195,22.107,23.636,26.84,28.547,30.766,32.953,34.959,35.406,35.957,38.101,39.3,40.835,42.55,44.398,45.644,48.68,52.407,53.815,56.274,59.289,58.095,57.568,57.946,58.507,58.62,57.585,55.208,52.159,50.503,48.263,44.696,38.882,34.913,30.135,25.17,20.392,18.261,14.274,12.104,8.497,6.754,4.217,3.027,1.738,1.084,0.676,0.349,0.241,0.02,0.022,0,0,0,0,0
2026-08-27 17:48:00,1,"Normal Scan","Normal Scan",0,"ON",1,1,1,737.3,5,20.3,97,62.9,0.0000000694691,0.0000181953,4.97,8954.6,8.8,736.5,1,"Up Scan","Positive",254,0,4.37,1.6,8,8,0,1,1,32.112,60.484,37.625,9.647,2.567,5861.8,58,21,NA,0,0,0,0,0,0,0,0,0,0,0,0,0,0,0,0,0,0,0,0,0,0,0,0,0,0,0,0,0,0,0,6970.944,5110.752,5368.16,5382.624,5209.216,5048.384,5426.496,5540.704,5621.664,5865.856,5503.2,5374.112,5686.08,5536.768,5219.552,5155.936,4852.736,4613.824,4181.568,3955.584,3880.544,3767.936,3823.456,3881.632,3824.48,3898.176,3885.792,3809.664,3786.784,3718.528,3446.24,3342.24,2888.704,2813.632,2745.856,2613.664,2591.712,2451.968,2439.232,2340.224,2206.624,2119.904,1888.128,1727.776,1570.72,1375.424,1240,981.184,851.2,633.088,513.728,343.36,245.12,135.712,76.16,50.464,17.952,6.752,10.496,8.96,0,0,0,0,0,0,0,0,0,0,0,0,0,0,0,0,0,0,0,0,0,0,0,0,0,0,0,0,0,0,0,0,0,0,0,1.589,2.788,2.972,4.275,5.554,6.802,8.105,10.476,12.604,14.838,17.76,18.86,20.714,24.374,26.241,27.268,29.474,30.339,31.464,31.167,32.03,34.14,35.795,39.058,42.402,44.7,47.937,50.707,52.207,54.658,56.819,56.308,57.658,54.264,55.044,55.765,55.084,54.696,52.133,51.016,48.287,44.469,40.525,35.023,30.955,26.65,22.356,19.208,14.742,12.306,8.902,7.095,4.737,3.25,1.754,0.968,0.628,0.218,0.08,0.122,0.103,0.015,0,0,0,0
2026-08-27 17:53:00,1,"Normal Scan","Normal Scan",0,"ON",1,1,1,737.2,5,20.1,97.1,62.7,0.0000000693373,0.0000181857,4.97,8954.6,8.8,736.5,1,"Up Scan","Positive",254,0,4.37,1.6,8,8,0,1,1,29.64,58.488,35.418,10.366,2.622,5826.12,58,21,NA,0,0,0,0,0,0,0,0,0,0,0,0,0,0,0,0,0,0,0,0,0,0,0,0,0,0,0,0,0,0,0,7308.48,7824.64,7344.064,7047.904,6236.768,5468.288,5370.016,5382.912,5366.784,5562.368,5154.496,5122.176,5079.648,4944.16,5038.944,4557.504,4626.752,4136.224,3856.96,3694.304,3464.608,3504.416,3583.968,3569.248,3561.6,3484.096,3681.152,3600.384,3529.92,3623.904,3122.176,3025.856,3023.584,2620.672,2587.84,2558.496,2376.256,2412.64,2236.768,2210.784,2066.496,2027.872,1833.248,1670.816,1529.248,1347.296,1239.232,989.216,793.984,665.184,472,349.92,247.104,112.224,82.272,45.76,24.512,23.648,8.736,5.44,0,0,0,0,0,0,0,0,0,0,0,0,0,0,0,0,0,0,0,0,0,0,0,0,0,0,0,0,0,0,0,0,0,0,0,2.376,2.975,4.568,5.867,7.289,8.137,8.778,10.33,12.238,14.173,16.813,17.668,19.725,21.813,23.477,26.272,26.097,28.905,28.282,28.725,29.924,30.529,33.388,36.612,39.067,41.794,43.17,47.934,49.77,51.172,54.904,51.812,52.919,54.943,51.77,52.535,53.689,51.255,51.32,47.753,45.861,42.074,39.565,34.071,29.983,26.095,22.069,19.022,14.818,11.568,9.451,6.603,4.739,3.31,1.452,1.045,0.569,0.298,0.282,0.102,0.062,0.015,0,0,0,0
2026-08-27 17:58:00,1,"Normal Scan","Normal Scan",0,"ON",1,1,1,737,5,19.9,97,62.5,0.0000000693485,0.0000181761,4.97,8954.6,8.8,736.5,1,"Up Scan","Positive",254,0,4.37,1.6,8,8,0,1,1,28.886,58.132,35.535,10.366,2.582,5786.38,58,20.9,NA,0,0,0,0,0,0,0,0,0,0,0,0,0,0,0,0,0,0,0,0,0,0,0,0,0,0,0,0,0,0,0,5814.272,6477.152,6434.432,6352.544,5728.288,6062.848,6280.736,5841.472,5716,6125.664,6009.056,5891.136,5646.08,5420.256,5322.4,4764.8,4241.568,4040.896,3649.376,3572.32,3302.496,3509.984,3497.12,3311.232,3484.672,3644.672,3613.792,3593.504,3546.816,3624.032,3196.608,3014.848,2934.144,2644.96,2466.4,2368.32,2359.264,2221.728,2030.912,2076.192,1949.856,1862.944,1746.4,1668.864,1600.832,1399.776,1180.352,1167.872,773.248,666.816,484.736,343.264,191.648,141.536,70.304,36.064,24.544,17.312,4.832,0,0,0,0,0,0,0,0,0,0,0,0,0,0,0,0,0,0,0,0,0,0,0,0,0,0,0,0,0,0,0,0,0,0,0,0,1.702,2.353,3.819,5.092,6.564,7.47,9.755,12.09,13.292,15.082,18.531,20.582,22.631,24.18,25.66,27.701,27.205,26.571,27.614,27.164,28.984,29.289,33.389,35.81,36.763,40.988,44.894,47.073,49.282,51.484,54.165,52.003,51.852,52.884,51.127,50.405,50.28,50.344,48.896,45.3,44.212,40.92,37.169,32.856,29.913,27.004,22.346,18.307,17.253,11.199,9.422,6.772,4.614,2.546,1.833,0.893,0.449,0.298,0.205,0.057,0,0.016,0,0,0,0
2026-08-27 18:03:00,1,"Normal Scan","Normal Scan",0,"ON",1,1,1,737,5,19.9,97,62.2,0.0000000693485,0.0000181761,4.97,8954.6,8.8,736.5,1,"Up Scan","Positive",254,0,4.37,1.6,8,8,0,1,1,31.795,61.226,37.655,9.647,2.597,5359.3,58,20.9,NA,0,0,0,0,0,0,0,0,0,0,0,0,0,0,0,0,0,0,0,0,0,0,0,0,0,0,0,0,0,0,0,5877.632,5251.36,4794.656,4568.16,4916.224,5265.568,5220.064,5506.592,5747.904,5497.152,5360.224,5097.088,4988.288,4805.376,4514.24,4060.448,4044.224,3622.432,3709.376,3306.368,3491.936,3293.632,3403.52,3396.96,3469.952,3473.152,3578.016,3544.416,3529.536,3353.408,3248.032,3057.76,2747.904,2694.048,2521.376,2395.264,2385.728,2281.024,2229.792,2065.504,1999.232,1957.792,1704.192,1593.536,1472.64,1387.616,1194.048,1026.784,851.2,665.824,471.84,346.24,198.944,122.464,85.664,59.712,17.984,15.168,6.944,5.376,0,0,0,0,0,0,0,0,0,0,0,0,0,0,0,0,0,0,0,0,0,0,0,0,0,0,0,0,0,0,0,0,0,0,0,1.536,2.402,3.061,3.812,4.725,6.418,8.47,10.096,12.539,15.181,16.592,18.346,19.59,21.354,22.797,23.556,23.356,25.325,24.858,27.644,26.969,30.684,31.48,35.023,37.34,40.588,43.244,46.559,48.681,51.044,51.528,52.714,52.702,51.168,51.955,51.03,51.122,50.349,49.044,47.664,43.678,41.248,38.555,32.407,28.74,25.266,22.228,18.381,15.456,12.414,9.41,6.556,4.706,2.659,1.585,1.087,0.743,0.219,0.181,0.081,0.062,0.032,0,0,0,0
2026-08-27 18:08:00,1,"Normal Scan","Normal Scan",0,"ON",1,1,1,737.3,5,20.4,97,62.3,0.0000000694992,0.0000182001,4.97,8954.6,8.8,736.5,1,"Up Scan","Positive",254,0,4.37,1.6,8,8,0,1,1,34.269,62.98,39.097,9.647,2.596,5324.28,57,21,NA,0,0,0,0,0,0,0,0,0,0,0,0,0,0,0,0,0,0,0,0,0,0,0,0,0,0,0,0,0,0,0,5396.288,5165.28,4762.592,4529.824,5123.552,4628.928,4635.616,4932.608,5032.768,4963.424,4978.784,4824.416,4681.472,4522.368,4452.576,4149.504,4069.728,3973.088,3503.424,3600.512,3398.432,3515.456,3546.752,3520.576,3668.64,3660.096,3786.336,3832.096,3788.32,3710.24,3526.656,3105.376,2949.824,2706.88,2438.72,2386.336,2400.32,2245.056,2246.976,2299.264,2032,2052.192,1756.16,1786.72,1559.872,1469.152,1258.272,1016.096,851.552,673.44,457.248,359.552,187.936,111.296,68.64,42.112,16.832,8.448,8.704,1.792,0,0,0,0,0,0,0,0,0,0,0,0,0,0,0,0,0,0,0,0,0,0,0,0,0,0,0,0,0,0,0,0,0,0,0,1.527,2.179,3.001,3.777,4.654,6.682,7.429,8.939,11.245,13.292,14.978,17.079,18.551,20.128,21.469,23.289,23.81,25.55,27.205,26.226,29.296,30.118,33.616,36.545,39.094,42.944,45.613,49.005,52.368,53.969,55.628,56.487,53.426,54.116,53.166,50.685,51.595,51.284,49.409,48.501,47.975,42.09,39.522,33.295,31.192,26.526,23.226,19.216,15.103,12.237,9.488,6.329,4.862,2.477,1.439,0.871,0.524,0.204,0.101,0.102,0.022,0,0,0,0,0
2026-08-27 18:13:00,1,"Normal Scan","Normal Scan",0,"ON",1,1,1,737.2,5,20.2,97,62.3,0.0000000694389,0.0000181905,4.97,8954.6,8.8,736.5,1,"Up Scan","Positive",254,0,4.37,1.6,8,8,0,1,1,27.271,55.428,33.475,9.647,2.604,6392.34,57,21,NA,0,0,0,0,0,0,0,0,0,0,0,0,0,0,0,0,0,0,0,0,0,0,0,0,0,0,0,0,0,0,0,8683.552,8616.192,8646.048,8089.76,7718.912,7862.272,7159.296,6859.744,6388.704,6110.208,5806.048,5436.32,5163.296,5105.504,4973.152,4546.624,4286.208,4264.256,3932.224,3987.104,3729.856,3751.648,3860.704,3704.384,3834.4,4134.624,3889.568,3923.424,3936.704,3706.208,3523.36,3365.184,3018.336,2846.016,2589.44,2311.456,2473.92,2355.552,2201.472,2154.304,2061.536,1918.56,1796,1716.352,1602.464,1433.6,1242.912,1033.44,876.832,640.96,441.728,333.248,230.624,137.184,73.376,38.048,14.688,8.448,5.216,3.616,0,0,0,0,0,0,0,0,0,0,0,0,0,0,0,0,0,0,0,0,0,0,0,0,0,0,0,0,0,0,0,0,0,0,0,2.326,3.523,5.003,6.822,8.322,10.022,12.604,13.772,15.543,16.808,18.43,19.856,20.914,22.169,24.223,26.032,26.085,26.925,29.212,29.366,32.309,33.088,35.687,39.602,40.785,44.886,50.568,50.71,53.657,56.197,55.469,56.421,57.346,54.62,54.558,52.693,49.895,52.573,50.596,47.96,45.786,42.091,38.192,33.836,29.977,27.011,23.124,19.114,15.34,12.706,8.993,6.104,4.51,3.093,1.776,0.929,0.471,0.179,0.101,0.061,0.041,0.029,0,0,0,0
2026-08-27 18:18:00,1,"Normal Scan","Normal Scan",0,"ON",1,1,1,737,5,20,97,62,0.0000000693786,0.0000181809,4.97,8954.6,8.8,736.5,1,"Up Scan","Positive",254,0,4.37,1.6,8,8,0,1,1,27.001,55.52,33.344,9.647,2.608,6255.79,57,21,NA,0,0,0,0,0,0,0,0,0,0,0,0,0,0,0,0,0,0,0,0,0,0,0,0,0,0,0,0,0,0,0,8922.848,8566.752,7808.608,8237.792,7557.248,7209.088,6738.112,6744.672,6363.84,6026.368,5870.72,5849.664,5191.488,5073.888,4980.544,4620.352,4341.824,4095.456,4006.944,3757.6,3652.192,3674.592,3627.136,3872.768,3877.248,3907.456,3839.104,3747.296,3571.84,3505.696,3198.944,2984.128,2676.128,2763.712,2569.28,2380.064,2218.976,2165.472,2266.752,2078.464,1821.824,1926.976,1878.816,1727.52,1623.424,1412.672,1285.632,1107.04,834.656,647.008,516.032,352.224,207.2,141.728,70.368,41.024,29.376,11.744,3.456,5.408,0,0,0,0,0,0,0,0,0,0,0,0,0,0,0,0,0,0,0,0,0,0,0,0,0,0,0,0,0,0,0,0,0,0,0,2.389,3.61,5.032,6.165,8.572,9.827,11.561,12.958,15.274,16.759,18.168,20.089,22.454,22.272,24.056,25.997,26.524,27.235,28.059,29.961,30.602,32.243,34.985,37.17,41.969,44.766,47.557,49.293,50.75,51.845,53.342,51.629,51.174,50.174,53.33,51.386,50.678,49.589,48.504,48.684,44.626,39.603,38.305,34.99,30.906,27.456,22.646,19.798,16.474,12.101,9.203,7.092,4.767,2.786,1.833,0.891,0.51,0.358,0.141,0.041,0.062,0.031,0,0,0,0
2026-08-27 18:23:00,1,"Normal Scan","Normal Scan",0,"ON",1,1,1,737,5,19.9,97,61.8,0.0000000693485,0.0000181761,4.97,8954.6,8.8,736.5,1,"Up Scan","Positive",254,0,4.37,1.6,8,8,0,1,1,29.036,56.498,34.923,9.647,2.547,6317.85,57,20.9,NA,0,0,0,0,0,0,0,0,0,0,0,0,0,0,0,0,0,0,0,0,0,0,0,0,0,0,0,0,0,0,0,8207.84,6127.136,6941.408,6477.312,6299.84,6625.888,6419.264,6489.568,6219.68,6328.384,6434.368,6488.896,6281.824,5854.4,5641.664,5315.904,4994.656,4758.24,4323.904,4202.752,4001.184,4050.88,4130.656,3995.104,4068.064,4052.64,3917.184,4034.816,3921.312,3608.448,3336.64,3252.736,2969.856,2723.744,2588.096,2441.216,2272.992,2165.856,2202.4,2225.792,1925.888,1942.24,1944.064,1850.432,1598.912,1439.744,1319.264,1056.64,788.192,674.336,421.664,334.816,191.456,124.224,83.744,42.56,21.216,6.752,8.704,3.616,0,0,0,0,0,0,0,0,0,0,0,0,0,0,0,0,0,0,0,0,0,0,0,0,0,0,0,0,0,0,0,0,0,0,0,1.662,3.323,3.563,5.516,6.686,8.216,10.62,12.393,14.783,16.413,19.121,22.059,24.979,26.882,27.792,29.439,30.42,31.28,32.552,32.215,34.06,35.205,38.271,42.061,43.51,46.892,49.631,50.83,54.494,55.655,54.883,53.801,54.746,53.941,53.507,52.408,51.684,50.851,49.025,47.68,46.654,40.54,38.231,35.878,32.155,26.855,22.835,20.198,15.833,11.414,9.477,5.855,4.525,2.56,1.608,1.061,0.53,0.258,0.08,0.102,0.041,0.016,0,0,0,0
2026-08-27 18:28:00,1,"Normal Scan","Normal Scan",0,"ON",1,1,1,736.9,5,19.8,97,61.8,0.0000000693183,0.0000181713,4.97,8954.6,8.8,736.5,1,"Up Scan","Positive",254,0,4.37,1.6,8,8,0,1,1,27.501,54.638,33.821,11.971,2.521,6789.47,57,20.9,NA,0,0,0,0,0,0,0,0,0,0,0,0,0,0,0,0,0,0,0,0,0,0,0,0,0,0,0,0,0,0,0,7527.296,7359.968,6897.216,7778.528,7381.856,7681.6,7408.608,7284.384,7517.024,7458.848,7305.376,7245.568,6827.744,6511.584,6160.256,5883.328,5205.44,4868.096,4539.744,4527.328,4351.68,3989.568,4188.736,4164.224,4162.56,4217.408,4096.544,4015.872,3950.496,3996.48,3454.688,3283.104,3121.152,2803.04,2652,2484.256,2318.976,2198.016,2205.216,2082.88,2127.008,2041.088,1876.288,1774.496,1585.056,1538.656,1285.344,1040.448,887.552,679.68,503.968,344.512,185.76,108.832,88.608,52.16,16.288,15.264,5.216,0,0,0,0,0,0,0,0,0,0,0,0,0,0,0,0,0,0,0,0,0,0,0,0,0,0,0,0,0,0,0,0,0,0,0,0,2.076,3.05,4.29,5.468,8.072,9.633,12.321,14.289,16.556,19.848,22.511,25.007,27.84,29.221,30.816,32.122,33.655,32.517,33.275,33.806,36.564,38.138,37.92,42.549,45.315,48.425,51.299,52.939,54.776,56.254,59.598,55.429,55.606,55.913,53.942,53.984,53.268,51.004,49.196,48.173,45.439,43.427,39.773,35.055,31.728,26.893,24.186,19.663,15.575,12.922,9.546,7.016,4.632,2.466,1.409,1.123,0.648,0.199,0.181,0.061,0,0.016,0,0,0,0
2026-08-27 18:33:00,1,"Normal Scan","Normal Scan",0,"ON",1,1,1,737.3,5,20.4,97,61.5,0.0000000694992,0.0000182001,4.97,8954.6,8.8,736.5,1,"Up Scan","Positive",254,0,4.37,1.6,8,8,0,1,1,26.463,52.678,32.574,10.366,2.51,7064.67,57,21,NA,0,0,0,0,0,0,0,0,0,0,0,0,0,0,0,0,0,0,0,0,0,0,0,0,0,0,0,0,0,0,0,8741.824,8931.904,8469.728,8106.4,7983.616,7832.576,7992.928,7605.568,7633.984,7831.84,7423.584,7457.024,7063.2,6596.704,6642.048,5975.008,5651.68,5055.584,4670.528,4572.064,4370.528,4323.072,4179.744,4218.528,4114.688,4051.552,4199.52,4197.44,3907.04,3816.768,3714.944,3237.92,3129.12,2909.824,2716.928,2414.848,2278.88,2253.92,2072.704,2058.464,1893.12,2001.056,1857.504,1764.416,1614.336,1481.184,1329.152,1027.136,806.912,591.52,490.816,310.176,213.184,122.56,73.184,47.392,29.408,5.056,3.488,3.616,0,0,0,0,0,0,0,0,0,0,0,0,0,0,0,0,0,0,0,0,0,0,0,0,0,0,0,0,0,0,0,0,0,0,0,2.523,3.547,5.219,6.738,8.384,10.378,12.579,15.384,17.294,20.144,23.665,25.416,28.639,30.253,31.231,34.577,34.144,35.291,34.491,34.74,36.78,38.209,40.778,42.65,45.743,47.748,50.134,53.892,56.826,55.953,57.481,58.201,54.866,55.858,54.98,53.565,51.87,50.335,49.341,46.353,44.658,40.039,38.769,34.174,31.02,27.071,23.615,20.283,15.287,11.758,8.368,6.731,4.22,2.815,1.584,0.929,0.588,0.358,0.06,0.041,0.045,0,0,0,0,0
2026-08-27 18:38:00,1,"Normal Scan","Normal Scan",0,"ON",1,1,1,737.3,5,20.2,97.1,62,0.0000000693674,0.0000181905,4.97,8954.6,8.8,736.5,1,"Up Scan","Positive",254,0,4.37,1.6,8,8,0,1,1,30.929,55.055,35.691,22.876,2.429,5973.62,57,21,NA,0,0,0,0,0,0,0,0,0,0,0,0,0,0,0,0,0,0,0,0,0,0,0,0,0,0,0,0,0,0,0,5566.624,5531.264,5398.56,5187.072,5092.704,5258.72,5690.112,5963.904,5674.336,5915.936,6242.848,6127.84,6389.792,6036.352,6044.864,5723.744,5532.416,5227.968,4990.784,4635.744,4467.936,4487.168,4289.856,4391.904,4213.952,4201.92,4106.016,3980.768,3802.336,3626.688,3365.696,2986.08,2721.888,2544.672,2414.816,2162.368,2157.568,2004.512,1988.192,1908.544,1827.52,1780.704,1643.808,1525.344,1346.432,1148.352,986.208,792.16,655.296,484.544,304.512,236.8,147.488,97.472,70.24,20.512,9.792,10.144,13.92,0,0,0,0,0,0,0,0,0,0,0,0,0,0,0,0,0,0,0,0,0,0,0,0,0,0,0,0,0,0,0,0,0,0,0,0,1.494,2.24,3.221,4.287,5.408,6.623,8.458,10.998,13.579,14.982,17.943,21.443,23.625,27.42,28.681,31.578,32.816,34.631,35.683,37.031,37.408,39.01,42.122,43.376,47.108,48.463,50.691,52.166,53.38,53.505,54.007,53.013,50.305,49.336,48.673,48.198,45.741,45.749,43.136,41.876,39.024,35.987,33.568,29.4,26.156,22.087,18.17,15.203,11.864,9.421,6.811,4.297,3.221,1.995,1.26,0.891,0.255,0.119,0.121,0.163,0,0.043,0,0,0,0
2026-08-27 18:43:00,1,"Normal Scan","Normal Scan",0,"ON",1,1,1,737,5,19.8,97.1,61.7,0.000000069247,0.0000181713,4.97,8954.6,8.8,736.5,1,"Up Scan","Positive",254,0,4.37,1.6,8,8,0,1,1,28.231,49.069,32.847,22.876,2.336,5185.52,57,20.9,NA,0,0,0,0,0,0,0,0,0,0,0,0,0,0,0,0,0,0,0,0,0,0,0,0,0,0,0,0,0,0,0,5098.304,5588.256,5482.336,5111.904,4895.616,4568.256,4602.048,4712.448,5284.288,5971.2,5707.84,5817.984,6129.184,5881.12,5895.264,5482.144,5231.328,4745.664,4223.232,4084.704,3888.224,3699.808,3485.024,3735.808,3352.416,3442.144,3166.784,3139.456,2922.72,2624.128,2535.584,2191.68,2103.712,1955.776,1920.576,1822.176,1810.464,1845.824,1756.768,1717.76,1580.192,1354.624,1190.528,1020.64,839.04,610.848,535.2,379.52,291.936,190.08,105.088,86.304,60.128,17.76,13.728,15.744,9.824,1.696,1.728,1.824,0,0,0,0,0,0,0,0,0,0,0,0,0,0,0,0,0,0,0,0,0,0,0,0,0,0,0,0,0,0,0,0,0,0,0,1.567,2.054,3.251,4.388,5.251,6.38,7.346,8.906,10.745,13.975,18.105,19.606,22.434,26.292,27.85,30.734,31.322,32.579,32.214,31.351,32.711,33.68,34.572,35.083,39.557,38.064,41.158,40.12,41.874,41.676,40.179,40.798,38.941,38.648,38.315,38.444,36.331,35.65,35.349,32.741,30.682,27.623,23.212,19.6,16.251,13.178,9.47,7.892,5.571,4.239,2.683,1.465,1.161,0.81,0.229,0.174,0.196,0.119,0.02,0.02,0.021,0,0,0,0,0
2026-08-27 18:48:00,1,"Normal Scan","Normal Scan",0,"ON",1,1,1,737.3,5,20.3,97,60.8,0.0000000694691,0.0000181953,4.97,8954.6,8.8,736.5,1,"Up Scan","Positive",254,0,4.37,1.6,8,8,0,1,1,28.86,50.935,33.781,24.582,2.365,4359.94,55,21,NA,0,0,0,0,0,0,0,0,0,0,0,0,0,0,0,0,0,0,0,0,0,0,0,0,0,0,0,0,0,0,0,4814.528,4086.496,3900.992,3991.84,4013.632,3853.28,4015.008,3945.728,4705.76,4683.712,4676.928,4907.744,5022.24,5120.704,4705.888,4647.296,4168.256,3909.888,3646.592,3201.28,3316.768,3010.304,3108.448,2892.96,2974.336,2881.344,2606.4,2618.336,2643.84,2365.504,2148.064,2045.984,1904.672,1693.664,1767.968,1665.664,1640.96,1580.096,1480.576,1443.488,1360.256,1263.68,1085.824,952.832,751.936,655.424,507.488,344.928,231.392,200.352,122.048,89.376,32.128,41.248,25.952,22.208,8.16,1.696,8.736,5.44,0,0,0,0,0,0,0,0,0,0,0,0,0,0,0,0,0,0,0,0,0,0,0,0,0,0,0,0,0,0,0,0,0,0,0,1.453,1.954,2.402,3.081,4.131,5.223,6.198,7.746,8.998,12.434,14.162,16.076,18.926,21.504,24.266,24.538,26.525,25.982,26.613,26.909,25.813,28.764,28.117,31.126,31.258,33.734,34.618,33.589,35.357,37.665,35.846,35.271,35.553,34.628,33.008,34.776,33.563,32.564,30.787,28.311,26.665,24.159,21.391,18.136,15.435,11.987,9.91,7.725,5.166,3.467,2.813,1.742,1.255,0.457,0.535,0.329,0.275,0.099,0.02,0.102,0.062,0.015,0,0,0,0
2026-08-27 18:53:00,1,"Normal Scan","Normal Scan",0,"ON",1,1,1,737.3,5,20.3,97,60.6,0.0000000694691,0.0000181953,4.97,8954.6,8.8,736.5,1,"Up Scan","Positive",254,0,4.37,1.6,8,8,0,1,1,27.774,47.592,32.897,22.876,2.224,5430.62,54,21,NA,0,0,0,0,0,0,0,0,0,0,0,0,0,0,0,0,0,0,0,0,0,0,0,0,0,0,0,0,0,0,0,3597.024,3787.872,3818.944,3930.784,3838.976,3966.816,4813.472,6614.816,6924.384,7027.648,7350.112,7445.92,7820.608,7627.296,7076.384,6859.84,6239.52,5471.104,4961.216,4342.368,4016.544,3925.984,3713.824,3579.52,3457.76,3249.312,3193.6,2980.992,2776.768,2665.024,2337.28,2141.312,2028.576,1865.696,1755.136,1749.792,1667.072,1771.616,1671.552,1667.584,1468.032,1304.864,1218.72,1043.872,807.84,637.344,491.904,334.496,252.096,174.4,110.08,61.216,59.456,26.432,19.84,14.272,16.288,3.424,1.76,3.616,0,0,0,0,0,0,0,0,0,0,0,0,0,0,0,0,0,0,0,0,0,0,0,0,0,0,0,0,0,0,0,0,0,0,0,1.432,1.457,2.215,3.037,4.061,5.024,6.399,9.339,15.088,18.335,21.281,25.225,28.691,33.484,36.065,36.769,38.978,38.67,36.969,36.419,34.616,34.702,36.322,36.881,37.982,38.962,38.905,40.22,39.935,39.172,40.178,38.184,37.26,37.558,36.75,35.348,35.047,33.765,33.929,31.345,29.881,25.503,22.2,19.847,16.551,12.546,9.893,7.357,4.948,3.803,2.48,1.532,0.855,0.887,0.341,0.252,0.177,0.199,0.04,0.02,0.041,0.073,0,0,0,0
2026-08-27 18:58:00,1,"Normal Scan","Normal Scan",0,"ON",1,1,1,737,5,19.8,97.1,59.9,0.000000069247,0.0000181713,4.97,8954.6,8.8,736.5,1,"Up Scan","Positive",254,0,4.37,1.6,8,8,0,1,1,29.934,51.65,34.452,24.582,2.36,4227.04,54,20.9,NA,0,0,0,0,0,0,0,0,0,0,0,0,0,0,0,0,0,0,0,0,0,0,0,0,0,0,0,0,0,0,0,5027.296,4208.544,3918.88,3688.672,3188.8,3104.384,3266.048,3735.776,3698.304,4090.592,4405.696,4576.416,4815.616,5094.56,5039.808,4779.392,4477.856,4169.376,3738.432,3526.016,3224.352,3030.336,2947.776,3036.512,2914.944,2807.424,2689.088,2717.216,2433.632,2340.352,2156.384,1975.584,1748.864,1718.432,1649.088,1592.256,1627.424,1524.672,1515.296,1402.88,1337.376,1269.888,1078.656,904.512,796.992,683.424,496.96,357.984,227.968,179.296,122.336,72.672,43.008,32.48,24.416,12.704,9.792,8.416,3.488,0,0,0,0,0,0,0,0,0,0,0,0,0,0,0,0,0,0,0,0,0,0,0,0,0,0,0,0,0,0,0,0,0,0,0,0,1.359,2.054,2.477,3.082,3.801,4.163,4.979,6.307,8.545,9.835,12.437,15.165,17.685,20.715,24.156,26.257,27.28,27.861,28.26,27.611,28.237,27.967,28.354,29.69,32.399,33.127,33.815,34.173,36.295,34.966,35.466,35.171,34.33,32.867,33.104,32.929,32.582,32.298,29.887,29.017,26.166,23.816,21.482,17.804,14.723,12.457,10.42,7.533,5.249,3.364,2.591,1.714,0.983,0.584,0.42,0.31,0.157,0.119,0.101,0.041,0,0.016,0,0,0,0
2026-08-27 19:03:00,1,"Normal Scan","Normal Scan",0,"ON",1,1,1,737.3,5,20.2,97.1,58.9,0.0000000693674,0.0000181905,4.97,8954.6,8.8,736.5,1,"Up Scan","Positive",254,0,4.37,1.6,8,8,0,1,1,31.621,51.572,35.534,26.416,2.284,4389.43,54,21,NA,0,0,0,0,0,0,0,0,0,0,0,0,0,0,0,0,0,0,0,0,0,0,0,0,0,0,0,0,0,0,0,4649.44,3727.072,3029.792,3099.424,2904.672,2978.528,2818.432,3294.144,3743.52,4185.408,4707.424,5006.336,4992.384,5317.856,5417.568,5319.808,5090.528,4848.192,4484.32,4035.392,3921.248,3709.856,3477.536,3451.488,3336.8,3245.056,2952.096,2829.664,2672.864,2427.136,2180.48,2081.888,1936.352,1728.736,1742.912,1701.152,1659.552,1524.032,1536.992,1355.968,1358.24,1230.176,1061.28,874.496,762.464,665.696,417.696,325.664,207.616,171.584,92.864,78.912,23.264,30.368,14.528,9.472,8.16,0,1.728,5.376,0,0,0,0,0,0,0,0,0,0,0,0,0,0,0,0,0,0,0,0,0,0,0,0,0,0,0,0,0,0,0,0,0,0,0,1.287,1.842,2.18,2.431,3.193,3.798,4.828,5.47,7.531,9.947,12.748,16.236,19.342,21.512,25.289,28.292,30.42,31.724,32.834,33.057,32.318,33.833,34.368,34.586,36.556,37.443,38.583,37.392,37.832,37.752,36.902,35.693,35.763,35.383,32.986,34.188,33.805,32.271,29.485,28.933,25.146,23.533,20.55,17.459,14.002,11.982,9.943,6.299,4.813,3.05,2.409,1.284,1.107,0.358,0.392,0.183,0.118,0.099,0,0.02,0.062,0.043,0,0,0,0
2026-08-27 19:08:00,1,"Normal Scan","Normal Scan",0,"ON",1,1,1,737.2,5,20.1,97.1,59.3,0.0000000693373,0.0000181857,4.97,8954.6,8.8,736.5,1,"Up Scan","Positive",254,0,4.37,1.6,8,8,0,1,1,31.264,52.201,35.563,26.416,2.309,4361.87,54,21,NA,0,0,0,0,0,0,0,0,0,0,0,0,0,0,0,0,0,0,0,0,0,0,0,0,0,0,0,0,0,0,0,4389.952,3904.736,2962.912,3303.616,2792.992,3177.312,3276.64,3276.704,3971.584,3866.944,4531.168,4984.896,4813.888,5381.696,5647.264,5303.168,5080.352,4711.424,4277.344,4091.904,3810.368,3506.72,3259.968,3125.504,3049.184,3034.272,2900.544,2813.344,2653.12,2373.632,2168.832,1937.664,1883.424,1794.24,1782.944,1717.824,1665.664,1658.08,1565.792,1473.504,1360.992,1258.624,1117.056,909.44,803.808,645.024,446.144,361.152,227.104,197.536,114.912,86.752,45.376,27.968,27.456,11.008,9.824,3.392,5.216,0,0,0,0,0,0,0,0,0,0,0,0,0,0,0,0,0,0,0,0,0,0,0,0,0,0,0,0,0,0,0,0,0,0,0,0,1.11,1.768,2.265,2.352,3.399,3.662,5.102,6.345,7.501,10.542,11.794,15.615,19.27,20.768,25.56,29.487,30.349,31.607,31.844,31.415,32.55,32.8,32.563,32.609,33.48,34.618,36.084,36.683,37.772,37.728,36.335,35.621,34.298,35.143,34.622,34.939,34.145,32.89,31.727,29.828,26.803,24.053,21.374,18.501,14.721,12.64,9.864,6.75,5.365,3.29,2.822,1.625,1.171,0.618,0.363,0.349,0.137,0.119,0.04,0.061,0,0.015,0,0,0,0
2026-08-27 19:13:00,1,"Normal Scan","Normal Scan",0,"ON",1,1,1,737.3,5,20.2,97.1,58.5,0.0000000693674,0.0000181905,4.97,8954.6,8.8,736.5,1,"Up Scan","Positive",254,0,4.37,1.6,8,8,0,1,1,31.265,50.783,35.091,28.387,2.271,4870.6,54,21,NA,0,0,0,0,0,0,0,0,0,0,0,0,0,0,0,0,0,0,0,0,0,0,0,0,0,0,0,0,0,0,0,4444.896,3461.92,3793.632,3704.16,3697.024,3935.424,4189.792,3812.32,3992.736,4705.856,4712.288,5397.216,5559.36,5959.872,5856.128,6014.528,5669.376,5410.688,4857.76,4613.984,4299.808,4039.04,4080.864,3766.464,3668.416,3422.048,3328.928,3162.688,2806.304,2709.248,2428.992,2243.04,2050.624,2053.312,1978.24,1768.928,1799.04,1652.352,1602.88,1504.544,1377.696,1289.696,1137.504,931.648,739.392,647.328,500.672,345.824,260.8,177.28,105.28,77.728,34.784,36.832,12.16,11.04,3.264,6.752,1.728,7.2,0,0,0,0,0,0,0,0,0,0,0,0,0,0,0,0,0,0,0,0,0,0,0,0,0,0,0,0,0,0,0,0,0,0,0,1.372,1.817,1.993,3.029,3.828,4.822,6.324,8.098,8.692,10.591,14.283,16.264,20.879,23.959,28.314,30.615,34.357,35.365,36.749,35.809,36.846,37.04,37.501,40.332,39.816,41.282,40.784,41.914,42.157,40.323,41.101,39.092,38.389,37.602,38.255,37.566,35.135,35.152,31.56,29.97,27.595,24.296,21.701,18.913,14.934,11.617,9.815,7.56,5.078,3.784,2.517,1.479,1.113,0.527,0.477,0.155,0.137,0.04,0.08,0.02,0.082,0.058,0,0,0,0
2026-08-27 19:18:00,1,"Normal Scan","Normal Scan",0,"ON",1,1,1,737.4,5,20.4,97.1,58.8,0.0000000694276,0.0000182001,4.97,8954.6,8.8,736.5,1,"Up Scan","Positive",254,0,4.37,1.6,8,8,0,1,1,30.257,49.426,33.849,26.416,2.291,4791.32,54,21.1,NA,0,0,0,0,0,0,0,0,0,0,0,0,0,0,0,0,0,0,0,0,0,0,0,0,0,0,0,0,0,0,0,5361.376,4082.848,4565.344,4779.264,4270.912,3614.208,3681.888,3574.432,3612.928,4275.584,4698.784,5222.976,5497.76,5601.536,6027.36,5721.248,5616.128,5263.936,4677.856,4236.288,4110.336,3679.264,3860.128,3591.264,3596.672,3268.16,3121.504,3045.376,2828.8,2545.152,2314.048,2073.376,2011.2,1874.368,1873.856,1663.68,1697.216,1609.248,1539.392,1423.232,1313.76,1208.544,1012.608,905.536,696.832,588.608,425.728,375.104,222.784,154.688,106.624,73.952,46.112,25.088,24.448,7.84,9.792,8.448,6.944,0,0,0,0,0,0,0,0,0,0,0,0,0,0,0,0,0,0,0,0,0,0,0,0,0,0,0,0,0,0,0,0,0,0,0,0,1.463,2.215,2.404,3.621,4.943,5.564,5.797,7.075,8.139,9.6,13.008,16.218,20.216,23.678,26.647,31.43,32.7,34.905,35.703,34.489,33.914,35.364,34.297,38.321,37.992,40.28,38.905,39.41,40.588,40.1,38.409,37.484,35.81,36.361,35.177,35.829,32.944,32.613,30.887,28.5,25.688,23.166,20.621,16.685,14.62,10.937,9.066,6.428,5.576,3.23,2.227,1.562,0.992,0.659,0.325,0.31,0.098,0.119,0.101,0.081,0,0.041,0,0,0,0
2026-08-27 19:23:00,1,"Normal Scan","Normal Scan",0,"ON",1,1,1,737,5,19.9,97.1,58.6,0.0000000692771,0.0000181761,4.97,8954.6,8.8,736.5,1,"Up Scan","Positive",254,0,4.37,1.6,8,8,0,1,1,31.007,50.237,34.695,28.387,2.269,4917.47,54,21,NA,0,0,0,0,0,0,0,0,0,0,0,0,0,0,0,0,0,0,0,0,0,0,0,0,0,0,0,0,0,0,0,5723.04,4157.856,4141.312,3208.704,3326.24,3289.92,3233.632,3682.688,4099.584,4504.608,4857.76,5441.344,6065.792,6312.48,6001.28,6323.04,6066.176,5781.216,5381.312,4716.96,4175.84,4170.688,3908.736,3707.584,3649.12,3408.864,3217.6,2948.032,2843.776,2586.336,2311.36,2192.128,2106.176,1965.6,1890.272,1841.696,1804.416,1622.848,1451.776,1541.024,1366.816,1260.736,1070.24,958.368,889.76,617.12,461.888,358.496,228.928,167.84,98.816,87.392,53.888,32.448,19.776,12.672,11.456,1.664,0,1.792,0,0,0,0,0,0,0,0,0,0,0,0,0,0,0,0,0,0,0,0,0,0,0,0,0,0,0,0,0,0,0,0,0,0,0,1.599,2.29,2.404,3.297,3.3,4.335,5.304,6.247,8.423,10.897,13.699,16.77,21.077,26.14,30.045,31.403,36.071,37.744,39.05,39.422,37.566,36.024,38.473,38.6,39.286,40.809,40.484,40.648,39.916,40.372,39.344,38.053,37.719,37.503,37.071,36.59,35.954,34.714,31.579,28.334,27.781,24.204,21.458,17.683,15.13,13.93,9.523,6.955,5.267,3.364,2.398,1.352,1.191,0.711,0.42,0.252,0.157,0.139,0.02,0,0.021,0,0,0,0,0
2026-08-27 19:28:00,1,"Normal Scan","Normal Scan",0,"ON",1,1,1,737.4,5,20.4,97.1,58,0.0000000694276,0.0000182001,4.97,8954.6,8.8,736.5,1,"Up Scan","Positive",254,0,4.37,1.6,8,8,0,1,1,29.66,48.791,33.193,9.647,2.303,5454.72,54,21.1,NA,0,0,0,0,0,0,0,0,0,0,0,0,0,0,0,0,0,0,0,0,0,0,0,0,0,0,0,0,0,0,0,6428.512,5760.736,5294.08,5250.4,4657.536,4325.984,4602.464,4368.448,4631.68,4862.56,5333.088,5888.128,6185.76,6273.92,6423.488,6371.52,6336.704,5864.256,5321.088,4974.336,4585.664,4278.112,4060.064,4003.36,3875.616,3637.216,3414.24,3147.904,2984.672,2899.36,2593.472,2375.136,2311.712,2117.856,2047.52,1901.152,1839.36,1814.72,1633.888,1612,1511.552,1372.832,1131.264,1035.84,846.752,684.48,532.416,377.248,256.224,202.56,103.488,97.184,41.696,26.4,13.76,7.872,9.76,6.208,4.096,1.792,0,0,0,0,0,0,0,0,0,0,0,0,0,0,0,0,0,0,0,0,0,0,0,0,0,0,0,0,0,0,0,0,0,0,0,1.932,2.589,3.349,4.178,5.418,6.068,6.962,8.883,9.971,12.292,14.775,18.371,22.786,26.633,29.818,33.549,36.411,39.403,39.661,39.156,39.64,39.44,39.603,40.182,42.424,43.607,43.392,43.3,42.592,42.56,43.795,41.73,40.882,41.313,39.685,39.695,37.563,35.742,34.929,31.174,29.328,26.616,23.219,18.84,16.434,13.352,10.425,7.877,5.544,3.741,2.874,1.444,1.354,0.601,0.344,0.174,0.098,0.119,0.074,0.047,0.022,0.041,0,0,0,0
2026-08-27 19:33:00,1,"Normal Scan","Normal Scan",0,"ON",1,1,1,737.2,5,20.2,97,58.4,0.0000000694389,0.0000181905,4.97,8954.6,8.8,736.5,1,"Up Scan","Positive",254,0,4.37,1.6,8,8,0,1,1,24.176,41.468,27.84,9.647,2.28,7257.58,53,21,NA,0,0,0,0,0,0,0,0,0,0,0,0,0,0,0,0,0,0,0,0,0,0,0,0,0,0,0,0,0,0,0,12620,11406.016,9960.704,10074.016,9416.896,8379.136,7442.624,6849.248,6884,6922.464,7917.152,8113.216,8172.352,7784.48,7814.336,7790.272,7245.024,6661.44,6273.12,5479.264,5034.624,4713.504,4449.44,4258.88,4067.36,3750.848,3631.456,3469.408,3331.584,2992.896,2946.336,2500.192,2388.224,2161.248,2106.656,2017.408,1820.128,1719.904,1730.88,1610.944,1461.088,1352.128,1206.368,982.976,919.968,693.6,529.408,401.792,284.544,190.336,124.48,81.76,37.28,19.2,13.76,12.672,9.856,8.416,1.728,3.648,0,0,0,0,0,0,0,0,0,0,0,0,0,0,0,0,0,0,0,0,0,0,0,0,0,0,0,0,0,0,0,0,0,0,0,3.757,5.104,6.624,7.918,10.389,12.21,13.428,14.358,15.594,18.219,20.976,27.214,31.299,35.07,36.952,40.708,44.394,44.991,45.005,45.874,43.537,43.12,43.566,44.058,45.181,45.793,45.139,45.85,46.397,46.992,44.999,46.319,42.406,42.192,40.697,40.386,39.244,35.887,33.503,32.904,29.384,25.997,23.114,19.837,15.821,14.33,10.521,7.82,5.88,4.119,2.75,1.753,1.098,0.542,0.248,0.174,0.157,0.119,0.101,0.02,0.041,0.015,0,0,0,0
2026-08-27 19:38:00,1,"Normal Scan","Normal Scan",0,"ON",1,1,1,737.1,5,20,97.1,57.9,0.0000000693072,0.0000181809,4.97,8954.6,8.8,736.5,1,"Up Scan","Positive",254,0,4.37,1.6,8,8,0,1,1,30.232,48.857,33.669,28.387,2.267,5611.84,54,21,NA,0,0,0,0,0,0,0,0,0,0,0,0,0,0,0,0,0,0,0,0,0,0,0,0,0,0,0,0,0,0,0,6331.104,5514.208,4909.888,4437.312,4374.464,4153.76,4522.208,4378.464,4718.848,4901.952,5460.288,6062.496,6460.096,6951.744,7031.392,7146.752,6805.76,6345.312,6105.12,5357.6,4720.192,4474.208,4313.184,4156.768,3988.352,3979.52,3755.872,3641.184,3347.776,2951.744,2664.512,2515.392,2227.424,1970.336,1852.608,1878.976,1856.416,1732.64,1719.872,1555.488,1493.472,1303.04,1158.144,1016.64,827.936,693.664,528.32,424.736,263.424,227.296,144.192,73.792,59.136,34.72,19.808,15.84,11.456,3.36,5.216,3.616,0,0,0,0,0,0,0,0,0,0,0,0,0,0,0,0,0,0,0,0,0,0,0,0,0,0,0,0,0,0,0,0,0,0,0,1.694,2.527,3.247,3.9,4.565,5.704,6.682,8.727,10.008,12.541,14.953,18.88,23.452,27.848,33.111,36.74,40.777,42.274,42.922,44.718,42.61,40.841,41.566,43.056,44.163,44.899,47.074,47.05,47.743,46.532,43.836,42.8,42.543,40.295,37.467,36.798,37.083,36.264,33.777,32.204,28.857,26.647,22.394,19.499,16.515,12.978,10.683,7.95,6.232,3.875,3.241,2.009,1.039,0.78,0.45,0.252,0.196,0.139,0.04,0.061,0.041,0,0,0,0,0
2026-08-27 19:43:00,1,"Normal Scan","Normal Scan",0,"ON",1,1,1,737.4,5,20.4,97.1,58.1,0.0000000694276,0.0000182001,4.97,8954.6,8.8,736.5,1,"Up Scan","Positive",254,0,4.37,1.6,8,8,0,1,1,29.341,47.03,32.588,28.387,2.242,6000.71,54,21.1,NA,0,0,0,0,0,0,0,0,0,0,0,0,0,0,0,0,0,0,0,0,0,0,0,0,0,0,0,0,0,0,0,6214.272,6104.096,5527.872,5193.152,5311.776,5246.72,4970.56,4976.864,5145.888,5655.872,5970.048,6583.552,6957.728,7284.128,7543.84,7723.104,7331.392,6940.064,6293.056,5899.936,5417.536,5076.544,4527.36,4423.424,4111.104,3924.576,3603.264,3422.24,3204.896,3040.064,2614.528,2427.776,2268.224,2149.248,2061.408,1958.848,1832.8,1734.624,1748.096,1493.536,1409.472,1269.824,1169.76,1047.68,811.904,690.464,505.92,384.992,282.496,203.616,116.256,75.264,50.56,38.368,18.336,19.008,4.864,1.696,5.216,3.04,0,0,0,0,0,0,0,0,0,0,0,0,0,0,0,0,0,0,0,0,0,0,0,0,0,0,0,0,0,0,0,0,0,0,0,1.816,2.527,3.57,4.382,5.387,6.937,8.457,9.565,11.377,13.625,17.22,20.597,25.463,29.963,34.65,39.43,44.102,45.638,46.829,46.107,46.689,46.268,46.538,44.759,46.536,46.144,46.447,45.285,45.776,45.217,45.587,41.928,41.223,40.997,39.766,39.142,37.86,35.982,33.721,32.607,27.843,24.839,21.956,19.484,16.788,12.706,10.553,7.654,5.687,4.161,2.84,1.648,1.034,0.734,0.496,0.232,0.235,0.06,0.02,0.061,0.033,0.048,0,0,0,0
2026-08-27 19:48:00,1,"Normal Scan","Normal Scan",0,"ON",1,1,1,737,5,19.9,97.1,58.2,0.0000000692771,0.0000181761,4.97,8954.6,8.8,736.5,1,"Up Scan","Positive",254,0,4.37,1.6,8,8,0,1,1,30.13,47.362,32.95,26.416,2.24,6020.28,54,21,NA,0,0,0,0,0,0,0,0,0,0,0,0,0,0,0,0,0,0,0,0,0,0,0,0,0,0,0,0,0,0,0,6406.24,5948.928,5912.8,5480.832,5192.096,4696.864,4690.176,4799.776,4858.336,5147.712,5500.32,6208,6414.272,7322.144,7705.248,7665.472,7628.736,7313.28,7003.584,6229.216,5739.968,5024.128,4778.56,4418.144,4253.056,4085.184,3724.896,3369.216,3327.584,2991.68,2745.984,2561.632,2324.608,2159.168,2040.544,1920.192,1834.432,1859.04,1722.176,1533.6,1466.08,1284.352,1168.576,1020.256,847.104,668.032,474.112,377.824,316.992,153.728,130.24,66.304,50.272,39.84,25.888,7.936,1.664,5.088,3.456,3.616,0,0,0,0,0,0,0,0,0,0,0,0,0,0,0,0,0,0,0,0,0,0,0,0,0,0,0,0,0,0,0,0,0,0,0,1.889,2.614,3.469,4.7,5.644,6.807,7.564,9.071,10.944,12.901,15.716,19.042,24.095,27.758,34.953,40.32,43.847,47.409,49.374,51.094,49.259,48.978,46.17,46.893,46.728,47.616,48.319,47.016,45.099,46.837,44.937,43.524,43.572,41.465,40.131,39.282,37.426,35.822,35.482,32.288,28.08,25.778,22.174,19.338,16.403,13.098,10.205,7.25,5.572,4.54,2.165,1.845,0.909,0.697,0.516,0.329,0.098,0.02,0.06,0.041,0.041,0.015,0,0,0,0
2026-08-27 19:53:00,1,"Normal Scan","Normal Scan",0,"ON",1,1,1,737.2,5,20.1,97.1,57.6,0.0000000693373,0.0000181857,4.97,8954.6,8.8,736.5,1,"Up Scan","Positive",254,0,4.37,1.6,8,8,0,1,1,31.214,48.288,33.98,28.387,2.217,6120.06,54,21,NA,0,0,0,0,0,0,0,0,0,0,0,0,0,0,0,0,0,0,0,0,0,0,0,0,0,0,0,0,0,0,0,5614.944,5230.944,5334.848,5074.016,4847.648,4660.544,4691.36,4566.88,4807.072,5107.04,5709.984,6178.592,7015.552,7298.272,7471.104,7945.312,7914.24,7481.248,7020.224,6497.376,6152.832,5701.6,5297.024,4965.152,4870.272,4494.816,4167.808,3830.272,3410.976,3233.984,2819.584,2427.744,2351.552,2167.296,2050.816,1880.288,2017.472,1789.344,1631.648,1704.992,1506.88,1439.296,1186.304,1039.2,845.6,691.296,494.08,396.448,245.984,197.728,148.288,82.336,48.768,32.48,18.272,12.672,9.824,5.024,5.184,3.552,0,0,0,0,0,0,0,0,0,0,0,0,0,0,0,0,0,0,0,0,0,0,0,0,0,0,0,0,0,0,0,0,0,0,0,2.023,2.278,3.023,4.224,5.219,6.32,7.498,9.083,10.434,12.762,15.565,19.722,23.998,30.322,34.835,39.188,45.545,49.323,50.638,51.508,51.627,52.612,52.367,52.049,51.968,54.083,52.669,51.469,50.703,47.617,47.662,45.225,41.609,42.034,40.964,39.723,37.708,38.567,34.718,31.032,30.944,26.493,24.019,19.608,16.871,13.27,10.584,7.48,5.805,3.603,2.846,2.076,1.138,0.678,0.42,0.232,0.157,0.119,0.06,0.061,0.041,0.029,0,0,0,0
2026-08-27 19:58:00,1,"Normal Scan","Normal Scan",0,"ON",1,1,1,737.3,5,20.2,97.1,58.2,0.0000000693674,0.0000181905,4.97,8954.6,8.8,736.5,1,"Up Scan","Positive",254,0,4.37,1.6,8,8,0,1,1,31.635,48.506,34.071,30.505,2.23,6221.91,53,21,NA,0,0,0,0,0,0,0,0,0,0,0,0,0,0,0,0,0,0,0,0,0,0,0,0,0,0,0,0,0,0,0,5945.088,5757.056,5728.224,5193.76,5475.36,4626.592,4634.496,4524.448,5059.2,4967.296,5470.88,6180.896,6169.28,6837.184,7227.136,7749.12,8034.656,7484.64,7320.48,7042.912,6198.944,5815.84,5294.656,5297.952,4703.488,4508.608,4377.504,3834.912,3648.864,3416.736,3003.52,2905.952,2513.92,2350.624,2183.936,2119.424,2027.712,1797.056,1694.144,1602.112,1446.048,1292.416,1280.832,1026.944,885.984,708.224,524.672,399.488,278.976,184.224,130.048,84.096,48.064,36.192,22.816,12.608,8.16,5.024,0,1.792,0,0,0,0,0,0,0,0,0,0,0,0,0,0,0,0,0,0,0,0,0,0,0,0,0,0,0,0,0,0,0,0,0,0,0,2.035,2.427,3.338,4.562,5.376,7.136,7.415,8.931,10.353,13.426,15.138,18.937,23.979,26.728,32.714,38.031,44.436,50.089,50.708,53.721,55.661,52.987,53.551,52.075,55.4,52.733,53.428,54.756,50.907,51.242,50.45,47.932,47.842,43.971,43.264,41.072,40.461,39.288,34.821,32.301,29.394,25.58,22.389,20.998,16.499,13.862,10.843,7.904,5.865,4.061,2.64,1.776,1.144,0.667,0.469,0.29,0.157,0.099,0.06,0,0.021,0.029,0,0,0,0
2026-08-27 20:03:00,1,"Normal Scan","Normal Scan",0,"ON",1,1,1,736.9,5,19.7,97.1,57.9,0.0000000692169,0.0000181665,4.97,8954.6,8.8,736.5,1,"Up Scan","Positive",254,0,4.37,1.6,8,8,0,1,1,32.106,49.63,34.821,30.505,2.235,6130.82,53,20.9,NA,0,0,0,0,0,0,0,0,0,0,0,0,0,0,0,0,0,0,0,0,0,0,0,0,0,0,0,0,0,0,0,5949.248,5109.408,5383.712,4788.352,4327.744,4300.448,4470.304,4896.736,4694.816,4839.616,5487.936,5838.784,6239.232,7086.432,7539.84,7682.784,7936,7762.144,7234.688,6669.856,6083.584,5690.816,5289.632,4990.272,4766.112,4528.48,4041.888,3807.552,3679.808,3394.944,3196.384,2867.264,2701.248,2496.736,2152.608,2130.816,2016.64,1978.336,1831.616,1629.664,1552.32,1425.312,1161.152,1118.848,870.368,678.4,519.712,408.768,321.696,222.624,133.472,104.768,57.44,35.264,27.52,17.28,4.896,5.024,5.216,3.584,0,0,0,0,0,0,0,0,0,0,0,0,0,0,0,0,0,0,0,0,0,0,0,0,0,0,0,0,0,0,0,0,0,0,0,1.526,2.39,2.985,4.292,4.945,5.657,6.904,8.655,11.157,12.493,14.768,18.973,22.732,27.082,33.909,39.565,44.059,49.492,52.531,53.01,52.889,52.131,52.204,52.044,52.661,53.451,53.874,51.259,51.124,51.731,50.508,49.991,48.114,47.401,45.423,41.443,41.242,38.606,37.916,34.378,29.808,27.382,24.505,19.746,18.009,13.785,10.48,7.818,6.145,4.632,3.162,1.867,1.448,0.791,0.459,0.349,0.216,0.06,0.06,0.061,0.041,0.032,0,0,0,0
2026-08-27 20:08:00,1,"Normal Scan","Normal Scan",0,"ON",1,1,1,737.3,5,20.2,97.1,57.6,0.0000000693674,0.0000181905,4.97,8954.6,8.8,736.5,1,"Up Scan","Positive",254,0,4.37,1.6,8,8,0,1,1,31.769,50.192,34.57,30.505,2.283,6736.41,53,21,NA,0,0,0,0,0,0,0,0,0,0,0,0,0,0,0,0,0,0,0,0,0,0,0,0,0,0,0,0,0,0,0,6912.224,6472,6390.144,5811.552,5418.912,5324.448,5041.248,5226.72,5281.696,5362.624,5727.84,6110.624,6805.28,7434.144,7759.328,8117.312,8167.808,7842.272,7645.248,7094.112,6477.056,5727.488,5633.728,5416.16,5035.072,4861.152,4412.832,4213.6,4026.112,3696.064,3517.984,3204.064,2923.808,2838.336,2704.992,2344.704,2330.048,2201.664,2050.88,1857.952,1817.984,1638.144,1387.552,1189.056,1058.624,818.368,666.88,451.232,303.488,244.832,182.496,107.392,69.376,69.44,51.808,33.184,21.152,10.144,12.256,12.544,0,0,0,0,0,0,0,0,0,0,0,0,0,0,0,0,0,0,0,0,0,0,0,0,0,0,0,0,0,0,0,0,0,0,0,1.878,2.801,3.783,5.076,6.004,7.033,8.55,9.727,11.914,14.011,16.323,19.766,23.768,29.452,35.563,40.749,46.532,50.855,53.12,56.084,56.222,55.452,52.934,55.642,57.098,56.775,58.041,56.113,56.577,57.513,55.329,55.688,53.776,51.784,51.641,50.931,46.098,44.912,42.145,38.732,34.543,32.502,27.77,23.27,19.618,16.859,12.673,10.401,6.956,4.688,3.521,2.599,1.61,1.033,0.898,0.658,0.412,0.258,0.121,0.142,0.144,0.101,0,0,0,0
2026-08-27 20:13:00,1,"Normal Scan","Normal Scan",0,"ON",1,1,1,737,5,19.8,97.1,57.9,0.000000069247,0.0000181713,4.97,8954.6,8.8,736.5,1,"Up Scan","Positive",254,0,4.37,1.6,8,8,0,1,1,34.306,52.789,36.907,28.387,2.265,7000.22,53,20.9,NA,0,0,0,0,0,0,0,0,0,0,0,0,0,0,0,0,0,0,0,0,0,0,0,0,0,0,0,0,0,0,0,5605.76,5561.856,5601.472,5644.48,4807.52,4922.784,4962.496,4814.336,4923.392,5151.488,5798.528,6232.48,7005.536,7449.248,7831.392,8381.536,8355.008,8014.72,7891.584,7500.416,6993.632,6725.024,6448.352,6243.072,5709.952,5601.216,5342.4,4790.496,4690.4,4449.024,3973.28,3732.896,3348.992,3253.12,3016,2718.304,2617.376,2487.872,2284.768,2196.896,1886.368,1669.856,1588.832,1325.024,1107.008,883.232,703.552,551.68,389.568,257.472,181.472,125.12,90.368,73.824,30.624,33.152,11.488,8.48,5.248,5.408,0,0,0,0,0,0,0,0,0,0,0,0,0,0,0,0,0,0,0,0,0,0,0,0,0,0,0,0,0,0,0,0,0,0,0,1.712,2.253,3.256,4.47,5.816,6.279,7.894,9.584,11.004,13.087,15.701,20.063,24.222,30.333,35.669,41.237,48.177,52.322,54.61,58.256,59.81,60.212,62.252,63.696,65.957,64.648,66.912,67.433,64.525,66.362,66.13,62.889,62.082,58.971,59.258,55.962,51.827,50.53,47.431,42.909,40.049,33.982,29.267,26.405,21.543,17.612,13.802,10.816,8.255,5.722,3.686,2.558,1.728,1.241,0.955,0.387,0.412,0.139,0.101,0.061,0.062,0.032,0,0,0,0
2026-08-27 20:18:00,1,"Normal Scan","Normal Scan",0,"ON",1,1,1,737.3,5,20.3,97.1,57.2,0.0000000693975,0.0000181953,4.97,8954.6,8.8,736.5,1,"Up Scan","Positive",254,0,4.37,1.6,8,8,0,1,1,32.317,50.967,35.117,30.505,2.289,6989.26,53,21,NA,0,0,0,0,0,0,0,0,0,0,0,0,0,0,0,0,0,0,0,0,0,0,0,0,0,0,0,0,0,0,0,6035.68,5812,6862.336,6432.8,6202.048,5544.864,5550.144,5704.928,5485.568,5622.464,5996.128,6292.416,6835.68,7620.448,7780.704,7901.12,7945.184,7722.176,7707.04,7232.224,6434.784,6268.832,5825.792,5445.184,5593.984,5352.416,4759.968,4713.216,4239.616,3903.04,3706.496,3517.28,3318.848,3035.264,2883.008,2603.264,2490.112,2278.304,2336.032,1951.904,1845.472,1651.488,1498.624,1327.872,1067.904,917.28,704.288,531.872,388.32,270.016,176.736,127.808,81.504,34.048,30.528,23.744,11.424,13.504,6.976,3.616,0,0,0,0,0,0,0,0,0,0,0,0,0,0,0,0,0,0,0,0,0,0,0,0,0,0,0,0,0,0,0,0,0,0,0,1.837,2.44,3.37,5.421,6.671,8.073,8.909,10.694,12.975,14.556,17.101,20.686,24.416,29.577,36.419,40.906,45.336,49.726,52.487,56.5,57.619,55.484,57.862,57.818,57.861,62.561,63.651,60.765,63.19,60.652,59.009,58.744,58.234,58.443,55.257,53.845,50.016,48.193,44.294,43.614,36.4,33.215,28.928,25.051,21.459,17.004,14.18,10.51,7.906,5.689,3.881,2.507,1.766,1.109,0.44,0.387,0.294,0.139,0.161,0.081,0.044,0.027,0,0,0,0
2026-08-27 20:23:00,1,"Normal Scan","Normal Scan",0,"ON",1,1,1,737.2,5,20.1,97.1,57.6,0.0000000693373,0.0000181857,4.97,8954.6,8.8,736.5,1,"Up Scan","Positive",254,0,4.37,1.6,8,8,0,1,1,32.816,51.627,35.783,28.387,2.27,6765.97,53,21,NA,0,0,0,0,0,0,0,0,0,0,0,0,0,0,0,0,0,0,0,0,0,0,0,0,0,0,0,0,0,0,0,5108,5699.552,5675.936,5208.16,5474.784,5235.648,5185.6,5134.624,5415.2,5878.688,5919.936,6517.184,6759.552,7262.592,7492.48,8155.072,8129.408,8055.872,7373.76,7421.92,6569.824,6116.864,5798.272,5465.376,5190.08,5079.84,4725.024,4459.488,4188.192,3983.936,3737.184,3402.464,3250.208,2921.792,2755.072,2452.832,2426.56,2365.248,2032.288,1930.016,1783.136,1578.016,1464.352,1221.856,1079.2,882.656,701.984,527.296,406.912,278.24,217.984,161.312,90.144,54.688,35.072,26.912,26.144,13.568,5.216,1.792,0,0,0,0,0,0,0,0,0,0,0,0,0,0,0,0,0,0,0,0,0,0,0,0,0,0,0,0,0,0,0,0,0,0,0,1.463,2.078,3.337,4.507,5.398,7.124,8.43,10.01,11.71,14.364,17.873,20.454,25.318,29.301,34.748,39.457,46.797,50.753,54.614,54.202,58.831,56.359,56.502,57.415,57.842,58.797,60.843,59.934,60.181,59.474,59.316,58.762,57.083,56.173,53.288,51.567,47.566,46.965,45.112,39.208,36.046,32.516,28.004,24.796,20.465,17.531,13.805,10.658,7.906,6.016,4.023,3.102,2.189,1.243,0.707,0.444,0.335,0.318,0.161,0.061,0.021,0.044,0,0,0,0
2026-08-27 20:28:00,1,"Normal Scan","Normal Scan",0,"ON",1,1,1,737,5,19.8,97.1,57.1,0.000000069247,0.0000181713,4.97,8954.6,8.8,736.5,1,"Up Scan","Positive",254,0,4.37,1.6,8,8,0,1,1,33.341,52.192,36.153,30.505,2.277,6778.23,53,20.9,NA,0,0,0,0,0,0,0,0,0,0,0,0,0,0,0,0,0,0,0,0,0,0,0,0,0,0,0,0,0,0,0,5402.4,5811.52,5397.056,5734.848,5231.776,4992.64,5114.72,5011.904,5177.504,5602.368,5775.136,6129.792,6585.856,7141.76,7585.6,7673.568,8249.472,8112.48,7658.592,7048.512,6678.976,6082.08,5846.176,5790.08,5446.688,5163.776,4926.048,4562.432,4366.112,4107.168,3826.944,3542.784,3213.632,2925.92,2680.608,2697.024,2503.712,2288.448,2130.816,1964.384,1842.592,1527.136,1412.544,1379.2,1086.272,890.496,712.992,549.888,410.656,288.864,217.728,130.496,91.36,50.976,27.296,41.056,21.44,21.664,10.432,9.024,0,0,0,0,0,0,0,0,0,0,0,0,0,0,0,0,0,0,0,0,0,0,0,0,0,0,0,0,0,0,0,0,0,0,0,1.558,2.203,3.395,4.308,5.921,6.808,8.039,9.882,11.433,13.724,17.064,19.96,23.812,28.563,34.209,39.904,44.156,51.49,55.012,56.395,56.177,57.369,56.411,57.916,61.288,61.414,61.92,62.428,61.298,61.385,61.349,60.453,58.858,55.919,53.647,51.077,50.748,48.005,44.944,40.776,36.663,33.488,27.343,24.097,22.693,17.483,13.981,10.887,8.159,6.195,4.234,3.117,1.84,1.307,0.66,0.349,0.51,0.261,0.258,0.122,0.103,0.079,0,0,0,0
2026-08-27 20:33:00,1,"Normal Scan","Normal Scan",0,"ON",1,1,1,737.3,5,20.3,97.1,57.1,0.0000000693975,0.0000181953,4.97,8954.6,8.8,736.5,1,"Up Scan","Positive",254,0,4.37,1.6,8,8,0,1,1,37.635,58.726,40.77,30.505,2.336,8142.59,53,21,NA,0,0,0,0,0,0,0,0,0,0,0,0,0,0,0,0,0,0,0,0,0,0,0,0,0,0,0,0,0,0,0,5475.872,5366.56,4814.016,5676.256,5923.104,5927.232,5965.568,5829.76,6098.752,6166.304,6376.192,6453.76,7166.4,7592.768,8156.768,8534.528,8695.616,8635.008,8254.848,7908.032,6932.416,6605.76,5854.784,5610.88,5285.184,5357.664,5709.056,6228.448,6826.592,6933.536,6862.432,6665.664,6632.448,5650.816,5243.52,4635.264,4356.64,3822.496,3391.104,2914.976,2546.592,2155.04,1904.48,1741.568,1393.568,1168,868.352,706.528,512.096,340.896,238.016,136.704,99.04,62.08,41.248,39.392,24.544,21.952,8.736,16.896,0,0,0,0,0,0,0,0,0,0,0,0,0,0,0,0,0,0,0,0,0,0,0,0,0,0,0,0,0,0,0,0,0,0,0,1.494,2.191,3.161,3.854,5.876,7.733,9.528,11.522,13.258,16.168,18.751,22.012,25.063,31.029,36.361,42.927,48.967,54.302,58.373,60.411,62.539,59.695,61.813,60.6,63.72,65.303,70.723,79.304,89.488,99.481,104.422,106.944,106.96,108.778,96.749,91.562,82.647,78.112,70.189,61.415,53.051,44.867,37.741,32.129,28.309,21.991,18.085,13.193,10.644,7.523,4.967,3.388,2.005,1.391,0.802,0.523,0.49,0.298,0.261,0.102,0.199,0.055,0,0,0,0
2026-08-27 20:38:00,1,"Normal Scan","Normal Scan",0,"ON",1,1,1,737,5,19.9,97.1,57.3,0.0000000692771,0.0000181761,4.97,8954.6,8.8,736.5,1,"Up Scan","Positive",254,0,4.37,1.6,8,8,0,1,1,31.553,47.943,33.681,32.781,2.229,9389.41,53,20.9,NA,0,0,0,0,0,0,0,0,0,0,0,0,0,0,0,0,0,0,0,0,0,0,0,0,0,0,0,0,0,0,0,8053.664,7956.16,8193.92,8548.704,8814.464,8786.976,8625.664,8689.76,8405.76,8487.84,8492.96,8639.04,8698.464,9654.624,9790.048,10362.656,10461.632,10599.84,10107.744,9802.976,9386.272,9186.816,8397.024,8073.632,7740.384,7114.336,6711.36,6049.92,5990.144,5402.368,5126.56,4749.44,4013.632,3616.896,3213.536,2913.984,2727.936,2553.312,2358.432,2169.984,2015.264,1844.128,1632.352,1397.952,1156.896,971.392,785.376,592.832,433.952,278.4,241.28,134.4,97.696,79.584,51.808,25.248,24.384,11.776,8.704,8.992,0,0,0,0,0,0,0,0,0,0,0,0,0,0,0,0,0,0,0,0,0,0,0,0,0,0,0,0,0,0,0,0,0,0,0,2.127,3.274,4.632,6.534,8.841,11.538,14.106,16.636,19.757,22.231,25.791,29.262,33.5,37.701,46.19,51.61,59.717,65.738,72.182,74.633,78.205,80.555,84.406,82.561,85.066,86.773,84.755,84.362,80.366,82.422,78.656,77.96,75.561,68.393,64.11,59.594,55.988,52.74,49.124,44.7,40.435,36.618,32.072,27.657,23.094,18.567,15.206,12.134,8.941,6.473,4.01,3.384,1.913,1.393,1.032,0.659,0.314,0.298,0.141,0.102,0.103,0.093,0,0,0,0
2026-08-27 20:43:00,1,"Normal Scan","Normal Scan",0,"ON",1,1,1,737.2,5,20.1,97.1,56.7,0.0000000693373,0.0000181857,4.97,8954.6,8.8,736.5,1,"Up Scan","Positive",254,0,4.37,1.6,8,8,0,1,1,31.203,47.843,33.474,30.505,2.229,8869.62,53,20.9,NA,0,0,0,0,0,0,0,0,0,0,0,0,0,0,0,0,0,0,0,0,0,0,0,0,0,0,0,0,0,0,0,7391.68,8380.384,8239.424,7889.696,8083.776,7814.24,7812.736,7631.936,7778.656,7838.72,7739.552,8060.032,8746.336,9109.312,10153.984,10440.896,11005.568,10629.76,10561.536,9665.248,9274.432,8300.992,7750.88,7034.08,6875.872,6415.136,5871.328,5316.48,5142.656,4780.448,4245.152,3875.552,3585.408,3169.6,3070.912,2750.816,2606.624,2565.504,2372.896,2170.208,1969.376,1839.936,1655.776,1382.368,1127.168,939.616,789.44,577.28,457.568,300.672,210.88,158.656,89.472,67.744,44.16,28.544,16.448,8.416,8.736,7.2,0,0,0,0,0,0,0,0,0,0,0,0,0,0,0,0,0,0,0,0,0,0,0,0,0,0,0,0,0,0,0,0,0,0,0,1.93,3.038,4.92,6.552,8.22,10.551,12.548,15.088,17.374,20.577,23.823,26.728,31.311,37.881,43.707,53.437,60.117,68.762,72.109,77.285,76.587,78.997,76.028,75.989,74.121,76.761,75.676,73.541,70.522,72.161,70.13,66.321,64.194,62.607,58.376,57.445,53.49,51.157,49.08,44.779,40.272,35.702,32.354,27.937,22.67,18.262,14.67,12.072,8.61,6.688,4.336,2.967,2.199,1.232,0.879,0.56,0.354,0.199,0.101,0.102,0.082,0.029,0,0,0,0
2026-08-27 20:48:00,1,"Normal Scan","Normal Scan",0,"ON",1,1,1,737.3,5,20.2,97.1,57.1,0.0000000693674,0.0000181905,4.97,8954.6,8.8,736.5,1,"Up Scan","Positive",254,0,4.37,1.6,8,8,0,1,1,31.309,47.18,33.314,32.781,2.201,9340.11,52,20.9,NA,0,0,0,0,0,0,0,0,0,0,0,0,0,0,0,0,0,0,0,0,0,0,0,0,0,0,0,0,0,0,0,7226.112,8026.752,8243.616,8012.96,8175.84,8746.496,8611.776,8517.088,8499.296,8505.92,8507.744,8621.28,9322.048,9586.816,10220.832,11001.696,11341.632,11418.112,11217.184,11228.608,10520.16,9541.28,8531.36,7763.648,7149.856,6293.984,5835.04,5327.008,5153.76,4807.68,4368.064,4291.264,3550.688,3301.12,3000.448,2874.144,2608.64,2692.64,2410.08,2181.056,2042.208,1805.152,1638.208,1315.488,1136.224,957.28,726.4,597.056,442.048,329.504,242.336,146.528,80.448,75.392,42.848,26.976,19.68,13.536,5.216,7.2,0,0,0,0,0,0,0,0,0,0,0,0,0,0,0,0,0,0,0,0,0,0,0,0,0,0,0,0,0,0,0,0,0,0,0,1.909,2.927,4.718,6.54,8.299,10.641,14.045,16.627,19.4,22.446,25.817,29.344,33.501,40.397,46.056,54.019,63.53,71.108,77.493,82.206,88.359,88.815,86.401,83.032,81.011,79.438,75.101,73.58,70.887,72.152,70.797,67.984,70.098,62.532,59.879,56.907,55.031,50.842,50.709,45.263,40.566,36.492,31.949,27.842,21.922,18.3,14.851,11.193,8.939,6.51,4.779,3.397,2.021,1.148,0.974,0.542,0.334,0.238,0.161,0.061,0.082,0.058,0,0,0,0
2026-08-27 20:53:00,1,"Normal Scan","Normal Scan",0,"ON",1,1,1,737,5,19.9,97.1,56.7,0.0000000692771,0.0000181761,4.97,8954.6,8.8,736.5,1,"Up Scan","Positive",254,0,4.37,1.6,8,8,0,1,1,33.495,50.683,35.695,35.227,2.233,8169.87,52,20.8,NA,0,0,0,0,0,0,0,0,0,0,0,0,0,0,0,0,0,0,0,0,0,0,0,0,0,0,0,0,0,0,0,5995.168,6022.88,6540.896,6488.704,6539.008,6634.592,6582.976,6727.776,6690.496,6642.688,6887.424,7300.96,8261.12,8378.304,8819.232,9046.56,9684.896,9528.992,9725.984,9406.56,8854.912,7987.808,7587.52,6992.832,6520.064,6189.92,5845.984,5739.456,5192.928,4820.576,4374.848,4401.248,3878.08,3481.6,3222.336,3124.064,2785.056,2570.976,2434.432,2124.128,1946.88,1735.104,1553.472,1296.064,1239.168,934.112,781.408,544,473.984,290.688,194.624,132.672,101.6,66.336,50.432,17.44,14.688,13.472,10.496,5.408,0,0,0,0,0,0,0,0,0,0,0,0,0,0,0,0,0,0,0,0,0,0,0,0,0,0,0,0,0,0,0,0,0,0,0,1.558,2.464,3.534,5.159,6.702,8.531,10.67,12.715,15.341,17.709,20.209,23.831,28.376,35.738,40.188,46.583,52.3,60.752,64.881,71.402,74.432,75.525,73.493,74.841,73.904,73.31,73.996,74.454,76.075,73.371,71.91,68.754,71.588,66.333,62.205,59.309,58.173,53.115,48.78,46.202,39.606,34.835,30.774,26.555,21.33,19.565,14.709,11.923,8.185,6.895,4.2,2.736,1.863,1.408,0.86,0.639,0.216,0.179,0.161,0.122,0.062,0.046,0,0,0,0
2026-08-27 20:58:00,1,"Normal Scan","Normal Scan",0,"ON",1,1,1,737.3,5,20.3,97.1,56.6,0.0000000693975,0.0000181953,4.97,8954.6,8.8,736.5,1,"Up Scan","Positive",254,0,4.37,1.6,8,8,0,1,1,31.853,48.328,33.958,30.505,2.225,8918.88,52,21,NA,0,0,0,0,0,0,0,0,0,0,0,0,0,0,0,0,0,0,0,0,0,0,0,0,0,0,0,0,0,0,0,7507.616,8423.392,7231.52,7697.216,7603.232,7747.296,7978.528,7712.32,7775.04,7468.736,7803.616,8173.376,8688.128,9523.744,9638.976,10264.448,10546.56,10353.536,10219.264,10195.072,9538.528,8705.344,8146.4,7677.088,7158.72,6575.84,6138.912,5714.752,5319.712,4664.704,4590.016,4214.24,3867.008,3364.64,3133.408,2903.552,2604.448,2387.712,2392.192,2157.888,1847.296,1745.344,1589.504,1496.928,1168.224,956.224,770.944,595.968,450.848,315.616,231.232,147.68,87.552,70.56,39.744,31.552,32.672,13.472,3.488,2.56,0,0,0,0,0,0,0,0,0,0,0,0,0,0,0,0,0,0,0,0,0,0,0,0,0,0,0,0,0,0,0,0,0,0,0,2.233,3.087,4.881,5.731,7.99,9.924,12.473,15.391,17.581,20.554,22.692,26.939,31.74,37.62,45.62,50.877,59.196,66.123,70.48,75.154,80.723,81.183,79.744,79.871,80.434,79.573,78.111,77.337,75.711,74.317,69.244,70.71,68.083,65.803,61.099,57.723,55.072,50.836,47.446,44.991,40.215,34.155,30.898,27.094,24.515,18.757,14.94,11.753,8.903,6.671,4.618,3.214,2.003,1.205,0.917,0.503,0.392,0.397,0.161,0.041,0.022,0.027,0,0,0,0
2026-08-27 21:03:00,1,"Normal Scan","Normal Scan",0,"ON",1,1,1,737,5,19.9,97.1,56.5,0.0000000692771,0.0000181761,4.97,8954.6,8.8,736.5,1,"Up Scan","Positive",254,0,4.37,1.6,8,8,0,1,1,32.687,49.58,34.918,32.781,2.221,8565.79,52,20.9,NA,0,0,0,0,0,0,0,0,0,0,0,0,0,0,0,0,0,0,0,0,0,0,0,0,0,0,0,0,0,0,0,6803.008,6794.848,6583.072,6218.176,6932.128,7317.44,7087.2,7193.344,7176.608,7448.416,7941.312,8050.432,8455.168,9019.68,9541.536,9816.128,10030.592,10504.96,10230.496,9673.792,8826.848,8617.248,7996.256,7605.408,7180.352,6443.36,5939.04,5579.552,5232.096,4864.832,4451.168,4044.256,3739.104,3312.32,3124.16,2866.304,2576.896,2478.976,2351.648,2119.808,1992.576,1768.16,1614.656,1488.48,1173.28,1082.72,795.264,587.168,447.36,357.696,200.896,148.384,92.032,66.56,45.728,27.04,16.416,13.472,14.624,4.672,0,0,0,0,0,0,0,0,0,0,0,0,0,0,0,0,0,0,0,0,0,0,0,0,0,0,0,0,0,0,0,0,0,0,0,1.684,2.764,3.948,5.234,6.426,9.085,11.735,13.679,16.39,18.999,22.653,27.358,31.226,36.675,43.256,50.268,56.559,62.985,71.417,75.213,76.834,75.508,78.859,78.475,79.419,79.998,76.513,74.639,74.22,72.879,71.928,68.785,66.253,64.504,60.081,58.367,54.933,50.721,48.737,44.742,40.739,35.92,31.081,27.886,24.269,18.791,16.719,12.149,8.87,6.508,5.163,2.867,2.091,1.231,0.86,0.579,0.336,0.199,0.161,0.17,0.054,0.015,0,0,0,0
2026-08-27 21:08:00,1,"Normal Scan","Normal Scan",0,"ON",1,1,1,737.4,5,20.4,97.1,56.1,0.0000000694276,0.0000182001,4.97,8954.6,8.8,736.5,1,"Up Scan","Positive",254,0,4.37,1.6,8,8,0,1,1,34.031,50.606,36.018,32.781,2.203,8496.12,51,21,NA,0,0,0,0,0,0,0,0,0,0,0,0,0,0,0,0,0,0,0,0,0,0,0,0,0,0,0,0,0,0,0,5908.512,5539.648,5990.496,6232.224,6336.96,6675.776,6739.168,7201.472,7223.264,6898.912,7307.104,7405.728,7977.216,8702.72,9237.696,9838.432,9988.192,10627.744,10226.816,10265.92,9697.376,8744.128,8523.04,7867.136,7496.032,6901.568,6473.792,5850.88,5540.8,4848,4611.52,4066.816,3675.36,3490.208,3107.616,2941.472,2546.24,2563.392,2383.392,2204.224,2062.624,1922.944,1651.168,1371.488,1223.552,982.528,848.224,586.688,397.536,338.08,249.472,115.936,93.824,68.672,44.256,22.112,27.84,5.024,7.008,0,0,0,0,0,0,0,0,0,0,0,0,0,0,0,0,0,0,0,0,0,0,0,0,0,0,0,0,0,0,0,0,0,0,0,0,1.536,2.414,3.248,4.765,6.44,8.273,10.762,12.97,16.384,19.101,20.952,25.21,28.803,34.627,41.776,48.847,56.866,62.771,72.38,75.345,81.424,82.822,80.41,83.445,82.287,83.175,81.471,80.486,77.241,76.908,71.786,71.002,66.892,63.896,62.701,58.595,56.794,50.501,49.111,45.25,41.33,37.406,33.25,27.99,22.846,19.301,15.348,12.871,8.732,5.857,4.904,3.439,1.591,1.325,0.889,0.561,0.275,0.338,0.06,0.081,0,0.069,0,0,0,0
2026-08-27 21:13:00,1,"Normal Scan","Normal Scan",0,"ON",1,1,1,737,5,19.9,97.1,56.2,0.0000000692771,0.0000181761,4.97,8954.6,8.8,736.5,1,"Up Scan","Positive",254,0,4.37,1.6,8,8,0,1,1,35.207,51.88,37.15,32.781,2.196,8175.03,51,20.9,NA,0,0,0,0,0,0,0,0,0,0,0,0,0,0,0,0,0,0,0,0,0,0,0,0,0,0,0,0,0,0,0,4761.92,5381.696,4892.96,5650.816,6034.08,6269.408,6082.08,5990.24,6417.632,6798.592,6810.816,7171.168,7472.384,8552.608,8761.728,9249.056,9632.576,10197.024,9859.584,9960.768,9225.76,8799.52,8184.832,7756.672,7421.568,6741.664,6513.184,5850.304,5562.976,5145.44,4823.2,4395.488,4219.136,3579.936,3231.616,3007.232,2637.472,2607.808,2273.824,2115.072,1896.704,1758.592,1597.216,1365.536,1179.808,989.376,806.368,603.872,468.384,285.568,207.84,149.024,87.488,57.504,19.744,22.112,27.84,13.44,15.712,9.024,0,0,0,0,0,0,0,0,0,0,0,0,0,0,0,0,0,0,0,0,0,0,0,0,0,0,0,0,0,0,0,0,0,0,0,1.361,1.929,3.164,3.883,5.865,7.865,10.095,11.762,13.646,17.01,20.689,23.564,27.873,32.474,41.079,46.375,53.501,60.644,69.5,72.736,79.176,78.959,80.854,80.506,81.593,82.764,80.506,82.024,78.109,77.585,75.484,73.956,71.006,70.515,63.516,59.348,56.669,51.27,49.934,43.648,39.575,35.105,31.039,26.871,22.441,18.93,15.422,12.217,8.862,6.845,4.226,2.966,2.115,1.224,0.745,0.252,0.275,0.338,0.161,0.183,0.103,0.046,0,0,0,0
2026-08-27 21:18:00,1,"Normal Scan","Normal Scan",0,"ON",1,1,1,737.4,5,20.4,97.1,55.4,0.0000000694276,0.0000182001,4.97,8954.6,8.8,736.5,1,"Up Scan","Positive",254,0,4.37,1.6,8,8,0,1,1,42.441,51.738,39.954,54.247,2.035,11756,51,21,NA,0,0,0,0,0,0,0,0,0,0,0,0,0,0,0,0,0,0,0,0,0,0,0,0,0,0,0,0,0,0,0,5667.936,5535.2,5412.832,5897.856,5961.312,6008.384,6710.144,6818.528,7692.288,8209.888,8685.856,9782.688,9737.728,10179.264,11467.712,12118.496,12297.856,11917.792,10781.632,11205.024,14668.224,17313.824,15947.52,17065.92,18561.184,17855.68,16066.496,13330.752,11194.016,9135.584,7604.928,6711.648,5748.544,4597.984,3934.24,3332.064,2862.432,2522.752,2368.352,2018.56,1866.72,1734.976,1574.144,1338.816,1168.544,897.76,761.984,609.952,404.256,285.984,209.984,147.872,107.36,51.616,42.72,24.288,15.584,10.112,7.008,3.584,0,0,0,0,0,0,0,0,0,0,0,0,0,0,0,0,0,0,0,0,0,0,0,0,0,0,0,0,0,0,0,0,0,0,0,1.37,2.29,3.283,4.3,6.081,7.774,9.688,12.987,15.581,20.389,24.982,29.997,37.939,42.156,48.711,60.427,70.779,79.338,83.696,84.177,95.779,131.223,162.114,158.356,177.269,199.705,201.334,190.566,166.025,146.131,125.815,109.803,100.6,90.728,76.666,68.806,60.855,54.079,48.487,44.475,37.894,34.106,30.487,26.57,22.128,18.63,14.161,11.478,9.147,5.901,4.096,2.927,2.054,1.468,0.668,0.542,0.303,0.19,0.121,0.081,0.044,0.041,0,0,0,0
2026-08-27 21:23:00,1,"Normal Scan","Normal Scan",0,"ON",1,1,1,737.2,5,20.1,97.1,55.7,0.0000000693373,0.0000181857,4.97,8954.6,8.8,736.5,1,"Up Scan","Positive",254,0,4.37,1.6,8,8,0,1,1,33.652,48.097,34.867,32.781,2.156,10342.3,51,21,NA,0,0,0,0,0,0,0,0,0,0,0,0,0,0,0,0,0,0,0,0,0,0,0,0,0,0,0,0,0,0,0,6651.712,7216.928,8044.512,8317.536,8413.376,8380.8,9049.344,8793.376,8844.416,8694.176,9239.424,9144.8,9371.104,10095.808,11026.88,11669.792,12075.584,12277.888,12024.512,11827.04,11901.792,11211.424,10886.112,10490.848,9721.888,9216.128,8707.296,8116.224,7182.048,6401.312,5578.368,4843.168,4324.704,3872.8,3298.432,2883.392,2721.792,2492.48,2229.728,2083.488,1945.216,1660.32,1494.848,1297.792,1182.528,1000.128,823.52,619.264,506.944,373.888,244.032,188.544,93.632,69.248,47.488,23.68,24.512,16.96,14.784,4.448,0,0,0,0,0,0,0,0,0,0,0,0,0,0,0,0,0,0,0,0,0,0,0,0,0,0,0,0,0,0,0,0,0,0,0,1.806,2.714,4.256,6.406,8.624,10.984,13.482,17.474,20.054,23.445,26.419,31.877,35.496,40.688,48.499,58.254,67.523,76.107,84.087,89.216,94.565,102.195,103.551,107.332,109.412,107.751,107.507,106.272,104.359,97.175,90.369,83.456,76.625,71.408,66.926,60.508,54.52,52.041,47.976,43.281,39.759,35.852,29.839,26.554,21.997,19.222,15.624,12.592,9.288,7.395,5.392,3.543,2.589,1.307,0.898,0.6,0.294,0.298,0.201,0.173,0.051,0.058,0,0,0,0
2026-08-27 21:28:00,1,"Normal Scan","Normal Scan",0,"ON",1,1,1,737.1,5,20,97.1,55.1,0.0000000693072,0.0000181809,4.97,8954.6,8.8,736.5,1,"Up Scan","Positive",254,0,4.37,1.6,8,8,0,1,1,33.472,47.302,34.635,35.227,2.126,11000.4,51,20.9,NA,0,0,0,0,0,0,0,0,0,0,0,0,0,0,0,0,0,0,0,0,0,0,0,0,0,0,0,0,0,0,0,7002.56,7439.456,8056.576,8368.064,8080.224,8791.36,9341.152,9141.536,9388.576,9671.008,10151.488,10464.544,10486.4,11117.664,12106.336,12738.688,13181.6,13530.816,13990.176,13582.048,12844.288,12218.016,11475.808,10903.968,10628.48,9643.776,9017.12,8072.928,7180.576,6498.4,5733.12,5099.52,4468.608,3902.752,3355.04,3034.176,2638.752,2396.512,2337.888,2089.824,1942.24,1739.136,1531.872,1465.952,1198.304,996.672,833.44,673.92,437.44,366.56,217.376,169.408,108.896,69.312,25.984,34.688,9.76,6.72,5.216,8.992,0,0,0,0,0,0,0,0,0,0,0,0,0,0,0,0,0,0,0,0,0,0,0,0,0,0,0,0,0,0,0,0,0,0,0,1.723,2.838,4.408,6.436,8.674,10.609,14.117,18.058,20.81,24.886,29.409,34.996,40.58,45.487,53.496,64.059,73.75,83.041,92.453,103.18,108.299,110.057,112.317,112.354,113.633,116.784,112.384,110.249,104.292,96.93,92.27,85.388,79.393,73.93,67.63,61.336,57.167,51.112,47.58,44.886,39.649,36.012,31.144,26.594,23.964,19.357,15.604,12.618,9.963,6.454,5.155,3.029,2.356,1.504,0.898,0.329,0.432,0.119,0.08,0.061,0.103,0.046,0,0,0,0
2026-08-27 21:33:00,1,"Normal Scan","Normal Scan",0,"ON",1,1,1,737.3,5,20.3,97.1,55.3,0.0000000693975,0.0000181953,4.97,8954.6,8.8,736.5,1,"Up Scan","Positive",254,0,4.37,1.6,8,8,0,1,1,33.373,49.148,34.971,35.227,2.195,9185.85,51,21,NA,0,0,0,0,0,0,0,0,0,0,0,0,0,0,0,0,0,0,0,0,0,0,0,0,0,0,0,0,0,0,0,6841.216,7581.024,6898.4,6934.784,7265.312,7571.36,7312.256,7777.536,7499.36,7759.52,7945.28,8036.32,8772.192,9103.488,9889.472,10587.84,10862.528,11378.976,11510.56,10932.192,10376.256,9923.264,9328.864,8457.184,8137.664,7381.536,6805.792,6233.216,5818.624,5173.28,4864.416,4374.56,3864.672,3389.6,3168.352,2881.216,2619.552,2321.824,2333.056,2015.904,1909.152,1701.696,1508.448,1414.304,1282.784,1023.328,784.192,729.216,513.024,380.864,282.528,181.536,100.16,87.232,41.088,26.752,24.416,10.24,6.944,10.752,0,0,0,0,0,0,0,0,0,0,0,0,0,0,0,0,0,0,0,0,0,0,0,0,0,0,0,0,0,0,0,0,0,0,0,1.765,2.739,4.406,5.495,7.143,9.482,12.152,14.113,17.731,19.85,23.568,27.416,31.213,38.084,43.809,52.28,61.205,68.389,77.585,84.568,86.87,88.545,90.643,91.089,88.461,89.953,86.98,84.819,81.5,80.043,75.708,74.156,69.644,65.647,60.476,58.888,54.671,50.652,46.777,45.166,38.994,35.776,31.111,26.72,23.842,20.763,15.96,12.202,10.802,7.491,5.471,3.945,2.543,1.391,1.127,0.523,0.334,0.296,0.122,0.081,0.133,0.055,0,0,0,0
2026-08-27 21:38:00,1,"Normal Scan","Normal Scan",0,"ON",1,1,1,737,5,19.9,97.1,55.2,0.0000000692771,0.0000181761,4.97,8954.6,8.8,736.5,1,"Up Scan","Positive",254,0,4.37,1.6,8,8,0,1,1,32.725,49.441,35.045,35.227,2.194,8719.35,51,20.9,NA,0,0,0,0,0,0,0,0,0,0,0,0,0,0,0,0,0,0,0,0,0,0,0,0,0,0,0,0,0,0,0,6512.224,6165.248,6024.192,6510.208,6886.592,6468.352,7004.48,6788.608,7054.496,7436.768,7877.92,8916.032,9551.456,9744.576,10175.904,10493.472,10875.296,10961.44,11040.96,10444.48,9869.568,9014.976,8328.896,7605.6,7077.12,6558.944,5922.208,5511.392,4944.192,4752.352,4454.144,3958.4,3525.952,3312.544,2934.784,2713.152,2636.512,2442.528,2177.024,2039.168,1993.6,1808.096,1560.192,1447.104,1267.488,1094.368,871.84,669.088,513.184,384.416,236.736,188.64,104.672,54.624,44.288,28.448,17.888,8.416,10.4,3.648,0,0,0,0,0,0,0,0,0,0,0,0,0,0,0,0,0,0,0,0,0,0,0,0,0,0,0,0,0,0,0,0,0,0,0,1.754,2.589,3.631,4.837,6.721,8.977,10.413,13.565,15.514,18.735,22.652,27.228,34.61,41.344,46.75,53.644,60.566,68.17,74.528,80.865,82.57,83.86,82.191,81.22,79.359,78.737,77.518,74.316,72.872,69.262,69.782,68.507,65.3,61.042,59.413,55.923,53.307,51.552,48.231,43.406,39.76,37.193,32.352,27.178,23.932,20.535,16.969,13.163,9.963,7.484,5.465,3.342,2.544,1.412,0.707,0.562,0.353,0.219,0.101,0.122,0.041,0,0,0,0,0
2026-08-27 21:43:00,1,"Normal Scan","Normal Scan",0,"ON",1,1,1,737.4,5,20.4,97.1,55.1,0.0000000694276,0.0000182001,4.97,8954.6,8.8,736.5,1,"Up Scan","Positive",254,0,4.37,1.6,8,8,0,1,1,31.314,47.938,33.517,32.781,2.223,9167.69,52,21.1,NA,0,0,0,0,0,0,0,0,0,0,0,0,0,0,0,0,0,0,0,0,0,0,0,0,0,0,0,0,0,0,0,6595.424,7692.384,8176.32,7723.104,8058.08,8953.792,9059.072,8793.824,8901.664,8893.76,8912.512,8473.536,8896.736,9092,9608.096,10119.744,10272.832,10695.744,10566.336,10017.408,9487.712,9101.824,8483.424,7774.08,7374.176,6823.648,6386.112,5881.024,5209.056,4666.912,4460.8,3820.16,3665.024,3328.48,2948.992,2745.44,2598.72,2480.352,2219.456,2057.248,1965.024,1848.128,1589.664,1403.072,1202.56,1074.048,860.704,662.4,547.84,411.328,275.488,213.344,100.896,78.24,61.056,14.24,17.92,8.416,6.944,9.792,0,0,0,0,0,0,0,0,0,0,0,0,0,0,0,0,0,0,0,0,0,0,0,0,0,0,0,0,0,0,0,0,0,0,0,1.858,2.688,4.469,6.505,7.982,10.528,14.338,17.511,20.015,23.521,26.954,30.66,32.8,38.528,43.626,50.67,58.4,64.56,72.774,77.686,79.571,81.001,83.357,83.008,81.087,81.627,80.238,79.051,77.396,72.297,68.96,68.583,63.485,63.101,59.53,56.004,53.85,51.155,48.596,43.787,39.845,36.612,33.351,28.026,23.84,19.791,16.685,13.193,9.966,7.948,5.819,3.856,2.93,1.43,1.012,0.774,0.177,0.219,0.101,0.081,0.111,0.069,0,0,0,0
2026-08-27 21:48:00,1,"Normal Scan","Normal Scan",0,"ON",1,1,1,737.1,5,20,97.1,55.5,0.0000000693072,0.0000181809,4.97,8954.6,8.8,736.5,1,"Up Scan","Positive",254,0,4.37,1.6,8,8,0,1,1,30.103,47.596,32.912,30.505,2.231,8794.34,51,20.9,NA,0,0,0,0,0,0,0,0,0,0,0,0,0,0,0,0,0,0,0,0,0,0,0,0,0,0,0,0,0,0,0,7397.152,7327.04,7456.448,7726.816,8122.016,8072.224,8123.2,8312.928,8731.136,8364.8,9030.752,9144.48,9240.736,9838.464,9981.216,10650.432,10673.952,10370.24,10587.712,9542.176,9119.52,8059.04,7512.48,6825.984,6236.768,5738.08,5156.992,4808.128,4357.6,4228.864,3757.696,3511.744,3260.8,3112.608,2800.416,2597.472,2475.744,2321.184,2286.592,2013.696,1903.008,1767.776,1562.4,1413.024,1233.632,1104.48,980.192,788.704,561.312,421.088,283.104,185.056,138.432,87.008,48.928,25.216,21.248,10.144,5.216,3.616,0,0,0,0,0,0,0,0,0,0,0,0,0,0,0,0,0,0,0,0,0,0,0,0,0,0,0,0,0,0,0,0,0,0,0,1.901,2.988,4.29,5.917,8.01,10.581,13.007,15.663,18.909,23.127,25.407,31.068,35.421,39.953,47.137,52.49,61.244,66.709,70.342,77.305,75.283,77.116,73.308,73.212,71.036,69.397,67.699,65.072,64.168,61.978,62.895,59.431,58.578,57.887,56.554,53.812,51.426,49.617,46.566,45.043,40.056,37.087,32.517,27.823,23.92,20.071,17.516,14.927,11.686,8.137,6.013,3.937,2.506,1.862,1.127,0.62,0.314,0.258,0.121,0.061,0.041,0.015,0,0,0,0
2026-08-27 21:53:00,1,"Normal Scan","Normal Scan",0,"ON",1,1,1,737.3,5,20.3,97.1,54.9,0.0000000693975,0.0000181953,4.97,8954.6,8.8,736.5,1,"Up Scan","Positive",254,0,4.37,1.6,8,8,0,1,1,31.973,49.93,34.868,30.505,2.216,8187.18,52,21,NA,0,0,0,0,0,0,0,0,0,0,0,0,0,0,0,0,0,0,0,0,0,0,0,0,0,0,0,0,0,0,0,5203.84,6497.28,5582.816,6234.592,6062.048,6374.656,6638.56,7019.808,7410.688,7477.76,8017.76,8492.704,8391.776,9164.192,9937.76,10341.12,10709.728,10293.696,10253.408,9526.272,9120.512,8127.456,7319.68,6973.536,6303.904,5782.688,5150.592,4706.464,4398.784,3962.048,3571.104,3431.168,3187.744,3040.384,2826.016,2700.224,2517.568,2445.024,2280.896,2070.24,2001.152,1723.2,1483.456,1415.168,1151.584,1087.616,924.864,717.536,581.568,464.8,311.008,236.608,132.96,82.592,44.288,45.696,16.32,3.584,13.76,5.376,0,0,0,0,0,0,0,0,0,0,0,0,0,0,0,0,0,0,0,0,0,0,0,0,0,0,0,0,0,0,0,0,0,0,0,1.567,2.116,3.794,4.407,6.458,7.903,10.261,12.852,16.005,19.61,22.757,27.671,32.958,36.396,43.95,52.252,59.493,66.913,69.737,75.007,75.146,77.161,73.83,71.308,72.349,69.517,68.052,64.643,63.147,62.209,59.973,57.455,57.971,56.929,55.709,54.397,52.626,49.787,48.054,44.558,40.859,37.953,31.944,27.041,24.301,19.39,17.152,14.08,10.794,8.54,6.536,4.337,3.284,1.823,1.071,0.561,0.569,0.199,0.043,0.16,0.066,0.055,0,0,0,0
2026-08-27 21:58:00,1,"Normal Scan","Normal Scan",0,"ON",1,1,1,737.3,5,20.2,97.1,55.4,0.0000000693674,0.0000181905,4.97,8954.6,8.8,736.5,1,"Up Scan","Positive",254,0,4.37,1.6,8,8,0,1,1,31.17,50.144,34.596,30.505,2.236,7799.39,51,21,NA,0,0,0,0,0,0,0,0,0,0,0,0,0,0,0,0,0,0,0,0,0,0,0,0,0,0,0,0,0,0,0,5225.024,5252.864,5457.28,5787.488,6171.232,6617.088,6525.472,7005.408,7276.64,7814.176,8122.752,8374.24,8913.472,9114.976,9771.84,9640.64,9840,9595.392,9293.536,8783.648,8288.256,7498.336,6489.984,6115.232,5616.128,4946.368,4661.504,4256.288,4089.376,3723.68,3585.952,3317.408,3036.576,2777.344,2669.312,2469.856,2421.792,2244.544,2117.856,1931.872,1869.984,1673.344,1593.6,1465.728,1241.312,1138.272,986.752,785.472,642.08,442.624,307.744,215.872,152.928,88.32,54.912,26.848,26.112,15.264,8.704,3.648,0,0,0,0,0,0,0,0,0,0,0,0,0,0,0,0,0,0,0,0,0,0,0,0,0,0,0,0,0,0,0,0,0,0,0,1.568,2.128,3.098,4.372,6.024,8.041,10.662,12.58,15.975,19.297,23.726,28.008,32.459,38.481,43.551,51.316,55.463,61.501,64.86,67.87,69.155,70.012,68.045,63.397,63.799,62.408,59.242,59.025,57.216,57.911,56.461,56.681,55.809,54.145,51.686,51.695,49.299,49.117,46.137,42.989,39.278,36.111,32.054,28.748,24.837,20.48,18.157,15.078,11.675,9.317,6.325,4.349,2.907,2.051,1.146,0.697,0.334,0.318,0.181,0.102,0.041,0,0,0,0,0
2026-08-27 22:03:00,1,"Normal Scan","Normal Scan",0,"ON",1,1,1,737.2,5,20.1,97.1,54.9,0.0000000693373,0.0000181857,4.97,8954.6,8.8,736.5,1,"Up Scan","Positive",254,0,4.37,1.6,8,8,0,1,1,28.504,47.549,32.309,24.582,2.24,7973.94,51,21,NA,0,0,0,0,0,0,0,0,0,0,0,0,0,0,0,0,0,0,0,0,0,0,0,0,0,0,0,0,0,0,0,5848.96,6130.528,6620.48,6362.848,7319.872,7850.08,7583.2,8420.224,8561.728,9284.8,9388.64,9127.392,9630.272,10158.976,9912.128,9985.6,10145.152,9522.592,9106.656,8010.496,7428.384,6577.184,5869.248,5368.896,5072.32,4453.728,4152.864,3608.416,3590.816,3277.76,3024.576,2980.8,2810.048,2743.584,2511.136,2323.04,2167.104,2102.368,1901.536,1843.36,1632.832,1584.064,1448.832,1301.312,1243.616,1091.264,980.288,851.552,680.832,506.304,416.544,240.544,175.392,95.808,65.6,31.584,17.952,11.776,12.192,0,0,0,0,0,0,0,0,0,0,0,0,0,0,0,0,0,0,0,0,0,0,0,0,0,0,0,0,0,0,0,0,0,0,0,0,1.444,2.353,3.55,5.272,6.61,9.587,12.632,14.653,19.228,22.701,28.173,32.28,35.315,41.515,48.346,51.864,57.124,63.033,64.128,66.243,63.077,62.735,59.668,57.032,56.077,56.263,52.976,52.976,49.428,51.674,49.952,49.037,50.201,49.924,50.472,48.089,46.773,44.636,43.456,40.073,37.792,33.683,31.234,26.952,23.697,20.755,17.688,15.077,12.657,9.89,7.189,5.782,3.27,2.368,1.243,0.833,0.392,0.219,0.141,0.142,0,0.044,0,0,0,0
2026-08-27 22:08:00,1,"Normal Scan","Normal Scan",0,"ON",1,1,1,737.4,5,20.4,97.1,55.1,0.0000000694276,0.0000182001,4.97,8954.6,8.8,736.5,1,"Up Scan","Positive",254,0,4.37,1.6,8,8,0,1,1,27.205,45.373,30.907,26.416,2.226,7829.15,50,21.1,NA,0,0,0,0,0,0,0,0,0,0,0,0,0,0,0,0,0,0,0,0,0,0,0,0,0,0,0,0,0,0,0,6601.888,6553.248,7326.24,7282.944,7927.552,7909.28,8145.888,8598.656,9065.344,8765.312,9312.192,9601.984,9350.176,9832.768,10034.144,10020.416,9889.088,9088.928,8193.856,7776.48,6814.624,6166.56,5607.296,4887.52,4498.4,4012.352,3780.416,3447.968,3153.056,3017.024,2901.408,2659.872,2588.576,2450.048,2336.928,2143.872,2032.608,2061.344,1875.616,1704.832,1564.448,1504.896,1414.272,1185.504,1099.808,972.576,875.36,704.064,529.056,409.248,306.624,193.408,136.48,81.216,60.96,44.864,16.352,11.808,1.728,3.616,0,0,0,0,0,0,0,0,0,0,0,0,0,0,0,0,0,0,0,0,0,0,0,0,0,0,0,0,0,0,0,0,0,0,0,1.578,2.677,3.823,5.833,7.503,10.354,12.694,15.735,19.569,23.927,26.614,32.052,37.075,40.286,46.748,52.43,57.173,61.345,61.168,59.641,60.906,57.443,55.899,54.31,50.897,50.133,48.104,48.064,46.74,45.759,46.34,46.564,45.789,46.441,45.726,44.773,43.17,41.75,41.366,38.064,34.436,30.958,28.538,25.358,20.972,18.247,15.567,13.391,10.649,7.751,5.82,4.243,2.63,1.851,1.052,0.774,0.559,0.199,0.141,0.02,0.044,0.041,0,0,0,0
2026-08-27 22:13:00,1,"Normal Scan","Normal Scan",0,"ON",1,1,1,737,5,19.9,97.1,54.7,0.0000000692771,0.0000181761,4.97,8954.6,8.8,736.5,1,"Up Scan","Positive",254,0,4.37,1.6,8,8,0,1,1,27.222,43.553,30.401,28.387,2.174,7077.06,50,21,NA,0,0,0,0,0,0,0,0,0,0,0,0,0,0,0,0,0,0,0,0,0,0,0,0,0,0,0,0,0,0,0,5592.352,6413.728,6283.552,6352.032,7305.44,7428.672,7495.328,7894.816,8203.936,8168.672,8211.52,8592.896,8381.088,8863.584,8887.36,9349.28,8905.472,8645.664,8025.536,7177.344,6636.16,5637.92,4966.304,4441.472,4036.672,3724.992,3379.328,3190.72,2873.088,2683.072,2604.224,2585.728,2402.496,2266.88,2229.632,1977.408,1810.176,1609.376,1649.76,1371.04,1299.104,1145.056,1049.088,874.048,772.48,691.584,556.8,523.072,353.696,288.704,266.336,152.96,75.776,73.76,42.624,17.408,13.12,6.784,6.944,1.792,0,0,0,0,0,0,0,0,0,0,0,0,0,0,0,0,0,0,0,0,0,0,0,0,0,0,0,0,0,0,0,0,0,0,0,1.266,2.265,3.721,5.009,6.597,9.564,11.944,14.468,18.002,21.716,24.8,28.275,33.228,36.181,42.246,46.516,53.436,55.252,58.098,58.204,56.185,55.764,51.104,48.365,46.213,45.089,44.574,43.196,43.546,41.732,41.303,41.888,42.529,41.756,40.676,40.772,37.548,35.058,31.659,31.548,26.479,24.901,21.27,18.83,15.569,12.975,10.929,8.731,7.782,5.131,4.111,3.733,2.078,1.016,0.956,0.542,0.216,0.159,0.08,0.081,0.021,0.015,0,0,0,0
2026-08-27 22:18:00,1,"Normal Scan","Normal Scan",0,"ON",1,1,1,737.4,5,20.4,97.1,54.6,0.0000000694276,0.0000182001,4.97,8954.6,8.8,736.5,1,"Up Scan","Positive",254,0,4.37,1.6,8,8,0,1,1,26.769,42.428,29.719,26.416,2.159,6376.12,50,21.1,NA,0,0,0,0,0,0,0,0,0,0,0,0,0,0,0,0,0,0,0,0,0,0,0,0,0,0,0,0,0,0,0,5730.976,5576.384,5915.072,6696.512,6546.976,6995.2,6468.576,7488.32,7243.872,7140.032,7326.592,7450.112,7930.112,8059.104,8166.112,8075.456,8088.736,7684.608,7398.112,6865.024,6089.536,5375.872,4729.28,4221.76,3491.584,3287.104,2812.736,2628.032,2298.592,2254.816,1962.272,2030.304,1936.576,1866.048,1768.128,1584.96,1563.744,1459.872,1265.536,1169.568,1153.12,1061.536,959.136,840.416,789.248,667.648,527.104,404.928,301.12,220.064,156.576,123.776,64.288,45.632,38.24,17.312,13.024,6.752,1.728,1.792,0,0,0,0,0,0,0,0,0,0,0,0,0,0,0,0,0,0,0,0,0,0,0,0,0,0,0,0,0,0,0,0,0,0,0,1.444,2.29,3.276,4.698,6.928,8.596,11.256,12.485,17.037,19.134,21.623,25.227,28.776,34.157,38.427,42.769,46.184,50.266,51.744,53.656,53.498,51.065,48.228,45.44,43.3,38.73,38.629,35.791,35.696,33.654,34.35,32.261,34.403,33.996,33.883,33.391,31.324,30.776,28.682,25.588,23.288,21.624,19.153,16.565,14.221,12.85,10.378,8.031,6.144,4.404,3.125,2.184,1.678,0.866,0.592,0.484,0.216,0.159,0.08,0.02,0.022,0.014,0,0,0,0
2026-08-27 22:23:00,1,"Normal Scan","Normal Scan",0,"ON",1,1,1,737.9,5,21,97.1,54,0.0000000696083,0.0000182289,4.97,8954.6,8.8,736.5,1,"Up Scan","Positive",254,0,4.37,1.6,8,8,0,1,1,26.862,41.387,29.615,28.387,2.123,6453.73,49,21.3,NA,0,0,0,0,0,0,0,0,0,0,0,0,0,0,0,0,0,0,0,0,0,0,0,0,0,0,0,0,0,0,0,5460.16,5792.512,6175.36,6281.376,6417.888,6575.072,7225.792,7022.496,7404.992,7384.192,7606.848,7871.296,8139.584,8117.632,8078.688,8266.752,8229.472,8005.408,7543.904,6885.088,6141.216,5642.88,4809.696,4132.032,3714.848,3335.104,2957.088,2610.848,2496.032,2272.224,2108.256,2200.672,1994.528,2033.472,1939.84,1786.4,1647.968,1625.056,1353.632,1246.784,1071.488,1004,849.92,661.152,613.568,411.424,392.704,280,219.488,139.808,123.776,74.656,51.424,25.056,33.504,12.576,13.088,3.392,3.52,1.792,0,0,0,0,0,0,0,0,0,0,0,0,0,0,0,0,0,0,0,0,0,0,0,0,0,0,0,0,0,0,0,0,0,0,0,1.589,2.203,3.399,4.877,6.487,8.36,10.559,13.945,16.007,19.511,22.337,26.163,30.417,35.05,38.66,42.276,47.263,51.176,53.827,54.6,53.76,51.48,50.599,46.249,42.674,41.057,39.375,37.691,35.697,36.758,35.332,34.622,36.896,35.179,35.915,34.994,32.839,30.524,29.351,24.885,22.251,19.152,17.228,14.133,11.192,9.731,6.522,5.972,4.258,3.199,2.024,1.723,1.036,0.696,0.324,0.426,0.157,0.159,0.04,0.041,0.022,0.014,0,0,0,0
2026-08-27 22:28:00,1,"Normal Scan","Normal Scan",0,"ON",1,1,1,738.4,5,21.8,97,53.3,0.0000000699214,0.0000182672,4.97,8954.6,8.8,736.5,1,"Up Scan","Positive",254,0,4.37,1.6,8,8,0,1,1,26.606,40.001,29.064,30.505,2.082,6658.21,48,21.7,NA,0,0,0,0,0,0,0,0,0,0,0,0,0,0,0,0,0,0,0,0,0,0,0,0,0,0,0,0,0,0,0,5885.408,6019.232,6169.888,6228.928,6442.688,6863.68,7154.368,7608.928,7618.24,7880.64,8142.272,8456.896,8274.496,8741.6,8672.576,8690.688,8989.312,8030.4,8004.224,7535.328,6577.6,5757.632,4929.472,4345.568,3851.584,3452.576,3287.488,2803.36,2510.176,2316.224,2132.576,1949.28,1776.864,1774.656,1587.296,1431.008,1505.248,1414.368,1379.616,1239.456,1033.696,884.672,798.976,660.704,549.984,439.584,362.368,313.216,184.704,146.72,86.464,58.976,31.584,29.536,15.392,7.904,14.656,3.392,3.488,5.088,0,0,0,0,0,0,0,0,0,0,0,0,0,0,0,0,0,0,0,0,0,0,0,0,0,0,0,0,0,0,0,0,0,0,0,1.422,2.33,3.483,4.878,6.434,8.365,10.984,13.777,17.316,20.1,23.822,27.948,32.617,35.581,41.575,45.42,49.706,55.73,54.04,57.921,58.654,55.037,51.876,47.433,44.686,42.348,40.465,40.556,37.26,35.475,34.741,33.988,32.915,31.839,32.43,29.663,27.179,28.045,26.25,24.795,21.921,18.56,15.39,13.276,10.733,8.705,6.731,5.468,4.625,2.753,2.096,1.221,0.815,0.451,0.381,0.193,0.098,0.179,0.04,0.041,0.046,0.014,0,0,0,0
2026-08-27 22:33:00,1,"Normal Scan","Normal Scan",0,"ON",1,1,1,738.8,5,22.3,97,52.7,0.0000000700722,0.0000182911,4.97,8954.6,8.8,736.5,1,"Up Scan","Positive",254,0,4.37,1.6,8,8,0,1,1,23.369,35.351,25.606,11.14,2.079,8901.06,47,22.1,NA,0,0,0,0,0,0,0,0,0,0,0,0,0,0,0,0,0,0,0,0,0,0,0,0,0,0,0,0,0,0,0,12569.312,12843.456,14451.488,13284.544,11785.344,10575.744,9956.768,9681.216,9695.584,10110.016,9552.288,9762.784,10428,10281.504,10319.904,10423.456,10436.832,10205.28,9373.344,8687.072,7908.512,6879.936,6080.832,5294.016,4416.128,3950.944,3687.392,3319.232,2911.744,2664.192,2410.624,2327.616,1959.168,1973.344,1891.264,1668.128,1469.888,1437.6,1359.424,1147.776,1079.904,828.672,850.848,672.64,562.88,413.92,356.32,271.136,173.984,160.544,105.024,76.832,30.272,26.592,24.384,6.336,6.56,3.424,1.76,0,0,0,0,0,0,0,0,0,0,0,0,0,0,0,0,0,0,0,0,0,0,0,0,0,0,0,0,0,0,0,0,0,0,0,0,4.048,5.041,7.48,11.455,13.633,15.225,16.936,19.127,21.903,25.585,30.564,32.811,37.706,44.858,48.869,53.962,59.582,64.73,68.513,67.874,67.562,65.992,61.778,58.295,54.141,48.463,46.439,45.62,43.45,41.26,39.734,37.531,37.773,34.26,34.792,33.908,30.177,27.912,26.526,24.528,20.627,18.934,14.329,14.182,11.022,8.989,6.34,5.431,4.004,2.535,2.265,1.471,1.036,0.432,0.343,0.309,0.078,0.079,0.04,0.02,0,0.028,0,0,0,0
2026-08-27 22:38:00,1,"Normal Scan","Normal Scan",0,"ON",1,1,1,738,5,21.3,97,51.8,0.0000000697706,0.0000182432,4.97,8954.6,8.8,736.5,1,"Up Scan","Positive",254,0,4.37,1.6,8,8,0,1,1,18.735,28.992,21.26,9.647,2.012,12458.8,46,21.9,NA,0,0,0,0,0,0,0,0,0,0,0,0,0,0,0,0,0,0,0,0,0,0,0,0,0,0,0,0,0,0,0,41994.176,31274.56,25265.536,18840.512,16158.976,14013.856,13626.048,14043.456,13848.64,14507.936,14290.176,14209.056,13314.464,12564.672,12407.072,12230.464,11610.912,12195.456,11928.704,11072.288,9628.992,7976.256,6363.04,5274.88,4343.008,3801.472,3085.504,2698.08,2519.2,2217.056,2012.736,1831.808,1868.448,1755.424,1599.712,1609.984,1492.096,1394.592,1289.888,1140.032,983.168,891.456,762.432,651.264,514.848,405.6,376.48,249.632,170.976,142.208,88.832,39.072,34.464,19.168,21.44,15.872,8.128,3.36,2.976,2.336,0,0,0,0,0,0,0,0,0,0,0,0,0,0,0,0,0,0,0,0,0,0,0,0,0,0,0,0,0,0,0,0,0,0,0,10.951,16.854,18.027,19.857,19.369,20.977,22.393,26.232,31.827,36.503,43.812,48.908,54.564,57.18,59.82,65.032,69.998,72.161,81.578,85.704,85.331,79.485,70.384,60.155,53.467,47.035,43.829,38.454,36.044,35.745,33.607,32.714,31.411,32.582,31.482,29.501,29.552,27.694,25.71,23.136,20.385,17.539,15.076,12.768,10.53,8.084,6.249,5.603,3.757,2.611,2.011,1.24,0.556,0.489,0.248,0.271,0.196,0.099,0.04,0.034,0.03,0.028,0,0,0,0
2026-08-27 22:43:00,1,"Normal Scan","Normal Scan",0,"ON",1,1,1,737.4,5,20.5,97,50.9,0.0000000695293,0.0000182049,4.97,8954.6,8.8,736.5,1,"Up Scan","Positive",254,0,4.37,1.6,8,8,0,1,1,19.923,30.704,22.292,9.647,2.041,10965.5,47,21.7,NA,0,0,0,0,0,0,0,0,0,0,0,0,0,0,0,0,0,0,0,0,0,0,0,0,0,0,0,0,0,0,0,30850.496,24340.896,21058.208,17396.192,15349.152,13046.016,12175.392,11970.176,11332.48,11457.824,11519.936,11740.704,12065.92,12403.872,12253.184,12156.256,12023.104,11311.776,10453.952,9562.976,8184.384,7231.648,5946.016,5161.088,4225.664,3599.04,3128.224,2759.744,2406.432,2232.32,2008.128,1970.72,1741.184,1656.448,1645.44,1557.664,1515.04,1389.344,1301.088,1204.896,1062.784,906.24,768.512,656.256,514.88,423.264,366.784,288.384,199.872,124.288,83.872,61.984,36.992,26.56,15.2,3.168,8.224,8.448,3.488,3.584,0,0,0,0,0,0,0,0,0,0,0,0,0,0,0,0,0,0,0,0,0,0,0,0,0,0,0,0,0,0,0,0,0,0,0,8.969,12.475,14.188,16.629,17.866,19.92,20.844,23.426,27.226,29.938,34.756,39.586,45.349,51.934,58.976,63.994,69.336,74.479,75.693,75.475,74.013,67.928,64.188,56.469,52.285,45.89,41.838,38.818,36.622,34.393,33.816,32.732,32.986,31.078,30.673,30.6,29.031,27.987,25.771,23.527,21.341,18.689,15.721,12.948,10.567,8.152,6.59,5.577,4.205,2.832,1.842,1.196,0.871,0.489,0.344,0.194,0.039,0.099,0.1,0.041,0.045,0,0,0,0,0
2026-08-27 22:48:00,1,"Normal Scan","Normal Scan",0,"ON",1,1,1,737.8,5,20.9,97.1,50.5,0.0000000695782,0.0000182241,4.97,8954.6,8.8,736.5,1,"Up Scan","Positive",254,0,4.37,1.6,8,8,0,1,1,20.629,32.279,23.182,9.647,2.071,10026.3,47,21.8,NA,0,0,0,0,0,0,0,0,0,0,0,0,0,0,0,0,0,0,0,0,0,0,0,0,0,0,0,0,0,0,0,23566.624,20357.984,18975.808,16385.952,13228.128,12604.416,11635.264,11222.144,10802.752,10629.76,10471.328,10328.256,10667.168,10683.968,10824.768,11075.584,10900.256,10850.88,10174.688,9195.712,8221.6,7084.64,5913.28,5076.704,4101.664,3579.84,2993.312,2683.968,2376.416,2124.64,1994.4,1733.504,1662.528,1782.784,1679.776,1672.704,1528.832,1490.656,1426.592,1213.984,1087.424,986.08,837.792,722.912,574.112,452.704,373.664,294.144,155.072,147.552,86.176,59.712,46.112,35.36,21.408,18.976,8.16,5.12,1.728,2.72,0,0,0,0,0,0,0,0,0,0,0,0,0,0,0,0,0,0,0,0,0,0,0,0,0,0,0,0,0,0,0,0,0,0,0,6.756,9.51,11.876,15.017,16.831,17.197,20.189,22.4,25.521,28.483,32.144,35.99,39.904,45.975,50.932,56.712,63.327,67.647,72.685,73.426,71.237,68.17,62.825,56.123,51.38,44.502,41.511,37.135,35.679,34.287,33.032,32.684,30.431,30.674,32.797,31.223,31.255,28.761,27.609,25.702,21.768,19.196,16.715,13.979,11.622,9.078,7.06,5.726,4.392,2.36,2.084,1.234,0.804,0.64,0.458,0.271,0.235,0.099,0.06,0.02,0.022,0.014,0,0,0,0
2026-08-27 22:53:00,1,"Normal Scan","Normal Scan",0,"ON",1,1,1,737.6,5,20.6,97.1,50.9,0.0000000694879,0.0000182097,4.97,8954.6,8.8,736.5,1,"Up Scan","Positive",254,0,4.37,1.6,8,8,0,1,1,20.131,32.675,23.135,9.647,2.106,10319.6,47,21.6,NA,0,0,0,0,0,0,0,0,0,0,0,0,0,0,0,0,0,0,0,0,0,0,0,0,0,0,0,0,0,0,0,24599.936,23488.128,19996.032,17033.184,15124.672,13022.144,12063.904,11111.168,10718.304,10652.512,10326.592,10207.2,10548.064,10401.216,10578.304,10371.424,10398.336,9882.56,9781.248,9049.312,7990.304,7067.456,5945.632,5004.064,4521.152,3916.864,3455.968,3194.592,2769.92,2617.76,2313.6,2188.864,1878.688,1900.96,1842.016,1778.016,1721.44,1607.264,1567.392,1352.864,1240.928,984.032,855.712,765.6,548.192,467.68,377.056,324.256,217.952,155.616,95.84,87.232,41.824,20.576,19.808,14.24,13.056,1.696,5.216,0,0,0,0,0,0,0,0,0,0,0,0,0,0,0,0,0,0,0,0,0,0,0,0,0,0,0,0,0,0,0,0,0,0,0,0,8.221,9.934,13.653,15.832,17.489,19.659,20.85,23.215,25.235,28.255,32.234,35.437,39.375,45.387,49.628,55.398,59.36,64.68,66.474,70.678,70.374,66.711,63.206,56.984,51.329,49.53,45.732,43.059,41.95,39.471,39.566,37.463,37.012,34.349,35.092,34.384,32.891,31.71,29.547,27.84,24.04,21.561,17.229,14.384,12.273,8.977,7.275,5.669,4.757,3.263,2.229,1.357,1.183,0.602,0.267,0.252,0.177,0.159,0.02,0.061,0,0.041,0,0,0,0
2026-08-27 22:58:00,1,"Normal Scan","Normal Scan",0,"ON",1,1,1,737.3,5,20.2,97.1,50.7,0.0000000693674,0.0000181905,4.97,8954.6,8.8,736.5,1,"Up Scan","Positive",254,0,4.37,1.6,8,8,0,1,1,20.794,33.686,23.694,9.647,2.124,11067.2,47,21.4,NA,0,0,0,0,0,0,0,0,0,0,0,0,0,0,0,0,0,0,0,0,0,0,0,0,0,0,0,0,0,0,0,25667.968,23805.408,20375.488,17777.6,15535.072,13699.584,12148.48,11758.88,11541.92,11459.136,11549.664,10969.728,10986.752,11400.672,11314.72,11462.656,11699.232,11470.944,10828.896,10186.976,8932.704,7726.176,6581.728,5542.112,4589.856,4227.648,3736.096,3420.736,2987.68,2896.064,2522.848,2357.664,2193.152,2043.84,2057.824,1993.184,1968.064,1838.336,1850.336,1606.976,1395.488,1246.4,1010.08,876.256,750.336,596.224,429.28,321.152,260.32,176.864,136.96,72.928,59.136,46.496,25.984,9.472,8.224,3.36,10.464,1.792,0,0,0,0,0,0,0,0,0,0,0,0,0,0,0,0,0,0,0,0,0,0,0,0,0,0,0,0,0,0,0,0,0,0,0,7.17,10.294,13.862,16.128,18.293,20.163,21.94,23.398,26.738,30.498,34.684,39.662,42.405,47.373,54.353,59.38,65.692,72.67,77.014,78.242,79.031,74.44,69.008,63.025,56.828,50.683,49.373,46.728,45.354,42.738,44.105,40.943,40.636,40.45,38.472,39.026,37.799,36.422,34.245,33.268,28.56,24.263,21.308,17.003,14.374,11.841,9.31,6.618,4.806,3.74,2.535,1.941,1.033,0.78,0.603,0.329,0.118,0.099,0.04,0.122,0.021,0,0,0,0,0
2026-08-27 23:03:00,1,"Normal Scan","Normal Scan",0,"ON",1,1,1,737.6,5,20.6,97.1,50.9,0.0000000694879,0.0000182097,4.97,8954.6,8.8,736.5,1,"Up Scan","Positive",254,0,4.37,1.6,8,8,0,1,1,25.194,39.268,27.647,9.647,2.168,10086.4,47,21.5,NA,0,0,0,0,0,0,0,0,0,0,0,0,0,0,0,0,0,0,0,0,0,0,0,0,0,0,0,0,0,0,0,14860.64,14020.288,13049.472,12910.24,11786.208,11014.304,10953.568,10502.72,10425.312,10793.984,10501.888,10654.656,10791.648,11015.68,10911.04,11550.432,11396.704,11557.696,10749.184,10693.344,9494.08,8329.6,7339.296,6352.032,5498.688,5097.952,4509.312,4090.816,3722.912,3403.936,3146.88,3053.6,2884.256,2976.64,2766.816,2621.216,2461.76,2273.056,2213.152,1929.472,1665.76,1377.568,1225.216,1030.56,770.56,656.064,525.76,385.504,286.656,174.56,131.104,79.904,58.528,26.496,30.464,17.44,1.6,8.384,7.008,1.792,0,0,0,0,0,0,0,0,0,0,0,0,0,0,0,0,0,0,0,0,0,0,0,0,0,0,0,0,0,0,0,0,0,0,0,3.809,6.05,8.192,10.333,13.304,15.313,17.66,21.095,23.881,27.536,32.718,36.112,41.167,46.575,52.566,57.397,66.258,71.042,77.868,78.093,83.361,79.592,74.915,70.643,65.608,60.6,59.888,57.138,55.262,54.228,52.637,51.812,51.95,51.351,53.398,50.535,47.702,45.197,41.231,39.118,33.992,28.793,23.58,20.065,16.631,12.158,10.142,7.874,5.727,4.194,2.499,1.834,1.112,0.79,0.344,0.387,0.216,0.02,0.101,0.081,0.022,0.014,0,0,0,0
2026-08-27 23:08:00,1,"Normal Scan","Normal Scan",0,"ON",1,1,1,737.1,5,20,97.1,51.3,0.0000000693072,0.0000181809,4.97,8954.6,8.8,736.5,1,"Up Scan","Positive",254,0,4.37,1.6,8,8,0,1,1,24.52,38.055,26.911,9.647,2.14,10541.3,47,21.2,NA,0,0,0,0,0,0,0,0,0,0,0,0,0,0,0,0,0,0,0,0,0,0,0,0,0,0,0,0,0,0,0,16219.872,15237.248,14295.68,13121.056,11286.656,11358.912,11141.376,11316.576,11350.528,11639.168,11929.728,11945.984,12306.72,12335.296,12897.632,12351.552,12546.24,12221.6,11698.176,10807.232,9915.232,8650.336,7245.408,6120.416,5162.272,4442.72,4008,3403.36,3232.704,3059.2,2878.912,2898.272,2744.288,2792.704,2586.688,2562.112,2477.536,2227.2,2267.904,1908.384,1734.464,1483.328,1271.136,991.456,804.928,679.648,503.616,364.736,300.192,191.424,150.08,89.92,79.84,29.632,25.952,14.208,4.864,8.448,1.728,1.792,0,0,0,0,0,0,0,0,0,0,0,0,0,0,0,0,0,0,0,0,0,0,0,0,0,0,0,0,0,0,0,0,0,0,0,4.319,6.51,8.88,11.317,13.582,14.708,18.22,21.541,25.796,29.987,35.3,41.001,46.177,53.076,58.834,67.578,70.859,78.042,82.178,84.611,83.952,82.446,77.097,68.947,62.722,56.834,52.651,51.05,47.307,47.79,48.329,48.126,50.077,49.789,50.951,48.377,47.643,45.697,40.42,40.157,33.872,29.795,25.175,20.959,16.253,12.749,10.634,7.572,5.426,4.372,2.708,2.098,1.226,1.071,0.382,0.329,0.177,0.06,0.101,0.02,0.021,0.015,0,0,0,0
2026-08-27 23:13:00,1,"Normal Scan","Normal Scan",0,"ON",1,1,1,736.7,5,19.5,97,51.4,0.0000000692279,0.0000181569,4.97,8954.6,8.8,736.5,1,"Up Scan","Positive",254,0,4.37,1.6,8,8,0,1,1,25.617,41.306,28.648,9.647,2.202,9310.28,48,21,NA,0,0,0,0,0,0,0,0,0,0,0,0,0,0,0,0,0,0,0,0,0,0,0,0,0,0,0,0,0,0,0,13366.048,11698.368,10061.856,10868.096,9760.288,9777.568,9344.224,9709.216,9946.528,10026.752,10391.296,10453.984,11401.472,11470.688,11114.752,11091.2,10614.624,10577.376,10028.736,9286.336,8247.584,7296.576,6559.904,5451.488,4678.88,4014.528,3715.584,3408.384,3203.104,3063.968,2940.864,3106.496,3159.104,3051.808,3015.808,2962.88,2761.952,2514.048,2294.88,2097.376,1830.816,1652.224,1390.464,1154.688,852.864,690.432,525.024,392.32,270.048,216.096,154.4,100.48,42.016,49.984,30.528,20.48,16.352,0,5.184,0,0,0,0,0,0,0,0,0,0,0,0,0,0,0,0,0,0,0,0,0,0,0,0,0,0,0,0,0,0,0,0,0,0,0,0,3.528,5.39,6.81,8,11.252,12.766,15.682,18.063,22.14,26.314,30.473,35.761,40.419,49.096,54.67,58.229,63.513,66.072,71.262,72.678,72.3,68.876,65.381,62.904,56.446,52.156,48.608,48.672,48.357,48.749,49.926,50.629,54.224,55.925,55.569,55.138,54.341,50.595,45.833,40.808,36.678,31.577,27.4,22.878,18.718,13.643,10.533,8.046,5.879,3.971,3.092,2.156,1.351,0.571,0.647,0.387,0.255,0.199,0,0.061,0,0.017,0,0,0,0
2026-08-27 23:18:00,1,"Normal Scan","Normal Scan",0,"ON",1,1,1,737.1,5,20.1,97,51.5,0.0000000694088,0.0000181857,4.97,8954.6,8.8,736.5,1,"Up Scan","Positive",254,0,4.37,1.6,8,8,0,1,1,27.274,44.295,30.602,28.387,2.224,8284.35,48,21,NA,0,0,0,0,0,0,0,0,0,0,0,0,0,0,0,0,0,0,0,0,0,0,0,0,0,0,0,0,0,0,0,9088.032,8379.68,8385.568,7756.864,7904.192,8357.248,8086.624,8559.808,8901.376,9371.808,9179.36,9889.152,9679.072,9957.088,9707.872,9961.792,9742.144,9262.016,9172.384,8538.752,7612.256,6862.944,6232.928,5232.192,4593.76,4212.64,3730.528,3368.8,3069.152,3104.832,2888.8,3010.624,3020.512,3002.08,2969.696,2762.464,2762.784,2539.296,2233.568,2083.328,1882.272,1711.584,1392.576,1188.928,967.68,781.472,598.912,434.208,314.432,202.656,163.648,99.52,66.912,50.624,31.552,12.64,9.824,6.72,3.52,5.408,0,0,0,0,0,0,0,0,0,0,0,0,0,0,0,0,0,0,0,0,0,0,0,0,0,0,0,0,0,0,0,0,0,0,0,2.139,3.684,4.931,6.677,8.051,10.304,13.421,15.637,19.474,23.55,28.408,31.588,38.184,41.643,47.465,50.906,57.04,60.648,62.556,66.59,66.67,63.955,61.66,59.954,54.134,51.194,50.539,48.619,47.721,46.803,49.749,49.811,52.887,54.16,55.115,54.862,52.141,50.92,46.727,40.722,37.225,32.923,28.658,22.926,19.27,15.229,12.036,9.162,6.442,4.543,2.913,2.259,1.409,0.885,0.654,0.402,0.157,0.119,0.08,0.041,0.062,0,0,0,0,0
2026-08-27 23:23:00,1,"Normal Scan","Normal Scan",0,"ON",1,1,1,736.9,5,19.8,97,52.2,0.0000000693183,0.0000181713,4.97,8954.6,8.8,736.5,1,"Up Scan","Positive",254,0,4.37,1.6,8,8,0,1,1,28.649,46.768,32.32,21.288,2.239,8113.15,48,20.9,NA,0,0,0,0,0,0,0,0,0,0,0,0,0,0,0,0,0,0,0,0,0,0,0,0,0,0,0,0,0,0,0,7141.376,6242.592,6709.12,7309.824,7638.304,7655.2,7917.312,8551.872,8942.336,8885.728,9360.544,9534.88,9406.24,9385.44,9404.512,9383.648,9385.12,9182.56,8958.272,8141.728,7597.632,7174.464,6165.12,5425.568,4860.224,4195.424,3940.64,3618.816,3524.736,3380.576,3435.968,3334.688,3166.88,3352.448,2969.92,3067.072,2989.888,2832.16,2561.056,2368.384,2041.824,1720.704,1510.528,1255.392,1019.04,827.04,663.488,467.84,349.632,253.792,144.032,104.128,48.608,41.312,31.936,12.608,9.824,8.448,8.704,3.616,0,0,0,0,0,0,0,0,0,0,0,0,0,0,0,0,0,0,0,0,0,0,0,0,0,0,0,0,0,0,0,0,0,0,0,2.003,2.912,3.662,5.346,7.564,9.93,12.304,15.324,19.467,23.69,27.021,32.16,36.806,40.532,44.786,49.323,53.857,58.62,62.048,65.201,63.871,63.831,64.668,59.645,56.64,54.734,51.106,51.521,51.395,53.03,54.041,57.637,58.797,57.82,61.191,56.252,56.721,55.062,51.669,45.905,41.981,35.418,29.387,24.963,20.136,16.021,12.559,10.015,6.95,5.047,3.624,2.055,1.455,0.659,0.535,0.407,0.157,0.119,0.101,0.102,0.041,0.016,0,0,0,0
2026-08-27 23:28:00,1,"Normal Scan","Normal Scan",0,"ON",1,1,1,737.3,5,20.4,97,52.1,0.0000000694992,0.0000182001,4.97,8954.6,8.8,736.5,1,"Up Scan","Positive",254,0,4.37,1.6,8,8,0,1,1,29.43,47.938,33.131,26.416,2.249,7690.8,49,21.1,NA,0,0,0,0,0,0,0,0,0,0,0,0,0,0,0,0,0,0,0,0,0,0,0,0,0,0,0,0,0,0,0,6305.632,5997.184,6924.064,6034.56,6519.04,7055.84,7466.208,7789.696,7770.976,8258.816,8684.96,8766.72,8693.728,8731.36,9122.144,9002.56,8656.032,8781.92,8413.792,7925.184,7541.088,6801.44,6101.376,5387.456,4589.184,4205.536,3690.944,3703.744,3294.624,3344.736,3445.312,3302.016,3395.776,3272.608,3188.768,3067.872,2985.728,2759.264,2464.288,2304.96,1988.8,1740.64,1466.08,1281.888,982.016,754.112,646.464,472.512,361.408,238.272,165.6,95.168,75.744,41.216,18.432,11.008,6.592,6.752,1.728,4,0,0,0,0,0,0,0,0,0,0,0,0,0,0,0,0,0,0,0,0,0,0,0,0,0,0,0,0,0,0,0,0,0,0,0,1.66,2.576,3.51,5.494,6.24,8.492,11.371,14.403,17.748,20.551,25.031,29.823,33.825,37.48,41.635,47.807,51.676,54.097,59.384,61.365,62.084,63.371,61.292,59.086,55.98,51.804,51.451,49.078,52.265,50.699,53.826,57.73,57.996,60.472,59.787,58.771,56.651,54.648,50.669,44.347,40.387,34.617,29.709,24.258,20.72,15.329,11.752,9.65,6.963,5.143,3.397,2.306,1.309,1.035,0.535,0.232,0.137,0.079,0.08,0.02,0.048,0.025,0,0,0,0
2026-08-27 23:33:00,1,"Normal Scan","Normal Scan",0,"ON",1,1,1,737,5,20,97,52.7,0.0000000693786,0.0000181809,4.97,8954.6,8.8,736.5,1,"Up Scan","Positive",254,0,4.37,1.6,8,8,0,1,1,30.09,48.718,33.786,24.582,2.243,7518.42,48,21,NA,0,0,0,0,0,0,0,0,0,0,0,0,0,0,0,0,0,0,0,0,0,0,0,0,0,0,0,0,0,0,0,5572.064,5227.872,5755.168,5851.04,6819.2,6349.312,7159.904,7635.456,7631.456,8108.704,8092.064,8514.56,8707.776,8858.784,8660.768,8792.672,8725.312,8449.28,8260.992,7938.496,7677.76,6913.216,6026.4,5248.224,4742.752,4250.304,3939.04,3593.408,3476.288,3333.248,3280.832,3352.768,3220.032,3246.816,3251.2,2924.672,2899.936,2670.336,2638.848,2300.8,2051.392,1859.104,1496.96,1215.104,999.04,808.608,602.752,455.616,336.8,225.184,160.192,102.048,52.032,59.104,22.848,14.208,13.088,5.056,5.216,7.2,0,0,0,0,0,0,0,0,0,0,0,0,0,0,0,0,0,0,0,0,0,0,0,0,0,0,0,0,0,0,0,0,0,0,0,1.266,2.266,3.086,4.566,6.037,8.91,10.205,13.826,17.403,20.227,24.606,27.835,32.873,37.551,42.204,45.483,50.592,54.564,57.235,60.243,62.336,64.547,62.415,58.427,54.78,53.344,51.687,51.729,50.76,52.876,53.596,55.268,58.125,58.846,59.682,59.857,55.552,53.485,48.85,47.054,40.464,35.447,31.122,24.675,19.647,15.763,12.365,9.239,6.726,4.916,3.216,2.243,1.428,0.753,0.764,0.29,0.177,0.159,0.06,0.061,0.082,0.047,0,0,0,0
2026-08-27 23:38:00,1,"Normal Scan","Normal Scan",0,"ON",1,1,1,737.2,5,20.2,97,52.1,0.0000000694389,0.0000181905,4.97,8954.6,8.8,736.5,1,"Up Scan","Positive",254,0,4.37,1.6,8,8,0,1,1,31.162,50.535,34.924,30.505,2.263,7119.81,49,21,NA,0,0,0,0,0,0,0,0,0,0,0,0,0,0,0,0,0,0,0,0,0,0,0,0,0,0,0,0,0,0,0,4887.808,5125.216,4704.032,5435.648,5884.992,6485.408,5996,6697.12,6912.672,7625.824,7704.48,7906.368,8037.728,8012.192,7795.072,8041.792,8533.92,8039.264,7885.6,7527.84,7180.32,6321.088,5692.704,5088.8,4757.728,4206.72,4005.76,3646.304,3676.832,3325.248,3441.184,3422.816,3321.696,3203.456,3062.688,3032.576,2896.8,2808.544,2612.224,2267.424,2042.144,1747.552,1473.152,1278.08,961.408,858.752,655.456,473.984,361.056,287.392,171.424,120.192,74.592,44.256,28.96,25.248,6.528,6.72,1.76,5.376,0,0,0,0,0,0,0,0,0,0,0,0,0,0,0,0,0,0,0,0,0,0,0,0,0,0,0,0,0,0,0,0,0,0,0,1.08,1.955,2.996,3.758,5.637,7.688,10.42,11.595,15.262,18.304,23.123,26.472,30.544,34.598,38.253,41.011,46.27,53.254,54.451,57.555,59.228,60.567,57.488,55.555,53.516,53.458,51.616,52.412,51.571,54.775,53.366,57.512,59.666,60.022,58.609,57.462,56.35,53.77,51.092,46.728,40.796,35.511,29.835,24.837,20.767,15.369,13.233,9.891,7.037,5.298,4.06,2.372,1.669,1.035,0.573,0.368,0.314,0.079,0.08,0.02,0.062,0.044,0,0,0,0
2026-08-27 23:43:00,1,"Normal Scan","Normal Scan",0,"ON",1,1,1,737.2,5,20.2,97,52.7,0.0000000694389,0.0000181905,4.97,8954.6,8.8,736.5,1,"Up Scan","Positive",254,0,4.37,1.6,8,8,0,1,1,32.011,49.506,35.077,37.855,2.187,7742.71,48,21,NA,0,0,0,0,0,0,0,0,0,0,0,0,0,0,0,0,0,0,0,0,0,0,0,0,0,0,0,0,0,0,0,4098.752,4210.368,4741.888,5091.808,5882.112,6251.264,6786.72,7324.928,7233.024,8010.016,8281.376,8456.192,8702.144,9107.424,9160.48,9594.112,9478.4,9451.008,9623.04,9708.928,9324.704,8965.472,7520.864,6151.776,5097.504,4437.408,3971.744,3636.48,3537.728,3371.392,3331.072,3294.336,3231.68,3280.992,3131.584,3034.816,2864.768,2733.984,2536.128,2319.392,2064.864,1715.872,1495.808,1348.896,1045.44,854.336,638.304,489.792,376.64,266.336,156.96,109.024,99.84,38.784,42.72,25.216,16.352,6.784,5.216,1.792,0,0,0,0,0,0,0,0,0,0,0,0,0,0,0,0,0,0,0,0,0,0,0,0,0,0,0,0,0,0,0,0,0,0,0,0.944,1.681,2.465,3.779,5.286,7.689,10.061,13.096,16.694,19.154,24.322,28.523,32.717,37.589,43.572,48.371,55.409,59.694,64.281,70.173,75.788,77.74,79.768,71.748,63.366,56.966,53.644,52.055,51.178,53.354,54.244,55.872,57.424,58.863,60.065,58.531,56.396,53.283,50.801,46.01,41.367,35.799,29.732,24.962,21.791,16.455,13.425,9.625,7.372,5.483,3.809,2.223,1.48,1.317,0.504,0.542,0.314,0.199,0.08,0.061,0.021,0,0,0,0,0
2026-08-27 23:48:00,1,"Normal Scan","Normal Scan",0,"ON",1,1,1,737.1,5,20.1,97,52.3,0.0000000694088,0.0000181857,4.97,8954.6,8.8,736.5,1,"Up Scan","Positive",254,0,4.37,1.6,8,8,0,1,1,27.976,43.783,31.582,22.876,2.094,10036.9,49,21,NA,0,0,0,0,0,0,0,0,0,0,0,0,0,0,0,0,0,0,0,0,0,0,0,0,0,0,0,0,0,0,0,4121.984,5115.936,6273.184,7048.224,7791.232,9391.488,10563.584,11323.904,11887.36,11996.384,12571.424,14486.624,14982.464,14728.448,14431.2,13797.408,14288.448,13547.168,13033.568,11808.544,10108.928,8411.648,7188,5880.672,5055.328,4459.232,4076.672,3840.896,3672.832,3500.448,3446.24,3522.816,3415.072,3218.048,3215.072,3134.016,2977.664,2878.272,2575.648,2350.944,2205.888,1787.52,1579.744,1291.328,1047.136,851.712,617.6,531.968,367.328,267.552,205.984,121.632,92.896,39.84,12.224,15.84,17.984,3.36,5.248,1.792,0,0,0,0,0,0,0,0,0,0,0,0,0,0,0,0,0,0,0,0,0,0,0,0,0,0,0,0,0,0,0,0,0,0,0,1.196,1.693,3.009,4.998,7.315,10.188,15.127,20.429,25.775,31.459,36.434,43.299,55.957,64.446,70.066,75.493,78.882,88.461,90.719,93.796,91.318,84.059,75.089,69.129,61.144,56.616,54.186,53.491,54.035,55.121,55.928,57.954,61.245,61.422,59.68,60.439,58.158,55.404,52.722,46.55,41.864,37.981,30.761,26.262,21.099,16.655,13.317,9.251,7.714,5.352,3.827,2.853,1.671,1.242,0.516,0.155,0.196,0.219,0.04,0.061,0.021,0.015,0,0,0,0
2026-08-27 23:53:00,1,"Normal Scan","Normal Scan",0,"ON",1,1,1,737.3,5,20.4,97,52.6,0.0000000694992,0.0000182001,4.97,8954.6,8.8,736.5,1,"Up Scan","Positive",254,0,4.37,1.6,8,8,0,1,1,29.42,43.599,32.209,28.387,2.032,10831.7,49,21.1,NA,0,0,0,0,0,0,0,0,0,0,0,0,0,0,0,0,0,0,0,0,0,0,0,0,0,0,0,0,0,0,0,4901.728,4914.208,5881.568,6143.648,7398.368,8490.976,9060.128,10190.944,10915.872,11465.152,13013.952,14601.696,15090.24,16611.136,16994.336,17866.624,17850.272,17186.432,16451.104,14645.312,13033.984,11029.792,9027.424,7093.184,5788.928,4647.168,4293.312,3753.824,3518.176,3427.84,3342.048,3372.832,3164.96,3190.624,3246.432,3060.256,2936.736,2751.136,2580.768,2391.392,2030.08,1829.088,1526.208,1373.312,1004.16,886.592,725.568,546.944,449.984,325.824,198.688,135.968,108.096,69.92,36.64,15.744,16.352,3.36,3.488,2.752,0,0,0,0,0,0,0,0,0,0,0,0,0,0,0,0,0,0,0,0,0,0,0,0,0,0,0,0,0,0,0,0,0,0,0,0.986,1.992,2.9,4.72,6.383,9.697,13.682,17.532,23.267,28.994,34.905,44.964,56.648,65.271,79.283,89.076,102.109,110.616,115.05,118.168,112.895,107.421,97.416,85.35,72.267,63.775,56.015,55.218,52.547,53.255,55.03,56.391,58.747,58.009,59.477,60.228,57.431,54.84,51.298,47.037,43.06,36.156,31.876,26.316,22.338,16.163,13.982,11.081,8.123,6.481,4.634,2.737,1.835,1.461,0.904,0.465,0.196,0.199,0.04,0.041,0.022,0.014,0,0,0,0
2026-08-27 23:58:00,1,"Normal Scan","Normal Scan",0,"ON",1,1,1,737,5,19.9,97,52.5,0.0000000693485,0.0000181761,4.97,8954.6,8.8,736.5,1,"Up Scan","Positive",254,0,4.37,1.6,8,8,0,1,1,30.54,46.54,33.937,28.387,2.079,9220.74,49,20.9,NA,0,0,0,0,0,0,0,0,0,0,0,0,0,0,0,0,0,0,0,0,0,0,0,0,0,0,0,0,0,0,0,3517.12,3702.976,4283.84,4993.024,5908.736,6868.288,7394.272,8531.584,9096.032,9801.984,10844.576,11557.504,12787.264,13113.408,13851.904,14291.328,14031.296,13895.392,13153.152,12259.904,10981.6,9567.936,8265.824,6463.328,5383.968,4647.04,4019.616,3769.152,3498.528,3599.072,3262.56,3468.992,3425.696,3125.792,3100.128,2887.68,2818.432,2717.632,2529.92,2364.672,2071.616,1864.416,1492.224,1329.6,1064.32,914.496,726.496,532.704,431.936,299.232,199.264,150.656,84.8,53.024,35.264,17.312,6.464,0,1.728,7.136,0,0,0,0,0,0,0,0,0,0,0,0,0,0,0,0,0,0,0,0,0,0,0,0,0,0,0,0,0,0,0,0,0,0,0,0.975,1.394,2.168,3.44,5.226,7.731,11.073,14.314,19.479,24.133,29.875,37.439,44.776,55.231,62.673,72.671,81.866,87.316,93.398,95.007,94.887,91.066,84.88,78.599,66.387,59.965,55.791,52.846,52.925,52.705,56.494,54.919,59.84,61.068,58.561,58.182,55.45,52.933,50.607,46.731,42.697,36.567,32.249,25.482,21.751,17.107,14.126,10.911,7.978,6.239,4.158,2.739,2.091,1.153,0.688,0.445,0.216,0.079,0,0.02,0.082,0.032,0,0,0,0
