"date","Flag","Detector.Status","Classifier.Errors","Communication.Status","Neutralizer.Status","Detector.Inlet.Flow..L.min.","Detector.Counting.Flow..L.min.","Impactor.Flow..L.min.","Impactor.D50..nm.","Sheath.Flow..L.min.","Sheath.Temp..C.","Sheath.Pressure..kPa.","Sheath.Relative.Humidity....","Mean.Free.Path..m.","Gas.Viscosity..Pa.s.","Low.Voltage..V.","High.Voltage..V.","Lower.Size..nm.","Upper.Size..nm.","Wide.Range.Scan.Mode","Scan.Direction","HV.Polarity","DMA.V.Ramping.Up..TUP...s.","DMA.V.Ramping.Down..TDOWN...s.","DMA.Column.transit.time.Tf..s.","DMA.Exit.to.Optical.Detector.Td..s.","DMA.at.Low.Voltage..TLOW...s.","DMA.at.High.Voltage..THIGH...s.","Adjustment..s.","Dilution.Factor","Aerosol.Density..g.cm..","Median..nm.","Mean..nm.","Geo..Mean..nm.","Mode..nm.","Geo..Std..Dev","Total.Concentration....cm..","Aerosol.Humidity....","Aerosol.Temperature..C.","Reserved.1","part_1.04","part_1.11","part_1.20","part_1.29","part_1.38","part_1.49","part_1.60","part_1.72","part_1.84","part_1.98","part_2.13","part_2.29","part_2.46","part_2.64","part_2.84","part_3.05","part_3.28","part_3.52","part_3.79","part_4.07","part_4.37","part_4.70","part_5.05","part_5.42","part_5.83","part_6.26","part_6.73","part_7.23","part_7.77","part_8.35","part_8.98","part_9.65","part_10.37","part_11.14","part_11.97","part_12.86","part_13.82","part_14.86","part_15.96","part_17.15","part_18.43","part_19.81","part_21.29","part_22.88","part_24.58","part_26.42","part_28.39","part_30.51","part_32.78","part_35.23","part_37.86","part_40.68","part_43.71","part_46.98","part_50.48","part_54.25","part_58.29","part_62.64","part_67.32","part_72.34","part_77.74","part_83.54","part_89.77","part_96.47","part_103.66","part_111.40","part_119.71","part_128.64","part_138.24","part_148.55","part_159.63","part_171.54","part_184.34","part_198.10","part_212.88","part_228.76","part_245.82","part_264.16","part_283.87","part_305.05","part_327.81","part_352.27","part_378.55","part_406.79","part_437.14","part_469.76","part_504.81","part_542.47","part_582.94","part_626.43","part_673.17","part_723.39","part_777.37","part_835.36","part_897.69","part_964.66","raw_1.04","raw_1.11","raw_1.20","raw_1.29","raw_1.38","raw_1.49","raw_1.60","raw_1.72","raw_1.84","raw_1.98","raw_2.13","raw_2.29","raw_2.46","raw_2.64","raw_2.84","raw_3.05","raw_3.28","raw_3.52","raw_3.79","raw_4.07","raw_4.37","raw_4.70","raw_5.05","raw_5.42","raw_5.83","raw_6.26","raw_6.73","raw_7.23","raw_7.77","raw_8.35","raw_8.98","raw_9.65","raw_10.37","raw_11.14","raw_11.97","raw_12.86","raw_13.82","raw_14.86","raw_15.96","raw_17.15","raw_18.43","raw_19.81","raw_21.29","raw_22.88","raw_24.58","raw_26.42","raw_28.39","raw_30.51","raw_32.78","raw_35.23","raw_37.86","raw_40.68","raw_43.71","raw_46.98","raw_50.48","raw_54.25","raw_58.29","raw_62.64","raw_67.32","raw_72.34","raw_77.74","raw_83.54","raw_89.77","raw_96.47","raw_103.66","raw_111.40","raw_119.71","raw_128.64","raw_138.24","raw_148.55","raw_159.63","raw_171.54","raw_184.34","raw_198.10","raw_212.88","raw_228.76","raw_245.82","raw_264.16","raw_283.87","raw_305.05","raw_327.81","raw_352.27","raw_378.55","raw_406.79","raw_437.14","raw_469.76","raw_504.81","raw_542.47","raw_582.94","raw_626.43","raw_673.17","raw_723.39","raw_777.37","raw_835.36","raw_897.69","raw_964.66"
2026-08-31 00:03:00,1,"Normal Scan","Normal Scan",0,"ON",1,1,1,737.3,5,20.7,96.7,46.5,6.98055e-08,1.82145e-05,4.97,8954.6,8.8,736.5,1,"Up Scan","Positive",254,0,4.37,1.6,8,8,0,1,1,21.885,26.574,22.418,32.781,1.705,4720.81,43,21.6,NA,0,0,0,0,0,0,0,0,0,0,0,0,0,0,0,0,0,0,0,0,0,0,0,0,0,0,0,0,0,0,0,161.072,160.278,179.634,184.476,205.509,206.938,214.211,208.997,212.141,223.026,222.16,208.671,210.871,206.709,212.891,224.125,228.199,231.267,224.453,191.399,153.909,117.949,85.347,56.35,37.399,23.912,15.022,11.296,8.692,7.409,7.07,5.974,6.419,5.656,5.926,4.754,5.725,5.21,5.817,5.209,5.471,4.276,4.309,3.419,2.618,2.186,1.834,1.502,0.814,0.883,0.305,0.392,0.134,0.138,0.094,0.148,0.051,0.105,0,0.056,0,0,0,0,0,0,0,0,0,0,0,0,0,0,0,0,0,0,0,0,0,0,0,0,0,0,0,0,0,0,0,0,0,0,0,1.132,2.079,2.976,4.551,6.116,8.559,10.589,13.209,15.165,17.885,21.575,24.412,25.792,29.083,31.618,35.737,40.895,45.013,49.018,50.846,46.372,39.7,32.314,24.829,17.374,12.312,8.421,5.721,4.68,3.974,3.633,3.685,3.493,3.773,3.747,3.882,3.273,3.75,3.331,3.455,3.057,3.08,2.383,2.307,1.774,1.373,1.076,0.906,0.712,0.406,0.413,0.146,0.185,0.056,0.057,0.039,0.059,0.02,0.04,0,0.023,0,0,0,0,0
2026-08-31 00:08:00,1,"Normal Scan","Normal Scan",0,"ON",1,1,1,737,5,20.3,96.7,47,6.96846e-08,1.81953e-05,4.97,8954.6,8.8,736.5,1,"Up Scan","Positive",254,0,4.37,1.6,8,8,0,1,1,23.504,26.26,23.134,28.387,1.599,7282.09,43,21.4,NA,0,0,0,0,0,0,0,0,0,0,0,0,0,0,0,0,0,0,0,0,0,0,0,0,0,0,0,0,0,0,0,165.994,168.287,175.913,213.931,239.94,260.668,286.294,320.684,347.506,352.26,359.195,383.576,424.89,453.291,452.434,459.458,434.024,392.895,347.619,285.069,215.601,160.503,110.777,67.556,46.728,27.24,17.611,12.164,8.87,8.151,6.506,5.056,4.299,5.323,5.657,5.226,5.787,5.875,6.607,5.792,4.419,3.933,4.214,2.91,2.464,2.348,2.09,1.536,0.761,0.75,0.397,0.29,0.222,0.046,0.096,0.099,0.204,0,0.054,0,0,0,0,0,0,0,0,0,0,0,0,0,0,0,0,0,0,0,0,0,0,0,0,0,0,0,0,0,0,0,0,0,0,0,0,1.494,2.129,3.163,4.47,7.092,9.973,13.426,17.703,23.358,29.392,34.218,39.626,47.478,58.473,68.733,75.16,83.148,84.915,82.832,78.502,68.875,55.425,43.883,32.097,20.796,15.249,9.464,6.54,4.9,4.022,3.942,3.54,3.097,3.113,3.545,3.613,3.393,3.749,3.569,3.767,3.429,2.611,2.198,2.228,1.547,1.258,1.177,0.992,0.73,0.389,0.359,0.187,0.125,0.094,0.019,0.039,0.039,0.079,0,0.02,0,0,0,0,0,0
2026-08-31 00:13:00,1,"Normal Scan","Normal Scan",0,"ON",1,1,1,737,5,20.3,96.7,46.6,6.96846e-08,1.81953e-05,4.97,8954.6,8.8,736.5,1,"Up Scan","Positive",254,0,4.37,1.6,8,8,0,1,1,20.328,25.246,21.378,18.434,1.665,4798.59,43,21.4,NA,0,0,0,0,0,0,0,0,0,0,0,0,0,0,0,0,0,0,0,0,0,0,0,0,0,0,0,0,0,0,0,148.655,171.654,172.237,186.812,194.34,189.645,228.023,260.256,300.156,301.458,291.123,257.279,241.275,238.321,246.169,241.815,214.72,192.338,163.523,127.202,92.818,66.479,45.231,33.479,27.23,22.996,17.53,14.169,11.192,8.58,6.511,6,7.223,6.012,5.493,6.647,5.318,5.416,6.013,5.998,5.788,4.14,5.095,4.629,3.016,2.569,1.674,1.42,0.845,0.457,0.469,0.309,0.134,0.091,0.143,0.099,0.052,0.158,0.055,0.113,0,0,0,0,0,0,0,0,0,0,0,0,0,0,0,0,0,0,0,0,0,0,0,0,0,0,0,0,0,0,0,0,0,0,0,1.318,1.955,3.199,4.371,6.17,8.086,9.765,14.077,18.951,25.306,29.148,31.824,31.666,33.056,36.115,40.784,43.568,41.904,40.428,36.926,30.878,24.181,18.488,13.465,10.597,9.067,8.13,6.647,5.794,4.843,4.232,3.56,3.582,4.226,3.982,3.816,4.099,3.707,3.713,3.665,3.372,3.202,2.335,2.564,2.361,1.532,1.284,0.804,0.712,0.407,0.251,0.219,0.167,0.056,0.038,0.058,0.039,0.02,0.06,0.02,0.041,0,0,0,0,0
2026-08-31 00:18:00,1,"Normal Scan","Normal Scan",0,"ON",1,1,1,737,5,20.3,96.7,47.2,6.96846e-08,1.81953e-05,4.97,8954.6,8.8,736.5,1,"Up Scan","Positive",254,0,4.37,1.6,8,8,0,1,1,20.937,27.575,22.205,22.876,1.8,3682.4,43,21.3,NA,0,0,0,0,0,0,0,0,0,0,0,0,0,0,0,0,0,0,0,0,0,0,0,0,0,0,0,0,0,0,0,157.387,166.591,167.542,150.909,151.155,154.783,165.321,163.531,172.262,170.929,176.036,176.693,180.026,173.205,157.56,159.667,136.484,133.341,121.858,109.114,91.389,72.47,59.992,49.709,42.633,34.11,28.145,21.755,17.16,11.999,11.172,8.309,8.401,6.844,7.522,7.834,6.451,6.74,6.21,5.689,6.08,5.049,5.087,4.605,3.019,2.738,2.198,1.181,1.168,0.696,0.294,0.086,0.27,0.229,0.095,0.198,0.051,0.21,0.163,0.057,0,0,0,0,0,0,0,0,0,0,0,0,0,0,0,0,0,0,0,0,0,0,0,0,0,0,0,0,0,0,0,0,0,0,0,1.09,2.005,3.125,4.252,5.005,6.31,7.955,10.224,11.882,14.514,16.53,19.303,21.704,24.652,26.238,26.235,28.989,26.94,28.415,27.938,26.893,24.099,20.439,17.958,15.758,14.209,12.031,10.479,8.647,7.336,5.652,5.589,4.682,4.872,4.323,4.736,4.835,4.279,4.268,3.746,3.431,3.387,2.779,2.663,2.314,1.484,1.413,1.094,0.591,0.583,0.359,0.164,0.037,0.113,0.095,0.039,0.078,0.02,0.08,0.061,0.021,0,0,0,0,0
2026-08-31 00:23:00,1,"Normal Scan","Normal Scan",0,"ON",1,1,1,737,5,20.2,96.7,47,6.96543e-08,1.81905e-05,4.97,8954.6,8.8,736.5,1,"Up Scan","Positive",254,0,4.37,1.6,8,8,0,1,1,19.769,27.152,21.443,10.366,1.843,3836.24,44,21.2,NA,0,0,0,0,0,0,0,0,0,0,0,0,0,0,0,0,0,0,0,0,0,0,0,0,0,0,0,0,0,0,0,219.7,236.659,182.829,177.156,177.952,177.778,171.228,168.697,174.161,160.732,156.995,161.816,154.363,157.336,156.164,148.777,142.247,132.08,118.364,109.178,92.996,72.59,58.872,48.406,39.993,30.01,26.043,20.604,15.404,15.219,13.827,11.711,11.713,10.93,9.15,8.901,8.657,7.979,7.373,6.466,5.9,6.193,4.704,4.611,3.487,2.751,1.981,1.725,1.134,0.922,0.464,0.473,0.355,0.139,0.143,0.098,0.051,0.053,0,0,0,0,0,0,0,0,0,0,0,0,0,0,0,0,0,0,0,0,0,0,0,0,0,0,0,0,0,0,0,0,0,0,0,0,0,2.098,2.814,4.418,4.635,5.819,7.387,9.117,10.554,12.285,14.694,15.574,17.243,19.958,21.204,23.866,26.039,27.069,28.037,28.164,27.153,26.845,24.445,20.413,17.622,15.33,13.528,10.922,10.05,8.582,6.909,7.166,6.866,6.251,6.511,6.216,5.465,5.545,5.23,4.874,4.397,3.873,3.326,3.33,2.564,2.361,1.771,1.379,0.975,0.844,0.52,0.413,0.219,0.204,0.15,0.057,0.058,0.039,0.02,0.02,0,0,0,0,0,0,0
2026-08-31 00:28:00,1,"Normal Scan","Normal Scan",0,"ON",1,1,1,737.1,5,20.4,96.7,47.4,6.97148e-08,1.82001e-05,4.97,8954.6,8.8,736.5,1,"Up Scan","Positive",254,0,4.37,1.6,8,8,0,1,1,17.904,24.904,19.798,9.647,1.826,4319.54,44,21.3,NA,0,0,0,0,0,0,0,0,0,0,0,0,0,0,0,0,0,0,0,0,0,0,0,0,0,0,0,0,0,0,0,440.831,298.129,248.37,214.602,192.338,189.47,199.471,183.565,178.609,174.222,162.512,162.894,159.199,155.606,154.499,147.401,136.575,132.438,130.073,111.15,99.147,83.784,67.969,53.102,41.99,30.622,23.375,18.485,14.234,11.379,8.015,9.309,7.83,6.455,6.818,6.311,6.913,6.582,6.325,6.255,5.697,5.587,4.309,3.877,3.595,2.783,1.673,1.183,1.118,0.605,0.436,0.4,0.628,0.138,0.332,0.05,0,0.159,0,0.111,0,0,0,0,0,0,0,0,0,0,0,0,0,0,0,0,0,0,0,0,0,0,0,0,0,0,0,0,0,0,0,0,0,0,0,5.595,5.602,5.527,6.28,7.041,8.001,9.735,12.288,13.298,15.05,16.804,17.809,20.038,21.839,23.667,25.76,26.897,27.047,28.314,29.839,27.347,25.97,23.364,20.15,16.637,13.941,10.779,8.839,7.404,6.117,5.368,4.325,5.01,4.57,4.276,4.353,4.25,4.324,4.066,3.883,3.75,3.094,3.092,2.282,2.023,1.826,1.497,0.869,0.612,0.53,0.287,0.219,0.204,0.282,0.057,0.135,0.02,0,0.06,0,0.041,0.016,0,0,0,0
2026-08-31 00:33:00,1,"Normal Scan","Normal Scan",0,"ON",1,1,1,736.8,5,20,96.7,47.3,6.95939e-08,1.81809e-05,4.97,8954.6,8.8,736.5,1,"Up Scan","Positive",254,0,4.37,1.6,8,8,0,1,1,17.339,24,19.271,9.647,1.801,4889.88,44,21.1,NA,0,0,0,0,0,0,0,0,0,0,0,0,0,0,0,0,0,0,0,0,0,0,0,0,0,0,0,0,0,0,0,451.366,377.078,331.639,285.617,262.664,211.087,210.414,197.705,185.962,185.188,186.049,185.86,190.272,178.546,175.712,165.564,159.996,143.601,129.464,118.535,103.257,84.923,65.307,48.987,41.587,30.032,25.36,20.207,15.462,13.623,10.961,10.123,7.787,8.385,6.944,7.463,6.065,7.681,6.192,6.129,5.386,5.422,4.3,3.697,3.4,2.082,1.455,1.659,1.455,0.734,0.377,0.346,0.445,0.092,0.191,0,0,0.053,0,0,0,0,0,0,0,0,0,0,0,0,0,0,0,0,0,0,0,0,0,0,0,0,0,0,0,0,0,0,0,0,0,0,0,0,0,4.174,5.763,6.983,8.352,9.387,10.911,10.793,12.964,14.385,15.695,17.891,20.411,22.927,26.101,27.027,29.249,30.137,31.596,30.606,29.616,29.111,27.037,23.722,19.445,15.486,13.921,10.746,9.571,8.098,6.721,6.299,5.498,5.392,4.678,4.949,4.42,4.667,3.862,4.628,3.792,3.429,3.093,3.014,2.327,1.877,1.701,1.11,0.701,0.8,0.654,0.341,0.164,0.148,0.188,0.038,0.077,0,0,0.02,0,0,0,0,0,0,0
2026-08-31 00:38:00,1,"Normal Scan","Normal Scan",0,"ON",1,1,1,737.1,5,20.4,96.7,47.5,6.97148e-08,1.82001e-05,4.97,8954.6,8.8,736.5,1,"Up Scan","Positive",254,0,4.37,1.6,8,8,0,1,1,17.915,24.094,19.533,9.647,1.779,4545.41,44,21.2,NA,0,0,0,0,0,0,0,0,0,0,0,0,0,0,0,0,0,0,0,0,0,0,0,0,0,0,0,0,0,0,0,362.53,351.999,274.59,248.035,229.816,206.582,195.363,197.479,188.089,200.573,190.418,179.858,182.334,163.973,169.627,164.738,152.982,141.656,129.396,112.076,95.734,77.588,61.865,45.676,34.211,29.279,23.094,16.658,13.926,11.642,8.943,7.669,7.141,7.183,6.281,5.709,6.441,5.218,5.646,4.694,5.655,3.946,4.122,3.573,3.135,2.795,1.217,1.125,0.933,0.679,0.133,0.255,0.223,0.184,0.095,0.196,0.051,0.106,0.163,0.112,0,0,0,0,0,0,0,0,0,0,0,0,0,0,0,0,0,0,0,0,0,0,0,0,0,0,0,0,0,0,0,0,0,0,0,3.654,4.656,6.585,6.96,8.184,9.562,10.62,12.031,14.325,15.871,19.368,20.854,22.141,25.002,24.908,28.22,29.95,30.159,30.158,29.558,27.422,25.07,21.685,18.321,14.409,11.47,10.357,8.681,6.728,5.941,5.428,4.552,4.241,4.12,4.17,4.11,3.637,3.986,3.378,3.46,2.893,3.016,2.198,2.196,1.812,1.577,1.379,0.663,0.594,0.445,0.32,0.109,0.148,0.094,0.076,0.039,0.078,0.02,0.04,0.061,0.041,0,0,0,0,0
2026-08-31 00:43:00,1,"Normal Scan","Normal Scan",0,"ON",1,1,1,736.8,5,20,96.7,47.4,6.95939e-08,1.81809e-05,4.97,8954.6,8.8,736.5,1,"Up Scan","Positive",254,0,4.37,1.6,8,8,0,1,1,19.179,24.182,20.218,9.647,1.727,5455.16,44,21.1,NA,0,0,0,0,0,0,0,0,0,0,0,0,0,0,0,0,0,0,0,0,0,0,0,0,0,0,0,0,0,0,0,372.666,329.826,292.625,268.264,241.563,243.648,229.417,238.936,246.654,254.56,233.827,236.587,233.704,236.658,227.404,230.624,210.04,199.833,178.832,154.951,133.697,107.933,81.049,54.311,41.049,28.301,21.746,16.444,14.605,11.057,8.891,7.268,6.376,6.891,5.607,5.342,5.612,5.477,4.255,4.429,4.562,3.999,3.304,2.594,2.287,2.187,1.731,0.785,0.615,0.672,0.161,0.52,0.23,0.046,0.096,0.149,0.051,0.105,0,0.113,0,0,0,0,0,0,0,0,0,0,0,0,0,0,0,0,0,0,0,0,0,0,0,0,0,0,0,0,0,0,0,0,0,0,0,3.518,4.804,6.148,7.399,8.806,10.05,12.522,14.142,17.369,20.85,24.616,25.698,29.151,32.082,35.921,37.862,41.911,41.402,42.451,40.726,37.793,34.705,29.84,23.797,17.028,13.631,10.001,8.097,6.626,6.202,5.071,4.403,4.04,3.643,3.895,3.576,3.434,3.444,3.183,2.661,2.681,2.565,2.175,1.734,1.336,1.25,1.119,0.821,0.4,0.318,0.331,0.083,0.241,0.113,0.019,0.039,0.059,0.02,0.04,0,0.041,0,0,0,0,0
2026-08-31 00:48:00,1,"Normal Scan","Normal Scan",0,"ON",1,1,1,737.2,5,20.5,96.7,47.4,6.97451e-08,1.82049e-05,4.97,8954.6,8.8,736.5,1,"Up Scan","Positive",254,0,4.37,1.6,8,8,0,1,1,19.439,24.563,20.633,17.154,1.701,4845.29,44,21.2,NA,0,0,0,0,0,0,0,0,0,0,0,0,0,0,0,0,0,0,0,0,0,0,0,0,0,0,0,0,0,0,0,247.805,199.548,219.688,228.666,240.312,227.865,250.936,249.991,259.354,243.959,244.904,227.512,216.876,207.48,205.973,205.879,191.172,171.03,161.911,135.397,113.496,93.121,65.963,46.789,32.044,24.112,19.205,13.677,9.977,7.515,8.129,5.868,6.257,6.221,6.403,5.306,4.366,4.944,5.571,3.997,4.197,4.356,3.687,3.142,2.784,2.089,1.77,1.388,0.794,0.462,0.461,0.265,0.179,0.138,0.096,0,0.05,0.157,0.055,0,0,0,0,0,0,0,0,0,0,0,0,0,0,0,0,0,0,0,0,0,0,0,0,0,0,0,0,0,0,0,0,0,0,0,0,2.086,3.211,3.724,5.574,7.584,10.012,11.712,15.425,18.14,21.854,23.573,26.854,28.02,29.742,31.462,34.288,37.322,37.626,36.293,36.793,32.944,29.461,25.73,19.356,14.536,10.638,8.549,7.188,5.548,4.465,3.753,3.994,3.327,3.724,3.682,3.842,3.489,2.985,3.178,3.337,2.489,2.436,2.345,1.987,1.612,1.406,1.055,0.863,0.657,0.371,0.251,0.201,0.13,0.075,0.057,0.039,0,0.02,0.06,0.02,0,0,0,0,0,0
2026-08-31 00:53:00,1,"Normal Scan","Normal Scan",0,"ON",1,1,1,736.8,5,20,96.7,47.4,6.95939e-08,1.81809e-05,4.97,8954.6,8.8,736.5,1,"Up Scan","Positive",254,0,4.37,1.6,8,8,0,1,1,20.03,24.234,20.793,17.154,1.655,5087.57,43,21,NA,0,0,0,0,0,0,0,0,0,0,0,0,0,0,0,0,0,0,0,0,0,0,0,0,0,0,0,0,0,0,0,214.361,199.08,197.287,227.521,237.896,251.471,241.46,267.566,272.266,268.404,261.651,261.132,261.047,254.378,243.94,231.847,212.783,194.603,173.339,142.94,113.251,89.082,58.96,44.376,28.858,22.853,15.841,12.854,9.91,6.532,5.851,5.506,5.161,4.719,4.532,5.294,4.558,4.803,4.626,4.604,4.375,3.115,2.936,2.532,1.905,1.528,0.89,0.672,0.907,0.458,0.362,0.172,0.188,0.092,0.096,0.099,0.051,0.053,0,0,0,0,0,0,0,0,0,0,0,0,0,0,0,0,0,0,0,0,0,0,0,0,0,0,0,0,0,0,0,0,0,0,0,0,0,1.774,2.79,3.72,5.034,7.525,9.926,12.944,14.911,19.49,23.04,25.969,28.69,32.118,35.748,38.486,40.524,41.969,41.765,41.098,39.307,34.718,29.37,24.542,17.345,13.803,9.503,8.018,5.946,5.129,4.318,3.178,3.179,3.125,3.085,3.03,3.012,3.189,2.809,2.889,2.735,2.511,2.347,1.75,1.525,1.384,0.952,0.783,0.445,0.348,0.46,0.206,0.174,0.074,0.113,0.038,0.039,0.039,0.02,0.02,0,0,0.034,0,0,0,0
2026-08-31 00:58:00,1,"Normal Scan","Normal Scan",0,"ON",1,1,1,737.2,5,20.5,96.7,47.2,6.97451e-08,1.82049e-05,4.97,8954.6,8.8,736.5,1,"Up Scan","Positive",254,0,4.37,1.6,8,8,0,1,1,20.953,23.87,21.16,21.288,1.589,10545,43,21.2,NA,0,0,0,0,0,0,0,0,0,0,0,0,0,0,0,0,0,0,0,0,0,0,0,0,0,0,0,0,0,0,0,364.754,371.043,351.678,390.322,432.66,453.987,484.914,522.337,560.568,586.643,594.763,602.39,588.359,577.419,575.024,531.246,508.642,453.955,392.716,315.357,256.317,191.993,139.605,87.194,53.755,31.762,20.583,13.549,9.736,9.152,6.349,6.401,5.329,4.589,4.634,4.259,4.807,3.787,4.477,4.271,3.453,3.446,3.251,3.118,2.9,2.181,1.535,1.224,0.736,0.337,0.233,0.261,0.312,0.278,0.096,0.098,0.103,0,0.109,0,0,0,0,0,0,0,0,0,0,0,0,0,0,0,0,0,0,0,0,0,0,0,0,0,0,0,0,0,0,0,0,0,0,0,0,3.095,4.704,6.934,8.951,12.939,18.062,23.335,29.958,38.037,47.346,56.848,65.266,74.192,80.685,87.323,95.289,96.062,99.583,95.841,88.822,76.224,65.904,52.43,40.399,26.75,17.505,10.96,7.635,5.435,4.181,4.17,3.291,3.396,3.188,2.931,2.971,2.84,3.093,2.558,2.893,2.588,1.994,1.983,1.698,1.596,1.439,1.127,0.804,0.608,0.336,0.18,0.128,0.111,0.132,0.114,0.039,0.039,0.04,0,0.041,0,0,0,0,0,0
2026-08-31 01:03:00,1,"Normal Scan","Normal Scan",0,"ON",1,1,1,736.7,5,19.9,96.7,47.2,6.95636e-08,1.81761e-05,4.97,8954.6,8.8,736.5,1,"Up Scan","Positive",254,0,4.37,1.6,8,8,0,1,1,21.243,24.067,21.233,30.505,1.613,10175,43,21,NA,0,0,0,0,0,0,0,0,0,0,0,0,0,0,0,0,0,0,0,0,0,0,0,0,0,0,0,0,0,0,0,405.155,362.981,409.777,429.983,449.782,450.437,461.892,472.687,460.828,461.37,498.235,495.402,502.522,490.17,507.201,523.112,536.883,513.738,465.64,400.433,298.309,203.664,123.129,68.807,37.957,24.065,17.329,13.506,10.031,7.891,7.612,5.865,5.241,5.874,4.13,4.884,4.825,5.067,3.97,3.092,3.633,3.719,3.151,2.705,2.013,1.846,1.279,0.803,0.732,0.604,0.173,0.346,0.209,0.092,0.095,0,0.051,0.053,0.054,0,0,0,0,0,0,0,0,0,0,0,0,0,0,0,0,0,0,0,0,0,0,0,0,0,0,0,0,0,0,0,0,0,0,0,0,3.186,5.228,6.833,10.446,14.222,18.775,23.128,28.49,34.406,38.953,44.709,54.832,61.269,69.329,74.792,84.846,95.042,105.145,108.135,104.807,96.253,76.45,55.492,35.659,21.225,12.453,8.511,6.515,5.412,4.365,3.704,3.788,3.339,3.095,3.266,2.714,3.102,3.044,3.03,2.46,1.9,2.114,1.982,1.69,1.365,1.048,0.937,0.636,0.383,0.354,0.287,0.091,0.148,0.094,0.038,0.039,0,0.02,0.02,0.02,0,0.017,0,0,0,0
2026-08-31 01:08:00,1,"Normal Scan","Normal Scan",0,"ON",1,1,1,737.1,5,20.4,96.7,46.9,6.97148e-08,1.82001e-05,4.97,8954.6,8.8,736.5,1,"Up Scan","Positive",254,0,4.37,1.6,8,8,0,1,1,16.608,21.599,18.206,9.647,1.663,5375.26,43,21.1,NA,0,0,0,0,0,0,0,0,0,0,0,0,0,0,0,0,0,0,0,0,0,0,0,0,0,0,0,0,0,0,0,368.506,335.817,330.455,325.955,322.267,334.722,324.132,332.742,324.711,289.922,266.718,240.086,200.082,176.473,160.362,151.056,153.106,142.587,124.098,104.312,80.898,54.423,37.246,27.176,22.44,20.309,14.55,12.261,9.872,8.615,6.98,6.328,6.132,5.321,5.053,5.04,4.847,4.569,5.271,4.826,4.375,4.145,4.342,3.518,2.074,1.372,1.497,0.889,0.953,0.376,0.504,0.302,0.31,0.091,0.095,0,0.05,0.105,0,0,0,0,0,0,0,0,0,0,0,0,0,0,0,0,0,0,0,0,0,0,0,0,0,0,0,0,0,0,0,0,0,0,0,0,0,3.385,4.744,6.262,8.361,10.769,13.401,17.139,19.971,24.105,27.281,27.897,29.099,29.405,27.335,26.696,26.676,27.405,29.925,30.038,28.071,25.327,21.038,15.164,11.114,8.662,7.593,7.231,5.549,5.015,4.358,4.053,3.613,3.441,3.623,3.457,3.299,3.262,3.338,2.949,3.051,2.649,2.487,2.24,2.25,1.801,1.092,0.757,0.715,0.421,0.442,0.198,0.219,0.13,0.132,0.038,0.039,0,0.02,0.04,0,0,0,0,0,0,0
2026-08-31 01:13:00,1,"Normal Scan","Normal Scan",0,"ON",1,1,1,736.9,5,20,96.8,46.9,6.9522e-08,1.81809e-05,4.97,8954.6,8.8,736.5,1,"Up Scan","Positive",254,0,4.37,1.6,8,8,0,1,1,16.95,22.049,18.44,9.647,1.677,4627.57,43,21,NA,0,0,0,0,0,0,0,0,0,0,0,0,0,0,0,0,0,0,0,0,0,0,0,0,0,0,0,0,0,0,0,315.77,273.867,268.544,264.641,262.12,267.105,292.24,278.983,286.114,276.219,253.319,220.162,188.966,174.575,147.372,129.683,112.185,95.805,83.434,72.851,61.772,50.641,40.04,33.877,28.304,22.633,17.807,12.281,11.558,7.604,6.995,5.996,5.648,5.972,4.669,5.378,5.623,5.102,4.672,4.804,3.923,3.325,3.161,2.83,1.987,1.819,1.372,1.162,0.577,0.567,0.406,0.228,0.269,0.324,0.145,0.098,0.05,0,0,0,0,0,0,0,0,0,0,0,0,0,0,0,0,0,0,0,0,0,0,0,0,0,0,0,0,0,0,0,0,0,0,0,0,0,0,3.02,4.033,5.116,6.816,8.761,10.949,13.708,17.972,20.215,24.078,26.619,27.649,26.925,25.745,26.261,24.369,23.443,22.034,20.372,19.151,17.96,16.285,14.224,11.946,10.709,9.425,8.03,6.653,5.043,4.92,3.726,3.636,3.422,3.333,3.617,3.043,3.245,3.432,3.157,2.644,2.825,2.282,1.798,1.764,1.466,1.027,0.926,0.719,0.586,0.288,0.252,0.177,0.098,0.113,0.134,0.058,0.039,0.02,0,0,0,0,0,0,0,0
2026-08-31 01:18:00,1,"Normal Scan","Normal Scan",0,"ON",1,1,1,737.3,5,20.5,96.8,46.7,6.9673e-08,1.82049e-05,4.97,8954.6,8.8,736.5,1,"Up Scan","Positive",254,0,4.37,1.6,8,8,0,1,1,18.972,23.08,19.854,17.154,1.641,6217.31,43,21.1,NA,0,0,0,0,0,0,0,0,0,0,0,0,0,0,0,0,0,0,0,0,0,0,0,0,0,0,0,0,0,0,0,295.406,295.53,296.169,303.303,305.761,313.796,315.243,338.358,345.423,337.773,336.919,318.833,300.316,288.611,272.526,265.138,255.26,239.996,192.932,147.961,111.232,76.809,46.597,36.87,29.097,21.75,16.656,14.331,12.028,9.031,7.863,5.997,5.438,5.514,5.857,4.372,5.234,4.675,4.504,3.544,4.154,4.408,3.329,2.599,3.102,1.972,1.318,1.111,0.713,0.703,0.378,0.172,0.133,0.323,0.096,0.05,0.103,0,0,0,0,0,0,0,0,0,0,0,0,0,0,0,0,0,0,0,0,0,0,0,0,0,0,0,0,0,0,0,0,0,0,0,0,0,0,2.667,3.859,5.515,7.559,10.016,12.762,16.086,19.418,24.614,29.123,32.629,36.9,39.201,41.176,43.645,45.201,47.856,49.8,50.365,43.561,35.879,28.786,21.255,13.885,11.658,9.71,7.728,6.285,5.736,5.186,4.131,3.961,3.4,3.239,3.248,3.56,3.098,3.266,2.922,2.913,2.175,2.331,2.335,1.843,1.354,1.536,0.976,0.701,0.522,0.346,0.331,0.164,0.074,0.056,0.134,0.039,0.02,0.04,0,0,0,0,0,0,0,0
2026-08-31 01:23:00,1,"Normal Scan","Normal Scan",0,"ON",1,1,1,736.9,5,20,96.8,46.8,6.9522e-08,1.81809e-05,4.97,8954.6,8.8,736.5,1,"Up Scan","Positive",254,0,4.37,1.6,8,8,0,1,1,17.541,22.665,18.891,18.434,1.675,3811.91,43,21,NA,0,0,0,0,0,0,0,0,0,0,0,0,0,0,0,0,0,0,0,0,0,0,0,0,0,0,0,0,0,0,0,198.023,212.364,200.745,187.79,208.81,219.364,232.619,245.414,252.501,259.443,226.058,212.167,178.804,162.412,133.356,113.394,83.684,73.336,56.305,51.418,45.452,38.61,33.341,26.502,21.267,17.901,14.247,13.696,9.897,8.79,6.939,6.661,5.187,5.722,5.658,4.547,4.406,4.541,4.643,3.778,3.389,4.016,3.377,2.409,1.872,1.31,1.757,0.96,0.852,0.64,0.369,0.487,0.138,0.139,0.048,0.148,0.153,0,0.054,0,0,0,0,0,0,0,0,0,0,0,0,0,0,0,0,0,0,0,0,0,0,0,0,0,0,0,0,0,0,0,0,0,0,0,0,1.837,2.576,3.949,5.124,6.21,8.775,11.295,14.338,17.817,21.291,24.981,24.637,25.9,24.33,24.327,21.994,20.447,16.457,15.632,12.963,12.696,12.024,10.889,10.065,8.447,7.228,6.439,5.462,5.503,4.396,4.08,3.506,3.529,3.147,3.418,3.312,2.966,2.929,2.771,2.707,2.253,2.068,2.149,1.842,1.287,1.053,0.68,0.855,0.464,0.447,0.305,0.177,0.209,0.075,0.057,0.019,0.059,0.06,0,0.02,0,0.016,0,0,0,0
2026-08-31 01:28:00,1,"Normal Scan","Normal Scan",0,"ON",1,1,1,737.3,5,20.5,96.8,46.6,6.9673e-08,1.82049e-05,4.97,8954.6,8.8,736.5,1,"Up Scan","Positive",254,0,4.37,1.6,8,8,0,1,1,18.268,23.28,19.495,17.154,1.672,3607.91,43,21.1,NA,0,0,0,0,0,0,0,0,0,0,0,0,0,0,0,0,0,0,0,0,0,0,0,0,0,0,0,0,0,0,0,171.155,158.181,184.404,168.619,179.576,191.599,197.889,227.031,241.386,235.825,233.063,211.658,199.322,166.328,142.642,113.203,91.475,76.808,60.72,53.875,50.02,38.713,32.289,27.465,20.014,17.828,15.774,12.052,10.511,8.745,6.86,5.321,5.141,4.646,4.101,4.192,4.401,5.045,4.515,4.137,4.068,3.176,3.149,3.053,2.165,1.528,0.988,0.922,0.509,0.651,0.215,0.343,0.221,0.185,0.095,0,0,0.106,0,0,0,0,0,0,0,0,0,0,0,0,0,0,0,0,0,0,0,0,0,0,0,0,0,0,0,0,0,0,0,0,0,0,0,0,0,1.547,2.203,2.961,4.66,5.58,7.488,9.848,12.229,16.491,20.334,22.726,25.396,25.852,27.084,24.966,23.476,20.432,17.952,16.337,13.975,13.272,13.179,10.946,9.707,8.729,6.843,6.348,5.915,4.847,4.507,3.985,3.4,3.111,3.097,2.931,2.793,2.728,2.785,3.144,2.684,2.348,2.207,1.767,1.699,1.514,1.116,0.783,0.53,0.435,0.23,0.305,0.109,0.148,0.094,0.076,0.039,0,0,0.04,0,0,0,0,0,0,0
2026-08-31 01:33:00,1,"Normal Scan","Normal Scan",0,"ON",1,1,1,736.8,5,19.9,96.8,46.8,6.94918e-08,1.81761e-05,4.97,8954.6,8.8,736.5,1,"Up Scan","Positive",254,0,4.37,1.6,8,8,0,1,1,19.613,24.434,20.642,18.434,1.666,3581.89,43,21,NA,0,0,0,0,0,0,0,0,0,0,0,0,0,0,0,0,0,0,0,0,0,0,0,0,0,0,0,0,0,0,0,119.208,131.324,155.985,155.765,158.052,172.303,177.467,194.368,223.978,225.61,223.224,216.477,214.938,192.663,172.26,143.005,127.56,99.603,83.243,68.354,57.174,47.715,34.514,28.092,22.471,18.493,16.138,13.075,10.296,8.756,6.595,6.029,5.088,5.722,4.954,4.569,4.778,3.56,4.742,4.154,3.694,3.311,2.479,2.383,1.941,1.328,1.021,1.132,0.626,0.447,0.351,0.255,0.223,0.047,0.048,0.099,0.101,0,0.109,0,0,0,0,0,0,0,0,0,0,0,0,0,0,0,0,0,0,0,0,0,0,0,0,0,0,0,0,0,0,0,0,0,0,0,0,1.11,1.531,2.474,3.951,5.14,6.604,8.87,10.983,14.156,18.927,21.829,24.419,26.561,29.278,28.943,28.38,25.767,24.964,21.076,18.98,16.749,15.015,13.404,10.361,8.961,7.558,6.644,6.08,5.219,4.541,4.048,3.36,3.254,3.011,3.367,3.109,2.848,2.83,2.359,2.713,2.326,2.067,1.834,1.346,1.256,1.03,0.686,0.496,0.539,0.336,0.198,0.169,0.125,0.094,0.019,0.019,0.039,0.04,0,0.041,0,0,0,0,0,0
2026-08-31 01:38:00,1,"Normal Scan","Normal Scan",0,"ON",1,1,1,737.2,5,20.4,96.8,46.6,6.96428e-08,1.82001e-05,4.97,8954.6,8.8,736.5,1,"Up Scan","Positive",254,0,4.37,1.6,8,8,0,1,1,19.686,24.47,20.742,18.434,1.674,4090.55,43,21.1,NA,0,0,0,0,0,0,0,0,0,0,0,0,0,0,0,0,0,0,0,0,0,0,0,0,0,0,0,0,0,0,0,180.509,171.867,164.798,170.936,165.102,177.979,196.315,217.739,251.679,252.042,243.382,233.694,222.436,197.343,175.764,167.059,141.738,126.121,114.578,104.54,87.203,69.041,52.279,38.021,28.688,21.547,16.754,14.235,10.5,9.146,6.939,6.598,4.594,5.112,5.693,4.364,3.968,2.949,3.471,3.746,2.744,2.911,3.023,2.641,2.288,1.753,1.354,1.072,0.623,0.479,0.292,0.345,0.228,0.138,0.095,0.05,0.05,0,0,0,0,0,0,0,0,0,0,0,0,0,0,0,0,0,0,0,0,0,0,0,0,0,0,0,0,0,0,0,0,0,0,0,0,0,0,1.515,2.352,3.2,4.209,5.655,6.901,9.194,12.134,15.85,21.214,24.297,26.631,28.622,30.344,29.757,29.178,30.256,27.914,26.811,26.144,25.506,22.709,19.16,15.473,11.938,9.598,7.65,6.307,5.594,4.55,4.234,3.466,3.306,2.621,3.085,3.262,2.721,2.624,2.131,2.258,2.142,1.767,1.578,1.628,1.355,1.195,0.892,0.667,0.504,0.321,0.213,0.128,0.148,0.113,0.057,0.039,0.02,0.02,0,0,0,0.015,0,0,0,0
2026-08-31 01:43:00,1,"Normal Scan","Normal Scan",0,"ON",1,1,1,736.8,5,19.9,96.8,46.9,6.94918e-08,1.81761e-05,4.97,8954.6,8.8,736.5,1,"Up Scan","Positive",254,0,4.37,1.6,8,8,0,1,1,19.549,23.707,20.407,19.81,1.628,4483.35,43,20.9,NA,0,0,0,0,0,0,0,0,0,0,0,0,0,0,0,0,0,0,0,0,0,0,0,0,0,0,0,0,0,0,0,169.054,162.144,157.387,186.578,201.132,235.04,234.902,256.19,277.836,276.068,285.275,273.616,251.012,237.968,218.369,180.937,166.588,144.568,119.051,94.489,70.7,57.149,43.898,33.235,22.282,18.435,14.684,12.011,8.607,7.514,6.67,5.23,5.375,4.411,4.233,4.505,4.403,3.632,3.768,4.829,3.809,3.25,2.459,2.46,1.743,1.825,1.341,0.98,0.328,0.316,0.28,0.162,0.177,0.183,0.048,0,0.051,0.053,0.109,0,0,0,0,0,0,0,0,0,0,0,0,0,0,0,0,0,0,0,0,0,0,0,0,0,0,0,0,0,0,0,0,0,0,0,0,1.234,2.179,3.052,4.002,6.208,8.391,12.118,14.536,18.666,23.465,26.713,31.19,33.554,34.277,35.829,36.055,32.633,32.57,30.535,27.053,22.996,18.448,15.904,12.991,10.421,7.502,6.517,5.531,4.86,3.788,3.527,3.369,2.898,3.072,2.837,2.817,2.872,2.7,2.326,2.254,2.75,2.131,1.743,1.283,1.255,0.878,0.926,0.667,0.47,0.159,0.16,0.129,0.074,0.075,0.076,0.019,0,0.02,0.02,0.041,0,0,0,0,0,0
2026-08-31 01:48:00,1,"Normal Scan","Normal Scan",0,"ON",1,1,1,737.3,5,20.5,96.8,46.5,6.9673e-08,1.82049e-05,4.97,8954.6,8.8,736.5,1,"Up Scan","Positive",254,0,4.37,1.6,8,8,0,1,1,20.739,25.455,21.69,18.434,1.679,4332.82,43,21.1,NA,0,0,0,0,0,0,0,0,0,0,0,0,0,0,0,0,0,0,0,0,0,0,0,0,0,0,0,0,0,0,0,162.004,164.52,151.819,163.344,168.656,199.414,196.297,233.72,229.572,242.852,226.15,225.798,213.864,210.041,195.208,190.768,159.715,152.67,162.05,162.208,132.216,102.109,68.001,47.102,35.259,24.791,17.324,13.205,9.208,6.377,6.436,5.084,6.157,5.099,3.863,4.299,3.718,4.294,3.534,3.594,3.63,3.66,2.636,2.619,2.163,1.834,1.226,0.842,0.386,0.361,0.374,0.22,0.128,0,0.048,0.198,0.051,0.053,0,0.056,0,0,0,0,0,0,0,0,0,0,0,0,0,0,0,0,0,0,0,0,0,0,0,0,0,0,0,0,0,0,0,0,0,0,0,1.309,2.067,3.048,3.831,5.392,7.034,10.248,12.129,17.031,19.365,23.482,24.783,27.719,29.263,31.858,32.648,34.819,31.667,32.518,36.875,39.419,34.22,28.079,19.895,14.619,11.558,8.644,6.48,5.33,3.988,3.009,3.24,2.873,3.403,2.992,2.606,2.832,2.4,2.652,2.257,2.177,1.996,1.952,1.349,1.353,1.125,0.908,0.564,0.417,0.247,0.18,0.164,0.111,0.056,0,0.019,0.078,0.02,0.02,0,0.021,0.015,0,0,0,0
2026-08-31 01:53:00,1,"Normal Scan","Normal Scan",0,"ON",1,1,1,736.9,5,20,96.8,46.9,6.9522e-08,1.81809e-05,4.97,8954.6,8.8,736.5,1,"Up Scan","Positive",254,0,4.37,1.6,8,8,0,1,1,19.813,24.658,20.912,19.81,1.668,4292.6,43,20.9,NA,0,0,0,0,0,0,0,0,0,0,0,0,0,0,0,0,0,0,0,0,0,0,0,0,0,0,0,0,0,0,0,151.154,149.625,170.219,182.631,199.586,204.446,219.606,241.279,249.308,251.534,262.117,260.911,236.228,207.833,188.308,165.099,132.269,123.018,120.239,120.87,105.361,84.432,59.057,40.172,28.571,19.96,15.292,13.849,9.381,8.461,7.162,6.508,5.029,4.807,4.786,4.601,4.674,3.757,4.745,3.684,3.361,3.174,2.697,2.943,2.556,1.98,1.071,1.077,0.888,0.572,0.417,0.328,0.331,0.139,0.24,0.099,0.154,0,0,0,0,0,0,0,0,0,0,0,0,0,0,0,0,0,0,0,0,0,0,0,0,0,0,0,0,0,0,0,0,0,0,0,0,0,0,1.163,1.979,2.815,4.326,6.052,8.36,10.521,13.567,17.524,21.036,24.308,28.657,31.947,32.227,31.358,31.312,30.057,26.212,26.261,27.439,29.427,27.297,23.278,17.388,12.541,9.565,7.088,5.802,5.483,4.118,3.936,3.616,3.432,2.992,3.003,2.957,2.944,2.877,2.545,2.936,2.253,1.914,1.829,1.539,1.571,1.305,1.038,0.533,0.574,0.424,0.287,0.183,0.14,0.14,0.057,0.097,0.039,0.06,0,0,0,0,0,0,0,0
2026-08-31 01:58:00,1,"Normal Scan","Normal Scan",0,"ON",1,1,1,737.3,5,20.5,96.8,46.5,6.9673e-08,1.82049e-05,4.97,8954.6,8.8,736.5,1,"Up Scan","Positive",254,0,4.37,1.6,8,8,0,1,1,19.002,23.548,19.911,24.582,1.669,4641.88,43,21.1,NA,0,0,0,0,0,0,0,0,0,0,0,0,0,0,0,0,0,0,0,0,0,0,0,0,0,0,0,0,0,0,0,230.615,210.61,230.726,237.232,237.568,228.19,238.915,245.104,238.191,245.947,238.706,236.915,261.247,261.372,210.627,176.353,154.095,140.283,126.547,108.65,84.121,63.328,48.204,32.726,22.999,17.977,14.48,11.628,9.724,6.649,7.069,4.706,4.601,4.051,3.751,4.679,4.259,4.262,4.881,4.539,3.915,3.839,3.372,2.851,2.664,2.201,2.207,1.101,1.433,0.701,0.338,0.232,0.089,0,0.096,0.098,0.051,0.106,0.055,0,0,0,0,0,0,0,0,0,0,0,0,0,0,0,0,0,0,0,0,0,0,0,0,0,0,0,0,0,0,0,0,0,0,0,0,2.003,2.976,3.933,5.886,7.845,9.923,11.726,14.702,17.876,20.157,23.804,26.113,29.078,35.667,39.319,34.841,31.867,30.225,29.696,28.706,26.361,21.825,17.544,14.22,10.291,7.686,6.439,5.418,4.665,4.134,3.151,3.666,2.676,2.895,2.801,2.624,3.152,2.914,2.748,3.093,2.757,2.341,2.231,1.858,1.505,1.326,1.069,1.026,0.556,0.654,0.341,0.164,0.111,0.038,0,0.039,0.039,0.02,0.04,0.02,0,0,0,0,0,0
2026-08-31 02:03:00,1,"Normal Scan","Normal Scan",0,"ON",1,1,1,736.9,5,20,96.8,46.9,6.9522e-08,1.81809e-05,4.97,8954.6,8.8,736.5,1,"Up Scan","Positive",254,0,4.37,1.6,8,8,0,1,1,17.453,22.962,18.94,15.963,1.696,4057.21,43,20.9,NA,0,0,0,0,0,0,0,0,0,0,0,0,0,0,0,0,0,0,0,0,0,0,0,0,0,0,0,0,0,0,0,239.37,215.939,230.665,231.659,234.255,230.165,232.602,244.405,234.256,224.797,211.777,209.428,193.224,167.3,154.636,131.459,113.017,94.566,78.5,62.33,56.381,46.673,35.027,28.173,22.106,17.791,13.473,10.85,8.886,7.057,6.479,4.616,4.421,4.863,4.934,3.142,4.336,4.78,4.921,4.55,3.431,3.421,4.145,3.085,3.083,2.926,2.96,1.862,1.431,1.1,0.876,0.39,0.267,0.23,0.096,0.049,0.052,0,0,0,0,0,0,0,0,0,0,0,0,0,0,0,0,0,0,0,0,0,0,0,0,0,0,0,0,0,0,0,0,0,0,0,0,0,0,2.014,3.087,4.02,5.826,7.624,9.778,11.841,14.358,17.8,19.759,21.697,23.117,25.662,26.314,25.172,25.524,23.717,22.16,20.063,17.947,15.322,14.779,13.044,10.429,8.893,7.426,6.296,5.104,4.387,3.937,3.292,3.286,2.745,2.864,3.162,3.181,2.437,3.173,3.207,3.238,3.052,2.349,2.159,2.357,1.727,1.573,1.447,1.427,0.88,0.654,0.503,0.383,0.167,0.113,0.095,0.039,0.02,0.02,0,0,0,0,0,0,0,0
2026-08-31 02:08:00,1,"Normal Scan","Normal Scan",0,"ON",1,1,1,737.2,5,20.4,96.8,46.3,6.96428e-08,1.82001e-05,4.97,8954.6,8.8,736.5,1,"Up Scan","Positive",254,0,4.37,1.6,8,8,0,1,1,19.112,23.625,20.034,19.81,1.657,4969.78,43,21.1,NA,0,0,0,0,0,0,0,0,0,0,0,0,0,0,0,0,0,0,0,0,0,0,0,0,0,0,0,0,0,0,0,254.683,204.643,211.714,219.475,215.789,237.631,247.445,275.284,295.503,325.192,334.222,296.245,259.178,234.165,210.725,185.152,168.416,146.603,123.065,105.376,90.521,71.827,53.464,36.437,27.344,20.672,15.213,12.219,9.575,7.135,6.026,5.198,4.459,4.671,4.459,4.279,3.873,3.817,4.634,3.746,3.638,4.436,4.434,3.524,4.19,2.281,1.637,1.799,0.959,1.143,0.667,0.301,0.359,0.139,0.048,0.098,0,0.053,0,0,0,0,0,0,0,0,0,0,0,0,0,0,0,0,0,0,0,0,0,0,0,0,0,0,0,0,0,0,0,0,0,0,0,0,0,2.058,3.263,3.827,5.368,7.237,8.995,12.207,15.285,20.024,24.95,31.415,36.482,36.263,35.369,35.257,34.86,33.487,33.027,31.074,27.988,25.668,23.54,19.864,15.769,11.386,9.073,7.304,5.698,4.874,4.1,3.4,3.085,2.925,2.827,3.009,2.98,3.122,2.913,2.844,3.249,2.406,2.274,2.495,2.407,1.912,2.085,1.161,0.804,0.852,0.442,0.506,0.307,0.13,0.15,0.057,0.019,0.039,0,0.02,0,0,0,0,0,0,0
2026-08-31 02:13:00,1,"Normal Scan","Normal Scan",0,"ON",1,1,1,736.9,5,20,96.8,46.8,6.9522e-08,1.81809e-05,4.97,8954.6,8.8,736.5,1,"Up Scan","Positive",254,0,4.37,1.6,8,8,0,1,1,16.999,22.992,18.788,9.647,1.721,4123.54,43,21,NA,0,0,0,0,0,0,0,0,0,0,0,0,0,0,0,0,0,0,0,0,0,0,0,0,0,0,0,0,0,0,0,270.365,257.892,246.271,237.244,241.282,241.534,243.121,241.096,233.061,218.614,210.482,188.849,169.496,144.664,120.314,105.145,102.13,94.82,95.448,93.024,79.105,57.067,41.681,30.876,23.65,17.017,14.818,10.787,9.192,7.947,5.936,5.116,4.266,4.235,4.169,3.515,4.047,3.619,4.286,4.679,4.94,4.565,4.319,3.9,3.262,2.914,2.669,1.639,1.366,1.355,0.75,0.302,0.076,0.321,0.095,0,0.05,0.158,0,0,0,0,0,0,0,0,0,0,0,0,0,0,0,0,0,0,0,0,0,0,0,0,0,0,0,0,0,0,0,0,0,0,0,0,0,2.356,3.498,4.804,6.281,7.866,10.085,12.424,14.979,17.493,19.659,21.083,22.929,23.115,23.128,21.89,20.08,19.222,20.2,20.215,21.777,22.68,20.531,15.866,12.344,9.707,7.965,6.028,5.581,4.308,3.957,3.669,3.05,2.861,2.755,2.949,3.066,2.831,3.079,2.817,2.968,3.092,2.971,2.606,2.501,2.097,1.656,1.428,1.306,0.774,0.642,0.635,0.34,0.13,0.038,0.134,0.039,0,0.02,0.06,0,0,0.016,0,0,0,0
2026-08-31 02:18:00,1,"Normal Scan","Normal Scan",0,"ON",1,1,1,737.2,5,20.4,96.8,46.4,6.96428e-08,1.82001e-05,4.97,8954.6,8.8,736.5,1,"Up Scan","Positive",254,0,4.37,1.6,8,8,0,1,1,17.064,22.823,18.661,12.864,1.704,3769.17,43,21.1,NA,0,0,0,0,0,0,0,0,0,0,0,0,0,0,0,0,0,0,0,0,0,0,0,0,0,0,0,0,0,0,0,228.573,228.31,207.281,224.866,228.594,228.515,223.475,226.742,215.647,203.219,189.769,193.602,176.322,169.124,136.97,104.352,89.077,78.489,70.722,54.131,45.907,40.132,32.126,24.784,19.429,16.715,13.896,10.735,7.818,6.427,3.815,4.552,4.058,3.807,3.278,4.05,4.314,3.815,4.231,4.135,4.789,4.635,4.515,3.892,3.753,3.368,2.583,1.84,1.546,0.733,0.418,0.516,0.45,0.231,0.048,0,0,0.053,0,0,0,0,0,0,0,0,0,0,0,0,0,0,0,0,0,0,0,0,0,0,0,0,0,0,0,0,0,0,0,0,0,0,0,0,0,2.075,2.95,4.271,5.275,7.436,9.498,11.755,13.766,16.437,18.166,19.583,20.738,23.664,23.981,25.392,22.577,18.829,17.508,16.666,16.16,13.316,12.097,11.269,9.579,7.811,6.513,5.873,5.156,4.335,3.353,3.052,2.25,2.701,2.621,2.71,2.686,3.105,3.237,2.939,3.052,2.814,2.984,2.679,2.497,1.964,1.908,1.714,1.248,0.852,0.707,0.341,0.182,0.222,0.207,0.095,0.019,0,0,0.02,0,0,0.015,0,0,0,0
2026-08-31 02:23:00,1,"Normal Scan","Normal Scan",0,"ON",1,1,1,736.8,5,19.9,96.8,46.9,6.94918e-08,1.81761e-05,4.97,8954.6,8.8,736.5,1,"Up Scan","Positive",254,0,4.37,1.6,8,8,0,1,1,16.529,22.534,18.314,9.647,1.713,3446.65,43,20.9,NA,0,0,0,0,0,0,0,0,0,0,0,0,0,0,0,0,0,0,0,0,0,0,0,0,0,0,0,0,0,0,0,229.889,221.539,215.416,217.089,219.918,203.464,204.571,217.035,190.594,196.304,176.954,153.465,140.698,125.44,109.21,92.05,81.536,71.004,60.584,48.551,45.244,37.051,29.842,24.941,17.604,14.78,12.083,7.748,7.127,4.99,5.288,3.404,4.517,5.084,3.66,3.693,3.56,4.019,3.603,3.665,4.233,3.321,3.757,3.263,3.491,2.732,2.51,1.768,1.31,1.179,0.834,0.302,0.165,0.186,0.19,0.148,0,0.053,0,0,0,0,0,0,0,0,0,0,0,0,0,0,0,0,0,0,0,0,0,0,0,0,0,0,0,0,0,0,0,0,0,0,0,0,0,1.962,2.95,4.195,5.455,7.168,9.161,10.447,12.594,15.738,16.069,18.912,19.33,18.782,19.165,18.873,18.038,16.67,16.023,15.094,13.903,11.924,11.887,10.373,8.846,7.852,5.871,5.241,4.566,3.29,3.154,2.502,2.687,2.151,2.749,3.093,2.716,2.655,2.743,2.88,2.656,2.558,2.692,2.037,2.194,1.812,1.758,1.334,1.238,0.838,0.637,0.539,0.365,0.13,0.075,0.076,0.077,0.059,0,0.02,0,0,0.017,0,0,0,0
2026-08-31 02:28:00,1,"Normal Scan","Normal Scan",0,"ON",1,1,1,737.2,5,20.4,96.8,46.4,6.96428e-08,1.82001e-05,4.97,8954.6,8.8,736.5,1,"Up Scan","Positive",254,0,4.37,1.6,8,8,0,1,1,16.556,22.927,18.491,12.864,1.728,3102.36,43,21.1,NA,0,0,0,0,0,0,0,0,0,0,0,0,0,0,0,0,0,0,0,0,0,0,0,0,0,0,0,0,0,0,0,203.093,183.829,191.056,185.196,207.157,196.267,195.955,189.126,177.949,161.018,153.01,144.058,125.375,112.816,98.761,83.461,73.899,64.896,52.191,46.649,41.061,33.072,28.198,22.821,17.931,13.13,10.979,9.492,6.081,4.702,5.433,3.265,4.387,3.058,4.748,4.224,3.634,4.214,3.85,3.713,3.147,4.139,3.788,3.048,3.731,2.803,2.469,1.844,1.101,0.999,0.627,0.473,0.134,0.046,0.048,0.1,0.102,0,0,0,0,0,0,0,0,0,0,0,0,0,0,0,0,0,0,0,0,0,0,0,0,0,0,0,0,0,0,0,0,0,0,0,0,0,0,1.578,2.626,3.412,4.863,6.1,8.609,10.015,12.047,13.7,14.969,15.521,16.684,17.612,17.074,16.959,16.322,15.091,14.52,13.826,11.994,11.5,10.777,9.3,8.37,7.184,5.986,4.676,4.138,3.795,2.798,2.441,2.809,2.117,2.687,2.251,3.029,3.064,2.759,2.925,2.819,2.494,2.218,2.43,2.048,1.664,1.921,1.344,1.146,0.852,0.548,0.449,0.274,0.204,0.056,0.019,0.019,0.039,0.04,0,0,0,0,0,0,0,0
2026-08-31 02:33:00,1,"Normal Scan","Normal Scan",0,"ON",1,1,1,736.9,5,20,96.8,46.8,6.9522e-08,1.81809e-05,4.97,8954.6,8.8,736.5,1,"Up Scan","Positive",254,0,4.37,1.6,8,8,0,1,1,16.981,22.856,18.641,14.855,1.705,2964.45,43,20.9,NA,0,0,0,0,0,0,0,0,0,0,0,0,0,0,0,0,0,0,0,0,0,0,0,0,0,0,0,0,0,0,0,178.265,164.531,171.868,177.794,166.94,187.491,188.78,182.37,188,172.615,158.513,140.244,122.4,114.631,94.009,85.573,72.174,62.408,55.751,47.163,41.105,31.399,28.466,19.333,16.07,10.442,9.396,6.851,6.35,4.741,3.274,3.384,2.352,3.44,2.92,3.699,3.26,3.277,3.839,3.846,3.071,3.105,2.977,3.286,2.209,3.089,2.149,1.442,1.665,0.985,0.46,0.432,0.045,0.322,0.096,0.049,0.103,0,0,0,0,0,0,0,0,0,0,0,0,0,0,0,0,0,0,0,0,0,0,0,0,0,0,0,0,0,0,0,0,0,0,0,0,0,0,1.234,2.291,3.1,4.365,5.896,6.956,9.592,11.606,13.2,15.831,16.613,17.275,17.177,16.672,17.241,15.554,15.471,14.17,13.306,12.722,11.576,10.719,8.758,8.424,6.111,5.34,3.702,3.547,2.802,2.683,2.352,1.955,1.993,1.871,2.297,2.164,2.604,2.395,2.47,2.624,2.586,2.005,2.003,1.768,1.713,1.185,1.479,1.07,0.688,0.76,0.467,0.201,0.185,0.019,0.134,0.039,0.02,0.04,0,0,0,0,0,0,0,0
2026-08-31 02:38:00,1,"Normal Scan","Normal Scan",0,"ON",1,1,1,737.2,5,20.4,96.8,46.2,6.96428e-08,1.82001e-05,4.97,8954.6,8.8,736.5,1,"Up Scan","Positive",254,0,4.37,1.6,8,8,0,1,1,17.329,23.163,18.946,14.855,1.701,2973.99,43,21,NA,0,0,0,0,0,0,0,0,0,0,0,0,0,0,0,0,0,0,0,0,0,0,0,0,0,0,0,0,0,0,0,163.219,158.647,155.227,154.323,174.929,174.731,196.744,192.529,187.152,181.108,166.465,151.182,127.696,116.193,100.8,84.283,75.107,66.624,60.337,49.156,41.003,32.25,28.916,22.147,15.289,12.086,9.498,5.7,5.85,5.12,4.179,4.091,2.998,3.13,2.724,2.535,3.11,2.669,3.601,3.607,2.703,3.794,3.269,3.477,3.139,2.476,2.978,1.764,1.141,0.97,0.418,0.386,0.223,0,0.143,0,0.151,0,0,0,0,0,0,0,0,0,0,0,0,0,0,0,0,0,0,0,0,0,0,0,0,0,0,0,0,0,0,0,0,0,0,0,0,0,0,1.557,2.129,2.947,3.944,5.126,7.298,8.978,12.129,13.975,15.772,17.454,18.139,18.497,17.392,17.497,16.68,15.246,14.739,14.183,13.796,12.04,10.731,8.98,8.501,6.969,5.13,4.297,3.601,2.401,2.526,2.424,2.15,2.214,2.068,2.228,2.075,2.201,2.462,2.295,2.477,2.482,2.041,2.296,1.839,1.77,1.619,1.21,1.368,0.841,0.559,0.431,0.182,0.167,0.094,0,0.058,0,0.06,0,0,0,0,0,0,0,0
2026-08-31 02:43:00,1,"Normal Scan","Normal Scan",0,"ON",1,1,1,736.9,5,20,96.8,46.6,6.9522e-08,1.81809e-05,4.97,8954.6,8.8,736.5,1,"Up Scan","Positive",254,0,4.37,1.6,8,8,0,1,1,18.245,24.236,19.895,17.154,1.712,2897.27,43,21,NA,0,0,0,0,0,0,0,0,0,0,0,0,0,0,0,0,0,0,0,0,0,0,0,0,0,0,0,0,0,0,0,144.137,142.81,123.456,119.524,145.427,161.697,176.574,187.082,190.38,169.478,168.309,153.882,135.463,113.778,101.319,93.511,83.452,77.658,60.144,63.884,54.481,46.655,38.15,27.949,19.064,13.255,10.783,7.42,5.862,4.785,2.387,3.141,2.291,3.507,3.007,3.445,3.437,3.25,3.853,3.221,2.702,3.445,3.847,3.164,2.554,2.236,2.44,2.067,0.883,0.533,0.544,0.389,0.223,0.046,0.096,0.147,0,0.052,0,0,0,0,0,0,0,0,0,0,0,0,0,0,0,0,0,0,0,0,0,0,0,0,0,0,0,0,0,0,0,0,0,0,0,0,0,1.153,1.855,2.675,3.139,3.959,6.1,8.327,10.901,13.575,16.029,16.379,18.374,18.826,18.482,17.149,16.84,16.972,16.474,16.593,13.854,15.626,14.191,12.917,11.188,8.686,6.288,4.606,3.98,3.007,2.597,2.329,1.564,1.928,1.72,2.352,2.176,2.466,2.664,2.49,2.439,2.249,2.051,1.981,2.015,1.68,1.334,1.111,1.146,0.991,0.407,0.252,0.237,0.167,0.094,0.019,0.039,0.059,0,0.02,0,0,0,0,0,0,0
2026-08-31 02:48:00,1,"Normal Scan","Normal Scan",0,"ON",1,1,1,737.1,5,20.3,96.8,46,6.96126e-08,1.81953e-05,4.97,8954.6,8.8,736.5,1,"Up Scan","Positive",254,0,4.37,1.6,8,8,0,1,1,22.846,25.652,22.35,24.582,1.626,5032.11,43,21,NA,0,0,0,0,0,0,0,0,0,0,0,0,0,0,0,0,0,0,0,0,0,0,0,0,0,0,0,0,0,0,0,177.074,156.351,152.836,164.589,172.979,177.676,208.712,236.983,231.571,227.613,230.556,248.504,281.651,322.489,309.603,302.251,278.409,249.17,221.468,192.011,148.523,101.972,68.504,41.291,25.034,16.568,11.483,7.915,6.264,4.629,3.789,3.205,3.771,2.515,2.788,3.716,3.759,2.473,2.907,3.922,4.04,2.721,4.258,2.882,2.892,2.449,1.565,1.488,0.609,0.815,0.209,0.172,0.144,0,0.143,0.147,0,0.053,0,0,0,0,0,0,0,0,0,0,0,0,0,0,0,0,0,0,0,0,0,0,0,0,0,0,0,0,0,0,0,0,0,0,0,0,0,1.453,2.278,2.935,3.894,5.44,7.26,9.153,12.87,17.266,19.631,22.143,25.458,30.768,38.722,48.869,51.435,54.678,54.481,52.532,50.006,46.299,38.132,27.858,19.869,12.737,8.15,5.787,4.293,3.176,2.701,2.218,2.195,1.93,2.215,2.034,2.21,2.491,2.794,2.037,2.103,2.463,2.332,1.61,2.252,1.49,1.407,1.195,0.742,0.723,0.3,0.377,0.091,0.074,0.075,0,0.058,0.059,0,0.02,0,0,0.016,0,0,0,0
2026-08-31 02:53:00,1,"Normal Scan","Normal Scan",0,"ON",1,1,1,736.9,5,20,96.8,46.5,6.9522e-08,1.81809e-05,4.97,8954.6,8.8,736.5,1,"Up Scan","Positive",254,0,4.37,1.6,8,8,0,1,1,21.86,24.12,21.437,22.876,1.586,8690.28,42,21,NA,0,0,0,0,0,0,0,0,0,0,0,0,0,0,0,0,0,0,0,0,0,0,0,0,0,0,0,0,0,0,0,336.058,323.362,294.03,317.835,304.613,328.478,352.452,374.166,406.484,433.88,457.152,486.913,522.486,520.873,515.498,512.656,470.505,423.376,356.696,280.32,211.351,156.807,102.097,58.022,35.454,21.205,11.972,8.485,6.55,5.231,2.91,2.895,3.025,3.142,2.963,3.501,3.433,3.473,3.613,3.963,3.425,3.549,3.387,3.093,2.246,1.897,1.65,0.76,0.596,0.565,0.46,0.215,0.179,0.094,0.189,0.05,0,0,0,0,0,0,0,0,0,0,0,0,0,0,0,0,0,0,0,0,0,0,0,0,0,0,0,0,0,0,0,0,0,0,0,0,0,0,0,2.822,4.357,6.024,7.485,10.531,12.683,16.914,21.791,27.343,34.429,42.184,50.357,60.113,71.797,78.908,85.503,92.435,91.943,89.043,80.391,67.566,54.25,42.701,29.462,17.778,11.517,7.243,4.416,3.409,2.832,2.452,1.799,1.909,2.034,2.256,2.195,2.486,2.481,2.406,2.327,2.391,1.961,1.913,1.799,1.611,1.129,0.932,0.821,0.365,0.283,0.252,0.201,0.093,0.075,0.038,0.077,0.02,0,0,0,0,0,0,0,0,0
2026-08-31 02:58:00,1,"Normal Scan","Normal Scan",0,"ON",1,1,1,737.1,5,20.3,96.8,45.8,6.96126e-08,1.81953e-05,4.97,8954.6,8.8,736.5,1,"Up Scan","Positive",254,0,4.37,1.6,8,8,0,1,1,19.814,22.81,20.143,18.434,1.594,8814.94,42,21,NA,0,0,0,0,0,0,0,0,0,0,0,0,0,0,0,0,0,0,0,0,0,0,0,0,0,0,0,0,0,0,0,434.244,409.354,364.608,374.58,343.075,376.818,402.971,457.432,483.144,519.094,499.267,481.614,452.427,443.704,439.337,453.545,414.731,354.851,291.062,226.956,171.908,130.107,86.054,55.904,33.792,21.811,11.408,7.827,6.46,5.778,3.822,4.115,4.786,4.002,3.591,4.036,3.13,3.616,3.913,3.407,3.488,3.762,3.856,2.951,2.819,1.666,1.386,0.977,0.602,0.378,0.21,0.043,0.134,0.046,0.144,0.05,0.153,0,0,0,0,0,0,0,0,0,0,0,0,0,0,0,0,0,0,0,0,0,0,0,0,0,0,0,0,0,0,0,0,0,0,0,0,0,0,4.113,5.614,7.634,9.276,12.371,14.326,19.405,24.858,33.275,40.846,50.156,54.756,59.248,61.987,67.1,72.77,81.692,80.899,74.622,65.687,54.804,44.229,35.455,24.897,17.169,10.995,7.558,4.289,3.29,2.919,2.725,2.126,2.41,2.855,2.589,2.468,2.747,2.413,2.489,2.462,2.038,2.02,2.021,1.954,1.482,1.353,0.829,0.65,0.487,0.3,0.198,0.091,0.019,0.056,0.019,0.058,0.02,0.06,0,0,0,0,0,0,0,0
2026-08-31 03:03:00,1,"Normal Scan","Normal Scan",0,"ON",1,1,1,737.3,5,20.5,96.8,45.9,6.9673e-08,1.82049e-05,4.97,8954.6,8.8,736.5,1,"Up Scan","Positive",254,0,4.37,1.6,8,8,0,1,1,18.51,22.42,19.148,9.647,1.664,5697.08,42,21.1,NA,0,0,0,0,0,0,0,0,0,0,0,0,0,0,0,0,0,0,0,0,0,0,0,0,0,0,0,0,0,0,0,426.331,391.03,315.867,289.352,259.006,248.027,247.83,256.756,269.096,269.492,268.929,273.836,281.65,274.265,263.11,253.264,231.662,181.368,154.818,124.277,102.223,80,54.727,39.472,28.506,18.78,12.624,7.511,6.217,4.412,4.511,4.734,3.258,4.099,4.2,3.596,3.697,3.423,4.991,4.041,3.408,3.524,3.374,2.479,2.021,1.899,1.208,1.089,1.07,0.525,0.499,0.567,0.1,0.185,0.096,0,0,0,0,0.056,0,0,0,0,0,0,0,0,0,0,0,0,0,0,0,0,0,0,0,0,0,0,0,0,0,0,0,0,0,0,0,0,0,0,0,4.555,5.49,7.266,8.049,9.518,10.735,12.724,15.295,18.686,22.767,26.077,29.507,33.669,38.492,41.362,43.476,45.643,45.239,38.272,35.111,30.178,26.443,21.988,15.922,12.179,9.308,6.57,4.721,3.131,2.757,2.327,2.415,2.677,2.231,2.738,2.692,2.541,2.591,2.252,2.959,2.399,1.999,2.039,1.803,1.335,1.109,0.925,0.603,0.535,0.495,0.233,0.219,0.259,0.056,0.076,0.039,0,0,0,0,0.021,0.015,0,0,0,0
2026-08-31 03:08:00,1,"Normal Scan","Normal Scan",0,"ON",1,1,1,737.9,5,21.3,96.9,45.4,6.98426e-08,1.82432e-05,4.97,8954.6,8.8,736.5,1,"Up Scan","Positive",254,0,4.37,1.6,8,8,0,1,1,18.572,22.84,19.329,9.647,1.696,5838.9,42,21.4,NA,0,0,0,0,0,0,0,0,0,0,0,0,0,0,0,0,0,0,0,0,0,0,0,0,0,0,0,0,0,0,0,453.594,430.556,346.19,319.019,268.252,241.9,229.323,250.477,238.936,241.187,258.932,259.304,265.136,264.973,256.228,230.382,220.571,198.652,184.969,163.261,133.794,106.036,76.856,49.451,30.25,19.929,14.2,8.511,7.325,6.042,4.629,4.529,3.651,3.866,4.403,4.537,3.477,3.833,4.244,3.984,4.181,3.225,3.203,3.389,2.364,2.089,1.823,0.983,0.6,0.396,0.25,0.177,0.229,0.185,0,0.099,0.155,0.105,0,0.056,0,0,0,0,0,0,0,0,0,0,0,0,0,0,0,0,0,0,0,0,0,0,0,0,0,0,0,0,0,0,0,0,0,0,0,5.179,5.813,7.956,8.711,10.496,11.164,12.377,14.14,18.222,20.221,23.354,28.401,31.909,36.277,40.085,42.575,41.809,43.416,42.105,41.968,39.51,34.507,29.034,22.292,15.236,9.898,6.948,5.301,3.438,3.258,2.942,2.519,2.596,2.39,2.599,2.972,2.921,2.455,2.666,2.618,2.372,2.418,1.814,1.679,1.712,1.174,1.093,0.889,0.472,0.297,0.251,0.109,0.093,0.113,0.076,0,0.039,0.06,0.04,0,0.023,0.014,0,0,0,0
2026-08-31 03:13:00,1,"Normal Scan","Normal Scan",0,"ON",1,1,1,738.5,5,22.1,96.8,44.9,7.01565e-08,1.82815e-05,4.97,8954.6,8.8,736.5,1,"Up Scan","Positive",254,0,4.37,1.6,8,8,0,1,1,19.354,23.585,20.01,9.647,1.705,6040.94,41,21.8,NA,0,0,0,0,0,0,0,0,0,0,0,0,0,0,0,0,0,0,0,0,0,0,0,0,0,0,0,0,0,0,0,454.63,379.476,348.223,312.05,271.745,255.374,240.921,244.064,239.401,234.538,245.834,234.237,228.163,253.655,259.714,244.56,255.76,285.736,271.762,214.384,158.97,116.878,78.857,55.554,34.756,21.422,14.308,8.781,7.421,4.859,5.624,4.168,3.89,3.825,3.185,4.153,4.524,4.555,3.76,4.739,3.598,4.048,3.404,2.725,2.691,1.534,1.247,1.171,0.596,0.283,0.549,0.216,0.044,0.183,0.094,0.05,0,0,0.054,0,0,0,0,0,0,0,0,0,0,0,0,0,0,0,0,0,0,0,0,0,0,0,0,0,0,0,0,0,0,0,0,0,0,0,0,4.576,5.829,7.005,8.749,10.287,11.268,13.033,14.799,17.672,20.168,22.726,26.952,28.9,31.577,38.767,43.428,44.495,50.224,60.22,61.307,51.737,40.896,31.935,22.861,17.078,11.3,7.468,5.331,3.56,3.206,2.485,2.922,2.547,2.543,2.648,2.302,2.864,2.919,2.889,2.426,2.632,2.132,2.086,1.748,1.431,1.344,0.732,0.649,0.538,0.282,0.126,0.255,0.093,0.019,0.076,0.039,0.02,0,0,0.02,0,0,0,0,0,0
2026-08-31 03:18:00,1,"Normal Scan","Normal Scan",0,"ON",1,1,1,738,5,21.5,96.8,44.7,6.99752e-08,1.82528e-05,4.97,8954.6,8.8,736.5,1,"Up Scan","Positive",254,0,4.37,1.6,8,8,0,1,1,22.506,24.861,22.005,24.582,1.607,9800.09,40,21.9,NA,0,0,0,0,0,0,0,0,0,0,0,0,0,0,0,0,0,0,0,0,0,0,0,0,0,0,0,0,0,0,0,421.643,359.66,326.742,318.629,319.853,339.63,347.894,379.579,426.683,469.188,501.984,540.589,574.564,584.454,564.752,541.107,524.882,479.383,436.718,377.415,304.516,218.303,157.623,93.375,52.548,32.611,16.314,11.142,6.961,5.666,4.345,4.331,3.988,3.379,4.52,4.644,4.264,4.096,4.464,3.72,3.955,3.813,4.374,3.22,2.247,1.901,1.388,1.035,0.878,0.214,0.084,0.202,0.133,0.231,0.095,0,0.051,0.053,0.055,0,0,0,0,0,0,0,0,0,0,0,0,0,0,0,0,0,0,0,0,0,0,0,0,0,0,0,0,0,0,0,0,0,0,0,0,3.996,5.44,6.709,8.263,10.472,13.311,17.39,21.481,27.665,36.096,45.498,55.147,66.695,78.828,88.572,93.893,98.134,102.884,101.232,98.652,90.988,78.121,59.397,45.413,28.437,16.95,11.14,6.019,4.418,3.094,2.813,2.459,2.579,2.596,2.426,2.9,3.093,3.015,2.694,2.731,2.216,2.202,2.07,2.263,1.557,1.108,0.958,0.718,0.486,0.406,0.126,0.036,0.093,0.056,0.095,0.039,0,0.02,0.02,0.02,0,0.014,0,0,0,0
2026-08-31 03:23:00,1,"Normal Scan","Normal Scan",0,"ON",1,1,1,737.3,5,20.6,96.8,43.9,6.97032e-08,1.82097e-05,4.97,8954.6,8.8,736.5,1,"Up Scan","Positive",254,0,4.37,1.6,8,8,0,1,1,22.758,25.297,22.125,30.505,1.647,8951.79,40,21.6,NA,0,0,0,0,0,0,0,0,0,0,0,0,0,0,0,0,0,0,0,0,0,0,0,0,0,0,0,0,0,0,0,400.378,376.158,308.973,337.827,330.334,340.441,369.666,365.907,359.916,360.87,373.955,384.567,406.265,415.926,450.202,488.235,528.875,510.02,455.247,384.407,307.694,234.994,158.854,100.881,56.707,31.621,17.647,11.268,7.487,7.05,5.698,4.818,4.275,4.434,4.201,4.28,4.536,4.805,5.039,4.666,4.264,3.545,3.717,2.558,1.755,1.988,1.538,1.591,0.452,0.402,0.189,0.172,0.044,0.046,0.143,0.15,0,0.053,0.054,0,0,0,0,0,0,0,0,0,0,0,0,0,0,0,0,0,0,0,0,0,0,0,0,0,0,0,0,0,0,0,0,0,0,0,0,3.529,5.19,7.009,7.853,11.172,13.773,17.483,22.767,26.584,30.423,35.063,41.237,47.773,56.341,63.675,75.442,88.957,103.99,107.73,102.938,92.804,78.95,63.985,45.814,30.762,18.344,10.903,6.495,4.517,3.366,3.345,2.992,2.866,2.813,2.975,2.842,2.836,3.03,2.965,2.824,2.724,2.426,1.975,1.904,1.286,0.894,0.945,0.743,0.754,0.247,0.18,0.091,0.074,0.019,0.019,0.058,0.059,0,0.02,0.02,0,0,0,0,0,0
2026-08-31 03:28:00,1,"Normal Scan","Normal Scan",0,"ON",1,1,1,737.5,5,20.8,96.8,43.6,6.97636e-08,1.82193e-05,4.97,8954.6,8.8,736.5,1,"Up Scan","Positive",254,0,4.37,1.6,8,8,0,1,1,23.059,25.253,22.452,28.387,1.598,11093.3,40,21.7,NA,0,0,0,0,0,0,0,0,0,0,0,0,0,0,0,0,0,0,0,0,0,0,0,0,0,0,0,0,0,0,0,353.223,366.483,357.701,367.408,359.741,403.832,421.753,472.206,477.513,525.616,528.043,562.227,591.362,623.393,641.267,656.114,654.973,591.383,526.886,459.671,373.984,275.664,182.321,107.228,62.991,34.684,19.365,11.172,9.186,6.652,5.543,5.219,4.646,3.875,4.505,3.885,3.827,4.405,4.662,4.519,4.607,3.673,3.525,2.863,2.217,2.079,2.007,1.078,0.665,0.655,0.25,0.129,0.224,0.139,0,0.049,0.051,0,0,0,0,0,0,0,0,0,0,0,0,0,0,0,0,0,0,0,0,0,0,0,0,0,0,0,0,0,0,0,0,0,0,0,0,0,0,2.988,4.556,6.812,9.092,12.126,15.035,20.774,26.059,34.371,40.494,50.984,58.184,69.651,81.447,94.873,106.888,119.118,128.434,124.824,119.026,110.819,95.891,74.93,52.486,32.726,20.304,11.926,7.152,4.407,3.992,3.227,2.832,2.966,2.925,2.699,3.059,2.709,2.714,2.789,2.784,2.785,2.604,1.988,1.857,1.466,1.075,1.042,0.958,0.505,0.299,0.305,0.109,0.056,0.094,0.057,0,0.02,0.02,0,0,0,0,0,0,0,0
2026-08-31 03:33:00,1,"Normal Scan","Normal Scan",0,"ON",1,1,1,737.2,5,20.3,96.9,43.9,6.95407e-08,1.81953e-05,4.97,8954.6,8.8,736.5,1,"Up Scan","Positive",254,0,4.37,1.6,8,8,0,1,1,22.905,25.414,22.26,26.416,1.626,7363.48,40,21.4,NA,0,0,0,0,0,0,0,0,0,0,0,0,0,0,0,0,0,0,0,0,0,0,0,0,0,0,0,0,0,0,0,296.652,256.287,257.03,236.128,256.404,257.575,267.027,275.432,315.215,323.494,345.669,388.143,413.667,436.431,465.316,455.299,429.516,380.926,325.716,262.108,196.352,150.408,105.197,71.546,44.292,28.697,20.016,11.046,8.655,7.675,7.426,5.436,5.728,5.104,4.661,4.124,5.505,4.397,4.482,3.849,3.984,4.077,3.724,2.684,2.512,2.449,1.498,1.282,0.797,0.741,0.502,0.116,0.182,0.093,0.048,0,0.052,0.052,0.02,0.035,0,0,0,0,0,0,0,0,0,0,0,0,0,0,0,0,0,0,0,0,0,0,0,0,0,0,0,0,0,0,0,0,0,0,0,2.554,3.822,4.816,6.499,7.835,10.698,13.243,16.489,20.154,26.783,31.51,38.193,48.082,56.925,66.203,77.226,82.197,83.985,80.35,73.717,63.357,50.625,41.204,30.485,22,14.469,9.994,7.427,4.55,3.805,3.565,3.808,3.177,3.303,3.155,3.011,2.913,3.486,2.821,2.81,2.436,2.337,2.195,1.997,1.451,1.222,1.216,0.717,0.609,0.371,0.359,0.219,0.056,0.094,0.038,0.019,0,0.02,0.02,0.007,0.013,0.015,0,0,0,0
2026-08-31 03:38:00,1,"Normal Scan","Normal Scan",0,"ON",1,1,1,737.4,5,20.7,96.8,43.6,6.97334e-08,1.82145e-05,4.97,8954.6,8.8,736.5,1,"Up Scan","Positive",254,0,4.37,1.6,8,8,0,1,1,24.679,26.46,23.355,28.387,1.623,9248.68,41,21.5,NA,0,0,0,0,0,0,0,0,0,0,0,0,0,0,0,0,0,0,0,0,0,0,0,0,0,0,0,0,0,0,0,348.936,327.743,293.581,285.125,252.537,253.027,266.855,293.1,342.406,358.546,380.068,421.753,496.274,567.256,600.123,609.917,593.256,554.026,498.4,419.683,335.515,242.864,169.626,108.628,60.231,35.325,21.074,13.844,9.113,6.97,7.366,6.361,6.387,5.616,5.916,6.439,4.736,4.886,5.146,5.062,4.933,3.68,3.931,3.354,2.006,2.018,1.413,1.026,0.803,0.601,0.557,0.216,0.09,0.138,0.095,0.049,0,0.053,0,0,0,0,0,0,0,0,0,0,0,0,0,0,0,0,0,0,0,0,0,0,0,0,0,0,0,0,0,0,0,0,0,0,0,0,0,2.802,4.506,6.113,7.457,9.403,10.49,13.01,16.502,21.423,29.1,34.982,42.116,52.491,68.618,86.36,100.006,110.649,116.289,116.985,112.673,101.247,86.136,66.179,48.949,33.161,19.495,12.222,7.882,5.599,4.101,3.558,3.824,3.523,3.695,3.583,3.746,3.87,3.164,3.104,3.015,2.908,2.702,2.019,2.054,1.771,1.029,0.972,0.701,0.487,0.371,0.269,0.255,0.093,0.038,0.057,0.039,0.02,0,0.02,0,0,0,0,0,0,0
2026-08-31 03:43:00,1,"Normal Scan","Normal Scan",0,"ON",1,1,1,737.2,5,20.3,96.9,44.3,6.95407e-08,1.81953e-05,4.97,8954.6,8.8,736.5,1,"Up Scan","Positive",254,0,4.37,1.6,8,8,0,1,1,22.564,24.825,22.266,24.582,1.555,11490.2,41,21.3,NA,0,0,0,0,0,0,0,0,0,0,0,0,0,0,0,0,0,0,0,0,0,0,0,0,0,0,0,0,0,0,0,294.062,307.854,290.729,318.284,366.698,425.709,450.905,500.419,546.428,607.104,674.441,742.685,750.201,759.337,751.476,702.558,652.842,594.403,481.597,376.579,272.773,179.367,130.611,82.148,54.249,33.82,21.941,14.023,11.506,9.723,7.34,6.12,6.226,5.454,6.513,5.887,5.512,5.686,4.418,6.229,4.187,4.708,4.338,2.589,2.75,1.983,1.64,1.432,0.862,0.538,0.376,0.129,0.222,0,0.143,0.098,0.153,0.157,0,0,0,0,0,0,0,0,0,0,0,0,0,0,0,0,0,0,0,0,0,0,0,0,0,0,0,0,0,0,0,0,0,0,0,0,0,2.47,3.809,5.728,7.42,10.585,15.364,21.929,27.97,36.56,46.375,59.042,74.201,91.56,103.001,114.816,124.399,126.644,127.199,124.886,108.556,90.86,70.149,49.081,37.888,25.295,17.707,11.738,8.156,5.676,5.017,4.636,3.845,3.543,3.652,3.652,3.923,3.807,3.614,3.391,2.84,3.386,2.503,2.558,2.26,1.352,1.358,1.027,0.753,0.713,0.424,0.287,0.164,0.056,0.094,0,0.058,0.039,0.06,0.06,0,0,0,0,0,0,0
2026-08-31 03:48:00,1,"Normal Scan","Normal Scan",0,"ON",1,1,1,737.3,5,20.5,96.9,44.1,6.96011e-08,1.82049e-05,4.97,8954.6,8.8,736.5,1,"Up Scan","Positive",254,0,4.37,1.6,8,8,0,1,1,23.541,25.937,23.102,26.416,1.576,9198.45,41,21.3,NA,0,0,0,0,0,0,0,0,0,0,0,0,0,0,0,0,0,0,0,0,0,0,0,0,0,0,0,0,0,0,0,226.247,254.351,233.051,229.128,260.362,277.938,308.135,347.43,395.869,446.227,519.995,570.313,598.59,621.708,626.913,594.556,547.882,499.141,416.782,333.894,260.332,180.449,125.831,81.241,56.813,36.111,23.79,16.379,11.516,9.571,7.731,7.52,6.396,6.629,5.465,5.701,6.218,4.907,6.062,4.464,4.898,4.178,3.524,3.823,2.672,2.05,1.725,1.37,0.949,0.365,0.5,0.346,0.089,0.231,0.048,0.05,0,0,0,0,0,0,0,0,0,0,0,0,0,0,0,0,0,0,0,0,0,0,0,0,0,0,0,0,0,0,0,0,0,0,0,0,0,0,0,2.148,2.939,4.718,5.943,7.593,10.894,14.299,19.108,25.422,33.635,43.443,57.28,70.42,82.221,94.053,103.865,107.354,107.016,105.081,94.115,80.724,67.066,49.445,36.57,24.996,18.567,12.544,8.829,6.626,4.956,4.533,4.072,4.088,3.833,3.94,3.6,3.627,3.791,3.286,3.53,2.677,2.831,2.273,1.843,1.927,1.385,0.976,0.86,0.639,0.442,0.162,0.218,0.149,0.038,0.095,0.019,0.02,0,0,0,0,0,0,0,0,0
2026-08-31 03:53:00,1,"Normal Scan","Normal Scan",0,"ON",1,1,1,737,5,20.2,96.8,44.7,6.95824e-08,1.81905e-05,4.97,8954.6,8.8,736.5,1,"Up Scan","Positive",254,0,4.37,1.6,8,8,0,1,1,22.763,25.741,22.473,26.416,1.634,7984.43,41,21.3,NA,0,0,0,0,0,0,0,0,0,0,0,0,0,0,0,0,0,0,0,0,0,0,0,0,0,0,0,0,0,0,0,264.778,242.852,257.305,268.606,300.172,314.465,350.172,336.388,329.958,366.799,394.508,397.84,407.039,446.21,472.742,462.006,435.433,400.906,356.606,304.109,235.675,177.236,128.915,84.652,59.087,38.246,24.843,16.434,11.721,8.548,8.462,8.216,6.973,5.975,5.199,6.948,5.545,5.095,5.28,5.678,5.548,3.544,4.095,3.212,2.915,1.911,1.844,1.46,0.562,0.453,0.339,0.303,0.192,0.275,0.048,0,0.052,0,0.054,0,0,0,0,0,0,0,0,0,0,0,0,0,0,0,0,0,0,0,0,0,0,0,0,0,0,0,0,0,0,0,0,0,0,0,0,1.932,3.398,4.557,6.553,8.9,12.572,16.207,21.597,24.43,27.965,35.671,43.482,49.188,56.154,67.821,78.637,83.725,85.396,84.75,80.727,73.691,60.811,48.61,37.459,26.052,19.254,13.27,9.282,6.621,5.068,4.205,4.291,4.417,4.008,3.797,3.612,4.067,3.589,3.308,3.157,3.263,3.054,1.988,2.11,1.647,1.455,0.976,0.924,0.678,0.265,0.216,0.164,0.13,0.094,0.115,0.019,0,0.02,0,0.02,0,0.016,0,0,0,0
2026-08-31 03:58:00,1,"Normal Scan","Normal Scan",0,"ON",1,1,1,737.3,5,20.4,96.9,44.5,6.95709e-08,1.82001e-05,4.97,8954.6,8.8,736.5,1,"Up Scan","Positive",254,0,4.37,1.6,8,8,0,1,1,22.719,25.828,22.52,28.387,1.633,7616.97,42,21.3,NA,0,0,0,0,0,0,0,0,0,0,0,0,0,0,0,0,0,0,0,0,0,0,0,0,0,0,0,0,0,0,0,250,243.974,237.641,250.901,278.968,273.958,290.335,310.549,343.91,366.442,386.117,410.757,426.37,435.096,439.183,442.113,417.997,383.478,322.606,276.933,218.848,162.537,122.546,83.033,56.573,36.924,22.797,15.86,12.366,9.517,7.249,6.93,5.445,7.006,5.775,6.27,5.031,6.208,5.427,5.143,4.151,4.814,4.291,3.485,3.197,2.273,1.906,1.01,1.36,0.518,0.345,0.227,0.133,0.139,0,0.098,0.051,0.053,0.054,0.056,0,0,0,0,0,0,0,0,0,0,0,0,0,0,0,0,0,0,0,0,0,0,0,0,0,0,0,0,0,0,0,0,0,0,0,1.921,3.25,4.531,6.024,8.309,11.648,14.125,17.957,22.675,29.139,35.613,42.554,50.723,58.608,65.998,73.039,80.088,81.919,81.041,73.135,67.184,56.564,44.58,35.565,25.649,18.436,12.79,8.452,6.332,5.378,4.571,3.839,3.817,3.54,4.183,3.664,4.03,3.44,3.756,3.427,3,2.462,2.583,2.314,1.759,1.589,1.102,0.932,0.487,0.636,0.234,0.183,0.111,0.056,0.057,0,0.039,0.02,0.02,0.02,0.021,0,0,0,0,0
2026-08-31 04:03:00,1,"Normal Scan","Normal Scan",0,"ON",1,1,1,737.1,5,20.2,96.9,45.1,6.95106e-08,1.81905e-05,4.97,8954.6,8.8,736.5,1,"Up Scan","Positive",254,0,4.37,1.6,8,8,0,1,1,22.307,26.269,22.502,22.876,1.671,5916.25,42,21.2,NA,0,0,0,0,0,0,0,0,0,0,0,0,0,0,0,0,0,0,0,0,0,0,0,0,0,0,0,0,0,0,0,204.225,194.475,212.187,197.698,219.254,214.334,244.392,253.096,293.04,277.465,289.754,314.144,321.721,318.536,312.391,299.364,302.416,269.15,248.41,221.719,163.101,133.9,98.672,75.87,53.358,34.932,23.42,15.062,11.577,8.666,7.835,6.487,6.019,5.84,5.592,5.365,6.366,6.162,6.008,4.892,4.994,5.123,3.752,3.596,3.072,2.59,1.936,1.215,0.87,0.944,0.251,0.252,0.176,0.092,0.239,0.049,0.154,0,0,0.056,0,0,0,0,0,0,0,0,0,0,0,0,0,0,0,0,0,0,0,0,0,0,0,0,0,0,0,0,0,0,0,0,0,0,0,1.65,2.639,3.62,5.366,6.528,9.181,11.045,15.075,18.514,24.762,26.879,31.834,38.793,44.164,48.39,52.087,54.323,59.445,57.097,56.584,53.971,42.327,36.849,28.771,23.43,17.412,12.152,8.653,6.054,5.039,4.224,4.017,3.811,3.749,3.775,3.628,3.698,3.961,3.79,3.66,3.019,2.846,2.731,2.036,1.862,1.526,1.271,0.941,0.626,0.407,0.449,0.11,0.111,0.075,0.038,0.097,0.02,0.06,0,0,0.021,0,0,0,0,0
2026-08-31 04:08:00,1,"Normal Scan","Normal Scan",0,"ON",1,1,1,737.2,5,20.3,96.9,44.8,6.95407e-08,1.81953e-05,4.97,8954.6,8.8,736.5,1,"Up Scan","Positive",254,0,4.37,1.6,8,8,0,1,1,21.275,24.938,21.563,24.582,1.645,6969.1,42,21.1,NA,0,0,0,0,0,0,0,0,0,0,0,0,0,0,0,0,0,0,0,0,0,0,0,0,0,0,0,0,0,0,0,254.982,257.664,236.796,285.926,290.94,301.985,304.874,332.943,336.485,353.127,358.445,359.579,362.489,372.386,370.966,360.539,339.928,302.185,271.964,231.059,174.893,131.138,93.996,65.356,45.047,31.05,21.927,13.705,10.459,8.381,8.014,6.832,5.554,6.212,5.608,5.479,5.921,4.807,5.201,5.905,4.443,4.477,4.569,4.132,2.874,2.116,1.675,1.433,1.046,0.525,0.293,0.257,0.224,0.046,0.143,0.099,0,0,0,0,0,0,0,0,0,0,0,0,0,0,0,0,0,0,0,0,0,0,0,0,0,0,0,0,0,0,0,0,0,0,0,0,0,0,0,2.367,3.311,4.817,6.056,9.497,12.151,15.558,18.85,24.272,28.497,34.202,39.352,44.331,49.773,56.482,61.673,65.255,66.611,63.82,61.622,56.028,45.227,36.094,27.355,20.191,14.791,10.828,8.163,5.534,4.601,4.049,4.129,3.844,3.451,4,3.604,3.576,3.888,3.298,3.211,3.306,2.627,2.442,2.38,2.039,1.444,1.046,0.795,0.688,0.495,0.234,0.128,0.111,0.094,0.019,0.058,0.039,0,0,0,0,0,0,0,0,0
2026-08-31 04:13:00,1,"Normal Scan","Normal Scan",0,"ON",1,1,1,737,5,20.1,96.8,45.4,6.95522e-08,1.81857e-05,4.97,8954.6,8.8,736.5,1,"Up Scan","Positive",254,0,4.37,1.6,8,8,0,1,1,22.745,25.414,22.504,24.582,1.589,9715.51,42,21.1,NA,0,0,0,0,0,0,0,0,0,0,0,0,0,0,0,0,0,0,0,0,0,0,0,0,0,0,0,0,0,0,0,272.216,267.295,265.302,288.968,316.379,352.292,357.967,404.629,451.221,497.036,550.901,587.136,611.556,630.96,622.815,604.079,550.616,455.391,368.761,308.313,254.156,202.259,138.428,96.429,63.735,40.909,26.388,18.832,11.634,9.579,7.811,6.766,4.378,6.096,5.543,5.71,5.414,5.237,6.218,5.152,5.03,5.526,4.978,3.997,3.085,2.649,1.628,1.242,0.983,0.497,0.421,0.479,0,0.23,0.048,0.05,0,0.052,0.054,0.056,0,0,0,0,0,0,0,0,0,0,0,0,0,0,0,0,0,0,0,0,0,0,0,0,0,0,0,0,0,0,0,0,0,0,0,2.305,3.523,5.005,6.802,9.585,13.187,18.189,22.178,29.582,38.275,48.319,60.699,72.48,83.847,95.287,103.091,109.005,107.783,96.095,83.657,74.83,65.626,55.428,40.245,29.613,20.702,14.135,9.66,7.326,5.094,4.515,4.022,3.829,3.105,3.941,3.624,3.935,3.754,3.446,3.789,3.063,2.815,2.904,2.613,2.004,1.589,1.25,0.817,0.591,0.457,0.237,0.201,0.222,0,0.095,0.019,0.02,0,0.02,0.02,0.021,0,0,0,0,0
2026-08-31 04:18:00,1,"Normal Scan","Normal Scan",0,"ON",1,1,1,736.5,5,19.4,96.9,45.5,6.92692e-08,1.81521e-05,4.97,8954.6,8.8,736.5,1,"Up Scan","Positive",254,0,4.37,1.6,8,8,0,1,1,22.853,26.016,22.575,26.416,1.647,7918.78,42,20.8,NA,0,0,0,0,0,0,0,0,0,0,0,0,0,0,0,0,0,0,0,0,0,0,0,0,0,0,0,0,0,0,0,270.07,272.098,251.891,256.568,289.454,302.967,302.721,334.994,349.197,365.881,369.583,393.702,427.889,446.803,460.708,453.09,427.665,394.925,344.955,296.294,233.518,179.966,129.38,92.973,62.49,43.773,26.745,16.877,13.057,9.988,7.906,7.615,6.578,7.026,6.285,6.764,6.822,5.707,6.016,6.09,6.549,5.191,4.308,4.262,3.136,2.695,1.434,1.47,1.083,0.559,0.172,0.214,0.09,0.185,0.095,0.198,0.051,0,0.054,0,0,0,0,0,0,0,0,0,0,0,0,0,0,0,0,0,0,0,0,0,0,0,0,0,0,0,0,0,0,0,0,0,0,0,0,2.262,3.522,5.104,6.463,8.548,12.092,15.581,18.754,24.5,29.645,35.609,40.808,48.789,58.984,67.91,76.759,82.121,84.005,83.591,78.378,71.964,60.451,49.415,37.63,28.657,20.374,15.103,9.925,6.781,5.713,4.787,4.266,4.267,4.027,4.465,4.246,4.385,4.222,3.75,3.659,3.512,3.588,2.778,2.228,2.122,1.567,1.29,0.726,0.696,0.549,0.252,0.091,0.093,0.038,0.076,0.039,0.079,0.02,0,0.02,0,0,0,0,0,0
2026-08-31 04:23:00,1,"Normal Scan","Normal Scan",0,"ON",1,1,1,737,5,20,96.9,45.3,6.94502e-08,1.81809e-05,4.97,8954.6,8.8,736.5,1,"Up Scan","Positive",254,0,4.37,1.6,8,8,0,1,1,24.184,26.822,23.397,26.416,1.639,7884.59,42,20.9,NA,0,0,0,0,0,0,0,0,0,0,0,0,0,0,0,0,0,0,0,0,0,0,0,0,0,0,0,0,0,0,0,243.106,259.406,238.017,231.802,264.074,256.214,258.139,277.133,289.031,318.723,349.499,394.493,440.686,474.996,495.898,488.253,488.773,441.337,391.009,321.605,257.923,193.948,137.546,99.375,68.772,44.074,27.637,18.408,11.44,9.002,7.687,7.404,5.743,6.241,5.233,6.136,6.287,5.946,5.69,6.222,5.854,5.469,4.549,4.349,2.849,2.317,2.09,1.078,0.787,0.92,0.348,0.336,0.178,0.138,0.095,0,0.051,0.105,0.109,0.056,0,0,0,0,0,0,0,0,0,0,0,0,0,0,0,0,0,0,0,0,0,0,0,0,0,0,0,0,0,0,0,0,0,0,0,1.983,3.124,4.842,6.081,7.714,11.033,13.188,15.997,20.235,24.591,31.102,38.661,48.959,60.827,72.246,82.554,88.512,95.818,93.29,88.727,78.066,66.608,53.222,39.954,30.517,22.329,15.188,10.156,7.269,5.053,4.277,4.069,4.247,3.647,4.037,3.694,4.1,4.08,3.822,3.449,3.636,3.21,2.88,2.432,2.209,1.457,1.162,1.031,0.518,0.354,0.454,0.177,0.167,0.075,0.057,0.039,0,0.02,0.04,0.041,0.021,0,0,0,0,0
2026-08-31 04:28:00,1,"Normal Scan","Normal Scan",0,"ON",1,1,1,736.7,5,19.7,96.9,46,6.93597e-08,1.81665e-05,4.97,8954.6,8.8,736.5,1,"Up Scan","Positive",254,0,4.37,1.6,8,8,0,1,1,22.454,26.085,22.301,26.416,1.677,6331.46,42,20.7,NA,0,0,0,0,0,0,0,0,0,0,0,0,0,0,0,0,0,0,0,0,0,0,0,0,0,0,0,0,0,0,0,261.532,221.267,238.93,225.335,240.589,240.41,232.607,251.278,262.405,275.224,299.146,337.448,352.139,362.188,363.652,349.033,333.492,309.033,255.964,204.293,163.401,125.469,98.518,72.75,53.378,39.995,24.521,17.355,11.519,8.166,7.73,7.07,6.304,6.5,6.829,6.4,6.806,7.171,6.835,6.849,6.019,5.135,5.092,3.902,3.857,2.64,1.808,1.078,0.962,0.451,0.291,0.216,0.133,0.093,0.048,0.1,0.05,0.053,0,0,0,0,0,0,0,0,0,0,0,0,0,0,0,0,0,0,0,0,0,0,0,0,0,0,0,0,0,0,0,0,0,0,0,0,0,1.982,3.386,4.119,6.094,7.479,10.024,12.356,14.411,18.371,22.27,26.76,32.986,41.731,48.452,54.932,60.369,63.137,65.382,65.363,58.185,49.815,42.525,34.64,28.799,22.459,17.44,13.802,9.122,6.934,5.167,4.086,4.15,4.28,4.05,4.305,4.469,4.219,4.383,4.397,4.149,3.862,3.229,2.747,2.583,1.949,1.888,1.276,0.86,0.505,0.478,0.216,0.128,0.093,0.056,0.038,0.019,0.039,0.02,0.02,0,0,0,0,0,0,0
2026-08-31 04:33:00,1,"Normal Scan","Normal Scan",0,"ON",1,1,1,737.1,5,20.2,96.9,45.6,6.95106e-08,1.81905e-05,4.97,8954.6,8.8,736.5,1,"Up Scan","Positive",254,0,4.37,1.6,8,8,0,1,1,21.543,24.933,21.633,24.582,1.629,7646.25,42,20.9,NA,0,0,0,0,0,0,0,0,0,0,0,0,0,0,0,0,0,0,0,0,0,0,0,0,0,0,0,0,0,0,0,257.578,249.488,282.925,266.295,290.646,317.31,337.301,349.776,351.466,388.194,434.15,459.315,480.761,487.249,463.405,393.807,336.386,304.66,266.317,224.545,171.878,128.748,91.816,65.355,47.553,35.3,24.096,16.987,12.793,9.248,7.642,7.608,6.52,5.976,5.866,6.156,6.929,7.572,6.365,6.658,6.645,5.651,5.498,4.349,3.228,3.05,1.541,0.962,0.653,0.648,0.585,0.226,0.133,0.137,0.142,0.05,0,0,0,0.113,0,0,0,0,0,0,0,0,0,0,0,0,0,0,0,0,0,0,0,0,0,0,0,0,0,0,0,0,0,0,0,0,0,0,0,2.056,3.335,4.604,7.211,8.806,12.147,16.35,20.859,25.506,29.831,37.711,47.659,56.529,65.772,73.506,76.664,71.105,65.876,64.355,60.386,54.526,44.552,35.528,26.847,20.28,15.611,12.253,9.011,6.782,5.532,4.511,4.113,4.494,4.171,4.048,4.147,4.211,4.519,4.569,3.839,3.901,3.465,2.969,2.791,2.234,1.609,1.464,0.763,0.479,0.309,0.287,0.256,0.13,0.056,0.057,0.058,0.02,0,0,0,0.041,0,0,0,0,0
2026-08-31 04:38:00,1,"Normal Scan","Normal Scan",0,"ON",1,1,1,736.8,5,19.8,96.9,45.8,6.93899e-08,1.81713e-05,4.97,8954.6,8.8,736.5,1,"Up Scan","Positive",254,0,4.37,1.6,8,8,0,1,1,24.815,26.981,23.744,26.416,1.616,8703.29,42,20.8,NA,0,0,0,0,0,0,0,0,0,0,0,0,0,0,0,0,0,0,0,0,0,0,0,0,0,0,0,0,0,0,0,243.481,235.52,238.17,237.237,265.828,280.428,322.692,307.259,289.931,304.153,346.291,424.396,504.918,572.705,605.502,602.964,580.897,518.628,449.176,367.472,285.037,202.465,142.38,96.95,63.023,45.364,29.044,18.825,14.393,10.311,7.158,6.931,6.675,7.011,6.342,6.169,6.973,5.947,5.146,6.22,6.742,5.155,4.392,4.354,3.712,3.022,1.653,1.24,0.924,0.75,0.522,0.387,0.134,0.138,0.048,0.049,0,0,0.054,0,0,0,0,0,0,0,0,0,0,0,0,0,0,0,0,0,0,0,0,0,0,0,0,0,0,0,0,0,0,0,0,0,0,0,0,2.138,3.137,4.384,6.07,7.904,11.092,14.464,19.943,22.396,24.671,29.824,38.531,52.877,69.725,87.083,100.666,109.1,113.643,109.386,101.601,88.929,73.577,55.557,41.421,29.868,20.534,15.578,10.696,7.492,6.19,4.876,3.935,4.122,3.94,4.39,4.368,4.146,4.363,3.862,3.435,3.644,3.591,2.783,2.315,2.274,1.841,1.451,0.802,0.592,0.415,0.333,0.237,0.167,0.056,0.057,0.019,0.02,0,0,0.02,0,0,0,0,0,0
2026-08-31 04:43:00,1,"Normal Scan","Normal Scan",0,"ON",1,1,1,737.2,5,20.3,96.9,45.5,6.95407e-08,1.81953e-05,4.97,8954.6,8.8,736.5,1,"Up Scan","Positive",254,0,4.37,1.6,8,8,0,1,1,22.34,25.87,22.169,28.387,1.675,6993.08,42,20.9,NA,0,0,0,0,0,0,0,0,0,0,0,0,0,0,0,0,0,0,0,0,0,0,0,0,0,0,0,0,0,0,0,258.152,275.221,255.538,270.627,262.931,277.402,309.964,313.62,303.484,292.213,300.546,321.446,352.955,368.321,400.568,415.041,380.78,327.487,276.932,223.838,184.192,149.972,113.05,82.345,60.691,43.577,30.205,19.009,13.611,11.126,8.781,7.152,6.606,6.577,6.03,5.927,5.541,6.2,5.895,6.236,6.404,5.342,5.088,4.249,3.701,2.668,1.978,1.203,0.992,0.593,0.376,0.172,0.133,0.139,0.048,0.049,0.05,0.105,0,0,0,0,0,0,0,0,0,0,0,0,0,0,0,0,0,0,0,0,0,0,0,0,0,0,0,0,0,0,0,0,0,0,0,0,0,2.501,3.336,5.127,6.5,8.921,10.972,14.211,19.098,22.792,25.729,28.406,33.222,39.858,48.597,55.923,66.509,74.994,74.643,69.301,63.023,54.585,47.925,41.374,33.062,25.459,19.849,15.058,11.057,7.497,5.951,5.108,4.492,4.114,4.074,4.213,4.205,4.034,3.862,3.951,3.71,3.593,3.522,2.848,2.621,2.143,1.805,1.296,0.949,0.566,0.471,0.294,0.164,0.074,0.056,0.057,0.019,0.02,0.02,0.04,0,0,0,0,0,0,0
2026-08-31 04:48:00,1,"Normal Scan","Normal Scan",0,"ON",1,1,1,736.9,5,19.9,96.9,45.5,6.94201e-08,1.81761e-05,4.97,8954.6,8.8,736.5,1,"Up Scan","Positive",254,0,4.37,1.6,8,8,0,1,1,22.205,25.122,22.05,26.416,1.617,11000.8,42,20.8,NA,0,0,0,0,0,0,0,0,0,0,0,0,0,0,0,0,0,0,0,0,0,0,0,0,0,0,0,0,0,0,0,383.664,368.202,357.849,366.446,385.342,418.654,460.158,481.019,532.146,538.434,553.929,607.728,625.673,633.381,635.325,633.35,590.488,513.288,459.321,372.805,288.241,219.867,153.445,110.556,72.589,50.143,33.982,22.502,15.677,11.497,9.481,7.935,7.753,8.35,7.515,5.987,5.556,6.694,6.805,5.633,5.901,5.476,3.861,4.4,3.357,2.766,2.298,1.518,0.974,0.915,0.67,0.216,0.444,0.185,0.095,0.098,0.203,0,0,0,0,0,0,0,0,0,0,0,0,0,0,0,0,0,0,0,0,0,0,0,0,0,0,0,0,0,0,0,0,0,0,0,0,0,0,3.541,4.966,6.858,9.1,12.145,16.121,21.497,28.456,35.084,45.079,52.342,61.059,75.05,85.967,96.037,105.536,114.508,115.642,108.414,104.082,90.42,74.492,60.419,44.673,34.079,23.612,17.32,12.454,8.987,6.771,5.356,4.841,4.417,4.615,4.919,4.782,4.09,3.621,4.325,4.111,3.41,3.373,3.059,2.087,2.263,1.707,1.423,1.117,0.716,0.513,0.413,0.292,0.093,0.188,0.076,0.039,0.039,0.079,0,0,0,0,0,0,0,0
2026-08-31 04:53:00,1,"Normal Scan","Normal Scan",0,"ON",1,1,1,737.3,5,20.4,96.9,45.3,6.95709e-08,1.82001e-05,4.97,8954.6,8.8,736.5,1,"Up Scan","Positive",254,0,4.37,1.6,8,8,0,1,1,22.75,25.696,22.291,26.416,1.643,8941.2,42,21,NA,0,0,0,0,0,0,0,0,0,0,0,0,0,0,0,0,0,0,0,0,0,0,0,0,0,0,0,0,0,0,0,323.307,320.375,326.616,308.27,323.858,308.048,317.163,354.034,378.694,402.735,447.826,456.322,501.523,554.442,558.563,551.848,499.108,439.147,378.717,297.892,221.925,157.616,119.024,81.468,62.531,47.156,34.89,25.53,16.445,14.031,11.278,8.045,7.473,9.262,6.972,5.444,5.787,6.283,6.852,5.838,6.341,6.275,6.086,5.097,4.193,3.367,2.242,1.664,0.902,0.959,0.917,0.345,0.183,0.093,0.096,0.05,0.051,0,0,0,0,0,0,0,0,0,0,0,0,0,0,0,0,0,0,0,0,0,0,0,0,0,0,0,0,0,0,0,0,0,0,0,0,0,0,3.31,4.171,6.021,8.291,10.209,13.51,15.844,19.638,25.847,32.1,39.235,49.391,56.47,68.988,83.981,92.604,99.526,97.428,92.515,85.639,72.288,57.598,43.632,34.901,25.327,20.592,16.415,12.78,10.013,7.086,6.371,5.46,4.543,4.564,5.442,4.652,4.092,4.205,4.286,4.295,3.644,3.585,3.322,3.18,2.688,2.093,1.625,1.058,0.785,0.444,0.429,0.402,0.148,0.094,0.038,0.039,0.02,0.02,0,0,0,0.015,0,0,0,0
2026-08-31 04:58:00,1,"Normal Scan","Normal Scan",0,"ON",1,1,1,736.9,5,19.9,96.9,45.3,6.94201e-08,1.81761e-05,4.97,8954.6,8.8,736.5,1,"Up Scan","Positive",254,0,4.37,1.6,8,8,0,1,1,23.376,25.951,22.834,26.416,1.612,10921.7,42,20.8,NA,0,0,0,0,0,0,0,0,0,0,0,0,0,0,0,0,0,0,0,0,0,0,0,0,0,0,0,0,0,0,0,375.2,341.584,306.32,330.831,329.566,322.507,361.655,410.075,466.821,510.192,562.418,624.562,660.572,690.124,710.514,698.218,638.804,577.374,500.369,407.261,300.345,214.871,143.748,103.875,72.093,53.217,36.062,25.836,18.311,12.482,10.817,8.272,7.714,8.021,8.815,7.207,7.382,6.461,7.794,7.036,5.457,5.668,5.354,5.426,3.686,2.457,2.847,2.29,0.969,0.579,0.644,0.245,0.356,0.046,0.048,0.099,0.102,0.052,0.055,0,0,0,0,0,0,0,0,0,0,0,0,0,0,0,0,0,0,0,0,0,0,0,0,0,0,0,0,0,0,0,0,0,0,0,0,2.822,4.881,6.374,7.775,10.935,13.757,16.607,22.437,29.997,39.692,49.658,62.104,77.261,90.894,104.74,117.996,126.154,124.841,121.563,113.166,98.605,77.641,59.167,42.037,32.141,23.566,18.396,13.211,10.152,7.833,5.991,5.558,4.571,4.791,5.118,5.361,4.654,4.79,4.496,4.587,4.027,3.392,3.138,2.711,2.761,1.831,1.264,1.333,1.07,0.468,0.288,0.292,0.111,0.151,0.019,0.019,0.039,0.04,0.02,0.02,0,0,0,0,0,0
2026-08-31 05:03:00,1,"Normal Scan","Normal Scan",0,"ON",1,1,1,737.3,5,20.4,96.9,45.2,6.95709e-08,1.82001e-05,4.97,8954.6,8.8,736.5,1,"Up Scan","Positive",254,0,4.37,1.6,8,8,0,1,1,23.229,26.118,22.845,28.387,1.631,10410.3,41,21,NA,0,0,0,0,0,0,0,0,0,0,0,0,0,0,0,0,0,0,0,0,0,0,0,0,0,0,0,0,0,0,0,323.614,345.282,303.834,336.132,341.511,369.734,403.123,421.97,437.102,462.608,520.381,552.373,556.216,587.597,608.002,627.343,592.7,544.292,488.457,409.474,322.642,233.952,162.851,113.397,78.742,54.784,37.419,27.33,18.999,14.66,10.159,8.931,9.608,6.756,8.005,6.775,7.498,6.492,6.074,7.716,5.938,6.227,4.714,4.965,3.998,2.727,2.796,1.764,0.965,0.483,0.502,0.301,0.045,0.184,0.048,0,0.101,0.052,0,0,0,0,0,0,0,0,0,0,0,0,0,0,0,0,0,0,0,0,0,0,0,0,0,0,0,0,0,0,0,0,0,0,0,0,0,2.959,4.183,6.464,7.724,11.116,14.251,19.041,24.918,30.788,37.064,45.002,57.387,68.263,76.595,89.309,101.265,113.705,116.146,114.934,110.625,99.217,83.378,64.325,47.492,35.04,25.73,18.895,13.79,10.694,7.995,6.672,5.312,4.963,5.345,4.579,5.027,4.602,4.748,4.297,3.891,4.394,3.491,3.28,2.446,2.466,2.003,1.296,1.334,0.817,0.46,0.234,0.219,0.13,0.019,0.076,0.019,0,0.04,0.02,0,0,0,0,0,0,0
2026-08-31 05:08:00,1,"Normal Scan","Normal Scan",0,"ON",1,1,1,737,5,20,96.9,45,6.94502e-08,1.81809e-05,4.97,8954.6,8.8,736.5,1,"Up Scan","Positive",254,0,4.37,1.6,8,8,0,1,1,22.924,25.522,22.496,28.387,1.605,11664.7,41,20.9,NA,0,0,0,0,0,0,0,0,0,0,0,0,0,0,0,0,0,0,0,0,0,0,0,0,0,0,0,0,0,0,0,306.517,326.552,360.576,391.714,431.674,447.907,495.213,503.321,535.47,532.86,550.353,611.743,661.563,695.772,716.045,720.606,694.545,627.338,521.163,417.076,310.198,213.757,143.408,109.145,73.881,51.831,39.379,29.163,18.627,14.069,10.477,8.887,8.23,8.333,7.265,6.375,6.628,6.472,7.108,6.27,6.101,5.932,6.089,4.753,3.937,3.141,2.365,1.771,1.099,0.73,0.442,0.331,0.134,0.185,0.096,0,0,0.053,0.055,0,0,0,0,0,0,0,0,0,0,0,0,0,0,0,0,0,0,0,0,0,0,0,0,0,0,0,0,0,0,0,0,0,0,0,0,3.021,3.971,6.111,9.163,12.979,17.978,23.052,30.611,36.74,45.36,51.835,60.804,75.844,91.144,105.595,118.931,130.131,135.594,131.909,117.822,100.954,80.121,58.932,42.068,33.763,24.176,17.909,14.437,11.314,7.938,6.479,5.232,4.899,4.975,5.117,4.68,4.427,4.585,4.253,4.387,3.801,3.46,3.211,3.112,2.43,1.945,1.497,1.165,0.835,0.495,0.323,0.219,0.148,0.056,0.076,0.039,0,0,0.02,0.02,0,0,0,0,0,0
2026-08-31 05:13:00,1,"Normal Scan","Normal Scan",0,"ON",1,1,1,737.2,5,20.3,96.9,45.1,6.95407e-08,1.81953e-05,4.97,8954.6,8.8,736.5,1,"Up Scan","Positive",254,0,4.37,1.6,8,8,0,1,1,22.329,25.891,22.336,30.505,1.663,9251.57,41,21,NA,0,0,0,0,0,0,0,0,0,0,0,0,0,0,0,0,0,0,0,0,0,0,0,0,0,0,0,0,0,0,0,311.232,320.997,332.113,346.276,350.434,389.825,390.555,445.294,432.676,421.951,416.68,400.706,446.104,448.204,459.361,488.73,518.26,498.08,419.675,334.494,267.684,203.317,153.929,110.443,76.579,54.093,39.286,26.826,19.734,14.251,10.207,8.925,8.182,8.373,7.638,6.665,7.426,6.695,6.586,6.174,5.295,6.357,6.199,4.575,4.497,3.201,2.119,1.462,0.841,0.613,0.668,0.264,0.133,0.185,0.191,0.197,0,0.052,0.055,0,0,0,0,0,0,0,0,0,0,0,0,0,0,0,0,0,0,0,0,0,0,0,0,0,0,0,0,0,0,0,0,0,0,0,0,2.761,4.032,6.001,8.456,11.484,14.641,20.058,24.125,32.4,36.543,40.883,45.926,49.768,61.659,68.385,76.686,88.767,101.657,105.244,95.205,81.242,69.442,56.128,44.987,34.165,25.045,18.657,14.334,10.564,8.358,6.536,5.198,4.946,4.947,5.11,4.717,4.609,4.951,4.338,4.217,3.753,2.989,3.331,3.185,2.378,2.216,1.534,1.044,0.748,0.407,0.287,0.292,0.13,0.056,0.076,0.077,0.078,0,0.02,0.02,0,0,0,0,0,0
2026-08-31 05:18:00,1,"Normal Scan","Normal Scan",0,"ON",1,1,1,737,5,20,96.9,44.8,6.94502e-08,1.81809e-05,4.97,8954.6,8.8,736.5,1,"Up Scan","Positive",254,0,4.37,1.6,8,8,0,1,1,23.429,25.895,22.926,24.582,1.598,12938,41,20.9,NA,0,0,0,0,0,0,0,0,0,0,0,0,0,0,0,0,0,0,0,0,0,0,0,0,0,0,0,0,0,0,0,329.93,364.687,369.69,394.45,429.474,452.67,465.644,540.516,548.826,580.071,651.905,710.054,771.756,812.255,811.222,793.45,755.196,687.239,620.284,503.285,384.034,282.834,189.017,125.697,86.762,56.497,41.942,28.806,19.969,14.78,11.161,8.313,8.731,8.8,5.016,6.652,7.179,8.103,6.876,6.356,7.364,5.674,4.962,4.816,4.407,3.196,2.45,1.584,0.659,1.053,0.524,0.292,0.223,0.139,0.286,0.1,0.05,0,0.11,0,0,0,0,0,0,0,0,0,0,0,0,0,0,0,0,0,0,0,0,0,0,0,0,0,0,0,0,0,0,0,0,0,0,0,0,2.988,4.269,6.82,9.394,13.096,17.929,23.349,28.854,39.443,46.588,56.515,71.97,87.797,106.261,123.347,134.913,143.563,147.881,144.933,140.186,121.794,99.059,77.607,55.043,38.796,28.338,19.445,15.283,11.263,8.371,6.65,5.605,4.811,5.213,5.256,3.962,4.513,4.62,5.012,4.368,3.804,4.135,3.025,2.645,2.462,2.219,1.548,1.203,0.791,0.342,0.467,0.237,0.148,0.094,0.057,0.116,0.039,0.02,0,0.041,0,0,0,0,0,0
2026-08-31 05:23:00,1,"Normal Scan","Normal Scan",0,"ON",1,1,1,737.2,5,20.3,96.9,44.9,6.95407e-08,1.81953e-05,4.97,8954.6,8.8,736.5,1,"Up Scan","Positive",254,0,4.37,1.6,8,8,0,1,1,23.177,25.859,22.785,26.416,1.608,11563.5,41,21,NA,0,0,0,0,0,0,0,0,0,0,0,0,0,0,0,0,0,0,0,0,0,0,0,0,0,0,0,0,0,0,0,311.641,316.204,333.725,369.646,391.683,435.938,431.071,485.244,520.777,553.095,601.109,614.024,628.372,679.011,730.02,721.731,684.329,606.396,526.465,432.248,322.685,233.707,159.217,114.329,79.948,59.4,43.166,29.465,19.197,15.131,12.715,9.057,7.547,6.735,8.012,7.245,7.24,6.926,7.097,5.749,5.411,5.445,4.87,5.06,4.585,3.081,2.541,1.606,0.889,1.133,0.474,0.389,0.222,0.23,0.094,0.099,0.052,0.053,0,0,0,0,0,0,0,0,0,0,0,0,0,0,0,0,0,0,0,0,0,0,0,0,0,0,0,0,0,0,0,0,0,0,0,0,0,2.636,4.045,5.94,8.511,12.229,16.348,22.454,26.68,35.419,44.181,53.785,66.229,76.009,86.606,103.123,121.257,130.457,133.756,127.811,119.11,104.701,83.479,64.404,46.567,35.336,26.146,20.535,15.73,11.358,8.156,6.894,6.257,5.048,4.505,4.393,4.94,4.7,4.648,4.61,4.42,3.618,3.145,2.952,2.653,2.566,2.282,1.519,1.255,0.74,0.424,0.521,0.219,0.167,0.094,0.095,0.039,0.039,0.02,0.02,0,0,0,0,0,0,0
2026-08-31 05:28:00,1,"Normal Scan","Normal Scan",0,"ON",1,1,1,737.1,5,20.2,96.9,44.5,6.95106e-08,1.81905e-05,4.97,8954.6,8.8,736.5,1,"Up Scan","Positive",254,0,4.37,1.6,8,8,0,1,1,24.386,26.397,23.332,30.505,1.609,12721.5,41,21,NA,0,0,0,0,0,0,0,0,0,0,0,0,0,0,0,0,0,0,0,0,0,0,0,0,0,0,0,0,0,0,0,354.219,367.412,373.427,375.868,421.139,433.863,462.534,464.971,472.401,502.604,537.213,596.505,715.261,763.505,799.671,848.161,860.746,783.161,692.114,545.869,400.823,281.219,180.087,119.504,82.278,58.357,41.677,29.696,21.004,14.914,13.096,11.029,9.022,8.042,7.15,7.052,7.138,6.413,6.816,7.623,6.489,5.569,5.832,4.81,4.352,3.109,2.243,1.865,1.22,0.736,0.551,0.345,0.215,0.147,0.143,0.098,0.102,0,0.054,0,0,0,0,0,0,0,0,0,0,0,0,0,0,0,0,0,0,0,0,0,0,0,0,0,0,0,0,0,0,0,0,0,0,0,0,2.657,4.606,6.861,9.476,12.456,17.614,22.328,28.602,33.909,40.155,49.052,59.583,74.366,98.889,116.292,133.313,153.446,168.157,164.733,156.017,131.798,103.311,77.163,52.581,36.956,26.939,20.207,15.382,11.531,8.754,6.835,6.423,5.869,5.202,5.111,4.779,4.657,4.761,4.293,4.314,4.367,3.685,3.126,3.033,2.458,2.184,1.516,1.095,0.887,0.583,0.341,0.256,0.148,0.091,0.061,0.058,0.039,0.04,0,0.02,0,0,0,0,0,0
2026-08-31 05:33:00,1,"Normal Scan","Normal Scan",0,"ON",1,1,1,737.1,5,20.2,96.9,44.8,6.95106e-08,1.81905e-05,4.97,8954.6,8.8,736.5,1,"Up Scan","Positive",254,0,4.37,1.6,8,8,0,1,1,18.327,22.946,19.645,11.14,1.676,13208.3,41,21,NA,0,0,0,0,0,0,0,0,0,0,0,0,0,0,0,0,0,0,0,0,0,0,0,0,0,0,0,0,0,0,0,754.583,774.103,783.496,730.833,708.715,714.037,673.43,629.134,621.439,534.335,519.41,520.13,546.391,527.873,515.397,524.951,543.009,512.918,451.621,394.162,326.53,250.199,172.552,109.305,80.627,56.159,42.604,30.074,22.564,16.811,13.263,10.246,10.031,7.572,6.438,7.16,6.715,7.019,7.031,6.614,6.998,5.021,4.94,5.384,4.282,3.64,2.816,1.758,1.2,0.897,0.743,0.215,0.359,0.138,0.241,0.05,0.102,0,0,0,0,0,0,0,0,0,0,0,0,0,0,0,0,0,0,0,0,0,0,0,0,0,0,0,0,0,0,0,0,0,0,0,0,0,0,6.053,9.783,14.487,19.941,24.136,29.519,36.593,41.519,45.731,52.411,51.671,57.117,64.333,75.239,80.302,86.16,95.596,106.819,108.548,102.403,95.641,84.415,68.873,50.401,34.009,26.461,19.52,15.585,11.793,9.335,7.482,6.475,5.503,5.62,4.897,4.521,4.667,4.508,4.636,4.387,4.149,3.995,2.842,2.662,2.79,2.098,1.801,1.335,0.87,0.566,0.417,0.325,0.093,0.151,0.057,0.097,0.02,0.04,0,0,0,0,0,0,0,0
2026-08-31 05:38:00,1,"Normal Scan","Normal Scan",0,"ON",1,1,1,737.1,5,20.1,97,44.4,6.94088e-08,1.81857e-05,4.97,8954.6,8.8,736.5,1,"Up Scan","Positive",254,0,4.37,1.6,8,8,0,1,1,21.341,24.287,21.101,26.416,1.65,13695.5,41,20.9,NA,0,0,0,0,0,0,0,0,0,0,0,0,0,0,0,0,0,0,0,0,0,0,0,0,0,0,0,0,0,0,0,643.739,662.817,619.783,602.649,573.849,548.641,538.978,540.972,569.373,605.272,604.816,652.046,690.962,728.422,771.682,749.367,688.352,618.763,539.788,449.193,352.379,274.12,183.034,117.588,79.726,53.898,40.717,31.097,21.912,15.592,13.438,11.363,9.299,8.016,8.379,8.788,7.51,6.721,7.754,7.134,6.053,5.48,5.25,4.98,4.096,3.318,2.393,2.049,1.514,0.733,0.552,0.105,0.267,0.185,0.095,0.198,0,0.053,0.164,0.056,0,0,0,0,0,0,0,0,0,0,0,0,0,0,0,0,0,0,0,0,0,0,0,0,0,0,0,0,0,0,0,0,0,0,0,5.39,8.391,12.385,15.71,19.884,23.991,28.169,33.271,39.466,48.243,58.867,66.715,80.651,95.062,110.596,128.215,135.562,134.959,130.63,122.164,108.772,90.943,75.329,53.457,36.444,26.162,18.8,14.967,12.19,9.18,7.256,6.646,5.917,5.499,5.134,5.217,5.408,4.867,4.449,4.724,4.255,3.499,3.111,2.84,2.526,1.991,1.626,1.179,0.997,0.725,0.341,0.274,0.074,0.113,0.076,0.039,0.078,0,0.02,0.061,0.021,0,0,0,0,0
2026-08-31 05:43:00,1,"Normal Scan","Normal Scan",0,"ON",1,1,1,737.1,5,20.1,97,44.7,6.94088e-08,1.81857e-05,4.97,8954.6,8.8,736.5,1,"Up Scan","Positive",254,0,4.37,1.6,8,8,0,1,1,18.679,23.383,20.008,15.963,1.669,13143.8,41,21,NA,0,0,0,0,0,0,0,0,0,0,0,0,0,0,0,0,0,0,0,0,0,0,0,0,0,0,0,0,0,0,0,641.511,637.952,672.578,653.006,685.334,722.663,715.497,728.977,704.721,614.69,584.788,589.906,589.308,558.385,520.336,501.099,477.698,456.433,429.405,391.391,315.548,229.223,168.342,123.613,87.181,63.786,46.237,37.9,27.239,21.569,18.91,13.353,11.289,10.99,10.772,8.633,8.457,6.97,8.219,6.744,6.448,5.904,6.32,5.967,5.063,3.435,2.888,2.361,2.077,1.065,0.466,0.396,0.134,0.231,0.237,0.05,0,0,0.11,0,0,0,0,0,0,0,0,0,0,0,0,0,0,0,0,0,0,0,0,0,0,0,0,0,0,0,0,0,0,0,0,0,0,0,0,5.594,8.315,11.971,17.135,21.609,28.582,37.137,44.161,52.944,59.422,59.404,64.169,72.673,80.865,84.757,86.937,91.201,94.103,96.852,97.712,95.153,81.836,63.377,49.494,38.57,28.824,22.337,17.146,14.754,11.462,9.709,8.897,6.972,6.372,6.402,6.439,5.484,5.575,4.878,5.232,4.129,3.79,3.454,3.372,3.017,2.516,1.64,1.431,1.131,0.95,0.472,0.219,0.185,0.056,0.095,0.097,0.02,0,0,0.041,0,0,0,0,0,0
2026-08-31 05:48:00,1,"Normal Scan","Normal Scan",0,"ON",1,1,1,737.2,5,20.2,97,44.3,6.94389e-08,1.81905e-05,4.97,8954.6,8.8,736.5,1,"Up Scan","Positive",254,0,4.37,1.6,8,8,0,1,1,21.196,24.357,21.287,26.416,1.627,13610.4,41,21,NA,0,0,0,0,0,0,0,0,0,0,0,0,0,0,0,0,0,0,0,0,0,0,0,0,0,0,0,0,0,0,0,550.853,530.211,524.701,536.618,572.811,530.975,555.509,621.465,671.268,687.118,715.11,730.498,726.854,745.168,745.992,728.387,676.858,608.62,511.42,423.197,316.024,224.926,159.438,113.508,81.325,63.158,47.216,35.339,24.671,19.249,15.344,12.652,9.988,10.189,7.658,8.432,7.425,7.889,7.635,6.317,7.154,5.875,5.422,4.231,3.824,4.057,2.532,1.628,1.205,0.983,0.67,0.13,0.229,0.092,0.096,0.147,0.051,0,0.054,0,0,0,0,0,0,0,0,0,0,0,0,0,0,0,0,0,0,0,0,0,0,0,0,0,0,0,0,0,0,0,0,0,0,0,0,4.493,7.12,9.931,13.41,17.728,23.856,27.333,34.404,45.314,56.804,66.697,78.613,90.081,99.893,112.898,123.817,131.532,132.231,128.272,115.741,102.587,81.927,62.165,46.896,35.378,26.829,22.011,17.329,13.766,10.324,8.701,7.308,6.673,5.771,5.9,5.047,5.392,4.854,4.792,4.685,3.983,3.987,3.201,2.904,2.234,1.864,1.966,1.202,0.792,0.574,0.451,0.308,0.056,0.113,0.038,0.039,0.059,0.02,0,0.02,0,0.015,0,0,0,0
2026-08-31 05:53:00,1,"Normal Scan","Normal Scan",0,"ON",1,1,1,737.1,5,20.1,97,44.8,6.94088e-08,1.81857e-05,4.97,8954.6,8.8,736.5,1,"Up Scan","Positive",254,0,4.37,1.6,8,8,0,1,1,22.227,25.024,21.957,26.416,1.625,14498.6,41,21,NA,0,0,0,0,0,0,0,0,0,0,0,0,0,0,0,0,0,0,0,0,0,0,0,0,0,0,0,0,0,0,0,516.846,480.654,536.158,541.428,583.687,585.225,586.434,623.229,640.171,678.582,689.203,722.155,742.532,796.863,831.565,831.175,799.206,731.331,626.253,512.755,394.407,294.549,202.318,138.501,94.337,63.858,47.187,33.754,23.657,18.206,14.922,13.194,10.174,9.615,9.982,7.99,7.582,8.26,7.708,6.716,5.458,5.207,5.266,4.421,4.588,3.229,2.861,1.574,1.217,0.797,0.361,0.304,0.268,0.229,0.144,0.197,0.051,0.053,0,0,0,0,0,0,0,0,0,0,0,0,0,0,0,0,0,0,0,0,0,0,0,0,0,0,0,0,0,0,0,0,0,0,0,0,0,4.775,6.671,8.942,13.685,17.957,24.317,30.119,36.281,45.471,54.261,65.928,76.021,89.402,102.441,121.069,138.294,150.463,156.479,154.26,141.781,124.171,101.889,81.027,59.075,42.813,30.907,22.255,17.394,13.151,10.054,8.282,7.165,6.913,5.876,5.662,5.86,5.007,4.895,5.031,4.761,4.126,3.235,2.891,2.759,2.265,2.256,1.603,1.379,0.783,0.584,0.371,0.171,0.13,0.113,0.095,0.058,0.078,0.02,0.02,0,0,0,0,0,0,0
2026-08-31 05:58:00,1,"Normal Scan","Normal Scan",0,"ON",1,1,1,737.3,5,20.4,97,44.3,6.94992e-08,1.82001e-05,4.97,8954.6,8.8,736.5,1,"Up Scan","Positive",254,0,4.37,1.6,8,8,0,1,1,22.303,24.884,21.902,28.387,1.619,15826,41,21,NA,0,0,0,0,0,0,0,0,0,0,0,0,0,0,0,0,0,0,0,0,0,0,0,0,0,0,0,0,0,0,0,619.286,575.002,577.929,599.966,590.239,593.297,566.745,602.518,667.815,723.836,802.262,875.89,879.016,876.452,895.086,922.269,905.53,815.193,705.801,560.976,415.332,295.01,205.347,139.364,95.006,64.134,47.562,33.393,26.465,18.052,13.982,12.121,10.026,8.941,8.281,9.307,7.973,6.914,7.602,6.739,6.449,5.252,5.473,5.194,4.416,3.494,3.447,2.39,0.977,0.749,0.625,0.389,0.18,0.139,0.048,0,0.103,0.052,0,0,0,0,0,0,0,0,0,0,0,0,0,0,0,0,0,0,0,0,0,0,0,0,0,0,0,0,0,0,0,0,0,0,0,0,0,5.428,8.067,10.751,14.691,19.817,24.618,30.544,35.071,44,56.664,70.37,88.46,108.193,121.029,133.213,148.841,166.769,176.87,171.627,159.398,135.684,107.18,81.108,59.967,43.204,31.056,22.235,17.464,13.009,10.954,8.241,6.917,6.332,5.737,5.543,5.217,5.664,5.199,4.619,4.72,4.198,3.848,2.993,2.806,2.69,2.172,1.711,1.625,1.102,0.453,0.377,0.274,0.167,0.075,0.057,0.019,0,0.04,0.02,0,0,0.014,0,0,0,0
2026-08-31 06:03:00,1,"Normal Scan","Normal Scan",0,"ON",1,1,1,737,5,20,97,44.8,6.93786e-08,1.81809e-05,4.97,8954.6,8.8,736.5,1,"Up Scan","Positive",254,0,4.37,1.6,8,8,0,1,1,22.198,25.291,22.044,26.416,1.629,15556.9,41,20.9,NA,0,0,0,0,0,0,0,0,0,0,0,0,0,0,0,0,0,0,0,0,0,0,0,0,0,0,0,0,0,0,0,486.417,530.487,557.815,567.396,583.292,603.419,644.154,693.975,723.77,750.366,769.912,807.168,851.083,876.198,897.088,894.325,864.225,770.8,659.266,534.675,393.689,297.098,200.057,134.499,89.208,62.083,49.482,37.217,29.164,25.092,17.548,13.819,12.411,10.491,10.198,10.058,10.472,10.357,9.43,10.423,10.245,9.275,7.829,6.67,5.968,4.984,4.043,2.659,1.404,1.309,0.855,0.87,0.4,0.554,0.239,0.296,0.358,0.211,0,0.112,0,0,0,0,0,0,0,0,0,0,0,0,0,0,0,0,0,0,0,0,0,0,0,0,0,0,0,0,0,0,0,0,0,0,0,3.736,6.348,10.013,14.181,18.788,24.35,31.077,39.846,50.642,61.384,72.938,84.89,99.875,117.216,133.057,149.177,161.637,169.064,162.395,149.024,129.341,101.67,81.762,58.577,41.897,29.656,21.766,18.255,14.715,12.189,11.193,8.721,7.623,7.316,6.9,6.941,6.902,6.917,6.706,6.036,6.203,5.917,5.048,4.214,3.474,3.154,2.512,2.037,1.305,0.743,0.683,0.402,0.408,0.169,0.229,0.097,0.118,0.139,0.08,0,0.041,0,0,0,0,0
2026-08-31 06:08:00,1,"Normal Scan","Normal Scan",0,"ON",1,1,1,737.3,5,20.4,97,44.3,6.94992e-08,1.82001e-05,4.97,8954.6,8.8,736.5,1,"Up Scan","Positive",254,0,4.37,1.6,8,8,0,1,1,21.504,25.686,21.899,24.582,1.687,13524.5,41,21,NA,0,0,0,0,0,0,0,0,0,0,0,0,0,0,0,0,0,0,0,0,0,0,0,0,0,0,0,0,0,0,0,536.128,518.035,509.323,540.767,572.604,589.464,584.862,608.99,610.575,633.068,644.357,664.326,663.357,698.197,690.569,653.918,613.973,591.805,569.148,478.734,364.898,273.279,196.587,131.592,94.41,74.08,63.081,48.812,43.069,33.964,27.352,23.611,20.725,20.576,17.258,16.044,15.904,14,11.208,9.584,8.979,8.286,6.945,6.394,6.3,4.605,3.431,2.922,1.743,0.891,0.709,0.56,0.177,0.185,0.143,0,0,0,0,0,0,0,0,0,0,0,0,0,0,0,0,0,0,0,0,0,0,0,0,0,0,0,0,0,0,0,0,0,0,0,0,0,0,0,0,4.87,6.946,9.738,12.948,17.971,23.89,30.308,36.045,44.41,51.705,61.46,70.82,81.97,91.265,106.122,115.112,118.689,120.641,125.252,128.936,116.131,94.634,75.717,58.104,41.626,31.785,26.461,23.757,19.642,18.349,15.368,13.393,12.328,11.007,11.065,9.891,9.375,9.15,8.26,6.828,5.803,5.149,4.544,3.675,3.233,3.111,2.199,1.639,1.36,0.796,0.395,0.31,0.241,0.075,0.076,0.058,0,0,0,0,0,0.014,0,0,0,0
2026-08-31 06:13:00,1,"Normal Scan","Normal Scan",0,"ON",1,1,1,737,5,20,97,44.8,6.93786e-08,1.81809e-05,4.97,8954.6,8.8,736.5,1,"Up Scan","Positive",254,0,4.37,1.6,8,8,0,1,1,21.988,25.018,21.791,28.387,1.638,14248.4,42,20.9,NA,0,0,0,0,0,0,0,0,0,0,0,0,0,0,0,0,0,0,0,0,0,0,0,0,0,0,0,0,0,0,0,555.005,556.964,513.956,547.627,533.506,556.999,569.657,631.563,668.618,677.997,681.117,672.335,705.055,761.916,802.721,815.104,793.716,724.954,635.974,511.505,380.845,250.269,169.919,111.88,76,59.977,46.526,34.186,26.066,22.434,16.085,13.951,12.318,10.786,8.882,8.827,8.641,8.106,8.794,7.461,9.695,7.406,7.445,6.634,5.522,4.917,2.905,1.964,0.992,0.957,0.493,0.392,0.19,0.276,0.096,0.098,0.102,0,0.055,0,0,0,0,0,0,0,0,0,0,0,0,0,0,0,0,0,0,0,0,0,0,0,0,0,0,0,0,0,0,0,0,0,0,0,0,4.931,7.194,10.382,13.089,18.084,22.271,28.701,35.215,46.045,56.621,65.805,74.998,83.381,97.404,115.923,133.653,147.459,154.984,152.563,143.459,123.534,98.328,68.971,49.872,34.934,25.235,21.051,17.278,13.532,10.913,9.904,7.888,7.432,6.982,6.557,6.17,5.985,5.9,5.515,5.501,4.743,5.243,3.953,3.823,3.332,2.738,2.374,1.42,0.934,0.524,0.43,0.216,0.185,0.132,0.115,0.039,0.039,0.04,0,0.02,0,0.047,0,0,0,0
2026-08-31 06:18:00,1,"Normal Scan","Normal Scan",0,"ON",1,1,1,737.4,5,20.5,97,45,6.95293e-08,1.82049e-05,4.97,8954.6,8.8,736.5,1,"Up Scan","Positive",254,0,4.37,1.6,8,8,0,1,1,21.475,25.411,21.623,9.647,1.703,11824.9,43,21.1,NA,0,0,0,0,0,0,0,0,0,0,0,0,0,0,0,0,0,0,0,0,0,0,0,0,0,0,0,0,0,0,0,594.942,517.324,526.695,514.79,522.35,493.115,499.719,491.385,501.995,469.85,476.036,503.663,513.511,549.374,559.334,586.329,569.556,557.126,518.755,441.653,346.547,271.215,200.251,140.813,98.259,70.146,50.515,36.24,27.525,20.882,16.343,14.471,12.385,9.975,8.986,9.069,9.667,9.412,8.544,8.691,8.495,7.108,7.034,5.982,5.45,4.373,2.303,3.057,1.403,0.607,0.515,0.347,0.183,0.323,0.048,0.05,0,0,0.164,0,0,0,0,0,0,0,0,0,0,0,0,0,0,0,0,0,0,0,0,0,0,0,0,0,0,0,0,0,0,0,0,0,0,0,0,4.432,7.645,9.701,13.315,17.011,21.779,25.328,30.803,35.839,42.446,45.597,52.493,62.349,70.937,83.823,93.59,106.64,112.153,118.078,117.813,107.354,89.885,74.793,58.637,43.677,32.275,24.376,18.664,14.268,11.451,9.413,8.002,7.765,7.02,6.286,6.108,5.946,6.238,5.996,5.364,5.203,4.725,4.02,3.613,3,2.669,2.091,1.181,1.405,0.658,0.269,0.256,0.167,0.094,0.134,0.019,0.02,0,0,0.061,0,0.014,0,0,0,0
2026-08-31 06:23:00,1,"Normal Scan","Normal Scan",0,"ON",1,1,1,737,5,20,97,45.8,6.93786e-08,1.81809e-05,4.97,8954.6,8.8,736.5,1,"Up Scan","Positive",254,0,4.37,1.6,8,8,0,1,1,21.784,25.52,21.876,26.416,1.677,12003.4,45,21,NA,0,0,0,0,0,0,0,0,0,0,0,0,0,0,0,0,0,0,0,0,0,0,0,0,0,0,0,0,0,0,0,490.717,504.355,484.982,477.419,460.074,457.395,509.611,515.728,528.005,552.156,553.943,579.693,601.965,611.402,614.013,604.18,591.491,584.402,509.319,426.081,326.777,244.275,188.448,137.805,96.139,66.899,48.289,35.074,24.171,19.314,15.669,13.742,11.57,11.636,11.064,10.429,9.074,8.993,9.409,8.854,7.786,7.904,6.393,5.973,5.177,4.685,3.737,2.064,1.81,0.935,0.653,0.458,0.447,0.232,0.094,0.248,0.154,0,0.109,0,0,0,0,0,0,0,0,0,0,0,0,0,0,0,0,0,0,0,0,0,0,0,0,0,0,0,0,0,0,0,0,0,0,0,0,4.38,6.323,9.382,12.358,15.799,19.208,23.515,31.516,37.576,44.751,53.62,60.98,71.652,82.938,93.039,102.385,109.687,116.19,123.591,115.707,103.571,84.755,67.431,55.225,42.677,31.544,23.304,17.819,13.871,10.504,8.905,7.792,7.357,6.779,7.103,6.842,6.756,5.948,5.831,5.841,5.359,4.548,4.369,3.449,3.011,2.636,2.326,1.832,0.957,0.884,0.449,0.31,0.204,0.188,0.095,0.039,0.098,0.06,0,0.041,0,0,0,0,0,0
2026-08-31 06:28:00,1,"Normal Scan","Normal Scan",0,"ON",1,1,1,737.4,5,20.5,97,46.6,6.95293e-08,1.82049e-05,4.97,8954.6,8.8,736.5,1,"Up Scan","Positive",254,0,4.37,1.6,8,8,0,1,1,21.831,25.298,21.762,28.387,1.665,13468.1,46,21.1,NA,0,0,0,0,0,0,0,0,0,0,0,0,0,0,0,0,0,0,0,0,0,0,0,0,0,0,0,0,0,0,0,570.907,547.392,534.226,499.876,544.486,549.615,542.808,559.342,558.633,597.747,652.379,689.303,695.976,714.393,734.036,736.936,719.838,633.754,549.864,450.145,349.027,257.672,177.251,129.863,90.194,70.55,53.061,34.663,28.8,21.067,16.483,15.032,12.53,13.863,11.453,9.328,9.799,10.138,9.788,8.571,8.968,8.991,7.794,7.388,6.987,5.746,3.808,2.438,1.778,1.116,0.642,0.521,0.406,0.277,0.191,0.148,0.051,0.053,0.055,0,0,0,0,0,0,0,0,0,0,0,0,0,0,0,0,0,0,0,0,0,0,0,0,0,0,0,0,0,0,0,0,0,0,0,0,4.89,7.345,10.25,13.595,16.5,22.766,28.273,33.499,40.758,47.348,58.11,71.916,85.182,95.755,108.441,122.032,133.327,140.754,133.628,124.502,109.217,90.462,71.163,51.986,40.471,29.745,24.584,19.592,13.869,12.256,9.61,8.158,8.039,7.45,8.098,7.28,6.614,6.622,6.597,6.48,5.513,5.195,4.872,4.126,3.7,3.464,2.799,1.848,1.183,0.849,0.503,0.292,0.241,0.188,0.115,0.077,0.059,0.02,0.02,0.02,0,0.014,0,0,0,0
2026-08-31 06:33:00,1,"Normal Scan","Normal Scan",0,"ON",1,1,1,737.8,5,20.9,97.1,47,6.95782e-08,1.82241e-05,4.97,8954.6,8.8,736.5,1,"Up Scan","Positive",254,0,4.37,1.6,8,8,0,1,1,20.575,25.017,21.126,26.416,1.704,11331.9,46,21.3,NA,0,0,0,0,0,0,0,0,0,0,0,0,0,0,0,0,0,0,0,0,0,0,0,0,0,0,0,0,0,0,0,533.634,544.317,538.903,530.571,519.099,494.914,487.416,511.097,490.1,495.691,511.487,504.276,517.789,530.767,545.097,544.214,537.571,494.857,432.217,354.496,280.1,216.064,157.043,107.772,78.08,62.64,48.039,36.293,27.597,21.819,19.058,15.355,14.059,13.19,11.384,11.033,9.994,11.21,9.345,8.091,7.951,8.364,8.264,6.946,6.066,5.646,3.597,3.276,1.588,1.138,0.914,0.552,0.195,0.138,0.236,0.099,0.154,0,0.055,0.056,0,0,0,0,0,0,0,0,0,0,0,0,0,0,0,0,0,0,0,0,0,0,0,0,0,0,0,0,0,0,0,0,0,0,0,5.023,6.896,10.231,13.685,17.527,21.62,25.395,30.08,37.155,41.356,48.005,56.231,62.328,71.315,80.691,90.698,98.578,105.397,104.579,98.032,86.148,72.769,59.839,46.23,33.801,25.996,22.003,17.926,14.524,11.789,10.057,9.191,8.337,7.913,7.734,7.148,7.194,6.782,7.096,5.976,5.333,4.757,4.6,4.365,3.604,3.013,2.712,1.742,1.539,0.755,0.535,0.401,0.259,0.094,0.057,0.097,0.039,0.06,0,0.02,0.022,0.014,0,0,0,0
2026-08-31 06:38:00,1,"Normal Scan","Normal Scan",0,"ON",1,1,1,738.5,5,21.8,97.1,47.2,6.98494e-08,1.82672e-05,4.97,8954.6,8.8,736.5,1,"Up Scan","Positive",254,0,4.37,1.6,8,8,0,1,1,20.473,25.083,21.221,9.647,1.704,11276.3,45,21.6,NA,0,0,0,0,0,0,0,0,0,0,0,0,0,0,0,0,0,0,0,0,0,0,0,0,0,0,0,0,0,0,0,562.591,527.056,513.981,500.799,500.392,496.687,479.559,528.668,504.164,537.025,514.608,474.603,466.261,488.754,509.171,522.256,522.151,508.098,465.139,391.183,315.531,232.932,162.691,116.196,83.423,64.493,47.308,38.431,24.389,19.834,14.523,12.114,10.355,11.117,10.092,8.606,9.392,9.618,8.577,8.877,8.881,8.558,8.462,6.353,6.32,4.7,3.865,2.79,1.667,0.807,0.519,0.519,0.445,0.183,0.094,0.098,0.308,0.053,0.054,0,0,0,0,0,0,0,0,0,0,0,0,0,0,0,0,0,0,0,0,0,0,0,0,0,0,0,0,0,0,0,0,0,0,0,0,5.292,7.319,9.948,12.984,16.543,20.795,25.443,29.524,38.408,42.494,51.919,56.499,58.565,64.381,74.538,85.029,94.966,102.547,107.379,105.413,94.887,81.744,64.314,47.861,36.12,27.473,22.424,17.316,14.974,10.451,8.94,7.338,6.854,6.233,6.882,6.694,6.092,6.497,6.274,5.668,5.348,5.14,4.773,4.323,3.183,3.129,2.36,1.863,1.29,0.79,0.418,0.25,0.222,0.188,0.076,0.039,0.039,0.119,0.02,0.02,0,0,0,0,0,0
2026-08-31 06:43:00,1,"Normal Scan","Normal Scan",0,"ON",1,1,1,738.8,5,22.3,97.1,47.3,7e-08,1.82911e-05,4.97,8954.6,8.8,736.5,1,"Up Scan","Positive",254,0,4.37,1.6,8,8,0,1,1,22.024,26.316,22.14,26.416,1.709,10260.4,44,22,NA,0,0,0,0,0,0,0,0,0,0,0,0,0,0,0,0,0,0,0,0,0,0,0,0,0,0,0,0,0,0,0,469.654,432.105,387.118,363.849,381.185,406.526,423.751,431.561,446.191,447.471,470.808,488.485,516.657,512.504,539.577,536.411,522.977,479.353,429.887,362.445,284.053,216.835,155.579,115.239,81.92,61.379,45.277,31.522,22.4,18.058,15.216,12.548,11.344,11.88,9.565,10.625,10.587,11.125,10.645,9.187,10.091,11.177,8.958,8.509,6.447,6.837,4.687,2.798,1.773,1.687,0.814,0.726,0.54,0.738,0.336,0.147,0.254,0.213,0.109,0.112,0,0,0,0,0,0,0,0,0,0,0,0,0,0,0,0,0,0,0,0,0,0,0,0,0,0,0,0,0,0,0,0,0,0,0,3.882,6.051,8.03,9.827,12.004,15.822,20.812,26.082,31.31,37.659,43.385,51.767,60.246,71.032,77.863,89.775,97.177,102.456,101.235,97.512,88.013,73.7,59.894,45.549,35.73,26.974,21.364,16.72,12.641,9.679,8.408,7.819,7.199,7.23,7.359,6.769,7.646,7.321,7.344,6.903,6.045,6.067,5.866,4.918,4.349,3.331,3.37,2.409,1.407,0.883,0.781,0.427,0.352,0.244,0.305,0.135,0.059,0.099,0.08,0.041,0.046,0.014,0,0,0,0
2026-08-31 06:48:00,1,"Normal Scan","Normal Scan",0,"ON",1,1,1,737.9,5,21.1,97.1,47.2,6.96385e-08,1.82337e-05,4.97,8954.6,8.8,736.5,1,"Up Scan","Positive",254,0,4.37,1.6,8,8,0,1,1,22.702,26.192,22.549,28.387,1.66,11414.5,44,21.8,NA,0,0,0,0,0,0,0,0,0,0,0,0,0,0,0,0,0,0,0,0,0,0,0,0,0,0,0,0,0,0,0,385.15,354.929,404.196,400.621,422.291,459.328,452.307,465.493,488.665,527.595,548.925,572.185,598.926,634.46,648.628,655.423,622.614,572.631,495.066,407.85,329.98,234.498,173.895,120.849,91.373,62.457,45.354,33.753,25.617,18.281,13.617,12.686,12.77,11.215,11.153,10.633,8.773,9.333,7.3,9.179,8.213,7.893,7.724,7.242,6.555,4.42,4.159,2.468,1.525,1.422,0.977,0.644,0.312,0.23,0.287,0.248,0.103,0.053,0,0,0,0,0,0,0,0,0,0,0,0,0,0,0,0,0,0,0,0,0,0,0,0,0,0,0,0,0,0,0,0,0,0,0,0,0,3.518,4.98,6.586,10.25,13.216,17.643,23.638,27.927,33.925,41.377,51.236,60.543,70.781,82.516,96.329,107.841,118.671,121.881,120.932,112.147,99.06,85.416,64.711,50.936,37.558,29.913,21.738,16.809,13.364,10.948,8.525,7.098,6.796,7.271,6.911,7.028,6.907,6.139,6.262,5.153,5.547,4.939,4.343,4.113,3.753,3.318,2.176,1.974,1.209,0.754,0.665,0.439,0.276,0.132,0.095,0.116,0.098,0.04,0.02,0,0,0,0,0,0,0
2026-08-31 06:53:00,1,"Normal Scan","Normal Scan",0,"ON",1,1,1,737.7,5,20.8,97.1,46.6,6.95481e-08,1.82193e-05,4.97,8954.6,8.8,736.5,1,"Up Scan","Positive",254,0,4.37,1.6,8,8,0,1,1,20.689,26.703,21.75,9.647,1.789,7824.12,45,21.7,NA,0,0,0,0,0,0,0,0,0,0,0,0,0,0,0,0,0,0,0,0,0,0,0,0,0,0,0,0,0,0,0,424.024,373.429,363.761,365.574,385.517,347.729,349.226,340.855,326.917,317.917,291.431,280.398,285.806,308.778,333.729,349.124,365.818,353.568,319.578,270.859,214.146,169.268,132.583,94.65,79.766,64.437,46.398,36.039,28.1,21.009,16.721,15.985,12.533,11.163,12.136,11.896,11.047,9.925,10.661,11.575,9.451,10.03,8.001,8.204,6.907,5.191,3.915,2.773,1.778,1.214,1.085,0.693,0.374,0.138,0.095,0.197,0,0,0,0,0,0,0,0,0,0,0,0,0,0,0,0,0,0,0,0,0,0,0,0,0,0,0,0,0,0,0,0,0,0,0,0,0,0,0,3.363,5.44,6.95,9.226,12.077,16.072,17.829,21.531,24.781,27.594,30.81,32.076,34.825,39.645,47.249,55.854,63.552,71.978,75.019,72.709,66.208,55.979,47.174,39.297,29.742,26.471,22.558,17.376,14.161,11.963,9.93,8.562,8.548,7.427,7.454,7.782,7.911,7.247,6.793,6.82,6.795,5.525,5.32,4.226,4.226,3.468,2.559,1.848,1.304,0.884,0.539,0.475,0.297,0.226,0.057,0.039,0.078,0,0,0,0,0.055,0,0,0,0
2026-08-31 06:58:00,1,"Normal Scan","Normal Scan",0,"ON",1,1,1,737.6,5,20.7,97.1,47.3,6.9518e-08,1.82145e-05,4.97,8954.6,8.8,736.5,1,"Up Scan","Positive",254,0,4.37,1.6,8,8,0,1,1,21.721,25.874,22.019,24.582,1.687,9646.7,44,21.7,NA,0,0,0,0,0,0,0,0,0,0,0,0,0,0,0,0,0,0,0,0,0,0,0,0,0,0,0,0,0,0,0,408.09,333.453,358.252,383.938,384.177,388.012,398.845,422.517,446.604,455.255,478.896,477.813,497.305,508.32,497.932,501.534,478.726,415.774,370.248,315.905,249.762,195.068,148.319,109.786,83.69,60.128,46.629,34.605,26.116,19.095,14.544,13.66,13.881,9.93,8.949,8.611,9.168,7.306,7.96,8.402,7.251,8.289,7.219,6.573,5.536,4.719,3.959,2.096,1.595,0.778,0.459,0.172,0.268,0.277,0.047,0.2,0.052,0,0,0,0,0,0,0,0,0,0,0,0,0,0,0,0,0,0,0,0,0,0,0,0,0,0,0,0,0,0,0,0,0,0,0,0,0,0,3.395,5.204,6.208,9.113,12.7,15.988,19.97,24.651,30.732,37.8,44.141,52.691,59.05,68.288,77.063,82.82,90.818,93.835,88.12,84.262,77.059,65.05,54.123,43.697,34.276,27.546,20.982,17.362,13.68,10.873,8.66,7.263,7.186,7.562,6.256,5.865,6.045,6.116,5.216,5.129,5.23,4.254,4.468,3.691,3.287,2.682,2.286,1.902,0.957,0.778,0.359,0.201,0.074,0.113,0.115,0.019,0.078,0.02,0,0,0,0,0,0,0,0
2026-08-31 07:03:00,1,"Normal Scan","Normal Scan",0,"ON",1,1,1,737.3,5,20.2,97.1,47.3,6.93674e-08,1.81905e-05,4.97,8954.6,8.8,736.5,1,"Up Scan","Positive",254,0,4.37,1.6,8,8,0,1,1,21.779,26.892,22.287,9.647,1.751,6712.73,44,21.4,NA,0,0,0,0,0,0,0,0,0,0,0,0,0,0,0,0,0,0,0,0,0,0,0,0,0,0,0,0,0,0,0,342.178,275.879,263.047,276.651,258.118,258.849,277.643,277.063,292.648,286.712,296.361,313.063,297.006,309.376,323.176,323.364,310.548,295.347,267.751,232.441,195.12,153.862,125.759,96.413,71.392,54.252,41.642,30.325,21.189,13.946,10.33,8.683,8.501,8.126,8.486,7.511,7.593,8.199,8.693,8.489,6.609,7.086,6.926,5.879,4.964,4.477,3.92,2.551,1.736,1.003,0.681,0.216,0.314,0.139,0.19,0.147,0.051,0.107,0,0,0,0,0,0,0,0,0,0,0,0,0,0,0,0,0,0,0,0,0,0,0,0,0,0,0,0,0,0,0,0,0,0,0,0,0,2.896,4.407,5.156,6.67,9.2,10.779,13.287,17.159,20.159,24.791,27.86,32.629,38.68,40.948,47.084,53.95,58.844,61.241,62.857,61.25,56.91,51.025,42.818,37.053,30.043,23.397,18.689,15.236,11.844,8.867,6.575,5.484,4.987,5.471,5.432,5.506,5.291,5.386,5.382,5.544,5.107,4.135,4.02,3.602,3.04,2.42,2.177,1.883,1.218,0.814,0.449,0.329,0.093,0.132,0.057,0.077,0.059,0.02,0.04,0,0,0,0,0,0,0
2026-08-31 07:08:00,1,"Normal Scan","Normal Scan",0,"ON",1,1,1,737.6,5,20.7,97.1,47.6,6.9518e-08,1.82145e-05,4.97,8954.6,8.8,736.5,1,"Up Scan","Positive",254,0,4.37,1.6,8,8,0,1,1,20.473,26.982,21.675,10.366,1.811,5182.01,44,21.5,NA,0,0,0,0,0,0,0,0,0,0,0,0,0,0,0,0,0,0,0,0,0,0,0,0,0,0,0,0,0,0,0,272.045,291.635,266.638,232.989,213.045,220.935,228.039,212.311,226.647,219.108,219.217,221.381,214.042,222.044,222.885,215.776,214.533,198.998,187.142,153.317,122.448,100.636,84.038,74.098,62.359,53.864,38.646,27.37,19.596,13.431,11.41,9.073,7.972,8.077,7.637,6.748,6.093,8.048,8.418,7.685,7.882,8.779,8.491,6.953,6.213,4.829,3.265,2.069,1.1,0.977,0.38,0.123,0.133,0.186,0.095,0,0,0.052,0.054,0.056,0,0,0,0,0,0,0,0,0,0,0,0,0,0,0,0,0,0,0,0,0,0,0,0,0,0,0,0,0,0,0,0,0,0,0,3,3.535,5.378,6.767,7.703,8.896,11.375,14.035,15.437,19.156,21.188,24.069,27.34,29.456,33.794,37.139,39.2,42.241,42.349,42.885,37.853,32.442,28.375,25.025,23.258,20.507,18.66,14.186,10.585,8.338,6.33,5.755,5.155,5.165,5.447,5.425,5.263,4.964,5.55,5.507,4.77,4.572,4.483,4.349,3.413,2.954,2.287,1.577,0.971,0.495,0.449,0.183,0.056,0.056,0.076,0.039,0,0,0.02,0.02,0.022,0,0,0,0,0
2026-08-31 07:13:00,1,"Normal Scan","Normal Scan",0,"ON",1,1,1,737.2,5,20.1,97.1,47.7,6.93373e-08,1.81857e-05,4.97,8954.6,8.8,736.5,1,"Up Scan","Positive",254,0,4.37,1.6,8,8,0,1,1,20.806,28.931,22.391,9.647,1.885,5821.5,44,21.2,NA,0,0,0,0,0,0,0,0,0,0,0,0,0,0,0,0,0,0,0,0,0,0,0,0,0,0,0,0,0,0,0,323.527,294.575,300.281,257.921,265.839,230.613,236.987,239.612,241.245,238.222,240.241,248.546,254.559,245.283,221.864,212.315,195.449,190.856,193.548,185.248,172.037,143.105,118.63,91.664,74.527,58.479,46.777,35.368,30.16,25.253,18.601,17.016,14.78,12.437,11.977,11.307,12.272,9.906,11.41,10.942,13.333,12.124,9.996,9.25,8.725,5.565,5.003,3.376,3.01,1.737,1.655,0.658,0.714,0.738,0.574,0.591,0.462,0.157,0.055,0.392,0,0,0,0,0,0,0,0,0,0,0,0,0,0,0,0,0,0,0,0,0,0,0,0,0,0,0,0,0,0,0,0,0,0,0,2.989,4.17,5.5,7.609,8.483,11.085,11.825,14.611,17.446,20.404,23.038,26.36,30.594,34.953,37.237,37.155,38.962,39.025,41.112,44.69,45.713,45.265,40.141,35.257,29.065,25.013,20.667,17.646,14.156,12.793,11.351,9.528,9.113,8.662,8.077,8.504,8.2,8.393,7.225,7.536,6.93,7.711,6.698,5.532,5.006,4.443,2.91,2.526,1.845,1.486,0.917,0.724,0.414,0.301,0.306,0.232,0.235,0.179,0.06,0.02,0.144,0,0,0,0,0
2026-08-31 07:18:00,1,"Normal Scan","Normal Scan",0,"ON",1,1,1,737.6,5,20.6,97.1,47.5,6.94879e-08,1.82097e-05,4.97,8954.6,8.8,736.5,1,"Up Scan","Positive",254,0,4.37,1.6,8,8,0,1,1,23.095,28.922,23.362,26.416,1.81,6447.42,44,21.4,NA,0,0,0,0,0,0,0,0,0,0,0,0,0,0,0,0,0,0,0,0,0,0,0,0,0,0,0,0,0,0,0,325.753,256.057,260.816,243.546,218.784,218.48,221.539,239.826,250.745,245.135,273.945,282.571,303.07,303.648,330.008,317.925,314.179,314.729,274.056,237.157,194.96,153.244,113.987,93.89,74.349,58.118,45.183,34.245,23.158,19.39,15.863,16.118,15.509,14.685,16.067,14.785,12.896,11.082,13.783,11.578,8.633,9.662,8.876,8.944,7.564,5.849,4.276,3.46,1.834,0.965,0.919,0.562,0.489,0.139,0.238,0.098,0.051,0,0,0,0,0,0,0,0,0,0,0,0,0,0,0,0,0,0,0,0,0,0,0,0,0,0,0,0,0,0,0,0,0,0,0,0,0,0,2.813,4.183,4.827,6.594,8.033,9.081,11.225,13.704,17.493,21.223,23.872,30.206,35.002,41.799,46.335,55.075,57.86,61.888,66.716,62.544,58.096,51.03,42.799,33.834,29.41,24.653,20.45,17.035,13.982,10.492,9.571,8.601,8.706,9.158,9.145,9.492,9.155,8.325,7.538,8.325,7.06,5.255,5.239,4.589,4.534,3.712,2.858,2.032,1.639,0.849,0.431,0.402,0.241,0.207,0.057,0.097,0.039,0.02,0,0,0,0,0,0,0,0
2026-08-31 07:23:00,1,"Normal Scan","Normal Scan",0,"ON",1,1,1,737.2,5,20.1,97.1,47.9,6.93373e-08,1.81857e-05,4.97,8954.6,8.8,736.5,1,"Up Scan","Positive",254,0,4.37,1.6,8,8,0,1,1,19.685,28.217,21.831,9.647,1.899,5153.92,44,21.2,NA,0,0,0,0,0,0,0,0,0,0,0,0,0,0,0,0,0,0,0,0,0,0,0,0,0,0,0,0,0,0,0,324.652,311.526,285.181,245.937,243.027,227.311,229.159,218.43,215.415,201.098,190.643,185.24,169.014,174.122,183.719,177.276,181.663,180.884,167.698,152.181,137.247,124.162,103.085,83.244,77.626,59.81,46.356,35.411,25.35,18.884,15.358,13.801,13.419,9.726,10.719,10.775,11.157,10.756,10.281,10.701,11.263,9.072,8.918,7.752,7.876,5.716,3.459,2.709,2.077,1.098,0.71,0.26,0.446,0.185,0.191,0.098,0,0.052,0,0,0,0,0,0,0,0,0,0,0,0,0,0,0,0,0,0,0,0,0,0,0,0,0,0,0,0,0,0,0,0,0,0,0,0,0,3.219,4.233,5.777,7.251,8.161,10.138,11.712,14.138,15.894,18.182,19.444,20.941,22.856,23.357,26.588,30.798,32.492,36.16,38.862,38.754,37.889,36.459,34.978,30.837,26.29,25.62,20.945,17.25,13.976,10.817,8.841,8.03,7.738,7.791,6.754,7.468,7.315,7.437,7.126,6.779,6.474,6.196,4.956,4.672,3.9,3.791,2.798,1.652,1.29,0.954,0.503,0.31,0.111,0.188,0.076,0.077,0.039,0,0.02,0,0,0,0,0,0,0
2026-08-31 07:28:00,1,"Normal Scan","Normal Scan",0,"ON",1,1,1,737.6,5,20.5,97.2,47.4,6.93863e-08,1.82049e-05,4.97,8954.6,8.8,736.5,1,"Up Scan","Positive",254,0,4.37,1.6,8,8,0,1,1,18.627,28.292,21.482,9.647,1.932,4357.11,44,21.3,NA,0,0,0,0,0,0,0,0,0,0,0,0,0,0,0,0,0,0,0,0,0,0,0,0,0,0,0,0,0,0,0,288.428,269.212,254.085,240.547,218.05,213.095,189.394,204.034,191.033,176.511,165.641,145.597,143.89,126.594,122.094,130.713,131.031,125.184,127.816,118.553,111.702,95.948,85.695,73.16,65.333,57.783,45.108,32.484,23.299,17.817,15.7,12.149,11.74,10.772,9.769,8.973,10.743,10.829,8.481,10.257,9.145,9.706,7.811,8.513,6.835,5.56,3.446,2.52,1.839,0.766,0.627,0.431,0.134,0.231,0.048,0.15,0.051,0.053,0,0,0,0,0,0,0,0,0,0,0,0,0,0,0,0,0,0,0,0,0,0,0,0,0,0,0,0,0,0,0,0,0,0,0,0,0,2.988,3.748,5.016,6.461,7.96,9.059,10.929,11.677,14.857,16.095,17.037,18.125,17.952,19.801,19.345,20.549,24.041,26.155,27.065,29.714,29.622,29.878,27.288,25.735,23.125,21.708,20.272,16.674,12.907,9.982,8.219,8.002,7.003,7.013,6.938,6.689,6.571,7.006,7.174,5.839,6.115,5.306,5.117,3.994,4.199,3.369,2.643,1.643,1.166,0.884,0.359,0.274,0.185,0.056,0.095,0.019,0.059,0.02,0.02,0,0,0,0,0,0,0
2026-08-31 07:33:00,1,"Normal Scan","Normal Scan",0,"ON",1,1,1,737.3,5,20.2,97.2,48.1,6.9296e-08,1.81905e-05,4.97,8954.6,8.8,736.5,1,"Up Scan","Positive",254,0,4.37,1.6,8,8,0,1,1,18.806,28.664,21.761,9.647,1.933,4201.63,44,21.2,NA,0,0,0,0,0,0,0,0,0,0,0,0,0,0,0,0,0,0,0,0,0,0,0,0,0,0,0,0,0,0,0,288.761,244.26,218.748,194.786,199.071,184.803,180.272,193.339,223.758,227.106,196.058,152.583,112.473,107.89,110.593,112.248,126.517,123.63,119.45,107.172,104.972,96.52,91.634,84.155,68.407,55.391,42.898,31.617,22.314,15.699,13.894,11.735,10.094,9.863,10.781,10.096,10.042,9.889,9.899,9.988,8.659,9.942,8.899,7.902,6.636,6.003,4.158,2.344,0.987,1.175,0.56,0.459,0.141,0.184,0,0.004,0.046,0,0.055,0.074,0,0,0,0,0,0,0,0,0,0,0,0,0,0,0,0,0,0,0,0,0,0,0,0,0,0,0,0,0,0,0,0,0,0,0,2.543,3.747,4.557,5.537,6.44,8.297,9.486,11.08,14.096,18.848,21.894,21.395,18.748,15.539,16.52,18.638,20.724,25.295,26.857,27.981,26.985,28.117,27.417,27.336,26.411,22.593,19.282,15.954,12.451,9.579,7.592,7.273,6.696,6.46,6.612,7.026,7.107,6.941,6.639,6.327,6.281,4.992,5.113,4.572,3.926,3.243,2.846,1.969,1.079,0.46,0.521,0.256,0.204,0.075,0.076,0,0.002,0.018,0,0.02,0.022,0,0,0,0,0
2026-08-31 07:38:00,1,"Normal Scan","Normal Scan",0,"ON",1,1,1,737.5,5,20.4,97.2,47.8,6.93562e-08,1.82001e-05,4.97,8954.6,8.8,736.5,1,"Up Scan","Positive",254,0,4.37,1.6,8,8,0,1,1,16.689,22.793,18.631,9.647,1.733,8272.65,45,21.2,NA,0,0,0,0,0,0,0,0,0,0,0,0,0,0,0,0,0,0,0,0,0,0,0,0,0,0,0,0,0,0,0,613.836,576.142,498.157,479.972,489.379,484.52,480.615,466.357,449.407,411.952,376.258,339.081,308.212,296.048,267.124,240.865,219.339,195.408,162.115,146.06,125.519,107.884,88.477,73.867,64.133,52.156,40.864,29.961,20.076,16.379,11.166,10.721,9.427,8.958,9.559,7.878,9.494,9.368,9.671,9.282,8.772,10.054,8.827,8.278,5.769,5.476,3.596,2.276,1.002,0.809,0.774,0.651,0.129,0.184,0.096,0.05,0.051,0.053,0.054,0.056,0,0,0,0,0,0,0,0,0,0,0,0,0,0,0,0,0,0,0,0,0,0,0,0,0,0,0,0,0,0,0,0,0,0,0,5.305,7.929,10.78,12.611,15.894,20.373,24.89,29.613,33.852,37.937,39.732,41.12,41.614,42.107,44.657,44.299,43.654,43.246,41.666,37.326,36.166,33.244,30.419,26.386,23.258,21.161,18.129,15.087,11.765,8.703,7.59,5.944,6.243,6.101,6.176,6.403,6.087,6.702,6.438,5.984,5.715,5.116,5.113,4.47,4.109,2.943,2.613,1.716,1.079,0.478,0.377,0.365,0.297,0.056,0.076,0.039,0.02,0.02,0.02,0.02,0.022,0.014,0,0,0,0
2026-08-31 07:43:00,1,"Normal Scan","Normal Scan",0,"ON",1,1,1,737.5,5,20.4,97.2,48.4,6.93562e-08,1.82001e-05,4.97,8954.6,8.8,736.5,1,"Up Scan","Positive",254,0,4.37,1.6,8,8,0,1,1,13.444,17.388,15.045,9.647,1.559,16637,45,21.2,NA,0,0,0,0,0,0,0,0,0,0,0,0,0,0,0,0,0,0,0,0,0,0,0,0,0,0,0,0,0,0,0,1927.828,1806.42,1639.777,1530.817,1295.838,1175.093,1074.545,948.338,860.151,746.139,658.214,554.451,472.322,347.012,265.869,191.533,149.389,118.35,111.132,91.022,90.221,78.358,72.967,68.108,60.15,50.211,40.494,28.2,19.269,15.399,11.317,10.142,9.83,8.443,9.047,8.966,8.664,8.802,8.38,8.599,9.765,8.864,7.887,8.537,7.099,5.384,3.599,2.375,1.856,0.735,0.424,0.215,0.179,0.093,0.048,0,0.102,0,0.054,0,0,0,0,0,0,0,0,0,0,0,0,0,0,0,0,0,0,0,0,0,0,0,0,0,0,0,0,0,0,0,0,0,0,0,0,16.565,24.872,33.773,41.696,50.596,53.974,60.282,66.073,68.638,72.253,71.711,71.55,67.575,63.968,51.903,43.721,34.616,29.47,25.49,25.884,22.952,24.214,22.394,21.906,21.426,19.894,17.506,14.874,11.183,8.278,7.253,6.037,5.982,5.913,5.767,6.446,6.402,6.113,6.309,5.682,5.335,5.43,4.771,4.088,4.143,3.412,2.56,1.695,1.096,0.849,0.342,0.201,0.093,0.075,0.038,0.019,0,0.04,0,0.02,0,0,0,0,0,0
2026-08-31 07:48:00,1,"Normal Scan","Normal Scan",0,"ON",1,1,1,737.3,5,20.1,97.2,48.1,6.9266e-08,1.81857e-05,4.97,8954.6,8.8,736.5,1,"Up Scan","Positive",254,0,4.37,1.6,8,8,0,1,1,14.901,23.834,18.182,9.647,1.87,5481.03,45,21.1,NA,0,0,0,0,0,0,0,0,0,0,0,0,0,0,0,0,0,0,0,0,0,0,0,0,0,0,0,0,0,0,0,538.292,500.308,489.033,446.048,353.775,284.626,244.796,212.65,202.482,208.46,201.18,181.328,166.444,149.476,131.038,112.344,100.848,94.416,92.406,86.265,81.292,79.483,80.018,65.885,61.143,51.286,42.516,29.941,19.692,15.254,11.998,9.322,8.975,10.484,10.596,10.194,9.127,10.4,10.042,9.482,9.605,8.122,9.984,7.184,7.003,5.652,4.313,1.981,1.184,1.178,0.736,0.072,0.224,0.139,0.097,0.05,0.052,0.053,0.055,0,0,0,0,0,0,0,0,0,0,0,0,0,0,0,0,0,0,0,0,0,0,0,0,0,0,0,0,0,0,0,0,0,0,0,0,4.206,7.008,9.333,12.44,14.7,14.672,14.598,15.077,15.415,17.08,20.139,21.966,22.217,22.731,22.616,21.806,20.554,20.169,20.607,21.703,21.858,21.994,22.774,23.962,20.807,20.215,17.855,15.575,11.778,8.721,7.371,6.423,5.723,6.046,6.754,7.102,6.818,6.747,6.685,6.506,5.858,5.497,4.304,5.061,3.616,3.342,2.697,2.046,0.931,0.549,0.539,0.347,0.037,0.094,0.057,0.039,0.02,0.02,0.02,0.02,0,0,0,0,0,0
2026-08-31 07:53:00,1,"Normal Scan","Normal Scan",0,"ON",1,1,1,737.6,5,20.5,97.2,48.3,6.93863e-08,1.82049e-05,4.97,8954.6,8.8,736.5,1,"Up Scan","Positive",254,0,4.37,1.6,8,8,0,1,1,18.732,29.953,21.955,9.647,2.016,3274.05,45,21.2,NA,0,0,0,0,0,0,0,0,0,0,0,0,0,0,0,0,0,0,0,0,0,0,0,0,0,0,0,0,0,0,0,263.508,213.102,198.167,169.097,161.582,149.335,142.268,134.804,125.242,113.124,110.053,112.775,91.316,86.129,90.399,85.794,90.755,88.009,90.921,91.505,79.246,80.314,73.728,67.217,60.271,51.57,40.042,28.759,20.316,13.993,12.986,9.197,9.177,8.555,7.681,8.917,7.89,8.595,8.95,9.023,9.748,9.699,9.624,8.646,7.207,4.901,3.558,2.675,1.378,0.764,0.543,0.392,0.115,0.093,0.192,0.049,0.101,0,0,0.056,0,0,0,0,0,0,0,0,0,0,0,0,0,0,0,0,0,0,0,0,0,0,0,0,0,0,0,0,0,0,0,0,0,0,0,2.773,3.385,3.986,5.054,5.582,6.734,7.684,8.743,9.788,10.562,10.911,12.049,13.905,12.589,13.193,15.224,15.813,18.261,19.227,21.38,23.088,21.474,22.915,22.163,21.164,19.885,18.018,14.67,11.374,8.583,6.67,6.646,5.453,5.825,5.961,5.867,6.491,6.077,6.258,5.923,5.492,5.466,5.194,4.765,4.315,3.51,2.327,1.676,1.288,0.672,0.342,0.237,0.185,0.056,0.038,0.077,0.02,0.04,0,0,0.022,0.028,0,0,0,0
2026-08-31 07:58:00,1,"Normal Scan","Normal Scan",0,"ON",1,1,1,737.1,5,19.9,97.2,48.6,6.92058e-08,1.81761e-05,4.97,8954.6,8.8,736.5,1,"Up Scan","Positive",254,0,4.37,1.6,8,8,0,1,1,19.483,30.819,22.595,9.647,2.03,3244.13,45,21,NA,0,0,0,0,0,0,0,0,0,0,0,0,0,0,0,0,0,0,0,0,0,0,0,0,0,0,0,0,0,0,0,250.973,205.87,185.971,166.523,162.348,140.296,123.994,128.876,119.744,112.307,99.367,90.534,93.56,89.786,90.612,97.568,91.284,95.242,93.045,90.981,88.552,85.16,81.37,72.411,64.984,53.494,45.084,31.642,22.581,15.496,11.614,11.779,10.502,9.201,8.921,9.009,7.612,9.388,8.253,9.043,8.686,8.578,9.808,8.618,7.931,5.426,4.182,2.087,1.43,1.061,0.479,0.341,0.232,0.185,0,0,0,0,0.055,0.056,0,0,0,0,0,0,0,0,0,0,0,0,0,0,0,0,0,0,0,0,0,0,0,0,0,0,0,0,0,0,0,0,0,0,0,2.304,3.199,3.818,4.748,5.537,6.769,7.195,7.625,9.379,10.115,10.851,10.913,11.203,12.923,13.76,15.278,17.984,18.401,20.82,21.945,23.067,23.9,24.404,24.443,22.88,21.435,18.687,16.617,12.431,9.614,7.271,6.07,6.619,6.296,6.198,6.275,6.364,6.044,6.642,5.8,5.598,4.98,4.552,5.042,4.227,3.822,2.604,1.99,0.962,0.668,0.472,0.219,0.167,0.132,0.076,0,0,0,0,0.02,0.021,0.03,0,0,0,0
2026-08-31 08:03:00,1,"Normal Scan","Normal Scan",0,"ON",1,1,1,737.6,5,20.5,97.2,48.4,6.93863e-08,1.82049e-05,4.97,8954.6,8.8,736.5,1,"Up Scan","Positive",254,0,4.37,1.6,8,8,0,1,1,19.891,31.439,22.839,9.647,2.05,3260.5,45,21.2,NA,0,0,0,0,0,0,0,0,0,0,0,0,0,0,0,0,0,0,0,0,0,0,0,0,0,0,0,0,0,0,0,260.236,219.429,178.189,161.552,144.801,134.577,124.78,119.936,114.339,116.242,104.171,100.163,91.559,97.35,93.226,94.762,94.74,93.96,92.467,89.992,89.192,85.5,80.462,76.473,64.142,55.211,42.564,31.6,22.557,17.425,13.815,12.484,11.479,11.901,9.866,9.523,7.675,9.256,10.528,8.946,9.673,9.904,9.945,9.136,7.109,5.787,4.365,2.451,1.723,1.03,0.539,0.621,0.268,0.231,0.144,0.098,0.305,0.106,0,0,0,0,0,0,0,0,0,0,0,0,0,0,0,0,0,0,0,0,0,0,0,0,0,0,0,0,0,0,0,0,0,0,0,0,0,2.231,3.349,4.06,4.514,5.34,5.996,6.865,7.699,8.708,9.648,11.233,11.444,12.373,12.644,14.833,15.699,17.493,19.073,20.544,21.881,22.834,24.064,24.423,24.167,24.093,21.324,19.259,15.804,12.596,9.762,8.136,7.067,6.866,7.032,7.444,6.822,6.902,6.154,6.666,6.74,5.684,5.58,5.293,5.133,4.498,3.566,2.797,2.076,1.177,0.856,0.496,0.248,0.267,0.113,0.095,0.058,0.039,0.119,0.04,0,0,0,0,0,0,0
2026-08-31 08:08:00,1,"Normal Scan","Normal Scan",0,"ON",1,1,1,737.2,5,20,97.2,49.1,6.92359e-08,1.81809e-05,4.97,8954.6,8.8,736.5,1,"Up Scan","Positive",254,0,4.37,1.6,8,8,0,1,1,18.353,31.321,22.22,9.647,2.095,3306.06,46,21,NA,0,0,0,0,0,0,0,0,0,0,0,0,0,0,0,0,0,0,0,0,0,0,0,0,0,0,0,0,0,0,0,284.874,245.074,208.234,204.078,169.313,149.48,128.357,118.58,101.987,102.274,92.58,84.042,80.649,82.134,82.9,88.51,84.979,83.755,86.639,82.446,82.676,83.192,76.282,70.479,68.775,55.86,44.325,35.784,24.786,18.655,14.956,15.256,11.921,11.463,11.27,10.503,10.848,10.013,11.084,9.372,9.998,10.859,8.587,9.112,8.458,6.479,4.916,3.734,2.057,1.308,0.944,0.276,0.316,0.323,0.094,0.05,0.051,0.053,0.055,0,0,0,0,0,0,0,0,0,0,0,0,0,0,0,0,0,0,0,0,0,0,0,0,0,0,0,0,0,0,0,0,0,0,0,0,3.021,3.672,4.576,5.32,6.757,7.038,7.641,7.88,8.589,8.62,9.864,10.195,10.396,11.129,12.558,13.967,16.339,17.186,18.37,20.508,21.111,22.445,23.849,23.148,22.393,22.881,19.649,16.573,14.119,10.689,8.818,7.714,8.276,7.367,7.35,7.643,7.57,7.393,7.154,7.242,6.258,6.032,5.937,4.508,4.596,4.061,3.132,2.38,1.706,0.956,0.612,0.424,0.125,0.151,0.134,0.039,0.02,0.02,0.02,0.02,0,0.014,0,0,0,0
2026-08-31 08:13:00,1,"Normal Scan","Normal Scan",0,"ON",1,1,1,737.6,5,20.6,97.2,48.8,6.94164e-08,1.82097e-05,4.97,8954.6,8.8,736.5,1,"Up Scan","Positive",254,0,4.37,1.6,8,8,0,1,1,21.944,33.96,24.325,9.647,2.098,2867.62,46,21.2,NA,0,0,0,0,0,0,0,0,0,0,0,0,0,0,0,0,0,0,0,0,0,0,0,0,0,0,0,0,0,0,0,201.911,176.456,159.14,129.844,111.697,115.11,96.142,95.594,92.749,88.122,88.399,86.42,86.376,83.262,87.782,87.348,89.847,88.769,90.063,93.109,83.056,76.041,77.266,74.904,59.765,55.35,42.18,29.925,21.957,17.535,14.932,12.744,11.569,12.422,11.545,11.235,9.253,9.797,10.498,10.545,10.054,10.989,9.916,8.855,7.506,6.28,4.726,3.047,1.813,1.417,0.667,0.82,0.31,0.369,0.096,0.099,0,0,0,0,0,0,0,0,0,0,0,0,0,0,0,0,0,0,0,0,0,0,0,0,0,0,0,0,0,0,0,0,0,0,0,0,0,0,0,1.909,2.589,3.262,4.017,4.299,4.628,5.891,5.931,6.943,7.834,8.542,9.712,10.691,11.933,12.756,14.843,16.129,18.043,19.425,21.289,23.479,22.52,21.818,23.208,23.626,19.937,19.398,15.703,12.024,9.574,8.572,7.591,7.123,7.154,7.974,7.689,7.871,6.927,6.969,6.756,6.672,5.957,5.874,5.179,4.403,3.762,3.017,2.264,1.42,0.841,0.629,0.292,0.352,0.132,0.153,0.039,0.039,0,0,0,0,0,0,0,0,0
2026-08-31 08:18:00,1,"Normal Scan","Normal Scan",0,"ON",1,1,1,737.3,5,20.2,97.2,49.5,6.9296e-08,1.81905e-05,4.97,8954.6,8.8,736.5,1,"Up Scan","Positive",254,0,4.37,1.6,8,8,0,1,1,23.402,36.175,25.711,9.647,2.124,2771.27,46,21.1,NA,0,0,0,0,0,0,0,0,0,0,0,0,0,0,0,0,0,0,0,0,0,0,0,0,0,0,0,0,0,0,0,160.492,147.392,128.135,115.011,119.247,104.888,104.45,94.517,87.014,80.913,90.701,84.702,85.057,82.774,84.599,84.245,90.343,87.382,87.053,81.38,85.354,83.08,76.912,74.452,64.892,57.929,49.501,32.808,26.371,19.557,17.315,14.418,13.127,12.581,11.754,11.021,11.464,12.075,11.808,10.214,10.94,11.75,10.297,9.767,8.379,7.473,5.423,3.289,2.345,1.456,1.253,0.685,0.352,0.323,0.19,0.149,0,0.106,0.164,0,0,0,0,0,0,0,0,0,0,0,0,0,0,0,0,0,0,0,0,0,0,0,0,0,0,0,0,0,0,0,0,0,0,0,0,1.911,2.042,2.765,3.21,3.819,4.955,5.376,6.432,6.865,7.373,7.842,9.962,10.48,11.726,12.674,14.248,15.607,18.209,19.159,20.612,20.791,23.206,23.945,23.265,23.656,21.662,20.456,18.299,13.212,11.409,9.174,8.924,8.058,8.157,8.081,7.98,8.031,8.135,8.192,7.8,6.782,6.511,6.397,5.393,5.023,4.196,3.603,2.621,1.567,1.097,0.664,0.586,0.315,0.151,0.134,0.077,0.059,0,0.04,0.061,0,0.014,0,0,0,0
2026-08-31 08:23:00,1,"Normal Scan","Normal Scan",0,"ON",1,1,1,737.3,5,20.2,97.2,49.1,6.9296e-08,1.81905e-05,4.97,8954.6,8.8,736.5,1,"Up Scan","Positive",254,0,4.37,1.6,8,8,0,1,1,21.567,34.716,24.549,9.647,2.137,3095.02,46,21.1,NA,0,0,0,0,0,0,0,0,0,0,0,0,0,0,0,0,0,0,0,0,0,0,0,0,0,0,0,0,0,0,0,228.5,177.614,171.563,157.126,127.768,125.795,108.374,107.662,96.152,95.701,92.211,88.899,85.875,85.818,81.937,83.68,87.559,89.753,88.816,85.933,85.663,81.599,83.463,73.951,72.946,66.355,53.268,44.347,34.482,23.803,19.168,15.826,12.475,13.055,13.883,12.954,11.802,12.816,10.351,11.476,11.966,11.175,11.564,10.338,8.304,6.103,5.396,3.713,1.794,1.425,0.794,0.999,0.535,0.185,0.048,0.099,0.052,0.053,0,0.056,0,0,0,0,0,0,0,0,0,0,0,0,0,0,0,0,0,0,0,0,0,0,0,0,0,0,0,0,0,0,0,0,0,0,0,2.429,2.938,3.336,4.359,5.189,5.321,6.476,6.674,7.843,8.124,9.242,10.131,11.009,11.831,13.143,13.847,15.498,17.659,19.714,21.05,22.016,23.471,23.719,25.561,23.813,24.444,23.297,19.777,17.359,14.553,11.092,9.678,8.901,7.805,8.363,9.083,8.778,8.492,8.608,7.028,7.134,7.025,6.073,5.912,5.124,4.212,3.015,2.534,1.723,0.833,0.664,0.347,0.445,0.226,0.076,0.019,0.039,0.02,0.02,0,0.022,0,0,0,0,0
2026-08-31 08:28:00,1,"Normal Scan","Normal Scan",0,"ON",1,1,1,737.5,5,20.4,97.2,49.7,6.93562e-08,1.82001e-05,4.97,8954.6,8.8,736.5,1,"Up Scan","Positive",254,0,4.37,1.6,8,8,0,1,1,21.759,32.914,23.842,9.647,2.07,3318.88,47,21.2,NA,0,0,0,0,0,0,0,0,0,0,0,0,0,0,0,0,0,0,0,0,0,0,0,0,0,0,0,0,0,0,0,227.233,219.045,181.917,166.19,147.26,127.955,114.136,104.607,104.981,98.559,97.113,89.251,96.838,100.598,101.796,106.045,115.602,116.25,114.675,102.984,94.92,88.176,81.824,75.003,67.37,61.087,48.515,35.636,25.458,19.869,16.325,13.738,12.567,12.323,10.363,10.777,10.002,9.728,10.45,11.961,10.749,10.527,9.873,10.22,7.53,5.995,5.187,3.705,2.747,1.018,0.646,0.553,0.268,0.184,0.285,0.099,0.051,0,0.055,0.056,0,0,0,0,0,0,0,0,0,0,0,0,0,0,0,0,0,0,0,0,0,0,0,0,0,0,0,0,0,0,0,0,0,0,0,2.563,2.926,4.058,4.608,5.494,6.137,6.559,7.044,7.625,8.871,9.549,10.67,11.075,13.412,15.451,17.167,19.569,23.107,25.182,26.772,25.99,25.7,25.303,24.755,23.757,22.483,21.392,17.974,14.146,10.915,9.243,8.256,7.617,7.596,8.061,7.408,7.633,7.307,7.166,6.975,7.169,6.361,5.971,5.118,5.037,3.72,2.879,2.481,1.748,1.267,0.467,0.292,0.26,0.113,0.076,0.116,0.039,0.02,0,0.02,0.022,0,0,0,0,0
2026-08-31 08:33:00,1,"Normal Scan","Normal Scan",0,"ON",1,1,1,737.2,5,20,97.2,49.9,6.92359e-08,1.81809e-05,4.97,8954.6,8.8,736.5,1,"Up Scan","Positive",254,0,4.37,1.6,8,8,0,1,1,20.674,32.846,23.44,9.647,2.103,3319.47,47,21.1,NA,0,0,0,0,0,0,0,0,0,0,0,0,0,0,0,0,0,0,0,0,0,0,0,0,0,0,0,0,0,0,0,282.062,208.98,212.762,160.132,137.584,133.496,120.909,108.94,91.489,99.804,95.916,93.722,92.246,95.128,97.189,96.834,102.106,98.731,94.708,93.404,83.815,89.632,82.629,79.495,70.827,62.409,49.579,39.274,27.943,22.807,16.772,15.625,12.048,13.013,11.432,10.878,10.107,11.09,11.059,10.104,11.849,11.934,10.582,9.121,9.217,6.417,4.943,3.077,1.54,1.452,0.939,0.43,0.444,0.092,0.192,0.248,0.153,0.159,0,0,0,0,0,0,0,0,0,0,0,0,0,0,0,0,0,0,0,0,0,0,0,0,0,0,0,0,0,0,0,0,0,0,0,0,0,2.386,3.61,3.897,5.389,5.272,5.73,6.84,7.425,7.925,7.753,9.659,10.533,11.589,12.768,14.543,16.361,17.829,20.529,21.581,22.423,23.772,22.896,25.768,25.086,25.292,23.697,21.918,18.437,15.467,11.918,10.469,8.465,8.551,7.601,8.204,7.931,8.002,7.498,7.621,7.32,6.579,6.797,6.274,5.519,4.578,4.508,3.135,2.315,1.474,0.779,0.683,0.438,0.186,0.188,0.038,0.077,0.098,0.06,0.06,0,0,0,0,0,0,0
2026-08-31 08:38:00,1,"Normal Scan","Normal Scan",0,"ON",1,1,1,737.7,5,20.7,97.2,49.9,6.94465e-08,1.82145e-05,4.97,8954.6,8.8,736.5,1,"Up Scan","Positive",254,0,4.37,1.6,8,8,0,1,1,19.532,33.839,23.308,9.647,2.184,3581.51,47,21.3,NA,0,0,0,0,0,0,0,0,0,0,0,0,0,0,0,0,0,0,0,0,0,0,0,0,0,0,0,0,0,0,0,355.46,266.237,216.174,176.673,160.953,145.229,121.498,116.988,105.344,100.101,90.686,97.89,88.831,91.931,92.257,91.038,92.253,95.636,95.888,88.554,86.567,94.347,81.304,75.989,66.709,60.097,52.208,39.805,34.178,27.567,24.046,25.114,23.581,20.311,17.387,17.673,14.782,14.428,13.715,14.868,15.166,13.594,12.675,12.256,10.146,7.879,5.23,3.646,2.393,1.711,0.876,0.433,0.447,0.322,0.189,0.049,0.154,0.052,0,0,0,0,0,0,0,0,0,0,0,0,0,0,0,0,0,0,0,0,0,0,0,0,0,0,0,0,0,0,0,0,0,0,0,0,0,3.105,4.556,5.037,5.518,5.802,6.721,7.432,7.473,8.459,8.916,9.705,9.965,12.081,12.258,14.048,15.514,16.814,18.675,20.903,22.608,22.533,23.575,27.105,24.77,24.561,22.741,21.667,20.193,16.576,15.058,13.069,12.255,13.131,12.969,12.253,11.444,11.541,10.094,9.88,8.988,8.982,8.552,7.148,6.655,6.119,4.883,3.83,2.518,1.688,1.096,0.809,0.383,0.185,0.188,0.134,0.077,0.02,0.06,0.02,0,0,0,0,0,0,0
2026-08-31 08:43:00,1,"Normal Scan","Normal Scan",0,"ON",1,1,1,737.3,5,20.2,97.2,50.5,6.9296e-08,1.81905e-05,4.97,8954.6,8.8,736.5,1,"Up Scan","Positive",254,0,4.37,1.6,8,8,0,1,1,19.907,33.229,23.3,9.647,2.139,3323.94,47,21.1,NA,0,0,0,0,0,0,0,0,0,0,0,0,0,0,0,0,0,0,0,0,0,0,0,0,0,0,0,0,0,0,0,273.293,257.587,200.839,170.23,148.037,134.064,118.253,109.169,105.621,92.694,94.8,93.604,83.798,94.421,89.714,91.397,86.872,88.785,86.154,87.083,86.945,81.628,80.081,77.05,66.935,59.887,49.704,38.859,32.771,24.399,20.37,19.498,17.605,14.507,13.663,12.145,11.878,12.298,10.121,11.007,12.028,11.468,10.563,9.512,10.352,6.366,5.017,3.714,2.482,1.771,0.85,0.606,0.587,0.416,0.143,0.148,0.051,0.053,0,0.056,0,0,0,0,0,0,0,0,0,0,0,0,0,0,0,0,0,0,0,0,0,0,0,0,0,0,0,0,0,0,0,0,0,0,0,3.155,3.573,4.806,5.093,5.667,6.153,6.905,7.287,7.904,8.931,8.987,10.424,11.545,11.572,14.416,15.114,16.891,17.531,19.46,20.492,22.138,23.688,23.586,24.411,24.77,22.524,21.353,18.828,15.643,13.943,11.273,10.174,10.339,9.924,8.82,9.129,8.546,8.284,8.37,7.353,6.898,6.977,6.403,5.535,4.838,5.078,3.149,2.448,1.741,1.168,0.791,0.384,0.277,0.265,0.172,0.058,0.059,0.02,0.02,0,0.022,0.014,0,0,0,0
2026-08-31 08:48:00,1,"Normal Scan","Normal Scan",0,"ON",1,1,1,737.5,5,20.3,97.3,50.1,6.92549e-08,1.81953e-05,4.97,8954.6,8.8,736.5,1,"Up Scan","Positive",254,0,4.37,1.6,8,8,0,1,1,20.458,33.59,23.71,9.647,2.127,3273.06,48,21.1,NA,0,0,0,0,0,0,0,0,0,0,0,0,0,0,0,0,0,0,0,0,0,0,0,0,0,0,0,0,0,0,0,244.067,222.389,182.859,177.002,146.956,136.079,125.592,114.874,105.856,92.745,94.106,90.034,94.383,93.766,84.978,90.947,90.617,89.964,90.916,86.671,87.784,86.244,81.733,75.51,68.081,60.049,47.847,37.403,30.1,23.997,18.787,20.523,16.99,14.389,14.845,13.346,13.244,10.087,11.234,12.215,10.362,11.101,10.353,11.121,9.185,6.677,5.121,3.721,2.314,0.973,1.088,0.562,0.269,0.369,0.238,0.246,0.103,0.052,0,0,0,0,0,0,0,0,0,0,0,0,0,0,0,0,0,0,0,0,0,0,0,0,0,0,0,0,0,0,0,0,0,0,0,0,0,2.761,3.149,4.165,4.614,5.818,6.112,6.971,7.758,8.359,8.928,8.962,10.346,11.135,13.015,14.318,14.343,16.803,18.274,19.731,21.515,22.116,23.831,24.798,24.802,24.162,22.924,21.307,18.296,15.081,12.992,11.27,9.672,10.599,9.609,9.114,9.403,8.983,8.915,7.563,7.674,7.369,6.284,6.112,5.359,5.569,4.526,3.219,2.459,1.781,1.098,0.468,0.475,0.241,0.113,0.153,0.097,0.098,0.04,0.02,0,0,0,0,0,0,0
2026-08-31 08:53:00,1,"Normal Scan","Normal Scan",0,"ON",1,1,1,737.7,5,20.6,97.3,50.7,6.9345e-08,1.82097e-05,4.97,8954.6,8.8,736.5,1,"Up Scan","Positive",254,0,4.37,1.6,8,8,0,1,1,20.171,33.32,23.586,9.647,2.109,3500.13,46,21.3,NA,0,0,0,0,0,0,0,0,0,0,0,0,0,0,0,0,0,0,0,0,0,0,0,0,0,0,0,0,0,0,0,238.773,219.827,199.141,166.355,166.655,165.04,148.505,135.424,117.078,117.504,103.015,107.797,104.314,103.52,101.729,95.312,94.877,93.972,92.638,89.505,90.236,84.49,80.87,77.312,66.948,60.422,52.287,39.907,29.925,23.637,20.892,16.793,17.806,17.164,15.627,14.853,13.395,13.602,10.928,12.732,11.8,11.129,11.664,10.295,9.179,7.711,5.677,4.844,2.481,1.625,1.127,0.825,0.585,0.231,0.096,0,0,0,0,0.056,0,0,0,0,0,0,0,0,0,0,0,0,0,0,0,0,0,0,0,0,0,0,0,0,0,0,0,0,0,0,0,0,0,0,0,2.408,3.05,4.108,5.051,5.491,6.96,8.444,9.16,9.835,9.892,11.346,11.29,13.303,14.362,15.767,17.064,17.59,19.084,20.547,21.927,22.738,24.526,24.447,24.633,24.686,22.586,21.468,19.626,16.219,13.169,11.259,10.551,9.432,10.097,10.408,9.989,9.781,9.309,9.186,7.597,8.048,7.002,6.368,6.144,5.17,4.563,3.765,2.671,2.245,1.129,0.723,0.493,0.371,0.264,0.095,0.039,0,0,0,0,0.022,0.014,0,0,0,0
2026-08-31 08:58:00,1,"Normal Scan","Normal Scan",0,"ON",1,1,1,737.3,5,20,97.3,50.6,6.91647e-08,1.81809e-05,4.97,8954.6,8.8,736.5,1,"Up Scan","Positive",254,0,4.37,1.6,8,8,0,1,1,22.526,36.31,25.624,9.647,2.165,3883.57,48,21.1,NA,0,0,0,0,0,0,0,0,0,0,0,0,0,0,0,0,0,0,0,0,0,0,0,0,0,0,0,0,0,0,0,241.967,213.922,190.691,187.875,170.418,165.266,152.547,133.088,133.247,115.825,108.169,101.683,100.48,111.476,108.718,108.07,103.071,98.96,96.738,97.492,98.915,102.992,97.665,106.4,104.603,96.756,78.619,61.784,41.815,37.376,32.203,28.151,28.997,26.294,23.601,21.971,19.076,17.964,15.101,15.058,15.706,13.533,12.043,11.816,10.292,8.084,5.447,3.952,3.019,1.945,0.834,0.824,0.36,0.367,0.047,0.149,0.052,0,0,0.056,0,0,0,0,0,0,0,0,0,0,0,0,0,0,0,0,0,0,0,0,0,0,0,0,0,0,0,0,0,0,0,0,0,0,0,2.563,3.149,3.994,4.84,6.209,7.142,8.498,9.411,9.665,11.249,11.211,11.891,12.563,13.857,16.978,18.258,19.942,20.882,21.826,23.369,25.443,27.666,30.303,30.204,34.058,35.368,34.413,29.646,25.082,18.642,17.479,16.056,15.047,15.496,14.893,14.276,13.501,11.958,11.577,9.769,9.019,8.868,7.411,6.375,5.88,5.095,3.906,2.599,1.821,1.413,0.879,0.365,0.371,0.17,0.153,0.019,0.059,0.02,0,0,0.021,0.014,0,0,0,0
2026-08-31 09:03:00,1,"Normal Scan","Normal Scan",0,"ON",1,1,1,737.8,5,20.7,97.3,50.6,6.93751e-08,1.82145e-05,4.97,8954.6,8.8,736.5,1,"Up Scan","Positive",254,0,4.37,1.6,8,8,0,1,1,21.341,35.347,24.46,9.647,2.184,2871.87,47,21.3,NA,0,0,0,0,0,0,0,0,0,0,0,0,0,0,0,0,0,0,0,0,0,0,0,0,0,0,0,0,0,0,0,240.772,190.679,168.98,141.658,114.266,102.924,98.694,88.863,88.022,83.462,76.153,80.209,77.049,76.83,76.257,76.081,80.876,77.814,76.753,82.332,74.333,73.909,73.161,74.425,63.028,57.179,49.911,36.803,28.473,25.182,20.913,16.704,16.47,14.871,12.994,13.238,11.654,10.662,11.651,11.583,11.717,10.963,11.785,10.192,9.247,6.284,5.164,3.881,2.823,1.249,0.656,0.473,0.496,0.183,0.334,0.049,0.154,0.053,0.219,0.13,0,0,0,0,0,0,0,0,0,0,0,0,0,0,0,0,0,0,0,0,0,0,0,0,0,0,0,0,0,0,0,0,0,0,0,2.097,3.064,3.537,4.288,4.664,4.753,5.263,6.075,6.43,7.425,8.09,8.37,9.918,10.625,11.752,12.898,14.076,16.309,17.104,18.332,20.97,20.383,21.532,22.29,23.785,21.376,20.421,18.725,14.914,12.285,11.642,10.447,8.982,9.387,9.294,8.846,8.806,8.423,7.834,7.723,7.131,6.895,6.193,6.026,5.1,4.509,3.104,2.474,1.889,1.295,0.589,0.329,0.26,0.226,0.076,0.136,0.02,0.06,0.02,0.081,0.044,0,0,0,0,0
2026-08-31 09:08:00,1,"Normal Scan","Normal Scan",0,"ON",1,1,1,737.5,5,20.3,97.3,51,6.92549e-08,1.81953e-05,4.97,8954.6,8.8,736.5,1,"Up Scan","Positive",254,0,4.37,1.6,8,8,0,1,1,21.109,34.929,24.469,9.647,2.155,3119.62,47,21.2,NA,0,0,0,0,0,0,0,0,0,0,0,0,0,0,0,0,0,0,0,0,0,0,0,0,0,0,0,0,0,0,0,217.513,207.577,162.464,162.77,141.503,117.203,110.908,107.476,107.347,101.817,92.62,83.725,89.67,88.139,80.006,82.913,79.163,81.212,86.544,83.178,87.597,83.209,79.397,76.054,70.337,62.253,51.531,40.913,30.592,24.749,20.201,18.784,16.878,17.777,15.976,13.116,13.446,10.896,12.434,12.484,10.827,12.908,11.717,10.603,8.457,7.269,5.53,3.053,2.599,1.609,1.108,0.648,0.32,0.091,0.24,0,0.051,0.212,0,0,0,0,0,0,0,0,0,0,0,0,0,0,0,0,0,0,0,0,0,0,0,0,0,0,0,0,0,0,0,0,0,0,0,0,0,2.408,2.838,3.899,4.126,5.376,5.864,6.003,6.832,7.809,9.066,9.844,10.161,10.334,12.333,13.467,13.49,15.375,16.067,17.889,20.569,21.305,23.912,24.107,24.218,24.416,23.69,22.098,19.439,16.501,13.461,11.567,10.3,9.879,9.913,10.592,9.999,9.176,9.33,7.794,8.122,7.711,6.563,6.829,6.135,5.376,4.192,3.527,2.589,1.452,1.194,0.765,0.512,0.278,0.169,0.038,0.097,0,0.02,0.08,0,0,0.028,0,0,0,0
2026-08-31 09:13:00,1,"Normal Scan","Normal Scan",0,"ON",1,1,1,737.5,5,20.3,97.3,50.6,6.92549e-08,1.81953e-05,4.97,8954.6,8.8,736.5,1,"Up Scan","Positive",254,0,4.37,1.6,8,8,0,1,1,19.358,33.148,23.012,9.647,2.159,3284.57,48,21.2,NA,0,0,0,0,0,0,0,0,0,0,0,0,0,0,0,0,0,0,0,0,0,0,0,0,0,0,0,0,0,0,0,302.762,258.444,201.942,179.605,140.493,138.606,117.922,98.87,98.389,89.953,92.298,89.327,87.302,91.571,88.198,83.092,81.737,84.937,81.007,79.918,78.976,76.877,75.765,73.623,64.964,56.195,48.453,39.189,30.789,24.753,22.259,17.901,18.594,16.989,16.371,14.009,12.411,10.86,12.109,11.023,11.401,10.083,12.502,9.893,8.763,7.802,5.558,4.244,2.512,1.207,0.72,0.478,0.534,0.137,0.142,0,0,0.053,0,0.056,0,0,0,0,0,0,0,0,0,0,0,0,0,0,0,0,0,0,0,0,0,0,0,0,0,0,0,0,0,0,0,0,0,0,0,2.69,3.871,4.794,5.107,5.921,5.847,7.101,7.257,7.201,8.299,8.724,10.129,11.03,12.041,13.958,14.824,15.357,16.493,18.603,19.275,20.404,21.542,22.289,23.174,23.645,22.01,20.169,18.396,15.939,13.402,11.646,11.008,9.694,10.42,10.065,10.175,9.151,8.994,7.783,7.926,7.216,6.711,5.853,6.347,4.899,4.248,3.787,2.606,1.974,1.132,0.539,0.329,0.223,0.226,0.057,0.058,0,0,0.02,0,0.022,0,0,0,0,0
2026-08-31 09:18:00,1,"Normal Scan","Normal Scan",0,"ON",1,1,1,737.7,5,20.6,97.3,51.2,6.9345e-08,1.82097e-05,4.97,8954.6,8.8,736.5,1,"Up Scan","Positive",254,0,4.37,1.6,8,8,0,1,1,20.564,36.165,24.49,10.366,2.243,3272.52,47,21.3,NA,0,0,0,0,0,0,0,0,0,0,0,0,0,0,0,0,0,0,0,0,0,0,0,0,0,0,0,0,0,0,0,262.716,263.509,201.363,156.12,141.802,123.388,107.063,106.551,95.551,92.665,84.679,85.693,82.258,88.427,80.998,81.966,84.025,87.603,81.74,77.409,76.903,76.746,72.604,67.057,64.961,55.437,44.198,40.211,35.419,32.711,37.043,34.12,30.484,27.112,24.659,18.745,17.023,17.894,15.782,13.471,13.743,13.331,11.604,12.07,9.385,7.687,5.356,3.538,2.573,1.892,1.244,0.639,0.464,0.276,0.193,0.098,0.05,0.212,0,0.056,0,0,0,0,0,0,0,0,0,0,0,0,0,0,0,0,0,0,0,0,0,0,0,0,0,0,0,0,0,0,0,0,0,0,0,3.206,3.399,4.917,5.097,5.147,5.901,6.356,6.595,7.723,8.067,8.965,9.296,10.585,11.373,13.487,13.632,15.143,16.925,19.12,19.335,19.83,20.991,22.167,22.355,21.949,22.647,20.98,17.975,17.392,16.221,15.595,17.564,17.32,16.14,15.058,14.314,11.912,10.948,11.39,9.773,8.553,7.756,7.17,6.185,6.087,4.629,3.741,2.555,1.695,1.199,0.863,0.584,0.291,0.213,0.115,0.077,0.039,0.02,0.08,0,0.022,0.014,0,0,0,0
2026-08-31 09:23:00,1,"Normal Scan","Normal Scan",0,"ON",1,1,1,737.3,5,20,97.3,51,6.91647e-08,1.81809e-05,4.97,8954.6,8.8,736.5,1,"Up Scan","Positive",254,0,4.37,1.6,8,8,0,1,1,19.813,33.09,23.116,9.647,2.146,3622.75,47,21.1,NA,0,0,0,0,0,0,0,0,0,0,0,0,0,0,0,0,0,0,0,0,0,0,0,0,0,0,0,0,0,0,0,330.949,277.518,199.621,191.573,168.806,145.686,123.176,117.705,107.728,97.654,105.198,106.583,109.81,109.723,106.642,102.291,92.761,85.653,85.803,85.479,82.446,80.156,81.023,74.908,72.635,66.123,56.477,47.063,35.412,27.834,25.291,23.638,19.079,18.27,14.566,14.725,11.69,16.561,13.231,11.875,12.749,11.615,12.177,9.099,9.208,8.224,5.334,3.65,2.227,1.454,1.592,0.62,0.357,0.369,0.287,0.1,0.103,0.053,0.055,0.112,0,0,0,0,0,0,0,0,0,0,0,0,0,0,0,0,0,0,0,0,0,0,0,0,0,0,0,0,0,0,0,0,0,0,0,3.581,4.32,5.178,5.06,6.333,7.03,7.488,7.598,8.583,9.14,9.474,11.577,13.144,15.088,16.694,17.871,18.788,18.656,18.839,20.369,21.911,22.724,23.401,24.975,24.183,24.648,23.749,21.428,18.835,15.271,12.918,12.247,12.398,11.157,10.85,9.545,9.845,8.546,10.246,8.775,7.535,7.385,6.391,6.27,4.817,4.561,3.95,2.565,1.78,1.044,0.666,0.713,0.315,0.151,0.153,0.116,0.039,0.04,0.02,0.02,0.043,0,0,0,0,0
2026-08-31 09:28:00,1,"Normal Scan","Normal Scan",0,"ON",1,1,1,737.7,5,20.6,97.3,50.7,6.9345e-08,1.82097e-05,4.97,8954.6,8.8,736.5,1,"Up Scan","Positive",254,0,4.37,1.6,8,8,0,1,1,18.086,32.573,22.494,9.647,2.16,3609.94,48,21.3,NA,0,0,0,0,0,0,0,0,0,0,0,0,0,0,0,0,0,0,0,0,0,0,0,0,0,0,0,0,0,0,0,357.599,262.531,232.834,197.676,179.373,166.078,143.196,130.192,112.144,106.084,99.348,95.635,89.33,80.258,85.733,78.124,85.733,81.75,87.707,83.087,78.542,79.754,76.382,74.46,68.179,62.7,56.48,49.866,36.35,30.727,25.339,21.088,18.912,17.794,15.804,12.601,13.087,11.681,12.389,12.06,12.702,12.966,11.617,10.561,8.498,6.983,5.591,4.415,2.895,1.488,1.222,0.743,0.29,0.461,0.189,0.05,0.154,0.264,0,0.241,0,0,0,0,0,0,0,0,0,0,0,0,0,0,0,0,0,0,0,0,0,0,0,0,0,0,0,0,0,0,0,0,0,0,0,3.426,4.58,4.867,5.911,6.503,7.519,8.489,8.828,9.445,9.445,10.237,10.89,11.779,12.269,12.291,14.434,14.46,17.292,17.97,20.76,21.259,21.618,23.361,23.712,24.225,23.269,22.505,21.307,19.809,15.559,13.978,12.235,11.076,10.695,10.622,10.122,9.093,9.07,8.258,8.242,7.569,7.546,7.001,6.176,5.401,4.27,3.404,2.743,2.091,1.344,0.737,0.566,0.371,0.151,0.191,0.077,0.02,0.06,0.101,0,0.087,0.014,0,0,0,0
2026-08-31 09:33:00,1,"Normal Scan","Normal Scan",0,"ON",1,1,1,737.6,5,20.4,97.3,51.5,6.92849e-08,1.82001e-05,4.97,8954.6,8.8,736.5,1,"Up Scan","Positive",254,0,4.37,1.6,8,8,0,1,1,16.781,32.983,21.955,9.647,2.219,4464.68,48,21.3,NA,0,0,0,0,0,0,0,0,0,0,0,0,0,0,0,0,0,0,0,0,0,0,0,0,0,0,0,0,0,0,0,477.99,370.593,320.291,280.569,232.277,196.927,175.699,154.772,129.185,127.939,114.593,104.884,97.494,96.41,96.262,95.994,94.857,98.055,95.715,93.08,87.658,82.805,77.049,78.167,71.572,67.027,61.53,51.947,46.808,36.165,33.313,27.529,30.036,25.749,20.99,22.534,18.265,18.375,19.075,16.995,16.94,17.394,17.507,15.316,13.198,10.597,8.708,5.986,3.368,2.934,1.471,1.559,0.805,0.368,0.381,0.295,0.408,0.211,0.055,0,0,0,0,0,0,0,0,0,0,0,0,0,0,0,0,0,0,0,0,0,0,0,0,0,0,0,0,0,0,0,0,0,0,0,0,4.276,6.162,6.9,8.12,9.223,9.64,10.13,10.813,11.222,10.894,12.345,12.576,12.939,13.444,14.715,16.191,17.702,19.077,21.347,22.645,23.743,24.038,24.336,24.076,25.702,24.816,24.436,23.836,21.536,20.233,17.245,16.573,14.737,16.754,15.401,13.768,14.736,13.07,12.741,12.386,11.033,10.27,9.654,9.184,7.783,6.723,5.249,4.144,2.872,1.628,1.402,0.658,0.686,0.358,0.153,0.155,0.118,0.159,0.08,0.02,0,0.014,0,0,0,0
2026-08-31 09:38:00,1,"Normal Scan","Normal Scan",0,"ON",1,1,1,737.3,5,20.1,97.3,51.3,6.91948e-08,1.81857e-05,4.97,8954.6,8.8,736.5,1,"Up Scan","Positive",254,0,4.37,1.6,8,8,0,1,1,18.045,32.969,22.518,9.647,2.182,4718.23,49,21.2,NA,0,0,0,0,0,0,0,0,0,0,0,0,0,0,0,0,0,0,0,0,0,0,0,0,0,0,0,0,0,0,0,449.039,377.977,316.165,264.85,233.948,190.499,184.557,164.651,150.246,144.235,128.207,126.584,124.337,114.572,116.816,110.752,109.891,104.564,104.452,95.009,101.143,94.821,88.791,86.406,80.945,76.403,66.785,56.244,50.933,42.476,36.734,34.33,34.196,30.149,24.602,22.408,21.876,17.674,16.853,17.495,16.781,15.069,15.723,13.462,12.716,8.611,7.355,4.587,3.568,2.31,1.585,1.072,0.499,0.83,0.57,0.3,0.257,0.159,0.164,0,0,0,0,0,0,0,0,0,0,0,0,0,0,0,0,0,0,0,0,0,0,0,0,0,0,0,0,0,0,0,0,0,0,0,0,3.852,5.801,7.092,8.076,8.704,9.681,9.765,11.384,11.982,12.672,13.994,14.082,15.594,17.073,17.485,19.569,20.408,22.092,22.859,24.731,24.358,27.737,27.727,27.627,28.459,28.091,27.914,26.103,23.501,22.29,19.606,18.244,17.64,18.126,17.066,15.202,14.098,14.197,11.911,11.04,10.795,9.851,8.315,8.372,6.989,6.308,4.231,3.657,2.321,1.68,1.097,0.749,0.482,0.245,0.344,0.23,0.12,0.099,0.06,0.061,0,0.027,0,0,0,0
2026-08-31 09:43:00,1,"Normal Scan","Normal Scan",0,"ON",1,1,1,737.8,5,20.7,97.3,51.9,6.93751e-08,1.82145e-05,4.97,8954.6,8.8,736.5,1,"Up Scan","Positive",254,0,4.37,1.6,8,8,0,1,1,15.984,31.614,21.215,9.647,2.199,3794.91,50,21.3,NA,0,0,0,0,0,0,0,0,0,0,0,0,0,0,0,0,0,0,0,0,0,0,0,0,0,0,0,0,0,0,0,464.178,356.186,268.815,230.514,193.854,177.017,145.933,122.033,115.731,101.487,91.473,80.3,79.192,75.305,80.544,77.567,80.27,74.438,71.476,73.385,72.596,71.864,67.986,65.484,60.958,57.879,49.371,41.384,34.021,27.699,28.356,27.655,25.338,24.194,20.955,19.056,17.204,13.917,12.892,12.278,11.582,12.339,11.449,10.632,9.593,8.213,7.278,4.598,2.469,2.012,1.376,0.951,0.62,0.325,0.24,0.247,0.103,0.105,0,0,0,0,0,0,0,0,0,0,0,0,0,0,0,0,0,0,0,0,0,0,0,0,0,0,0,0,0,0,0,0,0,0,0,0,0,4.391,6,6.598,6.766,7.545,8.057,9.064,8.983,8.855,9.726,9.799,10.011,9.912,10.918,11.502,13.529,14.31,16.156,16.353,17.02,18.783,19.958,21.029,20.975,21.413,20.976,21.205,19.473,17.358,15.352,13.357,14.044,14.167,13.554,13.476,12.407,11.859,11.128,9.499,8.531,8.151,7.253,6.873,6.187,5.421,4.835,4.064,3.445,2.176,1.198,0.955,0.6,0.408,0.301,0.134,0.097,0.098,0.04,0.04,0,0,0.042,0,0,0,0
2026-08-31 09:48:00,1,"Normal Scan","Normal Scan",0,"ON",1,1,1,737.6,5,20.3,97.4,52.5,6.91838e-08,1.81953e-05,4.97,8954.6,8.8,736.5,1,"Up Scan","Positive",254,0,4.37,1.6,8,8,0,1,1,16.147,31.633,21.259,9.647,2.185,3464.08,49,21.2,NA,0,0,0,0,0,0,0,0,0,0,0,0,0,0,0,0,0,0,0,0,0,0,0,0,0,0,0,0,0,0,0,348.695,328.77,299.462,216.01,180.382,146.499,138.225,115.324,100.64,93.644,87.83,82.298,77.251,74.308,74.84,75.143,70.282,71.702,72.842,67.34,64.33,65.199,61.124,60.721,57.197,49.34,44.655,37.668,29.377,24.824,22.036,21.104,20.136,19.477,18.472,14.462,13.212,12.037,12.249,11.109,11.785,11.514,12.163,11.103,9.893,8.37,6.13,3.851,2.677,2.172,1.329,1.322,0.26,0.463,0.382,0.295,0.051,0.107,0,0,0,0,0,0,0,0,0,0,0,0,0,0,0,0,0,0,0,0,0,0,0,0,0,0,0,0,0,0,0,0,0,0,0,0,0,3.498,4.506,6.118,7.501,7.129,7.506,7.503,8.518,8.361,8.46,9.068,9.641,10.134,10.638,11.345,12.574,13.822,14.175,15.696,17.254,17.253,17.639,19.023,18.939,19.74,19.542,17.978,17.267,15.564,13.136,11.905,11.037,11.015,11.296,11.245,11.216,9.691,9.419,8.567,8.473,7.509,7.125,6.393,6.472,5.819,5.058,4.02,2.98,1.898,1.3,0.981,0.611,0.567,0.17,0.191,0.155,0.118,0.02,0.04,0,0,0.055,0,0,0,0
2026-08-31 09:53:00,1,"Normal Scan","Normal Scan",0,"ON",1,1,1,737.3,5,19.9,97.4,52.4,6.90637e-08,1.81761e-05,4.97,8954.6,8.8,736.5,1,"Up Scan","Positive",254,0,4.37,1.6,8,8,0,1,1,15.177,29.387,20.118,9.647,2.12,3553.94,49,21.1,NA,0,0,0,0,0,0,0,0,0,0,0,0,0,0,0,0,0,0,0,0,0,0,0,0,0,0,0,0,0,0,0,386.045,346.298,294.351,254.76,205.267,177.161,144.516,125.317,104.726,98.47,85.692,85.555,78.286,74.902,71.455,69.328,73.67,70.018,69.883,65.592,65.939,63.111,58.505,52.543,52.717,46.986,39.414,30.353,26.081,20.721,19.508,17.941,18.449,16.7,13.774,12.705,11.047,11.582,9.97,9.561,10.712,10.4,10.109,9.92,8.547,7.908,5.263,3.987,2.871,2.125,1.006,0.781,0.627,0.183,0.285,0.049,0.051,0.105,0.054,0.056,0,0,0,0,0,0,0,0,0,0,0,0,0,0,0,0,0,0,0,0,0,0,0,0,0,0,0,0,0,0,0,0,0,0,0,4.05,5.041,6.486,7.476,8.392,8.552,9.083,8.899,9.098,8.84,9.526,9.412,10.548,10.779,11.442,12.022,12.806,14.802,15.301,16.451,16.769,17.987,18.296,17.939,17.032,17.976,16.959,15.189,12.744,11.571,9.832,9.752,9.515,10.121,9.681,8.852,8.645,7.923,8.076,7.19,6.557,6.319,5.99,5.599,5.04,4.243,3.892,2.487,1.903,1.318,0.978,0.457,0.353,0.264,0.076,0.116,0.02,0.02,0.04,0.02,0.021,0,0,0,0,0
2026-08-31 09:58:00,1,"Normal Scan","Normal Scan",0,"ON",1,1,1,737.7,5,20.6,97.3,52.2,6.9345e-08,1.82097e-05,4.97,8954.6,8.8,736.5,1,"Up Scan","Positive",254,0,4.37,1.6,8,8,0,1,1,15.906,30.379,20.625,9.647,2.142,3830.35,49,21.3,NA,0,0,0,0,0,0,0,0,0,0,0,0,0,0,0,0,0,0,0,0,0,0,0,0,0,0,0,0,0,0,0,426.739,334.633,278.404,264.652,206.235,188.036,152.294,148.467,124.727,112.011,109.88,99.206,91.706,90.717,83.155,82.434,84.571,75.285,75.34,67.358,65.719,65.266,59.225,54.232,52.279,47.69,40.747,33.864,28.422,24.806,20.929,20.333,19.937,19.226,21.985,18.505,16.711,14.71,14.08,13,11.55,12.667,11.99,11.039,8.244,7.952,5.679,4.032,3.412,1.797,1.274,1.085,0.592,0.462,0.333,0.098,0.204,0.317,0.109,0,0,0,0,0,0,0,0,0,0,0,0,0,0,0,0,0,0,0,0,0,0,0,0,0,0,0,0,0,0,0,0,0,0,0,0,4.017,5.502,6.21,7.067,8.666,8.551,9.61,9.387,10.761,10.556,10.796,12.045,12.205,12.588,13.791,13.925,15.149,16.908,16.388,17.69,17.172,17.959,18.929,18.248,17.755,17.939,17.396,15.855,14.246,13.048,12.304,11.109,11.16,11.337,11.594,12.768,11.688,10.838,9.793,9.173,7.937,7.162,7.162,6.321,5.713,4.247,3.948,2.802,1.935,1.627,0.881,0.603,0.482,0.301,0.191,0.136,0.039,0.079,0.121,0.041,0,0.042,0,0,0,0
2026-08-31 10:03:00,1,"Normal Scan","Normal Scan",0,"ON",1,1,1,737.6,5,20.4,97.4,52.7,6.92138e-08,1.82001e-05,4.97,8954.6,8.8,736.5,1,"Up Scan","Positive",254,0,4.37,1.6,8,8,0,1,1,16.469,28.766,20.26,9.647,2.051,3899.38,49,21.2,NA,0,0,0,0,0,0,0,0,0,0,0,0,0,0,0,0,0,0,0,0,0,0,0,0,0,0,0,0,0,0,0,390.897,335.422,288.032,222.489,229.333,183.032,173.201,138.038,140.407,135.407,136.364,126.308,122.797,110.248,100.859,88.48,86.98,83.487,77.366,72.301,63.054,61.012,56.601,56.527,47.734,43.988,37.21,30.969,25.638,22.12,19.768,16.758,15.614,14.809,12.687,11.258,10.781,11.109,10.836,11.541,12.063,11.704,9.97,11.098,8.629,7.275,5.443,3.504,2.427,2.154,0.995,0.891,0.496,0.277,0.43,0.197,0.154,0.157,0.055,0,0,0,0,0,0,0,0,0,0,0,0,0,0,0,0,0,0,0,0,0,0,0,0,0,0,0,0,0,0,0,0,0,0,0,0,3.915,5.078,6.284,7.306,7.37,9.531,9.388,10.704,10.014,11.842,13.078,14.939,15.521,16.818,16.698,16.83,16.173,17.341,18.051,18.186,18.262,17.186,17.674,17.383,18.248,16.446,15.904,14.342,12.675,11.233,10.296,9.713,9.087,9.04,9.186,8.702,8.168,7.783,7.998,7.559,7.361,7.047,6.427,5.457,5.642,4.362,3.586,2.623,1.723,1.15,1.025,0.457,0.39,0.226,0.115,0.174,0.079,0.06,0.06,0.02,0,0.014,0,0,0,0
2026-08-31 10:08:00,1,"Normal Scan","Normal Scan",0,"ON",1,1,1,737.3,5,20,97.4,52.8,6.90937e-08,1.81809e-05,4.97,8954.6,8.8,736.5,1,"Up Scan","Positive",254,0,4.37,1.6,8,8,0,1,1,15.239,28.284,19.676,9.647,2.072,3754.95,50,21.1,NA,0,0,0,0,0,0,0,0,0,0,0,0,0,0,0,0,0,0,0,0,0,0,0,0,0,0,0,0,0,0,0,427.265,359.279,304.715,256.982,205.488,192.055,156.563,143.394,119.205,106.302,107.706,96.454,91.409,84.838,84.834,84.211,82.591,75.022,72.294,70.653,63.118,59.217,56.755,51.385,46.649,40.281,35.642,27.689,21.997,20.415,17.538,16.967,17.164,16.796,13.107,14.418,10.592,11.241,9.878,9.555,11.478,10.693,9.948,8.411,8.165,7.317,5.317,3.587,2.721,2.489,1.088,0.744,0.447,0.231,0.333,0.05,0.051,0.104,0.049,0.062,0,0,0,0,0,0,0,0,0,0,0,0,0,0,0,0,0,0,0,0,0,0,0,0,0,0,0,0,0,0,0,0,0,0,0,4.66,5.551,6.7,7.763,8.47,8.586,9.863,9.619,10.406,10.069,10.286,11.809,11.896,12.575,12.939,14.221,15.448,16.466,16.309,16.992,17.828,17.102,17.155,17.284,16.57,15.931,14.688,13.814,11.636,9.985,9.857,8.972,9.154,9.506,9.585,8.653,9.451,7.619,7.568,7.068,6.44,6.752,5.981,5.495,4.415,4.11,3.561,2.565,1.707,1.239,1.151,0.475,0.353,0.188,0.096,0.136,0.02,0.02,0.04,0.018,0.024,0,0,0,0,0
2026-08-31 10:13:00,1,"Normal Scan","Normal Scan",0,"ON",1,1,1,737.4,5,20.1,97.4,52.5,6.91237e-08,1.81857e-05,4.97,8954.6,8.8,736.5,1,"Up Scan","Positive",254,0,4.37,1.6,8,8,0,1,1,15.284,28.961,19.899,9.647,2.102,3346.67,49,21.1,NA,0,0,0,0,0,0,0,0,0,0,0,0,0,0,0,0,0,0,0,0,0,0,0,0,0,0,0,0,0,0,0,393.672,311.874,275.758,230.22,194.074,151.064,132.185,115.36,103.853,100.874,91.462,79.093,81.341,77.535,77.869,72.146,74.752,72.884,62.397,64.122,53.212,56.27,49.135,45.473,42.553,40.067,31.588,25.836,21.221,18.623,15.232,13.922,15.799,15.411,13.642,13.21,12.175,10.103,11.631,9.556,10.163,10.447,8.605,9.714,7.37,7.616,4.879,3.14,2.483,1.866,1.18,0.603,0.402,0.505,0.288,0,0.05,0.106,0.054,0,0,0,0,0,0,0,0,0,0,0,0,0,0,0,0,0,0,0,0,0,0,0,0,0,0,0,0,0,0,0,0,0,0,0,0,3.569,5.066,5.815,7.003,7.603,8.047,7.729,8.117,8.373,8.784,9.754,10.017,9.757,11.194,11.809,13.031,13.213,14.942,15.776,14.675,16.209,14.566,16.202,15.031,14.738,14.544,14.377,12.259,10.944,9.57,9.116,8.081,7.809,9.147,9.024,8.678,8.802,8.054,7.344,7.464,6.438,6.087,5.792,4.756,5.019,3.653,3.68,2.391,1.515,1.133,0.846,0.548,0.26,0.17,0.21,0.116,0,0.02,0.04,0.02,0,0,0,0,0,0
2026-08-31 10:18:00,1,"Normal Scan","Normal Scan",0,"ON",1,1,1,737.9,5,20.7,97.4,52.8,6.93039e-08,1.82145e-05,4.97,8954.6,8.8,736.5,1,"Up Scan","Positive",254,0,4.37,1.6,8,8,0,1,1,16.383,28.787,20.147,9.647,2.06,3849.74,48,21.3,NA,0,0,0,0,0,0,0,0,0,0,0,0,0,0,0,0,0,0,0,0,0,0,0,0,0,0,0,0,0,0,0,377.278,340.248,297.878,235.061,210.5,185.191,156.158,144.638,149.966,151.855,149.46,131.137,103.748,100.04,89.823,85.357,84.563,78.997,70.882,61.272,58.773,55.183,56.223,51.569,46.485,40.087,35.068,27.984,25.538,20.748,18.858,19.778,18.59,18.535,16.251,13.429,13.667,11.544,11.797,10.918,11.143,11.611,9.786,9.008,8.264,6.892,5.174,4.193,2.249,1.924,1.763,1.064,0.624,0.37,0.191,0.247,0.103,0.053,0,0,0,0,0,0,0,0,0,0,0,0,0,0,0,0,0,0,0,0,0,0,0,0,0,0,0,0,0,0,0,0,0,0,0,0,0,4.152,4.842,6.32,7.525,7.77,8.773,9.519,9.584,10.515,12.647,14.671,16.334,16.086,14.21,15.152,14.95,15.596,16.821,17.118,16.645,15.579,15.983,16.034,17.167,16.768,15.992,14.659,13.865,11.897,11.617,10.007,9.657,10.559,10.387,10.685,9.981,9.126,8.988,7.958,7.693,7.073,6.857,6.407,5.275,4.835,4.227,3.419,2.487,1.98,1.061,0.9,0.772,0.458,0.264,0.153,0.077,0.098,0.04,0.02,0,0,0,0,0,0,0
2026-08-31 10:23:00,1,"Normal Scan","Normal Scan",0,"ON",1,1,1,737.6,5,20.4,97.4,52.5,6.92138e-08,1.82001e-05,4.97,8954.6,8.8,736.5,1,"Up Scan","Positive",254,0,4.37,1.6,8,8,0,1,1,14.714,29.152,19.6,9.647,2.128,3417.28,47,21.3,NA,0,0,0,0,0,0,0,0,0,0,0,0,0,0,0,0,0,0,0,0,0,0,0,0,0,0,0,0,0,0,0,403.01,317.837,288.159,258.239,210.864,178.147,149.654,114.831,113.292,103.31,87.691,87.319,79.585,72.062,72.078,69.49,60.173,55.977,52.077,54.501,46.536,46.846,44.121,42.776,41.129,37.521,32.398,25.854,23.494,19.981,19.906,20.022,19.439,17.29,16.741,13.583,11.741,11.174,10.095,11.186,10.776,11.157,9.93,9.028,8.851,7.81,5.543,4.972,3.072,2.193,0.896,0.906,0.445,0.969,0.084,0.307,0.051,0.105,0.054,0,0,0,0,0,0,0,0,0,0,0,0,0,0,0,0,0,0,0,0,0,0,0,0,0,0,0,0,0,0,0,0,0,0,0,0,3.591,5.253,5.94,7.338,8.529,8.795,9.122,9.228,8.355,9.534,9.962,9.598,10.712,10.904,10.92,12.042,12.692,12.041,12.216,12.309,13.877,12.786,13.704,13.635,14.015,14.284,13.905,12.915,11.143,10.781,9.832,9.945,10.408,10.593,10.11,10.217,9.161,8.229,7.792,7.275,7.441,6.649,6.362,5.639,4.628,4.455,3.814,2.826,2.322,1.427,1.007,0.42,0.39,0.188,0.401,0.034,0.122,0.02,0.04,0.02,0,0,0,0,0,0
2026-08-31 10:28:00,1,"Normal Scan","Normal Scan",0,"ON",1,1,1,737.4,5,20.1,97.4,52.2,6.91237e-08,1.81857e-05,4.97,8954.6,8.8,736.5,1,"Up Scan","Positive",254,0,4.37,1.6,8,8,0,1,1,14.993,27.902,19.316,9.647,2.06,3991.83,48,21.2,NA,0,0,0,0,0,0,0,0,0,0,0,0,0,0,0,0,0,0,0,0,0,0,0,0,0,0,0,0,0,0,0,409.821,399.941,331.538,297.049,242.336,211.552,169.656,157.089,139.436,128.716,121.413,105.399,103.983,95.066,88.304,84.358,76.209,73.899,69.068,61.263,58.26,56.338,55.987,48.999,40.11,35.973,31.268,25.192,22.51,18.874,17.366,18.396,19.327,17.944,16.297,15.357,13.928,12.615,10.607,12.407,10.601,10.789,10.8,10.161,8.086,7.569,5.896,4.423,3.23,1.978,1.435,1.082,0.668,0.463,0.288,0.147,0.204,0.053,0.109,0,0,0,0,0,0,0,0,0,0,0,0,0,0,0,0,0,0,0,0,0,0,0,0,0,0,0,0,0,0,0,0,0,0,0,0,3.777,5.265,7.503,8.436,9.801,10.053,10.822,10.471,11.428,11.744,12.438,13.276,12.947,14.244,14.396,14.726,15.415,15.223,16.064,16.189,15.448,15.754,16.234,17.031,15.812,13.889,13.277,12.418,11.033,10.375,9.448,9.251,10.022,10.618,10.633,10.016,9.958,9.369,8.604,7.475,7.725,6.77,6.333,5.863,5.297,4.144,3.748,2.853,2.134,1.502,0.917,0.658,0.483,0.283,0.191,0.116,0.059,0.08,0.02,0.041,0,0,0,0,0,0
2026-08-31 10:33:00,1,"Normal Scan","Normal Scan",0,"ON",1,1,1,737.3,5,20,97.4,52.3,6.90937e-08,1.81809e-05,4.97,8954.6,8.8,736.5,1,"Up Scan","Positive",254,0,4.37,1.6,8,8,0,1,1,13.673,27.85,18.627,9.647,2.11,4125.43,48,21.1,NA,0,0,0,0,0,0,0,0,0,0,0,0,0,0,0,0,0,0,0,0,0,0,0,0,0,0,0,0,0,0,0,499.477,426.595,423.493,359.176,279.967,223.662,176.598,149.205,115.295,100.167,90.743,77.995,78.83,72.007,73.075,73.175,67.171,63.423,63.615,54.445,55.444,51.093,46.724,47.952,46.344,41.508,36.396,27.843,24.722,22.497,21.539,19.468,20.315,19.772,18.579,16.334,14.375,14.169,12.108,12.04,12.35,11.965,11.139,10.074,9.164,8.146,6.651,5.109,4.076,3.67,1.903,1.342,0.688,0.829,0.191,0.099,0.204,0.211,0.219,0.065,0,0,0,0,0,0,0,0,0,0,0,0,0,0,0,0,0,0,0,0,0,0,0,0,0,0,0,0,0,0,0,0,0,0,0,4.743,6.499,7.978,10.738,11.816,11.659,11.437,10.86,10.828,9.707,9.68,9.946,9.616,10.833,10.984,12.202,13.393,13.433,13.793,14.973,13.977,15.191,14.96,14.437,15.671,16.05,15.297,14.342,12.119,11.453,11.055,11.065,10.676,11.352,11.459,11.352,10.697,9.824,9.497,8.633,7.981,7.735,6.999,6.508,5.564,4.758,4.084,3.333,2.418,1.918,1.691,0.896,0.613,0.358,0.344,0.078,0.039,0.08,0.08,0.081,0.021,0.041,0,0,0,0
2026-08-31 10:38:00,1,"Normal Scan","Normal Scan",0,"ON",1,1,1,737.2,5,19.8,97.4,52.3,6.90337e-08,1.81713e-05,4.97,8954.6,8.8,736.5,1,"Up Scan","Positive",254,0,4.37,1.6,8,8,0,1,1,14.497,32.399,20.606,9.647,2.283,4042.8,48,21,NA,0,0,0,0,0,0,0,0,0,0,0,0,0,0,0,0,0,0,0,0,0,0,0,0,0,0,0,0,0,0,0,474.664,425.794,353.286,303.141,252.312,186.573,173.577,131.938,112.503,94.077,86.217,79.575,75.822,73.563,66.112,67.312,65.824,63.389,58.267,57.558,55.12,53.318,49.735,48.348,47.707,42.771,39.152,35.159,34.106,34.153,36.245,38.876,40.411,37.03,32.307,28.225,25.853,24.513,18.632,16.988,16.386,16.281,13.289,12.083,11.119,9.2,7.208,4.402,4.266,2.281,2.042,1.435,0.859,0.827,0.174,0.215,0.204,0.209,0.055,0.113,0,0,0,0,0,0,0,0,0,0,0,0,0,0,0,0,0,0,0,0,0,0,0,0,0,0,0,0,0,0,0,0,0,0,0,4.182,6.2,7.983,8.953,10.009,10.491,9.548,10.647,9.553,9.473,9.079,9.457,9.813,10.43,11.186,11.102,12.364,13.197,13.806,13.819,14.722,15.125,15.698,15.683,16.354,17.254,16.919,16.835,16.646,16.759,17.169,18.673,20.415,21.179,19.944,18.312,17.027,15.474,14.773,11.93,10.417,9.617,9.029,7.304,6.42,5.684,4.645,3.521,2.143,1.983,1.098,0.896,0.65,0.396,0.344,0.07,0.086,0.08,0.08,0.02,0.041,0.014,0,0,0,0
2026-08-31 10:43:00,1,"Normal Scan","Normal Scan",0,"ON",1,1,1,737.8,5,20.6,97.4,52.3,6.92738e-08,1.82097e-05,4.97,8954.6,8.8,736.5,1,"Up Scan","Positive",254,0,4.37,1.6,8,8,0,1,1,14.066,33.669,20.787,9.647,2.353,4469.57,49,21.2,NA,0,0,0,0,0,0,0,0,0,0,0,0,0,0,0,0,0,0,0,0,0,0,0,0,0,0,0,0,0,0,0,550.927,453.574,429.078,361.564,278.843,221.617,181.368,132.237,109.385,96.642,74.821,75.877,76.413,68.861,67.104,68.583,68.804,65.637,62.53,60.356,55.037,60.243,53.538,48.158,42.617,40.053,35.936,34.764,37.975,46.166,48.788,51.137,48.059,44.037,41.458,37.526,29.831,28.322,26.474,27.127,25.054,21.144,16.906,14.981,12.057,10.547,7.356,5.476,3.769,3.411,2.277,1.67,1.054,0.921,0.765,0.296,0.204,0.105,0.054,0.056,0,0,0,0,0,0,0,0,0,0,0,0,0,0,0,0,0,0,0,0,0,0,0,0,0,0,0,0,0,0,0,0,0,0,0,4.598,7.17,8.443,10.909,11.893,11.588,11.294,11.158,9.575,9.229,9.306,8.226,9.368,10.513,10.489,11.254,12.606,13.825,14.313,14.736,15.301,15.066,17.446,16.814,16.531,16.458,16.854,16.651,17.15,19.146,23.005,24.927,26.222,25.818,24.798,24.199,22.225,18.155,17.087,15.938,15.606,13.836,11.449,9.185,7.948,6.239,5.283,3.682,2.703,1.831,1.566,1.012,0.734,0.479,0.382,0.31,0.118,0.079,0.04,0.02,0.021,0.028,0,0,0,0
2026-08-31 10:48:00,1,"Normal Scan","Normal Scan",0,"ON",1,1,1,737.7,5,20.5,97.4,52.7,6.92438e-08,1.82049e-05,4.97,8954.6,8.8,736.5,1,"Up Scan","Positive",254,0,4.37,1.6,8,8,0,1,1,13.498,29.087,18.945,9.647,2.175,3867.89,48,21.2,NA,0,0,0,0,0,0,0,0,0,0,0,0,0,0,0,0,0,0,0,0,0,0,0,0,0,0,0,0,0,0,0,465.551,457.011,400.082,308.244,272.027,201.005,155.259,132.156,101.298,87.132,72.57,67.957,63.391,56.043,56.95,55.726,57.96,59.495,63.476,60.715,60.454,55.708,52.877,47.832,41.143,34.491,31.962,26.316,20.465,18.857,20.317,18.756,21.483,23.242,23.905,20.461,18.707,16.745,15.83,14.832,13.802,11.781,11.399,10.515,9.329,8.167,6.925,5.369,4.152,2.132,2.121,1.421,0.706,0.551,0.381,0.245,0.305,0.157,0,0,0,0,0,0,0,0,0,0,0,0,0,0,0,0,0,0,0,0,0,0,0,0,0,0,0,0,0,0,0,0,0,0,0,0,0,4.233,6.099,8.556,10.154,10.144,11.294,10.27,9.555,9.594,8.533,8.416,7.952,8.361,8.725,8.579,9.609,10.354,11.684,13.029,14.936,15.335,16.303,16.037,16.147,15.425,14.244,12.959,12.836,11.757,10.455,10.183,11.202,10.915,12.311,13.423,14.104,12.521,11.816,10.891,10.011,9.462,8.486,7.016,6.313,5.702,4.856,4.095,3.36,2.565,1.986,1.028,0.929,0.612,0.339,0.229,0.155,0.098,0.119,0.06,0,0,0.042,0,0,0,0
2026-08-31 10:53:00,1,"Normal Scan","Normal Scan",0,"ON",1,1,1,737.4,5,20.1,97.4,52.6,6.91237e-08,1.81857e-05,4.97,8954.6,8.8,736.5,1,"Up Scan","Positive",254,0,4.37,1.6,8,8,0,1,1,13.176,28.966,18.484,9.647,2.188,3330.34,48,21.2,NA,0,0,0,0,0,0,0,0,0,0,0,0,0,0,0,0,0,0,0,0,0,0,0,0,0,0,0,0,0,0,0,411.145,389.143,348.205,306.541,256.534,198.981,141.825,98.486,89.521,72.513,60.511,54.095,48.859,48.734,45.288,42.1,42.853,42.72,44.885,39.563,38.536,37.856,37.55,35.901,32.559,26.813,25.115,22.884,17.84,17.742,17.508,20.045,19.474,20.884,20.264,15.334,14.886,11.987,11.813,12.829,13.186,13.267,10.898,11.83,10.485,7.82,5.773,5.117,3.268,2.87,2.244,1.163,0.852,0.6,0.237,0.198,0.153,0.053,0,0,0,0,0,0,0,0,0,0,0,0,0,0,0,0,0,0,0,0,0,0,0,0,0,0,0,0,0,0,0,0,0,0,0,0,0,3.455,5.29,7.281,8.85,10.098,10.662,10.184,8.666,7.131,7.542,6.983,6.635,6.644,6.73,7.434,7.596,7.767,8.623,9.365,10.602,10.114,10.515,11.047,11.655,11.702,11.445,10.257,10.398,10.311,9.019,9.228,9.525,10.709,10.905,11.976,12.431,10.489,9.928,8.894,8.534,8.203,7.955,7.53,6.152,6.324,5.316,3.915,2.863,2.372,1.568,1.291,0.999,0.501,0.377,0.248,0.097,0.079,0.06,0.02,0,0,0.014,0,0,0,0
2026-08-31 10:58:00,1,"Normal Scan","Normal Scan",0,"ON",1,1,1,737.3,5,19.9,97.4,52.2,6.90637e-08,1.81761e-05,4.97,8954.6,8.8,736.5,1,"Up Scan","Positive",254,0,4.37,1.6,8,8,0,1,1,14.093,29.482,19.338,10.366,2.155,3904.92,47,21.1,NA,0,0,0,0,0,0,0,0,0,0,0,0,0,0,0,0,0,0,0,0,0,0,0,0,0,0,0,0,0,0,0,317.458,385.636,369.923,365.825,303.011,279.798,226.102,165.017,116.237,92.976,83.564,71.662,61.459,55.949,57.885,55.372,52.677,52.898,53.964,56.095,58.184,49.861,45.562,44.525,40.097,35.633,31.163,29.163,27.956,24.051,24.854,24.654,22.83,25.384,22.412,19.099,17.448,15.606,15.017,11.855,14.421,14.715,11.758,10.681,11.271,8.06,6.954,5.648,3.613,3.166,1.877,1.259,1.204,0.598,0.38,0.197,0.153,0.052,0.055,0,0,0,0,0,0,0,0,0,0,0,0,0,0,0,0,0,0,0,0,0,0,0,0,0,0,0,0,0,0,0,0,0,0,0,0,2.977,4.134,7.229,9.416,12.046,12.611,14.367,13.886,11.933,9.754,8.944,9.117,8.832,8.456,8.55,9.751,10.265,10.621,11.586,12.761,14.252,15.725,14.49,14.21,14.801,14.211,13.607,12.925,12.898,13.153,12.192,12.786,13.1,12.938,13.983,13.554,12.516,11.341,10.482,10.084,8.04,8.775,8.411,6.686,5.694,5.701,4.146,3.378,2.704,1.696,1.439,0.823,0.557,0.528,0.248,0.155,0.079,0.06,0.02,0.02,0,0.014,0,0,0,0
2026-08-31 11:03:00,1,"Normal Scan","Normal Scan",0,"ON",1,1,1,737.8,5,20.6,97.4,51.5,6.92738e-08,1.82097e-05,4.97,8954.6,8.8,736.5,1,"Up Scan","Positive",254,0,4.37,1.6,8,8,0,1,1,14.094,29.517,19.134,11.14,2.159,3754.14,47,21.3,NA,0,0,0,0,0,0,0,0,0,0,0,0,0,0,0,0,0,0,0,0,0,0,0,0,0,0,0,0,0,0,0,327.262,335.143,352.421,337.844,319.54,271.896,240.722,169.261,126.271,95.973,84.062,69.079,57.017,54.848,50.095,51.836,46.086,49.513,46.284,49.437,45.573,42.635,40.816,39.035,36.281,33.063,28.584,24.842,20.979,18.667,19.221,19.889,21.098,20.598,20.167,18.336,18.382,16.423,15.596,17.031,16.759,14.041,14.493,12.65,11.04,8.766,6.571,5.762,4.005,2.601,1.927,1.308,1.164,0.599,0.238,0.05,0.204,0.104,0.054,0,0,0,0,0,0,0,0,0,0,0,0,0,0,0,0,0,0,0,0,0,0,0,0,0,0,0,0,0,0,0,0,0,0,0,0,2.729,4.233,6.286,8.98,11.2,13.307,13.895,14.766,12.229,10.593,9.244,9.168,8.483,7.829,8.337,8.44,9.56,9.293,10.818,10.966,12.553,12.441,12.439,12.657,12.809,12.663,12.398,11.689,11.044,10.348,9.882,10.69,11.518,12.199,12.867,13.067,12.113,12.323,11.105,10.555,10.312,9.832,8.16,7.902,6.619,5.602,4.471,3.202,2.681,1.858,1.216,0.86,0.563,0.508,0.248,0.097,0.02,0.079,0.04,0.02,0,0.014,0,0,0,0
2026-08-31 11:08:00,1,"Normal Scan","Normal Scan",0,"ON",1,1,1,738.2,5,21.2,97.4,51.8,6.9454e-08,1.82384e-05,4.97,8954.6,8.8,736.5,1,"Up Scan","Positive",254,0,4.37,1.6,8,8,0,1,1,14.462,30.041,19.466,12.864,2.155,3349.28,47,21.5,NA,0,0,0,0,0,0,0,0,0,0,0,0,0,0,0,0,0,0,0,0,0,0,0,0,0,0,0,0,0,0,0,259.98,267.331,272.975,281.693,301.645,266.35,214.89,181.154,135.684,103.455,82.115,66.627,55.234,51.673,44.743,42.626,42.799,40.398,43.163,42.456,40.349,39.089,35.705,35.371,32.304,28.737,21.778,19.668,17.126,14.254,16.018,19.313,17.917,21.361,19.922,17.193,15.832,15.247,14.271,14.871,14.429,13.896,14.107,10.477,9.779,9.47,6.25,4.947,4.158,2.543,2.205,1.222,1.336,0.605,0.237,0.148,0.103,0,0.054,0,0,0,0,0,0,0,0,0,0,0,0,0,0,0,0,0,0,0,0,0,0,0,0,0,0,0,0,0,0,0,0,0,0,0,0,2.668,3.373,5.029,6.942,9.294,12.6,13.644,13.192,13.103,11.377,9.953,8.946,8.174,7.559,7.857,7.496,7.863,8.633,8.854,10.217,10.781,10.988,11.309,10.966,11.522,11.159,10.788,9.241,9.042,8.776,8.139,9.083,10.83,10.763,12.709,12.447,11.489,11.025,10.076,9.611,9.63,8.587,7.951,7.764,5.576,4.994,4.801,3.081,2.314,1.899,1.161,0.98,0.525,0.562,0.251,0.097,0.059,0.04,0,0.02,0,0,0,0,0,0
2026-08-31 11:13:00,1,"Normal Scan","Normal Scan",0,"ON",1,1,1,738,5,20.9,97.4,51.4,6.93639e-08,1.82241e-05,4.97,8954.6,8.8,736.5,1,"Up Scan","Positive",254,0,4.37,1.6,8,8,0,1,1,14.43,32.034,19.85,9.647,2.249,2746.83,47,21.6,NA,0,0,0,0,0,0,0,0,0,0,0,0,0,0,0,0,0,0,0,0,0,0,0,0,0,0,0,0,0,0,0,271.4,231.524,216.843,211.496,229.874,198.558,162.845,140.291,111.214,81.481,63.192,51.839,41.297,40.72,40.028,35.268,32.696,34.999,34.847,33.751,33.211,31.334,28.743,29.713,25.091,22.326,17.656,15.261,13.152,14.86,14.141,15.135,15.734,16.496,15.746,15.242,15.9,14.615,13.765,15.592,14.875,14.479,13.449,11.842,10.497,8.392,7.385,6.04,3.524,3.151,1.317,1.424,0.863,0.814,0.288,0.344,0.051,0.052,0.109,0.056,0,0,0,0,0,0,0,0,0,0,0,0,0,0,0,0,0,0,0,0,0,0,0,0,0,0,0,0,0,0,0,0,0,0,0,2.625,3.511,4.332,5.519,7.004,9.533,10.182,9.991,10.145,9.355,7.81,6.894,6.357,5.673,6.191,6.709,6.51,6.598,7.646,8.266,8.576,9.006,9.04,8.815,9.656,8.871,8.465,7.554,7.168,6.921,7.892,8.292,9.136,9.673,10.738,10.788,10.678,11.064,10.207,9.4,9.797,9.102,8.257,7.444,6.114,5.431,4.174,3.633,2.905,1.646,1.418,0.589,0.645,0.365,0.336,0.116,0.137,0.02,0.02,0.041,0.022,0,0,0,0,0
2026-08-31 11:18:00,1,"Normal Scan","Normal Scan",0,"ON",1,1,1,737.8,5,20.6,97.4,50.6,6.92738e-08,1.82097e-05,4.97,8954.6,8.8,736.5,1,"Up Scan","Positive",254,0,4.37,1.6,8,8,0,1,1,17.443,40.507,24.472,10.366,2.455,2153.42,45,21.5,NA,0,0,0,0,0,0,0,0,0,0,0,0,0,0,0,0,0,0,0,0,0,0,0,0,0,0,0,0,0,0,0,170.416,173.176,144.039,132.847,127.482,112.337,85.106,83.285,67.093,52.991,48.939,45.595,46.04,48.278,42.905,42.472,37.667,37.233,42.268,40.768,37.473,34.687,38.517,33.106,29.75,27.153,22.418,22.042,17.32,19.012,19.176,17.745,20.193,22.25,21.152,18.733,18.965,17.395,16.358,16.141,15.215,15.872,14.142,12.748,10.449,9.055,7.932,4.892,3.965,3.502,1.953,1.577,0.672,0.323,0.382,0,0.052,0,0.11,0.056,0,0,0,0,0,0,0,0,0,0,0,0,0,0,0,0,0,0,0,0,0,0,0,0,0,0,0,0,0,0,0,0,0,0,0,2.148,2.203,3.21,3.638,4.386,5.315,5.741,5.228,6.033,5.664,5.114,5.374,5.618,6.332,7.349,7.217,7.824,7.599,8.214,9.973,10.358,10.235,10.122,11.862,10.911,10.565,10.487,9.361,10.141,9.05,10.143,10.62,10.704,12.208,13.383,13.211,12.607,12.678,11.51,10.824,10.215,9.09,8.84,7.829,6.767,5.38,4.436,3.765,2.335,1.783,1.569,0.855,0.727,0.282,0.134,0.155,0,0.02,0,0.041,0.021,0,0,0,0,0
2026-08-31 11:23:00,1,"Normal Scan","Normal Scan",0,"ON",1,1,1,737.7,5,20.4,97.5,50.2,6.91428e-08,1.82001e-05,4.97,8954.6,8.8,736.5,1,"Up Scan","Positive",254,0,4.37,1.6,8,8,0,1,1,15.623,38.164,22.539,9.647,2.45,2025.21,46,21.4,NA,0,0,0,0,0,0,0,0,0,0,0,0,0,0,0,0,0,0,0,0,0,0,0,0,0,0,0,0,0,0,0,227.229,170.163,160.379,133.128,115.4,102.218,90.45,73.449,62.465,51.865,49.047,44.091,37.561,37.465,36.285,32.33,31.426,34.232,31.227,29.769,29.765,29.715,29.615,25.255,24.488,21.518,18.304,14.954,14.688,13.944,13.898,15.99,16.963,16.705,15.333,16.089,15.583,13.863,14.407,15.376,14.309,15.398,14.113,12.758,10.01,9.529,6.6,4.607,3.764,2.6,1.72,1.259,0.631,0.463,0.286,0.248,0,0.052,0.165,0.064,0,0,0,0,0,0,0,0,0,0,0,0,0,0,0,0,0,0,0,0,0,0,0,0,0,0,0,0,0,0,0,0,0,0,0,2.127,2.938,3.187,4.055,4.388,4.767,5.23,5.564,5.31,5.247,5.019,5.355,5.415,5.164,5.713,6.078,5.973,6.34,7.486,7.377,7.614,8.146,8.583,9.095,8.394,8.594,8.299,7.722,7.133,7.548,7.601,8.184,9.349,10.417,10.857,10.438,11.34,10.93,9.851,9.785,9.67,8.628,8.497,7.509,6.683,5.143,4.633,3.206,2.21,1.752,1.169,0.768,0.575,0.283,0.191,0.116,0.098,0,0.02,0.061,0.021,0,0,0,0,0
2026-08-31 11:28:00,1,"Normal Scan","Normal Scan",0,"ON",1,1,1,737.6,5,20.2,97.5,50,6.90828e-08,1.81905e-05,4.97,8954.6,8.8,736.5,1,"Up Scan","Positive",254,0,4.37,1.6,8,8,0,1,1,15.956,39.463,23.074,9.647,2.485,2044.89,45,21.4,NA,0,0,0,0,0,0,0,0,0,0,0,0,0,0,0,0,0,0,0,0,0,0,0,0,0,0,0,0,0,0,0,226.008,169.906,146.849,138.283,120.759,105.765,79.598,74.178,61.243,55.555,49.736,43.215,36.988,37.588,37.891,34.397,33.002,31.343,32.801,31.004,31.974,30.377,27.491,26.156,25.063,24.202,17.854,15.589,13.716,14.721,13.677,15.812,17.663,18.486,19.548,17.006,16.86,17.217,15.069,15.651,15.906,16.147,15.015,11.737,11.985,9.473,7.136,4.573,4.012,2.966,1.769,0.989,1.036,0.601,0.429,0.294,0.255,0.21,0.054,0.063,0,0,0,0,0,0,0,0,0,0,0,0,0,0,0,0,0,0,0,0,0,0,0,0,0,0,0,0,0,0,0,0,0,0,0,2.159,2.9,3.189,3.684,4.585,5.01,5.403,4.906,5.394,5.151,5.379,5.434,5.307,5.074,5.736,6.345,6.355,6.653,6.879,7.755,7.928,8.756,8.779,8.502,8.583,8.877,9.177,7.61,7.508,7.464,8.234,8.18,9.8,10.898,11.835,12.557,11.932,11.778,11.277,10.452,10.042,9.36,8.929,8.168,6.245,5.945,4.787,3.483,2.26,1.894,1.403,0.804,0.427,0.471,0.248,0.174,0.118,0.099,0.08,0.02,0.021,0.014,0,0,0,0
2026-08-31 11:33:00,1,"Normal Scan","Normal Scan",0,"ON",1,1,1,737.5,5,20.1,97.5,50.1,6.90528e-08,1.81857e-05,4.97,8954.6,8.8,736.5,1,"Up Scan","Positive",254,0,4.37,1.6,8,8,0,1,1,15.71,35.687,21.941,9.647,2.353,2684.94,46,21.3,NA,0,0,0,0,0,0,0,0,0,0,0,0,0,0,0,0,0,0,0,0,0,0,0,0,0,0,0,0,0,0,0,281.239,239.54,214.722,174.137,163.103,132.542,111.11,99.528,84.408,71.506,64.749,59.189,52.126,52.51,49.251,50.139,47.166,50.586,50.784,49.118,43.998,39.809,40.484,34.386,33.617,28.989,23.316,18.832,17.894,17.321,17.333,18.7,20.072,20.439,18.565,19.116,17.058,16.644,17.269,15.656,17.56,16.596,14.413,12.641,11.265,9.327,7.988,5.941,3.916,3.011,1.796,1.465,1.123,0.314,0.286,0.247,0.052,0.052,0,0,0,0,0,0,0,0,0,0,0,0,0,0,0,0,0,0,0,0,0,0,0,0,0,0,0,0,0,0,0,0,0,0,0,0,0,2.274,3.672,4.468,5.471,5.752,6.793,6.795,6.831,7.222,7.115,6.91,7.106,7.289,7.182,8.024,8.303,9.255,9.48,11.021,11.906,12.433,11.927,11.523,12.375,11.259,11.701,10.97,9.799,8.832,9.086,9.356,9.91,10.912,12.218,12.642,12.527,12.931,11.853,11.359,11.219,10.132,10.394,9.348,7.844,6.622,5.766,4.689,3.769,2.793,1.822,1.368,0.786,0.631,0.475,0.13,0.116,0.098,0.02,0.02,0,0,0,0,0,0,0
2026-08-31 11:38:00,1,"Normal Scan","Normal Scan",0,"ON",1,1,1,737.4,5,20,97.5,50.4,6.90228e-08,1.81809e-05,4.97,8954.6,8.8,736.5,1,"Up Scan","Positive",254,0,4.37,1.6,8,8,0,1,1,13.651,28.863,18.537,9.647,2.161,4017.03,47,21.2,NA,0,0,0,0,0,0,0,0,0,0,0,0,0,0,0,0,0,0,0,0,0,0,0,0,0,0,0,0,0,0,0,562.066,405.419,376.766,330.531,264.407,225.004,195.061,155.953,123.798,100.62,87.025,78.709,72.046,70.531,64.415,59.887,63.639,56.065,55.83,53.405,49.479,47.19,43.248,36.895,36.285,33.196,25.963,22.322,20.877,17.77,17.027,18.077,18.297,18.402,17.588,15.187,14.737,15.628,15.247,17.127,16.569,15.504,16.451,13.4,13.036,8.66,8.947,6.495,5.349,4.077,2.234,1.583,0.96,0.507,0.573,0.344,0.356,0.159,0.11,0,0,0,0,0,0,0,0,0,0,0,0,0,0,0,0,0,0,0,0,0,0,0,0,0,0,0,0,0,0,0,0,0,0,0,0,4.909,7.282,7.557,9.551,10.911,11.031,11.552,12.007,11.279,10.403,9.717,9.519,9.689,9.888,10.722,10.792,11.02,12.718,12.223,13.061,13.529,13.443,13.579,13.311,12.13,12.578,12.338,10.603,9.895,9.946,9.257,9.486,10.398,11.093,12.137,12.009,11.123,11.307,11.143,10.906,10.827,10.106,9.359,9.106,7.225,6.715,4.356,4.312,3.153,2.55,1.867,1.01,0.696,0.406,0.21,0.233,0.137,0.139,0.06,0.041,0,0,0,0,0,0
2026-08-31 11:43:00,1,"Normal Scan","Normal Scan",0,"ON",1,1,1,737.4,5,20,97.5,50.8,6.90228e-08,1.81809e-05,4.97,8954.6,8.8,736.5,1,"Up Scan","Positive",254,0,4.37,1.6,8,8,0,1,1,14.823,30.382,19.994,9.647,2.171,4800.04,47,21.2,NA,0,0,0,0,0,0,0,0,0,0,0,0,0,0,0,0,0,0,0,0,0,0,0,0,0,0,0,0,0,0,0,507.515,423.355,388.906,339.711,330.335,298.897,246.079,210.972,169.307,141.781,117.362,104.185,97.187,96.044,86.149,77.974,67.627,63.553,60.67,62.858,67.417,72.624,72.74,72.543,59.771,49.51,46.71,43.183,39.34,35.025,32.75,29.206,25.396,22.921,22.375,18.987,17.489,17.441,19.393,19.501,18.161,17.869,17.687,16.105,13.535,11.021,8.569,6.877,4.944,3.676,2.467,1.605,0.846,0.814,0.304,0.297,0.204,0.157,0.03,0.081,0,0,0,0,0,0,0,0,0,0,0,0,0,0,0,0,0,0,0,0,0,0,0,0,0,0,0,0,0,0,0,0,0,0,0,4.608,6.56,7.936,9.903,11.23,13.728,15.31,15.174,15.29,14.266,13.664,12.849,12.782,13.323,14.547,14.386,14.352,13.729,14.139,14.716,16.258,18.452,21.211,22.488,23.849,20.93,18.71,18.572,17.971,17.423,16.594,16.159,15.483,14.67,14.727,14.547,13.428,12.886,12.569,12.9,12.294,10.985,10.344,9.6,8.472,6.937,5.427,4.201,3.23,2.332,1.71,1.079,0.724,0.358,0.337,0.124,0.118,0.08,0.06,0.011,0.031,0,0,0,0,0
2026-08-31 11:48:00,1,"Normal Scan","Normal Scan",0,"ON",1,1,1,737.3,5,19.9,97.5,51.1,6.89929e-08,1.81761e-05,4.97,8954.6,8.8,736.5,1,"Up Scan","Positive",254,0,4.37,1.6,8,8,0,1,1,16.599,36.374,22.386,9.647,2.346,2434.66,47,21.1,NA,0,0,0,0,0,0,0,0,0,0,0,0,0,0,0,0,0,0,0,0,0,0,0,0,0,0,0,0,0,0,0,231.868,222.013,165.411,145.635,132.981,126.673,102.972,86.957,87.229,78.965,69.151,62.758,57.561,51.62,51.414,47.449,46.653,47.292,44.515,40.61,41.904,38.831,35.463,32.97,28.939,24.623,22.256,18.622,16.722,15.608,15.536,16.185,16.508,15.244,15.77,14.005,14.24,13.315,16.132,16.287,16.804,16.731,14.514,12.735,10.664,9.447,6.239,5.163,4.094,2.931,2.319,1.803,1.026,0.599,0.191,0.148,0.154,0.158,0,0.056,0,0,0,0,0,0,0,0,0,0,0,0,0,0,0,0,0,0,0,0,0,0,0,0,0,0,0,0,0,0,0,0,0,0,0,2.244,3.037,4.146,4.205,4.817,5.547,6.51,6.338,6.318,7.339,7.636,7.576,7.727,7.905,7.864,8.61,8.752,9.369,10.285,10.472,10.277,11.319,11.209,10.886,10.774,10.153,9.308,9.134,8.385,8.124,8.23,8.612,9.576,10.449,10.382,11.175,10.681,10.433,9.807,10.617,10.239,9.7,9.505,7.926,6.753,5.567,4.752,3.068,2.426,1.873,1.368,1.031,0.791,0.433,0.249,0.078,0.059,0.06,0.06,0,0.021,0,0,0,0,0
2026-08-31 11:53:00,1,"Normal Scan","Normal Scan",0,"ON",1,1,1,737.3,5,19.8,97.5,51.2,6.89629e-08,1.81713e-05,4.97,8954.6,8.8,736.5,1,"Up Scan","Positive",254,0,4.37,1.6,8,8,0,1,1,19.09,40.225,24.699,9.647,2.395,1947.91,46,21,NA,0,0,0,0,0,0,0,0,0,0,0,0,0,0,0,0,0,0,0,0,0,0,0,0,0,0,0,0,0,0,0,163.082,124.66,115.952,108.305,95.22,82.037,82.838,72.405,67.892,63.069,62.545,55.376,52.722,53.955,48.194,45.604,44.284,40.124,38.205,40.297,36.795,34.613,33.025,29.966,27.328,22.336,21.27,17.103,15.058,16.245,15.224,13.027,14.111,14.425,13.974,12.92,13.742,14.097,13.593,13.803,13.961,15.207,13.499,11.673,11.022,8.903,7.03,5.113,3.277,3.025,1.804,1.244,1.099,0.616,0.239,0.296,0.101,0.158,0.164,0.056,0,0,0,0,0,0,0,0,0,0,0,0,0,0,0,0,0,0,0,0,0,0,0,0,0,0,0,0,0,0,0,0,0,0,0,1.682,2.129,2.317,2.923,3.59,3.999,4.23,5.11,5.272,5.721,6.113,6.86,6.814,7.229,8.189,8.074,8.383,8.876,8.753,9.025,10.176,9.968,10.027,10.127,9.851,9.62,8.441,8.593,7.67,7.474,8.205,8.274,8.127,9.08,9.574,9.843,9.848,10.047,9.896,9.405,8.961,8.611,8.437,7.452,6.169,5.629,4.489,3.446,2.46,1.544,1.368,0.841,0.576,0.465,0.255,0.097,0.118,0.04,0.06,0.061,0.021,0,0,0,0,0
2026-08-31 11:58:00,1,"Normal Scan","Normal Scan",0,"ON",1,1,1,737.2,5,19.7,97.5,51.1,6.89329e-08,1.81665e-05,4.97,8954.6,8.8,736.5,1,"Up Scan","Positive",254,0,4.37,1.6,8,8,0,1,1,18.177,38.291,23.741,9.647,2.36,2102.98,46,21,NA,0,0,0,0,0,0,0,0,0,0,0,0,0,0,0,0,0,0,0,0,0,0,0,0,0,0,0,0,0,0,0,196.012,142.419,133.476,124.948,91.657,104.283,87.033,83.602,67.442,71.618,60.597,60.311,53.493,51.25,49.631,48.339,43.789,44.609,44.069,39.563,40.171,35.627,33.254,31.648,29.372,25.873,22.318,20.586,16.57,16.63,14.349,13.788,14.091,14.183,12.728,14.125,12.192,14.227,13.516,13.07,15.406,13.527,12.656,11.865,10.109,7.949,6.86,5.517,4.437,3.044,1.888,0.99,0.899,0.644,0.429,0.149,0.051,0.106,0,0,0,0,0,0,0,0,0,0,0,0,0,0,0,0,0,0,0,0,0,0,0,0,0,0,0,0,0,0,0,0,0,0,0,0,0,1.931,2.552,2.601,3.374,4.136,3.803,5.368,5.36,6.088,5.692,6.913,6.668,7.409,7.35,7.81,8.318,8.883,8.786,9.7,10.353,10.059,10.904,10.363,10.315,10.406,10.225,9.69,8.922,8.883,7.948,8.3,8.019,8.331,9.07,9.3,9.422,10.044,9.118,10.104,9.224,8.514,9.212,7.879,7.074,6.35,5.065,4.012,3.339,2.644,2.042,1.386,0.841,0.427,0.396,0.268,0.174,0.059,0.02,0.04,0,0,0.014,0,0,0,0
2026-08-31 12:03:00,1,"Normal Scan","Normal Scan",0,"ON",1,1,1,737.1,5,19.6,97.5,51.3,6.89029e-08,1.81617e-05,4.97,8954.6,8.8,736.5,1,"Up Scan","Positive",254,0,4.37,1.6,8,8,0,1,1,21.875,45.737,27.409,9.647,2.538,1597.88,48,20.9,NA,0,0,0,0,0,0,0,0,0,0,0,0,0,0,0,0,0,0,0,0,0,0,0,0,0,0,0,0,0,0,0,132.186,120.056,94.545,80.756,68.834,57.652,53.793,44.738,42.72,42.395,33.829,31.715,33.606,35.184,35.866,34.309,33.737,38.1,38.651,35.104,32.854,35.607,33.942,32.734,28.97,26.234,21.979,19.532,20.257,17.062,16.95,16.519,15.081,15.614,12.657,13.546,13.019,12.561,13.454,14.431,14.238,11.469,13.35,11.925,12.546,9.027,6.861,5.541,4.223,2.541,1.683,1.034,0.803,0.877,0.526,0.198,0.153,0.105,0,0,0,0,0,0,0,0,0,0,0,0,0,0,0,0,0,0,0,0,0,0,0,0,0,0,0,0,0,0,0,0,0,0,0,0,0,1.381,1.718,2.242,2.419,2.659,2.903,2.975,3.32,3.265,3.612,4.109,3.733,3.928,4.66,5.398,6.046,6.342,6.841,8.36,9.169,8.999,9.026,10.32,10.549,10.861,10.203,9.949,8.973,8.616,9.29,8.596,9.048,9.337,9.308,10.102,9.439,9.52,9.62,9.38,9.681,9.302,8.588,7.058,7.227,6.294,6.26,4.484,3.432,2.649,1.984,1.17,0.75,0.446,0.339,0.363,0.213,0.079,0.06,0.04,0,0,0,0,0,0,0
2026-08-31 12:08:00,1,"Normal Scan","Normal Scan",0,"ON",1,1,1,737.7,5,20.3,97.6,51.2,6.9042e-08,1.81953e-05,4.97,8954.6,8.8,736.5,1,"Up Scan","Positive",254,0,4.37,1.6,8,8,0,1,1,24.565,48.614,29.372,9.647,2.563,1671.24,49,21,NA,0,0,0,0,0,0,0,0,0,0,0,0,0,0,0,0,0,0,0,0,0,0,0,0,0,0,0,0,0,0,0,123.865,103.565,100.034,80.226,68.618,59.005,48.817,45.012,40.464,39.862,39.361,32.14,38.197,34.838,34.755,36.214,36.094,36.329,37.721,39.902,40.052,41.875,36.433,38.007,34.44,32.897,26.348,26.526,21.193,19.927,20.167,20.382,17.816,18.216,16.994,15.65,15.586,13.883,17.369,15.072,15.311,14.63,14.328,13.567,10.876,10.642,8.646,5.666,4.554,3.012,2.271,1.675,0.906,0.51,0.285,0.196,0.155,0.053,0.054,0.056,0,0,0,0,0,0,0,0,0,0,0,0,0,0,0,0,0,0,0,0,0,0,0,0,0,0,0,0,0,0,0,0,0,0,0,1.297,1.606,1.951,2.533,2.667,2.851,3.028,3.012,3.267,3.419,3.848,4.324,3.985,5.266,5.334,5.886,6.74,7.356,8.034,9.02,10.261,11.04,12.191,11.467,12.492,12.143,12.394,10.872,11.331,10.1,10.065,10.697,11.197,11.161,11.588,11.38,11.207,11.269,10.185,11.449,10.052,9.489,8.546,7.862,7.224,5.613,5.259,4.171,2.675,2.089,1.387,1.022,0.739,0.4,0.21,0.116,0.079,0.06,0.02,0.02,0.021,0.014,0,0,0,0
2026-08-31 12:13:00,1,"Normal Scan","Normal Scan",0,"ON",1,1,1,737.6,5,20.2,97.6,52.3,6.9012e-08,1.81905e-05,4.97,8954.6,8.8,736.5,1,"Up Scan","Positive",254,0,4.37,1.6,8,8,0,1,1,26.405,48.095,29.877,9.647,2.523,2249.65,49,21,NA,0,0,0,0,0,0,0,0,0,0,0,0,0,0,0,0,0,0,0,0,0,0,0,0,0,0,0,0,0,0,0,173.077,145.186,113.44,97.493,88.321,77.103,65.295,57.775,58.566,46.094,49.221,46.344,40.66,45.219,44.186,47.547,47.406,51.567,50.976,55.137,57.838,57.408,57.24,55.416,53.02,48.976,44.876,41.758,36.003,33.214,31.719,30.714,24.953,24.677,22.859,19.222,19.417,21.118,22.164,20.39,19.921,18.491,16.801,15.092,12.356,11.28,9.422,6.307,5.007,3.793,2.673,2.058,0.983,0.761,0.56,0.332,0.05,0,0.163,0,0,0,0,0,0,0,0,0,0,0,0,0,0,0,0,0,0,0,0,0,0,0,0,0,0,0,0,0,0,0,0,0,0,0,0,1.432,2.241,2.716,2.873,3.241,3.644,3.941,4.027,4.195,4.934,4.488,5.416,5.742,5.64,6.949,7.526,8.888,9.705,11.445,12.286,14.258,16.04,16.951,18.032,18.476,18.732,18.557,18.004,17.465,16.472,15.896,16.049,16.413,15.176,15.48,15.11,13.575,13.719,13.931,14.047,12.957,11.897,10.569,9.187,8.14,6.449,5.541,4.655,3.038,2.32,1.685,1.214,0.891,0.433,0.314,0.228,0.133,0.02,0,0.061,0,0.014,0,0,0,0
2026-08-31 12:18:00,1,"Normal Scan","Normal Scan",0,"ON",1,1,1,737.3,5,19.8,97.6,52.6,6.88922e-08,1.81713e-05,4.97,8954.6,8.8,736.5,1,"Up Scan","Positive",254,0,4.37,1.6,8,8,0,1,1,29.061,48.389,31.267,9.647,2.452,2868.2,49,20.9,NA,0,0,0,0,0,0,0,0,0,0,0,0,0,0,0,0,0,0,0,0,0,0,0,0,0,0,0,0,0,0,0,182.369,145.249,137.328,116.727,99.961,95.263,86.216,79.624,67.282,63.606,62.795,59.845,58.465,62.41,63.384,66.032,66.487,67.146,69.584,73.605,70.992,77.587,78.892,81.144,80.304,72.104,63.048,53.39,53.236,44.786,43.184,41.065,40.95,39.341,36,31.303,26.823,23.581,24.826,22.979,20.743,22.607,19.384,15.123,14.458,11.226,10.134,7.935,5.91,3.944,2.896,1.515,0.859,1.062,0.569,0.444,0.257,0.106,0.11,0,0,0,0,0,0,0,0,0,0,0,0,0,0,0,0,0,0,0,0,0,0,0,0,0,0,0,0,0,0,0,0,0,0,0,0,1.91,2.365,2.701,3.491,3.865,4.153,4.902,5.318,5.774,5.7,6.188,6.919,7.414,8.095,9.571,10.757,12.285,13.572,14.98,16.868,19.263,19.964,22.978,24.808,26.963,28.201,27.024,25.427,23.237,24.295,22.03,21.784,21.576,22.287,22.454,21.214,19.902,17.582,15.487,15.605,14.198,12.748,12.782,10.596,8.187,7.364,5.575,5.029,3.777,2.81,1.818,1.299,0.669,0.415,0.44,0.233,0.177,0.099,0.04,0.041,0,0.041,0,0,0,0
2026-08-31 12:23:00,1,"Normal Scan","Normal Scan",0,"ON",1,1,1,737.4,5,19.9,97.6,52.4,6.89222e-08,1.81761e-05,4.97,8954.6,8.8,736.5,1,"Up Scan","Positive",254,0,4.37,1.6,8,8,0,1,1,20.126,40.567,25.451,9.647,2.391,2814.36,49,20.9,NA,0,0,0,0,0,0,0,0,0,0,0,0,0,0,0,0,0,0,0,0,0,0,0,0,0,0,0,0,0,0,0,226.722,213.308,168.465,143.379,119.07,110.951,104.905,96.201,87.273,80.965,79.5,75.798,67.094,63.8,67.407,57.771,60.386,61.589,62.747,63.024,66.992,68.193,59.824,54.404,48.469,40.793,36.475,32.8,30.09,25.064,26.448,24.658,24.256,21.426,21.99,21.045,18.404,18.625,16.444,18.277,18.608,18.525,18.473,16.063,14.321,11.131,10.197,6.391,4.887,3.271,2.505,2.035,1.385,0.556,0.572,0.147,0.204,0,0.055,0,0,0,0,0,0,0,0,0,0,0,0,0,0,0,0,0,0,0,0,0,0,0,0,0,0,0,0,0,0,0,0,0,0,0,0,2.347,2.9,4.007,4.317,4.757,4.973,5.722,6.476,6.992,7.359,7.834,8.725,9.336,9.237,9.757,11.364,10.775,12.314,13.572,14.908,16.049,18.12,19.626,18.437,17.922,16.876,15.368,14.798,14.164,13.953,12.717,13.644,13.827,14.098,13.837,14.544,14.377,13.679,13.116,11.595,12.06,11.271,10.495,10.042,8.478,7.377,5.611,4.884,3.088,2.238,1.484,1.097,0.891,0.584,0.229,0.233,0.059,0.08,0,0.02,0,0,0,0,0,0
2026-08-31 12:28:00,1,"Normal Scan","Normal Scan",0,"ON",1,1,1,737.9,5,20.5,97.6,52.9,6.91019e-08,1.82049e-05,4.97,8954.6,8.8,736.5,1,"Up Scan","Positive",254,0,4.37,1.6,8,8,0,1,1,17.671,39.947,24.078,9.647,2.442,2558.72,49,21.1,NA,0,0,0,0,0,0,0,0,0,0,0,0,0,0,0,0,0,0,0,0,0,0,0,0,0,0,0,0,0,0,0,251.808,184.683,171.43,153.444,131.272,122.948,93.787,97.57,80.465,77.366,70.807,61.354,58.339,55.366,53.419,50.119,50.53,48.678,45.256,44.956,45.563,42.306,38.991,37.916,35.243,32.598,27.708,26.416,22.907,21.076,20.675,21.019,20.218,22.505,21.122,19.124,18.198,19.241,17.468,17.494,18.501,17.828,17.16,15.779,13.571,11.618,10.199,7.335,5.608,2.989,2.758,1.328,1.217,0.46,0.477,0.196,0.256,0.052,0,0,0,0,0,0,0,0,0,0,0,0,0,0,0,0,0,0,0,0,0,0,0,0,0,0,0,0,0,0,0,0,0,0,0,0,0,2.222,3.237,3.475,4.372,5.097,5.467,6.313,5.778,7.073,6.783,7.479,7.757,7.577,8.022,8.432,8.97,9.247,10.158,10.614,10.706,11.485,12.446,12.365,12.18,12.591,12.471,12.36,11.429,11.668,11.236,11.007,11.357,12.296,12.461,14.095,14.035,13.497,13.253,13.357,12.137,11.608,11.502,10.312,9.31,8.38,6.809,5.83,4.84,3.492,2.567,1.403,1.206,0.571,0.532,0.191,0.194,0.079,0.099,0.02,0,0,0.014,0,0,0,0
2026-08-31 12:33:00,1,"Normal Scan","Normal Scan",0,"ON",1,1,1,737.7,5,20.3,97.6,52.9,6.9042e-08,1.81953e-05,4.97,8954.6,8.8,736.5,1,"Up Scan","Positive",254,0,4.37,1.6,8,8,0,1,1,16.914,37.536,23.02,9.647,2.376,3071.48,48,21.1,NA,0,0,0,0,0,0,0,0,0,0,0,0,0,0,0,0,0,0,0,0,0,0,0,0,0,0,0,0,0,0,0,282.544,254.309,209.167,176.616,167.877,146.622,140.804,126.489,108.927,98.373,91.905,84.554,77.701,64.158,59.182,55.137,50.686,52.347,51.548,49.429,48.779,45.978,44.407,42.336,39.49,35.098,34.086,29.069,26.031,23.49,25.037,21.838,24.511,25.161,23.604,21.455,21.631,19.861,18.808,18.805,19.838,19.194,18.219,17.012,13.7,12.128,10.438,7.245,5.912,3.474,2.085,1.544,0.851,0.506,0.669,0.296,0.204,0.158,0.163,0,0,0,0,0,0,0,0,0,0,0,0,0,0,0,0,0,0,0,0,0,0,0,0,0,0,0,0,0,0,0,0,0,0,0,0,2.801,3.648,4.729,5.332,5.844,6.998,7.536,8.687,9.179,9.187,9.507,10.049,10.391,10.637,9.738,9.916,10.158,10.21,11.463,12.202,12.623,13.36,13.557,13.824,14.057,13.993,13.463,13.776,12.999,12.766,12.262,13.473,12.891,14.682,15.453,15.45,14.864,15.079,13.878,12.864,12.263,11.975,11.315,9.87,8.796,6.97,5.96,5.007,3.499,2.762,1.601,0.969,0.668,0.377,0.21,0.271,0.118,0.08,0.06,0.061,0,0.014,0,0,0,0
2026-08-31 12:38:00,1,"Normal Scan","Normal Scan",0,"ON",1,1,1,737.6,5,20.1,97.6,52.5,6.89821e-08,1.81857e-05,4.97,8954.6,8.8,736.5,1,"Up Scan","Positive",254,0,4.37,1.6,8,8,0,1,1,16.01,33.168,21.21,9.647,2.247,3621.88,48,21.1,NA,0,0,0,0,0,0,0,0,0,0,0,0,0,0,0,0,0,0,0,0,0,0,0,0,0,0,0,0,0,0,0,365.388,337.592,257.422,238.541,205.006,174.791,156.408,144.922,118.825,105.956,109.074,105.931,96.502,93.222,89.712,75.975,69.006,64.885,55.814,55.308,48.654,51.153,43.505,45.013,38.25,37.686,31.987,30.324,24.466,23.34,20.619,21.437,22.811,24.744,23.264,22.624,18.683,17.407,17.389,17.575,17.476,17.594,16.558,16.335,13.055,11.138,7.582,7.402,4.368,3.086,1.995,1.672,1.123,0.276,0.333,0.17,0.232,0.053,0.164,0.056,0,0,0,0,0,0,0,0,0,0,0,0,0,0,0,0,0,0,0,0,0,0,0,0,0,0,0,0,0,0,0,0,0,0,0,3.59,4.767,6.325,6.528,7.905,8.538,8.983,9.651,10.533,10.051,10.269,11.944,13.011,13.222,14.107,14.94,13.858,13.752,14.046,13.188,14.031,13.362,14.878,13.614,14.826,13.526,14.045,13.058,13.361,11.973,12.266,11.463,12.278,13.533,14.929,14.858,14.973,13.044,12.646,11.926,11.079,10.6,10.165,8.935,8.359,6.681,5.55,3.615,3.489,2.052,1.407,0.911,0.758,0.494,0.115,0.136,0.068,0.091,0.02,0.061,0.021,0.014,0,0,0,0
2026-08-31 12:43:00,1,"Normal Scan","Normal Scan",0,"ON",1,1,1,737.4,5,19.9,97.6,52.6,6.89222e-08,1.81761e-05,4.97,8954.6,8.8,736.5,1,"Up Scan","Positive",254,0,4.37,1.6,8,8,0,1,1,16.06,37.481,22.456,9.647,2.407,2882.4,49,21,NA,0,0,0,0,0,0,0,0,0,0,0,0,0,0,0,0,0,0,0,0,0,0,0,0,0,0,0,0,0,0,0,266.561,260.94,235.054,194.914,162.31,138.127,119.422,112.821,106.964,83.751,78.773,70.987,60.134,55.581,51.722,48.783,46.734,43.021,43.894,43.321,42.981,39.836,38.796,36.415,32.447,31.328,29.147,24.397,22.659,20.403,20.328,23.057,22.751,23.34,21.567,21.287,21.326,18.035,17.914,17.571,20.889,17.134,17.155,17.16,14.931,11.485,9.251,7.916,5.265,4.002,3.02,1.698,1.125,0.6,0.285,0.445,0.154,0.264,0.163,0.056,0,0,0,0,0,0,0,0,0,0,0,0,0,0,0,0,0,0,0,0,0,0,0,0,0,0,0,0,0,0,0,0,0,0,0,2.915,3.424,4.871,5.99,6.454,6.75,7.12,7.36,8.211,9.001,8.093,8.608,8.729,8.253,8.454,8.684,9.003,9.387,9.446,10.407,11.013,11.765,11.695,12.085,12.118,11.552,11.981,12.043,11.294,11.148,10.975,11.583,13.17,13.606,14.448,14.801,14.4,14.686,13.245,12.557,11.587,12.529,10.204,9.551,9.051,7.626,5.748,4.507,3.713,2.486,1.852,1.399,0.758,0.493,0.249,0.116,0.177,0.06,0.101,0.061,0.021,0.014,0,0,0,0
2026-08-31 12:48:00,1,"Normal Scan","Normal Scan",0,"ON",1,1,1,737.6,5,20.1,97.6,52.6,6.89821e-08,1.81857e-05,4.97,8954.6,8.8,736.5,1,"Up Scan","Positive",254,0,4.37,1.6,8,8,0,1,1,16.287,37.336,22.756,9.647,2.394,3235.24,51,21,NA,0,0,0,0,0,0,0,0,0,0,0,0,0,0,0,0,0,0,0,0,0,0,0,0,0,0,0,0,0,0,0,311.469,295.648,225.16,222.634,186.182,155.92,132.589,115.315,107.881,94.342,87.56,73.726,69.6,60.247,53.304,51.268,49.433,51.48,52.033,53.786,53.559,52.207,47.871,45.834,43.084,41.561,38.286,32.588,29.96,28.646,26.218,25.085,29.478,26.766,26.903,25.078,22.606,19.69,18.373,20.372,18.312,17.205,18.038,15.044,13.805,12.494,9.945,7.518,5.714,4.32,3.148,2.315,1.215,1.107,0.717,0.442,0.05,0.053,0.054,0,0,0,0,0,0,0,0,0,0,0,0,0,0,0,0,0,0,0,0,0,0,0,0,0,0,0,0,0,0,0,0,0,0,0,0,3.105,4.07,5.534,5.755,7.38,7.79,7.993,8.142,8.372,9.088,9.103,9.579,9.049,9.551,9.162,9.009,9.502,10.049,11.333,12.36,13.77,14.724,15.32,15.02,15.318,15.414,15.71,15.542,14.732,14.341,14.658,14.226,14.235,16.571,16.278,16.665,16.188,15.396,13.615,12.875,13.201,11.35,10.325,10.019,8.231,7.241,6.209,4.92,3.678,2.647,1.935,1.394,0.995,0.512,0.459,0.291,0.177,0.02,0.02,0.02,0,0,0,0,0,0
2026-08-31 12:53:00,1,"Normal Scan","Normal Scan",0,"ON",1,1,1,737.8,5,20.4,97.6,53.5,6.9072e-08,1.82001e-05,4.97,8954.6,8.8,736.5,1,"Up Scan","Positive",254,0,4.37,1.6,8,8,0,1,1,15.888,35.169,21.683,9.647,2.321,3915.11,50,21.1,NA,0,0,0,0,0,0,0,0,0,0,0,0,0,0,0,0,0,0,0,0,0,0,0,0,0,0,0,0,0,0,0,360.337,323.09,284.214,259.625,244.07,215.233,197.396,176.873,156.797,137.183,115.586,103.078,95.812,88.3,71.744,63.433,56.25,55.79,48.465,49.415,48.93,48.65,46.6,45.517,43.047,38.986,35.542,30.878,24.489,23.99,24.996,24.847,28.605,33.935,34.55,34.445,28.254,25.88,25.132,23.448,19.859,17.885,19.271,17.964,16.008,12.161,8.856,8.486,6.679,4.217,2.712,2.117,1.831,1.316,1.168,0.491,0.303,0.212,0.163,0,0,0,0,0,0,0,0,0,0,0,0,0,0,0,0,0,0,0,0,0,0,0,0,0,0,0,0,0,0,0,0,0,0,0,0,3.757,4.631,6.04,7.252,8.573,10.177,11.046,12.161,12.862,13.235,13.243,12.608,12.645,13.089,13.32,11.965,11.639,11.304,12.193,11.544,12.699,13.482,14.275,14.546,14.977,15.163,14.846,14.755,14.374,13.211,13.915,14.786,15.052,17.369,20.063,20.607,20.524,18.263,17.166,16.217,14.555,12.11,11.045,10.777,9.671,8.239,6.22,4.593,4.19,3.153,1.893,1.279,0.91,0.772,0.544,0.475,0.196,0.119,0.08,0.061,0,0,0,0,0,0
2026-08-31 12:58:00,1,"Normal Scan","Normal Scan",0,"ON",1,1,1,737.5,5,20,97.6,53.7,6.89521e-08,1.81809e-05,4.97,8954.6,8.8,736.5,1,"Up Scan","Positive",254,0,4.37,1.6,8,8,0,1,1,15.599,32.159,20.809,9.647,2.215,4886.51,50,21,NA,0,0,0,0,0,0,0,0,0,0,0,0,0,0,0,0,0,0,0,0,0,0,0,0,0,0,0,0,0,0,0,443.143,427.984,370.582,347.416,300.805,282.076,236.209,212.747,184.247,170.627,147.387,135.174,114.158,104.926,98.632,92.103,82.961,78.485,71.45,62.671,59.909,61.75,53.689,51.137,48.637,46.456,46.072,43.735,40.278,38.415,36.134,35.578,35.514,31.998,33.647,28.849,23.228,23.095,21.291,22.136,20.71,20.49,20.858,15.755,14.951,12.542,9.68,7.435,6.075,3.968,3.05,2.297,1.3,0.829,0.619,0.148,0.155,0.209,0.108,0,0,0,0,0,0,0,0,0,0,0,0,0,0,0,0,0,0,0,0,0,0,0,0,0,0,0,0,0,0,0,0,0,0,0,0,4.202,5.714,8.053,9.471,11.54,12.533,14.505,14.562,15.426,15.556,16.479,16.129,16.596,15.646,15.888,16.428,16.815,16.568,16.996,16.79,15.993,16.503,18.219,17.093,17.412,17.703,17.994,19.144,19.143,18.99,19.009,18.562,19.089,19.648,19.114,20.078,18.531,16.244,15.333,14.269,14.039,12.52,11.818,11.356,8.474,7.762,6.319,4.75,3.534,2.776,1.872,1.367,0.989,0.565,0.344,0.252,0.059,0.06,0.081,0.041,0,0.014,0,0,0,0
2026-08-31 13:03:00,1,"Normal Scan","Normal Scan",0,"ON",1,1,1,737.3,5,19.8,97.6,53.4,6.88922e-08,1.81713e-05,4.97,8954.6,8.8,736.5,1,"Up Scan","Positive",254,0,4.37,1.6,8,8,0,1,1,14.708,29.361,19.278,9.647,2.139,5082.34,50,20.9,NA,0,0,0,0,0,0,0,0,0,0,0,0,0,0,0,0,0,0,0,0,0,0,0,0,0,0,0,0,0,0,0,557.58,477.936,430.947,353.105,332.522,298.972,261.858,235.31,203.434,171.041,158.184,134.832,122.049,108.319,92.546,75.575,73.813,68.663,63.072,58.947,59.204,50.924,52.548,50.182,43.86,39.78,35.056,36.58,32.708,28.788,28.246,28.47,26.047,24.644,24.018,24.867,21.688,19.396,19.942,21.261,19.778,20.683,18,16.605,14.71,12.312,9.351,7.619,4.922,4.346,2.802,1.342,0.853,0.969,0.427,0.346,0.304,0,0.055,0,0,0,0,0,0,0,0,0,0,0,0,0,0,0,0,0,0,0,0,0,0,0,0,0,0,0,0,0,0,0,0,0,0,0,0,5.304,7.258,8.898,10.977,11.683,13.858,15.319,16.127,17.082,17.158,16.505,17.255,16.527,16.674,16.381,15.411,13.876,14.701,14.927,14.914,14.994,16.157,14.898,16.533,16.731,15.613,15.28,14.486,15.9,15.147,14.638,15.026,15.541,15.478,15.664,15.665,16.697,15.002,13.737,13.547,13.348,12.035,11.62,10.053,8.773,7.442,6.011,4.64,3.564,2.389,1.944,1.225,0.594,0.377,0.402,0.174,0.138,0.119,0,0.02,0,0.014,0,0,0,0
2026-08-31 13:08:00,1,"Normal Scan","Normal Scan",0,"ON",1,1,1,737.9,5,20.4,97.7,53.6,6.90013e-08,1.82001e-05,4.97,8954.6,8.8,736.5,1,"Up Scan","Positive",254,0,4.37,1.6,8,8,0,1,1,14.527,29.623,19.311,9.647,2.155,4959.72,50,21.1,NA,0,0,0,0,0,0,0,0,0,0,0,0,0,0,0,0,0,0,0,0,0,0,0,0,0,0,0,0,0,0,0,523.458,477.172,441.371,368.097,332.396,293.71,249.039,230.43,183.361,166.502,140.403,119.756,109.712,95.308,92.417,78.496,71.224,67.057,60.02,58.887,55.209,51.612,50.231,48.419,43.059,43.191,41.667,34.729,32.092,30.201,27.606,27.534,23.487,23.017,25.487,21.573,21.881,20.877,22.402,21.671,19.329,21.323,18.495,17.257,12.971,11.841,10.113,7.853,4.848,3.836,1.944,2.042,1.136,0.86,0.38,0.247,0.051,0.263,0.054,0.113,0,0,0,0,0,0,0,0,0,0,0,0,0,0,0,0,0,0,0,0,0,0,0,0,0,0,0,0,0,0,0,0,0,0,0,5.127,6.734,8.945,11.184,12.195,13.855,15.046,15.297,16.702,15.448,16.058,15.334,14.687,15.012,14.432,15.382,14.347,14.212,14.57,14.189,14.973,15.235,15.249,15.771,16.203,15.38,16.353,16.708,15.067,14.747,15.149,14.717,15.257,14.712,15.133,16.247,15.305,15.2,14.365,14.349,13.599,11.936,12.033,10.114,8.886,6.723,5.922,4.934,3.706,2.271,1.749,0.906,0.912,0.513,0.357,0.155,0.098,0.02,0.101,0.02,0.041,0.028,0,0,0,0
2026-08-31 13:13:00,1,"Normal Scan","Normal Scan",0,"ON",1,1,1,737.5,5,20,97.6,54,6.89521e-08,1.81809e-05,4.97,8954.6,8.8,736.5,1,"Up Scan","Positive",254,0,4.37,1.6,8,8,0,1,1,13.597,27.79,18.135,9.647,2.119,5391.83,51,21,NA,0,0,0,0,0,0,0,0,0,0,0,0,0,0,0,0,0,0,0,0,0,0,0,0,0,0,0,0,0,0,0,671.215,595.288,506.586,444.743,395.579,325.073,261.817,220.718,190.789,165.511,145.415,123.222,101.812,90.227,84.251,74.838,63.596,60.704,55.584,48.02,44.116,47.427,43.773,43.336,43.928,40.937,38.126,35.607,31.446,28.94,28.355,26.577,23.619,23.633,20.916,19.861,20.876,20.135,21.75,21.374,22.854,20.75,19.207,18.447,14.747,13.05,9.907,7.224,5.806,3.402,2.367,1.458,1.205,0.783,0.39,0.141,0.103,0.106,0.109,0.056,0,0,0,0,0,0,0,0,0,0,0,0,0,0,0,0,0,0,0,0,0,0,0,0,0,0,0,0,0,0,0,0,0,0,0,6.021,8.676,11.133,12.883,14.706,16.439,16.663,16.098,16.004,16.069,15.969,15.858,15.08,13.937,13.663,13.975,13.629,12.716,13.193,13.135,12.386,12.328,14.092,13.889,14.648,15.68,15.571,15.376,15.277,14.552,14.279,14.728,15.018,14.493,15.532,14.956,14.52,14.867,14.415,14.423,13.695,13.473,11.728,10.395,9.521,7.395,6.466,4.807,3.425,2.658,1.547,1.079,0.65,0.509,0.325,0.158,0.056,0.04,0.04,0.041,0.021,0,0,0,0,0
2026-08-31 13:18:00,1,"Normal Scan","Normal Scan",0,"ON",1,1,1,737.4,5,19.8,97.7,53.9,6.88217e-08,1.81713e-05,4.97,8954.6,8.8,736.5,1,"Up Scan","Positive",254,0,4.37,1.6,8,8,0,1,1,12.953,28.566,18.098,9.647,2.19,5185.8,49,20.9,NA,0,0,0,0,0,0,0,0,0,0,0,0,0,0,0,0,0,0,0,0,0,0,0,0,0,0,0,0,0,0,0,733.1,643.924,573.014,444.237,343.744,254.839,213.753,188.022,156.959,127.856,100.259,88.049,76.389,76.003,69.966,65.241,59.355,55.319,50.214,52.163,48.507,45.425,43.149,44.779,43.352,44.491,42.474,41.336,38.073,34.195,29.447,27.005,25.795,23.202,23.002,22.639,23.437,23.818,23.717,23.633,21.558,21.793,19.984,18.262,14.721,12.187,10.817,7.536,4.44,3.865,2.066,1.96,0.891,0.697,0.325,0.397,0.254,0.053,0.054,0.055,0,0,0,0,0,0,0,0,0,0,0,0,0,0,0,0,0,0,0,0,0,0,0,0,0,0,0,0,0,0,0,0,0,0,0,7.029,9.546,11.998,14.576,14.692,14.31,13.053,13.14,13.657,13.197,12.339,10.989,10.823,10.508,11.53,11.707,11.959,11.897,12.057,11.94,13.402,13.521,13.693,14.004,15.326,15.673,16.863,17.045,17.509,17.179,16.617,15.547,15.681,15.941,15.554,15.774,15.917,16.209,16.135,15.144,14.68,13.087,12.042,10.782,9.384,7.562,6.005,5.206,3.532,2.18,1.741,0.938,0.843,0.426,0.29,0.133,0.157,0.099,0.02,0.02,0.02,0.028,0,0,0,0
2026-08-31 13:23:00,1,"Normal Scan","Normal Scan",0,"ON",1,1,1,737.3,5,19.7,97.7,53.6,6.87918e-08,1.81665e-05,4.97,8954.6,8.8,736.5,1,"Up Scan","Positive",254,0,4.37,1.6,8,8,0,1,1,19.977,45.234,27.6,9.647,2.623,7946.94,49,20.8,NA,0,0,0,0,0,0,0,0,0,0,0,0,0,0,0,0,0,0,0,0,0,0,0,0,0,0,0,0,0,0,0,820.644,722.298,568.313,497.294,362.343,270.41,206.384,168.579,147.075,137.364,121.333,123.241,128.705,123.742,130.865,123.471,123.601,104.907,96.131,79.573,71.766,62.758,69.039,72.876,98.529,126.296,172.277,201.621,228.039,241.5,238.281,220.902,198.438,170.329,118.561,75.749,55.24,51.894,54.697,60.223,62.523,58.495,47.92,35.49,25.764,20.656,15.427,12.81,7.176,5.397,3.964,2.103,1.427,0.735,0.621,0.246,0.255,0.42,0.163,0.056,0,0,0,0,0,0,0,0,0,0,0,0,0,0,0,0,0,0,0,0,0,0,0,0,0,0,0,0,0,0,0,0,0,0,0,7.274,10.705,13.572,14.442,16.403,15.053,13.82,12.721,12.276,12.402,13.334,13.361,15.271,17.734,18.821,21.8,22.494,24.428,22.709,22.714,21.28,21.964,23.088,28.239,33.479,45.547,58.448,76.565,90.433,101.05,106.078,105.921,101.402,95.687,86.885,66.516,48.075,37.27,33.276,32.561,33.652,33.973,30.414,24.619,18.1,12.793,10.16,7.365,6.029,3.33,2.557,1.793,0.929,0.622,0.306,0.252,0.098,0.099,0.161,0.061,0.02,0.014,0,0,0,0
2026-08-31 13:28:00,1,"Normal Scan","Normal Scan",0,"ON",1,1,1,737.6,5,20,97.7,53.2,6.88815e-08,1.81809e-05,4.97,8954.6,8.8,736.5,1,"Up Scan","Positive",254,0,4.37,1.6,8,8,0,1,1,12.727,28.176,17.813,9.647,2.184,5104.58,49,20.9,NA,0,0,0,0,0,0,0,0,0,0,0,0,0,0,0,0,0,0,0,0,0,0,0,0,0,0,0,0,0,0,0,751.084,650.224,560.138,470.338,360.955,259.464,198.506,153.37,127.621,114.233,104.866,89.63,82.484,72.473,72.135,65.003,63.723,51.518,50.192,47.301,45.867,41.659,38.617,35.051,31.895,33.93,33.597,34.286,32.67,34.532,33.367,31.982,29.267,25.743,24.286,22.431,22.939,22.496,22.699,21.946,22.498,22.476,19.891,18.878,14.207,11.62,8.713,6.967,4.471,3.73,2.323,2.01,0.98,0.647,0.237,0.196,0.052,0,0.163,0,0,0,0,0,0,0,0,0,0,0,0,0,0,0,0,0,0,0,0,0,0,0,0,0,0,0,0,0,0,0,0,0,0,0,0,6.403,9.722,12.197,14.225,15.447,14.935,13.311,12.214,11.121,10.79,11.046,11.47,11.016,11.28,10.985,12.03,11.895,12.67,11.196,11.773,12.009,12.595,12.395,12.441,12.237,12.131,13.639,14.312,15.19,15.191,16.757,17.187,17.62,17.208,16.38,16.429,15.867,15.909,15.55,14.522,13.495,13.088,12.401,10.643,9.697,7.286,5.715,4.252,3.25,2.037,1.674,1.06,0.874,0.415,0.268,0.097,0.079,0.02,0,0.061,0,0,0,0,0,0
2026-08-31 13:33:00,1,"Normal Scan","Normal Scan",0,"ON",1,1,1,737.9,5,20.4,97.7,53.2,6.90013e-08,1.82001e-05,4.97,8954.6,8.8,736.5,1,"Up Scan","Positive",254,0,4.37,1.6,8,8,0,1,1,14.546,37.24,21.903,9.647,2.471,3607.44,47,21,NA,0,0,0,0,0,0,0,0,0,0,0,0,0,0,0,0,0,0,0,0,0,0,0,0,0,0,0,0,0,0,0,456.242,374.048,317.108,264.136,217.388,151.607,120.001,95.751,91.102,78.371,77.947,73.714,66.517,64.307,62.2,58.953,57.203,51.751,45.925,46.496,45.571,42.44,40.107,40.856,35.369,37.218,33.972,32.33,28.798,29.931,30.036,31.32,32.285,31.807,36.286,32.852,34.539,31.738,30.848,28.782,26.136,24.654,20.364,18.605,15.58,12.511,9.612,6.373,5.214,3.319,2.645,1.62,0.902,0.648,0.477,0.345,0.203,0.105,0.163,0.114,0,0,0,0,0,0,0,0,0,0,0,0,0,0,0,0,0,0,0,0,0,0,0,0,0,0,0,0,0,0,0,0,0,0,0,4.09,5.938,6.984,8.062,8.713,9.039,7.767,7.389,6.958,7.687,7.574,8.539,9.065,9.14,9.765,10.388,10.819,11.436,11.272,10.916,11.848,12.577,12.624,12.726,13.893,12.967,14.678,14.63,15.073,14.895,16.446,17.442,18.92,19.773,20.289,22.476,21.079,21.332,19.714,18.662,16.984,14.961,13.283,10.936,9.702,7.889,6.124,4.678,3.081,2.457,1.524,1.2,0.723,0.415,0.268,0.194,0.137,0.08,0.04,0.061,0.041,0.014,0,0,0,0
2026-08-31 13:38:00,1,"Normal Scan","Normal Scan",0,"ON",1,1,1,737.6,5,20,97.7,52.6,6.88815e-08,1.81809e-05,4.97,8954.6,8.8,736.5,1,"Up Scan","Positive",254,0,4.37,1.6,8,8,0,1,1,13.93,33.206,20.187,9.647,2.332,3749.87,46,21,NA,0,0,0,0,0,0,0,0,0,0,0,0,0,0,0,0,0,0,0,0,0,0,0,0,0,0,0,0,0,0,0,451.897,445.413,334.996,285.86,246.038,187.956,142.554,111.701,99.923,90.54,83.565,74.425,64.969,68.715,64.172,62.569,58.665,58.465,51.111,50.644,43.46,41.896,37.477,35.727,35.819,32.488,30.111,29.068,26.496,26.233,27.129,23.077,28.01,24.483,21.295,21.92,21.986,23.778,23.167,22.715,23.576,22.496,20.459,16.396,13.645,11.215,8.451,7.472,4.955,3.81,2.632,1.534,1.161,0.597,0.288,0.197,0.306,0.053,0,0.113,0,0,0,0,0,0,0,0,0,0,0,0,0,0,0,0,0,0,0,0,0,0,0,0,0,0,0,0,0,0,0,0,0,0,0,4.068,5.839,8.357,8.566,9.479,10.237,9.632,8.783,8.097,8.435,8.737,9.172,9.171,8.934,10.442,10.737,11.442,11.707,12.637,11.992,12.828,11.942,12.312,11.868,12.107,13.037,12.661,12.517,13.222,12.802,13.369,14.551,13.988,16.741,15.961,15.185,15.667,15.422,15.752,14.654,13.661,13.813,12.485,10.953,8.658,6.97,5.608,4.061,3.525,2.316,1.746,1.164,0.694,0.49,0.249,0.116,0.079,0.119,0.02,0,0.041,0,0,0,0,0
2026-08-31 13:43:00,1,"Normal Scan","Normal Scan",0,"ON",1,1,1,737.3,5,19.7,97.7,51.9,6.87918e-08,1.81665e-05,4.97,8954.6,8.8,736.5,1,"Up Scan","Positive",254,0,4.37,1.6,8,8,0,1,1,14.254,32.361,20.172,9.647,2.291,4412.89,47,20.9,NA,0,0,0,0,0,0,0,0,0,0,0,0,0,0,0,0,0,0,0,0,0,0,0,0,0,0,0,0,0,0,0,567.208,458.363,376.928,326.409,266.442,230.946,186.384,150.951,131.334,114.6,99.138,92.182,80.819,77.47,77.539,70.46,69.8,71.108,64.832,57.414,50.59,47.67,50.147,45.193,45.721,41.327,39.921,34.915,34.146,32.912,32.58,29.907,32.192,28.619,26.184,27.084,26.075,23.65,25.209,24.909,24.362,21.923,20.256,19.529,16.144,12.344,7.698,6.995,4.753,3.703,2.224,1.465,0.644,0.878,0.285,0.198,0.102,0.105,0,0,0,0,0,0,0,0,0,0,0,0,0,0,0,0,0,0,0,0,0,0,0,0,0,0,0,0,0,0,0,0,0,0,0,0,0,4.917,7.37,8.592,9.6,10.789,11.104,11.84,11.48,10.958,11.074,11.103,10.863,11.345,11.126,11.788,12.963,12.913,13.937,15.413,15.248,14.659,14,14.165,15.76,15.393,16.432,16.025,16.588,15.728,16.12,16.583,17.346,17.055,18.8,18.246,17.628,18.048,17.313,16.136,16.271,14.9,13.757,12.057,10.926,10.034,8.036,6.006,3.83,3.238,2.262,1.681,0.988,0.632,0.339,0.363,0.116,0.079,0.04,0.04,0,0,0.055,0,0,0,0
2026-08-31 13:48:00,1,"Normal Scan","Normal Scan",0,"ON",1,1,1,737.3,5,19.6,97.7,51.7,6.87619e-08,1.81617e-05,4.97,8954.6,8.8,736.5,1,"Up Scan","Positive",254,0,4.37,1.6,8,8,0,1,1,14.672,32.164,20.39,9.647,2.254,4493.43,48,20.8,NA,0,0,0,0,0,0,0,0,0,0,0,0,0,0,0,0,0,0,0,0,0,0,0,0,0,0,0,0,0,0,0,477.383,434.529,388.559,348.664,304.98,233.275,190.764,160.012,135.298,123.487,115.876,105.259,93.167,90.18,83.09,81.989,78.31,76.61,67.264,62.486,54.917,52.851,48.703,47.559,47.046,43.072,38.824,35.566,33.95,31.687,30.162,30.958,28.028,28.999,27.522,24.553,26.23,22.991,24.196,24.255,22.715,23.832,18.634,17.213,15.697,11.958,8.749,6.162,4.528,3.743,2.284,1.725,0.804,0.926,0.333,0.298,0.36,0.107,0.108,0,0,0,0,0,0,0,0,0,0,0,0,0,0,0,0,0,0,0,0,0,0,0,0,0,0,0,0,0,0,0,0,0,0,0,0,4.057,6.162,8.131,9.916,11.551,12.674,11.959,11.749,11.636,11.432,11.938,12.719,12.966,12.803,13.707,13.91,14.98,15.609,16.544,15.808,15.918,15.133,15.543,15.352,16.063,16.838,16.544,16.005,15.766,16.131,15.965,16.342,17.385,16.953,18.042,17.922,17.15,17.097,15.431,15.561,14.576,13.177,12.883,10.13,8.977,7.941,5.874,4.347,2.904,2.143,1.746,1.065,0.743,0.339,0.383,0.136,0.118,0.139,0.04,0.041,0,0,0,0,0,0
2026-08-31 13:53:00,1,"Normal Scan","Normal Scan",0,"ON",1,1,1,737.4,5,19.8,97.7,51.8,6.88217e-08,1.81713e-05,4.97,8954.6,8.8,736.5,1,"Up Scan","Positive",254,0,4.37,1.6,8,8,0,1,1,15.152,33.224,21.066,9.647,2.284,4487.97,50,20.8,NA,0,0,0,0,0,0,0,0,0,0,0,0,0,0,0,0,0,0,0,0,0,0,0,0,0,0,0,0,0,0,0,481.145,448.081,380.153,309.732,259.302,224.906,185.254,149.09,130.496,124.977,111.282,104.957,95.921,90.59,85.133,83.589,76.286,77.543,73.841,67.518,63.191,60.333,58.96,54.514,51.801,47.187,45.517,42.294,40.213,33.177,35.892,34.119,34.317,32.184,29.489,27.693,27.819,24.89,24.001,23.962,21.398,22.53,18.346,17.57,14.157,11.933,8.977,6.477,4.652,3.46,2.39,1.816,0.902,0.554,0.287,0.59,0.152,0.211,0.054,0.167,0,0,0,0,0,0,0,0,0,0,0,0,0,0,0,0,0,0,0,0,0,0,0,0,0,0,0,0,0,0,0,0,0,0,0,4.722,6.262,8.38,9.688,10.21,10.79,11.527,11.425,10.856,11.037,12.086,12.213,12.927,13.198,13.787,14.267,15.334,15.29,16.861,17.399,17.216,17.354,17.773,18.602,18.355,18.557,18.169,18.752,18.616,18.747,16.967,18.754,18.732,19.791,19.302,18.497,18.295,17.743,16.328,15.239,14.341,12.712,12.425,9.828,9.16,7.306,5.864,4.334,3.134,2.22,1.601,1.079,0.817,0.396,0.23,0.116,0.236,0.06,0.081,0.02,0.061,0,0,0,0,0
2026-08-31 13:58:00,1,"Normal Scan","Normal Scan",0,"ON",1,1,1,737.6,5,20.1,97.7,52.9,6.89115e-08,1.81857e-05,4.97,8954.6,8.8,736.5,1,"Up Scan","Positive",254,0,4.37,1.6,8,8,0,1,1,17.659,36.912,23.739,9.647,2.345,5331.6,50,20.9,NA,0,0,0,0,0,0,0,0,0,0,0,0,0,0,0,0,0,0,0,0,0,0,0,0,0,0,0,0,0,0,0,534.169,431.05,376.587,317.943,276.664,220.679,194.533,172.171,159.428,135.713,119.221,108.758,102.017,97.506,91.975,106.682,106.844,112.898,107.714,111.273,107.181,105.826,98.955,93.833,91.564,87.115,77.191,74.274,74.016,57.615,52.07,49.245,47.692,48.199,45.519,43.186,40.538,34.639,31.582,31.131,25.419,24.965,21.274,20.039,16.006,13.583,9.516,8.347,5.094,3.578,3.12,1.587,1.337,1.339,0.427,0.198,0.358,0.158,0.055,0,0,0,0,0,0,0,0,0,0,0,0,0,0,0,0,0,0,0,0,0,0,0,0,0,0,0,0,0,0,0,0,0,0,0,0,4.442,6.884,8.031,9.553,10.533,11.462,11.324,11.968,12.49,13.438,13.115,13.108,13.43,14.139,14.969,15.644,19.768,21.617,24.735,25.61,28.52,29.574,31.145,31.305,31.779,32.36,32.741,30.994,31.754,33.24,28.307,27.23,26.775,26.828,27.703,26.499,25.892,24.324,21.495,19.295,18.135,14.966,13.84,11.49,10.469,8.072,6.791,4.802,3.904,2.391,1.675,1.389,0.687,0.565,0.555,0.174,0.079,0.139,0.06,0.02,0,0,0,0,0,0
2026-08-31 14:03:00,1,"Normal Scan","Normal Scan",0,"ON",1,1,1,737.5,5,19.9,97.7,53.1,6.88516e-08,1.81761e-05,4.97,8954.6,8.8,736.5,1,"Up Scan","Positive",254,0,4.37,1.6,8,8,0,1,1,15.635,33.921,21.461,9.647,2.291,4525.97,50,20.9,NA,0,0,0,0,0,0,0,0,0,0,0,0,0,0,0,0,0,0,0,0,0,0,0,0,0,0,0,0,0,0,0,494.012,417.084,353.276,315.234,254.131,214.209,182.336,166.308,142.668,115.782,112.52,104.282,97.298,91.657,88.173,87.117,89.35,84.718,81.263,75.455,68.825,63.9,60.251,54.808,50.855,49.333,49.774,44.61,41.755,39.988,38.192,36.271,34.01,32.829,30.123,26.689,26.872,24.061,23.935,21.446,21.875,20.637,18.626,17.017,14.175,10.974,8.509,7.864,5.575,3.814,2.78,2.594,1.673,1.43,1.476,0.444,0.458,0.158,0.328,0.164,0,0,0,0,0,0,0,0,0,0,0,0,0,0,0,0,0,0,0,0,0,0,0,0,0,0,0,0,0,0,0,0,0,0,0,4.971,6.349,7.769,9.018,10.453,10.621,10.98,11.241,12.063,12.051,11.203,12.332,12.87,13.378,13.976,14.796,15.996,17.833,18.394,19.027,19.115,18.849,18.862,19.072,18.593,18.476,19.172,20.265,19.498,19.369,19.523,19.43,19.662,19.395,19.381,18.714,17.439,17.38,16.052,15.256,13.355,13.033,11.999,10.465,9.102,7.6,5.709,4.506,3.961,2.696,1.79,1.283,1.18,0.741,0.593,0.601,0.177,0.179,0.06,0.122,0.06,0.015,0,0,0,0
2026-08-31 14:08:00,1,"Normal Scan","Normal Scan",0,"ON",1,1,1,737.9,5,20.5,97.7,53.3,6.90312e-08,1.82049e-05,4.97,8954.6,8.8,736.5,1,"Up Scan","Positive",254,0,4.37,1.6,8,8,0,1,1,15.56,35.492,21.952,9.647,2.368,4449.81,49,21.1,NA,0,0,0,0,0,0,0,0,0,0,0,0,0,0,0,0,0,0,0,0,0,0,0,0,0,0,0,0,0,0,0,502.965,440.953,349.878,308.184,240.824,200.282,163.408,140.436,137.547,112.816,106.507,90.816,92.838,86.901,83.806,81.655,79.993,76.826,72.707,70.877,68.579,62.075,56.255,51.31,53.459,49.484,44.199,41.453,41.235,37.811,34.489,35.144,39.727,38.481,37.602,35.978,37.489,33.732,31.516,27.995,27.039,23.807,20.46,18.414,16.518,13.117,10.759,6.943,4.343,3.499,2.502,1.552,1.507,0.377,0.239,0.148,0.307,0.052,0,0,0,0,0,0,0,0,0,0,0,0,0,0,0,0,0,0,0,0,0,0,0,0,0,0,0,0,0,0,0,0,0,0,0,0,0,5.7,6.485,8.245,8.861,10.174,10.024,10.26,10.079,10.181,11.59,10.925,11.685,11.2,12.757,13.249,14.049,15.023,16.032,16.667,17.071,18.026,18.738,18.238,17.737,17.547,19.235,19.001,18.628,18.923,20.103,19.625,19.6,20.885,23.198,23.007,23.269,22.366,22.794,20.682,19.129,16.79,15.534,12.936,10.844,9.534,8.258,6.589,5.066,3.234,2.026,1.616,1.097,0.668,0.637,0.156,0.097,0.059,0.119,0.02,0,0,0,0,0,0,0
2026-08-31 14:13:00,1,"Normal Scan","Normal Scan",0,"ON",1,1,1,737.7,5,20.2,97.7,53.2,6.89414e-08,1.81905e-05,4.97,8954.6,8.8,736.5,1,"Up Scan","Positive",254,0,4.37,1.6,8,8,0,1,1,17.473,38.739,23.593,9.647,2.429,2994.95,48,21.1,NA,0,0,0,0,0,0,0,0,0,0,0,0,0,0,0,0,0,0,0,0,0,0,0,0,0,0,0,0,0,0,0,343.45,259.719,206.064,159.668,136.389,122.877,104.623,101.195,85.833,75.838,73.022,77.097,69.385,64.766,69.356,70.818,67.102,64.065,57.59,50.363,46.353,42.436,40.338,36.917,34.75,34.568,30.789,33.025,27.181,28.561,26.949,28.904,28.439,27.878,26.801,24.27,23.616,21.827,19.763,21.834,21.472,19.155,16.911,17.517,15.665,11.245,8.25,6.151,5.414,3.453,1.705,1.204,0.813,0.462,0.287,0.349,0.101,0.106,0.219,0.056,0,0,0,0,0,0,0,0,0,0,0,0,0,0,0,0,0,0,0,0,0,0,0,0,0,0,0,0,0,0,0,0,0,0,0,3.24,4.431,4.839,5.237,5.268,5.663,6.312,6.44,7.37,7.254,7.336,8.042,9.511,9.563,9.865,11.599,12.92,13.342,13.837,13.466,12.752,12.705,12.549,12.807,12.484,12.768,13.529,13.146,14.911,13.402,14.522,14.793,16.168,16.245,17.118,17.276,16.076,15.546,14.865,13.437,13.254,12.397,10.828,9.309,8.865,7.825,5.507,3.96,2.928,2.584,1.552,0.803,0.557,0.377,0.191,0.116,0.138,0.04,0.04,0.081,0.021,0.028,0,0,0,0
2026-08-31 14:18:00,1,"Normal Scan","Normal Scan",0,"ON",1,1,1,737.5,5,19.9,97.7,52.6,6.88516e-08,1.81761e-05,4.97,8954.6,8.8,736.5,1,"Up Scan","Positive",254,0,4.37,1.6,8,8,0,1,1,21.036,45.301,27.364,9.647,2.541,2530.99,48,20.9,NA,0,0,0,0,0,0,0,0,0,0,0,0,0,0,0,0,0,0,0,0,0,0,0,0,0,0,0,0,0,0,0,218.51,175.964,145.088,129.473,114.285,94.001,85.689,81.769,71.438,65.22,64.758,60.648,57.361,58.67,56.233,54.573,53.776,49.057,46.276,43.055,40.017,37.38,41.272,40.492,40.499,43.821,39.959,39.475,36.798,35.559,33.809,32.931,29.306,28.519,27.266,25.652,22.366,23.579,24.464,23.873,23.357,22.722,20.063,16.989,14.065,11.176,7.319,7.7,4.83,2.94,2.596,1.643,0.85,0.923,0.478,0.197,0.052,0.157,0,0.056,0,0,0,0,0,0,0,0,0,0,0,0,0,0,0,0,0,0,0,0,0,0,0,0,0,0,0,0,0,0,0,0,0,0,0,2.034,2.825,3.302,3.683,4.29,4.749,4.842,5.285,5.938,6.014,6.324,7.112,7.504,7.895,8.941,9.417,10.002,10.74,10.733,11.019,11.147,11.35,11.424,13.392,14.028,14.968,16.978,16.57,17.21,17.193,17.513,17.515,18.098,17.518,17.825,17.784,17.327,15.411,15.735,15.345,14.253,13.269,12.685,10.632,8.885,7.183,5.509,3.662,3.661,2.215,1.368,1.134,0.724,0.377,0.383,0.194,0.079,0.02,0.06,0,0.02,0.014,0,0,0,0
2026-08-31 14:23:00,1,"Normal Scan","Normal Scan",0,"ON",1,1,1,737.5,5,19.9,97.7,52.4,6.88516e-08,1.81761e-05,4.97,8954.6,8.8,736.5,1,"Up Scan","Positive",254,0,4.37,1.6,8,8,0,1,1,17.551,39.082,23.722,9.647,2.443,3082.29,48,20.9,NA,0,0,0,0,0,0,0,0,0,0,0,0,0,0,0,0,0,0,0,0,0,0,0,0,0,0,0,0,0,0,0,327.795,276.127,222.726,189.848,141.513,115.761,103.419,92.85,88.549,84.795,81.668,78.059,67.985,69.105,68.353,66.684,61.044,59.546,56.82,51.072,49.746,46.04,41.791,39.94,40.368,36.242,35.494,30.023,31.529,30.505,27.33,27.876,27.364,28.097,27.018,25.462,24.633,25.029,23.904,25.625,22.36,20.149,20.448,16.775,14.587,11.661,7.647,5.793,5.646,2.948,2.461,1.833,1.041,0.321,0.382,0.246,0.204,0,0.054,0,0,0,0,0,0,0,0,0,0,0,0,0,0,0,0,0,0,0,0,0,0,0,0,0,0,0,0,0,0,0,0,0,0,0,0,3.757,4.219,5.18,5.664,6.3,5.862,5.947,6.389,6.764,7.487,8.24,8.974,9.632,9.35,10.518,11.459,12.229,12.201,12.919,13.333,13.05,13.635,13.58,13.188,13.647,14.59,14.109,14.66,13.775,15.109,15.468,15.233,16.153,16.442,17.964,17.714,16.8,16.548,16.224,15.349,14.973,12.722,11.351,10.785,8.802,7.419,5.776,3.62,2.77,2.605,1.356,1.095,0.79,0.44,0.134,0.155,0.098,0.08,0,0.02,0,0,0,0,0,0
2026-08-31 14:28:00,1,"Normal Scan","Normal Scan",0,"ON",1,1,1,738.1,5,20.7,97.7,52,6.90911e-08,1.82145e-05,4.97,8954.6,8.8,736.5,1,"Up Scan","Positive",254,0,4.37,1.6,8,8,0,1,1,14.127,33.151,20.385,9.647,2.334,4098.74,48,21.2,NA,0,0,0,0,0,0,0,0,0,0,0,0,0,0,0,0,0,0,0,0,0,0,0,0,0,0,0,0,0,0,0,549.541,448.861,402.64,296.477,217.055,171.422,143.508,125.544,115.308,103.348,92.259,91.216,75.652,73.709,67.477,65.038,64.579,60.293,56.229,54.545,49.918,46.524,44.387,44.713,37.996,38.799,37.667,36.352,33.945,33.243,31.894,34.538,32.568,33.523,29.043,28.021,25.499,24.417,23.325,23.057,22.283,20.687,18.883,17.523,13.772,11.868,9.025,5.776,4.771,3.4,2.429,1.254,1.255,0.647,0.429,0.295,0.204,0,0.054,0.056,0,0,0,0,0,0,0,0,0,0,0,0,0,0,0,0,0,0,0,0,0,0,0,0,0,0,0,0,0,0,0,0,0,0,0,5.396,7.058,8.435,10.127,9.84,9.034,8.785,8.841,9.103,9.728,9.979,10.099,11.214,10.388,11.195,11.306,11.919,12.889,13.119,13.258,13.843,13.738,13.789,14.196,15.164,14.03,15.284,15.921,16.477,16.544,16.739,17.12,18.739,18.817,19.821,18.345,18.105,16.821,15.903,14.877,14.022,12.915,11.478,10.069,9.096,6.937,5.907,4.378,2.778,2.251,1.529,1.078,0.557,0.546,0.268,0.174,0.118,0.08,0,0.02,0.021,0.014,0,0,0,0
2026-08-31 14:33:00,1,"Normal Scan","Normal Scan",0,"ON",1,1,1,738.2,5,20.8,97.7,52.3,6.9121e-08,1.82193e-05,4.97,8954.6,8.8,736.5,1,"Up Scan","Positive",254,0,4.37,1.6,8,8,0,1,1,14.156,31.128,19.746,9.647,2.251,4800.42,48,21.3,NA,0,0,0,0,0,0,0,0,0,0,0,0,0,0,0,0,0,0,0,0,0,0,0,0,0,0,0,0,0,0,0,697.462,528.244,402.373,334.028,257.736,221.123,187.475,152.785,139.8,129.036,113.898,99.961,99.743,86.454,85.683,82.914,81.338,77.685,77.804,69.568,63.46,58.99,54.307,48.593,45.846,41.931,40.121,34.624,33.543,32.83,32.498,31.008,32.758,29.874,30.252,28.678,25.585,26.167,24.279,22.378,22.998,23.064,19.596,16.17,14.177,12.414,7.776,6.513,4.58,3.32,2.521,1.644,0.99,0.788,0.478,0.246,0.153,0.106,0,0.056,0,0,0,0,0,0,0,0,0,0,0,0,0,0,0,0,0,0,0,0,0,0,0,0,0,0,0,0,0,0,0,0,0,0,0,6.147,8.95,9.824,10.202,11.018,10.736,11.36,11.534,11.105,11.805,12.432,12.466,12.315,13.69,13.17,14.356,15.2,16.247,16.842,18.164,17.545,17.271,17.238,16.934,16.333,16.574,16.182,16.761,15.722,16.09,16.777,17.39,17.585,19.139,18.171,18.979,18.812,16.883,16.559,15.485,13.536,13.261,12.583,10.436,8.53,7.203,6.095,3.819,3.142,2.142,1.511,1.115,0.724,0.433,0.325,0.194,0.098,0.06,0.04,0,0.021,0.014,0,0,0,0
2026-08-31 14:38:00,1,"Normal Scan","Normal Scan",0,"ON",1,1,1,737.9,5,20.5,97.7,52.1,6.90312e-08,1.82049e-05,4.97,8954.6,8.8,736.5,1,"Up Scan","Positive",254,0,4.37,1.6,8,8,0,1,1,13.179,28.108,18.247,9.647,2.155,5529.78,48,21.3,NA,0,0,0,0,0,0,0,0,0,0,0,0,0,0,0,0,0,0,0,0,0,0,0,0,0,0,0,0,0,0,0,774.566,668.551,557.079,454.689,377.047,281.819,210.744,184.88,154.57,132.574,119.691,119.939,100.416,89.733,90.113,85.573,75.826,75.985,70.011,68.267,65.991,54.241,50.916,44.362,39.276,41.514,35.623,37.034,32.86,29.541,28.167,30.56,30.642,29.58,28.003,28.558,24.881,22.869,24.511,22.639,21.715,23.49,18.76,18.729,13.635,10.998,8.932,5.486,5.321,2.948,2.102,1.411,0.738,0.773,0.488,0.149,0.152,0,0.109,0,0,0,0,0,0,0,0,0,0,0,0,0,0,0,0,0,0,0,0,0,0,0,0,0,0,0,0,0,0,0,0,0,0,0,0,6.934,9.958,12.438,14.075,15.004,15.611,14.425,12.94,13.411,13.026,12.807,13.094,14.713,13.789,13.626,15.074,15.7,15.128,16.441,16.345,17.152,17.883,15.849,16.063,14.906,14.316,15.9,15.016,16.537,15.509,15.543,15.441,17.266,18.004,18.117,17.884,18.704,16.514,15.45,15.255,13.652,12.646,12.612,10.143,9.479,6.95,5.376,4.363,2.624,2.49,1.325,0.932,0.624,0.346,0.32,0.198,0.059,0.06,0,0.041,0,0.028,0,0,0,0
2026-08-31 14:43:00,1,"Normal Scan","Normal Scan",0,"ON",1,1,1,737.7,5,20.2,97.7,51.7,6.89414e-08,1.81905e-05,4.97,8954.6,8.8,736.5,1,"Up Scan","Positive",254,0,4.37,1.6,8,8,0,1,1,13.025,29.383,18.578,9.647,2.22,4664.91,47,21.2,NA,0,0,0,0,0,0,0,0,0,0,0,0,0,0,0,0,0,0,0,0,0,0,0,0,0,0,0,0,0,0,0,638.119,556.103,528.545,404.282,313.073,232.696,170.276,134.565,113.054,104.771,85.88,87.578,79.51,71.016,67.496,71.009,66.536,62.953,57.638,56.598,49.691,46.966,42.065,41.902,37.04,32.678,31.647,30.134,28.835,25.837,29.042,26.975,30.31,31.696,29.744,26.319,26.089,24.096,21.78,23.339,22.058,22.858,18.396,17.149,12.908,9.499,7.711,4.852,4.233,2.028,2.023,1.302,0.894,0.554,0.143,0.049,0.102,0.159,0,0.112,0,0,0,0,0,0,0,0,0,0,0,0,0,0,0,0,0,0,0,0,0,0,0,0,0,0,0,0,0,0,0,0,0,0,0,5.802,8.265,10.393,13.354,13.349,13,11.876,10.474,9.764,9.519,10.15,9.435,10.769,10.952,10.82,11.312,12.98,13.267,13.624,13.558,14.276,13.539,13.705,13.265,14.07,13.457,12.923,13.492,14.063,14.353,13.947,15.911,15.616,17.731,18.873,18.55,17.484,16.82,15.567,13.657,13.517,12.345,12.184,9.702,8.629,6.502,4.716,3.726,2.271,1.931,0.936,0.914,0.594,0.377,0.229,0.058,0.02,0.04,0.06,0,0.041,0,0,0,0,0
2026-08-31 14:48:00,1,"Normal Scan","Normal Scan",0,"ON",1,1,1,737.6,5,20.1,97.7,51.4,6.89115e-08,1.81857e-05,4.97,8954.6,8.8,736.5,1,"Up Scan","Positive",254,0,4.37,1.6,8,8,0,1,1,12.919,28.661,18.188,9.647,2.187,4442.45,47,21.2,NA,0,0,0,0,0,0,0,0,0,0,0,0,0,0,0,0,0,0,0,0,0,0,0,0,0,0,0,0,0,0,0,583.722,548.22,497.406,427.302,303.843,227.794,170.065,127.309,106.201,93.872,92.734,84.625,71.119,74.909,68.342,64.025,64.981,61.86,56.946,51.788,44.895,40.941,38.074,35.174,31.763,29.099,25.808,21.747,23.802,22.487,21.914,23.611,26.415,24.322,24.324,23.464,21.613,20.459,20.16,21.679,21.092,19.81,17.882,15.103,13.835,10.167,6.968,5.374,4.798,3.419,1.545,1.479,0.776,0.785,0.143,0.15,0.154,0.107,0.055,0,0,0,0,0,0,0,0,0,0,0,0,0,0,0,0,0,0,0,0,0,0,0,0,0,0,0,0,0,0,0,0,0,0,0,0,5.639,7.531,10.238,12.621,14.089,12.594,11.647,10.471,9.228,8.954,9.066,10.163,10.422,9.794,11.378,11.456,11.723,12.912,13.355,13.297,13.038,12.181,11.913,11.812,11.812,11.464,11.29,11.115,10.463,11.84,12.079,12.462,13.794,15.479,15.401,15.993,15.714,14.58,13.636,13.192,12.942,11.776,11.083,9.632,7.737,6.931,5.005,3.464,2.48,2.209,1.569,0.715,0.641,0.327,0.325,0.058,0.059,0.06,0.04,0.02,0,0,0,0,0,0
2026-08-31 14:53:00,1,"Normal Scan","Normal Scan",0,"ON",1,1,1,737.6,5,20,97.7,51.3,6.88815e-08,1.81809e-05,4.97,8954.6,8.8,736.5,1,"Up Scan","Positive",254,0,4.37,1.6,8,8,0,1,1,12.529,26.86,17.224,9.647,2.131,4528.31,46,21.1,NA,0,0,0,0,0,0,0,0,0,0,0,0,0,0,0,0,0,0,0,0,0,0,0,0,0,0,0,0,0,0,0,694.773,572.477,534.845,422.664,327.253,243.096,176.939,130.138,110.228,97.12,87.473,79.907,73.719,64.516,64.64,53.998,53.653,51.367,50.893,41.145,37.245,35.438,33.423,30.121,28.008,27.224,22.516,22.889,21.023,18.801,19.472,19.72,22.631,21.474,21.631,22.224,19.79,18.982,19.306,19.015,20.231,17.891,17.243,15.407,12.026,9.003,7.5,4.958,3.587,2.629,2.003,1.441,0.54,0.826,0.572,0.247,0.051,0.158,0.163,0.056,0,0,0,0,0,0,0,0,0,0,0,0,0,0,0,0,0,0,0,0,0,0,0,0,0,0,0,0,0,0,0,0,0,0,0,5.852,9.012,10.69,13.606,13.92,13.585,12.416,10.904,9.464,9.27,9.393,9.584,9.815,10.117,9.798,10.763,9.877,10.68,11.104,11.869,10.425,10.192,10.329,10.508,10.084,10.059,10.525,9.693,10.425,10.579,10.465,11.083,11.865,13.654,13.767,14.517,14.694,13.623,12.855,12.32,11.423,11.559,9.837,9.175,7.938,6.172,4.444,3.718,2.427,1.713,1.206,0.933,0.653,0.28,0.344,0.233,0.098,0.02,0.06,0.061,0.02,0.041,0,0,0,0
2026-08-31 14:58:00,1,"Normal Scan","Normal Scan",0,"ON",1,1,1,737.5,5,19.9,97.7,51.1,6.88516e-08,1.81761e-05,4.97,8954.6,8.8,736.5,1,"Up Scan","Positive",254,0,4.37,1.6,8,8,0,1,1,11.566,24.288,15.62,9.647,2.067,4857.47,45,21,NA,0,0,0,0,0,0,0,0,0,0,0,0,0,0,0,0,0,0,0,0,0,0,0,0,0,0,0,0,0,0,0,1055.082,765.116,602.993,448.817,323.895,218.95,144.715,105.004,79.282,74.527,63.18,65.362,54.623,55.753,50.285,50.543,48.964,43.713,40.764,39.453,37.239,31.274,28.674,27.14,23.379,22.057,20.319,15.747,15.117,12.808,12.955,15.531,15.827,16.035,18.641,17.475,20.259,19.336,20.356,21.536,19.556,17.438,15.427,13.506,13.653,9.878,7.523,4.914,4.502,2.734,1.936,1.322,0.654,0.601,0.432,0.196,0.205,0.106,0.108,0.056,0,0,0,0,0,0,0,0,0,0,0,0,0,0,0,0,0,0,0,0,0,0,0,0,0,0,0,0,0,0,0,0,0,0,0,8.886,13.53,14.27,15.32,14.79,13.437,11.18,8.911,7.608,6.692,7.211,6.918,8.065,7.51,8.459,8.43,9.251,9.745,9.462,9.535,9.916,10.046,9.107,8.853,8.923,8.211,8.424,8.426,7.458,7.885,7.553,8.469,10.186,10.879,11.692,13.19,12.523,13.532,12.778,13.174,12.732,11.299,9.721,8.282,7.126,6.83,4.87,3.668,2.402,2.11,1.277,0.896,0.57,0.345,0.249,0.175,0.079,0.08,0.04,0.041,0.02,0.041,0,0,0,0
2026-08-31 15:03:00,1,"Normal Scan","Normal Scan",0,"ON",1,1,1,737.4,5,19.8,97.7,50.5,6.88217e-08,1.81713e-05,4.97,8954.6,8.8,736.5,1,"Up Scan","Positive",254,0,4.37,1.6,8,8,0,1,1,12.078,22.937,15.789,9.647,1.962,5898.37,45,20.9,NA,0,0,0,0,0,0,0,0,0,0,0,0,0,0,0,0,0,0,0,0,0,0,0,0,0,0,0,0,0,0,0,997.067,883.841,726.989,562.642,432.571,289,227.418,166.435,140.074,126.24,103.799,92.825,92.752,82.021,74.353,72.042,68.701,59.17,59.54,56.407,50.747,44.747,37.94,33.821,29.374,24.862,24.067,20.237,18.457,17.831,15.833,17.123,18.853,18.086,16.792,18.538,18.42,17.621,16.991,20.012,17.824,15.984,14.984,13.861,9.809,8.363,6.136,4.373,3.999,3.23,1.72,1.431,0.974,0.643,0.239,0.345,0.101,0.106,0,0,0,0,0,0,0,0,0,0,0,0,0,0,0,0,0,0,0,0,0,0,0,0,0,0,0,0,0,0,0,0,0,0,0,0,0,10.233,12.921,16.537,18.476,18.543,17.935,14.833,13.952,12.079,11.801,12.196,11.334,11.424,12.708,12.439,12.472,13.191,13.647,12.772,13.851,14.08,13.582,12.877,11.659,11.135,10.376,9.506,9.863,9.29,9.029,9.474,9.563,10.356,11.635,12.215,11.912,12.503,12.405,11.834,10.834,11.793,10.168,8.893,8.16,7.157,5.101,4.223,2.998,2.104,1.885,1.455,0.768,0.617,0.411,0.268,0.097,0.138,0.04,0.04,0,0,0,0,0,0,0
2026-08-31 15:08:00,1,"Normal Scan","Normal Scan",0,"ON",1,1,1,737.9,5,20.4,97.7,49.9,6.90013e-08,1.82001e-05,4.97,8954.6,8.8,736.5,1,"Up Scan","Positive",254,0,4.37,1.6,8,8,0,1,1,12.166,25.922,16.829,9.647,2.113,5720.89,46,21.1,NA,0,0,0,0,0,0,0,0,0,0,0,0,0,0,0,0,0,0,0,0,0,0,0,0,0,0,0,0,0,0,0,993.151,842.44,670.165,500.684,387.855,250.64,193.402,146.725,129.621,108.872,97.708,87.251,84.639,77.431,75.296,75.964,67.991,66.993,58.436,56.17,49.234,46.491,42.473,39.585,36.185,33.103,32.316,28.199,28.583,28.034,27.284,27.781,27.499,28.613,28.831,28.302,25.963,22.883,22.97,23.016,20.633,18.322,18.042,15.754,12.634,9.614,7.249,6.565,3.824,2.696,2.063,1.418,0.935,0.842,0.799,0.249,0.205,0.105,0.055,0.113,0,0,0,0,0,0,0,0,0,0,0,0,0,0,0,0,0,0,0,0,0,0,0,0,0,0,0,0,0,0,0,0,0,0,0,9.547,12.835,15.76,16.97,16.466,16.079,12.834,11.897,10.648,10.94,10.499,10.729,10.757,11.621,11.756,12.6,13.852,13.54,14.456,13.697,14.171,13.413,13.607,13.295,13.343,13.246,12.994,13.598,13.095,14.2,14.74,15.271,15.763,16.513,17.54,17.816,17.58,16.541,15.037,14.056,13.582,11.855,10.332,9.434,8.238,6.429,4.819,3.633,3.188,1.806,1.278,0.914,0.65,0.396,0.349,0.325,0.098,0.08,0.04,0.02,0.041,0,0,0,0,0
2026-08-31 15:13:00,1,"Normal Scan","Normal Scan",0,"ON",1,1,1,737.7,5,20.2,97.7,50.3,6.89414e-08,1.81905e-05,4.97,8954.6,8.8,736.5,1,"Up Scan","Positive",254,0,4.37,1.6,8,8,0,1,1,11.885,24.749,16.044,9.647,2.078,5233.35,45,21.1,NA,0,0,0,0,0,0,0,0,0,0,0,0,0,0,0,0,0,0,0,0,0,0,0,0,0,0,0,0,0,0,0,926.893,814.681,674.046,525.243,393.709,260.858,182.218,125.37,90.179,73.464,70.735,64.206,59.264,60.754,61.077,53.472,49.924,47.21,43.556,41.171,39.889,35.641,32.348,28.506,27.337,25.303,22.526,21.374,20.439,22.862,22.216,21.944,23.791,24.605,23.31,23.387,24.487,21.511,19.964,19.064,19.978,18.176,16.433,14.881,11.772,8.745,7.657,5.57,3.5,2.907,2.038,1.257,0.687,0.461,0.239,0.149,0.154,0.16,0,0.056,0,0,0,0,0,0,0,0,0,0,0,0,0,0,0,0,0,0,0,0,0,0,0,0,0,0,0,0,0,0,0,0,0,0,0,10.346,11.939,15.224,17.081,17.292,16.26,13.334,11.166,9.063,7.592,7.108,7.767,7.908,8.158,9.218,10.181,9.786,9.952,10.219,10.185,10.409,10.819,10.367,10.144,9.667,10.06,10.066,9.803,10.201,10.673,12.108,12.636,13.237,14.267,15.219,15.145,15.218,15.606,14.013,12.533,11.454,11.424,9.996,8.812,7.69,5.958,4.353,3.685,2.596,1.683,1.342,0.923,0.557,0.358,0.191,0.097,0.059,0.06,0.06,0,0.021,0.055,0,0,0,0
2026-08-31 15:18:00,1,"Normal Scan","Normal Scan",0,"ON",1,1,1,737.6,5,19.9,97.8,49.9,6.87812e-08,1.81761e-05,4.97,8954.6,8.8,736.5,1,"Up Scan","Positive",254,0,4.37,1.6,8,8,0,1,1,11.888,23.645,15.657,9.647,2.018,5683.91,45,21,NA,0,0,0,0,0,0,0,0,0,0,0,0,0,0,0,0,0,0,0,0,0,0,0,0,0,0,0,0,0,0,0,978.867,903.652,740.19,567.621,464.953,305.659,211.498,139.576,107.955,85.45,71.37,69.034,64.055,63.244,63.788,60.492,49.291,48.36,44.483,43.712,37.928,37.624,32.354,30.806,29.092,25.999,24.507,21.43,18.974,18.633,19.948,19.403,23.519,23.548,21.038,21.394,20.316,18.354,18.922,17.88,21.106,17.333,16.177,15.958,13.485,10.733,7.036,4.934,3.765,2.553,1.669,0.759,0.977,0.554,0.672,0.592,0.306,0.052,0.11,0.225,0,0,0,0,0,0,0,0,0,0,0,0,0,0,0,0,0,0,0,0,0,0,0,0,0,0,0,0,0,0,0,0,0,0,0,10.042,12.722,16.866,18.828,18.724,19.326,15.599,12.996,10.131,9.091,8.265,7.841,8.481,8.808,9.596,10.633,11.038,9.862,10.478,10.444,11.038,10.326,10.964,10.13,10.257,10.425,10.102,10.367,10.181,9.792,10.2,11.302,11.965,13.721,14.558,14.468,14.311,13.684,12.817,12.36,11.322,11.595,9.675,8.647,8.205,6.707,5.328,3.429,2.55,1.853,1.19,0.749,0.409,0.415,0.23,0.272,0.236,0.119,0.02,0.041,0.081,0,0,0,0,0
2026-08-31 15:23:00,1,"Normal Scan","Normal Scan",0,"ON",1,1,1,737.3,5,19.7,97.7,49.8,6.87918e-08,1.81665e-05,4.97,8954.6,8.8,736.5,1,"Up Scan","Positive",254,0,4.37,1.6,8,8,0,1,1,11.925,22.62,15.515,9.647,1.964,6336.18,46,20.9,NA,0,0,0,0,0,0,0,0,0,0,0,0,0,0,0,0,0,0,0,0,0,0,0,0,0,0,0,0,0,0,0,1040.66,971.726,850.172,712.506,498.721,347.927,218.846,167.105,120.282,97.145,88.804,80.795,76.615,72.991,68.865,64.718,60.252,49.954,47.619,42.694,44.329,45.774,40.475,38.597,35.976,33.214,32.104,27.202,24.18,23.561,21.528,23.181,23.376,20.161,23.875,19.246,20.092,19.308,18.16,18.657,16.724,16.644,16.214,13.154,10.824,9.145,6.579,4.634,3.415,2.083,1.539,1.206,0.818,0.784,0.335,0.099,0.153,0.213,0.108,0.111,0,0,0,0,0,0,0,0,0,0,0,0,0,0,0,0,0,0,0,0,0,0,0,0,0,0,0,0,0,0,0,0,0,0,0,10.578,13.455,18.247,21.659,23.518,20.711,17.809,13.428,12.101,10.147,9.362,9.741,9.947,10.51,11.06,11.495,11.806,12.027,10.894,11.273,10.949,12.184,13.408,12.679,12.78,12.867,12.67,13.152,12.166,11.658,12.148,11.854,13.24,13.817,12.865,14.833,13.013,13.418,12.375,11.729,11.016,9.849,8.997,8.562,6.756,5.474,4.583,3.304,2.221,1.606,0.963,0.764,0.535,0.396,0.325,0.136,0.039,0.06,0.081,0.041,0.041,0.027,0,0,0,0
2026-08-31 15:28:00,1,"Normal Scan","Normal Scan",0,"ON",1,1,1,737.8,5,20.2,97.8,49.4,6.88709e-08,1.81905e-05,4.97,8954.6,8.8,736.5,1,"Up Scan","Positive",254,0,4.37,1.6,8,8,0,1,1,11.762,21.134,14.922,9.647,1.896,7038.68,46,21,NA,0,0,0,0,0,0,0,0,0,0,0,0,0,0,0,0,0,0,0,0,0,0,0,0,0,0,0,0,0,0,0,1324.274,1077.166,940.494,740.447,558.179,395.705,276.011,197.162,137.624,101.292,92.254,79.163,73.915,71.331,72.402,61.065,58.252,56.029,49.249,44.982,45.066,41.953,39.028,36.914,34.922,32.88,30.615,28.442,24.544,24.176,22.111,20.102,20.018,21.943,19.933,18.128,16.473,18.604,17.294,16.632,16.749,17.416,15.112,12.471,10.747,9.254,5.984,3.887,2.883,2.091,1.531,1.215,1.069,0.646,0.287,0.347,0.102,0,0.054,0.056,0,0,0,0,0,0,0,0,0,0,0,0,0,0,0,0,0,0,0,0,0,0,0,0,0,0,0,0,0,0,0,0,0,0,0,12.539,17.079,20.157,23.884,24.375,23.162,20.25,16.929,14.248,11.602,9.804,10.108,9.735,10.171,10.816,12.065,11.179,11.624,12.158,11.626,11.463,12.323,12.341,12.306,12.335,12.512,12.527,12.268,12.537,11.602,12.016,11.839,11.609,12.316,13.306,13.042,12.555,11.534,11.957,11.007,10.141,9.608,9.348,7.891,6.451,5.468,4.646,2.938,1.867,1.409,0.944,0.687,0.539,0.452,0.268,0.116,0.138,0.04,0,0.02,0.02,0,0,0,0,0
2026-08-31 15:33:00,1,"Normal Scan","Normal Scan",0,"ON",1,1,1,737.9,5,20.3,97.8,49.9,6.89008e-08,1.81953e-05,4.97,8954.6,8.8,736.5,1,"Up Scan","Positive",254,0,4.37,1.6,8,8,0,1,1,12.039,19.826,14.733,9.647,1.802,7778.5,44,21.1,NA,0,0,0,0,0,0,0,0,0,0,0,0,0,0,0,0,0,0,0,0,0,0,0,0,0,0,0,0,0,0,0,1361.459,1080.626,984.311,824.883,663.312,522.398,402.417,269.527,174.034,131.689,111.232,87.507,88.496,83.915,88.625,83.012,70.727,63.282,54.415,50.247,49.734,44.318,41.058,36.556,34.464,30.946,26.231,24.895,23.211,20.837,21.02,18.944,16.076,16.574,14.796,14.111,13.095,14.996,13.049,15.284,15.881,15.229,15.578,11.269,10.035,7.538,4.929,3.745,2.548,1.375,1.371,0.819,0.449,0.321,0.431,0.196,0.103,0.106,0.164,0.111,0,0,0,0,0,0,0,0,0,0,0,0,0,0,0,0,0,0,0,0,0,0,0,0,0,0,0,0,0,0,0,0,0,0,0,12.871,17.738,20.193,25.027,27.224,27.587,26.734,24.681,19.497,14.611,12.702,12.179,10.799,12.137,12.714,14.727,15.118,14.051,13.681,12.747,12.737,13.465,12.852,12.731,12.186,12.183,11.693,10.634,10.688,10.494,10.295,10.776,10.526,10.038,10.733,10.362,10.242,9.863,9.942,8.862,9.007,8.894,8.085,7.93,5.843,4.987,3.693,2.387,1.9,1.187,0.648,0.64,0.409,0.207,0.134,0.174,0.079,0.04,0.04,0.061,0.041,0.014,0,0,0,0
2026-08-31 15:38:00,1,"Normal Scan","Normal Scan",0,"ON",1,1,1,737.6,5,20,97.8,49.4,6.88111e-08,1.81809e-05,4.97,8954.6,8.8,736.5,1,"Up Scan","Positive",254,0,4.37,1.6,8,8,0,1,1,12.097,21.066,15.265,9.647,1.869,6763.22,44,21,NA,0,0,0,0,0,0,0,0,0,0,0,0,0,0,0,0,0,0,0,0,0,0,0,0,0,0,0,0,0,0,0,1180.065,987.652,790.824,673.058,517.306,408.397,312.257,222.602,167.314,119.839,91.991,85.925,87.426,95.643,92.819,87.262,74.027,66.232,57.476,54.18,50.606,45.722,41.263,39.46,35.38,31.241,27.559,24.381,21.78,21.269,20.232,18.934,19.385,16.859,15.339,15.09,14.148,14.14,15.024,13.849,15.453,13.772,13.241,11.855,9.696,7.772,5.588,4.235,2.316,1.378,1.471,0.739,0.627,0.407,0.287,0.049,0.101,0.105,0.108,0.056,0,0,0,0,0,0,0,0,0,0,0,0,0,0,0,0,0,0,0,0,0,0,0,0,0,0,0,0,0,0,0,0,0,0,0,12.445,15.36,18.372,20.009,22.171,21.509,20.899,19.136,16.078,14.074,11.596,10.124,10.603,12.018,14.472,15.424,15.864,14.692,14.298,13.475,13.665,13.709,13.25,12.786,13.016,12.495,11.753,11.203,10.697,10.076,10.513,10.455,10.564,11.404,10.719,10.554,10.405,9.965,9.777,9.531,8.581,8.753,7.489,6.805,6.077,4.805,3.837,2.71,2.022,1.081,0.648,0.677,0.334,0.266,0.17,0.116,0.02,0.04,0.04,0.041,0.02,0,0,0,0,0
2026-08-31 15:43:00,1,"Normal Scan","Normal Scan",0,"ON",1,1,1,737.5,5,19.8,97.8,48.9,6.87513e-08,1.81713e-05,4.97,8954.6,8.8,736.5,1,"Up Scan","Positive",254,0,4.37,1.6,8,8,0,1,1,12.528,22.712,16.112,9.647,1.931,5744.45,44,20.9,NA,0,0,0,0,0,0,0,0,0,0,0,0,0,0,0,0,0,0,0,0,0,0,0,0,0,0,0,0,0,0,0,898.314,789.905,636.105,497.602,422.957,355.693,277.448,199.648,150.159,110.809,98.581,96.063,98.789,101.507,98.266,85.154,77.279,67.118,56.142,52.982,48.11,41.338,38.806,37.267,31.963,30.705,25.132,24,21.263,19.711,21.075,18.193,17.948,17.313,16.843,15.184,16.086,15.327,15.802,15.649,14.936,15.036,12.962,10.695,9.529,7.555,4.784,3.162,2.765,1.336,1.106,0.603,0.587,0.461,0.382,0.1,0,0.106,0.054,0.053,0,0,0,0,0,0,0,0,0,0,0,0,0,0,0,0,0,0,0,0,0,0,0,0,0,0,0,0,0,0,0,0,0,0,0,8.862,11.626,14.746,16.186,16.49,17.573,18.223,17.029,14.469,12.67,10.725,10.816,11.856,13.549,15.357,16.317,15.474,15.275,14.443,13.132,13.338,13.042,12,12.037,12.322,11.371,11.63,10.347,10.449,10.063,9.982,10.986,10.512,10.927,11.044,11.065,10.664,10.736,9.939,9.904,9.203,8.301,8.069,6.672,5.471,4.682,3.722,2.373,1.531,1.28,0.612,0.512,0.26,0.264,0.191,0.155,0.039,0,0.04,0.02,0.02,0,0,0,0,0
2026-08-31 15:48:00,1,"Normal Scan","Normal Scan",0,"ON",1,1,1,737.7,5,20.1,97.8,48.4,6.8841e-08,1.81857e-05,4.97,8954.6,8.8,736.5,1,"Up Scan","Positive",254,0,4.37,1.6,8,8,0,1,1,12.555,25.829,17.47,9.647,2.079,4589.15,44,21,NA,0,0,0,0,0,0,0,0,0,0,0,0,0,0,0,0,0,0,0,0,0,0,0,0,0,0,0,0,0,0,0,742.594,604.702,527.269,376.506,292.08,202.673,152.632,113.664,84.583,73.185,75.869,75.28,83.458,91.516,98.041,88.015,66.963,66.44,57.736,55.558,58.342,52.586,52.806,49.158,47.062,39.925,30.5,27.412,26.105,21.419,19.146,18.96,18.273,16.663,17.142,15.829,16.281,15.256,15.273,15.494,14.636,14.65,12.993,12.451,9.03,7.702,4.421,3.915,2.091,1.292,0.967,0.904,0.577,0.277,0.286,0.248,0.255,0,0.054,0,0,0,0,0,0,0,0,0,0,0,0,0,0,0,0,0,0,0,0,0,0,0,0,0,0,0,0,0,0,0,0,0,0,0,0,7.06,9.659,11.263,13.387,12.384,12.122,10.386,9.389,8.234,7.14,7.113,8.344,9.308,11.506,13.884,16.295,16.061,13.416,14.493,13.705,14.248,15.874,15.197,16.232,16.091,16.096,14.728,12.17,11.772,11.811,10.654,10.32,10.827,11.058,10.735,11.209,10.845,10.84,10.267,9.446,9.256,8.194,7.792,6.672,6.192,4.586,3.77,2.142,1.868,1.044,0.612,0.439,0.39,0.245,0.115,0.116,0.098,0.099,0,0.02,0,0,0,0,0,0
2026-08-31 15:53:00,1,"Normal Scan","Normal Scan",0,"ON",1,1,1,738,5,20.5,97.8,48.6,6.89606e-08,1.82049e-05,4.97,8954.6,8.8,736.5,1,"Up Scan","Positive",254,0,4.37,1.6,8,8,0,1,1,13.165,26.552,18.206,9.647,2.078,4526.58,44,21.1,NA,0,0,0,0,0,0,0,0,0,0,0,0,0,0,0,0,0,0,0,0,0,0,0,0,0,0,0,0,0,0,0,707.621,543.024,444.783,351.487,268.006,200.569,143.164,118.382,82.807,79.013,84.115,91.872,94.224,103.818,110.472,96.911,89.456,84.16,77.806,78.09,71.201,68.285,61.678,50.217,42.047,34.72,29.745,26.198,25.158,19.512,19.001,19.847,17.451,15.643,15.773,13.597,14.97,14.203,17.369,15.135,15.706,14.732,12.289,10.841,9.518,7.322,4.144,2.828,2.23,2.186,1.161,0.611,0.518,0.416,0.19,0.049,0.154,0.106,0.055,0,0,0,0,0,0,0,0,0,0,0,0,0,0,0,0,0,0,0,0,0,0,0,0,0,0,0,0,0,0,0,0,0,0,0,0,7.246,9.15,10.144,11.286,11.58,11.123,10.279,8.8,8.585,7.029,7.685,9.293,11.377,12.993,15.759,18.422,17.744,17.893,18.264,18.195,19.5,19.037,19.417,18.74,16.316,14.462,12.983,11.938,11.226,11.24,9.754,10.135,10.912,10.845,10.334,10.727,9.825,10.004,9.431,10.583,9.004,8.471,7.752,6.453,5.596,4.68,3.609,2.05,1.349,1.03,1.023,0.53,0.269,0.236,0.172,0.078,0.02,0.06,0.04,0.02,0,0.014,0,0,0,0
2026-08-31 15:58:00,1,"Normal Scan","Normal Scan",0,"ON",1,1,1,737.8,5,20.2,97.8,48.5,6.88709e-08,1.81905e-05,4.97,8954.6,8.8,736.5,1,"Up Scan","Positive",254,0,4.37,1.6,8,8,0,1,1,12.626,28.174,18.642,9.647,2.18,5619.2,45,21.1,NA,0,0,0,0,0,0,0,0,0,0,0,0,0,0,0,0,0,0,0,0,0,0,0,0,0,0,0,0,0,0,0,952.463,784.818,596.408,411.949,284.062,175.855,126.413,103.664,83.747,77.72,76.137,86.886,105.693,122.414,118.396,127.885,104.503,103.128,100.827,98.716,91.591,83.817,78.113,70.527,58.322,51.65,46.291,39.122,35.268,33.927,34.409,32.017,32.718,31.874,28.456,25.69,24.016,21.87,25.046,21.507,21.684,18.845,17.179,13.314,11.675,9.155,6.079,5.254,2.506,1.916,1.588,0.736,0.543,0.416,0.19,0.05,0.052,0.052,0.054,0,0,0,0,0,0,0,0,0,0,0,0,0,0,0,0,0,0,0,0,0,0,0,0,0,0,0,0,0,0,0,0,0,0,0,0,9.833,12.371,14.664,15.07,13.585,11.738,8.984,7.752,7.533,7.128,7.576,8.472,10.808,14.617,18.658,19.866,23.413,20.949,22.426,23.637,24.811,24.668,24.168,23.93,23.018,20.577,19.577,18.887,17.373,16.729,16.961,17.746,17.428,18.698,18.81,17.69,16.327,15.325,13.718,14.651,12.586,11.844,10.079,8.765,6.852,5.688,4.457,2.935,2.44,1.169,0.882,0.713,0.316,0.264,0.172,0.078,0.02,0.02,0.02,0.02,0,0.028,0,0,0,0
2026-08-31 16:03:00,1,"Normal Scan","Normal Scan",0,"ON",1,1,1,737.6,5,19.9,97.8,48.3,6.87812e-08,1.81761e-05,4.97,8954.6,8.8,736.5,1,"Up Scan","Positive",254,0,4.37,1.6,8,8,0,1,1,16.368,29.756,20.661,9.647,2.129,5389.64,44,21,NA,0,0,0,0,0,0,0,0,0,0,0,0,0,0,0,0,0,0,0,0,0,0,0,0,0,0,0,0,0,0,0,714.096,559.354,435.034,339.484,231.927,181.031,134.239,119.485,108.994,107.405,121.499,137.628,157.08,159.11,156.895,147.632,139.998,138.422,134.334,130.076,116.429,112.386,93.831,82.015,67.77,55.471,47.193,45.108,36.638,33.474,33.37,30.509,31.738,27.744,23.612,22.957,20.491,20.8,19.608,19.937,18.3,14.713,13.767,11.78,9.465,7.938,5.505,4.223,3.021,2.213,1.212,0.948,0.538,0.552,0.143,0.148,0.204,0.104,0.054,0,0,0,0,0,0,0,0,0,0,0,0,0,0,0,0,0,0,0,0,0,0,0,0,0,0,0,0,0,0,0,0,0,0,0,0,6.464,9.175,10.439,11.046,11.143,9.655,9.303,8.289,8.722,9.251,10.485,13.423,17.057,21.654,24.276,26.304,27.106,28.061,29.999,31.312,32.445,31.097,31.927,28.592,26.556,23.502,20.791,19.028,19.21,16.875,16.09,16.937,16.41,17.358,16.36,14.78,14.209,12.987,12.837,11.793,11.306,10.184,8.126,7.27,6.022,4.759,3.915,2.702,1.97,1.435,1.046,0.547,0.409,0.245,0.23,0.058,0.059,0.08,0.04,0.02,0,0.014,0,0,0,0
2026-08-31 16:08:00,1,"Normal Scan","Normal Scan",0,"ON",1,1,1,737.6,5,20,97.8,47.8,6.88111e-08,1.81809e-05,4.97,8954.6,8.8,736.5,1,"Up Scan","Positive",254,0,4.37,1.6,8,8,0,1,1,15.327,30.247,20.605,9.647,2.167,4727.71,44,21,NA,0,0,0,0,0,0,0,0,0,0,0,0,0,0,0,0,0,0,0,0,0,0,0,0,0,0,0,0,0,0,0,615.801,516.351,404.188,315.553,216.654,173.779,131.673,106.508,93.437,81.18,90.099,97.424,110.099,123.679,134.349,136.336,120.465,114.476,108.055,105.347,101.739,90.512,78.23,66.804,59.341,51.902,44.205,38.875,35.521,32.793,30.296,29.81,28.436,26.672,23.194,21.615,21.666,20.765,18.402,20.152,18.008,15.659,13.908,11.418,8.538,7.039,6.08,3.055,2.752,1.421,0.828,1.106,0.496,0.461,0.19,0.149,0,0,0.217,0,0,0,0,0,0,0,0,0,0,0,0,0,0,0,0,0,0,0,0,0,0,0,0,0,0,0,0,0,0,0,0,0,0,0,0,6.093,8.029,9.633,10.262,10.44,9.03,8.897,8.09,7.734,7.936,7.939,9.997,12.121,15.238,18.884,22.488,24.985,24.072,24.783,25.207,26.396,27.277,25.923,23.934,21.951,20.706,19.451,17.789,16.872,16.279,15.836,15.614,16.133,15.971,15.957,14.362,13.658,13.594,12.417,10.991,11.383,9.926,8.286,7.207,5.697,4.357,3.442,3,1.42,1.292,0.631,0.421,0.483,0.226,0.191,0.078,0.059,0,0,0.081,0,0.014,0,0,0,0
2026-08-31 16:13:00,1,"Normal Scan","Normal Scan",0,"ON",1,1,1,737.9,5,20.4,97.8,48,6.89307e-08,1.82001e-05,4.97,8954.6,8.8,736.5,1,"Up Scan","Positive",254,0,4.37,1.6,8,8,0,1,1,19.508,37.595,23.446,9.647,2.323,3491.06,44,21.1,NA,0,0,0,0,0,0,0,0,0,0,0,0,0,0,0,0,0,0,0,0,0,0,0,0,0,0,0,0,0,0,0,344.522,270.815,243.033,192.932,149.547,121.143,107.581,96.441,92.658,97.909,106.889,115.222,117.604,116.415,106.988,104.131,90.431,85.289,85.107,80.866,67.6,61.884,54.892,51.328,41.382,35.699,29.013,25.004,22.764,20.654,20.44,21.14,19.983,20.877,20.51,20.356,19.324,20.078,20.822,20.195,21.986,21.185,19.944,18.511,14.406,11.225,8.376,7.148,6.034,5.794,4.704,3.411,2.301,2.345,1.288,1.083,0.765,0.475,0.382,0.223,0,0,0,0,0,0,0,0,0,0,0,0,0,0,0,0,0,0,0,0,0,0,0,0,0,0,0,0,0,0,0,0,0,0,0,3.633,4.431,5.008,6.157,6.366,6.206,6.215,6.651,7.042,7.865,9.514,11.769,14.198,16.159,17.686,17.888,18.981,18.02,18.43,19.812,20.176,18.124,17.643,16.744,16.571,14.441,13.331,11.899,11.073,11.207,10.916,11.463,12.654,13.115,13.906,14.595,14.73,14.463,14.474,13.987,13.086,13.374,12.447,11.689,10.517,8.052,6.122,4.615,3.804,3.024,2.783,2.176,1.56,1.039,0.973,0.523,0.432,0.298,0.181,0.142,0.082,0.042,0,0,0,0
2026-08-31 16:18:00,1,"Normal Scan","Normal Scan",0,"ON",1,1,1,737.7,5,20.1,97.8,47.7,6.8841e-08,1.81857e-05,4.97,8954.6,8.8,736.5,1,"Up Scan","Positive",254,0,4.37,1.6,8,8,0,1,1,21.362,34.437,23.73,9.647,2.146,2635.45,43,21.1,NA,0,0,0,0,0,0,0,0,0,0,0,0,0,0,0,0,0,0,0,0,0,0,0,0,0,0,0,0,0,0,0,219.968,174.809,142.685,105.876,106.14,86.131,79.512,72.183,84.731,89.066,99.199,108.292,116.446,121.733,104.432,89.897,82.692,78.455,65.146,60.79,58.769,47.373,42.358,36.993,31.648,25.193,24.276,21.075,17.881,18.472,14.989,16.488,14.56,14.129,14.416,14.389,14.201,15.253,15.752,16.383,14.442,12.078,10.869,8.095,7.081,5.805,4.415,3.741,2.32,1.315,0.846,0.395,0.196,0.368,0.096,0.246,0.256,0.053,0,0.056,0,0,0,0,0,0,0,0,0,0,0,0,0,0,0,0,0,0,0,0,0,0,0,0,0,0,0,0,0,0,0,0,0,0,0,2.346,2.838,3.261,3.616,3.524,4.412,4.411,4.926,5.287,7.206,8.679,10.92,13.37,15.958,18.384,17.369,16.418,16.383,16.852,15.152,15.166,15.629,13.593,12.927,12.106,11.092,9.464,9.784,9.185,8.468,9.283,8.501,9.564,9.234,9.657,9.768,9.586,9.292,9.428,9.177,9.236,8.054,6.532,5.68,4.182,3.462,2.834,2.142,1.779,1.116,0.648,0.384,0.186,0.113,0.153,0.039,0.098,0.099,0.02,0,0.02,0.028,0,0,0,0
2026-08-31 16:23:00,1,"Normal Scan","Normal Scan",0,"ON",1,1,1,737.6,5,19.9,97.8,47.4,6.87812e-08,1.81761e-05,4.97,8954.6,8.8,736.5,1,"Up Scan","Positive",254,0,4.37,1.6,8,8,0,1,1,21.611,33.91,23.636,9.647,2.122,2941.79,43,21,NA,0,0,0,0,0,0,0,0,0,0,0,0,0,0,0,0,0,0,0,0,0,0,0,0,0,0,0,0,0,0,0,231.404,194.762,164.873,129.702,105.634,93.411,85.778,88.921,85.008,95.906,108.959,124.838,141.413,145.778,127.089,114.886,97.542,82.134,69.806,64.431,60.963,50.658,42.954,35.808,34.419,28.029,26.622,23.734,22.999,21.43,18.23,17.885,17.712,16.417,15.712,16.621,14.265,16.638,14.804,14.539,16.277,13.252,12.205,8.86,8.748,6.554,4.446,3.14,2.17,1.206,0.715,0.475,0.223,0.415,0.24,0.05,0.051,0,0.054,0,0,0,0,0,0,0,0,0,0,0,0,0,0,0,0,0,0,0,0,0,0,0,0,0,0,0,0,0,0,0,0,0,0,0,0,2.231,3,3.648,4.197,4.298,4.403,4.805,5.312,6.512,7.253,9.339,12.015,15.424,19.368,21.995,21.087,20.851,19.266,17.613,16.171,16.102,16.277,14.572,13.267,11.894,12.106,10.678,10.803,10.318,10.685,10.591,9.758,10.509,10.571,10.451,10.647,10.917,9.617,10.118,9.19,8.437,8.815,7.046,6.25,4.443,4.25,3.138,2.161,1.503,1.006,0.54,0.329,0.204,0.094,0.172,0.097,0.02,0.02,0,0.02,0,0,0,0,0,0
2026-08-31 16:28:00,1,"Normal Scan","Normal Scan",0,"ON",1,1,1,737.5,5,19.8,97.8,47.1,6.87513e-08,1.81713e-05,4.97,8954.6,8.8,736.5,1,"Up Scan","Positive",254,0,4.37,1.6,8,8,0,1,1,23.291,34.93,24.998,9.647,2.079,3049.19,43,20.9,NA,0,0,0,0,0,0,0,0,0,0,0,0,0,0,0,0,0,0,0,0,0,0,0,0,0,0,0,0,0,0,0,196.598,161.793,150.224,113.202,98.715,84.381,77.423,75.021,85.473,98.689,113.574,146.123,168.067,170.371,154.19,139.996,117.394,99.889,83.957,73.277,63.901,59.215,47.188,40.94,34.94,31.472,29.572,26.118,27.241,26.233,22.927,21.663,20.13,18.946,17.917,15.435,14.89,16.318,15.677,16.246,14.377,12.623,11.31,9.133,6.996,5.668,3.935,3.323,2.249,1.271,1.082,0.651,0.357,0.231,0.238,0.112,0.088,0.053,0.108,0.056,0,0,0,0,0,0,0,0,0,0,0,0,0,0,0,0,0,0,0,0,0,0,0,0,0,0,0,0,0,0,0,0,0,0,0,2.148,2.576,3.025,3.806,3.728,4.125,4.37,4.786,5.522,7.307,9.689,12.59,18.035,23.044,25.71,25.574,25.341,23.18,21.349,19.393,18.237,17.113,16.972,14.57,13.734,12.561,12.072,12.091,11.431,12.348,12.62,11.655,11.889,11.773,11.712,11.313,10.163,9.692,9.966,9.272,9.057,7.854,6.917,5.835,4.676,3.499,2.763,1.937,1.58,1.04,0.598,0.508,0.297,0.151,0.096,0.097,0.045,0.034,0.02,0.041,0.02,0,0,0,0,0
2026-08-31 16:33:00,1,"Normal Scan","Normal Scan",0,"ON",1,1,1,737.9,5,20.4,97.8,46.8,6.89307e-08,1.82001e-05,4.97,8954.6,8.8,736.5,1,"Up Scan","Positive",254,0,4.37,1.6,8,8,0,1,1,23.874,34.256,25.126,24.582,2.016,3245.79,43,21.1,NA,0,0,0,0,0,0,0,0,0,0,0,0,0,0,0,0,0,0,0,0,0,0,0,0,0,0,0,0,0,0,0,196.284,165.622,114.38,101.615,100.85,79.56,79.416,91.966,93.353,109.525,130.31,156.682,186.244,208.088,189.494,178.436,147.033,119.589,94.509,81.28,69.371,58.386,47.318,39.077,32.87,27.895,26.567,25.246,21.512,22.194,22.045,21.577,19.33,17.614,15.373,15.388,14.841,17.594,16.746,15.718,15.219,13.318,11.515,8.632,7.343,6.2,4.39,2.702,2.065,1.267,0.967,0.564,0.168,0.14,0.144,0.099,0.052,0,0.054,0.056,0,0,0,0,0,0,0,0,0,0,0,0,0,0,0,0,0,0,0,0,0,0,0,0,0,0,0,0,0,0,0,0,0,0,0,2.056,2.515,3.077,2.906,3.363,4.2,4.104,4.942,6.754,7.997,10.724,14.434,19.365,25.522,31.393,31.354,32.198,28.853,25.428,21.719,20.11,18.384,16.656,14.524,12.913,11.72,10.879,10.945,11.02,10.092,10.876,11.378,11.916,11.699,11.083,10.25,10.257,9.82,10.299,9.83,8.954,8.302,6.944,5.958,4.35,3.649,2.954,2.074,1.292,0.981,0.581,0.439,0.26,0.075,0.057,0.058,0.039,0.02,0,0.02,0.02,0.028,0,0,0,0
2026-08-31 16:38:00,1,"Normal Scan","Normal Scan",0,"ON",1,1,1,737.7,5,20.1,97.8,46.9,6.8841e-08,1.81857e-05,4.97,8954.6,8.8,736.5,1,"Up Scan","Positive",254,0,4.37,1.6,8,8,0,1,1,24.352,34.622,25.53,24.582,2.007,3289.79,42,21,NA,0,0,0,0,0,0,0,0,0,0,0,0,0,0,0,0,0,0,0,0,0,0,0,0,0,0,0,0,0,0,0,166.359,161.558,130.94,105.095,100.096,87.995,80.282,76.944,83.595,100.335,124.433,156.754,193.819,218.101,207.555,191.76,152.909,125.567,105.535,84.866,69.067,53.953,49.859,40.088,35.008,28.823,26.291,25.261,24.642,25.849,23.163,21.224,21.193,16.896,15.722,15.44,16.717,17.197,18.418,17.887,14.831,13.006,10.799,9.566,6.887,4.69,3.753,3.276,1.905,1.318,0.798,0.41,0.471,0.276,0.143,0.05,0.306,0.053,0.054,0,0,0,0,0,0,0,0,0,0,0,0,0,0,0,0,0,0,0,0,0,0,0,0,0,0,0,0,0,0,0,0,0,0,0,0,2.076,2.128,2.998,3.314,3.474,4.175,4.539,4.99,5.662,7.195,9.894,13.827,19.455,26.582,32.894,34.317,34.568,29.961,26.703,24.185,20.995,18.329,15.472,15.287,13.329,12.608,11.196,10.903,11.115,11.258,12.302,12.068,11.837,12.589,11.105,10.493,10.107,10.423,10.405,10.403,9.695,8.119,6.836,5.598,4.8,3.388,2.393,1.835,1.517,0.957,0.648,0.366,0.177,0.235,0.115,0.058,0.02,0.119,0.02,0.02,0,0.042,0,0,0,0
2026-08-31 16:43:00,1,"Normal Scan","Normal Scan",0,"ON",1,1,1,737.8,5,20.1,97.9,46.4,6.87707e-08,1.81857e-05,4.97,8954.6,8.8,736.5,1,"Up Scan","Positive",254,0,4.37,1.6,8,8,0,1,1,24.437,33.779,25.195,26.416,1.982,3627.5,43,21,NA,0,0,0,0,0,0,0,0,0,0,0,0,0,0,0,0,0,0,0,0,0,0,0,0,0,0,0,0,0,0,0,218.675,164.968,144.833,120.302,109.305,89.796,72.565,81.018,89.155,110.038,137.509,171.668,211.764,230.49,234.438,217.104,181.863,152.033,119.121,98.874,79.494,67.188,53.011,43.579,35.356,31.298,29.534,26.941,24.628,24.256,24.839,23.109,18.275,16.493,15.574,14.454,15.018,17.993,17.312,16.889,16.456,13.265,11.501,9.197,8.182,5.583,4.222,2.527,2.099,1.158,0.71,0.521,0.401,0.275,0.287,0.148,0.152,0,0,0.056,0,0,0,0,0,0,0,0,0,0,0,0,0,0,0,0,0,0,0,0,0,0,0,0,0,0,0,0,0,0,0,0,0,0,0,2.45,2.813,3.087,3.674,3.981,4.57,4.654,4.531,5.978,7.677,10.829,15.293,21.3,29.088,34.82,38.784,39.171,35.644,32.238,27.278,24.345,21.093,19.091,16.271,14.399,12.658,12.123,11.959,11.561,11.298,11.586,12.505,12.687,11.245,10.836,10.639,9.882,9.803,10.667,10.263,9.384,8.77,6.984,5.89,4.608,4.05,2.733,2.024,1.256,1.009,0.522,0.311,0.242,0.17,0.115,0.116,0.059,0.06,0,0,0.02,0,0,0,0,0
2026-08-31 16:48:00,1,"Normal Scan","Normal Scan",0,"ON",1,1,1,738.1,5,20.5,97.9,46.6,6.88902e-08,1.82049e-05,4.97,8954.6,8.8,736.5,1,"Up Scan","Positive",254,0,4.37,1.6,8,8,0,1,1,25.098,34.741,25.837,26.416,1.995,3633.55,42,21.2,NA,0,0,0,0,0,0,0,0,0,0,0,0,0,0,0,0,0,0,0,0,0,0,0,0,0,0,0,0,0,0,0,209.269,174.12,144.143,112.025,89.733,78.28,75.279,73.154,81.893,98.485,125.539,164.76,208.223,235.29,244.151,227.366,198.37,156.954,123.232,99.682,84.59,70.894,56.301,49.829,39.974,34.726,28.914,26.734,26.28,25.464,24.155,23.363,20.064,17.701,17.427,18.207,15.806,18.045,16.887,17.58,15.832,13.233,12.566,9.285,8.039,6.442,4.881,3.605,2.539,1.701,0.804,0.599,0.179,0.462,0.237,0.099,0.051,0,0.11,0,0,0,0,0,0,0,0,0,0,0,0,0,0,0,0,0,0,0,0,0,0,0,0,0,0,0,0,0,0,0,0,0,0,0,0,2.171,2.738,3.234,3.663,3.699,3.737,4.026,4.666,5.409,7.041,9.743,13.982,20.474,28.634,35.586,40.357,40.998,38.839,33.307,28.308,24.647,22.453,20.07,17.234,16.35,14.172,13.235,11.954,11.556,11.973,12.467,12.41,12.907,11.997,11.427,11.508,11.572,10.403,10.924,10.063,9.995,8.762,7.113,6.585,4.649,3.979,3.056,2.435,1.691,1.171,0.772,0.366,0.279,0.075,0.191,0.097,0.039,0.02,0,0.041,0,0,0,0,0,0
2026-08-31 16:53:00,1,"Normal Scan","Normal Scan",0,"ON",1,1,1,737.7,5,20,97.9,46.5,6.87408e-08,1.81809e-05,4.97,8954.6,8.8,736.5,1,"Up Scan","Positive",254,0,4.37,1.6,8,8,0,1,1,25.222,34.749,25.887,26.416,2.004,4161.54,42,21,NA,0,0,0,0,0,0,0,0,0,0,0,0,0,0,0,0,0,0,0,0,0,0,0,0,0,0,0,0,0,0,0,243.281,192.948,161.879,138.424,116.839,108.255,94.312,93.71,96.643,108.162,134.032,164.476,216.168,251.001,261.777,244.098,219.266,181.832,151.757,120.237,107.162,85.541,71.069,58.714,49.229,41.802,36.755,33.692,32.299,31.593,31.976,29.061,25.693,23.967,21.632,18.414,17.797,19.966,19.453,20.476,17.211,14.338,14.741,11.413,8.868,6.18,4.886,3.008,1.831,1.145,0.535,0.439,0.534,0.369,0.239,0.148,0.102,0.053,0,0.112,0,0,0,0,0,0,0,0,0,0,0,0,0,0,0,0,0,0,0,0,0,0,0,0,0,0,0,0,0,0,0,0,0,0,0,2.594,3.162,3.613,4.128,4.565,4.891,5.58,5.851,6.889,8.293,10.678,14.923,20.499,29.781,38.036,43.32,44.152,43.035,38.64,34.818,29.716,28.387,24.341,21.723,19.324,17.482,16.188,15.041,14.635,14.816,15.171,15.913,15.505,14.742,14.76,13.717,11.914,11.785,12.132,11.283,11.22,9.261,7.585,7.371,5.627,4.331,3.051,2.358,1.479,0.868,0.531,0.248,0.223,0.226,0.153,0.097,0.059,0.04,0.02,0,0.04,0,0,0,0,0
2026-08-31 16:58:00,1,"Normal Scan","Normal Scan",0,"ON",1,1,1,738,5,20.4,97.9,46.1,6.88603e-08,1.82001e-05,4.97,8954.6,8.8,736.5,1,"Up Scan","Positive",254,0,4.37,1.6,8,8,0,1,1,25.478,36.743,26.879,26.416,2.02,4404.34,43,21.1,NA,0,0,0,0,0,0,0,0,0,0,0,0,0,0,0,0,0,0,0,0,0,0,0,0,0,0,0,0,0,0,0,208.8,175.754,131.026,120.836,106.753,110.374,102.551,112.129,114.689,132.288,163.434,201.577,236.604,288.88,305.993,278.942,243.475,192.152,156.267,122.181,100.345,85.199,67.756,57.609,45.608,38.254,37.066,32.717,33.113,29.142,26.241,26.96,22.792,22.517,23.434,23.297,25.666,22.863,26.533,27.689,23.996,20.366,19.899,16.838,12.321,9.842,7.301,4.174,3.555,1.825,1.341,0.951,0.586,0.691,0.382,0.297,0.205,0.105,0.054,0.109,0,0,0,0,0,0,0,0,0,0,0,0,0,0,0,0,0,0,0,0,0,0,0,0,0,0,0,0,0,0,0,0,0,0,0,2.252,2.701,3.274,3.349,3.995,4.456,5.675,6.393,8.247,9.858,13.014,18.192,25.079,32.585,43.686,50.592,50.276,47.679,40.747,35.795,30.1,26.592,24.236,20.681,19.026,16.162,14.631,15.101,14.185,15.266,14.884,14.65,15.497,15.181,15.674,16.098,15.652,16.8,14.867,15.689,15.534,13.088,10.893,10.142,8.419,6.14,4.822,3.562,2.039,1.707,0.876,0.604,0.427,0.264,0.287,0.155,0.118,0.08,0.04,0.02,0.04,0,0,0,0,0
2026-08-31 17:03:00,1,"Normal Scan","Normal Scan",0,"ON",1,1,1,738.1,5,20.5,97.9,46.6,6.88902e-08,1.82049e-05,4.97,8954.6,8.8,736.5,1,"Up Scan","Positive",254,0,4.37,1.6,8,8,0,1,1,25.653,33.896,26.241,26.416,1.898,5162.35,43,21.2,NA,0,0,0,0,0,0,0,0,0,0,0,0,0,0,0,0,0,0,0,0,0,0,0,0,0,0,0,0,0,0,0,215.616,190.374,157.804,136.39,126.959,107.183,114.039,112.587,129.15,165.527,198.965,241.191,302.138,353.216,371.356,365.141,315.893,267.918,207.93,164.528,121.199,95.561,77.061,61.788,48.842,39.541,33.62,34.47,34.934,31.832,34.525,28.917,27.181,24.065,22.608,21.455,22.031,19.507,22.722,21.899,19.804,17.566,14.349,11.255,9.31,7.17,4.745,3.684,1.849,1.672,1.196,0.558,0.538,0.277,0.191,0.148,0.154,0.053,0.11,0.056,0,0,0,0,0,0,0,0,0,0,0,0,0,0,0,0,0,0,0,0,0,0,0,0,0,0,0,0,0,0,0,0,0,0,0,2.358,2.763,3.531,4.02,4.531,5.287,5.546,7.077,8.324,11.142,16.35,22.199,30.009,41.682,53.485,61.496,65.746,61.711,56.621,47.339,40.303,31.919,26.946,23.499,20.338,17.461,15.388,14.175,15.014,15.827,15.584,17.422,15.74,15.876,15.193,14.565,13.928,13.695,11.963,13.032,12.058,10.699,9.085,7.336,5.703,4.601,3.519,2.297,1.767,0.886,0.774,0.549,0.279,0.245,0.115,0.078,0.059,0.06,0.02,0.041,0.02,0.014,0,0,0,0
2026-08-31 17:08:00,1,"Normal Scan","Normal Scan",0,"ON",1,1,1,737.8,5,20.1,97.9,46.5,6.87707e-08,1.81857e-05,4.97,8954.6,8.8,736.5,1,"Up Scan","Positive",254,0,4.37,1.6,8,8,0,1,1,25.863,35.302,27.181,26.416,1.904,4563.57,43,21.1,NA,0,0,0,0,0,0,0,0,0,0,0,0,0,0,0,0,0,0,0,0,0,0,0,0,0,0,0,0,0,0,0,155.64,140.807,121.209,105.774,90.323,93.949,92.941,99.724,126.238,146.325,189.053,236.638,291.179,327.94,335.538,317.101,268.872,230.096,182.433,148.212,109.688,87.041,68.108,51.916,43.371,36.363,35.661,32.409,30.724,30.356,31.528,28.784,28.167,24.156,21.657,21.35,22.153,22.217,24.388,22.102,19.24,16.692,14.064,12.403,7.144,6.418,4.452,3.155,2.033,1.246,1.414,0.83,0.323,0.739,0.477,0.444,0.254,0,0,0.108,0,0,0,0,0,0,0,0,0,0,0,0,0,0,0,0,0,0,0,0,0,0,0,0,0,0,0,0,0,0,0,0,0,0,0,1.808,2.004,2.616,3.105,3.533,3.771,4.864,5.758,7.365,10.878,14.447,21.077,29.436,40.146,49.611,55.545,57.148,52.566,48.664,41.528,36.292,28.866,24.709,20.787,17.238,15.635,14.245,14.828,14.301,14.325,14.965,16.265,15.927,16.576,15.254,14.023,13.634,13.674,13.398,13.296,12.053,10.258,8.75,7.192,6.365,3.713,3.133,2.264,1.639,1.052,0.588,0.62,0.374,0.17,0.306,0.194,0.177,0.099,0,0,0.04,0.014,0,0,0,0
2026-08-31 17:13:00,1,"Normal Scan","Normal Scan",0,"ON",1,1,1,738.2,5,20.6,97.9,46.6,6.892e-08,1.82097e-05,4.97,8954.6,8.8,736.5,1,"Up Scan","Positive",254,0,4.37,1.6,8,8,0,1,1,25.983,36.194,27.568,26.416,1.932,4778.65,43,21.3,NA,0,0,0,0,0,0,0,0,0,0,0,0,0,0,0,0,0,0,0,0,0,0,0,0,0,0,0,0,0,0,0,192.922,128.954,118.704,119.447,92.606,87.042,85.275,96.805,109.052,152.372,205.289,256.764,310.931,343.446,353.089,322.991,276.523,244.785,197.817,149.477,113.683,82.537,66.324,52.963,52.133,45.887,39.475,38.599,34.425,27.982,23.66,26.359,27.135,28.99,28.413,32.828,31.789,27.738,27.406,24.949,23.167,18.176,14.094,12.223,10.266,6.728,5.112,3.085,2.084,1.335,1.074,0.644,0.498,0.51,0.857,0.444,0.357,0.263,0.055,0.112,0,0,0,0,0,0,0,0,0,0,0,0,0,0,0,0,0,0,0,0,0,0,0,0,0,0,0,0,0,0,0,0,0,0,0,2.014,2.502,2.427,3.03,3.965,3.863,4.499,5.311,7.179,9.401,15.055,22.835,31.868,42.766,51.932,58.389,58.206,54.003,51.658,44.994,36.758,30.131,23.598,20.506,17.63,18.108,17.117,16.072,16.949,16.464,15.115,14.426,16.117,16.788,17.828,17.825,19.177,18.05,16.039,15.324,13.536,12.187,9.414,7.285,6.186,5.128,3.355,2.604,1.659,1.113,0.684,0.512,0.316,0.245,0.21,0.349,0.177,0.139,0.101,0.02,0.04,0.028,0,0,0,0
2026-08-31 17:18:00,1,"Normal Scan","Normal Scan",0,"ON",1,1,1,737.9,5,20.2,97.9,46.7,6.88006e-08,1.81905e-05,4.97,8954.6,8.8,736.5,1,"Up Scan","Positive",254,0,4.37,1.6,8,8,0,1,1,25.536,33.99,26.556,26.416,1.859,4556.25,43,21.2,NA,0,0,0,0,0,0,0,0,0,0,0,0,0,0,0,0,0,0,0,0,0,0,0,0,0,0,0,0,0,0,0,164.29,135.477,118.096,94.891,95.241,82.565,79.103,88.958,118.391,148.535,211.581,267.874,317.509,348.829,353.201,325.924,288.771,246.402,194.976,150.14,112.094,73.602,53.371,39.346,29.48,23.677,22.218,21.587,21.79,22.313,22.726,20.22,20.239,19.377,19.943,20.853,23.699,23.963,24.491,24.668,19.536,18.258,14.349,10.903,6.805,6.008,2.464,1.782,1.453,1.514,0.526,0.524,0.313,0.598,0.335,0.098,0.155,0.107,0.054,0.056,0,0,0,0,0,0,0,0,0,0,0,0,0,0,0,0,0,0,0,0,0,0,0,0,0,0,0,0,0,0,0,0,0,0,0,1.629,2.091,2.524,2.998,3.121,3.969,4.277,4.968,6.614,10.206,14.681,23.53,33.245,43.731,52.812,58.417,58.736,56.268,51.845,44.074,36.446,29.166,20.627,16.168,12.965,10.732,9.483,9.491,9.892,10.616,11.871,12.742,12.758,13.286,13.576,13.229,13.602,14.159,13.671,13.335,12.865,9.918,9.11,7.27,5.445,3.373,2.943,1.329,0.941,0.656,0.72,0.274,0.242,0.132,0.249,0.136,0.039,0.06,0.04,0.02,0.02,0,0,0,0,0
2026-08-31 17:23:00,1,"Normal Scan","Normal Scan",0,"ON",1,1,1,737.9,5,20.2,97.9,46.2,6.88006e-08,1.81905e-05,4.97,8954.6,8.8,736.5,1,"Up Scan","Positive",254,0,4.37,1.6,8,8,0,1,1,26.011,34.742,27.473,26.416,1.827,4477.82,42,21.1,NA,0,0,0,0,0,0,0,0,0,0,0,0,0,0,0,0,0,0,0,0,0,0,0,0,0,0,0,0,0,0,0,128.094,106.377,87.749,69.403,57.463,71.851,79.853,85.626,115.421,148.603,210.896,283.895,329.53,364.296,371.448,342.525,302.39,248.165,192.918,147.24,105.046,75.943,54.649,38.913,30.435,27.671,23.001,22.394,23.533,24.478,25.188,20.883,20.566,20.427,20.349,19.688,23.749,23.484,24.714,22.187,20.511,18.533,12.782,11.208,7.447,5.28,3.575,2.785,1.479,1.186,0.384,0.564,0.267,0.323,0.048,0.2,0.052,0.106,0.054,0,0,0,0,0,0,0,0,0,0,0,0,0,0,0,0,0,0,0,0,0,0,0,0,0,0,0,0,0,0,0,0,0,0,0,0,1.297,1.668,1.981,2.257,2.293,2.404,3.734,4.99,6.391,9.996,14.713,23.497,35.219,45.3,55.08,61.425,61.574,58.916,52.218,43.623,35.805,27.453,21.275,16.612,12.909,11.139,10.86,9.882,10.307,11.363,12.396,13.802,12.912,13.506,13.586,13.59,13.099,14.021,13.632,13.341,11.77,10.476,9.468,6.473,5.446,3.68,2.563,1.758,1.283,0.727,0.558,0.201,0.242,0.113,0.134,0.019,0.079,0.02,0.04,0.02,0,0,0,0,0,0
2026-08-31 17:28:00,1,"Normal Scan","Normal Scan",0,"ON",1,1,1,738.2,5,20.6,97.9,46.2,6.892e-08,1.82097e-05,4.97,8954.6,8.8,736.5,1,"Up Scan","Positive",254,0,4.37,1.6,8,8,0,1,1,26.18,34.072,27.483,26.416,1.776,4543.26,42,21.3,NA,0,0,0,0,0,0,0,0,0,0,0,0,0,0,0,0,0,0,0,0,0,0,0,0,0,0,0,0,0,0,0,93.431,96.269,74.945,75.435,61.868,69.294,77.726,89.387,114.219,155.42,218.503,288.39,351.653,368.939,380.674,366.536,320.697,268.232,211.07,156.356,112.952,81.211,55.321,37.943,29.195,24.038,21.583,19.843,20.511,20.668,21.657,18.342,20.008,18.413,17.966,18.904,20.369,22.826,23.537,21.29,19.562,15.298,11.92,9.918,6.6,4.671,2.913,2.429,1.196,0.83,0.633,0.436,0.362,0.409,0.054,0.098,0.205,0,0.054,0.056,0,0,0,0,0,0,0,0,0,0,0,0,0,0,0,0,0,0,0,0,0,0,0,0,0,0,0,0,0,0,0,0,0,0,0,1.069,1.233,1.791,1.923,2.507,2.614,3.598,4.891,6.665,9.87,15.376,24.363,35.826,48.33,55.802,62.926,65.953,62.483,56.418,47.661,37.907,29.367,22.643,16.635,12.417,10.626,9.442,9.216,9.178,9.976,10.873,11.918,11.527,13.013,12.392,12.28,12.097,12.212,12.916,12.614,11.157,10.034,7.769,5.956,4.901,3.268,2.322,1.474,1.136,0.581,0.414,0.293,0.204,0.17,0.169,0.022,0.039,0.08,0,0.02,0.02,0.014,0,0,0,0
2026-08-31 17:33:00,1,"Normal Scan","Normal Scan",0,"ON",1,1,1,737.8,5,20.1,97.9,46,6.87707e-08,1.81857e-05,4.97,8954.6,8.8,736.5,1,"Up Scan","Positive",254,0,4.37,1.6,8,8,0,1,1,26.121,33.84,27.134,26.416,1.796,4816.94,41,21.1,NA,0,0,0,0,0,0,0,0,0,0,0,0,0,0,0,0,0,0,0,0,0,0,0,0,0,0,0,0,0,0,0,137.481,112.951,98.497,83.405,72.709,83.374,79.291,85.632,116.534,157.99,212.164,274.312,363.456,399.504,401.429,381.974,345.386,292.511,227.358,163.083,113.508,71.532,53.335,38.093,30.777,28.378,23.592,24.563,25.357,23.213,24.039,22.128,20.235,19.325,17.788,20.671,20.672,23.813,23.262,21.898,20.334,14.218,13.368,9.416,7.644,5.283,3.77,2.91,1.518,0.958,0.754,0.264,0.283,0.554,0.19,0.098,0.102,0,0.055,0,0,0,0,0,0,0,0,0,0,0,0,0,0,0,0,0,0,0,0,0,0,0,0,0,0,0,0,0,0,0,0,0,0,0,0,1.162,1.779,2.131,2.511,2.755,3.037,4.329,4.986,6.375,10.108,15.635,23.67,34.128,50.067,60.462,66.34,68.683,67.156,61.41,51.309,39.58,29.64,20.11,16.298,12.715,11.14,11.226,9.91,10.961,12.018,11.745,13.139,13.323,12.927,13.029,12.403,12.778,12.694,13.435,12.759,11.678,10.539,7.37,6.675,4.71,3.722,2.577,1.921,1.377,0.744,0.432,0.329,0.13,0.151,0.23,0.078,0.039,0.04,0,0.02,0,0.028,0,0,0,0
2026-08-31 17:38:00,1,"Normal Scan","Normal Scan",0,"ON",1,1,1,738.1,5,20.5,97.9,45.4,6.88902e-08,1.82049e-05,4.97,8954.6,8.8,736.5,1,"Up Scan","Positive",254,0,4.37,1.6,8,8,0,1,1,26.451,35.296,27.802,26.416,1.84,5717.16,42,21.2,NA,0,0,0,0,0,0,0,0,0,0,0,0,0,0,0,0,0,0,0,0,0,0,0,0,0,0,0,0,0,0,0,145.88,117.424,117.621,116.301,104.63,93.807,111.572,114.081,133.656,185.058,250.306,310.734,373.396,447.946,472.221,446.701,400.865,347.16,259.231,188.812,133.688,91.467,65.779,50.918,40.716,38.431,38.759,35.981,37.386,37.601,39.515,36.536,33.272,28.333,27.059,25.903,26.333,27.299,28.034,26.694,23.44,20.348,16.483,14.304,10.311,7.565,5.61,3.443,2.26,1.491,1.321,0.646,0.721,0.647,0.571,0.1,0.306,0.157,0.163,0.167,0,0,0,0,0,0,0,0,0,0,0,0,0,0,0,0,0,0,0,0,0,0,0,0,0,0,0,0,0,0,0,0,0,0,0,1.463,1.904,2.205,2.973,3.858,4.375,4.849,6.952,8.448,11.591,18.311,27.931,38.682,51.538,67.794,77.998,80.315,78.009,72.892,58.601,45.965,35.064,25.938,20.309,17.184,15.187,15.533,16.462,16.116,17.388,18.553,19.932,20.131,19.547,18.006,17.324,16.666,16.14,16.202,15.845,14.352,12.518,10.525,8.428,7.274,5.094,3.823,2.835,1.725,1.116,0.756,0.622,0.334,0.339,0.268,0.233,0.039,0.119,0.06,0.061,0.061,0.028,0,0,0,0
2026-08-31 17:43:00,1,"Normal Scan","Normal Scan",0,"ON",1,1,1,738,5,20.4,97.9,45.5,6.88603e-08,1.82001e-05,4.97,8954.6,8.8,736.5,1,"Up Scan","Positive",254,0,4.37,1.6,8,8,0,1,1,27.368,37.825,29.42,26.416,1.893,6135.07,40,21.2,NA,0,0,0,0,0,0,0,0,0,0,0,0,0,0,0,0,0,0,0,0,0,0,0,0,0,0,0,0,0,0,0,169.491,136.311,121.851,94.116,90.194,86.657,89.72,107.18,126.959,176.727,238.141,303.118,393.175,443.306,499.422,492.907,442.853,367.711,284.184,205.283,144.355,104.552,74.582,60.014,46.102,41.122,38.111,42.283,55.483,74.476,75.301,74.307,64.354,57.104,39.421,34.839,30.02,30.573,29.007,29.971,26.329,22.762,18.31,12.515,11.028,8.339,6.177,3.679,2.603,1.364,1.764,1.112,0.933,1.15,0.477,0.444,0.206,0.211,0.165,0.224,0,0,0,0,0,0,0,0,0,0,0,0,0,0,0,0,0,0,0,0,0,0,0,0,0,0,0,0,0,0,0,0,0,0,0,1.64,2.191,2.551,3.1,3.112,3.772,4.511,5.609,7.948,11.027,17.537,26.699,37.893,54.321,67.188,82.585,88.65,86.217,77.282,64.344,49.965,37.812,29.573,23.348,21.212,19.008,19.035,18.874,21.158,26.309,33.907,35.287,36.15,33.163,30.993,23.344,21.127,18.28,17.443,16.431,16.205,14.113,11.847,9.404,6.415,5.665,4.272,3.189,1.884,1.27,0.707,0.8,0.576,0.396,0.478,0.194,0.177,0.08,0.081,0.061,0.081,0,0,0,0,0
2026-08-31 17:48:00,1,"Normal Scan","Normal Scan",0,"ON",1,1,1,737.8,5,20.1,97.9,44.8,6.87707e-08,1.81857e-05,4.97,8954.6,8.8,736.5,1,"Up Scan","Positive",254,0,4.37,1.6,8,8,0,1,1,26.141,32.066,26.312,28.387,1.746,6108.07,41,21.1,NA,0,0,0,0,0,0,0,0,0,0,0,0,0,0,0,0,0,0,0,0,0,0,0,0,0,0,0,0,0,0,0,166.516,162.948,147.247,119.613,108.832,107.042,108.936,115.467,152.134,189.093,267.452,338.129,414.449,482.151,515.892,518.19,471.547,392.437,300.433,211.726,140.224,93.673,67.416,47.227,37.705,34.159,29.693,27.64,24.832,25.174,22.965,22.395,18.372,20.535,17.326,19.286,21.457,21.905,23.358,20.382,18.948,16.423,11.647,10.208,7.784,5.34,3.745,2.739,1.57,0.874,0.819,0.345,0.265,0.643,0.19,0.148,0.052,0.317,0.054,0,0,0,0,0,0,0,0,0,0,0,0,0,0,0,0,0,0,0,0,0,0,0,0,0,0,0,0,0,0,0,0,0,0,0,0,1.941,2.154,3.003,3.758,3.965,4.566,5.519,6.816,8.577,13.183,18.763,29.913,42.242,57.245,73.098,85.315,93.173,91.702,82.32,67.729,51.329,36.577,26.316,20.34,15.486,13.435,13.03,12.109,12.066,11.651,12.483,12.724,13.077,12.408,13.129,11.989,12.594,12.708,12.688,12.878,10.902,9.933,8.388,5.947,5.098,3.805,2.661,1.921,1.308,0.762,0.45,0.421,0.149,0.132,0.268,0.078,0.059,0.02,0.121,0.02,0,0.028,0,0,0,0
2026-08-31 17:53:00,1,"Normal Scan","Normal Scan",0,"ON",1,1,1,738.2,5,20.6,97.9,44.6,6.892e-08,1.82097e-05,4.97,8954.6,8.8,736.5,1,"Up Scan","Positive",254,0,4.37,1.6,8,8,0,1,1,25.454,30.916,25.419,26.416,1.738,5976.64,40,21.3,NA,0,0,0,0,0,0,0,0,0,0,0,0,0,0,0,0,0,0,0,0,0,0,0,0,0,0,0,0,0,0,0,214.128,163.014,133.927,130.949,119.314,117.187,109.344,118.246,153.743,215.868,268.821,341.792,423.006,491.714,504.745,495.659,445.14,365.015,278.855,188.131,128.453,81.438,49.746,35.554,27.693,24.102,22.433,22.929,22.184,20.099,19.513,19.599,17.776,16.165,17.444,18.533,18.965,20.093,17.459,19.048,18.808,15.883,12.714,8.42,7.87,4.561,3.628,2.039,1.632,1.219,0.717,0.432,0.145,0.138,0.193,0.098,0.101,0.116,0.043,0.053,0,0,0,0,0,0,0,0,0,0,0,0,0,0,0,0,0,0,0,0,0,0,0,0,0,0,0,0,0,0,0,0,0,0,0,2.044,2.763,3.015,3.414,4.352,4.991,6.085,6.839,8.774,13.303,21.334,30.021,42.57,58.353,74.422,83.339,88.927,86.444,76.387,62.753,45.465,33.323,22.772,15.134,11.831,9.936,9.432,9.365,10.145,10.484,10.317,11.03,11.748,11.281,10.922,11.878,12.077,11.723,11.49,10.076,10.106,9.747,8.06,6.373,4.277,3.859,2.207,1.717,1.007,0.797,0.576,0.329,0.186,0.094,0.057,0.078,0.039,0.04,0.044,0.016,0.02,0.014,0,0,0,0
2026-08-31 17:58:00,1,"Normal Scan","Normal Scan",0,"ON",1,1,1,737.7,5,20,97.9,44.6,6.87408e-08,1.81809e-05,4.97,8954.6,8.8,736.5,1,"Up Scan","Positive",254,0,4.37,1.6,8,8,0,1,1,26.091,32.764,26.722,26.416,1.759,5860.77,40,21.1,NA,0,0,0,0,0,0,0,0,0,0,0,0,0,0,0,0,0,0,0,0,0,0,0,0,0,0,0,0,0,0,0,163.916,126.87,113.731,110.323,99.946,96.677,101.816,120.857,149.082,195.462,257.785,345.48,419.842,471.629,505.072,482.446,433.994,370.331,278.147,203.938,124.826,83.71,58.718,43.303,35.043,32.982,31.349,30.42,28.368,27.116,26.622,24.846,22.107,21.26,22.856,22.931,24.212,25.54,23.69,22.387,18.267,17.129,12.496,9.41,6.79,5.378,4.694,1.857,1.612,1.098,0.627,0.995,0.312,0.231,0.142,0,0.052,0,0,0.056,0,0,0,0,0,0,0,0,0,0,0,0,0,0,0,0,0,0,0,0,0,0,0,0,0,0,0,0,0,0,0,0,0,0,0,1.722,2.117,2.38,2.91,3.666,4.188,5.015,6.377,8.984,12.882,19.328,28.825,43.007,57.91,71.455,83.478,86.614,84.339,77.634,62.729,49.416,32.648,23.655,17.981,14.521,12.741,12.789,12.904,13.384,13.367,13.903,14.409,14.648,14.114,13.814,14.312,14.29,14.217,14.024,12.897,11.976,9.71,8.586,6.286,4.667,3.481,2.612,2.245,0.879,0.727,0.504,0.274,0.446,0.132,0.096,0.058,0,0.02,0,0,0.02,0,0,0,0,0
2026-08-31 18:03:00,1,"Normal Scan","Normal Scan",0,"ON",1,1,1,738.1,5,20.4,98,43.8,6.879e-08,1.82001e-05,4.97,8954.6,8.8,736.5,1,"Up Scan","Positive",254,0,4.37,1.6,8,8,0,1,1,25.156,30.932,25.264,26.416,1.759,6652.02,39,21.2,NA,0,0,0,0,0,0,0,0,0,0,0,0,0,0,0,0,0,0,0,0,0,0,0,0,0,0,0,0,0,0,0,216.384,194.797,161.225,150.734,153,145.656,153.952,173.928,214.821,253.792,301.803,364.103,440.966,497.225,523.172,511.693,454.421,387.133,293.313,207.281,144.964,93.997,66.571,49.629,39.378,33.789,33.768,29.981,29.506,26.583,24.037,23.477,20.834,21.372,22.066,21.778,22.725,23.713,24.49,22.375,18.869,15.295,11.097,9.143,6.485,4.868,3.897,2.39,1.506,1.028,1.194,0.522,0.229,0.369,0.189,0.198,0.103,0.105,0.055,0.05,0,0,0,0,0,0,0,0,0,0,0,0,0,0,0,0,0,0,0,0,0,0,0,0,0,0,0,0,0,0,0,0,0,0,0,2.044,2.825,3.623,4.089,5.009,6.42,7.554,9.599,12.818,18.453,25.001,33.621,45.353,60.813,75.273,86.491,91.97,88.372,81.265,66.175,50.305,37.778,26.485,20.294,16.418,13.964,13.012,13.736,13.056,13.742,13.497,13.406,13.763,13.513,13.63,14.119,13.401,13.182,13.317,13.081,11.757,9.943,7.776,5.646,4.694,3.262,2.384,1.932,1.151,0.727,0.504,0.531,0.242,0.113,0.153,0.078,0.079,0.04,0.04,0.02,0.02,0,0,0,0,0
2026-08-31 18:08:00,1,"Normal Scan","Normal Scan",0,"ON",1,1,1,737.9,5,20.2,97.9,43.9,6.88006e-08,1.81905e-05,4.97,8954.6,8.8,736.5,1,"Up Scan","Positive",254,0,4.37,1.6,8,8,0,1,1,25.419,31.251,25.763,26.416,1.727,6173.78,39,21.1,NA,0,0,0,0,0,0,0,0,0,0,0,0,0,0,0,0,0,0,0,0,0,0,0,0,0,0,0,0,0,0,0,163.533,127.409,125.506,118.159,126.039,125.284,130.477,160.533,196.803,246.943,311.347,361.808,422.15,493.182,506.501,498.483,447.764,372.017,278.002,206.64,132.219,84.631,54.501,36.982,31.132,29.708,28.946,29.132,27.936,25.274,22.295,19.032,15.067,16.27,18.804,20.371,22.464,22.025,22.777,18.703,16.84,14.352,11.107,9.55,7.831,5.219,3.994,2.844,1.547,1.139,0.837,0.648,0.401,0.276,0.143,0.05,0.05,0.052,0.054,0,0,0,0,0,0,0,0,0,0,0,0,0,0,0,0,0,0,0,0,0,0,0,0,0,0,0,0,0,0,0,0,0,0,0,0,1.703,2.103,2.377,3.229,3.894,5.287,6.491,8.125,11.884,16.926,24.303,34.641,45.045,58.235,74.585,83.783,89.506,86.958,77.92,62.55,49.987,34.429,23.837,16.757,12.446,11.309,11.438,11.611,12.208,12.796,12.79,12.254,11.707,10.826,11.076,12.28,12.612,13.068,12.748,12.485,10.168,9.05,7.374,5.646,4.82,3.874,2.565,1.921,1.342,0.727,0.522,0.384,0.279,0.17,0.115,0.058,0.02,0.02,0.02,0.02,0,0,0,0,0,0
2026-08-31 18:13:00,1,"Normal Scan","Normal Scan",0,"ON",1,1,1,737.9,5,20.3,97.9,43.2,6.88304e-08,1.81953e-05,4.97,8954.6,8.8,736.5,1,"Up Scan","Positive",254,0,4.37,1.6,8,8,0,1,1,25.021,31.618,25.782,26.416,1.74,6454.42,39,21.1,NA,0,0,0,0,0,0,0,0,0,0,0,0,0,0,0,0,0,0,0,0,0,0,0,0,0,0,0,0,0,0,0,131.721,122.354,118.655,127.319,131.738,149.441,160.619,183.924,227.544,279.945,347.603,418.736,467.597,493.529,511.947,491.386,448.697,379.314,279.953,195.62,131.635,83.059,51.524,38.643,31.707,30.479,25.863,25.936,24.821,21.964,19.026,19.455,19.291,18.912,21.323,25.935,27.053,26.661,26.445,23.86,23.172,17.173,14.748,11.677,7.875,5.927,4.379,2.473,1.942,0.918,1.056,0.44,0.273,0.324,0.144,0.345,0.05,0.105,0.055,0.108,0,0,0,0,0,0,0,0,0,0,0,0,0,0,0,0,0,0,0,0,0,0,0,0,0,0,0,0,0,0,0,0,0,0,0,1.412,1.694,2.275,3.015,4.24,5.521,7.761,10.019,13.595,19.534,27.482,38.549,51.927,64.366,74.651,84.588,88.234,87.141,79.345,63.039,47.368,34.28,23.286,15.809,12.833,11.381,11.517,10.75,11.512,11.933,12.089,11.808,12.927,13.198,13.384,14.486,15.778,15.948,15.238,14.274,12.795,11.935,8.776,7.372,5.866,3.879,2.865,2.111,1.255,0.943,0.428,0.476,0.223,0.132,0.134,0.058,0.138,0.02,0.04,0.02,0.04,0,0,0,0,0
2026-08-31 18:18:00,1,"Normal Scan","Normal Scan",0,"ON",1,1,1,738.1,5,20.4,98,43.2,6.879e-08,1.82001e-05,4.97,8954.6,8.8,736.5,1,"Up Scan","Positive",254,0,4.37,1.6,8,8,0,1,1,24.906,31.676,25.604,26.416,1.765,6855.21,38,21.1,NA,0,0,0,0,0,0,0,0,0,0,0,0,0,0,0,0,0,0,0,0,0,0,0,0,0,0,0,0,0,0,0,166.647,136.639,152.132,134.42,160.976,171.44,186.047,206.285,242.63,288.306,359.224,410.394,468.75,517.065,517.734,508.946,457.661,388.866,293.85,212.691,148.153,89.88,57.006,45.363,36.362,33.898,31.59,27.545,25.074,25.01,24.206,23.807,23.059,24.656,25.769,28.04,25.278,28.013,26.427,24.692,24.134,17.92,15.199,13.028,8.331,6.659,4.712,3.216,2.27,1.581,0.608,0.772,0.814,0.331,0.382,0.298,0.153,0.106,0.108,0.056,0,0,0,0,0,0,0,0,0,0,0,0,0,0,0,0,0,0,0,0,0,0,0,0,0,0,0,0,0,0,0,0,0,0,0,1.38,2.166,2.601,3.89,4.448,6.729,8.872,11.594,15.173,20.821,28.331,39.858,50.982,64.504,78.261,85.642,91.541,88.971,81.428,66.234,51.534,38.578,25.291,17.439,14.925,13.059,13.163,12.96,12.477,12.676,13.381,14.084,14.768,14.887,16.004,16.739,16.927,15.356,16.231,14.469,13.332,12.534,9.371,7.862,6.433,4.199,3.39,2.315,1.575,1.146,0.738,0.311,0.347,0.379,0.138,0.155,0.118,0.06,0.04,0.041,0.02,0.028,0,0,0,0
2026-08-31 18:23:00,1,"Normal Scan","Normal Scan",0,"ON",1,1,1,737.8,5,20,98,42.7,6.86707e-08,1.81809e-05,4.97,8954.6,8.8,736.5,1,"Up Scan","Positive",254,0,4.37,1.6,8,8,0,1,1,25.158,31.778,25.591,28.387,1.797,7698.73,38,21,NA,0,0,0,0,0,0,0,0,0,0,0,0,0,0,0,0,0,0,0,0,0,0,0,0,0,0,0,0,0,0,0,264.259,211.701,190.128,160.841,178.147,177.468,207.078,231.16,256.757,299.223,350.718,408.244,489.377,525.714,538.087,548.691,514.212,438.721,351.506,258.718,173.486,115.556,75.516,60.689,50.298,49.144,49.896,44.008,40.934,40.65,32.74,29.413,30.023,28.041,31.103,30.714,31.696,31.566,30.201,26.195,21.786,18.115,14.871,11.218,9.283,6.304,4.697,3.208,2.281,1.24,0.753,0.618,0.58,0.091,0.096,0.394,0.359,0.052,0.1,0.067,0,0,0,0,0,0,0,0,0,0,0,0,0,0,0,0,0,0,0,0,0,0,0,0,0,0,0,0,0,0,0,0,0,0,0,2.16,3.448,3.996,4.837,5.343,7.474,9.191,12.908,17.031,22.01,29.316,38.971,50.865,67.539,79.752,89.237,98.8,100.129,92.095,79.446,62.841,45.468,32.866,23.327,20.292,18.332,18.611,19.892,19.068,18.938,20.098,18.19,17.674,18.323,17.847,18.722,18.146,18.161,17.524,16.397,13.836,11.661,9.303,7.559,5.548,4.627,3.172,2.196,1.552,1.135,0.649,0.329,0.316,0.245,0.038,0.039,0.157,0.139,0.02,0.037,0.024,0,0,0,0,0
2026-08-31 18:28:00,1,"Normal Scan","Normal Scan",0,"ON",1,1,1,738.2,5,20.5,98,42.5,6.88199e-08,1.82049e-05,4.97,8954.6,8.8,736.5,1,"Up Scan","Positive",254,0,4.37,1.6,8,8,0,1,1,25.816,32.001,26.118,28.387,1.766,7463.39,38,21.2,NA,0,0,0,0,0,0,0,0,0,0,0,0,0,0,0,0,0,0,0,0,0,0,0,0,0,0,0,0,0,0,0,202.599,183.646,172.994,147.951,168.726,178.363,174.998,184.035,236.422,277.519,328.283,402.103,460.369,521.195,556.36,566.142,517.649,455.805,354.424,277.075,189.543,124.957,88.891,64.467,57.303,45.152,42.725,41.164,37.497,35.494,32.514,29.477,29.339,28.961,28.387,29.162,28.778,28.595,25.665,22.516,20.093,15.378,14.117,8.421,7.365,5.631,4.273,3.041,2.116,1.451,1.037,0.774,0.724,0.369,0.334,0.444,0.305,0.106,0.165,0,0,0,0,0,0,0,0,0,0,0,0,0,0,0,0,0,0,0,0,0,0,0,0,0,0,0,0,0,0,0,0,0,0,0,0,1.797,2.613,3.449,4.409,4.914,7.085,9.204,10.901,13.571,20.291,27.313,36.572,50.121,63.59,79.088,92.293,101.992,100.838,95.772,80.128,67.29,49.454,35.189,27.025,21.316,20.225,17.301,17.458,17.798,17.639,17.769,17.581,17.166,17.284,17.309,17.085,16.835,16.553,15.453,14.107,12.058,10.581,8.177,7.199,4.365,3.844,2.897,2.114,1.517,1.135,0.683,0.476,0.372,0.339,0.153,0.136,0.177,0.119,0.04,0.061,0,0.028,0,0,0,0
2026-08-31 18:33:00,1,"Normal Scan","Normal Scan",0,"ON",1,1,1,737.8,5,20,98,42.4,6.86707e-08,1.81809e-05,4.97,8954.6,8.8,736.5,1,"Up Scan","Positive",254,0,4.37,1.6,8,8,0,1,1,25.017,31.87,25.607,26.416,1.801,7669.36,38,21,NA,0,0,0,0,0,0,0,0,0,0,0,0,0,0,0,0,0,0,0,0,0,0,0,0,0,0,0,0,0,0,0,268.877,199.251,177.961,175.908,178.862,179.872,193.043,218.66,258.797,304.032,370.737,434.002,490.426,528.172,556.671,539.629,484.864,416.394,334.026,241.836,171.305,113.058,79.114,59.729,51.348,46.586,47.819,46.123,43.529,44.977,40.295,36.716,34.142,28.422,30.24,31.239,30.989,32.224,30.656,27.693,21.406,16.422,13.387,9.64,6.722,6.816,4.242,3.718,2.3,2.221,1.551,0.782,0.324,0.461,0.381,0.296,0.254,0.106,0,0.105,0,0,0,0,0,0,0,0,0,0,0,0,0,0,0,0,0,0,0,0,0,0,0,0,0,0,0,0,0,0,0,0,0,0,0,2.077,3.472,3.735,4.555,5.846,7.5,9.329,12.038,16.114,22.175,29.866,41.17,53.906,67.641,80.11,92.149,97.184,94.459,87.498,75.456,58.812,44.831,32.106,24.505,20.211,18.908,18.179,19.793,19.913,20.003,21.749,21.103,20.669,20.223,17.995,18.123,18.069,17.559,17.403,16.324,14.806,11.39,8.714,7.054,5.124,3.477,3.32,2.125,1.82,1.17,1.027,0.695,0.353,0.17,0.191,0.155,0.118,0.1,0.04,0,0.04,0.014,0,0,0,0
2026-08-31 18:38:00,1,"Normal Scan","Normal Scan",0,"ON",1,1,1,738.2,5,20.5,98,42,6.88199e-08,1.82049e-05,4.97,8954.6,8.8,736.5,1,"Up Scan","Positive",254,0,4.37,1.6,8,8,0,1,1,25.376,32.221,26.057,26.416,1.787,7496.05,38,21.2,NA,0,0,0,0,0,0,0,0,0,0,0,0,0,0,0,0,0,0,0,0,0,0,0,0,0,0,0,0,0,0,0,211.483,171.183,169.939,171.449,161.279,178.944,180.32,205.067,249.821,297.61,362.258,423.331,483.589,517.804,549.629,524.333,495.992,426.199,347.969,244.564,172.813,113.396,80.914,66.987,57.522,51.896,46.701,45.363,41.215,39.471,34.974,32.578,31.92,33.166,33.022,31.99,35.112,33.075,27.822,26.327,20.835,16.415,12.59,8.91,8.577,6.095,4.05,2.438,1.883,1.566,1.115,0.741,0.345,0.463,0.336,0.248,0.103,0.106,0.055,0.158,0,0,0,0,0,0,0,0,0,0,0,0,0,0,0,0,0,0,0,0,0,0,0,0,0,0,0,0,0,0,0,0,0,0,0,1.837,2.763,3.222,4.351,5.699,6.745,9.269,11.22,15.133,21.39,29.197,40.21,52.584,66.638,78.543,90.996,94.396,96.571,89.521,78.69,59.582,45.339,32.155,24.983,22.212,20.535,19.73,19.08,19.78,19.499,19.885,19.293,19.045,18.911,19.8,19.258,18.341,19.15,17.642,15.179,13.897,10.898,8.491,6.48,4.655,4.311,3.012,1.998,1.273,0.957,0.72,0.512,0.353,0.226,0.191,0.136,0.098,0.04,0.04,0.02,0.06,0.042,0,0,0,0
2026-08-31 18:43:00,1,"Normal Scan","Normal Scan",0,"ON",1,1,1,737.9,5,20.1,98,42.5,6.87005e-08,1.81857e-05,4.97,8954.6,8.8,736.5,1,"Up Scan","Positive",254,0,4.37,1.6,8,8,0,1,1,24.93,31.117,25.37,26.416,1.77,7611.38,38,21,NA,0,0,0,0,0,0,0,0,0,0,0,0,0,0,0,0,0,0,0,0,0,0,0,0,0,0,0,0,0,0,0,247.855,186.588,202.316,180.072,175.31,170.66,191.474,209.756,255.031,311.334,381.809,432.132,503.6,527.59,543.552,529.416,483.376,417.068,336.211,252.175,179.228,125.72,88.076,68.828,56.106,48.732,40.212,37.018,34.17,29.8,29.973,27.352,27.908,28.147,29.6,31.776,30.653,28.525,27.992,24.033,19.137,16.493,13.222,8.584,6.638,5.791,3.138,1.521,1.634,1.322,0.649,0.302,0.45,0.231,0.574,0.099,0.152,0.107,0.054,0.113,0,0,0,0,0,0,0,0,0,0,0,0,0,0,0,0,0,0,0,0,0,0,0,0,0,0,0,0,0,0,0,0,0,0,0,2.211,3.224,3.496,5.185,5.988,7.333,8.848,11.937,15.463,21.817,30.567,42.371,53.663,69.361,80.019,90.041,95.434,94.253,87.765,76.13,61.393,46.892,35.302,26.634,22.46,19.613,18.324,16.49,16.362,16.273,15.857,16.896,16.351,17.037,17.219,17.294,18.227,17.106,15.396,14.789,12.614,9.753,8.363,6.675,4.444,3.253,2.838,1.575,0.855,0.815,0.594,0.329,0.13,0.207,0.096,0.233,0.039,0.06,0.04,0.02,0.04,0.014,0,0,0,0
2026-08-31 18:48:00,1,"Normal Scan","Normal Scan",0,"ON",1,1,1,738.2,5,20.5,98,41.8,6.88199e-08,1.82049e-05,4.97,8954.6,8.8,736.5,1,"Up Scan","Positive",254,0,4.37,1.6,8,8,0,1,1,24.971,31.175,25.389,26.416,1.769,7796.37,38,21.1,NA,0,0,0,0,0,0,0,0,0,0,0,0,0,0,0,0,0,0,0,0,0,0,0,0,0,0,0,0,0,0,0,233.069,221.816,195.704,171.016,168.651,180.884,208.654,219.278,276.043,314.873,382.88,440.613,504.44,542.018,559.381,545.057,503.045,432.321,344.296,257.989,187.017,129.236,86.85,67.404,56.201,47.547,40.414,37.331,36.307,33.547,30.516,30.26,28.721,26.774,28.003,30.223,31.831,30.127,27.258,23.868,19.589,15.977,11.778,10.846,7.582,5.638,4.224,2.68,1.762,1.278,0.871,0.579,0.329,0.599,0.286,0.147,0.359,0.053,0.165,0.159,0,0,0,0,0,0,0,0,0,0,0,0,0,0,0,0,0,0,0,0,0,0,0,0,0,0,0,0,0,0,0,0,0,0,0,2.264,3.037,4.178,4.993,5.696,7.051,9.375,12.997,16.153,23.627,30.9,42.492,54.74,69.594,82.139,92.659,98.198,98.083,90.838,77.873,62.77,48.842,36.233,26.343,22.136,19.746,18.049,16.664,16.478,16.936,17.18,17.111,17.68,17.351,16.672,16.765,17.412,17.567,16.611,14.589,12.783,10.318,8.201,6.134,5.433,3.78,2.814,2.16,1.348,0.834,0.665,0.402,0.297,0.17,0.249,0.116,0.059,0.139,0.02,0.061,0.06,0,0,0,0,0
2026-08-31 18:53:00,1,"Normal Scan","Normal Scan",0,"ON",1,1,1,737.9,5,20.2,98,42.2,6.87304e-08,1.81905e-05,4.97,8954.6,8.8,736.5,1,"Up Scan","Positive",254,0,4.37,1.6,8,8,0,1,1,24.831,30.884,25.07,26.416,1.785,8159.4,38,21.1,NA,0,0,0,0,0,0,0,0,0,0,0,0,0,0,0,0,0,0,0,0,0,0,0,0,0,0,0,0,0,0,0,294.96,240.52,228.884,206.328,202.925,201.801,222.658,244.192,268.127,319.445,385.278,437.868,503.43,519.538,560.436,545.84,518.76,450.882,366.087,275.237,197.598,137.274,98.607,73.172,55.964,48.35,49.024,43.004,39.769,39.729,36.176,31.589,28.487,31.638,28.602,29.056,33.313,28.818,28.045,23.678,19.748,15.169,13.357,10.252,7.367,6.258,4.028,2.172,1.941,1.136,0.541,0.459,0.316,0.37,0.285,0.447,0.153,0.262,0.055,0,0,0,0,0,0,0,0,0,0,0,0,0,0,0,0,0,0,0,0,0,0,0,0,0,0,0,0,0,0,0,0,0,0,0,0,2.543,3.809,4.523,5.862,6.878,8.532,10.455,13.844,17.978,22.953,31.368,42.732,54.442,69.408,78.9,92.948,98.478,101.193,94.955,82.85,66.883,51.542,38.725,29.95,24.033,20.079,18.587,19.686,18.731,18.569,19.592,19.272,18.139,17.386,18.777,17.064,16.791,18.507,15.843,14.982,12.782,10.185,7.849,6.766,5.106,3.685,3.073,1.988,1.081,1.028,0.594,0.256,0.204,0.151,0.153,0.116,0.177,0.06,0.101,0.02,0,0.014,0,0,0,0
2026-08-31 18:58:00,1,"Normal Scan","Normal Scan",0,"ON",1,1,1,737.9,5,20.2,98,41.8,6.87304e-08,1.81905e-05,4.97,8954.6,8.8,736.5,1,"Up Scan","Positive",254,0,4.37,1.6,8,8,0,1,1,24.886,30.848,25.017,28.387,1.792,8217.93,38,21,NA,0,0,0,0,0,0,0,0,0,0,0,0,0,0,0,0,0,0,0,0,0,0,0,0,0,0,0,0,0,0,0,283.961,273.765,243.024,240.889,211.526,206.842,213.934,229.359,261.471,315.983,373.9,431.293,481.651,522.563,544.31,553.424,515.527,452.108,388.373,277.164,198.127,147.284,104.022,81.271,61.362,53.992,48.044,46.289,41.246,34.164,31.387,30.927,28.022,31.423,29.481,33.968,31.525,30.229,25.556,24.186,20.919,16.101,12.073,9.676,7.55,5.927,3.263,3.037,2.152,1.122,0.677,0.434,0.406,0.414,0.094,0.148,0.205,0.053,0.108,0,0,0,0,0,0,0,0,0,0,0,0,0,0,0,0,0,0,0,0,0,0,0,0,0,0,0,0,0,0,0,0,0,0,0,0,2.636,3.697,5.141,6.175,7.952,8.833,10.697,13.307,16.87,22.369,30.972,41.583,53.64,66.492,79.468,90.362,99.85,100.695,95.231,87.94,67.474,51.827,41.408,31.598,26.445,21.551,20.119,19.369,19.86,19.154,17.641,17.598,18.055,16.954,18.469,17.718,19.181,17.361,16.487,13.935,12.706,10.821,8.417,6.167,4.866,3.698,2.933,1.662,1.405,1.023,0.563,0.329,0.186,0.189,0.172,0.039,0.059,0.08,0.02,0.041,0,0.014,0,0,0,0
2026-08-31 19:03:00,1,"Normal Scan","Normal Scan",0,"ON",1,1,1,738,5,20.3,98,42.2,6.87602e-08,1.81953e-05,4.97,8954.6,8.8,736.5,1,"Up Scan","Positive",254,0,4.37,1.6,8,8,0,1,1,25.544,31.495,25.587,26.416,1.787,8063,38,21.1,NA,0,0,0,0,0,0,0,0,0,0,0,0,0,0,0,0,0,0,0,0,0,0,0,0,0,0,0,0,0,0,0,279.88,243.977,201.745,202.237,202.09,194.806,205.689,217.804,235.908,285.754,346.874,394.054,479.714,527.744,562.467,557.081,538.404,473.384,392.875,304.946,224.006,149.103,112.039,78.509,59.752,48.171,45.132,39.984,33.698,32.541,33.622,30.032,30.293,31.427,33.132,33.451,32.778,31.459,28.482,24.508,17.273,16.477,12.571,8.498,8.059,6.248,4.659,3.161,1.609,1.56,1.084,0.608,0.227,0.505,0.239,0.249,0.103,0.266,0,0.056,0,0,0,0,0,0,0,0,0,0,0,0,0,0,0,0,0,0,0,0,0,0,0,0,0,0,0,0,0,0,0,0,0,0,0,2.626,3.61,4.542,5.152,6.674,8.487,10.104,12.764,16.028,20.223,28.102,38.603,49.14,66.301,80.295,93.464,100.627,105.109,99.717,88.864,74.049,58.264,41.778,33.616,25.343,20.954,18.433,18.386,17.606,16.672,17.25,18.442,17.779,18.225,18.695,18.714,19.028,18.145,16.842,15.363,13.158,9.444,8.407,6.502,4.398,4.05,3.036,2.314,1.519,0.818,0.735,0.531,0.279,0.113,0.21,0.097,0.098,0.04,0.101,0,0.02,0.014,0,0,0,0
2026-08-31 19:08:00,1,"Normal Scan","Normal Scan",0,"ON",1,1,1,737.4,5,19.5,98,42.2,6.85215e-08,1.81569e-05,4.97,8954.6,8.8,736.5,1,"Up Scan","Positive",254,0,4.37,1.6,8,8,0,1,1,25.453,31.668,25.581,28.387,1.802,7743.92,38,20.8,NA,0,0,0,0,0,0,0,0,0,0,0,0,0,0,0,0,0,0,0,0,0,0,0,0,0,0,0,0,0,0,0,279.705,239.016,220.524,195.642,176.588,171.902,191.441,215.666,238.746,277.206,334.386,402.949,445.669,495.445,530.263,536.732,501.011,445.974,378.725,285.927,199.478,143.792,104.723,75.423,60.675,50.349,44.192,37.836,35.375,35.233,32.896,33.336,29.2,30.997,34.129,31.854,33.067,31.683,27.48,24.193,19.53,15.469,12.243,9.34,7.789,6.177,4.46,2.646,1.949,1.94,0.855,0.677,0.593,0.276,0.047,0.246,0.051,0.053,0.055,0.104,0,0,0,0,0,0,0,0,0,0,0,0,0,0,0,0,0,0,0,0,0,0,0,0,0,0,0,0,0,0,0,0,0,0,0,2.221,3.634,4.47,5.623,6.487,7.412,8.921,11.922,15.868,20.479,27.293,37.236,50.201,61.663,75.478,88.145,96.928,97.875,94.082,85.7,69.543,52.11,40.306,31.499,24.548,21.344,19.19,18.184,16.854,17.135,18.247,18.236,19.187,17.623,18.579,19.426,18.174,18.203,17.07,15.007,12.944,10.294,8.035,6.457,4.717,3.911,3.087,2.152,1.271,0.94,0.883,0.385,0.316,0.283,0.115,0.019,0.098,0.02,0.02,0.02,0.039,0.014,0,0,0,0
2026-08-31 19:13:00,1,"Normal Scan","Normal Scan",0,"ON",1,1,1,737.6,5,19.8,98,41.8,6.8611e-08,1.81713e-05,4.97,8954.6,8.8,736.5,1,"Up Scan","Positive",254,0,4.37,1.6,8,8,0,1,1,25.32,31.426,25.673,26.416,1.769,8152.94,39,20.8,NA,0,0,0,0,0,0,0,0,0,0,0,0,0,0,0,0,0,0,0,0,0,0,0,0,0,0,0,0,0,0,0,255.541,197.187,193.557,200.851,184.48,189.184,211.149,228.072,265.617,312.345,367.093,450.5,524.285,552.659,582.582,557.611,526.038,469.699,382.319,297.485,211.972,153.271,100.756,75.347,62.864,50.857,44.36,39.284,37.7,34.018,33.006,31.335,32.712,32.155,32.387,32.332,34.783,33.312,28.427,22.989,19.848,14.136,11.727,8.668,7.486,5.132,3.431,3.234,1.864,1.035,1.209,0.624,0.643,0.601,0.478,0.183,0.241,0.081,0.164,0.03,0,0,0,0,0,0,0,0,0,0,0,0,0,0,0,0,0,0,0,0,0,0,0,0,0,0,0,0,0,0,0,0,0,0,0,2.334,3.324,3.698,4.966,6.662,7.75,9.808,13.153,16.803,22.766,30.723,40.812,56,72.353,83.964,96.722,100.734,102.784,98.912,86.521,72.376,55.287,42.891,30.432,24.565,22.022,19.283,18.216,17.59,18.111,17.761,18.333,18.543,19.269,18.807,18.708,18.006,18.783,17.69,15.193,12.17,10.497,7.479,6.057,4.52,3.776,2.65,1.799,1.643,0.939,0.523,0.555,0.291,0.34,0.249,0.194,0.073,0.094,0.031,0.061,0.012,0.047,0,0,0,0
2026-08-31 19:18:00,1,"Normal Scan","Normal Scan",0,"ON",1,1,1,737.6,5,19.8,98,42.5,6.8611e-08,1.81713e-05,4.97,8954.6,8.8,736.5,1,"Up Scan","Positive",254,0,4.37,1.6,8,8,0,1,1,24.982,31.094,25.117,28.387,1.8,8041.21,39,20.8,NA,0,0,0,0,0,0,0,0,0,0,0,0,0,0,0,0,0,0,0,0,0,0,0,0,0,0,0,0,0,0,0,291.651,260.744,231.456,219.307,212.063,200.326,216.426,235.779,263.076,301.009,351.827,402.353,464.096,523.695,533.219,537.963,494.588,454.052,381.38,286.029,206.475,142.772,101.719,74.391,58.863,50.224,40.931,42.008,33.875,31.554,30.188,31.787,31.539,34.176,34.289,36.498,35.438,31.432,28.428,22.225,19.74,14.511,11.196,8.444,7.557,5.865,4.212,3.213,2.137,1.291,0.888,0.41,0.682,0.254,0.07,0.246,0.153,0.127,0.308,0.056,0,0,0,0,0,0,0,0,0,0,0,0,0,0,0,0,0,0,0,0,0,0,0,0,0,0,0,0,0,0,0,0,0,0,0,2.658,3.796,4.907,5.901,7.261,8.883,10.342,13.439,17.356,22.561,29.514,39.101,50.135,64.183,79.597,88.657,97.172,96.636,95.607,86.29,69.556,53.851,39.92,30.772,24.135,20.586,19.009,17.101,18.585,16.775,17.158,17.408,18.657,18.704,19.529,19.486,20.016,19.049,16.834,15.216,12.097,10.364,7.701,5.768,4.383,3.742,2.979,2.077,1.549,1.068,0.595,0.458,0.242,0.34,0.105,0.029,0.098,0.06,0.048,0.114,0.02,0.041,0,0,0,0
2026-08-31 19:23:00,1,"Normal Scan","Normal Scan",0,"ON",1,1,1,737.9,5,20.2,98,42.2,6.87304e-08,1.81905e-05,4.97,8954.6,8.8,736.5,1,"Up Scan","Positive",254,0,4.37,1.6,8,8,0,1,1,24.711,32.056,25.477,26.416,1.838,9255.95,39,20.9,NA,0,0,0,0,0,0,0,0,0,0,0,0,0,0,0,0,0,0,0,0,0,0,0,0,0,0,0,0,0,0,0,319.704,299.427,242.419,251.235,240.929,260.639,255.577,279.861,319.928,371.884,440.759,489.422,544.653,561.852,576.138,571.424,527.711,469.152,400.112,312.584,236.02,165.598,123.724,91.516,75.548,69.156,60.554,56.425,54.073,54.545,50.34,47.972,48.222,48.394,42.545,44.194,40.649,40.406,33.406,27.925,24.507,20.363,15.039,14.128,10.11,8.182,5.934,3.565,1.951,1.982,1.024,0.567,0.298,0.416,0.43,0.196,0.204,0.21,0.218,0,0,0,0,0,0,0,0,0,0,0,0,0,0,0,0,0,0,0,0,0,0,0,0,0,0,0,0,0,0,0,0,0,0,0,0,3.29,4.17,5.644,6.207,8.322,10.065,13.428,15.918,20.586,27.316,36.402,48.822,60.788,75.142,85.317,95.721,103.308,103.212,99.039,90.773,76.25,61.887,46.694,37.724,30.357,27.188,26.685,25.009,25.353,25.752,27.031,26.654,26.638,26.966,26.937,24.377,24.83,22.47,22.241,18.273,15.133,12.956,10.474,7.736,7.126,4.975,3.964,2.904,1.779,0.957,0.955,0.512,0.26,0.132,0.172,0.175,0.079,0.08,0.081,0.081,0,0.014,0,0,0,0
2026-08-31 19:28:00,1,"Normal Scan","Normal Scan",0,"ON",1,1,1,737.9,5,20,98.1,42.6,6.86007e-08,1.81809e-05,4.97,8954.6,8.8,736.5,1,"Up Scan","Positive",254,0,4.37,1.6,8,8,0,1,1,24.791,31.677,25.272,28.387,1.838,9339.63,39,20.9,NA,0,0,0,0,0,0,0,0,0,0,0,0,0,0,0,0,0,0,0,0,0,0,0,0,0,0,0,0,0,0,0,349.486,305.936,282.254,273.424,258.084,267.805,262.044,296.675,321.478,351.618,403.812,449.703,515.678,553.014,562.259,562.633,548.988,477.411,409.207,323.85,247.125,183.318,135.895,100.283,84.144,71.044,63.864,62.748,54.554,54.099,51.518,45.938,43.691,42.839,43.524,41.127,44.182,36.778,32.508,28.153,22.841,18.241,14.338,11.528,9.098,6.017,4.536,3.498,2.207,1.032,1.054,0.694,0.581,0.556,0.192,0.099,0.204,0.053,0.109,0.056,0,0,0,0,0,0,0,0,0,0,0,0,0,0,0,0,0,0,0,0,0,0,0,0,0,0,0,0,0,0,0,0,0,0,0,3.456,4.531,5.775,7.209,9.109,10.829,13.868,16.281,21.79,27.459,34.448,44.79,55.958,71.236,84.112,93.575,101.864,107.52,100.904,92.96,79.088,64.766,51.721,41.407,33.007,29.85,27.293,25.996,27.271,25.68,26.661,27.195,25.399,24.781,24.45,24.416,22.865,23.755,19.983,17.494,14.788,12.014,9.449,7.292,5.821,4.512,3.01,2.271,1.68,1.053,0.505,0.494,0.316,0.264,0.23,0.078,0.039,0.08,0.02,0.041,0.02,0.014,0,0,0,0
2026-08-31 19:33:00,1,"Normal Scan","Normal Scan",0,"ON",1,1,1,738,5,20.2,98.1,42,6.86603e-08,1.81905e-05,4.97,8954.6,8.8,736.5,1,"Up Scan","Positive",254,0,4.37,1.6,8,8,0,1,1,25.179,31.478,25.325,28.387,1.816,9262.78,39,20.9,NA,0,0,0,0,0,0,0,0,0,0,0,0,0,0,0,0,0,0,0,0,0,0,0,0,0,0,0,0,0,0,0,343.674,297.32,279.522,246.497,254.095,253.833,244.965,281.933,300.506,331.43,384.548,450.927,505.238,558.049,579.08,587.533,567.192,518.914,446.649,358.054,265.723,192.611,128.789,92.582,72.035,58.072,54.802,46.478,40.177,41.11,39.862,39.208,41.085,42.525,42.754,44.208,43.464,38.024,31.813,26.758,21.009,17.213,13.069,9.781,7.052,6.348,5.084,3.243,2.027,1.721,1.183,0.647,0.499,0.553,0.714,0.394,0.102,0.106,0,0,0,0,0,0,0,0,0,0,0,0,0,0,0,0,0,0,0,0,0,0,0,0,0,0,0,0,0,0,0,0,0,0,0,0,0,3.59,4.482,5.588,7.102,8.176,10.645,13.104,15.233,20.704,25.721,32.485,42.677,56.125,69.976,84.998,96.523,106.464,111.108,109.466,101.135,87.01,69.139,53.854,38.715,30.024,25.291,22.267,22.498,21.253,20.214,21.658,22.42,22.869,23.641,23.972,23.488,24.031,23.154,20.1,16.899,14.263,11.261,8.97,6.81,5.12,3.568,3.152,2.554,1.683,1.028,0.793,0.531,0.279,0.245,0.23,0.291,0.157,0.04,0.04,0,0,0.028,0,0,0,0
2026-08-31 19:38:00,1,"Normal Scan","Normal Scan",0,"ON",1,1,1,738.3,5,20.6,98.1,42.1,6.87795e-08,1.82097e-05,4.97,8954.6,8.8,736.5,1,"Up Scan","Positive",254,0,4.37,1.6,8,8,0,1,1,25.854,32.027,25.885,28.387,1.812,9315.02,38,21,NA,0,0,0,0,0,0,0,0,0,0,0,0,0,0,0,0,0,0,0,0,0,0,0,0,0,0,0,0,0,0,0,351.271,278.614,241.1,250.026,236.042,232.216,235.716,250.95,281.977,320.651,353.631,431.099,513.775,567.238,607.606,609.099,588.843,535.281,474.303,388.8,286.197,200.299,140.534,101.314,77.075,67.179,62.13,55.14,50.108,47.211,42.229,43.203,42.24,42.689,42.135,43.147,38.177,37.003,31.471,26.375,20.05,16.617,13.192,10.248,8.701,6.287,5.345,2.593,2.159,1.639,1.518,0.524,0.408,0.183,0.477,0.148,0.509,0.211,0,0.113,0,0,0,0,0,0,0,0,0,0,0,0,0,0,0,0,0,0,0,0,0,0,0,0,0,0,0,0,0,0,0,0,0,0,0,3.28,4.568,5.233,6.169,8.309,9.896,11.977,14.636,18.464,24.118,31.51,39.38,53.755,71.13,86.468,101.297,110.372,115.292,112.97,107.433,94.493,74.636,56.156,42.436,32.953,27.3,25.442,25.325,24.245,23.906,24.015,22.88,24.06,23.995,23.937,23.262,23.452,20.836,19.748,16.964,14.071,10.728,8.597,6.871,5.397,4.344,3.111,2.57,1.321,1.116,0.81,0.695,0.26,0.189,0.077,0.194,0.059,0.199,0.081,0,0.04,0.014,0,0,0,0
2026-08-31 19:43:00,1,"Normal Scan","Normal Scan",0,"ON",1,1,1,739,5,21.5,98.1,41.5,6.90479e-08,1.82528e-05,4.97,8954.6,8.8,736.5,1,"Up Scan","Positive",254,0,4.37,1.6,8,8,0,1,1,25.29,31.443,25.378,28.387,1.81,10518.3,38,21.4,NA,0,0,0,0,0,0,0,0,0,0,0,0,0,0,0,0,0,0,0,0,0,0,0,0,0,0,0,0,0,0,0,367.99,339.459,309.204,290.299,298.527,284.088,275.872,316.23,358.185,381.262,428.982,511.988,556.386,613.161,654.17,672.359,631.39,585.972,508.256,415.729,316.014,226.005,160.975,113.523,89.144,75.9,64.079,59.554,51.079,49.604,47.096,45.64,41.513,45.183,41.233,44.35,42.038,38.969,35.285,27.396,23.595,18.513,14.744,11.057,9.21,7.293,5.671,4.468,2.411,2.264,1.048,0.798,1.029,0.369,0.431,0.497,0.203,0.372,0.219,0.056,0,0,0,0,0,0,0,0,0,0,0,0,0,0,0,0,0,0,0,0,0,0,0,0,0,0,0,0,0,0,0,0,0,0,0,3.955,4.792,6.364,7.861,9.627,12.499,14.642,17.144,23.2,30.517,37.292,47.602,63.667,76.934,93.422,108.969,121.764,123.657,123.671,115.164,101.066,82.357,63.121,48.357,36.727,31.265,28.61,26.182,25.757,24.472,25.213,25.271,25.435,24.264,25.367,23.622,24.415,22.938,20.994,18.972,14.859,12.681,9.818,7.745,5.738,4.672,3.738,2.81,2.195,1.239,1.062,0.572,0.385,0.433,0.153,0.174,0.196,0.08,0.141,0.081,0.02,0,0,0,0,0
2026-08-31 19:48:00,1,"Normal Scan","Normal Scan",0,"ON",1,1,1,739.7,5,22.4,98.1,41,6.93163e-08,1.82958e-05,4.97,8954.6,8.8,736.5,1,"Up Scan","Positive",254,0,4.37,1.6,8,8,0,1,1,25.614,31.66,25.412,28.387,1.832,10359.1,37,21.8,NA,0,0,0,0,0,0,0,0,0,0,0,0,0,0,0,0,0,0,0,0,0,0,0,0,0,0,0,0,0,0,0,406.867,369.934,336.832,308.232,290.219,275.278,299.567,293.776,316.881,337.595,386.234,430.538,515.443,575.229,614.786,637.481,631.979,586.948,526.217,434.476,330.793,240.414,174.392,122.591,97.206,83.043,68.368,60.394,53.693,50.291,43.703,43.437,42.492,41.985,42.037,40.456,43.441,38.065,32.521,27.919,22.267,20.762,14.925,12.113,10.186,8.251,6.017,3.781,2.441,1.587,1.881,0.656,0.51,0.325,0.438,0.485,0.511,0,0,0.167,0,0,0,0,0,0,0,0,0,0,0,0,0,0,0,0,0,0,0,0,0,0,0,0,0,0,0,0,0,0,0,0,0,0,0,3.684,5.265,6.896,8.558,10.209,12.069,14.142,18.602,21.515,26.97,33.039,42.87,53.635,71.414,87.767,102.573,115.565,123.853,123.963,119.266,105.686,86.296,67.075,52.251,39.603,33.716,30.793,27.478,26.099,25.283,25.076,23.947,24.527,24.406,24.028,23.779,23.117,23.643,20.802,17.793,15.272,12.095,10.693,7.668,6.374,5.121,4.078,2.863,1.942,1.274,0.791,0.822,0.315,0.282,0.134,0.177,0.193,0.199,0,0,0.061,0.043,0,0,0,0
2026-08-31 19:53:00,1,"Normal Scan","Normal Scan",0,"ON",1,1,1,739.3,5,21.9,98.1,40.8,6.91672e-08,1.82719e-05,4.97,8954.6,8.8,736.5,1,"Up Scan","Positive",254,0,4.37,1.6,8,8,0,1,1,26.254,34.009,26.392,28.387,1.918,11105,37,22,NA,0,0,0,0,0,0,0,0,0,0,0,0,0,0,0,0,0,0,0,0,0,0,0,0,0,0,0,0,0,0,0,460.154,404.467,394.895,319.256,333.636,289.565,286.83,292.196,322.583,340.917,384.698,420.904,494.293,568.537,603.801,644.307,640.816,624.66,562.285,473.067,380.972,277.261,196.568,141.18,115.967,89.163,72.983,66.681,63.16,62.413,59.833,68.317,73.288,73.672,76.053,70.696,67.539,60.638,49.622,40.373,31.354,25.241,21.038,15.043,12.203,7.881,6.62,4.137,3.316,1.786,1.556,1.361,0.878,0.925,0.861,0.591,0.816,0.53,0.274,0.336,0,0,0,0,0,0,0,0,0,0,0,0,0,0,0,0,0,0,0,0,0,0,0,0,0,0,0,0,0,0,0,0,0,0,0,3.736,5.937,7.578,9.962,10.592,13.859,14.879,17.758,21.376,27.481,33.362,42.783,52.536,68.726,86.908,101.022,117.256,125.957,132.162,127.652,115.247,99.217,77.265,58.901,45.82,40.609,34.238,31.48,31.567,32.768,33.659,34.099,38.391,40.591,40.342,40.585,37.764,35.958,31.866,26.215,21.142,16.515,13.328,10.736,7.849,6.339,4.117,3.426,2.281,1.788,0.971,0.823,0.724,0.49,0.382,0.349,0.236,0.318,0.201,0.102,0.121,0.1,0,0,0,0
2026-08-31 19:58:00,1,"Normal Scan","Normal Scan",0,"ON",1,1,1,738.4,5,20.7,98.1,40.2,6.88093e-08,1.82145e-05,4.97,8954.6,8.8,736.5,1,"Up Scan","Positive",254,0,4.37,1.6,8,8,0,1,1,26.908,34.295,26.794,30.505,1.902,10268.8,37,21.7,NA,0,0,0,0,0,0,0,0,0,0,0,0,0,0,0,0,0,0,0,0,0,0,0,0,0,0,0,0,0,0,0,407.301,358.873,326.191,288.833,282.023,281.01,263.034,263.517,272.171,289.162,323.141,386.344,453.983,517.399,569.262,614.308,618.048,594.957,551.575,471.838,376.933,264.613,192.448,141.514,104.776,92.554,87.008,78.581,74.411,68.657,63.047,62.228,58.263,56.175,56.275,53.298,49.497,43.783,39.385,31.915,26.417,22.699,19.38,14.814,15.11,11,7.461,6.62,4.71,3.659,2.141,1.597,1.185,1.244,0.717,0.791,0.255,0.263,0.273,0.112,0,0,0,0,0,0,0,0,0,0,0,0,0,0,0,0,0,0,0,0,0,0,0,0,0,0,0,0,0,0,0,0,0,0,0,3.517,5.291,6.673,8.307,9.604,11.787,14.481,16.311,19.319,23.254,28.415,36.088,48.404,63.242,79.377,95.504,111.978,121.57,126.1,125.36,114.869,98.418,74.295,58.18,46.339,37.307,35.29,35.487,34.259,34.364,34.07,33.003,33.272,32.292,31.365,31.139,29.802,27.657,24.521,22.553,17.972,14.737,12.475,10.608,7.959,7.735,5.617,3.841,3.295,2.392,1.711,1.024,0.743,0.585,0.516,0.291,0.314,0.099,0.101,0.102,0.04,0.07,0,0,0,0
2026-08-31 20:03:00,1,"Normal Scan","Normal Scan",0,"ON",1,1,1,738.5,5,20.8,98.1,39.7,6.88391e-08,1.82193e-05,4.97,8954.6,8.8,736.5,1,"Up Scan","Positive",254,0,4.37,1.6,8,8,0,1,1,26.777,33.643,26.619,30.505,1.872,10422.2,37,21.7,NA,0,0,0,0,0,0,0,0,0,0,0,0,0,0,0,0,0,0,0,0,0,0,0,0,0,0,0,0,0,0,0,401.312,344.742,300.485,294.425,267.97,286.304,275.101,276.861,299.989,298.394,343.922,404.988,475.264,542.356,594.307,621.31,638.115,624.273,562.552,480.566,383.629,286.347,196.424,137.841,106.43,84.285,73.48,69.959,63.746,63.65,60.703,56.739,56.97,54.056,51.164,54.025,48.091,45.19,40.799,31.266,27.035,20.753,15.433,13.617,10.689,8.672,6.773,6.27,3.84,3.162,2.207,1.427,1.428,0.924,0.669,0.394,0.513,0.263,0,0.06,0,0,0,0,0,0,0,0,0,0,0,0,0,0,0,0,0,0,0,0,0,0,0,0,0,0,0,0,0,0,0,0,0,0,0,3.424,5.166,6.436,7.68,9.77,11.227,14.771,17.035,20.284,25.583,29.327,38.334,50.676,66.08,83.078,99.707,113.254,125.615,132.16,127.664,116.923,99.796,79.868,58.985,44.841,37.507,32.232,30.548,30.764,30.338,31.833,31.909,30.91,31.872,30.036,28.855,29.457,26.064,24.715,22.075,17.313,14.805,11.436,8.473,7.334,5.505,4.586,3.428,3.069,1.849,1.56,1.007,0.632,0.622,0.383,0.271,0.157,0.199,0.101,0,0.021,0.013,0,0,0,0
2026-08-31 20:08:00,1,"Normal Scan","Normal Scan",0,"ON",1,1,1,738.2,5,20.5,98.1,40.3,6.87497e-08,1.82049e-05,4.97,8954.6,8.8,736.5,1,"Up Scan","Positive",254,0,4.37,1.6,8,8,0,1,1,26.793,33.254,26.353,32.781,1.872,9957.41,37,21.6,NA,0,0,0,0,0,0,0,0,0,0,0,0,0,0,0,0,0,0,0,0,0,0,0,0,0,0,0,0,0,0,0,396.634,373.039,318.577,286.97,268.418,254.918,260.394,260.944,251.416,293.605,325.788,371.746,435.576,492.174,571.333,601.659,607.997,612.261,550.163,475.703,364.082,265.943,193.263,136.917,95.779,81.444,68.819,62.533,52.52,52.049,51.274,48.469,50.468,49.47,50.671,48.068,46.182,44.472,39.047,31.028,26.531,20.214,15.463,13.129,11.155,8.28,5.724,4.417,2.73,2.318,1.463,1.175,0.595,0.689,0.623,0.248,0.409,0.158,0.217,0.056,0,0,0,0,0,0,0,0,0,0,0,0,0,0,0,0,0,0,0,0,0,0,0,0,0,0,0,0,0,0,0,0,0,0,0,3.551,5.129,7.013,8.145,9.516,11.199,13.15,16.14,19.14,21.487,28.845,36.362,46.608,60.734,75.643,95.915,109.698,119.693,129.679,124.95,115.62,94.773,74.138,57.774,43.899,33.592,30.809,28.133,27.763,25.737,26.779,27.744,27.514,28.72,28.093,28.318,26.685,25.023,24.078,21.178,16.796,14.066,10.706,8.153,6.849,5.651,4.164,2.868,2.215,1.365,1.145,0.703,0.539,0.302,0.287,0.252,0.098,0.159,0.06,0.081,0.02,0.042,0,0,0,0
2026-08-31 20:13:00,1,"Normal Scan","Normal Scan",0,"ON",1,1,1,738.2,5,20.4,98.1,40.2,6.87199e-08,1.82001e-05,4.97,8954.6,8.8,736.5,1,"Up Scan","Positive",254,0,4.37,1.6,8,8,0,1,1,26.732,32.679,26.116,30.505,1.854,9723.27,37,21.5,NA,0,0,0,0,0,0,0,0,0,0,0,0,0,0,0,0,0,0,0,0,0,0,0,0,0,0,0,0,0,0,0,367.59,352.699,319.192,289.582,290.203,269.472,273.093,250.573,264.19,263.913,312.911,344.614,419.944,490.953,544.455,599.489,604.026,584.642,548.05,476.047,367.905,272.713,184.443,124.523,89.74,67.649,56.806,55.862,53.077,51.915,47.872,49.363,49.201,49.741,49.134,48.484,44.029,40.043,33.588,26.608,19.781,18.101,12.732,11.096,8.086,6.211,5.198,3.846,2.57,2.055,1.229,1.034,0.543,0.735,0.575,0.395,0.256,0.16,0.219,0.112,0,0,0,0,0,0,0,0,0,0,0,0,0,0,0,0,0,0,0,0,0,0,0,0,0,0,0,0,0,0,0,0,0,0,0,3.405,4.755,6.614,8.124,9.599,12.153,13.876,16.899,18.34,22.625,25.905,34.953,43.281,58.645,75.465,91.552,109.372,118.971,123.815,124.329,115.574,95.454,75.658,54.985,40.252,31.559,26.027,24.037,25.231,25.784,26.581,25.972,27.189,27.295,27.045,26.414,26.075,23.415,21.432,17.925,14.236,10.832,9.608,6.759,5.751,4.269,3.146,2.635,1.971,1.312,0.957,0.604,0.517,0.245,0.306,0.233,0.157,0.1,0.06,0.081,0.039,0.028,0,0,0,0
2026-08-31 20:18:00,1,"Normal Scan","Normal Scan",0,"ON",1,1,1,738.3,5,20.6,98.1,40.8,6.87795e-08,1.82097e-05,4.97,8954.6,8.8,736.5,1,"Up Scan","Positive",254,0,4.37,1.6,8,8,0,1,1,26.931,32.993,26.595,30.505,1.827,10621.2,38,21.5,NA,0,0,0,0,0,0,0,0,0,0,0,0,0,0,0,0,0,0,0,0,0,0,0,0,0,0,0,0,0,0,0,373.781,305.592,289.307,261.271,274.006,263.985,290.722,297.972,330.007,356.615,378.901,419.667,471.135,540.902,606.923,642.947,647.675,643.546,612.537,537.422,438.673,316.331,220.81,141.411,96.07,68.872,62.198,54.788,50.162,52.839,50.499,52.044,49.656,53.006,52.847,51.586,49.799,43.703,36.748,27.081,20.004,19.629,14.998,13.175,9.384,8.158,6.436,4.356,3.408,1.808,1.486,0.915,0.639,1.018,0.719,0.345,0.205,0.263,0.054,0.161,0,0,0,0,0,0,0,0,0,0,0,0,0,0,0,0,0,0,0,0,0,0,0,0,0,0,0,0,0,0,0,0,0,0,0,3.363,4.855,5.713,7.39,8.695,11.409,13.635,18.082,21.827,28.101,34.86,42.128,52.506,65.623,83.118,102.077,117.569,127.776,136.486,138.948,130.324,113.457,87.589,65.367,45.202,33.703,26.742,25.974,25.043,25.121,27.456,27.598,28.839,28.118,28.928,28.256,27.961,26.656,23.606,19.84,14.875,11.252,10.525,7.86,6.849,4.805,4.09,3.309,2.233,1.645,0.882,0.696,0.427,0.321,0.421,0.291,0.138,0.08,0.101,0.02,0.059,0.028,0,0,0,0
2026-08-31 20:23:00,1,"Normal Scan","Normal Scan",0,"ON",1,1,1,738.1,5,20.3,98.1,40.8,6.86901e-08,1.81953e-05,4.97,8954.6,8.8,736.5,1,"Up Scan","Positive",254,0,4.37,1.6,8,8,0,1,1,26.55,32.714,26.113,30.505,1.852,11314.3,38,21.3,NA,0,0,0,0,0,0,0,0,0,0,0,0,0,0,0,0,0,0,0,0,0,0,0,0,0,0,0,0,0,0,0,420.613,392.99,352.367,333.835,306.352,332.837,318.611,314.489,343.345,357.759,367.778,431.171,483.425,561.514,615.711,651.788,686.862,685.307,632.877,542.194,443.446,329.625,221.326,151.899,101.936,77.484,65.889,60.355,57.129,56.728,54.972,53.366,54.055,55.554,55.202,54.404,50.777,47.246,38.935,31.95,27.776,20.437,17,12.979,9.344,8.32,7.178,4.479,3.611,2.223,1.946,1.681,0.767,0.734,0.627,0.496,0.359,0,0.164,0.112,0,0,0,0,0,0,0,0,0,0,0,0,0,0,0,0,0,0,0,0,0,0,0,0,0,0,0,0,0,0,0,0,0,0,0,3.685,5.452,7.408,9.022,11.11,12.829,17.198,19.737,23.03,29.223,35.073,40.965,54.001,67.456,86.29,103.532,119.282,135.518,145.226,143.628,131.596,114.987,91.32,65.74,48.727,35.755,29.818,27.552,27.511,27.946,29.334,29.87,30.055,30.536,30.76,30.571,29.466,27.677,25.23,20.83,17.478,15.061,10.979,8.953,6.812,5.025,4.181,3.58,2.236,1.792,1.081,0.878,0.781,0.358,0.304,0.255,0.197,0.139,0,0.061,0.039,0.028,0,0,0,0
2026-08-31 20:28:00,1,"Normal Scan","Normal Scan",0,"ON",1,1,1,738.3,5,20.6,98.1,41.2,6.87795e-08,1.82097e-05,4.97,8954.6,8.8,736.5,1,"Up Scan","Positive",254,0,4.37,1.6,8,8,0,1,1,27.094,32.648,26.485,32.781,1.816,13177.9,38,21.4,NA,0,0,0,0,0,0,0,0,0,0,0,0,0,0,0,0,0,0,0,0,0,0,0,0,0,0,0,0,0,0,0,432.46,389.219,387.818,359.822,358.423,360.938,347.856,370.333,393.942,409.13,444.397,504.851,566.971,660.8,718.046,771.867,803.973,805.069,771.117,694.073,570.191,428.388,297.012,199.512,132.727,89.834,75.662,67.245,60.308,59.552,62.977,57.248,57.058,59.084,59.094,55.622,50.022,47.571,38.033,31.8,26.551,22.244,17.416,13.092,12.158,9.219,7.967,4.579,4.08,3.026,2.265,1.294,0.756,0.709,1.144,0.445,0.407,0.264,0.11,0.113,0,0,0,0,0,0,0,0,0,0,0,0,0,0,0,0,0,0,0,0,0,0,0,0,0,0,0,0,0,0,0,0,0,0,0,3.937,5.651,7.358,9.92,11.921,14.994,18.627,21.572,27.114,33.614,40.089,49.516,63.176,79.1,101.65,121.054,141.47,159.003,171.026,175.214,168.487,147.509,118.287,87.774,63.163,45.804,34.351,31.201,30.13,29.644,30.626,33,31.737,31.689,32.346,32.292,30.504,27.393,25.702,21.121,17.532,14.613,11.942,9.379,7.098,6.286,4.623,3.947,2.421,2.072,1.425,1.042,0.613,0.388,0.295,0.465,0.177,0.159,0.101,0.041,0.04,0.056,0,0,0,0
2026-08-31 20:33:00,1,"Normal Scan","Normal Scan",0,"ON",1,1,1,737.9,5,20.1,98.1,41.3,6.86305e-08,1.81857e-05,4.97,8954.6,8.8,736.5,1,"Up Scan","Positive",254,0,4.37,1.6,8,8,0,1,1,26.698,32.388,26.091,30.505,1.832,12609.3,38,21.2,NA,0,0,0,0,0,0,0,0,0,0,0,0,0,0,0,0,0,0,0,0,0,0,0,0,0,0,0,0,0,0,0,431.057,387.356,383.889,394.316,388.661,362.8,376.875,368.707,390.624,402.358,404.516,459.624,526.776,609.986,662.354,724.426,773.947,763.943,718.673,633.566,513.998,382.283,267.117,180.948,121.577,91.013,74.832,66.652,59.573,55.83,54.701,54.373,56.76,57.917,58.682,57.594,52.101,45.834,37.801,32.595,25.882,20.838,16.329,14.379,12.175,8.111,6.514,4.468,4.155,2.91,2.022,1.379,0.813,0.877,0.665,0.344,0.254,0.37,0.055,0.159,0,0,0,0,0,0,0,0,0,0,0,0,0,0,0,0,0,0,0,0,0,0,0,0,0,0,0,0,0,0,0,0,0,0,0,4.081,5.614,7.284,9.786,13.116,16.241,18.673,23.338,26.995,33.306,39.397,45.094,57.69,73.581,93.991,111.696,132.668,152.857,162.155,163.332,153.874,133.22,105.746,79.096,57.579,41.942,34.275,30.972,29.899,29.236,29.36,30.043,30.27,31.427,31.955,31.967,31.047,28.14,24.947,20.977,17.692,14.009,11.232,8.924,7.518,6.28,4.126,3.339,2.25,2.003,1.369,0.952,0.633,0.395,0.364,0.272,0.138,0.1,0.141,0.02,0.059,0.028,0,0,0,0
2026-08-31 20:38:00,1,"Normal Scan","Normal Scan",0,"ON",1,1,1,738.3,5,20.6,98.1,41.5,6.87795e-08,1.82097e-05,4.97,8954.6,8.8,736.5,1,"Up Scan","Positive",254,0,4.37,1.6,8,8,0,1,1,27.136,33.005,26.325,32.781,1.86,11725,38,21.3,NA,0,0,0,0,0,0,0,0,0,0,0,0,0,0,0,0,0,0,0,0,0,0,0,0,0,0,0,0,0,0,0,425.399,391.764,387.555,376.078,352.714,327.512,355.578,338.823,335.589,337.938,354.029,393.833,446.729,519.279,604.22,651.092,703.951,720.42,680.746,602.381,499.025,396.186,272.098,179.853,122.29,84.732,67.623,60.209,54.785,52.187,53.644,52.419,57.383,54.872,58.94,58.648,50.062,44.525,38.297,33.49,25.81,22.814,18.831,13.81,13.085,8.811,6.606,4.806,3.611,2.458,2.25,1.502,1.079,0.877,1,0.345,0.154,0,0.165,0.113,0,0,0,0,0,0,0,0,0,0,0,0,0,0,0,0,0,0,0,0,0,0,0,0,0,0,0,0,0,0,0,0,0,0,0,3.769,5.514,7.355,9.893,12.505,14.75,16.863,22.004,24.739,28.561,33.121,39.463,49.492,62.64,80.28,102.016,119.443,139.445,153.103,154.779,146.37,129.221,109.353,80.287,56.963,42.069,32.152,28.165,27.578,27.226,28.078,29.496,29.444,31.565,30.95,32.188,31.942,27.64,24.457,21.178,18.084,14.237,12.197,9.856,7.347,6.707,4.474,3.36,2.491,1.737,1.117,0.988,0.725,0.49,0.363,0.407,0.138,0.06,0,0.061,0.04,0.028,0,0,0,0
2026-08-31 20:43:00,1,"Normal Scan","Normal Scan",0,"ON",1,1,1,737.9,5,20.1,98.1,41.8,6.86305e-08,1.81857e-05,4.97,8954.6,8.8,736.5,1,"Up Scan","Positive",254,0,4.37,1.6,8,8,0,1,1,27.383,33.242,26.758,32.781,1.836,12692.5,39,21.1,NA,0,0,0,0,0,0,0,0,0,0,0,0,0,0,0,0,0,0,0,0,0,0,0,0,0,0,0,0,0,0,0,371.86,421.06,377.555,364.983,355.542,326.094,341.8,346.491,358.017,400.642,415.13,467.068,533.019,603.233,670.285,744.785,760.907,776.204,738.973,670.998,568.098,425.684,307.759,196.457,134.197,90.972,72.816,66.652,57.45,57.464,56.838,56.037,57.03,58.938,62.772,60.671,55.463,51.641,42.539,35.265,26.761,21.84,18.859,15.943,11.581,10.67,8.465,5.557,3.754,2.599,1.979,1.549,0.717,0.6,0.621,0.492,0.461,0.475,0.055,0.113,0,0,0,0,0,0,0,0,0,0,0,0,0,0,0,0,0,0,0,0,0,0,0,0,0,0,0,0,0,0,0,0,0,0,0,3.403,4.842,7.859,9.643,12.084,14.896,16.851,21.193,25.416,30.542,39.282,46.325,58.508,74.526,93.019,113.24,136.709,150.748,165.183,168.212,163.031,147.04,117.573,90.709,62.272,45.949,34.484,30.281,30.065,28.796,30.472,31.321,31.867,32.472,32.982,34.082,32.845,30.307,28.001,23.316,19.333,14.998,11.804,9.88,8.372,6.026,5.338,4.151,2.771,1.884,1.311,0.934,0.707,0.357,0.249,0.252,0.197,0.179,0.181,0.02,0.039,0.064,0,0,0,0
2026-08-31 20:48:00,1,"Normal Scan","Normal Scan",0,"ON",1,1,1,738.3,5,20.6,98.1,41.8,6.87795e-08,1.82097e-05,4.97,8954.6,8.8,736.5,1,"Up Scan","Positive",254,0,4.37,1.6,8,8,0,1,1,27.527,33.577,26.737,32.781,1.864,13012.9,39,21.3,NA,0,0,0,0,0,0,0,0,0,0,0,0,0,0,0,0,0,0,0,0,0,0,0,0,0,0,0,0,0,0,0,438.122,441.575,427.21,390.492,377.567,374.533,355.543,357.173,343.013,365.371,391.516,429.788,502.556,596.498,670.218,739.399,781.273,799.93,755.336,686.715,577.221,441.711,319.41,216.837,139.815,98.434,77.42,68.725,61.564,64.057,59.173,58.314,63.627,66.638,67.26,66.211,58.249,55.997,45.34,36.555,29.788,24.968,20.475,16.484,12.974,10.156,7.46,6.455,4.226,2.691,2.757,2.3,2.428,1.065,0.764,0.396,0.357,0.37,0.274,0.098,0,0,0,0,0,0,0,0,0,0,0,0,0,0,0,0,0,0,0,0,0,0,0,0,0,0,0,0,0,0,0,0,0,0,0,3.81,5.712,8.281,10.894,12.948,15.775,19.329,22.034,26.125,29.213,35.813,43.756,54.01,70.406,92.149,113.249,135.839,154.748,170.205,171.99,166.854,149.483,121.982,94.172,68.565,48.14,37.203,32.167,31.46,31.124,33.678,32.814,33.408,35.752,36.889,36.549,35.937,31.879,30.351,24.802,20.068,16.496,13.616,10.867,8.783,6.891,5.537,3.858,3.189,2.056,1.298,1.298,1.04,1.075,0.44,0.31,0.157,0.139,0.141,0.102,0.04,0.014,0,0,0,0
2026-08-31 20:53:00,1,"Normal Scan","Normal Scan",0,"ON",1,1,1,737.9,5,20.1,98.1,42.2,6.86305e-08,1.81857e-05,4.97,8954.6,8.8,736.5,1,"Up Scan","Positive",254,0,4.37,1.6,8,8,0,1,1,28.346,37.959,28.466,35.227,1.982,12236.9,39,21.1,NA,0,0,0,0,0,0,0,0,0,0,0,0,0,0,0,0,0,0,0,0,0,0,0,0,0,0,0,0,0,0,0,378.014,374.67,347.623,339.8,341.814,331.737,355.294,344.327,365.61,368.025,385.482,399.081,435.788,490.402,570.327,629.111,675.55,696.066,698.886,648.304,543.205,444.199,306.992,206.055,134.227,103.414,90.644,86.948,80.701,81.536,76.622,64.128,60.968,70.084,75.701,73.965,79.855,84.164,77.058,60.923,45.098,37.154,29.662,24.43,21.915,18.896,17.705,14.548,11.488,8.939,6.11,5.985,4.029,3.766,2.932,2.319,1.841,1.21,1.144,0.423,0,0,0,0,0,0,0,0,0,0,0,0,0,0,0,0,0,0,0,0,0,0,0,0,0,0,0,0,0,0,0,0,0,0,0,3.559,4.93,7.057,8.891,11.316,14.297,17.083,22.031,25.198,31.081,35.967,42.853,50.064,61.081,76.058,96.793,115.926,134.496,148.55,159.362,157.688,141.076,123.132,91.343,66.234,47.388,39.777,37.069,38.446,39.337,42.318,42.735,40.184,40.351,43.351,44.435,43.077,45.017,46.538,42.849,35.033,27.138,22.408,17.603,14.422,12.64,10.628,9.522,7.743,5.974,4.568,3.016,2.765,1.98,1.563,1.189,0.924,0.717,0.463,0.428,0.157,0.181,0,0,0,0
2026-08-31 20:58:00,1,"Normal Scan","Normal Scan",0,"ON",1,1,1,738.4,5,20.6,98.2,42.1,6.87095e-08,1.82097e-05,4.97,8954.6,8.8,736.5,1,"Up Scan","Positive",254,0,4.37,1.6,8,8,0,1,1,28.195,37.715,28.402,32.781,1.997,13569.1,39,21.2,NA,0,0,0,0,0,0,0,0,0,0,0,0,0,0,0,0,0,0,0,0,0,0,0,0,0,0,0,0,0,0,0,438.007,403.189,430.204,403.644,422.322,408.211,401.227,404.157,414.461,409.014,408.234,434.56,467.002,516.347,580.246,628.421,693.272,730.208,708.427,669.833,588.483,478.753,366.031,258.58,176.734,132.8,111.468,104.342,99.845,98.828,100.977,99.469,99.351,105.489,106.426,102.249,100.036,89.343,73.723,63.513,49.803,39.427,31.143,25.81,19.096,17.137,12.599,8.684,8.336,6.235,4.53,4.238,3.528,3.05,2.432,1.676,1.992,0.851,0.708,0.374,0,0,0,0,0,0,0,0,0,0,0,0,0,0,0,0,0,0,0,0,0,0,0,0,0,0,0,0,0,0,0,0,0,0,0,3.787,5.751,7.61,10.961,13.381,17.622,21.033,24.913,29.537,35.229,39.892,45.286,54.424,65.363,79.977,98.471,116.154,138.269,156.431,162.287,163.689,153.284,133.078,109.117,83.051,62.204,51.553,47.451,48.134,50.341,52.111,55.493,56.523,56.147,59.026,58.363,55.872,54.039,48.182,40.28,34.943,27.274,22.133,17.454,14.27,10.693,9.417,7.044,4.814,4.443,3.137,2.324,1.97,1.697,1.263,0.989,0.668,0.776,0.322,0.265,0.137,0.14,0,0,0,0
2026-08-31 21:03:00,1,"Normal Scan","Normal Scan",0,"ON",1,1,1,738,5,20.1,98.2,42.6,6.85606e-08,1.81857e-05,4.97,8954.6,8.8,736.5,1,"Up Scan","Positive",254,0,4.37,1.6,8,8,0,1,1,27.676,35.233,27.318,35.227,1.934,12414.9,39,21.1,NA,0,0,0,0,0,0,0,0,0,0,0,0,0,0,0,0,0,0,0,0,0,0,0,0,0,0,0,0,0,0,0,413.367,412.593,392.78,397.775,399.405,381.479,375.816,387.609,398.275,393.977,378.551,391.002,414.139,463.164,529.117,584.557,638.653,661.186,677.33,637.716,564.411,455.406,350.044,238.066,160.015,115.243,88.809,81.58,78.203,76.759,80.724,84.421,88.001,90.14,86.71,80.757,70.693,54.971,45.946,37.919,28.612,23.704,22.337,16.789,13.715,11.331,9.287,7.879,7.106,4.15,2.857,3.172,2.04,1.105,0.872,0.77,0.52,0.634,0.49,0.249,0,0,0,0,0,0,0,0,0,0,0,0,0,0,0,0,0,0,0,0,0,0,0,0,0,0,0,0,0,0,0,0,0,0,0,3.332,5.39,7.766,10.065,13.284,16.755,19.659,23.263,28.305,33.835,38.443,42.067,48.97,58.007,71.885,89.996,108.229,127.574,141.873,155.03,155.682,146.717,126.124,103.594,75.8,55.591,44.471,38.296,38.404,39.532,40.447,43.443,44.641,45.953,47.307,45.26,42.353,38.198,30.33,25.521,21.198,16.571,13.82,12.191,9.222,7.544,6.101,4.709,3.996,3.466,2.017,1.458,1.43,0.964,0.459,0.354,0.306,0.203,0.242,0.183,0.097,0.042,0,0,0,0
2026-08-31 21:08:00,1,"Normal Scan","Normal Scan",0,"ON",1,1,1,738.4,5,20.6,98.2,42.3,6.87095e-08,1.82097e-05,4.97,8954.6,8.8,736.5,1,"Up Scan","Positive",254,0,4.37,1.6,8,8,0,1,1,27.127,33.715,26.464,35.227,1.908,12017.9,39,21.2,NA,0,0,0,0,0,0,0,0,0,0,0,0,0,0,0,0,0,0,0,0,0,0,0,0,0,0,0,0,0,0,0,432.018,423.713,386.767,416.547,424.652,388.512,420.431,396.067,397.148,380.848,388.294,367.524,372.359,408.021,474.691,533.078,597.818,634.493,657.107,636.591,566.085,460.467,358.511,238.179,160.837,113.267,81.802,74.912,65.449,61.632,61.922,60.029,65.561,65.47,61.463,61.244,55.021,52.049,43.901,34.503,28.932,23.492,20.047,16.109,12.59,10.092,7.204,6.463,4.411,2.315,1.97,1.877,0.884,0.918,0.624,0.443,0.255,0.105,0.164,0,0,0,0,0,0,0,0,0,0,0,0,0,0,0,0,0,0,0,0,0,0,0,0,0,0,0,0,0,0,0,0,0,0,0,0,3.696,5.602,7.971,9.889,13.801,17.78,20.003,26.005,28.881,33.661,37.072,42.963,46.01,52.248,63.489,81.126,99.079,119.704,136.419,150.458,155.357,147.056,127.148,105.59,75.08,54.836,42.228,33.89,33.596,32.013,32.028,33.565,33.606,36.319,35.814,33.861,33.392,30.196,28.494,24.061,18.858,15.866,12.744,10.517,8.352,6.565,5.062,3.585,3.177,2.131,1.091,0.897,0.824,0.408,0.383,0.252,0.177,0.1,0.04,0.061,0,0.028,0,0,0,0
2026-08-31 21:13:00,1,"Normal Scan","Normal Scan",0,"ON",1,1,1,738,5,20.1,98.2,42.7,6.85606e-08,1.81857e-05,4.97,8954.6,8.8,736.5,1,"Up Scan","Positive",254,0,4.37,1.6,8,8,0,1,1,27.729,33.668,26.679,35.227,1.892,12130.9,39,21.1,NA,0,0,0,0,0,0,0,0,0,0,0,0,0,0,0,0,0,0,0,0,0,0,0,0,0,0,0,0,0,0,0,449.382,409.428,420.844,377.375,406.517,387.428,382.535,370.837,374.085,362.991,364.721,364.602,389.838,421.186,493.547,563.518,624.181,675.839,678.756,656.789,598.984,503.223,371.495,255.799,167.757,107.357,80.101,69.773,60.158,61.091,62.045,63.666,66.872,65.63,65.556,57.908,51.644,47.951,37.447,32.638,26.022,22.384,19.22,13.027,11.946,10.533,8.079,5.164,3.891,3.007,2.076,1.877,0.874,0.139,0.333,0.493,0.103,0.158,0.055,0.056,0,0,0,0,0,0,0,0,0,0,0,0,0,0,0,0,0,0,0,0,0,0,0,0,0,0,0,0,0,0,0,0,0,0,0,3.736,5.849,7.711,10.731,12.517,17.018,19.946,23.669,27.102,31.757,35.411,40.505,45.69,54.826,65.676,84.316,104.806,125.252,145.225,155.626,160.37,155.326,138.747,109.192,80.311,57.017,40.309,33.458,31.862,30.197,31.713,33.036,34.284,35.96,35.315,35.076,31.71,28.541,25.837,20.889,18.275,14.317,12.083,10.078,7.006,6.221,5.23,3.809,2.508,1.884,1.402,0.934,0.833,0.437,0.057,0.136,0.197,0.04,0.06,0.02,0.019,0.056,0,0,0,0
2026-08-31 21:18:00,1,"Normal Scan","Normal Scan",0,"ON",1,1,1,738.4,5,20.6,98.2,42.4,6.87095e-08,1.82097e-05,4.97,8954.6,8.8,736.5,1,"Up Scan","Positive",254,0,4.37,1.6,8,8,0,1,1,28.126,34.162,27.088,35.227,1.894,12656.9,39,21.2,NA,0,0,0,0,0,0,0,0,0,0,0,0,0,0,0,0,0,0,0,0,0,0,0,0,0,0,0,0,0,0,0,436.839,418.451,412.931,386.131,395.021,409.32,394.83,395.64,391.743,386.841,386.308,381.868,397.706,430.375,502.14,571.054,628.449,688.271,714.845,695.882,646.169,528.912,402.94,287.182,194.022,131.414,96.527,79.288,68.797,70.993,69.87,68.174,72.961,74.571,68.156,60.784,51.721,49.137,39.573,34.586,27.416,23.066,19.628,16.021,13.375,10.804,6.886,5.222,5.028,2.778,1.787,1.417,0.716,0.739,0.43,0.59,0.154,0.105,0.217,0.056,0,0,0,0,0,0,0,0,0,0,0,0,0,0,0,0,0,0,0,0,0,0,0,0,0,0,0,0,0,0,0,0,0,0,0,4.224,5.652,7.86,10.528,12.802,16.535,21.097,24.423,28.883,33.207,37.69,42.824,47.829,55.823,67.135,85.937,106.444,126.279,148.17,164.239,170.201,167.97,146.116,118.533,90.154,65.944,48.749,39.611,35.869,34.017,36.046,36.464,36.234,38.869,39.62,36.563,33.157,28.706,26.963,22.164,19.066,14.876,12.498,10.463,8.226,6.807,5.286,3.446,2.581,2.372,1.297,0.842,0.632,0.302,0.306,0.175,0.236,0.06,0.04,0.081,0.02,0,0,0,0,0
2026-08-31 21:23:00,1,"Normal Scan","Normal Scan",0,"ON",1,1,1,738,5,20.1,98.2,42.7,6.85606e-08,1.81857e-05,4.97,8954.6,8.8,736.5,1,"Up Scan","Positive",254,0,4.37,1.6,8,8,0,1,1,28.442,34.954,27.502,35.227,1.913,12644.4,39,21.1,NA,0,0,0,0,0,0,0,0,0,0,0,0,0,0,0,0,0,0,0,0,0,0,0,0,0,0,0,0,0,0,0,423.358,406.044,402.62,395.29,388.929,388.678,407.329,383.263,376.377,386.84,365.824,382.921,407.757,449.703,480.213,544.479,626.993,671.952,717.575,712.651,645.928,536.045,410.741,284.128,190.043,122.228,85.733,74.462,74.195,82.05,85.693,84.858,82.671,79.468,74.771,65.391,62.311,53.3,45.966,38.288,31.408,25.077,20.9,18.001,13.397,10.363,7.527,6.311,4.272,3.089,1.633,1.941,0.89,1.016,0.527,0.247,0.459,0.157,0.162,0,0,0,0,0,0,0,0,0,0,0,0,0,0,0,0,0,0,0,0,0,0,0,0,0,0,0,0,0,0,0,0,0,0,0,0,3.591,5.516,7.626,10.304,13.129,16.314,20.053,25.225,28.024,31.945,37.652,40.617,47.978,57.201,70.022,82.439,101.758,126.171,144.921,164.812,174.128,167.701,147.827,120.684,89.77,65.381,46.945,36.809,35.2,36.79,40.793,43.941,44.285,44.098,42.564,40.268,35.647,33.85,29.372,25.102,20.855,17.012,13.637,11.006,9.159,6.936,5.183,3.816,3.018,2.039,1.49,0.775,0.837,0.377,0.421,0.213,0.098,0.179,0.06,0.061,0,0,0,0,0,0
2026-08-31 21:28:00,1,"Normal Scan","Normal Scan",0,"ON",1,1,1,738.5,5,20.7,98.2,42.5,6.87393e-08,1.82145e-05,4.97,8954.6,8.8,736.5,1,"Up Scan","Positive",254,0,4.37,1.6,8,8,0,1,1,28.427,34.641,27.622,35.227,1.882,12728.6,39,21.2,NA,0,0,0,0,0,0,0,0,0,0,0,0,0,0,0,0,0,0,0,0,0,0,0,0,0,0,0,0,0,0,0,379.861,379.781,369.064,387.322,380.002,399.245,367.9,393.781,383.887,383.405,383.87,416.059,426.092,476.947,538.963,594.411,636.683,679.425,711.187,694.672,634.866,549.03,421.628,297.843,206.126,135.564,105.179,91.269,80.503,78.731,75.714,75.751,75.35,76.226,69.347,61.063,58.089,45.401,39.658,34.217,27.11,23.698,18.547,17.223,12.096,10.408,6.398,6.164,3.654,2.87,1.974,1.427,0.771,0.681,0.442,0.246,0.355,0.105,0.272,0.056,0,0,0,0,0,0,0,0,0,0,0,0,0,0,0,0,0,0,0,0,0,0,0,0,0,0,0,0,0,0,0,0,0,0,0,3.571,4.954,7.109,9.418,12.853,15.893,20.55,22.809,28.797,32.613,37.418,42.662,52.017,59.637,74.043,91.923,110.505,128.058,146.524,163.611,170.188,165.15,151.874,124.323,93.965,70.112,50.702,42.925,40.374,38.755,38.944,39.138,39.517,39.592,40.294,36.986,33.359,31.285,25.553,21.867,18.622,14.884,12.707,9.811,8.902,6.234,5.146,3.22,2.952,1.79,1.341,0.925,0.65,0.377,0.282,0.18,0.098,0.139,0.04,0.102,0.02,0.042,0,0,0,0
2026-08-31 21:33:00,1,"Normal Scan","Normal Scan",0,"ON",1,1,1,737.9,5,20,98.2,42.8,6.85308e-08,1.81809e-05,4.97,8954.6,8.8,736.5,1,"Up Scan","Positive",254,0,4.37,1.6,8,8,0,1,1,28.371,33.993,27.326,35.227,1.862,12175.9,39,21,NA,0,0,0,0,0,0,0,0,0,0,0,0,0,0,0,0,0,0,0,0,0,0,0,0,0,0,0,0,0,0,0,346.487,347.986,355.17,368.969,382.954,377.886,400.999,409.956,401.459,386.233,371.686,365.408,381.036,436.664,491.286,556.586,610.382,655.225,681.71,679.803,636.842,543.281,419.546,295.309,192.393,121.301,92.825,75.017,70.438,66.191,67.46,70.497,69.755,65.973,58.372,56.363,48.6,41.035,33.14,29.601,22.864,20.567,16.479,13.516,10.577,8.211,6.097,4.241,3.122,1.794,1.445,1.466,1.211,0.689,0.667,0.541,0.205,0.316,0.054,0.046,0,0,0,0,0,0,0,0,0,0,0,0,0,0,0,0,0,0,0,0,0,0,0,0,0,0,0,0,0,0,0,0,0,0,0,3.154,4.508,6.544,9.107,12.276,16.041,19.519,24.897,29.955,34.14,37.621,41.226,45.809,53.597,67.948,84.117,103.826,123.004,141.488,156.972,166.395,165.35,150,123.19,92.695,65.096,45.34,38.138,33.934,33.59,33.24,34.591,36.334,35.994,34.966,31.229,30.401,26.43,22.545,18.351,16.139,12.487,10.92,8.647,6.976,5.481,4.298,3.066,2.144,1.521,0.891,0.688,0.632,0.528,0.287,0.272,0.216,0.08,0.121,0.02,0.019,0,0,0,0,0
2026-08-31 21:38:00,1,"Normal Scan","Normal Scan",0,"ON",1,1,1,738.4,5,20.6,98.2,42.5,6.87095e-08,1.82097e-05,4.97,8954.6,8.8,736.5,1,"Up Scan","Positive",254,0,4.37,1.6,8,8,0,1,1,28.515,34.201,27.614,35.227,1.847,11668.8,39,21.2,NA,0,0,0,0,0,0,0,0,0,0,0,0,0,0,0,0,0,0,0,0,0,0,0,0,0,0,0,0,0,0,0,328.042,307.044,327.764,333.851,329.438,318.075,352.608,355.365,358.761,366.84,370.967,403.15,410.538,464.764,497.998,567.834,627.411,651.188,674.518,647.68,591.876,512.855,395.854,269.43,173.839,114.742,88.189,69.946,64.614,63.884,66.571,62.585,63.887,67.055,58.701,51.767,47.279,39.979,31.158,26.019,23.062,19.725,15.72,12.88,11.423,8.398,6.305,4.622,4.038,2.673,1.189,1.555,0.678,0.738,0.668,0.347,0.372,0.143,0.164,0.056,0,0,0,0,0,0,0,0,0,0,0,0,0,0,0,0,0,0,0,0,0,0,0,0,0,0,0,0,0,0,0,0,0,0,0,2.511,4.257,5.801,8.336,11.122,13.745,16.403,21.845,26.004,30.504,35.778,41.173,50.407,57.478,72.086,84.996,105.478,125.911,140.357,154.873,158.234,153.755,141.541,116.099,84.621,59.161,42.808,36.214,31.534,31.523,31.843,33.913,32.828,33.402,34.635,31.372,28.193,25.685,21.917,17.829,14.451,12.74,10.559,8.668,6.578,5.919,4.215,3.157,2.32,1.961,1.297,0.547,0.708,0.321,0.306,0.272,0.138,0.145,0.055,0.061,0.02,0.028,0,0,0,0
2026-08-31 21:43:00,1,"Normal Scan","Normal Scan",0,"ON",1,1,1,738,5,20.1,98.2,42.9,6.85606e-08,1.81857e-05,4.97,8954.6,8.8,736.5,1,"Up Scan","Positive",254,0,4.37,1.6,8,8,0,1,1,27.866,33.366,26.929,35.227,1.849,11283.4,40,21,NA,0,0,0,0,0,0,0,0,0,0,0,0,0,0,0,0,0,0,0,0,0,0,0,0,0,0,0,0,0,0,0,325.974,329.016,358.666,341.612,362.001,355.601,346.216,374.401,351.183,355.851,372.59,376.636,386.684,421.809,467.26,511.722,579.291,605.832,641.941,633.298,577.873,476.247,361.361,253.375,169.701,114.526,84.486,68.681,64.878,60.868,55.819,58.67,56.585,55.539,49.648,44.333,41.786,34.846,27.738,24.34,19.542,16.83,14.952,13.224,10.303,8.688,5.378,4.549,3.304,2.264,1.522,1.397,0.591,0.553,0.428,0.544,0.051,0.053,0.273,0.046,0,0,0,0,0,0,0,0,0,0,0,0,0,0,0,0,0,0,0,0,0,0,0,0,0,0,0,0,0,0,0,0,0,0,0,2.908,4.244,6.205,9.136,11.372,15.166,18.318,21.503,27.348,29.835,34.667,41.245,47.093,54.168,65.571,79.947,95.386,116.304,130.513,147.41,154.864,150.208,131.539,106.265,79.651,57.518,42.172,34.268,30.512,30.369,29.571,28.895,30.334,29.63,29.324,26.678,24.221,23.077,19.711,15.651,13.662,10.909,9.185,7.937,6.827,5.335,4.272,2.689,2.251,1.614,1.04,0.72,0.632,0.283,0.23,0.175,0.216,0.02,0.02,0.102,0.019,0.014,0,0,0,0
2026-08-31 21:48:00,1,"Normal Scan","Normal Scan",0,"ON",1,1,1,738.4,5,20.6,98.2,42.6,6.87095e-08,1.82097e-05,4.97,8954.6,8.8,736.5,1,"Up Scan","Positive",254,0,4.37,1.6,8,8,0,1,1,28.47,35.993,28.409,32.781,1.907,12659.1,40,21.2,NA,0,0,0,0,0,0,0,0,0,0,0,0,0,0,0,0,0,0,0,0,0,0,0,0,0,0,0,0,0,0,0,384.103,313.543,328.494,314.401,338.969,357.456,381.914,389.825,406.525,426.732,436.451,445.438,467.663,503.045,529.97,584.131,625.765,665.576,665.096,648.207,598.192,496.626,381.18,284.814,201,150.435,118.504,101.222,92.246,94.576,97.146,96.258,99.902,93.421,95.189,87.033,73.739,63.107,49.833,38.555,28.023,23.177,18.173,14.259,11.963,9.644,8.99,6.11,4.289,3.026,1.58,1.198,0.668,0.415,0.094,0.444,0.204,0.212,0.325,0.056,0,0,0,0,0,0,0,0,0,0,0,0,0,0,0,0,0,0,0,0,0,0,0,0,0,0,0,0,0,0,0,0,0,0,0,2.958,5.041,5.901,8.382,10.456,14.242,18.444,23.672,28.529,34.498,41.583,48.338,55.525,65.231,77.758,90.207,108.374,125.418,143.185,153.104,159.017,156.154,138.224,113.181,90.672,69.641,57.136,49.501,46.273,45.571,48.398,50.162,50.342,51.834,48.678,48.542,44.802,38.57,33.062,26.479,20.919,15.674,12.411,9.701,7.355,6.046,4.734,4.367,2.857,2.038,1.405,0.823,0.539,0.283,0.172,0.039,0.177,0.08,0.081,0.122,0.02,0,0,0,0,0
2026-08-31 21:53:00,1,"Normal Scan","Normal Scan",0,"ON",1,1,1,738,5,20.1,98.2,43.1,6.85606e-08,1.81857e-05,4.97,8954.6,8.8,736.5,1,"Up Scan","Positive",254,0,4.37,1.6,8,8,0,1,1,27.508,33.708,27.168,37.855,1.842,11751.7,40,21,NA,0,0,0,0,0,0,0,0,0,0,0,0,0,0,0,0,0,0,0,0,0,0,0,0,0,0,0,0,0,0,0,315.84,333.799,318.101,302.626,338.544,342.7,360.017,364.021,408.397,412.595,418.929,437.122,458.459,498.64,536.536,571.435,602.139,629.02,630.71,637.144,576.863,477.549,354.134,261.102,173.504,114.684,79.517,54.796,54.551,57.817,62.869,63.787,62.562,61.003,58.098,50.203,45.301,40.893,33.064,27.778,23.673,22.197,19.156,15.085,12.777,9.189,7.41,4.185,3.464,2.445,1.672,0.869,1.122,0.736,0.334,0.196,0.203,0.104,0,0.056,0,0,0,0,0,0,0,0,0,0,0,0,0,0,0,0,0,0,0,0,0,0,0,0,0,0,0,0,0,0,0,0,0,0,0,2.792,4.083,6.281,8.188,10.069,14.171,17.725,22.362,26.644,34.71,40.261,46.458,54.533,63.906,76.956,91.226,106.016,120.717,135.243,145.032,155.783,149.843,131.673,103.718,81.703,58.726,42.74,32.991,25.99,27.392,29.457,32.152,33.549,32.957,32.814,31.277,28.068,25.64,22.868,18.785,15.666,12.897,11.764,9.988,7.677,6.354,4.671,3.633,2.025,1.666,1.135,0.732,0.39,0.509,0.306,0.136,0.079,0.08,0.04,0,0.019,0.028,0,0,0,0
2026-08-31 21:58:00,1,"Normal Scan","Normal Scan",0,"ON",1,1,1,738.4,5,20.6,98.2,42.7,6.87095e-08,1.82097e-05,4.97,8954.6,8.8,736.5,1,"Up Scan","Positive",254,0,4.37,1.6,8,8,0,1,1,27.367,32.191,26.496,35.227,1.794,10058.1,40,21.1,NA,0,0,0,0,0,0,0,0,0,0,0,0,0,0,0,0,0,0,0,0,0,0,0,0,0,0,0,0,0,0,0,314.963,267.916,272.973,272.102,283.745,302.774,294.457,322.109,330.343,361.492,349.458,377.521,391.047,428.403,468.323,520.784,557.592,578.709,579.896,563.308,497.157,402.375,297.167,196.336,128.001,83.121,60.32,51.027,49,42.953,41.944,43.337,42.19,42.355,36.385,32.813,29.64,23.883,21.101,17.88,15.111,14.182,10.646,10.041,8.221,6.667,5.377,4.059,2.135,1.492,0.745,0.589,0.333,0.46,0.288,0.149,0.309,0.21,0.165,0.056,0,0,0,0,0,0,0,0,0,0,0,0,0,0,0,0,0,0,0,0,0,0,0,0,0,0,0,0,0,0,0,0,0,0,0,2.388,4.12,5.066,6.977,9.037,11.875,15.689,18.29,23.529,28.06,35.241,38.797,47.152,54.617,66.27,79.636,96.373,111.287,124.055,132.575,137.208,128.691,110.74,87.187,61.611,43.243,30.696,24.52,22.676,22.778,21.238,21.379,22.192,22.177,22.143,19.778,18.334,16.401,13.734,12.204,10.162,8.48,7.608,5.658,5.039,4.1,3.329,2.625,1.965,1.053,0.803,0.346,0.299,0.189,0.191,0.116,0.059,0.119,0.081,0.061,0.02,0.042,0,0,0,0
2026-08-31 22:03:00,1,"Normal Scan","Normal Scan",0,"ON",1,1,1,737.9,5,20,98.2,43.1,6.85308e-08,1.81809e-05,4.97,8954.6,8.8,736.5,1,"Up Scan","Positive",254,0,4.37,1.6,8,8,0,1,1,28.155,32.365,26.917,35.227,1.772,9395.69,40,21,NA,0,0,0,0,0,0,0,0,0,0,0,0,0,0,0,0,0,0,0,0,0,0,0,0,0,0,0,0,0,0,0,266.205,218.593,249.935,251.48,263.8,256.093,264.369,289.996,300.567,296.099,316.339,331.596,358.513,390.92,455.514,510.077,549.847,570.137,574.614,553.482,487.561,395.754,295.042,203.539,133.035,84.887,57.899,43.304,38.8,35.315,34.594,34.548,36.843,35.352,33.09,28.996,23.305,21.502,17.078,14.571,12.7,11.452,10.243,9.309,7.912,6.087,4.342,3.112,2.284,1.49,1.027,0.379,0.848,0.557,0.24,0.148,0.204,0,0.055,0.113,0,0,0,0,0,0,0,0,0,0,0,0,0,0,0,0,0,0,0,0,0,0,0,0,0,0,0,0,0,0,0,0,0,0,0,2.034,3.473,4.108,6.375,8.343,11.09,13.293,16.396,21.257,25.547,28.998,35.206,41.626,50.249,60.663,77.526,94.449,109.86,122.285,131.629,134.995,126.352,108.867,86.269,63.348,44.376,30.751,23.245,19.196,18.384,17.73,17.61,18.061,19.147,18.59,17.779,16.002,13.37,12.495,10.085,8.514,7.078,6.309,5.411,4.767,3.93,3.102,2.18,1.518,1.1,0.685,0.459,0.203,0.359,0.23,0.097,0.059,0.08,0,0.02,0.039,0,0,0,0,0
2026-08-31 22:08:00,1,"Normal Scan","Normal Scan",0,"ON",1,1,1,738.4,5,20.6,98.2,42.7,6.87095e-08,1.82097e-05,4.97,8954.6,8.8,736.5,1,"Up Scan","Positive",254,0,4.37,1.6,8,8,0,1,1,27.493,32.021,26.6,32.781,1.768,9738.93,39,21.1,NA,0,0,0,0,0,0,0,0,0,0,0,0,0,0,0,0,0,0,0,0,0,0,0,0,0,0,0,0,0,0,0,263.637,259.91,256.22,255.154,253.275,254.537,280.635,314.58,333.033,350.654,358.756,354.29,390.843,441.832,478.538,528.526,541.009,571.603,566.05,543.392,485.557,398.565,306.899,205.758,132.673,88.587,58.941,42.708,37.355,36.49,36.887,33.436,34.246,31.952,29.326,24.113,22.375,20.85,18.695,15.467,14.563,12.956,12.349,9.981,8.892,6.74,4.271,3.5,2.5,1.573,1.093,0.883,0.302,0.555,0.382,0.296,0.102,0.373,0.272,0,0,0,0,0,0,0,0,0,0,0,0,0,0,0,0,0,0,0,0,0,0,0,0,0,0,0,0,0,0,0,0,0,0,0,0,2.106,3.436,4.846,6.519,8.488,10.599,13.214,17.428,22.99,28.357,34.212,39.793,44.254,54.603,68.164,81.237,97.596,108.063,122.658,129.608,132.517,125.891,109.646,89.604,63.894,44.429,31.92,23.308,18.797,17.638,17.619,18.249,17.566,18.241,17.445,16.537,14.171,13.413,12.297,11.179,8.904,8.134,7.117,6.47,5.191,4.511,3.287,2.245,1.727,1.255,0.739,0.622,0.397,0.182,0.23,0.155,0.118,0.04,0.141,0.102,0,0.056,0,0,0,0
2026-08-31 22:13:00,1,"Normal Scan","Normal Scan",0,"ON",1,1,1,738,5,20.1,98.2,43,6.85606e-08,1.81857e-05,4.97,8954.6,8.8,736.5,1,"Up Scan","Positive",254,0,4.37,1.6,8,8,0,1,1,28.446,32.681,27.069,32.781,1.777,10484.7,39,21,NA,0,0,0,0,0,0,0,0,0,0,0,0,0,0,0,0,0,0,0,0,0,0,0,0,0,0,0,0,0,0,0,300.495,260.666,282.893,274.271,262.419,271.077,307.77,295.211,325.311,344.878,343.136,353.958,384.346,432.796,510.114,573.765,621.264,676.439,665.87,623.116,546.803,450.173,330.565,224.261,149.93,88.26,62.925,44.562,39.934,36.657,36.053,39.448,39.219,38.29,34.214,31.173,29.164,25.116,22.209,18.943,15.46,14.765,11.417,10.062,8.464,6.074,5.101,3.873,2.687,1.257,1.86,1.048,1.229,0.694,0.619,0.542,0.563,0.42,0.64,0.278,0,0,0,0,0,0,0,0,0,0,0,0,0,0,0,0,0,0,0,0,0,0,0,0,0,0,0,0,0,0,0,0,0,0,0,2.761,3.92,4.911,7.237,9.141,11.029,13.998,19.052,21.61,27.664,33.76,38.13,44.419,54.055,67.35,86.837,106.235,124.121,144.858,152.257,151.937,141.54,123.697,96.468,69.694,49.802,32.061,25.205,20.031,19.268,18.502,18.954,20.847,20.948,20.755,18.888,17.671,16.34,14.421,12.737,10.651,8.836,8.104,6.197,5.458,4.477,3.373,2.672,2.095,1.386,0.771,0.915,0.612,0.587,0.287,0.252,0.216,0.219,0.161,0.238,0.103,0.028,0,0,0,0
2026-08-31 22:18:00,1,"Normal Scan","Normal Scan",0,"ON",1,1,1,738.4,5,20.6,98.2,42.6,6.87095e-08,1.82097e-05,4.97,8954.6,8.8,736.5,1,"Up Scan","Positive",254,0,4.37,1.6,8,8,0,1,1,26.719,30.496,25.816,32.781,1.719,13369.9,39,21.1,NA,0,0,0,0,0,0,0,0,0,0,0,0,0,0,0,0,0,0,0,0,0,0,0,0,0,0,0,0,0,0,0,385.277,339.229,357.354,379.602,356.048,348.141,376.955,397.975,436.933,464.841,506.916,579.136,625.068,676.075,710.297,750.952,794.791,807.933,802.125,717.46,628.866,499.495,368.413,255.444,167.908,100.306,62.823,44.932,38.934,34.417,32.505,34.127,36.403,32.446,30.763,27.753,25.033,20.698,16.587,15.14,13.618,12.981,11.808,9.33,8.507,7.439,4.482,3.771,3.026,2.301,1.397,1.32,0.714,0.691,0.762,0.595,0.409,0.368,0.163,0.159,0,0,0,0,0,0,0,0,0,0,0,0,0,0,0,0,0,0,0,0,0,0,0,0,0,0,0,0,0,0,0,0,0,0,0,3.686,5.042,6.348,9.105,12.637,14.92,17.982,23.373,29.214,37.246,45.479,56.251,72.219,86.99,104.113,119.931,138.222,157.992,172.564,183.146,174.697,162.683,137.038,107.254,79.055,55.356,35.669,24.831,19.763,18.254,17.137,16.835,17.876,19.008,17.5,16.931,15.93,14.512,12.209,10.218,9.131,7.847,7.259,6.555,5.02,4.522,3.835,2.362,1.936,1.578,1.188,0.676,0.603,0.352,0.287,0.31,0.236,0.159,0.141,0.061,0.059,0.028,0,0,0,0
2026-08-31 22:23:00,1,"Normal Scan","Normal Scan",0,"ON",1,1,1,737.9,5,20,98.2,43,6.85308e-08,1.81809e-05,4.97,8954.6,8.8,736.5,1,"Up Scan","Positive",254,0,4.37,1.6,8,8,0,1,1,27.898,31.486,26.705,32.781,1.724,11844.8,40,21,NA,0,0,0,0,0,0,0,0,0,0,0,0,0,0,0,0,0,0,0,0,0,0,0,0,0,0,0,0,0,0,0,318.406,311.438,297.583,293.13,285.725,294.544,310.318,310.322,335.698,379.546,402.377,448.052,527.057,595.005,645.684,690.443,731.436,752.758,724.629,681.016,598.463,486.947,360.44,255.2,169.012,102.212,69.54,48.441,41.448,35.59,35.581,35.153,33.471,31.54,29.623,26.007,24.541,19.391,17.342,14.574,13.528,11.304,10.139,9.608,8.323,6.857,4.502,3.891,2.233,1.736,0.962,0.383,0.183,0.462,0.334,0.197,0.102,0.053,0.11,0.163,0,0,0,0,0,0,0,0,0,0,0,0,0,0,0,0,0,0,0,0,0,0,0,0,0,0,0,0,0,0,0,0,0,0,0,2.771,4.157,5.891,7.626,9.761,12.005,15.258,19.263,22.801,28.687,37.289,44.845,56.167,73.643,91.724,109.312,127.299,145.724,161.097,165.869,166.174,154.993,133.913,105.125,79.069,55.846,36.549,27.102,20.76,19.082,17.453,17.988,18.098,17.696,17.017,16.388,14.725,13.957,11.593,10.318,8.685,7.637,6.209,5.427,4.952,4.083,3.295,2.233,1.941,1.095,0.779,0.454,0.223,0.132,0.191,0.136,0.079,0.04,0.02,0.041,0.058,0.042,0,0,0,0
2026-08-31 22:28:00,1,"Normal Scan","Normal Scan",0,"ON",1,1,1,738.4,5,20.6,98.2,42.7,6.87095e-08,1.82097e-05,4.97,8954.6,8.8,736.5,1,"Up Scan","Positive",254,0,4.37,1.6,8,8,0,1,1,27.718,31.219,26.421,32.781,1.733,12192.4,40,21.1,NA,0,0,0,0,0,0,0,0,0,0,0,0,0,0,0,0,0,0,0,0,0,0,0,0,0,0,0,0,0,0,0,424.624,338.787,318.117,308.068,299.163,280.852,301.488,309.211,337.749,367.324,413.822,480.723,536.346,598.337,671.806,710.798,743.915,770.858,731.598,692.417,605.281,498.956,372.849,263.913,174.678,105.564,68.906,50.773,40.128,37.216,33.847,34.75,33.161,31.071,28.662,25.13,22.817,21.006,17.222,14.622,12.402,11.23,11.529,10.311,8.368,5.487,5.703,3.779,2.114,1.359,0.918,0.861,0.588,0.37,0.379,0.197,0.204,0,0,0.047,0,0,0,0,0,0,0,0,0,0,0,0,0,0,0,0,0,0,0,0,0,0,0,0,0,0,0,0,0,0,0,0,0,0,0,3.603,5.527,6.391,8.081,10.215,12.529,14.491,18.701,22.667,28.841,36.031,46.106,60.106,74.84,92.235,113.602,130.941,148.159,164.913,167.531,168.931,156.744,137.124,108.71,81.641,57.664,37.573,26.828,21.532,18.512,17.958,17.124,17.99,17.656,16.86,15.758,14.273,13.505,12.471,10.18,8.501,7.373,6.268,5.954,5.198,4.216,2.747,2.794,1.821,1.018,0.63,0.403,0.372,0.264,0.153,0.155,0.079,0.08,0,0,0.02,0,0,0,0,0
2026-08-31 22:33:00,1,"Normal Scan","Normal Scan",0,"ON",1,1,1,737.9,5,20,98.2,43,6.85308e-08,1.81809e-05,4.97,8954.6,8.8,736.5,1,"Up Scan","Positive",254,0,4.37,1.6,8,8,0,1,1,28.16,31.621,26.782,32.781,1.736,11328.1,40,21,NA,0,0,0,0,0,0,0,0,0,0,0,0,0,0,0,0,0,0,0,0,0,0,0,0,0,0,0,0,0,0,0,348.983,312.044,314.441,289.327,275.815,276.43,261.099,283.19,287.076,334.448,376.116,420.657,489.628,545.762,608.009,649.743,685.452,694.341,689.42,661.411,590.896,484.38,374.033,273.034,180.256,113.065,70.935,48.567,37.224,33.215,32.589,31.36,31.178,31.793,27.374,25.156,22.678,17.895,15.988,14.453,11.217,11.486,9.747,9.221,7.433,5.581,4.369,2.919,2.138,1.569,0.918,0.644,0.431,0.416,0.286,0.05,0.154,0,0.054,0,0,0,0,0,0,0,0,0,0,0,0,0,0,0,0,0,0,0,0,0,0,0,0,0,0,0,0,0,0,0,0,0,0,0,0,3.208,4.493,5.869,8.03,9.634,11.553,14.283,16.221,20.797,24.549,32.814,41.902,52.78,68.356,84.269,102.993,120.077,136.854,149.126,158.284,161.702,153.307,133.325,109.015,84.323,59.208,39.957,27.345,20.618,17.322,16.355,16.604,16.295,16.381,16.989,15.099,14.173,12.922,10.878,9.395,8.238,6.538,6.185,5.141,4.747,3.71,2.785,2.147,1.407,1.018,0.743,0.417,0.279,0.226,0.172,0.116,0.02,0.06,0,0.02,0,0.042,0,0,0,0
2026-08-31 22:38:00,1,"Normal Scan","Normal Scan",0,"ON",1,1,1,738.4,5,20.6,98.2,42.7,6.87095e-08,1.82097e-05,4.97,8954.6,8.8,736.5,1,"Up Scan","Positive",254,0,4.37,1.6,8,8,0,1,1,27.266,30.473,26.333,32.781,1.669,13757.8,40,21.1,NA,0,0,0,0,0,0,0,0,0,0,0,0,0,0,0,0,0,0,0,0,0,0,0,0,0,0,0,0,0,0,0,307.358,291.169,287.521,309.227,306.499,334.804,370.97,409.919,463.533,486.42,564.762,617.209,681.456,719.47,784.561,855.337,879.471,891.966,832.947,762.204,646.571,516.442,398.395,266.089,174.246,105.932,65.985,44.5,37.937,33.068,29.157,32.388,34.453,28.786,28.058,21.075,19.706,18.716,15.008,13.248,11.154,11.159,9.802,8.691,8.368,6.942,4.655,3.888,2.051,1.631,0.767,0.78,0.448,0.323,0.238,0.098,0.153,0.105,0,0,0,0,0,0,0,0,0,0,0,0,0,0,0,0,0,0,0,0,0,0,0,0,0,0,0,0,0,0,0,0,0,0,0,0,0,2.927,3.996,5.467,7.348,10.319,12.864,17.389,23.114,30.081,39.518,47.582,62.711,77.071,94.865,110.665,132.317,156.964,174.43,190.385,190.094,185.529,167.258,141.774,115.86,82.164,57.231,37.508,25.636,19.167,17.421,16.171,14.773,16.565,17.713,15.494,15.343,12.408,11.71,11.11,9.192,8.022,6.616,6.182,5.154,4.427,4.18,3.409,2.264,1.831,0.975,0.774,0.348,0.334,0.207,0.134,0.097,0.039,0.06,0.04,0,0,0.014,0,0,0,0
2026-08-31 22:43:00,1,"Normal Scan","Normal Scan",0,"ON",1,1,1,737.9,5,20,98.2,43,6.85308e-08,1.81809e-05,4.97,8954.6,8.8,736.5,1,"Up Scan","Positive",254,0,4.37,1.6,8,8,0,1,1,27.767,31.023,26.546,32.781,1.699,12500.3,40,20.9,NA,0,0,0,0,0,0,0,0,0,0,0,0,0,0,0,0,0,0,0,0,0,0,0,0,0,0,0,0,0,0,0,314.202,281.728,324.89,296.261,298.474,313.994,328.25,353.031,373.818,397.984,451.567,498.918,555.899,629.995,696.303,754.809,795.734,802.015,784.277,715.084,620.038,502.111,380.202,263.879,166.215,105.29,63.481,45.937,36.555,32.357,32.659,31.957,28.321,29.941,26.743,26.094,22.062,17.328,16.128,13.718,12.47,10.807,10.202,9.053,7.455,5.678,5.493,3.822,1.904,1.777,0.778,0.74,0.892,0.185,0.333,0.098,0.154,0.158,0.055,0,0,0,0,0,0,0,0,0,0,0,0,0,0,0,0,0,0,0,0,0,0,0,0,0,0,0,0,0,0,0,0,0,0,0,0,2.679,4.095,5.271,8.325,9.877,12.551,16.266,20.383,25.878,31.932,39.032,50.25,62.541,77.658,97.237,117.774,138.964,158.191,171.505,179.292,174.232,160.58,137.858,110.668,81.494,54.743,37.273,24.829,19.48,16.891,16.101,16.573,16.467,15.304,16.039,14.929,14.545,12.912,10.502,9.617,8.045,7.255,6.045,5.454,4.64,3.725,2.95,2.643,1.832,0.869,0.847,0.366,0.335,0.377,0.077,0.136,0.039,0.06,0.06,0.02,0,0,0,0,0,0
2026-08-31 22:48:00,1,"Normal Scan","Normal Scan",0,"ON",1,1,1,738.3,5,20.5,98.2,42.7,6.86797e-08,1.82049e-05,4.97,8954.6,8.8,736.5,1,"Up Scan","Positive",254,0,4.37,1.6,8,8,0,1,1,27.149,30.625,26.186,30.505,1.698,12088.3,40,21.1,NA,0,0,0,0,0,0,0,0,0,0,0,0,0,0,0,0,0,0,0,0,0,0,0,0,0,0,0,0,0,0,0,307.125,270.465,303.446,289.309,310.235,315.236,337.288,354.82,379.956,419.424,470.05,504.065,544.792,647,681.618,742.341,770.957,735.712,693.921,654.395,561.616,458.706,350.213,250.138,157.894,100.453,64.824,47.924,34.903,31.178,29.077,27.992,29.762,26.404,24.792,22.718,21.097,18.138,15.406,13.731,10.614,11.324,9.833,9.089,7.469,5.642,4.913,3.39,2.433,1.466,1.046,0.345,0.578,0.368,0.238,0.099,0.102,0.104,0,0.112,0,0,0,0,0,0,0,0,0,0,0,0,0,0,0,0,0,0,0,0,0,0,0,0,0,0,0,0,0,0,0,0,0,0,0,2.678,4.02,5.093,7.781,9.611,12.997,16.325,21.011,26.004,32.418,41.023,52.245,63.036,75.887,99.315,115,136.252,153.049,157.284,158.875,159.534,145.522,126.106,102.101,77.218,51.956,35.521,24.946,20.196,16.005,15.293,14.904,14.813,15.762,14.579,13.737,13.073,12.339,10.864,9.168,8.031,6.308,6.26,5.251,4.611,3.681,2.829,2.388,1.622,1.135,0.703,0.458,0.167,0.245,0.153,0.097,0.039,0.04,0.04,0,0.039,0,0,0,0,0
2026-08-31 22:53:00,1,"Normal Scan","Normal Scan",0,"ON",1,1,1,737.9,5,20,98.2,43.1,6.85308e-08,1.81809e-05,4.97,8954.6,8.8,736.5,1,"Up Scan","Positive",254,0,4.37,1.6,8,8,0,1,1,27.355,30.67,25.991,35.227,1.726,11085.6,40,20.9,NA,0,0,0,0,0,0,0,0,0,0,0,0,0,0,0,0,0,0,0,0,0,0,0,0,0,0,0,0,0,0,0,298.585,315.111,334.003,319.753,318.856,298.892,311.429,316.113,312.294,349.158,394.794,412.13,470.932,522.869,582.185,646.211,676.351,677.828,679.219,620.998,542.8,436.506,333.708,226.846,150.536,96.758,61.027,41.867,31.229,27.446,25.309,24.005,27.841,23.715,22.715,21.728,20.16,17.388,14.95,14.019,11.166,10.251,10.454,8.423,7.506,4.701,4.261,3.64,2.457,1.005,0.798,0.691,0.49,0.555,0.38,0.148,0,0.264,0.108,0,0,0,0,0,0,0,0,0,0,0,0,0,0,0,0,0,0,0,0,0,0,0,0,0,0,0,0,0,0,0,0,0,0,0,0,2.43,3.919,5.908,8.567,10.659,13.322,15.444,19.348,23.158,26.719,34.273,43.938,51.67,65.853,80.814,98.61,118.981,134.599,145.126,155.332,151.445,140.694,120.034,97.16,70.063,49.432,33.991,23.389,17.741,14.388,13.615,13.382,13.131,14.705,13.455,12.911,12.389,11.927,10.454,8.901,7.9,6.548,5.805,5.426,4.334,3.732,2.381,2.197,1.756,1.124,0.505,0.403,0.297,0.208,0.23,0.155,0.059,0,0.101,0.041,0,0,0,0,0,0
2026-08-31 22:58:00,1,"Normal Scan","Normal Scan",0,"ON",1,1,1,738.4,5,20.6,98.2,42.8,6.87095e-08,1.82097e-05,4.97,8954.6,8.8,736.5,1,"Up Scan","Positive",254,0,4.37,1.6,8,8,0,1,1,26.007,29.691,24.999,32.781,1.742,11603.2,39,21.1,NA,0,0,0,0,0,0,0,0,0,0,0,0,0,0,0,0,0,0,0,0,0,0,0,0,0,0,0,0,0,0,0,358.044,356.672,345.724,374.194,397.391,414.75,408.105,398.624,403.63,392.006,393.43,427.893,457.599,521.729,569.027,609.349,643.976,646.989,640.145,593.99,535.79,447.786,332.06,241.237,156.284,98.521,62.062,41.371,32.06,27.378,24.31,27.001,24.97,24.212,21.627,22.334,20.452,15.437,14.931,13.168,11.252,10.202,8.73,8.635,7.855,5.068,4.846,3.097,2.333,1.934,1.126,0.255,0.451,0.6,0.24,0.246,0.051,0,0,0.056,0,0,0,0,0,0,0,0,0,0,0,0,0,0,0,0,0,0,0,0,0,0,0,0,0,0,0,0,0,0,0,0,0,0,0,3.072,4.667,6.73,8.82,12.396,16.721,21.366,25.263,29.132,34.321,38.312,43.67,53.482,63.887,80.465,96.237,112.371,128.44,138.687,146.726,145.039,138.884,123.021,96.645,74.373,51.236,34.601,23.845,17.379,14.73,13.518,12.941,14.053,13.606,13.424,12.45,12.719,11.814,9.562,9.012,7.638,6.536,5.725,4.8,4.473,3.835,2.519,2.385,1.518,1.128,0.865,0.494,0.111,0.207,0.249,0.097,0.098,0.02,0,0,0.02,0.014,0,0,0,0
2026-08-31 23:03:00,1,"Normal Scan","Normal Scan",0,"ON",1,1,1,737.9,5,20,98.2,42.9,6.85308e-08,1.81809e-05,4.97,8954.6,8.8,736.5,1,"Up Scan","Positive",254,0,4.37,1.6,8,8,0,1,1,26.702,29.763,25.587,30.505,1.688,12989.5,39,20.9,NA,0,0,0,0,0,0,0,0,0,0,0,0,0,0,0,0,0,0,0,0,0,0,0,0,0,0,0,0,0,0,0,361.176,360.715,341.566,341.597,327.166,349.496,368.401,372.422,418.698,447.114,487.463,569.001,607.713,670.269,746.456,793.305,804.945,799.357,757.415,687.327,587.92,478.146,365.676,261.333,157.883,102.666,63.611,42.837,32.351,27.339,23.675,22.778,21.17,21.396,20.768,19.623,15.786,15.961,14.392,13.622,11.497,12.828,10.437,8.86,7.174,5.086,4.052,3.479,2.164,1.103,0.751,0.479,0.278,0.276,0.143,0.197,0.102,0,0.055,0,0,0,0,0,0,0,0,0,0,0,0,0,0,0,0,0,0,0,0,0,0,0,0,0,0,0,0,0,0,0,0,0,0,0,0,3.186,4.68,6.788,8.74,11.357,13.73,18.024,22.902,27.346,35.743,43.777,54.235,71.031,84.734,103.08,125.708,145.467,159.743,170.826,173.207,167.477,152.301,131.352,106.313,80.44,51.705,35.927,24.014,17.604,14.587,13.379,12.14,12.267,12.085,12.328,11.99,11.991,9.9,9.724,8.751,7.737,6.594,6.733,5.459,4.483,3.55,2.48,1.965,1.633,1.042,0.509,0.33,0.223,0.132,0.115,0.058,0.079,0.04,0,0.02,0,0.014,0,0,0,0
2026-08-31 23:08:00,1,"Normal Scan","Normal Scan",0,"ON",1,1,1,738.3,5,20.5,98.2,42.8,6.86797e-08,1.82049e-05,4.97,8954.6,8.8,736.5,1,"Up Scan","Positive",254,0,4.37,1.6,8,8,0,1,1,28.733,32.08,27.151,32.781,1.733,9835.08,40,21.1,NA,0,0,0,0,0,0,0,0,0,0,0,0,0,0,0,0,0,0,0,0,0,0,0,0,0,0,0,0,0,0,0,272.713,290.341,245.468,247.089,234.801,233.659,237.174,220.539,238.059,261.986,299.667,341.637,387.293,471.146,547.121,597.221,627.894,654.774,628.933,591.394,517.75,421.692,331.762,236.967,161.194,100.865,64.826,43.248,33.109,26.899,23.514,23.038,24.556,21.902,19.811,18.162,18.911,17.271,15.795,12.551,13.1,11.515,10.238,8.615,7.272,6.789,4.215,3.464,1.889,1.106,1.181,0.521,0.634,0.742,0.381,0.05,0.051,0.105,0.217,0.271,0,0,0,0,0,0,0,0,0,0,0,0,0,0,0,0,0,0,0,0,0,0,0,0,0,0,0,0,0,0,0,0,0,0,0,2.534,3.523,5.442,6.28,8.213,9.85,12.073,14.699,16.178,20.367,25.761,33.488,42.957,54.408,72.883,92.651,110.112,125.128,140.257,144.173,144.484,134.35,116.069,96.703,73.128,52.682,35.25,24.591,17.981,14.892,13.019,12.263,12.764,13.522,12.501,11.868,11.167,11.339,10.407,9.314,7.705,7.276,6.32,5.431,4.497,3.614,3.39,2.228,1.714,0.886,0.532,0.576,0.297,0.302,0.306,0.155,0.02,0.02,0.04,0.081,0.098,0.014,0,0,0,0
2026-08-31 23:13:00,1,"Normal Scan","Normal Scan",0,"ON",1,1,1,738,5,20.1,98.2,42.8,6.85606e-08,1.81857e-05,4.97,8954.6,8.8,736.5,1,"Up Scan","Positive",254,0,4.37,1.6,8,8,0,1,1,28.048,31.584,26.815,32.781,1.717,10175.6,39,21,NA,0,0,0,0,0,0,0,0,0,0,0,0,0,0,0,0,0,0,0,0,0,0,0,0,0,0,0,0,0,0,0,245.555,269.604,242.194,238.662,253.243,251.06,251.404,285.144,302.659,320.081,353.686,379.621,445.006,491.653,568.683,600.298,643.288,652.452,630.999,586.809,513.145,420.633,320.716,231.195,152.411,95.373,61.904,40.865,31.173,27.923,23.747,23.699,21.443,21.141,21.58,17.997,17.689,16.962,15.124,13.834,12.042,12.403,10.885,9.808,7.261,6.3,5.899,3.228,2.622,1.551,1.025,0.636,0.673,0.185,0.048,0.099,0.103,0.052,0.109,0.056,0,0,0,0,0,0,0,0,0,0,0,0,0,0,0,0,0,0,0,0,0,0,0,0,0,0,0,0,0,0,0,0,0,0,0,2.429,3.199,5.109,6.198,7.935,10.657,12.968,15.637,20.936,25.822,31.396,39.383,47.642,62.202,75.931,96.179,110.656,128.103,139.688,144.566,143.297,133.166,115.659,93.468,71.332,49.998,33.475,23.425,16.977,14.156,13.503,12.372,12.826,12.248,12.376,12.532,11.267,11.059,10.408,9.204,8.33,7.062,6.805,5.639,5.027,3.631,3.169,2.792,1.502,1.227,0.735,0.476,0.297,0.302,0.077,0.019,0.039,0.04,0.02,0.041,0.019,0.014,0,0,0,0
2026-08-31 23:18:00,1,"Normal Scan","Normal Scan",0,"ON",1,1,1,738.3,5,20.5,98.2,42.7,6.86797e-08,1.82049e-05,4.97,8954.6,8.8,736.5,1,"Up Scan","Positive",254,0,4.37,1.6,8,8,0,1,1,29.055,32.6,27.694,30.505,1.72,9604.95,39,21.1,NA,0,0,0,0,0,0,0,0,0,0,0,0,0,0,0,0,0,0,0,0,0,0,0,0,0,0,0,0,0,0,0,230.778,235.446,227.782,206.649,209.903,213.111,227.265,226.447,230.293,250.638,303.023,349.754,414.453,468.39,536.187,584.25,636.877,628.452,615.726,581.536,512.99,429.979,328.58,245.299,156.703,106.328,68.482,46.774,34.881,26.698,24.146,25.319,22.27,22.46,19.725,19.982,17.528,15.188,15.832,13.907,12.856,11.468,10.356,9.752,7.462,6.457,6.363,3.946,2.339,1.194,0.732,0.561,0.266,0.414,0.144,0.148,0.356,0.105,0,0,0,0,0,0,0,0,0,0,0,0,0,0,0,0,0,0,0,0,0,0,0,0,0,0,0,0,0,0,0,0,0,0,0,0,0,1.982,3.012,4.417,5.875,6.87,8.796,11.032,14.129,16.622,19.687,24.666,33.816,43.978,57.99,72.388,90.73,107.773,126.894,134.77,141.346,142.124,133.324,118.434,95.868,75.634,51.357,37.125,25.923,19.11,15.54,13.148,12.484,13.429,12.6,12.903,11.902,11.982,10.902,9.72,9.468,8.374,7.603,6.247,5.425,4.871,3.752,3.152,3.036,1.849,1.157,0.604,0.32,0.242,0.113,0.172,0.058,0.059,0.139,0.04,0,0,0,0,0,0,0
2026-08-31 23:23:00,1,"Normal Scan","Normal Scan",0,"ON",1,1,1,738.7,5,21,98.2,42.3,6.88286e-08,1.82289e-05,4.97,8954.6,8.8,736.5,1,"Up Scan","Positive",254,0,4.37,1.6,8,8,0,1,1,29.305,32.676,27.762,32.781,1.726,10019.1,39,21.3,NA,0,0,0,0,0,0,0,0,0,0,0,0,0,0,0,0,0,0,0,0,0,0,0,0,0,0,0,0,0,0,0,278.612,270.772,227.863,230.558,219.637,213.035,210.38,217.073,224.303,251.318,287.422,345.526,413.493,494.388,548.481,619.495,655.116,676.32,657.369,611.814,544.524,440.775,350.213,262.338,179.866,116.388,73.193,50.154,39.687,28.993,25.499,26.194,24.499,23.592,20.443,20.474,19.266,16.901,16.032,13.811,13.432,12.721,9.538,9.466,7.007,5.638,5.065,3.52,2.149,1.335,1.205,0.505,0.715,0.231,0.431,0.148,0,0.158,0.055,0,0,0,0,0,0,0,0,0,0,0,0,0,0,0,0,0,0,0,0,0,0,0,0,0,0,0,0,0,0,0,0,0,0,0,0,2.698,3.622,5.046,5.791,7.661,9.175,11.021,13.051,15.918,19.199,24.733,32.193,43.47,57.987,76.436,93.039,114.215,130.468,144.933,150.863,149.737,141.537,121.437,102.126,81.033,58.727,40.652,27.549,20.568,17.502,13.998,13.318,14.029,13.487,13.448,12.246,12.301,11.455,10.403,9.373,8.116,7.641,6.892,5.035,4.858,3.485,2.848,2.438,1.741,0.994,0.627,0.552,0.223,0.302,0.096,0.175,0.059,0,0.06,0.02,0,0,0,0,0,0
2026-08-31 23:28:00,1,"Normal Scan","Normal Scan",0,"ON",1,1,1,739.4,5,22,98.2,41.9,6.91265e-08,1.82767e-05,4.97,8954.6,8.8,736.5,1,"Up Scan","Positive",254,0,4.37,1.6,8,8,0,1,1,28.987,31.942,27.334,32.781,1.708,11366.6,38,21.7,NA,0,0,0,0,0,0,0,0,0,0,0,0,0,0,0,0,0,0,0,0,0,0,0,0,0,0,0,0,0,0,0,316.933,287.863,294.093,266.491,263.382,242.885,234.839,248.949,260.137,281.775,333.273,403.306,478.816,569.314,641.49,721.831,760.791,785.662,764.69,710.485,604.203,490.255,368.526,267.214,180.246,116.898,74.615,48.958,37.69,29.995,25.878,25.516,23.722,23.175,20.363,21.348,18.81,18.578,14.974,16.055,12.583,11.725,10.865,9.955,8.394,5.477,3.948,2.987,2.273,1.573,0.649,0.654,0.257,0.417,0.382,0.098,0.153,0.159,0,0.056,0,0,0,0,0,0,0,0,0,0,0,0,0,0,0,0,0,0,0,0,0,0,0,0,0,0,0,0,0,0,0,0,0,0,0,2.585,4.083,5.4,7.466,8.838,10.999,12.503,14.563,18.284,22.248,27.768,37.273,50.745,67.101,87.871,108.589,132.735,151.251,167.777,174.759,173.217,156.61,134.749,107.295,82.364,58.886,40.712,27.998,20.133,16.675,14.493,13.441,13.801,13.188,13.415,12.279,12.545,11.345,11.224,9.153,8.983,7.049,6.272,5.739,5.024,4.139,2.656,1.992,1.48,1.062,0.726,0.322,0.297,0.113,0.172,0.155,0.039,0.06,0.06,0,0.02,0.014,0,0,0,0
2026-08-31 23:33:00,1,"Normal Scan","Normal Scan",0,"ON",1,1,1,739.7,5,22.3,98.2,41.5,6.92159e-08,1.82911e-05,4.97,8954.6,8.8,736.5,1,"Up Scan","Positive",254,0,4.37,1.6,8,8,0,1,1,28.72,31.632,27.132,32.781,1.7,11858.9,37,22,NA,0,0,0,0,0,0,0,0,0,0,0,0,0,0,0,0,0,0,0,0,0,0,0,0,0,0,0,0,0,0,0,276.963,305.289,298.599,273.826,274.036,270.881,299.332,288.939,313.338,333.729,380.833,418.334,486.143,558.634,671.518,743.081,790.817,808.421,772.036,715.406,624.404,499.16,388.902,279.414,191.915,121.301,80.097,54.025,36.848,29.706,26.172,24.696,22.355,20.958,20.473,18.985,18.94,17.49,14.732,14.939,14.001,12.41,9.73,9.378,7.434,5.885,4.114,3.096,2.479,1.069,1.008,0.733,0.669,0.367,0.143,0.347,0.307,0.053,0.054,0,0,0,0,0,0,0,0,0,0,0,0,0,0,0,0,0,0,0,0,0,0,0,0,0,0,0,0,0,0,0,0,0,0,0,0,2.533,3.573,5.709,7.613,9.062,11.453,13.961,18.498,21.176,26.712,32.774,42.432,52.566,68.124,86.38,113.562,136.622,157.022,172.715,176.562,174.574,161.906,137.306,113.208,86.007,62.569,42.206,29.847,21.653,16.304,14.249,13.5,13.367,12.571,12.264,12.382,11.666,11.262,10.569,8.858,8.581,7.756,6.695,5.151,4.758,3.782,2.981,2.008,1.461,1.239,0.54,0.457,0.315,0.282,0.153,0.058,0.137,0.119,0.02,0.02,0,0,0,0,0,0
2026-08-31 23:38:00,1,"Normal Scan","Normal Scan",0,"ON",1,1,1,738.7,5,21,98.2,41,6.88286e-08,1.82289e-05,4.97,8954.6,8.8,736.5,1,"Up Scan","Positive",254,0,4.37,1.6,8,8,0,1,1,28.615,31.769,27.347,32.781,1.685,11712.6,37,21.8,NA,0,0,0,0,0,0,0,0,0,0,0,0,0,0,0,0,0,0,0,0,0,0,0,0,0,0,0,0,0,0,0,263.774,254.692,258.611,241.402,258.616,251.232,271.821,300.128,314.849,346.546,397.111,456.734,521.294,594.234,685.811,740.844,782.845,783.05,758.567,695.552,599.189,488.229,383.731,278.902,187.013,124.749,80.206,53.344,37.965,30.71,26.754,23.398,21.845,21.772,20.936,19.57,18.356,17.743,14.889,15.062,11.766,11.147,10.145,9.468,7.097,5.186,4.205,3.65,2.189,1.676,1.014,0.836,0.579,0.371,0.285,0.347,0.204,0.158,0,0.169,0,0,0,0,0,0,0,0,0,0,0,0,0,0,0,0,0,0,0,0,0,0,0,0,0,0,0,0,0,0,0,0,0,0,0,2.274,3.435,4.782,6.601,8.047,10.832,13.013,16.868,22.026,26.942,34.05,44.306,57.277,72.871,91.698,115.802,136.22,155.558,167.517,173.69,169.948,155.594,134.497,111.821,85.954,61.101,43.354,29.712,21.587,16.698,14.667,13.832,12.615,12.407,12.708,12.203,11.679,11.032,10.694,8.974,8.598,6.686,6.253,5.422,4.85,3.667,2.631,2.071,1.78,1.101,0.81,0.457,0.409,0.245,0.153,0.116,0.138,0.08,0.06,0,0.059,0,0,0,0,0
2026-08-31 23:43:00,1,"Normal Scan","Normal Scan",0,"ON",1,1,1,738.5,5,20.7,98.2,40.4,6.87393e-08,1.82145e-05,4.97,8954.6,8.8,736.5,1,"Up Scan","Positive",254,0,4.37,1.6,8,8,0,1,1,29.508,32.858,28.059,32.781,1.709,10528.6,38,21.7,NA,0,0,0,0,0,0,0,0,0,0,0,0,0,0,0,0,0,0,0,0,0,0,0,0,0,0,0,0,0,0,0,232.828,219.72,242.137,224.776,231.889,220.778,240.397,237.717,273.86,289.793,334.098,358.236,417.58,498.86,579.618,642.62,695.215,708.304,703.718,650.546,572.66,477.721,380.334,283.393,192.035,126.428,82.969,56.327,39.703,31.737,27.165,24.937,22.217,22.885,21.036,18.899,19.133,16.515,15.597,14.3,14.72,12.307,11.767,10.313,9.014,6.539,4.794,3.572,2.672,1.294,0.964,0.721,0.612,0.184,0.095,0.098,0.051,0.105,0.11,0,0,0,0,0,0,0,0,0,0,0,0,0,0,0,0,0,0,0,0,0,0,0,0,0,0,0,0,0,0,0,0,0,0,0,0,1.983,3.012,4.131,6.175,7.456,9.714,11.412,14.902,17.431,23.342,28.473,37.335,45.116,58.65,77.331,98.288,118.598,138.607,151.999,161.604,159.256,148.995,131.794,110.962,87.423,62.751,44.011,30.836,22.614,17.391,15.165,13.839,13.438,12.748,13.137,12.823,11.764,11.86,10.405,9.651,8.432,8.178,6.822,6.098,5.188,4.463,3.268,2.272,1.682,1.245,0.622,0.438,0.327,0.283,0.077,0.039,0.039,0.02,0.04,0.041,0,0.028,0,0,0,0
2026-08-31 23:48:00,1,"Normal Scan","Normal Scan",0,"ON",1,1,1,738.5,5,20.7,98.2,40.9,6.87393e-08,1.82145e-05,4.97,8954.6,8.8,736.5,1,"Up Scan","Positive",254,0,4.37,1.6,8,8,0,1,1,29.4,32.601,28.069,32.781,1.687,11809.8,38,21.6,NA,0,0,0,0,0,0,0,0,0,0,0,0,0,0,0,0,0,0,0,0,0,0,0,0,0,0,0,0,0,0,0,233.019,223.263,215.203,218.405,246.559,273.165,292.915,318.276,324.104,353.942,390.98,422.468,491.714,562.242,644.74,710.027,755.584,798.603,776.441,720.91,649.98,549.348,432.288,321.502,224.086,144.193,92.441,61.265,43.241,32.654,28.267,23.481,24.256,21.472,19.791,20.141,20.864,16.858,17.771,16.401,13.331,13.72,11.023,9.961,8.64,6.412,3.879,3.853,1.743,1.489,1.018,0.531,0.321,0.232,0.239,0.148,0.101,0.105,0.11,0.103,0,0,0,0,0,0,0,0,0,0,0,0,0,0,0,0,0,0,0,0,0,0,0,0,0,0,0,0,0,0,0,0,0,0,0,1.982,3.062,4.169,5.484,7.278,10.317,14.146,18.19,23.286,27.673,34.687,43.589,53.05,68.956,86.99,109.329,131.148,150.984,171.449,178.432,176.658,169.128,151.432,126.005,99.072,73.035,49.79,34.169,24.555,18.706,15.466,14.64,12.893,13.746,12.912,12.142,12.484,12.353,10.595,10.427,9.375,7.457,7.246,5.727,5.069,4.288,3.122,1.875,1.866,0.851,0.684,0.457,0.279,0.168,0.097,0.097,0.059,0.04,0.04,0.041,0.039,0.014,0,0,0,0
2026-08-31 23:53:00,1,"Normal Scan","Normal Scan",0,"ON",1,1,1,738.3,5,20.5,98.2,40.7,6.86797e-08,1.82049e-05,4.97,8954.6,8.8,736.5,1,"Up Scan","Positive",254,0,4.37,1.6,8,8,0,1,1,30.17,33.222,28.748,32.781,1.673,11310.4,38,21.5,NA,0,0,0,0,0,0,0,0,0,0,0,0,0,0,0,0,0,0,0,0,0,0,0,0,0,0,0,0,0,0,0,209.239,203.887,215.442,212.733,209.228,212.524,227.417,229.992,259.079,295.64,343.208,392.871,459.173,559.441,644.852,718.398,795.943,821.66,798.389,741.481,641.187,538.437,415.065,309.023,216.189,134.457,89.696,60.101,40.813,31.246,28.253,24.1,24.96,22.007,21.506,19.123,19.882,18.747,16.853,14.692,13.132,11.447,10.107,9.449,7.13,6.087,4.287,3.928,2.577,1.556,1.39,0.603,0.539,0.42,0.095,0.295,0.305,0.053,0.054,0.047,0,0,0,0,0,0,0,0,0,0,0,0,0,0,0,0,0,0,0,0,0,0,0,0,0,0,0,0,0,0,0,0,0,0,0,1.704,2.775,3.819,5.509,7.078,8.804,10.993,14.121,16.892,22.179,29.137,38.425,49.578,64.632,86.727,109.469,132.565,158.675,176.098,183.135,181.437,166.641,148.381,121.052,95.2,70.448,46.681,33.244,24.041,17.958,14.848,14.514,13.212,13.909,13.021,12.601,11.618,11.796,11.191,9.958,8.563,7.44,6.44,5.421,4.886,3.619,3.029,2.125,1.866,1.281,0.721,0.641,0.26,0.244,0.174,0.039,0.118,0.119,0.02,0.02,0.02,0.014,0,0,0,0
2026-08-31 23:58:00,1,"Normal Scan","Normal Scan",0,"ON",1,1,1,738.3,5,20.5,98.2,41.3,6.86797e-08,1.82049e-05,4.97,8954.6,8.8,736.5,1,"Up Scan","Positive",254,0,4.37,1.6,8,8,0,1,1,30.355,33.763,28.926,32.781,1.699,10590.1,38,21.5,NA,0,0,0,0,0,0,0,0,0,0,0,0,0,0,0,0,0,0,0,0,0,0,0,0,0,0,0,0,0,0,0,191.459,202.939,212.072,202.899,207.189,223.032,213.034,230.633,251.876,274.594,304.379,353.722,418.157,495.089,572.533,649.812,704.915,735.06,714.078,689.314,620.002,525.507,412.542,312.424,215.514,139.569,94.137,61.416,41.008,32.665,24.639,23.43,23.477,20.725,21.563,19.324,18.7,19.034,17.438,16.547,14.318,13.21,12.113,11.268,7.915,7.443,5.384,3.106,2.873,1.547,1.521,0.609,1.025,0.183,0.477,0.247,0.05,0.21,0.109,0,0,0,0,0,0,0,0,0,0,0,0,0,0,0,0,0,0,0,0,0,0,0,0,0,0,0,0,0,0,0,0,0,0,0,0,1.619,2.489,3.813,5.413,6.712,8.691,11.553,13.238,16.925,21.541,27.029,34.152,44.606,58.789,76.74,97.403,120.231,140.972,157.947,164.448,168.989,161.364,145.004,120.405,96.272,70.235,48.153,34.791,24.475,17.878,15.498,12.948,13.117,13.483,12.593,13.079,12.205,11.787,11.645,10.553,9.756,8.031,7.259,6.373,5.839,3.972,3.81,2.586,1.539,1.365,0.739,0.695,0.279,0.434,0.077,0.194,0.098,0.02,0.081,0.041,0,0,0,0,0,0
