"date","Flag","Detector.Status","Classifier.Errors","Communication.Status","Neutralizer.Status","Detector.Inlet.Flow..L.min.","Detector.Counting.Flow..L.min.","Impactor.Flow..L.min.","Impactor.D50..nm.","Sheath.Flow..L.min.","Sheath.Temp..C.","Sheath.Pressure..kPa.","Sheath.Relative.Humidity....","Mean.Free.Path..m.","Gas.Viscosity..Pa.s.","Low.Voltage..V.","High.Voltage..V.","Lower.Size..nm.","Upper.Size..nm.","Wide.Range.Scan.Mode","Scan.Direction","HV.Polarity","DMA.V.Ramping.Up..TUP...s.","DMA.V.Ramping.Down..TDOWN...s.","DMA.Column.transit.time.Tf..s.","DMA.Exit.to.Optical.Detector.Td..s.","DMA.at.Low.Voltage..TLOW...s.","DMA.at.High.Voltage..THIGH...s.","Adjustment..s.","Dilution.Factor","Aerosol.Density..g.cm..","Median..nm.","Mean..nm.","Geo..Mean..nm.","Mode..nm.","Geo..Std..Dev","Total.Concentration....cm..","Aerosol.Humidity....","Aerosol.Temperature..C.","Reserved.1","part_1.04","part_1.11","part_1.20","part_1.29","part_1.38","part_1.49","part_1.60","part_1.72","part_1.84","part_1.98","part_2.13","part_2.29","part_2.46","part_2.64","part_2.84","part_3.05","part_3.28","part_3.52","part_3.79","part_4.07","part_4.37","part_4.70","part_5.05","part_5.42","part_5.83","part_6.26","part_6.73","part_7.23","part_7.77","part_8.35","part_8.98","part_9.65","part_10.37","part_11.14","part_11.97","part_12.86","part_13.82","part_14.86","part_15.96","part_17.15","part_18.43","part_19.81","part_21.29","part_22.88","part_24.58","part_26.42","part_28.39","part_30.51","part_32.78","part_35.23","part_37.86","part_40.68","part_43.71","part_46.98","part_50.48","part_54.25","part_58.29","part_62.64","part_67.32","part_72.34","part_77.74","part_83.54","part_89.77","part_96.47","part_103.66","part_111.40","part_119.71","part_128.64","part_138.24","part_148.55","part_159.63","part_171.54","part_184.34","part_198.10","part_212.88","part_228.76","part_245.82","part_264.16","part_283.87","part_305.05","part_327.81","part_352.27","part_378.55","part_406.79","part_437.14","part_469.76","part_504.81","part_542.47","part_582.94","part_626.43","part_673.17","part_723.39","part_777.37","part_835.36","part_897.69","part_964.66","raw_1.04","raw_1.11","raw_1.20","raw_1.29","raw_1.38","raw_1.49","raw_1.60","raw_1.72","raw_1.84","raw_1.98","raw_2.13","raw_2.29","raw_2.46","raw_2.64","raw_2.84","raw_3.05","raw_3.28","raw_3.52","raw_3.79","raw_4.07","raw_4.37","raw_4.70","raw_5.05","raw_5.42","raw_5.83","raw_6.26","raw_6.73","raw_7.23","raw_7.77","raw_8.35","raw_8.98","raw_9.65","raw_10.37","raw_11.14","raw_11.97","raw_12.86","raw_13.82","raw_14.86","raw_15.96","raw_17.15","raw_18.43","raw_19.81","raw_21.29","raw_22.88","raw_24.58","raw_26.42","raw_28.39","raw_30.51","raw_32.78","raw_35.23","raw_37.86","raw_40.68","raw_43.71","raw_46.98","raw_50.48","raw_54.25","raw_58.29","raw_62.64","raw_67.32","raw_72.34","raw_77.74","raw_83.54","raw_89.77","raw_96.47","raw_103.66","raw_111.40","raw_119.71","raw_128.64","raw_138.24","raw_148.55","raw_159.63","raw_171.54","raw_184.34","raw_198.10","raw_212.88","raw_228.76","raw_245.82","raw_264.16","raw_283.87","raw_305.05","raw_327.81","raw_352.27","raw_378.55","raw_406.79","raw_437.14","raw_469.76","raw_504.81","raw_542.47","raw_582.94","raw_626.43","raw_673.17","raw_723.39","raw_777.37","raw_835.36","raw_897.69","raw_964.66"
2026-08-30 00:03:00,1,"Normal Scan","Normal Scan",0,"ON",1,1,1,737.3,5,20.4,96.9,54.1,0.0000000695709,0.0000182001,4.97,8954.6,8.8,736.5,1,"Up Scan","Positive",254,0,4.37,1.6,8,8,0,1,1,37.447,59.31,38.516,43.714,2.379,1839.78,50,21.1,NA,0,0,0,0,0,0,0,0,0,0,0,0,0,0,0,0,0,0,0,0,0,0,0,0,0,0,0,0,0,0,0,57.346,43.591,41.011,44.397,41.622,43.238,35.921,36,37.278,39.308,41.406,43.763,49.981,49.505,53.65,54.467,56.44,61.574,66.944,67.506,67.471,73.945,72.737,70.683,69.429,63.044,54.515,44.577,38.622,30.933,24.059,20.007,15.996,14.441,12.337,10.292,12.24,10.718,11.636,9.82,11.969,12.508,11.877,11.988,11.665,12.976,10.847,12.512,10.449,11.267,10.398,8.029,4.217,3.37,1.334,0.987,0.611,0.212,0,0.112,0,0,0,0,0,0,0,0,0,0,0,0,0,0,0,0,0,0,0,0,0,0,0,0,0,0,0,0,0,0,0,0,0,0,0,0.56,0.735,0.82,1.055,1.465,1.739,2.211,2.211,2.638,3.162,3.831,4.576,5.451,6.924,7.643,9.123,10.208,11.593,13.732,16.094,17.531,18.828,21.701,22.522,23.051,23.711,22.523,20.432,17.666,15.985,13.673,11.528,10.472,9.534,9.021,8.921,8.776,9.983,9.92,10.268,9.685,10.518,10.058,9.478,9.134,8.255,7.452,5.955,6.096,5.021,5.082,4.588,3.482,1.815,1.397,0.542,0.392,0.238,0.08,0,0.041,0.029,0,0,0,0
2026-08-30 00:08:00,1,"Normal Scan","Normal Scan",0,"ON",1,1,1,737,5,20,96.9,54.6,0.0000000694502,0.0000181809,4.97,8954.6,8.8,736.5,1,"Up Scan","Positive",254,0,4.37,1.6,8,8,0,1,1,36.643,58.171,38.061,40.679,2.356,1921.56,50,21,NA,0,0,0,0,0,0,0,0,0,0,0,0,0,0,0,0,0,0,0,0,0,0,0,0,0,0,0,0,0,0,0,61.771,59.195,43.158,37.965,38.162,30.85,35.479,40.115,38.357,40.743,45.62,52.014,53.26,61.113,59.434,57.852,64.831,68.042,70.301,67.396,74.374,73.308,71.95,71.952,70.69,66.525,56.189,48.004,36.814,31.922,24.672,20.657,16.152,14.773,13.274,12.732,11.013,11.115,12.814,13.147,12.214,11.866,12.45,11.625,12.968,10.662,11.313,10.348,10.043,9.981,9.134,7.962,5.706,3.843,2.053,1.033,0.358,0.213,0,0.056,0,0,0,0,0,0,0,0,0,0,0,0,0,0,0,0,0,0,0,0,0,0,0,0,0,0,0,0,0,0,0,0,0,0,0,0.488,0.797,1.107,1.092,1.253,1.589,1.585,2.196,2.902,3.252,3.968,5.042,6.471,7.395,9.383,10.049,10.832,13.215,15.042,16.9,17.561,20.627,21.582,22.38,23.456,24.153,23.749,21.045,18.856,15.472,14.209,12.031,10.653,9.595,9.78,9.404,9.646,9.552,9.652,11.007,10.716,10.289,9.793,9.614,8.671,8.773,6.763,6.328,5.358,4.721,4.498,4.031,3.434,2.405,1.588,0.832,0.412,0.139,0.08,0,0.021,0,0,0,0,0
2026-08-30 00:13:00,1,"Normal Scan","Normal Scan",0,"ON",1,1,1,737.2,5,20.3,96.9,54,0.0000000695407,0.0000181953,4.97,8954.6,8.8,736.5,1,"Up Scan","Positive",254,0,4.37,1.6,8,8,0,1,1,36.14,57.579,38.042,46.976,2.313,1999.65,50,21,NA,0,0,0,0,0,0,0,0,0,0,0,0,0,0,0,0,0,0,0,0,0,0,0,0,0,0,0,0,0,0,0,58.086,50.66,42.197,31.533,30.485,32.262,35.509,39.591,44.969,52.71,54.233,64.07,64.05,63.838,69.659,68.43,70.861,68.082,69.594,69.812,72.295,77.738,81.148,78.205,72.587,67.817,59.785,46.996,40.281,29.927,23.25,21.114,15.924,15.262,12.205,12.648,12.441,10.615,11.402,10.996,11.328,11.348,12.071,12.372,12.553,9.932,11.359,11.816,10.563,12.076,10.064,7.577,5.741,3.547,2.261,0.934,0.306,0.315,0.11,0.112,0,0,0,0,0,0,0,0,0,0,0,0,0,0,0,0,0,0,0,0,0,0,0,0,0,0,0,0,0,0,0,0,0,0,0,0.457,0.76,0.956,1.075,1.036,1.262,1.664,2.205,2.898,3.809,5.121,5.987,7.92,8.847,9.778,11.761,12.691,14.413,15.184,16.801,18.168,20.148,22.858,25.017,25.425,24.604,24.099,22.349,18.602,16.668,13.333,11.453,10.783,9.361,9.62,8.881,9.464,10.135,9.775,10.155,10.291,9.889,9.844,9.699,9.576,8.387,6.485,6.386,5.957,4.921,5.485,4.424,3.299,2.42,1.467,0.92,0.373,0.119,0.121,0.041,0.041,0,0,0,0,0
2026-08-30 00:18:00,1,"Normal Scan","Normal Scan",0,"ON",1,1,1,737.1,5,20.2,96.9,54.5,0.0000000695106,0.0000181905,4.97,8954.6,8.8,736.5,1,"Up Scan","Positive",254,0,4.37,1.6,8,8,0,1,1,37.537,59.525,39.935,46.976,2.267,1980.55,50,21,NA,0,0,0,0,0,0,0,0,0,0,0,0,0,0,0,0,0,0,0,0,0,0,0,0,0,0,0,0,0,0,0,37.964,35.039,29.996,29.195,26.747,25.395,34.57,42.201,44.675,46.781,53.652,55.843,62.29,67.347,70.882,73.482,78.64,74.47,73.369,75.967,76.404,77.526,82.147,79.073,76.544,68.873,63.093,50.947,39.408,31.992,23.309,21.217,19.101,13.397,13.58,11.055,11.371,9.742,9.906,10.363,9.616,13.224,11.235,11.78,12.799,11.902,13.804,11.561,11.929,12.246,10.655,8.79,5.363,4.008,2.139,1.28,0.564,0.106,0,0,0,0,0,0,0,0,0,0,0,0,0,0,0,0,0,0,0,0,0,0,0,0,0,0,0,0,0,0,0,0,0,0,0,0,0,0.477,0.498,0.66,0.773,0.974,1.111,1.299,2.151,3.081,3.81,4.565,5.931,6.942,8.629,10.314,11.985,13.615,15.894,16.518,17.687,19.718,21.204,22.942,25.447,25.619,25.991,24.456,23.635,19.994,16.403,14.11,11.069,10.9,10.464,8.672,9.166,9.247,9.802,9.332,9.945,10.376,9.901,10.436,9.849,9.449,8.869,7.296,7.558,5.798,5.705,5.515,4.669,3.777,2.262,1.661,0.871,0.509,0.22,0.04,0,0,0,0,0,0,0
2026-08-30 00:23:00,1,"Normal Scan","Normal Scan",0,"ON",1,1,1,737,5,20,96.9,54.1,0.0000000694502,0.0000181809,4.97,8954.6,8.8,736.5,1,"Up Scan","Positive",254,0,4.37,1.6,8,8,0,1,1,36.79,58.276,39.523,43.714,2.232,2102.52,50,21,NA,0,0,0,0,0,0,0,0,0,0,0,0,0,0,0,0,0,0,0,0,0,0,0,0,0,0,0,0,0,0,0,22.48,31.098,29.348,29.893,36.058,33.85,37.832,48.604,53.187,53.03,56.5,68.464,69.462,75.559,74.452,82.482,76.239,82.298,83.007,81.078,80.899,85.11,84.104,83.263,79.627,71.443,62.623,50.681,40.568,32.716,26.135,21.695,17.777,15.694,12.463,11.465,11.749,10.707,10.554,12.403,11.814,12.634,13.424,11.517,14.406,12.277,11.764,13.45,12.271,10.581,9.645,8.105,6.035,4.109,2.277,0.994,0.407,0.052,0.163,0,0,0,0,0,0,0,0,0,0,0,0,0,0,0,0,0,0,0,0,0,0,0,0,0,0,0,0,0,0,0,0,0,0,0,0,0.249,0.299,0.573,0.761,0.986,1.487,1.744,2.352,3.539,4.51,5.162,6.24,8.493,9.618,11.591,12.605,15.256,15.51,18.184,19.901,21.011,22.421,24.941,26.026,26.979,27.015,25.47,23.421,19.972,16.861,14.321,12.475,11.189,10.068,9.981,9.259,9.388,10.121,10.008,10.512,10.777,10.806,10.854,10.373,8.808,9.52,7.634,6.735,6.614,5.788,4.749,4.252,3.489,2.548,1.703,0.928,0.394,0.159,0.02,0.061,0,0,0,0,0,0
2026-08-30 00:28:00,1,"Normal Scan","Normal Scan",0,"ON",1,1,1,737.3,5,20.3,97,54.3,0.0000000694691,0.0000181953,4.97,8954.6,8.8,736.5,1,"Up Scan","Positive",254,0,4.37,1.6,8,8,0,1,1,37.039,57.503,39.104,43.714,2.229,2136.51,50,21.1,NA,0,0,0,0,0,0,0,0,0,0,0,0,0,0,0,0,0,0,0,0,0,0,0,0,0,0,0,0,0,0,0,24.065,33.786,35.244,42.329,36.807,32.81,34.553,46.976,53.948,51.644,59.47,69.53,68.828,72.76,77.894,79.803,78.857,76.291,77.852,81.023,87.405,89.953,84.68,84.812,82.885,71.418,63.766,52.308,41.106,34.478,29.468,21.614,19.759,16.507,15.445,13.595,12.894,10.887,10.834,11.362,12.196,11.557,11.905,13.25,10.898,10.578,10.72,10.76,10.501,10.843,9.241,8.806,5.898,4.99,2.322,1.044,0.601,0.317,0.324,0.112,0,0,0,0,0,0,0,0,0,0,0,0,0,0,0,0,0,0,0,0,0,0,0,0,0,0,0,0,0,0,0,0,0,0,0,0.28,0.311,0.635,0.91,1.385,1.547,1.691,2.134,3.441,4.569,5.042,6.58,8.614,9.518,11.144,13.151,14.818,16.054,16.929,18.76,21.083,24.111,26.292,26.215,27.481,28.256,25.517,23.891,20.775,17.276,15.277,13.947,11.146,10.889,10.174,10.396,9.949,10.239,9.986,9.778,10.201,10.176,9.9,9.807,9.679,7.94,6.89,6.499,5.515,4.988,4.925,4.178,3.814,2.489,2.067,0.943,0.416,0.235,0.121,0.122,0.041,0,0,0,0,0
2026-08-30 00:33:00,1,"Normal Scan","Normal Scan",0,"ON",1,1,1,737,5,20,97,54.1,0.0000000693786,0.0000181809,4.97,8954.6,8.8,736.5,1,"Up Scan","Positive",254,0,4.37,1.6,8,8,0,1,1,38.421,59.608,40.669,46.976,2.229,2055.19,50,20.9,NA,0,0,0,0,0,0,0,0,0,0,0,0,0,0,0,0,0,0,0,0,0,0,0,0,0,0,0,0,0,0,0,33.087,30.461,22.429,28.584,28.591,26.442,33.194,39.174,44.974,51.023,57.188,58.359,65.686,72.985,71.203,75.397,81.778,74.98,78.539,77.607,83.891,83.606,85.211,82.955,81.744,75.812,65.384,53.66,43.525,34.313,28.075,23.373,20.401,17.084,13.109,13.331,12.932,9.441,12.173,11.303,11.237,14.354,11.935,12.744,12.387,11.831,11.445,10.929,10.79,11.159,9.324,8.496,6.041,4.14,2.907,1.331,0.815,0.157,0.164,0,0,0,0,0,0,0,0,0,0,0,0,0,0,0,0,0,0,0,0,0,0,0,0,0,0,0,0,0,0,0,0,0,0,0,0,0.229,0.423,0.561,0.567,0.943,1.2,1.377,2.056,2.871,3.833,4.969,6.318,7.256,9.095,11.171,12.042,14.008,16.568,16.667,18.904,20.21,23.338,24.595,26.415,27.056,27.746,27.07,24.512,21.309,17.942,15.209,13.457,11.79,11.421,10.351,9.335,10.415,10.383,9.425,10.725,10.191,10.413,10.795,9.887,9.616,8.628,7.451,6.621,5.752,5.256,5.083,4.102,3.672,2.584,1.714,1.181,0.53,0.318,0.06,0.061,0,0.031,0,0,0,0
2026-08-30 00:38:00,1,"Normal Scan","Normal Scan",0,"ON",1,1,1,737.3,5,20.4,97,54.1,0.0000000694992,0.0000182001,4.97,8954.6,8.8,736.5,1,"Up Scan","Positive",254,0,4.37,1.6,8,8,0,1,1,39.393,61.239,41.94,46.976,2.216,1958.35,50,21.1,NA,0,0,0,0,0,0,0,0,0,0,0,0,0,0,0,0,0,0,0,0,0,0,0,0,0,0,0,0,0,0,0,15.257,19.632,19.871,27.306,32.271,29.06,27.31,37.72,40.895,48.827,49.966,56.783,64.233,65.108,73.311,68.07,73.475,75.271,72.112,79.342,78.201,82.366,83.213,82.938,79.044,70.042,65.46,55.267,42.247,33.271,27.706,23.472,19.683,15.405,14.883,12.444,11.084,10.811,13.05,11.43,11.316,12.517,11.609,13.112,11.103,11.044,12.048,11.606,10.468,11.559,9.529,8.772,6.356,4.676,2.671,1.236,0.509,0.106,0.217,0.056,0,0,0,0,0,0,0,0,0,0,0,0,0,0,0,0,0,0,0,0,0,0,0,0,0,0,0,0,0,0,0,0,0,0,0,0.207,0.199,0.361,0.499,0.909,1.351,1.515,1.704,2.752,3.465,4.762,5.514,7.05,8.884,9.972,12.36,12.689,14.95,16.707,17.45,20.565,21.741,24.27,25.935,26.96,26.859,25.101,24.571,21.673,17.592,14.879,12.97,11.897,11.183,9.73,9.93,9.675,9.645,9.934,10.836,10.604,9.966,10.633,9.65,9.747,8.169,7.183,6.972,5.998,5.045,5.209,4.23,3.79,2.699,1.935,1.084,0.49,0.199,0.04,0.081,0.022,0.014,0,0,0,0
2026-08-30 00:43:00,1,"Normal Scan","Normal Scan",0,"ON",1,1,1,737,5,20,97,54.3,0.0000000693786,0.0000181809,4.97,8954.6,8.8,736.5,1,"Up Scan","Positive",254,0,4.37,1.6,8,8,0,1,1,38.413,60.568,40.689,50.481,2.268,1947.55,50,20.9,NA,0,0,0,0,0,0,0,0,0,0,0,0,0,0,0,0,0,0,0,0,0,0,0,0,0,0,0,0,0,0,0,32.992,23.562,33.75,26.987,29.997,32.837,37.287,39.71,42.068,47.331,46.483,51.607,59.425,64.124,62.622,67.345,75.721,70.45,76.361,77.345,74.176,77.752,78.181,79.06,74.758,69.775,63.645,52.207,39.665,33.588,26.816,23.567,18.182,15.93,15.453,13.81,11.496,11.066,12.251,10.145,11.321,13.214,11.476,10.892,10.076,10.978,12.401,10.224,10.572,11.27,10.094,8.348,6.045,4.86,2.901,1.682,0.813,0.423,0.327,0.112,0,0,0,0,0,0,0,0,0,0,0,0,0,0,0,0,0,0,0,0,0,0,0,0,0,0,0,0,0,0,0,0,0,0,0,0.259,0.448,0.447,0.837,0.899,1.261,1.707,2.304,2.91,3.579,4.605,5.157,6.424,8.228,9.857,10.636,12.506,15.348,15.638,18.34,20.035,20.661,23.048,24.37,25.646,25.498,25.058,23.88,20.563,16.782,14.93,12.746,11.924,10.522,9.624,10.127,10.367,9.581,9.597,10.304,9.842,10.283,10.716,9.659,8.743,7.76,7.102,7.292,5.418,5.305,5.11,4.544,3.65,2.567,2.012,1.181,0.667,0.318,0.161,0.122,0.041,0.016,0,0,0,0
2026-08-30 00:48:00,1,"Normal Scan","Normal Scan",0,"ON",1,1,1,737.3,5,20.4,97,53.8,0.0000000694992,0.0000182001,4.97,8954.6,8.8,736.5,1,"Up Scan","Positive",254,0,4.37,1.6,8,8,0,1,1,38.964,61.818,41.137,50.481,2.292,2007.97,50,21.1,NA,0,0,0,0,0,0,0,0,0,0,0,0,0,0,0,0,0,0,0,0,0,0,0,0,0,0,0,0,0,0,0,32.158,30.255,36.665,34.396,26.607,39.494,28.554,39.946,39.428,41.523,48.207,56.432,56.367,66.443,67.703,69.981,71.587,74.142,75.828,76.821,78.109,77.234,80.645,82.967,76.256,74.553,63.719,55.602,45.719,38.358,29.443,24.029,21.851,17.671,14.344,13.491,11.304,10.886,11.49,10.525,11.549,11.292,11.002,11.945,10.812,12.329,11.037,11.547,12.252,11.591,10.132,10.481,8.084,5.754,3.471,2.133,1.02,0.633,0.163,0,0,0,0,0,0,0,0,0,0,0,0,0,0,0,0,0,0,0,0,0,0,0,0,0,0,0,0,0,0,0,0,0,0,0,0,0.406,0.423,0.548,0.929,1.153,1.114,2.014,1.771,2.905,3.347,4.06,5.333,6.997,7.835,10.199,11.448,13.017,14.539,16.464,18.267,19.951,21.786,22.908,25.206,27.053,26.246,26.725,24.016,21.993,18.972,16.787,13.874,12.054,11.77,10.46,9.833,10.07,9.376,9.987,10.606,10.201,10.772,10.364,9.861,9.535,8.71,8.437,6.896,6.195,6.072,5.406,4.526,4.505,3.411,2.381,1.409,0.848,0.397,0.241,0.061,0,0,0,0,0,0
2026-08-30 00:53:00,1,"Normal Scan","Normal Scan",0,"ON",1,1,1,737.1,5,20.1,97,54.3,0.0000000694088,0.0000181857,4.97,8954.6,8.8,736.5,1,"Up Scan","Positive",254,0,4.37,1.6,8,8,0,1,1,39.567,61.309,40.927,43.714,2.3,2080.57,50,21,NA,0,0,0,0,0,0,0,0,0,0,0,0,0,0,0,0,0,0,0,0,0,0,0,0,0,0,0,0,0,0,0,39.093,44.052,39.375,38.494,34.08,34.212,34.182,35.227,39.997,43.587,41.661,51.193,55.435,58.664,68.574,69.248,68.638,73.93,80.658,81.294,84.951,85.608,81.433,83.02,82.402,74.967,69.95,61.598,51.244,41.625,31.61,25.788,22.072,20.415,16.033,15.06,12.581,12.239,12.473,9.703,10.639,11.468,10.391,9.252,11.11,11.006,10.483,12.547,12.034,13.117,12.225,9.788,7.966,5.689,3.285,1.962,0.816,0.263,0.163,0,0,0,0,0,0,0,0,0,0,0,0,0,0,0,0,0,0,0,0,0,0,0,0,0,0,0,0,0,0,0,0,0,0,0,0,0.322,0.498,0.81,0.985,1.271,1.426,1.749,2.109,2.588,3.401,4.264,4.635,6.37,7.698,9.054,11.615,12.954,14.051,16.405,19.381,21.138,23.546,25.409,25.647,27.381,28.345,27.032,26.27,24.297,21.42,18.184,14.81,12.973,11.956,11.574,10.291,10.706,9.858,10.262,10.843,9.971,10.429,10.547,9.851,8.836,8.571,7.697,6.673,6.603,5.859,5.988,5.406,4.205,3.379,2.353,1.335,0.781,0.318,0.101,0.061,0,0.015,0,0,0,0
2026-08-30 00:58:00,1,"Normal Scan","Normal Scan",0,"ON",1,1,1,737.3,5,20.4,97,53.7,0.0000000694992,0.0000182001,4.97,8954.6,8.8,736.5,1,"Up Scan","Positive",254,0,4.37,1.6,8,8,0,1,1,40.136,61.52,41.804,43.714,2.249,2159.85,50,21.1,NA,0,0,0,0,0,0,0,0,0,0,0,0,0,0,0,0,0,0,0,0,0,0,0,0,0,0,0,0,0,0,0,28.933,32.814,33.725,36.536,35.167,34.433,32.691,34.751,40.991,41.711,46.82,55.256,56.788,66.516,67.994,77.123,77.862,82.338,84.24,86.872,88.947,93.826,91.615,88.338,86.73,79.129,72.815,65.583,51.226,45.289,34.628,28.926,23.574,20.114,15.705,14.316,12.286,12.135,9.423,11.351,10.651,10.179,11.562,11.861,11.428,12.149,12.885,12.106,13.608,13.329,10.859,10.497,6.855,5.676,3.723,1.824,0.611,0.477,0.055,0,0,0,0,0,0,0,0,0,0,0,0,0,0,0,0,0,0,0,0,0,0,0,0,0,0,0,0,0,0,0,0,0,0,0,0,0.322,0.373,0.598,0.873,1.221,1.476,1.778,2.042,2.534,3.48,4.071,5.198,6.872,7.925,10.255,11.556,14.375,15.903,18.271,20.266,22.529,24.699,27.693,28.734,29.057,29.899,28.581,27.433,25.842,21.216,19.566,16.022,14.15,12.386,11.554,10.429,10.219,10.223,10.697,9.803,11.01,10.324,10.324,10.539,9.749,8.895,7.871,7.71,6.572,6.564,6.02,4.85,4.517,2.907,2.35,1.51,0.726,0.238,0.181,0.02,0,0.014,0,0,0,0
2026-08-30 01:03:00,1,"Normal Scan","Normal Scan",0,"ON",1,1,1,737.3,5,20.3,97,54.2,0.0000000694691,0.0000181953,4.97,8954.6,8.8,736.5,1,"Up Scan","Positive",254,0,4.37,1.6,8,8,0,1,1,39.85,59.61,41.017,43.714,2.233,2415.47,50,21,NA,0,0,0,0,0,0,0,0,0,0,0,0,0,0,0,0,0,0,0,0,0,0,0,0,0,0,0,0,0,0,0,46.842,40.196,33.138,36.9,33.716,39.721,42.981,46.473,43.544,51.418,56.305,56.141,68.087,74.296,77.667,80.024,87.371,88.868,90.131,94.578,97.306,99.407,99.195,96.719,97.973,89.801,83.225,72.393,61.633,51.983,41.637,35.54,27.327,20.48,20.302,17.913,16.059,12.401,12.684,12.898,10.028,11.289,11.005,11.325,11.315,13.442,13.052,13.204,14.146,13.333,11.968,9.704,6.67,4.702,2.444,1.466,0.406,0.475,0.054,0.169,0,0,0,0,0,0,0,0,0,0,0,0,0,0,0,0,0,0,0,0,0,0,0,0,0,0,0,0,0,0,0,0,0,0,0,0.301,0.597,0.735,0.835,1.211,1.4,2.057,2.653,3.401,3.709,5.027,6.227,7.012,9.463,11.424,13.199,14.968,17.789,19.722,21.721,24.615,27.108,29.525,31.11,32.076,33.861,32.567,31.515,28.529,25.414,22.72,19.377,17.024,14.413,12.025,12.354,12.156,11.797,10.777,11.504,11.843,10.73,10.229,10.276,9.525,8.616,8.41,7.409,6.774,6.694,6.05,5.288,4.207,2.828,1.947,0.992,0.584,0.159,0.181,0.02,0.062,0,0,0,0,0
2026-08-30 01:08:00,1,"Normal Scan","Normal Scan",0,"ON",1,1,1,737.3,5,20.3,97,53.5,0.0000000694691,0.0000181953,4.97,8954.6,8.8,736.5,1,"Up Scan","Positive",254,0,4.37,1.6,8,8,0,1,1,39.437,58.808,40.476,46.976,2.232,2472.79,50,21,NA,0,0,0,0,0,0,0,0,0,0,0,0,0,0,0,0,0,0,0,0,0,0,0,0,0,0,0,0,0,0,0,39.183,39.302,52.616,45.031,39.868,42.992,41.892,41.006,47.538,53.378,52.83,63.794,62.901,72.152,79.826,84.44,87.322,89.82,93.716,101.142,97.424,101.364,102.136,100.293,94.382,94.341,85.078,77.225,63.716,51.941,43.077,34.621,25.911,23.48,18.389,16.842,15.248,13.647,10.823,11.172,10.858,11.193,10.455,10.843,11.714,13.804,13.407,14.069,13.606,13.291,12.577,9.324,6.134,4.024,2.752,1.479,0.864,0.367,0,0.169,0,0,0,0,0,0,0,0,0,0,0,0,0,0,0,0,0,0,0,0,0,0,0,0,0,0,0,0,0,0,0,0,0,0,0,0.405,0.498,0.722,1.346,1.496,1.663,2.212,2.597,3.006,4.05,5.216,5.859,7.953,8.747,11.13,13.554,15.74,17.809,19.962,22.57,26.156,27.23,30.085,32.227,33.131,32.796,34.09,32.076,30.298,26.359,22.455,19.703,16.873,13.515,13.143,11.581,11.617,11.511,11.317,10.54,11.27,10.966,10.461,9.872,9.395,8.71,8.458,7.386,7.235,6.552,6.086,5.507,4.04,2.621,1.666,1.118,0.588,0.338,0.141,0,0.062,0.015,0,0,0,0
2026-08-30 01:13:00,1,"Normal Scan","Normal Scan",0,"ON",1,1,1,737.3,5,20.4,97,53.9,0.0000000694992,0.0000182001,4.97,8954.6,8.8,736.5,1,"Up Scan","Positive",254,0,4.37,1.6,8,8,0,1,1,39.739,59.612,40.685,46.976,2.253,2342.8,50,21.1,NA,0,0,0,0,0,0,0,0,0,0,0,0,0,0,0,0,0,0,0,0,0,0,0,0,0,0,0,0,0,0,0,44.078,43.693,39.835,36.457,41.649,41.787,44.063,37.219,45.308,48.641,49.679,59.677,61.218,63.788,76.302,77.743,81.028,84.912,90.409,88.663,94.688,93.953,96.637,94.073,92.989,91.034,82.607,72.418,59.553,49.443,39.909,33.517,25.631,21.167,17.674,13.975,13.09,10.485,11.372,9.276,10.483,12.686,8.797,11.978,12.066,14.179,15.526,14.647,13.27,13.896,10.231,8.991,6.572,4.395,2.709,1.542,0.869,0.106,0.109,0.112,0,0,0,0,0,0,0,0,0,0,0,0,0,0,0,0,0,0,0,0,0,0,0,0,0,0,0,0,0,0,0,0,0,0,0,0.415,0.572,0.821,1.012,1.211,1.737,2.148,2.729,2.719,3.853,4.732,5.496,7.439,8.52,9.859,12.93,14.512,16.536,18.901,21.731,23.133,26.464,28.004,30.397,31.116,32.202,32.84,31.051,28.469,24.496,21.255,18.148,15.945,13.435,11.956,11.153,10.692,10.309,10.164,10.77,10.55,11.008,11.241,9.111,9.563,8.715,8.776,8.451,7.434,6.37,6.338,4.499,3.907,2.774,1.821,1.099,0.613,0.338,0.04,0.041,0.045,0,0,0,0,0
2026-08-30 01:18:00,1,"Normal Scan","Normal Scan",0,"ON",1,1,1,737.1,5,20.1,97,53.5,0.0000000694088,0.0000181857,4.97,8954.6,8.8,736.5,1,"Up Scan","Positive",254,0,4.37,1.6,8,8,0,1,1,37.942,59.114,39.587,46.976,2.292,2289.49,50,21,NA,0,0,0,0,0,0,0,0,0,0,0,0,0,0,0,0,0,0,0,0,0,0,0,0,0,0,0,0,0,0,0,44.914,45.115,41.312,42.589,36.653,43.369,47.571,47.535,52.382,54.466,54.331,60.473,66.07,72.279,75.279,75.948,80.998,80.445,80.758,82.225,82.968,86.949,87.975,82.203,85.767,82.854,76.008,64.764,58.313,46.635,35.894,29.366,24.091,19.956,16.405,13.906,11.747,11.252,9.787,11.378,11.14,10.181,12.213,12.776,13.556,14.213,14.822,14.411,15.28,13.051,10.662,9.073,6.04,3.741,2.997,1.73,0.459,0.158,0.055,0,0,0,0,0,0,0,0,0,0,0,0,0,0,0,0,0,0,0,0,0,0,0,0,0,0,0,0,0,0,0,0,0,0,0,0,0.56,0.585,0.847,1.053,1.417,1.537,2.227,2.948,3.471,4.448,5.297,6.01,7.519,9.139,11.091,12.743,14.112,16.443,17.832,19.398,21.424,23.289,25.859,27.659,27.542,29.618,29.959,28.534,25.583,23.934,20.058,16.467,14.355,12.635,11.656,10.947,10.261,10.388,10.562,10.635,11.383,11.276,10.231,10.702,9.896,9.477,8.532,7.996,7.388,7.29,5.873,4.694,3.908,2.548,1.549,1.215,0.687,0.179,0.06,0.02,0,0,0,0,0,0
2026-08-30 01:23:00,1,"Normal Scan","Normal Scan",0,"ON",1,1,1,737.4,5,20.5,97,53.7,0.0000000695293,0.0000182049,4.97,8954.6,8.8,736.5,1,"Up Scan","Positive",254,0,4.37,1.6,8,8,0,1,1,37.801,59.824,40.143,30.505,2.28,2166.3,50,21.2,NA,0,0,0,0,0,0,0,0,0,0,0,0,0,0,0,0,0,0,0,0,0,0,0,0,0,0,0,0,0,0,0,39.477,33.822,28.657,36.183,39.537,39.259,40.992,46.522,45.989,54.767,54.418,59.957,67.604,71.18,73.247,75.9,81.227,79.653,79.133,77.083,78.605,78.806,81.15,79.457,80.152,76.778,72.563,62.479,51.251,39.991,33.937,25.515,22.513,18.208,16.83,14.55,13.318,12.119,12.143,10.223,10.18,11.369,10.805,12.869,13.557,14.652,13.847,13.895,13.693,12.794,9.981,8.061,5.736,4.284,2.669,1.357,0.789,0.264,0.108,0.2,0,0,0,0,0,0,0,0,0,0,0,0,0,0,0,0,0,0,0,0,0,0,0,0,0,0,0,0,0,0,0,0,0,0,0,0.301,0.498,0.62,0.726,1.196,1.651,2.028,2.53,3.396,3.904,5.318,5.994,7.46,9.341,10.909,12.365,14.042,16.402,17.58,18.978,20.087,21.981,23.636,25.502,26.352,27.638,27.627,27.245,24.587,21.21,17.685,15.674,12.901,12.385,10.796,10.847,10.707,10.663,10.871,11.531,10.732,10.511,10.335,9.843,9.817,9.162,8.726,7.687,7.092,6.523,5.821,4.417,3.497,2.433,1.775,1.084,0.54,0.307,0.1,0.041,0.068,0,0,0,0,0
2026-08-30 01:28:00,1,"Normal Scan","Normal Scan",0,"ON",1,1,1,737.9,5,21.2,97,53.2,0.0000000697404,0.0000182384,4.97,8954.6,8.8,736.5,1,"Up Scan","Positive",254,0,4.37,1.6,8,8,0,1,1,38.66,60.8,40.701,46.976,2.294,2096.37,49,21.4,NA,0,0,0,0,0,0,0,0,0,0,0,0,0,0,0,0,0,0,0,0,0,0,0,0,0,0,0,0,0,0,0,28.966,33.366,34.433,35.942,43.129,36.178,36.539,39.831,48.152,51.611,59.442,57.199,65.646,65.872,70.305,71.286,73.33,70.847,71.279,70.54,73.904,76.877,80.641,80.094,77.083,75.161,70.644,61.228,52.321,41.913,35.057,27.229,22.862,19.606,16.202,13.367,12.675,10.445,11.599,10.225,10.29,13.041,11.084,12.855,14.182,13.468,14.762,15.061,13.255,12.057,11.607,7.415,5.857,4.075,2.149,0.939,0.82,0.209,0.219,0,0,0,0,0,0,0,0,0,0,0,0,0,0,0,0,0,0,0,0,0,0,0,0,0,0,0,0,0,0,0,0,0,0,0,0,0.176,0.374,0.622,0.885,1.172,1.788,1.864,2.267,2.897,4.072,4.995,6.538,7.105,9.054,10.079,11.849,13.214,14.854,15.716,17.224,18.466,20.741,23.014,25.386,26.53,26.786,27.218,26.614,24.117,21.638,18.283,16.107,13.469,12.241,11.507,10.642,10.454,10.447,10.415,11.089,10.524,10.705,11.497,9.776,9.862,9.207,8.219,7.942,7.472,6.247,5.563,5.11,3.207,2.489,1.686,0.87,0.373,0.318,0.08,0.081,0,0.014,0,0,0,0
2026-08-30 01:33:00,1,"Normal Scan","Normal Scan",0,"ON",1,1,1,738.6,5,22.1,97,52.7,0.0000000700119,0.0000182815,4.97,8954.6,8.8,736.5,1,"Up Scan","Positive",254,0,4.37,1.6,8,8,0,1,1,36.817,59.344,39.344,32.781,2.32,2124.7,48,21.8,NA,0,0,0,0,0,0,0,0,0,0,0,0,0,0,0,0,0,0,0,0,0,0,0,0,0,0,0,0,0,0,0,35.13,40.306,39.824,38.427,47.112,38.588,46.797,48.94,51.331,53.296,58.204,61.54,63.111,67.544,70.606,72.539,72.388,77.087,72.406,70.922,71.859,76.684,73.994,74.718,74.622,72.092,68.951,58.459,48.132,36.651,31.451,25.515,20.889,18.196,16.61,12.607,12.658,12.646,12.737,11.813,11.936,13.785,13.76,16.186,14.544,15.534,14.701,14.2,13.013,11.347,8.776,7.422,4.745,3.826,1.574,1.133,0.512,0.212,0.108,0,0,0,0,0,0,0,0,0,0,0,0,0,0,0,0,0,0,0,0,0,0,0,0,0,0,0,0,0,0,0,0,0,0,0,0,0.415,0.45,0.758,1.01,1.273,1.962,1.963,2.886,3.557,4.339,5.162,6.416,7.617,8.739,10.319,11.888,13.395,14.678,16.955,17.356,18.477,20.12,22.932,23.378,24.626,25.701,25.945,25.827,23.081,20.009,16.384,14.624,12.892,11.755,11.324,11.344,10.332,10.965,11.777,11.632,11.52,11.219,11.395,10.491,10.822,9.311,8.78,7.864,6.955,6.071,5.139,3.898,3.182,2.005,1.582,0.638,0.451,0.198,0.08,0.041,0,0,0,0,0,0
2026-08-30 01:38:00,1,"Normal Scan","Normal Scan",0,"ON",1,1,1,738.7,5,22.2,97,52.4,0.000000070042,0.0000182863,4.97,8954.6,8.8,736.5,1,"Up Scan","Positive",254,0,4.37,1.6,8,8,0,1,1,35.566,57.568,37.096,43.714,2.404,2046.33,47,22.1,NA,0,0,0,0,0,0,0,0,0,0,0,0,0,0,0,0,0,0,0,0,0,0,0,0,0,0,0,0,0,0,0,58.326,50.795,38.622,65.248,57.626,50.876,57.492,60.62,54.488,52.106,52.947,50.235,53.045,51.259,55.74,52.973,58.909,62.663,63.657,65.112,66.34,71.468,65.219,68.84,70.54,64.96,61.732,53.777,46.037,38.392,28.813,24.216,20.237,16.731,15.732,13.742,13.093,10.632,11.416,13.362,13.066,13.389,13.923,14.237,15.93,14.935,13.512,13.259,11.01,9.46,8.521,6.352,4.384,2.863,1.86,0.839,0.459,0.212,0.055,0.056,0,0,0,0,0,0,0,0,0,0,0,0,0,0,0,0,0,0,0,0,0,0,0,0,0,0,0,0,0,0,0,0,0,0,0,0.353,0.759,0.934,0.967,2.151,2.387,2.614,3.545,4.415,4.583,5.031,5.802,6.211,7.327,7.889,9.433,9.886,12.032,13.841,15.34,17.007,18.536,21.256,20.722,22.821,24.425,23.473,23.235,21.207,19.214,16.884,13.729,12.22,11.421,10.749,10.999,10.749,10.901,10.434,11.063,11.634,11.073,10.682,10.134,9.578,9.604,8.327,7.121,6.519,5.171,4.287,3.752,2.756,1.846,1.182,0.754,0.333,0.179,0.08,0.02,0.023,0,0,0,0,0
2026-08-30 01:43:00,1,"Normal Scan","Normal Scan",0,"ON",1,1,1,737.9,5,21.2,97,51.6,0.0000000697404,0.0000182384,4.97,8954.6,8.8,736.5,1,"Up Scan","Positive",254,0,4.37,1.6,8,8,0,1,1,31.368,53.301,33.375,11.14,2.468,2175.96,47,21.9,NA,0,0,0,0,0,0,0,0,0,0,0,0,0,0,0,0,0,0,0,0,0,0,0,0,0,0,0,0,0,0,0,80.808,86.637,87.656,81.008,81.93,81.546,66.04,59.297,63.24,52.243,50.292,49.745,47.239,54.056,51.441,48.681,52.713,55.946,60.056,59.041,62.344,63.016,63.252,66.559,65.477,64.334,56.956,55.839,42.921,37.458,32.194,25.178,20.581,19.384,15.11,12.23,13.75,13.752,11.519,12.851,14.044,14.84,14.837,12.441,14.798,14.123,12.984,12.005,10.333,9.565,7.37,4.83,3.559,2.09,2.099,0.789,0.613,0.21,0.11,0,0,0,0,0,0,0,0,0,0,0,0,0,0,0,0,0,0,0,0,0,0,0,0,0,0,0,0,0,0,0,0,0,0,0,0,0.634,1.033,1.63,2.233,2.669,3.4,4.173,4.071,4.283,5.32,5.048,5.529,6.137,6.536,8.281,8.703,9.11,10.76,12.433,14.507,15.464,17.525,18.874,20.13,22.148,22.859,23.399,21.65,22.2,18.107,16.42,15.155,12.948,11.538,11.927,10.736,10.232,11.329,11.151,10.605,11.112,11.225,10.985,10.305,8.674,8.598,7.749,6.689,5.999,4.89,4.388,3.229,2.095,1.533,0.866,0.851,0.314,0.238,0.08,0.041,0,0.028,0,0,0,0
2026-08-30 01:48:00,1,"Normal Scan","Normal Scan",0,"ON",1,1,1,737.4,5,20.5,97,50.9,0.0000000695293,0.0000182049,4.97,8954.6,8.8,736.5,1,"Up Scan","Positive",254,0,4.37,1.6,8,8,0,1,1,32.617,53.371,33.604,9.647,2.468,2124.88,48,21.7,NA,0,0,0,0,0,0,0,0,0,0,0,0,0,0,0,0,0,0,0,0,0,0,0,0,0,0,0,0,0,0,0,100.05,86.285,79.971,78.818,70.183,75.537,63.697,57.829,52.775,46.907,47.689,43.742,44.498,44.023,46.251,50.687,51.153,54.17,60.141,60.514,62.403,66.909,66.498,66.735,66.379,63.82,58.922,51.433,47.762,37.638,32.5,25.926,21.863,18.111,16.188,13.923,16.029,12.708,12.183,12.233,13.086,13.556,12.424,12.043,13.697,11.307,11.941,10.195,9.281,8.404,7.547,6.116,4.303,2.349,1.48,1.087,0.716,0.262,0,0,0,0,0,0,0,0,0,0,0,0,0,0,0,0,0,0,0,0,0,0,0,0,0,0,0,0,0,0,0,0,0,0,0,0,0,0.726,1.307,1.592,2.015,2.613,2.938,3.867,3.908,4.195,4.446,4.552,5.251,5.425,6.177,6.794,7.892,9.479,10.504,12.115,14.523,15.825,17.558,19.955,20.983,22.357,23.18,23.313,22.374,20.625,19.887,16.613,15.45,13.434,12.023,11.063,10.937,10.484,11.739,10.407,10.582,10.173,10.452,9.977,9.119,8.215,8.566,6.708,6.158,5.087,4.519,3.907,3.31,2.629,1.85,0.974,0.6,0.431,0.278,0.1,0,0,0.028,0,0,0,0
2026-08-30 01:53:00,1,"Normal Scan","Normal Scan",0,"ON",1,1,1,737.7,5,20.9,97,51.1,0.0000000696499,0.0000182241,4.97,8954.6,8.8,736.5,1,"Up Scan","Positive",254,0,4.37,1.6,8,8,0,1,1,30.127,51.398,31.981,9.647,2.496,2139.92,48,21.8,NA,0,0,0,0,0,0,0,0,0,0,0,0,0,0,0,0,0,0,0,0,0,0,0,0,0,0,0,0,0,0,0,118.532,96.741,99.244,83.461,86.269,76.751,68.065,66.908,61.139,47.642,44.44,38.205,40.601,40.153,43.93,43.968,44.916,51.859,50.118,57.316,56.67,60.66,58.942,63.989,63.978,62.301,60.44,52.629,44.39,38.452,30.564,25.237,21.203,18.404,16.551,15.422,15.749,15.71,13.17,13.817,13.372,13.156,12.397,11.721,12.527,11.24,10.709,10.586,8.045,8.035,6.147,4.236,3.743,2.26,1.338,0.79,0.814,0.21,0.054,0,0,0,0,0,0,0,0,0,0,0,0,0,0,0,0,0,0,0,0,0,0,0,0,0,0,0,0,0,0,0,0,0,0,0,0,0.8,1.543,1.816,2.528,2.752,3.586,3.938,4.165,4.837,5.141,4.593,4.866,4.725,5.623,6.183,7.465,8.226,9.235,11.542,12.245,15.013,16.044,18.317,18.849,21.356,22.406,22.698,22.926,20.961,18.807,17.12,14.699,13.463,11.902,11.456,11.031,11.067,11.382,11.489,10.666,10.688,10.284,9.422,8.714,7.755,7.402,6.466,5.582,5.234,3.888,3.687,2.726,1.821,1.58,0.935,0.542,0.314,0.318,0.08,0.02,0,0,0,0,0,0
2026-08-30 01:58:00,1,"Normal Scan","Normal Scan",0,"ON",1,1,1,737.3,5,20.4,97,51.7,0.0000000694992,0.0000182001,4.97,8954.6,8.8,736.5,1,"Up Scan","Positive",254,0,4.37,1.6,8,8,0,1,1,32.093,53.657,33.499,11.14,2.509,1973.82,48,21.6,NA,0,0,0,0,0,0,0,0,0,0,0,0,0,0,0,0,0,0,0,0,0,0,0,0,0,0,0,0,0,0,0,78.665,85.549,91.565,81.769,86.866,67.07,60.979,51.037,50.65,48.932,43.455,39.009,35.73,36.781,37.84,40.306,42.024,45.541,47.802,48.329,49.463,54.822,56.484,56.928,61.828,61.352,57.393,51.317,44.379,38.914,32.963,25.306,22.436,19.369,18.122,15.667,15.586,16.214,13.337,13.234,13.137,13.145,13.034,12.306,12.4,11.224,9.238,9.843,7.628,6.635,6.716,4.712,3.285,2.412,1.432,0.941,0.509,0.159,0.054,0,0,0,0,0,0,0,0,0,0,0,0,0,0,0,0,0,0,0,0,0,0,0,0,0,0,0,0,0,0,0,0,0,0,0,0,0.676,1.033,1.605,2.32,2.719,3.611,3.417,3.758,3.692,4.259,4.708,4.764,4.819,4.962,5.67,6.439,7.524,8.638,10.192,11.61,12.84,14.207,16.675,18.142,19.22,21.775,22.478,22.007,20.597,18.823,17.576,15.617,13.4,12.518,11.68,11.78,11.081,11.258,11.937,10.472,10.202,9.829,9.377,8.792,8.027,7.467,6.31,4.952,4.883,3.717,3.019,2.989,2.026,1.385,1,0.581,0.373,0.199,0.06,0.02,0,0,0,0,0,0
2026-08-30 02:03:00,1,"Normal Scan","Normal Scan",0,"ON",1,1,1,737.3,5,20.4,97,51.5,0.0000000694992,0.0000182001,4.97,8954.6,8.8,736.5,1,"Up Scan","Positive",254,0,4.37,1.6,8,8,0,1,1,30.803,52.173,32.327,9.647,2.532,1986.98,49,21.5,NA,0,0,0,0,0,0,0,0,0,0,0,0,0,0,0,0,0,0,0,0,0,0,0,0,0,0,0,0,0,0,0,119.143,99.424,89.049,83.191,85.384,68.877,64.662,51.512,46.999,40.444,37.724,36.537,35.914,35.646,35.731,35.937,44.241,42.34,46.786,44.54,50.511,54.961,56.853,56.089,59.754,55.426,55.464,51.554,44.495,38.984,30.659,28.303,21.185,19.802,20.494,15.464,17.487,15.836,16.735,13.376,12.979,13.887,11.747,10.936,10.645,9.294,8.996,7.918,7.483,6.859,6.334,3.667,3.683,2.183,1.528,0.593,0.305,0.209,0.109,0.113,0,0,0,0,0,0,0,0,0,0,0,0,0,0,0,0,0,0,0,0,0,0,0,0,0,0,0,0,0,0,0,0,0,0,0,1.006,1.531,1.84,2.248,2.744,3.551,3.53,3.972,3.736,3.946,3.912,4.134,4.535,4.975,5.505,6.067,6.762,9.069,9.531,11.391,11.887,14.314,16.658,18.285,18.99,21.071,20.487,21.414,20.701,19.016,17.529,14.968,14.643,12.465,11.964,12.496,10.958,11.79,11.117,11.65,9.944,9.356,9.333,8.118,7.378,6.35,5.51,4.796,4.048,3.559,3.126,2.799,1.61,1.57,0.904,0.619,0.235,0.119,0.08,0.041,0.045,0.014,0,0,0,0
2026-08-30 02:08:00,1,"Normal Scan","Normal Scan",0,"ON",1,1,1,737.4,5,20.5,97,52.3,0.0000000695293,0.0000182049,4.97,8954.6,8.8,736.5,1,"Up Scan","Positive",254,0,4.37,1.6,8,8,0,1,1,31.16,52.57,32.491,9.647,2.542,1902.78,49,21.4,NA,0,0,0,0,0,0,0,0,0,0,0,0,0,0,0,0,0,0,0,0,0,0,0,0,0,0,0,0,0,0,0,104.904,101.141,99.187,86.151,69.933,62.659,59.221,47.8,41.228,43.829,37.181,34.319,32.497,32.36,32.879,36.415,38.05,41.265,41.766,46.252,48.382,49.354,53.261,53.805,55.667,57.943,55.912,51.172,43.64,36.438,32.895,25.273,23.706,19.643,16.364,17.278,13.687,13.473,13.038,12.402,12.787,13.044,12.379,11.723,10.837,10.832,9.668,8.524,7.343,6.889,4.855,3.999,2.863,2.083,0.812,0.79,0.407,0.212,0.217,0.144,0,0,0,0,0,0,0,0,0,0,0,0,0,0,0,0,0,0,0,0,0,0,0,0,0,0,0,0,0,0,0,0,0,0,0,0.947,1.394,1.881,2.512,2.823,2.889,3.226,3.644,3.468,3.479,4.235,4.072,4.238,4.506,4.99,5.622,6.827,7.825,9.27,10.221,12.214,13.863,15.103,17.172,18.266,19.787,21.239,21.511,20.67,18.408,16.449,15.523,13.208,12.84,11.554,10.799,11.723,10.312,10.234,9.927,9.641,9.367,8.975,8.398,7.254,6.447,5.963,5.091,4.179,3.543,3.126,2.209,1.742,1.223,0.859,0.329,0.314,0.159,0.08,0.081,0.045,0,0,0,0,0
2026-08-30 02:13:00,1,"Normal Scan","Normal Scan",0,"ON",1,1,1,737.2,5,20.2,97,52.2,0.0000000694389,0.0000181905,4.97,8954.6,8.8,736.5,1,"Up Scan","Positive",254,0,4.37,1.6,8,8,0,1,1,32.465,53.451,33.156,9.647,2.55,1845.9,49,21.3,NA,0,0,0,0,0,0,0,0,0,0,0,0,0,0,0,0,0,0,0,0,0,0,0,0,0,0,0,0,0,0,0,109.531,93.357,82.349,82.139,70.01,59.105,59.224,45.219,38.176,36.872,34.805,32.833,32.052,31.671,30.217,35.021,35.305,43.27,37.732,47.308,47.788,50.429,52.704,53.555,52.484,54.997,53.555,50.428,44.113,39.838,30.368,26.599,22.25,20.611,18.239,16.905,17.671,13.062,14.01,13.09,12.489,12.285,12.005,12.331,10.267,10.28,9.348,8.322,7.082,6.476,5.06,4.113,2.488,2.396,0.907,0.593,0.305,0.212,0.054,0,0,0,0,0,0,0,0,0,0,0,0,0,0,0,0,0,0,0,0,0,0,0,0,0,0,0,0,0,0,0,0,0,0,0,0,1.287,1.419,1.731,2.107,2.694,2.925,3.025,3.649,3.282,3.236,3.565,3.827,4.052,4.444,4.861,5.195,6.587,7.305,9.664,9.324,12.386,13.653,15.349,17.047,18.222,18.817,20.315,20.681,20.343,18.84,17.898,14.805,13.747,12.268,12.282,11.514,11.261,12.041,10.062,10.272,9.721,9.296,8.409,8.139,7.521,6.255,5.612,5,4.052,3.366,2.923,2.264,1.766,1.05,0.993,0.368,0.235,0.119,0.08,0.02,0,0,0,0,0,0
2026-08-30 02:18:00,1,"Normal Scan","Normal Scan",0,"ON",1,1,1,737.5,5,20.6,97,52.5,0.0000000695595,0.0000182097,4.97,8954.6,8.8,736.5,1,"Up Scan","Positive",254,0,4.37,1.6,8,8,0,1,1,33.914,54.567,33.829,10.366,2.56,1761.15,49,21.4,NA,0,0,0,0,0,0,0,0,0,0,0,0,0,0,0,0,0,0,0,0,0,0,0,0,0,0,0,0,0,0,0,102.551,104.585,67.518,66.122,65.081,58.188,50.533,44.465,38.165,31.274,33.831,28.899,28.366,27.786,29.543,30.348,38.69,36.003,42.532,44.495,47.409,48.816,47.729,51.515,53.796,54.722,52.899,50.226,45.298,38.063,29.203,26.668,23.159,18.355,16.702,15.053,15.997,14.149,12.281,14.6,15.098,12.667,10.262,10.218,10.454,8.79,8.843,7.749,7.533,6.811,4.951,4.689,2.859,2.431,1.105,0.298,0.508,0.158,0.109,0,0,0,0,0,0,0,0,0,0,0,0,0,0,0,0,0,0,0,0,0,0,0,0,0,0,0,0,0,0,0,0,0,0,0,0,0.851,1.333,1.941,1.703,2.166,2.722,2.992,3.107,3.221,3.207,3.02,3.707,3.587,3.937,4.314,5.049,5.748,7.938,8.089,10.352,11.749,13.509,14.926,15.604,17.632,19.084,20.202,20.415,20.229,19.108,16.81,14.305,13.852,12.522,11.209,11.32,10.478,10.837,10.148,9.441,10.325,10.143,8.788,7.404,6.673,6.445,5.066,4.738,3.799,3.563,3.107,2.191,2.033,1.21,1.008,0.449,0.118,0.199,0.06,0.041,0,0,0,0,0,0
2026-08-30 02:23:00,1,"Normal Scan","Normal Scan",0,"ON",1,1,1,737.1,5,20,97.1,52.7,0.0000000693072,0.0000181809,4.97,8954.6,8.8,736.5,1,"Up Scan","Positive",254,0,4.37,1.6,8,8,0,1,1,36.559,56.629,35.318,9.647,2.568,1616.76,48,21.2,NA,0,0,0,0,0,0,0,0,0,0,0,0,0,0,0,0,0,0,0,0,0,0,0,0,0,0,0,0,0,0,0,84.804,83.278,74.895,65.344,58.197,48.658,39.189,31.417,30.419,28.412,27.262,25.682,21.951,26.258,27.873,29.212,32.917,34.589,37.761,40.783,44.434,47.217,46.671,49.58,51.631,51.591,52.712,47.118,43.889,38.252,31.88,24.643,20.112,19.289,17.342,15.731,14.991,15.237,12.381,13.259,12.604,11.799,9.906,11.362,9.169,9.242,8.707,7.11,7.128,6.285,4.948,4.713,2.765,1.475,1.29,0.937,0.307,0.105,0.054,0,0,0,0,0,0,0,0,0,0,0,0,0,0,0,0,0,0,0,0,0,0,0,0,0,0,0,0,0,0,0,0,0,0,0,0,0.82,1.108,1.532,1.908,2.144,2.427,2.49,2.418,2.286,2.56,2.753,3.008,3.189,3.073,4.069,4.781,5.532,6.821,7.812,9.242,10.836,12.736,14.457,15.189,16.959,18.511,19.238,20.153,19.082,18.549,17.111,15.283,12.925,11.28,11.474,11.057,10.567,10.301,10.829,9.222,9.457,9.042,8.319,6.948,7.158,5.887,5.225,4.459,3.621,3.425,2.874,2.19,2.022,1.167,0.611,0.523,0.373,0.119,0.04,0.02,0,0,0,0,0,0
2026-08-30 02:28:00,1,"Normal Scan","Normal Scan",0,"ON",1,1,1,737.3,5,20.4,97,52.3,0.0000000694992,0.0000182001,4.97,8954.6,8.8,736.5,1,"Up Scan","Positive",254,0,4.37,1.6,8,8,0,1,1,36.815,56.878,35.714,9.647,2.552,1585.24,49,21.2,NA,0,0,0,0,0,0,0,0,0,0,0,0,0,0,0,0,0,0,0,0,0,0,0,0,0,0,0,0,0,0,0,80.866,72.997,68.88,60.865,50.048,51.383,44.182,36.742,32.562,27.815,28.007,22.937,22.703,22.437,27.041,30.098,33.211,34.381,41.484,39.626,45.673,47.082,46.688,49.014,49.815,49.012,50.35,49.19,41.282,37.473,28.96,26.017,22.956,18.25,15.982,15.499,14.792,12.619,12.714,13.261,12.666,11.594,12.806,9.593,10.731,8.79,8.137,7.703,7.424,6.2,5.196,3.312,2.181,1.521,1.337,0.493,0.458,0.21,0,0,0,0,0,0,0,0,0,0,0,0,0,0,0,0,0,0,0,0,0,0,0,0,0,0,0,0,0,0,0,0,0,0,0,0,0,0.768,1.046,1.37,1.752,2.004,2.086,2.637,2.699,2.666,2.732,2.692,3.069,2.862,3.165,3.517,4.643,5.697,6.868,7.745,10.083,10.51,12.948,14.351,15.232,16.785,17.828,18.196,19.539,19.751,17.56,16.666,14.095,13.254,12.444,11.121,10.444,10.473,10.613,9.381,9.623,9.349,8.971,8.095,8.201,6.489,6.193,4.851,4.199,3.868,3.529,2.858,2.269,1.424,0.937,0.63,0.542,0.196,0.179,0.08,0,0,0.014,0,0,0,0
2026-08-30 02:33:00,1,"Normal Scan","Normal Scan",0,"ON",1,1,1,737.3,5,20.2,97.1,52.9,0.0000000693674,0.0000181905,4.97,8954.6,8.8,736.5,1,"Up Scan","Positive",254,0,4.37,1.6,8,8,0,1,1,30.018,51.826,31.146,9.647,2.629,1734.41,49,21.2,NA,0,0,0,0,0,0,0,0,0,0,0,0,0,0,0,0,0,0,0,0,0,0,0,0,0,0,0,0,0,0,0,156.211,120.841,83.582,90.183,65.654,56.712,43.95,35.627,29.961,28.043,22.2,25.989,23.497,23.729,24.074,28.404,32.858,34.116,38.275,40.1,40.047,40.614,44.746,50.08,50.725,51.338,47.418,45.405,40.847,34.059,30.481,23.833,20.412,17.348,14.359,15.472,12.856,13.268,12.035,12.183,13.884,10.32,12.753,11.59,11.287,10.494,9.889,7.618,5.909,5.498,5.029,3.618,2.207,1.178,0.955,0.446,0.152,0.053,0,0,0,0,0,0,0,0,0,0,0,0,0,0,0,0,0,0,0,0,0,0,0,0,0,0,0,0,0,0,0,0,0,0,0,0,0,1.307,2.016,2.267,2.138,2.977,2.699,2.903,2.693,2.579,2.519,2.718,2.446,3.221,3.277,3.698,4.146,5.337,6.732,7.678,9.369,10.654,11.544,12.517,14.593,16.996,18.009,18.99,18.348,18.343,17.131,15.276,14.526,12.243,11.412,10.673,9.992,10.327,10.003,9.965,9.329,9.154,9.653,7.468,7.821,7.092,6.552,5.579,4.896,3.716,2.805,2.46,2.197,1.552,0.931,0.488,0.387,0.177,0.06,0.02,0,0,0,0,0,0,0
2026-08-30 02:38:00,1,"Normal Scan","Normal Scan",0,"ON",1,1,1,737.3,5,20.3,97,52.4,0.0000000694691,0.0000181953,4.97,8954.6,8.8,736.5,1,"Up Scan","Positive",254,0,4.37,1.6,8,8,0,1,1,28.244,51.639,31.16,9.647,2.607,1689,49,21.1,NA,0,0,0,0,0,0,0,0,0,0,0,0,0,0,0,0,0,0,0,0,0,0,0,0,0,0,0,0,0,0,0,133.932,104.618,90.433,73.46,63.965,55.344,49.509,47.675,38.689,37.656,32.094,26.144,27.756,26.126,25.469,28.242,29.167,31.212,35.931,36.18,37.715,40.573,42.215,42.348,45.178,47.338,43.611,44.567,37.999,34.318,26.815,23.117,17.533,16.985,15.308,15.133,13.499,14.973,14.896,12.71,14.997,11.055,12.09,10.165,10.35,9.059,8.741,7.871,6.122,5.366,4.693,3.227,2.517,1.248,0.617,0.296,0.153,0,0,0,0,0,0,0,0,0,0,0,0,0,0,0,0,0,0,0,0,0,0,0,0,0,0,0,0,0,0,0,0,0,0,0,0,0,0,1.193,1.719,1.953,2.302,2.416,2.662,2.852,3.026,3.464,3.261,3.622,3.521,3.229,3.824,4.035,4.356,5.293,6.018,7.04,8.731,9.604,10.858,12.378,13.793,14.519,16.221,17.528,16.849,17.838,16.256,15.435,13.029,12.324,10.396,10.678,10.547,10.159,9.965,10.464,10.366,9.135,10.11,7.55,7.688,6.329,5.913,4.968,4.432,3.721,2.849,2.4,2.053,1.385,1.078,0.515,0.252,0.118,0.06,0,0,0,0.015,0,0,0,0
2026-08-30 02:43:00,1,"Normal Scan","Normal Scan",0,"ON",1,1,1,737.4,5,20.4,97.1,53,0.0000000694276,0.0000182001,4.97,8954.6,8.8,736.5,1,"Up Scan","Positive",254,0,4.37,1.6,8,8,0,1,1,30.648,54.112,33.312,10.366,2.555,1606.93,49,21.2,NA,0,0,0,0,0,0,0,0,0,0,0,0,0,0,0,0,0,0,0,0,0,0,0,0,0,0,0,0,0,0,0,78.806,81.576,63.062,60.548,53.757,55.268,60.877,56.053,49.682,39.912,38.605,30.983,29.296,29.003,32.42,26.896,30.576,34.888,33.674,34.647,36.284,37.604,41.39,42.714,45.362,47.757,46.378,42.269,38.975,31.581,26.589,22.813,16.941,15.8,12.682,14.378,12.02,13.347,13.373,12.988,13.572,12.711,14.207,13.175,11.487,9.395,8.472,7.847,6.172,5.203,4.393,2.884,2.05,1.476,1.05,0.544,0.254,0.266,0,0,0,0,0,0,0,0,0,0,0,0,0,0,0,0,0,0,0,0,0,0,0,0,0,0,0,0,0,0,0,0,0,0,0,0,0,0.758,1.021,1.495,1.602,2.004,2.234,2.835,3.743,4.066,4.171,3.861,4.211,3.836,4.053,4.451,5.474,5.048,6.255,7.777,8.234,9.243,10.502,11.672,13.466,14.684,16.145,17.643,17.823,16.94,16.341,14.131,12.825,12.07,10.044,10.167,9.318,10.187,9.709,10.402,9.833,9.341,9.092,8.557,8.588,7.758,6.402,5.04,4.409,3.818,2.964,2.354,1.976,1.239,0.884,0.611,0.426,0.216,0.099,0.101,0,0,0.014,0,0,0,0
2026-08-30 02:48:00,1,"Normal Scan","Normal Scan",0,"ON",1,1,1,737.2,5,20.1,97.1,52.8,0.0000000693373,0.0000181857,4.97,8954.6,8.8,736.5,1,"Up Scan","Positive",254,0,4.37,1.6,8,8,0,1,1,22.6,49.165,29.342,9.647,2.576,1802.61,49,21.1,NA,0,0,0,0,0,0,0,0,0,0,0,0,0,0,0,0,0,0,0,0,0,0,0,0,0,0,0,0,0,0,0,110.598,101.596,97.907,99.57,87.431,84.466,65.493,72.302,52.097,44.384,41.395,34.234,31.245,28.386,29.92,27.185,30.278,28.765,32.269,35.06,36.5,37.218,40.53,40.746,41.497,42.756,42.794,43.018,37.655,29.753,23.488,21.079,16.351,13.453,14.082,13.368,13.054,13.312,15.044,14.595,13.533,13.524,14.939,13.568,12.408,10.418,8.844,8.213,6.43,4.415,3.45,3.245,1.692,1.477,0.617,0.444,0.254,0.159,0.11,0,0,0,0,0,0,0,0,0,0,0,0,0,0,0,0,0,0,0,0,0,0,0,0,0,0,0,0,0,0,0,0,0,0,0,0,0.934,1.407,1.88,2.506,3.283,3.658,4.328,4.013,5.251,4.38,4.28,4.52,4.223,4.292,4.358,5.083,5.101,6.212,6.512,7.872,9.253,10.424,11.466,13.283,13.965,14.798,15.776,16.52,17.028,15.814,13.591,11.673,11.229,10.106,9.526,10.009,10.037,10.428,10.258,10.912,10.114,9.367,8.852,8.804,7.6,6.882,5.386,4.57,3.91,3.018,1.993,1.56,1.41,0.715,0.611,0.252,0.177,0.099,0.06,0.041,0,0,0,0,0,0
2026-08-30 02:53:00,1,"Normal Scan","Normal Scan",0,"ON",1,1,1,737.5,5,20.5,97.1,53,0.0000000694577,0.0000182049,4.97,8954.6,8.8,736.5,1,"Up Scan","Positive",254,0,4.37,1.6,8,8,0,1,1,22.981,48.336,29.268,9.647,2.542,1815.94,49,21.2,NA,0,0,0,0,0,0,0,0,0,0,0,0,0,0,0,0,0,0,0,0,0,0,0,0,0,0,0,0,0,0,0,107.185,97.131,105.635,90.665,89.425,82.656,75.866,62.542,54.692,44.581,42.344,38.718,30.29,30.548,28.302,26.114,34.827,32.073,38.97,38.152,39.026,40.861,40.378,42.369,39.119,42.107,42.533,40.285,35.441,30.199,24.473,20.328,16.909,13.004,14.898,14.383,12.03,14.367,15.227,14.999,13.512,13.371,14.088,13.962,11.709,9.186,8.914,6.93,6.263,5.335,3.146,1.911,1.474,1.107,0.622,0.395,0.254,0.053,0.054,0,0,0,0,0,0,0,0,0,0,0,0,0,0,0,0,0,0,0,0,0,0,0,0,0,0,0,0,0,0,0,0,0,0,0,0,1.153,1.394,1.842,2.682,2.993,3.737,4.242,4.662,4.556,4.62,4.304,4.62,4.765,4.193,4.696,4.823,4.937,7.107,7.18,9.399,9.928,11.092,12.365,13.13,14.448,14.067,15.585,16.313,16.182,14.951,13.804,12.093,10.998,10.487,9.258,10.384,10.287,9.714,10.802,10.71,10.132,8.944,8.536,8.446,7.727,6.215,4.755,4.407,3.363,2.941,2.402,1.401,0.821,0.621,0.458,0.252,0.157,0.099,0.02,0.02,0,0,0,0,0,0
2026-08-30 02:58:00,1,"Normal Scan","Normal Scan",0,"ON",1,1,1,737.1,5,20,97.1,53.2,0.0000000693072,0.0000181809,4.97,8954.6,8.8,736.5,1,"Up Scan","Positive",254,0,4.37,1.6,8,8,0,1,1,24.895,47.875,29.697,9.647,2.483,1895.86,49,21,NA,0,0,0,0,0,0,0,0,0,0,0,0,0,0,0,0,0,0,0,0,0,0,0,0,0,0,0,0,0,0,0,103.855,90.675,95.14,86.941,77.528,85.857,83.035,72.439,56.963,53.192,43.257,38.382,35.559,38.115,33.841,39.512,42.446,42.187,43.444,43.967,44.875,46.006,47.396,44.419,45.627,41.312,42.034,38.309,35.655,27.129,24.788,18.613,17.123,14.921,14.396,12.852,14.997,14.346,13.827,15.551,16.924,15.892,14.016,13.7,11.289,9.528,8.51,6.059,5.23,5.113,3.47,2.248,1.558,0.831,0.383,0.346,0.202,0,0.054,0,0,0,0,0,0,0,0,0,0,0,0,0,0,0,0,0,0,0,0,0,0,0,0,0,0,0,0,0,0,0,0,0,0,0,0,1.111,1.307,1.717,2.401,2.888,3.252,4.404,5.1,5.255,4.8,5.126,4.741,4.754,4.93,5.857,5.769,7.361,8.618,9.366,10.447,11.461,12.529,13.822,15.046,14.99,16.065,15.293,16.149,15.435,15.192,12.519,12.361,10.579,10.386,10.258,10.593,10.061,11.036,10.507,9.989,10.541,10.401,9.282,8.445,7.561,6.083,4.889,4.164,2.878,2.491,2.274,1.534,0.966,0.657,0.344,0.155,0.137,0.079,0,0.02,0,0,0,0,0,0
2026-08-30 03:03:00,1,"Normal Scan","Normal Scan",0,"ON",1,1,1,737.4,5,20.4,97.1,52.9,0.0000000694276,0.0000182001,4.97,8954.6,8.8,736.5,1,"Up Scan","Positive",254,0,4.37,1.6,8,8,0,1,1,23.132,34.063,24.907,15.963,2.004,4473.22,50,21.2,NA,0,0,0,0,0,0,0,0,0,0,0,0,0,0,0,0,0,0,0,0,0,0,0,0,0,0,0,0,0,0,0,165.215,170.574,195.783,183.576,189.867,189.494,183.322,201.527,196.005,169.551,162.7,138.904,141.245,159.478,184.848,190.919,182.88,184.042,183.663,157.18,140.991,111.084,91.785,74.227,59.412,50.889,43.07,40.86,36.201,29.365,23.183,17.471,14.556,14.476,12.766,13.394,14.383,12.992,14.324,13.999,15.061,15.563,13.621,14.064,11.276,9.358,8.334,6.738,5.721,4.334,3.313,1.974,1.563,0.969,0.574,0.295,0.204,0,0.054,0,0,0,0,0,0,0,0,0,0,0,0,0,0,0,0,0,0,0,0,0,0,0,0,0,0,0,0,0,0,0,0,0,0,0,0,1.505,2.128,3.198,4.984,6.073,7.916,9.754,11.296,14.623,16.531,16.445,17.908,17.231,19.603,24.493,30.994,34.944,36.269,39.369,42.15,38.74,37.169,31.403,27.871,24.044,20.454,18.347,16.358,16.226,15.268,13.371,11.679,9.829,9.394,9.671,9.695,10.183,10.62,10.236,10.085,9.552,9.59,9.376,7.972,7.74,5.976,4.848,4.128,3.234,2.657,1.958,1.466,0.848,0.659,0.401,0.232,0.118,0.079,0,0.02,0,0,0,0,0,0
2026-08-30 03:08:00,1,"Normal Scan","Normal Scan",0,"ON",1,1,1,737.1,5,20,97.1,53.5,0.0000000693072,0.0000181809,4.97,8954.6,8.8,736.5,1,"Up Scan","Positive",254,0,4.37,1.6,8,8,0,1,1,24.087,33.094,25.374,28.387,1.882,5339.39,49,21,NA,0,0,0,0,0,0,0,0,0,0,0,0,0,0,0,0,0,0,0,0,0,0,0,0,0,0,0,0,0,0,0,136.377,143.859,152.618,166.891,167.979,188.068,214.432,220.175,211.933,231.348,249.267,263.555,267.073,277.821,289.829,301.024,277.239,241.309,204.538,170.222,145.104,114.559,91.69,78.702,65.61,51.596,44.739,42.16,31.903,27.705,23.886,20.468,16.139,12.4,12.082,13.327,13.334,12.603,14.679,15.816,15.448,16.138,13.373,13.293,11.977,10.616,8.543,6.533,5.257,4.105,3.824,2.405,1.51,0.881,0.617,0.492,0.206,0.053,0,0.056,0,0,0,0,0,0,0,0,0,0,0,0,0,0,0,0,0,0,0,0,0,0,0,0,0,0,0,0,0,0,0,0,0,0,0,1.163,1.768,2.708,3.895,5.534,7.027,9.698,13.243,16.071,17.96,22.47,27.512,32.628,36.741,42.165,48.211,54.547,54.417,51.239,46.87,41.975,38.234,32.378,27.808,25.25,22.333,18.764,17.119,16.677,13.553,12.632,11.851,11.058,10.11,9.084,9.4,10.428,10.069,9.874,10.475,10.7,9.828,9.566,7.78,7.57,6.431,5.444,4.243,3.15,2.446,1.883,1.687,1.051,0.638,0.365,0.252,0.196,0.079,0.02,0,0.021,0,0,0,0,0
2026-08-30 03:13:00,1,"Normal Scan","Normal Scan",0,"ON",1,1,1,737.5,5,20.5,97.1,53,0.0000000694577,0.0000182049,4.97,8954.6,8.8,736.5,1,"Up Scan","Positive",254,0,4.37,1.6,8,8,0,1,1,27.666,36.642,28.253,30.505,1.89,4592.68,50,21.2,NA,0,0,0,0,0,0,0,0,0,0,0,0,0,0,0,0,0,0,0,0,0,0,0,0,0,0,0,0,0,0,0,123.953,103.152,97.007,101.498,97.289,100.677,120.077,130.15,153.21,149.854,161.867,189.675,232.664,236.603,261.178,289.733,306.136,283.483,234.628,200.271,163.092,131.579,106.329,81.264,66.206,52.908,47.289,40.652,34.385,27.99,22.041,18.46,14.275,13.939,12.153,12.432,13.084,14.473,14.188,15.66,17.461,15.371,14.746,12.998,12.021,9.925,7.302,6.829,5.235,4.962,4.001,2.473,1.201,1.433,0.62,0.344,0.203,0,0.054,0,0,0,0,0,0,0,0,0,0,0,0,0,0,0,0,0,0,0,0,0,0,0,0,0,0,0,0,0,0,0,0,0,0,0,0,1.027,1.606,1.927,2.453,3.364,4.072,5.198,7.466,9.525,12.988,14.649,18.004,23.732,32.232,36.144,43.705,52.65,60.199,60.128,53.594,49.113,42.837,37.042,31.933,26.043,22.575,19.004,17.817,16.259,14.411,12.702,11.167,10.436,9.269,9.745,9.74,9.863,10.199,10.672,10.222,10.441,10.76,9.175,8.726,7.436,6.486,5.006,3.776,3.29,2.462,2.21,1.766,1.062,0.507,0.593,0.252,0.137,0.079,0,0.02,0,0,0,0,0,0
2026-08-30 03:18:00,1,"Normal Scan","Normal Scan",0,"ON",1,1,1,737.2,5,20.1,97.1,53.7,0.0000000693373,0.0000181857,4.97,8954.6,8.8,736.5,1,"Up Scan","Positive",254,0,4.37,1.6,8,8,0,1,1,29.269,35.752,28.305,30.505,1.858,5651.05,50,21.1,NA,0,0,0,0,0,0,0,0,0,0,0,0,0,0,0,0,0,0,0,0,0,0,0,0,0,0,0,0,0,0,0,161.992,146.726,126.886,145.087,149.689,147.25,152.964,147.858,155.582,145.055,142.651,149.256,170.962,257.092,311.785,344.579,381.201,377.926,372.375,329.321,268.199,211.423,163.331,119.791,81.111,63.049,48.03,41.369,34.791,28.415,22.8,18.761,15.186,15.121,12.959,13.373,13.227,15.106,16.287,16.091,16.586,16.732,16.026,14.506,11.001,9.68,7.948,6.636,5.386,4.024,3.235,1.849,1.352,0.648,0.286,0.296,0.152,0.053,0,0,0,0,0,0,0,0,0,0,0,0,0,0,0,0,0,0,0,0,0,0,0,0,0,0,0,0,0,0,0,0,0,0,0,0,0,1.402,2.103,2.776,3.224,4.805,6.263,7.545,9.432,10.799,13.23,14.231,15.992,18.983,24.267,39.855,52.732,63.223,75.384,80.521,84.907,80.246,69.812,58.638,48.347,37.671,27.302,22.512,18.141,16.478,14.751,13.094,11.443,10.658,9.943,10.52,9.94,10.514,10.55,11.102,10.993,10.468,10.271,9.705,9.083,7.867,5.831,4.909,3.856,3.106,2.526,1.79,1.429,0.793,0.571,0.269,0.116,0.118,0.06,0.02,0,0,0,0,0,0,0
2026-08-30 03:23:00,1,"Normal Scan","Normal Scan",0,"ON",1,1,1,737.4,5,20.4,97.1,53.2,0.0000000694276,0.0000182001,4.97,8954.6,8.8,736.5,1,"Up Scan","Positive",254,0,4.37,1.6,8,8,0,1,1,23.7,30.284,24.43,28.387,1.781,8222.95,50,21.1,NA,0,0,0,0,0,0,0,0,0,0,0,0,0,0,0,0,0,0,0,0,0,0,0,0,0,0,0,0,0,0,0,206.16,231.172,230.607,242.376,265.451,294.774,335.64,355.539,373.533,380.556,387.664,400.53,414.865,432.884,426.355,438.224,421.626,384.803,360.977,311.419,263.972,216.594,165.353,115.917,83.68,60.791,48.197,39.709,33.751,26.057,22.3,18.049,15.79,12.452,13.687,13.856,14.386,15.904,15.399,16.296,17.762,15.725,14.408,13.759,12.312,9.2,7.598,6.454,5.918,4.71,3.139,1.649,1.204,0.875,0.432,0.196,0.103,0.104,0.109,0,0,0,0,0,0,0,0,0,0,0,0,0,0,0,0,0,0,0,0,0,0,0,0,0,0,0,0,0,0,0,0,0,0,0,0,1.735,2.652,4.332,5.879,8.026,11.076,15.174,20.768,25.908,31.614,36.947,42.675,49.491,57.112,65.874,71.161,79.687,83.232,81.915,82.283,75.985,68.685,60.076,48.83,36.513,27.963,21.661,18.152,15.91,14.236,12.206,11.389,10.463,10.083,9.284,10.592,10.484,10.68,11.474,10.772,10.636,10.573,9.339,8.428,7.706,6.318,4.678,3.736,3.122,2.682,2.137,1.389,0.723,0.508,0.363,0.174,0.078,0.04,0.04,0.041,0,0,0,0,0,0
2026-08-30 03:28:00,1,"Normal Scan","Normal Scan",0,"ON",1,1,1,737.3,5,20.2,97.1,53.8,0.0000000693674,0.0000181905,4.97,8954.6,8.8,736.5,1,"Up Scan","Positive",254,0,4.37,1.6,8,8,0,1,1,26.454,34.285,27.068,26.416,1.837,5902.91,50,21.1,NA,0,0,0,0,0,0,0,0,0,0,0,0,0,0,0,0,0,0,0,0,0,0,0,0,0,0,0,0,0,0,0,149.496,122.639,129.454,137.986,159.444,162.733,174.726,184.194,197.87,222.187,244.927,273.394,298.339,325.331,336.437,329.757,329.227,306.796,272.46,276.512,257.54,209.292,148.788,104.477,72.621,57.826,47.559,37.113,33.55,25.377,20.303,17.36,16.028,14.73,14.154,12.299,14.31,16.846,14.976,13.726,15.846,17.634,14.844,14.55,11.644,10.827,9.35,6.746,5.588,4.383,3.13,2.12,1.466,0.875,0.572,0.298,0.203,0.052,0,0,0,0,0,0,0,0,0,0,0,0,0,0,0,0,0,0,0,0,0,0,0,0,0,0,0,0,0,0,0,0,0,0,0,0,0,1.318,1.917,2.304,3.31,4.598,6.646,8.395,10.792,13.479,16.857,21.671,27.131,33.913,41.172,49.521,56.354,60.444,65.338,65.531,62.411,67.532,67.042,57.991,44.02,32.992,24.442,20.598,17.888,15.083,14.362,11.806,10.451,10.316,10.143,9.957,10.385,10.33,10.862,12.07,10.693,9.755,9.978,10.348,8.606,7.922,6.185,5.514,4.563,3.22,2.622,1.973,1.37,0.911,0.619,0.363,0.232,0.118,0.079,0.02,0,0,0,0,0,0,0
2026-08-30 03:33:00,1,"Normal Scan","Normal Scan",0,"ON",1,1,1,737.3,5,20.2,97.1,53.4,0.0000000693674,0.0000181905,4.97,8954.6,8.8,736.5,1,"Up Scan","Positive",254,0,4.37,1.6,8,8,0,1,1,25.105,31.275,25.74,24.582,1.737,8320.61,50,21.1,NA,0,0,0,0,0,0,0,0,0,0,0,0,0,0,0,0,0,0,0,0,0,0,0,0,0,0,0,0,0,0,0,187.845,145.783,196.598,194.706,209.665,224.661,240.946,274.88,302.495,366.3,418.251,476.539,515.192,522.905,491.914,450.132,460.425,451.808,410.953,359.932,307.479,244.29,177.44,128.361,83.373,63.463,49.163,39.895,32.123,26.007,19.945,17.977,16.048,13.119,13.589,14.315,14.799,13.29,14.141,14.491,15.768,15.665,15.681,13.21,12.301,10.14,10.451,6.445,4.634,3.535,2.546,2.165,0.983,0.968,0.524,0.148,0.05,0.104,0.055,0,0,0,0,0,0,0,0,0,0,0,0,0,0,0,0,0,0,0,0,0,0,0,0,0,0,0,0,0,0,0,0,0,0,0,0,1.37,2.427,2.74,5.042,6.479,8.789,11.609,14.975,20.123,25.75,35.652,46.081,58.896,70.879,79.448,82.126,82.165,90.974,96.015,93.586,87.596,79.851,67.511,52.224,40.201,27.842,22.455,18.488,16.011,13.729,12.025,10.436,10.262,9.926,9.37,10.121,10.75,11.273,10.074,10.255,9.946,10.133,9.141,8.639,7.158,6.432,5.05,5.118,3.054,2.131,1.6,1.114,0.946,0.414,0.401,0.213,0.059,0.02,0.04,0.02,0,0,0,0,0,0
2026-08-30 03:38:00,1,"Normal Scan","Normal Scan",0,"ON",1,1,1,737.4,5,20.4,97.1,53.9,0.0000000694276,0.0000182001,4.97,8954.6,8.8,736.5,1,"Up Scan","Positive",254,0,4.37,1.6,8,8,0,1,1,25.261,30.696,25.449,28.387,1.712,8830.48,50,21.1,NA,0,0,0,0,0,0,0,0,0,0,0,0,0,0,0,0,0,0,0,0,0,0,0,0,0,0,0,0,0,0,0,160.186,163.551,188.121,201.065,220.857,248.224,282.02,330.582,364.595,396.268,427.182,444.559,506.687,556.111,583.791,586.191,557.095,500.061,443.91,367.29,284.126,208.083,150.921,110.104,82.409,56.857,47.227,37.776,33.567,24.149,22.269,18.413,14.156,12.662,12.062,14.068,12.694,13.807,13.799,14.278,16.629,15.784,14.952,14.747,12.198,11.245,7.748,7.081,5.746,4.988,2.509,2.163,1.16,0.787,0.617,0.245,0,0.052,0.055,0,0,0,0,0,0,0,0,0,0,0,0,0,0,0,0,0,0,0,0,0,0,0,0,0,0,0,0,0,0,0,0,0,0,0,0,1.34,2.078,3.088,4.783,6.657,9.26,12.834,17.495,24.211,31.004,38.606,47.211,55.234,69.89,84.551,97.17,106.098,109.05,105.644,100.611,89.277,73.677,57.689,44.602,34.756,27.469,20.325,17.822,15.062,14.057,11.355,11.216,10.283,9.26,9.028,9.593,10.826,10.103,10.631,10.282,9.99,10.113,9.442,8.779,7.936,6.409,5.577,3.845,3.402,2.609,2.229,1.095,0.946,0.489,0.325,0.252,0.098,0,0.02,0.02,0,0,0,0,0,0
2026-08-30 03:43:00,1,"Normal Scan","Normal Scan",0,"ON",1,1,1,737.2,5,20.1,97.1,53.6,0.0000000693373,0.0000181857,4.97,8954.6,8.8,736.5,1,"Up Scan","Positive",254,0,4.37,1.6,8,8,0,1,1,25.267,30.427,25.526,30.505,1.688,10125.4,50,21,NA,0,0,0,0,0,0,0,0,0,0,0,0,0,0,0,0,0,0,0,0,0,0,0,0,0,0,0,0,0,0,0,166.286,176.46,192.544,209.494,237.914,266.108,320.644,391.345,451.89,494.56,522.471,534.547,580.008,596.927,621.717,619.184,625.463,584.755,534.223,446.71,372.481,279.617,205.049,130.539,87.262,63.382,48.472,38.921,31.082,24.693,21.941,17.092,14.879,11.075,12.445,13.772,14.768,14.435,14.762,16.097,15.645,15.321,15.599,15.39,11.494,10.335,9.273,7.491,5.929,4.036,3.1,2.268,1.867,0.648,0.478,0.098,0.153,0.106,0.109,0,0,0,0,0,0,0,0,0,0,0,0,0,0,0,0,0,0,0,0,0,0,0,0,0,0,0,0,0,0,0,0,0,0,0,0,1.312,2.154,3.298,4.915,6.992,9.963,13.785,19.928,28.645,38.36,48.092,57.652,66.272,79.994,90.991,103.761,112.645,123.085,123.839,121.142,108.376,96.383,77.088,60.055,40.793,29.082,22.407,18.261,15.398,13.162,11.58,11.204,9.901,9.649,8.787,9.679,10.454,11.298,11.068,10.466,10.75,10.239,9.342,8.894,8.343,6.114,5.374,4.498,3.53,2.707,1.828,1.394,0.983,0.79,0.269,0.194,0.039,0.06,0.04,0.041,0,0,0,0,0,0
2026-08-30 03:48:00,1,"Normal Scan","Normal Scan",0,"ON",1,1,1,737.5,5,20.5,97.1,53.8,0.0000000694577,0.0000182049,4.97,8954.6,8.8,736.5,1,"Up Scan","Positive",254,0,4.37,1.6,8,8,0,1,1,26.34,31.725,26.258,30.505,1.727,8924.34,50,21.2,NA,0,0,0,0,0,0,0,0,0,0,0,0,0,0,0,0,0,0,0,0,0,0,0,0,0,0,0,0,0,0,0,172.877,178.161,181.937,205.317,231.092,227.847,247.072,289.418,310.122,347.326,404.854,437.483,492.064,510.772,511.389,543.327,548.245,545.967,527.837,472.429,379.069,276.88,187.856,133.641,84.701,60.954,49.212,37.056,32.493,24.895,19.674,16.367,14.873,13.849,13.754,13.782,15.167,13.667,14.227,15.35,14.37,15.305,13.648,15.542,12.62,11.146,9.544,7.215,6.837,5.544,3.979,2.162,1.47,0.782,0.715,0.245,0.102,0.052,0,0.056,0,0,0,0,0,0,0,0,0,0,0,0,0,0,0,0,0,0,0,0,0,0,0,0,0,0,0,0,0,0,0,0,0,0,0,1.328,2.24,3.299,4.621,6.819,9.644,11.712,15.276,21.197,26.344,33.883,44.755,54.368,68.064,78.088,85.965,99.267,108.101,115.688,119.79,114.409,97.946,76.273,55.165,41.711,28.241,21.589,18.403,14.888,13.831,11.668,10.411,9.609,9.337,9.761,10.141,10.575,11.19,10.907,10.693,10.572,9.606,9.56,8.334,8.639,6.669,5.657,4.649,3.481,3.116,2.494,1.738,0.946,0.621,0.325,0.29,0.098,0.04,0.02,0,0.022,0,0,0,0,0
2026-08-30 03:53:00,1,"Normal Scan","Normal Scan",0,"ON",1,1,1,737.1,5,20,97.1,53.9,0.0000000693072,0.0000181809,4.97,8954.6,8.8,736.5,1,"Up Scan","Positive",254,0,4.37,1.6,8,8,0,1,1,25.335,30.408,25.397,26.416,1.698,10059.3,50,21,NA,0,0,0,0,0,0,0,0,0,0,0,0,0,0,0,0,0,0,0,0,0,0,0,0,0,0,0,0,0,0,0,184.604,171.517,195.972,229.828,270.255,295.859,354.945,376.97,409.918,456.538,480.96,513.105,558.64,585.026,627.07,623.951,613.754,586.432,540.079,470.201,383.954,283.524,179.211,113.524,80.238,57.206,47.461,39.688,32.145,24.082,19.183,18.135,13.601,11.987,14.549,16.156,12.958,13.024,16.74,15.474,13.671,14.038,16.232,14.445,12.932,10.627,10.188,8.365,6.323,4.799,3.706,2.543,1.203,0.875,0.448,0.176,0.254,0.052,0,0,0,0,0,0,0,0,0,0,0,0,0,0,0,0,0,0,0,0,0,0,0,0,0,0,0,0,0,0,0,0,0,0,0,0,0,1.349,2.427,3.246,5.021,7.643,11.315,15.245,21.936,27.577,34.797,44.481,53.143,63.692,77.172,89.255,104.78,113.598,120.753,123.93,122.228,113.801,99.131,78.083,52.738,35.746,26.744,20.387,17.893,15.68,13.727,11.592,10.117,10.092,9.081,9.195,10.371,11.329,10.703,10.568,11.653,10.732,9.397,9.042,9.302,8.098,6.894,5.344,4.956,3.923,2.91,2.171,1.622,1.094,0.508,0.363,0.182,0.07,0.099,0.02,0,0,0,0,0,0,0
2026-08-30 03:58:00,1,"Normal Scan","Normal Scan",0,"ON",1,1,1,737.5,5,20.5,97.1,53.6,0.0000000694577,0.0000182049,4.97,8954.6,8.8,736.5,1,"Up Scan","Positive",254,0,4.37,1.6,8,8,0,1,1,24.735,31.38,25.171,28.387,1.791,7771.87,50,21.2,NA,0,0,0,0,0,0,0,0,0,0,0,0,0,0,0,0,0,0,0,0,0,0,0,0,0,0,0,0,0,0,0,192.015,177.166,205.13,228.697,260.611,279.612,294.456,281.797,280.454,320.252,357.861,392.114,398.731,381.867,400.757,438.901,436.667,425.312,383.269,336.521,266.028,212.921,152.892,108.155,80.113,60.982,48.408,37.898,32.272,25.835,20.748,17.421,14.973,13.654,13.015,12.174,13.759,15.252,14.986,13.16,14.76,14.051,14.744,13.924,13.945,13.892,10.919,7.429,7.07,4.929,3.785,2.28,1.754,0.876,0.476,0.099,0.102,0,0,0,0,0,0,0,0,0,0,0,0,0,0,0,0,0,0,0,0,0,0,0,0,0,0,0,0,0,0,0,0,0,0,0,0,0,0,1.743,2.49,3.311,5.23,7.603,10.897,14.391,18.22,20.54,23.745,31.139,39.513,48.591,55.008,58.292,67.187,79.852,85.994,90.167,87.132,81.881,69.227,59,45.192,34.073,26.828,21.621,18.184,15.189,13.795,11.909,10.508,10.073,9.645,9.375,9.873,9.864,10.863,11.305,11.409,10.355,9.973,8.977,8.653,7.893,7.251,6.989,5.293,3.48,3.229,2.192,1.656,0.979,0.743,0.363,0.194,0.039,0.04,0,0,0,0,0,0,0,0
2026-08-30 04:03:00,1,"Normal Scan","Normal Scan",0,"ON",1,1,1,737.1,5,20,97.1,54,0.0000000693072,0.0000181809,4.97,8954.6,8.8,736.5,1,"Up Scan","Positive",254,0,4.37,1.6,8,8,0,1,1,23.076,30.47,24.16,26.416,1.797,7731.27,50,21,NA,0,0,0,0,0,0,0,0,0,0,0,0,0,0,0,0,0,0,0,0,0,0,0,0,0,0,0,0,0,0,0,205.463,201.359,218.182,230.52,259.517,282.217,295.06,344.67,360.725,385.292,404.648,421.337,425.293,420.732,428.453,405.513,392.153,346.466,311.966,251.347,207.705,157.283,124.663,97.693,71.083,56.594,46.414,38.991,33.301,25.075,22.472,18.055,15.421,13.683,13.081,11.913,11.612,13.653,13.885,16.281,15.298,16.872,15.797,14.682,13.536,12.051,10.122,9.376,7.305,5.964,3.535,3.049,1.802,1.084,0.571,0.098,0.204,0.052,0.108,0,0,0,0,0,0,0,0,0,0,0,0,0,0,0,0,0,0,0,0,0,0,0,0,0,0,0,0,0,0,0,0,0,0,0,0,1.829,2.676,3.76,5.562,7.673,10.856,14.558,18.256,25.148,30.551,37.415,44.555,51.969,58.385,63.856,71.157,73.543,76.931,73.492,71.122,61.419,54.266,43.985,37.143,30.955,23.947,20.358,17.464,15.623,14.113,11.587,11.285,10.056,9.748,9.883,10.033,10.176,10.093,10.863,10.989,11.139,10.665,10.595,9.594,8.154,7.308,6.187,5,4.398,3.335,2.688,1.577,1.31,0.761,0.45,0.232,0.039,0.079,0.02,0.041,0,0,0,0,0,0
2026-08-30 04:08:00,1,"Normal Scan","Normal Scan",0,"ON",1,1,1,737.5,5,20.5,97.1,53.3,0.0000000694577,0.0000182049,4.97,8954.6,8.8,736.5,1,"Up Scan","Positive",254,0,4.37,1.6,8,8,0,1,1,28.069,33.103,27.254,30.505,1.746,8096.91,50,21.2,NA,0,0,0,0,0,0,0,0,0,0,0,0,0,0,0,0,0,0,0,0,0,0,0,0,0,0,0,0,0,0,0,192.302,186.668,168.908,163.794,171.213,186.695,190.976,218.866,239.003,234.88,256.575,297.468,349.301,453.672,542.215,600.603,626.173,596.083,541.033,432.203,322.587,238.128,175.486,129.603,96.235,64.679,49.382,39.795,29.045,24.908,20.224,16.961,15.382,15.579,14.494,13.925,13.994,13.667,13.715,13.482,14.94,16.883,13.89,15.214,14.505,11.883,10.484,7.715,6.964,4.906,4.282,2.717,1.119,1.018,0.239,0.197,0,0.052,0,0,0,0,0,0,0,0,0,0,0,0,0,0,0,0,0,0,0,0,0,0,0,0,0,0,0,0,0,0,0,0,0,0,0,0,0,2.065,2.44,3.472,4.279,5.434,7.152,9.627,11.856,16.042,20.36,23.082,28.742,37.506,48.99,69.78,90.789,109.032,122.703,125.848,122.596,104.978,83.631,65.863,51.659,40.417,31.915,22.812,18.592,15.901,12.664,11.801,10.388,9.657,9.759,10.28,10.54,11.054,10.751,11.069,10.763,9.958,10.18,10.042,8.431,8.557,7.663,5.89,5.1,3.597,3.177,2.191,1.873,1.168,0.488,0.421,0.097,0.078,0,0.02,0,0,0.014,0,0,0,0
2026-08-30 04:13:00,1,"Normal Scan","Normal Scan",0,"ON",1,1,1,737.2,5,20.1,97.1,53.9,0.0000000693373,0.0000181857,4.97,8954.6,8.8,736.5,1,"Up Scan","Positive",254,0,4.37,1.6,8,8,0,1,1,23.68,30.124,24.508,24.582,1.747,8675.88,49,21.1,NA,0,0,0,0,0,0,0,0,0,0,0,0,0,0,0,0,0,0,0,0,0,0,0,0,0,0,0,0,0,0,0,219.568,218.214,181.395,232.19,252.221,282.947,294.284,327.31,354.791,434.646,483.975,518.032,554.978,555.004,513.608,480.318,434.562,392.822,355.495,314.813,262.784,209.821,153.99,104.535,71.878,57.041,43.997,36.784,31.258,25.854,19.886,17.812,14.593,15.081,12.524,14.048,13.572,14.253,14.989,13.862,16.1,15.206,15.744,14.757,13.138,12.579,9.588,8.224,5.858,5.436,3.77,2.551,1.604,1.062,0.334,0.148,0.051,0,0,0,0,0,0,0,0,0,0,0,0,0,0,0,0,0,0,0,0,0,0,0,0,0,0,0,0,0,0,0,0,0,0,0,0,0,0,2.046,2.838,4.098,4.619,7.703,10.547,14.604,18.249,23.967,30.197,42.317,53.236,63.841,76.105,84.01,85.336,87.143,85.568,83.429,80.902,76.611,68.275,58.102,45.463,32.98,24.189,20.265,16.721,14.832,13.365,12.014,10.362,10.124,9.567,10.117,9.844,10.804,10.853,11.028,11.184,10.329,10.469,9.386,9.16,8.332,6.957,6.346,4.712,3.834,2.666,2.425,1.649,1.097,0.678,0.439,0.136,0.059,0.02,0,0,0,0,0,0,0,0
2026-08-30 04:18:00,1,"Normal Scan","Normal Scan",0,"ON",1,1,1,737.2,5,20.1,97.1,53.3,0.0000000693373,0.0000181857,4.97,8954.6,8.8,736.5,1,"Up Scan","Positive",254,0,4.37,1.6,8,8,0,1,1,23.359,29.914,23.922,26.416,1.788,8450.82,49,21.1,NA,0,0,0,0,0,0,0,0,0,0,0,0,0,0,0,0,0,0,0,0,0,0,0,0,0,0,0,0,0,0,0,265.122,253.935,262.491,262.187,291.181,316.256,331.61,340.43,354.801,381.037,400.799,420.392,445.215,457.626,460.065,458.197,450.381,410.843,366.235,318.928,249.933,188.581,132.798,95.01,70.813,51.902,42.116,37.097,28.081,25.019,18.897,15.962,15.587,14.896,14.76,14.331,13.693,15.693,13.671,14.716,16.087,14.849,15.967,14.007,14.148,12.553,11.231,8.347,7.005,4.953,3.584,2.929,1.919,0.873,0.521,0.2,0.254,0.107,0,0,0,0,0,0,0,0,0,0,0,0,0,0,0,0,0,0,0,0,0,0,0,0,0,0,0,0,0,0,0,0,0,0,0,0,0,2.439,3.423,4.717,6.685,8.672,12.154,16.261,20.528,24.825,30.07,37.007,44.159,52.036,61.332,69.548,76.716,83.214,88.407,86.904,83.142,77.546,64.882,52.255,39.365,29.976,23.835,18.488,16.031,15.003,12.358,11.772,9.889,9.548,9.967,10.088,10.861,10.963,11.088,11.618,10.913,10.651,10.792,9.627,9.327,7.826,7.607,6.454,5.441,3.927,3.23,2.221,1.597,1.261,0.81,0.363,0.212,0.08,0.099,0.04,0,0,0,0,0,0,0
2026-08-30 04:23:00,1,"Normal Scan","Normal Scan",0,"ON",1,1,1,737.3,5,20.3,97.1,53.7,0.0000000693975,0.0000181953,4.97,8954.6,8.8,736.5,1,"Up Scan","Positive",254,0,4.37,1.6,8,8,0,1,1,25.155,30.133,24.997,30.505,1.717,10450.4,49,21.1,NA,0,0,0,0,0,0,0,0,0,0,0,0,0,0,0,0,0,0,0,0,0,0,0,0,0,0,0,0,0,0,0,231.763,232.866,258.485,259.916,292.956,317.695,355.137,386.665,419.238,446.296,491.343,530.209,538.244,576.494,626.814,677.905,682.199,615.638,545.552,451.229,355.619,267.798,185.639,127.211,88.094,62.732,45.501,35.359,30.737,25.599,21.257,19.492,15.48,15.15,14.527,13.653,15.781,13.603,14.392,15.016,14.269,16.698,15.579,15.659,16.992,13.002,9.761,9.075,6.398,5.448,3.254,1.845,1.316,0.787,0.665,0.198,0.05,0.053,0.054,0,0,0,0,0,0,0,0,0,0,0,0,0,0,0,0,0,0,0,0,0,0,0,0,0,0,0,0,0,0,0,0,0,0,0,0,1.795,2.987,4.32,6.589,8.666,12.269,16.401,21.975,28.26,35.573,43.489,54.32,65.86,74.515,88.021,104.702,122.991,133.746,129.997,123.59,109.411,92.01,73.799,54.424,39.736,29.436,22.266,17.315,14.366,13.29,12.078,10.954,10.929,9.836,10.436,10.681,10.972,11.84,11.182,11.618,10.867,9.702,10.174,9.242,8.568,8.566,6.442,4.806,4.252,2.93,2.433,1.439,0.793,0.554,0.325,0.271,0.078,0.02,0.02,0.02,0,0,0,0,0,0
2026-08-30 04:28:00,1,"Normal Scan","Normal Scan",0,"ON",1,1,1,737.2,5,20.1,97.1,53.2,0.0000000693373,0.0000181857,4.97,8954.6,8.8,736.5,1,"Up Scan","Positive",254,0,4.37,1.6,8,8,0,1,1,24.463,29.775,24.454,32.781,1.745,10605,49,21,NA,0,0,0,0,0,0,0,0,0,0,0,0,0,0,0,0,0,0,0,0,0,0,0,0,0,0,0,0,0,0,0,305.637,305.555,295.238,303.925,316.625,337.069,362.933,414.863,444.937,476.726,494.889,518.175,507.807,525.961,562.692,599.505,622.187,623.459,570.826,477.099,369.152,275.681,183.403,122.87,84.314,59.801,46.548,37.2,32.171,25.45,21.269,20.064,16.592,16.178,15.305,16.619,16.148,16.534,16.529,16.555,16.642,16.277,15.424,14.876,14.798,11.788,10.371,9.254,6.398,5.538,3.8,2.499,1.423,0.555,0.333,0.296,0.154,0.053,0,0,0,0,0,0,0,0,0,0,0,0,0,0,0,0,0,0,0,0,0,0,0,0,0,0,0,0,0,0,0,0,0,0,0,0,0,2.668,3.946,5.703,7.518,10.063,13.221,17.411,22.477,30.318,37.706,46.365,54.6,64.247,70.41,80.612,94.378,109.229,122.383,131.713,129.217,115.532,95.403,75.918,53.899,38.515,28.134,21.385,17.692,15.194,14.102,12.116,11.254,11.495,10.611,11.156,11.258,12.212,12.058,12.306,12.245,11.298,11.037,10.122,9.115,8.287,7.754,5.927,4.956,4.293,2.97,2.499,1.662,1.076,0.602,0.229,0.136,0.118,0.06,0.02,0,0,0,0,0,0,0
2026-08-30 04:33:00,1,"Normal Scan","Normal Scan",0,"ON",1,1,1,737.4,5,20.4,97.1,53.4,0.0000000694276,0.0000182001,4.97,8954.6,8.8,736.5,1,"Up Scan","Positive",254,0,4.37,1.6,8,8,0,1,1,23.687,28.548,23.905,24.582,1.687,11633,49,21.1,NA,0,0,0,0,0,0,0,0,0,0,0,0,0,0,0,0,0,0,0,0,0,0,0,0,0,0,0,0,0,0,0,251.978,302.18,296.058,354.229,328.072,348.742,396.012,458.059,511.201,584.761,609.647,687.112,706.66,725.204,723.85,705.194,665.408,616.104,550.688,456.028,333.383,235.645,149.406,101.53,68.536,52.41,39.74,32.274,27.535,22.591,18.645,19.037,16.629,14.749,16.743,15.847,16.885,16.981,17.239,17.83,15.843,15.454,15.166,14.7,11.77,10.934,10.881,8.361,6.361,4.143,3.78,1.643,1.521,0.784,0.381,0.148,0.153,0.053,0.054,0,0,0,0,0,0,0,0,0,0,0,0,0,0,0,0,0,0,0,0,0,0,0,0,0,0,0,0,0,0,0,0,0,0,0,0,2.812,3.261,5.661,7.556,11.753,13.722,17.986,24.556,33.498,43.366,56.834,67.267,84.824,97.185,110.092,120.464,127.653,130.134,129.743,124.348,110.182,86.083,64.883,43.929,31.939,22.992,18.831,15.286,13.296,12.378,11.084,10.236,11.115,10.621,10.65,11.644,11.562,12.302,12.363,11.626,11.759,10.633,9.705,8.579,8.188,6.088,5.574,5.252,3.901,2.916,1.868,1.681,0.705,0.659,0.325,0.155,0.059,0.06,0.02,0.02,0,0.014,0,0,0,0
2026-08-30 04:38:00,1,"Normal Scan","Normal Scan",0,"ON",1,1,1,737,5,19.9,97.1,53.1,0.0000000692771,0.0000181761,4.97,8954.6,8.8,736.5,1,"Up Scan","Positive",254,0,4.37,1.6,8,8,0,1,1,22.923,28.919,23.515,22.876,1.755,9488.25,49,21,NA,0,0,0,0,0,0,0,0,0,0,0,0,0,0,0,0,0,0,0,0,0,0,0,0,0,0,0,0,0,0,0,324.905,286.287,273.444,291.487,312.795,344.322,362.483,390.175,414.691,452.915,470.126,537.228,554.437,544.709,519.777,468.263,478.482,457.859,414.893,345.64,275.716,200.726,145.097,96.687,63.29,46.06,39.613,32.716,28.106,24.028,19.957,18.503,16.602,15.848,15.162,15.217,17.079,16.675,16.947,18.181,18.43,16.189,14.944,14.392,12.395,9.839,8.196,8.485,5.483,4.5,3.301,2.031,1.653,0.739,0.239,0.198,0.051,0.053,0,0,0,0,0,0,0,0,0,0,0,0,0,0,0,0,0,0,0,0,0,0,0,0,0,0,0,0,0,0,0,0,0,0,0,0,0,2.846,4.157,5.351,6.973,9.686,13.081,17.782,22.468,28.532,35.224,44.034,51.77,66.332,76.183,82.723,86.548,85.125,94.007,96.826,93.961,83.773,71.322,55.435,42.797,30.439,21.427,16.658,15.29,13.503,12.48,11.56,10.931,10.807,10.732,11.092,11.371,11.313,12.116,12.048,11.748,11.464,11.214,9.976,8.599,7.867,6.48,5.083,3.983,3.934,2.512,2.014,1.459,0.874,0.697,0.306,0.097,0.078,0.02,0.02,0,0,0,0,0,0,0
2026-08-30 04:43:00,1,"Normal Scan","Normal Scan",0,"ON",1,1,1,737.4,5,20.4,97.1,52.8,0.0000000694276,0.0000182001,4.97,8954.6,8.8,736.5,1,"Up Scan","Positive",254,0,4.37,1.6,8,8,0,1,1,19.653,27.267,20.942,22.876,1.842,7536.12,49,21.1,NA,0,0,0,0,0,0,0,0,0,0,0,0,0,0,0,0,0,0,0,0,0,0,0,0,0,0,0,0,0,0,0,442.088,402.827,368.848,334.947,329.383,316.803,322.55,317.458,353.781,411.796,450.253,454.512,460.999,393.893,328.097,273.233,222.092,199.323,171.201,139.282,118.364,93.842,73.817,55.158,47.766,41.345,37.152,29.291,26.25,23.093,20.741,19.191,16.19,16.795,14.263,16.25,18.601,18.315,18.419,18.789,15.149,16.597,15.705,14.345,13.599,9.831,8.701,8.971,5.204,4.224,2.758,1.688,0.927,0.787,0.335,0.197,0,0.105,0,0,0,0,0,0,0,0,0,0,0,0,0,0,0,0,0,0,0,0,0,0,0,0,0,0,0,0,0,0,0,0,0,0,0,0,0,3.819,5.726,7.516,9.358,11.121,13.696,16.317,19.93,23.148,30.035,39.875,49.259,55.692,62.757,59.193,54.135,49.316,43.583,42.268,39.057,34.219,31.172,26.526,22.264,17.879,16.498,15.189,14.389,12.329,11.719,11.367,11.185,11.34,10.788,11.658,10.581,11.835,12.938,12.901,12.4,11.796,9.903,9.937,8.894,7.75,6.911,4.867,4.224,4.203,2.363,1.905,1.205,0.726,0.393,0.325,0.136,0.078,0,0.04,0,0,0,0,0,0,0
2026-08-30 04:48:00,1,"Normal Scan","Normal Scan",0,"ON",1,1,1,737,5,19.9,97.1,53.1,0.0000000692771,0.0000181761,4.97,8954.6,8.8,736.5,1,"Up Scan","Positive",254,0,4.37,1.6,8,8,0,1,1,24.728,29.682,23.939,30.505,1.799,9319.72,48,20.9,NA,0,0,0,0,0,0,0,0,0,0,0,0,0,0,0,0,0,0,0,0,0,0,0,0,0,0,0,0,0,0,0,399.232,343.902,346.129,364.552,353.933,319.525,293.218,287.548,290.665,304.868,327.712,348.484,416.403,467.433,531.987,554.211,564.829,537.832,484.779,409.283,324.358,243.002,166.729,112.834,75.397,46.768,34.681,28.197,25.566,21.871,18.808,16.397,17.432,16.916,17.211,17.07,18.128,16.879,16.777,17.624,17.761,14.694,15.918,14.856,12.134,11.138,9.221,7.155,6.524,4.026,3.204,1.535,0.865,0.695,0.477,0.295,0,0.053,0,0,0,0,0,0,0,0,0,0,0,0,0,0,0,0,0,0,0,0,0,0,0,0,0,0,0,0,0,0,0,0,0,0,0,0,0,3.323,5.166,6.424,8.817,12.062,14.769,16.422,18.119,21.002,24.716,29.803,36.428,43.554,57.935,71.59,88.958,100.837,110.983,113.689,109.894,99.161,83.681,66.736,48.776,35.243,25.202,16.804,13.543,12.009,11.647,10.934,10.551,10.178,10.898,11.482,12.243,11.909,12.834,12.262,11.416,11.622,10.96,8.998,9.103,8.127,6.178,5.442,4.467,3.409,2.974,1.802,1.407,0.661,0.365,0.287,0.194,0.118,0,0.02,0,0,0,0,0,0,0
2026-08-30 04:53:00,1,"Normal Scan","Normal Scan",0,"ON",1,1,1,737.4,5,20.4,97.1,52.4,0.0000000694276,0.0000182001,4.97,8954.6,8.8,736.5,1,"Up Scan","Positive",254,0,4.37,1.6,8,8,0,1,1,23.317,29.545,23.513,22.876,1.82,8931.29,49,21.1,NA,0,0,0,0,0,0,0,0,0,0,0,0,0,0,0,0,0,0,0,0,0,0,0,0,0,0,0,0,0,0,0,429.376,362.484,353.35,328.995,315.753,298.077,296.818,303.679,285.69,320.773,380.526,442.985,463.076,451.675,434.023,438.333,445.531,447.283,421.341,383.99,297.292,228.654,160.544,110.127,69.122,44.092,35.826,33.024,26.249,22.082,19.214,17.763,16.504,16.744,15.823,15.241,16.876,17.845,19.443,18.387,18.302,18.099,15.81,15.275,12.794,11.207,9.661,8.642,5.281,4.693,2.299,1.767,1.201,0.368,0.572,0.246,0.357,0.105,0,0,0,0,0,0,0,0,0,0,0,0,0,0,0,0,0,0,0,0,0,0,0,0,0,0,0,0,0,0,0,0,0,0,0,0,0,3.789,5.577,6.77,9.037,10.87,13.166,15.312,18.353,22.137,24.29,31.244,41.941,54.755,63.796,68.876,72.777,80.032,87.902,94.863,95.675,92.965,76.714,62.913,47.177,34.41,23.142,16.035,13.919,13.665,11.946,10.775,10.605,10.666,11.074,11.744,11.662,11.779,12.373,12.719,12.805,12.004,11.618,10.543,8.986,8.086,6.615,5.616,4.576,4.09,2.476,2.157,1.004,0.76,0.508,0.153,0.232,0.098,0.139,0.04,0,0,0,0,0,0,0
2026-08-30 04:58:00,1,"Normal Scan","Normal Scan",0,"ON",1,1,1,737.2,5,20.1,97.1,52.9,0.0000000693373,0.0000181857,4.97,8954.6,8.8,736.5,1,"Up Scan","Positive",254,0,4.37,1.6,8,8,0,1,1,21.186,29.982,22.715,9.647,1.915,6949.57,48,21,NA,0,0,0,0,0,0,0,0,0,0,0,0,0,0,0,0,0,0,0,0,0,0,0,0,0,0,0,0,0,0,0,388.662,344.399,320.005,314.003,296.984,275.763,284.263,265.141,277.137,282.821,302.149,296.923,311.628,316.78,300.538,267.983,243.105,227.083,212.176,214.774,217.076,188.84,151.94,105.277,74.565,50.943,40.671,31.17,25.472,24.936,19.538,16.883,17.518,15.035,14.455,15.189,18.551,17.518,17.183,18.87,18.684,17.124,16.369,14.356,13.42,11.435,8.768,7.287,5.955,4.593,2.661,2.326,0.849,0.921,0.523,0.098,0.151,0.105,0,0,0,0,0,0,0,0,0,0,0,0,0,0,0,0,0,0,0,0,0,0,0,0,0,0,0,0,0,0,0,0,0,0,0,0,0,3.268,5.029,6.474,8.133,10.397,12.391,14.196,17.53,19.336,23.499,27.451,33.175,36.575,42.722,48.004,50.151,49.156,48.568,49.045,48.994,52.792,56.545,52.25,44.641,33.039,25.006,18.211,15.556,13.037,11.472,11.888,10.729,10.513,11.126,11.082,10.999,11.648,13.104,12.348,12.113,12.184,11.418,10.022,9.417,7.684,7.024,5.599,4.306,3.465,2.74,2.06,1.177,1.002,0.358,0.382,0.213,0.039,0.06,0.04,0,0,0,0,0,0,0
2026-08-30 05:03:00,1,"Normal Scan","Normal Scan",0,"ON",1,1,1,737.3,5,20.3,97.1,52.2,0.0000000693975,0.0000181953,4.97,8954.6,8.8,736.5,1,"Up Scan","Positive",254,0,4.37,1.6,8,8,0,1,1,23.062,29.116,23.352,28.387,1.798,9186.34,49,21.1,NA,0,0,0,0,0,0,0,0,0,0,0,0,0,0,0,0,0,0,0,0,0,0,0,0,0,0,0,0,0,0,0,421.044,358.698,352.255,289.257,314.043,302.505,330.091,315.902,358.318,405.968,428.582,449.592,448.556,455.548,473.615,482.001,475.045,471.568,430.282,374.046,294.086,213.569,141.324,85.876,53.764,41.184,34.301,29.651,25.743,22.901,16.546,20.927,17.703,16.952,17.218,18.059,20.33,17.068,18.794,20.006,19.798,18.409,15.443,14.834,12.948,9.978,8.299,7.582,5.004,3.767,3.023,1.685,1.336,0.871,0.286,0,0.102,0.053,0,0,0,0,0,0,0,0,0,0,0,0,0,0,0,0,0,0,0,0,0,0,0,0,0,0,0,0,0,0,0,0,0,0,0,0,0,3.914,5.415,6.705,8.967,9.548,13.107,15.573,20.414,23.062,30.419,39.464,47.214,55.605,61.935,69.533,79.237,87.759,93.432,99.636,97.229,90.294,75.852,58.779,41.548,27.11,18.305,14.967,13.623,12.633,11.733,11.45,9.835,12.172,11.514,11.862,12.601,12.97,13.682,12.254,12.473,12.363,11.876,10.579,8.73,7.926,6.626,5.085,4.041,3.513,2.264,1.69,1.333,0.723,0.565,0.363,0.116,0,0.04,0.02,0,0,0,0,0,0,0
2026-08-30 05:08:00,1,"Normal Scan","Normal Scan",0,"ON",1,1,1,737.6,5,20.6,97.1,52.3,0.0000000694879,0.0000182097,4.97,8954.6,8.8,736.5,1,"Up Scan","Positive",254,0,4.37,1.6,8,8,0,1,1,20.732,29.081,22.262,10.366,1.883,7663.4,48,21.2,NA,0,0,0,0,0,0,0,0,0,0,0,0,0,0,0,0,0,0,0,0,0,0,0,0,0,0,0,0,0,0,0,369.961,384.674,361.175,351.108,377.548,381.118,334.835,327.605,306.019,311.372,292.199,285.212,295.372,302.749,320.517,320.193,335.576,345.71,337.09,270.839,197.928,157.254,109.103,74.492,51.64,38.323,32.93,28.618,23.306,22.217,21.582,16.628,17.026,16.72,16.881,18.518,17.789,19.752,20.298,20.231,20.442,19.052,16.754,16.208,14.087,11.534,9.288,7.615,5.424,4.09,2.162,1.767,1.312,0.673,0.431,0.249,0.051,0.105,0.054,0,0,0,0,0,0,0,0,0,0,0,0,0,0,0,0,0,0,0,0,0,0,0,0,0,0,0,0,0,0,0,0,0,0,0,0,3.176,4.805,7.183,9.179,11.584,15.675,19.518,20.619,23.816,25.889,30.146,32.152,35.323,40.898,46.412,53.696,58.316,66.05,73.131,76.276,65.609,51.294,43.547,32.27,23.513,17.69,14.16,12.937,12.089,10.87,11.187,11.845,10.641,11.377,12.015,12.697,13.505,12.931,13.712,13.547,12.747,12.256,11.003,9.394,8.446,7.179,5.771,4.476,3.583,2.507,1.849,0.973,0.76,0.554,0.278,0.174,0.098,0.02,0.04,0.02,0,0,0,0,0,0
2026-08-30 05:13:00,1,"Normal Scan","Normal Scan",0,"ON",1,1,1,738.2,5,21.5,97.1,51.8,0.000000069759,0.0000182528,4.97,8954.6,8.8,736.5,1,"Up Scan","Positive",254,0,4.37,1.6,8,8,0,1,1,17.104,29.471,20.434,9.647,2.035,5065.17,48,21.5,NA,0,0,0,0,0,0,0,0,0,0,0,0,0,0,0,0,0,0,0,0,0,0,0,0,0,0,0,0,0,0,0,397.914,345.375,321.261,309.667,277.179,255.214,256.184,259.738,249.31,230.041,228.948,205.29,187.654,151.659,136.796,118.482,118.647,116.836,113.771,95.325,74.34,55.406,47.187,37.258,30.034,27.623,26.572,25.51,22.859,21.223,19.378,18.077,18.332,15.438,18.999,19.493,20.077,20.806,19.872,21.932,19.902,20.154,17.788,15.85,13.701,9.526,9.655,6.545,5.127,3.898,3.098,1.856,0.978,0.598,0.381,0.296,0,0.053,0.054,0,0,0,0,0,0,0,0,0,0,0,0,0,0,0,0,0,0,0,0,0,0,0,0,0,0,0,0,0,0,0,0,0,0,0,0,4.256,5.153,6.399,8.139,10.183,11.55,13.089,15.743,18.854,20.987,22.153,24.971,25.14,25.601,22.983,22.781,21.536,23.355,24.833,25.923,23.354,19.635,15.811,14.492,12.315,10.817,10.557,10.755,11.111,10.723,11.051,11.115,11.38,12.16,11.643,13.392,13.953,14.122,14.115,12.973,13.381,11.789,11.475,9.721,8.476,7.035,4.731,4.634,3.076,2.364,1.743,1.369,0.796,0.414,0.248,0.155,0.118,0,0.02,0.02,0,0,0,0,0,0
2026-08-30 05:18:00,1,"Normal Scan","Normal Scan",0,"ON",1,1,1,738.9,5,22.4,97.1,51.2,0.0000000700302,0.0000182958,4.97,8954.6,8.8,736.5,1,"Up Scan","Positive",254,0,4.37,1.6,8,8,0,1,1,17.717,29.215,20.633,9.647,2.003,5379.68,47,22,NA,0,0,0,0,0,0,0,0,0,0,0,0,0,0,0,0,0,0,0,0,0,0,0,0,0,0,0,0,0,0,0,405.955,344.077,328.497,299.431,283.184,282.296,270.511,252.284,238.44,234.546,252.913,246.622,222.007,185.775,168.771,154.471,150.693,134.762,120.716,99.797,79.862,62.635,45.972,37.241,31.544,26.478,27.341,24.385,23.111,21.327,19.805,18.879,17.319,16.585,18.282,18.644,20.623,20.895,23.068,21.248,20.615,18.441,18.282,17.189,12.689,11.066,7.666,7.39,5.17,3.487,2.298,1.89,1.17,0.599,0.428,0.146,0.102,0,0.055,0,0,0,0,0,0,0,0,0,0,0,0,0,0,0,0,0,0,0,0,0,0,0,0,0,0,0,0,0,0,0,0,0,0,0,0,3.736,5.254,6.362,8.294,9.854,11.774,14.473,16.599,18.256,20.058,22.615,27.605,30.175,30.265,28.031,27.978,27.97,29.547,28.507,27.457,24.402,20.985,17.786,14.093,12.356,11.176,10.245,11.134,10.505,10.879,11.147,11.269,11.721,11.973,12.205,13.234,13.254,14.4,14.34,14.31,13.039,12.042,10.734,9.88,8.859,6.515,5.476,3.718,3.499,2.337,1.561,1.002,0.828,0.494,0.248,0.174,0.059,0.04,0,0.02,0,0,0,0,0,0
2026-08-30 05:23:00,1,"Normal Scan","Normal Scan",0,"ON",1,1,1,738.5,5,21.9,97.1,51,0.0000000698795,0.0000182719,4.97,8954.6,8.8,736.5,1,"Up Scan","Positive",254,0,4.37,1.6,8,8,0,1,1,22.734,31.064,23.202,9.647,1.936,5860.23,46,22.1,NA,0,0,0,0,0,0,0,0,0,0,0,0,0,0,0,0,0,0,0,0,0,0,0,0,0,0,0,0,0,0,0,329.141,277.281,267.577,258.331,231.807,227.194,202.845,200.311,194.271,188.097,191.576,243.712,298.018,327.613,327.856,319.794,287.418,242.362,206.027,181.453,149.266,113.415,78.427,47.474,34.762,28.565,24.704,23.252,20.833,21.763,18.674,17.203,18.203,17.691,17.588,17.377,20.082,20.508,20.375,22.266,19.927,19.226,17.685,14.531,12.917,10.709,8.028,6.852,4.442,3.041,2.868,1.526,1.514,1.015,0.334,0.246,0.051,0.157,0.055,0,0,0,0,0,0,0,0,0,0,0,0,0,0,0,0,0,0,0,0,0,0,0,0,0,0,0,0,0,0,0,0,0,0,0,0,3.227,4.197,5.15,6.767,8.454,9.61,11.671,12.489,14.588,16.468,18.352,21.28,30.237,40.927,49.522,54.323,57.769,56.258,51.171,46.629,43.99,38.674,31.395,23.317,15.367,12.239,10.842,10.071,10.297,10.057,11.029,10.768,10.987,12.051,12.569,12.756,12.88,13.869,13.717,13.164,13.269,11.838,10.883,9.511,7.786,6.562,5.471,3.974,3.226,2.029,1.407,1.263,0.661,0.639,0.42,0.135,0.098,0.02,0.06,0.02,0,0,0,0,0,0
2026-08-30 05:28:00,1,"Normal Scan","Normal Scan",0,"ON",1,1,1,737.8,5,20.9,97.1,50.2,0.0000000695782,0.0000182241,4.97,8954.6,8.8,736.5,1,"Up Scan","Positive",254,0,4.37,1.6,8,8,0,1,1,21.583,31.393,22.95,26.416,1.964,5225.09,46,21.9,NA,0,0,0,0,0,0,0,0,0,0,0,0,0,0,0,0,0,0,0,0,0,0,0,0,0,0,0,0,0,0,0,257.669,255.098,230.592,235.09,224.226,219.047,217.453,222.294,198.573,192.848,205.081,229.058,241.415,278.929,290.071,278.001,255.845,212.884,149.953,97.252,87.745,68.738,52.576,44.955,40.319,33.381,26.72,22.229,20.94,19.886,18.334,16.827,17.43,16.239,15.982,18.6,20.129,20.856,21.842,22.702,21.937,19.269,18.017,15.495,12.067,11.81,8.213,6.032,4.977,3.035,2.118,1.864,0.85,0.738,0.337,0.247,0.051,0.052,0.054,0.112,0,0,0,0,0,0,0,0,0,0,0,0,0,0,0,0,0,0,0,0,0,0,0,0,0,0,0,0,0,0,0,0,0,0,0,2.605,3.311,4.795,5.866,7.773,9.315,11.236,13.416,16.193,16.863,18.783,22.65,28.371,33.216,42.087,47.743,49.994,49.802,44.78,34.108,23.999,23.173,19.404,15.915,14.581,13.946,12.366,10.812,9.764,10.026,10.334,10.691,10.968,11.858,12.098,12.498,13.461,14.056,13.914,13.835,13.678,12.576,10.842,9.631,8.037,6.264,5.771,3.975,2.887,2.306,1.365,0.941,0.834,0.357,0.305,0.135,0.098,0.02,0.02,0.02,0.045,0,0,0,0,0
2026-08-30 05:33:00,1,"Normal Scan","Normal Scan",0,"ON",1,1,1,737.6,5,20.7,97.1,49.6,0.000000069518,0.0000182145,4.97,8954.6,8.8,736.5,1,"Up Scan","Positive",254,0,4.37,1.6,8,8,0,1,1,18.061,31.914,21.795,9.647,2.09,4132.44,46,21.8,NA,0,0,0,0,0,0,0,0,0,0,0,0,0,0,0,0,0,0,0,0,0,0,0,0,0,0,0,0,0,0,0,277.649,231.389,238.168,234.66,213.795,207.656,203.325,204.342,215.373,198.6,183.645,161.903,150.952,122.895,107.41,106.166,113.404,108.785,94.969,86.899,75.31,55.373,47.211,37.59,33.503,25.23,23.639,23.527,20.12,20.652,19.093,17.075,17.361,15.396,16.557,18.499,17.795,19.296,21.315,22.813,22.377,18.732,16.816,14.776,13.713,8.735,8.236,5.318,5.163,3.307,2.194,1.165,1.206,0.325,0.667,0.099,0.05,0,0.11,0.111,0,0,0,0,0,0,0,0,0,0,0,0,0,0,0,0,0,0,0,0,0,0,0,0,0,0,0,0,0,0,0,0,0,0,0,2.408,3.572,4.292,6.095,7.705,8.882,10.655,12.511,14.837,18.103,19.135,20.054,19.894,20.66,18.639,17.983,19.379,22.338,23.168,21.783,21.407,19.813,15.724,14.409,12.355,11.832,9.706,9.694,10.161,9.774,10.565,10.858,10.806,11.597,11.783,12.708,13.227,12.782,12.989,13.682,13.316,12.58,10.59,9.154,7.727,6.852,4.419,3.938,2.592,2.375,1.467,0.967,0.556,0.526,0.135,0.271,0.039,0.02,0,0.041,0.045,0.014,0,0,0,0
2026-08-30 05:38:00,1,"Normal Scan","Normal Scan",0,"ON",1,1,1,737.8,5,20.8,97.2,50.2,0.0000000694765,0.0000182193,4.97,8954.6,8.8,736.5,1,"Up Scan","Positive",254,0,4.37,1.6,8,8,0,1,1,15.911,27.142,18.998,10.366,1.974,5431.68,46,21.8,NA,0,0,0,0,0,0,0,0,0,0,0,0,0,0,0,0,0,0,0,0,0,0,0,0,0,0,0,0,0,0,0,409.584,409.788,384.704,361.014,356.759,320.134,323.224,345.063,332.384,281.029,226.326,188.382,182.597,153.342,125.074,105.231,101.036,78.621,71.366,61.151,51.413,46.898,36.682,31.253,24.607,25.391,25.067,21.81,20.581,19.397,16.986,17.691,17.677,16.07,16.718,18.194,20.131,20.429,21.315,23.537,19.796,18.511,16.854,14.788,13.107,10.001,8.485,5.508,5.15,3.899,2.805,1.296,1.291,0.506,0.48,0.393,0.052,0.106,0,0,0,0,0,0,0,0,0,0,0,0,0,0,0,0,0,0,0,0,0,0,0,0,0,0,0,0,0,0,0,0,0,0,0,0,0,4.527,5.266,7.626,9.776,11.944,14.823,16.385,19.926,25.007,27.916,26.997,24.655,23.096,24.841,23.027,20.675,19.029,19.861,16.78,16.399,15.123,13.736,13.462,11.35,10.44,8.98,9.678,10.179,9.789,9.722,10.271,10.188,11.001,11.911,12.137,12.485,13.019,13.882,13.639,13.572,13.966,11.628,10.432,9.31,7.941,6.614,5.058,4.032,2.71,2.369,1.761,1.241,0.556,0.546,0.21,0.194,0.157,0.02,0.04,0,0,0,0,0,0,0
2026-08-30 05:43:00,1,"Normal Scan","Normal Scan",0,"ON",1,1,1,737.3,5,20.2,97.1,50.4,0.0000000693674,0.0000181905,4.97,8954.6,8.8,736.5,1,"Up Scan","Positive",254,0,4.37,1.6,8,8,0,1,1,18.801,27.692,20.932,9.647,1.887,7258.59,47,21.5,NA,0,0,0,0,0,0,0,0,0,0,0,0,0,0,0,0,0,0,0,0,0,0,0,0,0,0,0,0,0,0,0,452.77,422.82,381.176,389.494,375.992,342.244,316.882,336.281,354.142,339.71,302.87,274.013,280.05,302.734,314.895,270.488,242.393,228.728,258.805,230.175,168.529,106.368,62.029,40.892,35.429,27.931,25.831,21.287,22.016,18.929,17.656,16.497,17.126,17.066,16.774,18.96,19.278,22.165,19.984,21.598,21.184,19.118,17.369,15.616,13.165,10.801,8.853,6.247,4.39,3.005,1.887,1.685,0.977,0.531,0.355,0.246,0.05,0.106,0,0,0,0,0,0,0,0,0,0,0,0,0,0,0,0,0,0,0,0,0,0,0,0,0,0,0,0,0,0,0,0,0,0,0,0,0,4.329,5.838,7.897,9.692,12.886,15.692,17.598,19.566,24.466,29.892,32.841,33.202,33.803,38.476,46.136,52.563,49.184,47.63,48.303,58.408,55.651,43.551,29.525,18.62,13.342,12.368,10.541,10.452,9.481,10.47,9.996,10.335,10.784,11.796,12.274,12.542,13.643,13.622,14.398,13.248,13.124,12.233,10.651,9.274,8.042,6.712,5.334,4.256,2.946,2.025,1.349,0.84,0.725,0.413,0.22,0.145,0.098,0.02,0.04,0,0,0,0,0,0,0
2026-08-30 05:48:00,1,"Normal Scan","Normal Scan",0,"ON",1,1,1,737.6,5,20.6,97.1,50.2,0.0000000694879,0.0000182097,4.97,8954.6,8.8,736.5,1,"Up Scan","Positive",254,0,4.37,1.6,8,8,0,1,1,16.164,26.938,19.551,11.971,1.942,6615.66,47,21.5,NA,0,0,0,0,0,0,0,0,0,0,0,0,0,0,0,0,0,0,0,0,0,0,0,0,0,0,0,0,0,0,0,454.009,484.745,494.007,502.704,459.229,392.465,334.044,284.276,246.541,239.723,240.546,206.294,193.643,179.629,166.227,204.85,270.308,256.466,186.734,125.213,77.993,68.294,47.972,38.406,29.268,26.368,25.938,21.745,21.551,18.273,17.258,16.204,16.571,16.03,18.592,20.308,19.271,21.803,23.27,21.617,20.171,20.742,18.195,15.142,11.743,9.871,9.308,6.694,4.912,2.932,2.815,2.022,1.038,0.92,0.381,0.1,0.153,0.053,0,0.082,0,0,0,0,0,0,0,0,0,0,0,0,0,0,0,0,0,0,0,0,0,0,0,0,0,0,0,0,0,0,0,0,0,0,0,3.886,5.937,9.111,12.642,16.535,19.058,20.1,20.514,20.613,20.791,23.125,26.372,25.579,26.86,27.435,27.768,37.013,52.679,53.746,42.208,30.434,20.532,19.252,14.613,12.549,10.389,10.092,10.38,9.613,10.263,10.088,10.328,10.533,11.9,11.872,13.236,14.406,13.783,14.327,14.17,13.14,12.315,11.407,9.752,8.036,6.182,4.947,4.538,3.144,2.257,1.332,1.241,0.871,0.452,0.382,0.155,0.039,0.06,0.02,0,0.022,0,0,0,0,0
2026-08-30 05:53:00,1,"Normal Scan","Normal Scan",0,"ON",1,1,1,737.4,5,20.3,97.2,51,0.0000000693261,0.0000181953,4.97,8954.6,8.8,736.5,1,"Up Scan","Positive",254,0,4.37,1.6,8,8,0,1,1,14.913,28.784,18.944,9.647,2.099,4592.68,47,21.4,NA,0,0,0,0,0,0,0,0,0,0,0,0,0,0,0,0,0,0,0,0,0,0,0,0,0,0,0,0,0,0,0,450.265,410.872,355.987,356.82,308.517,281.394,247.277,235.718,208.987,199.13,168.515,147.485,125.633,107.434,86.538,71.317,65.67,58.213,46.949,44.049,40.289,36.736,36.296,32.336,27.201,25.653,25.12,22.668,20.98,21.151,18.385,18.078,15.561,17.348,16.849,17.959,21.695,21.265,24.316,23.364,22.639,21.473,17.872,16.185,12.776,11.749,9.11,6.317,5.388,3.153,1.95,1.552,1.248,0.552,0.334,0.098,0.103,0.104,0.054,0,0,0,0,0,0,0,0,0,0,0,0,0,0,0,0,0,0,0,0,0,0,0,0,0,0,0,0,0,0,0,0,0,0,0,0,4.869,5.837,7.657,9.048,11.756,12.839,14.413,15.256,17.067,17.595,19.18,18.347,18.051,17.096,16.138,14.346,12.959,12.986,12.531,11.002,11.07,10.946,10.721,11.304,10.741,9.854,9.879,10.214,10.019,10.014,10.944,10.925,11.501,11.67,12.774,13.021,13.592,14.903,14.165,15.094,14.249,13.055,11.981,9.69,8.283,6.442,5.868,4.354,2.991,2.426,1.463,0.869,0.668,0.527,0.229,0.136,0.039,0.04,0.04,0.02,0,0,0,0,0,0
2026-08-30 05:58:00,1,"Normal Scan","Normal Scan",0,"ON",1,1,1,737.3,5,20.3,97.1,50.7,0.0000000693975,0.0000181953,4.97,8954.6,8.8,736.5,1,"Up Scan","Positive",254,0,4.37,1.6,8,8,0,1,1,14.118,29.788,18.757,9.647,2.179,4039.97,47,21.4,NA,0,0,0,0,0,0,0,0,0,0,0,0,0,0,0,0,0,0,0,0,0,0,0,0,0,0,0,0,0,0,0,495.662,388.954,353.494,323.495,278.172,231.651,208.502,168.325,147.374,141.897,130.899,110.218,102.317,80.715,67.125,52.129,49.511,59.873,51.363,40.19,31.195,27.696,25.609,23.94,22.268,21.543,22.03,22.119,19.531,20.352,18.317,16.242,16.762,15.689,18.425,16.536,18.062,21.323,22.582,21.307,20.773,21.493,19.308,15.729,13.79,13.106,8.852,7.705,5.777,3.452,2.274,1.429,1.026,0.557,0.431,0.444,0.102,0.106,0.162,0.056,0,0,0,0,0,0,0,0,0,0,0,0,0,0,0,0,0,0,0,0,0,0,0,0,0,0,0,0,0,0,0,0,0,0,0,4.4,6.337,7.235,8.959,10.662,11.551,11.911,12.777,12.218,12.42,13.685,14.236,13.486,13.966,12.204,11.132,9.468,9.792,12.763,11.833,10.067,8.524,8.212,8.219,8.172,8.228,8.507,9.029,9.727,9.559,10.602,10.261,10.793,11.725,11.974,13.364,13.107,13.526,14.426,14.493,13.513,12.251,12.295,10.426,8.291,6.928,6.415,4.267,3.697,2.706,1.563,1.06,0.63,0.451,0.23,0.174,0.177,0.04,0.04,0.061,0.022,0.014,0,0,0,0
2026-08-30 06:03:00,1,"Normal Scan","Normal Scan",0,"ON",1,1,1,737.5,5,20.4,97.2,51.3,0.0000000693562,0.0000182001,4.97,8954.6,8.8,736.5,1,"Up Scan","Positive",254,0,4.37,1.6,8,8,0,1,1,16.005,31.809,20.31,9.647,2.19,3746.02,47,21.4,NA,0,0,0,0,0,0,0,0,0,0,0,0,0,0,0,0,0,0,0,0,0,0,0,0,0,0,0,0,0,0,0,354.808,312.816,272.546,271.996,216.423,196.08,172.13,146.949,148.922,157.15,164.97,142.558,126.779,105.645,96.648,88.295,70.344,58.982,48.179,35.812,31.794,27.091,22.47,21.823,22.24,21.968,22.103,22.063,19.675,20.364,16.649,18.433,17.588,16.352,18.372,18.974,20.204,20.482,23.275,22.024,23.672,20.602,19.615,15.865,14.086,10.233,8.447,6.326,4.961,3.677,2.568,1.306,1.205,0.876,0.19,0.148,0.05,0.053,0.164,0,0,0,0,0,0,0,0,0,0,0,0,0,0,0,0,0,0,0,0,0,0,0,0,0,0,0,0,0,0,0,0,0,0,0,0,3.135,4.581,5.842,6.95,8.965,9.007,10.033,10.612,10.661,12.552,15.207,18.039,17.447,17.266,15.883,15.92,15.891,13.774,12.509,11.103,9.024,8.681,8.056,7.289,7.542,8.272,8.58,9.194,9.864,9.539,10.688,10.159,11.53,12.301,12.256,13.812,13.92,14.388,13.964,14.804,13.286,13.426,11.38,10.662,8.321,7.06,5.129,4.164,2.948,2.274,1.632,1.156,0.593,0.508,0.363,0.077,0.059,0.02,0.02,0.061,0,0,0,0,0,0
2026-08-30 06:08:00,1,"Normal Scan","Normal Scan",0,"ON",1,1,1,737.3,5,20.1,97.2,51.1,0.000000069266,0.0000181857,4.97,8954.6,8.8,736.5,1,"Up Scan","Positive",254,0,4.37,1.6,8,8,0,1,1,14.387,33.239,19.882,9.647,2.316,3201.83,47,21.2,NA,0,0,0,0,0,0,0,0,0,0,0,0,0,0,0,0,0,0,0,0,0,0,0,0,0,0,0,0,0,0,0,331.476,306.631,284.019,277.045,208.688,185.209,177.65,148.796,127.946,107.337,88.661,79.422,64.886,56.849,47.319,36.871,34.822,33.455,30.69,30.653,22.751,20.945,20.867,20.9,22.044,21.175,22.636,22.001,19.897,19.573,19.688,18.216,17.144,18.489,16.742,17.478,18.974,23.033,21.727,23.661,22.159,21.738,19.2,16.004,14.494,11.656,8.71,7.259,5.039,2.879,2.487,1.577,1.072,0.691,0.192,0.198,0.051,0,0.055,0,0,0,0,0,0,0,0,0,0,0,0,0,0,0,0,0,0,0,0,0,0,0,0,0,0,0,0,0,0,0,0,0,0,0,0,3.271,4.307,5.737,7.236,9.111,8.673,9.48,10.886,10.788,10.75,10.351,9.66,9.699,8.854,8.571,7.859,6.712,6.898,7.226,7.216,7.767,6.358,6.399,6.854,7.312,8.167,8.442,9.437,9.794,9.75,10.177,11.213,11.706,12.071,13.252,12.949,13.514,13.837,15.139,14.372,14.133,12.953,12.083,10.227,8.296,7.338,5.764,4.188,3.373,2.318,1.295,1.096,0.686,0.452,0.287,0.077,0.079,0.02,0,0.02,0,0,0,0,0,0
2026-08-30 06:13:00,1,"Normal Scan","Normal Scan",0,"ON",1,1,1,737.5,5,20.5,97.1,51.2,0.0000000694577,0.0000182049,4.97,8954.6,8.8,736.5,1,"Up Scan","Positive",254,0,4.37,1.6,8,8,0,1,1,14.565,34.644,20.34,9.647,2.367,2954.01,47,21.3,NA,0,0,0,0,0,0,0,0,0,0,0,0,0,0,0,0,0,0,0,0,0,0,0,0,0,0,0,0,0,0,0,304.119,275.19,272.585,216.734,199.874,174.953,158.955,146.615,112.602,102.174,88.613,76.104,58.183,52.755,43.974,35.174,30.437,26.452,23.724,20.675,19.814,17.917,19.96,20.976,20.283,20.769,22.669,21.716,21.228,19.16,17.985,18.14,16.357,18.387,18.402,19.014,18.399,21.682,21.217,22.59,23.538,21.476,18.826,16.814,14.213,10.974,9.373,6.531,5.572,4.063,2.644,1.344,0.988,0.51,0.335,0.198,0,0.053,0,0,0,0,0,0,0,0,0,0,0,0,0,0,0,0,0,0,0,0,0,0,0,0,0,0,0,0,0,0,0,0,0,0,0,0,0,2.813,3.922,5.115,6.923,7.159,8.34,8.939,9.773,10.589,9.479,9.833,9.613,9.298,7.908,7.935,7.27,6.38,6.027,5.746,5.637,5.367,5.624,5.537,6.635,7.325,7.533,8.265,9.364,9.75,10.282,10.219,10.459,11.528,11.529,13.141,13.941,14.149,13.568,14.656,13.919,13.821,13.499,12.044,10.309,8.813,7.106,5.421,4.471,3.07,2.593,1.807,1.168,0.575,0.47,0.21,0.136,0.078,0,0.02,0,0,0.041,0,0,0,0
2026-08-30 06:18:00,1,"Normal Scan","Normal Scan",0,"ON",1,1,1,737.2,5,20,97.2,51.3,0.0000000692359,0.0000181809,4.97,8954.6,8.8,736.5,1,"Up Scan","Positive",254,0,4.37,1.6,8,8,0,1,1,15.038,34.126,20.459,9.647,2.317,3203.73,47,21.1,NA,0,0,0,0,0,0,0,0,0,0,0,0,0,0,0,0,0,0,0,0,0,0,0,0,0,0,0,0,0,0,0,296.154,284.504,250.741,243.696,219.448,194.686,172.544,155.118,141.321,131.425,103.501,90.397,73.989,62.494,53.977,46.163,39.14,36.655,32.108,26.061,24.911,21.602,20.564,20.512,20.974,19.047,23.698,19.92,20.13,19.833,16.062,17.105,17.776,16.241,18.315,20.349,24.042,21.937,23.614,23.455,21.7,22.419,17.979,16.847,14.418,12.505,10.009,7.101,5.375,3.78,2.856,2.114,1.072,0.414,0.525,0.149,0.204,0.053,0,0,0,0,0,0,0,0,0,0,0,0,0,0,0,0,0,0,0,0,0,0,0,0,0,0,0,0,0,0,0,0,0,0,0,0,0,2.835,3.797,5.292,6.39,8.051,9.141,9.983,10.629,11.257,11.918,12.654,11.26,11.058,10.092,9.426,8.932,8.389,7.734,7.891,7.499,6.658,6.89,6.561,6.705,7.175,7.781,7.567,9.771,9.023,9.811,10.544,10.332,11.395,12.5,12.46,13.481,14.972,16.099,14.901,15.168,14.57,13.058,12.429,9.777,8.916,7.442,6.165,4.747,3.383,2.466,1.726,1.261,0.908,0.453,0.172,0.213,0.059,0.079,0.02,0,0,0,0,0,0,0
2026-08-30 06:23:00,1,"Normal Scan","Normal Scan",0,"ON",1,1,1,737.6,5,20.5,97.2,51,0.0000000693863,0.0000182049,4.97,8954.6,8.8,736.5,1,"Up Scan","Positive",254,0,4.37,1.6,8,8,0,1,1,14.676,35.104,20.589,9.647,2.377,3011.14,47,21.3,NA,0,0,0,0,0,0,0,0,0,0,0,0,0,0,0,0,0,0,0,0,0,0,0,0,0,0,0,0,0,0,0,312.567,285.534,249.157,227.667,211.387,169.368,158.348,133.71,117.186,103.391,88.69,71.375,62.214,51.936,47.593,43.426,40.506,32.438,31.027,26.12,23.274,23.393,19.859,18.448,19.689,18.585,19.799,20.586,20.49,19.38,18.283,18.416,18.988,17.976,17.403,21.373,22.045,22.539,23.455,23.262,23.889,22.095,18.633,17.819,14.058,10.81,9.189,6.861,6.021,3.937,2.258,1.727,1.47,0.601,0.332,0.296,0.153,0.053,0.054,0,0,0,0,0,0,0,0,0,0,0,0,0,0,0,0,0,0,0,0,0,0,0,0,0,0,0,0,0,0,0,0,0,0,0,0,2.689,3.995,5.367,6.352,7.501,8.816,8.685,9.74,9.669,9.852,9.957,9.657,8.748,8.467,7.84,7.893,7.868,8.016,6.983,7.249,6.641,6.428,6.989,6.511,6.532,7.419,7.53,8.536,9.466,9.912,10.398,11.157,11.867,12.941,13.162,13.575,15.311,15.17,15.298,15.036,14.108,13.609,12.624,10.12,9.331,7.129,5.48,4.438,3.213,2.795,1.779,1.004,0.742,0.621,0.248,0.136,0.118,0.06,0.02,0.02,0,0,0,0,0,0
2026-08-30 06:28:00,1,"Normal Scan","Normal Scan",0,"ON",1,1,1,737.2,5,20.1,97.1,51.4,0.0000000693373,0.0000181857,4.97,8954.6,8.8,736.5,1,"Up Scan","Positive",254,0,4.37,1.6,8,8,0,1,1,14.438,33.067,19.812,9.647,2.306,3350.67,47,21.2,NA,0,0,0,0,0,0,0,0,0,0,0,0,0,0,0,0,0,0,0,0,0,0,0,0,0,0,0,0,0,0,0,363.577,311.069,295.063,247.095,237.738,204.312,179.248,162.592,134.351,110.555,100.269,83.868,77.655,60.104,53.788,47.482,39.707,36.537,28.361,27.169,24.486,18.725,19.835,18.604,20.598,20.049,20.861,21.541,20.727,20.857,19.11,18.508,18.56,17.024,19.528,19.66,22.684,21.878,24.486,22.512,23.968,21.317,19.491,17.124,14.582,11.201,8.541,7.241,5.411,3.712,2.283,1.644,1.43,0.92,0.575,0.196,0.153,0.106,0,0,0,0,0,0,0,0,0,0,0,0,0,0,0,0,0,0,0,0,0,0,0,0,0,0,0,0,0,0,0,0,0,0,0,0,0,3.415,4.693,5.824,7.459,8.168,9.887,10.467,10.997,11.771,11.284,10.65,10.935,10.257,10.563,9.039,8.902,8.608,7.811,7.849,6.64,6.925,6.758,5.736,6.571,6.592,7.795,8.003,8.913,9.719,10.035,11.136,11.197,12.073,12.762,12.816,14.456,14.419,15.599,14.921,15.526,13.707,13.736,12.1,10.623,8.883,7.349,5.686,4.195,3.465,2.487,1.688,1.012,0.705,0.602,0.382,0.232,0.078,0.06,0.04,0,0,0,0,0,0,0
2026-08-30 06:33:00,1,"Normal Scan","Normal Scan",0,"ON",1,1,1,737.6,5,20.5,97.2,50.8,0.0000000693863,0.0000182049,4.97,8954.6,8.8,736.5,1,"Up Scan","Positive",254,0,4.37,1.6,8,8,0,1,1,14.628,33.355,20.007,9.647,2.31,3413.33,47,21.2,NA,0,0,0,0,0,0,0,0,0,0,0,0,0,0,0,0,0,0,0,0,0,0,0,0,0,0,0,0,0,0,0,358.564,314.204,284.316,267.002,233.701,198.098,188.505,159.219,130.725,126.591,106.98,88.744,77.431,65.428,59.754,49.72,43.635,37.657,32.601,27.449,24.088,19.879,20.127,20.044,20.543,19.536,22.038,22.085,20.864,18.734,16.828,17.556,17.612,19.239,19.991,21.418,22.027,23.959,25.78,25.48,24.051,23.913,20.935,17.47,15.165,12.607,8.948,7.242,4.209,3.918,2.726,1.811,0.846,0.6,0.476,0.098,0.051,0,0.108,0,0,0,0,0,0,0,0,0,0,0,0,0,0,0,0,0,0,0,0,0,0,0,0,0,0,0,0,0,0,0,0,0,0,0,0,3.341,4.605,5.86,7.188,8.798,9.698,10.131,11.576,11.53,10.961,12.212,11.661,10.863,10.536,9.841,9.872,9.003,8.577,8.081,7.609,7.003,6.649,6.093,6.635,7.039,7.634,7.801,9.156,10.061,10.305,10.368,10.57,11.729,12.806,14.168,14.806,15.739,15.687,16.003,16.108,15.313,14.129,12.834,11.129,9.153,7.685,6.117,4.324,3.425,1.918,1.744,1.223,0.779,0.358,0.248,0.194,0.039,0.02,0,0.041,0,0,0,0,0,0
2026-08-30 06:38:00,1,"Normal Scan","Normal Scan",0,"ON",1,1,1,737.4,5,20.3,97.2,51.4,0.0000000693261,0.0000181953,4.97,8954.6,8.8,736.5,1,"Up Scan","Positive",254,0,4.37,1.6,8,8,0,1,1,14.547,30.543,19.106,9.647,2.194,4069.84,48,21.2,NA,0,0,0,0,0,0,0,0,0,0,0,0,0,0,0,0,0,0,0,0,0,0,0,0,0,0,0,0,0,0,0,425.152,371.468,344.027,303.118,285.775,259.129,238.067,212.901,181.232,157.516,129.912,112.854,96.017,83.778,70.618,58.623,48.265,41.888,36.557,31.101,28.399,24.446,25.279,20.87,22.572,22.047,23.97,21.498,21.64,20.553,16.543,18.441,17.244,17.009,19.387,22.516,22.755,24.454,24.847,25.853,24.995,21.086,20.294,17.509,13.599,10.996,8.669,6.902,6.087,3.791,2.648,1.87,1.186,1.013,0.524,0.198,0.101,0.053,0,0,0,0,0,0,0,0,0,0,0,0,0,0,0,0,0,0,0,0,0,0,0,0,0,0,0,0,0,0,0,0,0,0,0,0,0,3.955,5.515,6.948,8.741,9.984,11.867,13.268,14.626,15.412,15.231,15.155,14.167,13.783,13.078,12.581,11.67,10.617,9.518,9.014,8.492,7.908,7.816,7.368,8.112,7.364,8.327,8.604,9.903,9.793,10.392,11.127,10.533,12.136,12.516,13.226,14.622,15.617,15.877,16.01,15.631,15.327,14.264,11.93,11.114,9.11,7.014,5.489,4.301,3.26,2.815,1.69,1.169,0.805,0.501,0.42,0.213,0.078,0.04,0.02,0,0,0,0,0,0,0
2026-08-30 06:43:00,1,"Normal Scan","Normal Scan",0,"ON",1,1,1,737.3,5,20.1,97.2,51.3,0.000000069266,0.0000181857,4.97,8954.6,8.8,736.5,1,"Up Scan","Positive",254,0,4.37,1.6,8,8,0,1,1,14.499,28.885,18.609,9.647,2.123,4809.89,48,21.1,NA,0,0,0,0,0,0,0,0,0,0,0,0,0,0,0,0,0,0,0,0,0,0,0,0,0,0,0,0,0,0,0,508.272,451.836,420.152,356.899,328.683,298.536,272.206,250.417,217.384,188.907,168.145,141.713,122.55,107.064,89.201,79.827,67.906,52.955,44.172,36.594,28.397,25.607,24.355,21.845,25.657,24.387,22.374,21.178,23.982,20.063,17.957,19.779,21.871,19.117,19.695,21.134,24.891,24.043,25.364,28.152,25.083,21.671,19.651,18.188,15.733,12.471,8.956,7.189,6.218,4.258,2.379,2.001,0.948,0.694,0.676,0.148,0.358,0,0,0,0,0,0,0,0,0,0,0,0,0,0,0,0,0,0,0,0,0,0,0,0,0,0,0,0,0,0,0,0,0,0,0,0,0,0,4.38,6.56,8.417,10.701,11.784,13.663,15.312,16.754,18.169,18.311,18.181,18.352,17.333,16.673,16.083,14.722,14.35,13.302,11.294,10.217,9.257,7.876,7.652,7.858,7.753,9.3,9.459,9.656,9.845,11.446,10.895,11.238,12.884,14.552,14.289,14.967,15.326,16.801,16.273,16.255,16.542,14.387,12.376,10.809,9.447,8.011,6.118,4.398,3.406,2.863,1.96,1.041,0.861,0.401,0.287,0.275,0.059,0.139,0,0,0,0,0,0,0,0
2026-08-30 06:48:00,1,"Normal Scan","Normal Scan",0,"ON",1,1,1,737.5,5,20.4,97.2,51.9,0.0000000693562,0.0000182001,4.97,8954.6,8.8,736.5,1,"Up Scan","Positive",254,0,4.37,1.6,8,8,0,1,1,14.597,28.427,18.54,9.647,2.1,5032.93,48,21.2,NA,0,0,0,0,0,0,0,0,0,0,0,0,0,0,0,0,0,0,0,0,0,0,0,0,0,0,0,0,0,0,0,519.084,472.54,417.139,383.236,345.77,310.182,284.594,260.948,241.63,212.875,191.541,160.472,127.187,111.789,87.581,78.771,66.978,54.505,44.88,34.722,32.97,30.382,25.526,24.131,24.3,21.64,22.33,25.248,22.27,21.735,22.026,21.4,19.977,20.231,20.407,21.72,23.507,26.109,28.4,26.368,25.134,22.123,21.566,18.329,14.932,11.628,9.707,7.344,4.564,3.313,2.71,1.772,1.293,0.277,0.478,0.444,0.153,0,0.055,0,0,0,0,0,0,0,0,0,0,0,0,0,0,0,0,0,0,0,0,0,0,0,0,0,0,0,0,0,0,0,0,0,0,0,0,4.952,6.647,8.753,10.644,12.687,14.375,15.941,17.505,18.89,20.313,20.479,20.86,19.581,17.308,16.764,14.442,14.208,13.185,11.628,10.399,8.807,8.944,9.003,8.295,8.358,9.065,8.772,9.557,11.226,10.981,11.684,12.834,13.641,14.179,14.755,15.24,15.529,16.539,17.084,17.264,15.754,14.475,12.273,11.323,9.537,7.623,5.786,4.556,3.524,2.169,1.492,1.187,0.779,0.546,0.115,0.194,0.177,0.06,0,0.02,0,0,0,0,0,0
2026-08-30 06:53:00,1,"Normal Scan","Normal Scan",0,"ON",1,1,1,737.1,5,19.9,97.2,51.9,0.0000000692058,0.0000181761,4.97,8954.6,8.8,736.5,1,"Up Scan","Positive",254,0,4.37,1.6,8,8,0,1,1,14.811,30.902,19.374,10.366,2.19,4164.06,48,21,NA,0,0,0,0,0,0,0,0,0,0,0,0,0,0,0,0,0,0,0,0,0,0,0,0,0,0,0,0,0,0,0,368.663,378.119,347.119,297.798,318.289,263.544,246.011,214.387,190.45,167.99,141.765,126.404,103.605,93.37,80.772,70.623,51.533,47.842,40.142,32.286,25.686,24.034,21.129,20.92,21.01,21.081,19.651,19.054,21.358,19.295,18.185,20.423,19.561,20.793,20.68,22.849,26.015,23.281,26.001,24.198,23.726,23.685,18.609,17.885,14.863,13.765,11.613,6.621,6.023,4.377,2.736,1.489,0.831,0.785,0.622,0.197,0.154,0.105,0,0.056,0,0,0,0,0,0,0,0,0,0,0,0,0,0,0,0,0,0,0,0,0,0,0,0,0,0,0,0,0,0,0,0,0,0,0,3.944,4.756,7.096,8.781,9.867,13.232,13.531,15.102,15.585,16.002,16.143,15.46,15.452,14.114,14.021,13.306,12.712,10.14,10.194,9.281,8.149,7.093,7.137,6.839,7.368,7.822,8.428,8.678,8.973,10.601,10.739,11.451,13.02,13.699,14.532,15.121,16.506,17.344,15.661,16.569,15.221,14.012,13.127,10.4,9.374,7.491,6.704,5.577,3.209,2.774,2.006,1.196,0.658,0.368,0.325,0.252,0.079,0.06,0.04,0,0.021,0.015,0,0,0,0
2026-08-30 06:58:00,1,"Normal Scan","Normal Scan",0,"ON",1,1,1,737.6,5,20.5,97.2,51.8,0.0000000693863,0.0000182049,4.97,8954.6,8.8,736.5,1,"Up Scan","Positive",254,0,4.37,1.6,8,8,0,1,1,16.029,37.666,22.062,9.647,2.412,2988.92,48,21.2,NA,0,0,0,0,0,0,0,0,0,0,0,0,0,0,0,0,0,0,0,0,0,0,0,0,0,0,0,0,0,0,0,285.59,210.511,226.165,199.036,171.464,163.891,157.413,149.192,124.776,113.416,100.128,87.343,76.493,72.747,61.855,55.117,47.424,39.542,34.743,31.52,24.24,23.895,19.691,21.041,18.698,18.532,21.497,20.303,19.412,18.137,18.368,19.319,16.642,20.41,21.988,21.731,23.41,26.655,28.386,23.335,24.59,26.514,22.813,16.271,14.969,12.604,10.938,7.367,5.43,5.034,2.974,1.993,0.946,1.199,0.479,0.295,0.102,0.105,0.054,0.188,0,0,0,0,0,0,0,0,0,0,0,0,0,0,0,0,0,0,0,0,0,0,0,0,0,0,0,0,0,0,0,0,0,0,0,2.397,3.672,3.906,5.715,6.594,7.129,8.406,9.687,10.779,10.517,10.911,10.907,10.686,10.4,10.939,10.245,9.969,9.349,8.458,8.095,7.909,6.681,7.192,6.412,7.289,7.045,7.59,9.062,9.324,9.963,10.453,11.243,12.753,12.965,14.563,15.644,16.475,16.834,17.099,17.419,14.715,14.445,14.665,12.43,8.718,7.675,6.213,5.347,3.574,2.515,2.283,1.315,0.89,0.433,0.497,0.194,0.118,0.04,0.04,0.02,0.066,0.014,0,0,0,0
2026-08-30 07:03:00,1,"Normal Scan","Normal Scan",0,"ON",1,1,1,737.1,5,19.9,97.2,52.1,0.0000000692058,0.0000181761,4.97,8954.6,8.8,736.5,1,"Up Scan","Positive",254,0,4.37,1.6,8,8,0,1,1,17.095,36.595,22.367,9.647,2.323,3219.39,47,21,NA,0,0,0,0,0,0,0,0,0,0,0,0,0,0,0,0,0,0,0,0,0,0,0,0,0,0,0,0,0,0,0,249.133,228.241,194.83,199.874,184.647,162.548,171.851,156.198,143.617,138.852,125.528,118.29,99.176,95.834,81.073,70.638,60.888,53.678,49.766,35.799,33.343,26.875,23.808,23.057,21.736,21.421,20.298,19.894,21.395,19.797,18.699,18.691,19.021,18.363,20.925,21.708,23.334,24.425,26.467,26.458,25.169,21.538,20.816,18.11,15.325,13.697,9.751,7.251,5.596,3.927,2.923,2.205,1.428,0.831,0.239,0.148,0.153,0.106,0,0,0,0,0,0,0,0,0,0,0,0,0,0,0,0,0,0,0,0,0,0,0,0,0,0,0,0,0,0,0,0,0,0,0,0,0,2.241,3.261,4.233,4.945,6.596,7.696,8.322,10.581,11.339,12.095,13.389,13.714,14.464,13.533,14.459,13.411,12.789,11.993,11.451,11.472,9.006,9.036,7.942,7.651,7.986,8.064,8.489,8.746,9.254,10.413,11.008,11.425,12.248,13.561,13.982,15.457,15.591,16.398,16.302,16.864,16.028,14.675,12.16,11.287,9.442,7.921,6.829,4.725,3.383,2.584,1.78,1.293,0.951,0.621,0.344,0.097,0.059,0.06,0.04,0,0,0.015,0,0,0,0
2026-08-30 07:08:00,1,"Normal Scan","Normal Scan",0,"ON",1,1,1,737.5,5,20.4,97.2,51.3,0.0000000693562,0.0000182001,4.97,8954.6,8.8,736.5,1,"Up Scan","Positive",254,0,4.37,1.6,8,8,0,1,1,15.777,36.589,21.605,9.647,2.387,3141.63,48,21.1,NA,0,0,0,0,0,0,0,0,0,0,0,0,0,0,0,0,0,0,0,0,0,0,0,0,0,0,0,0,0,0,0,306.903,261.329,238.692,209.079,205.193,148.602,155.857,141.322,128.911,110.828,102.357,89.597,85.202,75.991,65.067,59.938,54.064,46.348,38.575,29.336,25.032,23.933,21.752,19.786,20.956,21.939,20.476,21.325,17.249,20.717,20.496,19.843,18.049,19.44,21.241,22.335,23.166,24.925,26.552,25.88,25.811,23.028,19.927,17.872,16.239,13.735,11.231,8.016,5.562,4.125,3.213,1.628,0.978,0.831,0.395,0.281,0.202,0.159,0.055,0.056,0,0,0,0,0,0,0,0,0,0,0,0,0,0,0,0,0,0,0,0,0,0,0,0,0,0,0,0,0,0,0,0,0,0,0,2.803,3.983,4.881,6.036,6.909,8.513,7.599,9.6,10.256,10.836,10.675,11.171,10.987,11.633,11.45,10.748,10.813,10.639,9.897,8.944,7.445,6.941,7.163,7.034,6.923,7.871,8.784,8.875,9.606,9.179,11.188,12.32,12.818,13.081,14.389,15.729,16.147,16.228,16.699,16.874,16.044,15.223,13.036,10.707,9.543,8.21,6.7,5.418,3.818,2.593,1.853,1.443,0.723,0.414,0.344,0.16,0.112,0.079,0.06,0.02,0.022,0,0,0,0,0
2026-08-30 07:13:00,1,"Normal Scan","Normal Scan",0,"ON",1,1,1,737.3,5,20.1,97.2,52,0.000000069266,0.0000181857,4.97,8954.6,8.8,736.5,1,"Up Scan","Positive",254,0,4.37,1.6,8,8,0,1,1,16.448,42.473,24.166,9.647,2.573,2574.7,48,21.1,NA,0,0,0,0,0,0,0,0,0,0,0,0,0,0,0,0,0,0,0,0,0,0,0,0,0,0,0,0,0,0,0,229.862,198.692,168.344,186.76,152.268,124.848,126.25,111.028,98.314,91.71,74.317,66.889,57.945,49.389,42.752,33.945,31.351,24.998,24.041,26.063,22.398,19.997,18.96,18.072,20.058,22.542,27.146,31.828,32.337,31.462,29.837,24.955,25.096,25.483,22.637,24.702,29.793,27.016,29.619,25.609,24.638,23.207,19.488,15.724,14.166,12.859,10.152,7.228,6.205,4.016,2.926,1.739,1.227,0.644,0.332,0.098,0.231,0.238,0.218,0.056,0,0,0,0,0,0,0,0,0,0,0,0,0,0,0,0,0,0,0,0,0,0,0,0,0,0,0,0,0,0,0,0,0,0,0,1.577,3.013,3.683,4.299,6.165,6.354,6.418,7.773,8.034,8.271,8.832,8.106,8.189,7.883,7.432,7.096,6.176,6.233,5.423,5.671,6.661,6.336,6.385,6.683,7.026,8.257,9.421,11.672,14.107,15.235,15.799,16.376,15.645,16.324,16.864,16.097,17.179,18.894,17.182,17.949,15.666,14.38,12.993,10.699,8.446,7.233,6.404,4.947,3.38,2.821,1.859,1.37,0.787,0.519,0.267,0.136,0.039,0.09,0.09,0.081,0.022,0,0,0,0,0
2026-08-30 07:18:00,1,"Normal Scan","Normal Scan",0,"ON",1,1,1,737.3,5,20.2,97.2,51.5,0.000000069296,0.0000181905,4.97,8954.6,8.8,736.5,1,"Up Scan","Positive",254,0,4.37,1.6,8,8,0,1,1,16.105,42.325,23.613,9.647,2.58,2315.72,48,21.1,NA,0,0,0,0,0,0,0,0,0,0,0,0,0,0,0,0,0,0,0,0,0,0,0,0,0,0,0,0,0,0,0,209.392,184.533,160.065,150.922,134.159,133.587,119.829,108.028,96.021,83.048,70.596,59.635,50.971,45.972,40.071,31.368,26.06,22.877,20.011,19.61,18.677,19.267,17.759,15.343,16.737,18.506,18.314,18.852,20.797,19.136,19.423,18.371,19.404,19.532,21.488,21.744,24.184,25.221,25.39,24.716,23.423,22.167,19.493,18.046,15.395,12.128,10.197,8.104,5.7,4.297,2.432,2.195,1.344,0.552,0.334,0.197,0.05,0,0.055,0,0,0,0,0,0,0,0,0,0,0,0,0,0,0,0,0,0,0,0,0,0,0,0,0,0,0,0,0,0,0,0,0,0,0,0,1.639,2.714,3.448,4.065,4.976,5.577,6.824,7.389,7.836,8.083,8.018,7.685,7.299,6.943,6.91,6.624,5.693,5.197,4.978,4.724,5.029,5.257,5.831,5.846,5.661,6.482,7.545,8.014,8.939,10.372,10.765,11.715,12.21,13.495,14.14,15.365,15.64,16.502,16.774,16.065,15.301,13.894,12.559,10.593,9.481,7.917,6.047,4.853,3.798,2.627,1.905,1.064,0.961,0.584,0.229,0.136,0.078,0.02,0,0.02,0,0.014,0,0,0,0
2026-08-30 07:23:00,1,"Normal Scan","Normal Scan",0,"ON",1,1,1,737.4,5,20.3,97.2,51.9,0.0000000693261,0.0000181953,4.97,8954.6,8.8,736.5,1,"Up Scan","Positive",254,0,4.37,1.6,8,8,0,1,1,16.104,42.005,23.524,9.647,2.57,2390.74,47,21.1,NA,0,0,0,0,0,0,0,0,0,0,0,0,0,0,0,0,0,0,0,0,0,0,0,0,0,0,0,0,0,0,0,210.372,205.745,174.732,140.062,141.754,130.547,123.106,114.26,90.101,78.908,74.729,66.361,55.537,50.041,43.893,37.351,29.607,25.53,21.947,18.019,18.577,17.744,17.753,19.362,19.359,17.919,19.874,18.118,18.796,19.259,17.735,18.04,19.488,19.453,20.469,22.566,24.879,25.111,25.574,25.062,25.154,24.432,22.651,19.188,15.062,13.518,10.234,7.472,5.4,3.567,2.244,1.759,0.811,0.46,0.287,0.346,0.151,0.158,0.109,0,0,0,0,0,0,0,0,0,0,0,0,0,0,0,0,0,0,0,0,0,0,0,0,0,0,0,0,0,0,0,0,0,0,0,0,1.704,2.702,3.886,4.456,4.624,5.904,6.695,7.572,8.286,7.586,7.606,8.144,8.124,7.557,7.51,7.248,6.75,5.861,5.528,5.223,4.706,5.241,5.437,5.815,6.803,7.276,7.276,8.585,8.67,9.596,10.663,11.12,12.317,13.777,14.332,15.15,16.526,17.431,16.825,16.238,15.424,14.549,13.544,11.937,9.767,7.697,6.557,4.876,3.477,2.566,1.618,1.023,0.757,0.343,0.191,0.116,0.137,0.06,0.06,0.041,0,0,0,0,0,0
2026-08-30 07:28:00,1,"Normal Scan","Normal Scan",0,"ON",1,1,1,737.1,5,19.9,97.2,51.7,0.0000000692058,0.0000181761,4.97,8954.6,8.8,736.5,1,"Up Scan","Positive",254,0,4.37,1.6,8,8,0,1,1,16.622,43.139,24.241,9.647,2.581,2311.38,48,21,NA,0,0,0,0,0,0,0,0,0,0,0,0,0,0,0,0,0,0,0,0,0,0,0,0,0,0,0,0,0,0,0,199.571,182.256,159.67,147.209,129.323,119.166,112.962,101.239,84.271,76.447,68.629,56.903,56.13,45.874,45.081,40.555,38.518,32.913,28.569,26.104,23.895,19.055,18.22,18.81,19.479,18.904,19.453,18.704,19.913,17.975,16.996,17.711,19.211,20.677,20.665,22.627,25.209,25.315,26.271,22.301,23.256,23.23,19.103,18.019,15.389,12.814,11.214,7.943,5.108,4.431,2.841,2.072,1.028,0.827,0.573,0.444,0.253,0.052,0,0,0,0,0,0,0,0,0,0,0,0,0,0,0,0,0,0,0,0,0,0,0,0,0,0,0,0,0,0,0,0,0,0,0,0,0,1.931,2.539,3.438,4.015,4.862,5.394,6.119,6.916,7.344,7.101,7.37,7.504,6.989,7.668,6.93,7.485,7.365,7.595,7.059,6.681,6.645,6.598,5.753,6.038,6.619,7.235,7.609,8.409,8.909,10.121,10.146,10.831,12.147,13.401,14.385,15.029,16.24,16.934,16.808,16.612,14.337,14.071,12.846,10.539,9.544,7.927,6.31,5.385,3.827,2.425,2.001,1.242,0.891,0.433,0.344,0.232,0.177,0.099,0.02,0,0,0,0,0,0,0
2026-08-30 07:33:00,1,"Normal Scan","Normal Scan",0,"ON",1,1,1,737.6,5,20.5,97.2,51.7,0.0000000693863,0.0000182049,4.97,8954.6,8.8,736.5,1,"Up Scan","Positive",254,0,4.37,1.6,8,8,0,1,1,19.925,34.559,23.229,9.647,2.124,4246.22,48,21.2,NA,0,0,0,0,0,0,0,0,0,0,0,0,0,0,0,0,0,0,0,0,0,0,0,0,0,0,0,0,0,0,0,248.6,208.817,205.479,203.612,167.344,162.898,176.757,205.45,215.503,209.096,212.357,201.103,183.529,193.034,179.12,159.363,137.263,106.621,96.347,80.51,71.004,54.303,37.945,31.302,24.51,20.191,21.097,20.287,19.315,17.575,19.891,19.231,17.306,19.272,20.084,22.918,21.598,26.778,25.893,26.713,24.806,21.961,24.05,18.454,16.682,13.785,10.02,7.937,6.513,3.917,3.07,2.149,1.158,0.6,0.373,0.355,0.155,0.053,0.109,0.056,0,0,0,0,0,0,0,0,0,0,0,0,0,0,0,0,0,0,0,0,0,0,0,0,0,0,0,0,0,0,0,0,0,0,0,2.521,3.225,3.918,5.23,6.738,6.969,8.368,10.907,14.942,18.188,20.247,23.27,24.721,25.071,29.073,29.613,28.777,26.885,22.611,21.985,19.708,18.625,15.334,11.705,10.362,8.874,8.197,8.951,9.288,9.796,9.999,11.879,12.856,12.809,14.452,15.118,16.281,16.315,17.618,16.805,16.17,14.588,12.688,12.857,9.653,8.558,6.779,4.818,3.751,3,1.781,1.382,0.946,0.489,0.248,0.151,0.141,0.06,0.02,0.041,0.022,0,0,0,0,0
2026-08-30 07:38:00,1,"Normal Scan","Normal Scan",0,"ON",1,1,1,737.2,5,20,97.2,51.9,0.0000000692359,0.0000181809,4.97,8954.6,8.8,736.5,1,"Up Scan","Positive",254,0,4.37,1.6,8,8,0,1,1,15.68,40.358,22.764,9.647,2.526,2621.33,48,21,NA,0,0,0,0,0,0,0,0,0,0,0,0,0,0,0,0,0,0,0,0,0,0,0,0,0,0,0,0,0,0,0,232.085,215.763,195.173,195.01,168.747,144.01,132.353,116.753,96.959,94.229,81.403,72.902,62.574,47.406,42.036,35.525,34.992,28.281,24.705,22.342,20.921,19.198,20.045,18.688,20.424,21.069,19.672,18.785,20.353,19.428,17.743,20.723,20.201,21.152,20.325,22.064,23.386,23.723,26.338,26.399,24.926,24.701,21.734,20.175,16.867,13.044,10.725,7.063,6.046,4.87,3.346,1.294,0.981,0.796,0.321,0.346,0.103,0.104,0,0,0,0,0,0,0,0,0,0,0,0,0,0,0,0,0,0,0,0,0,0,0,0,0,0,0,0,0,0,0,0,0,0,0,0,0,2.492,2.987,4.005,4.98,6.487,7.029,7.41,8.129,8.482,8.163,9.076,8.887,8.921,8.531,7.148,6.968,6.466,6.919,6.13,5.827,5.785,5.894,5.802,6.535,6.672,7.686,8.309,8.693,9.024,10.143,10.766,11.181,13.077,14.076,15.099,15.399,16.408,16.632,16.535,17.056,16.004,14.681,13.574,11.892,10.692,8.384,6.417,5.161,3.319,2.785,2.223,1.462,0.557,0.414,0.33,0.13,0.137,0.04,0.04,0,0,0,0,0,0,0
2026-08-30 07:43:00,1,"Normal Scan","Normal Scan",0,"ON",1,1,1,737.6,5,20.5,97.2,51.3,0.0000000693863,0.0000182049,4.97,8954.6,8.8,736.5,1,"Up Scan","Positive",254,0,4.37,1.6,8,8,0,1,1,15.177,40.602,22.488,9.647,2.56,2600,48,21.1,NA,0,0,0,0,0,0,0,0,0,0,0,0,0,0,0,0,0,0,0,0,0,0,0,0,0,0,0,0,0,0,0,264.76,217.576,224.696,175.266,160.074,152.568,134.114,111.782,89.338,86.023,71.578,62.155,54.248,49.392,38.357,35.154,30.559,24.026,23.034,21.78,17.605,18.906,19.114,18.563,20.074,20.103,20.514,19.005,20.002,19.873,18.667,18.186,18.063,17.92,20.106,22.593,21.596,25.901,26.08,28.348,26.639,24.135,23.473,19.921,17.004,12.817,10.331,8.654,7.059,4.37,3.288,1.849,1.119,0.554,0.381,0.318,0.185,0.21,0,0,0,0,0,0,0,0,0,0,0,0,0,0,0,0,0,0,0,0,0,0,0,0,0,0,0,0,0,0,0,0,0,0,0,0,0,2.501,3.435,4.043,5.683,5.782,6.647,7.826,8.232,8.093,7.5,8.276,7.803,7.604,7.38,7.452,6.354,6.358,6.059,5.226,5.454,5.619,5.017,5.774,6.246,6.599,7.525,8.095,8.754,8.75,10.057,10.862,11.569,12.199,13.101,14.219,15.573,16.579,16.102,17.712,16.96,16.97,15.437,13.867,12.637,10.486,8.609,6.37,4.934,4.03,3.279,2.047,1.437,0.797,0.489,0.229,0.155,0.126,0.071,0.08,0,0,0.014,0,0,0,0
2026-08-30 07:48:00,1,"Normal Scan","Normal Scan",0,"ON",1,1,1,737.4,5,20.3,97.2,51.9,0.0000000693261,0.0000181953,4.97,8954.6,8.8,736.5,1,"Up Scan","Positive",254,0,4.37,1.6,8,8,0,1,1,15.677,41.661,23.127,9.647,2.574,2503.92,48,21.1,NA,0,0,0,0,0,0,0,0,0,0,0,0,0,0,0,0,0,0,0,0,0,0,0,0,0,0,0,0,0,0,0,235.117,204.941,181.944,196.546,152.571,136.883,118.893,107.623,93.636,84.109,68.823,65.035,58.904,46.717,39.922,35.267,29.711,24.489,22.262,23.229,20.073,18.424,21.542,19.164,19.671,18.745,21.756,21.126,19.057,16.675,18.876,19.924,18.735,21.403,20.748,23.382,23.612,26.543,24.993,25.22,23.975,23.108,20.907,18.561,16.726,14.78,11.692,8.455,5.883,4.836,3.092,2.027,1.737,1.013,0.431,0.298,0.103,0,0,0,0,0,0,0,0,0,0,0,0,0,0,0,0,0,0,0,0,0,0,0,0,0,0,0,0,0,0,0,0,0,0,0,0,0,0,2.138,3.063,3.83,4.574,6.494,6.336,7.015,7.303,7.781,7.884,8.117,7.515,7.954,8.01,7.033,6.62,6.414,5.9,5.358,5.281,5.961,5.64,5.675,6.999,6.728,7.29,7.702,9.227,9.733,9.919,9.737,11.483,13.07,13.387,15.123,15.306,16.772,16.657,17.652,16.482,16.068,14.43,13.168,11.519,9.847,8.528,7.412,5.654,3.976,2.724,2.175,1.352,0.872,0.734,0.42,0.174,0.118,0.04,0,0,0,0,0,0,0,0
2026-08-30 07:53:00,1,"Normal Scan","Normal Scan",0,"ON",1,1,1,737.3,5,20.1,97.2,51.5,0.000000069266,0.0000181857,4.97,8954.6,8.8,736.5,1,"Up Scan","Positive",254,0,4.37,1.6,8,8,0,1,1,15.971,35.537,21.374,9.647,2.345,3653.28,48,21.1,NA,0,0,0,0,0,0,0,0,0,0,0,0,0,0,0,0,0,0,0,0,0,0,0,0,0,0,0,0,0,0,0,414.87,341.767,255.432,229.513,197.969,167.354,155.878,130.769,129.559,121.125,118.027,107.038,94.746,93.79,91.599,86.874,80.131,67.562,64.83,55.18,39.396,34.004,27.206,25.633,22.979,21.168,24.1,23.235,20.896,20.388,20,19.578,17.93,18.145,19.357,23.898,23.978,24.695,27.049,26.407,26.909,24.726,22.282,20.896,17.542,14.947,11.621,8.74,6.803,5.146,3.532,2.344,1.605,0.737,0.526,0.346,0.254,0.21,0,0.056,0,0,0,0,0,0,0,0,0,0,0,0,0,0,0,0,0,0,0,0,0,0,0,0,0,0,0,0,0,0,0,0,0,0,0,4.857,5.39,6.374,6.483,7.576,8.24,8.594,9.614,9.511,10.926,11.673,12.938,13.147,12.988,14.223,15.225,15.704,15.733,14.358,14.877,13.648,10.588,9.977,8.696,8.82,8.414,8.538,10.115,10.284,10.339,11.174,12.269,12.763,13.299,13.963,15.417,17.371,17.201,17.274,17.9,16.384,16.044,14.203,12.329,11.025,9.032,7.48,5.577,4.143,3.174,2.371,1.557,1.026,0.678,0.306,0.213,0.137,0.099,0.08,0,0.022,0,0,0,0,0
2026-08-30 07:58:00,1,"Normal Scan","Normal Scan",0,"ON",1,1,1,737.6,5,20.5,97.2,51.8,0.0000000693863,0.0000182049,4.97,8954.6,8.8,736.5,1,"Up Scan","Positive",254,0,4.37,1.6,8,8,0,1,1,14.307,29.543,18.893,9.647,2.165,5135.65,47,21.2,NA,0,0,0,0,0,0,0,0,0,0,0,0,0,0,0,0,0,0,0,0,0,0,0,0,0,0,0,0,0,0,0,741.06,558.815,425.993,351.942,269.763,227.563,185.985,166.232,151.531,162.814,167.054,166.197,168.753,158.873,141.219,111.242,99.547,85.496,71.717,61.512,43.388,36.389,27.777,24.032,22.507,22.297,21.721,22.091,23.428,21.463,21.625,19.537,20.091,20.798,21.558,22.193,25.537,27.608,27.649,27.062,26.91,24.048,23.334,19.808,16.884,14.019,10.628,9.36,6.081,5.368,2.524,1.628,1.164,0.598,0.617,0.198,0.153,0.213,0.055,0,0,0,0,0,0,0,0,0,0,0,0,0,0,0,0,0,0,0,0,0,0,0,0,0,0,0,0,0,0,0,0,0,0,0,0,6.865,9.409,10.415,10.777,11.558,11.141,11.632,11.467,12.086,12.818,15.807,18.301,20.393,23.045,23.929,23.32,20.052,19.481,18.089,16.376,15.135,11.65,10.555,8.845,8.381,8.441,8.948,9.317,10.133,11.525,11.674,12.846,13.207,14.292,15.22,16.308,16.396,17.995,18.432,17.66,16.555,15.624,13.907,12.738,10.298,8.465,6.909,5.144,4.372,2.83,2.42,1.157,0.705,0.508,0.248,0.252,0.078,0.06,0.08,0.02,0,0.014,0,0,0,0
2026-08-30 08:03:00,1,"Normal Scan","Normal Scan",0,"ON",1,1,1,737.2,5,20,97.2,51.8,0.0000000692359,0.0000181809,4.97,8954.6,8.8,736.5,1,"Up Scan","Positive",254,0,4.37,1.6,8,8,0,1,1,17.267,36.592,22.166,9.647,2.343,3344.03,47,21.1,NA,0,0,0,0,0,0,0,0,0,0,0,0,0,0,0,0,0,0,0,0,0,0,0,0,0,0,0,0,0,0,0,317.26,270.448,225.09,202.552,167.757,141.623,134.167,131.715,141.95,138.18,130.584,120.02,119.956,109.809,93.403,79.467,70.269,55.275,46.757,37.748,27.552,25.147,23.781,21.769,21.877,20.85,23.136,19.404,21.293,19.854,20.524,19.751,21.042,20.747,19.407,24.042,24.849,25.702,27.736,26.98,23.165,22.627,21.149,19.355,16.057,13.367,11.32,8.345,6.035,4.781,3.341,1.857,1.609,0.599,0.286,0.248,0.255,0.105,0.055,0,0,0,0,0,0,0,0,0,0,0,0,0,0,0,0,0,0,0,0,0,0,0,0,0,0,0,0,0,0,0,0,0,0,0,0,3.18,4.145,5.053,5.736,6.67,7.02,7.262,8.257,9.598,12.005,13.356,14.303,14.724,16.355,16.517,15.409,14.301,13.748,11.775,10.798,9.455,7.58,7.535,7.625,7.63,8.133,8.446,9.821,9.222,10.617,11.013,12.335,13.108,14.476,15.125,14.586,16.946,17.288,17.213,17.603,16.546,14.153,12.869,11.737,10.142,8.172,6.745,5.383,3.882,2.831,2.195,1.461,0.816,0.697,0.248,0.116,0.098,0.099,0.04,0.02,0,0.014,0,0,0,0
2026-08-30 08:08:00,1,"Normal Scan","Normal Scan",0,"ON",1,1,1,737.6,5,20.6,97.2,51.2,0.0000000694164,0.0000182097,4.97,8954.6,8.8,736.5,1,"Up Scan","Positive",254,0,4.37,1.6,8,8,0,1,1,15.796,41.211,23.047,9.647,2.557,2606.17,48,21.2,NA,0,0,0,0,0,0,0,0,0,0,0,0,0,0,0,0,0,0,0,0,0,0,0,0,0,0,0,0,0,0,0,258.279,207.086,200.664,180.9,149.365,141.967,126.344,114.53,101.351,89.94,71.657,68.422,56.593,52.721,43.845,37.53,31.061,29.196,26.53,24.166,21.977,20.073,19.172,20.059,20.244,21.389,21.933,21.76,18.996,19.424,20.47,20.253,20.816,19.501,21.931,21.77,24.604,27.713,25.648,27.282,24.915,22.683,21.807,19.171,17.192,15.041,10.364,8.358,6.647,4.513,2.494,2.225,1.919,0.782,0.382,0.148,0.152,0.106,0.109,0,0,0,0,0,0,0,0,0,0,0,0,0,0,0,0,0,0,0,0,0,0,0,0,0,0,0,0,0,0,0,0,0,0,0,0,2.003,3.348,3.858,5.116,5.98,6.242,7.27,7.779,8.279,8.54,8.647,7.8,8.358,7.712,7.935,7.277,6.824,6.171,6.305,6.242,6.198,6.14,6.182,6.351,7,7.639,8.578,9.414,9.985,9.914,10.688,12.307,13.367,14.295,14.672,16.025,16.115,17.185,18.229,17.131,16.718,14.736,13.058,11.886,10.001,8.761,7.601,5.008,3.923,3.048,2.031,1.132,0.964,0.828,0.325,0.155,0.059,0.06,0.04,0.041,0,0.014,0,0,0,0
2026-08-30 08:13:00,1,"Normal Scan","Normal Scan",0,"ON",1,1,1,737.3,5,20.2,97.2,51.8,0.000000069296,0.0000181905,4.97,8954.6,8.8,736.5,1,"Up Scan","Positive",254,0,4.37,1.6,8,8,0,1,1,15.778,38.217,22.39,10.366,2.442,3036.44,48,21.2,NA,0,0,0,0,0,0,0,0,0,0,0,0,0,0,0,0,0,0,0,0,0,0,0,0,0,0,0,0,0,0,0,236.27,306.094,247.267,214.996,190.302,151.115,134.646,117.069,110.933,98.118,83.51,79.911,69.791,58.811,54.539,50.173,40.241,36.023,41.35,48.519,47.515,42.437,33.561,27.563,25.02,21.878,20.449,22.021,22.78,21.663,19.771,18.688,18.633,19.838,21.556,23.351,25.135,26.04,25.859,26.165,27.551,23.898,20.21,19.05,16.295,13.97,10.635,7.507,6.193,4.076,2.873,1.754,1.378,0.602,0.287,0.198,0.154,0.106,0.109,0,0,0,0,0,0,0,0,0,0,0,0,0,0,0,0,0,0,0,0,0,0,0,0,0,0,0,0,0,0,0,0,0,0,0,0,2.117,3.087,5.726,6.276,7.094,7.904,7.733,8.272,8.515,9.336,9.469,9.143,9.785,9.506,8.916,9.149,9.269,8.153,7.905,9.679,12.101,12.685,12.195,10.477,9.441,9.164,8.704,8.825,10.031,11.225,11.808,11.978,12.743,13.478,14.443,16.273,16.802,17.177,17.314,16.715,16.174,15.924,13.279,10.969,9.983,8.244,6.942,5.105,3.487,2.841,1.868,1.297,0.761,0.584,0.248,0.116,0.078,0.06,0.04,0.041,0,0,0,0,0,0
2026-08-30 08:18:00,1,"Normal Scan","Normal Scan",0,"ON",1,1,1,737.5,5,20.4,97.2,51.2,0.0000000693562,0.0000182001,4.97,8954.6,8.8,736.5,1,"Up Scan","Positive",254,0,4.37,1.6,8,8,0,1,1,14.234,31.2,19.408,9.647,2.229,4202.79,48,21.2,NA,0,0,0,0,0,0,0,0,0,0,0,0,0,0,0,0,0,0,0,0,0,0,0,0,0,0,0,0,0,0,0,482.732,428.228,368.778,335.109,280.318,230.559,173.457,156.181,145.095,131.384,116.696,113.776,108.776,96.624,88.451,82.813,72.667,67.03,54.752,48.208,40.59,34.061,28.888,22.779,20.001,19.71,20.086,21.207,18.214,18.705,17.792,17.957,19.265,19.891,23.53,23.603,25.898,27.499,25.172,25.41,25.062,25.301,19.441,19.071,15.406,13.808,10.685,6.473,5.322,4.297,1.741,1.38,0.982,0.556,0.811,0.247,0.154,0.052,0.054,0.056,0,0,0,0,0,0,0,0,0,0,0,0,0,0,0,0,0,0,0,0,0,0,0,0,0,0,0,0,0,0,0,0,0,0,0,4.036,6.249,7.944,9.346,11.071,11.646,11.804,10.651,11.328,12.217,12.672,12.757,13.965,14.867,14.573,14.672,14.985,14.312,14.274,12.566,11.944,10.858,9.886,9.099,7.761,7.467,7.883,8.672,9.822,9.599,10.739,11.253,12.461,13.712,14.544,16.468,17.184,17.3,17.816,16.153,15.608,14.544,13.729,10.611,9.787,7.673,6.731,5.144,3.151,2.459,1.951,0.777,0.61,0.414,0.229,0.329,0.098,0.06,0.02,0.02,0.022,0,0,0,0,0
2026-08-30 08:23:00,1,"Normal Scan","Normal Scan",0,"ON",1,1,1,737.6,5,20.5,97.2,51.7,0.0000000693863,0.0000182049,4.97,8954.6,8.8,736.5,1,"Up Scan","Positive",254,0,4.37,1.6,8,8,0,1,1,15.089,38.902,22,9.647,2.514,2634.23,48,21.3,NA,0,0,0,0,0,0,0,0,0,0,0,0,0,0,0,0,0,0,0,0,0,0,0,0,0,0,0,0,0,0,0,300.062,243.964,210.845,187.554,151.255,137.125,123.247,111.699,94.618,81.121,68.231,63.193,55.82,46.608,38.859,36.319,32.209,31.073,27.634,24.958,24.04,22.017,22.545,21.252,20.204,20.709,19.096,18.926,15.407,18.493,16.461,17.376,17.83,20.148,20.322,25.062,25.999,23.231,25.874,26.541,26.32,22.633,20.407,17.059,16.393,12.584,8.601,7.71,4.968,3.465,2.401,1.44,1.248,0.231,0.334,0.295,0,0.159,0.054,0,0,0,0,0,0,0,0,0,0,0,0,0,0,0,0,0,0,0,0,0,0,0,0,0,0,0,0,0,0,0,0,0,0,0,0,3.021,3.847,4.555,5.352,6.212,6.311,6.985,7.594,8.095,7.974,7.791,7.451,7.737,7.616,7.05,6.46,6.632,6.411,6.747,6.502,6.399,6.67,6.559,7.189,7.223,7.502,8.143,8.268,8.9,8.387,10.464,11.002,11.861,12.883,14.603,15.34,17.273,17.293,15.612,16.523,15.768,14.925,12.486,10.921,8.905,8.128,6.224,4.041,3.645,2.282,1.569,1.083,0.619,0.527,0.095,0.136,0.118,0,0.06,0.02,0,0,0,0,0,0
2026-08-30 08:28:00,1,"Normal Scan","Normal Scan",0,"ON",1,1,1,737.3,5,20.2,97.2,51.4,0.000000069296,0.0000181905,4.97,8954.6,8.8,736.5,1,"Up Scan","Positive",254,0,4.37,1.6,8,8,0,1,1,18.992,44.397,25.775,9.647,2.546,2270.78,47,21.2,NA,0,0,0,0,0,0,0,0,0,0,0,0,0,0,0,0,0,0,0,0,0,0,0,0,0,0,0,0,0,0,0,168.611,156.36,131.946,131.515,115.691,106.331,85.472,89.167,76.936,81.319,79.938,77.999,62.575,64.323,54.132,50.995,43.404,40.909,36.637,30.662,28.55,24.712,24.177,22.872,24.113,21.455,21.024,19.399,16.706,16.308,17.516,16.059,17.382,18.734,19.612,22.413,28.252,28.033,26.324,27.343,26.347,24.155,18.489,17.759,15.264,12.572,9.428,5.972,4.474,4.016,2.14,1.851,0.671,0.695,0.285,0.395,0.153,0.159,0.054,0,0,0,0,0,0,0,0,0,0,0,0,0,0,0,0,0,0,0,0,0,0,0,0,0,0,0,0,0,0,0,0,0,0,0,0,1.816,2.191,2.899,3.333,4.351,4.831,5.452,5.279,6.503,6.5,7.834,8.743,9.564,8.555,9.717,8.99,9.259,8.594,8.798,8.555,7.831,7.832,7.355,7.694,7.74,8.693,8.363,8.789,9.027,8.9,9.467,11.28,11.944,12.963,14.176,15.074,16.278,18.077,17.826,16.267,16.457,14.818,12.892,10.048,9.248,7.786,6.077,4.599,2.779,2.144,1.831,0.968,0.798,0.301,0.287,0.116,0.157,0.06,0.06,0.02,0,0.014,0,0,0,0
2026-08-30 08:33:00,1,"Normal Scan","Normal Scan",0,"ON",1,1,1,737.7,5,20.7,97.2,51.2,0.0000000694465,0.0000182145,4.97,8954.6,8.8,736.5,1,"Up Scan","Positive",254,0,4.37,1.6,8,8,0,1,1,16.841,36.358,21.951,9.647,2.371,3340.31,47,21.3,NA,0,0,0,0,0,0,0,0,0,0,0,0,0,0,0,0,0,0,0,0,0,0,0,0,0,0,0,0,0,0,0,394.45,316.655,243.018,196.22,154.183,133.626,106.134,101.01,108.838,110.416,111.7,109.607,108.737,93.801,86.511,79.161,70.026,66.777,58.359,49.639,42.593,33.609,28.643,25.909,22.898,23.997,22.865,21.836,20.865,18.695,19.801,17.191,19.783,20.892,21.96,22.133,25.653,25.722,27.193,27.454,25.173,23.789,20.447,18.152,15.165,13.758,11.802,7.889,5.249,3.772,2.675,1.638,0.983,0.325,0.336,0.395,0.101,0.105,0,0,0,0,0,0,0,0,0,0,0,0,0,0,0,0,0,0,0,0,0,0,0,0,0,0,0,0,0,0,0,0,0,0,0,0,0,3.808,5.079,5.898,6.157,6.433,6.388,6.845,6.545,7.344,9.211,10.682,12.252,13.453,14.872,14.192,14.357,14.378,13.798,14.232,13.431,12.334,11.471,9.816,9.083,8.785,8.465,9.345,9.641,10.074,10.518,10.591,12.016,12.007,14.006,15.143,16.062,16.237,17.417,17.098,16.84,16.745,14.967,13.2,10.87,9.463,7.719,6.705,5.517,3.734,2.476,1.707,1.168,0.705,0.433,0.134,0.136,0.157,0.04,0.04,0,0,0.014,0,0,0,0
2026-08-30 08:38:00,1,"Normal Scan","Normal Scan",0,"ON",1,1,1,737.3,5,20.1,97.2,51.3,0.000000069266,0.0000181857,4.97,8954.6,8.8,736.5,1,"Up Scan","Positive",254,0,4.37,1.6,8,8,0,1,1,18.149,43.91,25.34,9.647,2.573,2428.61,47,21.2,NA,0,0,0,0,0,0,0,0,0,0,0,0,0,0,0,0,0,0,0,0,0,0,0,0,0,0,0,0,0,0,0,228.898,186.327,176.267,115.702,125.535,107.934,94.768,78.98,81.452,69.025,65.389,67.963,56.986,54.435,51.765,48.866,46.982,43.375,40.536,36.232,36.627,30.23,27.321,25.66,26.136,23.899,25.14,24.834,24.959,20.084,20.243,20.869,20.34,20.296,21.882,25.142,26.502,28.959,28.068,27.276,25.873,21.898,20.942,17.793,14.809,12.783,9.925,6.365,5.758,3.968,2.278,1.534,0.789,0.922,0.573,0.244,0.052,0.158,0,0.056,0,0,0,0,0,0,0,0,0,0,0,0,0,0,0,0,0,0,0,0,0,0,0,0,0,0,0,0,0,0,0,0,0,0,0,2.304,2.938,3.459,4.448,3.811,5.212,5.544,5.804,5.763,6.864,6.663,7.171,8.348,7.811,8.264,8.646,8.954,9.34,9.352,9.477,9.188,9.973,8.998,8.753,8.949,9.572,9.395,10.557,11.217,12.094,11.392,12.448,13.842,14.32,14.973,16.002,17.14,17.746,18.225,17.39,16.288,14.85,12.169,11.286,9.346,7.389,6.23,4.864,3.096,2.617,1.797,1.024,0.676,0.35,0.382,0.232,0.098,0.02,0.06,0,0.022,0.014,0,0,0,0
2026-08-30 08:43:00,1,"Normal Scan","Normal Scan",0,"ON",1,1,1,737.5,5,20.4,97.2,50.7,0.0000000693562,0.0000182001,4.97,8954.6,8.8,736.5,1,"Up Scan","Positive",254,0,4.37,1.6,8,8,0,1,1,18.623,47.272,26.875,9.647,2.652,2255.65,47,21.2,NA,0,0,0,0,0,0,0,0,0,0,0,0,0,0,0,0,0,0,0,0,0,0,0,0,0,0,0,0,0,0,0,182.425,173.758,133.639,141.206,104.822,95.157,90.449,89.852,76.412,64.254,53.389,56.046,48.307,45.538,40.76,38.174,40.865,39.462,35.146,32.288,30.807,29.566,27.489,27.874,28.041,30.02,26.351,24.843,23.125,21.698,20.061,19.973,21.199,21.901,24.577,27.564,27.71,27.216,27.357,29.382,26.081,25.021,22.318,19.681,15.855,14.007,10.103,8.005,5.064,4.038,2.526,1.727,1.249,0.644,0.476,0.1,0,0.053,0,0,0,0,0,0,0,0,0,0,0,0,0,0,0,0,0,0,0,0,0,0,0,0,0,0,0,0,0,0,0,0,0,0,0,0,0,1.795,2.34,3.244,3.399,4.663,4.348,4.885,5.58,6.503,6.435,6.185,5.829,6.905,6.627,6.914,6.835,7.009,8.145,8.544,8.292,8.323,8.636,8.824,8.853,9.544,10.198,11.445,11.038,11.319,11.559,12.224,12.792,13.238,14.968,15.893,17.398,18.928,18.689,17.861,17.364,17.461,15.046,13.908,11.907,10.098,8.006,6.9,4.861,3.738,2.322,1.792,1.119,0.742,0.546,0.267,0.194,0.039,0,0.02,0,0,0.014,0,0,0,0
2026-08-30 08:48:00,1,"Normal Scan","Normal Scan",0,"ON",1,1,1,737.6,5,20.5,97.2,51.3,0.0000000693863,0.0000182049,4.97,8954.6,8.8,736.5,1,"Up Scan","Positive",254,0,4.37,1.6,8,8,0,1,1,19.827,47.808,27.568,9.647,2.625,2194.41,47,21.3,NA,0,0,0,0,0,0,0,0,0,0,0,0,0,0,0,0,0,0,0,0,0,0,0,0,0,0,0,0,0,0,0,162.873,140.709,126.342,127.371,102.235,106.218,89.799,79.397,70.229,62.572,59.584,52.62,47.661,48.263,46.411,45.13,42.211,41.661,38.898,39.613,32.661,30.362,29.345,28.178,27.363,28.93,27.048,24.015,24.654,23.931,20.622,20.018,20.323,19.243,23.114,22.074,26.386,24.436,29.828,28.315,25.823,24.525,21.232,19.714,16.301,12.004,9.898,8.239,5.429,3.751,2.899,1.17,1.088,0.797,0.19,0.396,0.204,0,0.055,0.056,0,0,0,0,0,0,0,0,0,0,0,0,0,0,0,0,0,0,0,0,0,0,0,0,0,0,0,0,0,0,0,0,0,0,0,1.671,2.104,2.612,3.208,4.191,4.261,5.433,5.505,5.767,5.903,6.045,6.531,6.474,6.555,7.331,7.773,8.264,8.423,9.02,9.13,10.046,9.08,9.058,9.362,9.756,10.052,11.134,11.174,10.803,11.969,12.628,12.68,12.995,14.426,14.878,16.693,16.212,17.848,16.686,18.243,16.758,15.125,13.496,11.539,10.125,8.104,5.914,4.793,3.821,2.572,1.69,1.278,0.526,0.459,0.329,0.077,0.157,0.079,0,0.02,0.022,0,0,0,0,0
2026-08-30 08:53:00,1,"Normal Scan","Normal Scan",0,"ON",1,1,1,737.2,5,20,97.2,51.2,0.0000000692359,0.0000181809,4.97,8954.6,8.8,736.5,1,"Up Scan","Positive",254,0,4.37,1.6,8,8,0,1,1,17.814,36.188,22.797,10.366,2.264,3836.24,47,21.1,NA,0,0,0,0,0,0,0,0,0,0,0,0,0,0,0,0,0,0,0,0,0,0,0,0,0,0,0,0,0,0,0,210.557,237.013,235.616,209.565,205.576,202.103,212.506,204.545,197.81,191.66,167.444,154.424,148.248,125.574,106.976,89.679,72.867,55.804,45.711,41.037,36.733,34.832,34.718,30.494,29.849,27.745,29.761,29.825,26.733,23.671,21.992,22.275,21.81,20.851,22.2,26.699,25.721,27.812,27.754,30.746,28.549,26.291,25.328,22.577,17.364,14.407,11.377,7.722,5.752,3.576,2.264,1.727,1.025,0.461,0.38,0.296,0.103,0.105,0,0,0,0,0,0,0,0,0,0,0,0,0,0,0,0,0,0,0,0,0,0,0,0,0,0,0,0,0,0,0,0,0,0,0,0,0,2.159,2.727,4.418,5.97,6.942,8.567,10.385,13.123,14.819,16.674,18.503,18.315,18.89,20.131,18.84,17.643,16.172,14.363,12.009,10.707,10.413,10.106,10.381,11.098,10.483,10.867,10.892,12.274,13.032,12.875,12.946,13.196,14.586,15.148,16,16.926,18.805,18.626,18.801,17.688,18.401,16.459,14.319,13.271,11.457,8.682,7.036,5.421,3.598,2.654,1.637,1.004,0.742,0.433,0.191,0.155,0.118,0.04,0.04,0,0,0,0,0,0,0
2026-08-30 08:58:00,1,"Normal Scan","Normal Scan",0,"ON",1,1,1,737.7,5,20.7,97.2,51.2,0.0000000694465,0.0000182145,4.97,8954.6,8.8,736.5,1,"Up Scan","Positive",254,0,4.37,1.6,8,8,0,1,1,20.217,48.298,27.803,9.647,2.644,2363.16,48,21.3,NA,0,0,0,0,0,0,0,0,0,0,0,0,0,0,0,0,0,0,0,0,0,0,0,0,0,0,0,0,0,0,0,182.45,159.664,155.617,127.535,108.907,102.616,91.093,78.835,69.322,63.305,54.998,53.985,53.167,50.812,46.077,50.096,44.747,46.023,42.965,39.729,39.079,35.691,34.111,32.201,32.167,31.617,29.457,30.939,27.863,24.592,21.745,20.647,22.187,22.668,23.883,27.437,30.557,29.095,28.77,28.329,29.583,24.69,23.939,20.669,17.568,15.866,10.925,8.023,5.743,4.329,2.561,1.34,1.068,0.689,0.574,0.287,0.164,0.159,0,0,0,0,0,0,0,0,0,0,0,0,0,0,0,0,0,0,0,0,0,0,0,0,0,0,0,0,0,0,0,0,0,0,0,0,0,1.515,2.354,2.937,3.96,4.198,4.537,5.289,5.591,5.728,5.837,6.125,6.031,6.635,7.31,7.732,7.734,9.176,8.942,10.001,10.113,10.17,10.767,10.639,10.984,11.031,11.599,12.106,12.173,13.637,13.51,13.217,13.641,14.199,15.267,16.46,17.733,18.987,20.415,19.255,18.186,17.41,16.905,13.815,12.756,10.69,8.704,7.732,5.237,3.804,2.677,1.959,1.15,0.575,0.452,0.286,0.232,0.113,0.064,0.06,0,0,0,0,0,0,0
2026-08-30 09:03:00,1,"Normal Scan","Normal Scan",0,"ON",1,1,1,738.2,5,21.3,97.2,51,0.000000069627,0.0000182432,4.97,8954.6,8.8,736.5,1,"Up Scan","Positive",254,0,4.37,1.6,8,8,0,1,1,17.002,40.825,23.973,9.647,2.497,3220.42,47,21.5,NA,0,0,0,0,0,0,0,0,0,0,0,0,0,0,0,0,0,0,0,0,0,0,0,0,0,0,0,0,0,0,0,306.15,267.53,218.51,191.814,170.385,151.23,143.08,123.069,107.163,95.941,80.553,74.759,71.746,66.118,65.419,64.739,66.49,60.179,55.037,50.814,49.538,39.762,37.287,36.901,35.301,33.215,32.08,28.548,24.855,24.08,22.37,21.867,22.72,23.308,26.892,28.581,27.279,29.987,33.535,31.436,32.105,27.251,29.545,23.22,19.07,15.502,10.034,8.141,5.508,3.238,2.39,1.568,0.892,0.692,0.379,0.245,0.103,0.158,0.109,0,0,0,0,0,0,0,0,0,0,0,0,0,0,0,0,0,0,0,0,0,0,0,0,0,0,0,0,0,0,0,0,0,0,0,0,2.895,3.947,4.98,5.55,6.309,7.066,7.726,8.771,8.902,9.008,9.249,8.821,9.211,9.834,10.06,10.927,11.856,13.172,12.962,12.874,12.863,13.473,11.776,11.774,12.392,12.561,12.739,13.103,12.756,12.529,13.404,13.953,14.744,16.266,17.673,19.552,20.021,20,20.04,20.781,18.575,17.912,14.897,15.13,11.757,9.417,7.501,4.895,3.797,2.51,1.491,1.083,0.679,0.376,0.286,0.155,0.098,0.04,0.06,0.041,0,0,0,0,0,0
2026-08-30 09:08:00,1,"Normal Scan","Normal Scan",0,"ON",1,1,1,738.8,5,22.2,97.2,50.5,0.0000000698979,0.0000182863,4.97,8954.6,8.8,736.5,1,"Up Scan","Positive",254,0,4.37,1.6,8,8,0,1,1,17.519,37.158,22.881,9.647,2.347,3984.5,47,22,NA,0,0,0,0,0,0,0,0,0,0,0,0,0,0,0,0,0,0,0,0,0,0,0,0,0,0,0,0,0,0,0,415.715,262.038,229.065,219.239,200.693,193.629,175.463,168.627,164.498,139.974,143.332,137.207,115.735,105.641,96.984,88.693,88.508,81.889,67.108,64.161,55.651,46.985,42.828,40.757,37.315,35.559,35.062,30.558,28.946,23.785,21.198,21.167,21.589,22.942,21.622,27.171,27.99,30.907,33.482,35.089,32.129,31.092,27.515,23.954,19.496,15.675,11.437,8.563,6.362,3.705,2.553,1.043,0.945,0.46,0.24,0.049,0.204,0.105,0.054,0.113,0,0,0,0,0,0,0,0,0,0,0,0,0,0,0,0,0,0,0,0,0,0,0,0,0,0,0,0,0,0,0,0,0,0,0,4.114,5.34,4.879,5.77,7.255,8.362,9.892,10.767,12.226,13.821,13.469,15.624,16.807,15.803,15.941,16.142,16.148,17.459,17.522,15.597,16.082,15.067,13.811,13.498,13.616,13.223,13.431,13.981,13.391,13.836,13.011,13.402,14.611,16.166,17.738,17.462,20.103,20.038,20.679,20.848,20.449,18.059,16.924,14.398,12.085,9.483,7.612,5.375,3.991,2.914,1.705,1.13,0.481,0.432,0.191,0.097,0.02,0.079,0.04,0.02,0.045,0.028,0,0,0,0
2026-08-30 09:13:00,1,"Normal Scan","Normal Scan",0,"ON",1,1,1,739.4,5,22.9,97.2,50.1,0.0000000701087,0.0000183197,4.97,8954.6,8.8,736.5,1,"Up Scan","Positive",254,0,4.37,1.6,8,8,0,1,1,17.646,36.335,22.444,9.647,2.342,4124.83,46,22.5,NA,0,0,0,0,0,0,0,0,0,0,0,0,0,0,0,0,0,0,0,0,0,0,0,0,0,0,0,0,0,0,0,489.717,357.928,268.025,194.913,181.047,143.064,150.296,149.072,145.796,144.466,137.169,141.477,127.225,127.139,113.929,106.715,97.222,85.298,71.111,61.256,55.066,49.301,47.323,40.249,35.343,35.64,33.562,31.965,28.892,26.234,22.49,21.32,20.678,21.137,25.559,25.864,29.35,32.633,33.001,35.112,31.607,32.391,27.809,21.414,19.695,14.848,10.981,8.208,4.709,3.815,2.014,1.141,0.669,0.736,0.524,0.197,0.103,0.105,0.218,0.056,0,0,0,0,0,0,0,0,0,0,0,0,0,0,0,0,0,0,0,0,0,0,0,0,0,0,0,0,0,0,0,0,0,0,0,5.669,6.224,6.573,6.798,6.4,7.502,7.322,9.224,10.789,12.257,13.911,14.994,17.342,17.348,19.148,18.853,19.292,19.146,18.277,16.485,15.347,14.915,14.411,14.738,13.508,12.725,13.504,13.492,13.8,13.939,14.088,13.919,14.895,15.714,16.894,18.967,19.76,20.499,20.898,20.669,20.107,17.684,17.214,14.393,10.789,9.624,7.133,5.299,3.868,2.171,1.741,0.929,0.518,0.282,0.305,0.213,0.078,0.04,0.04,0.081,0.023,0,0,0,0,0
2026-08-30 09:18:00,1,"Normal Scan","Normal Scan",0,"ON",1,1,1,738.6,5,21.9,97.2,49.5,0.0000000698076,0.0000182719,4.97,8954.6,8.8,736.5,1,"Up Scan","Positive",254,0,4.37,1.6,8,8,0,1,1,17.94,41.088,24.345,9.647,2.476,2952.86,45,22.4,NA,0,0,0,0,0,0,0,0,0,0,0,0,0,0,0,0,0,0,0,0,0,0,0,0,0,0,0,0,0,0,0,284.596,221.95,162.831,150.78,144.596,134.182,136.416,117.535,112.016,104.856,93.494,87.16,83.58,73.936,68.855,62.25,56.615,53.597,45.591,43.781,39.545,37.091,33.286,32.431,31.987,30.358,29.004,25.437,21.102,20.541,17.311,20.062,19.782,21.973,23.237,25.801,28.752,29.987,30.829,30.514,30.084,26.744,24.987,20.211,17.868,13.795,10.66,6.61,5.906,2.819,1.948,1.717,0.578,0.46,0.387,0.288,0.101,0.053,0,0,0,0,0,0,0,0,0,0,0,0,0,0,0,0,0,0,0,0,0,0,0,0,0,0,0,0,0,0,0,0,0,0,0,0,0,3.031,3.66,4.134,4.122,4.933,5.975,6.884,8.406,8.519,9.418,10.079,10.194,10.663,11.415,11.166,11.442,11.321,11.238,11.545,10.7,11.112,10.842,10.985,10.442,10.86,11.327,11.394,11.875,11.524,10.819,11.682,11.65,13.915,15.015,16.278,17.436,18.479,19.71,19.18,19.202,17.996,16.627,14.568,12.947,10.137,8.911,6.588,5.042,3.144,2.72,1.251,0.866,0.738,0.244,0.191,0.157,0.115,0.04,0.02,0,0,0,0,0,0,0
2026-08-30 09:23:00,1,"Normal Scan","Normal Scan",0,"ON",1,1,1,737.9,5,21,97.2,48.7,0.0000000695367,0.0000182289,4.97,8954.6,8.8,736.5,1,"Up Scan","Positive",254,0,4.37,1.6,8,8,0,1,1,14.932,28.162,18.764,9.647,2.106,5995.23,44,22.2,NA,0,0,0,0,0,0,0,0,0,0,0,0,0,0,0,0,0,0,0,0,0,0,0,0,0,0,0,0,0,0,0,967.575,680.211,444.615,328.376,255.876,210.047,200.12,203.071,202.572,208.977,206.473,207.807,207.216,186.494,165.112,142.811,129.477,120.53,100.308,79.483,63.535,49.427,39.46,33.331,30.452,29.297,24.988,26.455,24.878,21.346,17.584,19.758,19.77,20.883,24.334,29.283,27.372,28.016,31.163,31.109,29.25,25.301,24.802,18.994,16.866,12.121,9.11,6.45,4.927,2.561,1.718,1.337,0.941,0.368,0.285,0.344,0.103,0.158,0,0,0,0,0,0,0,0,0,0,0,0,0,0,0,0,0,0,0,0,0,0,0,0,0,0,0,0,0,0,0,0,0,0,0,0,0,11.351,12.337,12.55,11.218,10.78,10.604,10.804,12.369,14.769,17.108,20.23,22.612,25.478,28.29,28.124,27.32,25.791,25.358,25.492,22.868,19.622,16.911,14.157,12.345,11.233,10.91,11.135,10.497,11.773,12.21,12.175,11.976,13.527,14.509,15.986,17.842,19.614,18.864,18.065,18.85,17.835,16.031,13.767,12.628,9.544,8.327,5.956,4.324,3.029,2.298,1.186,0.767,0.575,0.414,0.153,0.116,0.137,0.04,0.06,0,0,0.014,0,0,0,0
2026-08-30 09:28:00,1,"Normal Scan","Normal Scan",0,"ON",1,1,1,737.5,5,20.4,97.2,48.5,0.0000000693562,0.0000182001,4.97,8954.6,8.8,736.5,1,"Up Scan","Positive",254,0,4.37,1.6,8,8,0,1,1,16.37,39.484,23.115,9.647,2.485,2922.35,45,22,NA,0,0,0,0,0,0,0,0,0,0,0,0,0,0,0,0,0,0,0,0,0,0,0,0,0,0,0,0,0,0,0,294.507,270.542,199.843,176.258,172.215,138.291,118.181,109.256,106.156,96.168,80.692,70.275,69.846,63.267,54.636,54.706,46.499,40.171,40.408,37.182,34.493,32.872,31.539,31.527,28.212,28.359,26.955,27.863,22.686,22.595,21.287,17.947,20.067,20.027,19.708,24.676,29.528,29.844,29.72,29.117,30.276,26.611,21.672,19.676,15.069,13.23,8.311,6.864,4.29,3.255,1.843,1.255,0.584,0.74,0.286,0,0.103,0.053,0.054,0.056,0,0,0,0,0,0,0,0,0,0,0,0,0,0,0,0,0,0,0,0,0,0,0,0,0,0,0,0,0,0,0,0,0,0,0,3.177,3.771,4.995,5.08,5.833,7.16,7.109,7.259,7.906,8.939,9.29,8.811,8.636,9.548,9.575,9.108,9.967,9.265,8.743,9.52,9.489,9.521,9.791,10.075,10.708,10.192,10.968,11.052,12.213,11.259,12.225,13.173,13.056,14.682,15.241,15.866,17.814,19.126,19.024,17.972,16.968,16.66,14.083,11.384,9.874,7.467,6.358,4.062,3.202,1.945,1.493,0.822,0.556,0.264,0.306,0.116,0,0.04,0.02,0.02,0.022,0.014,0,0,0,0
2026-08-30 09:33:00,1,"Normal Scan","Normal Scan",0,"ON",1,1,1,737.2,5,20,97.2,49,0.0000000692359,0.0000181809,4.97,8954.6,8.8,736.5,1,"Up Scan","Positive",254,0,4.37,1.6,8,8,0,1,1,17.42,39.785,23.875,9.647,2.448,2883.37,46,21.7,NA,0,0,0,0,0,0,0,0,0,0,0,0,0,0,0,0,0,0,0,0,0,0,0,0,0,0,0,0,0,0,0,275.125,234.317,177.267,172.663,144.237,129.194,126.743,111.743,101.02,93.23,78.871,72.215,67.008,58.622,54.437,61.526,66.276,61.86,59.993,49.776,43.767,37.206,34.604,32.75,30.34,28.591,28.792,26.824,23.272,21.595,17.019,19.11,19.94,20.431,23.799,26.335,24.254,27.042,29.089,28.09,25.718,23.64,22.077,18.797,14.848,11.188,8.972,6.862,4.015,3.343,1.684,1.241,0.901,0.321,0.335,0.197,0.152,0,0.054,0.056,0,0,0,0,0,0,0,0,0,0,0,0,0,0,0,0,0,0,0,0,0,0,0,0,0,0,0,0,0,0,0,0,0,0,0,3.259,3.573,4.32,4.509,5.724,6.009,6.619,7.796,8.143,8.516,8.991,8.639,8.893,9.233,8.962,9.154,11.253,13.13,13.293,13.913,12.524,11.893,10.978,10.935,11.017,10.801,10.921,11.768,11.845,11.615,12.106,11.061,12.861,14.171,15.428,16.787,17.787,16.893,17.631,17.314,16.373,14.505,12.681,11.502,9.535,7.393,5.491,4.21,3.267,1.903,1.489,0.753,0.552,0.414,0.134,0.136,0.079,0.06,0,0.02,0.021,0.029,0,0,0,0
2026-08-30 09:38:00,1,"Normal Scan","Normal Scan",0,"ON",1,1,1,737.5,5,20.4,97.2,49.2,0.0000000693562,0.0000182001,4.97,8954.6,8.8,736.5,1,"Up Scan","Positive",254,0,4.37,1.6,8,8,0,1,1,18.683,31.752,21.679,9.647,2.106,4827.76,47,21.6,NA,0,0,0,0,0,0,0,0,0,0,0,0,0,0,0,0,0,0,0,0,0,0,0,0,0,0,0,0,0,0,0,438.911,353.331,271.389,220.905,229.026,205.472,191.371,193.578,185.59,185.7,201.751,186.519,190.85,181.671,187.086,172.715,152.991,134.553,113.359,87.115,75.457,55.2,43.553,37.783,31.451,31.103,27.411,25.841,21.828,22.045,19.236,17.995,19.522,22.836,23.23,24.449,26.767,27.054,27.858,25.046,24.872,25.611,20.845,17.502,14.235,11.257,6.727,5.386,4.072,2.431,1.855,1.482,0.452,0.276,0.334,0.346,0.153,0.158,0.219,0,0,0,0,0,0,0,0,0,0,0,0,0,0,0,0,0,0,0,0,0,0,0,0,0,0,0,0,0,0,0,0,0,0,0,0,4.378,5.652,6.61,6.867,7.266,9.524,10.542,11.802,14.089,15.716,18.022,22.11,23.008,26.143,27.467,30.921,31.183,29.937,28.464,25.854,21.454,19.97,15.838,13.47,12.482,11.303,11.711,11.222,11.597,11.169,12.123,11.807,12.654,13.985,15.626,16.29,17.264,17.523,17.08,16.79,14.628,13.552,13.564,10.669,8.917,7.163,5.42,3.218,2.593,1.928,1.132,0.861,0.665,0.207,0.115,0.136,0.137,0.06,0.06,0.081,0,0.014,0,0,0,0
2026-08-30 09:43:00,1,"Normal Scan","Normal Scan",0,"ON",1,1,1,737.7,5,20.7,97.2,50.3,0.0000000694465,0.0000182145,4.97,8954.6,8.8,736.5,1,"Up Scan","Positive",254,0,4.37,1.6,8,8,0,1,1,14.76,31.244,19.796,9.647,2.22,4190.55,47,21.7,NA,0,0,0,0,0,0,0,0,0,0,0,0,0,0,0,0,0,0,0,0,0,0,0,0,0,0,0,0,0,0,0,488.274,399.219,346.384,287.831,273.583,224.367,192.131,166.587,146.713,127.623,126.15,111.32,114.828,103.481,88.731,84.665,76.222,64.652,57.401,46.939,39.946,38.789,32.537,32.479,30.436,25.651,26.102,23.248,21.437,19.59,19.164,18.748,19.161,21.967,23.743,23.76,26.492,24.499,27.936,27.074,25.693,25.879,19.928,18.713,14.718,11.109,8.338,6.065,3.323,2.786,1.633,1.294,0.535,0.138,0.334,0.098,0.05,0,0.054,0,0,0,0,0,0,0,0,0,0,0,0,0,0,0,0,0,0,0,0,0,0,0,0,0,0,0,0,0,0,0,0,0,0,0,0,4.994,6.312,7.395,8.723,9.477,11.322,11.465,11.76,12.064,12.399,12.3,13.796,13.651,15.676,15.61,14.707,15.319,15.031,13.832,13.322,11.838,10.842,11.333,10.222,10.864,10.845,9.967,10.712,10.672,10.823,11.128,12.048,12.466,13.838,15.629,16.739,17.053,17.367,16.266,16.832,15.604,14.198,13.536,10.191,9.469,7.289,5.321,3.909,2.854,1.521,1.235,0.73,0.556,0.226,0.057,0.136,0.039,0.02,0,0.02,0,0,0,0,0,0
2026-08-30 09:48:00,1,"Normal Scan","Normal Scan",0,"ON",1,1,1,737.6,5,20.5,97.2,50.5,0.0000000693863,0.0000182049,4.97,8954.6,8.8,736.5,1,"Up Scan","Positive",254,0,4.37,1.6,8,8,0,1,1,14.501,29.667,19.093,9.647,2.175,4536.55,46,21.6,NA,0,0,0,0,0,0,0,0,0,0,0,0,0,0,0,0,0,0,0,0,0,0,0,0,0,0,0,0,0,0,0,633.362,476.511,364.818,294.809,249.326,219.516,198.361,179.911,153.831,140.443,135.999,136.442,129.635,118.124,102.37,91.572,85.96,67.813,59.334,48.918,42.376,38.587,32.673,28.057,28.536,25.659,25.37,23.451,22.088,17.842,17.966,18.513,19.634,20.412,21.246,24.507,25.989,27.493,24.349,26.785,24.872,24.502,22.031,17.166,15.914,11.13,7.631,5.389,3.402,2.085,1.25,0.607,0.713,0.324,0.382,0.247,0.153,0.16,0,0,0,0,0,0,0,0,0,0,0,0,0,0,0,0,0,0,0,0,0,0,0,0,0,0,0,0,0,0,0,0,0,0,0,0,0,7.008,8.14,8.889,9.176,9.718,10.383,11.262,12.205,13.065,12.971,13.548,14.879,16.749,17.687,17.777,16.935,16.541,16.904,14.484,13.705,12.262,11.452,11.23,10.305,9.5,10.174,9.904,10.446,10.705,11.009,10.193,11.585,12.583,13.68,14.771,15.547,17.098,17.396,17.273,15.372,15.347,13.581,12.827,11.152,8.625,7.677,5.396,3.651,2.562,1.61,0.946,0.591,0.26,0.301,0.134,0.155,0.098,0.06,0.06,0,0,0,0,0,0,0
2026-08-30 09:53:00,1,"Normal Scan","Normal Scan",0,"ON",1,1,1,737.4,5,20.3,97.2,50.5,0.0000000693261,0.0000181953,4.97,8954.6,8.8,736.5,1,"Up Scan","Positive",254,0,4.37,1.6,8,8,0,1,1,14.411,34.106,20.311,9.647,2.365,3240.78,47,21.5,NA,0,0,0,0,0,0,0,0,0,0,0,0,0,0,0,0,0,0,0,0,0,0,0,0,0,0,0,0,0,0,0,415.318,331.822,283.176,224.597,195.877,159.631,148.172,136.826,120.007,103.308,78.36,68.327,61.709,57.917,53.181,49.296,44.12,36.945,34.983,32.833,27.831,30.209,26.153,27.06,27.252,24.046,22.834,23.993,19.059,19.061,17.83,18.408,19.373,19.57,22.201,23.527,23.656,25.624,24.356,24.658,23.142,22.956,22.956,18.151,15.972,11.573,7.782,4.691,3.586,2.231,1.632,0.948,0.941,0.369,0.237,0.197,0.206,0.105,0,0,0,0,0,0,0,0,0,0,0,0,0,0,0,0,0,0,0,0,0,0,0,0,0,0,0,0,0,0,0,0,0,0,0,0,0,4.37,5.353,6.171,7.161,7.438,8.087,8.16,9.102,9.946,10.061,9.934,8.56,8.389,8.428,8.752,8.845,8.958,8.784,7.998,8.256,8.406,7.729,8.927,8.419,9.083,9.79,9.385,9.543,10.842,9.743,10.771,11.141,12.334,13.481,14.186,15.581,16.454,16.618,16.541,15.42,14.397,12.884,12.112,11.536,9.211,7.81,5.713,3.7,2.208,1.673,1.068,0.712,0.408,0.414,0.153,0.097,0.078,0.079,0.04,0,0,0.014,0,0,0,0
2026-08-30 09:58:00,1,"Normal Scan","Normal Scan",0,"ON",1,1,1,737.3,5,20.1,97.2,50.8,0.000000069266,0.0000181857,4.97,8954.6,8.8,736.5,1,"Up Scan","Positive",254,0,4.37,1.6,8,8,0,1,1,14.085,34.072,20.192,9.647,2.374,3226.28,47,21.4,NA,0,0,0,0,0,0,0,0,0,0,0,0,0,0,0,0,0,0,0,0,0,0,0,0,0,0,0,0,0,0,0,421.895,358.143,278.629,243.352,180.239,175.784,135.099,121.244,102.209,85.933,76.827,68.85,64.477,60.714,53.33,49.886,40.953,37.311,35.028,33.216,27.644,28.914,28.157,26.54,27.028,25.072,25.162,23.71,19.809,19.043,18.425,17.979,16.091,20.571,20.634,21.036,22.075,25.143,23.468,26.767,25.841,24.09,22.358,17.706,15.235,12.011,6.894,5.25,3.631,2.206,1.639,1.075,0.794,0.242,0.238,0.275,0.125,0.105,0.108,0.073,0,0,0,0,0,0,0,0,0,0,0,0,0,0,0,0,0,0,0,0,0,0,0,0,0,0,0,0,0,0,0,0,0,0,0,4.441,5.427,6.673,7.053,8.007,7.493,8.973,8.301,8.77,8.616,8.287,8.396,8.439,8.819,9.166,8.875,9.048,8.158,8.095,8.247,8.504,7.696,8.659,8.961,8.971,9.756,9.608,10.355,10.42,10.182,10.507,11.232,11.916,12.212,14.816,15.317,15.567,15.705,16.206,15.06,15.287,14.004,12.76,11.398,8.912,7.515,5.848,3.274,2.476,1.716,1.025,0.749,0.464,0.353,0.1,0.097,0.109,0.049,0.04,0.041,0.022,0,0,0,0,0
2026-08-30 10:03:00,1,"Normal Scan","Normal Scan",0,"ON",1,1,1,737.2,5,20,97.2,51.3,0.0000000692359,0.0000181809,4.97,8954.6,8.8,736.5,1,"Up Scan","Positive",254,0,4.37,1.6,8,8,0,1,1,13.592,31.966,19.367,9.647,2.312,3521.38,48,21.2,NA,0,0,0,0,0,0,0,0,0,0,0,0,0,0,0,0,0,0,0,0,0,0,0,0,0,0,0,0,0,0,0,545.703,400.264,315.043,258.606,200.708,162.169,132.961,114.923,106.161,92.71,85.958,79.19,72.407,66.337,55.488,53.123,48.846,43.577,41.44,35.613,33.2,29.897,30.796,30.765,29.339,28.65,25.714,26.706,21.968,19.088,14.281,15.242,16.552,17.562,19.846,23.222,21.662,22.101,24.215,26.535,25.07,21.825,20.382,18.858,14.073,10.206,7.751,5.024,3.44,2.238,1.646,0.897,0.312,0.278,0.143,0.198,0.256,0.105,0.108,0,0,0,0,0,0,0,0,0,0,0,0,0,0,0,0,0,0,0,0,0,0,0,0,0,0,0,0,0,0,0,0,0,0,0,0,5.48,6.995,7.482,7.997,8.546,8.315,8.296,8.195,8.36,8.938,8.936,9.372,9.713,9.912,10.039,9.231,9.672,9.704,9.453,9.734,9.122,9.189,8.948,9.801,10.366,10.323,10.631,10.46,11.414,10.624,10.653,9.627,10.609,12.06,13.519,14.848,15.915,15.151,15.013,14.959,15.266,13.555,11.544,10.416,9.423,6.896,4.888,3.676,2.344,1.616,1.079,0.753,0.385,0.132,0.115,0.058,0.079,0.099,0.04,0.041,0,0,0,0,0,0
2026-08-30 10:08:00,1,"Normal Scan","Normal Scan",0,"ON",1,1,1,737,5,19.8,97.2,51.6,0.0000000691757,0.0000181713,4.97,8954.6,8.8,736.5,1,"Up Scan","Positive",254,0,4.37,1.6,8,8,0,1,1,18.151,35.817,22.677,9.647,2.295,3112.58,47,21.1,NA,0,0,0,0,0,0,0,0,0,0,0,0,0,0,0,0,0,0,0,0,0,0,0,0,0,0,0,0,0,0,0,329.556,261.346,197.508,152.197,128.826,121.73,110.338,116.055,109.943,107.2,96.193,90.219,90.739,84.305,87.171,97.928,101.344,91.991,82.43,60.993,43.763,37.141,31.546,29.153,26.201,25.855,24.663,22.255,18.885,16.452,13.967,14.429,13.834,16.109,18.012,19.534,21.375,22.009,23.8,22.567,23.147,24.195,21.68,18.504,14.048,11.307,6.96,4.883,3.127,1.837,1.364,0.633,0.45,0.185,0.285,0.147,0.103,0.053,0.109,0,0,0,0,0,0,0,0,0,0,0,0,0,0,0,0,0,0,0,0,0,0,0,0,0,0,0,0,0,0,0,0,0,0,0,0,3.562,4.22,4.85,4.937,5.037,5.372,6.233,6.792,8.463,9.278,10.358,10.596,11.171,12.527,12.885,14.557,17.727,19.864,19.513,18.851,15.13,11.795,10.836,9.848,9.74,9.236,9.639,9.924,9.634,9.326,9.315,9.128,10.218,10.941,12.339,13.63,14.824,15.147,14.986,14.672,13.322,12.588,12.662,10.825,9.235,6.784,5.41,3.316,2.316,1.434,0.845,0.64,0.278,0.207,0.076,0.116,0.059,0.04,0.02,0.041,0,0.015,0,0,0,0
2026-08-30 10:13:00,1,"Normal Scan","Normal Scan",0,"ON",1,1,1,737,5,19.8,97.2,51.8,0.0000000691757,0.0000181713,4.97,8954.6,8.8,736.5,1,"Up Scan","Positive",254,0,4.37,1.6,8,8,0,1,1,15.96,31.071,20.152,9.647,2.191,3696.14,47,21.1,NA,0,0,0,0,0,0,0,0,0,0,0,0,0,0,0,0,0,0,0,0,0,0,0,0,0,0,0,0,0,0,0,522.825,333.651,266.216,199.407,160.924,155.299,148.685,127.458,137.007,135.146,124.224,121.696,111.63,107.399,105.395,96.607,79.476,75.501,61.833,49.219,38.654,33.947,32.581,30.616,28.69,28.563,26.805,22.834,20.896,16.793,14.29,12.549,13.902,16.699,17.818,18.929,19.113,21.046,20.052,21.294,22.481,20.469,18.731,17.027,12.451,10.198,6.117,4.448,2.981,2.463,0.759,1.044,0.373,0.463,0.143,0.049,0.051,0,0.108,0.113,0,0,0,0,0,0,0,0,0,0,0,0,0,0,0,0,0,0,0,0,0,0,0,0,0,0,0,0,0,0,0,0,0,0,0,6.373,6.697,6.225,6.727,6.586,6.699,7.97,9.164,9.27,11.593,13.061,13.595,14.963,15.292,16.213,17.438,17.438,15.617,16.085,14.303,12.357,10.578,10.019,10.181,10.219,10.097,10.536,10.458,10.013,9.94,9.204,9.147,9.12,10.336,12.149,13.223,13.698,13.51,13.967,12.761,12.504,12.111,10.716,9.666,8.337,6.166,4.87,2.983,2.098,1.381,1.099,0.363,0.482,0.188,0.191,0.058,0.02,0.02,0,0.041,0.041,0.031,0,0,0,0
2026-08-30 10:18:00,1,"Normal Scan","Normal Scan",0,"ON",1,1,1,737,5,19.7,97.2,51.9,0.0000000691456,0.0000181665,4.97,8954.6,8.8,736.5,1,"Up Scan","Positive",254,0,4.37,1.6,8,8,0,1,1,16.767,34.327,21.513,9.647,2.288,3213.51,48,21,NA,0,0,0,0,0,0,0,0,0,0,0,0,0,0,0,0,0,0,0,0,0,0,0,0,0,0,0,0,0,0,0,354.673,303.331,220.098,172.637,157.083,127.717,129.606,122.026,116.439,115.276,117.128,113.793,105.656,95.049,85.684,68.542,63.967,57.872,47.248,42.055,34.426,33.678,29.842,29.604,31.63,26.427,28.487,23.626,22.373,17.614,15.817,16.391,15.909,17.697,18.484,18.513,21.304,20.69,22.134,24.26,23.003,22.525,19.715,17.621,15.227,10.195,6.812,4.601,2.81,2.855,1.162,0.617,0.579,0.185,0.289,0.099,0.051,0.158,0.163,0.056,0,0,0,0,0,0,0,0,0,0,0,0,0,0,0,0,0,0,0,0,0,0,0,0,0,0,0,0,0,0,0,0,0,0,0,4.775,4.543,5.618,5.574,5.692,6.558,6.581,8.009,8.872,9.854,11.148,12.807,13.929,14.421,14.338,14.171,12.434,12.65,12.399,11.044,10.69,9.478,10.007,9.457,9.977,11.142,9.913,11.356,10.352,10.67,9.657,9.84,11.052,11.201,13.198,13.974,13.985,14.747,14.191,14.115,13.818,12.624,11.694,10.164,8.804,7.343,4.939,3.223,2.21,1.292,1.307,0.57,0.282,0.245,0.076,0.116,0.039,0.02,0.06,0.061,0.021,0,0,0,0,0
2026-08-30 10:23:00,1,"Normal Scan","Normal Scan",0,"ON",1,1,1,737,5,19.7,97.2,52.2,0.0000000691456,0.0000181665,4.97,8954.6,8.8,736.5,1,"Up Scan","Positive",254,0,4.37,1.6,8,8,0,1,1,17.628,32.124,21.307,9.647,2.171,3970.43,49,20.9,NA,0,0,0,0,0,0,0,0,0,0,0,0,0,0,0,0,0,0,0,0,0,0,0,0,0,0,0,0,0,0,0,420.652,337.181,285.859,213.097,181.565,143.414,141.407,137.296,144.192,133.788,135.113,147.564,137.253,135.258,131.385,126.016,103.916,94.934,83.385,70.536,58.082,47.059,39.765,35.62,35.888,34.969,29.82,28.461,24.213,19.981,16.076,12.483,17.888,17.246,17.049,19,19.099,20.772,22.172,21.801,23.426,20.785,22.539,17.462,13.656,10.793,7.506,4.016,2.888,2.478,1.297,0.826,0.583,0.371,0.285,0.099,0.052,0.053,0.055,0,0,0,0,0,0,0,0,0,0,0,0,0,0,0,0,0,0,0,0,0,0,0,0,0,0,0,0,0,0,0,0,0,0,0,0,4.639,5.44,6.295,7.253,7.025,7.544,7.348,8.749,10.001,12.193,12.998,14.854,18.153,18.825,20.468,21.803,22.797,20.457,20.233,19.173,17.591,15.692,13.704,12.489,11.833,12.514,12.757,11.71,12.132,11.224,10.618,9.662,9.332,12.171,12.595,13.283,13.853,14.366,14.019,13.999,12.855,12.749,10.889,11.476,8.689,6.645,5.21,3.617,1.892,1.329,1.118,0.585,0.371,0.264,0.153,0.116,0.039,0.02,0.02,0.02,0,0.016,0,0,0,0
2026-08-30 10:28:00,1,"Normal Scan","Normal Scan",0,"ON",1,1,1,736.8,5,19.6,97.1,52.6,0.0000000691867,0.0000181617,4.97,8954.6,8.8,736.5,1,"Up Scan","Positive",254,0,4.37,1.6,8,8,0,1,1,17.743,36.585,23.111,9.647,2.314,2657.47,49,20.9,NA,0,0,0,0,0,0,0,0,0,0,0,0,0,0,0,0,0,0,0,0,0,0,0,0,0,0,0,0,0,0,0,214.349,210.041,180.161,158.72,145.582,122.854,112.143,98.192,90.459,85.005,81.93,72.784,73.801,72.346,64.526,63.74,57.853,56.374,49.356,48.337,43.427,40.028,39.725,37.515,34.35,35.938,32.026,27.008,22.71,18.036,15.978,12.992,14.271,12.069,14.832,15.463,13.083,17.885,16.526,17.174,19.516,20.072,18.368,16.263,14.83,9.884,6.813,4.469,2.521,2.201,1.092,0.432,0.451,0.369,0.239,0.149,0.153,0.053,0,0,0,0,0,0,0,0,0,0,0,0,0,0,0,0,0,0,0,0,0,0,0,0,0,0,0,0,0,0,0,0,0,0,0,0,0,2.264,2.763,3.957,4.578,5.245,6.043,6.28,6.924,7.165,7.659,8.199,8.973,8.954,10.148,10.961,10.772,11.652,11.535,12.22,11.65,12.251,11.996,11.814,12.401,12.404,11.884,13.105,12.279,11.139,10.315,9.228,8.934,8.679,9.868,9.646,11.207,12.164,10.739,12.506,11.314,10.642,10.805,10.523,9.315,8.11,7.113,4.76,3.24,2.112,1.204,1.007,0.493,0.186,0.207,0.153,0.097,0.059,0.06,0.02,0,0,0.016,0,0,0,0
2026-08-30 10:33:00,1,"Normal Scan","Normal Scan",0,"ON",1,1,1,736.9,5,19.6,97.2,52.8,0.0000000691156,0.0000181617,4.97,8954.6,8.8,736.5,1,"Up Scan","Positive",254,0,4.37,1.6,8,8,0,1,1,16.439,30.186,20.081,9.647,2.122,3508.4,48,20.8,NA,0,0,0,0,0,0,0,0,0,0,0,0,0,0,0,0,0,0,0,0,0,0,0,0,0,0,0,0,0,0,0,402.817,315.787,233.309,210.654,170.158,145.181,148.982,142.087,138.76,144.798,133.851,124.699,128.157,115.827,103.463,95.186,79.254,65.823,53.458,45.034,39.455,33.132,32.323,29.127,27.451,26.154,23.993,19.731,17.186,16.137,12.319,11.17,12.092,12.486,13.384,13.775,14.278,13.92,15.19,17.769,17.842,17.967,17.513,16.215,12.793,8.261,6.162,4.065,2.85,2.202,1.352,0.913,0.584,0.369,0.239,0.246,0.306,0.106,0.055,0,0,0,0,0,0,0,0,0,0,0,0,0,0,0,0,0,0,0,0,0,0,0,0,0,0,0,0,0,0,0,0,0,0,0,0,5.012,5.155,5.886,5.938,6.948,7.098,7.488,9.236,10.342,11.752,13.992,14.688,15.301,17.499,17.444,17.11,17.183,15.569,14.079,12.402,11.312,10.728,9.719,10.015,9.636,9.591,9.574,9.322,8.524,8.097,8.228,7.507,7.491,8.629,9.593,10.43,10.719,11.044,10.551,10.306,10.558,10.085,9.476,9.084,8.076,6.358,4.069,2.949,1.956,1.388,1.036,0.603,0.408,0.264,0.153,0.097,0.098,0.119,0.04,0.02,0,0.016,0,0,0,0
2026-08-30 10:38:00,1,"Normal Scan","Normal Scan",0,"ON",1,1,1,736.8,5,19.6,97.1,52.8,0.0000000691867,0.0000181617,4.97,8954.6,8.8,736.5,1,"Up Scan","Positive",254,0,4.37,1.6,8,8,0,1,1,16.833,33.565,21.38,9.647,2.239,2569.51,48,20.8,NA,0,0,0,0,0,0,0,0,0,0,0,0,0,0,0,0,0,0,0,0,0,0,0,0,0,0,0,0,0,0,0,283.322,208.006,160.208,144.537,132.77,114.102,111.724,109.158,94.307,94.077,95.872,81.172,75.89,74.924,74.733,62.09,53.843,53.808,44.272,44.112,37.125,35.102,30.432,25.284,22.311,20.205,17.121,16.136,12.106,11.892,10.045,9.327,10.32,12.519,10.912,13.123,13,15.016,13.362,14.79,17.696,17.774,16.865,14.44,12.055,10.369,6.442,3.704,2.494,1.579,1.244,0.805,0.169,0.322,0.238,0.049,0.102,0.053,0.055,0,0,0,0,0,0,0,0,0,0,0,0,0,0,0,0,0,0,0,0,0,0,0,0,0,0,0,0,0,0,0,0,0,0,0,0,2.85,3.634,3.86,4.085,4.797,5.526,5.853,6.883,7.916,7.961,9.118,10.471,9.956,10.406,11.33,12.442,11.284,10.697,11.571,10.293,11.011,9.956,10.047,9.301,8.238,7.777,7.474,6.804,7.057,6.078,6.437,6.314,6.77,7.653,9.024,9.212,10.558,10.35,10.627,9.559,9.292,9.813,9.35,8.512,7.222,5.917,4.906,3.085,1.747,1.15,0.719,0.566,0.353,0.075,0.134,0.097,0.02,0.04,0.02,0.02,0,0.016,0,0,0,0
2026-08-30 10:43:00,1,"Normal Scan","Normal Scan",0,"ON",1,1,1,736.8,5,19.6,97.1,52.8,0.0000000691867,0.0000181617,4.97,8954.6,8.8,736.5,1,"Up Scan","Positive",254,0,4.37,1.6,8,8,0,1,1,16.454,25.943,18.779,9.647,1.948,5527.9,47,20.7,NA,0,0,0,0,0,0,0,0,0,0,0,0,0,0,0,0,0,0,0,0,0,0,0,0,0,0,0,0,0,0,0,767.691,520.449,341.894,259.741,219.864,219.178,214.596,242.609,262.027,257.598,246.703,217.899,205.682,190.745,167.901,142.905,134.781,121.587,97.191,86.342,72.167,59.323,51.859,40.343,33.336,27.973,27.049,21.516,15.415,14.495,13.745,10.382,10.542,14.184,15.062,13.322,14.365,14.83,15.289,16.143,17.023,18.467,18.011,15.816,11.984,10.035,6.371,3.583,2.783,1.733,1.295,0.822,0.67,0.139,0.191,0.1,0.101,0,0,0.056,0,0,0,0,0,0,0,0,0,0,0,0,0,0,0,0,0,0,0,0,0,0,0,0,0,0,0,0,0,0,0,0,0,0,0,9.093,9.871,9.65,8.691,8.608,9.129,11.265,13.257,17.676,22.144,24.854,26.974,26.747,28.12,28.777,27.828,25.902,26.491,25.886,22.325,21.302,19.126,16.886,15.588,12.933,11.445,10.256,10.337,9.137,7.448,7.81,8.011,7.259,8.02,10.042,10.982,10.728,11.214,10.791,10.341,10.108,9.409,9.767,9.083,7.883,5.893,4.853,2.988,1.688,1.31,0.773,0.566,0.371,0.283,0.057,0.077,0.039,0.04,0,0,0.021,0,0,0,0,0
2026-08-30 10:48:00,1,"Normal Scan","Normal Scan",0,"ON",1,1,1,736.8,5,19.6,97.1,52.7,0.0000000691867,0.0000181617,4.97,8954.6,8.8,736.5,1,"Up Scan","Positive",254,0,4.37,1.6,8,8,0,1,1,16.019,30.272,19.998,9.647,2.136,3531.78,48,20.7,NA,0,0,0,0,0,0,0,0,0,0,0,0,0,0,0,0,0,0,0,0,0,0,0,0,0,0,0,0,0,0,0,414.682,336.19,241.427,189.687,183.854,161.961,159.231,148.682,133.795,126.273,118.874,123.841,114.318,107.092,98.28,89.612,78.656,73.464,64.117,54.984,47,39.474,29.412,25.979,23.123,21.677,19.086,17.475,15.298,12.606,13.289,12.038,13.339,15.343,14.747,17.827,16.686,14.961,15.651,16.801,16.177,18.064,17.919,16.41,12.889,9.886,6.514,4.054,2.961,2.168,1.213,1.135,0.488,0.321,0.19,0.345,0.05,0.052,0.055,0.056,0,0,0,0,0,0,0,0,0,0,0,0,0,0,0,0,0,0,0,0,0,0,0,0,0,0,0,0,0,0,0,0,0,0,0,3.831,5.327,6.154,6.071,6.25,7.657,8.364,9.814,10.791,11.286,12.204,13.043,15.21,15.632,16.179,16.312,16.266,15.5,15.629,14.741,13.62,12.524,11.252,9.132,8.554,8.104,8.17,7.863,7.789,7.498,7.344,8.197,8.105,9.221,10.711,10.794,12.634,12.255,11.088,10.799,10.215,9.376,9.562,9.236,8.062,6.464,4.762,3.099,1.95,1.407,0.981,0.538,0.511,0.207,0.134,0.077,0.137,0.02,0.02,0.02,0.021,0,0,0,0,0
2026-08-30 10:53:00,1,"Normal Scan","Normal Scan",0,"ON",1,1,1,736.8,5,19.5,97.2,52.7,0.0000000690855,0.0000181569,4.97,8954.6,8.8,736.5,1,"Up Scan","Positive",254,0,4.37,1.6,8,8,0,1,1,16.486,30.516,20.347,9.647,2.144,3519.11,48,20.7,NA,0,0,0,0,0,0,0,0,0,0,0,0,0,0,0,0,0,0,0,0,0,0,0,0,0,0,0,0,0,0,0,389.042,378.782,254.761,208.661,145.297,143.602,125.484,121.639,122.916,121.237,127.631,125.077,113.994,109.769,97.104,89.47,79.538,68.815,70.229,59.675,55.348,45.596,39.83,31.799,29.392,27.001,25.337,20.065,18.591,16.277,14.707,14.205,14.407,16.556,15.634,15.658,15.459,18.19,14.602,14.768,15.971,17.32,15.967,15.142,11.88,9.526,5.177,4.478,2.577,1.529,1.095,0.648,0.759,0.415,0.382,0.015,0.085,0,0,0,0,0,0,0,0,0,0,0,0,0,0,0,0,0,0,0,0,0,0,0,0,0,0,0,0,0,0,0,0,0,0,0,0,0,0,4.047,5.066,7.032,6.456,6.884,6.052,7.379,7.759,8.875,10.419,11.755,13.982,15.377,15.569,16.582,16.155,16.304,15.761,14.792,16.179,14.882,14.79,13.111,12.215,10.437,10.363,10.034,9.974,8.989,8.843,8.672,8.562,9.039,9.679,10.823,11.018,11.511,11.166,12.368,9.838,9.198,9.036,9.186,8.121,7.553,5.768,4.665,2.512,2.132,1.204,0.679,0.48,0.278,0.339,0.172,0.155,0.006,0.034,0,0,0,0.016,0,0,0,0
2026-08-30 10:58:00,1,"Normal Scan","Normal Scan",0,"ON",1,1,1,736.7,5,19.5,97.1,52.7,0.0000000691566,0.0000181569,4.97,8954.6,8.8,736.5,1,"Up Scan","Positive",254,0,4.37,1.6,8,8,0,1,1,15.495,27.973,19.216,9.647,2.072,4378.73,48,20.6,NA,0,0,0,0,0,0,0,0,0,0,0,0,0,0,0,0,0,0,0,0,0,0,0,0,0,0,0,0,0,0,0,622.806,479.292,354.722,232.009,193.58,163.134,133.625,136.203,140.236,137.564,139.568,146.064,135.962,136.316,123.657,114.723,110.284,108.035,93.763,81.586,67.484,55.815,43.1,35.642,29.256,26.046,24.909,21.024,18.783,15.03,14.017,13.829,15.052,15.499,17.761,16.773,16.201,16.152,14.135,15.364,15.036,17.589,17.186,14.996,12.164,8.666,7.016,4.478,1.965,1.484,1.178,0.604,0.535,0.229,0.142,0.049,0.102,0.314,0,0,0,0,0,0,0,0,0,0,0,0,0,0,0,0,0,0,0,0,0,0,0,0,0,0,0,0,0,0,0,0,0,0,0,0,0,5.604,8.005,8.875,8.968,7.659,8.015,8.355,8.229,9.928,11.865,13.333,15.329,17.963,18.672,20.667,20.599,20.868,21.755,22.979,21.48,20.083,17.84,15.868,13.156,11.643,10.218,9.687,9.837,9.297,9.027,8.22,8.453,8.734,9.716,10.674,11.749,11.956,11.892,11.352,9.569,9.482,8.863,9.21,8.651,7.385,5.914,4.264,3.304,2.064,0.911,0.77,0.515,0.26,0.226,0.096,0.058,0.02,0.04,0.121,0,0,0,0,0,0,0
2026-08-30 11:03:00,1,"Normal Scan","Normal Scan",0,"ON",1,1,1,737.1,5,20,97.1,52.3,0.0000000693072,0.0000181809,4.97,8954.6,8.8,736.5,1,"Up Scan","Positive",254,0,4.37,1.6,8,8,0,1,1,17.429,28.778,20.227,9.647,2.069,5498.78,48,20.7,NA,0,0,0,0,0,0,0,0,0,0,0,0,0,0,0,0,0,0,0,0,0,0,0,0,0,0,0,0,0,0,0,740.509,510.853,370.74,288.474,204.848,167.753,174.38,166.835,177.523,194.437,207.941,217.468,215.598,204.813,193.982,163.176,138.732,120.537,101.242,91.609,75.661,65.884,58.623,47.351,44.472,42.461,40.171,35.153,36.824,35.859,35.968,33.814,33.259,32.488,30.86,25.904,22.833,20.141,17.722,15.867,14.589,13.704,14.933,13.584,11.304,9.607,6.961,4.421,2.724,1.624,0.874,0.564,0.217,0.413,0.142,0.149,0.101,0.104,0,0,0,0,0,0,0,0,0,0,0,0,0,0,0,0,0,0,0,0,0,0,0,0,0,0,0,0,0,0,0,0,0,0,0,0,0,7.556,9.499,9.471,9.394,9.519,8.509,8.595,10.779,12.182,15.032,18.868,22.816,26.716,29.433,30.863,32.087,29.517,27.296,25.746,23.362,22.787,20.378,19.106,18.215,16.144,16.241,16.586,16.868,16.003,17.306,17.711,17.942,17.667,17.936,17.918,17.39,15.392,14.427,12.91,11.205,9.871,8.535,7.482,7.659,6.679,5.539,4.566,3.31,2.048,1.296,0.753,0.382,0.243,0.092,0.172,0.058,0.059,0.04,0.04,0,0,0,0,0,0,0
2026-08-30 11:08:00,1,"Normal Scan","Normal Scan",0,"ON",1,1,1,737.3,5,20.1,97.2,52.7,0.000000069266,0.0000181857,4.97,8954.6,8.8,736.5,1,"Up Scan","Positive",254,0,4.37,1.6,8,8,0,1,1,18.328,28.487,20.516,9.647,2.004,4881.48,48,20.8,NA,0,0,0,0,0,0,0,0,0,0,0,0,0,0,0,0,0,0,0,0,0,0,0,0,0,0,0,0,0,0,0,536.899,391.553,333.312,250.558,198.428,169.703,155.046,160.626,168.608,189.164,198.29,192.595,189.528,190.801,176.414,149.585,143.236,143.243,135.296,120.642,95.244,80.823,60.51,47.828,37.101,28.561,23.738,20.862,16.723,16.335,13.128,15.611,15.429,15.466,18.783,17.696,17.814,18.013,15.861,16.052,14.297,14.724,15.399,14.002,10.493,8.947,6.674,4.141,3.29,1.502,1.064,0.717,0.398,0.38,0.144,0.099,0,0.053,0.055,0,0,0,0,0,0,0,0,0,0,0,0,0,0,0,0,0,0,0,0,0,0,0,0,0,0,0,0,0,0,0,0,0,0,0,0,5.418,6.958,7.269,8.41,8.27,8.223,8.737,9.574,11.728,14.274,18.342,21.739,23.712,26.021,28.923,29.393,27.24,28.336,30.515,30.952,29.525,24.973,22.567,18.143,15.25,12.662,10.617,9.544,9.194,8.406,8.877,8.2,9.668,9.999,10.565,12.12,11.863,12.169,11.913,10.281,9.889,8.403,7.996,7.849,6.946,5.158,4.3,3.19,1.925,1.52,0.683,0.475,0.315,0.184,0.158,0.058,0.039,0,0.02,0.02,0,0.014,0,0,0,0
2026-08-30 11:13:00,1,"Normal Scan","Normal Scan",0,"ON",1,1,1,736.9,5,19.7,97.1,52.5,0.0000000692169,0.0000181665,4.97,8954.6,8.8,736.5,1,"Up Scan","Positive",254,0,4.37,1.6,8,8,0,1,1,14.167,26.589,18.543,9.647,2.044,5001.89,48,20.8,NA,0,0,0,0,0,0,0,0,0,0,0,0,0,0,0,0,0,0,0,0,0,0,0,0,0,0,0,0,0,0,0,700.676,584.701,456.208,329.157,255.778,211.073,166.319,147.421,141.953,137.501,135.291,138.637,143.431,149.576,135.168,116.186,104.574,98.643,84.526,78.836,67.592,60.037,49.989,43.99,37.621,34.314,34.107,31.109,23.773,23.809,22.889,19.689,23.443,21.456,21.001,21.295,18.776,17.129,14.495,12.979,13.237,12.801,12.955,11.321,10.751,8.615,5.666,4.084,2.967,1.249,0.866,0.608,0.4,0.413,0.335,0.1,0.102,0.158,0.054,0.056,0,0,0,0,0,0,0,0,0,0,0,0,0,0,0,0,0,0,0,0,0,0,0,0,0,0,0,0,0,0,0,0,0,0,0,7.183,9.111,10.96,11.502,10.857,10.638,10.824,10.261,10.743,12.024,13.36,14.834,17.077,19.644,22.581,22.451,21.161,20.694,21.115,19.568,19.603,18.099,17.33,15.523,14.462,13.289,13.045,13.648,13.51,11.44,12.137,12.036,11.448,13.096,12.452,12.691,13.065,12,11.062,9.757,8.13,7.595,7.058,6.72,5.66,5.254,4.165,2.762,1.947,1.38,0.602,0.412,0.278,0.169,0.171,0.137,0.039,0.04,0.06,0.02,0.021,0,0,0,0,0
2026-08-30 11:18:00,1,"Normal Scan","Normal Scan",0,"ON",1,1,1,736.7,5,19.5,97.1,52.4,0.0000000691566,0.0000181569,4.97,8954.6,8.8,736.5,1,"Up Scan","Positive",254,0,4.37,1.6,8,8,0,1,1,14.931,27.147,18.875,9.647,2.045,3930.41,48,20.7,NA,0,0,0,0,0,0,0,0,0,0,0,0,0,0,0,0,0,0,0,0,0,0,0,0,0,0,0,0,0,0,0,532.519,429.084,368.893,234.729,181.733,145.565,131.527,126.749,119.172,103.472,102.192,114.931,120.081,125.283,130.195,116.964,109.158,93.747,79.203,68.403,57.001,44.81,35.896,28.039,23.88,18.262,14.336,14.664,13.243,12.565,14.901,17.887,19.421,17.201,16.533,15.871,14.5,13.024,12.409,12.416,11.525,12.646,12.048,11.49,10.604,6.779,5.213,3.106,2.634,1.475,0.728,0.473,0.359,0.462,0.048,0.148,0.102,0.106,0,0,0,0,0,0,0,0,0,0,0,0,0,0,0,0,0,0,0,0,0,0,0,0,0,0,0,0,0,0,0,0,0,0,0,0,0,5.469,6.884,8.016,9.376,7.718,7.563,7.477,8.113,9.201,10.079,10.068,11.263,14.186,16.485,18.964,21.592,21.185,21.422,19.893,18.12,16.815,14.964,12.579,10.871,9.157,8.425,7.248,6.503,7.166,6.981,7.083,8.336,9.911,10.968,10.524,10.39,10.468,9.812,9.037,8.507,7.63,6.643,6.77,6.293,5.695,5.124,3.286,2.538,1.45,1.247,0.68,0.332,0.204,0.17,0.191,0.019,0.059,0.04,0.04,0,0,0.016,0,0,0,0
2026-08-30 11:23:00,1,"Normal Scan","Normal Scan",0,"ON",1,1,1,737.2,5,20.1,97.1,51.8,0.0000000693373,0.0000181857,4.97,8954.6,8.8,736.5,1,"Up Scan","Positive",254,0,4.37,1.6,8,8,0,1,1,16.052,26.852,19.259,9.647,2.002,5219.8,47,20.9,NA,0,0,0,0,0,0,0,0,0,0,0,0,0,0,0,0,0,0,0,0,0,0,0,0,0,0,0,0,0,0,0,651.88,505.848,395.636,280.372,240.817,220.242,201.626,203.121,201.037,198.697,183.062,177.539,176.945,159.533,156.043,139.166,123.855,111.184,98.788,83.954,76.669,63.912,50.967,46.593,41.698,34.697,33.03,28.221,24.685,23.191,24.91,25.003,24.551,23.644,22.297,18.789,19.38,16.962,14.408,13.644,13.286,13.82,12.089,11.862,9.853,7.118,5.675,3.08,2.572,1.456,0.952,0.741,0.269,0.092,0.288,0.049,0,0,0,0,0,0,0,0,0,0,0,0,0,0,0,0,0,0,0,0,0,0,0,0,0,0,0,0,0,0,0,0,0,0,0,0,0,0,0,6.196,8.377,9.432,10.007,9.187,10.029,11.284,12.443,14.782,16.992,19.224,20.044,21.834,24.205,24.138,25.871,25.242,24.428,23.745,22.786,20.898,20.406,18.355,15.68,15.254,14.717,13.306,13.58,12.56,12.037,11.59,12.996,13.602,13.486,13.47,13.221,12.017,12.083,10.922,9.265,8.286,7.543,7.386,6.238,5.901,4.84,3.387,2.645,1.479,1.168,0.647,0.417,0.318,0.113,0.038,0.116,0.02,0,0,0,0,0,0,0,0,0
2026-08-30 11:28:00,1,"Normal Scan","Normal Scan",0,"ON",1,1,1,737.6,5,20.7,97.1,51.7,0.000000069518,0.0000182145,4.97,8954.6,8.8,736.5,1,"Up Scan","Positive",254,0,4.37,1.6,8,8,0,1,1,14.116,26.416,18.485,9.647,2.041,5139.57,47,21.2,NA,0,0,0,0,0,0,0,0,0,0,0,0,0,0,0,0,0,0,0,0,0,0,0,0,0,0,0,0,0,0,0,726.76,575.402,453.983,371.157,283.432,205.178,168.018,168.172,157.273,157.305,151.465,142.444,129.597,118.635,122.559,109.957,108.269,101.993,97.104,81.988,76.054,58.275,53.012,44.153,38.194,35.932,30.418,28.848,24.907,23.992,23.51,23.597,25.527,23.629,24.772,20.689,18.916,19.279,16.493,16.239,13.354,12.961,13.4,11.349,8.899,7.787,5.001,3.536,2.403,1.118,0.924,0.733,0.269,0.323,0.286,0,0.05,0,0.054,0,0,0,0,0,0,0,0,0,0,0,0,0,0,0,0,0,0,0,0,0,0,0,0,0,0,0,0,0,0,0,0,0,0,0,0,8.287,9.263,10.661,11.424,12.23,11.717,10.504,10.354,12.223,13.258,15.201,16.57,17.509,17.796,18.018,20.404,20.067,21.408,21.834,22.352,20.374,20.257,16.707,16.337,14.492,13.612,13.65,12.642,12.958,12.077,12.283,12.666,13.118,14.229,13.874,14.385,12.703,12.073,11.788,10.189,9.385,7.707,6.939,6.781,5.643,4.388,3.703,2.415,1.672,1.097,0.497,0.42,0.315,0.113,0.134,0.116,0,0.02,0,0.02,0,0,0,0,0,0
2026-08-30 11:33:00,1,"Normal Scan","Normal Scan",0,"ON",1,1,1,737.5,5,20.5,97.1,51.4,0.0000000694577,0.0000182049,4.97,8954.6,8.8,736.5,1,"Up Scan","Positive",254,0,4.37,1.6,8,8,0,1,1,14.643,27.633,19.028,9.647,2.069,4194.86,46,21.2,NA,0,0,0,0,0,0,0,0,0,0,0,0,0,0,0,0,0,0,0,0,0,0,0,0,0,0,0,0,0,0,0,517.3,462.986,348.999,284.608,255.569,186.03,147.838,129.988,126.585,131.225,119.365,122.755,113.306,116.46,103.623,97.398,99.553,86.37,80.509,78.896,65.131,52.477,44.985,34.719,25.74,21.492,20.065,17.549,16.908,16.093,16.39,18.733,19.81,20.737,22.121,20.21,19.885,17.394,17.638,15.425,14.441,12.682,12.425,11.943,9.266,6.476,5.197,2.776,2.095,1.645,1.195,0.775,0.224,0.37,0.239,0.198,0.051,0,0,0,0,0,0,0,0,0,0,0,0,0,0,0,0,0,0,0,0,0,0,0,0,0,0,0,0,0,0,0,0,0,0,0,0,0,0,5.72,6.672,8.623,8.829,9.337,10.602,9.502,9.082,9.437,10.675,12.687,13.105,15.108,15.516,17.635,17.289,17.759,19.656,18.485,18.513,19.347,17.151,14.795,13.573,11.316,9.206,8.445,8.624,8.406,8.874,9.127,9.668,11.071,11.91,12.56,13.38,12.388,12.299,11.071,10.511,9.061,8.075,6.696,6.415,6.056,4.59,3.084,2.504,1.351,0.973,0.744,0.522,0.334,0.094,0.153,0.097,0.078,0.02,0,0,0,0,0,0,0,0
2026-08-30 11:38:00,1,"Normal Scan","Normal Scan",0,"ON",1,1,1,737.3,5,20.2,97.1,50.7,0.0000000693674,0.0000181905,4.97,8954.6,8.8,736.5,1,"Up Scan","Positive",254,0,4.37,1.6,8,8,0,1,1,15.25,28.441,19.536,9.647,2.09,4385.62,46,21.2,NA,0,0,0,0,0,0,0,0,0,0,0,0,0,0,0,0,0,0,0,0,0,0,0,0,0,0,0,0,0,0,0,543.674,434.856,359.783,290.227,245.572,188.703,152.649,131.798,144.436,136.79,134.093,124.731,127.614,121.617,110.956,108.07,102.659,97.189,93.507,80.968,71.32,60.343,47.476,36.879,29.283,26.003,23.235,19.23,20.285,19.179,20.23,22.379,22.602,23.804,24.777,25.543,23.394,21.012,19.114,17.14,15.615,12.375,11.866,9.607,9.418,7.406,4.993,4.013,1.942,1.99,1.168,0.739,0.49,0.228,0.19,0.149,0.203,0.052,0,0.056,0,0,0,0,0,0,0,0,0,0,0,0,0,0,0,0,0,0,0,0,0,0,0,0,0,0,0,0,0,0,0,0,0,0,0,5.665,7.083,8.069,9.079,9.569,10.222,9.659,9.409,9.586,12.191,13.245,14.709,15.345,17.496,18.469,18.52,19.715,20.33,20.764,21.442,19.939,18.812,17.064,14.344,12.114,10.525,10.231,10.061,9.368,10.423,10.905,11.771,13.108,13.338,14.066,14.684,14.768,13.799,12.462,11.326,9.928,8.794,6.689,6.184,4.965,4.673,3.623,2.367,1.877,0.955,0.917,0.511,0.334,0.207,0.095,0.077,0.059,0.079,0.02,0,0.021,0,0,0,0,0
2026-08-30 11:43:00,1,"Normal Scan","Normal Scan",0,"ON",1,1,1,737.1,5,20,97.1,50.4,0.0000000693072,0.0000181809,4.97,8954.6,8.8,736.5,1,"Up Scan","Positive",254,0,4.37,1.6,8,8,0,1,1,18.016,30.845,21.451,9.647,2.1,4428.07,46,21.1,NA,0,0,0,0,0,0,0,0,0,0,0,0,0,0,0,0,0,0,0,0,0,0,0,0,0,0,0,0,0,0,0,415.416,361.514,289.241,226.04,217.621,180.634,168.153,163.786,165.426,156.813,154.707,152.259,153.686,141.564,138.496,136.512,118.541,115.598,106.7,103.596,82.707,74.546,54.8,45.004,33.331,29.705,23.675,24.373,25.735,22.208,25.757,26.4,29.815,29.337,29.226,29.543,26.523,22.75,21.063,17.9,15.083,14.312,13.459,11.04,8.991,7.511,5.902,4.226,2.296,1.473,0.98,0.856,0.537,0.092,0.096,0.197,0.103,0.104,0.055,0.056,0,0,0,0,0,0,0,0,0,0,0,0,0,0,0,0,0,0,0,0,0,0,0,0,0,0,0,0,0,0,0,0,0,0,0,3.932,5.365,6.738,7.337,7.473,9.055,9.267,10.386,11.901,13.972,15.189,16.963,18.759,21.08,21.486,23.134,24.855,23.535,24.687,24.508,25.407,21.828,20.921,16.666,14.821,12.062,11.747,10.746,11.771,12.965,12.706,14.531,14.972,16.855,16.737,16.635,16.934,15.618,13.461,12.267,10.329,8.678,7.651,6.858,5.587,4.498,3.69,2.762,1.973,1.072,0.715,0.438,0.39,0.226,0.038,0.039,0.078,0.04,0.04,0.02,0.021,0,0,0,0,0
2026-08-30 11:48:00,1,"Normal Scan","Normal Scan",0,"ON",1,1,1,737.1,5,20,97.1,50.4,0.0000000693072,0.0000181809,4.97,8954.6,8.8,736.5,1,"Up Scan","Positive",254,0,4.37,1.6,8,8,0,1,1,16.46,27.538,19.691,9.647,2.014,5528.72,46,21.1,NA,0,0,0,0,0,0,0,0,0,0,0,0,0,0,0,0,0,0,0,0,0,0,0,0,0,0,0,0,0,0,0,603.857,482.548,408.732,352.621,295.257,229.602,205.706,203.52,206.974,205.678,197.556,216.691,195.928,179.746,161.188,148.03,134.724,126.237,109.963,97.216,83.943,70.07,53.457,45.183,36.263,29.389,24.905,25.064,25.144,26.422,29.527,30.463,31.899,31.338,30.086,28.169,25.196,23.044,19.433,17.88,14.574,12.61,11.46,9.705,8.619,6.866,5.861,3.752,1.853,1.59,0.928,0.687,0.489,0.325,0.237,0.148,0.153,0.052,0.164,0,0,0,0,0,0,0,0,0,0,0,0,0,0,0,0,0,0,0,0,0,0,0,0,0,0,0,0,0,0,0,0,0,0,0,0,5.864,7.817,8.94,10.332,11.666,12.308,11.77,12.688,14.81,17.492,19.886,21.653,26.588,26.801,27.181,26.778,26.931,26.597,26.867,25.252,23.959,22.114,19.781,16.315,14.922,13.222,11.949,11.306,12.203,13.023,14.107,15.82,16.598,17.431,17.482,16.835,15.927,14.604,13.271,11.277,10.367,8.195,6.872,5.936,4.922,4.295,3.353,2.824,1.793,0.889,0.737,0.434,0.315,0.207,0.134,0.097,0.059,0.06,0.02,0.061,0,0,0,0,0,0
2026-08-30 11:53:00,1,"Normal Scan","Normal Scan",0,"ON",1,1,1,737.1,5,20,97.1,50.5,0.0000000693072,0.0000181809,4.97,8954.6,8.8,736.5,1,"Up Scan","Positive",254,0,4.37,1.6,8,8,0,1,1,19.121,27.007,20.708,9.647,1.887,7381.95,46,21.1,NA,0,0,0,0,0,0,0,0,0,0,0,0,0,0,0,0,0,0,0,0,0,0,0,0,0,0,0,0,0,0,0,577.846,487.928,428.918,383.462,337.456,304.945,291.638,291.29,287.29,300.426,304.057,324.229,338.778,329.934,329.453,301.416,267.617,240.508,194.14,166.994,130.937,97.094,71.918,53.727,41.116,34.836,29.04,29.396,28.299,31.44,30.241,32.567,33.135,31.733,28.473,28.049,23.139,21.202,18.682,16.529,15.454,12.475,12.289,10.797,9.26,6.866,5.017,3.468,2.196,1.273,0.986,0.588,0.297,0.508,0.24,0.099,0.205,0,0.054,0,0,0,0,0,0,0,0,0,0,0,0,0,0,0,0,0,0,0,0,0,0,0,0,0,0,0,0,0,0,0,0,0,0,0,0,5.98,7.457,9.164,10.917,12.706,14.11,15.663,18.02,21.238,24.32,29.181,33.481,39.94,46.404,49.874,54.632,54.416,52.384,50.8,44.109,40.696,34.214,27.188,21.749,17.682,14.92,13.837,12.867,13.779,14.22,15.853,15.888,17.218,17.875,17.473,16.335,15.918,13.759,12.621,11.115,9.481,8.599,6.722,6.357,5.368,4.573,3.336,2.452,1.666,1.044,0.611,0.445,0.253,0.151,0.21,0.097,0.039,0.079,0,0.02,0,0.03,0,0,0,0
2026-08-30 11:58:00,1,"Normal Scan","Normal Scan",0,"ON",1,1,1,737,5,19.9,97.1,50.6,0.0000000692771,0.0000181761,4.97,8954.6,8.8,736.5,1,"Up Scan","Positive",254,0,4.37,1.6,8,8,0,1,1,16.087,24.7,18.662,9.647,1.883,6763.3,46,21.1,NA,0,0,0,0,0,0,0,0,0,0,0,0,0,0,0,0,0,0,0,0,0,0,0,0,0,0,0,0,0,0,0,686.764,558.198,486.14,419.159,363.712,339.557,328.231,339.077,325.059,327.989,315.62,275.202,235.107,200.673,168.476,148.269,136.397,119.288,108.758,101.738,91.291,76.835,67.03,54.909,43.605,35.769,34.067,30.078,28.872,27.647,27.566,28.754,25.468,27.385,22.686,20.808,21.326,18.06,16.088,13.893,11.074,11.761,9.257,8.143,7.906,6.055,4.278,2.627,1.703,1.627,1.045,0.847,0.328,0.369,0.429,0.247,0,0.052,0,0,0,0,0,0,0,0,0,0,0,0,0,0,0,0,0,0,0,0,0,0,0,0,0,0,0,0,0,0,0,0,0,0,0,0,0,6.04,8.813,10.447,12.322,13.861,15.098,17.443,20.27,24.663,27.458,31.622,34.429,33.633,32.054,30.239,28.004,26.972,27.009,25.634,25.133,25.186,24.15,21.908,20.401,17.921,15.541,13.883,14.103,13.545,13.633,13.739,14.269,15.006,14.082,14.929,12.847,12.382,12.187,10.639,9.518,8.055,6.383,6.277,4.854,4.255,4.001,2.926,2.092,1.307,0.832,0.737,0.457,0.364,0.139,0.153,0.174,0.098,0,0.02,0,0,0,0,0,0,0
2026-08-30 12:03:00,1,"Normal Scan","Normal Scan",0,"ON",1,1,1,737,5,19.9,97.1,50.5,0.0000000692771,0.0000181761,4.97,8954.6,8.8,736.5,1,"Up Scan","Positive",254,0,4.37,1.6,8,8,0,1,1,15.65,23.25,17.989,9.647,1.824,7650.39,46,21,NA,0,0,0,0,0,0,0,0,0,0,0,0,0,0,0,0,0,0,0,0,0,0,0,0,0,0,0,0,0,0,0,789.798,695.519,552.266,504.707,439.931,402.677,366.963,350.236,368.006,381.118,361.62,310.052,273.232,237.787,197.524,177.156,152.295,135.804,119.377,107.563,91.664,77.43,61.276,51.002,39.923,31.815,27.537,24.143,23.903,22.638,25.977,24.467,25.627,24.88,23.065,22.912,18.094,19.25,16.201,11.23,10.781,8.88,8.454,9.375,6.795,5.284,4.546,2.781,2.336,1.596,0.92,0.516,0.535,0.37,0.143,0.149,0.256,0,0,0,0,0,0,0,0,0,0,0,0,0,0,0,0,0,0,0,0,0,0,0,0,0,0,0,0,0,0,0,0,0,0,0,0,0,0,7.7,10.195,12.904,14.041,16.631,18.324,20.7,22.592,25.482,31.052,36.799,39.491,37.925,37.257,35.829,32.763,32.125,30.03,28.983,27.454,26.485,24.138,21.82,18.5,16.61,14.107,12.409,11.74,11.209,11.788,11.837,13.345,13.219,14.026,13.592,12.858,12.677,10.618,11.271,9.584,6.705,6.171,4.955,4.653,4.712,3.397,2.639,2.212,1.312,1.11,0.755,0.402,0.223,0.226,0.153,0.058,0.059,0.099,0,0,0,0,0,0,0,0
2026-08-30 12:08:00,1,"Normal Scan","Normal Scan",0,"ON",1,1,1,737,5,19.8,97.1,50.5,0.000000069247,0.0000181713,4.97,8954.6,8.8,736.5,1,"Up Scan","Positive",254,0,4.37,1.6,8,8,0,1,1,14.891,21.79,17.086,9.647,1.779,8476.77,46,21,NA,0,0,0,0,0,0,0,0,0,0,0,0,0,0,0,0,0,0,0,0,0,0,0,0,0,0,0,0,0,0,0,1020.659,817.566,729.459,596.045,474.272,405.552,378.051,384.788,387.15,418.783,415.332,383.619,312.528,259.719,216.109,173.187,143.995,121.197,105.011,89.134,75.324,62.814,52.113,44.5,30.997,24.562,21.396,20.301,19.552,21.198,25.575,23.874,25.013,25.159,23.211,20.893,19.178,16.832,14.694,12.226,10.665,10.676,8.3,8.276,7.383,6.145,4.602,3.603,1.577,1.383,1.131,0.473,0.267,0.322,0.096,0.248,0.052,0,0,0,0,0,0,0,0,0,0,0,0,0,0,0,0,0,0,0,0,0,0,0,0,0,0,0,0,0,0,0,0,0,0,0,0,0,0,8.782,13.145,15.201,18.445,19.648,19.735,20.849,23.36,27.962,32.655,40.432,45.303,46.812,42.44,39.005,35.665,31.29,28.309,25.761,24.122,21.916,19.799,17.666,15.73,14.476,11.235,10.019,9.474,9.863,10.082,11.194,13.141,12.839,13.588,13.691,12.886,12.232,11.022,10.1,8.846,7.303,6.337,5.745,4.384,4.242,3.677,2.955,2.207,1.663,0.779,0.629,0.493,0.204,0.113,0.134,0.039,0.098,0.02,0,0,0,0,0,0,0,0
2026-08-30 12:13:00,1,"Normal Scan","Normal Scan",0,"ON",1,1,1,736.9,5,19.8,97,50.5,0.0000000693183,0.0000181713,4.97,8954.6,8.8,736.5,1,"Up Scan","Positive",254,0,4.37,1.6,8,8,0,1,1,14.955,21.982,17.259,9.647,1.788,9816.18,46,20.9,NA,0,0,0,0,0,0,0,0,0,0,0,0,0,0,0,0,0,0,0,0,0,0,0,0,0,0,0,0,0,0,0,1127.126,1016.834,804.566,684.346,569.205,472.418,405.78,396.871,436.97,466.562,491.387,458.511,385.119,300.023,255.39,206.396,169.626,141.793,116.061,100.472,89.432,75.635,68.632,54.396,42.852,36.67,31.815,32.363,30.378,34.495,35.158,33.5,31.654,28.989,26.269,23.215,21.946,17.685,15.927,13.642,10.713,8.734,8.506,10.215,7.509,5.855,4.504,3.521,2.455,1.438,0.817,0.668,0.447,0.185,0.191,0.049,0,0.213,0.055,0,0,0,0,0,0,0,0,0,0,0,0,0,0,0,0,0,0,0,0,0,0,0,0,0,0,0,0,0,0,0,0,0,0,0,0,10.215,14.589,18.909,20.409,22.596,23.692,24.223,25.071,28.922,36.933,45.041,53.584,55.963,52.31,45.02,42.101,37.249,33.373,30.279,26.756,24.899,23.695,21.49,20.933,18,15.644,14.648,13.804,14.75,14.51,16.555,17.494,16.934,16.629,15.55,14.467,12.81,12.445,10.87,9.433,7.927,6.262,5.035,4.636,5.07,3.713,2.878,2.156,1.672,1.104,0.658,0.402,0.297,0.188,0.076,0.077,0.02,0,0.08,0.02,0,0,0,0,0,0
2026-08-30 12:18:00,1,"Normal Scan","Normal Scan",0,"ON",1,1,1,736.9,5,19.8,97,50.6,0.0000000693183,0.0000181713,4.97,8954.6,8.8,736.5,1,"Up Scan","Positive",254,0,4.37,1.6,8,8,0,1,1,16.221,22.663,17.91,9.647,1.783,9609.05,46,20.9,NA,0,0,0,0,0,0,0,0,0,0,0,0,0,0,0,0,0,0,0,0,0,0,0,0,0,0,0,0,0,0,0,991.206,835.042,717.434,636.542,477.794,435.035,423.028,408.554,449.693,511.041,533.646,519.421,453.138,344.473,286.306,225.762,179.277,145.243,117.245,101.857,87.033,75.332,66.215,55.442,46.598,40.796,33.881,32.581,34.438,33.539,33.839,33.29,31.377,27.114,27.878,23.929,21.97,18.772,14.613,13.78,11.135,9.708,8.382,8.195,7.804,6.003,4.687,2.196,1.655,1.644,1.083,0.697,0.58,0.417,0.095,0.296,0.102,0.159,0,0.056,0,0,0,0,0,0,0,0,0,0,0,0,0,0,0,0,0,0,0,0,0,0,0,0,0,0,0,0,0,0,0,0,0,0,0,8.603,12.822,15.585,18.229,20.944,19.868,22.368,26.156,29.843,38.007,49.383,58.247,63.336,61.47,51.632,47.134,40.686,35.188,30.977,27.044,25.287,23.219,21.481,20.305,18.406,16.84,15.921,14.534,14.759,16.023,16.294,16.981,17.075,16.278,14.711,15.153,13.342,12.32,10.906,8.852,8.126,6.306,5.259,4.508,4.255,3.911,2.979,2.311,1.062,0.814,0.755,0.511,0.315,0.245,0.172,0.039,0.118,0.04,0.06,0,0.021,0,0,0,0,0
2026-08-30 12:23:00,1,"Normal Scan","Normal Scan",0,"ON",1,1,1,736.9,5,19.8,97,50.6,0.0000000693183,0.0000181713,4.97,8954.6,8.8,736.5,1,"Up Scan","Positive",254,0,4.37,1.6,8,8,0,1,1,16.454,22.463,17.921,9.647,1.765,10874.7,46,20.9,NA,0,0,0,0,0,0,0,0,0,0,0,0,0,0,0,0,0,0,0,0,0,0,0,0,0,0,0,0,0,0,0,1035.399,1024.325,815.567,680.112,556.368,477.648,445.724,442.62,501.201,574.464,598.621,617.987,545.943,443.426,336.19,269.709,214.289,168.298,133.394,114.784,94.94,83.715,73.851,63.67,51.922,44.673,37.206,34.267,35.889,35.362,33.61,31.906,30.703,29.46,28.513,25.234,24.786,21.87,17.412,11.785,10.905,9.531,8.29,8.157,8.31,6.585,4.77,3.512,2.722,1.556,1.002,0.486,0.489,0.414,0.571,0.296,0.051,0,0,0.168,0,0,0,0,0,0,0,0,0,0,0,0,0,0,0,0,0,0,0,0,0,0,0,0,0,0,0,0,0,0,0,0,0,0,0,9.58,13.381,19.129,20.683,22.404,23.175,24.55,27.607,32.292,42.401,55.54,65.417,75.482,74.052,66.332,55.268,48.49,42.003,35.822,30.744,28.436,25.306,23.813,22.592,20.941,18.576,17.202,15.629,15.358,16.834,17.328,16.976,16.936,16.453,15.555,15.341,14.005,13.667,12.457,10.354,7.3,6.36,5.48,4.588,4.256,4.108,3.208,2.37,1.753,1.305,0.694,0.438,0.26,0.207,0.172,0.232,0.118,0.02,0,0,0.062,0,0,0,0,0
2026-08-30 12:28:00,1,"Normal Scan","Normal Scan",0,"ON",1,1,1,736.8,5,19.7,97,50.5,0.0000000692882,0.0000181665,4.97,8954.6,8.8,736.5,1,"Up Scan","Positive",254,0,4.37,1.6,8,8,0,1,1,16.834,22.803,18.219,9.647,1.773,11908.4,46,20.9,NA,0,0,0,0,0,0,0,0,0,0,0,0,0,0,0,0,0,0,0,0,0,0,0,0,0,0,0,0,0,0,0,1187.637,956.604,860.319,752.181,578.122,516.792,501.375,480.324,543.105,607.928,683.451,688.273,621.032,503.464,383.345,308.811,237.247,181.832,150.708,126.559,112.279,96.955,85.951,76.866,66.959,58.548,50.437,47.614,43.927,41.147,37.998,39.075,34.697,32.966,30.316,29.529,26.924,22.288,19.015,16.445,12.235,10.816,9.228,9.088,8.538,5.011,4.191,3.353,2.393,1.823,0.812,0.559,0.535,0.416,0.095,0.049,0.103,0.159,0,0,0,0,0,0,0,0,0,0,0,0,0,0,0,0,0,0,0,0,0,0,0,0,0,0,0,0,0,0,0,0,0,0,0,0,0,10.632,15.41,17.825,21.793,24.796,24.059,26.517,31.006,35.063,46.005,58.802,74.656,84.004,84.234,75.387,63.075,55.579,46.535,38.795,34.826,31.609,30.051,27.87,26.508,25.27,23.699,22.15,20.674,20.673,20.058,19.81,19.481,19.946,18.464,17.756,16.546,16.053,14.763,12.814,10.979,9.092,6.961,6.019,4.951,4.642,4.181,2.507,2.075,1.556,1.089,0.842,0.387,0.241,0.226,0.172,0.039,0.02,0.04,0.06,0,0,0,0,0,0,0
2026-08-30 12:33:00,1,"Normal Scan","Normal Scan",0,"ON",1,1,1,736.8,5,19.7,97,50.6,0.0000000692882,0.0000181665,4.97,8954.6,8.8,736.5,1,"Up Scan","Positive",254,0,4.37,1.6,8,8,0,1,1,17.06,24.486,18.794,9.647,1.843,7022.78,46,20.8,NA,0,0,0,0,0,0,0,0,0,0,0,0,0,0,0,0,0,0,0,0,0,0,0,0,0,0,0,0,0,0,0,702.091,540.476,419.684,376.089,313.509,291.45,319.539,380.885,413.536,422.777,406.763,364.661,326.134,252.137,205.201,167.395,142.659,108.889,93.881,77.31,66.887,55.445,48.175,39.051,36.175,31.56,26.227,28.616,27.001,30.519,34.257,31.726,29.625,27.422,26.21,26.395,20.981,19.648,15.907,12.741,9.873,8.884,8.324,7.501,6.935,6.046,5.32,3.606,1.865,1.823,1.154,0.548,0.446,0.325,0.191,0.098,0.101,0,0.109,0,0,0,0,0,0,0,0,0,0,0,0,0,0,0,0,0,0,0,0,0,0,0,0,0,0,0,0,0,0,0,0,0,0,0,0,7.12,9.062,10.034,10.644,12.374,13.078,15.023,19.805,27.796,34.901,40.822,44.326,44.54,44.286,37.844,33.793,30.179,27.941,23.199,21.561,19.21,17.829,15.88,14.949,13.185,13.415,12.869,11.687,13.193,13.34,15.124,17.262,16.318,15.547,14.932,14.131,14.264,11.938,11.213,9.307,7.722,6.081,4.933,4.561,3.968,3.464,2.935,2.587,1.694,0.877,0.809,0.53,0.241,0.188,0.134,0.077,0.039,0.04,0,0.041,0,0,0,0,0,0
2026-08-30 12:38:00,1,"Normal Scan","Normal Scan",0,"ON",1,1,1,736.9,5,19.8,97,50.3,0.0000000693183,0.0000181713,4.97,8954.6,8.8,736.5,1,"Up Scan","Positive",254,0,4.37,1.6,8,8,0,1,1,16.771,24.172,18.659,9.647,1.833,7297.18,45,20.9,NA,0,0,0,0,0,0,0,0,0,0,0,0,0,0,0,0,0,0,0,0,0,0,0,0,0,0,0,0,0,0,0,734.131,531.699,422.202,375.599,326.652,332.818,390.428,448.401,503.716,467.321,416.723,350.784,276.353,226.913,179.349,150.963,118.668,101.348,88.612,78.811,72.849,64.604,59.602,53.425,50.811,43.295,38.733,35.85,31.973,32.457,31.352,30.279,29.126,23.613,24.199,22.539,21.845,18.501,15.633,13.9,10.555,9.723,7.773,6.95,6.748,5.51,4.863,3.135,2.072,1.058,0.963,0.647,0.445,0.414,0.096,0.05,0.05,0.052,0,0,0,0,0,0,0,0,0,0,0,0,0,0,0,0,0,0,0,0,0,0,0,0,0,0,0,0,0,0,0,0,0,0,0,0,0,7.832,9.472,9.917,10.713,12.449,13.594,17.146,24.137,32.692,42.514,45.017,45.341,42.78,37.539,34.064,29.59,27.31,23.453,21.783,20.632,19.86,19.678,18.71,18.451,17.759,18.07,16.533,16.036,15.507,14.896,15.598,15.829,15.761,15.409,13.214,13.388,12.674,12.173,10.541,9.101,8.053,6.177,5.353,4.171,3.554,3.381,2.718,2.338,1.456,0.961,0.485,0.42,0.278,0.188,0.172,0.039,0.02,0.02,0.02,0,0,0,0,0,0,0
2026-08-30 12:43:00,1,"Normal Scan","Normal Scan",0,"ON",1,1,1,736.8,5,19.7,97,50,0.0000000692882,0.0000181665,4.97,8954.6,8.8,736.5,1,"Up Scan","Positive",254,0,4.37,1.6,8,8,0,1,1,15.8,23.302,17.852,9.647,1.835,7142.91,44,20.9,NA,0,0,0,0,0,0,0,0,0,0,0,0,0,0,0,0,0,0,0,0,0,0,0,0,0,0,0,0,0,0,0,786.405,645.902,540.641,425.872,366.094,324.833,347.43,395.003,416.182,420.705,374.368,307.017,240.173,196.446,157.151,132.028,105.18,92.481,81.352,75.9,69.707,64.2,58.445,52.394,46.179,39.82,32.98,29.283,27.099,25.844,25.088,24.406,23.644,19.963,21.408,19.309,19.432,18.259,17.728,12.163,11.661,9.164,8.282,8.251,6.504,6.629,4.284,3.56,2.126,0.927,0.896,0.681,0.459,0.317,0.19,0.198,0.154,0.107,0,0,0,0,0,0,0,0,0,0,0,0,0,0,0,0,0,0,0,0,0,0,0,0,0,0,0,0,0,0,0,0,0,0,0,0,0,8.823,10.082,11.963,13.754,14.002,15.215,16.726,21.471,28.77,35.06,40.536,40.719,37.459,32.65,29.495,26.004,23.935,20.835,19.962,18.989,19.062,18.779,18.421,17.897,17.134,16.207,15.048,13.461,12.764,12.704,12.899,12.879,13.09,13.551,11.5,12.244,11.197,11.187,10.722,10.031,7.39,6.669,5.189,4.38,4.162,3.309,3.251,2.089,1.654,1.026,0.449,0.42,0.293,0.195,0.131,0.077,0.078,0.06,0.04,0,0,0,0,0,0,0
2026-08-30 12:48:00,1,"Normal Scan","Normal Scan",0,"ON",1,1,1,736.9,5,19.8,97,49.7,0.0000000693183,0.0000181713,4.97,8954.6,8.8,736.5,1,"Up Scan","Positive",254,0,4.37,1.6,8,8,0,1,1,14.938,21.558,16.933,9.647,1.771,7989.03,45,20.9,NA,0,0,0,0,0,0,0,0,0,0,0,0,0,0,0,0,0,0,0,0,0,0,0,0,0,0,0,0,0,0,0,1093.882,774.655,624.502,502.162,413.918,383.257,361.319,364.651,427.825,408.343,394.383,331.207,273.291,248.125,209.729,166.585,139.345,108.688,93.85,82.558,68.467,58.752,51.437,43.37,37.698,30.634,23.369,18.716,17.02,13.896,13.934,15.838,14.78,15.24,17.959,17.602,17.897,17.453,15.945,12.727,9.87,9.047,9.081,7.587,7.439,6.399,4.44,3.54,2.218,1.246,0.967,0.699,0.356,0.37,0.192,0.148,0.204,0.106,0.055,0.056,0,0,0,0,0,0,0,0,0,0,0,0,0,0,0,0,0,0,0,0,0,0,0,0,0,0,0,0,0,0,0,0,0,0,0,11.731,13.953,14.381,15.787,16.55,17.234,19.665,22.324,26.559,36.108,39.349,42.979,40.431,37.157,37.284,34.576,30.036,27.362,23.192,21.618,20.47,18.197,16.606,15.448,13.935,12.772,11.262,9.499,8.417,8.271,7.92,8.344,9.544,9.394,9.488,10.462,10.429,10.66,10.255,9.569,7.458,5.853,5.179,4.813,3.913,3.747,3.112,2.157,1.703,1.054,0.604,0.438,0.334,0.151,0.153,0.077,0.059,0.079,0.04,0.02,0.021,0,0,0,0,0
2026-08-30 12:53:00,1,"Normal Scan","Normal Scan",0,"ON",1,1,1,736.9,5,19.8,97,49.5,0.0000000693183,0.0000181713,4.97,8954.6,8.8,736.5,1,"Up Scan","Positive",254,0,4.37,1.6,8,8,0,1,1,12.867,21.777,16.158,9.647,1.869,6719.41,44,20.9,NA,0,0,0,0,0,0,0,0,0,0,0,0,0,0,0,0,0,0,0,0,0,0,0,0,0,0,0,0,0,0,0,1228.052,912.921,597.377,458.194,336.129,293.035,252.873,269.874,264.107,271.584,241.785,210.97,155.187,128.599,105.611,88.871,80.267,71.368,62.512,61.475,60.965,59.279,51.867,46.288,39.91,32.004,26.845,22.319,20.855,18.885,17.221,19.568,18.118,16.682,18.432,20.766,19.896,19.531,18.876,16.079,10.856,10.41,9.127,9.057,7.072,4.739,3.954,2.669,1.837,1.589,0.812,0.595,0.402,0.461,0.286,0.099,0.102,0.052,0.055,0.056,0,0,0,0,0,0,0,0,0,0,0,0,0,0,0,0,0,0,0,0,0,0,0,0,0,0,0,0,0,0,0,0,0,0,0,14.151,15.733,16.906,15.09,15.082,13.937,15.05,15.617,19.595,22.247,26.142,26.3,25.745,21.105,19.349,17.53,16.233,16.028,15.475,14.691,15.514,16.333,16.853,15.781,14.951,13.809,11.955,10.975,10.017,9.885,10.082,10.172,11.29,11.295,10.636,10.965,11.978,11.521,11.367,10.638,8.835,6.147,5.621,4.893,4.581,3.529,2.358,1.977,1.28,0.867,0.737,0.365,0.278,0.169,0.191,0.116,0.039,0.04,0.02,0.02,0.021,0,0,0,0,0
2026-08-30 12:58:00,1,"Normal Scan","Normal Scan",0,"ON",1,1,1,736.9,5,19.8,97,49.4,0.0000000693183,0.0000181713,4.97,8954.6,8.8,736.5,1,"Up Scan","Positive",254,0,4.37,1.6,8,8,0,1,1,11.979,21.293,15.541,9.647,1.88,6552.42,45,20.8,NA,0,0,0,0,0,0,0,0,0,0,0,0,0,0,0,0,0,0,0,0,0,0,0,0,0,0,0,0,0,0,0,1428.279,993.172,642.386,432.024,302.332,257.937,221.054,209.541,219.737,207.097,198.911,172.239,149.645,116.225,101.799,88.195,73.538,62.315,56.428,54.223,49.108,45.091,40.786,35.999,30.54,25.054,21.05,20.798,18.153,20.223,20.162,20.16,20.149,19.958,19.841,18.718,18.468,18.514,17.783,15.835,14.346,10.306,8.071,7.747,8.065,5.192,4.952,3.075,2.095,1.354,0.923,0.786,0.598,0.783,0.269,0.118,0.051,0,0.109,0.113,0,0,0,0,0,0,0,0,0,0,0,0,0,0,0,0,0,0,0,0,0,0,0,0,0,0,0,0,0,0,0,0,0,0,0,17.03,18.275,18.388,16.179,14.167,12.568,13.226,13.59,15.223,18.526,19.987,21.695,21.07,20.327,17.498,16.853,15.997,14.587,13.45,13.169,13.569,13.156,12.881,12.511,11.777,10.878,9.851,9.149,9.476,9.205,10.461,11.07,11.549,11.981,12.015,12.082,11.138,10.694,10.744,10.421,8.919,7.99,5.701,4.395,4.027,4.059,2.648,2.486,1.521,1.019,0.604,0.42,0.371,0.32,0.325,0.109,0.047,0.02,0,0.041,0.041,0.048,0,0,0,0
2026-08-30 13:03:00,1,"Normal Scan","Normal Scan",0,"ON",1,1,1,736.8,5,19.7,97,49.2,0.0000000692882,0.0000181665,4.97,8954.6,8.8,736.5,1,"Up Scan","Positive",254,0,4.37,1.6,8,8,0,1,1,12.659,21.051,15.915,9.647,1.834,7916.29,44,20.8,NA,0,0,0,0,0,0,0,0,0,0,0,0,0,0,0,0,0,0,0,0,0,0,0,0,0,0,0,0,0,0,0,1577.851,1074.938,696.441,511.693,372.674,313.852,286.807,282.179,291.584,291.956,271.708,245.901,213.991,181.795,153.146,142.897,119.695,101.435,87.358,74.824,64.334,52.803,45.725,43.061,36.649,29.469,25.769,20.535,20.955,21.014,20.8,21.078,20.408,19.666,20.013,19.492,19.567,18.658,17.393,16.109,12.681,10.825,10.75,9.306,7.897,5.132,4.375,2.713,1.865,1.509,1.002,0.438,0.401,0.277,0.382,0.249,0.154,0.053,0,0.056,0,0,0,0,0,0,0,0,0,0,0,0,0,0,0,0,0,0,0,0,0,0,0,0,0,0,0,0,0,0,0,0,0,0,0,17.31,20.278,19.907,17.577,16.735,15.469,16.11,17.684,20.522,24.597,28.166,29.672,30.076,29.159,27.38,25.341,25.84,23.542,21.628,20.175,18.613,17.127,15.071,13.915,14.041,12.855,11.39,10.754,9.45,10.203,11.033,11.301,12.015,12.007,12.078,12.028,11.522,11.73,11.057,10.09,9.042,7.015,5.86,5.588,4.767,3.905,2.538,2.112,1.339,0.92,0.719,0.438,0.204,0.169,0.115,0.155,0.098,0.06,0.02,0,0.021,0,0,0,0,0
2026-08-30 13:08:00,1,"Normal Scan","Normal Scan",0,"ON",1,1,1,736.8,5,19.7,97,49.2,0.0000000692882,0.0000181665,4.97,8954.6,8.8,736.5,1,"Up Scan","Positive",254,0,4.37,1.6,8,8,0,1,1,12.173,21.801,15.919,9.647,1.898,7427.38,45,20.8,NA,0,0,0,0,0,0,0,0,0,0,0,0,0,0,0,0,0,0,0,0,0,0,0,0,0,0,0,0,0,0,0,1469.094,1091.971,773.323,529.553,361.476,276.223,235.405,241.296,237.8,249.251,210.969,192.527,162.193,144.935,119.706,102.25,94.443,85.391,69.713,68.609,59.98,57.45,54.792,49.094,41.088,36.82,32.992,30.225,26.876,27.953,26.784,26.091,24.181,21.686,21.608,22.712,19.168,21.709,18.875,16.097,14.086,10.686,10.359,8.93,8.419,6.835,5.082,3.142,2.513,1.38,0.971,0.694,0.49,0.606,0.326,0.295,0.154,0.106,0,0,0,0,0,0,0,0,0,0,0,0,0,0,0,0,0,0,0,0,0,0,0,0,0,0,0,0,0,0,0,0,0,0,0,0,0,15.821,18.947,20.259,19.499,17.394,14.965,14.146,14.525,17.549,20.039,23.988,23.043,23.575,22.111,21.811,19.882,18.574,18.723,18.428,16.349,17.233,16.225,16.625,16.874,16.143,14.706,14.124,13.71,13.157,12.702,14.012,13.873,14.386,13.901,12.937,13.053,13.056,11.559,12.567,10.957,9.455,7.762,6.034,5.476,4.608,4.188,3.375,2.521,1.554,1.178,0.662,0.442,0.297,0.207,0.252,0.132,0.118,0.06,0.04,0,0,0,0,0,0,0
2026-08-30 13:13:00,1,"Normal Scan","Normal Scan",0,"ON",1,1,1,736.8,5,19.7,97,49.3,0.0000000692882,0.0000181665,4.97,8954.6,8.8,736.5,1,"Up Scan","Positive",254,0,4.37,1.6,8,8,0,1,1,12.339,21.214,15.944,9.647,1.856,7927.72,45,20.8,NA,0,0,0,0,0,0,0,0,0,0,0,0,0,0,0,0,0,0,0,0,0,0,0,0,0,0,0,0,0,0,0,1485.013,1187.706,803.493,536.455,394.137,293.917,253.275,261.867,270.517,267.883,244.307,209.7,190.952,158.742,141.487,123.301,108.919,98.825,85.728,80.529,77.41,69.035,60.653,53.777,48.247,41.22,33.848,27.963,25.108,26.597,25.022,24.412,21.147,23.24,19.966,18.798,19.917,18.875,18.681,14.866,12.581,9.857,8.006,7.163,5.671,5.356,4.145,3.155,1.961,1.146,1.293,0.603,0.443,0.462,0.096,0.049,0.206,0,0,0,0,0,0,0,0,0,0,0,0,0,0,0,0,0,0,0,0,0,0,0,0,0,0,0,0,0,0,0,0,0,0,0,0,0,0,14.521,19.12,22.058,20.244,17.595,16.391,15.06,15.638,19.027,22.815,25.83,26.663,25.651,26.024,23.948,23.463,22.435,21.607,21.262,19.989,20.204,20.747,19.737,18.449,17.514,16.86,15.474,13.736,12.359,12.043,13.011,12.945,13.385,12.488,13.299,11.684,11.055,11.278,10.686,10.283,8.53,7.086,5.382,4.23,3.804,2.85,2.656,2.043,1.469,0.895,0.557,0.566,0.26,0.188,0.191,0.039,0.02,0.079,0,0,0,0,0,0,0,0
2026-08-30 13:18:00,1,"Normal Scan","Normal Scan",0,"ON",1,1,1,736.8,5,19.7,97,49.2,0.0000000692882,0.0000181665,4.97,8954.6,8.8,736.5,1,"Up Scan","Positive",254,0,4.37,1.6,8,8,0,1,1,11.755,20.285,15.179,9.647,1.831,7009.08,44,20.8,NA,0,0,0,0,0,0,0,0,0,0,0,0,0,0,0,0,0,0,0,0,0,0,0,0,0,0,0,0,0,0,0,1427.085,1144.403,808.84,535.7,345.561,244.232,204.565,212.316,217.271,212.619,201.356,165.451,141.312,120.229,105.011,84.879,80.839,67.413,66.177,58.588,58.795,55.521,46.783,44.034,35.889,26.715,22.52,19.75,16.508,12.446,13.171,15.048,16.127,17.577,16.94,16.62,18.967,17.399,16.226,15.127,12.124,9.245,8.027,7.773,6.89,6.137,4.408,2.647,1.835,1.178,1.114,0.688,0.356,0.138,0.191,0.049,0.051,0.212,0,0,0,0,0,0,0,0,0,0,0,0,0,0,0,0,0,0,0,0,0,0,0,0,0,0,0,0,0,0,0,0,0,0,0,0,0,13.926,18.373,21.299,20.388,17.527,14.274,12.517,12.649,15.401,18.305,20.454,21.93,20.261,19.239,18.127,17.42,15.501,16.09,14.589,15.471,14.706,15.639,15.732,14.124,14.087,12.165,9.959,9.156,8.88,8.35,7.163,8.08,9.374,9.892,10.855,10.426,10.005,10.872,10.189,9.445,8.627,6.868,4.945,4.289,3.994,3.481,2.983,2.092,1.278,0.824,0.557,0.53,0.297,0.151,0.057,0.077,0.02,0.02,0.08,0,0,0,0,0,0,0
2026-08-30 13:23:00,1,"Normal Scan","Normal Scan",0,"ON",1,1,1,736.8,5,19.7,97,49.1,0.0000000692882,0.0000181665,4.97,8954.6,8.8,736.5,1,"Up Scan","Positive",254,0,4.37,1.6,8,8,0,1,1,12.554,21.977,16.451,9.647,1.888,8838.32,45,20.8,NA,0,0,0,0,0,0,0,0,0,0,0,0,0,0,0,0,0,0,0,0,0,0,0,0,0,0,0,0,0,0,0,1403.57,1205.209,975.076,755.557,538.977,359.131,264.632,265.877,248.393,264.437,254.429,237.673,201.118,168.648,148.72,131.067,110.867,105.856,100.369,102.903,97.614,93.199,82.553,82.044,76.474,71.01,60.806,50.702,43.952,39.332,32.273,30.104,28.043,27.207,24.861,21.697,21.302,18.514,16.72,14.29,12.432,9.05,7.652,8.813,5.926,6.174,3.74,3.163,1.889,1.779,0.755,0.538,0.498,0.185,0.095,0.098,0.102,0.053,0.165,0,0,0,0,0,0,0,0,0,0,0,0,0,0,0,0,0,0,0,0,0,0,0,0,0,0,0,0,0,0,0,0,0,0,0,0,13.267,18.099,22.393,24.686,24.864,22.33,18.355,16.312,19.297,20.925,25.52,27.79,29.063,27.42,25.448,24.783,23.979,22.238,23.048,23.718,26.173,26.698,27.088,25.6,26.862,26.485,25.846,23.562,21.076,19.394,18.437,16.171,15.815,14.982,14.875,14.005,12.181,11.878,10.812,9.664,8.173,6.843,5.09,4.172,4.461,2.991,3.043,1.818,1.48,0.902,0.81,0.365,0.26,0.245,0.076,0.039,0.039,0.04,0.02,0.061,0,0.033,0,0,0,0
2026-08-30 13:28:00,1,"Normal Scan","Normal Scan",0,"ON",1,1,1,736.8,5,19.7,97,49,0.0000000692882,0.0000181665,4.97,8954.6,8.8,736.5,1,"Up Scan","Positive",254,0,4.37,1.6,8,8,0,1,1,12.164,21.566,15.913,9.647,1.891,7541.15,44,20.8,NA,0,0,0,0,0,0,0,0,0,0,0,0,0,0,0,0,0,0,0,0,0,0,0,0,0,0,0,0,0,0,0,1328.317,1112.529,869.985,651.364,455.017,327.101,223.896,204.247,211.145,216.446,189.403,176.868,146.963,127.21,103.179,94.654,80.364,76.964,72.032,71.229,74.073,73.371,66.343,61.186,55.763,47.814,42.1,36.616,35.026,34.052,28.468,25.255,26.306,23.179,22.337,20.37,19.305,18.958,15.642,13.885,11.792,9.532,8.92,7.598,7.076,4.835,3.528,2.611,1.886,1.505,0.961,0.517,0.356,0.415,0.19,0.098,0.152,0.21,0,0,0,0,0,0,0,0,0,0,0,0,0,0,0,0,0,0,0,0,0,0,0,0,0,0,0,0,0,0,0,0,0,0,0,0,0,13.742,17.077,20.696,22.041,21.365,18.85,16.742,13.791,14.861,17.808,20.844,20.669,21.626,20.039,19.183,17.199,17.353,16.17,16.816,17.077,18.165,20.091,21.183,20.449,20.145,19.608,17.885,16.754,15.781,15.748,16.033,14.552,13.569,14.222,13.083,12.736,11.632,11.104,10.823,9.151,7.85,6.538,5.186,4.775,3.908,3.514,2.413,1.746,1.236,0.902,0.738,0.42,0.223,0.151,0.172,0.077,0.039,0.06,0.08,0,0,0,0,0,0,0
2026-08-30 13:33:00,1,"Normal Scan","Normal Scan",0,"ON",1,1,1,736.8,5,19.7,97,48.9,0.0000000692882,0.0000181665,4.97,8954.6,8.8,736.5,1,"Up Scan","Positive",254,0,4.37,1.6,8,8,0,1,1,13.146,20.793,16.187,9.647,1.789,9470.45,44,20.8,NA,0,0,0,0,0,0,0,0,0,0,0,0,0,0,0,0,0,0,0,0,0,0,0,0,0,0,0,0,0,0,0,1384.833,1179.719,910.927,764.281,629.748,479.166,384.664,341.821,338.355,348.19,324.73,279.733,247.785,229.688,200.013,164.625,146.36,135.966,117.729,104.651,92.421,79.078,65.967,57.133,46.723,39.35,34.425,28.893,28.165,26.204,22.048,22.362,20.713,21.118,19.069,18.568,19.793,17.516,17.144,15.265,12.573,11.622,7.564,7.776,7.274,5.671,3.421,3.148,2.041,1.222,0.955,0.733,0.15,0.555,0.19,0.05,0.304,0.158,0.108,0,0,0,0,0,0,0,0,0,0,0,0,0,0,0,0,0,0,0,0,0,0,0,0,0,0,0,0,0,0,0,0,0,0,0,0,14.533,17.863,21.979,23.023,25.154,26.214,24.538,23.652,24.807,28.567,33.601,35.421,34.272,33.789,34.622,33.16,29.884,28.936,29.053,27.187,25.948,24.544,22.444,20.051,18.619,16.374,14.567,13.821,12.595,12.961,12.772,11.917,12.364,12.024,12.416,11.406,11.324,11.051,10.334,9.955,8.493,6.95,6.306,4.091,3.983,3.691,2.733,1.765,1.478,1.026,0.576,0.475,0.315,0.075,0.229,0.077,0.02,0.119,0.06,0.041,0,0.016,0,0,0,0
2026-08-30 13:38:00,1,"Normal Scan","Normal Scan",0,"ON",1,1,1,736.8,5,19.7,97,48.8,0.0000000692882,0.0000181665,4.97,8954.6,8.8,736.5,1,"Up Scan","Positive",254,0,4.37,1.6,8,8,0,1,1,13.176,20.746,16.169,9.647,1.788,9514.08,44,20.7,NA,0,0,0,0,0,0,0,0,0,0,0,0,0,0,0,0,0,0,0,0,0,0,0,0,0,0,0,0,0,0,0,1354.969,1147.92,918.256,777.928,681.192,556.591,435.74,354.213,315.956,306.502,290.599,280.298,253.537,221.828,194.588,168.863,140.76,123.766,108.672,88.731,85.933,76.107,72.534,65.305,56.276,47.639,42.231,32.859,26.72,26.373,24.154,24.243,23.835,21.733,18.527,21.642,18.957,19.105,15.68,13.081,12.148,8.197,8.362,6.963,5.589,5.485,3.568,2.634,2.306,1.479,1.34,0.696,0.446,0.37,0.238,0.148,0.103,0.052,0,0.112,0,0,0,0,0,0,0,0,0,0,0,0,0,0,0,0,0,0,0,0,0,0,0,0,0,0,0,0,0,0,0,0,0,0,0,14.189,17.453,21.4,23.362,25.611,28.352,28.453,26.783,25.737,26.639,29.571,31.771,34.319,34.529,33.363,32.148,30.573,27.833,26.609,25.275,22.32,23.104,21.888,22.002,21.1,19.33,17.591,16.745,14.141,12.456,12.943,12.768,13.184,13.183,12.299,10.953,12.027,10.827,10.767,8.995,7.585,6.708,4.659,4.556,3.701,2.916,2.709,1.767,1.287,1.062,0.701,0.585,0.334,0.188,0.153,0.097,0.059,0.04,0.02,0,0.041,0,0,0,0,0
2026-08-30 13:43:00,1,"Normal Scan","Normal Scan",0,"ON",1,1,1,736.8,5,19.7,97,48.8,0.0000000692882,0.0000181665,4.97,8954.6,8.8,736.5,1,"Up Scan","Positive",254,0,4.37,1.6,8,8,0,1,1,13.168,20.279,16.035,9.647,1.765,11830.9,45,20.7,NA,0,0,0,0,0,0,0,0,0,0,0,0,0,0,0,0,0,0,0,0,0,0,0,0,0,0,0,0,0,0,0,1804.009,1414.98,1122.623,944.579,776.594,667.929,550.935,451.486,388.736,372.328,371.225,368.626,332.911,286.117,254.998,216.511,178.977,157.068,132.332,113.495,102.398,88.406,82.307,75.558,68.978,59.638,48.404,41.688,36.285,33.337,31.081,29.023,26.611,24.524,21.461,21.016,19.068,18.632,15.841,15.029,11.99,10.705,7.992,8.256,6.458,5.507,4.66,3.678,1.55,1.402,1.173,0.794,0.454,0.138,0.19,0.098,0.051,0,0.11,0,0,0,0,0,0,0,0,0,0,0,0,0,0,0,0,0,0,0,0,0,0,0,0,0,0,0,0,0,0,0,0,0,0,0,0,19.369,23.204,26.307,28.424,31.13,32.3,34.246,33.881,32.79,32.824,35.984,40.569,45.136,45.38,43.046,42.139,39.151,35.296,33.657,30.741,28.51,27.593,25.384,25.186,24.573,23.859,21.955,19.196,17.652,16.229,15.801,15.492,15.297,14.363,13.728,12.487,12.194,10.94,10.854,9.198,8.525,6.964,5.852,4.225,4.299,3.276,2.714,2.212,1.747,0.735,0.627,0.533,0.352,0.226,0.057,0.077,0.039,0.02,0,0.041,0,0.033,0,0,0,0
2026-08-30 13:48:00,1,"Normal Scan","Normal Scan",0,"ON",1,1,1,736.7,5,19.6,97,48.9,0.0000000692581,0.0000181617,4.97,8954.6,8.8,736.5,1,"Up Scan","Positive",254,0,4.37,1.6,8,8,0,1,1,13.4,20.928,16.299,9.647,1.794,10730.8,45,20.7,NA,0,0,0,0,0,0,0,0,0,0,0,0,0,0,0,0,0,0,0,0,0,0,0,0,0,0,0,0,0,0,0,1535.368,1226.387,1021.472,819.617,727.131,629.808,555.769,441.893,378.892,350.87,342.459,326.565,305.152,275.98,226.32,186.02,148.013,113.519,100.581,88.014,79.204,84.994,81.863,74.695,68.66,58.331,47.133,45.123,41.215,39.723,37.458,35.232,32.009,27.762,23.411,20.692,19.569,17.957,17.633,13.495,10.439,10.514,7.609,7.649,7.37,5.704,5.217,3.092,2.3,1.571,1.264,0.27,0.533,0.55,0.334,0.098,0.101,0.053,0.055,0.056,0,0,0,0,0,0,0,0,0,0,0,0,0,0,0,0,0,0,0,0,0,0,0,0,0,0,0,0,0,0,0,0,0,0,0,17.78,19.794,22.784,25.85,27.087,30.237,32.286,34.167,32.056,31.95,33.86,37.391,39.963,41.467,41.428,37.316,33.587,29.28,24.624,23.633,22.446,21.635,24.51,25.245,24.533,24.073,21.998,19.24,19.087,18.484,18.412,17.948,17.754,16.823,15.028,13.041,12.019,11.209,10.429,10.189,7.988,6.23,5.724,4.299,4.001,3.629,2.837,2.561,1.514,1.08,0.701,0.566,0.148,0.226,0.229,0.136,0.039,0.04,0.02,0.02,0.021,0,0,0,0,0
2026-08-30 13:53:00,1,"Normal Scan","Normal Scan",0,"ON",1,1,1,736.7,5,19.6,97,49,0.0000000692581,0.0000181617,4.97,8954.6,8.8,736.5,1,"Up Scan","Positive",254,0,4.37,1.6,8,8,0,1,1,13.196,19.407,15.77,9.647,1.71,13294.5,45,20.7,NA,0,0,0,0,0,0,0,0,0,0,0,0,0,0,0,0,0,0,0,0,0,0,0,0,0,0,0,0,0,0,0,2044.106,1593.624,1257.298,1041.022,845.733,702.352,598.14,531.459,497.839,461.007,453.67,430.598,404.92,380.402,328.426,284.591,218.25,167.71,134.03,103.968,89.488,75.82,65.765,56.685,55.814,45.199,38.475,34.36,35.475,35.876,33.736,33.979,32.305,26.126,22.12,21.113,17.902,15.006,12.693,12.705,9.69,7.945,6.632,7.357,6.381,4.534,3.76,3.338,1.647,0.801,1.184,0.258,0.48,0.293,0.237,0,0.153,0.053,0,0,0,0,0,0,0,0,0,0,0,0,0,0,0,0,0,0,0,0,0,0,0,0,0,0,0,0,0,0,0,0,0,0,0,0,0,20.428,26.34,29.568,31.804,34.366,35.146,35.992,36.826,38.626,42.011,44.555,49.634,52.74,55.124,57.145,54.023,51.118,42.648,35.604,30.804,25.969,23.904,21.752,20.251,18.87,19.79,17.395,16.09,15.279,16.04,16.811,16.28,16.766,16.178,14.033,12.198,11.61,10.043,9.05,7.548,7.155,5.675,4.433,3.513,3.875,3.084,2.279,1.832,1.566,0.779,0.378,0.53,0.111,0.219,0.122,0.097,0,0.06,0.02,0,0,0.017,0,0,0,0
2026-08-30 13:58:00,1,"Normal Scan","Normal Scan",0,"ON",1,1,1,736.7,5,19.6,97,49,0.0000000692581,0.0000181617,4.97,8954.6,8.8,736.5,1,"Up Scan","Positive",254,0,4.37,1.6,8,8,0,1,1,14.058,20.337,16.496,9.647,1.723,13089.1,44,20.7,NA,0,0,0,0,0,0,0,0,0,0,0,0,0,0,0,0,0,0,0,0,0,0,0,0,0,0,0,0,0,0,0,1584.794,1377.459,1157.511,1001.865,891.395,740.488,650.922,582.158,521.881,506.008,475.744,470.343,446.525,425.363,371.096,315.216,257.137,196.928,150.154,114.244,90.123,71.458,62.936,52.01,49.14,43.972,40.602,39.444,41.268,44.114,45.63,41.585,33.825,30.127,25.028,21.783,18.983,16.59,15.685,12.354,10.811,8.382,7.49,7.195,5.683,4.207,3.21,2.854,1.436,0.668,0.718,0.994,0.401,0.461,0.287,0.049,0.307,0.052,0.054,0,0,0,0,0,0,0,0,0,0,0,0,0,0,0,0,0,0,0,0,0,0,0,0,0,0,0,0,0,0,0,0,0,0,0,0,15.021,20.551,25.708,29.343,33.009,37.067,37.922,40.033,42.237,44.013,48.911,52.099,57.678,60.864,63.855,61.074,56.579,50.102,41.623,34.326,28.27,24.067,20.695,19.615,17.819,18.215,17.673,17.257,17.377,18.684,20.109,21.205,20.076,17.353,15.796,13.642,11.942,10.633,9.643,8.758,6.945,6.091,4.653,3.856,3.634,2.979,2.13,1.636,1.375,0.682,0.368,0.329,0.427,0.169,0.191,0.116,0.02,0.119,0.02,0.02,0,0,0,0,0,0
2026-08-30 14:03:00,1,"Normal Scan","Normal Scan",0,"ON",1,1,1,736.7,5,19.5,97,48.9,0.0000000692279,0.0000181569,4.97,8954.6,8.8,736.5,1,"Up Scan","Positive",254,0,4.37,1.6,8,8,0,1,1,13.737,20.97,16.549,9.647,1.778,13344.9,45,20.6,NA,0,0,0,0,0,0,0,0,0,0,0,0,0,0,0,0,0,0,0,0,0,0,0,0,0,0,0,0,0,0,0,1688.543,1418.249,1267.456,1019.195,964.503,795.396,678.93,601.685,507.059,475.602,428.772,398.347,386.256,354.768,330.84,283.372,228.821,171.474,138.235,110.184,89.251,87.531,77.87,70.379,71.028,65.024,60.753,58.326,61.164,62.084,59.857,52.774,48.368,39.684,30.261,24.873,23.908,20.768,16.311,13.897,13.224,10.166,7.953,6.716,6.271,4.921,3.841,2.644,1.974,1.689,1.275,0.773,0.455,0.185,0.335,0.098,0.255,0.159,0.109,0.056,0,0,0,0,0,0,0,0,0,0,0,0,0,0,0,0,0,0,0,0,0,0,0,0,0,0,0,0,0,0,0,0,0,0,0,15.413,21.821,26.471,32.131,33.579,40.106,40.751,41.725,43.661,42.749,45.941,46.882,48.875,52.59,53.28,54.488,50.945,44.847,36.574,31.998,27.757,24.419,25.676,24.703,24.266,26.182,25.556,25.262,25.282,26.941,27.65,27.606,25.394,23.707,20.139,16.337,13.813,13.065,11.422,9.442,7.868,7.292,5.512,4.396,3.604,3.232,2.476,1.867,1.325,0.936,0.827,0.605,0.35,0.207,0.076,0.136,0.039,0.099,0.06,0.041,0.021,0.017,0,0,0,0
2026-08-30 14:08:00,1,"Normal Scan","Normal Scan",0,"ON",1,1,1,737.3,5,20.4,97,48.5,0.0000000694992,0.0000182001,4.97,8954.6,8.8,736.5,1,"Up Scan","Positive",254,0,4.37,1.6,8,8,0,1,1,14.19,20.76,16.699,9.647,1.741,14273.4,45,20.9,NA,0,0,0,0,0,0,0,0,0,0,0,0,0,0,0,0,0,0,0,0,0,0,0,0,0,0,0,0,0,0,0,1521.224,1355.017,1274.011,1158.647,1040.904,926.318,819.381,727.543,636,568.541,511.232,448.275,413.899,388.919,361.625,316.771,253.593,196.221,141.658,115.809,98.604,91.456,84.498,77.702,67.746,60.974,57.167,56.635,57.433,61.694,55.416,52.963,46.196,37.572,31.503,28.823,24.519,20.676,16.085,12.997,11.203,9.555,7.742,6.58,6.005,4.685,3.165,2.864,1.412,1.173,0.939,0.677,0.178,0.369,0.287,0.148,0.103,0,0.055,0,0,0,0,0,0,0,0,0,0,0,0,0,0,0,0,0,0,0,0,0,0,0,0,0,0,0,0,0,0,0,0,0,0,0,0,13.482,19.668,25.216,32.288,38.187,43.213,47.4,50.296,52.634,53.46,54.826,55.814,54.886,56.352,58.341,59.482,56.888,49.626,41.763,32.825,29.03,26.693,26.595,26.518,26.348,24.981,24.088,23.857,24.636,25.395,27.691,26.061,25.416,22.655,19.211,16.517,15.346,13.203,11.327,9.074,7.305,6.373,5.072,4.058,3.438,3.047,2.255,1.557,1.409,0.672,0.539,0.42,0.297,0.075,0.153,0.116,0.059,0.04,0,0.02,0,0,0,0,0,0
2026-08-30 14:13:00,1,"Normal Scan","Normal Scan",0,"ON",1,1,1,737.5,5,20.7,96.9,48.8,0.0000000696615,0.0000182145,4.97,8954.6,8.8,736.5,1,"Up Scan","Positive",254,0,4.37,1.6,8,8,0,1,1,14.221,19.988,16.392,9.647,1.689,15983.7,44,21.1,NA,0,0,0,0,0,0,0,0,0,0,0,0,0,0,0,0,0,0,0,0,0,0,0,0,0,0,0,0,0,0,0,1530.697,1488.439,1400.397,1345.082,1227.821,1133.68,1008.911,893.889,782.436,708.707,613.191,528.268,467.957,423.538,386.936,332.752,257.354,195.499,135.981,105.886,83.42,77.209,69.758,67.947,65.648,56.667,53.329,52.364,52.97,54.747,56.561,49.144,45.074,41.062,32.559,27.347,24.802,20.102,14.718,12.747,11.229,10.04,7.498,5.982,5.509,5.624,3.417,2.519,2.008,1.383,1.125,0.69,0.312,0.323,0.191,0.148,0.102,0,0,0,0,0,0,0,0,0,0,0,0,0,0,0,0,0,0,0,0,0,0,0,0,0,0,0,0,0,0,0,0,0,0,0,0,0,0,12.717,19.843,27.824,35.44,44.424,50.964,57.993,61.916,64.67,65.775,68.172,66.785,64.53,63.618,63.426,63.513,59.53,50.152,41.391,31.396,26.602,22.702,22.643,22.028,23.205,24.076,22.603,22.45,22.992,23.994,25.03,26.3,23.728,22.161,20.521,16.963,14.842,13.326,10.932,8.477,7.463,6.249,5.367,4.116,3.169,2.796,2.719,1.666,1.209,0.943,0.629,0.493,0.296,0.132,0.134,0.077,0.059,0.04,0,0,0,0,0,0,0,0
2026-08-30 14:18:00,1,"Normal Scan","Normal Scan",0,"ON",1,1,1,737.1,5,20.2,96.9,48.4,0.0000000695106,0.0000181905,4.97,8954.6,8.8,736.5,1,"Up Scan","Positive",254,0,4.37,1.6,8,8,0,1,1,14.448,20.249,16.582,9.647,1.692,16032.5,44,21.1,NA,0,0,0,0,0,0,0,0,0,0,0,0,0,0,0,0,0,0,0,0,0,0,0,0,0,0,0,0,0,0,0,1411.781,1384.958,1357.258,1325.79,1267.144,1162.569,1055.181,951.458,844.963,735.907,625.241,545.504,468.164,421.327,373.021,329.983,267.627,197.761,147.546,114.687,96.394,82.242,73.586,67.562,62.012,59.99,49.948,46.558,47.675,49.99,54.613,52.014,51.522,45.665,39.924,31.84,24.481,20.196,16.107,13.083,10.242,9.592,8.487,7.139,5.055,4.909,3.532,2.713,2.138,1.788,1.359,0.837,0.627,0.414,0.236,0.099,0.052,0,0,0,0,0,0,0,0,0,0,0,0,0,0,0,0,0,0,0,0,0,0,0,0,0,0,0,0,0,0,0,0,0,0,0,0,0,0,11.439,18.3,25.934,34.457,43.738,52.666,59.541,64.767,68.886,71.029,70.868,68.179,66.697,63.683,63.192,61.298,59.189,52.203,41.925,33.939,28.671,26.066,23.868,22.988,22.766,22.879,23.673,21.549,21.635,22.557,23.776,25.802,24.979,24.978,22.587,20.159,16.727,13.417,11.282,9.013,7.537,5.845,5.321,4.652,3.807,2.643,2.483,1.779,1.262,0.998,0.809,0.594,0.361,0.282,0.172,0.097,0.039,0.02,0,0,0,0.015,0,0,0,0
2026-08-30 14:23:00,1,"Normal Scan","Normal Scan",0,"ON",1,1,1,736.9,5,19.9,96.9,48.1,0.0000000694201,0.0000181761,4.97,8954.6,8.8,736.5,1,"Up Scan","Positive",254,0,4.37,1.6,8,8,0,1,1,14.838,20.719,16.909,11.14,1.699,15117.1,44,21,NA,0,0,0,0,0,0,0,0,0,0,0,0,0,0,0,0,0,0,0,0,0,0,0,0,0,0,0,0,0,0,0,1182.305,1189.046,1218.53,1194.426,1176.461,1108.351,1049.6,940.762,845.238,754.457,643.886,568.986,477.543,417.438,355.107,295.915,230.934,170.324,138.546,105.368,88.988,84.219,74.548,67.676,67.376,61.072,55.52,47.005,46.508,47.281,49.33,52.916,52.406,47.283,42.268,34.38,26.244,22.139,15.989,13.466,11.144,9.477,7.222,5.727,5.424,4.833,3.563,2.648,2.065,1.677,0.771,0.77,0.671,0.462,0.332,0.198,0.255,0.053,0,0,0,0,0,0,0,0,0,0,0,0,0,0,0,0,0,0,0,0,0,0,0,0,0,0,0,0,0,0,0,0,0,0,0,0,0,9.881,15.349,22.283,31.01,39.472,48.934,56.795,64.479,68.189,71.042,72.572,70.177,69.443,64.849,62.574,58.343,53.088,45.171,36.259,32.004,26.524,24.277,24.439,23.315,22.761,24.257,23.98,23.596,21.807,22.39,23.087,23.961,25.498,25.386,23.417,21.19,17.843,13.93,11.848,9.061,7.702,6.226,5.273,3.96,3.069,2.82,2.481,1.827,1.273,0.99,0.791,0.349,0.331,0.282,0.191,0.136,0.078,0.099,0.02,0,0,0,0,0,0,0
2026-08-30 14:28:00,1,"Normal Scan","Normal Scan",0,"ON",1,1,1,736.7,5,19.7,96.9,47.9,0.0000000693597,0.0000181665,4.97,8954.6,8.8,736.5,1,"Up Scan","Positive",254,0,4.37,1.6,8,8,0,1,1,15.079,20,16.653,12.864,1.639,13576.7,44,21,NA,0,0,0,0,0,0,0,0,0,0,0,0,0,0,0,0,0,0,0,0,0,0,0,0,0,0,0,0,0,0,0,984.705,1013.812,986.009,1020.668,1044.864,1034.568,1017.438,944.362,880.844,780.415,677.141,553.351,474.693,400.427,323.494,249.134,181.053,133.879,97.805,76.034,62.468,53.702,46.555,38.572,35.596,32.136,26.729,25.059,27.553,28.206,33.717,35.139,34.926,36.048,31.158,27.736,21.632,18.376,15.356,12.882,11.595,8.039,7.913,6.948,5.888,4.78,3.518,2.993,2.059,1.465,1.169,0.818,0.271,0.506,0.382,0.049,0.102,0,0,0,0,0,0,0,0,0,0,0,0,0,0,0,0,0,0,0,0,0,0,0,0,0,0,0,0,0,0,0,0,0,0,0,0,0,0,8.996,12.711,19.013,24.995,33.884,43.591,53.063,62.656,68.474,74.016,75.114,73.72,67.512,64.374,59.836,53.032,44.622,35.294,28.364,22.416,18.865,16.731,15.384,14.396,13.082,13.071,13.198,12.315,12.476,13.995,14.794,16.929,17.878,17.723,18.239,16.538,14.707,11.959,10.403,8.886,7.232,6.477,4.714,4.307,3.669,3.035,2.337,1.764,1.461,0.955,0.665,0.511,0.352,0.132,0.21,0.155,0.02,0.04,0,0,0,0.017,0,0,0,0
2026-08-30 14:33:00,1,"Normal Scan","Normal Scan",0,"ON",1,1,1,736.7,5,19.6,97,47.9,0.0000000692581,0.0000181617,4.97,8954.6,8.8,736.5,1,"Up Scan","Positive",254,0,4.37,1.6,8,8,0,1,1,14.862,22.254,17.093,12.864,1.781,7248.78,44,20.9,NA,0,0,0,0,0,0,0,0,0,0,0,0,0,0,0,0,0,0,0,0,0,0,0,0,0,0,0,0,0,0,0,557.295,549.174,528.397,574.383,584.721,564.038,545.592,504.561,446.597,394.533,339.102,277.388,222.914,162.121,131.245,96.561,75.331,56.886,45.53,38.271,36.868,32.97,27.579,27.133,22.656,20.69,18.177,18.109,20.152,19.697,21.278,27.664,28.625,31.943,32.176,28.429,25.025,20.02,19.442,14.323,10.598,8.537,8.355,7.781,5.035,5.322,4.194,3.218,2.836,1.344,1.504,0.828,0.623,0.322,0.383,0.198,0.052,0,0.055,0,0,0,0,0,0,0,0,0,0,0,0,0,0,0,0,0,0,0,0,0,0,0,0,0,0,0,0,0,0,0,0,0,0,0,0,4.712,7.208,10.335,13.435,19.023,24.444,28.979,33.554,36.587,37.551,37.908,36.884,33.79,30.205,24.248,21.541,17.382,14.789,12.173,10.571,9.617,9.912,9.536,8.675,9.178,8.455,8.655,8.808,9.58,11.223,11.472,12.525,14.932,15.612,17.105,16.812,15.031,13.736,11.38,10.587,8.3,6.163,5.039,4.46,4.19,2.679,2.677,2.022,1.584,1.327,0.611,0.658,0.371,0.264,0.134,0.155,0.079,0.02,0,0.02,0,0,0,0,0,0
2026-08-30 14:38:00,1,"Normal Scan","Normal Scan",0,"ON",1,1,1,736.7,5,19.5,97,48.1,0.0000000692279,0.0000181569,4.97,8954.6,8.8,736.5,1,"Up Scan","Positive",254,0,4.37,1.6,8,8,0,1,1,15.19,24.095,17.821,13.824,1.862,5916.77,44,20.8,NA,0,0,0,0,0,0,0,0,0,0,0,0,0,0,0,0,0,0,0,0,0,0,0,0,0,0,0,0,0,0,0,408.757,449.013,424.197,433.089,448.581,456.924,425.023,411.002,374.674,319.887,274.937,232.946,183.968,144.266,106.871,83.756,61.657,51.75,39.164,38.589,31.956,30.568,27.174,24.605,19.686,16.09,17.585,15.66,15.77,21.206,23.936,28.417,30.998,35.334,32.167,28.555,26.124,20.412,19.716,15.743,12.93,9.701,8.505,8.432,5.392,5.155,4.312,2.956,2.441,1.905,1.132,1.294,0.628,0.599,0.283,0.298,0,0,0.054,0,0,0,0,0,0,0,0,0,0,0,0,0,0,0,0,0,0,0,0,0,0,0,0,0,0,0,0,0,0,0,0,0,0,0,0,3.491,5.328,8.433,10.814,14.417,18.735,23.462,26.212,29.846,31.523,30.763,29.897,28.376,24.939,21.583,17.603,15.075,12.16,11.075,9.135,9.622,8.57,8.85,8.4,8.379,7.568,7.377,8.615,8.938,9.898,12.101,13.558,15.407,16.851,18.632,17.281,15.346,14.268,11.604,11.041,8.837,7.21,5.489,4.7,4.453,2.95,2.594,2.213,1.389,1.168,0.845,0.512,0.557,0.264,0.248,0.116,0.118,0,0,0.02,0,0,0,0,0,0
2026-08-30 14:43:00,1,"Normal Scan","Normal Scan",0,"ON",1,1,1,736.6,5,19.5,96.9,48.4,0.0000000692994,0.0000181569,4.97,8954.6,8.8,736.5,1,"Up Scan","Positive",254,0,4.37,1.6,8,8,0,1,1,15.375,24.881,18.158,13.824,1.893,5118.65,45,20.8,NA,0,0,0,0,0,0,0,0,0,0,0,0,0,0,0,0,0,0,0,0,0,0,0,0,0,0,0,0,0,0,0,374.729,359.539,350.777,366.251,365.116,377.718,377.145,341.188,329.573,286.074,244.806,202.03,164.329,122.543,99.196,73.875,55.843,43.682,37.05,35.144,30.178,29.127,25.281,23.268,21.174,19.335,16.912,15.113,16.066,16.293,18.886,21.032,26.327,29.865,28.709,28.718,26.907,23.048,19.849,13.973,11.11,9.728,7.129,7.275,6.02,5.231,3.789,3.707,2.651,2,1.003,0.61,0.666,0.46,0.238,0.148,0.051,0.105,0,0.056,0,0,0,0,0,0,0,0,0,0,0,0,0,0,0,0,0,0,0,0,0,0,0,0,0,0,0,0,0,0,0,0,0,0,0,3.455,4.854,6.737,8.934,12.138,15.263,19.326,23.231,24.768,27.663,27.486,26.644,24.628,22.282,18.332,16.315,13.327,11.021,9.395,8.639,8.837,8.175,8.399,7.887,7.849,7.845,7.944,7.96,8.329,9.421,10.103,11.563,12.577,15.053,15.914,15.409,15.437,14.278,12.803,10.935,8.063,6.422,5.521,4.101,3.88,3.027,2.666,1.884,1.76,1.221,0.932,0.439,0.278,0.282,0.191,0.097,0.059,0.02,0.04,0,0.021,0,0,0,0,0
2026-08-30 14:48:00,1,"Normal Scan","Normal Scan",0,"ON",1,1,1,736.9,5,19.9,96.9,48.6,0.0000000694201,0.0000181761,4.97,8954.6,8.8,736.5,1,"Up Scan","Positive",254,0,4.37,1.6,8,8,0,1,1,16.034,23.371,18.013,15.963,1.785,7054.88,46,20.9,NA,0,0,0,0,0,0,0,0,0,0,0,0,0,0,0,0,0,0,0,0,0,0,0,0,0,0,0,0,0,0,0,470.416,415.984,419.619,443.153,448.076,506.518,517.777,563.125,533.996,487.952,419.116,344.36,260.429,179.25,127.857,90.944,67.258,57.818,52.195,46.693,44.175,39.961,37.397,32.162,30.983,26.279,22.869,22.141,17.627,19.549,21.484,25.096,26.602,29.392,30.136,27.972,24.369,22.936,19.386,15.443,13.109,11.538,9.446,7.354,5.58,4.326,3.696,3.031,2.337,1.371,1.485,1.098,0.72,0.276,0.286,0.199,0.152,0.106,0.11,0.169,0,0,0,0,0,0,0,0,0,0,0,0,0,0,0,0,0,0,0,0,0,0,0,0,0,0,0,0,0,0,0,0,0,0,0,3.922,6.1,7.82,10.668,14.756,18.675,26.072,31.92,40.885,44.871,46.896,45.492,41.852,35.232,26.78,21.029,16.43,13.33,12.475,12.147,11.789,11.908,11.549,11.584,10.632,11.072,10.433,10.23,10.861,10.069,11.291,12.447,14.315,14.976,16.164,16.272,15.415,13.565,12.562,10.723,8.487,7.354,6.256,5.036,3.958,3.053,2.25,1.831,1.471,1.14,0.629,0.694,0.519,0.32,0.115,0.116,0.078,0.06,0.04,0.041,0.062,0,0,0,0,0
2026-08-30 14:53:00,1,"Normal Scan","Normal Scan",0,"ON",1,1,1,737.1,5,20.2,96.9,49.3,0.0000000695106,0.0000181905,4.97,8954.6,8.8,736.5,1,"Up Scan","Positive",254,0,4.37,1.6,8,8,0,1,1,16.3,22.726,17.956,17.154,1.736,7867.63,46,21,NA,0,0,0,0,0,0,0,0,0,0,0,0,0,0,0,0,0,0,0,0,0,0,0,0,0,0,0,0,0,0,0,489.172,446.853,473.886,456.276,491.255,536.578,571.606,604.208,609.774,567.323,508.828,413.655,316.64,237.005,167.58,123.603,94.809,74.467,56.285,47.827,44.353,40.268,36.771,34.715,30.454,24.209,19.124,18.927,17.721,15.322,19.317,22.391,25.435,26.527,28.399,27.895,24.408,24.622,19.447,16.101,12.247,10.474,8.89,6.378,5.784,4.335,4.289,2.967,2.701,1.282,1.074,1.274,0.446,0.506,0.335,0.247,0.153,0.158,0.055,0,0,0,0,0,0,0,0,0,0,0,0,0,0,0,0,0,0,0,0,0,0,0,0,0,0,0,0,0,0,0,0,0,0,0,0,4.35,6.335,8.39,12.029,15.114,20.521,27.598,35.274,43.858,51.262,54.518,55.223,50.297,42.845,35.369,27.475,22.22,18.604,15.904,13.119,12.042,11.9,11.501,11.287,11.34,10.734,9.604,8.719,9.524,9.905,9.654,11.605,13.285,14.571,14.838,15.454,15.125,13.494,13.155,10.796,8.748,7.07,5.795,4.86,3.387,3.154,2.214,2.122,1.461,1.273,0.632,0.481,0.565,0.188,0.21,0.135,0.098,0.06,0.06,0.02,0,0,0,0,0,0
2026-08-30 14:58:00,1,"Normal Scan","Normal Scan",0,"ON",1,1,1,737,5,19.9,97,49.7,0.0000000693485,0.0000181761,4.97,8954.6,8.8,736.5,1,"Up Scan","Positive",254,0,4.37,1.6,8,8,0,1,1,16.253,23.052,18.068,17.154,1.763,7587.52,47,20.9,NA,0,0,0,0,0,0,0,0,0,0,0,0,0,0,0,0,0,0,0,0,0,0,0,0,0,0,0,0,0,0,0,522.622,452.818,454.861,442.623,461.977,505.124,537.876,566.383,570.558,526.432,470.289,385.561,291.63,214.366,153.6,118.564,92.607,76.954,64.929,55.979,52.948,44.137,40.748,36.852,31.813,27.08,23.814,19.82,18.56,20.543,20.946,26.066,28.478,30.219,30.74,28.646,26.056,22.356,18.808,13.732,11.31,9.186,7.521,6.776,5.223,4.836,4.02,3.188,2.37,1.711,1.143,0.695,0.535,0.139,0.333,0.099,0.102,0.065,0.152,0,0,0,0,0,0,0,0,0,0,0,0,0,0,0,0,0,0,0,0,0,0,0,0,0,0,0,0,0,0,0,0,0,0,0,0,4.734,6.759,8.458,11.563,14.652,19.299,26.01,33.239,41.124,47.966,50.607,51.095,46.914,39.471,32.051,25.3,21.412,18.248,16.478,15.095,14.021,14.174,12.714,12.469,12.122,11.357,10.76,10.653,10.187,10.407,11.791,12.453,14.504,15.588,16.124,16.232,15.215,14.013,12.25,10.173,7.971,6.423,5.285,4.048,3.727,2.675,2.404,1.947,1.549,1.097,0.773,0.548,0.315,0.226,0.057,0.136,0.039,0.04,0.024,0.057,0,0,0,0,0,0
2026-08-30 15:03:00,1,"Normal Scan","Normal Scan",0,"ON",1,1,1,736.7,5,19.6,96.9,50,0.0000000693295,0.0000181617,4.97,8954.6,8.8,736.5,1,"Up Scan","Positive",254,0,4.37,1.6,8,8,0,1,1,15.772,22.839,17.785,9.647,1.786,7761.57,47,20.8,NA,0,0,0,0,0,0,0,0,0,0,0,0,0,0,0,0,0,0,0,0,0,0,0,0,0,0,0,0,0,0,0,687.111,563.068,509.545,488.034,483.456,487.008,504.371,500.962,493.716,468.909,422.754,350.988,278.384,218.829,162.882,121.625,102.42,89.335,86.402,73.41,67.223,59.072,52.795,40.695,36.867,28.219,23.844,22.297,17.596,18.459,22.586,23.138,26.463,28.664,28.44,26.249,27.331,24.514,19.713,15.446,12.58,10.024,8.102,6.105,5.06,4.102,3.161,2.547,1.719,1.827,1.259,0.569,0.533,0.46,0.238,0.148,0.152,0.053,0,0.112,0,0,0,0,0,0,0,0,0,0,0,0,0,0,0,0,0,0,0,0,0,0,0,0,0,0,0,0,0,0,0,0,0,0,0,5.991,8.763,10.493,12.966,16.151,20.129,25.017,31.093,36.412,41.522,45.1,45.985,42.777,37.75,32.825,26.903,22.047,20.259,19.214,19.923,18.264,17.838,16.736,15.975,13.175,13.001,11.036,10.366,10.915,9.992,10.777,13.105,13.669,14.975,15.703,15.382,14.314,14.555,12.993,10.587,8.499,6.825,5.447,4.506,3.275,2.621,2.086,1.6,1.242,0.831,0.827,0.566,0.278,0.226,0.191,0.097,0.059,0.06,0.02,0,0.041,0,0,0,0,0
2026-08-30 15:08:00,1,"Normal Scan","Normal Scan",0,"ON",1,1,1,737,5,20,96.9,50.1,0.0000000694502,0.0000181809,4.97,8954.6,8.8,736.5,1,"Up Scan","Positive",254,0,4.37,1.6,8,8,0,1,1,15.795,23.123,18.012,9.647,1.804,8811.38,48,20.9,NA,0,0,0,0,0,0,0,0,0,0,0,0,0,0,0,0,0,0,0,0,0,0,0,0,0,0,0,0,0,0,0,811.941,673.83,611.365,523.51,523.667,533.319,545.512,544.548,526.941,477.278,421.755,365.037,308.756,233.579,206.343,169.089,151.335,128.775,117.211,108.776,91.896,77.364,69.73,56.067,48.43,41.807,33.701,26.998,27.449,25.737,25.899,26.13,31.452,30.218,30.172,30.627,28.56,26.067,20.704,16.794,14.12,11.121,8.885,6.751,5.081,4.539,3.153,3.112,1.855,1.706,0.756,0.692,0.451,0.093,0.285,0.198,0.051,0.105,0.054,0,0,0,0,0,0,0,0,0,0,0,0,0,0,0,0,0,0,0,0,0,0,0,0,0,0,0,0,0,0,0,0,0,0,0,0,8.699,10.519,12.549,15.575,17.312,21.798,27.346,33.668,39.512,44.327,45.871,45.931,44.56,41.967,35.166,34.151,30.676,29.879,27.595,27.051,26.931,24.467,21.967,21.046,18.277,16.95,15.838,14.114,12.956,13.896,14.064,14.546,15.241,17.308,16.61,16.496,16.496,15.28,13.847,11.115,9.111,7.593,6.051,4.707,3.537,2.617,2.273,1.523,1.473,0.907,0.791,0.347,0.297,0.207,0.038,0.116,0.078,0.02,0.04,0.02,0,0.016,0,0,0,0
2026-08-30 15:13:00,1,"Normal Scan","Normal Scan",0,"ON",1,1,1,737.1,5,20.2,96.9,51,0.0000000695106,0.0000181905,4.97,8954.6,8.8,736.5,1,"Up Scan","Positive",254,0,4.37,1.6,8,8,0,1,1,15.293,24.059,18.071,9.647,1.863,7787,48,21,NA,0,0,0,0,0,0,0,0,0,0,0,0,0,0,0,0,0,0,0,0,0,0,0,0,0,0,0,0,0,0,0,619.677,562.163,535.779,567.585,575.085,567.679,522.528,498.507,468.847,400.737,362.149,302.945,234.439,173.813,140.074,107.653,87.894,76.047,71.106,66.786,66.331,60.63,59.892,54.594,49.591,41.696,36.682,34.377,32.716,30.765,32.062,34.448,34.324,39.213,33.482,32.777,32.5,27.44,24.237,18.354,15.736,11.511,8.593,7.719,6.734,4.626,4.31,2.824,2.093,1.873,1.065,0.591,0.59,0.322,0.241,0.245,0.102,0,0.163,0.057,0,0,0,0,0,0,0,0,0,0,0,0,0,0,0,0,0,0,0,0,0,0,0,0,0,0,0,0,0,0,0,0,0,0,0,5.315,8.004,10.496,13.656,18.758,23.909,29.207,32.152,36.112,39.35,38.49,39.372,36.858,31.763,26.067,23.121,19.579,17.488,16.551,16.737,16.938,17.984,17.585,18.516,18.074,17.662,16.308,15.754,15.981,16.566,16.374,17.626,18.962,18.975,20.905,18.342,17.583,17.169,14.749,12.993,10.133,8.488,6.221,4.705,4.041,3.369,2.356,2.106,1.407,0.99,0.848,0.508,0.26,0.282,0.133,0.097,0.098,0.04,0,0.061,0.021,0.015,0,0,0,0
2026-08-30 15:18:00,1,"Normal Scan","Normal Scan",0,"ON",1,1,1,736.9,5,19.9,96.9,51.2,0.0000000694201,0.0000181761,4.97,8954.6,8.8,736.5,1,"Up Scan","Positive",254,0,4.37,1.6,8,8,0,1,1,16.106,24.591,18.784,14.855,1.84,7537.84,48,20.9,NA,0,0,0,0,0,0,0,0,0,0,0,0,0,0,0,0,0,0,0,0,0,0,0,0,0,0,0,0,0,0,0,470.842,435.245,465.768,494.232,527.907,529.341,531.663,517.762,475.401,427.68,361.155,314.654,256.527,210.826,167.365,145.026,112.282,98.595,84.431,82.163,79.026,72.164,58.98,52.98,48.811,43.973,37.292,34.176,29.002,28.417,28.213,31.593,30.536,29.526,31.896,32.225,28.462,26.646,21.267,17.136,12.916,10.524,9.594,7.871,6.481,5.073,4.368,2.764,2.419,1.668,0.971,1.084,0.323,0.139,0.096,0.1,0,0.158,0.054,0.057,0,0,0,0,0,0,0,0,0,0,0,0,0,0,0,0,0,0,0,0,0,0,0,0,0,0,0,0,0,0,0,0,0,0,0,4.214,6.1,8.138,11.888,16.381,22.013,27.207,32.699,37.518,39.956,41.112,39.34,38.382,34.8,31.62,27.671,26.316,22.275,21.201,19.687,20.616,21.253,20.693,18.235,17.434,17.151,16.805,15.627,15.428,14.65,15.145,15.73,17.317,17.227,16.452,17.227,17.096,15.547,14.446,11.645,9.49,7.273,5.701,5.148,4.032,3.374,2.495,2.079,1.287,1.132,0.773,0.456,0.464,0.169,0.057,0.039,0.039,0,0.06,0.02,0.021,0.016,0,0,0,0
2026-08-30 15:23:00,1,"Normal Scan","Normal Scan",0,"ON",1,1,1,736.8,5,19.8,96.9,51.2,0.0000000693899,0.0000181713,4.97,8954.6,8.8,736.5,1,"Up Scan","Positive",254,0,4.37,1.6,8,8,0,1,1,16.156,24.281,18.574,14.855,1.823,7259.11,48,20.9,NA,0,0,0,0,0,0,0,0,0,0,0,0,0,0,0,0,0,0,0,0,0,0,0,0,0,0,0,0,0,0,0,444.971,433.327,432.128,453.485,477.699,516.868,535.931,515.926,489.39,443.905,397.323,330.784,273.892,206.146,156.342,113.839,91.882,80.472,66.078,59.962,61.524,58.54,53.095,48.854,42.756,37.871,31.416,26.567,23.589,23.522,23.083,25.99,28.101,30.04,31.733,31.581,29.176,24.98,22.779,17.446,13.819,11.434,8.199,7.202,5.814,4.837,3.897,2.722,2.325,2.121,1.261,0.863,0.487,0.327,0.241,0.197,0.153,0.053,0.138,0.027,0,0,0,0,0,0,0,0,0,0,0,0,0,0,0,0,0,0,0,0,0,0,0,0,0,0,0,0,0,0,0,0,0,0,0,3.892,5.763,8.102,10.997,15.001,19.938,26.615,32.925,37.436,41.202,42.678,43.214,40.271,37.095,30.845,25.739,20.62,18.221,17.382,15.534,15.2,16.638,16.804,16.246,15.934,15.039,14.456,13.21,12.625,12.461,13.328,13.741,14.929,16.227,16.695,17.207,17.031,15.525,13.526,12.269,9.556,7.596,6.259,4.553,3.913,3.024,2.43,1.929,1.322,1.114,0.959,0.578,0.408,0.222,0.136,0.098,0.078,0.06,0.02,0.051,0.01,0.017,0,0,0,0
2026-08-30 15:28:00,1,"Normal Scan","Normal Scan",0,"ON",1,1,1,737.3,5,20.4,96.9,51.2,0.0000000695709,0.0000182001,4.97,8954.6,8.8,736.5,1,"Up Scan","Positive",254,0,4.37,1.6,8,8,0,1,1,16.843,25.037,19.225,15.963,1.828,7891.81,47,21.1,NA,0,0,0,0,0,0,0,0,0,0,0,0,0,0,0,0,0,0,0,0,0,0,0,0,0,0,0,0,0,0,0,466.281,398.61,437.028,431.58,472.995,503.416,547.249,565.387,536.095,511.025,455.563,397.198,332.939,261.529,203.387,155.321,118.073,85.917,75.046,71.856,73.072,68.295,63.823,60.806,53.291,46.379,41.178,36.759,30.495,28.881,27.829,29.412,30.655,33.886,34.452,32.994,30.541,27.872,22.498,19.1,14.027,12.371,9.596,8.001,6.602,5.301,5.256,3.123,3.039,2.322,1.007,0.912,0.231,0.369,0.527,0.149,0.103,0.052,0.109,0,0,0,0,0,0,0,0,0,0,0,0,0,0,0,0,0,0,0,0,0,0,0,0,0,0,0,0,0,0,0,0,0,0,0,0,3.687,6.074,7.442,11.14,14.246,19.795,25.919,33.75,41.024,45.116,49.073,49.531,48.367,45.074,39.097,33.46,28.057,23.333,18.641,17.73,18.237,19.786,19.814,19.622,19.866,18.67,17.482,16.955,16.598,15.342,15.718,15.815,16.816,17.339,18.685,18.561,17.891,16.532,15.105,12.525,10.448,7.884,6.807,5.354,4.225,3.398,2.588,2.549,1.565,1.432,1.078,0.456,0.408,0.132,0.153,0.213,0.059,0.04,0.02,0.041,0,0.029,0,0,0,0
2026-08-30 15:33:00,1,"Normal Scan","Normal Scan",0,"ON",1,1,1,737.2,5,20.3,96.9,51.4,0.0000000695407,0.0000181953,4.97,8954.6,8.8,736.5,1,"Up Scan","Positive",254,0,4.37,1.6,8,8,0,1,1,17.252,24.568,19.249,15.963,1.786,8027.42,47,21.1,NA,0,0,0,0,0,0,0,0,0,0,0,0,0,0,0,0,0,0,0,0,0,0,0,0,0,0,0,0,0,0,0,415.617,414.912,422.608,424.373,431.933,468.252,537.582,577.061,572.505,556.302,510.651,454.763,372.883,298.055,230.901,171.366,123.121,94.905,81.776,73.563,70.433,65.688,61.998,57.329,46.071,40.999,34.981,30.629,25.939,24.569,23.282,24.958,26.761,29.061,34.206,33.737,31.349,25.552,22.7,18.815,13.436,10.584,10.152,6.481,6.631,4.295,3.718,2.516,2.368,1.636,0.9,0.476,0.858,0.46,0.19,0.049,0.154,0.053,0.164,0.113,0,0,0,0,0,0,0,0,0,0,0,0,0,0,0,0,0,0,0,0,0,0,0,0,0,0,0,0,0,0,0,0,0,0,0,4.12,5.353,7.765,10.741,14.068,18.053,24.064,33.116,41.93,48.173,53.558,55.543,55.371,50.507,44.572,37.922,30.831,24.285,20.475,19.17,18.512,18.952,18.88,18.915,18.576,16.107,15.417,14.481,13.928,13.463,14.062,14.197,14.595,15.624,16.413,18.36,17.778,16.826,13.618,12.445,9.95,7.363,5.8,5.417,3.43,3.286,2.306,1.856,1.227,1.114,0.773,0.42,0.259,0.395,0.191,0.077,0.02,0.06,0.02,0.061,0.041,0.03,0,0,0,0
2026-08-30 15:38:00,1,"Normal Scan","Normal Scan",0,"ON",1,1,1,737,5,20.1,96.9,51.3,0.0000000694804,0.0000181857,4.97,8954.6,8.8,736.5,1,"Up Scan","Positive",254,0,4.37,1.6,8,8,0,1,1,17.976,26.208,20.294,17.154,1.818,7843.6,47,21.1,NA,0,0,0,0,0,0,0,0,0,0,0,0,0,0,0,0,0,0,0,0,0,0,0,0,0,0,0,0,0,0,0,329.226,295.748,337.334,351.093,406.264,476.402,528.191,550.494,571.93,547.751,537.62,478.953,399.951,324.647,242.499,180.066,134.606,98.836,84.378,71.481,64.524,64.95,63.836,58.833,56.754,46.828,44.343,39.126,36.145,32.971,30.027,34.078,34.396,38.964,37.387,36.787,31.84,29.971,23.828,18.23,14.572,10.629,10.086,7.998,6.387,5.663,3.977,3.397,2.923,1.88,1.506,1.301,0.582,0.37,0.528,0.247,0.153,0.052,0.055,0,0,0,0,0,0,0,0,0,0,0,0,0,0,0,0,0,0,0,0,0,0,0,0,0,0,0,0,0,0,0,0,0,0,0,0,3.123,4.208,5.553,8.636,11.606,16.97,24.562,32.601,40.029,48.226,52.749,58.471,58.366,54.149,48.487,39.809,32.381,26.487,21.32,19.786,18.226,17.66,18.935,19.853,19.546,19.886,17.947,18.361,17.933,17.767,17.667,17.065,18.928,19.328,20.655,19.908,19.269,17.197,16.032,13.043,10.059,8.168,6,5.484,4.335,3.447,2.839,1.94,1.722,1.379,0.88,0.657,0.575,0.245,0.153,0.213,0.098,0.06,0.02,0.02,0,0,0,0,0,0
2026-08-30 15:43:00,1,"Normal Scan","Normal Scan",0,"ON",1,1,1,736.9,5,19.9,96.9,51.2,0.0000000694201,0.0000181761,4.97,8954.6,8.8,736.5,1,"Up Scan","Positive",254,0,4.37,1.6,8,8,0,1,1,18.54,25.802,20.427,17.154,1.785,9505.06,47,21,NA,0,0,0,0,0,0,0,0,0,0,0,0,0,0,0,0,0,0,0,0,0,0,0,0,0,0,0,0,0,0,0,466.715,392.187,377.643,403.057,440.236,509.929,567.168,592.748,646.879,633.851,618.565,581.306,506.592,437.049,356.087,290.609,235.956,183.361,143.406,118.087,94.564,88.436,75.865,70.13,61.427,56.007,47.526,41.097,37.104,32.605,30.54,31.64,35.456,36.578,36.259,36.207,33.621,33.689,25.165,20.591,17.349,13.781,11.2,7.763,6.902,5.914,4.628,3.036,2.727,1.616,1.654,1.037,0.487,0.185,0.428,0.099,0.051,0.211,0,0.056,0,0,0,0,0,0,0,0,0,0,0,0,0,0,0,0,0,0,0,0,0,0,0,0,0,0,0,0,0,0,0,0,0,0,0,5.198,5.988,7.335,9.624,13.425,18.39,26.293,35.046,43.118,54.558,61.115,67.429,71.049,68.829,65.491,58.573,52.189,46.202,39.017,33.092,29.448,25.485,25.451,23.307,22.981,21.39,20.919,19.424,18.618,18.109,17.413,17.518,18.527,20.051,20.175,19.902,19.683,18.24,17.621,13.738,11.377,9.43,7.383,5.894,4.197,3.6,2.916,2.23,1.499,1.254,0.757,0.749,0.464,0.207,0.076,0.174,0.039,0.02,0.08,0,0.021,0,0,0,0,0
2026-08-30 15:48:00,1,"Normal Scan","Normal Scan",0,"ON",1,1,1,736.8,5,19.8,96.9,51.2,0.0000000693899,0.0000181713,4.97,8954.6,8.8,736.5,1,"Up Scan","Positive",254,0,4.37,1.6,8,8,0,1,1,18.089,25.34,19.969,17.154,1.777,8420.32,47,21,NA,0,0,0,0,0,0,0,0,0,0,0,0,0,0,0,0,0,0,0,0,0,0,0,0,0,0,0,0,0,0,0,408.653,340.324,339.714,366.848,428.14,469.857,518.993,582.853,617.873,616.419,587.033,510.973,455.487,375.029,295.131,222.304,165.634,122.441,90.603,76.709,68.492,64.245,56.546,52.263,49.293,46.041,36.427,33.006,29.509,27.582,27.922,29.932,31.306,34.734,33.853,30.146,34.192,29.568,24.431,18.051,15.438,12.553,8.789,7.387,6.486,5.424,3.686,2.973,2.35,1.578,1.359,1.125,0.805,0.741,0.144,0.197,0.461,0.106,0.109,0.056,0,0,0,0,0,0,0,0,0,0,0,0,0,0,0,0,0,0,0,0,0,0,0,0,0,0,0,0,0,0,0,0,0,0,0,3.749,5.29,6.313,8.642,12.154,17.904,24.279,32.109,42.414,52.077,59.42,63.966,62.344,61.714,56.041,48.423,39.917,32.443,26.105,21.038,19.343,18.601,18.51,17.481,17.243,17.392,17.399,15.295,15.393,15.065,15.042,15.889,17.469,17.803,19.049,18.327,16.707,17.932,15.643,13.316,9.924,8.374,6.844,4.849,3.945,3.447,2.815,1.939,1.431,1.155,0.773,0.657,0.501,0.339,0.306,0.058,0.078,0.179,0.04,0.041,0.021,0,0,0,0,0
2026-08-30 15:53:00,1,"Normal Scan","Normal Scan",0,"ON",1,1,1,736.7,5,19.6,96.9,51.3,0.0000000693295,0.0000181617,4.97,8954.6,8.8,736.5,1,"Up Scan","Positive",254,0,4.37,1.6,8,8,0,1,1,17.922,25.709,19.834,9.647,1.84,9652.14,47,20.9,NA,0,0,0,0,0,0,0,0,0,0,0,0,0,0,0,0,0,0,0,0,0,0,0,0,0,0,0,0,0,0,0,738.979,556.46,456.984,405.509,406.262,476.374,505.123,576.949,642.978,627.022,609.6,571.603,494.889,410.033,319.693,242.904,180.01,129.61,106.874,92.18,85.818,79.464,83.066,78.66,75.023,64.502,56.063,50.658,43.352,42.552,38.972,39.686,39.608,38.978,41.323,39.816,36.106,34.042,28.438,21.709,16.751,14.185,12.046,8.219,7.621,5.85,4.372,4.134,3.228,2.389,1.713,1.164,1.117,0.694,0.382,0.297,0.102,0,0,0,0,0,0,0,0,0,0,0,0,0,0,0,0,0,0,0,0,0,0,0,0,0,0,0,0,0,0,0,0,0,0,0,0,0,0,8.907,9.537,10.371,11.63,13.381,16.963,24.536,31.255,42.075,54.303,60.441,66.472,69.745,67.088,61.353,52.524,43.716,35.373,27.932,25.111,23.555,23.485,23.283,25.785,25.886,26.304,24.349,22.896,22.307,20.943,21.97,21.158,21.934,22.128,21.604,22.133,21.448,19.489,18.161,15.552,11.749,9.368,7.898,6.578,4.479,3.996,3.067,2.219,1.984,1.542,1.076,0.749,0.501,0.471,0.286,0.155,0.118,0.04,0,0,0,0,0,0,0,0
2026-08-30 15:58:00,1,"Normal Scan","Normal Scan",0,"ON",1,1,1,736.9,5,19.9,96.9,51.1,0.0000000694201,0.0000181761,4.97,8954.6,8.8,736.5,1,"Up Scan","Positive",254,0,4.37,1.6,8,8,0,1,1,17.597,25.062,19.449,9.647,1.824,11273.5,47,20.9,NA,0,0,0,0,0,0,0,0,0,0,0,0,0,0,0,0,0,0,0,0,0,0,0,0,0,0,0,0,0,0,0,853.118,685.175,597.445,532.039,539.715,559.907,626.914,669.26,682.293,709.931,699.714,661.24,573.463,433.601,341.828,257.791,204.212,169.397,131.121,111.351,105.602,97.075,98.477,88.548,81.273,69.576,66.393,55.014,50.629,46.699,44.298,43.331,43.842,43.286,44.703,40.682,37.514,33.652,28.195,22.254,18.275,14.35,11.757,10.357,7.588,8.378,5.103,3.85,3.729,3.07,1.699,1.458,0.943,0.694,0.81,0.494,0.051,0.052,0.163,0.113,0,0,0,0,0,0,0,0,0,0,0,0,0,0,0,0,0,0,0,0,0,0,0,0,0,0,0,0,0,0,0,0,0,0,0,9.423,10.991,12.739,15.189,17.618,22.589,28.89,38.76,48.679,57.515,68.411,76.195,80.64,77.755,64.855,56.15,46.459,40.185,36.403,30.647,28.268,28.686,28.357,30.355,29.167,28.521,26.363,26.779,24.4,24.039,23.607,23.521,23.602,23.986,23.531,23.973,22.018,20.305,18.335,15.679,12.67,10.081,8.068,6.639,5.58,4.1,4.194,2.631,1.991,1.799,1.384,0.785,0.649,0.414,0.286,0.329,0.196,0.02,0.02,0.061,0.041,0,0,0,0,0
2026-08-30 16:03:00,1,"Normal Scan","Normal Scan",0,"ON",1,1,1,737.1,5,20.2,96.9,51.6,0.0000000695106,0.0000181905,4.97,8954.6,8.8,736.5,1,"Up Scan","Positive",254,0,4.37,1.6,8,8,0,1,1,18.677,25.358,20.064,9.647,1.799,11645.5,47,21,NA,0,0,0,0,0,0,0,0,0,0,0,0,0,0,0,0,0,0,0,0,0,0,0,0,0,0,0,0,0,0,0,901.408,640.827,524.322,451.909,458.659,512.021,564.014,619.409,683.683,701.756,750.118,724.338,652.788,568.273,448.899,354.091,288.554,228.832,188.54,158.036,133.22,109.287,94.16,80.603,76.38,71.247,64.293,51.883,47.988,44.161,44.111,41.642,41.7,42.11,40.495,38.791,35.426,31.942,25.467,21.68,16.047,14.909,12.059,10.024,7.838,6.371,5.428,4.284,3.433,1.941,1.971,1.219,1.025,0.783,0.19,0.344,0.205,0.21,0.055,0.056,0,0,0,0,0,0,0,0,0,0,0,0,0,0,0,0,0,0,0,0,0,0,0,0,0,0,0,0,0,0,0,0,0,0,0,10.733,11.591,11.827,13.293,14.967,19.113,26.399,34.876,45.175,57.757,67.717,81.751,88.417,88.623,85.078,73.874,63.733,56.492,48.654,43.353,39.277,35.691,31.567,28.941,26.646,26.916,26.783,25.941,22.915,22.834,22.275,23.137,22.638,22.605,22.854,21.742,21.122,19.336,17.583,14.066,12.098,9.122,8.288,6.576,5.395,4.1,3.346,2.726,2.069,1.591,0.952,0.876,0.556,0.433,0.325,0.077,0.137,0.079,0.08,0.02,0.021,0,0,0,0,0
2026-08-30 16:08:00,1,"Normal Scan","Normal Scan",0,"ON",1,1,1,736.9,5,19.9,96.9,51.3,0.0000000694201,0.0000181761,4.97,8954.6,8.8,736.5,1,"Up Scan","Positive",254,0,4.37,1.6,8,8,0,1,1,17.912,25.081,19.493,9.647,1.832,11918,47,20.9,NA,0,0,0,0,0,0,0,0,0,0,0,0,0,0,0,0,0,0,0,0,0,0,0,0,0,0,0,0,0,0,0,1069.035,801.763,625.178,547.083,497.852,521.204,569.996,601.724,663.84,689.759,702.991,688.523,614.154,519.559,444.674,342.179,260.121,203.532,160.77,130.355,110.323,100.65,94.667,88.744,81.053,70.4,65.401,58.64,50.324,49.232,47.516,44.894,43.949,44.857,45.163,43.51,37.51,37.061,29.261,24.613,18.038,16.25,13.074,10.068,9.327,6.936,6.237,4.451,3.295,2.948,1.561,1.6,0.417,0.644,0.523,0.297,0.101,0.053,0.054,0.113,0,0,0,0,0,0,0,0,0,0,0,0,0,0,0,0,0,0,0,0,0,0,0,0,0,0,0,0,0,0,0,0,0,0,0,12.028,13.818,14.881,15.775,18.051,20.794,26.828,35.215,43.92,56.029,66.633,76.764,84.049,83.369,77.784,73.076,61.463,50.955,43.401,37.264,32.763,29.876,29.362,29.3,29.259,28.689,26.714,26.625,25.63,24.196,24.895,24.909,24.577,24.391,24.64,24.253,23.569,20.611,20.008,16.224,13.528,10.3,8.857,7.187,5.361,4.938,3.413,3.096,2.162,1.605,1.327,0.697,0.703,0.227,0.267,0.213,0.118,0.04,0.02,0.02,0.041,0.033,0,0,0,0
2026-08-30 16:13:00,1,"Normal Scan","Normal Scan",0,"ON",1,1,1,737.3,5,20.5,96.9,51.1,0.0000000696011,0.0000182049,4.97,8954.6,8.8,736.5,1,"Up Scan","Positive",254,0,4.37,1.6,8,8,0,1,1,17.541,23.424,18.914,9.647,1.752,12460.9,47,21.1,NA,0,0,0,0,0,0,0,0,0,0,0,0,0,0,0,0,0,0,0,0,0,0,0,0,0,0,0,0,0,0,0,1079.799,805.775,624.913,551.177,520.669,590.911,665.366,763.638,790.046,808.028,767.419,716.149,612.936,528.066,412.428,334.377,260.181,207.897,168.104,134.62,118.573,103.166,85.097,79.157,69.835,64.303,57.282,53.234,42.847,42.101,41.001,40.359,40.544,43.013,37.209,38.849,35.863,27.529,22.43,16.87,11.892,9.361,6.829,7.034,5.43,3.76,3.685,3.841,1.674,1.969,1.203,0.728,0.847,0.413,0.096,0.147,0.152,0,0.11,0,0,0,0,0,0,0,0,0,0,0,0,0,0,0,0,0,0,0,0,0,0,0,0,0,0,0,0,0,0,0,0,0,0,0,0,12.101,13.805,14.936,15.806,18.235,21.748,30.459,41.13,55.524,66.575,77.798,83.605,87.376,83.097,78.992,67.818,60.106,50.971,44.168,38.759,33.569,31.764,29.744,26.354,26.054,24.717,24.227,23.439,23.412,20.62,21.25,21.692,21.344,21.436,22.072,19.237,19.777,18.26,14.711,11.982,9.11,6.727,5.231,3.964,3.682,2.808,2.019,1.818,1.804,0.795,0.89,0.536,0.334,0.357,0.172,0.039,0.059,0.06,0,0.041,0,0,0,0,0,0
2026-08-30 16:18:00,1,"Normal Scan","Normal Scan",0,"ON",1,1,1,737.1,5,20.2,96.9,51.3,0.0000000695106,0.0000181905,4.97,8954.6,8.8,736.5,1,"Up Scan","Positive",254,0,4.37,1.6,8,8,0,1,1,16.636,23.501,18.274,9.647,1.781,5900.48,47,21.1,NA,0,0,0,0,0,0,0,0,0,0,0,0,0,0,0,0,0,0,0,0,0,0,0,0,0,0,0,0,0,0,0,451.671,372.336,329.534,317.915,346.007,328.944,376.854,400.128,432.695,446.307,391.793,333.498,252.323,184.251,131.806,91.177,63.044,48.632,45.465,45.677,41.225,38.414,31.495,33.339,27.848,25.418,22.362,19.962,17.998,14.963,14.921,17.94,21.953,20.504,21.762,22,19.331,17.847,15.145,13.564,10.34,7.481,6.746,5.453,4.965,4.369,3.391,2.392,2.749,1.134,1.209,0.825,0.411,0.275,0.382,0.199,0.05,0,0.055,0,0,0,0,0,0,0,0,0,0,0,0,0,0,0,0,0,0,0,0,0,0,0,0,0,0,0,0,0,0,0,0,0,0,0,0,4.505,5.813,6.987,8.39,10.517,14.458,16.908,23.25,29.071,36.451,42.845,42.536,40.517,34.115,27.512,21.663,16.455,12.477,10.488,10.689,11.492,11.152,11.083,9.843,10.93,9.772,9.613,9.535,9.351,9.306,8.661,9.03,10.454,12.232,11.606,12.098,11.874,10.654,9.833,8.637,7.495,5.847,4.294,3.756,3.023,2.609,2.181,1.625,1.211,1.333,0.503,0.529,0.371,0.207,0.115,0.155,0.078,0.02,0,0.02,0,0.031,0,0,0,0
2026-08-30 16:23:00,1,"Normal Scan","Normal Scan",0,"ON",1,1,1,737,5,20,96.9,51,0.0000000694502,0.0000181809,4.97,8954.6,8.8,736.5,1,"Up Scan","Positive",254,0,4.37,1.6,8,8,0,1,1,16.383,24.86,18.545,9.647,1.86,4307.35,47,21.1,NA,0,0,0,0,0,0,0,0,0,0,0,0,0,0,0,0,0,0,0,0,0,0,0,0,0,0,0,0,0,0,0,341.933,286.151,271.529,244.665,239.736,253.779,270.168,290.053,294.186,281.162,268.108,216.28,174.948,135.728,96.595,67.53,47.681,34.274,32.399,31.008,28.385,27.322,26.18,24.185,24.425,20.037,19.17,16.134,14.877,13.237,14.768,14.703,16.907,17.952,18.341,17.785,18.473,17.873,14.862,12.629,9.683,7.968,6.633,5.485,4.697,3.806,3.089,2.457,1.534,1.944,1.321,0.76,0.759,0.508,0.238,0.099,0.103,0,0.109,0,0,0,0,0,0,0,0,0,0,0,0,0,0,0,0,0,0,0,0,0,0,0,0,0,0,0,0,0,0,0,0,0,0,0,0,2.76,4.356,5.317,6.922,8.067,9.977,13.096,16.705,21.066,24.737,27.043,29.096,26.334,23.675,20.275,15.858,12.18,9.422,7.439,7.618,7.902,7.735,7.99,8.123,8.027,8.611,7.82,7.97,7.598,7.849,7.567,8.66,9.129,9.967,10.438,10.465,10.017,10.253,9.844,8.203,7.084,5.576,4.437,3.753,3.073,2.458,2.019,1.593,1.166,0.743,0.881,0.602,0.334,0.339,0.21,0.097,0.039,0.04,0,0.041,0,0.016,0,0,0,0
2026-08-30 16:28:00,1,"Normal Scan","Normal Scan",0,"ON",1,1,1,737.3,5,20.5,96.9,51.2,0.0000000696011,0.0000182049,4.97,8954.6,8.8,736.5,1,"Up Scan","Positive",254,0,4.37,1.6,8,8,0,1,1,16.732,25.39,18.953,9.647,1.879,4292.88,48,21.2,NA,0,0,0,0,0,0,0,0,0,0,0,0,0,0,0,0,0,0,0,0,0,0,0,0,0,0,0,0,0,0,0,367.756,298.789,261.072,239.069,221.418,218.328,244.374,257.594,271.404,267.353,240.693,217.257,182.179,138.696,97.295,72.617,66.777,61.356,56.007,51.195,44.313,36.167,34.08,29.865,24.174,20.41,18.343,16.692,16.363,13.662,14.368,12.269,15.199,15.971,16.08,18.758,18.521,15.959,15.571,12.43,10.157,7.293,7.229,6.416,5.073,3.766,2.915,3.101,2.314,1.055,1.068,0.862,0.222,0.323,0.19,0.098,0.101,0.106,0.11,0.056,0,0,0,0,0,0,0,0,0,0,0,0,0,0,0,0,0,0,0,0,0,0,0,0,0,0,0,0,0,0,0,0,0,0,0,4.018,4.693,5.591,6.585,7.899,9.248,11.241,15.094,18.726,22.844,25.709,26.138,26.443,24.682,20.798,16.079,13.205,13.185,13.15,12.969,12.709,11.817,10.35,10.438,9.79,8.461,7.802,7.633,7.678,8.089,7.659,8.619,7.922,9.253,9.681,9.507,10.34,10.341,9.224,8.616,6.931,5.737,4.263,3.898,3.375,2.686,1.835,1.46,1.495,1.078,0.485,0.492,0.408,0.094,0.134,0.077,0.039,0.04,0.04,0.041,0.023,0,0,0,0,0
2026-08-30 16:33:00,1,"Normal Scan","Normal Scan",0,"ON",1,1,1,737,5,20.1,96.9,51.6,0.0000000694804,0.0000181857,4.97,8954.6,8.8,736.5,1,"Up Scan","Positive",254,0,4.37,1.6,8,8,0,1,1,16.828,26.067,19.136,9.647,1.895,3358.06,48,21.1,NA,0,0,0,0,0,0,0,0,0,0,0,0,0,0,0,0,0,0,0,0,0,0,0,0,0,0,0,0,0,0,0,245.169,208.928,196.628,197.207,174.43,186.056,200.87,220.289,226.746,217.322,213.314,188.245,145.117,106.026,75.47,57.562,42.808,34.393,30.026,29.575,26.426,23.676,21.843,21.235,17.966,16.864,14.956,13.364,13.3,11.359,10.946,11.476,11.229,12.484,14.64,15.446,15.512,14.949,14.201,11.064,7.83,7.676,6.967,5.527,4.59,4.46,3.692,1.852,1.784,1.447,0.894,0.86,0.313,0.413,0.144,0.393,0.05,0,0.054,0,0,0,0,0,0,0,0,0,0,0,0,0,0,0,0,0,0,0,0,0,0,0,0,0,0,0,0,0,0,0,0,0,0,0,0,2.439,3.162,3.91,4.994,6.531,7.258,9.563,12.383,15.974,19.106,20.905,23.205,22.885,19.646,15.858,12.426,10.4,8.442,7.421,7.035,7.432,7.155,6.876,6.815,7.024,6.386,6.433,6.214,6.121,6.63,6.515,6.863,7.218,7.431,7.924,8.384,8.923,8.998,8.415,8.017,6.451,4.572,4.213,3.825,2.974,2.437,2.181,1.82,0.939,0.866,0.642,0.408,0.369,0.132,0.172,0.058,0.157,0.02,0,0.02,0,0,0,0,0,0
2026-08-30 16:38:00,1,"Normal Scan","Normal Scan",0,"ON",1,1,1,737,5,20.1,96.9,51.4,0.0000000694804,0.0000181857,4.97,8954.6,8.8,736.5,1,"Up Scan","Positive",254,0,4.37,1.6,8,8,0,1,1,17.125,30.324,20.461,9.647,2.068,3247.38,48,21.1,NA,0,0,0,0,0,0,0,0,0,0,0,0,0,0,0,0,0,0,0,0,0,0,0,0,0,0,0,0,0,0,0,225.719,207.833,196.724,175.781,174.341,186.586,179.823,184.026,202.798,199.501,182.253,156.888,132.463,109.442,76.568,59.061,44.159,33.761,31.274,29.562,29.054,25.561,23.448,21.6,20.46,19.613,15.041,15.526,14.924,15.234,15.403,16.691,17.758,17.391,19.198,21.087,20.353,17.858,17.61,14.277,13.298,12.664,10.304,8.453,7.488,5.39,5.708,4.076,2.743,2.171,2.481,1.712,0.857,0.968,0.813,0.396,0.562,0.421,0.163,0.056,0,0,0,0,0,0,0,0,0,0,0,0,0,0,0,0,0,0,0,0,0,0,0,0,0,0,0,0,0,0,0,0,0,0,0,2.313,2.901,3.895,5.009,5.806,7.286,9.604,11.113,13.383,17.077,19.203,19.816,19.093,17.959,16.348,12.618,10.686,8.736,7.31,7.325,7.5,7.885,7.412,7.366,7.217,7.495,7.603,6.831,7.422,7.841,8.683,9.441,10.136,10.861,10.872,11.689,12.646,12.178,10.799,10.277,8.66,7.884,7.132,5.769,4.976,4.143,2.909,2.977,2.105,1.415,1.132,1.168,0.758,0.397,0.401,0.329,0.157,0.218,0.161,0.061,0.021,0.032,0,0,0,0
2026-08-30 16:43:00,1,"Normal Scan","Normal Scan",0,"ON",1,1,1,737.3,5,20.4,96.9,52,0.0000000695709,0.0000182001,4.97,8954.6,8.8,736.5,1,"Up Scan","Positive",254,0,4.37,1.6,8,8,0,1,1,19.484,33.961,23.236,9.647,2.122,3889.08,49,21.1,NA,0,0,0,0,0,0,0,0,0,0,0,0,0,0,0,0,0,0,0,0,0,0,0,0,0,0,0,0,0,0,0,246.96,206.362,180.917,178.081,168.548,182.235,167.055,183.571,191.848,193.348,179.495,170.101,149.44,136.255,142.27,132.467,109.977,87.183,69.713,65.809,60.509,55.762,51.867,43.185,39.532,38.413,33.481,31.339,28.998,30.507,25.724,24.891,21.217,21.457,20.958,21.296,22.962,22.439,23.814,23.131,21.31,17.303,14.164,10.993,10.152,7.796,5.696,4.284,2.66,2.764,2.578,1.503,0.774,1.293,0.857,0.887,0.462,0.159,0.217,0.113,0,0,0,0,0,0,0,0,0,0,0,0,0,0,0,0,0,0,0,0,0,0,0,0,0,0,0,0,0,0,0,0,0,0,0,2.127,3.212,3.822,4.596,5.892,7.027,9.368,10.302,13.343,16.193,18.639,19.627,20.848,20.392,20.538,23.526,23.952,21.668,18.744,16.236,16.538,16.401,16.133,16.114,14.46,14.262,14.606,13.569,13.591,13.494,14.928,14.006,14.379,13.632,14.327,14.106,13.881,14.227,13.42,13.869,13.164,11.897,9.226,7.764,6.212,5.397,3.988,3.094,2.246,1.451,1.365,1.203,0.686,0.395,0.534,0.348,0.353,0.179,0.06,0.081,0.041,0.073,0,0,0,0
2026-08-30 16:48:00,1,"Normal Scan","Normal Scan",0,"ON",1,1,1,736.9,5,19.9,96.9,52.4,0.0000000694201,0.0000181761,4.97,8954.6,8.8,736.5,1,"Up Scan","Positive",254,0,4.37,1.6,8,8,0,1,1,25.742,39.502,28.915,22.876,2.084,8997.4,49,21,NA,0,0,0,0,0,0,0,0,0,0,0,0,0,0,0,0,0,0,0,0,0,0,0,0,0,0,0,0,0,0,0,283.498,282.974,265.399,281.732,264.24,261.446,285.183,309.588,340.284,367.404,370.239,379.026,385.164,378.036,349.5,331.261,313.013,286.424,260.804,247.036,219.016,210.973,208.32,204.8,196.476,189.084,173.227,154.698,135.567,129.093,124.515,132.677,107.792,86.131,62.42,53.722,48.486,43.433,37.782,39.399,41.789,36.672,27.145,21.934,15.926,13.27,8.629,7.123,5.24,4.76,4.208,2.518,1.596,2.431,1.433,0.642,0.782,0.883,0.217,0.336,0,0,0,0,0,0,0,0,0,0,0,0,0,0,0,0,0,0,0,0,0,0,0,0,0,0,0,0,0,0,0,0,0,0,0,2.875,3.648,5.28,6.749,9.323,11.048,13.516,17.658,22.596,28.821,35.621,40.683,46.715,52.786,57.238,58.28,60.403,62.296,62.107,61.53,63.104,60.727,62.608,65.585,68.471,69.723,71.889,70.103,65.151,59.064,57.838,57.823,63.019,53.499,45.585,36.852,32.986,29.061,25.85,22.187,22.28,22.301,19.578,14.7,11.991,8.496,6.881,4.819,3.729,2.651,2.335,2.048,1.187,0.759,1.006,0.581,0.255,0.304,0.335,0.081,0.123,0.082,0,0,0,0
2026-08-30 16:53:00,1,"Normal Scan","Normal Scan",0,"ON",1,1,1,737,5,20.1,96.9,52.2,0.0000000694804,0.0000181857,4.97,8954.6,8.8,736.5,1,"Up Scan","Positive",254,0,4.37,1.6,8,8,0,1,1,22.972,32.461,25.268,22.876,1.895,12187,50,21,NA,0,0,0,0,0,0,0,0,0,0,0,0,0,0,0,0,0,0,0,0,0,0,0,0,0,0,0,0,0,0,0,389.996,329.716,356.002,356.842,402.453,422.185,432.22,482.879,545.928,629.244,671.192,694.055,704.725,682.322,614.893,519.175,441.982,393.03,347.011,313.636,269.703,239.477,215.887,174.298,150.29,135.087,123.079,117.655,118.166,114.498,97.456,90.479,89.265,84.574,75.225,63.624,53.928,46.291,39.03,31.984,26.773,21.219,19.659,13.929,10.967,10.795,6.906,4.803,3.302,2.63,1.927,1.213,1.006,0.813,0.619,0.396,0.409,0.053,0,0.113,0,0,0,0,0,0,0,0,0,0,0,0,0,0,0,0,0,0,0,0,0,0,0,0,0,0,0,0,0,0,0,0,0,0,0,3.716,4.979,6.123,9.056,11.842,16.834,21.744,26.806,35.305,46.322,61.005,73.583,85.167,96.222,102.812,101.737,94.057,87.247,84.309,80.169,77.958,72.11,68.73,66.552,58.397,54.086,51.719,50.235,50.913,53.342,53.301,47.413,45.331,45.297,43.471,39.363,33.918,29.496,25.131,21.322,17.742,14.483,11.389,10.118,7.387,5.587,5.405,3.434,2.366,1.644,1.253,0.845,0.554,0.46,0.338,0.252,0.157,0.159,0.02,0,0.041,0.032,0,0,0,0
2026-08-30 16:58:00,1,"Normal Scan","Normal Scan",0,"ON",1,1,1,737.1,5,20.2,96.9,53,0.0000000695106,0.0000181905,4.97,8954.6,8.8,736.5,1,"Up Scan","Positive",254,0,4.37,1.6,8,8,0,1,1,20.541,28.622,22.289,18.434,1.846,8091.77,50,21.1,NA,0,0,0,0,0,0,0,0,0,0,0,0,0,0,0,0,0,0,0,0,0,0,0,0,0,0,0,0,0,0,0,364.031,352.608,331.458,300.212,306.782,333.807,354.869,396.347,431.021,440.41,436.556,408.442,381.123,387.829,385.746,388.61,365.103,290.195,222.27,200.785,136.697,89.747,75.396,66.516,57.196,48.783,41.44,35.657,32.112,32.622,31.28,30.243,30.981,33.593,35.51,31.341,34.581,30.473,25.401,23.927,17.775,16.386,10.716,9.537,8.723,5.785,4.926,3.753,3.145,2.924,1.854,1.017,0.905,0.783,0.812,0.391,0.259,0.106,0.11,0.168,0,0,0,0,0,0,0,0,0,0,0,0,0,0,0,0,0,0,0,0,0,0,0,0,0,0,0,0,0,0,0,0,0,0,0,3.353,4.705,6.572,8.402,9.875,12.789,17.172,21.943,28.837,36.393,42.611,47.846,50.272,52.264,58.529,63.904,69.96,71.103,61.073,50.618,49.05,36.016,25.572,22.987,21.593,20.185,18.498,17.007,16.267,16.143,17.016,17.74,17.664,18.285,19.333,19.853,18.063,18.676,16.726,14.206,13.04,9.934,8.859,6.093,5.248,4.507,3.038,2.532,2,1.542,1.362,0.821,0.519,0.433,0.325,0.329,0.155,0.101,0.04,0.041,0.062,0.046,0,0,0,0
2026-08-30 17:03:00,1,"Normal Scan","Normal Scan",0,"ON",1,1,1,736.9,5,19.9,96.9,53,0.0000000694201,0.0000181761,4.97,8954.6,8.8,736.5,1,"Up Scan","Positive",254,0,4.37,1.6,8,8,0,1,1,23.014,29.164,23.868,22.876,1.764,10335.6,50,21,NA,0,0,0,0,0,0,0,0,0,0,0,0,0,0,0,0,0,0,0,0,0,0,0,0,0,0,0,0,0,0,0,305.293,338.958,297.346,316.725,338.779,382.496,383.384,412.519,456.555,508.647,533.836,568.946,572.873,553.486,534.482,519.165,493.857,469.635,426.952,369.296,304.678,244.261,183.008,129.478,90.633,67.238,51.715,40.55,34.291,34.706,30.241,31.303,29.697,29.923,30.788,28.862,31.024,26.612,23.8,22.12,17.325,14.469,11.524,9.704,8.326,6.681,4.26,4.399,2.488,2.234,1.872,1.464,0.774,0.816,0.381,0.296,0.204,0.105,0.162,0,0,0,0,0,0,0,0,0,0,0,0,0,0,0,0,0,0,0,0,0,0,0,0,0,0,0,0,0,0,0,0,0,0,0,0,3.061,3.97,6.337,7.558,10.507,14.167,19.689,23.754,30.142,38.721,49.397,58.656,70.187,78.702,84.055,89.078,94.431,97.307,99.767,97.218,89.95,79.154,67.641,53.892,40.819,30.765,24.533,20.567,17.781,16.441,17.598,16.74,17.608,17.078,17.659,17.716,16.573,17.16,15.062,13.413,12.246,9.641,7.942,6.141,5.275,4.409,3.395,2.23,2.123,1.22,1.039,0.88,0.63,0.345,0.338,0.155,0.118,0.079,0.04,0.061,0,0.016,0,0,0,0
2026-08-30 17:08:00,1,"Normal Scan","Normal Scan",0,"ON",1,1,1,737.3,5,20.4,96.9,53.4,0.0000000695709,0.0000182001,4.97,8954.6,8.8,736.5,1,"Up Scan","Positive",254,0,4.37,1.6,8,8,0,1,1,20.962,27.652,22.164,21.288,1.796,9894.21,50,21.1,NA,0,0,0,0,0,0,0,0,0,0,0,0,0,0,0,0,0,0,0,0,0,0,0,0,0,0,0,0,0,0,0,440.474,380.035,412.707,403.949,411.591,427.363,424.319,451.69,473.639,475.232,505.576,521.248,515.667,500.091,457.97,433.269,397.297,371.498,333.004,272.92,215.408,185.218,141.631,96.941,71.768,55.44,44.269,40.847,34.807,33.378,31.19,32.284,28.039,26.982,30.413,27.141,29.044,25.299,24.283,20.808,17.172,14.494,11.6,9.356,8.274,7.434,5.281,4.606,2.999,2.172,2.274,1.444,0.605,0.505,0.429,0.297,0.152,0.159,0.11,0.112,0,0,0,0,0,0,0,0,0,0,0,0,0,0,0,0,0,0,0,0,0,0,0,0,0,0,0,0,0,0,0,0,0,0,0,4.453,5.69,7.139,10.5,13.351,17.15,21.947,26.221,32.868,40.122,46.026,55.498,64.13,70.658,75.618,76.044,78.475,78.127,78.815,75.697,66.576,56.137,51.466,42.076,30.911,24.762,20.643,17.98,17.682,16.445,16.904,16.841,17.706,16.58,16.084,17.517,15.916,16.333,14.429,13.685,11.818,9.723,8.014,6.308,5.248,4.397,3.717,2.607,2.228,1.502,0.99,1.038,0.667,0.32,0.21,0.174,0.118,0.06,0.06,0.041,0.041,0.059,0,0,0,0
2026-08-30 17:13:00,1,"Normal Scan","Normal Scan",0,"ON",1,1,1,736.9,5,19.9,96.9,53.8,0.0000000694201,0.0000181761,4.97,8954.6,8.8,736.5,1,"Up Scan","Positive",254,0,4.37,1.6,8,8,0,1,1,17.746,26.175,19.965,9.647,1.871,8473.1,51,21,NA,0,0,0,0,0,0,0,0,0,0,0,0,0,0,0,0,0,0,0,0,0,0,0,0,0,0,0,0,0,0,0,599.695,547.045,502.599,484.419,457.466,425.107,406.434,414.781,415.323,421.091,418.88,393.353,357.64,316.939,290.09,262.144,242.38,212.078,174.125,136.949,115.055,95.173,85.467,69.645,58.601,50.539,43.816,39.994,36.307,31.062,27.926,29.837,27.009,29.942,31.102,31.126,29.706,25.851,24.863,19.689,16.873,14.243,12.728,9.536,8.636,7.045,5.754,4.233,3.834,2.573,2.068,1.774,0.765,0.741,0.43,0.148,0.253,0.106,0.108,0,0,0,0,0,0,0,0,0,0,0,0,0,0,0,0,0,0,0,0,0,0,0,0,0,0,0,0,0,0,0,0,0,0,0,0,5.667,7.717,10.218,12.761,16.018,19.06,21.824,25.067,30.131,35.078,40.68,45.788,48.236,48.845,47.813,47.991,47.375,47.502,45.103,39.908,33.882,30.549,27.182,26.008,22.707,20.45,18.829,17.744,17.412,17.249,16.276,15.78,16.913,16.129,17.303,17.803,17.603,16.919,14.742,14.145,11.322,9.605,8.008,7.054,5.262,4.627,3.548,2.908,2.036,1.839,1.168,0.949,0.76,0.358,0.306,0.174,0.059,0.099,0.04,0.041,0,0.033,0,0,0,0
2026-08-30 17:18:00,1,"Normal Scan","Normal Scan",0,"ON",1,1,1,737.3,5,20.4,96.9,53.6,0.0000000695709,0.0000182001,4.97,8954.6,8.8,736.5,1,"Up Scan","Positive",254,0,4.37,1.6,8,8,0,1,1,16.495,24.55,18.816,9.647,1.839,9085.63,51,21.1,NA,0,0,0,0,0,0,0,0,0,0,0,0,0,0,0,0,0,0,0,0,0,0,0,0,0,0,0,0,0,0,0,702.514,659.06,615.465,569.154,541.085,496.44,498.551,487.506,477.015,458.514,434.421,412.534,377.257,323.568,276.254,239.582,185.133,153.445,127.433,119.048,110.022,82.02,70.595,60.883,52.016,47.015,42.996,39.374,35.85,31.824,28.192,26.156,30.706,28.35,28.533,28.359,27.033,25.94,22.955,20.324,16.006,16.01,12.716,10.778,8.847,6.569,5.792,4.403,3.263,2.295,1.588,1.427,1.069,0.746,0.334,0.247,0.203,0.105,0.054,0.056,0,0,0,0,0,0,0,0,0,0,0,0,0,0,0,0,0,0,0,0,0,0,0,0,0,0,0,0,0,0,0,0,0,0,0,5.895,9.125,12.252,15.607,18.769,22.519,25.445,30.687,35.423,40.173,44.213,47.396,50.438,51.292,48.559,45.603,43.304,36.337,32.726,29.382,29.477,29.177,23.537,21.741,20.015,18.384,17.618,17.331,17.26,16.843,16.252,15.673,15.172,17.555,16.701,16.582,16.639,15.71,14.981,13.078,11.567,9.275,8.768,6.896,5.639,4.635,3.433,2.891,2.104,1.591,1.06,0.712,0.63,0.486,0.309,0.135,0.098,0.079,0.04,0.02,0.021,0.029,0,0,0,0
2026-08-30 17:23:00,1,"Normal Scan","Normal Scan",0,"ON",1,1,1,737,5,20.1,96.9,54.2,0.0000000694804,0.0000181857,4.97,8954.6,8.8,736.5,1,"Up Scan","Positive",254,0,4.37,1.6,8,8,0,1,1,16.242,26.335,19.17,9.647,1.945,5996.68,50,21.1,NA,0,0,0,0,0,0,0,0,0,0,0,0,0,0,0,0,0,0,0,0,0,0,0,0,0,0,0,0,0,0,0,558.973,479.639,389.287,345.474,372.339,336.757,297.804,301.168,286.656,271.444,265.776,253.093,224.119,207.86,171.015,143.503,123.725,101.075,76.439,63.998,55.966,51.965,47.957,41.373,43.414,36.641,32.786,33.501,29.823,27.759,27.152,25.294,24.822,27.946,26.277,27.229,24.127,23.321,21.515,17.064,15.674,11.33,10.984,9.831,7.11,6.492,5.369,2.99,2.802,2.205,1.922,1.087,1.033,0.508,0.336,0.197,0.203,0.317,0.163,0.056,0,0,0,0,0,0,0,0,0,0,0,0,0,0,0,0,0,0,0,0,0,0,0,0,0,0,0,0,0,0,0,0,0,0,0,5.388,7.197,8.902,9.881,11.377,15.506,17.28,18.364,21.846,24.13,26.164,28.979,30.934,30.485,31.168,28.156,25.865,24.268,21.563,17.725,16.173,15.166,15.146,15.017,13.954,15.413,14.122,13.648,14.771,14.362,14.466,14.689,14.449,14.556,16.013,15.195,15.26,14.025,13.399,11.986,10.025,8.788,6.425,5.952,5.301,3.747,3.386,2.658,1.502,1.361,1.042,0.913,0.501,0.47,0.21,0.135,0.078,0.079,0.121,0.061,0.021,0.032,0,0,0,0
2026-08-30 17:28:00,1,"Normal Scan","Normal Scan",0,"ON",1,1,1,736.9,5,19.9,96.9,53.6,0.0000000694201,0.0000181761,4.97,8954.6,8.8,736.5,1,"Up Scan","Positive",254,0,4.37,1.6,8,8,0,1,1,18.439,27.8,20.803,9.647,1.93,5927.19,49,21,NA,0,0,0,0,0,0,0,0,0,0,0,0,0,0,0,0,0,0,0,0,0,0,0,0,0,0,0,0,0,0,0,448.461,361.493,359.912,294.857,273.48,278.433,269.446,262.214,278.312,281.987,270.317,263.332,242.543,232.691,219.506,208.828,180.44,154.863,133.027,108.942,89.139,70.534,58.147,50.69,45.144,41.257,37.442,33.756,32.78,31.311,29.17,26.792,27.22,26.533,26.574,25.471,23.11,21.493,19.472,16.158,14.9,10.629,9.024,7.829,5.956,6.149,4.09,3.543,2.91,2.413,1.972,0.992,0.501,0.507,0.191,0.049,0.102,0.158,0,0,0,0,0,0,0,0,0,0,0,0,0,0,0,0,0,0,0,0,0,0,0,0,0,0,0,0,0,0,0,0,0,0,0,0,0,3.539,5.738,6.747,9.067,9.765,11.388,14.27,16.64,19.093,23.509,27.273,29.598,32.336,33.133,35.13,36.297,37.695,35.354,32.868,30.48,26.943,23.718,20.281,17.979,16.87,16.188,15.774,15.308,14.908,15.419,15.641,15.357,14.767,15.336,14.891,15.079,14.281,13.015,12.134,10.949,9.337,8.275,5.992,5.099,4.407,3.14,3.066,2.035,1.67,1.36,1.116,0.876,0.426,0.263,0.21,0.077,0.02,0.04,0.06,0,0,0.049,0,0,0,0
2026-08-30 17:33:00,1,"Normal Scan","Normal Scan",0,"ON",1,1,1,737.3,5,20.4,96.9,53.4,0.0000000695709,0.0000182001,4.97,8954.6,8.8,736.5,1,"Up Scan","Positive",254,0,4.37,1.6,8,8,0,1,1,18.461,29.182,21.312,10.366,1.978,5638.35,48,21.1,NA,0,0,0,0,0,0,0,0,0,0,0,0,0,0,0,0,0,0,0,0,0,0,0,0,0,0,0,0,0,0,0,339.759,354.907,344.04,280.801,276.538,286.678,272.732,265.76,266.392,262.172,249.91,262.112,242.308,217.077,193.757,172.924,152.964,133.997,110.147,102.288,78.389,65.614,57.014,49.926,49.564,44.589,43.117,41.691,39.101,35.42,32.914,31.73,28.23,27.775,26.519,24.669,26.062,22.502,22.348,18.08,17.007,14.776,10.187,10.336,8.558,5.946,4.519,4.294,2.627,1.887,1.649,1.085,0.67,0.784,0.288,0.542,0.408,0.159,0.054,0.056,0,0,0,0,0,0,0,0,0,0,0,0,0,0,0,0,0,0,0,0,0,0,0,0,0,0,0,0,0,0,0,0,0,0,0,3.333,4.382,6.585,8.718,9.279,11.525,14.705,16.823,19.29,22.477,25.358,27.341,32.128,33.038,32.696,32.071,31.263,30.023,28.535,25.393,25.425,21.127,19.111,17.995,16.935,17.712,17.182,17.562,17.887,17.893,17.337,17.035,17.255,16.077,16.122,15.654,14.716,14.648,13.219,12.719,10.176,9.518,7.976,5.65,5.443,4.461,3.03,2.301,2.122,1.343,0.9,0.765,0.482,0.282,0.324,0.116,0.216,0.159,0.06,0.02,0.021,0,0,0,0,0
2026-08-30 17:38:00,1,"Normal Scan","Normal Scan",0,"ON",1,1,1,737,5,20,96.9,53.3,0.0000000694502,0.0000181809,4.97,8954.6,8.8,736.5,1,"Up Scan","Positive",254,0,4.37,1.6,8,8,0,1,1,17.298,29.852,21.045,9.647,2.054,4706.42,48,21,NA,0,0,0,0,0,0,0,0,0,0,0,0,0,0,0,0,0,0,0,0,0,0,0,0,0,0,0,0,0,0,0,329.368,311.522,288.749,301.069,282.26,251.749,248.412,214.078,210.547,213.199,198.673,182.08,176.785,152.579,136.988,105.1,89.596,79.521,65.01,60.25,57.171,54.783,51.535,49.492,48.138,48.252,43.224,42.278,37.26,34.392,35.125,35.246,32.137,30.511,28.278,23.881,22.971,22.233,19.513,15.771,15.032,11.785,10.678,8.174,6.742,5.746,5.027,3.58,2.603,1.756,1.83,1.248,0.629,0.691,0.286,0.196,0.253,0.105,0.328,0,0,0,0,0,0,0,0,0,0,0,0,0,0,0,0,0,0,0,0,0,0,0,0,0,0,0,0,0,0,0,0,0,0,0,0,2.969,4.269,5.801,7.36,9.962,11.752,12.925,15.295,15.53,17.774,20.597,21.688,22.267,24.077,22.918,22.611,19.055,17.753,17.171,15.319,15.388,15.807,16.254,16.385,16.772,17.352,18.583,17.811,18.406,17.363,16.778,17.688,18.205,17.566,16.698,15.904,13.771,13.332,12.492,11.146,9.104,8.518,6.54,5.863,4.425,3.617,2.912,2.567,1.74,1.256,0.827,0.858,0.575,0.282,0.286,0.116,0.078,0.099,0.04,0.122,0,0.016,0,0,0,0
2026-08-30 17:43:00,1,"Normal Scan","Normal Scan",0,"ON",1,1,1,737,5,20.1,96.9,52.6,0.0000000694804,0.0000181857,4.97,8954.6,8.8,736.5,1,"Up Scan","Positive",254,0,4.37,1.6,8,8,0,1,1,17.367,31.956,21.651,9.647,2.147,3783.69,48,21,NA,0,0,0,0,0,0,0,0,0,0,0,0,0,0,0,0,0,0,0,0,0,0,0,0,0,0,0,0,0,0,0,303.619,260.447,235.087,221.207,209.598,183.361,183.944,185.031,167.401,161.615,155.713,144.335,130.381,115.356,99.088,85.605,68.058,59.657,50.552,45.575,45.322,44.485,42.061,39.381,40.514,37.98,35.169,35.252,31.811,31.192,28.496,29.891,28.391,27.574,26.101,29.922,27.105,23.009,20.629,17.597,13.942,10.899,10.59,8.972,6.937,5.669,5.486,3.867,2.592,2.217,1.902,0.681,0.8,0.321,0.381,0.345,0.307,0.157,0.055,0.056,0,0,0,0,0,0,0,0,0,0,0,0,0,0,0,0,0,0,0,0,0,0,0,0,0,0,0,0,0,0,0,0,0,0,0,2.201,3.884,4.868,5.942,7.29,8.738,9.397,11.309,13.433,14.134,15.6,16.998,17.68,17.76,17.365,16.366,15.516,13.522,12.925,11.923,11.728,12.533,13.186,13.457,13.417,14.607,14.767,14.786,15.62,15.094,15.857,15.601,16.423,15.94,15.744,14.896,16.298,15.245,13.129,11.544,10.074,8.016,6.235,5.81,4.823,3.593,2.951,2.63,1.896,1.255,1.096,0.84,0.315,0.339,0.134,0.155,0.137,0.119,0.06,0.02,0.021,0,0,0,0,0
2026-08-30 17:48:00,1,"Normal Scan","Normal Scan",0,"ON",1,1,1,737.2,5,20.3,96.9,52.8,0.0000000695407,0.0000181953,4.97,8954.6,8.8,736.5,1,"Up Scan","Positive",254,0,4.37,1.6,8,8,0,1,1,18.506,31.256,22.013,9.647,2.067,4140.31,48,21.1,NA,0,0,0,0,0,0,0,0,0,0,0,0,0,0,0,0,0,0,0,0,0,0,0,0,0,0,0,0,0,0,0,280.185,256.775,247.183,211.516,214.338,200.008,199.716,183.609,180.568,179.434,171.17,164.184,151.125,145.634,130.836,114.851,112.378,101.116,87.142,72.339,61.828,57.924,52.253,44.176,43.289,37.291,35.289,34.472,29.686,29.92,28.814,24.923,25.72,24.876,24.847,23.814,22.658,22,19.35,16.925,13.437,12.401,10.634,8.496,6.877,5.393,4.451,3.512,2.513,2.572,1.846,1.099,0.903,0.508,0.524,0.249,0.356,0.319,0.055,0,0,0,0,0,0,0,0,0,0,0,0,0,0,0,0,0,0,0,0,0,0,0,0,0,0,0,0,0,0,0,0,0,0,0,0,2.926,3.622,4.816,6.232,6.999,8.918,10.244,12.293,13.317,15.22,17.337,18.706,20.178,20.66,22.002,21.696,20.838,22.18,21.64,20.161,18.166,16.688,16.769,16.352,14.801,15.462,14.388,14.423,15.042,14.136,14.865,15.117,14.069,14.688,14.36,14.225,13.862,13.101,12.529,10.966,9.667,7.684,6.853,5.883,4.728,3.668,2.832,2.274,1.704,1.29,1.204,0.876,0.479,0.398,0.21,0.213,0.098,0.139,0.121,0.02,0,0.015,0,0,0,0
2026-08-30 17:53:00,1,"Normal Scan","Normal Scan",0,"ON",1,1,1,736.9,5,19.9,96.9,52.6,0.0000000694201,0.0000181761,4.97,8954.6,8.8,736.5,1,"Up Scan","Positive",254,0,4.37,1.6,8,8,0,1,1,16.637,25.174,19.151,9.647,1.896,9005.43,48,20.9,NA,0,0,0,0,0,0,0,0,0,0,0,0,0,0,0,0,0,0,0,0,0,0,0,0,0,0,0,0,0,0,0,947.068,849.681,706.8,565.589,447.156,347.113,317.791,302.776,294.77,310.136,307.621,315.447,332.194,323.302,330.479,322.012,299.532,255.389,207.302,169.709,146.038,127.868,99.403,79.313,57.802,49.201,44.205,38.667,35.889,31.45,28.484,28.017,29.907,27.661,29.802,25.349,27.824,23.206,20.182,18.248,15.864,14.262,10.832,9.71,7.743,6.75,4.337,3.937,3.402,2.311,1.859,1.324,0.807,0.827,0.478,0.296,0.153,0.053,0.055,0.056,0,0,0,0,0,0,0,0,0,0,0,0,0,0,0,0,0,0,0,0,0,0,0,0,0,0,0,0,0,0,0,0,0,0,0,10.877,12.124,15.925,17.946,18.545,18.579,17.755,19.598,22.038,24.942,30.052,33.819,38.993,45.589,48.915,54.765,58.282,58.84,54.202,47.441,41.686,38.438,35.939,29.99,25.56,20.215,18.428,17.762,16.965,16.772,15.913,15.535,15.846,16.548,16.01,16.893,14.974,15.513,13.497,11.705,10.388,8.909,7.927,6.008,5.274,4.11,3.445,2.225,1.949,1.625,1.062,0.824,0.591,0.358,0.344,0.194,0.118,0.06,0.02,0.02,0.021,0.016,0,0,0,0
2026-08-30 17:58:00,1,"Normal Scan","Normal Scan",0,"ON",1,1,1,737.3,5,20.4,96.9,52.4,0.0000000695709,0.0000182001,4.97,8954.6,8.8,736.5,1,"Up Scan","Positive",254,0,4.37,1.6,8,8,0,1,1,19.156,27.257,20.71,9.647,1.941,9036.96,49,21.1,NA,0,0,0,0,0,0,0,0,0,0,0,0,0,0,0,0,0,0,0,0,0,0,0,0,0,0,0,0,0,0,0,1067.169,762.215,565.816,453.203,320.377,283.211,278.004,261.721,257.296,262.911,278.3,285.068,306.919,307.489,304.419,300.417,339.671,360.274,367.221,329.927,268.398,197.882,137.238,94.823,72.034,59.344,51.406,44.234,40.381,35.073,28.174,29.708,24.85,28.794,25.828,25.498,25.288,23.053,21.974,18.961,16.501,13.474,14.21,9.187,7.154,7.305,6.473,4.928,3.684,2.528,2.313,2.03,0.85,0.506,0.478,0.246,0.307,0,0.162,0.056,0,0,0,0,0,0,0,0,0,0,0,0,0,0,0,0,0,0,0,0,0,0,0,0,0,0,0,0,0,0,0,0,0,0,0,11.73,13.729,14.148,14.264,14.91,13.3,14.496,17.166,19.088,21.781,25.536,30.606,35.331,42.519,47.253,51.387,55.29,67.253,76.478,83.365,80.176,69.774,55.072,40.926,30.472,24.801,21.881,20.158,18.715,18.404,17.129,15.187,16.264,14.904,16.723,15.191,15.034,15.259,13.38,12.46,11.214,9.616,7.843,7.562,5.155,4.024,3.702,3.13,2.435,1.715,1.186,1.059,0.89,0.357,0.21,0.194,0.098,0.119,0,0.061,0.021,0,0,0,0,0
2026-08-30 18:03:00,1,"Normal Scan","Normal Scan",0,"ON",1,1,1,736.9,5,19.9,96.9,52.8,0.0000000694201,0.0000181761,4.97,8954.6,8.8,736.5,1,"Up Scan","Positive",254,0,4.37,1.6,8,8,0,1,1,18.43,28.288,20.747,9.647,1.983,6331.7,49,21,NA,0,0,0,0,0,0,0,0,0,0,0,0,0,0,0,0,0,0,0,0,0,0,0,0,0,0,0,0,0,0,0,643.295,489.376,403.435,328.25,272.826,248.819,230.624,232.589,211.446,219.607,237.493,216.048,213.136,233.728,241.267,241.125,227.527,215.251,180.682,154.574,117.322,86.375,68.375,53.693,45.584,40.7,36.547,38.016,34.408,31.445,29.004,28.792,26.932,25.582,25.512,25.264,24.31,24.146,22.753,18.349,16.846,11.817,11.583,10.226,7.696,6.389,5.44,5.036,3.51,2.463,1.961,1.842,0.903,0.554,0.238,0.246,0.102,0.369,0.217,0.056,0,0,0,0,0,0,0,0,0,0,0,0,0,0,0,0,0,0,0,0,0,0,0,0,0,0,0,0,0,0,0,0,0,0,0,5.959,8.291,9.098,10.198,10.781,11.341,12.749,14.188,16.913,17.881,21.341,26.12,26.689,29.388,35.535,40.149,43.689,44.589,45.507,41.125,37.822,30.891,24.543,21.052,17.841,16.296,15.644,15.082,16.425,15.878,15.788,15.512,16.018,15.637,15.188,15.242,14.521,14.26,14.036,12.945,10.56,9.689,6.929,6.465,5.439,4.246,3.314,2.732,2.391,1.658,1.168,0.968,0.816,0.414,0.229,0.097,0.098,0.04,0.141,0.081,0.021,0.031,0,0,0,0
2026-08-30 18:08:00,1,"Normal Scan","Normal Scan",0,"ON",1,1,1,737.3,5,20.5,96.8,52.5,0.000000069673,0.0000182049,4.97,8954.6,8.8,736.5,1,"Up Scan","Positive",254,0,4.37,1.6,8,8,0,1,1,16.957,28.993,20.441,9.647,2.057,5574.83,50,21.1,NA,0,0,0,0,0,0,0,0,0,0,0,0,0,0,0,0,0,0,0,0,0,0,0,0,0,0,0,0,0,0,0,600.019,488.463,378.455,324.11,270.657,242.334,223.935,195.699,197.904,191.321,190.297,186.795,179.252,163.816,160.37,146.093,143.495,153.957,138.019,110.333,101.77,81.584,67.122,56.373,45.922,42.883,40.051,36.207,35.151,32.847,31.933,28.195,26.89,26.702,25.066,25.334,26.465,23.797,22.416,19.452,17.976,14.403,11.494,10.312,9.095,7.47,5.433,3.958,3.52,2.572,2.552,1.17,1.122,0.831,0.667,0.395,0.051,0.157,0.11,0.057,0,0,0,0,0,0,0,0,0,0,0,0,0,0,0,0,0,0,0,0,0,0,0,0,0,0,0,0,0,0,0,0,0,0,0,5.906,7.73,9.1,9.536,10.672,11.275,12.368,13.773,14.208,16.644,18.485,20.828,22.968,24.601,24.894,26.689,26.693,28.371,32.784,31.662,27.276,27.031,23.298,20.657,18.677,16.511,16.478,16.254,15.795,16.432,16.19,16.737,16.001,15.59,15.996,15.141,15.146,15.28,13.838,12.993,11.41,10.058,8.053,6.39,5.706,4.712,3.847,2.794,1.996,1.664,1.203,1.131,0.519,0.489,0.343,0.271,0.157,0.02,0.06,0.041,0.021,0,0,0,0,0
2026-08-30 18:13:00,1,"Normal Scan","Normal Scan",0,"ON",1,1,1,737,5,20.1,96.8,53.1,0.0000000695522,0.0000181857,4.97,8954.6,8.8,736.5,1,"Up Scan","Positive",254,0,4.37,1.6,8,8,0,1,1,15.889,28.883,20.016,9.647,2.078,5332.92,50,21,NA,0,0,0,0,0,0,0,0,0,0,0,0,0,0,0,0,0,0,0,0,0,0,0,0,0,0,0,0,0,0,0,561.291,472.57,428.571,350.763,293.465,251.874,224.74,199.408,184.389,167.078,157.466,145.933,149.703,144.656,151.437,153.308,138.423,129.086,111.645,96.285,84.458,68.798,59.275,48.633,43.927,37.823,32.069,32.768,28.667,28.332,23.85,26.207,27.411,28.024,27.79,28.551,25.517,25.656,24.153,20.435,18.775,15.6,12.893,11.552,9.542,7.59,6.577,4.092,3.384,2.841,1.965,1.121,1.253,0.46,0.225,0.311,0.206,0.105,0,0,0,0,0,0,0,0,0,0,0,0,0,0,0,0,0,0,0,0,0,0,0,0,0,0,0,0,0,0,0,0,0,0,0,0,0,4.828,7.243,8.802,10.845,11.579,12.178,12.861,13.778,14.491,15.52,16.161,17.307,17.987,20.57,21.964,25.189,27.824,27.252,27.501,25.674,23.878,22.452,19.636,18.211,16.149,15.499,14.384,13.487,14.713,14.214,14.643,13.78,15.28,16.434,16.575,16.659,16.843,15.25,14.969,13.964,11.756,10.54,8.659,7.153,6.062,4.855,3.971,3.141,1.957,1.583,1.354,0.858,0.482,0.546,0.191,0.091,0.124,0.079,0.04,0,0,0.016,0,0,0,0
2026-08-30 18:18:00,1,"Normal Scan","Normal Scan",0,"ON",1,1,1,737.1,5,20.3,96.8,52.8,0.0000000696126,0.0000181953,4.97,8954.6,8.8,736.5,1,"Up Scan","Positive",254,0,4.37,1.6,8,8,0,1,1,16.362,26.56,19.558,9.647,1.976,8792.88,50,21.1,NA,0,0,0,0,0,0,0,0,0,0,0,0,0,0,0,0,0,0,0,0,0,0,0,0,0,0,0,0,0,0,0,1090.579,828.694,660.404,525.63,392.059,351.259,301.077,297.717,279.906,266.995,266.952,259.975,268.193,292.329,277.914,264.763,244.525,230.101,214.322,192.579,173.317,147.427,120.463,98.855,83.55,71.26,61.704,54.001,43.04,43.579,37.653,34.888,32.256,32.173,28.151,28.785,27.355,24.193,24.878,19.185,17.448,15.148,12.429,10.941,10.121,7.659,6.19,5.427,4.478,2.948,2.129,1.395,1.519,0.923,0.62,0.296,0.257,0.104,0.163,0,0,0,0,0,0,0,0,0,0,0,0,0,0,0,0,0,0,0,0,0,0,0,0,0,0,0,0,0,0,0,0,0,0,0,0,10.369,13.928,15.334,16.743,17.265,16.25,18.002,18.507,21.609,23.676,25.874,29.28,32.066,36.863,44.329,46.324,48.241,48.435,49.278,49.361,47.67,45.93,41.787,36.47,31.977,28.957,26.35,24.294,22.741,19.775,20.634,19.393,18.779,18.365,18.186,16.693,16.863,15.939,14.38,14.556,11.322,10.058,8.828,7.067,5.913,5.244,4.087,3.144,2.645,2.121,1.401,0.967,0.612,0.677,0.382,0.252,0.118,0.099,0.04,0.061,0,0.031,0,0,0,0
2026-08-30 18:23:00,1,"Normal Scan","Normal Scan",0,"ON",1,1,1,737.2,5,20.3,96.9,53.3,0.0000000695407,0.0000181953,4.97,8954.6,8.8,736.5,1,"Up Scan","Positive",254,0,4.37,1.6,8,8,0,1,1,16.638,28.721,20.569,9.647,2.077,10017.1,49,21.1,NA,0,0,0,0,0,0,0,0,0,0,0,0,0,0,0,0,0,0,0,0,0,0,0,0,0,0,0,0,0,0,0,1258.79,971.346,753.503,584.327,443.723,357.004,316.594,304.796,287.612,285.88,276.891,274.62,266.67,263.927,263.051,254.935,252.944,224.759,214.742,203.97,192.889,178.714,169.865,155.837,148.845,133.079,122.461,111.786,97.615,86.893,70.682,62.484,55.092,49.602,44.899,41.308,38.052,31.81,28.586,26.454,20.935,16.536,13.912,13.368,11.005,7.503,6.712,5.563,5.283,2.667,1.933,1.918,0.867,0.493,0.428,0.297,0.205,0.264,0.02,0.204,0,0,0,0,0,0,0,0,0,0,0,0,0,0,0,0,0,0,0,0,0,0,0,0,0,0,0,0,0,0,0,0,0,0,0,12.144,16.158,17.973,19.037,19.248,18.386,18.267,19.466,22.112,24.298,27.675,30.385,33.86,36.644,40.127,43.97,46.674,50.375,48.835,50.452,51.776,52.53,52.27,52.914,51.686,51.938,48.932,47.451,45.643,42.012,39.331,34.278,31.391,28.845,26.995,24.916,22.77,21.121,18.495,16.487,14.539,11.874,9.506,7.727,6.961,5.837,3.823,3.251,2.695,2.487,1.264,0.876,0.89,0.382,0.204,0.174,0.118,0.079,0.1,0.007,0.075,0.015,0,0,0,0
2026-08-30 18:28:00,1,"Normal Scan","Normal Scan",0,"ON",1,1,1,737,5,20.1,96.8,53,0.0000000695522,0.0000181857,4.97,8954.6,8.8,736.5,1,"Up Scan","Positive",254,0,4.37,1.6,8,8,0,1,1,18.235,30.098,21.718,9.647,2.057,7706.04,49,21,NA,0,0,0,0,0,0,0,0,0,0,0,0,0,0,0,0,0,0,0,0,0,0,0,0,0,0,0,0,0,0,0,680.799,594.586,476.039,405.828,386.687,354.381,313.093,282.298,269.913,269.193,247.015,248.317,236.763,231.846,221.949,212.66,190.559,186.414,177.293,165.236,158.847,146.088,134.637,124.186,121.977,105.756,91.648,78.381,70.1,58.368,52.311,47.61,44.714,39.417,38.742,33.549,32.657,28.222,27.511,21.433,17.897,15.276,12.372,10.98,9.798,7.362,6.462,5.225,3.471,2.934,1.993,1.374,1.435,1.06,0.285,0.347,0.204,0.212,0.164,0.169,0,0,0,0,0,0,0,0,0,0,0,0,0,0,0,0,0,0,0,0,0,0,0,0,0,0,0,0,0,0,0,0,0,0,0,6.248,8.762,11.008,12.041,13.436,16.054,18.138,19.262,20.485,22.766,26.02,27.115,30.562,32.468,35.207,37.063,38.91,38.061,40.422,41.563,41.966,43.113,42.407,41.644,40.654,42.004,38.761,35.702,32.474,30.842,27.36,25.986,24.792,23.849,21.878,21.422,18.972,18.3,16.247,15.499,12.394,10.275,8.718,6.952,5.876,5.118,3.922,3.323,2.489,1.708,1.344,0.938,0.646,0.657,0.439,0.116,0.137,0.079,0.08,0.061,0.062,0.033,0,0,0,0
2026-08-30 18:33:00,1,"Normal Scan","Normal Scan",0,"ON",1,1,1,737.2,5,20.4,96.8,53.2,0.0000000696428,0.0000182001,4.97,8954.6,8.8,736.5,1,"Up Scan","Positive",254,0,4.37,1.6,8,8,0,1,1,17.383,31.567,21.732,9.647,2.131,5568.62,49,21.1,NA,0,0,0,0,0,0,0,0,0,0,0,0,0,0,0,0,0,0,0,0,0,0,0,0,0,0,0,0,0,0,0,453.811,399.791,351.743,353.569,309.512,275.79,252.759,232.645,231.779,205.805,193.599,177.851,174.449,153.808,137.898,134.199,120.37,115.177,100.91,90.741,88.985,81.216,76.053,71.632,66.612,61.628,58.861,53.194,49.523,45.998,41.562,40.282,41.165,37.925,37.493,35.96,33.732,31.309,25.125,22.552,19.649,14.632,12.894,12.028,9.363,8.112,6.324,4.969,4.12,2.964,1.863,1.601,0.869,1.016,0.286,0.396,0.102,0.317,0.109,0,0,0,0,0,0,0,0,0,0,0,0,0,0,0,0,0,0,0,0,0,0,0,0,0,0,0,0,0,0,0,0,0,0,0,0,3.954,5.852,7.38,8.869,11.674,12.864,14.145,15.498,16.877,19.508,19.847,21.142,21.807,23.859,23.252,22.954,24.481,23.943,24.872,23.676,23.062,24.238,23.835,23.882,23.955,23.914,23.401,23.882,23.276,22.92,22.655,22.077,21.783,22.499,21.166,21.18,20.006,18.989,17.767,14.445,12.878,11.154,8.376,7.17,6.406,4.935,4.092,3.222,2.363,1.966,1.368,0.883,0.702,0.367,0.42,0.116,0.157,0.04,0.121,0.041,0,0,0,0,0,0
2026-08-30 18:38:00,1,"Normal Scan","Normal Scan",0,"ON",1,1,1,736.9,5,20,96.8,53.3,0.000000069522,0.0000181809,4.97,8954.6,8.8,736.5,1,"Up Scan","Positive",254,0,4.37,1.6,8,8,0,1,1,17.163,31.589,21.623,9.647,2.135,5166.13,49,21,NA,0,0,0,0,0,0,0,0,0,0,0,0,0,0,0,0,0,0,0,0,0,0,0,0,0,0,0,0,0,0,0,397.869,388.03,330.183,335.321,274.839,270.653,245.114,233.162,220.75,197.979,182.182,173.658,152.305,137.306,131.014,112.212,104.624,91.532,85.542,78.038,76.179,70.591,69.103,65.986,66.173,62.282,57.685,51.661,49.213,45.967,40.574,35.375,35.723,34.675,32.693,29.108,29.014,25.977,21.3,21.557,18.527,15.066,13.399,12.073,10.389,8.368,6.033,4.77,5.047,2.716,2.271,1.328,0.889,0.693,0.43,0.246,0.357,0.053,0.164,0.168,0,0,0,0,0,0,0,0,0,0,0,0,0,0,0,0,0,0,0,0,0,0,0,0,0,0,0,0,0,0,0,0,0,0,0,3.352,5.128,7.218,8.397,11.085,11.393,13.861,15.106,16.913,18.583,19.099,19.909,21.271,20.785,20.753,21.754,20.479,20.808,19.873,20.152,19.999,20.982,20.954,21.838,22.255,23.654,23.432,22.993,22.246,22.364,21.907,20.816,19.137,19.589,19.678,18.827,17.1,16.913,15.36,12.909,12.475,10.581,8.677,7.416,6.495,5.397,4.185,3.021,2.342,2.374,1.246,1.045,0.63,0.376,0.286,0.174,0.098,0.139,0.02,0.061,0.062,0,0,0,0,0
2026-08-30 18:43:00,1,"Normal Scan","Normal Scan",0,"ON",1,1,1,737.3,5,20.5,96.8,53,0.000000069673,0.0000182049,4.97,8954.6,8.8,736.5,1,"Up Scan","Positive",254,0,4.37,1.6,8,8,0,1,1,18.359,34.568,23.389,9.647,2.207,5264.87,49,21.1,NA,0,0,0,0,0,0,0,0,0,0,0,0,0,0,0,0,0,0,0,0,0,0,0,0,0,0,0,0,0,0,0,368.397,324.443,343.892,315.441,295.401,261.705,234.54,221.482,188.064,186.029,162.951,153.601,143.29,127.395,120.678,120.635,114.585,100.13,92.368,90.796,90.415,101.509,100.104,97.029,82.414,78.763,71.178,68.88,63.043,58.752,53.13,47.467,43.03,41.155,37.51,37.612,34.151,31.034,27.158,22.393,18.85,16.448,14.809,12.752,10.972,8.891,6.48,6.461,4.969,2.747,2.184,1.992,2,0.805,0.569,0.542,0.305,0.264,0.163,0.113,0,0,0,0,0,0,0,0,0,0,0,0,0,0,0,0,0,0,0,0,0,0,0,0,0,0,0,0,0,0,0,0,0,0,0,3.198,4.768,6.074,8.744,10.434,12.208,13.407,14.41,16.025,15.818,17.917,17.823,18.869,19.612,19.295,20.167,22.081,23.019,22.059,22.149,23.397,25.088,29.752,31.315,32.332,29.513,29.761,28.619,29.093,28.147,27.831,26.57,24.99,23.54,22.944,21.05,21.226,19.563,18.053,15.974,12.953,11.031,9.696,8.171,6.799,5.868,4.806,3.29,3.129,2.403,1.293,1.023,0.888,0.875,0.334,0.232,0.216,0.119,0.1,0.061,0.041,0.015,0,0,0,0
2026-08-30 18:48:00,1,"Normal Scan","Normal Scan",0,"ON",1,1,1,736.9,5,20,96.8,53.4,0.000000069522,0.0000181809,4.97,8954.6,8.8,736.5,1,"Up Scan","Positive",254,0,4.37,1.6,8,8,0,1,1,18.598,29.217,21.178,9.647,2.026,8006.46,49,21,NA,0,0,0,0,0,0,0,0,0,0,0,0,0,0,0,0,0,0,0,0,0,0,0,0,0,0,0,0,0,0,0,833.577,640.686,510.64,411.806,327.623,280.898,261.059,274.304,282.66,297.309,288.147,282.02,286.925,282.806,274.473,258.458,236.375,228.684,211.164,177.548,159.827,136.007,109.528,96.675,82.587,73.264,68.303,60.796,59.757,53.649,50.075,45.555,41.716,36.182,33.381,32.53,28.465,26.589,25.517,21.869,22.758,17.645,14.891,12.357,11.129,9.165,7.544,5.326,4.245,3.839,2.569,1.69,1.655,0.78,0.62,0.344,0.255,0.106,0.055,0.056,0,0,0,0,0,0,0,0,0,0,0,0,0,0,0,0,0,0,0,0,0,0,0,0,0,0,0,0,0,0,0,0,0,0,0,8.886,10.779,11.905,12.906,13.566,13.62,14.421,16.105,19.977,23.878,28.815,31.605,34.739,39.364,42.901,45.642,47.045,46.764,48.844,48.643,44.072,42.549,38.962,33.794,31.965,29.31,27.756,27.498,25.764,26.521,25.316,24.698,23.714,22.505,20.536,19.977,19.277,17.102,15.902,15.058,13.069,12.744,9.975,8.385,6.786,5.795,4.831,3.698,2.64,1.991,1.767,1.137,0.76,0.715,0.324,0.252,0.137,0.099,0.04,0.02,0.021,0.016,0,0,0,0
2026-08-30 18:53:00,1,"Normal Scan","Normal Scan",0,"ON",1,1,1,737.1,5,20.3,96.8,52.7,0.0000000696126,0.0000181953,4.97,8954.6,8.8,736.5,1,"Up Scan","Positive",254,0,4.37,1.6,8,8,0,1,1,16.597,28.265,20.044,9.647,2.055,8298.77,49,21,NA,0,0,0,0,0,0,0,0,0,0,0,0,0,0,0,0,0,0,0,0,0,0,0,0,0,0,0,0,0,0,0,1133.968,779.749,572.778,451.583,339.186,303.039,284.302,276.393,271.374,262.656,256.45,247.037,252.253,255.468,242.322,247.525,222.104,208.33,193.165,165.424,141.856,124.454,105.501,94.148,84.511,73.687,66.038,60.12,56.007,51.542,45.775,44.414,39.514,39.509,34.501,36.191,30.812,31.904,28.363,22.967,20.856,16.119,17.715,13.784,11.772,10.677,8.126,6.26,4.084,2.936,3.211,1.433,1.792,1.014,0.525,0.444,0.565,0.316,0.108,0.112,0,0,0,0,0,0,0,0,0,0,0,0,0,0,0,0,0,0,0,0,0,0,0,0,0,0,0,0,0,0,0,0,0,0,0,12.811,14.48,14.4,14.395,14.855,14.077,15.504,17.514,20.093,22.914,25.389,28.154,30.428,34.65,38.738,40.331,44.948,43.916,44.561,44.553,41.237,38.027,35.743,32.544,31.028,29.85,27.77,26.45,25.7,25.405,24.687,23.468,23.755,22.235,22.37,20.273,20.654,18.787,18.75,16.441,13.89,12.265,9.377,9.49,7.576,6.091,5.646,4.076,3.021,1.987,1.501,1.46,0.649,0.79,0.42,0.213,0.176,0.218,0.121,0.041,0.041,0.031,0,0,0,0
2026-08-30 18:58:00,1,"Normal Scan","Normal Scan",0,"ON",1,1,1,737,5,20.2,96.8,53.3,0.0000000695824,0.0000181905,4.97,8954.6,8.8,736.5,1,"Up Scan","Positive",254,0,4.37,1.6,8,8,0,1,1,15.778,27.84,19.622,9.647,2.049,9015.35,49,21,NA,0,0,0,0,0,0,0,0,0,0,0,0,0,0,0,0,0,0,0,0,0,0,0,0,0,0,0,0,0,0,0,1111.008,879.768,679.915,556.427,456.135,387.807,335.106,316.124,302.863,302.105,284.646,285.477,256.129,240.104,237.565,222.666,207.797,197.466,187.621,162.078,142.577,125.686,108.852,96.737,84.821,74.619,71.688,65.996,63.781,55.93,50.723,46.688,44.084,39.598,37.92,38.102,33.992,33.492,28.466,26.357,23.099,18.767,17.258,15.649,13.043,10.74,9.663,7.555,5.889,3.9,2.677,2.833,1.728,1.153,0.811,0.557,0.243,0.263,0.435,0.169,0,0,0,0,0,0,0,0,0,0,0,0,0,0,0,0,0,0,0,0,0,0,0,0,0,0,0,0,0,0,0,0,0,0,0,10.713,14.278,16.342,17.173,18.232,18.963,19.858,20.602,22.995,25.517,29.176,31.163,35.078,35.102,36.443,39.599,40.556,41.175,42.352,43.416,40.44,38.189,36.298,33.743,32.266,30.037,28.181,28.93,28.113,28.256,26.935,25.953,24.977,24.295,23.067,22.385,22.125,20.385,19.995,17.171,15.655,13.771,11.057,9.717,8.393,7.114,5.597,4.882,3.677,2.876,1.814,1.291,1.27,0.78,0.477,0.329,0.22,0.095,0.1,0.163,0.062,0.032,0,0,0,0
2026-08-30 19:03:00,1,"Normal Scan","Normal Scan",0,"ON",1,1,1,737.1,5,20.3,96.8,52.8,0.0000000696126,0.0000181953,4.97,8954.6,8.8,736.5,1,"Up Scan","Positive",254,0,4.37,1.6,8,8,0,1,1,16.231,28.983,20.04,9.647,2.081,8099.42,49,21,NA,0,0,0,0,0,0,0,0,0,0,0,0,0,0,0,0,0,0,0,0,0,0,0,0,0,0,0,0,0,0,0,874.392,734.334,602.587,518.768,405.138,356.312,329.581,319.919,309.118,315.844,301.185,275.501,255.936,239.132,207.209,174.389,159.276,153.57,131.272,123.147,106.734,97.618,89.697,78.505,77.027,72.84,66.797,67.475,59.475,57.709,50.783,50.434,47.306,42.169,39.061,34.935,36.351,31.72,31.032,27.732,25.608,22.565,20.393,16.681,13.183,11.737,8.883,7.121,5.416,5.005,2.908,2.402,1.721,0.9,0.859,0.495,0.662,0.372,0.327,0.168,0,0,0,0,0,0,0,0,0,0,0,0,0,0,0,0,0,0,0,0,0,0,0,0,0,0,0,0,0,0,0,0,0,0,0,9.137,11.255,13.627,15.232,17.13,16.86,18.256,20.264,23.258,26.049,30.429,32.896,33.724,34.924,36.064,34.393,31.724,31.557,33.012,30.544,30.986,29.057,28.608,28.234,26.659,27.717,27.782,27.263,28.941,26.945,27.549,25.872,26.594,26.391,24.274,23.494,21.503,21.982,19.43,18.353,16.575,14.534,12.898,11.381,8.983,7.065,6.046,4.477,3.513,2.688,2.325,1.415,1.112,0.743,0.372,0.348,0.196,0.258,0.141,0.122,0.062,0.016,0,0,0,0
2026-08-30 19:08:00,1,"Normal Scan","Normal Scan",0,"ON",1,1,1,737.1,5,20.3,96.8,53.2,0.0000000696126,0.0000181953,4.97,8954.6,8.8,736.5,1,"Up Scan","Positive",254,0,4.37,1.6,8,8,0,1,1,14.818,26.385,18.566,9.647,2,7399.93,49,21.1,NA,0,0,0,0,0,0,0,0,0,0,0,0,0,0,0,0,0,0,0,0,0,0,0,0,0,0,0,0,0,0,0,758.045,660.295,596.555,556.48,508.651,440.038,401.862,363.486,318.679,290.127,259.238,221.722,195.483,169.885,148.57,132.916,114.286,105.617,90.454,82.254,74.585,67.453,65.519,62.719,56.786,58.62,51.528,46.334,43.262,41.268,37.005,35.137,33.468,32.368,29.619,30.762,27.101,26.197,25.036,20.636,20.023,19.549,15.342,13.956,11.157,8.812,8.195,6.273,4.368,3.117,3.003,2.293,1.025,0.781,0.861,0.346,0.408,0.263,0.054,0.056,0,0,0,0,0,0,0,0,0,0,0,0,0,0,0,0,0,0,0,0,0,0,0,0,0,0,0,0,0,0,0,0,0,0,0,7.297,9.723,12.283,15.139,18.295,21.156,22.52,24.673,26.273,26.774,27.912,28.236,27.12,26.633,25.573,24.654,24.119,22.647,22.742,21.18,20.834,20.474,19.9,20.593,21.038,20.329,22.058,20.893,20.022,19.885,20.222,19.202,19.165,19.231,18.748,17.957,18.745,16.618,16.076,14.961,12.332,11.843,10.971,8.393,7.665,6.047,4.497,4.037,3.094,2.104,1.491,1.35,1.001,0.433,0.324,0.348,0.137,0.159,0.1,0.02,0.021,0,0,0,0,0
2026-08-30 19:13:00,1,"Normal Scan","Normal Scan",0,"ON",1,1,1,737,5,20.1,96.8,52.8,0.0000000695522,0.0000181857,4.97,8954.6,8.8,736.5,1,"Up Scan","Positive",254,0,4.37,1.6,8,8,0,1,1,15.737,28.212,19.743,9.647,2.045,6402.89,49,21,NA,0,0,0,0,0,0,0,0,0,0,0,0,0,0,0,0,0,0,0,0,0,0,0,0,0,0,0,0,0,0,0,620.912,519.145,453.471,419.763,397.989,366.161,343.059,284.266,267.706,253.312,227.567,205.498,182.07,159.301,137.642,125.117,121.032,119.863,106.329,96.442,92.083,80.617,67.722,66.237,59.318,54.17,50.481,44.029,42.616,38.956,36.395,36.59,31.774,29.457,29.187,28.629,25.99,25.949,24.937,20.771,17.709,17.386,15.032,11.838,11.931,8.205,7.229,6.064,4.526,3.643,2.239,1.559,1.069,0.553,0.428,0.346,0.155,0.316,0.054,0.056,0,0,0,0,0,0,0,0,0,0,0,0,0,0,0,0,0,0,0,0,0,0,0,0,0,0,0,0,0,0,0,0,0,0,0,6.061,8.065,9.672,11.514,13.878,16.544,18.712,21.058,20.623,22.54,24.44,24.844,25.169,24.861,24.084,22.953,22.881,24.051,25.737,24.812,24.251,24.813,23.403,21.139,22.015,21.065,20.678,20.403,19.014,19.429,19.159,18.753,19.604,18.409,17.451,17.318,17.331,15.968,15.409,15.044,12.105,10.617,9.892,8.366,6.324,6.157,4.225,3.5,2.911,2.101,1.742,1.007,0.686,0.452,0.229,0.174,0.137,0.06,0.121,0.02,0.021,0,0,0,0,0
2026-08-30 19:18:00,1,"Normal Scan","Normal Scan",0,"ON",1,1,1,737.3,5,20.5,96.8,53.1,0.000000069673,0.0000182049,4.97,8954.6,8.8,736.5,1,"Up Scan","Positive",254,0,4.37,1.6,8,8,0,1,1,17.398,30.855,21.591,9.647,2.103,6156.82,49,21.2,NA,0,0,0,0,0,0,0,0,0,0,0,0,0,0,0,0,0,0,0,0,0,0,0,0,0,0,0,0,0,0,0,501.626,479.306,384.599,383.318,347.119,294.292,277.784,254.38,229.683,222.959,213.121,191.354,183.644,172.362,154.579,143.027,130.123,126.493,115.103,111.609,104.529,94.779,93.682,91.974,87.273,77.115,74.184,65.721,62.553,56.094,50.516,45.224,38.409,35.963,31.175,30.817,28.468,24.523,22.126,21.638,18.69,16.149,13.216,11.358,10.853,7.701,6.176,4.705,3.967,3.487,2.217,1.256,1.077,0.874,0.707,0.356,0.356,0.317,0.054,0.056,0,0,0,0,0,0,0,0,0,0,0,0,0,0,0,0,0,0,0,0,0,0,0,0,0,0,0,0,0,0,0,0,0,0,0,5.262,6.398,8.913,9.742,12.621,14.402,15.04,17.058,18.43,19.357,21.502,23.281,23.471,25.119,26.074,25.785,26.137,25.942,27.448,27.169,28.409,28.627,27.982,29.31,30.791,30.828,29.014,29.394,27.431,27.397,25.892,24.682,23.111,20.811,20.048,18.329,17.972,16.591,14.604,13.363,12.458,10.586,9.023,7.537,6.196,5.559,3.989,3.14,2.357,1.922,1.635,1.03,0.554,0.47,0.363,0.286,0.141,0.139,0.121,0.02,0.021,0.015,0,0,0,0
2026-08-30 19:23:00,1,"Normal Scan","Normal Scan",0,"ON",1,1,1,736.8,5,19.9,96.8,53.2,0.0000000694918,0.0000181761,4.97,8954.6,8.8,736.5,1,"Up Scan","Positive",254,0,4.37,1.6,8,8,0,1,1,16.42,30.902,21.069,10.366,2.127,4653.72,49,21,NA,0,0,0,0,0,0,0,0,0,0,0,0,0,0,0,0,0,0,0,0,0,0,0,0,0,0,0,0,0,0,0,361.652,369.973,347.044,312.18,277.057,253.752,220.849,209.675,182.084,171.878,155.602,142.398,116.618,108.266,99.873,94.98,86.689,82.142,83.077,79.367,81.508,70.434,64.982,62.903,56.476,52.566,48.058,44.671,42.183,35.469,31.529,28.43,27.501,25.733,24.981,24.142,23.6,22.024,19.412,16.933,14.837,13.959,12.42,10.255,8.723,7.164,7.977,5.249,3.846,2.697,2.102,1.741,1.81,0.697,0.781,0.197,0.254,0.158,0,0.167,0,0,0,0,0,0,0,0,0,0,0,0,0,0,0,0,0,0,0,0,0,0,0,0,0,0,0,0,0,0,0,0,0,0,0,3.249,4.668,6.955,8.822,10.313,11.515,13.001,13.596,15.198,15.314,16.573,17.015,17.44,15.976,16.438,16.703,17.471,17.354,17.906,19.562,20.118,22.079,20.594,20.371,20.907,19.996,19.633,19.072,18.841,18.806,17.276,16.029,15.752,15.568,15.011,14.668,14.498,14.32,13.148,11.636,10.445,9.161,8.197,6.775,5.743,4.669,3.93,3.869,2.656,1.816,1.258,0.931,0.797,0.781,0.289,0.316,0.078,0.099,0.06,0,0.062,0.017,0,0,0,0
2026-08-30 19:28:00,1,"Normal Scan","Normal Scan",0,"ON",1,1,1,737.2,5,20.4,96.8,52.6,0.0000000696428,0.0000182001,4.97,8954.6,8.8,736.5,1,"Up Scan","Positive",254,0,4.37,1.6,8,8,0,1,1,16.981,32.068,21.731,10.366,2.148,4432.58,49,21.1,NA,0,0,0,0,0,0,0,0,0,0,0,0,0,0,0,0,0,0,0,0,0,0,0,0,0,0,0,0,0,0,0,297.373,315.163,302.23,278.505,277.433,249.091,235.436,198.075,184.482,164.349,162.065,140.644,122.541,110.875,104.006,95.187,87.531,79.907,72.836,69.264,67.474,62.92,61.623,55.572,53.834,52.754,49.664,45.482,43.67,37.517,33.299,30.912,28.422,24.006,24.376,24.882,23.35,22.762,21.736,19.897,17.378,14.47,14.877,11.21,10.842,7.908,6.346,4.927,3.741,3.274,2.147,1.51,1.116,0.646,0.38,0.395,0.051,0.052,0.054,0.112,0,0,0,0,0,0,0,0,0,0,0,0,0,0,0,0,0,0,0,0,0,0,0,0,0,0,0,0,0,0,0,0,0,0,0,2.761,3.834,5.891,7.63,9.185,11.496,12.778,14.452,14.351,15.513,15.815,17.676,17.245,16.754,16.775,17.322,17.376,17.455,17.351,17.157,17.651,18.52,18.614,19.436,18.816,19.169,19.83,19.796,19.125,19.423,17.854,17.109,16.901,16.217,14.858,15.071,15.014,14.607,13.761,13.139,11.624,10.114,8.204,8.17,6.01,5.616,4.021,3.127,2.385,1.767,1.473,0.953,0.682,0.47,0.267,0.155,0.157,0.02,0.02,0.02,0.041,0,0,0,0,0
2026-08-30 19:33:00,1,"Normal Scan","Normal Scan",0,"ON",1,1,1,737,5,20.1,96.8,53.2,0.0000000695522,0.0000181857,4.97,8954.6,8.8,736.5,1,"Up Scan","Positive",254,0,4.37,1.6,8,8,0,1,1,17.264,32.655,22.077,9.647,2.161,4239.5,49,21.1,NA,0,0,0,0,0,0,0,0,0,0,0,0,0,0,0,0,0,0,0,0,0,0,0,0,0,0,0,0,0,0,0,316.795,284.849,260.635,256.263,256.844,234.267,217.15,198.288,165.906,158.28,143.663,133.39,116.588,110.567,97.946,90.091,82.443,83.122,73.6,71.435,66.131,65.239,66.036,60.846,60.056,55.443,48.797,46.1,39.743,37.998,34.219,27.729,28.797,22.851,22.638,21.342,21.716,20.13,19.152,19.532,17.891,15.731,14.411,11.389,9.77,7.947,6.069,5.05,4.434,3.245,2.22,1.674,1.249,0.508,0.43,0.344,0.306,0.106,0.109,0,0,0,0,0,0,0,0,0,0,0,0,0,0,0,0,0,0,0,0,0,0,0,0,0,0,0,0,0,0,0,0,0,0,0,0,2.875,4.12,5.291,6.636,8.469,10.673,12.02,13.343,14.366,13.993,15.253,15.694,16.326,15.937,16.733,16.32,16.475,16.493,18.082,17.408,18.294,18.255,19.211,20.643,20.322,21.149,20.72,19.223,19.347,17.665,17.781,17.185,15.243,16.041,14.156,14.391,13.652,13.748,12.524,11.889,11.423,10.346,8.944,7.985,6.203,5.168,4.115,2.979,2.441,2.086,1.503,1.014,0.719,0.527,0.21,0.174,0.137,0.119,0.04,0.041,0,0,0,0,0,0
2026-08-30 19:38:00,1,"Normal Scan","Normal Scan",0,"ON",1,1,1,737.1,5,20.3,96.8,52.6,0.0000000696126,0.0000181953,4.97,8954.6,8.8,736.5,1,"Up Scan","Positive",254,0,4.37,1.6,8,8,0,1,1,17.63,35.118,22.927,9.647,2.245,3596.43,49,21.1,NA,0,0,0,0,0,0,0,0,0,0,0,0,0,0,0,0,0,0,0,0,0,0,0,0,0,0,0,0,0,0,0,266.31,247.903,218.673,212.68,199.261,197.304,179.021,155.908,139.793,123.721,116.417,107.207,96.645,89.313,87.072,77.43,74.442,74.743,70.959,61.942,56.809,55.677,52.554,45.881,46.324,45.225,40.737,37.588,35.532,33.499,27.611,27.542,25.882,24.066,25.041,23.744,24.57,22.917,21.362,20.66,16.109,15.674,13.21,12.998,10.926,8.243,6.989,6.527,5.184,3.337,2.57,1.509,1.203,0.784,0.525,0.248,0.154,0.16,0.054,0.056,0,0,0,0,0,0,0,0,0,0,0,0,0,0,0,0,0,0,0,0,0,0,0,0,0,0,0,0,0,0,0,0,0,0,0,2.336,3.462,4.632,5.555,7.026,8.301,10.08,11.007,11.315,11.774,11.94,12.725,13.181,13.241,13.567,14.509,14.153,14.859,16.18,16.559,15.783,15.6,16.386,16.488,15.554,16.572,17.032,16.436,16.213,16.251,16.297,14.913,15.515,15.273,14.949,15.295,14.75,14.923,14.401,13.178,12.062,9.885,9.218,7.597,6.961,5.66,4.232,3.46,3.125,2.404,1.527,1.17,0.665,0.508,0.324,0.213,0.098,0.06,0.06,0.02,0.021,0,0,0,0,0
2026-08-30 19:43:00,1,"Normal Scan","Normal Scan",0,"ON",1,1,1,737.4,5,20.7,96.8,52.7,0.0000000697334,0.0000182145,4.97,8954.6,8.8,736.5,1,"Up Scan","Positive",254,0,4.37,1.6,8,8,0,1,1,17.804,35.409,23.123,9.647,2.25,3788,49,21.2,NA,0,0,0,0,0,0,0,0,0,0,0,0,0,0,0,0,0,0,0,0,0,0,0,0,0,0,0,0,0,0,0,270.224,238.839,248.129,222.398,215.051,199.698,189.746,158.788,150.16,137.659,133.937,118.622,102.41,89.815,90.884,78.834,75.954,68.659,66.516,63.56,55.349,56.02,55.938,53.37,51.142,49.659,47.258,48.079,41.466,38.492,31.569,28.473,28.869,25.671,25.205,27.239,25.031,23.844,22.316,21.534,20.559,15.259,13.881,11.418,10.602,9.064,7.137,6.499,5.044,3.743,2.795,1.902,1.08,0.784,0.91,0.494,0.153,0.053,0.11,0.105,0,0,0,0,0,0,0,0,0,0,0,0,0,0,0,0,0,0,0,0,0,0,0,0,0,0,0,0,0,0,0,0,0,0,0,2.275,3.447,4.469,6.293,7.34,8.912,10.234,11.664,11.473,12.631,13.251,14.6,14.54,14.008,13.594,15.156,14.396,15.149,14.965,15.714,16.237,15.356,16.726,17.801,18.119,18.327,18.721,18.891,20.131,18.686,18.48,16.721,16.161,16.563,15.872,15.894,16.374,15.282,14.557,13.553,12.925,11.8,9.034,7.956,6.455,5.657,4.57,3.536,3.25,2.403,1.68,1.248,0.834,0.489,0.324,0.368,0.196,0.06,0.02,0.041,0.023,0.014,0,0,0,0
2026-08-30 19:48:00,1,"Normal Scan","Normal Scan",0,"ON",1,1,1,738,5,21.5,96.8,52.2,0.0000000699752,0.0000182528,4.97,8954.6,8.8,736.5,1,"Up Scan","Positive",254,0,4.37,1.6,8,8,0,1,1,18.344,36.144,23.711,9.647,2.263,4082.6,48,21.5,NA,0,0,0,0,0,0,0,0,0,0,0,0,0,0,0,0,0,0,0,0,0,0,0,0,0,0,0,0,0,0,0,305.705,280.089,242.663,210.689,208.984,203.833,189.397,179.747,163.812,136.096,131.633,116.898,103.82,103.665,94.269,88.597,84.288,82.378,79.753,75.479,72.148,68.006,65.568,64.84,62.518,55.3,54.397,52.637,45.532,44.339,39.564,35.707,32.975,29.481,29.379,29.856,28.013,26.068,23.902,22.554,18.679,18.232,15.162,14.095,11.893,9.023,6.911,6.21,5.219,4.294,2.151,2.162,1.191,1.362,0.62,0.396,0.204,0.053,0.054,0.113,0,0,0,0,0,0,0,0,0,0,0,0,0,0,0,0,0,0,0,0,0,0,0,0,0,0,0,0,0,0,0,0,0,0,0,2.293,3.922,5.204,6.129,6.92,8.66,10.405,11.622,12.974,13.743,13.117,14.362,14.339,14.218,15.739,15.757,16.259,16.865,17.919,18.85,19.289,19.82,20.109,20.783,21.772,22.367,21.13,21.728,22.213,20.61,21.263,20.206,19.55,18.766,17.664,17.65,18.14,16.956,16.004,14.613,13.262,10.997,10.362,8.792,7.541,6.284,4.591,3.598,3.017,2.471,1.938,0.966,0.963,0.535,0.562,0.251,0.157,0.079,0.02,0.02,0.047,0.028,0,0,0,0
2026-08-30 19:53:00,1,"Normal Scan","Normal Scan",0,"ON",1,1,1,738.6,5,22.3,96.8,51.6,0.000000070217,0.0000182911,4.97,8954.6,8.8,736.5,1,"Up Scan","Positive",254,0,4.37,1.6,8,8,0,1,1,19.531,38.25,25.022,9.647,2.294,3865.09,47,22,NA,0,0,0,0,0,0,0,0,0,0,0,0,0,0,0,0,0,0,0,0,0,0,0,0,0,0,0,0,0,0,0,240.715,219.262,225.836,221.265,192.55,194.319,172.893,144.798,150.981,136.022,118.152,111.197,99.56,93.881,87.724,89.444,86.93,82.081,78.792,76.653,74.395,71.894,71.017,66.069,62.051,59.683,57.273,51.689,49.414,43.908,42.047,38.195,33.955,31.698,32.578,29.38,26.444,27.302,24.52,23.403,22.169,18.188,17.313,13.796,11.386,9.467,9.263,6.184,4.843,4.056,2.659,2.305,1.715,0.598,0.62,0.296,0.153,0,0.055,0.056,0,0,0,0,0,0,0,0,0,0,0,0,0,0,0,0,0,0,0,0,0,0,0,0,0,0,0,0,0,0,0,0,0,0,0,2.335,3.087,4.059,5.687,7.273,7.978,9.897,10.554,10.459,12.664,13.051,12.896,13.641,13.609,14.265,14.688,16.412,17.417,17.925,18.615,19.569,20.483,21.27,22.321,22.273,22.208,22.676,22.935,21.957,22.323,21.291,21.082,20.576,19.413,18.942,19.564,17.899,16.843,16.553,14.727,14.125,12.855,10.314,9.566,7.492,6.077,4.936,4.459,2.976,2.275,1.825,1.16,1.021,0.757,0.248,0.251,0.117,0.059,0,0.02,0.024,0.028,0,0,0,0
2026-08-30 19:58:00,1,"Normal Scan","Normal Scan",0,"ON",1,1,1,738.3,5,21.9,96.8,51.4,0.0000000700961,0.0000182719,4.97,8954.6,8.8,736.5,1,"Up Scan","Positive",254,0,4.37,1.6,8,8,0,1,1,18.51,35.763,23.485,9.647,2.241,3788.38,46,22.1,NA,0,0,0,0,0,0,0,0,0,0,0,0,0,0,0,0,0,0,0,0,0,0,0,0,0,0,0,0,0,0,0,282.939,238.742,220.132,205.916,195.731,180.592,173.962,164.297,157.062,138.796,141.124,111.117,103.529,99.267,95.052,94.594,86.674,79.447,78.395,71.085,61.608,58.611,59.562,60.507,52.74,52.063,45.573,43.225,36.706,31.236,30.696,26.001,25.414,25.128,24.65,26.255,24.938,23.886,22.799,21.153,20.053,16.855,15.709,13.189,10.745,10.025,7.006,6.544,4.334,3.67,2.864,2.235,1.558,1.11,0.62,0.347,0.204,0.053,0.055,0,0,0,0,0,0,0,0,0,0,0,0,0,0,0,0,0,0,0,0,0,0,0,0,0,0,0,0,0,0,0,0,0,0,0,0,2.169,3.634,4.396,5.525,6.736,8.136,9.228,10.663,11.874,13.17,13.363,15.369,13.644,14.173,15.031,15.841,17.214,17.227,17.244,18.445,18.023,17.01,17.306,18.696,19.964,18.549,19.383,18.024,18.272,16.711,15.798,16.149,15.129,15.27,15.742,15.575,16.325,15.68,14.73,13.974,12.638,11.7,9.86,8.696,7.208,5.793,5.141,3.554,3.158,2.042,1.66,1.263,0.975,0.657,0.457,0.251,0.137,0.079,0.02,0.02,0,0,0,0,0,0
2026-08-30 20:03:00,1,"Normal Scan","Normal Scan",0,"ON",1,1,1,737.5,5,20.8,96.8,50.6,0.0000000697636,0.0000182193,4.97,8954.6,8.8,736.5,1,"Up Scan","Positive",254,0,4.37,1.6,8,8,0,1,1,17.904,32.47,22.359,9.647,2.13,5033.04,46,21.8,NA,0,0,0,0,0,0,0,0,0,0,0,0,0,0,0,0,0,0,0,0,0,0,0,0,0,0,0,0,0,0,0,370.633,299.804,303.13,298.363,276.025,277.022,247.231,225.091,203.051,195.768,168.746,153.932,140.319,135.033,130.372,122.49,119.464,106.641,105.061,97.797,94.755,84.926,81.96,77.078,74.598,67.505,62.592,54.478,44.78,40.265,35.052,28.916,29.661,27.118,25.472,24.089,23.859,23.964,20.579,20.093,19.135,16.624,15.962,12.678,12.359,10.026,7.028,5.333,4.599,3.58,2.837,1.6,1.518,1.014,0.573,0.197,0.205,0,0,0.056,0,0,0,0,0,0,0,0,0,0,0,0,0,0,0,0,0,0,0,0,0,0,0,0,0,0,0,0,0,0,0,0,0,0,0,2.968,4.817,5.561,7.724,9.86,11.482,14.212,15.213,16.297,17.065,18.849,18.441,18.911,19.238,20.474,21.757,22.449,23.793,23.173,24.677,24.86,25.904,24.893,25.489,25.37,25.88,24.722,24.309,22.507,20.015,18.881,17.795,16.268,16.917,16.353,15.861,15.348,15.169,14.74,13.181,12.343,10.874,9.576,8.873,6.895,6.321,5.152,3.54,2.575,2.135,1.634,1.24,0.704,0.658,0.42,0.232,0.078,0.079,0,0,0.023,0.014,0,0,0,0
2026-08-30 20:08:00,1,"Normal Scan","Normal Scan",0,"ON",1,1,1,737.2,5,20.4,96.8,50,0.0000000696428,0.0000182001,4.97,8954.6,8.8,736.5,1,"Up Scan","Positive",254,0,4.37,1.6,8,8,0,1,1,19.728,31.082,22.739,12.864,1.992,6237.74,47,21.6,NA,0,0,0,0,0,0,0,0,0,0,0,0,0,0,0,0,0,0,0,0,0,0,0,0,0,0,0,0,0,0,0,310.763,290.424,318.113,297.377,332.494,307.998,304.498,296.736,283.328,268.852,254.895,242.299,244.155,223.778,225.941,210.573,186.718,179.2,163.336,149.489,132.05,112.525,99.614,90.169,80.545,72.593,60.632,55.443,44.306,38.225,32.383,28.643,25.515,25.156,22.974,24.105,21.656,22.887,22.089,21.626,18.375,15.444,15.06,13.153,10.482,9.367,7.881,6.428,5.839,3.351,2.825,1.962,1.448,0.739,0.381,0.198,0.102,0.212,0.163,0.226,0,0,0,0,0,0,0,0,0,0,0,0,0,0,0,0,0,0,0,0,0,0,0,0,0,0,0,0,0,0,0,0,0,0,0,2.916,4.008,5.436,8.118,9.829,13.866,15.739,18.768,21.512,23.861,25.966,27.916,29.784,33.434,33.941,37.624,38.31,36.991,38.455,37.87,37.363,35.422,32.307,30.596,29.255,27.736,26.367,23.329,22.651,19.492,18.17,16.687,15.753,15.231,15.687,14.707,15.055,14.085,14.368,13.619,12.865,11.07,9.341,8.401,7.091,5.583,4.856,3.899,3.063,2.724,1.527,1.321,0.86,0.695,0.305,0.155,0.078,0.04,0.08,0.061,0.082,0.03,0,0,0,0
2026-08-30 20:13:00,1,"Normal Scan","Normal Scan",0,"ON",1,1,1,737.3,5,20.7,96.7,50.6,0.0000000698055,0.0000182145,4.97,8954.6,8.8,736.5,1,"Up Scan","Positive",254,0,4.37,1.6,8,8,0,1,1,19.315,33.009,23.068,9.647,2.09,4952.67,47,21.7,NA,0,0,0,0,0,0,0,0,0,0,0,0,0,0,0,0,0,0,0,0,0,0,0,0,0,0,0,0,0,0,0,285.544,237.582,259.573,264.289,270.059,253.358,249.286,232.797,207.169,191.666,184.979,184.311,174.747,171.128,155.062,142.675,133.136,120.707,120.374,110.061,104.941,96.416,83.392,74.948,62.038,51.859,49.382,41.602,36.735,32.972,31.53,25.774,26.446,25.76,24.653,24.574,26.086,23.193,21.335,21.09,19.723,17.652,16.031,13.768,11.645,9.789,8.097,6.062,4.565,3.64,2.468,1.914,1.524,1.15,0.335,0.544,0.207,0.105,0.163,0.056,0,0,0,0,0,0,0,0,0,0,0,0,0,0,0,0,0,0,0,0,0,0,0,0,0,0,0,0,0,0,0,0,0,0,0,2.233,3.659,4.419,6.598,8.771,11.21,13.008,15.325,16.873,17.477,18.485,20.243,22.619,23.89,25.89,25.858,26.118,26.524,26.094,28.024,27.518,28.025,27.613,25.469,24.298,21.701,19.258,19.345,17.761,16.761,16.16,16.644,15.142,15.557,15.955,15.676,15.629,16.438,14.583,13.262,12.842,11.689,9.99,8.9,7.469,6.075,5.086,4.059,2.89,2.202,1.692,1.128,0.849,0.677,0.477,0.135,0.216,0.079,0.04,0.061,0.023,0.027,0,0,0,0
2026-08-30 20:18:00,1,"Normal Scan","Normal Scan",0,"ON",1,1,1,737,5,20.2,96.7,51,0.0000000696543,0.0000181905,4.97,8954.6,8.8,736.5,1,"Up Scan","Positive",254,0,4.37,1.6,8,8,0,1,1,16.96,32.767,21.815,9.647,2.158,4248.01,48,21.4,NA,0,0,0,0,0,0,0,0,0,0,0,0,0,0,0,0,0,0,0,0,0,0,0,0,0,0,0,0,0,0,0,280.113,267.116,251.744,260.204,276.281,254.343,251.935,222.325,184.523,163.786,144.532,150.254,122.306,109.828,95.24,94.055,83.703,80.82,79.81,75.217,65.728,54.793,49.764,51.25,49.477,42.828,37.118,37,30.499,27.849,24.828,25.658,24.214,22.416,21.991,25.224,23.04,22.059,21.454,21.024,20.962,17.781,15.861,14.237,11.961,8.788,7.342,6.072,6.014,4.097,2.64,2.03,1.569,0.874,0.574,0.493,0.205,0.107,0.054,0,0,0,0,0,0,0,0,0,0,0,0,0,0,0,0,0,0,0,0,0,0,0,0,0,0,0,0,0,0,0,0,0,0,0,0,2.843,3.56,5.005,6.385,8.58,11.486,12.999,15.505,16.086,15.512,15.772,15.792,18.415,16.729,16.646,15.911,17.185,16.629,17.42,18.635,18.959,17.827,15.998,15.706,16.923,17.236,16.043,15.124,15.739,14.232,14.018,13.785,14.872,14.676,14.376,14.72,16.053,14.858,14.22,13.623,12.593,11.991,10.477,9.022,7.682,6.297,4.596,3.682,2.948,2.806,1.869,1.198,0.871,0.677,0.363,0.232,0.196,0.079,0.04,0.02,0,0.016,0,0,0,0
2026-08-30 20:23:00,1,"Normal Scan","Normal Scan",0,"ON",1,1,1,737.3,5,20.7,96.7,51,0.0000000698055,0.0000182145,4.97,8954.6,8.8,736.5,1,"Up Scan","Positive",254,0,4.37,1.6,8,8,0,1,1,19.893,39.055,25.073,9.647,2.315,3333.18,48,21.5,NA,0,0,0,0,0,0,0,0,0,0,0,0,0,0,0,0,0,0,0,0,0,0,0,0,0,0,0,0,0,0,0,215.696,198.498,181.985,175.336,159.739,151.82,139.062,137.157,128.725,117.468,113.064,106.26,99.423,93.632,91.349,88.23,79.997,72.572,70.566,62.2,57.675,55.687,54.387,48.956,47.802,47.795,45.355,38.66,35.227,34.609,29.498,27.58,27.016,26.716,25.063,24.329,24.667,23.519,23.927,20.961,21.528,19.917,16.157,15.181,13.673,10.602,8.974,7.149,5.023,4.273,2.829,1.942,1.432,0.874,0.859,0.296,0.152,0.053,0.054,0,0,0,0,0,0,0,0,0,0,0,0,0,0,0,0,0,0,0,0,0,0,0,0,0,0,0,0,0,0,0,0,0,0,0,0,2.201,2.777,3.661,4.626,5.789,6.636,7.747,8.56,9.933,10.816,11.321,12.353,13.047,13.62,14.192,15.213,16.072,15.913,15.741,16.521,15.859,15.908,16.489,17.071,16.526,17.074,18.029,18.029,16.657,16.413,16.868,15.649,16.03,16.04,16.534,16.339,16.168,15.815,15.319,14.992,13.014,12.716,11.395,9.111,8.173,7.03,5.387,4.436,3.452,2.355,1.914,1.265,0.833,0.62,0.362,0.348,0.118,0.06,0.02,0.02,0,0.014,0,0,0,0
2026-08-30 20:28:00,1,"Normal Scan","Normal Scan",0,"ON",1,1,1,737,5,20.3,96.7,51.8,0.0000000696846,0.0000181953,4.97,8954.6,8.8,736.5,1,"Up Scan","Positive",254,0,4.37,1.6,8,8,0,1,1,19.746,31.551,22.225,9.647,2.077,5630.64,48,21.4,NA,0,0,0,0,0,0,0,0,0,0,0,0,0,0,0,0,0,0,0,0,0,0,0,0,0,0,0,0,0,0,0,562.461,391.857,313.931,255.392,202.96,174.559,184.381,195.562,211.387,221.902,230.791,223.233,216.638,212.623,200.351,196.087,181.45,164.432,143.611,127.862,108.829,97.062,80.599,72.257,62.164,55.422,48.516,46.632,41.624,32.48,32.175,31.074,25.646,26.294,24.456,22.509,21.21,22.894,23.028,22.333,19.06,18.134,17.05,13.505,11.962,10.299,8.176,5.856,5.202,3.614,3.128,1.978,1.563,0.785,0.669,0.247,0.313,0.203,0.163,0.056,0,0,0,0,0,0,0,0,0,0,0,0,0,0,0,0,0,0,0,0,0,0,0,0,0,0,0,0,0,0,0,0,0,0,0,6.518,7.209,7.264,7.926,8.409,8.412,8.964,11.374,14.259,17.828,21.455,25.277,27.483,29.678,32.181,33.306,35.61,35.822,35.131,33.149,31.807,29.1,27.788,24.893,23.721,21.588,20.709,19.263,19.458,18.634,16.013,16.457,16.78,15.656,16.269,15.663,14.909,14.294,14.565,14.278,13.432,11.281,10.524,9.375,7.394,6.32,5.311,4.06,2.844,2.457,1.688,1.423,0.871,0.677,0.324,0.271,0.098,0.122,0.078,0.061,0.021,0.016,0,0,0,0
2026-08-30 20:33:00,1,"Normal Scan","Normal Scan",0,"ON",1,1,1,737.1,5,20.4,96.7,51.5,0.0000000697148,0.0000182001,4.97,8954.6,8.8,736.5,1,"Up Scan","Positive",254,0,4.37,1.6,8,8,0,1,1,19.343,34.909,23.235,9.647,2.209,4411.09,48,21.4,NA,0,0,0,0,0,0,0,0,0,0,0,0,0,0,0,0,0,0,0,0,0,0,0,0,0,0,0,0,0,0,0,388.001,300.974,256.623,213.83,196.8,177.774,179.219,159.742,155.786,153.091,152.821,142.653,140.254,148.559,143.238,138.621,127.763,113.647,95.814,90.317,79.942,69.729,61.151,58.715,51.887,47.434,45.948,41.88,38.299,37.673,31.941,30.635,28.176,28.456,27.226,27.414,24.591,24.674,24.847,21.696,21.726,19.159,17.889,16.24,12.766,10.866,10.175,6.743,5.48,4.07,3.149,1.89,1.3,0.692,0.334,0.297,0.153,0.104,0.164,0.056,0,0,0,0,0,0,0,0,0,0,0,0,0,0,0,0,0,0,0,0,0,0,0,0,0,0,0,0,0,0,0,0,0,0,0,4.441,5.004,5.567,6.484,7.025,8.223,9.119,11.035,11.604,13.145,14.794,16.749,17.575,19.224,22.429,23.812,25.184,25.209,24.352,22.327,22.626,21.568,20.313,19.179,19.538,18.537,18.093,18.445,18.056,17.731,18.353,16.853,17.219,16.978,17.43,17.341,17.42,16.277,15.903,15.436,13.593,12.761,11.003,9.881,8.647,6.695,5.478,4.892,3.198,2.566,1.854,1.4,0.852,0.564,0.286,0.135,0.118,0.06,0.04,0.061,0.021,0.016,0,0,0,0
2026-08-30 20:38:00,1,"Normal Scan","Normal Scan",0,"ON",1,1,1,737.2,5,20.5,96.7,52.1,0.0000000697451,0.0000182049,4.97,8954.6,8.8,736.5,1,"Up Scan","Positive",254,0,4.37,1.6,8,8,0,1,1,22.025,34.193,24.058,9.647,2.089,5025.46,48,21.4,NA,0,0,0,0,0,0,0,0,0,0,0,0,0,0,0,0,0,0,0,0,0,0,0,0,0,0,0,0,0,0,0,365.898,289.989,231.375,193.329,178.188,170.3,171.854,168.031,178.847,175.991,191.082,205.432,206.649,213.114,224.637,220.749,203.725,174.593,153.401,132.063,111.648,88.095,68.747,57.519,50.254,47.296,44.955,41.397,42.48,36.809,33.365,27.782,29.345,25.863,23.045,24.258,24.465,22.317,22.382,23.548,21.512,19.583,17.278,16.046,13.005,9.987,7.544,7.251,4.817,3.788,2.751,1.945,1.595,1.247,0.959,0.495,0.306,0.371,0.054,0.112,0,0,0,0,0,0,0,0,0,0,0,0,0,0,0,0,0,0,0,0,0,0,0,0,0,0,0,0,0,0,0,0,0,0,0,3.602,4.643,5.379,5.831,6.414,7.378,8.757,10.616,12.271,15.114,17.129,21.007,25.375,28.399,32.332,37.283,39.982,39.952,37.052,35.103,32.578,29.626,25.236,21.326,19.35,18.083,17.884,18.015,17.816,18.822,17.786,17.275,15.656,17.173,16.356,15.587,15.968,15.855,14.92,13.973,13.966,12.71,11.137,9.661,8.598,6.799,5.182,3.868,3.605,2.322,1.755,1.299,0.87,0.674,0.515,0.387,0.196,0.119,0.141,0.02,0.041,0,0,0,0,0
2026-08-30 20:43:00,1,"Normal Scan","Normal Scan",0,"ON",1,1,1,736.9,5,20.1,96.7,52,0.0000000696241,0.0000181857,4.97,8954.6,8.8,736.5,1,"Up Scan","Positive",254,0,4.37,1.6,8,8,0,1,1,17.467,29.597,20.597,9.647,2.082,6343.68,48,21.2,NA,0,0,0,0,0,0,0,0,0,0,0,0,0,0,0,0,0,0,0,0,0,0,0,0,0,0,0,0,0,0,0,762.145,581.005,468.461,345.017,270.532,208.179,197.296,198.224,191.73,194.274,191.545,197.265,212.941,216.082,216.553,221.065,209.792,178.39,161.109,126.927,106.816,85.53,73.809,56.724,56.834,50.602,48.054,45.549,43.927,38.329,34.891,32.179,28.056,24.321,23.961,24.232,23.49,21.979,21.563,22.535,20.294,21.186,17.966,15.154,12.519,10.525,8.01,6.552,4.952,4.999,2.843,2.719,1.328,0.779,0.863,0.443,0.207,0.157,0.273,0,0,0,0,0,0,0,0,0,0,0,0,0,0,0,0,0,0,0,0,0,0,0,0,0,0,0,0,0,0,0,0,0,0,0,0,7.911,9.822,10.73,11.757,11.277,11.194,10.67,12.157,14.438,16.246,18.832,21.118,24.399,29.252,32.756,35.95,40.032,41.12,37.928,36.828,31.444,28.476,24.692,22.923,19.188,20.232,19.081,19.314,19.208,19.33,18.217,17.912,17.468,16.489,15.625,15.591,16.291,15.63,14.373,14.044,13.657,12.06,11.764,10.1,8.26,6.753,5.336,4.029,3.221,2.313,2.283,1.314,1.208,0.56,0.323,0.35,0.176,0.08,0.059,0.102,0,0,0,0,0,0
2026-08-30 20:48:00,1,"Normal Scan","Normal Scan",0,"ON",1,1,1,737.3,5,20.6,96.7,52.1,0.0000000697753,0.0000182097,4.97,8954.6,8.8,736.5,1,"Up Scan","Positive",254,0,4.37,1.6,8,8,0,1,1,16.436,31.638,20.847,9.647,2.219,5514.42,48,21.4,NA,0,0,0,0,0,0,0,0,0,0,0,0,0,0,0,0,0,0,0,0,0,0,0,0,0,0,0,0,0,0,0,874.46,579.044,401.034,256.919,203.565,168.9,151.273,136.58,140.419,134.149,139.155,150.646,149.055,162.167,157.792,155.89,145.707,127.984,109.533,99.478,90.143,83.021,74.693,72.576,66.34,62.039,57.85,50.495,46.018,42.966,39.819,34.432,31.09,30.284,28.231,25.78,26.046,23.393,24.14,22.582,22.469,20.834,17.761,14.873,14.754,11.942,8.96,7.98,5.992,4.492,3.413,1.86,1.435,0.876,0.432,0.247,0.153,0.211,0,0.056,0,0,0,0,0,0,0,0,0,0,0,0,0,0,0,0,0,0,0,0,0,0,0,0,0,0,0,0,0,0,0,0,0,0,0,10.169,11.179,10.619,10.052,8.43,8.453,8.615,9.332,9.945,11.846,12.999,15.307,18.579,20.436,24.533,26.23,28.31,28.819,27.483,25.607,25.102,24.542,24.3,23.335,24.105,23.522,23.28,22.845,21.306,20.76,20.438,19.976,18.971,18.005,18.212,17.974,17.173,16.818,15.292,15.582,13.941,13.29,12.006,10.039,8.157,7.556,6.04,4.364,3.773,2.796,2.047,1.514,0.815,0.639,0.362,0.174,0.098,0.06,0.08,0,0.021,0.03,0,0,0,0
2026-08-30 20:53:00,1,"Normal Scan","Normal Scan",0,"ON",1,1,1,736.9,5,20.1,96.7,52.5,0.0000000696241,0.0000181857,4.97,8954.6,8.8,736.5,1,"Up Scan","Positive",254,0,4.37,1.6,8,8,0,1,1,20.535,35.14,23.521,9.647,2.221,4501.9,48,21.2,NA,0,0,0,0,0,0,0,0,0,0,0,0,0,0,0,0,0,0,0,0,0,0,0,0,0,0,0,0,0,0,0,457.088,350.328,269.603,214.855,172.466,147.725,125.831,125.272,121.539,130.794,136.746,147.042,151.486,154.992,155.578,148.019,136.838,123.872,107.618,98.595,85.965,81.063,79.141,69.553,68.575,59.536,55.829,49.924,44.149,38.096,37.178,33.059,29.672,27.067,23.868,23.273,24.881,22.178,20.01,21.747,22.3,19.292,16.065,15.543,12.807,9.145,8.799,7.016,6.28,4.589,3.051,2.285,1.372,0.923,0.665,0.349,0.051,0.211,0.054,0.056,0,0,0,0,0,0,0,0,0,0,0,0,0,0,0,0,0,0,0,0,0,0,0,0,0,0,0,0,0,0,0,0,0,0,0,3.798,5.962,6.514,6.795,7.082,7.128,7.576,7.757,9.11,10.291,12.687,15.045,18.121,20.786,23.506,25.882,26.886,27.1,26.682,25.135,24.93,23.416,23.734,24.577,23.049,24.008,22.246,22.071,20.965,19.576,18.184,18.622,17.911,16.933,16.695,15.818,15.477,16.008,14.593,13.133,13.259,13.065,11.211,9.347,8.349,6.778,4.689,4.371,3.38,2.896,2.084,1.376,0.999,0.579,0.382,0.27,0.138,0.02,0.08,0.02,0.021,0,0,0,0,0
2026-08-30 20:58:00,1,"Normal Scan","Normal Scan",0,"ON",1,1,1,737.3,5,20.6,96.7,52.1,0.0000000697753,0.0000182097,4.97,8954.6,8.8,736.5,1,"Up Scan","Positive",254,0,4.37,1.6,8,8,0,1,1,20.54,33.353,23.291,9.647,2.102,5361.33,49,21.3,NA,0,0,0,0,0,0,0,0,0,0,0,0,0,0,0,0,0,0,0,0,0,0,0,0,0,0,0,0,0,0,0,449.844,326.517,255.659,223.241,198.615,199.007,188.021,204.439,221.398,206.74,208.462,202.058,213.736,206.316,209.352,204.153,181.38,150.096,132.053,122.818,104.404,90.227,79.198,69.678,64.354,61.572,53.299,47.707,47.171,40.788,34.92,33.654,30.87,27.382,23.159,25.268,24.575,21.319,22.574,22.115,21.196,20.359,16.37,14.984,13.496,10.776,9.297,6.995,5.135,4.657,3.011,2.355,1.926,0.878,0.527,0.546,0.304,0.212,0.054,0.112,0,0,0,0,0,0,0,0,0,0,0,0,0,0,0,0,0,0,0,0,0,0,0,0,0,0,0,0,0,0,0,0,0,0,0,4.494,5.802,6.063,6.479,7.366,8.274,10.168,11.58,14.853,18.677,19.999,22.879,24.911,29.258,31.178,34.742,36.952,35.726,32.109,30.547,30.624,28.119,26.079,24.556,23.256,22.676,22.931,21.201,20.161,20.655,19.318,17.956,18.018,17.896,16.702,15.474,16.746,15.91,14.196,14.462,13.616,12.677,11.646,9.35,8.133,7.176,5.623,4.564,3.368,2.527,2.117,1.362,1.043,0.846,0.362,0.213,0.216,0.119,0.08,0.02,0.041,0.03,0,0,0,0
2026-08-30 21:03:00,1,"Normal Scan","Normal Scan",0,"ON",1,1,1,737,5,20.2,96.7,52.7,0.0000000696543,0.0000181905,4.97,8954.6,8.8,736.5,1,"Up Scan","Positive",254,0,4.37,1.6,8,8,0,1,1,22.003,33.514,23.786,9.647,2.073,5348.07,48,21.2,NA,0,0,0,0,0,0,0,0,0,0,0,0,0,0,0,0,0,0,0,0,0,0,0,0,0,0,0,0,0,0,0,411.065,321.33,231.272,221.221,185.981,181.325,197.168,189.459,190.738,178.832,179.521,196.163,206.104,212.225,222.227,242.097,238.265,218.194,176.5,143.577,111.948,90.175,69.941,66.633,56.289,53.057,49.444,45.582,39.21,36.218,34.158,32.841,28.005,26.848,25.091,22.286,20.709,21.748,20.117,20.674,21.224,19.523,18.362,15.61,13.934,10.669,9.094,6.127,6.133,4.094,2.647,2.824,1.517,0.922,0.479,0.098,0.206,0.21,0.163,0,0,0,0,0,0,0,0,0,0,0,0,0,0,0,0,0,0,0,0,0,0,0,0,0,0,0,0,0,0,0,0,0,0,0,0,3.507,5.278,5.952,5.861,7.295,7.74,9.31,12.135,13.791,16.095,17.368,19.807,24.324,28.447,32.285,37.018,43.769,46.666,46.154,40.377,35.416,29.851,25.965,21.724,21.929,19.957,20.109,19.689,19.176,17.864,17.325,17.226,17.601,16.144,16.508,16.358,15.156,14.563,14.417,13.549,12.766,12.464,11.374,10.195,8.337,7.374,5.512,4.461,2.93,2.782,1.922,1.2,1.227,0.658,0.382,0.193,0.039,0.079,0.08,0.061,0,0.016,0,0,0,0
2026-08-30 21:08:00,1,"Normal Scan","Normal Scan",0,"ON",1,1,1,737.2,5,20.5,96.7,52,0.0000000697451,0.0000182049,4.97,8954.6,8.8,736.5,1,"Up Scan","Positive",254,0,4.37,1.6,8,8,0,1,1,18.247,26.806,20.022,9.647,1.928,8094.75,49,21.3,NA,0,0,0,0,0,0,0,0,0,0,0,0,0,0,0,0,0,0,0,0,0,0,0,0,0,0,0,0,0,0,0,937.178,659.85,510.892,392.738,329.996,283.021,275.424,272.481,291.241,277.302,299.037,315.727,312.167,317.66,330.173,336.22,310.472,266.303,220.753,186.125,143.934,110.352,85.222,65.036,52.535,47.335,40.043,34.743,33.827,29.983,25.658,21.935,20.49,20.136,18.847,19.508,21.426,19.863,19.842,20.617,19.975,17.387,15.216,13.537,11.653,9.062,7.923,6.578,5.626,3.442,2.519,2.173,1.567,0.787,0.382,0.247,0.205,0.158,0.109,0.113,0,0,0,0,0,0,0,0,0,0,0,0,0,0,0,0,0,0,0,0,0,0,0,0,0,0,0,0,0,0,0,0,0,0,0,12.135,12.013,12.15,12.89,12.954,13.739,14.504,17.013,19.826,24.632,26.91,32.883,38.968,42.858,48.125,54.79,60.682,60.693,56.264,50.195,45.467,37.805,31.061,25.71,21.19,18.355,17.465,15.737,14.615,15.115,14.407,13.694,12.889,12.737,13.315,13.247,13.305,14.05,13.122,12.711,12.427,11.82,10.08,8.584,7.298,6.149,4.722,3.897,3.139,2.59,1.604,1.131,0.982,0.658,0.324,0.155,0.098,0.079,0.06,0.041,0.041,0,0,0,0,0
2026-08-30 21:13:00,1,"Normal Scan","Normal Scan",0,"ON",1,1,1,737.1,5,20.4,96.7,52.5,0.0000000697148,0.0000182001,4.97,8954.6,8.8,736.5,1,"Up Scan","Positive",254,0,4.37,1.6,8,8,0,1,1,18.547,28.953,20.847,9.647,1.995,5639.89,48,21.2,NA,0,0,0,0,0,0,0,0,0,0,0,0,0,0,0,0,0,0,0,0,0,0,0,0,0,0,0,0,0,0,0,549.072,434.094,337.068,262.329,245.981,215.309,218.049,220.934,216.055,213.407,212.362,216.711,214.889,212.741,220.877,224.36,214.309,172.593,148.842,123.254,94.106,74.962,57.874,50.277,41.819,37.312,31.162,30.299,26.558,23.195,19.64,18.586,17.393,17.252,18.299,16.532,18.453,18.512,20.736,19.754,17.786,17.283,15.048,14.127,10.785,9.598,7.207,6.19,5.427,3.311,2.977,1.584,0.964,0.645,0.43,0.246,0.103,0.053,0.054,0.113,0,0,0,0,0,0,0,0,0,0,0,0,0,0,0,0,0,0,0,0,0,0,0,0,0,0,0,0,0,0,0,0,0,0,0,6.22,7.02,8.053,8.528,8.64,10.235,11.057,13.426,16.056,18.25,20.62,23.345,26.75,29.471,32.21,36.643,40.486,41.892,36.531,33.953,30.247,24.865,21.244,17.715,16.45,14.592,13.779,12.36,12.781,12.138,11.523,10.913,11.116,11.611,11.894,12.577,12.036,12.599,12.467,13.066,11.881,10.741,9.841,8.382,7.647,5.581,4.789,3.511,2.997,2.494,1.498,1.332,0.698,0.458,0.267,0.174,0.098,0.04,0.02,0.02,0.041,0.032,0,0,0,0
2026-08-30 21:18:00,1,"Normal Scan","Normal Scan",0,"ON",1,1,1,737.1,5,20.3,96.8,52.1,0.0000000696126,0.0000181953,4.97,8954.6,8.8,736.5,1,"Up Scan","Positive",254,0,4.37,1.6,8,8,0,1,1,15.034,29.091,19.459,9.647,2.135,4713.33,49,21.2,NA,0,0,0,0,0,0,0,0,0,0,0,0,0,0,0,0,0,0,0,0,0,0,0,0,0,0,0,0,0,0,0,737.378,475.478,397.462,257.973,200.294,177.648,170.173,145.593,132.593,147.248,131.045,122.973,121.563,119.137,116.913,127.848,121.975,109.259,90.584,76.289,68.484,57.404,51.667,49.078,41.205,39.791,32.626,30.394,27.047,24.426,24.004,20.751,21.751,20.738,20.284,19.056,18.885,19.838,18.22,17.569,18.705,17.049,13.161,13.016,10.122,9.529,7.091,6.028,4.956,3.985,2.613,1.851,0.704,0.529,0.428,0.544,0.203,0.053,0,0.113,0,0,0,0,0,0,0,0,0,0,0,0,0,0,0,0,0,0,0,0,0,0,0,0,0,0,0,0,0,0,0,0,0,0,0,7.818,9.511,8.801,10.008,8.488,8.314,9.114,10.475,10.563,11.204,14.244,14.354,15.198,16.696,18.064,19.448,23.205,23.998,23.312,20.983,19.033,18.463,16.571,15.922,16.107,14.548,14.934,13.084,13.127,12.583,12.345,12.713,12.171,13.208,12.922,13.439,13.041,12.363,12.9,11.628,11.019,11.068,9.61,7.562,7.103,5.454,4.671,3.434,2.906,2.404,1.773,1.157,0.813,0.329,0.219,0.174,0.216,0.079,0.02,0,0.041,0.016,0,0,0,0
2026-08-30 21:23:00,1,"Normal Scan","Normal Scan",0,"ON",1,1,1,737.2,5,20.5,96.7,52.5,0.0000000697451,0.0000182049,4.97,8954.6,8.8,736.5,1,"Up Scan","Positive",254,0,4.37,1.6,8,8,0,1,1,16.485,29.911,20.241,9.647,2.116,4118.15,48,21.3,NA,0,0,0,0,0,0,0,0,0,0,0,0,0,0,0,0,0,0,0,0,0,0,0,0,0,0,0,0,0,0,0,561.537,366.15,291.754,227.415,176.71,156.888,144.303,143.501,126.582,125.01,125.944,134.219,121.089,121.296,129.087,129.895,121.889,108.578,92.879,74.519,63.557,53.446,48.753,43.679,37.255,31.85,29.077,25.571,22.795,18.831,16.718,15.031,16.929,15.336,15.725,14.07,17.047,15.724,15.812,15.939,15.799,16.75,14.908,12.697,9.578,9.172,6.589,5.518,3.91,3.903,2.162,2.144,0.85,0.504,0.67,0.346,0.152,0.053,0.055,0,0,0,0,0,0,0,0,0,0,0,0,0,0,0,0,0,0,0,0,0,0,0,0,0,0,0,0,0,0,0,0,0,0,0,0,6.695,7.195,6.757,7.355,7.514,7.352,8.002,8.877,10.379,10.685,12.115,13.822,16.554,16.661,18.402,21.403,23.51,23.959,23.154,21.391,18.537,16.97,15.38,14.953,14.197,12.943,11.724,11.472,10.852,10.548,9.409,9.421,9.259,10.572,10.416,10.942,10.644,11.833,10.846,10.355,10.074,9.402,9.447,8.239,6.81,5.206,4.546,3.183,2.719,1.861,1.742,0.967,0.926,0.357,0.21,0.271,0.137,0.06,0.02,0.02,0,0,0,0,0,0
2026-08-30 21:28:00,1,"Normal Scan","Normal Scan",0,"ON",1,1,1,736.9,5,20.1,96.7,52.2,0.0000000696241,0.0000181857,4.97,8954.6,8.8,736.5,1,"Up Scan","Positive",254,0,4.37,1.6,8,8,0,1,1,19.141,28.207,20.808,9.647,1.961,5877.04,48,21.1,NA,0,0,0,0,0,0,0,0,0,0,0,0,0,0,0,0,0,0,0,0,0,0,0,0,0,0,0,0,0,0,0,646.734,474.277,318.038,253.727,214.553,205.228,204.946,201.822,207.081,209.319,208.082,216.729,229.15,234.19,225.457,244.487,248.391,218.041,187.474,153.367,115.756,94.64,69.434,54.174,43.14,33.413,30.35,24.187,22.226,18.656,17.011,17.737,16.96,17.549,17.864,16.775,16.813,14.436,15.5,16.517,14.839,16.197,14.075,12.649,10.318,9.102,6.766,5.102,4.545,2.746,2.307,1.553,1.296,0.413,0.143,0.296,0.355,0.053,0,0.056,0,0,0,0,0,0,0,0,0,0,0,0,0,0,0,0,0,0,0,0,0,0,0,0,0,0,0,0,0,0,0,0,0,0,0,7.349,8.265,8.765,8.007,8.329,8.905,10.54,12.617,14.695,17.533,20.294,22.928,26.8,31.557,35.586,37.591,44.264,48.643,46.086,42.613,37.419,30.316,26.522,20.796,17.349,14.804,12.36,12.034,10.534,10.496,9.559,9.63,10.272,10.561,11.315,11.742,11.782,11.519,10.244,10.373,10.182,8.989,9.158,7.679,6.726,5.411,4.631,3.225,2.378,2.202,1.239,1.022,0.686,0.545,0.172,0.058,0.118,0.139,0.02,0,0.021,0,0,0,0,0
2026-08-30 21:33:00,1,"Normal Scan","Normal Scan",0,"ON",1,1,1,737.3,5,20.6,96.7,52.2,0.0000000697753,0.0000182097,4.97,8954.6,8.8,736.5,1,"Up Scan","Positive",254,0,4.37,1.6,8,8,0,1,1,16.127,25.698,18.726,9.647,1.947,5528.9,48,21.3,NA,0,0,0,0,0,0,0,0,0,0,0,0,0,0,0,0,0,0,0,0,0,0,0,0,0,0,0,0,0,0,0,785.225,565.373,387.158,276.543,228.732,195.787,197.245,205.682,201.274,205.03,218.46,211.517,192.862,173.005,172.719,169.045,160.981,148.157,116.735,102.992,81.069,64.371,48.674,41.6,36.179,31.659,24.279,22.054,17.708,15.594,15.422,16.677,13.175,13.191,13.143,13.583,12.605,13.256,13.991,13.504,13.711,14.365,13.463,11.212,9.516,7.099,6.618,4.721,3.746,2.278,2.306,1.381,1.028,0.462,0.38,0.148,0.05,0.106,0.054,0,0,0,0,0,0,0,0,0,0,0,0,0,0,0,0,0,0,0,0,0,0,0,0,0,0,0,0,0,0,0,0,0,0,0,0,9.5,10.044,10.466,9.728,9.061,9.489,10.036,12.117,14.931,17.001,19.814,23.9,25.974,26.399,26.185,28.665,30.598,31.543,31.325,26.675,25.284,21.395,18.146,14.755,13.382,12.389,11.702,9.683,9.386,8.212,8.05,8.325,9.489,8.532,9.011,9.161,9.863,9.372,9.394,9.184,8.457,8.246,8.174,7.207,6.124,4.868,3.603,3.224,2.231,1.731,1.023,1.04,0.593,0.432,0.191,0.155,0.059,0.02,0.04,0.02,0,0,0,0,0,0
2026-08-30 21:38:00,1,"Normal Scan","Normal Scan",0,"ON",1,1,1,737,5,20.1,96.8,52.4,0.0000000695522,0.0000181857,4.97,8954.6,8.8,736.5,1,"Up Scan","Positive",254,0,4.37,1.6,8,8,0,1,1,17.311,31.756,21.295,9.647,2.147,3119.32,48,21.1,NA,0,0,0,0,0,0,0,0,0,0,0,0,0,0,0,0,0,0,0,0,0,0,0,0,0,0,0,0,0,0,0,309.962,258.348,195.739,188.592,161.067,139.491,121.102,113.035,118.865,110.369,101.746,98.651,92.814,87.722,87.25,85.161,78.165,78.149,62.473,66.084,57.157,51.517,46.615,42.274,36.258,32.321,24.378,20.583,17.562,13.978,13.66,11.202,12.651,12.155,11.07,11.404,14.433,15.697,15.366,14.783,14.727,13.932,12.521,9.996,8.434,7.907,5.64,4.643,3.217,2.553,1.827,1.368,1.109,0.506,0.558,0.214,0.153,0,0.163,0,0,0,0,0,0,0,0,0,0,0,0,0,0,0,0,0,0,0,0,0,0,0,0,0,0,0,0,0,0,0,0,0,0,0,0,2.75,3.945,4.783,4.956,6.214,6.678,7.139,7.456,8.222,10.02,10.648,11.168,12.132,12.747,13.294,14.586,15.539,15.559,16.822,14.575,16.527,15.337,14.694,14.097,13.598,12.359,11.642,9.451,8.695,8.131,7.269,7.601,7.589,8.682,8.585,8.5,8.782,9.95,10.166,9.709,9.061,8.658,7.799,6.895,5.323,4.456,4.035,2.81,2.226,1.556,1.15,0.84,0.593,0.489,0.21,0.226,0.084,0.06,0,0.061,0,0.033,0,0,0,0
2026-08-30 21:43:00,1,"Normal Scan","Normal Scan",0,"ON",1,1,1,737.3,5,20.6,96.8,51.9,0.0000000697032,0.0000182097,4.97,8954.6,8.8,736.5,1,"Up Scan","Positive",254,0,4.37,1.6,8,8,0,1,1,17.873,34.47,22.427,9.647,2.237,2633.28,48,21.3,NA,0,0,0,0,0,0,0,0,0,0,0,0,0,0,0,0,0,0,0,0,0,0,0,0,0,0,0,0,0,0,0,257.142,224.694,172.811,139.25,114.689,119.091,98.001,93.543,92.465,83.828,78.243,73.757,66.792,65.876,65.06,73.246,68.955,65.611,65.692,57.651,51.474,51.704,45.663,42.335,37.709,28.719,25.971,19.521,18.566,14.445,14.708,12.443,11.55,10.191,11.623,11.677,13.47,14.087,13.907,15.408,14.183,14.351,12.124,10.782,9.33,8.865,5.631,4.712,3.397,3.018,1.656,1.12,0.681,0.51,0.477,0.248,0.254,0.105,0.11,0.16,0,0,0,0,0,0,0,0,0,0,0,0,0,0,0,0,0,0,0,0,0,0,0,0,0,0,0,0,0,0,0,0,0,0,0,2.501,3.312,4.193,4.362,4.548,4.762,6.077,6.044,6.774,7.79,8.101,8.573,9.085,9.201,10.045,10.915,13.389,13.767,14.201,15.331,14.513,13.828,14.78,13.795,13.636,12.821,10.508,10.074,8.288,8.33,7.371,7.996,7.924,7.915,7.852,8.773,9.01,9.487,9.571,9.191,9.628,8.381,8.065,6.613,5.775,4.806,4.36,2.767,2.312,1.661,1.366,0.746,0.519,0.32,0.21,0.193,0.098,0.099,0.04,0.041,0.046,0.014,0,0,0,0
2026-08-30 21:48:00,1,"Normal Scan","Normal Scan",0,"ON",1,1,1,737,5,20.2,96.8,52.3,0.0000000695824,0.0000181905,4.97,8954.6,8.8,736.5,1,"Up Scan","Positive",254,0,4.37,1.6,8,8,0,1,1,17.206,31.597,21.008,9.647,2.169,3007.31,48,21.2,NA,0,0,0,0,0,0,0,0,0,0,0,0,0,0,0,0,0,0,0,0,0,0,0,0,0,0,0,0,0,0,0,397.209,258.026,196.966,157.869,123.82,115.791,100.583,102.879,96.378,109.445,102.977,91.677,90.886,79.17,79.719,79.996,78.346,73.604,66.832,59.522,54.56,49,47.736,40.466,37.458,29.33,22.955,19.263,16.062,13.411,13.399,11.655,11.382,11.627,12.355,11.623,12.822,14.243,13.629,14.422,14.973,13.685,12.958,11.146,8.113,6.953,5.222,4.172,3.49,1.866,1.351,1.9,0.943,0.556,0.428,0.1,0.255,0.053,0,0.057,0,0,0,0,0,0,0,0,0,0,0,0,0,0,0,0,0,0,0,0,0,0,0,0,0,0,0,0,0,0,0,0,0,0,0,4.08,5.103,4.771,4.95,5.165,5.137,5.923,6.216,7.46,8.149,10.572,11.277,11.273,12.469,12.051,13.31,14.586,15.546,15.861,15.566,14.953,14.608,13.961,14.408,12.935,12.656,10.7,8.977,8.204,7.512,6.975,7.536,7.422,7.839,8.429,9.058,8.729,9.289,9.566,8.727,8.702,8.681,7.693,6.942,5.725,4.374,3.549,2.595,2,1.626,0.88,0.602,0.815,0.414,0.229,0.174,0.039,0.099,0.02,0,0.021,0,0,0,0,0
2026-08-30 21:53:00,1,"Normal Scan","Normal Scan",0,"ON",1,1,1,737,5,20.2,96.8,51.7,0.0000000695824,0.0000181905,4.97,8954.6,8.8,736.5,1,"Up Scan","Positive",254,0,4.37,1.6,8,8,0,1,1,19.267,32.211,22.18,9.647,2.102,3149.28,48,21.1,NA,0,0,0,0,0,0,0,0,0,0,0,0,0,0,0,0,0,0,0,0,0,0,0,0,0,0,0,0,0,0,0,267.987,235.255,167.487,157.368,141.26,135.297,124.221,112.391,108.899,112.756,115.522,124.283,115.324,107.943,105.069,101.543,98.764,96.856,86.116,74.422,64.24,53.223,48.594,41.716,36.443,31.412,22.554,20.633,15.949,12.467,11.757,11.42,12.049,10.382,13.273,11.513,13.397,13.676,12.404,14.562,13.031,13.671,12.471,10.789,8.787,7.702,6.073,4.407,4.24,2.587,1.745,0.948,0.874,0.278,0.431,0.296,0.255,0.159,0.054,0.056,0,0,0,0,0,0,0,0,0,0,0,0,0,0,0,0,0,0,0,0,0,0,0,0,0,0,0,0,0,0,0,0,0,0,0,2.75,3.411,4.37,4.209,5.197,5.912,6.937,7.654,8.195,9.22,10.918,12.681,15.284,15.811,16.389,17.522,18.49,19.534,20.696,19.865,18.496,17.121,15.088,14.688,13.277,12.33,11.295,8.821,8.705,7.445,6.611,6.908,7.312,7.941,7.776,9.19,8.791,9.503,9.423,8.48,8.844,7.957,7.768,6.845,5.679,4.513,3.881,2.908,2.156,2.015,1.204,0.815,0.424,0.385,0.115,0.174,0.118,0.099,0.06,0.02,0.021,0.016,0,0,0,0
2026-08-30 21:58:00,1,"Normal Scan","Normal Scan",0,"ON",1,1,1,737.2,5,20.4,96.8,52.1,0.0000000696428,0.0000182001,4.97,8954.6,8.8,736.5,1,"Up Scan","Positive",254,0,4.37,1.6,8,8,0,1,1,20.662,36.422,24.104,9.647,2.224,2352.85,47,21.2,NA,0,0,0,0,0,0,0,0,0,0,0,0,0,0,0,0,0,0,0,0,0,0,0,0,0,0,0,0,0,0,0,205.499,144.09,119.225,118.326,96.352,97.016,87.867,81.692,77.874,73.113,70.069,71.884,67.873,71.643,77.255,78.251,77.744,76.987,65.593,61.041,53.749,50.6,42.912,41.006,37.09,30.154,24.217,18.148,15.528,12.541,12.58,10.833,10.734,10.43,11.995,10.426,12.417,12.092,14.529,14.551,13.065,13.666,11.668,11.795,8.724,6.372,5.669,4.919,3.102,2.873,1.548,0.838,0.898,0.69,0.347,0.233,0.305,0.212,0,0,0,0,0,0,0,0,0,0,0,0,0,0,0,0,0,0,0,0,0,0,0,0,0,0,0,0,0,0,0,0,0,0,0,0,0,1.837,2.639,2.665,3.017,3.914,3.965,4.955,5.393,5.905,6.555,7.08,7.704,8.898,9.391,10.916,12.913,14.285,15.433,16.535,15.29,15.326,14.418,14.431,12.954,13.077,12.516,10.849,9.372,7.656,7.163,6.709,7.08,6.808,7.543,7.862,8.713,8.13,8.948,8.759,9.147,8.945,7.802,7.606,6.561,6.149,4.425,3.294,2.816,2.342,1.533,1.326,0.704,0.359,0.414,0.286,0.141,0.093,0.119,0.08,0,0,0.03,0,0,0,0
2026-08-30 22:03:00,1,"Normal Scan","Normal Scan",0,"ON",1,1,1,737,5,20.2,96.8,51.5,0.0000000695824,0.0000181905,4.97,8954.6,8.8,736.5,1,"Up Scan","Positive",254,0,4.37,1.6,8,8,0,1,1,20.105,36.287,24.14,9.647,2.214,2316.48,47,21.1,NA,0,0,0,0,0,0,0,0,0,0,0,0,0,0,0,0,0,0,0,0,0,0,0,0,0,0,0,0,0,0,0,166.846,134.265,131.829,99.391,113.936,106.632,95.234,97.43,79.872,78.959,78.148,72.814,73.123,70.167,72.11,63.699,64.193,62.101,59.868,54.918,54.31,48.807,45.78,42.966,37.997,28.24,26.392,18.916,16.501,13.264,12.137,13.291,10.896,12.183,11.783,12.785,12.742,11.681,13.228,12.504,15.599,11.993,10.99,10.318,9.286,7.171,5.725,3.364,3.124,2.728,1.502,1.044,0.804,0.321,0.24,0,0,0.106,0.109,0.112,0,0,0,0,0,0,0,0,0,0,0,0,0,0,0,0,0,0,0,0,0,0,0,0,0,0,0,0,0,0,0,0,0,0,0,2.054,2.141,2.514,3.355,3.279,4.726,5.477,5.849,7.059,6.748,7.627,8.566,8.981,10.05,10.669,12.033,11.704,12.833,13.468,14.056,13.883,14.548,13.974,13.84,13.776,12.807,10.284,10.223,8.06,7.649,6.928,7.033,7.864,7.453,8.261,8.856,9.026,8.869,8.197,8.863,7.916,8.727,6.707,6.045,5.444,4.661,3.583,2.744,1.626,1.404,1.226,0.707,0.482,0.339,0.133,0.097,0,0,0.04,0.041,0.041,0,0,0,0,0
2026-08-30 22:08:00,1,"Normal Scan","Normal Scan",0,"ON",1,1,1,737.3,5,20.5,96.8,51.7,0.000000069673,0.0000182049,4.97,8954.6,8.8,736.5,1,"Up Scan","Positive",254,0,4.37,1.6,8,8,0,1,1,21.152,35.848,24.308,9.647,2.176,2469.62,47,21.2,NA,0,0,0,0,0,0,0,0,0,0,0,0,0,0,0,0,0,0,0,0,0,0,0,0,0,0,0,0,0,0,0,189.689,146.969,129.011,107.131,98.94,89.595,88.947,94.864,87.484,82.11,89.01,78.934,81.662,77.814,78.639,76.136,85.667,78.968,75.837,66.961,63.482,55.84,47.798,45.045,40.175,34.311,26.811,23.424,16.249,14.524,12.916,10.336,10.65,10.385,9.991,9.763,9.731,10.734,13.777,12.364,12.918,13.453,13.431,10.785,9.826,6.356,6.043,4.526,2.777,2.046,1.712,0.783,0.856,0.506,0.478,0.344,0.052,0,0,0.056,0,0,0,0,0,0,0,0,0,0,0,0,0,0,0,0,0,0,0,0,0,0,0,0,0,0,0,0,0,0,0,0,0,0,0,2.14,2.439,2.714,3.249,3.521,4.128,4.611,5.483,6.889,7.394,7.926,9.731,9.744,11.242,11.873,13.173,13.998,17.016,16.995,17.624,16.805,17.007,15.946,14.529,14.342,13.537,12.278,10.218,9.485,7.425,7.111,6.957,6.465,7.326,7.577,7.74,7.81,8.044,7.997,8.984,7.843,7.654,7.465,7.07,5.723,4.876,3.24,2.918,2.256,1.318,0.923,0.748,0.352,0.395,0.21,0.193,0.137,0.02,0,0,0.021,0.03,0,0,0,0
2026-08-30 22:13:00,1,"Normal Scan","Normal Scan",0,"ON",1,1,1,736.9,5,20,96.8,51.2,0.000000069522,0.0000181809,4.97,8954.6,8.8,736.5,1,"Up Scan","Positive",254,0,4.37,1.6,8,8,0,1,1,20.156,35.757,24.002,10.366,2.199,2406.63,47,21.1,NA,0,0,0,0,0,0,0,0,0,0,0,0,0,0,0,0,0,0,0,0,0,0,0,0,0,0,0,0,0,0,0,156.627,167.656,148.766,117.332,107.058,112.792,96.262,79.795,81.553,81.205,74.897,68.85,60.761,64.156,66.41,75.868,75.992,74.699,71.657,68.465,57.688,54.962,49.447,45.557,41.386,31.597,26.097,20.263,15.863,13.997,13.265,11.037,9.829,10.531,10.348,10.467,10.684,11.635,12.782,12.439,12.077,15.337,11.871,11.478,8.477,7.548,5.562,4.386,3.342,1.865,1.547,1.036,0.538,0.554,0.191,0.148,0,0,0,0,0,0,0,0,0,0,0,0,0,0,0,0,0,0,0,0,0,0,0,0,0,0,0,0,0,0,0,0,0,0,0,0,0,0,0,1.951,2.042,3.16,3.75,3.861,4.437,5.783,5.899,5.804,6.89,7.839,8.244,8.514,8.417,9.848,11.206,13.914,15.158,16.14,16.716,17.186,15.463,15.669,14.91,14.471,13.996,11.368,9.92,8.443,7.242,7.021,7.164,6.798,7.079,7.469,7.725,8.607,8.126,8.456,8.357,7.964,7.274,8.305,6.41,5.906,4.315,3.676,2.709,2.061,1.526,0.826,0.675,0.445,0.226,0.229,0.077,0.059,0,0,0,0,0,0,0,0,0
2026-08-30 22:18:00,1,"Normal Scan","Normal Scan",0,"ON",1,1,1,737.3,5,20.5,96.8,51.2,0.000000069673,0.0000182049,4.97,8954.6,8.8,736.5,1,"Up Scan","Positive",254,0,4.37,1.6,8,8,0,1,1,18.522,32.773,22.406,9.647,2.138,2910.18,47,21.2,NA,0,0,0,0,0,0,0,0,0,0,0,0,0,0,0,0,0,0,0,0,0,0,0,0,0,0,0,0,0,0,0,242.244,206.766,200.746,152.684,136.606,125.237,122.582,111.585,104.422,95.251,95.353,87.043,79.672,75.512,74.088,80.859,74.768,70.919,78.554,80.833,78.589,68.034,59.877,49.897,43.112,36.419,29.58,21.894,16.983,14.301,12.68,12.077,9.786,10.189,11.22,10.247,9.505,11.816,11.91,11.634,11.859,12.961,13.305,10.351,8.602,7.677,5.601,4.496,3.544,1.598,1.979,1.034,0.544,0.417,0.335,0.148,0.152,0.053,0,0.056,0,0,0,0,0,0,0,0,0,0,0,0,0,0,0,0,0,0,0,0,0,0,0,0,0,0,0,0,0,0,0,0,0,0,0,2.324,3.1,3.907,5.073,5.011,5.685,6.41,7.537,8.1,8.788,9.184,10.464,10.714,10.949,11.532,12.506,14.942,15.045,15.473,18.349,20.167,20.945,19.291,17.948,15.841,14.506,12.984,11.216,8.949,7.727,7.163,6.723,7.182,6.902,7.279,8.003,8.026,7.874,8.368,8.072,7.607,7.039,7.325,7.059,5.51,4.404,3.757,2.688,2.173,1.679,0.718,0.877,0.462,0.263,0.172,0.135,0.059,0.06,0.02,0,0.021,0.03,0,0,0,0
2026-08-30 22:23:00,1,"Normal Scan","Normal Scan",0,"ON",1,1,1,737,5,20.1,96.8,51,0.0000000695522,0.0000181857,4.97,8954.6,8.8,736.5,1,"Up Scan","Positive",254,0,4.37,1.6,8,8,0,1,1,19.637,31.593,22.326,9.647,2.06,3498.81,47,21.1,NA,0,0,0,0,0,0,0,0,0,0,0,0,0,0,0,0,0,0,0,0,0,0,0,0,0,0,0,0,0,0,0,249.577,245.594,239.505,185.764,155.69,140.721,127.356,116.659,122.157,122.292,122.071,111.314,112.736,108.814,120.677,123.935,126.698,123.797,111.595,97.862,84.13,70.385,58.811,52.273,45.289,34.778,28.532,21.425,19.258,15.026,12.553,10.025,11.066,10.07,12.043,11.281,11.768,12.386,10.789,13.717,13.071,13.358,12.492,10.827,9.516,8.024,5.387,4.825,3.082,2.018,2.002,1.193,0.803,0.83,0.24,0.296,0.152,0.105,0.11,0.056,0,0,0,0,0,0,0,0,0,0,0,0,0,0,0,0,0,0,0,0,0,0,0,0,0,0,0,0,0,0,0,0,0,0,0,2.511,3.174,4.558,6.067,6.081,6.475,7.185,7.86,8.489,10.32,11.84,13.419,13.769,15.582,16.637,20.193,22.64,25.039,26.45,25.739,24.273,22.286,19.871,17.678,16.659,15.171,12.426,10.811,8.895,8.587,7.462,7.089,6.498,7.289,7.553,8.644,8.616,8.75,8.79,7.788,8.468,7.919,7.472,6.759,5.725,4.931,3.994,2.713,2.316,1.485,0.931,0.883,0.552,0.339,0.344,0.097,0.118,0.06,0.04,0.041,0.021,0,0,0,0,0
2026-08-30 22:28:00,1,"Normal Scan","Normal Scan",0,"ON",1,1,1,737.3,5,20.6,96.8,51,0.0000000697032,0.0000182097,4.97,8954.6,8.8,736.5,1,"Up Scan","Positive",254,0,4.37,1.6,8,8,0,1,1,19.796,29.542,21.591,9.647,2.001,5207.24,47,21.2,NA,0,0,0,0,0,0,0,0,0,0,0,0,0,0,0,0,0,0,0,0,0,0,0,0,0,0,0,0,0,0,0,537.87,404.267,302.475,235.389,192.124,175.283,162.863,178.506,167.81,166.984,169.398,166.163,172.379,184.607,194.085,201.285,194.519,198.927,183.663,164.251,136.828,106.563,87.174,69.924,58.009,48.3,38.238,29.975,23.879,18.222,15.355,14.423,13.029,11.672,12.421,12.464,12.333,13.1,14.971,14.921,15.298,14.548,15.11,12.948,11.007,9.705,7.088,5.007,4.004,1.909,2.391,0.87,1.249,0.417,0.572,0.1,0.153,0.052,0.163,0,0,0,0,0,0,0,0,0,0,0,0,0,0,0,0,0,0,0,0,0,0,0,0,0,0,0,0,0,0,0,0,0,0,0,0,5.771,6.86,7.518,7.633,7.721,7.962,8.973,10.04,12.971,14.167,16.188,18.663,20.58,23.853,28.191,32.541,36.73,38.41,42.368,42.055,40.367,35.992,29.944,26.092,22.124,19.438,17.141,14.428,12.033,10.521,9.027,8.258,8.589,8.663,8.755,9.375,9.623,9.714,9.625,10.088,9.645,9.009,8.44,7.914,6.899,5.474,4.89,3.449,2.394,1.855,0.88,1.076,0.389,0.527,0.172,0.232,0.039,0.06,0.02,0.061,0,0,0,0,0,0
2026-08-30 22:33:00,1,"Normal Scan","Normal Scan",0,"ON",1,1,1,736.9,5,20,96.8,51.1,0.000000069522,0.0000181809,4.97,8954.6,8.8,736.5,1,"Up Scan","Positive",254,0,4.37,1.6,8,8,0,1,1,17.361,28.816,20.56,9.647,2.048,6353.21,47,21.1,NA,0,0,0,0,0,0,0,0,0,0,0,0,0,0,0,0,0,0,0,0,0,0,0,0,0,0,0,0,0,0,0,792.825,567.634,418.085,321.074,268.502,240.026,221.736,209.801,210.807,201.668,187.583,194.362,191.567,196.461,183.739,187.567,181.447,182.426,166.493,151.181,136.232,117.768,96.204,84.226,73.419,61.868,53.521,48.628,40.916,34.38,30.423,28.475,23.431,21.506,21.196,18.893,19.511,17.125,18.047,18.509,18.727,18.025,15.207,14.56,11.849,9.195,7.817,5.526,4.093,2.837,1.929,1.756,0.671,0.505,0.389,0.435,0.154,0.157,0.109,0,0,0,0,0,0,0,0,0,0,0,0,0,0,0,0,0,0,0,0,0,0,0,0,0,0,0,0,0,0,0,0,0,0,0,0,8.884,10.17,10.495,10.521,10.562,11.144,12.299,13.642,15.26,17.822,19.495,20.615,23.962,26.394,29.87,30.771,34.299,36.055,39.092,38.49,37.609,36.265,33.506,29.434,27.281,25.227,22.681,20.8,19.885,17.78,16.173,15.337,15.146,13.81,13.627,13.934,13.147,13.129,11.942,11.678,11.328,10.987,9.957,8.163,7.601,6.132,4.54,3.775,2.662,1.915,1.336,0.859,0.77,0.282,0.21,0.158,0.173,0.06,0.06,0.041,0,0,0,0,0,0
2026-08-30 22:38:00,1,"Normal Scan","Normal Scan",0,"ON",1,1,1,737.3,5,20.6,96.8,50.8,0.0000000697032,0.0000182097,4.97,8954.6,8.8,736.5,1,"Up Scan","Positive",254,0,4.37,1.6,8,8,0,1,1,20.552,34.948,24.215,9.647,2.163,3957.49,47,21.2,NA,0,0,0,0,0,0,0,0,0,0,0,0,0,0,0,0,0,0,0,0,0,0,0,0,0,0,0,0,0,0,0,316.091,219.792,198.619,217.344,181.216,154.944,141.645,151.449,143.752,134.663,118.989,111.359,106.78,113.511,107.446,107.129,108.618,112.711,109.961,104.652,100.316,95.287,89.802,79.328,74.189,67.258,58.87,46.252,42.562,36.702,31.955,26.493,23.805,20.239,18.589,17.135,16.069,15.809,15.903,16.537,16.934,15.333,14.196,14.006,11.556,8.606,6.132,5.183,3.596,2.921,1.572,1.209,0.936,0.784,0.285,0.098,0.05,0.211,0.054,0.056,0,0,0,0,0,0,0,0,0,0,0,0,0,0,0,0,0,0,0,0,0,0,0,0,0,0,0,0,0,0,0,0,0,0,0,2.988,4.022,4.106,5.04,7.2,7.522,7.905,8.711,10.972,12.098,12.985,13.028,13.748,14.722,17.305,18.068,19.753,21.837,24.518,25.795,26.511,27.238,27.563,27.45,25.968,25.545,24.446,22.58,18.879,18.3,16.727,15.489,14.048,13.315,12.737,12.525,11.681,11.179,11.274,10.334,10.223,9.703,8.635,7.731,7.196,5.813,4.312,3.057,2.468,1.643,1.329,0.73,0.537,0.414,0.324,0.116,0.039,0.02,0.08,0.02,0.023,0.014,0,0,0,0
2026-08-30 22:43:00,1,"Normal Scan","Normal Scan",0,"ON",1,1,1,737,5,20.1,96.8,51.2,0.0000000695522,0.0000181857,4.97,8954.6,8.8,736.5,1,"Up Scan","Positive",254,0,4.37,1.6,8,8,0,1,1,17.22,29.892,21.042,9.647,2.081,4622.8,47,21.1,NA,0,0,0,0,0,0,0,0,0,0,0,0,0,0,0,0,0,0,0,0,0,0,0,0,0,0,0,0,0,0,0,507.443,392.142,290.862,251.276,218.872,208.414,175.238,173.33,175.319,151.912,151.221,128.741,119.955,115.993,110.895,104.812,112.139,116.582,110.264,106.7,97.641,96.463,83.201,82.186,73.109,63.412,54.044,42.856,33.491,26.868,22.936,19.415,17.008,13.916,14.674,11.669,13.724,13.427,12.683,14.194,13.238,14.661,12.601,12.45,10.452,8.096,6.367,4.308,4.269,2.316,1.733,1.279,0.667,0.678,0.254,0.246,0.05,0.053,0.055,0,0,0,0,0,0,0,0,0,0,0,0,0,0,0,0,0,0,0,0,0,0,0,0,0,0,0,0,0,0,0,0,0,0,0,0,5.638,6.523,7.32,7.353,8.276,9.073,10.669,10.801,12.584,14.792,14.672,16.546,15.847,16.506,17.709,18.643,19.332,22.493,25.269,25.943,26.972,26.449,27.713,25.443,26.227,24.759,22.596,20.258,17.074,14.307,12.301,11.36,10.628,10.106,9.454,9.865,9.096,9.834,9.561,8.839,9.019,7.923,8.281,6.854,6.459,5.338,3.972,3.124,2.059,1.98,1.042,0.767,0.556,0.282,0.28,0.103,0.098,0.02,0.02,0.02,0,0,0,0,0,0
2026-08-30 22:48:00,1,"Normal Scan","Normal Scan",0,"ON",1,1,1,737,5,20.3,96.7,50.7,0.0000000696846,0.0000181953,4.97,8954.6,8.8,736.5,1,"Up Scan","Positive",254,0,4.37,1.6,8,8,0,1,1,20.606,33.394,23.672,9.647,2.093,3760.39,47,21.1,NA,0,0,0,0,0,0,0,0,0,0,0,0,0,0,0,0,0,0,0,0,0,0,0,0,0,0,0,0,0,0,0,273.912,202.69,199.825,191.859,179.549,153.494,151.435,142.162,135.009,129.091,116.955,112.772,106.221,108.727,108.086,108.73,121.232,119.712,122.487,114.94,101.953,94.773,87.457,79.459,67.44,58.589,46.33,38.483,30.855,21.761,20.556,18.901,14.853,12.995,11.408,11.783,9.667,11.256,12.971,14.772,13.84,13.553,14.359,11.45,10.671,9.175,6.564,4.767,3.654,2.337,1.712,1.17,0.842,0.598,0.143,0.198,0.102,0.104,0,0,0,0,0,0,0,0,0,0,0,0,0,0,0,0,0,0,0,0,0,0,0,0,0,0,0,0,0,0,0,0,0,0,0,0,0,2.646,3.523,3.722,5.088,6.34,7.484,7.869,9.301,10.303,11.37,12.478,12.837,13.978,14.682,16.667,18.247,20.063,24.257,25.952,28.581,28.819,27.438,27.054,26.484,25.318,22.621,20.891,17.511,15.377,12.97,10.083,10.217,10.076,9.007,9.149,8.612,9.014,8.267,8.503,9.109,9.342,8.287,7.719,7.634,5.971,5.373,4.564,3.171,2.218,1.71,1.082,0.748,0.504,0.373,0.248,0.058,0.078,0.04,0.04,0,0,0.016,0,0,0,0
2026-08-30 22:53:00,1,"Normal Scan","Normal Scan",0,"ON",1,1,1,737,5,20.2,96.8,51.3,0.0000000695824,0.0000181905,4.97,8954.6,8.8,736.5,1,"Up Scan","Positive",254,0,4.37,1.6,8,8,0,1,1,21.931,34.314,24.569,9.647,2.072,3361.47,47,21.1,NA,0,0,0,0,0,0,0,0,0,0,0,0,0,0,0,0,0,0,0,0,0,0,0,0,0,0,0,0,0,0,0,178.964,170.13,163.325,160.349,140.588,146.951,131.383,134.736,126.929,115.841,112.279,110.042,96.017,96.226,108.568,116.248,117.675,115.145,116.334,108.197,100.814,90.621,78.593,70.83,64.501,54.929,44.259,34.147,27.139,20.127,17.447,16.102,12.331,11.847,9.972,9.155,9.093,11.014,10.77,10.868,14.319,13.088,12.604,11.6,10.39,8.024,6.144,3.968,2.834,2.879,1.845,1.162,0.813,0.368,0.287,0.297,0.204,0.052,0.054,0.057,0,0,0,0,0,0,0,0,0,0,0,0,0,0,0,0,0,0,0,0,0,0,0,0,0,0,0,0,0,0,0,0,0,0,0,2.055,2.302,3.187,4.128,5.315,5.862,7.528,8.086,9.821,10.694,11.179,12.347,13.618,13.277,14.786,18.293,21.376,23.534,24.902,27.066,27.141,27.044,25.798,23.803,22.551,21.592,19.466,16.562,13.496,11.535,9.254,8.598,8.795,7.833,7.873,7.951,7.689,7.59,8.304,7.864,7.436,8.309,7.192,6.934,6.113,5.282,4.02,2.937,1.913,1.361,1.329,0.821,0.5,0.357,0.153,0.116,0.118,0.079,0.02,0.02,0.021,0,0,0,0,0
2026-08-30 22:58:00,1,"Normal Scan","Normal Scan",0,"ON",1,1,1,737,5,20.3,96.7,50.7,0.0000000696846,0.0000181953,4.97,8954.6,8.8,736.5,1,"Up Scan","Positive",254,0,4.37,1.6,8,8,0,1,1,23.316,35.36,25.493,9.647,2.071,3208.65,47,21.1,NA,0,0,0,0,0,0,0,0,0,0,0,0,0,0,0,0,0,0,0,0,0,0,0,0,0,0,0,0,0,0,0,159.148,157.198,144.896,122.13,132.897,118.318,112.608,122.084,116.731,119.43,117.571,105.021,101.792,101.731,108.669,106.726,104.312,113.077,116.438,117.703,102.527,90.571,82.805,75.642,65.068,52.989,46.204,34.631,26.894,21.5,16.853,14.867,14.223,12.555,11.533,10.955,9.495,12.277,11.809,11.579,11.848,13.028,12.084,11.316,8.702,8.063,6.119,4.366,3.098,2.537,1.36,1.02,0.721,0.277,0.239,0.098,0.154,0,0.109,0.057,0,0,0,0,0,0,0,0,0,0,0,0,0,0,0,0,0,0,0,0,0,0,0,0,0,0,0,0,0,0,0,0,0,0,0,1.474,2.004,2.951,3.667,4.04,5.538,6.06,6.94,8.857,9.833,11.565,12.887,12.957,14.055,15.611,18.33,19.699,20.949,24.535,27.178,29.43,27.44,25.878,24.996,24.031,21.824,18.743,17.233,13.871,11.514,10.009,8.487,8.301,8.827,8.306,8.079,8.457,7.661,8.7,8.167,7.583,7.235,7.235,6.598,5.809,4.396,3.976,2.921,2.071,1.432,1.149,0.62,0.445,0.32,0.114,0.097,0.039,0.06,0,0.041,0.021,0,0,0,0,0
2026-08-30 23:03:00,1,"Normal Scan","Normal Scan",0,"ON",1,1,1,737,5,20.3,96.7,51.1,0.0000000696846,0.0000181953,4.97,8954.6,8.8,736.5,1,"Up Scan","Positive",254,0,4.37,1.6,8,8,0,1,1,19.819,32.759,23.102,9.647,2.08,3121.88,47,21.1,NA,0,0,0,0,0,0,0,0,0,0,0,0,0,0,0,0,0,0,0,0,0,0,0,0,0,0,0,0,0,0,0,206.1,195.011,168.129,154.336,148.604,140.166,126.92,131.42,125.701,112.288,106.928,108.34,99.866,93.564,88.553,88.832,87.994,91.607,88.546,84.357,77.57,72.807,72.831,65.166,57.085,45.352,37.003,26.149,19.437,15.951,12.074,13.04,10.432,8.746,10.633,9.004,8.899,9.161,10.572,12.348,10.105,12.414,11.228,10.219,9.203,6.361,5.351,4.681,3.145,2.174,1.606,1.299,1.048,0.489,0.189,0.197,0.102,0.21,0.11,0.224,0,0,0,0,0,0,0,0,0,0,0,0,0,0,0,0,0,0,0,0,0,0,0,0,0,0,0,0,0,0,0,0,0,0,0,1.93,2.627,3.635,4.241,5.114,6.188,7.17,7.834,9.541,10.589,10.853,11.708,13.327,13.709,14.272,14.88,16.349,17.637,19.931,20.807,21.29,20.86,20.798,21.809,20.552,18.988,15.92,13.895,10.428,8.488,7.541,6.537,7.197,6.771,6.643,7.526,7.286,7.151,7.09,7.522,7.627,6.387,7.138,6.185,5.321,4.77,3.327,2.633,2.224,1.468,1.042,0.711,0.63,0.459,0.202,0.077,0.078,0.04,0.08,0.041,0.082,0,0,0,0,0
2026-08-30 23:08:00,1,"Normal Scan","Normal Scan",0,"ON",1,1,1,736.9,5,20.1,96.7,50.7,0.0000000696241,0.0000181857,4.97,8954.6,8.8,736.5,1,"Up Scan","Positive",254,0,4.37,1.6,8,8,0,1,1,20.271,34.735,24.032,9.647,2.134,2682.54,47,21,NA,0,0,0,0,0,0,0,0,0,0,0,0,0,0,0,0,0,0,0,0,0,0,0,0,0,0,0,0,0,0,0,163.041,157.75,134.283,136.962,118.078,121.664,112.007,110.73,105.764,102.817,97.091,87.21,82.047,77.979,71.78,71.416,70.41,75.11,77.783,69.915,68.853,64.677,63.144,58.145,49.989,44.996,36.808,27.204,20.687,15.92,13.349,12.206,9.821,9.56,8.885,9.269,8.908,10.434,11.243,12.287,12.583,12.487,10.832,10.029,9.804,7.91,5.788,3.639,2.488,2.189,1.638,1.394,0.42,0.369,0.237,0.246,0.153,0,0.054,0.056,0,0,0,0,0,0,0,0,0,0,0,0,0,0,0,0,0,0,0,0,0,0,0,0,0,0,0,0,0,0,0,0,0,0,0,1.63,2.116,2.936,3.382,4.515,4.913,6.228,6.88,8.044,8.942,9.917,10.605,10.723,11.254,11.912,12.053,13.184,14.181,16.398,18.296,17.71,18.66,18.596,19.085,18.432,16.732,15.872,13.739,10.84,8.905,7.518,7.064,7.077,6.643,6.934,7.167,7.512,7.162,7.68,7.949,7.734,7.574,6.759,5.868,5.264,5.065,3.819,2.805,1.739,1.2,0.988,0.732,0.615,0.184,0.153,0.097,0.098,0.06,0,0.02,0.021,0.017,0,0,0,0
2026-08-30 23:13:00,1,"Normal Scan","Normal Scan",0,"ON",1,1,1,737.1,5,20.4,96.7,50.9,0.0000000697148,0.0000182001,4.97,8954.6,8.8,736.5,1,"Up Scan","Positive",254,0,4.37,1.6,8,8,0,1,1,19.155,34.382,23.333,9.647,2.159,2548.76,47,21.1,NA,0,0,0,0,0,0,0,0,0,0,0,0,0,0,0,0,0,0,0,0,0,0,0,0,0,0,0,0,0,0,0,174.585,147.657,153.517,134.38,125.494,123.117,115.823,110.609,95.433,91.623,93.108,79.599,76.74,65.605,66.877,59.954,60.79,61.886,60.774,64.85,60.627,56.741,54.692,52.619,48.155,41.971,33.853,23.562,17.625,15.386,13.211,10.069,8.575,9.097,8.89,7.334,9.617,9.72,9.881,11.174,11.233,13.424,11.375,11.292,9.08,6.878,5.726,4.338,3.297,2.179,1.176,1.106,1.13,0.552,0.24,0.148,0.103,0.16,0.108,0,0,0,0,0,0,0,0,0,0,0,0,0,0,0,0,0,0,0,0,0,0,0,0,0,0,0,0,0,0,0,0,0,0,0,0,1.681,2.278,2.751,3.929,4.429,5.211,6.291,7.114,8.016,7.998,8.827,10.158,9.798,10.535,9.983,11.248,11.084,12.249,13.557,14.404,16.46,16.48,16.37,16.516,16.688,16.137,14.797,12.5,9.432,7.821,7.153,6.821,6.208,5.977,6.634,6.972,6.731,7.558,7.67,7.069,7.227,6.84,7.591,6.179,5.788,4.611,3.555,2.832,2.041,1.516,0.994,0.592,0.476,0.476,0.229,0.097,0.059,0.04,0.06,0.041,0,0,0,0,0,0
2026-08-30 23:18:00,1,"Normal Scan","Normal Scan",0,"ON",1,1,1,736.9,5,20.1,96.7,50.6,0.0000000696241,0.0000181857,4.97,8954.6,8.8,736.5,1,"Up Scan","Positive",254,0,4.37,1.6,8,8,0,1,1,18.353,31.754,22.149,9.647,2.078,2944.52,47,21,NA,0,0,0,0,0,0,0,0,0,0,0,0,0,0,0,0,0,0,0,0,0,0,0,0,0,0,0,0,0,0,0,203.262,172.198,164.425,160.073,162.127,151.427,150.147,132.964,123.895,123.055,119.511,103.717,96.392,87.436,80.245,68.717,64.427,64.188,63.192,65.111,63.957,59.931,55.194,52.963,48.244,41.749,32.951,23.922,18.075,13.902,13.524,10.089,9.674,7.754,8.345,8.01,8.821,9.507,11.302,11.171,11.886,10.054,10.653,10.338,9.515,7.578,5.63,3.981,2.947,2.187,1.477,0.777,0.669,0.46,0.477,0.196,0.051,0.053,0,0,0,0,0,0,0,0,0,0,0,0,0,0,0,0,0,0,0,0,0,0,0,0,0,0,0,0,0,0,0,0,0,0,0,0,0,1.546,2.614,3.209,4.169,5.287,6.739,7.783,9.225,9.65,10.427,11.874,13.042,12.7,13.166,13.248,13.421,12.677,12.971,14.041,14.971,16.512,17.34,17.179,16.718,16.781,16.107,14.77,12.232,9.567,7.844,6.687,6.881,6.112,6.504,6.077,6.657,6.581,7.015,7.252,7.868,7.412,6.931,5.972,5.779,5.417,4.721,3.737,2.737,1.967,1.341,0.988,0.657,0.334,0.282,0.191,0.193,0.078,0.02,0.02,0,0,0,0,0,0,0
2026-08-30 23:23:00,1,"Normal Scan","Normal Scan",0,"ON",1,1,1,737.3,5,20.6,96.7,50.7,0.0000000697753,0.0000182097,4.97,8954.6,8.8,736.5,1,"Up Scan","Positive",254,0,4.37,1.6,8,8,0,1,1,18.93,35.342,23.725,12.864,2.183,2438.8,47,21.2,NA,0,0,0,0,0,0,0,0,0,0,0,0,0,0,0,0,0,0,0,0,0,0,0,0,0,0,0,0,0,0,0,133.507,131.682,143.122,131.821,143.632,127.163,119.705,111.461,97.555,93.196,84.673,73.331,70.449,60.151,54.934,56.732,53.446,53.915,56.866,58.927,55.118,54.672,53.723,49.66,46.754,40.062,35.045,26.416,19.077,14.896,11.05,9.86,9.182,8.675,8.96,8.893,9.778,10.654,11.206,12.707,12.439,13.198,12.45,11,10.005,7.975,5.509,3.558,3.237,1.983,1.664,1.183,0.813,0.323,0.382,0.098,0.101,0,0.054,0.169,0,0,0,0,0,0,0,0,0,0,0,0,0,0,0,0,0,0,0,0,0,0,0,0,0,0,0,0,0,0,0,0,0,0,0,1.516,1.755,2.476,3.6,4.344,5.99,6.513,7.349,8.079,8.193,8.953,9.256,8.996,9.648,9.18,9.267,10.464,10.821,11.854,13.502,15.019,15.044,15.842,16.329,15.845,15.614,14.046,13.019,10.478,8.334,7.078,6.145,6.243,6.436,6.795,7.119,7.561,7.81,7.989,7.979,8.014,7.285,7.413,6.58,5.75,5.091,3.951,2.631,1.777,1.515,0.88,0.742,0.543,0.376,0.134,0.155,0.039,0.04,0,0.02,0.062,0.015,0,0,0,0
2026-08-30 23:28:00,1,"Normal Scan","Normal Scan",0,"ON",1,1,1,737.7,5,21.2,96.7,50.3,0.0000000699568,0.0000182384,4.97,8954.6,8.8,736.5,1,"Up Scan","Positive",254,0,4.37,1.6,8,8,0,1,1,18.966,28.917,21.46,9.647,1.954,3945.79,47,21.4,NA,0,0,0,0,0,0,0,0,0,0,0,0,0,0,0,0,0,0,0,0,0,0,0,0,0,0,0,0,0,0,0,276.392,256.241,226.357,187.915,179.999,186.929,193.979,179.584,150.173,153.283,155.278,168.479,159.931,141.031,129.305,123.96,110.339,107.582,100.364,96.246,84.955,76.921,67.943,62.685,54.433,46.922,35.832,26.847,22.822,16.869,13.776,11.567,10.947,9.402,8.751,8.785,8.849,8.236,7.131,8.906,8.435,8.625,9.666,9.823,8.738,6.733,4.921,3.792,2.955,2.34,1.266,0.732,0.674,0.509,0.238,0.295,0.05,0.053,0,0,0,0,0,0,0,0,0,0,0,0,0,0,0,0,0,0,0,0,0,0,0,0,0,0,0,0,0,0,0,0,0,0,0,0,0,2.491,3.536,4.776,5.729,6.16,7.464,9.574,11.89,13.031,12.679,14.81,16.999,20.65,21.848,21.29,21.55,22.6,21.947,23.204,23.363,24.056,22.777,21.865,20.433,19.908,18.211,16.47,13.404,10.715,9.621,7.754,7.013,6.416,6.399,6.279,6.296,6.444,6.795,6.462,5.789,6.083,5.295,5.142,5.368,5.104,4.331,3.329,2.443,1.806,1.395,1.041,0.565,0.315,0.301,0.21,0.097,0.118,0.02,0.02,0,0,0.014,0,0,0,0
2026-08-30 23:33:00,1,"Normal Scan","Normal Scan",0,"ON",1,1,1,738.3,5,22,96.7,50,0.0000000701988,0.0000182767,4.97,8954.6,8.8,736.5,1,"Up Scan","Positive",254,0,4.37,1.6,8,8,0,1,1,16.563,24.676,19.204,9.647,1.84,3704.26,46,21.8,NA,0,0,0,0,0,0,0,0,0,0,0,0,0,0,0,0,0,0,0,0,0,0,0,0,0,0,0,0,0,0,0,293.9,269.781,288.787,242.421,206.793,201.073,184.353,164.543,153.422,144.882,136.636,132.17,125.383,119.138,110.844,112.786,107.648,101.448,89.343,82.769,74.154,57.762,49.26,38.727,32.742,25.981,18.923,14.125,10.204,9.322,7.237,6.731,6.511,5.648,5.768,6.269,5.998,6.82,7.189,6.585,7.432,6.684,5.762,5.074,4.426,3.126,2.734,1.693,1.222,0.592,0.475,0.258,0.312,0.185,0.097,0,0,0.053,0.054,0,0,0,0,0,0,0,0,0,0,0,0,0,0,0,0,0,0,0,0,0,0,0,0,0,0,0,0,0,0,0,0,0,0,0,0,2.503,3.834,5.005,7.333,7.959,8.575,10.265,11.297,11.912,12.879,13.95,14.935,16.226,17.172,18.039,18.483,20.513,21.206,21.655,20.499,20.386,19.488,16.13,14.608,12.152,10.878,9.101,7.108,5.773,4.547,4.455,3.96,4.078,4.201,4.033,4.327,4.512,4.278,4.479,4.502,3.91,4.14,3.63,2.984,2.54,2.131,1.545,1.319,0.796,0.548,0.266,0.237,0.111,0.131,0.076,0.039,0,0,0.02,0.02,0,0,0,0,0,0
2026-08-30 23:38:00,1,"Normal Scan","Normal Scan",0,"ON",1,1,1,738.6,5,22.4,96.7,49.5,0.0000000703198,0.0000182958,4.97,8954.6,8.8,736.5,1,"Up Scan","Positive",254,0,4.37,1.6,8,8,0,1,1,16.472,25.128,19.3,10.366,1.85,3234.22,44,22.1,NA,0,0,0,0,0,0,0,0,0,0,0,0,0,0,0,0,0,0,0,0,0,0,0,0,0,0,0,0,0,0,0,216.132,239.468,209.772,203.237,203.328,190.941,184.716,183.375,154.459,142.819,128.072,115.184,108.983,106.022,90.229,83.646,79.535,69.516,65.954,62.129,57.333,50.514,44.502,34.965,29.604,23.161,18.854,14.217,10.881,8.529,7.464,7.408,6.449,6.361,6.807,6.482,5.022,5.775,5.483,6.833,5.912,6.724,5.706,5.292,4.52,3.479,2.28,2.097,1.127,0.767,0.555,0.505,0.357,0.277,0.048,0.049,0.203,0.053,0.109,0,0,0,0,0,0,0,0,0,0,0,0,0,0,0,0,0,0,0,0,0,0,0,0,0,0,0,0,0,0,0,0,0,0,0,0,1.567,2.766,4.455,5.276,6.699,8.415,9.761,11.304,13.215,12.966,13.72,13.955,14.095,14.847,15.998,14.995,15.246,15.755,14.966,15.249,15.384,15.15,14.213,13.246,11.038,9.86,8.205,7.151,5.754,4.832,4.259,3.998,4.153,3.957,4.275,4.553,4.62,3.794,4.14,3.679,4.192,3.472,3.607,3.024,2.659,2.312,1.734,1.143,0.971,0.563,0.366,0.267,0.222,0.15,0.114,0.019,0.02,0.079,0.02,0.041,0,0,0,0,0,0
2026-08-30 23:43:00,1,"Normal Scan","Normal Scan",0,"ON",1,1,1,737.9,5,21.4,96.8,48.4,0.0000000699449,0.000018248,4.97,8954.6,8.8,736.5,1,"Up Scan","Positive",254,0,4.37,1.6,8,8,0,1,1,20.921,26.167,21.568,30.505,1.746,4110.74,43,22,NA,0,0,0,0,0,0,0,0,0,0,0,0,0,0,0,0,0,0,0,0,0,0,0,0,0,0,0,0,0,0,0,202.339,169.671,197.73,189.18,186.453,190.15,186.795,181.809,178.522,165.053,168.182,162.342,159.329,174.847,195.067,210.637,229.423,201.509,162.742,138.785,104.651,77.474,56.864,37.403,29.194,21.691,15.217,12.207,10.26,7.397,6.595,5.279,5.167,4.683,5.768,5.007,5.37,6.806,5.006,5.834,5.129,5.05,5.256,3.781,3.767,2.215,2.015,1.451,0.904,0.519,0.437,0.343,0.446,0.185,0.191,0.148,0.306,0.105,0.054,0,0,0,0,0,0,0,0,0,0,0,0,0,0,0,0,0,0,0,0,0,0,0,0,0,0,0,0,0,0,0,0,0,0,0,0,1.515,2.626,3.188,5.027,6.247,7.752,9.717,11.492,13.193,15.036,15.975,18.507,20.135,22.068,26.635,32.514,38.139,44.8,42.427,36.846,33.662,27.127,21.391,16.712,11.736,9.659,7.644,5.757,4.912,4.503,3.612,3.559,3.363,3.323,3.309,3.822,3.569,3.761,4.206,3.305,3.377,2.955,2.811,2.679,1.944,1.929,1.193,1.008,0.712,0.494,0.287,0.219,0.148,0.188,0.076,0.077,0.059,0.119,0.04,0.02,0,0,0,0,0,0
2026-08-30 23:48:00,1,"Normal Scan","Normal Scan",0,"ON",1,1,1,737.3,5,20.6,96.7,47.2,0.0000000697753,0.0000182097,4.97,8954.6,8.8,736.5,1,"Up Scan","Positive",254,0,4.37,1.6,8,8,0,1,1,21.124,25.529,21.648,22.876,1.675,5378.12,43,21.8,NA,0,0,0,0,0,0,0,0,0,0,0,0,0,0,0,0,0,0,0,0,0,0,0,0,0,0,0,0,0,0,0,177.561,181.382,185.22,233.773,255.014,245.182,266.522,254.194,251.894,262.036,272.246,277.328,285.98,279.351,282.847,271.999,251.674,233.592,203.702,167.321,132.942,92.505,63.697,44.886,32.098,24.45,18.076,14.481,10.322,9.136,8.134,7.606,5.586,6.138,6.481,6.93,6.074,6.264,6.019,5.319,4.85,4.981,4.506,3.851,3.889,2.597,2.475,1.593,0.94,0.777,0.631,0.392,0.089,0.184,0.19,0,0.05,0.106,0,0.056,0,0,0,0,0,0,0,0,0,0,0,0,0,0,0,0,0,0,0,0,0,0,0,0,0,0,0,0,0,0,0,0,0,0,0,1.568,2.279,3.399,4.713,7.758,10.587,12.576,16.451,18.474,21.303,25.378,29.895,34.179,39.208,42.31,46.947,49.185,49.242,49.237,46.072,40.545,34.386,25.53,18.748,14.034,10.685,8.672,6.846,5.882,4.647,4.447,4.339,4.174,3.601,3.971,4.116,4.422,4.015,3.983,3.745,3.308,2.952,2.71,2.375,2.056,1.958,1.249,1.214,0.769,0.437,0.359,0.292,0.185,0.038,0.076,0.077,0,0.02,0.04,0,0.021,0,0,0,0,0
2026-08-30 23:53:00,1,"Normal Scan","Normal Scan",0,"ON",1,1,1,737.6,5,21,96.7,46.8,0.0000000698963,0.0000182289,4.97,8954.6,8.8,736.5,1,"Up Scan","Positive",254,0,4.37,1.6,8,8,0,1,1,20.393,24.437,20.834,24.582,1.646,5100.28,43,21.8,NA,0,0,0,0,0,0,0,0,0,0,0,0,0,0,0,0,0,0,0,0,0,0,0,0,0,0,0,0,0,0,0,190.439,193.613,186.801,222.531,217.569,229.229,229.411,246.54,279.537,294.218,292.051,301.326,291.476,308.735,298.07,283.11,236.995,179.101,134.138,103.565,74.161,55.167,41.21,29.827,25.453,21.422,16.548,12.572,8.719,8.219,6.38,5.282,6.39,4.919,5.433,6.002,6.195,6.441,5.892,6.825,5.68,4.523,3.633,3.289,3.119,2.011,1.75,0.966,0.832,0.741,0.392,0.394,0.317,0.37,0.333,0.098,0.052,0.213,0,0.056,0,0,0,0,0,0,0,0,0,0,0,0,0,0,0,0,0,0,0,0,0,0,0,0,0,0,0,0,0,0,0,0,0,0,0,1.434,2.465,3.624,4.744,7.364,9.078,11.774,14.12,17.982,23.644,28.499,32.039,37.039,39.805,46.365,49.047,50.713,45.982,37.601,30.356,25.192,19.365,15.386,12.23,9.402,8.488,7.551,6.259,5.121,3.94,3.989,3.597,3.381,3.92,3.449,3.76,3.857,3.801,3.842,3.668,3.771,3.083,2.447,2.008,1.78,1.591,1.059,0.974,0.521,0.406,0.359,0.219,0.185,0.15,0.153,0.135,0.039,0.02,0.08,0,0.024,0.014,0,0,0,0
2026-08-30 23:58:00,1,"Normal Scan","Normal Scan",0,"ON",1,1,1,737,5,20.3,96.7,47,0.0000000696846,0.0000181953,4.97,8954.6,8.8,736.5,1,"Up Scan","Positive",254,0,4.37,1.6,8,8,0,1,1,19.237,24.689,20.534,14.855,1.706,4483.3,43,21.6,NA,0,0,0,0,0,0,0,0,0,0,0,0,0,0,0,0,0,0,0,0,0,0,0,0,0,0,0,0,0,0,0,184.519,203.014,199.692,217.796,236.813,242.199,243.088,235.502,233.455,227.6,222.811,211.431,211.925,196.757,196.735,188.81,177.724,164.627,143.18,112.619,93.44,71.221,50.78,37.056,28.151,20.286,15.843,11.481,8.259,7.235,6.111,5.4,5.748,5.706,6.509,6.166,6.5,5.547,5.521,6.007,4.916,4.732,4.119,4.019,2.896,2.115,1.574,1.798,1.047,0.555,0.57,0.612,0.401,0.277,0.095,0.148,0,0.053,0.109,0,0,0,0,0,0,0,0,0,0,0,0,0,0,0,0,0,0,0,0,0,0,0,0,0,0,0,0,0,0,0,0,0,0,0,0,1.442,2.378,3.808,5.09,7.195,9.876,12.412,15.004,17.083,19.698,22.013,24.421,26.023,29.07,29.8,32.644,34.157,34.804,34.776,32.473,27.436,24.267,19.688,14.957,11.526,9.354,7.129,5.983,4.755,3.863,3.654,3.48,3.312,3.602,3.748,4.133,3.966,4.059,3.623,3.363,3.431,2.88,2.727,2.198,2.084,1.572,1.11,0.828,0.862,0.495,0.248,0.277,0.278,0.169,0.114,0.039,0.059,0,0.02,0.041,0,0,0,0,0,0
