"date","Flag","Detector.Status","Classifier.Errors","Communication.Status","Neutralizer.Status","Detector.Inlet.Flow..L.min.","Detector.Counting.Flow..L.min.","Impactor.Flow..L.min.","Impactor.D50..nm.","Sheath.Flow..L.min.","Sheath.Temp..C.","Sheath.Pressure..kPa.","Sheath.Relative.Humidity....","Mean.Free.Path..m.","Gas.Viscosity..Pa.s.","Low.Voltage..V.","High.Voltage..V.","Lower.Size..nm.","Upper.Size..nm.","Wide.Range.Scan.Mode","Scan.Direction","HV.Polarity","DMA.V.Ramping.Up..TUP...s.","DMA.V.Ramping.Down..TDOWN...s.","DMA.Column.transit.time.Tf..s.","DMA.Exit.to.Optical.Detector.Td..s.","DMA.at.Low.Voltage..TLOW...s.","DMA.at.High.Voltage..THIGH...s.","Adjustment..s.","Dilution.Factor","Aerosol.Density..g.cm..","Median..nm.","Mean..nm.","Geo..Mean..nm.","Mode..nm.","Geo..Std..Dev","Total.Concentration....cm..","Aerosol.Humidity....","Aerosol.Temperature..C.","Reserved.1","part_1.04","part_1.11","part_1.20","part_1.29","part_1.38","part_1.49","part_1.60","part_1.72","part_1.84","part_1.98","part_2.13","part_2.29","part_2.46","part_2.64","part_2.84","part_3.05","part_3.28","part_3.52","part_3.79","part_4.07","part_4.37","part_4.70","part_5.05","part_5.42","part_5.83","part_6.26","part_6.73","part_7.23","part_7.77","part_8.35","part_8.98","part_9.65","part_10.37","part_11.14","part_11.97","part_12.86","part_13.82","part_14.86","part_15.96","part_17.15","part_18.43","part_19.81","part_21.29","part_22.88","part_24.58","part_26.42","part_28.39","part_30.51","part_32.78","part_35.23","part_37.86","part_40.68","part_43.71","part_46.98","part_50.48","part_54.25","part_58.29","part_62.64","part_67.32","part_72.34","part_77.74","part_83.54","part_89.77","part_96.47","part_103.66","part_111.40","part_119.71","part_128.64","part_138.24","part_148.55","part_159.63","part_171.54","part_184.34","part_198.10","part_212.88","part_228.76","part_245.82","part_264.16","part_283.87","part_305.05","part_327.81","part_352.27","part_378.55","part_406.79","part_437.14","part_469.76","part_504.81","part_542.47","part_582.94","part_626.43","part_673.17","part_723.39","part_777.37","part_835.36","part_897.69","part_964.66","raw_1.04","raw_1.11","raw_1.20","raw_1.29","raw_1.38","raw_1.49","raw_1.60","raw_1.72","raw_1.84","raw_1.98","raw_2.13","raw_2.29","raw_2.46","raw_2.64","raw_2.84","raw_3.05","raw_3.28","raw_3.52","raw_3.79","raw_4.07","raw_4.37","raw_4.70","raw_5.05","raw_5.42","raw_5.83","raw_6.26","raw_6.73","raw_7.23","raw_7.77","raw_8.35","raw_8.98","raw_9.65","raw_10.37","raw_11.14","raw_11.97","raw_12.86","raw_13.82","raw_14.86","raw_15.96","raw_17.15","raw_18.43","raw_19.81","raw_21.29","raw_22.88","raw_24.58","raw_26.42","raw_28.39","raw_30.51","raw_32.78","raw_35.23","raw_37.86","raw_40.68","raw_43.71","raw_46.98","raw_50.48","raw_54.25","raw_58.29","raw_62.64","raw_67.32","raw_72.34","raw_77.74","raw_83.54","raw_89.77","raw_96.47","raw_103.66","raw_111.40","raw_119.71","raw_128.64","raw_138.24","raw_148.55","raw_159.63","raw_171.54","raw_184.34","raw_198.10","raw_212.88","raw_228.76","raw_245.82","raw_264.16","raw_283.87","raw_305.05","raw_327.81","raw_352.27","raw_378.55","raw_406.79","raw_437.14","raw_469.76","raw_504.81","raw_542.47","raw_582.94","raw_626.43","raw_673.17","raw_723.39","raw_777.37","raw_835.36","raw_897.69","raw_964.66"
2026-08-28 00:03:00,1,"Normal Scan","Normal Scan",0,"ON",1,1,1,737.3,5,20.4,97,52.4,6.94992e-08,1.82001e-05,4.97,8954.6,8.8,736.5,1,"Up Scan","Positive",254,0,4.37,1.6,8,8,0,1,1,30.537,47.06,33.942,32.781,2.109,8879.24,49,21.1,NA,0,0,0,0,0,0,0,0,0,0,0,0,0,0,0,0,0,0,0,0,0,0,0,0,0,0,0,0,0,0,0,129.734,110.603,155.686,156.985,177.208,201.683,215.097,269.442,282.855,317.393,331.494,344.826,364.256,377.783,389.4,410.134,413.123,413.932,397.34,353.991,317.396,269.091,229.683,198.006,163.882,149.137,133.508,121.192,112.206,109.189,100.836,100.703,98.678,97.479,95.43,93.349,87.376,84.41,81.205,72.596,63.378,52.951,47.434,40.596,34.03,27.686,23.295,18.12,12.958,10.269,7.74,5.108,2.494,1.555,1.634,0.591,0.51,0.37,0,0.199,0,0,0,0,0,0,0,0,0,0,0,0,0,0,0,0,0,0,0,0,0,0,0,0,0,0,0,0,0,0,0,0,0,0,0,0.726,1.68,2.063,3.957,5.205,7.392,10.412,13.363,19.676,23.96,30.838,36.585,42.75,50.394,57.865,65.404,75.177,82.096,88.836,91.77,87.863,84.697,76.955,70.541,65.205,58.437,56.845,55.037,53.811,53.351,55.504,54.548,56.438,57.813,57.992,57.392,55.779,52.848,50.419,47.6,42.238,36.576,29.725,26.033,21.763,17.669,13.737,11.234,8.739,5.992,4.707,3.426,2.233,1.088,0.645,0.662,0.235,0.199,0.141,0,0.067,0.014,0,0,0,0
2026-08-28 00:08:00,1,"Normal Scan","Normal Scan",0,"ON",1,1,1,737,5,19.9,97,52.7,6.93485e-08,1.81761e-05,4.97,8954.6,8.8,736.5,1,"Up Scan","Positive",254,0,4.37,1.6,8,8,0,1,1,29.368,42.702,31.773,30.505,2.006,10999.9,49,20.9,NA,0,0,0,0,0,0,0,0,0,0,0,0,0,0,0,0,0,0,0,0,0,0,0,0,0,0,0,0,0,0,0,134.393,168.291,195.245,196.039,232.352,261.706,304.08,331.022,351.924,383.836,384.116,418.072,464.931,528.418,569.81,598.68,601.367,587.51,548.494,490.364,416.256,348.871,278.789,216.954,177.106,147.992,127.718,117.223,113.497,105.802,103.866,97.581,88.732,83.013,80.807,81.797,79.531,77.173,77.851,69.326,65.061,56.438,51.622,41.425,35.21,28.05,22.099,17.046,13.708,9.953,6.411,4.361,3.081,2.027,0.855,0.793,0.613,0.424,0.162,0.056,0,0,0,0,0,0,0,0,0,0,0,0,0,0,0,0,0,0,0,0,0,0,0,0,0,0,0,0,0,0,0,0,0,0,0,1.183,1.768,3.16,4.965,6.502,9.743,13.48,18.82,24.189,29.894,37.458,42.582,52.093,64.52,80.883,95.593,109.401,119.118,125.458,125.842,120.587,109.76,98.473,84.388,70.938,62.454,56.514,52.414,51.021,52.602,52.285,54.638,54.186,53.148,51.73,51.137,51.306,50.025,47.157,46.405,40.472,36.855,31.558,28.102,21.713,18.005,14.084,10.894,7.947,6.441,4.563,2.937,1.891,1.318,0.84,0.349,0.314,0.238,0.161,0.061,0.021,0.016,0,0,0,0
2026-08-28 00:13:00,1,"Normal Scan","Normal Scan",0,"ON",1,1,1,737.4,5,20.5,97,52.3,6.95293e-08,1.82049e-05,4.97,8954.6,8.8,736.5,1,"Up Scan","Positive",254,0,4.37,1.6,8,8,0,1,1,29.055,42.963,31.482,28.387,2.053,10440.3,49,21.1,NA,0,0,0,0,0,0,0,0,0,0,0,0,0,0,0,0,0,0,0,0,0,0,0,0,0,0,0,0,0,0,0,170.896,170.027,229.651,248.692,246.889,268.217,292.565,309.438,338.801,351.209,381.248,400.236,436.473,464.214,490.006,521.234,519.018,504.274,481.864,445.811,388.694,325.669,273.73,213.027,170.796,139.841,124.357,113.313,108.527,104,97.459,95.278,95.515,97.682,90.674,85.59,84.21,82.209,72.592,67.655,58.888,53.932,43.268,37.828,32.829,28.801,23.078,18.071,13.323,10.432,7.031,5.053,2.474,1.793,0.909,0.442,0.102,0.158,0.109,0.167,0,0,0,0,0,0,0,0,0,0,0,0,0,0,0,0,0,0,0,0,0,0,0,0,0,0,0,0,0,0,0,0,0,0,0,1.235,2.204,3.249,5.817,8.27,10.295,13.799,18.053,22.598,28.734,34.18,42.123,49.729,60.433,70.979,82.302,95.425,102.997,108.13,110.828,109.924,102.508,91.964,82.909,69.507,60.264,53.497,51.502,50.563,51.853,52.613,52.337,53.598,55.411,56.804,54.426,52.347,50.626,48.872,43.3,40.034,34.335,30.362,24.001,20.229,17.038,14.209,11.131,8.549,6.126,4.671,3.11,2.227,1.113,0.742,0.368,0.177,0.04,0.06,0.041,0.068,0.055,0,0,0,0
2026-08-28 00:18:00,1,"Normal Scan","Normal Scan",0,"ON",1,1,1,737,5,20,97,52.8,6.93786e-08,1.81809e-05,4.97,8954.6,8.8,736.5,1,"Up Scan","Positive",254,0,4.37,1.6,8,8,0,1,1,27.408,41.984,30.116,30.505,2.09,8651.05,49,21,NA,0,0,0,0,0,0,0,0,0,0,0,0,0,0,0,0,0,0,0,0,0,0,0,0,0,0,0,0,0,0,0,186.844,200.24,200.788,238.813,244.692,251.196,256.866,269.344,292.819,300.458,327.474,356.842,379.342,405.463,413.094,422.056,426.879,400.638,369.542,316.462,271.402,229.992,173.149,140.988,114.829,105.325,95.193,90.814,86.312,82.602,81.354,82.624,78.206,78.12,72.048,68.5,67.73,61.43,58.027,54.897,49.508,42.976,39.84,35.946,31.768,24.673,21.224,15.785,11.609,8.31,6.314,3.363,2.147,1.754,0.996,0.374,0.686,0.264,0.055,0.057,0,0,0,0,0,0,0,0,0,0,0,0,0,0,0,0,0,0,0,0,0,0,0,0,0,0,0,0,0,0,0,0,0,0,0,1.453,2.44,3.787,5.085,7.893,10.262,12.936,15.886,19.642,24.856,29.232,36.147,44.277,52.421,61.811,69.061,76.995,84.31,85.323,84.608,77.957,71.78,65.225,53.227,46.714,41.433,40.846,40.131,40.602,41.328,41.421,43.552,45.429,44.938,46.122,44.256,42.266,41.898,38.756,36.027,32.981,29.122,24.409,21.755,19.173,16.051,12.236,10.335,7.44,5.388,3.85,2.79,1.465,0.922,0.726,0.407,0.148,0.267,0.101,0.02,0.021,0,0,0,0,0
2026-08-28 00:23:00,1,"Normal Scan","Normal Scan",0,"ON",1,1,1,737.2,5,20.2,97,52.3,6.94389e-08,1.81905e-05,4.97,8954.6,8.8,736.5,1,"Up Scan","Positive",254,0,4.37,1.6,8,8,0,1,1,23.995,46.837,29.945,13.824,2.407,5300.93,49,21,NA,0,0,0,0,0,0,0,0,0,0,0,0,0,0,0,0,0,0,0,0,0,0,0,0,0,0,0,0,0,0,0,202.358,200.469,181.037,224.923,229.645,235.42,230.52,216.507,204.575,202.034,185.671,167.831,148.05,142.763,135.75,133.678,133.404,126.494,120.616,113.853,103.661,104.566,97.431,95.416,89.783,85.289,82.434,80.387,79.624,75.92,71.564,71.184,70.083,63.691,64.24,57.703,53.908,50.554,49.758,47.126,44.538,38.082,37.171,34.186,27.401,24.046,17.984,14.231,10.906,8.309,4.756,3.53,2.274,1.201,0.956,0.344,0.715,0.159,0.218,0,0,0,0,0,0,0,0,0,0,0,0,0,0,0,0,0,0,0,0,0,0,0,0,0,0,0,0,0,0,0,0,0,0,0,0,1.816,2.639,3.749,4.613,7.435,9.593,12.086,14.262,15.706,17.231,19.481,20.308,20.661,20.337,21.712,22.742,24.507,26.691,27.529,28.459,29.075,28.607,30.969,31.119,32.702,32.922,33.509,34.745,35.733,37.256,38.089,37.348,38.729,39.916,38.283,39.578,36.265,34.851,32.755,31.348,28.644,26.284,21.8,20.442,17.832,14.012,11.948,8.708,6.757,5.036,3.822,2.162,1.531,0.96,0.496,0.387,0.137,0.278,0.06,0.081,0,0,0,0,0,0
2026-08-28 00:28:00,1,"Normal Scan","Normal Scan",0,"ON",1,1,1,737.2,5,20.2,97,52.9,6.94389e-08,1.81905e-05,4.97,8954.6,8.8,736.5,1,"Up Scan","Positive",254,0,4.37,1.6,8,8,0,1,1,24.243,47.932,30.297,9.647,2.447,4841.65,49,21,NA,0,0,0,0,0,0,0,0,0,0,0,0,0,0,0,0,0,0,0,0,0,0,0,0,0,0,0,0,0,0,0,209.588,191.458,205.807,200.052,193.332,193.717,198.389,188.824,181.013,171.846,166.955,151.295,132.696,123.473,118.995,112.248,111.292,107.857,105.252,105.113,101.653,92.057,88.422,87.716,88.185,83.378,81.762,79.35,73.27,68.267,69.598,70.058,64.178,59.487,57.193,57.823,50.992,46.152,46.669,42.917,41.398,38.551,34.806,30.937,27.686,22.885,17.682,16.505,10.808,7.987,5.305,3.461,2.218,1.356,0.858,0.296,0.153,0.157,0.163,0.113,0,0,0,0,0,0,0,0,0,0,0,0,0,0,0,0,0,0,0,0,0,0,0,0,0,0,0,0,0,0,0,0,0,0,0,1.672,2.713,3.609,5.209,6.64,8.04,9.936,12.245,13.708,15.239,16.565,18.26,18.589,18.226,18.787,19.981,20.675,22.335,23.55,24.95,26.946,28.051,27.552,28.461,30.096,32.059,32.705,34.161,35.091,34.164,34.318,36.469,37.68,36.667,35.876,35.622,36.351,32.896,30.535,29.529,26.78,24.903,22.33,19.216,16.48,14.114,11.346,8.589,7.743,4.948,3.608,2.353,1.52,0.953,0.561,0.348,0.118,0.06,0.06,0.061,0.041,0,0,0,0,0
2026-08-28 00:33:00,1,"Normal Scan","Normal Scan",0,"ON",1,1,1,737.2,5,20.2,97,52.5,6.94389e-08,1.81905e-05,4.97,8954.6,8.8,736.5,1,"Up Scan","Positive",254,0,4.37,1.6,8,8,0,1,1,23.221,47.514,29.802,9.647,2.469,4448.89,49,21,NA,0,0,0,0,0,0,0,0,0,0,0,0,0,0,0,0,0,0,0,0,0,0,0,0,0,0,0,0,0,0,0,222.148,186.737,187.453,211.127,185.081,173.71,186.434,177.809,178.942,166.367,140.017,130.918,112.392,104.25,99.068,93.037,89.58,89.125,85.467,87.53,84.111,81.883,84.435,80.258,78.978,77.926,76.993,75.997,71.865,70.898,65.178,60.895,58.559,56.563,55.038,49.337,48.28,48.872,39.821,39.291,36.805,33.86,31.227,28.068,26.759,21.53,16.581,13.857,8.72,7.337,4.662,2.675,1.877,1.338,0.476,0.495,0.254,0,0,0,0,0,0,0,0,0,0,0,0,0,0,0,0,0,0,0,0,0,0,0,0,0,0,0,0,0,0,0,0,0,0,0,0,0,0,1.672,2.863,3.525,4.768,6.955,7.722,8.972,11.47,12.923,15.084,16.055,15.298,16.073,15.418,15.841,16.606,17.142,18.037,19.575,20.409,22.563,23.491,24.629,27.229,27.696,29.12,30.59,31.806,33.398,33.474,34.519,34.032,33.618,33.511,33.428,33.834,31.384,30.825,30.665,26.071,24.573,21.819,19.556,17.151,14.917,13.438,10.592,8.026,6.44,4.096,3.271,2.041,1.15,0.809,0.554,0.194,0.196,0.099,0,0,0,0.015,0,0,0,0
2026-08-28 00:38:00,1,"Normal Scan","Normal Scan",0,"ON",1,1,1,737.3,5,20.4,97,52.9,6.94992e-08,1.82001e-05,4.97,8954.6,8.8,736.5,1,"Up Scan","Positive",254,0,4.37,1.6,8,8,0,1,1,22.626,46.98,29.391,10.366,2.464,4292.11,49,21.1,NA,0,0,0,0,0,0,0,0,0,0,0,0,0,0,0,0,0,0,0,0,0,0,0,0,0,0,0,0,0,0,0,185.33,204.704,192.961,194.417,180.105,180.112,194.246,193.655,175.323,151.889,137.135,120.176,109.021,97.835,93.711,90.508,84.628,83.463,85.625,79.595,78.926,81.19,79.167,78.037,75.589,77.679,73.72,69.999,66.924,64.429,61.912,54.765,53.857,49.75,48.976,46.022,45.529,42.078,36.835,38.659,36.212,36.502,32.334,29.073,22.747,21.462,15.371,14,9.197,5.431,4.348,3.219,1.253,0.829,0.476,0.346,0.358,0,0.325,0.143,0,0,0,0,0,0,0,0,0,0,0,0,0,0,0,0,0,0,0,0,0,0,0,0,0,0,0,0,0,0,0,0,0,0,0,1.774,2.403,3.809,4.914,6.439,7.508,9.23,11.978,14.043,14.779,14.657,14.986,14.741,14.948,14.88,15.723,16.642,17.084,18.357,20.399,20.59,22.154,24.331,25.403,26.871,27.778,30.01,30.216,30.661,31.038,31.383,32.067,30.465,30.865,30.58,30.722,30.32,29.64,27.54,24.021,23.919,21.528,20.659,17.37,15.044,11.771,10.406,7.361,6.546,4.242,2.479,1.989,1.409,0.546,0.344,0.194,0.137,0.139,0,0.122,0.045,0,0,0,0,0
2026-08-28 00:43:00,1,"Normal Scan","Normal Scan",0,"ON",1,1,1,737,5,20,96.9,52.6,6.94502e-08,1.81809e-05,4.97,8954.6,8.8,736.5,1,"Up Scan","Positive",254,0,4.37,1.6,8,8,0,1,1,20.516,44.564,27.708,11.14,2.456,4566.06,49,21,NA,0,0,0,0,0,0,0,0,0,0,0,0,0,0,0,0,0,0,0,0,0,0,0,0,0,0,0,0,0,0,0,235.731,225.314,246.719,224.164,228.939,223.289,212.562,201.901,183.29,163.738,140.581,125.015,104.68,97.161,95.209,86.855,82.966,78.247,77.29,80.256,78.405,78.821,77.352,75.506,77.293,72.979,76.799,70.463,69.554,65.201,66.394,57.119,51.205,51.585,49.418,44.583,41.638,41.852,41.918,38.228,34.442,33.534,33.637,27.213,22.917,18.802,16.5,14.144,8.704,5.464,4.25,2.583,1.508,1.151,0.434,0.246,0.102,0.053,0.108,0.057,0,0,0,0,0,0,0,0,0,0,0,0,0,0,0,0,0,0,0,0,0,0,0,0,0,0,0,0,0,0,0,0,0,0,0,2.335,3.038,4.233,6.291,7.4,9.56,11.453,13.065,14.626,15.393,15.752,15.358,15.335,14.344,14.754,15.955,15.997,16.739,17.246,18.48,20.81,21.914,23.775,25.039,26.062,28.498,28.708,31.342,30.729,31.914,31.942,33.441,31.229,30.296,31.286,30.562,28.857,28.183,27.297,25.774,23.572,20.866,19.15,18.015,14.187,11.546,9.217,7.949,6.603,3.966,2.449,1.905,1.109,0.67,0.476,0.175,0.098,0.04,0.02,0.041,0.021,0.016,0,0,0,0
2026-08-28 00:48:00,1,"Normal Scan","Normal Scan",0,"ON",1,1,1,737.4,5,20.5,97,52.6,6.95293e-08,1.82049e-05,4.97,8954.6,8.8,736.5,1,"Up Scan","Positive",254,0,4.37,1.6,8,8,0,1,1,23.821,46.086,29.255,9.647,2.43,4370.41,49,21.1,NA,0,0,0,0,0,0,0,0,0,0,0,0,0,0,0,0,0,0,0,0,0,0,0,0,0,0,0,0,0,0,0,224.92,182.62,210.724,186.921,200.387,180.043,172.856,165.182,153.464,137.533,128.682,123.268,112.413,119.552,110.459,105.972,104.3,96.751,96.187,95.794,89.405,83.004,86.542,78.635,77.915,76.644,75.434,70.412,66.718,64.807,60.863,57.863,55.49,51.295,46.308,45.204,40.786,39.018,38.168,37.376,35.878,32.238,28.621,27.559,24.457,19.85,14.951,12.017,8.896,5.244,3.533,3.168,1.451,1.053,0.43,0.594,0.204,0.158,0.109,0.087,0,0,0,0,0,0,0,0,0,0,0,0,0,0,0,0,0,0,0,0,0,0,0,0,0,0,0,0,0,0,0,0,0,0,0,1.868,2.912,3.383,5.341,6.181,8.33,9.224,10.641,12.016,12.934,13.278,14.106,15.171,15.455,18.161,18.529,19.464,20.875,21.17,22.763,24.518,24.769,24.868,27.6,27.026,28.467,29.771,31.074,30.598,30.821,31.525,31.262,31.078,31.486,30.782,29.419,29.01,26.663,25.786,24.563,22.926,21.109,18.6,15.401,14.183,12.523,9.702,7.192,5.644,4.167,2.38,1.586,1.369,0.629,0.437,0.174,0.235,0.079,0.06,0.041,0.023,0,0,0,0,0
2026-08-28 00:53:00,1,"Normal Scan","Normal Scan",0,"ON",1,1,1,737,5,20,97,52.7,6.93786e-08,1.81809e-05,4.97,8954.6,8.8,736.5,1,"Up Scan","Positive",254,0,4.37,1.6,8,8,0,1,1,21.477,45.324,28.128,9.647,2.477,4265.67,48,21,NA,0,0,0,0,0,0,0,0,0,0,0,0,0,0,0,0,0,0,0,0,0,0,0,0,0,0,0,0,0,0,0,242.973,238.079,215.833,224.698,199.556,192.523,185.31,160.56,149.611,135.926,121.748,109.025,109.101,97.796,85.263,86.208,75.368,78.654,75.581,78.573,71.162,78.151,74.092,78.958,75.452,70.331,74.418,69.566,67.871,64.038,63.012,56.654,50.537,50.013,46.672,41.05,42.816,39.77,38.724,34.89,32.156,34.658,29.569,26.102,22.615,20.361,15.752,11.045,7.592,5.605,3.303,1.985,1.61,0.785,0.793,0.265,0.256,0.211,0.217,0.226,0,0,0,0,0,0,0,0,0,0,0,0,0,0,0,0,0,0,0,0,0,0,0,0,0,0,0,0,0,0,0,0,0,0,0,1.944,3.15,4.44,5.496,7.422,8.321,9.885,11.42,11.667,12.573,13.11,13.317,13.38,14.945,14.848,14.314,15.86,15.29,17.311,18.173,20.339,20.013,23.537,24.028,27.088,27.784,27.581,30.558,30.152,31.03,31.195,31.914,30.808,29.511,29.702,29.045,27.474,27.768,25.64,24.576,21.859,19.314,19.07,15.973,13.548,11.289,10.008,7.584,5.248,3.508,2.574,1.53,0.909,0.696,0.325,0.323,0.105,0.099,0.08,0.081,0.082,0,0,0,0,0
2026-08-28 00:58:00,1,"Normal Scan","Normal Scan",0,"ON",1,1,1,737.4,5,20.5,97,52.2,6.95293e-08,1.82049e-05,4.97,8954.6,8.8,736.5,1,"Up Scan","Positive",254,0,4.37,1.6,8,8,0,1,1,25.065,43.219,28.652,9.647,2.304,4909.69,48,21.1,NA,0,0,0,0,0,0,0,0,0,0,0,0,0,0,0,0,0,0,0,0,0,0,0,0,0,0,0,0,0,0,0,219.756,218.539,199.334,211.623,187.563,186.9,181.082,180.703,160.703,151.772,138.656,137.251,148.276,175.855,156.098,161.35,169.411,164.406,155.641,140.541,114.505,94.907,84.306,75.635,77.511,78.019,72.053,71.165,67.315,61.838,61.832,59.072,53.197,44.151,46.377,42.535,40.164,39.397,38.104,36.603,33.848,31.406,27.937,25.462,22.675,17.187,13.4,10.206,8.046,5.446,3.696,2.65,1.113,0.737,0.665,0.495,0.255,0.265,0,0.056,0,0,0,0,0,0,0,0,0,0,0,0,0,0,0,0,0,0,0,0,0,0,0,0,0,0,0,0,0,0,0,0,0,0,0,1.764,2.876,4.072,5.087,6.974,7.813,9.549,11.142,13.099,13.577,14.707,15.24,17.039,20.519,26.785,26.185,29.483,33.487,35.186,35.985,35.117,31.177,28.001,26.99,26,28.299,30.258,29.77,30.695,30.635,30.031,31.4,31.616,30.405,27.497,28.906,27.381,25.957,25.337,24.006,22.103,19.505,17.614,15.112,13.309,11.521,8.38,6.441,4.823,3.764,2.488,1.656,1.155,0.47,0.305,0.271,0.196,0.099,0.1,0,0.023,0,0,0,0,0
2026-08-28 01:03:00,1,"Normal Scan","Normal Scan",0,"ON",1,1,1,737,5,20,97,52.6,6.93786e-08,1.81809e-05,4.97,8954.6,8.8,736.5,1,"Up Scan","Positive",254,0,4.37,1.6,8,8,0,1,1,21.129,42.925,27.389,9.647,2.395,4300.97,48,21,NA,0,0,0,0,0,0,0,0,0,0,0,0,0,0,0,0,0,0,0,0,0,0,0,0,0,0,0,0,0,0,0,234.762,210.666,201.312,214.899,218.225,217.848,210.045,174.302,146.517,144.293,131.833,120.837,108.835,101.725,91.689,95.59,83.071,77.999,78.458,79.083,80.013,80.341,81.681,76.692,78.237,73.79,74.745,69.381,68.073,68.259,60.925,57.032,51.267,43.989,41.47,36.503,35.691,33.013,30.437,30.02,29.563,27.342,26.22,24.295,20.781,16.351,12.35,10.232,7.339,4.653,2.854,2.007,1.209,1.015,0.43,0.246,0.205,0.16,0.055,0.111,0,0,0,0,0,0,0,0,0,0,0,0,0,0,0,0,0,0,0,0,0,0,0,0,0,0,0,0,0,0,0,0,0,0,0,1.796,3,3.97,5.071,7.13,9.098,11.189,12.904,12.634,12.364,13.915,14.447,14.827,14.901,15.455,15.376,17.556,16.782,17.232,18.786,20.5,22.355,24.174,26.213,26.487,28.67,28.8,30.468,29.771,30.636,31.791,30.077,29.86,28.223,26.181,25.752,23.761,23.412,22.133,20.044,18.362,17.366,15.574,14.176,12.433,10.387,8.023,6.008,4.832,3.359,2.111,1.297,0.909,0.527,0.42,0.174,0.098,0.079,0.06,0.02,0.041,0.016,0,0,0,0
2026-08-28 01:08:00,1,"Normal Scan","Normal Scan",0,"ON",1,1,1,737.3,5,20.4,97,51.9,6.94992e-08,1.82001e-05,4.97,8954.6,8.8,736.5,1,"Up Scan","Positive",254,0,4.37,1.6,8,8,0,1,1,21.178,43.577,27.653,12.864,2.41,4287.65,48,21.1,NA,0,0,0,0,0,0,0,0,0,0,0,0,0,0,0,0,0,0,0,0,0,0,0,0,0,0,0,0,0,0,0,214.122,221.465,209.761,199.407,221.476,206.768,194.626,182.483,160.193,148.341,135.287,121.496,112.492,95.617,94.928,88.18,81.317,78.815,77.738,77.104,76.498,79.27,75.519,80.816,79.905,75.511,74.395,72.178,66.293,64.239,58.874,53.342,45.764,45.837,44.09,37.091,36.713,37.401,34.181,32.753,30.324,29.978,28.863,24.104,21.263,17.331,13.151,10.429,6.815,4.556,3.004,1.785,1.156,0.784,0.954,0.298,0.406,0.105,0.054,0,0,0,0,0,0,0,0,0,0,0,0,0,0,0,0,0,0,0,0,0,0,0,0,0,0,0,0,0,0,0,0,0,0,0,0,1.992,2.776,4.158,5.332,6.605,9.222,10.619,11.96,13.233,13.474,14.322,14.785,14.888,15.379,14.533,15.884,16.215,16.445,17.341,18.69,20.076,21.497,23.814,24.446,27.668,29.025,29.149,30.075,30.673,30.104,30.618,29.491,28.853,26.68,27.455,27.193,24.578,24.561,24.018,21.804,20.001,17.835,16.734,15.399,12.349,10.652,8.439,6.332,4.963,3.251,2.084,1.328,0.769,0.504,0.325,0.387,0.118,0.159,0.04,0.02,0,0.014,0,0,0,0
2026-08-28 01:13:00,1,"Normal Scan","Normal Scan",0,"ON",1,1,1,737.1,5,20.1,97,52.5,6.94088e-08,1.81857e-05,4.97,8954.6,8.8,736.5,1,"Up Scan","Positive",254,0,4.37,1.6,8,8,0,1,1,22.447,44.57,28.461,11.971,2.409,4026.57,48,21,NA,0,0,0,0,0,0,0,0,0,0,0,0,0,0,0,0,0,0,0,0,0,0,0,0,0,0,0,0,0,0,0,198.658,195.912,187.043,199.579,172.011,178.648,170.952,150.889,149.995,138.873,131.055,115.727,107.956,101.498,89.592,91.819,82.251,80.823,74.877,74.775,76.353,78.924,77.465,79.833,74.911,72.964,73.054,70.9,66.476,60.757,57.416,53.561,50.736,44.163,43.808,39.362,34.206,33.104,30.648,29.684,28.836,27.115,25.224,22.691,20.967,16.342,12.702,10.418,7.232,4.653,3.085,2.246,1.357,1.054,0.478,0.443,0.255,0.157,0,0.057,0,0,0,0,0,0,0,0,0,0,0,0,0,0,0,0,0,0,0,0,0,0,0,0,0,0,0,0,0,0,0,0,0,0,0,1.962,2.552,3.668,4.781,6.625,7.148,9.159,10.526,10.938,12.643,13.393,14.343,14.205,14.801,15.401,15.007,16.871,16.598,17.767,18.036,19.423,21.358,23.757,24.977,27.243,27.357,28.233,29.809,30.267,29.961,29.501,28.527,28.405,27.913,26.116,26.663,24.962,22.563,21.849,20.118,18.522,17.079,15.489,13.718,11.72,10.558,8.084,6.148,4.928,3.37,2.162,1.351,0.964,0.605,0.437,0.194,0.177,0.099,0.06,0,0.021,0.015,0,0,0,0
2026-08-28 01:18:00,1,"Normal Scan","Normal Scan",0,"ON",1,1,1,737.3,5,20.3,97,52,6.94691e-08,1.81953e-05,4.97,8954.6,8.8,736.5,1,"Up Scan","Positive",254,0,4.37,1.6,8,8,0,1,1,22.161,43.021,27.948,10.366,2.351,4154.48,48,21.1,NA,0,0,0,0,0,0,0,0,0,0,0,0,0,0,0,0,0,0,0,0,0,0,0,0,0,0,0,0,0,0,0,187.478,191.274,188.107,179.812,185.442,188.101,178.177,177.407,161.456,142.063,146.225,145.584,126.985,120.085,107.386,96.369,83.212,81.48,80.218,77.955,73.73,77.111,82.599,80.764,80.774,76.152,75.755,66.656,62.121,60.303,56.23,52.568,47.048,42.376,38.659,34.637,33.058,32.906,29.605,29.241,27.258,26.698,24.571,22.743,19.33,15.928,12.905,9.924,6.904,3.777,2.532,1.646,1.115,0.738,0.38,0.394,0.154,0.158,0.163,0.056,0,0,0,0,0,0,0,0,0,0,0,0,0,0,0,0,0,0,0,0,0,0,0,0,0,0,0,0,0,0,0,0,0,0,0,1.858,2.428,3.557,4.761,5.946,7.755,9.665,10.978,12.866,13.624,13.719,15.983,17.831,17.353,18.165,17.883,17.646,16.773,17.988,19.219,20.263,20.811,23.274,26.272,27.468,29.086,29.163,30.4,28.774,27.92,28.285,28.139,27.674,26.255,25.123,24.109,22.711,21.906,21.459,19.308,17.821,16.481,15.037,13.136,11.575,9.632,7.781,6.186,4.67,3.184,1.743,1.166,0.725,0.47,0.305,0.155,0.157,0.06,0.06,0.061,0.021,0,0,0,0,0
2026-08-28 01:23:00,1,"Normal Scan","Normal Scan",0,"ON",1,1,1,737.3,5,20.3,97,52.4,6.94691e-08,1.81953e-05,4.97,8954.6,8.8,736.5,1,"Up Scan","Positive",254,0,4.37,1.6,8,8,0,1,1,21.497,42.109,27.322,9.647,2.351,4195.44,48,21.1,NA,0,0,0,0,0,0,0,0,0,0,0,0,0,0,0,0,0,0,0,0,0,0,0,0,0,0,0,0,0,0,0,239.379,197.086,184.12,201.364,183.091,192.022,174.547,182.389,167.522,154.371,141.76,129.454,116.931,106.786,99.453,88.882,82.204,78.918,78.61,81.539,83.248,84.659,85.938,86.595,77.803,77.849,76.191,66.278,62.436,57.944,54.512,52.926,47.197,41.15,36.492,35.025,32.177,28.678,28.511,28.452,26.777,25.408,22.808,22.067,19.494,15.086,12.225,8.478,6.133,4.185,2.882,1.705,1.745,0.555,0.573,0.346,0.051,0.263,0.165,0,0,0,0,0,0,0,0,0,0,0,0,0,0,0,0,0,0,0,0,0,0,0,0,0,0,0,0,0,0,0,0,0,0,0,0,1.848,3.124,3.732,4.674,6.663,7.642,9.835,10.755,13.223,14.105,14.895,15.484,15.873,16.011,16.19,16.645,16.383,16.682,17.489,18.964,21.102,23.252,25.297,27.239,29.159,28.009,29.765,30.565,28.498,27.872,27.306,27.314,27.328,25.931,24.36,22.982,22.537,21.072,19.458,18.553,17.448,15.836,14.321,12.257,11.449,9.712,7.555,5.84,4.052,2.849,1.923,1.296,0.76,0.753,0.229,0.232,0.137,0.02,0.101,0.061,0,0.015,0,0,0,0
2026-08-28 01:28:00,1,"Normal Scan","Normal Scan",0,"ON",1,1,1,737.1,5,20.1,97,52,6.94088e-08,1.81857e-05,4.97,8954.6,8.8,736.5,1,"Up Scan","Positive",254,0,4.37,1.6,8,8,0,1,1,20.742,40.715,26.497,9.647,2.326,4359.68,48,21,NA,0,0,0,0,0,0,0,0,0,0,0,0,0,0,0,0,0,0,0,0,0,0,0,0,0,0,0,0,0,0,0,244.759,219.81,208.975,204.899,203.64,195.052,188.656,194.278,180.711,172.779,148.654,139.994,122.093,114.773,104.168,96.001,92.87,90.219,79.636,82.663,77.089,79.933,80.064,78.742,79.122,76.765,69.427,68.446,61.786,59.996,51.857,50.271,46.697,40.802,35.202,33.681,29.147,29.171,27.761,28.852,25.399,25.738,26.019,22.114,18.341,14.363,11.028,9.149,6.388,3.797,2.9,1.85,1.118,0.968,0.239,0.248,0.306,0.105,0.055,0.113,0,0,0,0,0,0,0,0,0,0,0,0,0,0,0,0,0,0,0,0,0,0,0,0,0,0,0,0,0,0,0,0,0,0,0,1.982,3.186,4.066,5.299,6.766,8.453,9.986,11.622,14.122,15.201,16.644,16.26,17.156,16.72,17.389,17.433,17.601,18.671,19.746,19.059,21.387,21.608,23.934,25.562,26.781,28.439,29.217,28.219,29.002,27.616,27.991,25.854,26.036,25.854,24.429,22.125,21.873,20.234,19.541,18.105,17.361,15.178,14.402,13.812,11.363,9.268,7.087,5.35,4.244,2.979,1.766,1.277,0.817,0.489,0.401,0.097,0.098,0.119,0.04,0.02,0.041,0,0,0,0,0
2026-08-28 01:33:00,1,"Normal Scan","Normal Scan",0,"ON",1,1,1,737.3,5,20.4,97,52.2,6.94992e-08,1.82001e-05,4.97,8954.6,8.8,736.5,1,"Up Scan","Positive",254,0,4.37,1.6,8,8,0,1,1,20.203,40.687,26.413,9.647,2.332,4230.11,48,21.1,NA,0,0,0,0,0,0,0,0,0,0,0,0,0,0,0,0,0,0,0,0,0,0,0,0,0,0,0,0,0,0,0,231.265,207.994,184.983,209.153,204.076,214.012,212.175,197.902,177.509,167.22,143.54,126.458,112.47,102.355,89.786,87.649,80.305,78.885,76.649,73.898,78.013,78.292,77.467,79.192,75.935,71.976,70.985,70.948,58.415,57.658,52.826,48.472,43.901,38.463,36.759,32.582,30.507,27.661,29.592,26.95,25.763,25.794,22.884,20.894,18.493,15.061,11.075,8.586,5.993,3.928,2.594,1.937,0.94,0.461,0.382,0.294,0.102,0,0.054,0,0,0,0,0,0,0,0,0,0,0,0,0,0,0,0,0,0,0,0,0,0,0,0,0,0,0,0,0,0,0,0,0,0,0,0,2.066,3.001,3.932,4.71,6.942,8.472,10.965,13.011,14.379,14.944,16.128,15.676,15.505,15.39,15.519,15.038,16.15,16.214,17.383,18.414,19.237,21.741,23.465,24.959,26.77,27.416,27.523,28.598,29.688,26.321,27.151,26.042,25.397,24.733,22.993,22.829,21.368,20.216,18.591,18.932,16.622,15.25,14.259,12.143,10.76,9.287,7.294,5.236,4.071,2.745,1.761,1.15,0.834,0.414,0.191,0.155,0.118,0.04,0,0.02,0,0.014,0,0,0,0
2026-08-28 01:38:00,1,"Normal Scan","Normal Scan",0,"ON",1,1,1,737,5,19.9,97,52.3,6.93485e-08,1.81761e-05,4.97,8954.6,8.8,736.5,1,"Up Scan","Positive",254,0,4.37,1.6,8,8,0,1,1,19.961,39.988,25.965,9.647,2.326,4179.78,48,21,NA,0,0,0,0,0,0,0,0,0,0,0,0,0,0,0,0,0,0,0,0,0,0,0,0,0,0,0,0,0,0,0,235.716,212.492,225.761,210.831,211.951,202.39,199.166,182.332,175.937,149.895,141.862,122.05,105.662,100.517,93.94,82.153,79.942,76.143,75.443,75.892,75.361,80.581,84.039,79.886,74.656,73.754,69.496,66.207,60.166,55.645,51.042,45.622,41.503,34.428,30.965,29.855,28.185,26.554,26.992,25.928,23.688,23.511,23.288,19.328,17.347,13.956,12.205,8.654,5.501,4.187,2.726,2.019,1.09,0.409,0.475,0.248,0.052,0.158,0,0,0,0,0,0,0,0,0,0,0,0,0,0,0,0,0,0,0,0,0,0,0,0,0,0,0,0,0,0,0,0,0,0,0,0,0,1.857,3.038,3.96,5.772,6.974,8.848,10.401,12.28,13.256,14.803,14.445,15.49,14.961,14.483,15.246,15.711,15.158,16.178,16.893,18.163,19.698,21.124,24.031,26.696,27.053,26.752,28.037,27.854,27.675,26.479,25.805,25.121,23.805,23.116,21.189,19.69,19.686,19.292,17.838,17.255,16.266,14.223,13.379,12.348,10.134,8.754,6.863,5.784,4.036,2.534,1.919,1.192,0.867,0.477,0.17,0.194,0.098,0.02,0.06,0,0,0.016,0,0,0,0
2026-08-28 01:43:00,1,"Normal Scan","Normal Scan",0,"ON",1,1,1,737.4,5,20.5,97,52,6.95293e-08,1.82049e-05,4.97,8954.6,8.8,736.5,1,"Up Scan","Positive",254,0,4.37,1.6,8,8,0,1,1,20.309,39.986,26.096,9.647,2.312,4146.45,48,21.1,NA,0,0,0,0,0,0,0,0,0,0,0,0,0,0,0,0,0,0,0,0,0,0,0,0,0,0,0,0,0,0,0,224.872,214.556,202.431,210.215,197.383,194.893,193.935,174.728,174.784,161.347,149.123,135.894,115.475,101.874,96.904,92.135,83.249,77.074,77.686,71.288,71.863,78.21,75.972,76.96,78.442,72.288,69.272,65.755,57.907,53.053,49.116,45.645,41.418,36.661,31.847,30.262,27.573,28.276,26.968,24.333,24.932,23.405,21.641,18.977,16.571,13.041,11.346,7.924,5.023,4.278,2.38,1.852,1.004,0.785,0.573,0.345,0.458,0.107,0.054,0.087,0,0,0,0,0,0,0,0,0,0,0,0,0,0,0,0,0,0,0,0,0,0,0,0,0,0,0,0,0,0,0,0,0,0,0,2.2,2.9,4.022,5.15,6.937,8.223,9.97,11.937,12.702,14.718,15.549,16.278,16.668,15.785,15.444,16.178,16.88,16.789,16.965,18.604,18.642,20.204,23.421,24.242,26.038,27.884,27.492,27.678,27.597,25.858,24.943,24.138,23.954,23.293,21.649,20.237,19.783,18.629,18.353,17.061,14.998,14.931,13.054,11.581,9.896,8.404,6.41,5.492,3.788,2.426,1.949,1.083,0.794,0.457,0.325,0.232,0.137,0.179,0.04,0.02,0.023,0.014,0,0,0,0
2026-08-28 01:48:00,1,"Normal Scan","Normal Scan",0,"ON",1,1,1,737,5,20,97,52.4,6.93786e-08,1.81809e-05,4.97,8954.6,8.8,736.5,1,"Up Scan","Positive",254,0,4.37,1.6,8,8,0,1,1,19.57,34.743,23.679,9.647,2.163,5368.88,48,21,NA,0,0,0,0,0,0,0,0,0,0,0,0,0,0,0,0,0,0,0,0,0,0,0,0,0,0,0,0,0,0,0,315.682,292.693,299.349,284.498,272.104,243.93,254.836,225.606,206.715,218.524,224.604,209.264,195.52,175.274,162.473,146.172,125.706,117.578,97.703,98.066,94.986,89.35,87.736,80.333,76.365,71.444,65.946,61.203,56.585,51.239,44.195,41.43,36.376,31.448,28.318,26.399,28.023,25.533,24.715,25.456,23.743,25.12,21.438,20.105,17.777,14.84,10.318,7.532,5.335,3.046,1.725,1.813,1.163,0.508,0.476,0.198,0.153,0.104,0.108,0,0,0,0,0,0,0,0,0,0,0,0,0,0,0,0,0,0,0,0,0,0,0,0,0,0,0,0,0,0,0,0,0,0,0,0,2.636,4.133,5.513,7.615,9.371,11.378,12.534,15.718,16.408,17.456,21.134,24.569,25.663,26.696,26.474,27.009,26.632,25.026,25.523,23.128,24.993,26.012,26.268,27.546,26.922,27.18,26.724,26.153,25.503,24.92,23.714,22.173,22.038,20.702,19.591,18.661,18.416,18.656,17.279,16.403,15.736,14.012,13.753,11.326,10.08,8.896,7.283,4.948,3.554,2.47,1.402,0.785,0.779,0.508,0.21,0.194,0.078,0.06,0.04,0.041,0,0.016,0,0,0,0
2026-08-28 01:53:00,1,"Normal Scan","Normal Scan",0,"ON",1,1,1,737.3,5,20.3,97,51.8,6.94691e-08,1.81953e-05,4.97,8954.6,8.8,736.5,1,"Up Scan","Positive",254,0,4.37,1.6,8,8,0,1,1,20.167,30.114,22.576,17.154,1.926,8293.68,48,21,NA,0,0,0,0,0,0,0,0,0,0,0,0,0,0,0,0,0,0,0,0,0,0,0,0,0,0,0,0,0,0,0,376.511,352.744,337.653,373.952,382.537,386.132,407.319,417.301,425.776,398.709,393.426,367.246,356.547,380.121,366.846,346.102,317.922,282.535,218.139,161.334,119.887,103.975,90.683,81.733,76.859,76.489,64.978,61.252,57.14,50.71,49.695,42.939,38.846,28.898,30.827,26.202,26.365,23.187,23.856,24.146,21.39,20.971,21.159,18.981,17.725,12.976,10.663,7.599,4.893,3.009,2.768,1.232,1.082,0.646,0.382,0.198,0.051,0.158,0.165,0.112,0,0,0,0,0,0,0,0,0,0,0,0,0,0,0,0,0,0,0,0,0,0,0,0,0,0,0,0,0,0,0,0,0,0,0,3.507,4.83,6.582,8.59,12.391,15.949,19.86,25.086,30.381,35.972,38.541,43.14,45.244,48.951,57.379,60.623,62.287,62.116,59.764,49.913,40.071,32.448,30.172,28.355,27.387,27.385,28.62,26.034,25.508,25.026,23.544,24.156,22.238,21.412,18.444,19.069,17.514,17.82,15.933,15.817,15.118,12.603,11.899,11.166,9.788,8.785,6.402,5.139,3.573,2.265,1.384,1.241,0.575,0.489,0.267,0.155,0.078,0.02,0.06,0.061,0.041,0.015,0,0,0,0
2026-08-28 01:58:00,1,"Normal Scan","Normal Scan",0,"ON",1,1,1,737.1,5,20.1,97,52.4,6.94088e-08,1.81857e-05,4.97,8954.6,8.8,736.5,1,"Up Scan","Positive",254,0,4.37,1.6,8,8,0,1,1,24.866,31.703,25.245,28.387,1.831,10080.5,48,21,NA,0,0,0,0,0,0,0,0,0,0,0,0,0,0,0,0,0,0,0,0,0,0,0,0,0,0,0,0,0,0,0,289.751,296.74,322.91,332.195,305.101,340.537,350.469,360.752,382.772,410.729,433.691,443.61,458.338,486.698,538.303,552.034,528.835,499.781,492.738,450.363,363.397,259.992,187.24,128.14,101.125,78.833,68.107,62.073,55.592,47.576,47.366,40.933,33.738,32.749,28.358,26.32,25.798,23.482,25.129,22.211,22.669,21.125,21.498,19.103,15.482,13.484,11.118,7.362,5.635,2.871,1.583,1.327,0.594,1.012,0.334,0.295,0.154,0.212,0.11,0.056,0,0,0,0,0,0,0,0,0,0,0,0,0,0,0,0,0,0,0,0,0,0,0,0,0,0,0,0,0,0,0,0,0,0,0,2.137,3.772,5.536,8.254,11.008,12.767,17.482,21.675,26.308,32.465,39.975,47.888,54.986,63.314,74.469,90.29,100.657,104.221,106.048,111.944,109.547,94.441,72.449,55.933,41.33,34.846,29.349,26.936,25.582,24.528,22.314,22.975,21.645,19.514,19.509,18.293,17.502,17.678,16.212,15.824,14.197,13.349,11.919,11.424,9.587,7.714,6.526,5.422,3.493,2.576,1.353,0.73,0.607,0.25,0.42,0.136,0.118,0.06,0.08,0.041,0.021,0,0,0,0,0
2026-08-28 02:03:00,1,"Normal Scan","Normal Scan",0,"ON",1,1,1,737.3,5,20.3,97,51.9,6.94691e-08,1.81953e-05,4.97,8954.6,8.8,736.5,1,"Up Scan","Positive",254,0,4.37,1.6,8,8,0,1,1,25.688,31.965,25.53,30.505,1.824,9734.11,48,21,NA,0,0,0,0,0,0,0,0,0,0,0,0,0,0,0,0,0,0,0,0,0,0,0,0,0,0,0,0,0,0,0,287.344,285.103,296.443,306.95,309.816,316.775,298.598,311.189,332.061,337.03,358.317,409.764,458.986,504.845,544.402,600.849,647.75,597.367,516.39,410.685,286.421,198.239,143.54,116.565,93.127,80.43,71.369,63.549,55.138,50.629,45.745,36.701,36.352,33.828,29.739,25.617,25.157,25.849,22.232,21.851,22.555,21.388,19.572,17.416,15.844,13.541,10.077,6.099,4.72,3.312,2.353,1.646,0.715,0.737,0.43,0.539,0.153,0.159,0.054,0.056,0,0,0,0,0,0,0,0,0,0,0,0,0,0,0,0,0,0,0,0,0,0,0,0,0,0,0,0,0,0,0,0,0,0,0,2.315,3.721,5.403,7.589,10.153,12.945,16.309,18.471,22.698,28.203,32.85,39.792,51.215,63.733,77.172,90.993,108.781,126.448,125.76,116.973,99.801,74.869,55.816,43.561,37.775,32.394,29.812,27.824,26.498,24.298,23.44,22.345,20.123,20.166,19.852,18.772,17.229,16.881,16.748,14.763,13.804,13.174,11.784,10.527,8.991,7.999,6.543,4.893,3.001,2.197,1.505,1.075,0.725,0.32,0.305,0.174,0.216,0.06,0.06,0.02,0.021,0.015,0,0,0,0
2026-08-28 02:08:00,1,"Normal Scan","Normal Scan",0,"ON",1,1,1,737.3,5,20.3,97,52.3,6.94691e-08,1.81953e-05,4.97,8954.6,8.8,736.5,1,"Up Scan","Positive",254,0,4.37,1.6,8,8,0,1,1,23.148,37.706,26.483,18.434,2.128,4689.83,48,21.1,NA,0,0,0,0,0,0,0,0,0,0,0,0,0,0,0,0,0,0,0,0,0,0,0,0,0,0,0,0,0,0,0,194.223,172.006,174.136,182.889,178.077,178.047,191.614,196.878,187.431,206.726,192.861,170.655,184.353,198.237,176.275,169.742,160.05,143.721,127.987,107.677,102.884,91.668,91.31,85.781,80.141,71.973,64.116,62.799,56.817,52.77,42.323,39.051,34.079,31.418,29.077,26.71,23.973,22.972,22.357,22.762,21.483,21.112,19.853,18.858,16.519,12.245,9.977,7.366,4.465,2.689,2.2,1.295,0.98,0.845,0.703,0.245,0.103,0.106,0.055,0.167,0,0,0,0,0,0,0,0,0,0,0,0,0,0,0,0,0,0,0,0,0,0,0,0,0,0,0,0,0,0,0,0,0,0,0,1.598,2.553,3.211,4.44,6.06,7.436,9.156,11.85,14.334,15.873,19.993,21.17,21.053,25.309,29.995,29.302,30.885,31.676,30.986,29.939,27.338,28.04,26.81,28.616,28.587,28.34,26.827,25.325,26.026,24.873,24.222,21.041,20.582,19.115,18.987,18.391,17.627,16.445,15.725,14.769,14.124,12.766,11.724,10.395,9.766,8.156,6.003,4.91,3.575,2.033,1.24,0.986,0.612,0.414,0.349,0.285,0.098,0.04,0.04,0.02,0.062,0,0,0,0,0
2026-08-28 02:13:00,1,"Normal Scan","Normal Scan",0,"ON",1,1,1,737,5,20.1,96.9,51.8,6.94804e-08,1.81857e-05,4.97,8954.6,8.8,736.5,1,"Up Scan","Positive",254,0,4.37,1.6,8,8,0,1,1,26.228,35.901,27.494,32.781,1.939,6550.71,48,21,NA,0,0,0,0,0,0,0,0,0,0,0,0,0,0,0,0,0,0,0,0,0,0,0,0,0,0,0,0,0,0,0,199.529,169.715,190.382,175.471,172.559,182.179,206.552,243.008,263.32,271.557,276.074,269.301,276.444,278.713,262.417,255.185,272.079,302.226,297.674,284.46,277.302,254.677,186.129,139.21,109.687,86.772,67.156,61.77,53.299,51.415,41.249,38.13,33.918,27.279,26.544,24.789,22.17,19.014,20.168,20.7,20.036,20.216,20.108,18.958,16.215,12.235,10.308,7.646,5.29,3.678,2.191,1.42,0.674,0.415,0.428,0.099,0.254,0.211,0.054,0.057,0,0,0,0,0,0,0,0,0,0,0,0,0,0,0,0,0,0,0,0,0,0,0,0,0,0,0,0,0,0,0,0,0,0,0,1.619,2.552,3.173,4.803,5.811,7.215,9.386,12.773,17.7,22.297,26.322,30.296,33.275,38.175,42.659,44.32,47.401,54.835,65.081,68.616,70.129,72.814,70.918,55.685,44.539,37.6,31.596,26.345,25.382,23.209,23.366,20.207,19.606,18.853,16.859,16.976,16.581,15.629,14.117,13.767,13.153,12.121,11.482,10.766,9.718,8.085,5.946,4.922,3.573,2.448,1.688,1.01,0.61,0.301,0.172,0.174,0.039,0.099,0.08,0.02,0.021,0,0,0,0,0
2026-08-28 02:18:00,1,"Normal Scan","Normal Scan",0,"ON",1,1,1,737.4,5,20.5,97,51.9,6.95293e-08,1.82049e-05,4.97,8954.6,8.8,736.5,1,"Up Scan","Positive",254,0,4.37,1.6,8,8,0,1,1,25.999,33.493,26.643,28.387,1.834,8382.5,48,21.1,NA,0,0,0,0,0,0,0,0,0,0,0,0,0,0,0,0,0,0,0,0,0,0,0,0,0,0,0,0,0,0,0,201.214,190.19,210.259,211.148,226.866,241.321,270.613,289.503,318.249,319.52,350.817,378.177,420.727,442.956,456.246,463.126,456.302,443.199,417.263,373.475,316.134,245.532,180.627,121.065,103.587,81.888,67.541,60.102,57.106,50.349,43.728,38.202,35.441,28.364,25.187,22.597,21.641,20.56,20.653,20.523,20.358,20.316,18.847,17.947,17.43,13.508,10.509,7.469,4.958,3.72,1.899,1.076,0.944,0.738,0.335,0.295,0.154,0,0,0,0,0,0,0,0,0,0,0,0,0,0,0,0,0,0,0,0,0,0,0,0,0,0,0,0,0,0,0,0,0,0,0,0,0,0,1.743,2.614,3.549,5.348,6.988,9.51,12.404,16.701,21.125,26.963,31.134,38.762,46.917,58.101,67.598,76.418,84.522,90.087,94.223,94.955,91.239,82.504,68.481,53.959,39.265,35.659,30.046,26.621,24.848,24.472,22.997,20.978,19.848,19.434,17.248,16.517,15.69,15.176,14.711,14.232,13.306,12.309,11.364,10.162,9.245,8.503,6.595,5.036,3.522,2.319,1.679,0.831,0.463,0.433,0.305,0.135,0.118,0.06,0,0,0,0.028,0,0,0,0
2026-08-28 02:23:00,1,"Normal Scan","Normal Scan",0,"ON",1,1,1,737.9,5,21.2,97,51.5,6.97404e-08,1.82384e-05,4.97,8954.6,8.8,736.5,1,"Up Scan","Positive",254,0,4.37,1.6,8,8,0,1,1,23.17,29.517,24.038,22.876,1.76,11728,48,21.4,NA,0,0,0,0,0,0,0,0,0,0,0,0,0,0,0,0,0,0,0,0,0,0,0,0,0,0,0,0,0,0,0,287.96,298.994,319.853,352.877,392.773,414.818,483.057,548.172,560.288,565.193,595.334,608.813,659.435,646.417,644.055,639.357,627.512,552.09,463.861,384.863,308.821,235.398,180.112,133.235,101.344,81.658,68.096,62.036,52.654,46.867,43.152,36.443,32.615,28.043,25.851,21.344,20.471,19.031,21.286,20.392,20.081,20.414,20.821,18.688,17.074,15.052,10.376,7.443,5.289,3.002,1.682,1.056,0.667,0.554,0.476,0.395,0.103,0.053,0.109,0.056,0,0,0,0,0,0,0,0,0,0,0,0,0,0,0,0,0,0,0,0,0,0,0,0,0,0,0,0,0,0,0,0,0,0,0,1.93,3.735,5.586,8.153,11.7,16.379,21.359,29.811,39.89,47.32,54.843,65.465,75.261,90.532,97.947,106.94,115.664,122.915,116.645,105.416,93.805,80.62,65.753,53.857,42.658,34.843,29.912,26.508,25.407,22.859,21.566,20.647,18.787,18.471,17.008,16.814,15.301,15.028,13.924,14.794,13.238,12.121,11.513,10.957,9.462,8.37,7.206,4.969,3.554,2.457,1.354,0.766,0.482,0.282,0.229,0.193,0.157,0.04,0.02,0.041,0.023,0,0,0,0,0
2026-08-28 02:28:00,1,"Normal Scan","Normal Scan",0,"ON",1,1,1,738.5,5,22,97,51,6.99817e-08,1.82767e-05,4.97,8954.6,8.8,736.5,1,"Up Scan","Positive",254,0,4.37,1.6,8,8,0,1,1,24.258,30.091,24.769,28.387,1.748,12369.8,47,21.8,NA,0,0,0,0,0,0,0,0,0,0,0,0,0,0,0,0,0,0,0,0,0,0,0,0,0,0,0,0,0,0,0,299.983,280.772,326.382,340.908,373.459,432.101,430.947,477.067,525.492,570.581,606.188,645.775,668.533,691.795,698.33,700.413,689.584,632.818,564.474,476.019,384.577,293.023,225.021,167.871,121.326,94.299,75.198,63.856,53.426,45.299,40.459,36.917,32.371,29.468,26.874,25.423,22.461,20.906,21.277,19.089,20.343,20.54,19.574,19.176,15.328,13.602,10.434,6.467,4.833,3.257,1.834,1.463,0.756,0.598,0.239,0.348,0.051,0.16,0.054,0,0,0,0,0,0,0,0,0,0,0,0,0,0,0,0,0,0,0,0,0,0,0,0,0,0,0,0,0,0,0,0,0,0,0,0,2.293,3.86,5.25,8.253,11.297,15.601,22.235,26.574,34.777,44.495,55.336,66.678,79.821,91.922,104.994,116.214,126.959,135.219,134.009,128.295,115.843,100.055,81.442,66.748,53.044,41.022,33.987,29.054,26.082,23.136,21.338,20.044,19.131,18.255,17.572,17.261,16.932,15.677,14.784,14.264,12.417,12.116,11.323,10.526,9.654,7.681,6.559,4.982,3,2.275,1.453,0.857,0.629,0.319,0.248,0.097,0.137,0.02,0.06,0.02,0,0,0,0,0,0
2026-08-28 02:33:00,1,"Normal Scan","Normal Scan",0,"ON",1,1,1,738.6,5,22.1,97,50.7,7.00119e-08,1.82815e-05,4.97,8954.6,8.8,736.5,1,"Up Scan","Positive",254,0,4.37,1.6,8,8,0,1,1,24.246,31.161,25.161,22.876,1.794,10058.4,46,22.1,NA,0,0,0,0,0,0,0,0,0,0,0,0,0,0,0,0,0,0,0,0,0,0,0,0,0,0,0,0,0,0,0,257.669,234.913,271.501,286.561,321.512,338.806,349.131,389.86,421.72,446.057,487.455,532.083,538.796,524.749,532.389,529.11,516.199,470.313,422.241,393.277,332.416,268.135,199.226,154.109,115.909,87.573,71.646,62.647,56.216,46.942,40.699,36.912,33.049,26.066,24.978,22.242,20.983,21.817,19.575,19.075,20.786,19.225,19.416,17.457,14.319,13.693,9.631,6.227,4.433,2.836,2.687,0.991,0.675,0.554,0.286,0.445,0,0.106,0.108,0,0,0,0,0,0,0,0,0,0,0,0,0,0,0,0,0,0,0,0,0,0,0,0,0,0,0,0,0,0,0,0,0,0,0,0,1.993,3.361,4.42,6.904,9.463,13.36,17.428,21.521,28.397,35.663,43.26,53.564,65.574,73.917,79.697,88.763,96.2,101.686,99.989,96.459,96.095,86.648,74.64,59.385,49.04,39.356,31.875,27.698,25.598,24.086,21.379,19.89,19.18,18.346,16.021,16.206,15.291,14.883,14.646,13.396,12.388,12.192,10.737,10.116,9.067,7.064,6.576,4.606,2.949,2.09,1.274,1.221,0.426,0.301,0.229,0.116,0.176,0,0.04,0.041,0,0.014,0,0,0,0
2026-08-28 02:38:00,1,"Normal Scan","Normal Scan",0,"ON",1,1,1,737.8,5,21,97,49.9,6.96801e-08,1.82289e-05,4.97,8954.6,8.8,736.5,1,"Up Scan","Positive",254,0,4.37,1.6,8,8,0,1,1,24.896,31.436,25.55,26.416,1.78,10149.9,46,21.9,NA,0,0,0,0,0,0,0,0,0,0,0,0,0,0,0,0,0,0,0,0,0,0,0,0,0,0,0,0,0,0,0,225.214,235.566,258.629,263.223,278.906,342.662,353.512,373.164,414.075,445.675,488.466,498.981,531.203,554.646,562.794,541.676,540.795,511.637,472.714,431.385,358.79,282.934,208.428,150.827,115.882,85.47,72.051,58.008,52.968,44.306,41.335,36.184,32.56,27.356,24.058,21.703,18.165,19.587,19.196,20.424,19.32,19.484,19.477,18.289,15.467,13.551,10.378,6.08,4.938,1.996,1.942,1.233,0.632,0.647,0.382,0.296,0.152,0.264,0.055,0.148,0,0,0,0,0,0,0,0,0,0,0,0,0,0,0,0,0,0,0,0,0,0,0,0,0,0,0,0,0,0,0,0,0,0,0,1.879,2.901,4.404,6.569,8.688,11.66,17.63,21.866,27.24,35.111,43.311,53.758,61.702,73.17,84.353,93.951,98.761,106.638,108.75,107.736,105.226,93.383,78.642,61.828,47.952,39.281,31.192,27.841,23.886,22.817,20.343,19.902,18.583,18.009,16.715,15.772,15.056,13.734,13.902,13.377,12.934,11.644,10.781,10.192,9.236,7.674,6.543,5.005,2.909,2.315,0.934,0.897,0.552,0.301,0.267,0.155,0.118,0.06,0.1,0.02,0.045,0.014,0,0,0,0
2026-08-28 02:43:00,1,"Normal Scan","Normal Scan",0,"ON",1,1,1,737.3,5,20.5,96.9,49.2,6.96011e-08,1.82049e-05,4.97,8954.6,8.8,736.5,1,"Up Scan","Positive",254,0,4.37,1.6,8,8,0,1,1,24.47,31.088,25.21,26.416,1.779,10221.3,46,21.7,NA,0,0,0,0,0,0,0,0,0,0,0,0,0,0,0,0,0,0,0,0,0,0,0,0,0,0,0,0,0,0,0,252.142,235.424,240.705,269.247,322.141,336.824,351.51,399.124,412.762,438.45,476.973,522.112,592.659,622.95,624.98,568.985,531.97,487.095,430.355,377.408,313.71,248.967,188.457,141.7,108.296,84.48,71.37,59.322,56.374,47.82,44.249,37,33.497,29.817,25.062,21.157,21.191,20.021,20.222,18.291,19.048,20.644,19.464,17.436,15.5,14.412,10.271,6.58,4.755,3.008,2.193,1.384,0.496,0.463,0.189,0.245,0.204,0.157,0.054,0,0,0,0,0,0,0,0,0,0,0,0,0,0,0,0,0,0,0,0,0,0,0,0,0,0,0,0,0,0,0,0,0,0,0,0,2.013,3.236,4.432,6.136,8.926,13.476,17.319,21.764,29.162,35.035,42.628,52.583,64.568,81.38,94.323,103.776,103.215,104.64,103.354,98.155,92.217,81.952,69.514,56.203,45.312,37.055,31.013,27.734,24.533,24.259,21.779,21.26,19.159,18.502,17.555,16.097,15.109,15.042,14.075,13.84,12.199,11.523,11.447,10.298,8.919,7.735,6.887,4.903,3.056,2.219,1.391,0.985,0.593,0.226,0.191,0.077,0.098,0.079,0.06,0.02,0,0.014,0,0,0,0
2026-08-28 02:48:00,1,"Normal Scan","Normal Scan",0,"ON",1,1,1,737.6,5,20.8,97,49.5,6.96198e-08,1.82193e-05,4.97,8954.6,8.8,736.5,1,"Up Scan","Positive",254,0,4.37,1.6,8,8,0,1,1,23.991,32.737,25.386,24.582,1.888,7736.06,46,21.7,NA,0,0,0,0,0,0,0,0,0,0,0,0,0,0,0,0,0,0,0,0,0,0,0,0,0,0,0,0,0,0,0,240.829,245.485,228.448,244.253,252.276,275.025,272.644,297.047,333.259,342.016,357.403,360.984,364.284,364.993,354.087,346.626,364.399,352.829,319.135,286.482,255.8,201.968,149.824,113.536,93.731,74.773,72.712,63.779,55.052,48.798,42.047,37.176,31.928,27.409,27.033,22.693,20.519,20.102,17.919,19.272,19.599,18.249,18.82,19.075,16.257,14.198,10.426,7.602,4.686,2.924,2.092,1.479,0.438,0.737,0.19,0.246,0.356,0.053,0,0.056,0,0,0,0,0,0,0,0,0,0,0,0,0,0,0,0,0,0,0,0,0,0,0,0,0,0,0,0,0,0,0,0,0,0,0,1.703,3.099,4.558,5.816,8.074,10.512,14.109,16.885,21.618,28.191,33.17,39.265,44.584,50.167,55.503,59.252,63.418,72.01,75.11,72.91,70.258,67.026,56.833,45.329,36.748,32.487,27.717,28.169,25.935,23.783,22.22,20.391,19.106,17.739,16.487,17.169,15.409,14.685,14.514,12.892,12.574,12.045,10.366,10.068,9.613,8.149,6.772,5.004,3.548,2.204,1.35,0.912,0.651,0.185,0.305,0.077,0.098,0.139,0.02,0,0.023,0,0,0,0,0
2026-08-28 02:53:00,1,"Normal Scan","Normal Scan",0,"ON",1,1,1,737.3,5,20.3,97,49.9,6.94691e-08,1.81953e-05,4.97,8954.6,8.8,736.5,1,"Up Scan","Positive",254,0,4.37,1.6,8,8,0,1,1,24.519,35.559,26.059,24.582,2.017,5383.8,46,21.5,NA,0,0,0,0,0,0,0,0,0,0,0,0,0,0,0,0,0,0,0,0,0,0,0,0,0,0,0,0,0,0,0,192.489,218.134,181.36,186.343,197.176,186.875,189.327,197.696,193.151,179.631,186.44,200.967,245.494,306.459,298.399,289.372,259.028,211.457,171.786,133.747,112.525,96.487,87.423,79.907,76.64,72.681,67.703,59.936,54.858,48.693,43.459,37.592,34.337,27.139,23.826,21.972,20.054,16.648,17.577,20.584,18.856,19.313,18.555,18.769,16.537,13.295,11.002,8.066,4.598,3.341,2.234,1.34,1.259,0.322,0.379,0.298,0.154,0,0.054,0.056,0,0,0,0,0,0,0,0,0,0,0,0,0,0,0,0,0,0,0,0,0,0,0,0,0,0,0,0,0,0,0,0,0,0,0,1.484,2.49,4.08,4.598,6.151,8.205,9.626,11.69,14.426,16.402,17.528,20.648,24.976,33.782,46.266,49.338,52.145,50.727,44.983,39.572,33.508,30.509,28.223,27.366,26.683,27.102,27.067,26.371,24.776,23.571,21.912,20.862,19.063,18.482,16.551,15.709,15.269,14.426,12.988,12.622,13.344,11.769,11.062,9.839,9.688,8.196,6.587,5.19,3.766,2.15,1.527,0.994,0.593,0.546,0.134,0.155,0.118,0.06,0,0.02,0.021,0.015,0,0,0,0
2026-08-28 02:58:00,1,"Normal Scan","Normal Scan",0,"ON",1,1,1,737.5,5,20.6,97,49.7,6.95595e-08,1.82097e-05,4.97,8954.6,8.8,736.5,1,"Up Scan","Positive",254,0,4.37,1.6,8,8,0,1,1,21.01,36.707,25.05,9.647,2.182,4516.13,47,21.5,NA,0,0,0,0,0,0,0,0,0,0,0,0,0,0,0,0,0,0,0,0,0,0,0,0,0,0,0,0,0,0,0,253.195,237.193,218.959,202.51,195.094,183.713,177.213,171.567,189.234,188.63,186.277,181.072,170.595,149.798,136.896,136.703,122.584,105.437,99.334,87.265,87.336,77.611,79.268,76.594,74.068,75.412,68.799,61.956,55.471,52.575,45.114,40.219,34.498,29.844,25.781,21.599,18.814,19.543,18.077,19.034,18.1,19.367,17.871,18.026,17.322,14.659,12.216,7.804,5.28,4.383,2.069,2.018,0.356,0.829,0.382,0.196,0.103,0.112,0.157,0,0,0,0,0,0,0,0,0,0,0,0,0,0,0,0,0,0,0,0,0,0,0,0,0,0,0,0,0,0,0,0,0,0,0,0,2.014,3.249,4.426,5.531,6.711,8.111,9.448,10.925,12.496,15.975,18.215,20.415,22.276,23.304,22.667,22.788,24.877,24.338,22.899,23.395,22.401,24.159,23.243,25.054,25.766,26.491,28.124,26.927,25.613,23.906,23.641,21.399,20.145,18.813,17.533,16.413,15.209,13.869,14.205,13.322,13.048,11.48,11.045,9.991,9.228,8.711,6.982,5.875,3.683,2.4,2.011,0.932,0.89,0.151,0.344,0.155,0.078,0.04,0.043,0.058,0,0,0,0,0,0
2026-08-28 03:03:00,1,"Normal Scan","Normal Scan",0,"ON",1,1,1,737.2,5,20.3,96.9,50.5,6.95407e-08,1.81953e-05,4.97,8954.6,8.8,736.5,1,"Up Scan","Positive",254,0,4.37,1.6,8,8,0,1,1,21.832,36.235,25.069,9.647,2.158,4815.55,46,21.4,NA,0,0,0,0,0,0,0,0,0,0,0,0,0,0,0,0,0,0,0,0,0,0,0,0,0,0,0,0,0,0,0,284.287,247.299,241.137,221.174,215.122,190.161,191.016,175.676,171.945,174.584,169.113,150.823,160.906,153.734,165.866,162.113,159.447,142.876,130.272,123.15,113.901,105.273,86.45,79.605,78.631,72.864,71.437,58.801,53.711,48.906,43.229,39.658,35.144,29.765,26.601,23.3,19.318,20.495,18.428,19.28,17.269,19.022,20.168,17.331,16.294,13.139,12.036,9.024,6.088,2.998,2.468,1.592,0.986,0.642,0.382,0.198,0.307,0.053,0,0.056,0,0,0,0,0,0,0,0,0,0,0,0,0,0,0,0,0,0,0,0,0,0,0,0,0,0,0,0,0,0,0,0,0,0,0,2.795,3.672,4.604,6.157,7.292,8.949,9.782,11.762,12.776,14.498,16.883,18.593,18.651,22.164,23.38,27.703,29.607,31.685,30.746,30.377,31.023,30.885,30.725,27.001,26.56,27.745,27.178,27.836,24.476,23.407,22.239,20.731,20.258,19.01,17.712,16.503,15.843,14.483,14.583,13.209,12.613,11.534,11.216,10.698,8.924,8.193,6.469,5.677,4.243,2.83,1.401,1.077,0.701,0.416,0.267,0.155,0.078,0.119,0.02,0,0.021,0,0,0,0,0
2026-08-28 03:08:00,1,"Normal Scan","Normal Scan",0,"ON",1,1,1,737.2,5,20.3,96.9,50.2,6.95407e-08,1.81953e-05,4.97,8954.6,8.8,736.5,1,"Up Scan","Positive",254,0,4.37,1.6,8,8,0,1,1,23.68,33.376,25.091,24.582,1.949,6822.37,47,21.3,NA,0,0,0,0,0,0,0,0,0,0,0,0,0,0,0,0,0,0,0,0,0,0,0,0,0,0,0,0,0,0,0,282.762,250.569,250.305,255.706,223.241,228.85,205.589,206.885,229.706,279.63,310.669,324.545,373.813,398.247,385.723,342.572,294.951,265.047,225.187,184.175,154.086,126.575,103.862,95.265,83.278,78.512,68.969,64.543,58.97,53.026,45.866,36.005,34.3,29.97,26.784,23.406,22.13,18.926,18.908,18.25,19.733,17.733,18.156,18.585,16.558,14.947,11.429,8.593,6.581,3.757,2.108,1.129,1.03,0.967,0.431,0.347,0.204,0.053,0.054,0.169,0,0,0,0,0,0,0,0,0,0,0,0,0,0,0,0,0,0,0,0,0,0,0,0,0,0,0,0,0,0,0,0,0,0,0,2.511,3.636,4.645,6.346,8.44,9.291,11.75,12.699,15.099,19.609,27.25,34.216,40.02,51.231,60.127,63.786,61.861,57.947,56.28,51.708,45.661,41.228,36.408,32.248,31.61,29.34,29.005,26.872,26.469,25.412,23.928,22.005,18.665,18.654,17.53,17.113,15.711,15.406,14.158,13.518,12.664,12.237,10.684,9.968,9.586,8.23,7.3,5.524,4.067,3.09,1.695,0.949,0.519,0.452,0.401,0.174,0.137,0.079,0.02,0.02,0.062,0,0,0,0,0
2026-08-28 03:13:00,1,"Normal Scan","Normal Scan",0,"ON",1,1,1,737.3,5,20.4,96.9,50.8,6.95709e-08,1.82001e-05,4.97,8954.6,8.8,736.5,1,"Up Scan","Positive",254,0,4.37,1.6,8,8,0,1,1,22.421,35.406,24.92,9.647,2.103,5322.66,47,21.3,NA,0,0,0,0,0,0,0,0,0,0,0,0,0,0,0,0,0,0,0,0,0,0,0,0,0,0,0,0,0,0,0,303.315,267.369,224.056,222.426,210.146,199.513,194.055,187.809,186.636,186.256,215.089,218.051,226.338,236.609,229.658,235.512,203.194,162.856,127.798,115.133,99.9,88.778,81.592,80.724,73.993,72.263,68.185,64.336,57.831,52.882,48.237,40.077,35.087,30.36,25.727,21.398,20.881,20.003,19.109,20.937,19.456,20.015,19.667,17.717,18.366,15.658,11.547,9.285,5.928,3.843,2.511,1.564,0.985,0.552,0.333,0.443,0.408,0.104,0.164,0,0,0,0,0,0,0,0,0,0,0,0,0,0,0,0,0,0,0,0,0,0,0,0,0,0,0,0,0,0,0,0,0,0,0,0,3.021,3.86,4.994,5.729,7.356,8.735,10.256,11.961,13.672,15.801,18.119,23.691,26.88,31.001,35.739,38.028,42.507,39.907,34.824,29.792,29.016,27.325,26.185,25.841,27.133,26.5,27.079,26.842,26.395,24.94,23.818,22.835,20.387,19.15,18.214,16.663,15.344,15.152,14.515,14.197,13.815,12.385,11.72,10.665,9.192,9.215,7.646,5.508,4.337,2.823,1.795,1.122,0.695,0.433,0.229,0.135,0.176,0.159,0.04,0.061,0,0.015,0,0,0,0
2026-08-28 03:18:00,1,"Normal Scan","Normal Scan",0,"ON",1,1,1,737,5,20.1,96.9,50.6,6.94804e-08,1.81857e-05,4.97,8954.6,8.8,736.5,1,"Up Scan","Positive",254,0,4.37,1.6,8,8,0,1,1,21.139,35.626,24.364,9.647,2.176,4922.67,47,21.2,NA,0,0,0,0,0,0,0,0,0,0,0,0,0,0,0,0,0,0,0,0,0,0,0,0,0,0,0,0,0,0,0,336.486,295.427,271.696,240.323,212.135,205.981,179.454,175.871,161.533,151.923,164.523,171.428,172.968,166.899,169.845,160.811,158.855,146.159,121.693,107.054,92.853,90.205,79.133,77.758,75.916,69.906,70.231,63.597,60.091,51.675,46.475,41.11,34.717,30.027,24.834,22.815,21.265,19.012,17.623,17.549,19.568,17.768,17.509,18.57,17.558,15.361,12.904,8.739,5.966,4.254,3.069,1.136,0.586,0.509,0.43,0.295,0.152,0.106,0.218,0.113,0,0,0,0,0,0,0,0,0,0,0,0,0,0,0,0,0,0,0,0,0,0,0,0,0,0,0,0,0,0,0,0,0,0,0,2.864,4.394,5.516,6.895,7.936,8.826,10.539,11.088,12.772,13.653,14.739,18.108,21.157,23.758,25.323,28.256,29.254,31.435,31.343,28.384,27.123,25.506,26.612,25.206,26.336,26.962,26.383,27.522,26.211,25.62,23.285,22.118,20.701,18.904,17.321,16.226,15.538,15.024,14.21,13.215,12.584,12.4,10.537,9.771,9.764,8.676,7.332,6.142,4.166,2.751,1.923,1.407,0.518,0.263,0.21,0.174,0.118,0.06,0.04,0.081,0.041,0,0,0,0,0
2026-08-28 03:23:00,1,"Normal Scan","Normal Scan",0,"ON",1,1,1,737.3,5,20.5,96.9,50.9,6.96011e-08,1.82049e-05,4.97,8954.6,8.8,736.5,1,"Up Scan","Positive",254,0,4.37,1.6,8,8,0,1,1,18.494,36.233,23.608,9.647,2.277,4438.03,47,21.3,NA,0,0,0,0,0,0,0,0,0,0,0,0,0,0,0,0,0,0,0,0,0,0,0,0,0,0,0,0,0,0,0,389.168,298.022,282.384,242.034,229.927,196.105,185.625,165.688,152.99,146.143,136.488,129.046,111.898,110.293,108.362,98.483,92.28,90.895,88.023,82.58,77.79,75.004,72.175,69.192,73.623,69.781,68.19,63.672,56.197,49.704,48.259,40.677,33.865,30.744,25.185,22.819,21.407,18.625,19.331,17.087,18.572,18.212,18.012,18.614,18.267,15.183,12.431,10.381,6.438,4.516,2.981,1.94,1.199,0.599,0.428,0.445,0.05,0,0,0,0,0,0,0,0,0,0,0,0,0,0,0,0,0,0,0,0,0,0,0,0,0,0,0,0,0,0,0,0,0,0,0,0,0,0,4.057,4.966,5.526,7.124,7.974,9.559,10.063,11.395,12.023,12.882,14.096,14.925,15.845,15.356,16.749,18.113,18.041,18.485,19.804,20.766,21.249,21.615,22.537,23.086,23.552,26.244,26.353,26.808,26.088,24.403,22.497,22.781,20.495,18.513,17.837,16.287,15.642,15.18,14.239,14.142,12.33,12.216,11.177,10.042,9.798,9.222,7.399,5.895,4.856,3.008,2.004,1.304,0.834,0.508,0.248,0.174,0.176,0.02,0,0,0,0,0,0,0,0
2026-08-28 03:28:00,1,"Normal Scan","Normal Scan",0,"ON",1,1,1,737,5,20,96.9,50.9,6.94502e-08,1.81809e-05,4.97,8954.6,8.8,736.5,1,"Up Scan","Positive",254,0,4.37,1.6,8,8,0,1,1,18.173,33.703,22.555,9.647,2.197,5150.27,47,21.1,NA,0,0,0,0,0,0,0,0,0,0,0,0,0,0,0,0,0,0,0,0,0,0,0,0,0,0,0,0,0,0,0,452.214,374.766,327.791,312.75,257.583,238.428,215.484,190.311,161.624,154.944,161.811,162.832,157.988,142.628,148.098,141.838,129.642,116.021,98.402,87.526,82.783,77.092,77.737,73.237,75.179,71.672,68.37,59.808,57.448,52.67,45.637,39.756,35.959,29.087,26.174,23.276,19.654,18.769,19.425,17.964,19.881,19.271,18.224,17.82,17.378,14.477,12.087,8.341,6.1,4.784,3.1,1.688,1.116,0.739,0.478,0.197,0.102,0.053,0.055,0,0,0,0,0,0,0,0,0,0,0,0,0,0,0,0,0,0,0,0,0,0,0,0,0,0,0,0,0,0,0,0,0,0,0,0,3.996,5.8,6.948,8.335,10.342,10.701,12.236,13.29,13.808,13.639,14.988,17.746,20.017,21.633,21.594,24.597,25.797,25.681,25.067,23.144,22.441,22.984,23.033,24.617,24.776,26.84,26.887,26.864,24.801,24.771,23.867,21.636,20.109,19.333,17.21,16.818,16.002,14.386,14.072,13.647,12.759,12.493,11.415,10.156,9.506,8.707,7.064,5.8,3.943,2.788,2.138,1.369,0.742,0.47,0.305,0.194,0.078,0.04,0.02,0.02,0,0,0,0,0,0
2026-08-28 03:33:00,1,"Normal Scan","Normal Scan",0,"ON",1,1,1,737.3,5,20.5,96.9,50.7,6.96011e-08,1.82049e-05,4.97,8954.6,8.8,736.5,1,"Up Scan","Positive",254,0,4.37,1.6,8,8,0,1,1,18.299,32.846,22.459,9.647,2.152,5725.62,47,21.2,NA,0,0,0,0,0,0,0,0,0,0,0,0,0,0,0,0,0,0,0,0,0,0,0,0,0,0,0,0,0,0,0,450.849,429.099,370.117,341.869,303.074,259.382,244.53,210.584,190.908,164.07,162.456,162.783,145.388,165.807,173.246,181.945,172.364,162.099,140.608,112.557,103.025,92.318,84.063,79.41,74.006,69.884,68.969,66.585,60.098,54.012,47.392,40.928,37.566,30.678,27.12,25.656,21.079,19.237,18.175,16.977,17.173,17.508,18.984,18.784,16.97,15.335,12.806,9.61,6.763,3.996,2.75,1.565,1.113,0.718,0.166,0.198,0.154,0.053,0,0.056,0,0,0,0,0,0,0,0,0,0,0,0,0,0,0,0,0,0,0,0,0,0,0,0,0,0,0,0,0,0,0,0,0,0,0,4.339,5.828,7.987,9.364,11.281,12.602,13.26,15.019,15.255,16.091,15.872,17.882,20.136,20.076,25.244,28.834,33.048,34.037,34.695,32.625,28.43,28.017,27.209,26.66,26.75,26.551,26.367,27.178,27.394,25.897,24.497,22.463,20.699,19.896,17.745,16.905,16.681,15.245,14.471,13.27,12.338,11.346,10.83,10.464,9.707,8.483,7.481,6.103,4.424,3.103,1.807,1.22,0.686,0.47,0.296,0.067,0.078,0.06,0.02,0,0.023,0,0,0,0,0
2026-08-28 03:38:00,1,"Normal Scan","Normal Scan",0,"ON",1,1,1,737,5,20,96.9,51.2,6.94502e-08,1.81809e-05,4.97,8954.6,8.8,736.5,1,"Up Scan","Positive",254,0,4.37,1.6,8,8,0,1,1,18.659,32.758,22.582,9.647,2.122,5893.78,47,21.1,NA,0,0,0,0,0,0,0,0,0,0,0,0,0,0,0,0,0,0,0,0,0,0,0,0,0,0,0,0,0,0,0,443.197,360.374,318.168,315.796,302.726,276.682,269.658,255.075,250.007,238.232,226.951,205.807,192.953,187.039,173.996,173.938,151.844,132.683,120.755,110.024,95.834,85.411,82.014,80.062,75.286,75.764,74.48,64.354,58.62,53.957,49.948,42.031,37.947,32.544,28.274,24.95,20.001,19.961,17.306,20.261,18.902,17.036,18.483,19.752,17.312,15.541,14.189,9.061,7.557,4.369,2.155,2.175,0.988,0.323,0.429,0.493,0.103,0,0,0,0,0,0,0,0,0,0,0,0,0,0,0,0,0,0,0,0,0,0,0,0,0,0,0,0,0,0,0,0,0,0,0,0,0,0,4.121,5.702,6.745,8.077,10.431,12.616,14.181,16.62,18.512,21.115,22.995,24.816,25.269,26.434,28.28,28.954,31.567,30.035,28.599,28.245,27.848,26.374,25.459,26.034,27.005,26.928,28.494,29.099,26.748,25.392,24.438,23.7,21.007,20.249,18.781,17.847,16.388,14.859,14.825,13.255,13.969,12.308,10.755,10.255,10.139,8.818,7.544,6.633,4.278,3.518,1.971,0.942,0.934,0.452,0.134,0.174,0.196,0.04,0,0,0,0.032,0,0,0,0
2026-08-28 03:43:00,1,"Normal Scan","Normal Scan",0,"ON",1,1,1,737.3,5,20.4,96.9,50.6,6.95709e-08,1.82001e-05,4.97,8954.6,8.8,736.5,1,"Up Scan","Positive",254,0,4.37,1.6,8,8,0,1,1,20.903,30.03,22.6,9.647,1.947,9165.72,47,21.2,NA,0,0,0,0,0,0,0,0,0,0,0,0,0,0,0,0,0,0,0,0,0,0,0,0,0,0,0,0,0,0,0,591.377,518.916,438.459,431.891,391.779,388.719,382.421,349.529,330.38,336.991,342.386,345.653,362.824,360.884,357.699,358.629,360.577,356.43,315.723,272.455,230.354,188.838,150.3,117.75,98.509,88.394,75.574,71.378,61.66,53.943,47.851,42.476,38.196,31.932,25.511,23.442,23.815,18.565,17.576,18.606,19.033,18.255,17.33,18.025,17.505,15.799,12.174,9.956,6.997,4.759,3.269,1.662,0.848,0.6,0.334,0.249,0.154,0.265,0.054,0.056,0,0,0,0,0,0,0,0,0,0,0,0,0,0,0,0,0,0,0,0,0,0,0,0,0,0,0,0,0,0,0,0,0,0,0,5.358,7.606,9.62,11.129,14.259,16.356,19.935,23.558,25.398,27.933,32.651,37.704,42.701,49.975,54.921,59.745,65.353,71.156,75.836,72.231,67.036,60.873,53.439,45.73,38.448,34.328,32.51,29.605,29.218,26.424,24.261,22.865,21.314,20.162,18.535,16.376,16.025,16.086,14.028,13.379,13.016,12.404,11.212,9.729,9.622,8.818,7.646,5.799,4.643,3.235,2.174,1.487,0.732,0.376,0.248,0.135,0.098,0.06,0.1,0.02,0.021,0.015,0,0,0,0
2026-08-28 03:48:00,1,"Normal Scan","Normal Scan",0,"ON",1,1,1,737.1,5,20.2,96.9,51.2,6.95106e-08,1.81905e-05,4.97,8954.6,8.8,736.5,1,"Up Scan","Positive",254,0,4.37,1.6,8,8,0,1,1,23.007,30.792,23.734,10.366,1.912,9980.56,47,21.1,NA,0,0,0,0,0,0,0,0,0,0,0,0,0,0,0,0,0,0,0,0,0,0,0,0,0,0,0,0,0,0,0,482.786,492.213,430.225,423.851,406.369,406.283,400.777,390.309,371.293,351.369,334.249,325.228,312.164,374.797,406.784,452.31,476.917,464.091,434.807,395.147,321.674,258.821,202.189,149.206,117.686,94.063,80.635,69.795,63.076,52.515,47.855,44.524,36.32,32.352,27.708,26.269,21.406,18.799,18.657,17.404,17.787,18.777,18.322,16.915,16.631,16.558,13.794,10.324,6.719,4.189,2.812,2.197,1.025,0.599,0.429,0.198,0.153,0.21,0,0,0,0,0,0,0,0,0,0,0,0,0,0,0,0,0,0,0,0,0,0,0,0,0,0,0,0,0,0,0,0,0,0,0,0,0,4.432,6.286,9.211,10.91,14.042,16.958,20.858,24.667,28.34,31.328,34.073,36.891,40.486,43.545,57.563,68.52,82.723,94.201,98.837,99.306,96.667,84.219,72.484,60.46,47.988,40.315,34.543,31.384,28.572,27.06,23.971,22.898,22.105,19.442,18.481,17.2,17.278,15.387,13.987,13.574,12.846,12.121,11.352,10.189,8.921,8.524,8.036,6.515,4.833,3.093,1.922,1.241,0.945,0.433,0.248,0.174,0.078,0.06,0.08,0,0,0,0,0,0,0
2026-08-28 03:53:00,1,"Normal Scan","Normal Scan",0,"ON",1,1,1,737.1,5,20.2,96.9,50.6,6.95106e-08,1.81905e-05,4.97,8954.6,8.8,736.5,1,"Up Scan","Positive",254,0,4.37,1.6,8,8,0,1,1,18.008,30.815,21.791,9.647,2.051,7235.28,47,21.1,NA,0,0,0,0,0,0,0,0,0,0,0,0,0,0,0,0,0,0,0,0,0,0,0,0,0,0,0,0,0,0,0,493.068,421.861,399.011,381.571,382.51,390.351,382.008,360.741,355.078,319.277,295.261,274.95,265.178,225.501,204.133,183.065,165.022,149.957,139.097,122.952,108.283,101.892,99.573,95.592,84.802,83.185,79.324,72.123,68.907,58.837,52.393,46.626,42.09,37.399,32.933,27.468,25.238,22.275,20.771,17.147,18.78,18.317,16.554,18.082,16.357,16.598,12.278,10.223,6.985,5.436,3.193,2.025,1.158,0.596,0.618,0.197,0.155,0,0.164,0.112,0,0,0,0,0,0,0,0,0,0,0,0,0,0,0,0,0,0,0,0,0,0,0,0,0,0,0,0,0,0,0,0,0,0,0,3.747,6.386,7.887,10.131,12.628,15.886,20.001,23.538,26.175,29.895,30.795,32.272,33.677,36.151,34.046,33.895,33.278,32.738,32.402,32.555,31.139,29.714,30.119,31.337,32.113,30.157,31.229,31.276,29.993,29.713,27.088,24.8,23.364,22.372,20.643,19.704,17.777,16.679,15.731,14.653,12.696,12.277,11.273,9.706,9.644,8.336,8.1,5.887,4.815,3.171,2.457,1.422,0.925,0.489,0.248,0.252,0.078,0.06,0,0.061,0.041,0,0,0,0,0
2026-08-28 03:58:00,1,"Normal Scan","Normal Scan",0,"ON",1,1,1,737.2,5,20.3,96.9,50.9,6.95407e-08,1.81953e-05,4.97,8954.6,8.8,736.5,1,"Up Scan","Positive",254,0,4.37,1.6,8,8,0,1,1,17.181,32.357,21.857,9.647,2.16,6231.78,46,21.1,NA,0,0,0,0,0,0,0,0,0,0,0,0,0,0,0,0,0,0,0,0,0,0,0,0,0,0,0,0,0,0,0,491.078,444.761,408.53,389.761,355.36,330.872,293.831,270.965,259.441,229.455,219.484,187.809,177.37,158.381,146.218,140.125,128.733,110.765,105.693,102.442,90.495,90.478,84.86,83.708,80.55,78.224,76.774,75.198,68.998,62.561,55.934,49.387,44.831,37.415,32.645,28.959,24.022,22.105,20.083,21.699,18.246,19.584,17.915,18.959,16.9,15.674,13.276,10.611,6.961,5.425,2.923,1.854,1.205,1.062,0.431,0.294,0.408,0.052,0,0,0,0,0,0,0,0,0,0,0,0,0,0,0,0,0,0,0,0,0,0,0,0,0,0,0,0,0,0,0,0,0,0,0,0,0,4.245,6.336,8.242,10.351,12.907,14.79,16.957,18.031,19.634,21.866,22.138,23.969,23.06,24.227,23.951,24.363,25.533,25.624,24.08,24.964,26.148,25.095,26.943,27.314,28.602,29.03,29.704,30.521,31.299,29.711,28.366,26.692,24.423,23.39,21.417,19.57,18.599,16.544,15.864,14.394,14.584,12.403,11.816,10.473,9.969,8.534,7.687,6.395,5.009,3.218,2.479,1.278,0.797,0.508,0.439,0.174,0.118,0.159,0.02,0,0,0,0,0,0,0
2026-08-28 04:03:00,1,"Normal Scan","Normal Scan",0,"ON",1,1,1,737,5,20.1,96.9,50.4,6.94804e-08,1.81857e-05,4.97,8954.6,8.8,736.5,1,"Up Scan","Positive",254,0,4.37,1.6,8,8,0,1,1,18.23,33.994,23.004,9.647,2.182,5699.08,47,21,NA,0,0,0,0,0,0,0,0,0,0,0,0,0,0,0,0,0,0,0,0,0,0,0,0,0,0,0,0,0,0,0,399.268,369.614,340.375,330.99,304.657,288.056,261.086,259.897,224.102,217.841,197.461,180.866,159.922,140.233,139.509,125.515,117.784,117.176,103.506,102.517,106.544,100.446,94.091,90.871,82.938,81.141,80.195,72.847,69.82,61.456,55.274,48.399,43.622,37.739,33.368,28.252,24.642,22.132,19.9,19.919,17.551,17.565,17.737,16.712,16.233,15.55,14.034,10.438,7.124,4.259,3.497,1.765,1.201,0.739,0.241,0.098,0.307,0.053,0,0,0,0,0,0,0,0,0,0,0,0,0,0,0,0,0,0,0,0,0,0,0,0,0,0,0,0,0,0,0,0,0,0,0,0,0,3.042,5.141,6.921,8.651,10.943,12.692,14.793,16.088,18.84,18.875,20.989,21.587,22.179,21.901,21.235,23.313,23.078,23.643,25.539,24.562,26.231,29.274,29.692,29.826,30.722,29.845,30.646,31.633,30.344,30.145,27.868,26.252,24.132,22.833,21.176,19.642,17.928,16.72,15.451,14.2,13.872,11.997,10.794,10.076,8.979,8.214,7.63,6.667,4.821,3.248,1.958,1.54,0.759,0.508,0.305,0.097,0.039,0.119,0.02,0,0,0,0,0,0,0
2026-08-28 04:08:00,1,"Normal Scan","Normal Scan",0,"ON",1,1,1,737.2,5,20.3,96.9,50.7,6.95407e-08,1.81953e-05,4.97,8954.6,8.8,736.5,1,"Up Scan","Positive",254,0,4.37,1.6,8,8,0,1,1,18.764,36.374,24.067,10.366,2.244,4755.37,47,21.1,NA,0,0,0,0,0,0,0,0,0,0,0,0,0,0,0,0,0,0,0,0,0,0,0,0,0,0,0,0,0,0,0,273.906,290.723,287.697,259.215,269.161,254.956,222.235,205.097,196.72,161.585,161.343,149.05,135.06,117.337,112.444,112.514,97.761,89.475,82.893,83.027,77.649,73.678,76.326,76.819,77.586,78.838,73.941,68.591,64.615,62.603,54.092,46.274,42.151,37.201,29.157,25.435,22.244,20.069,20.056,18.139,18.046,17.851,18.48,16.788,16.839,16.314,13.263,10.044,6.728,5.12,4.11,1.728,0.758,0.554,0.336,0.443,0.254,0.053,0,0,0,0,0,0,0,0,0,0,0,0,0,0,0,0,0,0,0,0,0,0,0,0,0,0,0,0,0,0,0,0,0,0,0,0,0,2.554,3.523,5.415,7.265,8.551,11.213,13.065,13.64,14.845,16.512,15.591,17.66,18.308,18.469,17.771,18.765,20.558,19.515,19.565,19.777,21.428,21.834,22.355,24.484,26.355,28.127,29.8,29.309,28.572,28.08,27.907,25.376,22.96,22.101,20.746,17.848,16.757,15.801,14.512,14.344,13.122,12.17,10.901,10.481,9.189,8.542,7.816,6.254,4.732,3.148,2.3,1.807,0.741,0.32,0.229,0.135,0.177,0.099,0.02,0,0,0,0,0,0,0
2026-08-28 04:13:00,1,"Normal Scan","Normal Scan",0,"ON",1,1,1,736.9,5,19.9,96.9,50.5,6.94201e-08,1.81761e-05,4.97,8954.6,8.8,736.5,1,"Up Scan","Positive",254,0,4.37,1.6,8,8,0,1,1,19.066,36.156,24.113,9.647,2.229,4910.63,47,21,NA,0,0,0,0,0,0,0,0,0,0,0,0,0,0,0,0,0,0,0,0,0,0,0,0,0,0,0,0,0,0,0,317.535,295.611,273.799,278.578,248.11,242.622,227.972,216.644,190.346,171.247,157.57,147.418,137.96,126.471,113.229,111.546,109.561,105.17,104.387,101.597,96.06,92.616,81.541,80.548,79.016,79.314,74.524,73.146,63.213,58.51,50.626,44.696,40.905,35.784,27.689,24.969,22.834,20.122,18.659,18.667,18.736,18.215,17.322,17.351,17.222,16.313,14.053,10.216,7.312,5.537,2.896,1.732,1.076,0.602,0.665,0.246,0.051,0.159,0.055,0.056,0,0,0,0,0,0,0,0,0,0,0,0,0,0,0,0,0,0,0,0,0,0,0,0,0,0,0,0,0,0,0,0,0,0,0,2.801,4.158,5.543,6.957,9.203,10.339,12.436,14.02,15.715,16.022,16.526,17.24,18.115,18.91,19.213,19.015,20.513,21.976,22.881,24.624,25.896,26.536,27.453,26.136,27.378,28.297,29.715,29.518,30.149,27.361,26.166,24.007,22.468,21.454,20.034,17.365,16.78,15.8,14.726,13.874,13.439,12.422,11.385,9.994,9.268,8.671,7.937,6.734,4.8,3.345,2.504,1.28,0.776,0.471,0.248,0.271,0.098,0.02,0.06,0.02,0.021,0.016,0,0,0,0
2026-08-28 04:18:00,1,"Normal Scan","Normal Scan",0,"ON",1,1,1,737.3,5,20.4,96.9,50.6,6.95709e-08,1.82001e-05,4.97,8954.6,8.8,736.5,1,"Up Scan","Positive",254,0,4.37,1.6,8,8,0,1,1,19.398,37.043,24.504,11.14,2.249,4686.75,47,21.1,NA,0,0,0,0,0,0,0,0,0,0,0,0,0,0,0,0,0,0,0,0,0,0,0,0,0,0,0,0,0,0,0,276.696,267.968,297.23,240.207,227.685,219.502,209.405,206.531,188.75,178.724,158.589,138.938,136.266,131.217,121.517,121.281,103.344,97.309,93.668,88.84,79.126,77.139,75.452,74.217,75.057,74.571,72.751,67.052,62.662,59.183,52.056,42.453,39.148,34.181,31.277,26.087,23.847,23.534,20.65,21.407,18.681,18.856,17.085,18.847,16.925,18.014,12.064,9.292,7.887,5.939,3.132,1.443,1.11,1.109,0.284,0.296,0.103,0.053,0.108,0,0,0,0,0,0,0,0,0,0,0,0,0,0,0,0,0,0,0,0,0,0,0,0,0,0,0,0,0,0,0,0,0,0,0,0,2.107,3.622,4.981,7.557,7.952,9.431,11.22,12.88,15.031,15.886,17.269,17.369,17.084,18.658,19.902,20.268,22.115,20.63,21.173,22.108,22.782,22.103,23.248,24.2,25.433,27.148,28.223,28.619,27.849,27.2,26.857,24.734,21.944,20.998,19.859,19.017,17.425,16.175,16.386,15.043,14.757,12.083,11.495,10.294,9.872,8.461,8.715,5.902,4.309,3.612,2.657,1.414,0.621,0.47,0.458,0.116,0.118,0.04,0.02,0.041,0,0,0,0,0,0
2026-08-28 04:23:00,1,"Normal Scan","Normal Scan",0,"ON",1,1,1,737,5,20,96.9,50.7,6.94502e-08,1.81809e-05,4.97,8954.6,8.8,736.5,1,"Up Scan","Positive",254,0,4.37,1.6,8,8,0,1,1,18.943,35.375,23.623,9.647,2.202,5249.8,47,20.9,NA,0,0,0,0,0,0,0,0,0,0,0,0,0,0,0,0,0,0,0,0,0,0,0,0,0,0,0,0,0,0,0,324.411,323.908,305.011,284.299,291.425,246.796,240.991,224.645,218.87,190.174,172.644,169.867,165.42,146.095,141.7,139.052,131.083,122.772,112.501,94.992,93.562,85.046,78.511,75.08,70.856,73.744,71.841,70.658,63.991,58.33,52.139,46.43,37.684,33.468,29.33,22.71,20.012,18.993,17.511,19.943,17.131,18.612,19.207,18.927,18.342,17.703,15.679,13.107,9.521,6.678,3.75,2.252,0.94,0.462,0.379,0.197,0.205,0.106,0.054,0.056,0,0,0,0,0,0,0,0,0,0,0,0,0,0,0,0,0,0,0,0,0,0,0,0,0,0,0,0,0,0,0,0,0,0,0,2.823,4.208,6.026,7.707,9.391,12.077,12.648,14.824,16.272,18.432,18.368,18.921,20.879,22.695,22.185,23.595,25.356,26.054,26.507,26.317,24.151,25.741,25.334,25.284,25.68,25.802,27.992,28.46,28.979,27.534,26.241,24.107,23.023,19.888,19.489,17.973,15.971,15.354,14.722,13.954,14.456,12.47,12.271,11.383,10.207,9.343,8.545,7.411,6.073,4.349,3.029,1.669,0.983,0.433,0.191,0.155,0.078,0.079,0.04,0.02,0.021,0.032,0,0,0,0
2026-08-28 04:28:00,1,"Normal Scan","Normal Scan",0,"ON",1,1,1,737.3,5,20.5,96.9,50.6,6.96011e-08,1.82049e-05,4.97,8954.6,8.8,736.5,1,"Up Scan","Positive",254,0,4.37,1.6,8,8,0,1,1,18.367,33.764,22.774,9.647,2.163,5597.16,47,21.1,NA,0,0,0,0,0,0,0,0,0,0,0,0,0,0,0,0,0,0,0,0,0,0,0,0,0,0,0,0,0,0,0,371.284,352.881,342.137,306.809,320.504,277.569,265.838,248.066,220.144,216.236,202.217,186.597,177.206,162.435,151.798,140.338,137.501,121.272,111.486,100.921,92.958,84.361,82.428,77.449,75.203,72.521,72.482,67.644,61.185,52.643,48.916,40.718,36.215,31.708,25.432,25.234,21.364,19.571,18.133,18.475,18.36,16.524,18.602,19.637,17.575,17.9,15.205,12.012,8.545,5.945,3.207,2.087,1.652,0.874,0.382,0.397,0,0.212,0.11,0.056,0,0,0,0,0,0,0,0,0,0,0,0,0,0,0,0,0,0,0,0,0,0,0,0,0,0,0,0,0,0,0,0,0,0,0,3.487,4.792,6.574,8.71,10.109,13.335,14.251,16.35,17.999,18.539,20.866,22.114,22.946,24.23,24.589,25.26,25.591,27.256,26.211,26.135,25.646,25.528,25.154,26.228,26.262,26.817,27.281,28.483,27.728,26.267,23.725,23.322,20.558,19.491,18.282,16.52,16.679,15.723,14.912,14.112,13.691,12.951,10.922,10.92,10.329,8.957,8.836,7.226,5.646,3.927,2.658,1.442,0.945,0.696,0.363,0.155,0.157,0,0.08,0.041,0.023,0,0,0,0,0
2026-08-28 04:33:00,1,"Normal Scan","Normal Scan",0,"ON",1,1,1,736.9,5,19.9,96.9,51,6.94201e-08,1.81761e-05,4.97,8954.6,8.8,736.5,1,"Up Scan","Positive",254,0,4.37,1.6,8,8,0,1,1,18.971,33.653,22.987,9.647,2.14,5785.85,47,21,NA,0,0,0,0,0,0,0,0,0,0,0,0,0,0,0,0,0,0,0,0,0,0,0,0,0,0,0,0,0,0,0,364.305,361.043,335.32,332.668,288.394,289.75,273.377,235.893,221.26,215.327,201.753,192.477,185.564,186.779,176.829,170.911,156.452,141.604,134.069,115.786,102.976,94.563,89.444,83.206,72.852,72.724,68.159,65.021,62.267,55.317,47.976,41.909,35.032,28.766,25.509,23.431,18.449,18.22,19.935,18.38,18.67,19.694,21.028,17.927,17.612,16.732,14.815,12.337,8.721,4.791,4.012,1.801,1.481,1.091,0.526,0.495,0.153,0.105,0.109,0.056,0,0,0,0,0,0,0,0,0,0,0,0,0,0,0,0,0,0,0,0,0,0,0,0,0,0,0,0,0,0,0,0,0,0,0,3.362,4.717,6.774,8.504,10.991,12.036,14.886,16.786,17.124,18.659,20.797,22.123,23.703,25.469,28.319,29.433,31.094,31.01,30.528,31.228,29.165,28.155,27.784,28.203,28.058,26.171,27.355,26.857,26.673,26.52,24.762,22.635,20.825,19.11,17.333,16.464,16.4,14.67,14.215,14.63,13.552,13.131,12.349,11.906,9.746,8.956,8.244,7.158,5.784,4.07,2.155,1.793,0.797,0.627,0.452,0.213,0.196,0.06,0.04,0.041,0.021,0,0,0,0,0
2026-08-28 04:38:00,1,"Normal Scan","Normal Scan",0,"ON",1,1,1,737.3,5,20.4,96.9,50.5,6.95709e-08,1.82001e-05,4.97,8954.6,8.8,736.5,1,"Up Scan","Positive",254,0,4.37,1.6,8,8,0,1,1,17.279,30.273,20.943,9.647,2.091,7201.28,47,21.1,NA,0,0,0,0,0,0,0,0,0,0,0,0,0,0,0,0,0,0,0,0,0,0,0,0,0,0,0,0,0,0,0,716.287,596.085,491.953,414.448,368.535,314.082,290.951,258.448,256.932,258.866,237.847,235.021,230.274,219.367,210.073,194.036,188.84,166.45,149.123,135.565,128.192,106.558,89.43,91.279,82.626,73.102,69.225,68.658,59.714,57.863,46.303,40.03,37.168,31.403,24.489,22.15,20.201,18.407,19.494,17.255,20.159,18.853,19.191,19.251,18.414,18.392,13.997,12.244,8.561,5.822,3.895,2.338,1.427,1.015,0.524,0.099,0.152,0.106,0.055,0.056,0,0,0,0,0,0,0,0,0,0,0,0,0,0,0,0,0,0,0,0,0,0,0,0,0,0,0,0,0,0,0,0,0,0,0,6.454,9.298,11.07,12.414,13.675,15.265,16.069,17.935,18.747,21.665,25.024,26.088,28.92,31.506,33.229,34.954,35.397,37.351,35.709,34.736,34.062,34.504,31.097,28.237,30.421,29.381,27.336,27.152,28.284,25.498,25.64,22.048,20.163,19.951,18.158,16.413,15.841,15.117,14.572,14.84,13.182,13.445,12.254,11.072,10.278,9.49,8.99,6.742,5.713,3.922,2.605,1.716,1.038,0.602,0.42,0.213,0.039,0.06,0.04,0.02,0.021,0,0,0,0,0
2026-08-28 04:43:00,1,"Normal Scan","Normal Scan",0,"ON",1,1,1,737,5,20,96.9,51.1,6.94502e-08,1.81809e-05,4.97,8954.6,8.8,736.5,1,"Up Scan","Positive",254,0,4.37,1.6,8,8,0,1,1,17.824,32.726,22.059,9.647,2.159,6107.86,47,21,NA,0,0,0,0,0,0,0,0,0,0,0,0,0,0,0,0,0,0,0,0,0,0,0,0,0,0,0,0,0,0,0,519.681,456.441,382.464,364.22,316.752,276.75,272.177,231.276,229.65,202.255,202.14,196.128,191.099,181.982,170.932,165.216,146.741,139.408,126.149,113.443,103.051,91.845,86.118,78.399,78.985,75.069,71.699,66.521,60.773,55.446,47.565,44.619,37.006,30.511,27.525,23.119,20.31,18.27,19.529,19.464,18.06,20.138,17.31,20.51,18.876,18.147,16.065,13.505,9.277,5.579,3.127,2.38,1.825,1.209,0.525,0.444,0.05,0,0.054,0.056,0,0,0,0,0,0,0,0,0,0,0,0,0,0,0,0,0,0,0,0,0,0,0,0,0,0,0,0,0,0,0,0,0,0,0,4.795,6.71,8.502,9.717,12.015,13.143,14.153,16.761,16.802,19.348,19.562,22.139,24.129,26.198,27.577,28.498,30.078,29.132,30.038,29.427,28.714,28.184,27.128,27.2,26.636,28.12,28.238,28.186,27.409,26.134,24.88,22.62,22.054,19.795,18.352,17.431,16.464,15.049,14.838,15.067,14.342,12.971,12.978,10.399,10.702,9.66,8.997,7.731,6.333,4.29,2.479,1.382,1.038,0.787,0.5,0.213,0.177,0.02,0,0.02,0.021,0.016,0,0,0,0
2026-08-28 04:48:00,1,"Normal Scan","Normal Scan",0,"ON",1,1,1,737.2,5,20.3,96.9,50.5,6.95407e-08,1.81953e-05,4.97,8954.6,8.8,736.5,1,"Up Scan","Positive",254,0,4.37,1.6,8,8,0,1,1,17.103,32.458,21.791,10.366,2.155,6280.65,47,21,NA,0,0,0,0,0,0,0,0,0,0,0,0,0,0,0,0,0,0,0,0,0,0,0,0,0,0,0,0,0,0,0,452.832,454.674,445.529,401.526,374.962,337.239,291.466,280.09,231.617,222.804,194.804,183.916,173.078,161.572,155.395,154.61,141.277,136.072,129.689,116.601,101.381,96.912,89.783,77.143,79.6,75.919,69.671,67.724,61.785,54.818,49.621,44.986,38.601,32.915,27.323,23.981,22.383,19.435,18.79,17.446,20.226,17.935,17.746,17.197,19.89,18.142,14.933,14.989,10.318,6.805,4.81,3.368,1.831,1.2,0.429,0.444,0.257,0.107,0.054,0,0,0,0,0,0,0,0,0,0,0,0,0,0,0,0,0,0,0,0,0,0,0,0,0,0,0,0,0,0,0,0,0,0,0,0,3.839,5.837,8.495,11.29,13.265,15.548,17.284,17.926,20.264,19.493,21.512,21.307,22.604,23.76,24.551,25.944,28.184,28.135,29.367,30.167,29.479,27.817,28.476,28.281,26.204,28.407,28.548,27.678,27.967,26.633,24.701,23.539,22.525,20.432,18.744,17.748,16.529,15.928,15.086,15.021,13.508,14.242,12.448,10.806,9.782,10.405,9.05,7.222,6.97,4.749,3.084,2.148,1.446,0.79,0.496,0.174,0.177,0.099,0.04,0.02,0,0.015,0,0,0,0
2026-08-28 04:53:00,1,"Normal Scan","Normal Scan",0,"ON",1,1,1,737,5,20.1,96.9,51.1,6.94804e-08,1.81857e-05,4.97,8954.6,8.8,736.5,1,"Up Scan","Positive",254,0,4.37,1.6,8,8,0,1,1,18.056,33.85,22.696,11.14,2.176,5885.99,47,21,NA,0,0,0,0,0,0,0,0,0,0,0,0,0,0,0,0,0,0,0,0,0,0,0,0,0,0,0,0,0,0,0,390.648,385.264,397.288,350.948,326.099,303.476,276.903,242.372,229.253,206.327,188.472,177.032,173.123,159.208,156.098,148.576,139.054,133.703,127.849,115.13,104.82,98.637,88.969,85.818,76.945,76.754,73.481,65.63,61.724,58.344,51.876,42.362,37.068,32.874,28.09,23.333,22.305,22.264,18.19,18.191,19.144,21.013,17.23,19.136,19.425,18.034,16.969,13.162,10.293,6.558,4.365,2.324,1.53,0.922,0.524,0.491,0.152,0.053,0.109,0.057,0,0,0,0,0,0,0,0,0,0,0,0,0,0,0,0,0,0,0,0,0,0,0,0,0,0,0,0,0,0,0,0,0,0,0,2.833,5.028,7.17,10.097,11.594,13.545,15.57,17.013,17.593,19.307,19.928,20.629,21.801,23.761,24.196,26.03,27.159,27.72,28.918,29.905,29.092,28.638,29.031,28.07,28.814,27.681,28.968,28.782,27.115,26.701,26.063,24.363,21.744,20.044,18.934,17.813,16.787,16.066,16.366,14.593,14.143,13.639,13.473,10.536,10.562,9.911,8.87,8.093,6.209,4.752,2.924,1.941,1.018,0.696,0.382,0.213,0.196,0.06,0.02,0.041,0.021,0.032,0,0,0,0
2026-08-28 04:58:00,1,"Normal Scan","Normal Scan",0,"ON",1,1,1,737.2,5,20.3,96.9,50.4,6.95407e-08,1.81953e-05,4.97,8954.6,8.8,736.5,1,"Up Scan","Positive",254,0,4.37,1.6,8,8,0,1,1,16.485,31.503,21.083,9.647,2.166,7056.59,47,21,NA,0,0,0,0,0,0,0,0,0,0,0,0,0,0,0,0,0,0,0,0,0,0,0,0,0,0,0,0,0,0,0,768.951,597.205,535.334,431.633,348.465,330.528,278.468,254.002,229.395,206.29,204.574,196.438,196.19,189.485,177.193,170.163,158.986,146.974,138.633,130.9,118.411,111.467,98.113,89.504,85.542,80.906,77.072,74.132,66.439,61.831,55.257,50.574,43.299,32.643,31.038,28.815,23.31,22.505,20.075,20.47,17.193,19.468,20.465,17.52,19.804,18.152,17.52,14.504,10.139,8.521,5.354,3.619,1.122,1.106,0.381,0.345,0,0.052,0.054,0.057,0,0,0,0,0,0,0,0,0,0,0,0,0,0,0,0,0,0,0,0,0,0,0,0,0,0,0,0,0,0,0,0,0,0,0,7.058,9.92,11.108,13.549,14.203,14.499,16.906,17.146,18.433,19.347,19.935,22.424,24.151,26.898,28.74,29.56,31.052,31.66,31.714,32.394,33.019,32.188,32.677,30.991,30.113,30.641,30.653,30.633,30.551,28.587,27.989,26.108,25.023,22.879,19.314,18.928,18.981,17.072,16.606,15.589,15.29,13.193,12.973,12.214,10.396,10.422,8.822,8.36,6.741,4.632,3.79,2.356,1.557,0.508,0.458,0.155,0.137,0,0.02,0.02,0.021,0.015,0,0,0,0
2026-08-28 05:03:00,1,"Normal Scan","Normal Scan",0,"ON",1,1,1,737.1,5,20.2,96.9,50.9,6.95106e-08,1.81905e-05,4.97,8954.6,8.8,736.5,1,"Up Scan","Positive",254,0,4.37,1.6,8,8,0,1,1,16.774,32.448,21.455,9.647,2.206,7315.37,46,21,NA,0,0,0,0,0,0,0,0,0,0,0,0,0,0,0,0,0,0,0,0,0,0,0,0,0,0,0,0,0,0,0,809.369,680.073,561.547,436.245,367.331,294.302,254.781,218.113,206.335,201.041,206.836,201.83,196.369,195.099,190.962,175.392,171.089,156.73,154.543,140.376,123.608,119.903,102.502,96.07,89.966,88.322,86.283,79.438,77.16,67.858,62.818,55.564,49.795,41.531,37.548,35.182,26.802,22.719,23.384,20.394,21.156,20.05,20.353,21.291,21.199,18.232,17.876,14.774,12.019,8.911,6.589,3.334,2.005,1.109,0.428,0.148,0.358,0.159,0.055,0.113,0,0,0,0,0,0,0,0,0,0,0,0,0,0,0,0,0,0,0,0,0,0,0,0,0,0,0,0,0,0,0,0,0,0,0,8.032,10.419,12.667,14.238,14.407,15.224,15.031,15.676,15.82,17.408,19.457,22.662,24.847,26.961,29.641,31.851,32.027,34.093,33.87,36.03,35.418,33.777,35.184,32.476,32.737,32.289,33.639,34.405,33.11,33.398,31.133,29.849,27.391,25.928,23.429,22.589,22.032,18.975,17.553,17.513,15.566,15.203,13.499,12.787,12.107,11.131,9.121,8.593,6.843,5.471,4.043,2.902,1.483,0.847,0.458,0.174,0.059,0.139,0.06,0.02,0.041,0,0,0,0,0
2026-08-28 05:08:00,1,"Normal Scan","Normal Scan",0,"ON",1,1,1,737,5,20.1,96.9,50.3,6.94804e-08,1.81857e-05,4.97,8954.6,8.8,736.5,1,"Up Scan","Positive",254,0,4.37,1.6,8,8,0,1,1,18.113,31.458,21.613,9.647,2.133,9046.01,47,21,NA,0,0,0,0,0,0,0,0,0,0,0,0,0,0,0,0,0,0,0,0,0,0,0,0,0,0,0,0,0,0,0,984.704,805.489,588.838,476.099,392.719,337.122,309.401,289.878,274.958,265.73,273.801,308.221,290.299,271.264,253.592,246.807,245.87,238.072,228.827,213.759,182.499,151.624,133.339,116.546,103.164,96.998,94.431,90.156,82.993,76.647,74.577,66.386,58.427,45.669,42.558,36.842,30.253,26.151,22.754,24.343,21.335,20.235,21.283,18.774,21.551,19.349,18.623,15.559,13.78,8.692,6.687,2.937,2.094,1.521,0.952,0.294,0.154,0.159,0.163,0.056,0,0,0,0,0,0,0,0,0,0,0,0,0,0,0,0,0,0,0,0,0,0,0,0,0,0,0,0,0,0,0,0,0,0,0,10.507,12.635,14.986,14.908,15.695,16.3,17.284,19.052,21.074,23.195,25.709,30.066,37.94,39.853,41.228,42.469,45.162,48.755,51.092,52.924,53.128,49.033,43.928,41.756,39.158,37.201,37.257,37.848,37.813,36.078,34.791,35.111,32.133,29.862,25.739,24.848,23.021,20.724,18.67,17.684,17.659,15.515,14.019,13.26,11.208,11.082,9.669,9.08,7.341,6.253,3.908,3.005,1.278,0.884,0.63,0.387,0.118,0.06,0.06,0.061,0.021,0,0,0,0,0
2026-08-28 05:13:00,1,"Normal Scan","Normal Scan",0,"ON",1,1,1,737.2,5,20.3,96.9,50.8,6.95407e-08,1.81953e-05,4.97,8954.6,8.8,736.5,1,"Up Scan","Positive",254,0,4.37,1.6,8,8,0,1,1,17.818,30.714,21.184,9.647,2.112,9705.16,47,21.1,NA,0,0,0,0,0,0,0,0,0,0,0,0,0,0,0,0,0,0,0,0,0,0,0,0,0,0,0,0,0,0,0,1063.242,874.555,641.691,515.886,426.116,351.307,344.385,316.144,313.31,332.111,350.124,348.891,327.284,290.649,279.3,250.773,243.466,233.521,216.661,191.279,176.877,158.743,136.076,120.521,112.088,100.569,99.94,88.824,87.125,77.694,74.377,63.905,56.581,49.371,41.395,36.421,31.35,29.651,25.327,22.818,23.869,24.317,22.651,21.214,18.462,21.589,18.404,14.888,13.334,9.875,7.268,3.78,2.137,1.015,0.999,0.545,0.308,0,0.109,0.056,0,0,0,0,0,0,0,0,0,0,0,0,0,0,0,0,0,0,0,0,0,0,0,0,0,0,0,0,0,0,0,0,0,0,0,11.241,13.744,16.219,16.192,17.01,17.667,17.999,21.217,23.05,26.514,32.112,38.323,42.841,44.823,44.06,46.561,45.795,48.4,50.184,50.253,47.931,47.671,46.111,42.481,40.483,40.054,38.354,39.636,37.384,37.646,35.275,34.982,31.879,29.625,27.295,24.567,23.666,21.583,20.65,18.492,17.384,16.715,15.757,14.161,12.449,10.05,10.705,8.863,6.999,6.131,4.456,3.201,1.649,0.903,0.42,0.406,0.216,0.119,0,0.041,0.021,0,0,0,0,0
2026-08-28 05:18:00,1,"Normal Scan","Normal Scan",0,"ON",1,1,1,737.1,5,20.2,96.9,50.3,6.95106e-08,1.81905e-05,4.97,8954.6,8.8,736.5,1,"Up Scan","Positive",254,0,4.37,1.6,8,8,0,1,1,18.81,31.577,21.836,9.647,2.112,9894.76,47,21,NA,0,0,0,0,0,0,0,0,0,0,0,0,0,0,0,0,0,0,0,0,0,0,0,0,0,0,0,0,0,0,0,1003.492,799.853,654.813,493.93,416.235,351.936,330.572,314.262,327.188,333.457,323.841,346.887,335.25,322.901,335.086,310.882,299.271,279.469,256.528,224.46,182.899,158.997,137.848,120.153,112.417,103.923,97.503,93.237,85.952,79.696,71.92,64.665,56.674,48.908,42.886,39.109,33.731,32.268,27.434,26.062,26.076,23.833,22.099,21.349,22.239,20.559,19.567,16.671,14.307,11.799,8.45,4.858,2.805,1.424,0.952,0.543,0.358,0.105,0.163,0,0,0,0,0,0,0,0,0,0,0,0,0,0,0,0,0,0,0,0,0,0,0,0,0,0,0,0,0,0,0,0,0,0,0,0,9.529,12.809,14.895,16.527,16.286,17.261,18.004,20.43,22.894,27.622,32.306,35.589,42.739,46.064,49.034,55.795,56.489,59.149,59.76,59.15,55.847,49.217,46.143,43.105,40.349,40.202,39.41,38.949,38.759,37.531,36.43,34.345,32.619,30.044,27.313,26.185,24.843,22.675,22.58,20.071,19.219,18.173,16.326,14.29,13.003,12.033,10.482,9.462,7.825,6.583,5.332,3.732,2.102,1.185,0.592,0.387,0.216,0.139,0.04,0.061,0,0,0,0,0,0
2026-08-28 05:23:00,1,"Normal Scan","Normal Scan",0,"ON",1,1,1,737.3,5,20.4,96.9,50.7,6.95709e-08,1.82001e-05,4.97,8954.6,8.8,736.5,1,"Up Scan","Positive",254,0,4.37,1.6,8,8,0,1,1,21.457,37.407,25.165,9.647,2.216,7265.48,47,21.1,NA,0,0,0,0,0,0,0,0,0,0,0,0,0,0,0,0,0,0,0,0,0,0,0,0,0,0,0,0,0,0,0,495.507,410.928,375.146,333.686,298.356,271.679,272.682,253.429,262.824,262.565,252.983,241.329,233.429,240.202,229.402,221.509,211.887,196.772,183.609,172.676,156.62,145.478,125.207,120.832,111.846,110.486,103.269,102.681,90.467,86.207,77.895,74.64,60.392,53.887,44.881,42.625,33.857,28.961,27.565,26.21,25.116,21.807,23.21,22.714,22.057,20.65,21.608,18.408,14.607,10.661,7.699,4.85,3.497,1.62,1.293,0.344,0.307,0.157,0.216,0.056,0,0,0,0,0,0,0,0,0,0,0,0,0,0,0,0,0,0,0,0,0,0,0,0,0,0,0,0,0,0,0,0,0,0,0,4.725,6.374,7.672,9.519,10.983,12.386,13.937,16.826,18.44,22.194,25.395,27.751,29.754,32.089,36.425,38.352,40.479,42.161,42.423,42.912,43.572,42.772,42.726,39.842,40.831,40.434,42.028,41.464,42.675,39.648,39.054,36.927,36.34,31.422,29.832,26.829,26.047,23.256,21.22,20.193,19.317,18.459,15.528,14.848,13.303,11.958,10.731,10.416,8.769,6.668,4.829,3.427,2.101,1.495,0.671,0.523,0.137,0.119,0.06,0.081,0.021,0.015,0,0,0,0
2026-08-28 05:28:00,1,"Normal Scan","Normal Scan",0,"ON",1,1,1,737,5,20.1,96.9,50.4,6.94804e-08,1.81857e-05,4.97,8954.6,8.8,736.5,1,"Up Scan","Positive",254,0,4.37,1.6,8,8,0,1,1,20.789,38.244,25.31,9.647,2.257,7146.62,47,21,NA,0,0,0,0,0,0,0,0,0,0,0,0,0,0,0,0,0,0,0,0,0,0,0,0,0,0,0,0,0,0,0,459.575,399.847,370.657,351.348,319.063,327.029,304.612,275.277,267.22,243.588,220.653,219.634,199.407,203.373,197.195,200.688,182.889,178.433,175.811,151.468,146.847,137.825,126.535,120.484,120.817,109.776,107.973,103.293,99.13,95.032,87.206,75.493,68.5,55.406,47.803,39.828,36.05,32.614,27.64,28.639,25.585,25.363,24.523,22.21,23.622,21.231,21.778,19.688,15.999,11.079,8.392,5.224,3.109,1.548,1.217,0.61,0.524,0.158,0.054,0.056,0,0,0,0,0,0,0,0,0,0,0,0,0,0,0,0,0,0,0,0,0,0,0,0,0,0,0,0,0,0,0,0,0,0,0,4.113,5.925,7.473,9.395,11.585,13.319,16.77,18.758,19.963,22.516,23.511,24.168,27.026,27.404,30.959,32.966,36.723,36.551,38.66,41.224,38.645,40.235,40.772,40.404,41.134,43.797,42.218,43.393,43.375,43.005,42.699,40.651,37.211,35.164,30.784,28.426,25.668,24.493,23.082,20.878,20.571,18.689,17.757,15.637,13.319,12.85,10.924,10.546,9.259,7.417,5.046,3.697,2.26,1.363,0.641,0.494,0.242,0.203,0.06,0.02,0.021,0.047,0,0,0,0
2026-08-28 05:33:00,1,"Normal Scan","Normal Scan",0,"ON",1,1,1,737.3,5,20.5,96.9,50.5,6.96011e-08,1.82049e-05,4.97,8954.6,8.8,736.5,1,"Up Scan","Positive",254,0,4.37,1.6,8,8,0,1,1,18.794,36.764,23.703,9.647,2.307,7504.25,47,21.1,NA,0,0,0,0,0,0,0,0,0,0,0,0,0,0,0,0,0,0,0,0,0,0,0,0,0,0,0,0,0,0,0,827.192,566.279,410.76,370.971,347.842,299.482,273.645,247.202,237.876,226.958,209.373,209.362,189.608,188.137,177.213,174.361,165.904,162.678,156.644,146.123,139.427,134.814,128.736,121.772,119.072,114.479,109.246,110.205,102.386,97.18,86.678,79.047,68.446,57.626,49.092,41.869,35.361,31.272,27.052,26.679,23.435,22.798,24.363,26.724,24.494,22.552,20.565,20.24,15.735,12.747,8.645,6.001,3.58,2.148,1.359,0.393,0.255,0.053,0.055,0.056,0,0,0,0,0,0,0,0,0,0,0,0,0,0,0,0,0,0,0,0,0,0,0,0,0,0,0,0,0,0,0,0,0,0,0,8.844,10.581,10.482,10.39,12.228,14.428,15.332,16.832,17.959,20.023,21.921,22.936,25.744,26.05,28.605,29.672,31.966,33.234,35.385,36.961,37.377,38.482,40.055,41.134,41.655,43.302,43.925,44.015,45.839,44.429,43.626,40.649,38.353,34.967,31.722,28.645,26.121,24.258,23.326,20.994,19.96,17.845,16.418,16.054,15.585,13.39,11.611,10.138,9.586,7.196,5.706,3.791,2.613,1.58,0.888,0.551,0.157,0.099,0.02,0.02,0.023,0.055,0,0,0,0
2026-08-28 05:38:00,1,"Normal Scan","Normal Scan",0,"ON",1,1,1,736.9,5,19.9,96.9,50.6,6.94201e-08,1.81761e-05,4.97,8954.6,8.8,736.5,1,"Up Scan","Positive",254,0,4.37,1.6,8,8,0,1,1,17.96,35.173,22.93,9.647,2.253,8484.71,47,21,NA,0,0,0,0,0,0,0,0,0,0,0,0,0,0,0,0,0,0,0,0,0,0,0,0,0,0,0,0,0,0,0,689.251,630.059,586.32,565.336,480.949,394.526,313.744,279.609,270.067,261.03,249.363,242.11,230.855,220.418,211.209,202.157,190.731,174.63,168.717,157.315,143.814,133.843,126.5,123.769,121.927,116.108,119.514,107.939,103.821,92.829,87.797,77.223,70.188,60.809,53.547,46.167,39.839,35.028,29.877,29.158,27.924,24.899,24.12,25.249,22.548,22.937,24.529,19.878,17.204,13.567,8.858,6.05,4.066,1.707,1.405,0.867,0.203,0.212,0.219,0.169,0,0,0,0,0,0,0,0,0,0,0,0,0,0,0,0,0,0,0,0,0,0,0,0,0,0,0,0,0,0,0,0,0,0,0,5.999,8.9,11.812,14.925,18.682,19.95,20.146,19.291,20.335,22.802,25.235,27.327,29.797,31.655,33.477,35.265,36.958,38.002,37.89,39.682,40.131,39.704,39.928,40.615,42.22,44.029,44.567,47.597,45.415,45.533,42.413,41.666,38.45,36.232,33.428,31.351,28.574,26.674,24.646,22.096,21.698,20.532,17.921,15.955,15.056,12.676,11.914,11.845,9.541,7.928,6.057,3.947,2.667,1.735,0.706,0.569,0.346,0.079,0.08,0.081,0.062,0,0,0,0,0
2026-08-28 05:43:00,1,"Normal Scan","Normal Scan",0,"ON",1,1,1,737.3,5,20.5,96.9,50.4,6.96011e-08,1.82049e-05,4.97,8954.6,8.8,736.5,1,"Up Scan","Positive",254,0,4.37,1.6,8,8,0,1,1,20.756,39.989,25.862,9.647,2.327,6695.62,47,21.1,NA,0,0,0,0,0,0,0,0,0,0,0,0,0,0,0,0,0,0,0,0,0,0,0,0,0,0,0,0,0,0,0,446.973,413.96,399.982,321.352,293.706,271.046,268.12,239.72,232.559,228.228,205.766,195.171,170.901,162.853,164.31,157.561,153.327,151.767,140.829,138.761,138.628,131.12,122.089,122.225,122.63,116.044,115.423,112.697,109.288,97.267,86.099,78.104,69.244,56.572,49.657,43.088,38.581,32.944,29.46,27.809,26.171,23.206,25.837,23.681,23.613,22.527,20.743,20.19,17.144,13.53,9.863,5.694,3.502,1.85,0.882,0.543,0.408,0.211,0.108,0.056,0,0,0,0,0,0,0,0,0,0,0,0,0,0,0,0,0,0,0,0,0,0,0,0,0,0,0,0,0,0,0,0,0,0,0,4.462,5.787,7.686,10.13,10.585,12.246,13.863,16.509,17.399,19.598,22.035,22.519,23.993,23.479,24.782,27.529,28.995,30.777,33.09,33.393,35.679,38.407,39.143,39.48,42.036,44.417,44.275,46.169,46.998,47.018,43.735,40.626,38.485,35.64,31.336,29.314,26.833,25.949,23.695,21.915,20.633,19.09,17.112,16.604,14.577,13.084,11.603,10.114,9.423,7.883,6.073,4.377,2.462,1.476,0.767,0.358,0.216,0.159,0.08,0.041,0.023,0,0,0,0,0
2026-08-28 05:48:00,1,"Normal Scan","Normal Scan",0,"ON",1,1,1,737,5,20,96.9,50.8,6.94502e-08,1.81809e-05,4.97,8954.6,8.8,736.5,1,"Up Scan","Positive",254,0,4.37,1.6,8,8,0,1,1,24.837,39.658,27.95,22.876,2.124,8416.59,47,21,NA,0,0,0,0,0,0,0,0,0,0,0,0,0,0,0,0,0,0,0,0,0,0,0,0,0,0,0,0,0,0,0,325.705,320.279,301.523,264.598,261.432,246.614,233.724,232.828,247.824,321.876,361.161,415.119,423.702,402.654,388.728,355.571,303.178,278.062,252.582,224.661,193.683,169.736,160.416,147.258,138.921,132.379,124.807,122.715,113.713,109.768,101.411,89.121,78.44,68.799,58.405,49.72,43.031,35.512,34.81,28.194,26.792,27.499,27.198,27.468,25.416,23.117,21.773,21.209,16.382,14.693,8.273,5.761,2.911,2.441,1.336,0.989,0.46,0.105,0.11,0,0,0,0,0,0,0,0,0,0,0,0,0,0,0,0,0,0,0,0,0,0,0,0,0,0,0,0,0,0,0,0,0,0,0,0,3.041,4.233,6.013,7.644,8.709,10.885,12.682,14.49,17.004,21.087,31.358,39.684,51.059,57.98,60.909,64.531,64.497,59.913,59.74,58.742,56.537,52.745,50.029,50.668,50.044,50.371,50.721,50.444,51.463,49.687,49.805,47.449,43.518,40.424,37.005,33.512,30.727,28.478,25.656,24.725,21.061,19.768,18.819,17.863,15.998,13.9,11.759,10.731,10.028,7.663,6.629,3.627,2.499,1.261,1.012,0.542,0.392,0.179,0.04,0.041,0,0.032,0,0,0,0
2026-08-28 05:53:00,1,"Normal Scan","Normal Scan",0,"ON",1,1,1,737.3,5,20.5,96.9,50.4,6.96011e-08,1.82049e-05,4.97,8954.6,8.8,736.5,1,"Up Scan","Positive",254,0,4.37,1.6,8,8,0,1,1,16.335,30.198,20.89,9.647,2.104,13828,47,21.1,NA,0,0,0,0,0,0,0,0,0,0,0,0,0,0,0,0,0,0,0,0,0,0,0,0,0,0,0,0,0,0,0,1311.999,1093.864,993.925,886.956,794.653,709.483,650.153,587.371,528.152,453.967,405.081,378.203,341.995,284.599,265.496,255.806,277.416,286.711,307.443,292.018,288.73,268.326,230.225,201.142,186.588,157.797,148.184,129.935,119.416,114.971,109.031,95.369,83.989,74.639,62.284,52.306,42.686,37.439,28.58,30.655,28.901,27.408,26.488,26.374,27.119,24.069,22.329,21.07,17.603,14.003,10.231,6.416,3.707,1.979,1.408,0.612,0.356,0.053,0.11,0.15,0,0,0,0,0,0,0,0,0,0,0,0,0,0,0,0,0,0,0,0,0,0,0,0,0,0,0,0,0,0,0,0,0,0,0,11.14,16.929,20.398,25.195,29.211,33.032,36.303,39.931,42.559,44.382,43.658,44.276,46.437,46.895,43.537,44.885,47.528,56.006,62.466,71.86,73.51,77.552,77.236,70.926,66.463,65.869,59.801,58.724,54.722,52.494,51.726,50.838,46.216,42.263,39.496,35.797,31.986,28.272,26.327,22.58,22.171,20.905,19.392,17.435,15.757,14.9,12.362,10.89,10.01,8.057,6.251,4.503,2.782,1.58,0.821,0.572,0.244,0.139,0.02,0.041,0.046,0,0,0,0,0
2026-08-28 05:58:00,1,"Normal Scan","Normal Scan",0,"ON",1,1,1,737,5,20.1,96.9,51.1,6.94804e-08,1.81857e-05,4.97,8954.6,8.8,736.5,1,"Up Scan","Positive",254,0,4.37,1.6,8,8,0,1,1,16.283,30.516,20.634,9.647,2.124,11869.1,47,21,NA,0,0,0,0,0,0,0,0,0,0,0,0,0,0,0,0,0,0,0,0,0,0,0,0,0,0,0,0,0,0,0,1091.161,914.97,838.663,770.798,707.449,658.849,560.041,516.628,492.153,504.201,453.546,388.348,336.557,301.045,261.087,218.063,202.008,172.502,162.803,153.049,150.22,143.181,143.765,129.344,128.63,126.697,122.269,123.533,119.286,111.592,104.017,97.237,81.074,70.748,60.011,51.302,46.437,39.061,34.644,32.185,28.385,26.618,25.414,25.163,27.738,21.285,22.322,19.083,16.222,14.336,8.813,5.562,4.328,1.612,1.528,0.542,0.358,0.368,0.109,0.168,0,0,0,0,0,0,0,0,0,0,0,0,0,0,0,0,0,0,0,0,0,0,0,0,0,0,0,0,0,0,0,0,0,0,0,9.87,14.104,17.074,21.134,25.489,29.499,33.76,34.418,37.483,41.492,48.555,49.422,47.507,45.846,45.386,43.345,39.794,40.242,37.629,38.446,39.233,41.624,42.721,46.087,44.842,47.23,49.25,49.835,52.025,52.12,50.405,49.177,47.36,41.588,38.409,34.473,31.196,29.643,26.754,25.044,22.611,20.182,18.453,16.797,15.048,14.857,11.262,10.82,9.124,7.446,6.49,3.913,2.444,1.827,0.668,0.619,0.216,0.139,0.141,0.041,0.062,0,0,0,0,0
2026-08-28 06:03:00,1,"Normal Scan","Normal Scan",0,"ON",1,1,1,737.1,5,20.2,96.9,50.6,6.95106e-08,1.81905e-05,4.97,8954.6,8.8,736.5,1,"Up Scan","Positive",254,0,4.37,1.6,8,8,0,1,1,13.904,25.706,17.975,9.647,2.006,16230.5,47,21,NA,0,0,0,0,0,0,0,0,0,0,0,0,0,0,0,0,0,0,0,0,0,0,0,0,0,0,0,0,0,0,0,1847.334,1671.656,1478.41,1298.907,1232.24,1042.539,853.456,702.623,552.364,486.488,443.244,401.171,351.574,326.713,289.053,259.195,232.66,213.399,195.644,175.742,154.538,141.214,134.768,133.134,129.215,127.87,130.782,122.123,123.762,117.964,103.957,94.877,85.001,75.478,57.298,50.018,44.042,38.23,31.819,29.606,31.888,28.867,27.121,25.641,24.284,24.222,21.12,18.936,15.391,12.105,8.487,4.699,3.455,1.567,1.336,0.69,0.204,0.265,0,0.113,0,0,0,0,0,0,0,0,0,0,0,0,0,0,0,0,0,0,0,0,0,0,0,0,0,0,0,0,0,0,0,0,0,0,0,15.641,23.94,31.123,37.346,42.867,51.202,53.318,52.423,50.84,46.448,46.887,48.349,49.129,48.02,49.336,48.047,47.127,46.112,46.009,45.795,44.688,42.746,42.363,43.478,46.119,47.657,49.601,52.91,51.797,53.821,52.895,48.489,46.337,43.125,39.947,33.678,31.168,28.727,26.202,22.908,21.855,21.263,19.183,17.047,15.013,13.058,12.36,10.238,8.998,7.116,5.433,3.753,2.053,1.51,0.649,0.542,0.275,0.079,0.101,0,0.041,0.046,0,0,0,0
2026-08-28 06:08:00,1,"Normal Scan","Normal Scan",0,"ON",1,1,1,737.1,5,20.2,96.9,51.2,6.95106e-08,1.81905e-05,4.97,8954.6,8.8,736.5,1,"Up Scan","Positive",254,0,4.37,1.6,8,8,0,1,1,16.834,34.549,22.301,9.647,2.273,8780.51,48,21,NA,0,0,0,0,0,0,0,0,0,0,0,0,0,0,0,0,0,0,0,0,0,0,0,0,0,0,0,0,0,0,0,832.355,712.862,616.214,545.746,443.296,390.248,400.511,374.605,334.105,303.542,284.211,248.356,210.353,188.073,174.875,157.914,145.564,135.545,126.111,127.687,125.814,120.361,119.083,119.401,118.2,118.616,122.965,114.78,115.67,108.701,101.619,92.604,78.399,68.392,59.423,50.164,38.937,38.693,35.158,31.91,30.561,28.036,30.537,26.504,24.052,23.647,22.83,18.181,15.913,10.97,7.086,4.655,2.403,1.666,1.427,0.392,0.205,0.105,0.109,0.169,0,0,0,0,0,0,0,0,0,0,0,0,0,0,0,0,0,0,0,0,0,0,0,0,0,0,0,0,0,0,0,0,0,0,0,7.993,10.695,13.255,15.648,17.998,18.373,20.023,24.656,27.148,28.095,29.228,31.003,30.459,28.774,28.415,29.164,28.963,29.172,29.683,30.122,32.996,35.15,36.545,38.742,41.535,43.787,46.406,49.735,48.492,50.632,49.222,47.603,45.199,40.616,37.505,34.431,30.997,27.246,26.272,24.615,22.576,20.842,18.572,18.423,15.126,12.766,11.784,11.057,8.686,7.224,4.922,3.138,2.056,1.031,0.691,0.581,0.157,0.079,0.04,0.041,0.062,0.015,0,0,0,0
2026-08-28 06:13:00,1,"Normal Scan","Normal Scan",0,"ON",1,1,1,737.1,5,20.2,96.9,51,6.95106e-08,1.81905e-05,4.97,8954.6,8.8,736.5,1,"Up Scan","Positive",254,0,4.37,1.6,8,8,0,1,1,24.585,45.979,29.575,9.647,2.416,5383.95,48,21,NA,0,0,0,0,0,0,0,0,0,0,0,0,0,0,0,0,0,0,0,0,0,0,0,0,0,0,0,0,0,0,0,298.874,278.291,239.929,239.711,205.358,190.86,194.859,179.498,178.151,169.342,165.58,150.187,137.839,131.304,127.073,116.35,115.398,111.644,111.633,114.376,114.954,104.937,105.228,112.553,115.201,112.278,116.229,115.752,110.219,106.034,101.362,86.531,75.467,65.739,55.743,48.762,41.27,36.478,33.79,30.586,29.716,27.2,26.624,27.3,24.326,22.973,21.883,17.743,13.154,9.787,6.634,4.785,3.422,1.336,0.765,0.297,0.308,0.053,0.154,0.124,0,0,0,0,0,0,0,0,0,0,0,0,0,0,0,0,0,0,0,0,0,0,0,0,0,0,0,0,0,0,0,0,0,0,0,2.625,3.81,5.181,6.091,7.893,8.572,9.803,11.978,13.061,15.029,16.342,18.108,18.441,18.912,19.971,21.347,21.507,23.239,24.533,26.799,29.773,32.277,32.124,34.791,39.332,42.66,44.1,47.023,48.751,48.288,47.91,47.34,42.583,38.93,36.078,32.581,30.091,27.352,25.411,23.493,21.679,20.537,17.557,16.043,15.086,13.019,11.734,10.458,8.354,6.007,4.404,2.91,2.139,1.46,0.553,0.31,0.118,0.119,0.02,0.057,0.045,0.015,0,0,0,0
2026-08-28 06:18:00,1,"Normal Scan","Normal Scan",0,"ON",1,1,1,737.3,5,20.5,96.9,51.4,6.96011e-08,1.82049e-05,4.97,8954.6,8.8,736.5,1,"Up Scan","Positive",254,0,4.37,1.6,8,8,0,1,1,22.634,44.746,28.321,9.647,2.438,5330.63,48,21.2,NA,0,0,0,0,0,0,0,0,0,0,0,0,0,0,0,0,0,0,0,0,0,0,0,0,0,0,0,0,0,0,0,325.957,317.612,265.335,255.782,223.415,220.013,208.752,194.439,175.181,160.451,145.454,131.543,123.412,117.685,111.528,112.703,105.022,105.33,102.555,102.293,99.482,104.734,103.301,103.825,105.269,102.778,104.998,112.345,106.415,103.072,93.785,88.116,70.585,63.249,50.257,42.758,37.939,32.763,34.021,30.763,28.737,26.523,26.814,26.399,24.877,21.558,21.255,18.551,13.961,10.833,6.589,3.684,2.613,1.46,0.667,0.444,0.155,0.263,0.326,0,0,0,0,0,0,0,0,0,0,0,0,0,0,0,0,0,0,0,0,0,0,0,0,0,0,0,0,0,0,0,0,0,0,0,0,2.781,4.221,5.912,6.723,8.407,9.273,11.269,12.849,14.117,14.777,15.478,15.916,16.194,16.977,17.903,18.719,20.737,21.21,23.199,24.611,26.645,28.056,31.851,34.053,36.462,39.273,40.487,43.188,46.946,46.33,46.124,43.811,42.718,36.912,34.907,30.029,27.228,25.733,23.708,23.66,21.538,19.571,17.696,16.396,14.75,12.891,10.888,10.258,8.632,6.373,4.914,2.983,1.591,1.119,0.605,0.271,0.176,0.06,0.1,0.122,0,0.014,0,0,0,0
2026-08-28 06:23:00,1,"Normal Scan","Normal Scan",0,"ON",1,1,1,737.9,5,21.3,96.9,51.2,6.98426e-08,1.82432e-05,4.97,8954.6,8.8,736.5,1,"Up Scan","Positive",254,0,4.37,1.6,8,8,0,1,1,18.161,39.141,24.768,9.647,2.378,6592.1,48,21.5,NA,0,0,0,0,0,0,0,0,0,0,0,0,0,0,0,0,0,0,0,0,0,0,0,0,0,0,0,0,0,0,0,471.534,463.967,443.033,416.53,344.66,325.626,298.956,255.303,220.701,201.993,167.403,156.376,140.289,132.062,121.571,110.24,114.277,104.741,103.632,104.674,101.779,103.679,102.702,109.205,115.346,122.818,123.708,122.816,113.929,100.026,95.758,80.163,71.527,60.713,51.553,43.724,37.361,35.592,32.162,31.192,29.442,31.108,28.788,28.073,26.47,22.24,20.52,17.501,12.606,7.581,5.761,3.223,2.279,1.015,0.43,0.74,0.409,0.21,0.164,0.217,0,0,0,0,0,0,0,0,0,0,0,0,0,0,0,0,0,0,0,0,0,0,0,0,0,0,0,0,0,0,0,0,0,0,0,3.262,6.112,8.652,11.213,13.669,14.315,16.657,18.347,18.51,18.595,19.423,18.269,19.178,19.189,20.004,20.357,20.33,22.994,23.091,24.937,27.43,29.151,32.05,34.201,38.336,42.369,47.017,49.274,50.796,48.969,45.164,44.547,39.639,37.442,33.842,30.897,28.429,25.757,25.105,22.933,21.318,19.681,19.252,16.464,15.09,13.585,11.083,9.744,8.175,5.854,3.485,2.544,1.45,0.977,0.42,0.174,0.294,0.159,0.08,0.061,0.069,0,0,0,0,0
2026-08-28 06:28:00,1,"Normal Scan","Normal Scan",0,"ON",1,1,1,738.6,5,22.2,96.9,51,7.01143e-08,1.82863e-05,4.97,8954.6,8.8,736.5,1,"Up Scan","Positive",254,0,4.37,1.6,8,8,0,1,1,23.981,43.965,28.519,9.647,2.391,5720.25,48,21.9,NA,0,0,0,0,0,0,0,0,0,0,0,0,0,0,0,0,0,0,0,0,0,0,0,0,0,0,0,0,0,0,0,342.982,294.597,310.069,269.232,262.151,217.023,200.138,188.578,170.914,168.41,149.351,145.38,124.724,116.631,116.813,121.427,130.292,134.84,129.824,138.548,132.496,127.855,124.168,122.68,118.346,117.049,125.025,116.779,114.677,107.739,98.076,85.579,70.675,58.73,49.166,44.096,37.77,36.809,31.77,31.08,31.507,29.846,29.215,27.983,24.888,24.056,20.54,16.886,12.295,7.83,5.666,2.98,1.615,1.108,0.573,0.295,0.155,0.159,0.055,0.113,0,0,0,0,0,0,0,0,0,0,0,0,0,0,0,0,0,0,0,0,0,0,0,0,0,0,0,0,0,0,0,0,0,0,0,3.03,4.432,5.477,7.842,8.848,10.847,11.09,12.302,13.656,14.36,16.194,16.33,17.872,17.177,17.848,19.766,22.526,26.295,29.559,30.919,35.565,36.814,38.549,40.238,42.377,43.593,45.334,49.892,48.398,49.246,47.833,45.549,42.14,36.819,33.081,30.032,28.442,26.077,25.422,22.62,21.454,20.512,18.323,16.747,15.049,12.641,11.698,9.772,7.871,5.579,3.537,2.507,1.316,0.714,0.457,0.232,0.117,0.059,0.06,0.02,0.047,0.028,0,0,0,0
2026-08-28 06:33:00,1,"Normal Scan","Normal Scan",0,"ON",1,1,1,738.5,5,22.1,96.9,51.1,7.00841e-08,1.82815e-05,4.97,8954.6,8.8,736.5,1,"Up Scan","Positive",254,0,4.37,1.6,8,8,0,1,1,22.906,45.251,28.403,9.647,2.466,4655.52,47,22.1,NA,0,0,0,0,0,0,0,0,0,0,0,0,0,0,0,0,0,0,0,0,0,0,0,0,0,0,0,0,0,0,0,330.589,304.909,226.893,223.115,182.488,162.869,161.638,153.691,142.107,138.124,118.909,126.494,111.817,108.466,104.148,98.514,97.389,87.35,86.167,86.301,82.777,83.975,82.478,88.98,91.002,95.099,99.523,101.021,95.935,93.285,84.048,72.513,60.142,50.705,41.7,36.474,33.639,29.579,28.206,28.645,27.513,29.137,23.585,27.734,24.626,23.588,19.589,16.588,10.766,8.772,5.373,2.434,1.829,0.877,0.476,0.295,0.254,0.106,0.163,0.112,0,0,0,0,0,0,0,0,0,0,0,0,0,0,0,0,0,0,0,0,0,0,0,0,0,0,0,0,0,0,0,0,0,0,0,2.905,4.244,5.665,5.719,7.304,7.565,8.346,9.929,11.127,11.968,13.33,13.019,15.531,15.296,16.464,17.392,18.103,19.517,19.207,20.66,22.517,23.62,25.958,27.567,31.499,34.077,37.133,40.014,41.825,41.204,41.341,39.224,35.667,31.755,28.803,26.07,24.764,22.997,21.987,20.604,20.263,18.493,17.758,14.041,14.885,12.398,11.492,9.302,7.697,4.932,3.933,2.399,1.083,0.77,0.362,0.193,0.118,0.099,0.04,0.061,0.047,0,0,0,0,0
2026-08-28 06:38:00,1,"Normal Scan","Normal Scan",0,"ON",1,1,1,737.7,5,21,96.9,50.7,6.9752e-08,1.82289e-05,4.97,8954.6,8.8,736.5,1,"Up Scan","Positive",254,0,4.37,1.6,8,8,0,1,1,26.378,49.252,31.187,9.647,2.478,4249.9,48,21.9,NA,0,0,0,0,0,0,0,0,0,0,0,0,0,0,0,0,0,0,0,0,0,0,0,0,0,0,0,0,0,0,0,226.201,196.215,189.084,185.542,154.356,154.701,151.284,128.585,125.517,118.98,117.696,107.538,107.396,110.773,110.602,103.716,89.613,91.25,86.093,85.315,85.025,79.106,85.653,84.605,86.973,91.8,94.9,94.655,95.07,89.812,82.994,70.587,60.006,50.109,45.631,39.838,35.197,36.252,34.045,31.685,30.36,31.784,29.313,25.947,26.349,23.189,20.62,15.948,12.051,7.623,5.216,3.024,1.746,0.742,0.614,0.442,0.153,0.053,0.164,0.167,0,0,0,0,0,0,0,0,0,0,0,0,0,0,0,0,0,0,0,0,0,0,0,0,0,0,0,0,0,0,0,0,0,0,0,2.388,2.937,3.683,4.798,6.099,6.432,7.914,9.281,9.351,10.586,11.498,12.899,13.259,14.744,16.818,18.459,19.029,17.98,20.056,20.622,22.241,24.05,24.531,28.326,30.049,32.712,35.987,38.425,39.566,41.084,40.791,39.034,35.905,32.798,29.345,28.409,26.913,24.826,24.785,23.712,21.753,19.76,19.257,16.643,14.004,13.357,11.309,9.752,7.504,5.513,3.41,2.31,1.365,0.771,0.307,0.25,0.176,0.06,0.02,0.061,0.069,0.028,0,0,0,0
2026-08-28 06:43:00,1,"Normal Scan","Normal Scan",0,"ON",1,1,1,737.4,5,20.6,96.9,50.4,6.96313e-08,1.82097e-05,4.97,8954.6,8.8,736.5,1,"Up Scan","Positive",254,0,4.37,1.6,8,8,0,1,1,25.643,49.451,31.036,9.647,2.488,4234.98,48,21.7,NA,0,0,0,0,0,0,0,0,0,0,0,0,0,0,0,0,0,0,0,0,0,0,0,0,0,0,0,0,0,0,0,211.233,194.134,209.36,173.581,170.577,155.699,136.663,130.552,139.741,123.209,127.815,118.825,113.393,105.035,101.97,89.593,88.716,84.015,85.529,84.741,77.604,82.155,84.577,85.563,89.34,90.268,95.223,91.374,88.965,86.358,80.391,72.995,60.26,54.807,44.519,37.823,33.246,31.171,28.685,30.293,26.529,30.123,29.013,29.655,26.599,26.452,21.783,19.373,12.773,8.515,5.559,3.223,2.007,1.429,0.669,0.497,0.404,0.159,0.11,0.113,0,0,0,0,0,0,0,0,0,0,0,0,0,0,0,0,0,0,0,0,0,0,0,0,0,0,0,0,0,0,0,0,0,0,0,2.138,2.738,3.623,5.313,5.738,7.1,7.967,8.415,9.49,11.771,11.904,13.978,14.608,15.51,15.954,17.065,16.482,17.875,18.536,20.481,22.139,22.194,25.317,27.817,30.202,33.275,35.394,38.68,38.419,39.149,38.943,37.926,35.985,32.188,31.065,27.457,26.008,24.173,23.544,21.625,21.656,18.982,19.255,16.69,15.72,13.659,12.942,10.426,9.076,5.89,3.863,2.47,1.437,0.846,0.592,0.271,0.198,0.157,0.06,0.041,0.046,0,0,0,0,0
2026-08-28 06:48:00,1,"Normal Scan","Normal Scan",0,"ON",1,1,1,737.6,5,20.9,96.9,51.1,6.97218e-08,1.82241e-05,4.97,8954.6,8.8,736.5,1,"Up Scan","Positive",254,0,4.37,1.6,8,8,0,1,1,24.334,46.107,29.636,10.366,2.408,4113,49,21.8,NA,0,0,0,0,0,0,0,0,0,0,0,0,0,0,0,0,0,0,0,0,0,0,0,0,0,0,0,0,0,0,0,190.056,215.473,181.363,165.794,160.675,168.383,151.849,148.102,144.99,135.85,130.452,113.421,115.349,101.648,98.424,90.695,91.472,88.288,81.179,81.081,79.844,77.854,83.755,82.547,88.658,88.985,93.985,91.185,85.745,84.056,73.637,64.095,53.248,44.184,35.851,30.365,28.007,25.536,23.647,23.333,22.1,22.847,24.762,23.637,22.333,21.542,18.482,15.533,10.774,6.755,4.541,2.747,1.737,1.058,0.481,0.345,0.05,0.106,0.109,0,0,0,0,0,0,0,0,0,0,0,0,0,0,0,0,0,0,0,0,0,0,0,0,0,0,0,0,0,0,0,0,0,0,0,0,2.035,2.454,4.02,4.609,5.485,6.672,8.602,9.346,10.729,12.227,13.134,14.247,13.931,15.818,15.428,16.472,16.69,18.366,19.381,19.513,21.216,22.716,24.114,27.55,29.162,32.689,34.346,37.526,37.763,36.639,37.123,33.971,31.349,27.846,25.092,22.2,20.63,20.436,19.153,17.927,17.077,15.545,14.976,14.112,12.691,11.309,10.542,8.78,7.243,4.921,3.016,2.025,1.186,0.733,0.439,0.193,0.137,0.02,0.04,0.041,0,0,0,0,0,0
2026-08-28 06:53:00,1,"Normal Scan","Normal Scan",0,"ON",1,1,1,737.2,5,20.3,96.9,51.8,6.95407e-08,1.81953e-05,4.97,8954.6,8.8,736.5,1,"Up Scan","Positive",254,0,4.37,1.6,8,8,0,1,1,24.406,44.07,28.892,9.647,2.332,4921.22,49,21.5,NA,0,0,0,0,0,0,0,0,0,0,0,0,0,0,0,0,0,0,0,0,0,0,0,0,0,0,0,0,0,0,0,234.627,231.898,188.854,198.828,174.863,183.042,173.325,174.001,186.803,170.9,160.696,164.863,160.07,151.263,149.372,157.039,137.527,132.053,120.071,109.308,101.152,94.124,91.291,88.444,89.274,87.629,86.873,85.272,86.852,82.838,75.108,67.861,58.221,47.226,42.266,39.701,33.34,28.222,27.119,27.287,26.105,26.313,29.623,26.709,24.718,22.959,20.711,15.372,11.366,6.541,4.409,3.11,1.391,0.787,0.616,0.147,0.408,0.21,0.108,0.113,0,0,0,0,0,0,0,0,0,0,0,0,0,0,0,0,0,0,0,0,0,0,0,0,0,0,0,0,0,0,0,0,0,0,0,2.376,3.013,4.321,4.788,6.563,7.307,9.389,10.652,12.641,15.747,16.521,17.658,20.313,21.973,22.966,24.93,28.608,27.361,28.559,28.248,27.954,28.049,28.352,29.517,30.898,32.908,34.294,35.451,36.15,37.479,37.699,35.801,33.45,30.776,27.243,26.12,25.689,23.993,21.26,20.008,19.187,17.995,16.548,16.421,14.027,12.584,11.171,9.845,7.132,5.2,3.03,1.959,1.353,0.621,0.324,0.252,0.059,0.159,0.08,0.041,0.041,0.015,0,0,0,0
2026-08-28 06:58:00,1,"Normal Scan","Normal Scan",0,"ON",1,1,1,737.5,5,20.7,96.9,51.8,6.96615e-08,1.82145e-05,4.97,8954.6,8.8,736.5,1,"Up Scan","Positive",254,0,4.37,1.6,8,8,0,1,1,21.668,43.987,27.78,9.647,2.409,4150.56,49,21.6,NA,0,0,0,0,0,0,0,0,0,0,0,0,0,0,0,0,0,0,0,0,0,0,0,0,0,0,0,0,0,0,0,229.512,212.309,200.748,201.966,186.949,169.054,180.16,174.411,151.374,148.56,128.955,125.042,112.876,107.112,92.792,88.168,80.292,76.675,71.484,72.019,75.134,75.119,79.964,79.809,74.926,82.201,76.197,76.821,77.792,73.874,64.348,56.58,45.854,41.221,34.522,28.972,27.669,26.292,21.784,21.053,21.935,22.098,21.434,23.998,24.665,21.694,18.168,15.084,11.9,8.764,3.964,2.812,1.209,0.74,0.574,0.345,0.155,0.264,0.054,0.112,0,0,0,0,0,0,0,0,0,0,0,0,0,0,0,0,0,0,0,0,0,0,0,0,0,0,0,0,0,0,0,0,0,0,0,2.543,2.963,3.973,5.075,6.635,7.739,8.675,11.08,12.624,12.759,14.32,14.093,15.344,15.427,16.171,15.512,16.207,16.187,16.949,17.249,18.811,21.248,22.855,25.979,27.798,27.93,31.624,30.638,32.032,33.588,32.775,30.202,28.313,24.605,23.254,21.623,20.035,19.633,19.569,17.875,16.013,15.497,14.349,13.172,12.831,12.436,10.497,8.611,7.06,5.435,3.971,1.789,1.241,0.527,0.305,0.232,0.137,0.06,0.1,0.02,0.046,0.014,0,0,0,0
2026-08-28 07:03:00,1,"Normal Scan","Normal Scan",0,"ON",1,1,1,737.3,5,20.4,96.9,52.8,6.95709e-08,1.82001e-05,4.97,8954.6,8.8,736.5,1,"Up Scan","Positive",254,0,4.37,1.6,8,8,0,1,1,22.241,42.059,27.27,11.14,2.331,4303.36,49,21.5,NA,0,0,0,0,0,0,0,0,0,0,0,0,0,0,0,0,0,0,0,0,0,0,0,0,0,0,0,0,0,0,0,203.625,211.59,213.39,193.642,205.54,179.877,180.32,170.013,159.77,155.245,133.485,131.84,138.122,126.584,123.788,121.977,108.635,90.318,88.824,81.97,78.73,74.534,74.327,77.097,79.664,79.019,79.128,74.902,70.412,63.551,58.912,54.13,43.93,37.983,32.055,29.552,22.823,21.778,22.006,22.393,22.463,20.465,23.623,23.222,21.641,19.086,17.167,14.386,10.069,6.532,3.368,2.361,1.514,0.737,0.334,0.397,0.307,0.159,0,0.056,0,0,0,0,0,0,0,0,0,0,0,0,0,0,0,0,0,0,0,0,0,0,0,0,0,0,0,0,0,0,0,0,0,0,0,2.086,2.652,3.959,5.394,6.443,8.562,9.233,11.115,12.325,13.466,15.015,14.634,16.225,18.886,19.173,20.585,22.2,21.622,19.691,21.103,21.242,22.113,22.723,24.275,26.579,28.881,30.28,31.57,31.026,30.411,28.838,27.64,26.635,23.481,22.256,20.486,19.571,17.675,17.165,16.688,16.164,15.299,13.308,13.541,12.133,10.934,9.365,8.121,6.665,4.649,2.97,1.5,1.029,0.64,0.305,0.135,0.157,0.119,0.06,0,0.021,0,0,0,0,0
2026-08-28 07:08:00,1,"Normal Scan","Normal Scan",0,"ON",1,1,1,737.3,5,20.4,96.9,52.6,6.95709e-08,1.82001e-05,4.97,8954.6,8.8,736.5,1,"Up Scan","Positive",254,0,4.37,1.6,8,8,0,1,1,17.39,32.29,21.451,9.647,2.195,6992.88,50,21.4,NA,0,0,0,0,0,0,0,0,0,0,0,0,0,0,0,0,0,0,0,0,0,0,0,0,0,0,0,0,0,0,0,890.719,606.645,454.423,366.125,292.038,264.106,247.097,223.598,225.571,231.012,224.427,221.128,205.715,205.81,195.259,184.053,174.095,154.941,135.301,118.176,104.128,92.466,83.827,80.84,84.477,83.72,81.542,76.764,76.273,68.873,61.014,54.796,47.83,38.039,33.538,27.528,26.392,21.652,19.404,21.037,21.929,21.947,22.407,23.436,22.326,20.003,15.974,14.05,9.821,6.494,4.069,2.166,1.638,0.877,0.475,0.246,0.257,0.105,0.109,0.169,0,0,0,0,0,0,0,0,0,0,0,0,0,0,0,0,0,0,0,0,0,0,0,0,0,0,0,0,0,0,0,0,0,0,0,9.384,11.377,11.234,11.483,12.077,12.159,13.49,15.214,16.265,19.021,22.336,24.555,27.177,28.203,31.141,32.434,33.421,34.362,33.224,31.517,29.988,28.685,27.583,27.095,28.012,30.695,31.899,32.464,31.906,32.754,30.704,28.733,26.979,24.873,21.849,21.079,19.046,18.997,17.064,15.675,15.773,14.779,13.926,12.968,12.449,11.176,9.844,7.644,6.554,4.494,2.966,1.805,0.97,0.727,0.363,0.194,0.098,0.099,0.04,0.041,0.062,0.015,0,0,0,0
2026-08-28 07:13:00,1,"Normal Scan","Normal Scan",0,"ON",1,1,1,737.3,5,20.5,96.9,53.4,6.96011e-08,1.82049e-05,4.97,8954.6,8.8,736.5,1,"Up Scan","Positive",254,0,4.37,1.6,8,8,0,1,1,17.252,33.882,22.233,9.647,2.234,6422.86,50,21.4,NA,0,0,0,0,0,0,0,0,0,0,0,0,0,0,0,0,0,0,0,0,0,0,0,0,0,0,0,0,0,0,0,570.762,503.917,482.28,431.201,353.864,293.376,236.227,222.388,209.339,190.863,188.592,177.235,180.03,168.301,162.767,151.748,139.136,134.538,116.709,108.997,97.311,90.806,87.842,87.265,83.727,84.644,84.573,81.493,75.589,75.157,61.914,51.051,48.612,41.023,35.427,29.045,27.239,24.828,22.064,22.705,23.805,24.072,23.156,21.173,21.541,18.406,17.232,12.597,9.877,5.988,4.267,2.643,0.898,0.872,0.956,0.1,0.203,0.318,0.055,0.113,0,0,0,0,0,0,0,0,0,0,0,0,0,0,0,0,0,0,0,0,0,0,0,0,0,0,0,0,0,0,0,0,0,0,0,6.454,7.356,9.403,12.213,14.176,14.711,14.998,14.577,16.129,17.596,18.437,20.664,21.786,24.657,25.49,27.116,27.632,27.652,29.04,27.455,27.796,26.985,27.331,28.273,30.095,30.645,32.141,33.648,33.78,32.675,33.386,29.276,26.084,25.501,23.391,22.169,19.969,19.476,18.204,16.562,16.236,15.785,14.684,13.105,11.441,10.993,8.89,8.207,6.021,4.541,2.703,1.934,1.186,0.414,0.363,0.387,0.039,0.079,0.121,0.02,0.046,0.027,0,0,0,0
2026-08-28 07:18:00,1,"Normal Scan","Normal Scan",0,"ON",1,1,1,736.9,5,19.9,96.9,53.8,6.94201e-08,1.81761e-05,4.97,8954.6,8.8,736.5,1,"Up Scan","Positive",254,0,4.37,1.6,8,8,0,1,1,16.842,29.97,20.636,9.647,2.104,8585.13,51,21.2,NA,0,0,0,0,0,0,0,0,0,0,0,0,0,0,0,0,0,0,0,0,0,0,0,0,0,0,0,0,0,0,0,971.689,732.133,631.994,504.983,406.167,349.707,318.888,310.64,289.184,294.251,290.294,263.126,263.434,258.373,255.547,237.73,211.517,192.719,175.527,149.052,130.685,116.52,98.935,93.726,87.639,87.449,81.59,80.805,76.258,68.377,62.198,56.117,47.929,41.492,34.429,33.206,26.472,23.295,23.227,21.922,23.282,21.914,23.209,23.169,20.977,18.54,16.164,13.322,9.869,6.097,3.648,2.052,1.428,0.645,0.669,0.246,0.46,0.16,0.055,0,0,0,0,0,0,0,0,0,0,0,0,0,0,0,0,0,0,0,0,0,0,0,0,0,0,0,0,0,0,0,0,0,0,0,0,11.357,12.473,13.622,16.01,16.627,16.862,17.893,19.652,22.569,24.442,28.455,31.846,32.406,36.111,39.136,42.459,43.178,41.81,41.306,40.654,37.386,35.559,34.147,31.532,31.938,31.732,33.2,32.605,33.706,32.962,30.893,29.417,27.885,25.51,23.515,21.575,21.51,19.05,17.695,17.199,15.786,15.372,13.946,13.073,12.209,10.524,9.108,7.663,6.258,4.536,2.8,1.647,0.89,0.602,0.267,0.271,0.098,0.179,0.06,0.02,0,0,0,0,0,0
2026-08-28 07:23:00,1,"Normal Scan","Normal Scan",0,"ON",1,1,1,736.9,5,19.9,96.9,53.7,6.94201e-08,1.81761e-05,4.97,8954.6,8.8,736.5,1,"Up Scan","Positive",254,0,4.37,1.6,8,8,0,1,1,16.477,31.548,21.057,9.647,2.184,7369.52,51,21.1,NA,0,0,0,0,0,0,0,0,0,0,0,0,0,0,0,0,0,0,0,0,0,0,0,0,0,0,0,0,0,0,0,869.799,658.858,550.634,437.337,359.742,302.192,274.05,249.943,239.296,233.37,216.067,205.934,198.801,195.223,186.155,172.877,162.334,152.966,137.972,122.869,108.83,102.982,96.848,89.794,87.003,85.322,83.622,80.825,81.045,70.634,64.209,56.308,50.534,38.848,35.564,29.291,27.524,23.099,23.806,25.761,23.215,24.374,22.557,22.042,19.981,18.016,15.112,11.841,9.069,5.526,3.945,1.998,0.808,0.876,0.811,0.542,0.154,0.105,0.108,0.169,0,0,0,0,0,0,0,0,0,0,0,0,0,0,0,0,0,0,0,0,0,0,0,0,0,0,0,0,0,0,0,0,0,0,0,9.03,11.129,12.295,13.959,14.401,14.967,15.5,16.87,18.169,20.21,22.552,23.649,25.369,27.253,29.571,30.965,31.515,32.229,32.988,32.25,31.132,29.968,30.587,30.929,30.924,31.678,32.55,33.53,33.63,34.576,31.809,30.39,27.812,26.604,22.951,22.027,20.049,19.362,17.35,16.881,17.169,15.358,14.477,12.689,11.813,10.121,8.683,7.216,5.697,4.199,2.518,1.756,0.909,0.358,0.363,0.329,0.216,0.06,0.04,0.041,0.062,0.016,0,0,0,0
2026-08-28 07:28:00,1,"Normal Scan","Normal Scan",0,"ON",1,1,1,737,5,20.1,96.9,54.6,6.94804e-08,1.81857e-05,4.97,8954.6,8.8,736.5,1,"Up Scan","Positive",254,0,4.37,1.6,8,8,0,1,1,18.607,29.861,21.159,9.647,2.048,8316.47,52,21.1,NA,0,0,0,0,0,0,0,0,0,0,0,0,0,0,0,0,0,0,0,0,0,0,0,0,0,0,0,0,0,0,0,838.916,649.378,531.331,432.135,361.705,316.763,291.223,279.384,275.301,297.489,318.457,319.281,330.058,325.405,306.535,278.586,253.922,217.669,192.552,157.387,130.477,109.213,97.977,86.236,81.731,76.418,75.258,69.42,65.816,61.826,51.139,46.127,38.038,35.524,30.057,27.711,23.222,22.128,21.911,21.66,20.875,23.291,20.3,20.299,19.743,17.468,14.64,12.012,8.399,5.699,3.157,2.143,1.426,0.508,0.526,0.247,0.204,0.053,0.055,0.056,0,0,0,0,0,0,0,0,0,0,0,0,0,0,0,0,0,0,0,0,0,0,0,0,0,0,0,0,0,0,0,0,0,0,0,9.407,10.705,12.118,13.453,14.255,15.047,16.251,17.964,20.375,23.336,28.854,34.954,39.287,45.184,49.147,50.786,50.372,49.914,46.428,44.327,39.237,35.209,31.945,30.803,29.154,29.339,28.909,29.678,28.591,28.523,27.951,24.468,23.347,20.887,20.775,19.07,19.124,16.786,16.472,16.043,15.276,13.679,14.083,11.677,10.671,9.957,8.545,6.935,5.602,3.868,2.556,1.406,0.945,0.602,0.21,0.213,0.098,0.079,0.02,0.02,0.021,0,0,0,0,0
2026-08-28 07:33:00,1,"Normal Scan","Normal Scan",0,"ON",1,1,1,737,5,20,96.9,54.7,6.94502e-08,1.81809e-05,4.97,8954.6,8.8,736.5,1,"Up Scan","Positive",254,0,4.37,1.6,8,8,0,1,1,14.119,28.761,19.051,9.647,2.151,7579.82,51,21,NA,0,0,0,0,0,0,0,0,0,0,0,0,0,0,0,0,0,0,0,0,0,0,0,0,0,0,0,0,0,0,0,1233.362,853.728,637.712,460.156,362.021,311.989,266.665,238.861,220.766,201.503,179.594,175.631,175.626,166.361,166.337,158.627,148.552,141.487,123.563,115.582,96.378,88.847,81.462,75.971,74.107,76.459,74.518,68.492,64.442,58.068,52.542,44.119,37.62,29.651,26.548,24.432,23.124,19.601,20.185,22.362,22.519,23.001,22.695,22.356,22.733,19.237,15.872,11.291,9.026,5.49,3.285,2.091,1.073,1.014,0.523,0.291,0.109,0.106,0.054,0,0,0,0,0,0,0,0,0,0,0,0,0,0,0,0,0,0,0,0,0,0,0,0,0,0,0,0,0,0,0,0,0,0,0,0,13.84,15.807,15.786,16.11,15.118,14.977,15.976,16.373,17.323,18.609,19.453,19.733,21.609,24.112,25.242,27.719,28.869,29.446,30.415,28.804,29.18,26.497,26.411,25.987,25.978,26.834,28.847,29.295,28.023,27.519,26.05,24.926,22.331,20.674,18.317,18.144,17.824,17.247,15.869,16.062,15.706,14.772,13.99,12.628,11.815,11.3,9.315,7.612,5.253,4.185,2.456,1.472,0.897,0.47,0.42,0.213,0.115,0.043,0.04,0.02,0,0.016,0,0,0,0
2026-08-28 07:38:00,1,"Normal Scan","Normal Scan",0,"ON",1,1,1,737.3,5,20.4,96.9,55,6.95709e-08,1.82001e-05,4.97,8954.6,8.8,736.5,1,"Up Scan","Positive",254,0,4.37,1.6,8,8,0,1,1,18.291,35.134,22.916,9.647,2.248,5138.04,51,21.1,NA,0,0,0,0,0,0,0,0,0,0,0,0,0,0,0,0,0,0,0,0,0,0,0,0,0,0,0,0,0,0,0,476.866,385.833,330.104,281.149,229.27,214.943,203.329,199.03,185.202,169.114,168.459,163.839,152.989,145.101,132.473,125.401,115.752,104.296,98.124,91.042,87.67,81.895,81.918,70.896,73.566,69.419,66.77,68.695,60.414,52.747,48.004,39.97,31.838,28.208,26.004,22.697,22.761,20.878,19.732,21.282,21.145,20.464,18.815,18.945,19.486,17.819,15.111,12.804,9.504,7.11,4.11,2.195,0.994,0.922,0.428,0.246,0.05,0.16,0,0.057,0,0,0,0,0,0,0,0,0,0,0,0,0,0,0,0,0,0,0,0,0,0,0,0,0,0,0,0,0,0,0,0,0,0,0,5.025,6.137,7.149,8.341,9.284,9.521,11.021,12.51,14.459,15.65,16.379,18.455,20.109,20.899,21.951,22.06,22.912,23.072,22.679,23.059,23.259,24.11,24.362,26.109,24.237,26.31,26.21,26.244,27.755,25.869,23.843,22.981,20.539,17.922,17.47,17.267,16.37,16.354,15.805,15.239,15.081,14.227,13.063,11.341,10.286,9.861,8.613,7.262,5.926,4.356,3.16,1.841,0.945,0.452,0.382,0.174,0.098,0.02,0.06,0,0.021,0.015,0,0,0,0
2026-08-28 07:43:00,1,"Normal Scan","Normal Scan",0,"ON",1,1,1,736.9,5,19.9,96.9,55,6.94201e-08,1.81761e-05,4.97,8954.6,8.8,736.5,1,"Up Scan","Positive",254,0,4.37,1.6,8,8,0,1,1,18.847,32.315,22.32,9.647,2.101,6555.34,51,21,NA,0,0,0,0,0,0,0,0,0,0,0,0,0,0,0,0,0,0,0,0,0,0,0,0,0,0,0,0,0,0,0,504.07,435.976,373.409,314.843,281.762,280.885,279.022,289.18,287.757,291.155,259.974,253.905,250.36,248.269,217.206,185.281,168.354,154.171,129.281,119.892,103.76,93.734,84.47,79.451,79.715,71.199,70.839,66.957,63.938,50.898,46.837,42.934,34.611,31.698,28.662,26.374,20.958,21.124,22.529,23.362,18.035,20.085,20.369,21.52,18.758,16.44,15.397,11.391,9.409,6.101,3.089,2.279,1.607,0.461,0.617,0.395,0.254,0.105,0.109,0.112,0,0,0,0,0,0,0,0,0,0,0,0,0,0,0,0,0,0,0,0,0,0,0,0,0,0,0,0,0,0,0,0,0,0,0,5.347,6.512,8.022,9.467,10.416,11.793,14.445,17.205,21.053,24.272,28.147,28.434,31.177,34.231,37.428,36.004,33.629,33.291,33.062,30.135,30.279,28.274,27.596,26.824,26.972,28.152,26.822,27.944,27.376,27.364,23.637,22.69,21.599,19.48,19.308,18.11,17.803,15.88,16.106,16.323,15.765,12.676,12.691,11.798,11.361,9.543,8.141,7.294,5.375,4.39,2.747,1.391,1.02,0.715,0.191,0.252,0.157,0.099,0.04,0.041,0.041,0.033,0,0,0,0
2026-08-28 07:48:00,1,"Normal Scan","Normal Scan",0,"ON",1,1,1,737.3,5,20.5,96.9,54.6,6.96011e-08,1.82049e-05,4.97,8954.6,8.8,736.5,1,"Up Scan","Positive",254,0,4.37,1.6,8,8,0,1,1,16.587,27.764,19.775,9.647,1.993,8484.44,50,21.2,NA,0,0,0,0,0,0,0,0,0,0,0,0,0,0,0,0,0,0,0,0,0,0,0,0,0,0,0,0,0,0,0,747.669,697.159,632.007,533.041,490.588,430.565,371.883,331.842,324.897,331.394,323.022,316.863,306.841,318.864,279.692,253.318,228.995,175.304,140.256,110.437,97.781,88.873,79.203,73.599,69.532,65.204,65.323,61.372,56.846,48.425,41.076,36.355,30.321,26.23,24.302,21.026,21.71,19.22,20.951,22.013,22.434,22.565,20.495,19.915,18.359,18.187,13.846,11.53,8.701,5.596,3.867,2.193,0.891,0.507,0.525,0.295,0.153,0.104,0.163,0.113,0,0,0,0,0,0,0,0,0,0,0,0,0,0,0,0,0,0,0,0,0,0,0,0,0,0,0,0,0,0,0,0,0,0,0,8.119,9.585,12.995,16.018,17.567,20.37,22.007,22.87,24.081,27.434,32.066,35.37,38.93,41.901,47.923,46.09,45.657,44.855,37.332,32.431,27.808,26.614,26.171,25.051,24.815,24.766,24.362,25.55,25.067,24.175,22.057,20.014,18.97,17.442,16.694,16.849,15.859,16.164,14.879,15.411,15.412,14.626,13.454,11.707,10.729,9.338,8.737,6.553,5.461,3.967,2.531,1.734,0.982,0.376,0.21,0.213,0.118,0.06,0.04,0.061,0.046,0,0,0,0,0
2026-08-28 07:53:00,1,"Normal Scan","Normal Scan",0,"ON",1,1,1,737,5,20.1,96.9,54.7,6.94804e-08,1.81857e-05,4.97,8954.6,8.8,736.5,1,"Up Scan","Positive",254,0,4.37,1.6,8,8,0,1,1,19.105,33.089,22.727,9.647,2.129,6132.65,49,21.1,NA,0,0,0,0,0,0,0,0,0,0,0,0,0,0,0,0,0,0,0,0,0,0,0,0,0,0,0,0,0,0,0,489.674,410.89,321.565,305.896,280.623,266.588,248.634,250.109,255.158,240.314,231.013,222.512,211.393,205.95,181.137,173.565,168.412,161.27,151.162,133.411,114.47,100.622,87.972,78.205,77.595,70.674,66.995,64.124,62.445,50.623,44.974,38.416,32.923,27.692,24.359,21.806,21.181,21.757,20.16,24.717,23.727,24.173,21.892,20.814,20.602,16.874,13.067,11.25,7.17,4.459,2.651,1.764,1.224,0.723,0.714,0.296,0.102,0.052,0.054,0.056,0,0,0,0,0,0,0,0,0,0,0,0,0,0,0,0,0,0,0,0,0,0,0,0,0,0,0,0,0,0,0,0,0,0,0,5.128,6.261,7.658,8.15,10.06,11.713,13.678,15.306,18.128,21.568,23.223,25.279,27.377,28.951,31.178,30.183,31.661,33.359,34.59,35.033,33.41,30.976,29.356,27.734,26.469,27.486,26.396,26.222,26.306,26.491,22.865,21.667,20.236,18.594,17.706,17.205,16.539,15.92,16.414,15.063,16.214,14.963,14.003,11.965,10.869,10.225,8.222,6.297,5.294,3.306,2.008,1.173,0.777,0.535,0.299,0.29,0.118,0.04,0.02,0.02,0.021,0.016,0,0,0,0
2026-08-28 07:58:00,1,"Normal Scan","Normal Scan",0,"ON",1,1,1,737.3,5,20.4,96.9,53.7,6.95709e-08,1.82001e-05,4.97,8954.6,8.8,736.5,1,"Up Scan","Positive",254,0,4.37,1.6,8,8,0,1,1,15.55,29.455,19.882,9.647,2.119,7058.68,49,21.2,NA,0,0,0,0,0,0,0,0,0,0,0,0,0,0,0,0,0,0,0,0,0,0,0,0,0,0,0,0,0,0,0,887.905,632.381,494.035,433.201,386.104,335.284,325.811,282.145,270.681,237.778,224.852,203.726,183.444,178.271,166.027,153.98,138.306,121.014,107.467,105.342,94.584,90.978,80.742,76.351,78.533,73.346,69.266,66.594,60.618,50.971,42.766,38.193,33.143,25.933,26.097,23.243,21.756,21.643,23.466,23.438,22.404,23.279,21.879,20.167,18.891,16.875,13.973,10.983,7.307,5.492,3.103,1.335,1.561,0.827,0.382,0.392,0.255,0.159,0,0,0,0,0,0,0,0,0,0,0,0,0,0,0,0,0,0,0,0,0,0,0,0,0,0,0,0,0,0,0,0,0,0,0,0,0,9.593,11.402,11.726,12.511,14.322,16.011,17.211,20.013,20.524,22.772,22.924,24.567,25.01,25.063,26.93,27.597,28.026,27.459,26.17,25.221,26.773,25.979,26.873,25.668,25.857,27.722,27.228,27.08,27.035,25.764,23.286,20.905,19.909,19.093,16.965,17.58,16.956,16.337,15.995,16.399,15.736,14.503,13.605,12.259,10.733,9.291,8.342,6.665,5.168,3.38,2.479,1.387,0.575,0.677,0.344,0.155,0.156,0.099,0.06,0,0,0.015,0,0,0,0
2026-08-28 08:03:00,1,"Normal Scan","Normal Scan",0,"ON",1,1,1,737.1,5,20.3,96.8,54,6.96126e-08,1.81953e-05,4.97,8954.6,8.8,736.5,1,"Up Scan","Positive",254,0,4.37,1.6,8,8,0,1,1,16.86,32.565,21.63,9.647,2.171,5555.7,49,21.2,NA,0,0,0,0,0,0,0,0,0,0,0,0,0,0,0,0,0,0,0,0,0,0,0,0,0,0,0,0,0,0,0,445.611,390.045,344.56,340.884,329.556,318.536,290.037,261.159,236.113,207.384,193.146,177.786,159.736,143.57,130.711,119.348,107.277,97.686,88.879,82.774,82.541,77.893,73.529,70.761,69.033,68.606,63.604,58.386,48.69,44.016,36.481,33.365,29.155,24.788,25.09,24.12,21.916,24.995,24.25,23.705,23.334,22.097,22.464,20.464,18.368,15.797,14.366,10.411,6.654,4.989,3.189,1.642,0.898,0.461,0.285,0.245,0.203,0.053,0,0.056,0,0,0,0,0,0,0,0,0,0,0,0,0,0,0,0,0,0,0,0,0,0,0,0,0,0,0,0,0,0,0,0,0,0,0,4.33,5.752,7.279,8.74,11.229,13.69,16.345,17.834,18.91,19.864,19.978,21.079,21.779,21.812,21.716,21.741,21.784,21.379,21.219,20.966,21.206,22.773,23.079,23.284,23.63,24.374,25.315,24.695,23.785,21.391,20.579,18.515,18.237,17.667,16.492,17.215,17.07,16.515,17.495,16.52,15.821,14.611,12.996,12.258,10.728,9.148,7.61,6.76,4.863,3.071,2.232,1.405,0.723,0.395,0.191,0.116,0.098,0.079,0.02,0,0.021,0.016,0,0,0,0
2026-08-28 08:08:00,1,"Normal Scan","Normal Scan",0,"ON",1,1,1,737.2,5,20.3,96.9,53.3,6.95407e-08,1.81953e-05,4.97,8954.6,8.8,736.5,1,"Up Scan","Positive",254,0,4.37,1.6,8,8,0,1,1,16.759,32.403,21.457,9.647,2.18,5428.5,49,21.1,NA,0,0,0,0,0,0,0,0,0,0,0,0,0,0,0,0,0,0,0,0,0,0,0,0,0,0,0,0,0,0,0,495.659,399.724,355.183,320.855,315.325,277.089,275.007,237.877,231.429,203.999,186.623,167.695,149.464,138.073,128.285,111.278,100.788,95.709,92.939,85.229,74.593,75.315,73.679,66.995,69.32,66.133,60.74,61.034,48.567,41.743,34.938,28.408,27.502,24.272,24.208,27.983,25.138,25.516,23.986,24.013,21.397,20.522,20.864,20.234,16.854,14.71,13.408,9.872,7.748,4.001,2.54,1.382,0.851,0.759,0.264,0.149,0.307,0.266,0.054,0,0,0,0,0,0,0,0,0,0,0,0,0,0,0,0,0,0,0,0,0,0,0,0,0,0,0,0,0,0,0,0,0,0,0,0,4.776,6.41,7.469,9.006,10.629,13.107,14.17,16.957,17.257,19.455,19.666,20.376,20.552,20.404,20.882,21.352,20.303,20.112,20.804,21.85,21.805,20.686,22.34,23.376,22.507,24.323,24.219,23.497,24.77,21.26,19.889,18.249,16.342,16.856,16.274,16.372,18.403,17.541,17.516,16.269,15.286,13.839,12.074,11.486,10.411,8.368,7.17,6.407,4.575,3.559,1.863,1.186,0.593,0.376,0.315,0.107,0.059,0.119,0.1,0.02,0,0.015,0,0,0,0
2026-08-28 08:13:00,1,"Normal Scan","Normal Scan",0,"ON",1,1,1,737.4,5,20.6,96.9,53.5,6.96313e-08,1.82097e-05,4.97,8954.6,8.8,736.5,1,"Up Scan","Positive",254,0,4.37,1.6,8,8,0,1,1,15.69,28.432,19.669,9.647,2.05,6685.22,49,21.3,NA,0,0,0,0,0,0,0,0,0,0,0,0,0,0,0,0,0,0,0,0,0,0,0,0,0,0,0,0,0,0,0,589.972,506.314,512.963,469.04,440.286,389.244,357.022,318.432,299.035,278.272,263.384,205.714,186.569,161.825,144.799,128.88,118.746,107.658,98.923,84.16,83.949,76.184,74.284,70.701,66.964,61.401,57.169,52.245,44.296,37.888,29.566,27.458,23.858,23.81,22.946,24.657,26.083,27.092,26.3,22.051,21.825,21.397,19.288,17.597,15.718,15.266,11.746,7.716,5.42,3.43,2.31,1.323,0.71,0.371,0.189,0.197,0.204,0.263,0.109,0,0,0,0,0,0,0,0,0,0,0,0,0,0,0,0,0,0,0,0,0,0,0,0,0,0,0,0,0,0,0,0,0,0,0,0,5.159,7.581,9.421,12.987,15.473,18.267,19.881,21.905,23.1,25.159,26.774,28.665,25.184,25.431,24.415,24.03,23.481,23.579,23.285,23.204,21.487,22.938,22.402,23.224,23.424,23.299,22.464,22.091,21.373,19.491,18.217,15.953,16.239,15.585,15.716,15.689,16.935,17.457,17.426,16.761,14.44,13.268,11.948,10.384,8.974,7.854,7.346,5.561,3.574,2.505,1.599,1.058,0.574,0.301,0.153,0.077,0.078,0.079,0.1,0.041,0,0,0,0,0,0
2026-08-28 08:18:00,1,"Normal Scan","Normal Scan",0,"ON",1,1,1,737,5,20,96.9,53.4,6.94502e-08,1.81809e-05,4.97,8954.6,8.8,736.5,1,"Up Scan","Positive",254,0,4.37,1.6,8,8,0,1,1,17.545,28.59,20.692,9.647,1.98,7839.37,49,21.1,NA,0,0,0,0,0,0,0,0,0,0,0,0,0,0,0,0,0,0,0,0,0,0,0,0,0,0,0,0,0,0,0,559.686,521.449,449.232,422.082,444.219,409.778,422.678,388.782,378.034,348.849,330.266,319.364,301.991,276.375,246.296,226.601,189.963,161.245,143.494,127.531,112.745,104.287,92.437,83.818,77.352,68.691,62.399,57.129,47.921,40.376,31.533,29.362,29.192,27.555,28.195,30.004,26.675,27.33,27.414,23.985,22.765,20.936,19.327,18.019,15.197,13.821,10.284,8.354,4.968,3.088,2.044,1.17,1.205,0.693,0.67,0.148,0.253,0,0.054,0.056,0,0,0,0,0,0,0,0,0,0,0,0,0,0,0,0,0,0,0,0,0,0,0,0,0,0,0,0,0,0,0,0,0,0,0,5.822,7.257,9.733,11.445,13.956,18.519,21.04,26.048,28.28,31.846,33.65,36.148,39.168,41.208,41.634,40.797,40.998,37.514,34.614,33.371,32.048,30.461,30.222,28.583,27.584,26.724,25.011,24.238,23.581,21.299,19.868,17.187,16.807,18.148,17.497,18.216,19.168,17.562,17.733,17.024,14.851,13.521,12.013,10.276,9.277,7.514,6.782,4.952,3.986,2.334,1.378,0.913,0.519,0.508,0.286,0.271,0.059,0.099,0,0.02,0.021,0,0,0,0,0
2026-08-28 08:23:00,1,"Normal Scan","Normal Scan",0,"ON",1,1,1,737.4,5,20.6,96.9,53,6.96313e-08,1.82097e-05,4.97,8954.6,8.8,736.5,1,"Up Scan","Positive",254,0,4.37,1.6,8,8,0,1,1,16.681,32.577,21.702,9.647,2.186,5016.66,49,21.3,NA,0,0,0,0,0,0,0,0,0,0,0,0,0,0,0,0,0,0,0,0,0,0,0,0,0,0,0,0,0,0,0,414.792,386.491,326.857,312.238,299.448,263.721,259.804,226.017,191.867,177.467,164.034,143.032,127.014,121.797,109.671,101.246,100.664,94.539,90.184,83.019,76.181,73.548,70.084,68.708,66.383,62.126,57.494,52.314,46.489,38.163,33.667,32.531,27.323,29.178,25.443,26.262,27.968,27.584,25.431,22.919,20.011,19.834,18.492,16.302,14.935,12.869,9.614,7.139,5.897,2.99,1.796,0.994,0.891,0.461,0.381,0.148,0.154,0.052,0,0,0,0,0,0,0,0,0,0,0,0,0,0,0,0,0,0,0,0,0,0,0,0,0,0,0,0,0,0,0,0,0,0,0,0,0,3.643,5.352,7.261,8.324,10.305,12.453,13.498,15.943,16.372,16.151,17.074,17.894,17.556,17.391,18.463,18.322,18.536,20.07,20.519,21.243,21.204,20.993,21.708,22.089,22.861,23.264,23.01,22.5,21.738,20.866,18.559,17.719,18.341,16.917,18.015,16.386,17.175,17.86,17.289,16,14.272,11.975,11.277,9.909,8.3,7.314,6.264,4.562,3.36,2.7,1.365,0.784,0.426,0.376,0.191,0.155,0.059,0.06,0.02,0,0,0,0,0,0,0
2026-08-28 08:28:00,1,"Normal Scan","Normal Scan",0,"ON",1,1,1,737.1,5,20.3,96.8,53.4,6.96126e-08,1.81953e-05,4.97,8954.6,8.8,736.5,1,"Up Scan","Positive",254,0,4.37,1.6,8,8,0,1,1,16.869,33.323,21.995,9.647,2.209,4433.3,49,21.2,NA,0,0,0,0,0,0,0,0,0,0,0,0,0,0,0,0,0,0,0,0,0,0,0,0,0,0,0,0,0,0,0,369.695,308.914,300.536,293.303,264.917,234.26,217.497,184.878,169.735,154.269,140.381,122.652,116.095,100.359,103.701,93.689,89.221,79.617,77.265,72.244,70.581,64.93,65.665,65.299,64.178,58.774,56.189,47.736,42.519,34.917,27.134,23.199,24.776,23.12,23.112,26.11,23.872,24.139,23.839,20.458,20.477,19.477,16.269,15.891,14.458,13.141,10.866,6.733,4.928,2.917,1.635,1.295,0.232,0.278,0.569,0.098,0.051,0.104,0.108,0,0,0,0,0,0,0,0,0,0,0,0,0,0,0,0,0,0,0,0,0,0,0,0,0,0,0,0,0,0,0,0,0,0,0,0,3.468,4.78,5.776,7.59,9.688,10.996,11.964,13.362,13.391,14.289,14.868,15.313,15.051,15.873,15.223,17.259,17.158,17.812,17.359,18.313,18.572,19.495,19.295,20.69,21.582,22.271,21.46,21.546,19.631,18.925,16.957,14.842,14.059,15.362,14.841,15.408,17.014,15.644,15.587,15.281,13.14,12.171,10.89,8.651,8.217,7.145,6.21,5.188,3.156,2.264,1.329,0.748,0.556,0.132,0.115,0.232,0.039,0.02,0.04,0.041,0,0.031,0,0,0,0
2026-08-28 08:33:00,1,"Normal Scan","Normal Scan",0,"ON",1,1,1,737.2,5,20.3,96.9,52.9,6.95407e-08,1.81953e-05,4.97,8954.6,8.8,736.5,1,"Up Scan","Positive",254,0,4.37,1.6,8,8,0,1,1,16.076,30.578,20.576,9.647,2.129,5055.94,49,21.2,NA,0,0,0,0,0,0,0,0,0,0,0,0,0,0,0,0,0,0,0,0,0,0,0,0,0,0,0,0,0,0,0,441.862,396.488,378.14,329.492,313.034,266.9,271.313,225.514,209.052,190.575,168.914,158.829,143.711,128.906,111.719,97.883,91.584,86.164,79.772,77.2,70.316,63.473,59.805,58.169,57.077,53.001,51.824,47.463,38.667,30.369,27.244,22.706,22.159,19.658,21.365,24.811,24.721,24.263,22.946,21.012,19.368,17.07,18.178,16.317,14.865,11.999,9.79,7.539,4.624,3.075,1.839,1.192,0.761,0.277,0.335,0.245,0.206,0.053,0.109,0,0,0,0,0,0,0,0,0,0,0,0,0,0,0,0,0,0,0,0,0,0,0,0,0,0,0,0,0,0,0,0,0,0,0,0,4.153,5.752,7.441,9.619,10.868,12.996,13.666,16.677,16.325,17.579,18.358,18.453,19.434,19.633,19.454,18.611,17.885,18.23,18.659,18.773,19.578,19.328,18.787,18.887,19.369,19.797,19.496,19.929,19.419,17.012,15.169,14.799,13.914,14.106,13.459,14.479,15.955,16.318,15.741,14.92,12.941,11.827,9.907,9.621,8.337,7.344,5.844,4.608,3.575,2.121,1.431,0.828,0.518,0.339,0.115,0.135,0.098,0.079,0.02,0.041,0,0.015,0,0,0,0
2026-08-28 08:38:00,1,"Normal Scan","Normal Scan",0,"ON",1,1,1,737.3,5,20.5,96.8,53.3,6.9673e-08,1.82049e-05,4.97,8954.6,8.8,736.5,1,"Up Scan","Positive",254,0,4.37,1.6,8,8,0,1,1,16.897,33.334,21.847,9.647,2.209,4675.64,49,21.3,NA,0,0,0,0,0,0,0,0,0,0,0,0,0,0,0,0,0,0,0,0,0,0,0,0,0,0,0,0,0,0,0,407.941,349.928,322.125,295.572,256.173,231.586,220.936,202.272,187.414,158.05,145.431,138.457,130.478,113.609,105.221,99.139,94.48,92.941,82.857,82.244,73.91,72.565,64.313,65.897,61.149,58.022,55.081,47.798,42.178,33.537,30.523,26.86,24.835,24.115,24.287,23.724,22.207,23.009,19.613,18.97,19.563,20.267,19.129,17.387,17.869,13.095,12.706,8.018,6.861,4.111,2.331,1.729,0.684,0.505,0.857,0.446,0.257,0.212,0.054,0.113,0,0,0,0,0,0,0,0,0,0,0,0,0,0,0,0,0,0,0,0,0,0,0,0,0,0,0,0,0,0,0,0,0,0,0,3.86,5.265,6.461,8.177,9.713,10.648,11.856,13.575,14.663,15.759,15.202,15.898,16.986,17.858,17.196,17.568,18.127,18.869,20.125,19.536,20.919,20.311,21.316,20.254,21.838,21.317,21.357,21.412,19.685,18.685,16.406,15.861,15.465,14.902,15.209,15.878,16.308,15.698,15.77,14.165,12.749,12.355,11.768,10.676,9.078,8.948,6.387,6.06,3.873,3.23,1.911,1.076,0.76,0.339,0.21,0.348,0.176,0.099,0.08,0.02,0.041,0.03,0,0,0,0
2026-08-28 08:43:00,1,"Normal Scan","Normal Scan",0,"ON",1,1,1,736.9,5,20,96.8,53.2,6.9522e-08,1.81809e-05,4.97,8954.6,8.8,736.5,1,"Up Scan","Positive",254,0,4.37,1.6,8,8,0,1,1,15.099,30.093,20.004,9.647,2.155,5529.1,49,21.1,NA,0,0,0,0,0,0,0,0,0,0,0,0,0,0,0,0,0,0,0,0,0,0,0,0,0,0,0,0,0,0,0,600.298,511.633,415.668,379.96,353.547,311.376,270.432,235.715,207.314,170.369,154.125,129.699,124.931,120.2,106.546,101.816,99.279,88.701,80.2,76.574,70.18,71.152,69.382,64.673,65.182,64.858,59.57,50.003,44.338,36.774,30.846,26.607,26.662,25.606,27.222,26.548,26.774,26.283,22.621,23.317,20.456,18.302,17.235,16.83,14.789,11.911,9.915,7.326,5.791,3.235,2.148,1.425,0.978,0.739,0.428,0.295,0.102,0.213,0,0,0,0,0,0,0,0,0,0,0,0,0,0,0,0,0,0,0,0,0,0,0,0,0,0,0,0,0,0,0,0,0,0,0,0,0,4.951,7.754,9.568,10.533,12.514,14.726,15.91,16.609,17.057,17.441,16.423,16.842,15.947,17.113,18.18,17.778,18.573,19.794,19.324,18.953,19.654,19.544,21.095,21.769,21.579,22.788,23.676,23.015,20.731,19.803,17.968,16.705,15.797,16.044,16.342,17.294,16.997,17.137,16.84,14.715,14.317,12.434,10.562,9.398,8.668,7.404,5.852,4.813,3.478,2.659,1.466,0.986,0.612,0.414,0.305,0.174,0.118,0.04,0.08,0,0,0,0,0,0,0
2026-08-28 08:48:00,1,"Normal Scan","Normal Scan",0,"ON",1,1,1,737.3,5,20.6,96.8,52.8,6.97032e-08,1.82097e-05,4.97,8954.6,8.8,736.5,1,"Up Scan","Positive",254,0,4.37,1.6,8,8,0,1,1,16.445,32.962,21.714,9.647,2.215,4914.3,49,21.3,NA,0,0,0,0,0,0,0,0,0,0,0,0,0,0,0,0,0,0,0,0,0,0,0,0,0,0,0,0,0,0,0,448.42,375.222,328.48,315.928,299.518,271.403,234.302,204.167,186.896,168.392,147.235,127.248,117.555,105.012,104.982,97.417,95.676,88.258,82.413,74.778,71.866,71.078,72.703,66.766,67.063,64.475,63.308,58.957,47.776,40.403,36.73,31.934,29.791,28.568,27.065,26.332,28.862,27.14,25.397,22.165,21.113,18.194,17.237,15.709,15.344,14.161,9.591,7.861,5.136,2.609,1.558,1.251,1.115,0.739,0.285,0.246,0.255,0.157,0.055,0,0,0,0,0,0,0,0,0,0,0,0,0,0,0,0,0,0,0,0,0,0,0,0,0,0,0,0,0,0,0,0,0,0,0,0,3.872,5.8,6.962,8.31,10.448,12.411,13.871,14.371,14.796,15.711,16.17,16.077,15.608,16.104,15.937,17.498,17.808,19.095,19.246,19.471,19.254,20.026,21.234,23.031,22.432,23.55,23.876,24.751,24.246,21.221,19.457,19.117,18.1,17.812,17.598,17.237,17.022,17.954,17.101,16.344,13.96,12.324,10.55,9.31,7.978,7.608,6.946,4.643,3.68,2.385,1.221,0.693,0.556,0.47,0.305,0.116,0.098,0.099,0.06,0.02,0,0,0,0,0,0
2026-08-28 08:53:00,1,"Normal Scan","Normal Scan",0,"ON",1,1,1,737.1,5,20.3,96.8,53.4,6.96126e-08,1.81953e-05,4.97,8954.6,8.8,736.5,1,"Up Scan","Positive",254,0,4.37,1.6,8,8,0,1,1,17.678,32.679,22.121,9.647,2.167,5250.21,49,21.2,NA,0,0,0,0,0,0,0,0,0,0,0,0,0,0,0,0,0,0,0,0,0,0,0,0,0,0,0,0,0,0,0,431.657,399.871,344.043,318.506,267.808,235.546,235.954,216.447,193.552,195.254,178.626,164.221,151.635,141.946,128.487,119.364,118.117,111.684,100.162,93.351,90.076,82.884,79.977,77.231,73.426,71.056,65.637,58.225,51.972,43.81,38.325,32.687,28.246,28.956,27.257,28.339,26.694,24.824,24.132,21.843,19.553,18.292,18.029,15.905,13.51,10.822,9.812,7.223,4.987,3.649,2.114,1.594,1.113,0.832,0.335,0.246,0.204,0.158,0,0,0,0,0,0,0,0,0,0,0,0,0,0,0,0,0,0,0,0,0,0,0,0,0,0,0,0,0,0,0,0,0,0,0,0,0,3.77,5.54,7.472,8.771,10.485,11.112,12.083,14.508,15.691,16.302,18.825,19.508,20.156,20.77,21.52,21.448,21.826,23.525,24.21,23.602,23.809,24.764,24.53,25.121,25.708,25.761,26.214,25.467,23.946,22.874,20.793,19.53,18.141,16.808,17.709,16.983,17.697,17.247,15.875,15.166,13.284,11.86,10.548,9.896,8.236,6.835,5.394,4.769,3.41,2.292,1.676,0.949,0.686,0.47,0.344,0.135,0.098,0.079,0.06,0,0,0,0,0,0,0
2026-08-28 08:58:00,1,"Normal Scan","Normal Scan",0,"ON",1,1,1,737,5,20.2,96.8,52.9,6.95824e-08,1.81905e-05,4.97,8954.6,8.8,736.5,1,"Up Scan","Positive",254,0,4.37,1.6,8,8,0,1,1,21.323,33.548,23.586,9.647,2.112,5401.61,49,21.2,NA,0,0,0,0,0,0,0,0,0,0,0,0,0,0,0,0,0,0,0,0,0,0,0,0,0,0,0,0,0,0,0,384.05,359.105,298.204,273.937,255.843,212.967,203.595,179.799,164.014,156.92,141.891,139.53,159.818,187.973,218.955,222.639,222.143,196.795,172.847,141.652,114.505,92.382,82.22,73.547,71.141,66.887,64.837,55.876,50.513,41.263,32.377,32.539,29.772,26.991,28.22,26.768,25.693,22.9,21.397,22.823,17.943,18.549,16.633,15.79,14.367,12.874,9.477,7.514,4.488,3.286,2.088,1.053,0.667,0.784,0,0.397,0.153,0.105,0,0.113,0,0,0,0,0,0,0,0,0,0,0,0,0,0,0,0,0,0,0,0,0,0,0,0,0,0,0,0,0,0,0,0,0,0,0,3.395,4.929,6.663,7.557,9.02,10.661,10.919,12.529,13.061,13.829,15.227,15.718,17.427,22.153,28.698,36.46,40.355,43.597,41.862,39.697,35.305,30.889,27.005,25.712,24.462,24.892,24.52,25.191,23.118,22.136,19.829,17.147,17.728,17.109,16.773,17.282,17.136,16.401,15.124,14.014,14.061,11.082,10.475,9.067,8.088,7.128,6.242,4.557,3.47,2.165,1.509,0.912,0.482,0.32,0.324,0,0.157,0.06,0.04,0,0.041,0.032,0,0,0,0
2026-08-28 09:03:00,1,"Normal Scan","Normal Scan",0,"ON",1,1,1,737.3,5,20.6,96.8,53.2,6.97032e-08,1.82097e-05,4.97,8954.6,8.8,736.5,1,"Up Scan","Positive",254,0,4.37,1.6,8,8,0,1,1,17.647,30.827,21.626,9.647,2.077,5937.91,49,21.3,NA,0,0,0,0,0,0,0,0,0,0,0,0,0,0,0,0,0,0,0,0,0,0,0,0,0,0,0,0,0,0,0,475.044,364.577,355.992,342.026,318.276,317.6,315.119,265.222,244.111,211.89,193.276,198.887,204.025,192.519,191.262,167.197,145.806,129.358,111.265,105.99,94.596,86.03,78.558,71.59,70.156,65.717,62.028,57.981,50.402,47.027,38.561,36.339,30.303,30.739,28.339,23.894,28.42,23.711,23.567,20.533,19.19,17.74,16.9,13.696,12.956,11.316,9.063,6.882,3.877,2.865,2.226,0.928,0.534,0.739,0.333,0.198,0.204,0.107,0.165,0.056,0,0,0,0,0,0,0,0,0,0,0,0,0,0,0,0,0,0,0,0,0,0,0,0,0,0,0,0,0,0,0,0,0,0,0,4.485,6.076,6.77,9.056,11.287,13.187,16.227,19.341,19.224,20.535,20.48,21.175,24.427,27.894,29.043,31.721,30.352,28.849,27.844,25.98,26.767,25.756,25.266,24.664,24.011,24.83,24.54,24.351,24.014,22.421,21.776,19.762,19.415,17.554,18.01,17.426,15.523,17.583,14.921,14.552,12.741,11.584,9.797,9.051,7.155,6.458,5.439,4.429,3.247,1.82,1.293,1.013,0.453,0.226,0.305,0.135,0.078,0.079,0.04,0.061,0.023,0,0,0,0,0
2026-08-28 09:08:00,1,"Normal Scan","Normal Scan",0,"ON",1,1,1,736.9,5,20,96.8,53.3,6.9522e-08,1.81809e-05,4.97,8954.6,8.8,736.5,1,"Up Scan","Positive",254,0,4.37,1.6,8,8,0,1,1,17.687,33.456,22.222,9.647,2.201,6055.89,50,21.1,NA,0,0,0,0,0,0,0,0,0,0,0,0,0,0,0,0,0,0,0,0,0,0,0,0,0,0,0,0,0,0,0,505.861,457.837,400.818,331.735,303.952,266.742,269.525,261.796,251.498,210.446,198.369,195.819,180.945,187.531,197.937,174.72,148.018,134.655,111.691,99.919,92.717,78.075,73.944,65.582,65.717,54.828,49.426,41.587,33.432,27.598,22.472,27.999,36.977,40.949,51.961,52.135,47.83,49.064,49.629,46.814,39.667,27.471,22.821,17.286,13.349,10.689,8.85,5.889,4.271,2.472,1.5,1.424,0.546,0.554,0.189,0.099,0.206,0.053,0,0,0,0,0,0,0,0,0,0,0,0,0,0,0,0,0,0,0,0,0,0,0,0,0,0,0,0,0,0,0,0,0,0,0,0,0,5.304,6.473,8.505,10.168,10.937,12.633,13.704,16.605,19.032,21.194,20.387,21.73,24.096,24.773,28.346,32.804,31.671,29.227,28.879,26.005,25.195,24.98,22.67,22.693,21.402,22.501,20.157,20.208,19.039,18.445,17.976,17.01,20.126,24.791,27.264,31.739,30.143,27.662,27.18,26.497,24.985,20.911,14.449,11.658,8.728,6.669,5.194,4.239,2.727,1.987,1.149,0.669,0.612,0.282,0.229,0.077,0.039,0.079,0.02,0,0,0.049,0,0,0,0
2026-08-28 09:13:00,1,"Normal Scan","Normal Scan",0,"ON",1,1,1,737.3,5,20.5,96.8,53,6.9673e-08,1.82049e-05,4.97,8954.6,8.8,736.5,1,"Up Scan","Positive",254,0,4.37,1.6,8,8,0,1,1,20.946,31.263,23.276,22.876,1.948,6048.38,50,21.3,NA,0,0,0,0,0,0,0,0,0,0,0,0,0,0,0,0,0,0,0,0,0,0,0,0,0,0,0,0,0,0,0,300.65,242.64,225.007,203.238,228.221,246.534,274.385,290.095,301.024,310.208,318.922,321.069,330.001,319.121,290.156,237.729,188.282,148.487,125.347,114,102.632,95.828,85.505,76.71,72.281,62.142,53.612,46.01,38.402,32.308,28.374,28.054,24.578,26.798,24.284,25.401,25.441,25.82,23.442,20.711,19.87,19.011,16.147,14.215,12.948,9.962,7.654,4.947,3.88,2.248,1.338,1.075,0.414,0.368,0.287,0.198,0.257,0.053,0,0.057,0,0,0,0,0,0,0,0,0,0,0,0,0,0,0,0,0,0,0,0,0,0,0,0,0,0,0,0,0,0,0,0,0,0,0,3.134,3.833,4.534,5.698,6.711,9.474,12.694,16.973,21.098,25.439,30.044,34.885,39.361,44.902,47.898,47.846,42.853,37.085,31.841,29.213,28.657,27.731,27.549,26.189,24.984,24.77,22.661,20.957,19.201,17.596,15.992,15.35,16.25,15.284,16.269,15.616,16.355,15.919,15.769,14.4,12.357,11.213,10.313,8.426,7.186,6.423,4.837,3.629,2.339,1.823,1.077,0.584,0.463,0.226,0.153,0.116,0.078,0.099,0.02,0,0.021,0.03,0,0,0,0
2026-08-28 09:18:00,1,"Normal Scan","Normal Scan",0,"ON",1,1,1,737.3,5,20.6,96.8,53.4,6.97032e-08,1.82097e-05,4.97,8954.6,8.8,736.5,1,"Up Scan","Positive",254,0,4.37,1.6,8,8,0,1,1,17.883,30.858,21.992,9.647,2.043,6066.86,49,21.4,NA,0,0,0,0,0,0,0,0,0,0,0,0,0,0,0,0,0,0,0,0,0,0,0,0,0,0,0,0,0,0,0,377.196,308.885,344.744,309.878,297.51,348.354,368.257,352.229,308.2,271.741,242.477,202.4,182.114,166.452,165.328,158.775,142.966,129.267,121.27,118.064,125.517,112.694,95.746,79.779,72.483,66.74,55.953,50.857,47.292,39.472,34.756,29.391,31.472,30.17,28.665,28.658,29.17,27.03,23.015,21.78,21.679,20.498,16.085,13.362,13.575,10.401,8.622,6.013,3.33,1.98,1.563,0.855,0.808,0.55,0.334,0.196,0.153,0,0.055,0.056,0,0,0,0,0,0,0,0,0,0,0,0,0,0,0,0,0,0,0,0,0,0,0,0,0,0,0,0,0,0,0,0,0,0,0,3.809,4.893,5.738,8.75,10.189,12.345,17.819,22.635,25.448,25.882,26.142,26.477,24.835,24.934,25.22,27.567,29.094,28.58,28.012,28.321,29.702,33.616,32.259,29.399,26.207,25.243,24.508,21.966,21.639,21.262,19.148,18.465,17.061,18.285,17.918,17.878,18.092,17.704,16.325,14.231,12.982,12.402,10.988,8.405,6.847,6.664,5.116,4.092,2.88,1.555,0.897,0.693,0.389,0.357,0.229,0.135,0.078,0.06,0,0.02,0.023,0.014,0,0,0,0
2026-08-28 09:23:00,1,"Normal Scan","Normal Scan",0,"ON",1,1,1,737,5,20.2,96.8,53.2,6.95824e-08,1.81905e-05,4.97,8954.6,8.8,736.5,1,"Up Scan","Positive",254,0,4.37,1.6,8,8,0,1,1,20.623,31.01,22.977,9.647,1.974,6604.18,48,21.2,NA,0,0,0,0,0,0,0,0,0,0,0,0,0,0,0,0,0,0,0,0,0,0,0,0,0,0,0,0,0,0,0,398.822,315.876,305.643,292.662,274.484,268.28,258.185,283.569,294.262,298.78,297.587,288.87,269.263,242.222,237.669,239.186,263.697,249.659,213.797,187.491,145.251,108.385,94.269,81.404,70.551,65.001,56.139,46.626,41.689,34.549,25.385,23.807,22.215,25.259,29.78,30.287,29.149,27.595,25.215,23.209,20.181,19.022,17.575,14.443,12.826,10.954,7.661,5.639,3.776,2.179,1.415,0.659,0.325,0.416,0.669,0.197,0.307,0,0.11,0.057,0,0,0,0,0,0,0,0,0,0,0,0,0,0,0,0,0,0,0,0,0,0,0,0,0,0,0,0,0,0,0,0,0,0,0,3.498,5.092,5.923,7.729,9.667,11.404,13.787,15.933,20.631,24.814,28.849,32.619,35.584,37.051,36.869,39.725,43.538,51.793,52.986,48.951,46.164,38.626,31.013,28.78,26.421,24.294,23.488,21.471,19.466,18.978,17.491,14.901,14.717,14.543,16.18,18.135,18.579,17.957,16.655,15.13,13.808,11.539,10.291,9.066,7.423,6.245,5.249,3.684,2.774,1.776,1.042,0.639,0.297,0.169,0.172,0.271,0.078,0.119,0,0.041,0.021,0.032,0,0,0,0
2026-08-28 09:28:00,1,"Normal Scan","Normal Scan",0,"ON",1,1,1,736.9,5,20,96.8,52.9,6.9522e-08,1.81809e-05,4.97,8954.6,8.8,736.5,1,"Up Scan","Positive",254,0,4.37,1.6,8,8,0,1,1,18.591,33.859,22.869,9.647,2.187,4473.9,49,21.1,NA,0,0,0,0,0,0,0,0,0,0,0,0,0,0,0,0,0,0,0,0,0,0,0,0,0,0,0,0,0,0,0,368.187,298.276,296.069,243.205,207.23,208.202,192.159,166.508,164.661,154.017,153.104,148.114,133.128,135.976,119.312,107.573,99.726,92.707,91.712,93.674,94.459,87.405,75.984,65.96,64.079,59.153,55.785,49.146,43.571,34.468,29.703,22.9,24.153,23.853,25.525,24.753,26.865,26.234,24.17,21.575,21.4,17.61,16.835,16.19,13.231,11.144,7.778,5.555,3.826,3.095,1.255,0.916,0.844,0.277,0.19,0.148,0.154,0.053,0,0.113,0,0,0,0,0,0,0,0,0,0,0,0,0,0,0,0,0,0,0,0,0,0,0,0,0,0,0,0,0,0,0,0,0,0,0,3.571,4.717,5.588,7.498,8.01,8.606,10.687,11.803,12.091,13.893,14.901,16.759,18.164,18.228,20.556,19.944,19.795,19.997,20.217,21.526,23.72,25.566,25.403,23.597,21.879,22.29,21.624,21.468,20.287,19.3,17.027,15.978,14.268,15.24,15.28,16.426,15.924,16.866,16.295,14.882,13.149,11.877,9.899,8.926,8.115,6.527,5.448,3.66,2.612,1.761,1.419,0.548,0.426,0.357,0.115,0.077,0.059,0.06,0.02,0,0.041,0,0,0,0,0
2026-08-28 09:33:00,1,"Normal Scan","Normal Scan",0,"ON",1,1,1,737.3,5,20.6,96.8,52.8,6.97032e-08,1.82097e-05,4.97,8954.6,8.8,736.5,1,"Up Scan","Positive",254,0,4.37,1.6,8,8,0,1,1,19.246,30.842,22.147,9.647,2.017,6061.95,49,21.3,NA,0,0,0,0,0,0,0,0,0,0,0,0,0,0,0,0,0,0,0,0,0,0,0,0,0,0,0,0,0,0,0,392.295,360.806,311.113,275.563,261.221,259.647,263.224,272.975,296.258,310.256,317.023,289.13,253.017,216.277,192.625,185.503,178.563,162.183,138.825,112.887,94.633,84.078,76.765,68.773,64.98,61.328,54.717,49.015,37.977,33.604,27.896,26.454,23.237,25.49,24.507,26.006,26.511,26.498,25.995,24.352,22.668,22.45,17.737,15.986,13.886,10.924,8.32,6.2,4.148,2.714,1.799,1.214,0.721,0.325,0.142,0.196,0.255,0,0,0.056,0,0,0,0,0,0,0,0,0,0,0,0,0,0,0,0,0,0,0,0,0,0,0,0,0,0,0,0,0,0,0,0,0,0,0,3.84,5.042,6.648,7.85,9.123,10.839,13.359,16.255,19.815,24.979,29.923,34.612,35.419,34.51,32.673,31.955,33.586,35.136,34.622,32.064,28.257,25.654,24.496,23.781,22.569,22.468,22.299,21.251,20.202,17.316,16.774,15.274,15.888,15.113,16.571,16.399,17.322,16.884,16.664,15.715,14.353,12.933,12.163,9.316,8.085,6.915,5.322,3.931,2.885,1.957,1.239,0.784,0.537,0.339,0.134,0.058,0.078,0.099,0,0,0.023,0.027,0,0,0,0
2026-08-28 09:38:00,1,"Normal Scan","Normal Scan",0,"ON",1,1,1,737.2,5,20.4,96.8,53.2,6.96428e-08,1.82001e-05,4.97,8954.6,8.8,736.5,1,"Up Scan","Positive",254,0,4.37,1.6,8,8,0,1,1,17.765,33.958,22.378,9.647,2.224,4515.51,49,21.3,NA,0,0,0,0,0,0,0,0,0,0,0,0,0,0,0,0,0,0,0,0,0,0,0,0,0,0,0,0,0,0,0,423.236,339.153,293.222,264.866,211.639,207.521,185.526,179.136,157.195,156.395,156.476,143.082,135.342,129.858,121.601,104.256,96.971,82.62,78.752,72.087,70.099,70.553,69.243,63.684,64.642,62.068,55.715,51.453,42.496,34.479,31.084,24.636,24.882,23.941,23.186,27.067,25.924,27.697,26.793,23.681,21.97,20.459,19.153,16.534,14.38,10.691,9.417,7.298,4.642,2.721,1.745,1.468,1.005,0.921,0.251,0.182,0.305,0.053,0,0.056,0,0,0,0,0,0,0,0,0,0,0,0,0,0,0,0,0,0,0,0,0,0,0,0,0,0,0,0,0,0,0,0,0,0,0,4.078,5.452,6.26,7.423,8.735,8.793,10.655,11.423,12.972,13.272,15.085,17.112,17.574,18.473,19.604,20.178,19.009,19.34,18.028,18.626,18.576,19.41,20.876,21.778,21.152,22.458,22.702,21.549,21.142,18.806,17.089,16.704,15.068,15.96,15.871,15.722,17.494,16.959,17.425,16.401,14.177,12.845,11.41,10.135,8.377,7.234,5.322,4.591,3.428,2.144,1.252,0.777,0.647,0.423,0.382,0.102,0.073,0.119,0.02,0,0.021,0,0,0,0,0
2026-08-28 09:43:00,1,"Normal Scan","Normal Scan",0,"ON",1,1,1,736.9,5,20,96.8,53.1,6.9522e-08,1.81809e-05,4.97,8954.6,8.8,736.5,1,"Up Scan","Positive",254,0,4.37,1.6,8,8,0,1,1,17.12,34.193,22.311,9.647,2.248,4367.05,49,21.2,NA,0,0,0,0,0,0,0,0,0,0,0,0,0,0,0,0,0,0,0,0,0,0,0,0,0,0,0,0,0,0,0,399.136,364.107,289.472,269.896,225.841,202.884,194.395,168.796,152.022,138.415,125.21,113.734,107.943,106.54,106.211,101.073,91.273,88.804,82.115,76.142,69.746,68.677,66.913,67.118,64.079,58.868,58.08,48.332,42.386,33.263,28.31,24.021,22.105,25.546,25.877,25.259,22.315,27.294,26.847,22.727,22.763,20.954,19.846,16.151,13.482,12.884,9.422,6.414,4.846,2.73,1.886,1.621,0.985,0.644,0.245,0.188,0.103,0,0.109,0,0,0,0,0,0,0,0,0,0,0,0,0,0,0,0,0,0,0,0,0,0,0,0,0,0,0,0,0,0,0,0,0,0,0,0,3.716,5.178,6.782,7.331,8.929,9.397,10.395,11.952,12.205,12.803,13.35,13.695,13.983,14.809,16.177,17.72,18.468,18.233,19.295,19.401,19.51,19.309,20.396,21.021,22.177,22.201,21.566,22.08,19.951,19.007,16.656,15.24,14.599,14.758,16.567,17.006,16.868,15.537,16.995,16.417,14.066,13.262,11.481,10.458,8.247,6.828,6.299,4.56,2.974,2.221,1.228,0.851,0.704,0.414,0.267,0.1,0.075,0.04,0,0.041,0,0,0,0,0,0
2026-08-28 09:48:00,1,"Normal Scan","Normal Scan",0,"ON",1,1,1,736.7,5,19.8,96.8,53.1,6.94616e-08,1.81713e-05,4.97,8954.6,8.8,736.5,1,"Up Scan","Positive",254,0,4.37,1.6,8,8,0,1,1,17.703,35.516,23.221,9.647,2.277,5029.08,49,21.1,NA,0,0,0,0,0,0,0,0,0,0,0,0,0,0,0,0,0,0,0,0,0,0,0,0,0,0,0,0,0,0,0,410.179,354.757,347.906,283.081,272.038,243.617,236.926,200.877,178.343,168.793,158.394,141.972,135.731,119.769,115.222,98.597,93.186,87.3,89.559,81.117,79.672,74.238,69.501,65.8,64.299,71.131,62.723,64.914,63.772,59.13,60.27,56.27,46.838,37.879,35.809,35.465,34.34,31.119,30.261,28.383,25.643,21.727,19.677,18.237,14.455,11.631,8.524,6.61,4.325,3.144,1.871,1.21,1.162,0.599,0.382,0.246,0.357,0.053,0.054,0,0,0,0,0,0,0,0,0,0,0,0,0,0,0,0,0,0,0,0,0,0,0,0,0,0,0,0,0,0,0,0,0,0,0,0,3.767,5.29,6.585,8.805,9.327,11.327,12.483,14.582,14.567,15.014,16.295,17.325,17.418,18.56,18.142,19.207,18.107,18.645,19.002,21.066,20.788,22.123,22.113,22.527,22.955,23.905,27.849,25.958,27.877,28.205,27.754,29.797,28.917,25.841,22.699,22.028,21.575,20.926,19.247,17.987,16.539,14.288,11.961,10.458,9.264,7.214,5.79,4.109,3.154,2.039,1.446,0.85,0.519,0.508,0.248,0.155,0.098,0.139,0.02,0.02,0,0.017,0,0,0,0
2026-08-28 09:53:00,1,"Normal Scan","Normal Scan",0,"ON",1,1,1,737,5,20.1,96.8,52.9,6.95522e-08,1.81857e-05,4.97,8954.6,8.8,736.5,1,"Up Scan","Positive",254,0,4.37,1.6,8,8,0,1,1,16.471,30.635,20.864,9.647,2.12,5921.69,50,21.1,NA,0,0,0,0,0,0,0,0,0,0,0,0,0,0,0,0,0,0,0,0,0,0,0,0,0,0,0,0,0,0,0,494.901,452.638,412.882,382.847,332.242,313.87,297.143,297.06,280.564,232.645,212.528,183.585,161.708,147.955,130.003,121.241,110.221,98.46,92.099,87.362,82.049,78.143,75.604,70.489,71.295,66.132,61.196,52.427,45.993,39.926,33.1,33.073,32.733,31.165,29.634,30.982,30.474,28.309,28.077,26.695,23.088,20.156,19.441,16.477,13.436,11.415,9.497,5.988,5.036,2.322,1.862,1.089,0.746,0.528,0.286,0.395,0.204,0.107,0.055,0.113,0,0,0,0,0,0,0,0,0,0,0,0,0,0,0,0,0,0,0,0,0,0,0,0,0,0,0,0,0,0,0,0,0,0,0,4.338,6.374,8.455,10.474,12.599,13.827,16.088,18.288,21.554,23.609,22.422,23.213,22.497,22.101,22.36,21.672,22.128,21.959,21.38,21.72,22.337,22.591,23.063,23.656,23.442,24.853,24.391,24.019,22.185,20.967,19.711,18.362,18.683,19.468,19.488,18.785,19.169,19.094,17.581,16.733,15.714,13.205,11.178,10.184,8.355,6.761,5.58,4.546,2.848,2.383,1.063,0.84,0.5,0.348,0.219,0.116,0.157,0.079,0.04,0.02,0.041,0.016,0,0,0,0
2026-08-28 09:58:00,1,"Normal Scan","Normal Scan",0,"ON",1,1,1,737.3,5,20.5,96.8,53.5,6.9673e-08,1.82049e-05,4.97,8954.6,8.8,736.5,1,"Up Scan","Positive",254,0,4.37,1.6,8,8,0,1,1,17.514,31.154,21.53,9.647,2.105,6071.27,50,21.3,NA,0,0,0,0,0,0,0,0,0,0,0,0,0,0,0,0,0,0,0,0,0,0,0,0,0,0,0,0,0,0,0,492.584,432.897,373.379,349.579,340.217,308.714,281.211,264.665,248.972,224.643,221.418,201.716,193.246,189.992,171.881,164.198,151.233,138.24,116.649,106.936,92.144,81.575,73.787,68.251,68.063,65.746,60.75,57.38,47.077,40.786,34.451,33.741,33.369,30.413,32.207,30.32,33.244,28.463,28.567,25.79,23.129,22.338,17.138,15.738,14.618,11.265,8.52,7.023,4.353,3.074,2.055,1.055,1.073,0.643,0.334,0.098,0.102,0.053,0.11,0.056,0,0,0,0,0,0,0,0,0,0,0,0,0,0,0,0,0,0,0,0,0,0,0,0,0,0,0,0,0,0,0,0,0,0,0,4.836,6.374,8.106,9.471,11.541,14.127,15.798,17.298,19.175,20.991,21.694,24.238,24.776,26.462,28.663,28.56,29.815,29.858,29.618,27.1,26.954,25.151,23.985,23.314,22.794,23.912,24.303,23.949,24.034,21.502,20.006,19.005,19.271,19.753,18.974,19.939,19.291,19.808,17.735,17.173,15.111,13.342,12.136,9.186,8.116,7.209,5.585,4.121,3.314,1.986,1.394,0.919,0.482,0.47,0.267,0.135,0.039,0.04,0.02,0.041,0.021,0.015,0,0,0,0
2026-08-28 10:03:00,1,"Normal Scan","Normal Scan",0,"ON",1,1,1,737.1,5,20.3,96.8,53.7,6.96126e-08,1.81953e-05,4.97,8954.6,8.8,736.5,1,"Up Scan","Positive",254,0,4.37,1.6,8,8,0,1,1,15.638,30.672,20.469,9.647,2.16,6035.77,49,21.2,NA,0,0,0,0,0,0,0,0,0,0,0,0,0,0,0,0,0,0,0,0,0,0,0,0,0,0,0,0,0,0,0,603.763,497.457,475.637,412.053,368.426,331.411,277.976,256.723,230.993,201.255,181.357,167.13,154.697,140.821,131.046,117.1,106.164,103.421,91.834,88.524,81.753,78.385,71.43,69.707,66.226,63.531,57.643,51.163,46.421,38.482,32.268,34.502,33.184,37.374,33.771,35.888,34.714,34.557,32.001,28.736,25.465,20.608,19.05,16.018,13.575,11.32,10.271,5.602,4.506,2.884,2.45,1.416,0.987,0.553,0.716,0.295,0.153,0.21,0.055,0.113,0,0,0,0,0,0,0,0,0,0,0,0,0,0,0,0,0,0,0,0,0,0,0,0,0,0,0,0,0,0,0,0,0,0,0,5.504,7.756,9.218,12.048,13.593,15.233,16.974,17.092,18.596,19.417,19.392,19.815,20.484,21.14,21.297,21.815,21.387,21.168,22.37,21.613,22.5,22.459,23.038,22.385,23.248,23.206,23.531,23.032,22.092,21.786,19.699,18.465,20.31,20.403,22.487,20.96,21.471,21.088,20.339,18.68,16.673,14.503,11.241,10.094,8.458,6.853,5.613,4.93,2.776,2.121,1.347,1.095,0.649,0.451,0.229,0.29,0.118,0.06,0.08,0.02,0.041,0.031,0,0,0,0
2026-08-28 10:08:00,1,"Normal Scan","Normal Scan",0,"ON",1,1,1,736.8,5,19.9,96.8,53.6,6.94918e-08,1.81761e-05,4.97,8954.6,8.8,736.5,1,"Up Scan","Positive",254,0,4.37,1.6,8,8,0,1,1,18.117,27.036,20.521,9.647,1.889,10247.3,50,21,NA,0,0,0,0,0,0,0,0,0,0,0,0,0,0,0,0,0,0,0,0,0,0,0,0,0,0,0,0,0,0,0,669.352,585.895,575.252,580.79,554.453,538.322,531.041,489.862,487.113,459.146,444.549,419.309,419.956,425.587,404.504,375.086,334.839,276.6,233.588,182.762,140.592,112.768,97.903,82.775,73.669,67.363,62.061,59.788,51.611,42.648,37.703,34.794,35.847,36.563,35.016,35.949,35.551,33.422,29.798,25.887,23.353,20.43,17.722,14.549,13.526,10.649,7.738,6.146,4.884,3.126,1.425,1.368,0.673,0.909,0.351,0.196,0.154,0.16,0.163,0.113,0,0,0,0,0,0,0,0,0,0,0,0,0,0,0,0,0,0,0,0,0,0,0,0,0,0,0,0,0,0,0,0,0,0,0,6.279,8.614,10.985,14.679,19.218,23.07,27.695,32.755,35.597,41.11,44.438,48.746,51.568,57.468,64.23,66.873,67.562,65.422,58.592,53.399,45.128,37.516,32.496,30.333,27.381,25.836,25,24.614,25.442,23.565,21.541,20.512,20.33,21.115,21.519,21.084,21.529,20.936,19.456,17.466,15.108,13.173,11.389,9.528,7.462,6.789,5.182,3.903,2.914,2.236,1.419,0.712,0.612,0.301,0.375,0.142,0.078,0.06,0.06,0.061,0.041,0,0,0,0,0
2026-08-28 10:13:00,1,"Normal Scan","Normal Scan",0,"ON",1,1,1,737.3,5,20.5,96.8,53.1,6.9673e-08,1.82049e-05,4.97,8954.6,8.8,736.5,1,"Up Scan","Positive",254,0,4.37,1.6,8,8,0,1,1,16.277,27.26,19.556,9.647,1.977,7830.26,49,21.2,NA,0,0,0,0,0,0,0,0,0,0,0,0,0,0,0,0,0,0,0,0,0,0,0,0,0,0,0,0,0,0,0,648.69,558.054,531.67,499.47,475.938,438.093,445.524,421.015,387.394,360.616,342.822,314.684,282.109,252.675,192.244,158.778,137.46,117.354,105.741,106.187,95.363,81.087,72.977,62.148,58.589,54.968,51.887,43.636,38.637,33.966,32.82,31.601,32.262,36.897,38.779,38.407,37.721,32.674,29.222,26.716,20.784,20.219,17.112,13.545,14.048,11.1,7.764,6.211,4.196,2.869,1.771,1.127,1.047,0.899,0.381,0.098,0.051,0.105,0,0.056,0,0,0,0,0,0,0,0,0,0,0,0,0,0,0,0,0,0,0,0,0,0,0,0,0,0,0,0,0,0,0,0,0,0,0,6.446,8.415,10.346,13.487,16.479,19.804,22.436,27.414,30.477,32.598,34.707,37.354,38.44,38.363,37.919,31.848,28.835,27.208,25.261,24.609,26.553,25.676,23.532,22.584,20.6,20.59,20.642,20.937,19.256,19.062,18.448,18.891,18.956,19.36,21.855,22.286,22.476,21.74,19.081,17.367,15.401,12.003,11.038,9.166,7.045,6.952,5.49,3.851,2.917,1.912,1.293,0.785,0.5,0.442,0.372,0.155,0.039,0.02,0.04,0,0.021,0,0,0,0,0
2026-08-28 10:18:00,1,"Normal Scan","Normal Scan",0,"ON",1,1,1,737.3,5,20.6,96.8,53.4,6.97032e-08,1.82097e-05,4.97,8954.6,8.8,736.5,1,"Up Scan","Positive",254,0,4.37,1.6,8,8,0,1,1,15.141,27.933,19.272,9.647,2.063,7187.77,49,21.3,NA,0,0,0,0,0,0,0,0,0,0,0,0,0,0,0,0,0,0,0,0,0,0,0,0,0,0,0,0,0,0,0,744.96,655.811,574.182,488.592,451.709,398.895,373.328,339.313,302.04,257.191,231.558,214.356,175.615,155.28,152.141,144.697,130.968,117.645,105.693,97.189,87.89,80.288,72.435,66.172,61.299,54.077,49.24,44.297,45.136,40.245,35.588,36.344,35.336,39.021,35.789,37.343,37.075,33.068,32.796,27.117,21.745,20.712,16.599,13.368,13.598,10.172,8.58,7.278,4.697,3.404,2.169,1.482,0.847,0.691,0.189,0.299,0.051,0.053,0.055,0.056,0,0,0,0,0,0,0,0,0,0,0,0,0,0,0,0,0,0,0,0,0,0,0,0,0,0,0,0,0,0,0,0,0,0,0,7.455,9.562,12.144,14.529,16.07,18.728,20.403,22.972,24.573,25.377,24.736,25.269,26.236,24.04,23.506,25.275,26.276,25.97,25.313,24.629,24.456,23.72,23.353,22.45,22.121,21.78,20.588,20.247,19.805,21.333,20.801,19.94,20.817,21.39,22.686,21.215,22.073,21.399,19.291,19.002,15.574,12.729,11.54,8.977,7.043,6.923,5.007,4.151,3.368,2.196,1.528,0.947,0.667,0.357,0.286,0.077,0.118,0.02,0.02,0.02,0.023,0,0,0,0,0
2026-08-28 10:23:00,1,"Normal Scan","Normal Scan",0,"ON",1,1,1,737.1,5,20.3,96.8,53.2,6.96126e-08,1.81953e-05,4.97,8954.6,8.8,736.5,1,"Up Scan","Positive",254,0,4.37,1.6,8,8,0,1,1,15.683,28.422,19.776,9.647,2.059,7376.52,49,21.3,NA,0,0,0,0,0,0,0,0,0,0,0,0,0,0,0,0,0,0,0,0,0,0,0,0,0,0,0,0,0,0,0,732.78,613.779,531.549,492.447,456.155,410.195,374.059,324.84,289.131,258.816,241.969,228.666,215.623,199.01,205.285,181.828,154.142,124.341,108.324,100.048,94.993,88.42,77.458,71.384,64.204,63.738,52.757,46.809,41.583,39.755,37.599,34.984,36.308,38.448,40.331,41.274,38.943,37.94,31.95,27.439,23.185,20.863,17.652,14.321,12.696,10.377,8.134,6.249,4.28,2.81,2.376,1.627,1.11,0.551,0.428,0.248,0.102,0.106,0.055,0.056,0,0,0,0,0,0,0,0,0,0,0,0,0,0,0,0,0,0,0,0,0,0,0,0,0,0,0,0,0,0,0,0,0,0,0,6.459,9.448,11.381,13.4,16.245,18.961,20.977,22.994,23.559,24.332,24.969,26.473,28.089,29.432,30.013,33.954,32.967,30.478,26.764,25.289,25.219,25.758,25.586,23.979,23.605,22.666,23.947,21.42,20.718,20.404,20.993,21.278,20.798,21.855,22.427,23.466,23.846,22.449,21.648,18.332,15.757,13.258,11.443,9.315,7.519,6.513,5.175,3.949,2.941,2.01,1.276,1.063,0.723,0.47,0.229,0.174,0.098,0.04,0.04,0.02,0.021,0,0,0,0,0
2026-08-28 10:28:00,1,"Normal Scan","Normal Scan",0,"ON",1,1,1,736.9,5,20,96.8,53.3,6.9522e-08,1.81809e-05,4.97,8954.6,8.8,736.5,1,"Up Scan","Positive",254,0,4.37,1.6,8,8,0,1,1,16.175,32.581,21.171,9.647,2.231,4925.41,49,21.2,NA,0,0,0,0,0,0,0,0,0,0,0,0,0,0,0,0,0,0,0,0,0,0,0,0,0,0,0,0,0,0,0,543.21,409.27,350.513,269.187,268.709,235.386,239.171,221.046,202.993,182.915,161.229,140.092,121.044,116.489,99.228,91.016,80.917,77.882,72.193,68.613,72.272,61.921,64.31,59.341,50.66,48.44,47.581,39.153,33.278,29.378,29.946,32.209,31.459,35.451,41.411,41.505,37.922,35.829,31.037,26.84,22.232,19.206,16.645,14.437,13.505,10.368,7.785,6.425,4.109,3.416,2.183,1.555,0.982,0.744,0.421,0.148,0.101,0.105,0,0,0,0,0,0,0,0,0,0,0,0,0,0,0,0,0,0,0,0,0,0,0,0,0,0,0,0,0,0,0,0,0,0,0,0,0,5.635,7.007,7.622,8.847,8.84,11.168,12.04,14.713,16.02,17.09,17.6,17.587,17.151,16.543,17.592,16.545,16.702,16.161,16.994,17.054,17.444,19.69,18.22,19.931,19.497,17.922,18.421,19.324,17.777,17.01,17.076,18.083,19.333,19.341,21.281,23.787,23.654,21.813,20.629,18.154,15.441,12.659,10.75,8.966,7.652,6.838,5.142,3.82,3.004,1.928,1.531,0.967,0.667,0.433,0.309,0.171,0.059,0.04,0.04,0,0,0.016,0,0,0,0
2026-08-28 10:33:00,1,"Normal Scan","Normal Scan",0,"ON",1,1,1,736.8,5,19.9,96.8,53.2,6.94918e-08,1.81761e-05,4.97,8954.6,8.8,736.5,1,"Up Scan","Positive",254,0,4.37,1.6,8,8,0,1,1,17.248,31.853,21.724,9.647,2.128,5557.3,48,21.1,NA,0,0,0,0,0,0,0,0,0,0,0,0,0,0,0,0,0,0,0,0,0,0,0,0,0,0,0,0,0,0,0,412.462,326.788,359.951,310.261,323.683,312.435,297.829,286.743,266.321,241.677,207.937,179.599,156.848,144.055,138.707,123.158,125.389,113.452,101.877,92.141,80.809,76.684,70.017,61.164,58.862,55.971,49.912,44.718,42.001,35.384,30.179,33.237,33.637,35.163,37.06,40.542,38.624,32.285,32.779,25.448,22.981,16.761,16.759,15.654,11.775,10.065,8.24,6.097,4.328,3.079,1.924,1.253,0.761,0.693,0.526,0.347,0.151,0,0.054,0.056,0,0,0,0,0,0,0,0,0,0,0,0,0,0,0,0,0,0,0,0,0,0,0,0,0,0,0,0,0,0,0,0,0,0,0,3.872,5.29,6.086,9.106,10.298,13.477,16.002,18.329,20.786,22.441,23.278,22.713,22.05,21.453,21.837,23.101,22.441,24.853,24.432,23.707,23.219,21.989,22.308,21.845,20.477,20.691,20.841,20.435,19.694,20.058,19.144,17.907,19.722,20.166,21.114,21.87,22.752,22.244,18.996,18.668,14.857,12.972,9.51,9.058,8.104,5.968,4.897,4.014,2.94,2.069,1.366,0.858,0.556,0.32,0.286,0.213,0.137,0.06,0,0.02,0.021,0,0,0,0,0
2026-08-28 10:38:00,1,"Normal Scan","Normal Scan",0,"ON",1,1,1,736.8,5,19.9,96.8,53.3,6.94918e-08,1.81761e-05,4.97,8954.6,8.8,736.5,1,"Up Scan","Positive",254,0,4.37,1.6,8,8,0,1,1,17.201,30.556,21.166,9.647,2.086,6432.59,49,21,NA,0,0,0,0,0,0,0,0,0,0,0,0,0,0,0,0,0,0,0,0,0,0,0,0,0,0,0,0,0,0,0,536.685,441.889,402.016,327.663,331.386,317.471,358.678,338.637,311.314,289.792,258.113,221.034,190.254,175.304,167.751,157.199,141.586,132.674,112.739,104.305,101.876,89.965,82.892,69.294,61.735,56.472,48.169,44.498,41.596,35.467,35.31,35.254,37.803,35.669,39.882,42.821,39.114,36.31,29.368,27.672,21.829,18.134,16.269,15.497,12.918,9.98,7.978,6.12,5.395,3.298,2.72,1.822,0.937,0.924,0.287,0.098,0.56,0.053,0,0.113,0,0,0,0,0,0,0,0,0,0,0,0,0,0,0,0,0,0,0,0,0,0,0,0,0,0,0,0,0,0,0,0,0,0,0,5.774,6.934,8.249,10.169,10.805,13.804,16.326,22.054,24.593,26.226,27.897,28.195,27.101,26.053,26.521,27.896,28.641,28.091,28.587,26.245,26.21,27.38,25.895,25.48,22.852,21.744,21.325,19.979,20.063,20.007,19.27,20.368,20.716,21.989,21.465,22.918,24.087,22.338,20.959,17.524,15.774,12.544,10.4,9.038,8.153,6.674,4.994,3.933,2.891,2.545,1.546,1.205,0.816,0.414,0.382,0.116,0.039,0.218,0.02,0,0.041,0.017,0,0,0,0
2026-08-28 10:43:00,1,"Normal Scan","Normal Scan",0,"ON",1,1,1,736.7,5,19.8,96.8,53.5,6.94616e-08,1.81713e-05,4.97,8954.6,8.8,736.5,1,"Up Scan","Positive",254,0,4.37,1.6,8,8,0,1,1,16.431,29.847,20.575,9.647,2.087,6306.95,49,21,NA,0,0,0,0,0,0,0,0,0,0,0,0,0,0,0,0,0,0,0,0,0,0,0,0,0,0,0,0,0,0,0,526.934,451.279,414.378,379.374,369.52,371.36,345.276,332.386,317.77,271.846,236.604,211.66,175.679,157.013,142.18,140.193,132.411,115.295,89.301,79.767,72.845,69.917,66.095,61.845,58.035,53.79,50.937,48.794,40.588,39.411,37.661,37.14,40.418,41.804,43.201,40.49,38.855,35.962,28.22,23.838,20.761,17.184,15.832,13.565,11.39,10.415,8.871,6.25,5.111,3.071,1.337,1.34,0.495,0.461,0.19,0.297,0.102,0.106,0.108,0,0,0,0,0,0,0,0,0,0,0,0,0,0,0,0,0,0,0,0,0,0,0,0,0,0,0,0,0,0,0,0,0,0,0,0,5.013,6.859,8.367,10.569,12.516,15.361,19.011,21.259,24.142,26.722,26.151,25.826,25.981,24.009,23.699,23.612,25.445,26.137,24.756,20.916,20.235,19.965,20.574,20.749,20.725,20.743,20.67,21.067,21.839,20.22,20.817,20.992,21.333,23.036,23.387,24.068,22.784,22.115,20.386,16.635,13.913,12.081,9.845,8.589,7.004,5.772,5.041,4.256,2.909,2.405,1.392,0.631,0.575,0.226,0.191,0.077,0.118,0.04,0.04,0.041,0,0.051,0,0,0,0
2026-08-28 10:48:00,1,"Normal Scan","Normal Scan",0,"ON",1,1,1,736.7,5,19.7,96.8,53.7,6.94314e-08,1.81665e-05,4.97,8954.6,8.8,736.5,1,"Up Scan","Positive",254,0,4.37,1.6,8,8,0,1,1,19.473,28.17,21.641,15.963,1.876,10009.8,49,20.9,NA,0,0,0,0,0,0,0,0,0,0,0,0,0,0,0,0,0,0,0,0,0,0,0,0,0,0,0,0,0,0,0,558.456,484.734,432.943,444.237,435.38,483.097,551.668,566.585,510.81,437.992,402.205,402.197,424.629,427.249,430.575,448.177,411.55,360.645,293.867,217.504,171.5,135.707,106.037,83.363,65.952,58.528,49.38,43.115,39.776,36.433,38.634,38.189,38.995,42.607,42.789,40.379,39.93,34.633,31.726,26.712,22.008,19.272,16.205,14.859,13.326,9.298,7.287,6.141,4.513,2.463,1.879,1.206,0.946,0.555,0.432,0.294,0.152,0.052,0,0.057,0,0,0,0,0,0,0,0,0,0,0,0,0,0,0,0,0,0,0,0,0,0,0,0,0,0,0,0,0,0,0,0,0,0,0,4.944,7.157,9.074,10.978,14.71,18.184,24.847,34.017,41.15,43.094,42.418,44.32,49.722,58.383,64.74,71.392,80.8,80.455,76.113,66.803,53.243,45.136,38.23,32.042,27.094,23.175,22.254,20.512,19.776,20.008,19.629,21.57,21.969,22.76,24.141,24.356,23.083,22.521,20.172,18.325,15.105,12.442,10.772,8.55,7.733,6.664,4.622,3.525,2.965,2.117,1.112,0.822,0.519,0.433,0.229,0.174,0.118,0.06,0.02,0,0.021,0.017,0,0,0,0
2026-08-28 10:53:00,1,"Normal Scan","Normal Scan",0,"ON",1,1,1,736.7,5,19.7,96.8,53.6,6.94314e-08,1.81665e-05,4.97,8954.6,8.8,736.5,1,"Up Scan","Positive",254,0,4.37,1.6,8,8,0,1,1,19.778,30.52,22.29,9.647,1.993,6938.95,50,20.8,NA,0,0,0,0,0,0,0,0,0,0,0,0,0,0,0,0,0,0,0,0,0,0,0,0,0,0,0,0,0,0,0,420.318,351.544,353.793,357.117,362.981,308.488,303.518,289.081,287.264,294.586,306.112,295.064,301.76,298.579,276.237,256.134,237.857,215.408,175.366,147.424,120.767,94.52,77.589,64.835,57.692,51.008,45.102,39.729,37.472,33.555,37.553,39.34,42.075,40.926,40.972,39.28,38.688,32.903,28.569,24.335,19.331,16.723,16.783,13.298,11.361,10.476,8.697,6.436,3.715,2.486,1.302,1.167,0.762,0.28,0.334,0.05,0.103,0,0.054,0.056,0,0,0,0,0,0,0,0,0,0,0,0,0,0,0,0,0,0,0,0,0,0,0,0,0,0,0,0,0,0,0,0,0,0,0,4.12,5.415,6.575,8.995,11.833,15.121,15.84,18.672,21.081,24.26,28.507,33.559,36.325,41.335,45.125,45.794,46.312,46.677,45.675,40.156,36.364,32.009,26.98,23.813,21.356,20.504,19.683,19.217,18.619,18.699,18.588,20.806,21.977,23.526,23.147,22.883,22.112,22.198,18.927,16.517,14.27,11.289,9.395,8.794,6.806,5.683,5.11,4.107,3.027,1.698,1.132,0.584,0.519,0.339,0.115,0.136,0.02,0.04,0,0.02,0.021,0.017,0,0,0,0
2026-08-28 10:58:00,1,"Normal Scan","Normal Scan",0,"ON",1,1,1,736.9,5,20,96.8,53.4,6.9522e-08,1.81809e-05,4.97,8954.6,8.8,736.5,1,"Up Scan","Positive",254,0,4.37,1.6,8,8,0,1,1,17.863,32.516,22.201,9.647,2.139,5550.4,49,20.9,NA,0,0,0,0,0,0,0,0,0,0,0,0,0,0,0,0,0,0,0,0,0,0,0,0,0,0,0,0,0,0,0,409.173,358.215,316.587,292.261,276.612,260.23,292.829,286.375,270.041,248.991,219.572,202.636,175.442,165.99,149.356,134.136,116.849,113.424,100.192,92.276,85.555,77.843,68.209,61.538,53.567,49.542,48.246,43.733,42.108,39.405,41.236,42.895,41.405,45.218,42.031,37.509,39.613,33.086,28.676,23.369,20.682,20.575,18.186,14.67,13.749,10.369,8.044,6.309,4.268,2.531,2.09,1.12,0.724,0.424,0.279,0.099,0.153,0.157,0,0,0,0,0,0,0,0,0,0,0,0,0,0,0,0,0,0,0,0,0,0,0,0,0,0,0,0,0,0,0,0,0,0,0,0,0,4.426,5.34,6.663,8.029,9.665,11.563,13.389,18.032,20.753,22.728,24.01,23.954,24.798,23.972,25.068,24.818,24.43,23.228,24.39,23.332,23.133,23.076,22.617,21.236,20.668,19.446,19.509,20.421,20.114,20.782,20.65,22.35,23.727,23.339,24.93,23.734,22.045,22.864,19.43,17.025,13.78,11.978,11.214,9.415,7.674,6.851,5.087,3.825,2.95,1.998,1.186,0.913,0.482,0.339,0.175,0.113,0.039,0.06,0.06,0,0,0.033,0,0,0,0
2026-08-28 11:03:00,1,"Normal Scan","Normal Scan",0,"ON",1,1,1,737.6,5,20.9,96.8,53.4,6.97939e-08,1.82241e-05,4.97,8954.6,8.8,736.5,1,"Up Scan","Positive",254,0,4.37,1.6,8,8,0,1,1,18.476,32.778,22.638,9.647,2.112,5361.58,48,21.2,NA,0,0,0,0,0,0,0,0,0,0,0,0,0,0,0,0,0,0,0,0,0,0,0,0,0,0,0,0,0,0,0,303.165,278.054,273.916,273.052,283.291,273.797,283.962,276.067,288.658,285.916,268.351,246.137,194.811,173.286,141.193,121.666,107.396,89.283,82.75,76.307,70.772,72.861,63.992,60.09,56.017,55.457,46.819,40.988,42.158,40.934,40.273,42.514,43.301,42.628,43.43,39.665,36.336,34.804,29.32,25.571,18.685,17.866,15.716,13.097,12.006,10.331,8.086,5.702,4.546,2.111,1.631,1.123,0.406,0.735,0.144,0.197,0.109,0.098,0,0,0,0,0,0,0,0,0,0,0,0,0,0,0,0,0,0,0,0,0,0,0,0,0,0,0,0,0,0,0,0,0,0,0,0,0,2.554,3.933,5.189,6.994,9.011,11.813,14.066,17.491,20.001,24.28,27.472,29.209,30.042,26.476,26.056,23.378,22.077,21.337,19.321,19.442,19.377,19.421,21.17,19.977,20.195,20.248,21.48,20.011,18.992,20.909,21.336,21.898,23.298,24.151,24.099,23.864,22.456,20.853,19.64,17.133,14.577,11.02,9.915,8.38,6.636,5.99,4.991,3.883,2.67,2.093,0.987,0.711,0.482,0.188,0.305,0.058,0.078,0.042,0.038,0,0,0.014,0,0,0,0
2026-08-28 11:08:00,1,"Normal Scan","Normal Scan",0,"ON",1,1,1,737.3,5,20.5,96.8,53.4,6.9673e-08,1.82049e-05,4.97,8954.6,8.8,736.5,1,"Up Scan","Positive",254,0,4.37,1.6,8,8,0,1,1,18.009,33.716,22.963,9.647,2.176,5523.39,48,21.2,NA,0,0,0,0,0,0,0,0,0,0,0,0,0,0,0,0,0,0,0,0,0,0,0,0,0,0,0,0,0,0,0,390.991,344.55,332.042,300.111,286.483,268.571,291.893,267.788,244.688,213.364,188.471,164.224,147.569,122.975,122.27,113.291,113.127,124.647,129.798,120.918,115.828,108.022,88.651,78.771,70.816,65.429,57.993,51.064,44.16,38.609,41.502,43.469,45.811,45.858,47.347,43.864,40.311,34.429,28.889,25.972,21.207,18.389,14.826,14.159,13.389,10.908,8.572,5.765,3.9,2.877,1.474,1.012,0.935,0.416,0.571,0.049,0,0.158,0.164,0.056,0,0,0,0,0,0,0,0,0,0,0,0,0,0,0,0,0,0,0,0,0,0,0,0,0,0,0,0,0,0,0,0,0,0,0,3.675,5.054,6.386,8.381,9.923,11.891,13.76,17.966,19.409,20.505,20.537,20.569,20.142,20.237,18.789,20.589,20.96,22.818,27.008,30.222,30.351,31.127,31.04,27.303,25.908,24.914,24.836,23.98,23.098,21.868,21.049,22.893,23.843,25.376,25.395,26.105,24.582,22.507,19.859,17.127,14.962,12.175,10.216,8.067,7.24,6.585,5.355,4.171,2.731,1.753,1.311,0.693,0.463,0.395,0.172,0.232,0.02,0,0.06,0.061,0.021,0,0,0,0,0
2026-08-28 11:13:00,1,"Normal Scan","Normal Scan",0,"ON",1,1,1,737,5,20.1,96.8,52.9,6.95522e-08,1.81857e-05,4.97,8954.6,8.8,736.5,1,"Up Scan","Positive",254,0,4.37,1.6,8,8,0,1,1,17.468,34.255,22.678,9.647,2.214,4533.14,48,21.1,NA,0,0,0,0,0,0,0,0,0,0,0,0,0,0,0,0,0,0,0,0,0,0,0,0,0,0,0,0,0,0,0,321.087,267.017,246.084,255.155,276.21,241.501,255.654,239.691,223.2,211.747,177.365,143.701,126.55,108.924,94.509,85.286,72.858,70.313,67.542,66.996,66.559,63.825,58.828,55.213,54.968,52.792,44.568,39.694,38.774,35.943,37.734,39.328,40.168,41.659,38.806,37.4,36.482,32.198,27.623,22.474,19.277,18.333,15.848,14.286,12.836,11.252,7.856,6.084,3.627,3.036,1.615,0.947,0.824,0.298,0.191,0.197,0,0.105,0.086,0.023,0,0,0,0,0,0,0,0,0,0,0,0,0,0,0,0,0,0,0,0,0,0,0,0,0,0,0,0,0,0,0,0,0,0,0,3.249,4.158,4.974,6.247,8.443,11.544,12.4,15.751,17.371,18.778,20.379,19.313,17.583,17.266,16.455,15.755,15.616,14.64,15.343,15.98,17.153,18.291,18.702,18.386,18.552,19.735,20.318,18.833,18.541,19.157,19.141,20.661,21.871,22.495,23.177,22.003,21.643,20.975,18.909,16.321,13.419,11.224,10.131,8.406,7.339,6.319,5.491,3.708,2.852,1.662,1.365,0.734,0.423,0.348,0.124,0.077,0.078,0,0.04,0.032,0.009,0,0,0,0,0
2026-08-28 11:18:00,1,"Normal Scan","Normal Scan",0,"ON",1,1,1,736.9,5,20,96.8,52.7,6.9522e-08,1.81809e-05,4.97,8954.6,8.8,736.5,1,"Up Scan","Positive",254,0,4.37,1.6,8,8,0,1,1,17.709,32.139,21.973,9.647,2.115,5270.81,48,21.1,NA,0,0,0,0,0,0,0,0,0,0,0,0,0,0,0,0,0,0,0,0,0,0,0,0,0,0,0,0,0,0,0,326.843,310.515,282.838,267.98,275.827,290.648,288.273,302.343,311.776,289.076,258.297,214.11,164.995,141.721,125.742,111.096,97.493,90.88,85.666,75.883,72.153,64.333,55.959,53.372,49.251,45.066,40.933,36.074,34.367,32.294,32.345,34.431,40.294,43.641,43.28,38.828,39.016,32.714,27.161,23.901,21.499,18.72,16.84,13.88,13.42,10.727,8.065,5.586,3.948,2.402,1.472,0.829,0.717,0.278,0.238,0.149,0.256,0.262,0.055,0.056,0,0,0,0,0,0,0,0,0,0,0,0,0,0,0,0,0,0,0,0,0,0,0,0,0,0,0,0,0,0,0,0,0,0,0,3.342,4.22,5.799,7.199,8.896,11.46,14.94,17.781,21.917,26.238,27.797,28.146,26.142,22.469,21.402,20.884,20.24,19.355,19.585,19.985,19.133,19.543,18.688,17.446,17.836,17.658,17.424,17.53,17.236,18.013,17.831,18.751,20.141,22.629,24.181,24.354,22.357,22.331,18.91,16.283,14.097,12.139,10.28,8.792,7.084,6.583,5.259,3.82,2.616,1.867,1.168,0.657,0.389,0.32,0.115,0.097,0.059,0.099,0.1,0.02,0.021,0.016,0,0,0,0
2026-08-28 11:23:00,1,"Normal Scan","Normal Scan",0,"ON",1,1,1,736.8,5,19.9,96.8,52.7,6.94918e-08,1.81761e-05,4.97,8954.6,8.8,736.5,1,"Up Scan","Positive",254,0,4.37,1.6,8,8,0,1,1,16.511,32.254,21.452,10.366,2.177,5112.93,48,21.1,NA,0,0,0,0,0,0,0,0,0,0,0,0,0,0,0,0,0,0,0,0,0,0,0,0,0,0,0,0,0,0,0,354.758,377.097,331.755,330.735,305.828,296.597,285.821,285.858,246.199,220.208,187.553,161.97,142.791,117.866,105.963,86.997,82.07,75.5,69.748,67.169,65.772,60.065,55.869,52.606,51.036,47.168,46.286,41.675,38.895,35.985,37.544,37.505,38.407,42.145,43.479,39.869,37.844,36.69,28.285,24.72,20.197,19.793,16.149,14.049,12.052,11.385,7.92,5.808,3.872,2.83,1.817,0.864,0.754,0.46,0.144,0.197,0.153,0.105,0.054,0,0,0,0,0,0,0,0,0,0,0,0,0,0,0,0,0,0,0,0,0,0,0,0,0,0,0,0,0,0,0,0,0,0,0,0,3.538,4.581,7.045,8.421,10.966,12.699,15.178,17.62,20.718,20.682,21.19,20.452,19.801,19.48,17.762,17.619,15.924,16.366,16.401,16.428,17.094,17.975,17.721,17.649,17.793,18.374,18.461,19.405,19.141,19.667,19.491,20.772,21.752,22.215,23.588,24.23,23.018,21.646,20.805,16.556,14.651,11.659,10.655,8.669,7.17,5.961,5.545,3.773,2.714,1.802,1.295,0.821,0.371,0.32,0.191,0.058,0.078,0.06,0.04,0.02,0,0,0,0,0,0
2026-08-28 11:28:00,1,"Normal Scan","Normal Scan",0,"ON",1,1,1,736.7,5,19.8,96.8,52.8,6.94616e-08,1.81713e-05,4.97,8954.6,8.8,736.5,1,"Up Scan","Positive",254,0,4.37,1.6,8,8,0,1,1,15.467,28.617,19.586,9.647,2.082,6545.4,48,21,NA,0,0,0,0,0,0,0,0,0,0,0,0,0,0,0,0,0,0,0,0,0,0,0,0,0,0,0,0,0,0,0,619.449,527.798,486.85,446.828,402.061,384.8,386.419,369.235,330.088,291.795,242.366,191.094,153.472,126.43,107.208,100.918,92.349,85.949,80.595,78.334,75.122,68.526,64.43,60.606,57.591,51.919,52.668,46.258,38.79,38.19,38.575,37.926,39.582,42.37,44.898,42.619,38.094,32.587,29.553,24.425,21.063,16.571,15.068,14.923,13.355,9.793,8.833,5.92,4.267,2.424,1.45,0.996,0.857,0.459,0.191,0.148,0.154,0.106,0,0.056,0,0,0,0,0,0,0,0,0,0,0,0,0,0,0,0,0,0,0,0,0,0,0,0,0,0,0,0,0,0,0,0,0,0,0,6.023,7.942,9.786,12.327,14.739,16.684,19.81,23.766,26.726,27.688,28.046,26.347,23.331,20.909,19.118,17.912,18.47,18.449,18.683,18.984,19.866,20.512,20.234,20.269,20.153,20.605,20.093,21.667,20.989,19.642,20.577,21.312,21.419,22.471,23.856,25.031,23.646,21.627,19.103,17.415,14.189,11.991,9.426,8.078,7.543,6.612,4.866,4.187,2.767,1.983,1.122,0.649,0.445,0.395,0.191,0.077,0.059,0.06,0.04,0,0.021,0.034,0,0,0,0
2026-08-28 11:33:00,1,"Normal Scan","Normal Scan",0,"ON",1,1,1,736.7,5,19.8,96.8,52.9,6.94616e-08,1.81713e-05,4.97,8954.6,8.8,736.5,1,"Up Scan","Positive",254,0,4.37,1.6,8,8,0,1,1,15.57,29.663,20.122,9.647,2.114,5974.76,49,21,NA,0,0,0,0,0,0,0,0,0,0,0,0,0,0,0,0,0,0,0,0,0,0,0,0,0,0,0,0,0,0,0,499.119,462.048,428.253,415.626,398.811,371.053,364.796,341.719,286.62,254.374,196.38,157.338,127.287,113.91,103.794,94.832,87.455,85.824,80.81,78.676,70.112,68.278,65.42,60.409,59.57,50.122,50.681,42.556,40.794,39.142,39.655,39.92,38.587,40.913,42.236,42.117,38.451,32.567,28.316,23.484,18.932,18.284,15.156,14.156,12.09,9.794,8.342,5.8,3.578,2.013,1.436,1.083,0.808,0.325,0.191,0.197,0.153,0.262,0.054,0.056,0,0,0,0,0,0,0,0,0,0,0,0,0,0,0,0,0,0,0,0,0,0,0,0,0,0,0,0,0,0,0,0,0,0,0,4.951,6.486,8.6,10.884,13.725,16.565,19.046,22.477,24.768,24.053,24.456,21.37,19.216,17.405,17.277,17.309,17.349,17.506,18.659,19.016,19.986,19.168,20.045,20.479,20.202,21.244,19.651,20.998,19.385,20.305,20.628,21.864,22.291,21.934,22.97,23.357,23.637,21.695,18.884,16.587,13.627,11.076,9.987,8.012,7.108,6.035,4.853,3.95,2.711,1.691,0.979,0.657,0.482,0.358,0.134,0.077,0.078,0.06,0.101,0.02,0.021,0.017,0,0,0,0
2026-08-28 11:38:00,1,"Normal Scan","Normal Scan",0,"ON",1,1,1,736.7,5,19.8,96.8,53,6.94616e-08,1.81713e-05,4.97,8954.6,8.8,736.5,1,"Up Scan","Positive",254,0,4.37,1.6,8,8,0,1,1,15.949,30.406,20.608,9.647,2.128,5961.51,49,20.9,NA,0,0,0,0,0,0,0,0,0,0,0,0,0,0,0,0,0,0,0,0,0,0,0,0,0,0,0,0,0,0,0,525.076,424.158,384.345,367.058,374.477,392.933,353.08,340.065,288.711,251.83,197.048,162.147,137.377,113.705,109.118,105.726,97.098,90.825,88.248,83.254,80.724,71.189,68.966,65.148,56.343,56.851,51.769,49.325,41.092,41.998,40.93,40.872,43.165,42.212,44.354,40.265,38.105,32.605,29.542,23.931,19.679,17.689,15.64,14.629,12.621,10.841,7.626,5.309,4.599,2.667,1.088,1.228,0.633,0.509,0.286,0.147,0.154,0.053,0.328,0.113,0,0,0,0,0,0,0,0,0,0,0,0,0,0,0,0,0,0,0,0,0,0,0,0,0,0,0,0,0,0,0,0,0,0,0,5.388,6.747,7.938,9.746,12.091,15.566,20.129,21.696,24.621,24.276,24.198,21.481,19.832,18.782,17.277,18.251,19.362,19.363,19.739,20.732,21.066,22.029,20.899,21.623,21.77,20.378,21.856,21.589,22.183,20.517,21.858,22.245,22.632,23.874,23.773,24.556,22.76,21.66,19.095,17.141,14.04,11.394,9.766,8.396,7.385,6.327,5.257,3.711,2.555,2.107,1.212,0.539,0.593,0.282,0.21,0.116,0.059,0.06,0.02,0.122,0.041,0,0,0,0,0
2026-08-28 11:43:00,1,"Normal Scan","Normal Scan",0,"ON",1,1,1,736.7,5,19.7,96.8,53.3,6.94314e-08,1.81665e-05,4.97,8954.6,8.8,736.5,1,"Up Scan","Positive",254,0,4.37,1.6,8,8,0,1,1,15.982,31.04,20.741,9.647,2.155,5802.1,50,20.9,NA,0,0,0,0,0,0,0,0,0,0,0,0,0,0,0,0,0,0,0,0,0,0,0,0,0,0,0,0,0,0,0,479.914,425.496,402.426,380.708,357.426,349.323,341.668,329.075,300.615,247.734,203.976,158.274,127.202,109.53,93.986,90.292,89.627,85.841,82.146,75.797,73.876,70.405,63.903,63.615,60.729,55.974,50.248,46.789,44.37,39.055,40.444,35.776,39.163,40.102,43.113,40.394,40.292,39.186,32.594,26.682,23.476,19.573,16.846,13.895,12.469,10.968,8.744,5.911,3.606,3.213,2.247,1.083,0.417,0.647,0.573,0.247,0.204,0.16,0.055,0,0,0,0,0,0,0,0,0,0,0,0,0,0,0,0,0,0,0,0,0,0,0,0,0,0,0,0,0,0,0,0,0,0,0,0,4.132,6.186,7.965,10.242,12.599,14.897,17.909,20.997,23.788,25.247,23.793,22.215,19.381,17.416,16.61,15.742,16.571,17.941,18.629,19.392,19.366,20.266,20.624,20.17,21.363,21.583,21.52,20.682,20.968,21.748,20.783,22.326,21.365,22.898,23.5,24.495,23.297,23.019,21.819,18.829,15.484,13.293,10.626,9.116,7.345,6.256,5.275,4.248,2.854,1.733,1.456,1.022,0.482,0.207,0.267,0.232,0.098,0.079,0.06,0.02,0,0.034,0,0,0,0
2026-08-28 11:48:00,1,"Normal Scan","Normal Scan",0,"ON",1,1,1,736.7,5,19.7,96.8,53.5,6.94314e-08,1.81665e-05,4.97,8954.6,8.8,736.5,1,"Up Scan","Positive",254,0,4.37,1.6,8,8,0,1,1,17.33,29.282,20.87,9.647,2.016,7090.09,49,20.8,NA,0,0,0,0,0,0,0,0,0,0,0,0,0,0,0,0,0,0,0,0,0,0,0,0,0,0,0,0,0,0,0,517.877,428.268,404.689,355.95,362.896,363.638,403.994,440.72,427.821,389.041,322.898,256.947,227.443,190.043,179.969,185.388,170.282,150.227,127.554,104.389,85.313,78.153,69.166,62.339,56.9,55.416,49.896,45.719,42.054,43.216,38.789,40.347,40.494,46.965,40.498,40.18,37.121,34.066,29.591,24.188,22.17,19.05,15.269,14.396,11.733,10.799,8.047,5.686,4.404,2.819,1.634,1.143,0.475,0.904,0.447,0.197,0.152,0.16,0.11,0.056,0,0,0,0,0,0,0,0,0,0,0,0,0,0,0,0,0,0,0,0,0,0,0,0,0,0,0,0,0,0,0,0,0,0,0,5.254,6.598,7.951,10.342,11.817,15.143,18.761,24.861,32.037,35.991,37.44,35.214,31.524,31.097,28.755,29.902,33.563,33.522,32.065,29.441,26.079,23.166,22.691,21.642,20.978,20.586,21.271,20.817,20.953,20.834,22.096,21.417,22.524,23.034,25.76,23.146,23.038,21.172,19.658,17.146,14.333,12.414,10.503,8.419,7.358,5.919,5.218,4.015,2.712,2.054,1.276,0.765,0.521,0.207,0.375,0.182,0.078,0.06,0.06,0.041,0.021,0.017,0,0,0,0
2026-08-28 11:53:00,1,"Normal Scan","Normal Scan",0,"ON",1,1,1,736.7,5,19.7,96.8,53.6,6.94314e-08,1.81665e-05,4.97,8954.6,8.8,736.5,1,"Up Scan","Positive",254,0,4.37,1.6,8,8,0,1,1,18.267,27.362,20.755,14.855,1.885,9301.45,50,20.8,NA,0,0,0,0,0,0,0,0,0,0,0,0,0,0,0,0,0,0,0,0,0,0,0,0,0,0,0,0,0,0,0,514.506,502.672,487.023,503.239,499.314,465.457,516.004,506.227,487.581,474.036,456.909,419.917,374.494,340.046,314.258,309.135,284.849,269.524,241.249,192.958,160.019,113.67,82.63,66.66,54.852,48.74,42.681,38.236,37.083,33.802,32.269,33.449,34.576,37.976,39.274,41.041,37.597,34.065,30.01,25.136,20.674,17.762,15.728,14.418,13.153,10.969,8.986,5.389,4.473,2.502,1.52,0.999,0.756,0.414,0.171,0.266,0,0.053,0.055,0,0,0,0,0,0,0,0,0,0,0,0,0,0,0,0,0,0,0,0,0,0,0,0,0,0,0,0,0,0,0,0,0,0,0,0,4.951,6.634,9.362,12.366,16.637,20.806,23.941,31.848,36.727,41.068,45.745,49.985,51.558,51.303,51.497,52.244,55.998,55.898,56.978,54.852,47.152,41.937,32.054,25.166,21.913,19.427,18.645,17.795,17.624,18.539,18.517,18.887,19.7,20.476,21.994,22.531,23.175,21.594,19.638,17.66,14.722,11.833,9.913,8.36,7.342,6.5,5.33,4.26,2.541,2.052,1.113,0.676,0.445,0.32,0.172,0.069,0.106,0,0.02,0.02,0,0,0,0,0,0
2026-08-28 11:58:00,1,"Normal Scan","Normal Scan",0,"ON",1,1,1,736.7,5,19.7,96.8,53.7,6.94314e-08,1.81665e-05,4.97,8954.6,8.8,736.5,1,"Up Scan","Positive",254,0,4.37,1.6,8,8,0,1,1,16.819,28.658,20.366,9.647,2.016,7830.28,49,20.8,NA,0,0,0,0,0,0,0,0,0,0,0,0,0,0,0,0,0,0,0,0,0,0,0,0,0,0,0,0,0,0,0,610.292,517.513,480.742,457.437,441.79,436.848,444.595,435.433,429.08,386.791,338.385,298.618,243.368,202.912,183.418,175.879,169.072,152.111,131.503,116.124,98.606,89.052,86.554,80.29,64.129,56.967,50.413,44.085,42.41,38.003,42.136,39.088,42.524,43.942,47.686,46.569,41.931,37.312,32.526,25.454,23.032,21.06,17.558,16.114,12.034,11.009,7.75,6.693,4.692,2.959,2.119,0.909,1.032,0.508,0.334,0.248,0.356,0.107,0.108,0.072,0,0,0,0,0,0,0,0,0,0,0,0,0,0,0,0,0,0,0,0,0,0,0,0,0,0,0,0,0,0,0,0,0,0,0,5.335,7.892,9.687,12.183,15.121,18.39,22.431,27.38,31.577,36.087,37.243,36.911,36.58,33.274,30.678,30.5,31.955,33.399,32.705,30.605,29.072,26.518,25.707,26.579,26.286,22.754,21.971,21.058,20.37,21.316,21.012,23.331,22.69,24.408,24.851,26.617,26.306,23.891,21.613,18.484,14.952,13.226,11.463,9.509,8.265,6.042,5.463,3.765,3.132,2.265,1.347,0.986,0.391,0.469,0.21,0.136,0.098,0.139,0.04,0.041,0.026,0.012,0,0,0,0
2026-08-28 12:03:00,1,"Normal Scan","Normal Scan",0,"ON",1,1,1,737.3,5,20.5,96.8,53.3,6.9673e-08,1.82049e-05,4.97,8954.6,8.8,736.5,1,"Up Scan","Positive",254,0,4.37,1.6,8,8,0,1,1,15.808,28.892,19.764,9.647,2.077,6223.85,50,21,NA,0,0,0,0,0,0,0,0,0,0,0,0,0,0,0,0,0,0,0,0,0,0,0,0,0,0,0,0,0,0,0,538.856,449.488,435.239,409.466,399.866,373.714,373.532,379.907,351.969,311.889,261.534,205.333,158.276,123.75,99.042,86.134,77.77,76.379,67.882,63.703,63.187,64.623,61.44,50.389,51.276,46.761,42.479,38.609,40.713,36.866,37.855,39.809,41.34,44.723,42.915,40.233,37.726,32.472,26.546,22.172,21.605,18.487,15.843,14.896,12.59,10.358,8.029,5.102,3.614,3.171,1.568,0.86,0.517,0.321,0.239,0.15,0.257,0.159,0,0.226,0,0,0,0,0,0,0,0,0,0,0,0,0,0,0,0,0,0,0,0,0,0,0,0,0,0,0,0,0,0,0,0,0,0,0,4.982,6.961,8.377,11.018,13.474,16.64,19.146,22.978,27.535,29.516,29.933,28.409,25.036,21.511,18.657,16.462,15.733,15.58,16.62,15.964,16.259,17.33,18.835,19.087,17.277,18.545,18.348,18.252,18.286,20.313,19.772,21.025,22.066,22.95,24.473,24.047,22.904,21.514,18.934,15.863,13.268,12.1,10,8.49,7.561,6.241,5.052,3.8,2.427,1.721,1.49,0.712,0.408,0.263,0.134,0.097,0.059,0.099,0.06,0,0.082,0.044,0,0,0,0
2026-08-28 12:08:00,1,"Normal Scan","Normal Scan",0,"ON",1,1,1,737.4,5,20.7,96.8,53.7,6.97334e-08,1.82145e-05,4.97,8954.6,8.8,736.5,1,"Up Scan","Positive",254,0,4.37,1.6,8,8,0,1,1,15.184,26.279,18.648,9.647,1.977,7369.68,48,21.2,NA,0,0,0,0,0,0,0,0,0,0,0,0,0,0,0,0,0,0,0,0,0,0,0,0,0,0,0,0,0,0,0,649.133,600.998,574.248,526.565,516.383,476.403,431.991,384.638,371.319,336.191,291.233,253.827,221.072,186.676,155.033,133.213,114.492,94.155,73.843,71.86,61.843,60.963,53.079,49.105,48.371,39.468,36.824,35.351,32.16,28.927,34.099,38.061,38.338,41.553,41.188,39.734,35.498,31.101,26.865,21.777,20.443,17.5,15.451,12.506,11.693,10.058,7.281,6.033,3.394,2.553,1.688,1.482,0.672,0.51,0.048,0.148,0.155,0.264,0.164,0.056,0,0,0,0,0,0,0,0,0,0,0,0,0,0,0,0,0,0,0,0,0,0,0,0,0,0,0,0,0,0,0,0,0,0,0,6,8.414,11.204,14.525,17.307,21.399,24.397,26.504,27.84,31.173,32.305,31.687,31.002,30.043,28,25.587,24.056,22.571,20.174,17.254,18.144,16.723,17.652,16.596,16.441,17.206,15.791,16.07,16.764,16.969,16.488,19.172,21.174,21.663,22.882,23.083,22.399,20.275,18.017,15.819,12.88,11.584,9.64,8.154,6.461,5.995,4.934,3.529,2.798,1.572,1.213,0.792,0.685,0.301,0.21,0.019,0.059,0.06,0.1,0.061,0.023,0.014,0,0,0,0
2026-08-28 12:13:00,1,"Normal Scan","Normal Scan",0,"ON",1,1,1,737.1,5,20.3,96.8,53.1,6.96126e-08,1.81953e-05,4.97,8954.6,8.8,736.5,1,"Up Scan","Positive",254,0,4.37,1.6,8,8,0,1,1,17.06,24.882,19.273,12.864,1.815,10872.9,49,21.2,NA,0,0,0,0,0,0,0,0,0,0,0,0,0,0,0,0,0,0,0,0,0,0,0,0,0,0,0,0,0,0,0,624.856,659.876,654.619,659.003,691.669,665.093,645.857,594.52,594.362,562.142,541.324,505.318,474.048,429.03,390.393,322.986,283.144,226.343,177.914,145.161,114.344,91.791,74.39,63.368,49.976,43.518,39.517,35.335,31.806,32.634,34.634,35.841,36.105,40.273,38.461,37.673,32.493,30.532,25.321,21.366,17.418,18.048,16.837,15.39,12.098,10.083,8.77,6.063,4.064,2.192,1.44,1.41,0.806,0.185,0.324,0.358,0.205,0.158,0,0,0,0,0,0,0,0,0,0,0,0,0,0,0,0,0,0,0,0,0,0,0,0,0,0,0,0,0,0,0,0,0,0,0,0,0,5.822,8.142,12.233,16.685,21.736,28.821,34.118,39.755,43.162,50.137,54.254,59.053,61.827,64.567,64.405,64.289,58.095,55.258,47.866,40.639,35.671,30.186,26.066,22.684,20.706,17.895,17.047,16.864,16.673,16.496,17.692,19.095,19.916,20.586,22.31,21.551,21.607,19.425,18.14,15.187,12.697,10.755,9.977,8.753,7.715,6.143,4.978,4.112,2.862,1.926,1.06,0.644,0.606,0.357,0.076,0.131,0.142,0.079,0.06,0,0,0.016,0,0,0,0
2026-08-28 12:18:00,1,"Normal Scan","Normal Scan",0,"ON",1,1,1,736.9,5,20,96.8,53.3,6.9522e-08,1.81809e-05,4.97,8954.6,8.8,736.5,1,"Up Scan","Positive",254,0,4.37,1.6,8,8,0,1,1,18.424,26.513,20.582,13.824,1.831,11251.1,51,21.1,NA,0,0,0,0,0,0,0,0,0,0,0,0,0,0,0,0,0,0,0,0,0,0,0,0,0,0,0,0,0,0,0,547.295,526.504,576.203,587.002,637.35,642.509,616.54,618.821,601.696,572.595,557.336,508.797,490.899,478.149,469.13,435.824,388.614,306.789,249.891,198.971,156.884,134.291,106.28,82.996,65.499,50.052,43.65,39.907,34.892,34.512,38.824,35.66,40.292,40.496,42.512,40.803,38.045,34.532,28.133,25.123,22.63,18.744,15.548,14.961,13.892,11.712,8.701,7.453,4.865,3,1.669,1.171,1.027,0.462,0.285,0.297,0.206,0.157,0,0.056,0,0,0,0,0,0,0,0,0,0,0,0,0,0,0,0,0,0,0,0,0,0,0,0,0,0,0,0,0,0,0,0,0,0,0,5.085,7.059,9.831,14.682,19.447,26.556,33.021,37.959,44.912,50.676,55.401,61.053,62.562,67.115,72.102,77.431,78.481,76.011,64.909,56.977,48.76,41.174,37.74,31.918,26.805,22.937,19.421,18.4,18.706,17.898,18.929,21.36,20.899,22.858,22.96,24.324,23.374,21.708,20.322,16.924,14.969,12.945,10.735,8.525,7.659,6.901,5.815,4.173,3.452,2.261,1.437,0.73,0.519,0.433,0.191,0.116,0.118,0.079,0.06,0,0.021,0,0,0,0,0
2026-08-28 12:23:00,1,"Normal Scan","Normal Scan",0,"ON",1,1,1,736.7,5,19.7,96.8,53.8,6.94314e-08,1.81665e-05,4.97,8954.6,8.8,736.5,1,"Up Scan","Positive",254,0,4.37,1.6,8,8,0,1,1,18.954,26.069,20.729,17.154,1.782,12809.4,52,21,NA,0,0,0,0,0,0,0,0,0,0,0,0,0,0,0,0,0,0,0,0,0,0,0,0,0,0,0,0,0,0,0,558.732,574.795,582.673,575.206,628.058,668.393,716.106,741.283,749.71,698.04,684.216,664.02,660.381,582.973,557.69,490.258,424.333,369.624,306.594,255.43,202.814,153.831,115.583,83.222,63.737,52.219,44.755,40.84,38.1,36.956,39.217,38.707,41.037,43.771,41,42.393,35.736,31.787,28.17,23.248,19.127,18.17,17.219,15.225,13.028,10.9,9.745,7.172,4.218,3.071,1.725,1.05,0.942,0.833,0.383,0.197,0.357,0.105,0.108,0.168,0,0,0,0,0,0,0,0,0,0,0,0,0,0,0,0,0,0,0,0,0,0,0,0,0,0,0,0,0,0,0,0,0,0,0,5.648,7.244,10.747,14.849,19.052,26.224,34.46,44.221,53.889,63.332,67.503,74.935,81.466,90.174,87.872,92.192,88.417,83.015,78.115,69.638,62.235,52.943,42.963,34.693,26.953,22.527,20.196,19.036,18.913,19.324,19.839,21.633,21.396,23.077,24.284,23.026,23.872,21.112,18.994,16.783,13.864,11.704,10.289,9.255,7.771,6.544,5.407,4.746,3.41,2.017,1.437,0.785,0.501,0.414,0.344,0.155,0.078,0.139,0.04,0.041,0.062,0.017,0,0,0,0
2026-08-28 12:28:00,1,"Normal Scan","Normal Scan",0,"ON",1,1,1,737,5,20.1,96.8,54.1,6.95522e-08,1.81857e-05,4.97,8954.6,8.8,736.5,1,"Up Scan","Positive",254,0,4.37,1.6,8,8,0,1,1,19.602,29.524,22.084,15.963,1.925,14453.4,53,21.1,NA,0,0,0,0,0,0,0,0,0,0,0,0,0,0,0,0,0,0,0,0,0,0,0,0,0,0,0,0,0,0,0,643.249,648.825,648.061,655.943,677.438,708.447,738.674,785.504,743.944,729.609,734.343,720.44,677.264,632.405,594.494,540.028,487.837,431.568,364.499,290.531,234.858,189.947,140.57,108.955,87.953,71.7,66.31,62.129,61.601,55.682,58.96,58.277,69.635,71.749,83.901,94.622,86.978,77.175,63.934,50.36,41.983,32.682,29.838,25.665,19.45,15.843,11.828,9.762,6.062,3.459,3.297,1.282,1.035,0.827,0.907,0.344,0.359,0.052,0.165,0.111,0,0,0,0,0,0,0,0,0,0,0,0,0,0,0,0,0,0,0,0,0,0,0,0,0,0,0,0,0,0,0,0,0,0,0,5.406,8.314,12.142,16.473,21.757,28.242,36.354,45.582,57.161,62.827,70.524,80.336,88.439,92.62,95.441,98.418,97.453,95.569,91.299,82.959,71.094,61.631,53.408,42.805,35.847,31.307,28.426,28.763,30.009,32.54,33.585,37.059,37.176,41.781,42.092,46.705,50.884,47.371,42.445,34.954,27.864,22.878,17.928,15.486,13.177,9.613,7.784,5.692,4.763,2.82,1.641,1.46,0.613,0.488,0.344,0.368,0.137,0.139,0.02,0.061,0.041,0.049,0,0,0,0
2026-08-28 12:33:00,1,"Normal Scan","Normal Scan",0,"ON",1,1,1,737.2,5,20.4,96.8,55.9,6.96428e-08,1.82001e-05,4.97,8954.6,8.8,736.5,1,"Up Scan","Positive",254,0,4.37,1.6,8,8,0,1,1,18.339,26.808,20.807,17.154,1.84,12850.7,56,21.1,NA,0,0,0,0,0,0,0,0,0,0,0,0,0,0,0,0,0,0,0,0,0,0,0,0,0,0,0,0,0,0,0,600.232,604.205,582.924,607.128,675.291,694.473,771.988,774.624,797.702,771.728,700.019,638.434,534.633,466.047,423.669,392.98,356.704,332.65,274.3,233.778,193.473,164.926,133.584,114.792,100.558,78.719,74.13,67.078,61.045,54.749,55.561,55.594,53.786,49.458,47.721,45,38.074,36.47,30.491,25.384,23.023,20.923,20.465,16.881,13.136,13.036,8.936,6.436,4.795,3.067,1.99,1.656,0.802,0.602,0.523,0.149,0.152,0,0.054,0,0,0,0,0,0,0,0,0,0,0,0,0,0,0,0,0,0,0,0,0,0,0,0,0,0,0,0,0,0,0,0,0,0,0,0,5.304,7.758,11.251,14.849,20.101,28.18,35.644,47.638,56.252,67.09,74.344,76.382,78.146,72.998,70.297,70.195,71.111,70.159,70.64,62.977,57.777,51.304,46.894,40.887,37.545,35.258,30.146,30.322,29.384,28.449,27.46,28.354,29.189,29.05,27.304,26.662,25.731,22.822,21.248,18.161,15.429,13.022,11.67,10.731,8.654,6.698,6.29,4.334,3.035,2.238,1.365,0.887,0.711,0.339,0.248,0.213,0.059,0.06,0,0.02,0,0,0,0,0,0
2026-08-28 12:38:00,1,"Normal Scan","Normal Scan",0,"ON",1,1,1,737,5,20.1,96.8,57.2,6.95522e-08,1.81857e-05,4.97,8954.6,8.8,736.5,1,"Up Scan","Positive",254,0,4.37,1.6,8,8,0,1,1,17.028,27.974,20.153,14.855,1.957,10405.4,57,21.1,NA,0,0,0,0,0,0,0,0,0,0,0,0,0,0,0,0,0,0,0,0,0,0,0,0,0,0,0,0,0,0,0,653.591,585.732,592.588,587.191,610.459,622.514,655.217,653.88,636.176,592.756,545.118,482.87,391.702,320.257,241.193,200.359,167.385,158.553,151.703,133.147,125.141,103.03,84.328,78.231,77.824,81.933,79.524,81.005,71.674,61.993,45.343,40.041,41.143,40.642,43.875,42.904,42.136,37.279,34.835,29.401,24.58,23.742,24.675,21.905,18.865,17.013,12.209,10.556,7.597,5.046,4.115,3.056,2.137,1.265,1.337,1.038,0.459,0.316,0.655,0.169,0,0,0,0,0,0,0,0,0,0,0,0,0,0,0,0,0,0,0,0,0,0,0,0,0,0,0,0,0,0,0,0,0,0,0,6.58,8.466,10.861,15.01,19.337,25.431,31.994,40.389,47.476,53.624,56.998,59.296,58.894,53.228,48.146,39.927,36.421,33.174,34,35.098,33.41,33.999,30.432,27.296,26.884,28.013,30.401,31.056,33.674,31.894,29.767,24.702,23.436,24.456,24.466,25.919,25.941,26.056,23.485,21.913,18.495,15.518,14.062,13.769,11.807,10.03,8.664,6.184,5.237,3.735,2.374,1.96,1.424,0.969,0.525,0.542,0.412,0.179,0.121,0.244,0.062,0.065,0,0,0,0
2026-08-28 12:43:00,1,"Normal Scan","Normal Scan",0,"ON",1,1,1,736.8,5,19.9,96.8,57.5,6.94918e-08,1.81761e-05,4.97,8954.6,8.8,736.5,1,"Up Scan","Positive",254,0,4.37,1.6,8,8,0,1,1,17.399,28.094,20.595,9.647,1.953,9841.63,54,21,NA,0,0,0,0,0,0,0,0,0,0,0,0,0,0,0,0,0,0,0,0,0,0,0,0,0,0,0,0,0,0,0,658.487,572.457,549.042,549.2,562.558,532.281,559.933,574.197,533.529,480.33,416.575,364.525,337.592,318.172,295.738,272.392,258.505,233.653,219.293,195.4,169.929,141.746,100.883,74.818,59.505,50.331,47.275,40.828,43.676,41.625,45.207,51.211,53.051,52.761,48.97,43.996,42.11,34.536,31.879,28.642,27.668,25.166,21.856,18.402,16.418,13.073,10.299,7.365,4.129,3.196,2.378,1.517,1.564,0.737,0.62,0.246,0.154,0,0,0,0,0,0,0,0,0,0,0,0,0,0,0,0,0,0,0,0,0,0,0,0,0,0,0,0,0,0,0,0,0,0,0,0,0,0,5.979,8.538,10.706,13.902,18.151,23.415,27.286,34.537,41.681,44.924,46.284,45.501,44.803,46.223,48.181,49.259,49.601,51.054,49.76,50.072,47.872,44.52,39.818,30.552,24.734,21.521,20.183,20.906,19.96,22.173,22.443,24.656,27.633,28.857,29.455,28.354,26.146,25.067,21.088,19.162,16.952,15.896,13.662,11.545,9.409,8.179,6.56,4.976,3.522,1.922,1.455,1.041,0.65,0.676,0.305,0.252,0.098,0.06,0,0,0,0.017,0,0,0,0
2026-08-28 12:48:00,1,"Normal Scan","Normal Scan",0,"ON",1,1,1,736.8,5,19.9,96.8,57.3,6.94918e-08,1.81761e-05,4.97,8954.6,8.8,736.5,1,"Up Scan","Positive",254,0,4.37,1.6,8,8,0,1,1,16.825,25.818,19.329,9.647,1.878,8981.6,52,21,NA,0,0,0,0,0,0,0,0,0,0,0,0,0,0,0,0,0,0,0,0,0,0,0,0,0,0,0,0,0,0,0,604.531,557.952,578.568,540.151,516.398,509.849,526.253,544.275,523.531,522.266,509.264,430.162,326.82,256.069,205.867,188.003,184.495,184.252,171.132,138.257,111.647,83.148,61.22,46.595,44.074,38.732,35.581,33.468,35.462,34.586,35.707,36.003,36.03,37.987,31.979,32.948,28.419,27.95,26.853,20.422,21.503,18.22,17.735,14.595,13.069,12.481,9.013,6.064,3.557,2.398,2.314,1.032,1.295,0.509,0.477,0.05,0.103,0,0.11,0.169,0,0,0,0,0,0,0,0,0,0,0,0,0,0,0,0,0,0,0,0,0,0,0,0,0,0,0,0,0,0,0,0,0,0,0,5.48,7.792,10.445,14.673,17.847,21.542,26.239,32.448,39.567,44.071,50.251,55.418,52.508,44.54,38.761,34.257,34.173,36.314,39.045,38.915,33.881,29.434,23.577,18.877,15.878,16.127,15.446,15.389,15.788,17.474,17.791,18.986,19.911,20.598,21.231,19.331,19.737,17.808,16.926,16.202,12.789,12.636,10.005,9.246,7.631,6.474,6.191,4.332,2.911,1.617,1.096,1.022,0.501,0.565,0.21,0.194,0.02,0.04,0,0.041,0.062,0,0,0,0,0
2026-08-28 12:53:00,1,"Normal Scan","Normal Scan",0,"ON",1,1,1,736.8,5,19.9,96.8,57.1,6.94918e-08,1.81761e-05,4.97,8954.6,8.8,736.5,1,"Up Scan","Positive",254,0,4.37,1.6,8,8,0,1,1,16.307,27.63,19.713,9.647,1.995,8054.69,51,21,NA,0,0,0,0,0,0,0,0,0,0,0,0,0,0,0,0,0,0,0,0,0,0,0,0,0,0,0,0,0,0,0,680.742,630.747,560.779,515.868,489.853,451.497,409.552,369.38,325.647,325.36,322.781,305.495,287.427,275.603,245.868,214.497,177.507,158.444,140.109,115.186,97.301,81.113,65.106,56.017,49.706,47.551,40.326,37.945,36.143,37.74,35.237,41.087,40.237,42.361,43.744,42.731,37.148,31.03,28.077,26.487,22.12,21.41,19.438,17.36,15.293,10.069,9.498,6.792,4.976,2.71,2.274,0.944,1.026,0.554,0.334,0.198,0.051,0.158,0.055,0,0,0,0,0,0,0,0,0,0,0,0,0,0,0,0,0,0,0,0,0,0,0,0,0,0,0,0,0,0,0,0,0,0,0,0,6.06,8.774,11.84,14.25,17.043,20.353,23.124,25.209,26.825,27.473,31.451,35.259,37.453,39.221,41.545,40.639,38.73,34.875,33.719,32.125,28.537,25.959,23.235,20.158,18.82,17.972,18.553,17.612,17.966,18.445,20.261,20.2,22.576,23.07,24.16,24.909,24.664,22.171,19.082,17.111,15.36,12.922,11.813,10.279,8.955,7.477,5.02,4.532,3.196,2.289,1.24,1.009,0.422,0.433,0.229,0.135,0.078,0.02,0.06,0.02,0,0,0,0,0,0
2026-08-28 12:58:00,1,"Normal Scan","Normal Scan",0,"ON",1,1,1,736.8,5,19.9,96.8,56.7,6.94918e-08,1.81761e-05,4.97,8954.6,8.8,736.5,1,"Up Scan","Positive",254,0,4.37,1.6,8,8,0,1,1,17.149,25.809,19.431,9.647,1.878,10234.5,51,20.9,NA,0,0,0,0,0,0,0,0,0,0,0,0,0,0,0,0,0,0,0,0,0,0,0,0,0,0,0,0,0,0,0,828.246,674.731,673.83,573.787,564.142,549.469,524.021,492.426,495.699,492.962,489.303,459.451,415.163,393.671,366.475,342.771,307.419,247.755,190.994,137.707,96.856,68.294,54.97,45.17,47.474,43.323,44.106,42.065,45.357,44.464,40.343,41.648,46.212,40.892,38.915,32.407,29.974,25.37,23.923,24.224,21.833,22.546,18.763,18.842,15.479,12.435,8.901,6.049,4.413,3.063,2.101,1.692,0.804,0.461,0.382,0.247,0.154,0.264,0.055,0.056,0,0,0,0,0,0,0,0,0,0,0,0,0,0,0,0,0,0,0,0,0,0,0,0,0,0,0,0,0,0,0,0,0,0,0,7.741,10.667,12.603,17.114,18.971,23.53,28.229,32.301,35.845,41.793,47.638,53.604,56.359,56.698,59.258,60.424,61.499,59.746,52.053,43.272,33.824,25.79,19.852,17.494,15.858,17.688,17.35,18.993,19.446,21.709,21.911,20.92,22.158,24.699,23.27,22.638,20.449,18.869,16.626,15.474,14.545,12.65,12.192,10.012,9.555,7.834,6.067,4.275,2.861,2.064,1.437,0.949,0.76,0.339,0.191,0.155,0.098,0.06,0.101,0.02,0.021,0,0,0,0,0
2026-08-28 13:03:00,1,"Normal Scan","Normal Scan",0,"ON",1,1,1,736.7,5,19.8,96.8,56.3,6.94616e-08,1.81713e-05,4.97,8954.6,8.8,736.5,1,"Up Scan","Positive",254,0,4.37,1.6,8,8,0,1,1,15.055,25.125,18.245,9.647,1.922,9461.61,51,20.9,NA,0,0,0,0,0,0,0,0,0,0,0,0,0,0,0,0,0,0,0,0,0,0,0,0,0,0,0,0,0,0,0,812.219,756.37,720.669,727.933,685.311,623.686,604.562,534.983,481.947,409.262,357.953,330.841,276.107,233.586,205.419,167.246,143.146,124.658,114.133,105.525,91.387,73.602,62.615,58.569,50.543,47.204,44.049,41.792,39.663,39.567,41.505,42.431,40.524,44.494,40.141,36.411,32.892,29.667,28.248,24.045,21.32,21.185,20.078,17.254,14.56,11.744,9.963,7.169,4.149,3.228,2.255,1.167,0.983,0.551,0.43,0.295,0.101,0.157,0.11,0,0,0,0,0,0,0,0,0,0,0,0,0,0,0,0,0,0,0,0,0,0,0,0,0,0,0,0,0,0,0,0,0,0,0,0,8.044,10.506,14.089,18.317,24.102,28.572,31.953,37.242,38.824,40.51,39.339,38.972,40.361,37.534,35.149,33.994,30.31,28.235,26.654,26.395,26.226,24.479,21.355,19.593,19.613,18.552,18.719,18.857,19.323,19.768,20.482,22.056,22.65,23.025,24.887,23.193,21.852,20.425,18.511,17.137,14.508,12.751,11.629,10.618,8.876,7.267,5.795,4.74,3.427,1.954,1.482,1.004,0.519,0.433,0.229,0.174,0.118,0.04,0.06,0.041,0,0.017,0,0,0,0
2026-08-28 13:08:00,1,"Normal Scan","Normal Scan",0,"ON",1,1,1,736.7,5,19.8,96.8,56.2,6.94616e-08,1.81713e-05,4.97,8954.6,8.8,736.5,1,"Up Scan","Positive",254,0,4.37,1.6,8,8,0,1,1,16.664,25.445,19.313,9.647,1.864,11323.5,52,20.8,NA,0,0,0,0,0,0,0,0,0,0,0,0,0,0,0,0,0,0,0,0,0,0,0,0,0,0,0,0,0,0,0,789.363,778.681,754.281,752.021,699.416,669.974,603.496,568.834,535.468,490.046,453.032,430.885,422.87,414.438,384.456,359.607,322.295,287.791,241.153,198.329,156.837,117.152,89.415,64.848,53.889,48.379,41.616,38.651,37.214,37.597,39.218,38.94,40.232,39.146,34.011,33.542,28.902,30.338,25.325,25.924,25.77,21.651,20.472,19.544,13.679,12.836,8.355,7.128,6.043,3.585,2.025,1.37,1.086,0.785,0.43,0.495,0.253,0.212,0.108,0.056,0,0,0,0,0,0,0,0,0,0,0,0,0,0,0,0,0,0,0,0,0,0,0,0,0,0,0,0,0,0,0,0,0,0,0,7.585,10.282,14.551,19.209,24.819,29.061,34.391,37.16,41.323,45.147,47.324,49.599,52.982,57.867,62.601,63.7,64.923,63.079,60.789,54.75,48.425,41.12,32.987,27.153,21.484,19.369,18.916,17.813,17.925,18.349,19.18,20.464,21.419,22.549,22.994,21.151,20.816,18.684,19.206,15.916,15.548,14.443,12.284,11.073,9.936,6.94,6.35,4.126,3.406,2.829,1.671,0.949,0.604,0.46,0.324,0.174,0.197,0.098,0.08,0.041,0.021,0,0,0,0,0
2026-08-28 13:13:00,1,"Normal Scan","Normal Scan",0,"ON",1,1,1,736.7,5,19.8,96.8,56.3,6.94616e-08,1.81713e-05,4.97,8954.6,8.8,736.5,1,"Up Scan","Positive",254,0,4.37,1.6,8,8,0,1,1,15.472,25.878,18.834,11.14,1.93,9083.5,53,20.8,NA,0,0,0,0,0,0,0,0,0,0,0,0,0,0,0,0,0,0,0,0,0,0,0,0,0,0,0,0,0,0,0,677.635,663.164,693.005,689.055,644.662,613.218,534.913,476.005,430.038,382.019,341.376,317.701,298.504,252.558,216.882,198.15,187.051,158.572,147.125,119.563,94.875,82.376,71.38,59.627,51.717,47.362,41.335,38.493,37.752,37.864,37.753,40.134,41.543,38.173,38.081,36.579,30.152,29.692,24.899,25.688,21.854,21.541,19.627,16.599,14.309,11.17,9.397,6.281,5.327,3.743,2.726,1.641,1.206,0.461,0.382,0.196,0.052,0.21,0,0.104,0,0,0,0,0,0,0,0,0,0,0,0,0,0,0,0,0,0,0,0,0,0,0,0,0,0,0,0,0,0,0,0,0,0,0,5.838,8.702,12.405,17.602,22.813,26.857,31.406,32.949,34.526,36.207,36.81,37.228,38.921,40.738,38.079,35.957,35.864,36.777,33.785,33.765,29.581,25.345,23.594,21.999,19.97,18.61,18.564,17.89,17.922,18.625,19.512,20.307,21.78,22.973,22.319,22.251,21.998,19.106,18.291,15.641,15.329,12.701,11.96,10.58,8.795,7.24,5.596,4.46,3.013,2.423,1.725,1.205,0.723,0.527,0.191,0.155,0.078,0.02,0.08,0,0.038,0.003,0,0,0,0
2026-08-28 13:18:00,1,"Normal Scan","Normal Scan",0,"ON",1,1,1,736.7,5,19.7,96.8,56.5,6.94314e-08,1.81665e-05,4.97,8954.6,8.8,736.5,1,"Up Scan","Positive",254,0,4.37,1.6,8,8,0,1,1,15.561,27.741,19.503,10.366,2.016,8871.5,53,20.7,NA,0,0,0,0,0,0,0,0,0,0,0,0,0,0,0,0,0,0,0,0,0,0,0,0,0,0,0,0,0,0,0,606.753,663.907,657.006,644.59,635.015,604.02,555.919,517.882,410.301,363.202,332.495,295.08,267.426,236.057,187.967,151.643,129.586,114.749,101.158,90.27,95.224,94.829,85.72,84.722,83.808,71.722,61.787,51.197,49.291,46.264,44.239,46.807,50.17,50.546,52.449,48.934,39.304,35.76,32.643,31.113,27.632,21.905,21.106,17.617,16.052,12.721,9.454,7.648,5.49,3.367,2.431,1.407,1.21,0.833,0.334,0.099,0.151,0.266,0.164,0.056,0,0,0,0,0,0,0,0,0,0,0,0,0,0,0,0,0,0,0,0,0,0,0,0,0,0,0,0,0,0,0,0,0,0,0,5.088,7.905,12.487,16.78,21.299,26.397,30.974,34.205,37.465,34.522,35.003,36.249,36.089,36.376,35.456,31.068,27.607,25.844,24.911,23.959,23.29,26.117,27.569,26.638,27.94,29.43,27.127,25.659,23.624,24.258,24.773,24.314,25.793,27.698,28.749,29.766,27.824,23.61,21.436,19.587,18.097,15.662,12.473,11.128,9.197,7.977,6.286,4.665,3.581,2.569,1.507,1.156,0.643,0.546,0.344,0.136,0.039,0.06,0.101,0.061,0.021,0.034,0,0,0,0
2026-08-28 13:23:00,1,"Normal Scan","Normal Scan",0,"ON",1,1,1,736.6,5,19.6,96.8,56.7,6.94012e-08,1.81617e-05,4.97,8954.6,8.8,736.5,1,"Up Scan","Positive",254,0,4.37,1.6,8,8,0,1,1,15.097,27.308,19.048,11.14,2.015,8070.21,53,20.7,NA,0,0,0,0,0,0,0,0,0,0,0,0,0,0,0,0,0,0,0,0,0,0,0,0,0,0,0,0,0,0,0,613.326,599.239,629.567,613.644,606.439,599.614,527.411,468.059,392.935,340.309,262.759,231.637,186.791,161.132,141.408,124.128,125.856,118.345,111.037,104.423,89.465,76.011,70.1,64.979,62.136,53.023,49.736,44.464,43.174,40.177,41.284,43.406,47.086,42.224,41.625,37.724,32.972,30.141,27.276,26.28,24.017,22.524,21.778,16.705,16.558,12.531,9.973,8.16,5.204,3.916,2.85,1.731,0.764,1.108,0.479,0.098,0.153,0.158,0.109,0.057,0,0,0,0,0,0,0,0,0,0,0,0,0,0,0,0,0,0,0,0,0,0,0,0,0,0,0,0,0,0,0,0,0,0,0,5.097,7.917,11.225,15.969,20.271,25.173,30.728,32.451,33.858,33.058,32.726,28.585,28.365,25.497,24.407,23.593,22.689,24.958,25.462,25.822,26.202,24.163,22.176,21.824,21.751,22.189,20.684,21.228,20.387,21.07,20.928,21.856,23.499,25.705,24.214,24.386,22.858,20.851,18.973,17.059,15.802,14.273,12.666,11.612,8.951,8.267,6.12,4.936,3.863,2.37,1.789,1.305,0.742,0.339,0.458,0.194,0.039,0.06,0.06,0.041,0.021,0,0,0,0,0
2026-08-28 13:28:00,1,"Normal Scan","Normal Scan",0,"ON",1,1,1,737.1,5,20.3,96.8,56.4,6.96126e-08,1.81953e-05,4.97,8954.6,8.8,736.5,1,"Up Scan","Positive",254,0,4.37,1.6,8,8,0,1,1,15.434,30.024,19.828,11.14,2.116,9855.98,53,20.9,NA,0,0,0,0,0,0,0,0,0,0,0,0,0,0,0,0,0,0,0,0,0,0,0,0,0,0,0,0,0,0,0,699.163,722.854,767.624,706.899,708.708,674.451,636.184,565.121,497.186,418.135,359.431,303.138,272.863,229.503,184.383,156.8,134.262,120.034,112.42,102.533,95.53,85.197,75.789,67.505,57.891,54.303,57.889,58.106,57.575,63.169,62.429,63.354,65.554,73.877,72.567,61.6,53.798,39.187,32.188,25.686,23.104,29.094,34.504,37.203,35.122,30.299,23.262,17.872,10.475,7.253,4.261,1.951,1.868,1.495,1.141,0.641,0.408,0.42,0.328,0.394,0,0,0,0,0,0,0,0,0,0,0,0,0,0,0,0,0,0,0,0,0,0,0,0,0,0,0,0,0,0,0,0,0,0,0,5.732,9.026,13.468,19.495,23.426,29.485,34.553,39.069,40.921,41.72,40.132,39.099,37.008,37.128,34.52,30.548,28.504,26.626,25.885,26.152,25.66,25.764,24.925,24.096,23.314,22.171,22.736,25.549,27.962,29.808,32.873,33.481,33.579,35.409,39.332,39.684,36.685,34.831,28.782,24.804,20.092,17.285,17.675,19.196,19.075,17.224,14.768,11.256,8.514,4.916,3.352,1.962,0.959,0.856,0.62,0.464,0.255,0.159,0.161,0.122,0.144,0.031,0,0,0,0
2026-08-28 13:33:00,1,"Normal Scan","Normal Scan",0,"ON",1,1,1,737.4,5,20.7,96.8,56.7,6.97334e-08,1.82145e-05,4.97,8954.6,8.8,736.5,1,"Up Scan","Positive",254,0,4.37,1.6,8,8,0,1,1,16.44,26.825,19.662,9.647,1.938,10729.2,52,21.1,NA,0,0,0,0,0,0,0,0,0,0,0,0,0,0,0,0,0,0,0,0,0,0,0,0,0,0,0,0,0,0,0,784.332,742.087,679.609,703.818,645.786,661.431,637.412,568.728,501.514,446.491,428.313,409.932,397.397,369.391,330.471,278.395,245.209,211.431,184.48,165.916,137.714,113.912,90.441,76.592,58.9,51.414,49.965,52.243,52.513,60.219,57.936,55.576,55.304,50.303,49.461,42.295,37.446,32.039,30.554,29.774,25.103,23.965,20.692,17.155,15.648,12.917,9.535,7.819,5.688,4.376,3.316,2.288,1.212,1.153,0.621,0.444,0.204,0.263,0.109,0,0,0,0,0,0,0,0,0,0,0,0,0,0,0,0,0,0,0,0,0,0,0,0,0,0,0,0,0,0,0,0,0,0,0,0,6.574,10.13,13.822,17.211,23.209,26.88,33.844,39.204,41.191,42.182,43.044,46.775,50.24,54.15,55.593,54.641,50.358,48.194,44.974,42.294,40.812,36.361,32.479,28.02,25.738,22.3,21.176,21.911,24.266,25.431,29.262,29.241,28.992,29.531,28.389,27.895,25.227,22.74,19.62,18.8,17.587,14.706,13.305,11.524,9.128,8.135,6.448,4.763,3.734,2.694,2.038,1.496,0.981,0.546,0.477,0.251,0.176,0.079,0.1,0.041,0,0.027,0,0,0,0
2026-08-28 13:38:00,1,"Normal Scan","Normal Scan",0,"ON",1,1,1,737.1,5,20.3,96.8,56.2,6.96126e-08,1.81953e-05,4.97,8954.6,8.8,736.5,1,"Up Scan","Positive",254,0,4.37,1.6,8,8,0,1,1,14.457,28.84,18.975,9.647,2.126,6406.09,51,21.1,NA,0,0,0,0,0,0,0,0,0,0,0,0,0,0,0,0,0,0,0,0,0,0,0,0,0,0,0,0,0,0,0,583.268,564.662,552.702,520.606,490.457,448.918,385.302,331.848,284.995,232.866,199.266,165.156,140.292,110.229,101.112,92.385,82.272,67.588,59.01,51.799,46.176,43.593,39.465,37.486,37.955,39.301,36.48,37.526,39.406,42.203,43.425,47.836,49.173,48.647,44.482,39.818,39.026,30.144,29.006,25.741,24.401,21.644,19.66,17.175,15.18,12.218,9.01,8.082,6.037,3.552,2.677,2.062,1.118,0.69,0.372,0.161,0.102,0.21,0.055,0.056,0,0,0,0,0,0,0,0,0,0,0,0,0,0,0,0,0,0,0,0,0,0,0,0,0,0,0,0,0,0,0,0,0,0,0,4.887,7.457,10.554,14.027,17.225,20.389,22.993,23.63,24.003,23.932,22.359,21.662,20.149,19.101,16.638,16.737,16.709,16.246,14.536,13.767,13.164,12.791,13.011,12.852,13.334,14.696,16.289,16.791,18.358,20.144,22.122,23.322,25.501,26.737,26.802,25.65,23.601,23.056,18.977,17.686,15.412,14.255,12.412,10.612,8.97,7.794,6.072,4.326,3.807,2.783,1.64,1.191,0.908,0.489,0.286,0.15,0.064,0.04,0.08,0.02,0.021,0.016,0,0,0,0
2026-08-28 13:43:00,1,"Normal Scan","Normal Scan",0,"ON",1,1,1,737,5,20.1,96.8,55.5,6.95522e-08,1.81857e-05,4.97,8954.6,8.8,736.5,1,"Up Scan","Positive",254,0,4.37,1.6,8,8,0,1,1,15.163,40.273,23.047,10.366,2.555,3913.7,50,21.1,NA,0,0,0,0,0,0,0,0,0,0,0,0,0,0,0,0,0,0,0,0,0,0,0,0,0,0,0,0,0,0,0,367.556,370.299,323.997,295.724,267.534,199.468,171.866,155.083,126.29,103.446,87.695,80.705,70.854,61.902,54.294,52.042,43.286,36.069,33.524,31.244,33.265,35.802,33.961,34.041,31.769,34.25,32.766,34.72,38.45,41.272,45.341,52.439,54.073,50.335,50.601,43.649,40.136,36.655,36.723,36.509,32.826,30.794,24.867,22.1,18.891,12.973,11.712,8.061,5.97,4.848,3.087,2.451,1.927,1.477,0.667,0.839,0.203,0.158,0.108,0.114,0,0,0,0,0,0,0,0,0,0,0,0,0,0,0,0,0,0,0,0,0,0,0,0,0,0,0,0,0,0,0,0,0,0,0,3.459,4.743,6.936,8.211,9.758,11.128,10.194,10.545,11.203,10.605,9.975,9.566,9.878,9.658,9.324,9.01,9.473,8.658,7.914,8.021,8.16,9.375,10.753,11.219,12.234,12.815,14.857,15.92,17.759,20.242,22.42,24.783,28.636,30.246,29.632,30.379,27.376,24.984,23.076,22.227,20.847,18.677,16.937,13.555,11.522,9.745,6.661,5.859,3.926,2.875,2.198,1.391,1.054,0.846,0.611,0.271,0.333,0.079,0.06,0.041,0.041,0,0,0,0,0
2026-08-28 13:48:00,1,"Normal Scan","Normal Scan",0,"ON",1,1,1,736.9,5,20,96.8,55.2,6.9522e-08,1.81809e-05,4.97,8954.6,8.8,736.5,1,"Up Scan","Positive",254,0,4.37,1.6,8,8,0,1,1,20.981,46.296,28.555,9.647,2.6,4638.1,50,21,NA,0,0,0,0,0,0,0,0,0,0,0,0,0,0,0,0,0,0,0,0,0,0,0,0,0,0,0,0,0,0,0,397.72,368.717,299.571,261.51,209.347,187.474,159.808,133.798,106.228,92.395,81.734,73.632,71.344,70.098,69.835,75.255,75.067,65.706,59.004,52.345,46.2,38.156,36.321,41.93,70.004,94.41,115.337,128.265,136.697,129.331,117.887,93.68,90.69,86.376,85.251,78.627,61.465,49.053,40.798,33.686,29.146,23.52,21.336,16.72,14.902,11.109,10.386,7.852,5.798,3.989,2.825,2.146,1.253,0.829,0.569,0.394,0.255,0.235,0.085,0,0,0,0,0,0,0,0,0,0,0,0,0,0,0,0,0,0,0,0,0,0,0,0,0,0,0,0,0,0,0,0,0,0,0,0,3.363,5.155,6.834,7.6,8.63,8.673,9.565,9.803,9.706,8.928,8.925,8.986,9.09,9.822,10.655,11.66,13.701,14.804,14.13,13.893,14.106,14.418,14.24,15.615,19.306,29.589,39.041,47.774,55.243,60.856,60.593,57.015,47.355,46.243,44.915,44.443,41.335,33.745,27.361,23.214,19.335,16.535,13.237,11.504,8.921,7.709,5.619,5.084,3.722,2.719,1.843,1.289,0.927,0.546,0.344,0.232,0.157,0.099,0.089,0.032,0,0.016,0,0,0,0
2026-08-28 13:53:00,1,"Normal Scan","Normal Scan",0,"ON",1,1,1,736.8,5,19.9,96.8,54.9,6.94918e-08,1.81761e-05,4.97,8954.6,8.8,736.5,1,"Up Scan","Positive",254,0,4.37,1.6,8,8,0,1,1,16.618,39.162,23.722,9.647,2.454,3627.49,49,20.9,NA,0,0,0,0,0,0,0,0,0,0,0,0,0,0,0,0,0,0,0,0,0,0,0,0,0,0,0,0,0,0,0,318.16,297.222,294.677,253.415,218.636,177.734,130.077,118.897,102.431,85.73,72.699,67.395,78.408,84.038,84.761,90.325,86.5,70.145,61.19,51.976,43.202,38.016,34.413,30.486,30.915,32.328,30.271,32.217,35.087,36.868,43.085,46.618,47.819,49.97,43.546,42.979,37.562,31.59,30.124,28.213,23.228,20.929,19.329,15.893,14.436,11.392,9.337,8.298,4.654,3.854,2.323,1.716,0.938,0.556,0.335,0.347,0.152,0.053,0,0,0,0,0,0,0,0,0,0,0,0,0,0,0,0,0,0,0,0,0,0,0,0,0,0,0,0,0,0,0,0,0,0,0,0,0,3.185,4.158,5.504,7.513,8.378,9.086,9.074,7.993,8.633,8.62,8.288,8.022,8.356,10.774,12.759,14.092,16.349,16.996,14.977,14.137,13.072,11.848,11.294,11.232,11.006,12.189,14.045,14.508,16.51,18.508,20.205,23.229,25.108,26.109,27.837,25.119,24.787,22.375,19.198,17.995,16.381,13.841,11.849,10.3,8.285,7.404,5.575,4.458,3.901,2.205,1.723,1.029,0.737,0.395,0.229,0.135,0.137,0.06,0.02,0,0,0,0,0,0,0
2026-08-28 13:58:00,1,"Normal Scan","Normal Scan",0,"ON",1,1,1,737.2,5,20.4,96.8,54.2,6.96428e-08,1.82001e-05,4.97,8954.6,8.8,736.5,1,"Up Scan","Positive",254,0,4.37,1.6,8,8,0,1,1,17.942,30.667,21.224,9.647,2.064,6803.66,49,21.1,NA,0,0,0,0,0,0,0,0,0,0,0,0,0,0,0,0,0,0,0,0,0,0,0,0,0,0,0,0,0,0,0,461.586,432.496,407.965,380.863,347.131,318.325,327.442,343.834,345.044,332.825,318.994,322.728,325.716,288.366,234.833,187.595,139.779,108.784,90.589,77.854,66.69,58.894,49.948,41.365,38.575,37.977,33.396,36.225,38.391,43.485,45.316,46.597,49.036,49.655,44.871,43.604,40.968,35.37,32.16,29.483,26.9,23.613,20.214,18.983,14.569,11.929,8.822,6.479,5.132,3.539,3.036,1.815,1.382,0.837,0.701,0.592,0.306,0,0.055,0,0,0,0,0,0,0,0,0,0,0,0,0,0,0,0,0,0,0,0,0,0,0,0,0,0,0,0,0,0,0,0,0,0,0,0,3.841,5.938,8.064,10.331,12.587,14.447,16.328,20.186,25.046,29.111,32.087,34.834,39.448,44.252,43.184,38.569,33.722,27.432,23.195,20.855,19.367,17.95,17.064,15.816,14.463,14.939,15.925,15.842,17.939,19.948,22.702,24.583,25.633,27.396,27.993,26.259,25.686,24.103,21.324,19.236,17.082,15.171,13.021,10.876,9.902,7.508,6.008,4.348,3.135,2.459,1.621,1.325,0.797,0.583,0.348,0.286,0.235,0.119,0,0.02,0,0,0,0,0,0
2026-08-28 14:03:00,1,"Normal Scan","Normal Scan",0,"ON",1,1,1,737.6,5,20.9,96.8,54.2,6.97939e-08,1.82241e-05,4.97,8954.6,8.8,736.5,1,"Up Scan","Positive",254,0,4.37,1.6,8,8,0,1,1,17.09,38.318,23.532,9.647,2.408,3855.97,48,21.3,NA,0,0,0,0,0,0,0,0,0,0,0,0,0,0,0,0,0,0,0,0,0,0,0,0,0,0,0,0,0,0,0,341.228,279.311,262.435,245.532,213.494,192.956,177.218,153.915,144.092,132.623,120.743,106.69,88.422,87.496,79.041,79.923,74.617,63.054,54.457,43.905,38.614,35.933,34.282,31.701,32.957,35.715,37.067,38.731,38.656,41.87,44.644,48.823,51.36,48.565,48.741,42.527,37.114,34.171,30.175,25.714,24.136,21.755,18.773,15.15,13.524,10.807,9.388,7.587,5.654,3.777,2.144,1.605,1.076,0.693,0.766,0.246,0.153,0,0.108,0.113,0,0,0,0,0,0,0,0,0,0,0,0,0,0,0,0,0,0,0,0,0,0,0,0,0,0,0,0,0,0,0,0,0,0,0,2.864,4.381,5.203,6.618,8.053,8.874,9.853,10.88,11.148,12.082,12.769,13.176,13.074,12.101,13.21,13.111,14.451,14.672,13.51,12.65,11.18,10.799,10.916,11.388,11.583,13.06,15.265,17.211,18.869,20.074,22.223,23.839,26.199,27.649,26.906,27.386,24.631,22.031,20.23,17.8,15.226,14.05,12.287,10.213,8.002,6.879,5.359,4.549,3.695,2.623,1.687,0.967,0.722,0.47,0.286,0.309,0.098,0.06,0,0.041,0.047,0.014,0,0,0,0
2026-08-28 14:08:00,1,"Normal Scan","Normal Scan",0,"ON",1,1,1,737.3,5,20.5,96.8,53.6,6.9673e-08,1.82049e-05,4.97,8954.6,8.8,736.5,1,"Up Scan","Positive",254,0,4.37,1.6,8,8,0,1,1,22.15,52.359,30.861,9.647,2.686,3469.52,48,21.3,NA,0,0,0,0,0,0,0,0,0,0,0,0,0,0,0,0,0,0,0,0,0,0,0,0,0,0,0,0,0,0,0,226.515,183.758,179.451,173.072,160.21,154.439,143.451,120.092,117.545,112.136,85.669,75.492,70.677,63.448,59.072,56.74,59.473,52.5,46.223,41.658,41.21,40.178,42.823,44.357,43.468,50.993,52.765,61.467,59.894,59.609,59.695,63.87,66.096,65.925,61.496,61.451,58.549,51.461,44.1,40.963,37.747,34.635,28.716,25.401,23.242,17.328,14.676,9.907,7.846,6.118,3.841,2.633,1.709,1.066,1.051,0.838,0.512,0.211,0.055,0,0,0,0,0,0,0,0,0,0,0,0,0,0,0,0,0,0,0,0,0,0,0,0,0,0,0,0,0,0,0,0,0,0,0,0,2.179,2.925,3.397,4.523,5.703,6.628,7.905,8.816,8.697,9.89,10.777,9.345,9.283,9.668,9.618,9.854,10.374,11.838,11.455,11.047,10.879,11.865,12.644,14.731,16.43,17.387,21.442,23.93,28.936,29.857,31.391,32.917,35.97,37.087,37.595,36.407,36.461,34.579,31.005,26.743,24.253,21.783,19.096,15.782,13.423,11.802,8.677,7.101,4.884,3.756,2.86,1.693,1.147,0.79,0.439,0.426,0.333,0.199,0.08,0.02,0,0.059,0,0,0,0
2026-08-28 14:13:00,1,"Normal Scan","Normal Scan",0,"ON",1,1,1,737,5,20.2,96.8,53.1,6.95824e-08,1.81905e-05,4.97,8954.6,8.8,736.5,1,"Up Scan","Positive",254,0,4.37,1.6,8,8,0,1,1,27.5,54.958,33.973,9.647,2.681,4304.5,49,21.2,NA,0,0,0,0,0,0,0,0,0,0,0,0,0,0,0,0,0,0,0,0,0,0,0,0,0,0,0,0,0,0,0,240.074,239.681,225.424,208.267,195.876,156.938,137.504,116.039,107.294,108.753,111.707,94.273,81.14,69.599,57.046,54.812,49.971,44.188,44.081,47.87,63.713,63.8,62.11,74.435,76.253,73.068,82.476,75.227,62.525,79.592,106.693,121.334,135.202,135.007,121.31,95.389,79.654,73.722,69.006,60.801,52.769,39.808,27.48,20.28,16.019,12.371,8.96,7.083,5.35,4.347,2.806,1.886,1.538,0.6,0.478,0.297,0.307,0.157,0.11,0,0,0,0,0,0,0,0,0,0,0,0,0,0,0,0,0,0,0,0,0,0,0,0,0,0,0,0,0,0,0,0,0,0,0,0,2.617,3.1,4.468,5.707,6.895,8.111,8.054,8.459,8.427,9.053,10.483,12.175,11.545,11.051,10.522,9.563,10.203,10.235,9.998,11.076,13.025,18.221,19.948,20.807,26.042,29.788,32.628,39.482,40.078,37.948,44.91,55.491,62.908,70.022,70.845,64.79,52.175,43.277,39.257,36.437,32.027,27.408,20.626,14.407,10.615,8.172,6.273,4.297,3.373,2.532,2.025,1.241,0.825,0.667,0.248,0.194,0.118,0.119,0.06,0.041,0,0.016,0,0,0,0
2026-08-28 14:18:00,1,"Normal Scan","Normal Scan",0,"ON",1,1,1,736.9,5,20,96.8,53.3,6.9522e-08,1.81809e-05,4.97,8954.6,8.8,736.5,1,"Up Scan","Positive",254,0,4.37,1.6,8,8,0,1,1,22.384,35.074,25.431,22.876,2.018,6596.96,50,21.1,NA,0,0,0,0,0,0,0,0,0,0,0,0,0,0,0,0,0,0,0,0,0,0,0,0,0,0,0,0,0,0,0,179.343,203.191,222.12,219.354,243.06,247.777,268.154,283.351,302.201,328.484,361.446,369.856,382.218,375.198,365.971,294.802,226.887,173.486,143.137,127.743,115.945,93.796,68.375,56.106,49.449,51.331,56.319,55.518,54.491,56.914,56.708,60.799,56.189,57.215,52.758,48.143,43.404,40.577,34.107,31.685,26.631,20.405,18.783,15.795,12.933,11.151,8.118,7.009,5.21,3.762,3.044,2.447,1.444,0.917,0.484,0.434,0.46,0.16,0.054,0.112,0,0,0,0,0,0,0,0,0,0,0,0,0,0,0,0,0,0,0,0,0,0,0,0,0,0,0,0,0,0,0,0,0,0,0,2.097,2.316,3.784,5.618,7.292,10.197,12.776,16.618,20.631,25.639,31.864,39.655,45.377,52.054,56.337,60.245,53.089,44.45,36.837,32.819,31.522,30.886,27.235,21.791,19.684,19.08,21.269,24.641,25.757,26.712,28.774,29.555,32.154,30.69,31.305,29.543,27.07,24.801,23.116,19.877,17.899,14.977,11.747,10.224,8.523,6.901,5.731,4.06,3.339,2.517,1.754,1.395,1.085,0.678,0.382,0.197,0.173,0.179,0.06,0.02,0.041,0.066,0,0,0,0
2026-08-28 14:23:00,1,"Normal Scan","Normal Scan",0,"ON",1,1,1,736.8,5,19.9,96.8,54.1,6.94918e-08,1.81761e-05,4.97,8954.6,8.8,736.5,1,"Up Scan","Positive",254,0,4.37,1.6,8,8,0,1,1,22.569,38.326,26.364,21.288,2.169,4885.7,53,21,NA,0,0,0,0,0,0,0,0,0,0,0,0,0,0,0,0,0,0,0,0,0,0,0,0,0,0,0,0,0,0,0,203.11,180.445,196.068,186.944,194.195,182.635,193.681,198.311,204.103,207.378,211.115,224.031,205.773,209.077,199.981,203.051,176.487,159.635,134.051,109.216,83.847,66.698,53.895,48.324,46.192,43.47,42.31,41.295,43.285,43.074,49.603,53.887,52.978,53.289,53.868,46.995,44.457,37.535,34.749,29.506,24.128,20.587,19.05,16.649,13.245,11.606,9.173,7.561,4.967,3.906,2.113,1.543,1.122,0.628,0.255,0.296,0.102,0.053,0.11,0.056,0,0,0,0,0,0,0,0,0,0,0,0,0,0,0,0,0,0,0,0,0,0,0,0,0,0,0,0,0,0,0,0,0,0,0,1.952,2.652,3.384,4.966,6.234,8.113,9.386,11.933,14.495,17.234,20.07,23.187,27.576,28.224,31.642,33.165,36.654,34.58,33.808,30.656,27.015,22.487,19.438,17.078,16.819,17.424,18.137,19.393,20.225,22.295,23.475,26.603,29.048,29.293,29.386,29.722,26.492,25.472,22.049,19.971,17.018,13.902,11.649,10.33,8.644,6.727,5.782,4.397,3.548,2.333,1.762,0.936,0.7,0.508,0.261,0.104,0.118,0.04,0.02,0.041,0.021,0.033,0,0,0,0
2026-08-28 14:28:00,1,"Normal Scan","Normal Scan",0,"ON",1,1,1,736.9,5,20,96.8,55,6.9522e-08,1.81809e-05,4.97,8954.6,8.8,736.5,1,"Up Scan","Positive",254,0,4.37,1.6,8,8,0,1,1,22.846,42.774,27.672,9.647,2.366,3408.53,55,21,NA,0,0,0,0,0,0,0,0,0,0,0,0,0,0,0,0,0,0,0,0,0,0,0,0,0,0,0,0,0,0,0,210.515,171.954,160.384,143.607,135.815,125.743,118.237,107.18,114.587,122.323,118.041,117.978,124.788,129.381,120.329,110.716,96.492,70.477,62.559,61.986,58.583,52.112,46.342,41.695,41.594,41.982,39.501,40.101,41.659,42.707,45.415,49.69,50.614,51.377,47.362,41.881,37.87,34.179,31.182,28.325,22.005,20.385,15.252,12.631,12.059,9.082,8.305,6.567,4.472,3.344,2.488,1.758,1.117,0.694,0.237,0.444,0.153,0.105,0.109,0.056,0,0,0,0,0,0,0,0,0,0,0,0,0,0,0,0,0,0,0,0,0,0,0,0,0,0,0,0,0,0,0,0,0,0,0,1.972,2.726,3.198,4.074,4.747,5.649,6.455,7.272,7.803,9.676,11.85,12.957,14.527,17.038,19.5,19.941,20.069,19.032,15.195,14.638,15.68,16,15.427,14.903,14.724,15.944,17.337,17.858,19.802,21.145,22.46,24.331,26.241,27.61,28.274,26.148,23.948,21.495,19.533,17.963,15.956,12.739,11.323,8.404,6.836,6.252,4.595,4.075,3.075,2.104,1.545,1.113,0.779,0.47,0.286,0.097,0.177,0.06,0.04,0.041,0.021,0,0,0,0,0
2026-08-28 14:33:00,1,"Normal Scan","Normal Scan",0,"ON",1,1,1,737.2,5,20.4,96.8,56.5,6.96428e-08,1.82001e-05,4.97,8954.6,8.8,736.5,1,"Up Scan","Positive",254,0,4.37,1.6,8,8,0,1,1,20.186,46.585,27.818,9.647,2.602,2911.28,55,21.2,NA,0,0,0,0,0,0,0,0,0,0,0,0,0,0,0,0,0,0,0,0,0,0,0,0,0,0,0,0,0,0,0,230.574,211.163,190.38,149.733,132.315,123.305,106.788,96.439,83.224,78.615,71.182,67.886,62.858,57.492,57.885,56.756,48.892,44.591,41.55,41.49,35.598,37.47,35.039,36.293,38.215,37.963,34.209,38.538,46.793,47.598,48.379,57.832,54.644,50.264,45.607,42.969,36.089,37.596,30.908,27.88,23.418,20.054,18.321,17.338,13.555,13.109,9.005,7.536,4.861,3.372,2.762,1.852,0.987,0.69,0.57,0.444,0.358,0.053,0,0,0,0,0,0,0,0,0,0,0,0,0,0,0,0,0,0,0,0,0,0,0,0,0,0,0,0,0,0,0,0,0,0,0,0,0,2.21,2.976,3.918,4.817,4.927,5.489,6.312,6.554,6.99,6.995,7.586,7.792,8.342,8.608,8.728,9.65,10.328,9.755,9.708,9.859,10.726,10.038,11.277,11.723,13.405,14.927,16.443,16.546,19.144,23.091,24.448,25.147,30.309,29.073,28.174,25.867,24.759,21.524,22.078,18.433,16.599,13.542,11.43,9.895,9.111,6.987,6.443,4.365,3.605,2.333,1.562,1.222,0.797,0.451,0.286,0.232,0.176,0.139,0.02,0,0,0.03,0,0,0,0
2026-08-28 14:38:00,1,"Normal Scan","Normal Scan",0,"ON",1,1,1,737,5,20.1,96.8,57.1,6.95522e-08,1.81857e-05,4.97,8954.6,8.8,736.5,1,"Up Scan","Positive",254,0,4.37,1.6,8,8,0,1,1,20.634,36.42,25.145,15.963,2.147,6428.24,53,21.1,NA,0,0,0,0,0,0,0,0,0,0,0,0,0,0,0,0,0,0,0,0,0,0,0,0,0,0,0,0,0,0,0,277.756,265.876,229.054,249.189,289.111,297.932,290.265,330.045,323.801,322.811,321.791,296.558,265.759,241.17,211.904,180.336,166.647,162.882,151.281,124.417,98.604,88.901,77.193,70.025,64.812,62.67,64.729,62.737,62.905,62.699,67.548,66.528,69.736,68.115,63.847,56.043,53.014,46.7,38.849,30.339,28.1,23.492,18.859,18.264,13.457,13.18,10.22,8.52,5.562,4.165,3.178,2.302,1.586,0.578,0.91,0.496,0.359,0.211,0.108,0.112,0,0,0,0,0,0,0,0,0,0,0,0,0,0,0,0,0,0,0,0,0,0,0,0,0,0,0,0,0,0,0,0,0,0,0,2.958,3.572,4.993,5.817,8.278,12.098,15.279,17.904,23.992,27.322,31.182,35.118,36.315,36.267,36.425,35.133,32.714,32.916,34.812,34.841,31.047,26.782,26.085,24.677,24.295,24.45,25.715,28.33,29.429,31.199,32.145,35.088,35.664,37.019,36.357,34.834,31.306,29.464,26.657,22.309,17.962,16.129,13.342,10.432,9.724,7.093,6.673,4.939,4.137,2.679,1.946,1.46,1.02,0.686,0.238,0.368,0.196,0.139,0.08,0.041,0.041,0.016,0,0,0,0
2026-08-28 14:43:00,1,"Normal Scan","Normal Scan",0,"ON",1,1,1,736.8,5,19.9,96.8,56.8,6.94918e-08,1.81761e-05,4.97,8954.6,8.8,736.5,1,"Up Scan","Positive",254,0,4.37,1.6,8,8,0,1,1,20.973,35.922,24.584,9.647,2.166,6005.95,52,21,NA,0,0,0,0,0,0,0,0,0,0,0,0,0,0,0,0,0,0,0,0,0,0,0,0,0,0,0,0,0,0,0,355.498,322.053,293.902,267.772,239.433,226.982,227.865,244.412,249.337,249.576,257.747,247.013,236.614,233.793,226.07,204.232,184.473,171.375,151.904,135.787,111.373,94.389,76.981,64.368,50.49,50.14,49.961,51.4,49.948,47.896,49.528,54.236,56.09,56.814,52.385,49.489,47.553,39.718,39.518,31.732,29.768,24.513,20.409,17.627,14.679,12.421,10.166,7.53,6.353,4.192,3.146,1.727,1.209,0.83,0.764,0.346,0.254,0,0.055,0.113,0,0,0,0,0,0,0,0,0,0,0,0,0,0,0,0,0,0,0,0,0,0,0,0,0,0,0,0,0,0,0,0,0,0,0,2.751,4.607,6.027,7.5,8.818,9.97,11.66,14.047,17.749,21.105,24.153,28.236,30.34,32.418,35.363,37.524,37.049,36.36,36.555,34.875,33.457,29.663,27.218,24.082,21.821,19.114,20.31,22.163,24.225,25.124,25.397,27.244,29.642,31.192,31.76,30,28.569,27.354,23.29,22.692,18.425,16.82,13.822,11.103,9.438,7.512,6.179,4.927,3.674,2.988,1.887,1.374,0.775,0.544,0.344,0.31,0.137,0.099,0,0.02,0.041,0.017,0,0,0,0
2026-08-28 14:48:00,1,"Normal Scan","Normal Scan",0,"ON",1,1,1,736.7,5,19.8,96.8,56.7,6.94616e-08,1.81713e-05,4.97,8954.6,8.8,736.5,1,"Up Scan","Positive",254,0,4.37,1.6,8,8,0,1,1,19.695,34.132,23.352,9.647,2.12,6358.1,52,20.9,NA,0,0,0,0,0,0,0,0,0,0,0,0,0,0,0,0,0,0,0,0,0,0,0,0,0,0,0,0,0,0,0,334.07,329.62,327.428,284.52,305.359,286.148,290.571,303.261,295.243,306.42,290.036,282.76,278.123,266.767,225.172,202.774,180.937,158.636,138.71,108.943,95.538,77.104,60.853,55.861,50.367,42.968,42.355,42.865,42.424,44.211,49.161,49.612,54.367,52.525,53.789,44.619,43.795,36.001,32.833,28.011,27.264,23.297,20.489,16.189,14.783,14.312,11.235,10.39,7.03,4.941,4.693,2.276,1.712,1.289,1.049,0.597,0.763,0.423,0.218,0.393,0,0,0,0,0,0,0,0,0,0,0,0,0,0,0,0,0,0,0,0,0,0,0,0,0,0,0,0,0,0,0,0,0,0,0,3.353,4.344,6.127,8.348,9.423,12.661,14.703,17.925,22.032,24.943,29.595,31.714,34.684,37.978,40.199,37.228,36.645,35.523,33.694,31.828,27.028,25.441,22.235,19.145,19.058,18.809,17.864,19.203,20.755,22.018,23.563,26.378,27.163,29.698,28.982,30.259,26.405,25.692,21.739,19.94,17.293,16.536,13.768,11.508,9.303,7.921,7.334,5.651,5.088,3.451,2.372,2.154,1.112,0.79,0.535,0.426,0.236,0.297,0.161,0.081,0.144,0.067,0,0,0,0
2026-08-28 14:53:00,1,"Normal Scan","Normal Scan",0,"ON",1,1,1,737.2,5,20.4,96.8,56.2,6.96428e-08,1.82001e-05,4.97,8954.6,8.8,736.5,1,"Up Scan","Positive",254,0,4.37,1.6,8,8,0,1,1,23.113,32.663,23.732,9.647,2.014,10654.6,52,21.1,NA,0,0,0,0,0,0,0,0,0,0,0,0,0,0,0,0,0,0,0,0,0,0,0,0,0,0,0,0,0,0,0,614.031,526.886,520.133,474.828,495.338,463.175,441.662,401.598,327.957,293.189,282.013,267.303,350.182,474.336,521.822,570.547,556.803,483.741,395.764,346.811,288.202,208.568,147.756,109.093,85.213,69.582,62.249,57.621,49.791,54.241,56.61,59.852,57.094,56.308,49.127,42.286,37.101,38.753,38.28,39.676,39.067,41.533,36.342,25.899,21.435,17.154,14.031,10.626,7.059,5.535,5.049,3.767,1.822,2.627,1.956,1.58,1.125,1.158,0.705,0.62,0,0,0,0,0,0,0,0,0,0,0,0,0,0,0,0,0,0,0,0,0,0,0,0,0,0,0,0,0,0,0,0,0,0,0,5.7,7.88,9.85,13.199,15.676,20.632,23.763,27.134,29.095,27.817,28.608,31.406,33.643,48.818,72.148,86.933,103.329,109.001,102.108,89.831,84.531,75.054,58.383,44.497,35.461,30.363,27.221,26.575,26.398,24.903,27.202,29.213,32.012,32.82,33.092,31.14,29.183,26.338,25.1,23.904,23.902,22.66,22.398,19.546,14.271,11.577,8.976,7.454,5.559,3.74,2.891,2.493,1.777,0.987,1.087,0.793,0.627,0.437,0.442,0.264,0.226,0.15,0,0,0,0
2026-08-28 14:58:00,1,"Normal Scan","Normal Scan",0,"ON",1,1,1,737.3,5,20.5,96.8,56.6,6.9673e-08,1.82049e-05,4.97,8954.6,8.8,736.5,1,"Up Scan","Positive",254,0,4.37,1.6,8,8,0,1,1,19.95,29.616,21.998,9.647,1.945,9287.56,51,21.2,NA,0,0,0,0,0,0,0,0,0,0,0,0,0,0,0,0,0,0,0,0,0,0,0,0,0,0,0,0,0,0,0,556.756,514.778,450.845,439.887,405.394,395.663,374.876,394.953,404.122,447.15,446.647,431.945,417.208,426.384,413.196,386.8,342.042,300.329,249.943,197.951,156.702,122.603,86.18,68.746,57.039,45.498,41.591,41.363,40.981,44.505,47.532,52.005,56.526,52.72,50.209,45.488,41.896,38.799,30.815,27.256,25.213,20.964,18.507,15.317,14.047,11.857,9.741,7.734,5.892,4.596,3.098,1.827,1.247,0.693,0.525,0.394,0.204,0.157,0.054,0.168,0,0,0,0,0,0,0,0,0,0,0,0,0,0,0,0,0,0,0,0,0,0,0,0,0,0,0,0,0,0,0,0,0,0,0,5.499,7.184,9.563,11.385,14.498,16.846,20.339,23.139,28.732,34.208,43.307,48.964,53.1,57.121,64.388,68.34,69.71,66.9,63.347,56.79,48.341,41.046,34.431,26.363,22.865,20.841,18.691,19.175,20.327,21.329,23.354,25.76,28.332,29.885,28.979,28.161,25.992,24.251,22.36,18.595,16.209,14.506,12.225,10.24,8.339,7.221,5.922,4.687,3.743,2.753,2.109,1.368,0.834,0.527,0.286,0.213,0.157,0.079,0.06,0.02,0.062,0,0,0,0,0
2026-08-28 15:03:00,1,"Normal Scan","Normal Scan",0,"ON",1,1,1,737,5,20.2,96.8,56.2,6.95824e-08,1.81905e-05,4.97,8954.6,8.8,736.5,1,"Up Scan","Positive",254,0,4.37,1.6,8,8,0,1,1,20.461,30.246,22.464,21.288,1.939,9153.35,51,21.1,NA,0,0,0,0,0,0,0,0,0,0,0,0,0,0,0,0,0,0,0,0,0,0,0,0,0,0,0,0,0,0,0,438.711,391.917,410.136,407.802,420.751,405.484,388.107,428.765,431.312,425.389,456.136,503.554,489.238,473.844,443.369,395.095,339.246,271.957,224.469,176.099,123.574,86.334,64.798,48.715,45.507,40.691,40.772,42.806,49.527,50.376,55.181,59.166,61.729,59.999,55.304,52.883,43.956,41.379,35.144,30.351,25.851,21.761,19.843,16.488,14.968,10.065,9.853,7.551,5.122,3.885,2.695,2.203,1.163,0.785,0.523,0.295,0.409,0.265,0.054,0,0,0,0,0,0,0,0,0,0,0,0,0,0,0,0,0,0,0,0,0,0,0,0,0,0,0,0,0,0,0,0,0,0,0,0,4.641,5.663,7.332,10.39,13.521,17.612,20.807,23.989,31.222,36.46,41.223,50.077,61.803,66.772,71.304,73.091,70.957,65.99,57.204,50.804,42.921,32.467,24.718,20.366,17.173,17.725,17.593,19.254,21.538,25.296,26.541,29.292,31.453,33.011,32.754,30.675,29.372,25.472,23.747,20.427,17.378,14.977,12.272,10.793,8.689,7.734,5.108,4.808,3.617,2.409,1.832,1.236,0.947,0.525,0.324,0.213,0.118,0.159,0.1,0.02,0,0.032,0,0,0,0
2026-08-28 15:08:00,1,"Normal Scan","Normal Scan",0,"ON",1,1,1,736.9,5,20,96.8,56,6.9522e-08,1.81809e-05,4.97,8954.6,8.8,736.5,1,"Up Scan","Positive",254,0,4.37,1.6,8,8,0,1,1,17.003,33.274,21.79,9.647,2.213,5120.75,52,21.1,NA,0,0,0,0,0,0,0,0,0,0,0,0,0,0,0,0,0,0,0,0,0,0,0,0,0,0,0,0,0,0,0,427.533,396.385,310.879,303.621,291.41,275.58,245.529,235.622,205.252,221.224,206.029,184.813,141.802,111.488,93.885,105.028,112.624,113.456,97.739,82.983,63.942,52.235,42.186,41.902,40.099,37.74,36.855,35.928,37.87,43.196,47.067,44.88,47.486,48.543,42.714,40.52,38.439,33.256,27.113,24.397,21.133,20.374,15.884,15.557,14.352,9.863,8.85,7.132,5.704,3.62,3.287,2.079,1.429,0.785,0.478,0.394,0.308,0.159,0,0.112,0,0,0,0,0,0,0,0,0,0,0,0,0,0,0,0,0,0,0,0,0,0,0,0,0,0,0,0,0,0,0,0,0,0,0,4.328,5.564,7.407,7.87,10.015,12.136,14.145,15.106,17.087,17.275,21.257,22.475,22.622,19.42,16.935,15.756,19.142,22.183,24.093,22.48,20.635,17.272,15.314,13.556,14.656,15.461,15.921,16.656,17.873,19.366,22.21,24.819,24.413,25.755,26.396,24.262,23.448,22.002,19.951,16.601,14.557,12.493,11.553,8.998,8.488,7.414,5.068,4.316,3.444,2.641,1.688,1.472,0.927,0.602,0.325,0.194,0.157,0.119,0.06,0,0.041,0,0,0,0,0
2026-08-28 15:13:00,1,"Normal Scan","Normal Scan",0,"ON",1,1,1,736.8,5,19.9,96.8,56.1,6.94918e-08,1.81761e-05,4.97,8954.6,8.8,736.5,1,"Up Scan","Positive",254,0,4.37,1.6,8,8,0,1,1,18.429,31.179,21.743,9.647,2.072,6068.41,52,21,NA,0,0,0,0,0,0,0,0,0,0,0,0,0,0,0,0,0,0,0,0,0,0,0,0,0,0,0,0,0,0,0,456.232,394.944,349.878,300.717,273.748,265.982,285.932,299.997,274.057,277.747,262.884,252.537,233.876,226.179,205.884,191.215,166.58,154.644,128.841,107.957,87.686,63.748,50.075,42.173,36.677,37.332,33.44,37.012,37.298,39.191,41.531,42.124,41.931,42.254,40.604,38.081,38.096,32.936,28.703,25.782,20.058,19.959,15.4,13.356,11.895,9.783,8.721,6.8,4.208,3.933,2.555,2.095,1.157,0.828,0.19,0.326,0.429,0.053,0.109,0.056,0,0,0,0,0,0,0,0,0,0,0,0,0,0,0,0,0,0,0,0,0,0,0,0,0,0,0,0,0,0,0,0,0,0,0,4.805,5.875,7.358,8.892,9.93,11.397,13.679,17.635,21.798,23.126,26.83,28.761,30.99,31.973,34.171,34.093,34.552,32.643,32.712,29.391,26.522,23.284,18.401,15.769,14.662,14.053,15.434,15.306,17.503,19.011,20.486,22.181,23.309,23.527,23.757,23.022,22.137,21.723,19.155,16.693,15.031,11.985,11.229,8.618,7.126,6.289,4.966,4.257,3.174,2.011,1.833,1.155,0.922,0.489,0.344,0.077,0.129,0.167,0.02,0.041,0.021,0,0,0,0,0
2026-08-28 15:18:00,1,"Normal Scan","Normal Scan",0,"ON",1,1,1,736.7,5,19.8,96.8,56.2,6.94616e-08,1.81713e-05,4.97,8954.6,8.8,736.5,1,"Up Scan","Positive",254,0,4.37,1.6,8,8,0,1,1,16.311,28.946,19.889,9.647,2.065,6266.67,52,21,NA,0,0,0,0,0,0,0,0,0,0,0,0,0,0,0,0,0,0,0,0,0,0,0,0,0,0,0,0,0,0,0,564.082,523.818,437.298,382.947,350.268,318.073,307.287,318.053,292.673,293.26,264.767,231.686,212.325,205.234,177.37,153.201,124.819,102.534,75.76,62.723,51.206,47.146,37.767,38.663,35.742,35.043,36.05,34.535,36.139,34.523,36.744,39.598,41.016,39.937,41.809,38.431,39.378,31.875,27.616,25.404,22.397,18.372,15.261,13.024,11.71,9.27,7.759,6.207,5.133,3.816,2.16,1.796,0.939,0.69,0.713,0.149,0.202,0,0.217,0.056,0,0,0,0,0,0,0,0,0,0,0,0,0,0,0,0,0,0,0,0,0,0,0,0,0,0,0,0,0,0,0,0,0,0,0,5.18,7.306,9.743,11.037,12.645,14.548,16.324,18.938,23.091,24.703,28.325,28.889,28.383,28.911,30.809,29.211,27.557,24.436,21.765,17.517,15.712,13.975,13.925,12.231,13.497,13.483,14.443,15.907,16.668,18.415,18.705,20.589,22.211,22.828,22.826,23.77,22.047,22.182,18.479,16.318,14.655,12.728,10.428,8.625,6.996,6.078,4.606,3.875,2.958,2.399,1.698,1.004,0.797,0.395,0.286,0.29,0.059,0.079,0,0.081,0.021,0,0,0,0,0
2026-08-28 15:23:00,1,"Normal Scan","Normal Scan",0,"ON",1,1,1,736.7,5,19.8,96.8,56.3,6.94616e-08,1.81713e-05,4.97,8954.6,8.8,736.5,1,"Up Scan","Positive",254,0,4.37,1.6,8,8,0,1,1,17.771,27.441,20.315,9.647,1.938,7404.52,52,20.9,NA,0,0,0,0,0,0,0,0,0,0,0,0,0,0,0,0,0,0,0,0,0,0,0,0,0,0,0,0,0,0,0,573.763,511.465,430.761,419.343,383.822,352.603,343.546,345.521,347.947,337.211,342.626,306.641,298.851,280.956,276.465,261.68,232.914,186.638,140.448,114.018,97.707,74.519,53.889,47.244,38.795,37.405,34.582,32.12,35.048,37.528,33.703,39.242,39.002,39.291,36.096,37.14,34.01,30.502,23.693,20.793,15.851,17.016,11.776,11.925,8.699,8.024,6.704,5.153,3.037,2.616,1.611,0.949,0.72,0.416,0.15,0.242,0.102,0,0,0,0,0,0,0,0,0,0,0,0,0,0,0,0,0,0,0,0,0,0,0,0,0,0,0,0,0,0,0,0,0,0,0,0,0,0,5.449,7.357,9.534,10.939,13.844,15.991,18.123,21.194,25.075,29.403,32.651,37.465,37.708,40.852,42.344,45.66,47.17,45.492,39.32,32.07,28.021,25.834,21.277,16.692,16.089,14.542,15.062,15.295,15.612,17.627,19.326,18.687,21.452,21.373,21.497,19.872,20.878,18.846,17.282,13.574,11.967,9.512,9.11,6.436,6.186,4.403,3.959,3.195,2.422,1.45,1.176,0.704,0.408,0.339,0.172,0.06,0.096,0.04,0,0,0,0.034,0,0,0,0
2026-08-28 15:28:00,1,"Normal Scan","Normal Scan",0,"ON",1,1,1,736.7,5,19.7,96.8,56.4,6.94314e-08,1.81665e-05,4.97,8954.6,8.8,736.5,1,"Up Scan","Positive",254,0,4.37,1.6,8,8,0,1,1,19.954,29.277,22.08,17.154,1.907,6197.08,51,20.9,NA,0,0,0,0,0,0,0,0,0,0,0,0,0,0,0,0,0,0,0,0,0,0,0,0,0,0,0,0,0,0,0,282.604,287.789,267.108,297.859,281.79,290.198,286.02,311.817,317.195,305.056,293.461,289.518,287.507,288.391,292.121,290.213,249.481,213.308,159.41,115.577,88.231,60.974,45.797,35.933,34.967,32.234,30.509,27.458,29.248,27.125,28.813,30.436,31.909,32.309,34.427,33.736,30.51,27.234,22.357,20.765,15.588,13.847,11.837,9.132,8.622,7.293,5.297,4.136,3.45,1.871,1.842,1.377,0.445,0.46,0.333,0,0.102,0.053,0,0,0,0,0,0,0,0,0,0,0,0,0,0,0,0,0,0,0,0,0,0,0,0,0,0,0,0,0,0,0,0,0,0,0,0,0,2.772,3.61,5.39,6.785,9.824,11.768,14.9,17.672,22.684,26.774,29.543,32.253,35.601,39.42,43.523,48.192,52.16,48.505,44.808,36.094,28.291,23.296,17.431,14.235,12.29,12.83,12.852,13.245,13.308,14.825,15.091,16.346,17.336,17.933,18.342,18.961,18.712,17.089,15.197,12.987,11.649,8.826,7.696,6.411,4.837,4.491,3.544,2.584,1.956,1.566,0.863,0.803,0.593,0.188,0.191,0.136,0,0.04,0.02,0,0,0,0,0,0,0
2026-08-28 15:33:00,1,"Normal Scan","Normal Scan",0,"ON",1,1,1,736.6,5,19.6,96.8,56.2,6.94012e-08,1.81617e-05,4.97,8954.6,8.8,736.5,1,"Up Scan","Positive",254,0,4.37,1.6,8,8,0,1,1,22.13,29.137,23.011,24.582,1.834,7635.65,51,20.8,NA,0,0,0,0,0,0,0,0,0,0,0,0,0,0,0,0,0,0,0,0,0,0,0,0,0,0,0,0,0,0,0,281.622,326.061,301.998,307.124,307.338,338.163,295.508,279.429,281.605,322.421,362.255,401.915,421.643,425.676,406.909,373.057,359.084,339.967,267.838,201.46,161.334,122.47,92.747,66.802,48.93,43.838,38.068,35.343,33.382,31.706,29.095,28.49,30.441,31.249,31.005,31.415,30.366,25.175,22.142,18.921,16.142,13.627,11.574,8.987,8.031,6.222,4.487,3.676,3.335,2.056,1.386,1.003,0.451,0.231,0.189,0.05,0.051,0,0.054,0.112,0,0,0,0,0,0,0,0,0,0,0,0,0,0,0,0,0,0,0,0,0,0,0,0,0,0,0,0,0,0,0,0,0,0,0,2.626,3.672,6.098,7.646,10.181,12.841,17.362,18.253,20.411,23.941,31.348,39.87,49.64,57.908,64.408,67.383,67.365,70.232,71.714,60.718,49.077,42.173,34.272,27.964,21.799,17.311,16.768,15.847,15.792,16.203,16.561,16.179,16.365,17.137,17.656,17.452,17.548,16.848,14.118,12.599,10.624,8.892,7.454,6.252,4.684,4.109,3.036,2.161,1.73,1.539,0.917,0.621,0.464,0.207,0.095,0.077,0.02,0.02,0,0.02,0.041,0.017,0,0,0,0
2026-08-28 15:38:00,1,"Normal Scan","Normal Scan",0,"ON",1,1,1,737.3,5,20.4,96.9,55.7,6.95709e-08,1.82001e-05,4.97,8954.6,8.8,736.5,1,"Up Scan","Positive",254,0,4.37,1.6,8,8,0,1,1,22.592,30.296,23.591,24.582,1.864,7640.42,50,21,NA,0,0,0,0,0,0,0,0,0,0,0,0,0,0,0,0,0,0,0,0,0,0,0,0,0,0,0,0,0,0,0,317.164,289.967,263.408,252.344,277.747,320.599,308.45,295.947,289.303,299.38,354.937,410.671,453.011,466.782,446.559,416.394,354.103,293.858,232.23,187.044,145.552,110.243,87.784,67.241,55.279,46.65,46.229,43.735,42.914,38.274,39.868,37.57,38.123,35.664,38.244,35.056,32.765,29.093,25.181,22.912,17.213,16.602,13.125,10.826,8.407,6.953,4.785,4.464,2.429,2.493,1.174,1.207,0.758,0.739,0.239,0.247,0.154,0.053,0.166,0.112,0,0,0,0,0,0,0,0,0,0,0,0,0,0,0,0,0,0,0,0,0,0,0,0,0,0,0,0,0,0,0,0,0,0,0,2.958,4.095,5.44,6.71,8.336,11.605,16.476,18.997,21.595,24.566,29.161,39.151,50.647,61.95,70.286,73.75,74.921,69.091,62.016,52.8,45.713,38.247,31.289,26.832,22.371,19.854,18.317,19.357,19.48,20.412,19.746,21.107,20.501,21.13,20.267,21.077,19.728,18.296,16.495,13.861,12.725,9.686,8.84,7.005,5.577,4.374,3.505,2.438,2.146,1.178,1.15,0.529,0.6,0.332,0.305,0.097,0.098,0.06,0.02,0.061,0.041,0.029,0,0,0,0
2026-08-28 15:43:00,1,"Normal Scan","Normal Scan",0,"ON",1,1,1,737,5,20.1,96.8,55.8,6.95522e-08,1.81857e-05,4.97,8954.6,8.8,736.5,1,"Up Scan","Positive",254,0,4.37,1.6,8,8,0,1,1,22.994,35.292,25.448,22.876,2.032,5129.72,50,21,NA,0,0,0,0,0,0,0,0,0,0,0,0,0,0,0,0,0,0,0,0,0,0,0,0,0,0,0,0,0,0,0,184.894,190.162,172.64,172.806,167.418,191.938,205.552,212.533,214.936,202.395,220.296,263.797,298.798,298.075,277.061,252.548,209.479,164.634,136.793,111.676,87.716,70.91,55.276,49.69,48.772,45.343,43.972,41.659,42.59,38.602,38.96,35.407,33.221,33.435,35.872,39.642,35.466,32.307,27.717,26.702,22.734,17.368,16.806,13.272,10.393,7.962,7.913,5.399,4.538,3.592,2.036,1.785,1.308,0.6,0.717,0.447,0.514,0.265,0.329,0.057,0,0,0,0,0,0,0,0,0,0,0,0,0,0,0,0,0,0,0,0,0,0,0,0,0,0,0,0,0,0,0,0,0,0,0,1.993,2.378,3.51,4.353,5.69,7.008,9.857,12.701,15.511,18.221,19.671,24.301,32.5,40.797,44.841,45.703,45.419,40.918,34.835,31.3,27.638,23.518,20.614,17.487,17.066,17.718,17.837,18.242,18.623,20.212,19.945,21.289,20.281,19.671,20.19,21.11,22.232,20.724,18.567,15.959,15.057,12.901,9.817,9.29,7.065,5.537,4.207,3.911,2.672,2.223,1.743,0.989,0.812,0.602,0.248,0.29,0.176,0.199,0.1,0.122,0.021,0.033,0,0,0,0
2026-08-28 15:48:00,1,"Normal Scan","Normal Scan",0,"ON",1,1,1,736.9,5,19.9,96.9,55.3,6.94201e-08,1.81761e-05,4.97,8954.6,8.8,736.5,1,"Up Scan","Positive",254,0,4.37,1.6,8,8,0,1,1,18.396,33.77,23.021,10.366,2.173,4313.51,50,21,NA,0,0,0,0,0,0,0,0,0,0,0,0,0,0,0,0,0,0,0,0,0,0,0,0,0,0,0,0,0,0,0,291.542,294.919,265.262,224.709,221.661,205.649,190.358,209.467,183.507,153.75,134.518,132.811,118.842,115.161,113.29,121.965,115.596,115.189,114.079,98.197,80.008,61.243,50.625,46.483,42.807,38.161,42.494,44.96,40.564,39.104,33.776,33.156,31.812,33.358,33.823,36.35,32.566,30.855,27.844,20.523,17.057,14.956,14.956,11.084,8.178,7.329,5.697,3.822,3.109,2.185,1.636,0.87,0.675,0.276,0.286,0.197,0.051,0.053,0.109,0,0,0,0,0,0,0,0,0,0,0,0,0,0,0,0,0,0,0,0,0,0,0,0,0,0,0,0,0,0,0,0,0,0,0,0,3.021,3.773,5.499,6.726,7.405,9.241,10.55,11.743,15.215,15.419,14.833,14.784,16.381,16.367,17.591,19.016,22.236,22.82,24.561,26.187,24.333,21.379,17.969,16.279,15.994,15.818,15.182,17.604,19.588,19.2,19.965,18.638,18.846,18.909,19.008,19.016,20.113,18.708,17.178,15.295,11.613,9.621,8.103,7.812,5.763,4.163,3.632,2.731,1.824,1.459,0.988,0.73,0.389,0.301,0.115,0.116,0.078,0.02,0.02,0.041,0,0.016,0,0,0,0
2026-08-28 15:53:00,1,"Normal Scan","Normal Scan",0,"ON",1,1,1,736.6,5,19.6,96.8,55.2,6.94012e-08,1.81617e-05,4.97,8954.6,8.8,736.5,1,"Up Scan","Positive",254,0,4.37,1.6,8,8,0,1,1,19.631,31.016,22.136,9.647,2.041,4661.56,50,20.9,NA,0,0,0,0,0,0,0,0,0,0,0,0,0,0,0,0,0,0,0,0,0,0,0,0,0,0,0,0,0,0,0,348.242,287.439,248.617,225.076,220.531,200.216,190.51,180.719,178.845,184.094,186.483,202.405,220.54,208.821,182.017,167.564,157.049,124.885,103.627,85.176,73.062,59.085,48.032,41.966,39.911,37.76,33.944,31.47,28.222,26.986,25.538,25.101,25.805,25.358,26.988,29.56,26.297,24.216,22.097,19.189,15.875,14.601,12.312,10.609,9.199,7.681,5.154,4.105,2.931,1.782,1.334,0.698,0.675,0.461,0.333,0.1,0.102,0.053,0,0.113,0,0,0,0,0,0,0,0,0,0,0,0,0,0,0,0,0,0,0,0,0,0,0,0,0,0,0,0,0,0,0,0,0,0,0,2.648,4.506,5.388,6.302,7.432,9.175,10.284,11.735,13.177,15.111,17.847,20.482,24.954,30.112,31.454,30.089,30.294,30.764,26.498,23.774,21.138,19.603,17.098,14.928,14.092,14.224,14.446,14.032,14.094,13.671,14.281,14.533,14.578,15.295,15.193,15.832,17.018,15.233,14.147,12.791,10.89,8.972,7.986,6.482,5.464,4.555,3.805,2.516,1.966,1.362,0.827,0.584,0.315,0.301,0.191,0.136,0.039,0.04,0.02,0,0.041,0,0,0,0,0
2026-08-28 15:58:00,1,"Normal Scan","Normal Scan",0,"ON",1,1,1,736.8,5,19.8,96.9,54.8,6.93899e-08,1.81713e-05,4.97,8954.6,8.8,736.5,1,"Up Scan","Positive",254,0,4.37,1.6,8,8,0,1,1,19.63,28.786,21.703,9.647,1.903,6173.64,50,20.8,NA,0,0,0,0,0,0,0,0,0,0,0,0,0,0,0,0,0,0,0,0,0,0,0,0,0,0,0,0,0,0,0,340.358,307.109,284.1,285.852,280.131,272.497,276.884,288.797,321.656,322.763,299.264,295.499,293.736,286.13,265.922,252.881,236.1,199.885,154.666,119.258,90.381,67.816,54.928,47.014,41.769,40.191,36.156,30.965,27.715,23.448,24.155,24.931,23.422,25.208,24.261,23.277,23.789,22.238,20.612,19.094,17.606,16.293,13.51,11.746,10.706,8.975,6.048,5.191,3.385,1.873,1.197,0.805,0.533,0.508,0.143,0,0.051,0.053,0.163,0,0,0,0,0,0,0,0,0,0,0,0,0,0,0,0,0,0,0,0,0,0,0,0,0,0,0,0,0,0,0,0,0,0,0,0,3.27,4.419,5.724,7.224,9.463,11.655,14.016,17.111,21.031,27.161,31.24,32.799,36.372,40.229,43.181,43.948,45.529,46.064,42.135,35.216,29.316,24.045,19.475,16.933,15.513,14.695,15.187,14.625,13.701,13.332,12.411,13.353,14.468,14.077,15.154,15.027,14.635,14.491,13.526,12.541,11.377,9.88,8.899,7.191,5.951,5.238,4.353,2.96,2.394,1.521,0.863,0.566,0.352,0.226,0.21,0.058,0,0.02,0.02,0.061,0,0,0,0,0,0
2026-08-28 16:03:00,1,"Normal Scan","Normal Scan",0,"ON",1,1,1,737.2,5,20.4,96.8,54.9,6.96428e-08,1.82001e-05,4.97,8954.6,8.8,736.5,1,"Up Scan","Positive",254,0,4.37,1.6,8,8,0,1,1,19.779,29.616,21.974,9.647,1.954,6579.32,50,21,NA,0,0,0,0,0,0,0,0,0,0,0,0,0,0,0,0,0,0,0,0,0,0,0,0,0,0,0,0,0,0,0,433.086,353.835,321.042,328.564,289.614,292.007,280.838,285.404,281.86,289.449,290.741,288.115,284.258,279.865,262.883,255.937,231.223,205.718,184.313,155.459,120.257,90.686,73.135,66.746,55.709,51.264,47.971,40.57,39.422,34.384,27.915,27.836,28.338,26.016,26.123,25.66,26.693,23.348,23.072,20.721,18.352,19.146,15.485,13.854,10.895,7.989,7.074,4.728,3.472,2.401,1.887,1.481,0.765,0.508,0.429,0.248,0.204,0.158,0.11,0.056,0,0,0,0,0,0,0,0,0,0,0,0,0,0,0,0,0,0,0,0,0,0,0,0,0,0,0,0,0,0,0,0,0,0,0,3.965,5.552,6.596,8.14,10.83,12.041,14.987,17.304,20.758,23.789,27.929,31.899,35.427,38.926,42.364,43.667,46.25,45.308,43.6,42.122,38.245,31.868,26,22.569,21.956,19.581,19.052,19.061,17.521,17.8,16.95,15.373,15.831,16.586,16.041,16.034,16.212,16.322,14.531,13.642,12.124,10.447,10.266,8.259,7.179,5.651,3.993,3.428,2.28,1.679,1.117,0.854,0.667,0.339,0.21,0.174,0.098,0.079,0.06,0.041,0.021,0.015,0,0,0,0
2026-08-28 16:08:00,1,"Normal Scan","Normal Scan",0,"ON",1,1,1,737,5,20.1,96.9,54.9,6.94804e-08,1.81857e-05,4.97,8954.6,8.8,736.5,1,"Up Scan","Positive",254,0,4.37,1.6,8,8,0,1,1,19.215,27.298,21.103,9.647,1.86,8463.34,50,21,NA,0,0,0,0,0,0,0,0,0,0,0,0,0,0,0,0,0,0,0,0,0,0,0,0,0,0,0,0,0,0,0,459.773,451.739,445.924,427.287,408.883,419.303,396.887,398.837,403.684,393.128,402.22,406.11,403.915,382.361,363.816,324.107,282.95,230.083,199.603,165.524,140.638,116.403,96.849,79.402,67.66,61.221,55.673,45.791,42.98,37.663,29.178,29.654,27.849,25.68,26.146,23.047,24.913,22.97,21.586,20.298,18.655,16.361,14.197,12.206,9.946,9.404,5.989,4.883,3.427,2.242,1.722,1.122,0.585,0.463,0.095,0.098,0.103,0.053,0.054,0,0,0,0,0,0,0,0,0,0,0,0,0,0,0,0,0,0,0,0,0,0,0,0,0,0,0,0,0,0,0,0,0,0,0,0,4.505,5.95,8.405,11.384,14.138,17.031,21.531,24.485,29.032,34.128,38.06,44.088,49.886,55.112,57.643,60.094,58.53,55.54,48.942,45.772,40.876,37.405,33.171,29.486,25.983,23.522,22.441,21.79,19.369,19.227,17.804,15.645,16.484,16.08,15.663,15.968,14.63,15.179,13.953,12.862,11.853,10.583,8.932,7.517,6.342,5.006,4.569,2.909,2.25,1.574,1.024,0.785,0.482,0.263,0.191,0.039,0.039,0.04,0.02,0.02,0,0.016,0,0,0,0
2026-08-28 16:13:00,1,"Normal Scan","Normal Scan",0,"ON",1,1,1,736.9,5,19.9,96.9,54.6,6.94201e-08,1.81761e-05,4.97,8954.6,8.8,736.5,1,"Up Scan","Positive",254,0,4.37,1.6,8,8,0,1,1,18.58,29.348,21.536,9.647,1.98,6292.37,50,20.9,NA,0,0,0,0,0,0,0,0,0,0,0,0,0,0,0,0,0,0,0,0,0,0,0,0,0,0,0,0,0,0,0,400.044,371.558,356.945,338.93,356.562,314.164,279.928,282.092,283.845,273.934,250.885,251.91,243.082,222.633,206.368,193.619,186.898,179.718,160.256,135.944,107.692,90.555,79.784,68.418,63.231,60.407,55.016,47.039,41.652,36.034,30.873,26.554,26.418,24.74,25.373,23.83,23.989,26.26,21.361,19.207,20.015,18.496,14.928,13.277,9.162,8.847,6.343,4.461,3.167,1.865,1.356,0.902,0.769,0.23,0.189,0.199,0.153,0.157,0.054,0.057,0,0,0,0,0,0,0,0,0,0,0,0,0,0,0,0,0,0,0,0,0,0,0,0,0,0,0,0,0,0,0,0,0,0,0,3.788,5.128,6.91,9.037,11.241,14.865,16.078,17.252,20.522,23.943,26.469,27.48,30.977,33.311,33.746,34.38,35.164,36.833,38.302,36.861,33.752,28.945,26.225,24.679,22.553,22.171,22.124,21.329,19.745,18.674,17.336,16.123,15.593,15.768,15.099,15.809,15.329,14.856,15.638,12.536,11.376,11.098,9.826,7.694,6.728,4.627,4.388,3.029,2.07,1.521,0.881,0.621,0.389,0.358,0.095,0.077,0.078,0.06,0.06,0.02,0.021,0.016,0,0,0,0
2026-08-28 16:18:00,1,"Normal Scan","Normal Scan",0,"ON",1,1,1,736.7,5,19.7,96.9,54.5,6.93597e-08,1.81665e-05,4.97,8954.6,8.8,736.5,1,"Up Scan","Positive",254,0,4.37,1.6,8,8,0,1,1,19.289,30.529,22.082,9.647,2.007,6392.1,51,20.9,NA,0,0,0,0,0,0,0,0,0,0,0,0,0,0,0,0,0,0,0,0,0,0,0,0,0,0,0,0,0,0,0,420.776,381.526,311.906,308.396,298.906,299.875,284.32,281.876,284.3,291.071,282.848,245.82,250.88,257.923,265.935,243.784,212.019,174.375,151.513,123.428,99.444,80.825,72.636,61.734,60.127,54.452,51.337,45.185,41.205,34.532,33.563,35.479,29.196,31.101,30.585,29.295,28.225,27.034,27.563,26.615,22.062,20.591,17.656,15.513,11.346,9.157,7.294,5.175,3.576,2.855,1.65,1.33,0.466,0.462,0.384,0.446,0.307,0.053,0.11,0.056,0,0,0,0,0,0,0,0,0,0,0,0,0,0,0,0,0,0,0,0,0,0,0,0,0,0,0,0,0,0,0,0,0,0,0,3.716,5.452,7.143,7.909,10.161,12.423,15.385,17.503,20.485,24.044,28.224,31.003,30.29,34.401,38.977,44.001,43.984,41.557,37.111,34.807,30.719,26.686,23.485,22.582,20.595,21.067,20.609,20.692,19.361,19.186,17.602,18.009,19.436,17.921,19.305,18.857,18.302,17.539,16.583,15.959,14.96,12.445,10.981,9.296,7.967,5.831,4.484,3.487,2.506,1.804,1.348,0.73,0.612,0.264,0.191,0.155,0.177,0.119,0.02,0.041,0.021,0.067,0,0,0,0
2026-08-28 16:23:00,1,"Normal Scan","Normal Scan",0,"ON",1,1,1,737.3,5,20.4,96.9,54.4,6.95709e-08,1.82001e-05,4.97,8954.6,8.8,736.5,1,"Up Scan","Positive",254,0,4.37,1.6,8,8,0,1,1,19.241,30.215,22.021,9.647,1.992,6192.05,51,21.1,NA,0,0,0,0,0,0,0,0,0,0,0,0,0,0,0,0,0,0,0,0,0,0,0,0,0,0,0,0,0,0,0,420.667,331.017,298.335,301.573,286.957,266.441,292.888,286.574,291.127,295.458,298.361,268.614,242.996,235.658,227.357,217.437,196.297,167.925,150.873,124.296,101.651,87.457,70.767,60.866,57.708,52.559,50.618,46.526,39.779,37.229,31.787,31.33,27.647,26.506,26.25,27.669,27.069,25.353,24.741,22.61,22.386,20.192,16.516,15.405,10.985,8.375,7.235,4.676,2.889,2.185,1.349,0.952,0.758,0.323,0.336,0.197,0.153,0.106,0,0.056,0,0,0,0,0,0,0,0,0,0,0,0,0,0,0,0,0,0,0,0,0,0,0,0,0,0,0,0,0,0,0,0,0,0,0,3.601,5.427,6.087,7.546,9.988,11.941,13.678,18.062,20.78,24.568,28.539,32.651,32.987,33.254,35.639,37.698,39.298,38.531,35.724,34.622,30.843,27.207,25.296,22.005,20.316,20.373,19.793,20.078,19.594,18.206,18.169,17.046,17.608,16.682,16.603,16.897,17.375,16.704,15.544,14.612,12.869,12.324,10.703,8.521,7.749,5.487,4.132,3.432,2.239,1.374,1.004,0.602,0.426,0.32,0.134,0.135,0.078,0.06,0.04,0,0.021,0,0,0,0,0
2026-08-28 16:28:00,1,"Normal Scan","Normal Scan",0,"ON",1,1,1,737.2,5,20.3,96.9,54.8,6.95407e-08,1.81953e-05,4.97,8954.6,8.8,736.5,1,"Up Scan","Positive",254,0,4.37,1.6,8,8,0,1,1,17.601,29.759,21.073,9.647,2.046,5517.85,50,21.1,NA,0,0,0,0,0,0,0,0,0,0,0,0,0,0,0,0,0,0,0,0,0,0,0,0,0,0,0,0,0,0,0,430.687,416.506,349.994,321.174,290.376,248.932,233.372,246.105,262.819,248.004,229.656,201.349,169.126,154.298,134.829,117.795,135.653,147.938,157.748,128.825,94.814,79.133,61.885,55.624,49.147,46.856,43.299,39.03,36.623,30.881,27.61,26.351,25.116,23.978,25.808,26.778,25.184,24.744,23.652,21.039,20.277,15.598,14.465,12.638,10.797,9.075,6.667,4.502,3.79,2.992,1.893,0.903,0.586,0.185,0.237,0.295,0.051,0.106,0,0.057,0,0,0,0,0,0,0,0,0,0,0,0,0,0,0,0,0,0,0,0,0,0,0,0,0,0,0,0,0,0,0,0,0,0,0,4.42,5.528,7.766,8.887,10.582,12.077,12.781,14.38,17.904,22.113,23.855,25.048,24.707,23.228,23.575,22.638,21.602,26.878,31.512,36.077,31.734,25.326,22.814,19.222,18.509,17.362,17.579,17.272,16.638,16.723,15.577,15.204,15.221,15.368,15.166,16.113,16.229,15.368,14.836,14.113,12.288,11.299,8.639,7.79,6.607,5.4,4.416,3.154,2.131,1.756,1.36,0.84,0.389,0.263,0.076,0.097,0.118,0.02,0.04,0,0.021,0,0,0,0,0
2026-08-28 16:33:00,1,"Normal Scan","Normal Scan",0,"ON",1,1,1,737,5,20,96.9,54.7,6.94502e-08,1.81809e-05,4.97,8954.6,8.8,736.5,1,"Up Scan","Positive",254,0,4.37,1.6,8,8,0,1,1,16.599,27.342,19.87,9.647,1.972,7303.7,50,21.1,NA,0,0,0,0,0,0,0,0,0,0,0,0,0,0,0,0,0,0,0,0,0,0,0,0,0,0,0,0,0,0,0,596.488,554.056,518.23,460.188,418.314,388.755,368.875,336.677,312.688,299.918,292.259,273.89,254.843,235.315,216.511,188.855,174.099,149.55,138.623,128.834,94.854,78.736,68.293,62.38,58.711,54.155,51.615,49.572,41.002,37.797,35.826,32.77,31.688,31.828,28.26,29.895,28.481,26.496,24.722,23.062,21.232,16.338,14.68,13.152,10.77,8.131,6.171,4.355,3.585,2.902,1.685,0.955,0.579,0.507,0.429,0.492,0.305,0.212,0.054,0.056,0,0,0,0,0,0,0,0,0,0,0,0,0,0,0,0,0,0,0,0,0,0,0,0,0,0,0,0,0,0,0,0,0,0,0,5.593,7.656,10.347,13.132,15.227,17.437,19.925,22.708,24.402,26.368,28.94,31.942,33.591,34.783,35.526,35.963,34.197,34.219,31.892,31.925,31.925,25.531,22.952,21.454,20.794,20.834,20.488,20.711,21.129,18.986,18.621,18.951,18.331,18.301,18.735,17.51,17.627,16.889,15.859,14.43,13.003,11.679,9.016,7.914,6.894,5.434,3.991,3.049,2.152,1.744,1.342,0.785,0.426,0.245,0.21,0.174,0.196,0.119,0.08,0.02,0.021,0,0,0,0,0
2026-08-28 16:38:00,1,"Normal Scan","Normal Scan",0,"ON",1,1,1,736.9,5,19.9,96.9,54.7,6.94201e-08,1.81761e-05,4.97,8954.6,8.8,736.5,1,"Up Scan","Positive",254,0,4.37,1.6,8,8,0,1,1,14.432,25.198,17.834,9.647,1.958,7616.87,51,21,NA,0,0,0,0,0,0,0,0,0,0,0,0,0,0,0,0,0,0,0,0,0,0,0,0,0,0,0,0,0,0,0,741.214,718.349,646.379,600.834,557.327,504.378,460.662,404.731,372.735,325.378,272.852,244.809,189.407,158.768,129.309,103.455,87.653,74.629,69.075,63.083,58.122,56.371,54.504,51.632,51.236,48.908,49.703,43.951,38.51,35.581,30.744,28.757,30.619,26.445,28.496,29.277,29.136,26.404,27.638,24.362,23.357,18.113,16.295,14.647,13.358,8.926,6.924,5.396,4.202,2.797,2.002,1.037,1.104,0.968,0.284,0.394,0.665,0.318,0.217,0.452,0,0,0,0,0,0,0,0,0,0,0,0,0,0,0,0,0,0,0,0,0,0,0,0,0,0,0,0,0,0,0,0,0,0,0,6.864,9.561,13.426,16.437,19.86,23.229,25.812,28.379,29.361,31.325,31.302,29.681,29.84,25.746,23.848,21.387,18.785,17.391,16.196,16.254,16.116,16.094,16.85,17.311,17.422,18.323,18.401,19.816,18.936,17.733,17.886,16.949,16.9,18.089,16.975,18.168,17.873,17.613,16.319,16.247,14.069,12.902,10.219,8.835,7.611,6.729,4.653,3.558,2.632,2.045,1.418,0.989,0.519,0.565,0.401,0.116,0.157,0.258,0.121,0.081,0.164,0.033,0,0,0,0
2026-08-28 16:43:00,1,"Normal Scan","Normal Scan",0,"ON",1,1,1,736.7,5,19.7,96.9,54.8,6.93597e-08,1.81665e-05,4.97,8954.6,8.8,736.5,1,"Up Scan","Positive",254,0,4.37,1.6,8,8,0,1,1,15.281,28.206,19.522,9.647,2.062,6458.45,51,20.9,NA,0,0,0,0,0,0,0,0,0,0,0,0,0,0,0,0,0,0,0,0,0,0,0,0,0,0,0,0,0,0,0,547.354,543.056,523.524,437.543,440.515,397.504,385.91,330.954,298.272,254.692,208.932,187.082,158.408,137.433,118.058,114.011,101.072,91.778,85.874,78.48,76.207,73.031,66.745,64.575,58.519,56.886,51.849,47.113,40.893,39.188,39.539,33.92,34.043,37.604,34.13,35.503,31.17,30.918,28.278,25.054,23.66,18.909,16.719,12.471,9.921,8.095,7.525,4.359,3.105,2.595,2.208,1.163,1.024,0.276,0.287,0.148,0.205,0.16,0,0,0,0,0,0,0,0,0,0,0,0,0,0,0,0,0,0,0,0,0,0,0,0,0,0,0,0,0,0,0,0,0,0,0,0,0,5.2,7.02,10.155,13.287,14.47,18.353,20.365,23.742,23.972,25.088,24.453,22.81,22.935,21.616,20.771,19.668,20.783,20.167,19.907,20.227,19.96,20.893,21.405,20.951,21.47,20.907,21.7,20.979,20.555,19.698,20.028,20.819,19.567,19.903,21.807,20.385,20.695,18.661,17.526,16.034,14.194,12.98,10.123,8.72,6.578,5.056,4.106,3.577,2.061,1.443,1.203,1.006,0.501,0.433,0.115,0.116,0.059,0.079,0.06,0,0,0,0,0,0,0
2026-08-28 16:48:00,1,"Normal Scan","Normal Scan",0,"ON",1,1,1,736.9,5,19.9,96.9,54.7,6.94201e-08,1.81761e-05,4.97,8954.6,8.8,736.5,1,"Up Scan","Positive",254,0,4.37,1.6,8,8,0,1,1,17.629,29.83,21.207,9.647,2.045,5860.38,51,20.9,NA,0,0,0,0,0,0,0,0,0,0,0,0,0,0,0,0,0,0,0,0,0,0,0,0,0,0,0,0,0,0,0,419.405,404.221,378.282,334.513,328.565,292.831,279.086,274.75,252.336,241.216,241.55,226.053,217.258,187.308,167.651,150.092,136.358,124.025,114.128,103.885,91.261,75.113,65.582,58.662,55.899,51.4,49.125,48.006,44.689,43.306,36.089,36.478,34.156,31.921,31.203,30.609,28.93,27.316,26.428,23.636,18.686,16.581,14.209,12.043,9.712,7.78,4.643,3.945,3.151,2.066,1.161,0.864,0.759,0.416,0.239,0.393,0.154,0.212,0.054,0,0,0,0,0,0,0,0,0,0,0,0,0,0,0,0,0,0,0,0,0,0,0,0,0,0,0,0,0,0,0,0,0,0,0,0,4.058,5.39,7.557,9.597,11.039,13.667,15.019,17.195,19.949,21.256,23.291,26.403,27.739,29.696,28.296,27.886,27.301,26.953,26.58,26.418,25.966,24.593,21.904,20.665,19.884,20.214,19.675,20.076,20.72,20.511,21.008,19.12,19.83,19.641,18.769,18.273,17.943,16.804,15.781,15.075,12.928,10.179,8.983,7.387,6.204,4.835,3.883,2.291,1.921,1.481,0.971,0.566,0.371,0.32,0.172,0.097,0.157,0.06,0.08,0.02,0,0,0,0,0,0
2026-08-28 16:53:00,1,"Normal Scan","Normal Scan",0,"ON",1,1,1,737.2,5,20.3,96.9,55.3,6.95407e-08,1.81953e-05,4.97,8954.6,8.8,736.5,1,"Up Scan","Positive",254,0,4.37,1.6,8,8,0,1,1,17.653,33.29,22.413,9.647,2.188,4320.9,51,21.1,NA,0,0,0,0,0,0,0,0,0,0,0,0,0,0,0,0,0,0,0,0,0,0,0,0,0,0,0,0,0,0,0,310.191,293.99,292.33,261.17,235.888,218.031,185.934,180.902,205.485,195.862,170.123,143.552,117.907,104.881,89.753,82.16,78.887,67.209,68.825,64.785,70.757,73.595,69.605,63.606,55.937,53.493,48.394,45.569,42.479,37.624,34.603,33.306,29.688,26.757,30.774,29.02,28.42,27.823,27.831,23.711,20.767,17.711,14.819,11.198,9.525,6.874,5.785,3.7,3.023,2.289,1.214,0.907,0.892,0.649,0.43,0.098,0.103,0,0.054,0,0,0,0,0,0,0,0,0,0,0,0,0,0,0,0,0,0,0,0,0,0,0,0,0,0,0,0,0,0,0,0,0,0,0,0,3.539,4.01,5.501,7.384,8.607,9.825,11.168,11.415,13.126,17.33,18.792,18.522,17.558,16.102,15.872,14.979,15.122,15.885,14.835,16.366,16.654,19.412,21.477,21.715,21.204,19.997,20.176,19.52,19.485,19.345,18.739,18.413,18.606,17.821,16.708,18.428,17.383,16.766,15.79,15.605,13.013,11.265,9.431,7.878,5.732,4.742,3.457,2.88,1.8,1.385,1.036,0.548,0.389,0.376,0.267,0.174,0.039,0.04,0,0.02,0,0,0,0,0,0
2026-08-28 16:58:00,1,"Normal Scan","Normal Scan",0,"ON",1,1,1,736.9,5,19.9,96.9,55.3,6.94201e-08,1.81761e-05,4.97,8954.6,8.8,736.5,1,"Up Scan","Positive",254,0,4.37,1.6,8,8,0,1,1,19.98,34.617,23.858,9.647,2.16,4475.92,51,21,NA,0,0,0,0,0,0,0,0,0,0,0,0,0,0,0,0,0,0,0,0,0,0,0,0,0,0,0,0,0,0,0,305.896,241.419,240.274,212.25,224.636,185.007,190.998,186.153,177.762,167.481,176.446,160.172,149.563,156.912,155.251,144.762,123.068,104.674,97.099,83.717,77.077,72.234,62.218,62.446,58.151,53.115,52.805,49.05,44.869,43.353,39.26,35.227,34.409,31.191,33.174,28.891,30.91,25.873,27.522,24.859,20.249,19.736,15.874,13.691,9.91,7.384,6.05,4.459,2.86,1.59,1.358,0.939,0.579,0.37,0.333,0.147,0.052,0,0.109,0.056,0,0,0,0,0,0,0,0,0,0,0,0,0,0,0,0,0,0,0,0,0,0,0,0,0,0,0,0,0,0,0,0,0,0,0,2.957,3.922,4.527,6.059,7.033,9.356,9.502,11.819,13.536,15.001,16.219,19.338,19.699,20.511,23.745,25.752,26.251,24.36,22.505,22.665,21.185,21.04,21.25,19.754,21.029,20.927,20.398,21.27,21.153,20.634,20.97,20.567,19.346,19.876,18.826,19.576,17.688,18.131,15.524,15.401,13.737,11.139,10.372,8.1,6.929,4.951,3.614,2.961,2.105,1.307,0.721,0.621,0.426,0.245,0.153,0.136,0.059,0.02,0,0.041,0.021,0,0,0,0,0
2026-08-28 17:03:00,1,"Normal Scan","Normal Scan",0,"ON",1,1,1,737.1,5,20.2,96.9,54.8,6.95106e-08,1.81905e-05,4.97,8954.6,8.8,736.5,1,"Up Scan","Positive",254,0,4.37,1.6,8,8,0,1,1,20.867,34.204,24.066,9.647,2.123,5639.15,51,21,NA,0,0,0,0,0,0,0,0,0,0,0,0,0,0,0,0,0,0,0,0,0,0,0,0,0,0,0,0,0,0,0,368.73,316.219,285.099,251.643,249.977,232.552,233.768,219.212,209.681,205.401,202.16,217.57,204.579,201.874,206.921,194.657,178.254,158.668,145.599,127.213,112.937,93.138,82.475,74.423,69.508,65.756,59.208,60.992,51.522,51.327,53.736,43.879,43.983,40.502,42.575,38.067,35.72,36.497,32.75,28.075,21.93,21.534,16.123,13.381,9.695,8.413,7.42,3.954,3.541,2.093,1.222,1.204,0.715,0.23,0.289,0.197,0.204,0.106,0.054,0,0,0,0,0,0,0,0,0,0,0,0,0,0,0,0,0,0,0,0,0,0,0,0,0,0,0,0,0,0,0,0,0,0,0,0,4.319,4.756,5.899,7.217,8.311,10.415,11.921,14.435,15.925,17.719,19.901,22.203,26.785,28.066,30.603,34.394,35.379,35.182,33.96,33.68,31.793,30.446,27.107,25.97,24.966,25.285,25.369,24.338,26.259,24.268,25.313,27.337,24.336,24.819,23.638,23.924,22.226,20.518,20.358,17.908,15.498,12.108,11.352,8.353,6.774,4.937,4.14,3.507,1.905,1.656,0.966,0.566,0.519,0.301,0.095,0.116,0.078,0.079,0.04,0.02,0,0,0,0,0,0
2026-08-28 17:08:00,1,"Normal Scan","Normal Scan",0,"ON",1,1,1,737.3,5,20.5,96.9,55,6.96011e-08,1.82049e-05,4.97,8954.6,8.8,736.5,1,"Up Scan","Positive",254,0,4.37,1.6,8,8,0,1,1,22.885,33.385,24.345,9.647,2.043,5513.41,50,21.2,NA,0,0,0,0,0,0,0,0,0,0,0,0,0,0,0,0,0,0,0,0,0,0,0,0,0,0,0,0,0,0,0,345.832,268.815,278.58,221.202,208.207,204.457,194.684,186.188,192.148,177.351,171.246,189.361,243.323,267.544,268.702,248.497,209.863,194.538,168.992,146.114,120.134,103.541,83.227,77.181,71.371,63.091,54.806,54.2,47.347,44.771,36.825,36.223,32.927,31.327,30.886,31.399,31.133,28.758,26.641,23.637,19.642,17.428,14.751,12.525,8.444,7.034,4.741,3.739,2.951,1.937,1.443,1.069,0.539,0.736,0.476,0.246,0.103,0.369,0.109,0.056,0,0,0,0,0,0,0,0,0,0,0,0,0,0,0,0,0,0,0,0,0,0,0,0,0,0,0,0,0,0,0,0,0,0,0,3.612,4.444,4.968,7.046,7.32,8.676,10.468,11.984,13.582,16.28,17.271,18.906,23.463,33.458,40.464,44.58,44.952,41.309,41.43,38.9,36.349,32.205,29.745,25.911,25.561,25.089,23.643,22,22.843,21.549,21.597,19.57,19.967,19.31,18.509,18.316,18.298,17.918,16.513,14.726,12.883,10.723,9.27,7.748,6.396,4.346,3.538,2.418,1.863,1.381,0.97,0.683,0.482,0.245,0.305,0.194,0.098,0.04,0.141,0.041,0.023,0.014,0,0,0,0
2026-08-28 17:13:00,1,"Normal Scan","Normal Scan",0,"ON",1,1,1,737.1,5,20.2,96.9,54.8,6.95106e-08,1.81905e-05,4.97,8954.6,8.8,736.5,1,"Up Scan","Positive",254,0,4.37,1.6,8,8,0,1,1,21.786,31.506,23.504,9.647,1.984,6680.61,50,21.1,NA,0,0,0,0,0,0,0,0,0,0,0,0,0,0,0,0,0,0,0,0,0,0,0,0,0,0,0,0,0,0,0,392.948,340.239,320.386,295.736,271.791,244.682,247.268,241.657,234.395,264.986,265.442,273.486,289.507,312.533,313.521,297.746,256.658,220.911,191.264,167.098,144.176,116.446,96.923,83.127,73.895,66.395,59.444,59.748,55.305,48.439,45.541,42.265,38.601,39.129,33.13,32.198,29.548,28.491,26.012,23.337,20.791,16.498,14.822,12.039,8.065,6.288,5.483,3.59,2.673,1.305,1.305,1.168,0.573,0.562,0.382,0.295,0.154,0.159,0,0.056,0,0,0,0,0,0,0,0,0,0,0,0,0,0,0,0,0,0,0,0,0,0,0,0,0,0,0,0,0,0,0,0,0,0,0,4.153,5.029,6.363,8.124,9.716,11.341,12.544,15.241,17.59,19.851,25.737,29.213,33.74,39.715,47.273,51.956,53.897,50.437,47.038,43.957,41.428,38.396,33.433,30.05,27.725,26.239,25.176,24.135,25.522,24.924,23.187,23.025,22.388,21.414,21.951,19.287,18.504,17.225,16.162,14.413,12.689,11.132,8.876,7.557,6.143,4.163,3.142,2.692,1.791,1.259,0.628,0.599,0.519,0.241,0.233,0.155,0.118,0.06,0.06,0,0.021,0,0,0,0,0
2026-08-28 17:18:00,1,"Normal Scan","Normal Scan",0,"ON",1,1,1,737,5,20,96.9,54.6,6.94502e-08,1.81809e-05,4.97,8954.6,8.8,736.5,1,"Up Scan","Positive",254,0,4.37,1.6,8,8,0,1,1,20.509,28.049,21.867,9.647,1.875,9917.5,50,21.1,NA,0,0,0,0,0,0,0,0,0,0,0,0,0,0,0,0,0,0,0,0,0,0,0,0,0,0,0,0,0,0,0,621.34,552.006,526.547,477.709,434.704,383.025,385.224,369.457,385.799,413.349,421.373,417.011,419.723,440.238,435.508,424.32,405.736,375.198,320.476,261.699,220.947,186.201,142.058,111.899,88.266,70.384,63.208,51.309,48.654,43.477,40.436,37.628,37.346,35.043,33.469,30.811,28.178,27.998,25.665,24.231,21.94,18.79,14.606,11.485,8.85,7.178,4.819,3.236,2.689,2.031,1.164,0.768,0.533,0.693,0.191,0.398,0.204,0.16,0.055,0.056,0,0,0,0,0,0,0,0,0,0,0,0,0,0,0,0,0,0,0,0,0,0,0,0,0,0,0,0,0,0,0,0,0,0,0,6.788,8.004,10.369,13.377,15.825,18.069,19.694,23.757,26.89,32.672,40.076,46.319,51.501,57.75,66.777,72.412,76.936,79.828,79.626,73.221,64.206,58.009,52.333,42.669,36.145,30.395,26.315,25.083,22.209,22.305,21.091,20.803,20.591,20.919,20.19,19.733,18.344,16.545,15.858,14.445,13.225,11.591,9.761,7.64,5.86,4.483,3.522,2.469,1.527,1.344,0.934,0.566,0.352,0.226,0.286,0.077,0.157,0.079,0.06,0.02,0.021,0,0,0,0,0
2026-08-28 17:23:00,1,"Normal Scan","Normal Scan",0,"ON",1,1,1,737,5,20.1,96.9,54.3,6.94804e-08,1.81857e-05,4.97,8954.6,8.8,736.5,1,"Up Scan","Positive",254,0,4.37,1.6,8,8,0,1,1,16.582,23.788,18.751,9.647,1.81,11245.7,51,21.1,NA,0,0,0,0,0,0,0,0,0,0,0,0,0,0,0,0,0,0,0,0,0,0,0,0,0,0,0,0,0,0,0,1026.943,861.786,749.717,694.703,620.681,578.386,554.593,526.749,500.172,497.68,483.236,477.17,458.414,424.36,381.597,344.218,287.01,251.116,224.795,182.798,152.536,122.469,102.215,84.076,69.412,59.555,50.888,47.647,39.435,37.335,35.435,33.179,28.482,26.659,27.962,24.981,22.623,24.713,22.889,20.659,18.093,16.371,13.572,10.255,7.492,6.781,4.639,2.854,1.837,1.817,0.69,0.87,0.289,0.231,0.143,0.098,0,0.052,0.163,0.17,0,0,0,0,0,0,0,0,0,0,0,0,0,0,0,0,0,0,0,0,0,0,0,0,0,0,0,0,0,0,0,0,0,0,0,9.788,13.307,16.068,19.037,22.963,25.897,29.63,34.166,38.268,42.208,48.094,52.881,58.51,62.596,63.978,63.086,62.194,56.345,53.407,51.463,45.05,40.274,34.738,31.122,27.28,24.192,22.277,20.303,19.975,18.049,18.102,18.021,17.988,16.493,15.929,16.573,15.157,13.721,14.038,12.695,11.403,9.728,8.395,6.936,5.13,3.778,3.271,2.236,1.392,0.866,0.822,0.333,0.408,0.188,0.095,0.058,0.039,0,0.02,0.061,0.062,0.032,0,0,0,0
2026-08-28 17:28:00,1,"Normal Scan","Normal Scan",0,"ON",1,1,1,737.4,5,20.6,96.9,54.7,6.96313e-08,1.82097e-05,4.97,8954.6,8.8,736.5,1,"Up Scan","Positive",254,0,4.37,1.6,8,8,0,1,1,14.815,24.815,18.093,9.647,1.936,6454.54,51,21.2,NA,0,0,0,0,0,0,0,0,0,0,0,0,0,0,0,0,0,0,0,0,0,0,0,0,0,0,0,0,0,0,0,690.212,591.857,515.395,484.459,409.593,373.441,364.824,350.362,314.411,262.837,231.885,202.583,173.016,134.965,118.752,107.778,93.987,83.694,74.921,74.947,68.508,64.202,60.226,55.869,51.99,46.224,40.981,40.142,34.413,31.344,27.753,26.41,24.506,23.372,21.21,21.503,20.801,19.657,21.584,19.683,15.624,14.583,11.601,9.555,9.036,5.888,4.292,2.829,2.116,1.622,1.129,0.615,0.628,0.229,0.243,0.144,0,0,0,0.111,0,0,0,0,0,0,0,0,0,0,0,0,0,0,0,0,0,0,0,0,0,0,0,0,0,0,0,0,0,0,0,0,0,0,0,6.516,8.864,11.037,13.038,16.001,16.966,19.137,22.413,25.365,26.375,25.264,25.254,24.765,23.53,20.334,19.733,19.635,18.689,18.131,17.632,18.976,18.599,18.679,18.761,18.588,18.254,17.295,16.379,16.841,15.747,15.11,14.551,14.455,14.388,14.349,13.073,13.301,12.448,11.623,12.356,10.783,8.357,7.786,5.943,4.911,4.465,2.931,2.03,1.397,0.99,0.718,0.493,0.296,0.282,0.095,0.098,0.057,0,0,0,0.046,0.014,0,0,0,0
2026-08-28 17:33:00,1,"Normal Scan","Normal Scan",0,"ON",1,1,1,737.2,5,20.3,96.9,54.8,6.95407e-08,1.81953e-05,4.97,8954.6,8.8,736.5,1,"Up Scan","Positive",254,0,4.37,1.6,8,8,0,1,1,15.361,28.314,19.804,9.647,2.07,4896.39,51,21.2,NA,0,0,0,0,0,0,0,0,0,0,0,0,0,0,0,0,0,0,0,0,0,0,0,0,0,0,0,0,0,0,0,454.079,436.265,397.646,359.851,303.838,273.37,233.794,210.649,188.846,170.738,151.622,140.053,124.504,106.817,99.383,92.805,85.693,78.777,75.121,70.842,68.475,61.647,63.524,63.767,58.928,53.532,45.869,40.957,36.506,33.638,29.285,27.537,28.072,24.165,22.632,22.496,22.43,20.21,21.279,19.518,17.179,15.22,11.528,9.399,6.47,5.345,3.937,2.612,1.703,0.926,0.823,0.823,0.322,0.231,0.238,0.148,0.052,0.106,0.11,0.057,0,0,0,0,0,0,0,0,0,0,0,0,0,0,0,0,0,0,0,0,0,0,0,0,0,0,0,0,0,0,0,0,0,0,0,5.106,5.863,8.19,10.111,11.833,12.622,14.014,14.349,15.236,15.872,16.434,16.552,17.192,17,16.149,16.569,16.943,17.084,17.164,17.808,18.125,18.796,18.134,19.765,21.046,20.58,19.844,18.248,17.416,16.51,16.175,15.343,15.139,15.938,14.56,13.89,13.743,13.083,11.709,11.646,10.474,9.166,7.811,5.792,4.762,3.285,2.614,1.907,1.296,0.796,0.431,0.402,0.371,0.169,0.095,0.097,0.059,0.02,0.04,0.041,0.021,0.015,0,0,0,0
2026-08-28 17:38:00,1,"Normal Scan","Normal Scan",0,"ON",1,1,1,737,5,20.1,96.9,54.7,6.94804e-08,1.81857e-05,4.97,8954.6,8.8,736.5,1,"Up Scan","Positive",254,0,4.37,1.6,8,8,0,1,1,16.622,29.438,20.695,9.647,2.082,4666.97,51,21.2,NA,0,0,0,0,0,0,0,0,0,0,0,0,0,0,0,0,0,0,0,0,0,0,0,0,0,0,0,0,0,0,0,466.402,390.007,337.049,287.323,251.236,213.74,197.351,181.977,164.25,138.836,152.186,153.173,152.887,139.904,129.942,113.718,93.312,90.305,80.27,81.609,68.43,73.274,67.307,64.01,61.148,53.949,50.314,42.026,36.9,35.145,27.358,24.847,23.808,21.04,21.6,20.036,20.715,20.844,21.619,20.184,17.318,14.309,11.451,9.55,7.994,5.263,2.724,2.619,1.409,1.709,0.671,0.339,0.235,0.323,0.238,0.249,0.102,0.158,0.163,0.112,0,0,0,0,0,0,0,0,0,0,0,0,0,0,0,0,0,0,0,0,0,0,0,0,0,0,0,0,0,0,0,0,0,0,0,4.547,5.999,7.281,8.547,9.447,10.442,10.942,12.162,13.235,13.813,13.434,16.675,18.783,20.874,21.12,21.598,20.7,18.658,19.597,18.983,20.729,18.808,21.43,20.88,21.068,21.33,19.856,19.514,17.515,16.396,16.503,14.441,13.947,14.199,13.337,13.571,12.464,12.223,12.049,12.105,10.747,8.922,7.347,5.923,4.824,3.915,2.571,1.403,1.27,0.76,0.804,0.352,0.185,0.151,0.134,0.097,0.098,0.04,0.06,0.061,0.041,0.047,0,0,0,0
2026-08-28 17:43:00,1,"Normal Scan","Normal Scan",0,"ON",1,1,1,737,5,20,96.9,54.7,6.94502e-08,1.81809e-05,4.97,8954.6,8.8,736.5,1,"Up Scan","Positive",254,0,4.37,1.6,8,8,0,1,1,19.445,33.635,23.203,9.647,2.163,4861.57,50,21.1,NA,0,0,0,0,0,0,0,0,0,0,0,0,0,0,0,0,0,0,0,0,0,0,0,0,0,0,0,0,0,0,0,414.02,339.227,291.94,248.589,236.284,203.531,184.738,166.867,164.537,148.865,142.116,146.646,134.685,144.076,140.524,128.405,121.939,134.775,136.586,124.957,115.702,98.956,93.705,83.183,74.45,65.964,58.536,54.261,44.366,38.448,31.085,28.07,27.325,23.745,24.426,22.851,23.442,26.834,27.05,26.563,26.646,25.108,18.104,13.031,10.628,8.016,5.349,3.864,2.106,1.635,1.149,0.944,0.851,0.784,0.571,0.198,0.051,0.105,0.11,0.056,0,0,0,0,0,0,0,0,0,0,0,0,0,0,0,0,0,0,0,0,0,0,0,0,0,0,0,0,0,0,0,0,0,0,0,3.675,5.365,6.313,7.42,8.187,9.795,10.425,11.344,12.123,13.89,14.401,15.601,18.064,18.611,21.985,23.557,23.65,24.459,29.185,31.805,31.387,31.103,28.619,28.9,27.141,25.74,24.134,22.683,22.125,19.694,18.469,16.327,16.542,17.069,16.05,16.594,16.179,15.146,15.784,15.322,14.475,13.923,12.764,9.266,6.57,5.305,4.023,2.71,1.927,0.99,0.76,0.524,0.445,0.358,0.325,0.232,0.078,0.02,0.04,0.041,0.021,0,0,0,0,0
2026-08-28 17:48:00,1,"Normal Scan","Normal Scan",0,"ON",1,1,1,736.8,5,19.8,96.9,54.8,6.93899e-08,1.81713e-05,4.97,8954.6,8.8,736.5,1,"Up Scan","Positive",254,0,4.37,1.6,8,8,0,1,1,16.516,28.779,20.561,9.647,2.047,6798.4,51,21,NA,0,0,0,0,0,0,0,0,0,0,0,0,0,0,0,0,0,0,0,0,0,0,0,0,0,0,0,0,0,0,0,587.12,529.464,489.18,460.023,379.811,335.889,332.653,296.024,266.019,247.902,224.034,220.539,205.705,183.922,170.965,160.369,138.77,126.529,117.773,108.681,106.791,96.159,98.36,85.625,87.012,83.823,73.486,66.131,59.267,53.85,41.391,35.825,31.626,31.286,30.744,29.238,26.89,29.015,28.488,25.506,23.102,16.794,14.812,11.667,9.216,6.46,4.153,2.698,2.536,1.324,0.761,0.723,0.753,0.37,0.573,0.247,0.052,0,0.218,0.057,0,0,0,0,0,0,0,0,0,0,0,0,0,0,0,0,0,0,0,0,0,0,0,0,0,0,0,0,0,0,0,0,0,0,0,5.781,7.568,9.917,12.438,15.19,15.793,17.222,20.447,21.485,22.422,23.924,24.493,27.043,28.121,27.814,28.452,29.267,27.631,27.502,27.7,27.779,29.354,28.344,30.7,28.671,30.517,30.73,28.424,27.155,25.875,25.03,21.17,19.7,18.876,18.884,18.741,17.221,15.924,16.376,15.51,13.65,11.986,8.727,7.574,5.852,4.588,3.253,2.093,1.396,1.217,0.603,0.383,0.323,0.368,0.153,0.232,0.098,0.02,0,0.081,0.021,0.033,0,0,0,0
2026-08-28 17:53:00,1,"Normal Scan","Normal Scan",0,"ON",1,1,1,736.8,5,19.8,96.9,54.9,6.93899e-08,1.81713e-05,4.97,8954.6,8.8,736.5,1,"Up Scan","Positive",254,0,4.37,1.6,8,8,0,1,1,19.542,29.956,21.999,9.647,2.013,6865.05,51,20.9,NA,0,0,0,0,0,0,0,0,0,0,0,0,0,0,0,0,0,0,0,0,0,0,0,0,0,0,0,0,0,0,0,558.712,440.964,426.594,346.533,340.256,302.746,267.22,230.185,222.449,228.55,231.943,235.924,233.282,250.764,259.205,252.918,231.715,205.972,188.771,171.861,142.405,119.211,108.674,92.935,85.357,76.975,67.617,61.476,50.23,45.933,39.687,35.746,31.622,26.715,26.47,24.97,25.598,24.178,25.517,24.702,20.971,20.59,15.036,12.086,10.009,7.28,5.465,3.518,2.039,1.256,1.028,0.941,0.588,0.37,0.571,0.198,0.307,0.052,0.164,0,0,0,0,0,0,0,0,0,0,0,0,0,0,0,0,0,0,0,0,0,0,0,0,0,0,0,0,0,0,0,0,0,0,0,0,4.597,7.27,8.24,10.796,11.476,14.134,15.52,16.416,16.747,18.817,22.201,25.532,29.135,32.13,38.086,43.176,45.963,45.735,44.121,43.637,42.798,38.21,34.391,33.445,30.355,29.662,28.31,26.348,25.233,22.07,21.396,20.03,19.331,18.336,16.8,16.541,16.126,15.518,14.208,14.464,13.502,11.263,10.566,7.641,6.104,5.021,3.62,2.687,1.74,1.026,0.629,0.475,0.427,0.282,0.153,0.232,0.078,0.119,0.02,0.061,0,0.033,0,0,0,0
2026-08-28 17:58:00,1,"Normal Scan","Normal Scan",0,"ON",1,1,1,737.3,5,20.4,96.9,54.8,6.95709e-08,1.82001e-05,4.97,8954.6,8.8,736.5,1,"Up Scan","Positive",254,0,4.37,1.6,8,8,0,1,1,17.299,30.424,21.388,9.647,2.094,6204.62,51,21.1,NA,0,0,0,0,0,0,0,0,0,0,0,0,0,0,0,0,0,0,0,0,0,0,0,0,0,0,0,0,0,0,0,526.738,486.721,404.965,388.964,332.593,300.236,271.819,250.125,233.9,224.55,207.987,198.862,180.456,171.955,156.26,140.996,139.312,147.622,122.937,113.267,102.562,98.433,94.624,89.772,81.938,81.21,70.344,64.232,53.779,45.693,41.256,35.49,31.784,31.578,28.349,27.138,29.493,29.953,30.197,28.839,25.529,20.853,15.668,12.525,9.226,7.588,5.76,3.132,2.299,1.604,1.216,0.342,0.608,0.278,0.237,0.396,0.101,0,0.275,0.056,0,0,0,0,0,0,0,0,0,0,0,0,0,0,0,0,0,0,0,0,0,0,0,0,0,0,0,0,0,0,0,0,0,0,0,5.449,6.771,9.073,10.286,12.816,13.861,15.368,16.751,18.133,19.697,21.658,22.732,24.411,24.747,26.043,26.065,25.749,27.765,31.839,28.868,28.691,28.2,28.903,29.48,29.579,28.556,29.809,27.272,26.415,23.848,21.697,21.217,20.129,19.092,19.659,18.272,17.139,17.43,16.953,16.435,15.639,13.266,10.672,8.017,6.281,4.543,3.703,2.78,1.537,1.162,0.717,0.548,0.204,0.263,0.115,0.097,0.157,0.04,0,0.102,0.021,0.015,0,0,0,0
2026-08-28 18:03:00,1,"Normal Scan","Normal Scan",0,"ON",1,1,1,737,5,20,96.9,55.4,6.94502e-08,1.81809e-05,4.97,8954.6,8.8,736.5,1,"Up Scan","Positive",254,0,4.37,1.6,8,8,0,1,1,16.365,27.398,20.075,9.647,1.99,7911.86,51,21,NA,0,0,0,0,0,0,0,0,0,0,0,0,0,0,0,0,0,0,0,0,0,0,0,0,0,0,0,0,0,0,0,764.307,611.126,554.95,506.115,475.875,414.689,363.939,318.545,296.305,270.813,237.13,217.318,202.928,210.535,233.962,254.638,243.565,209.447,168.13,135.628,116.771,104.4,97.062,88.298,85.886,80.393,73.928,63.582,55.881,49.365,43.01,38.419,33.937,32.593,30.059,28.349,29.311,26.743,27.223,23.501,21.528,16.819,14.144,10.41,8.296,6.464,4.208,3.001,2.472,1.8,1.012,0.726,0.722,0.601,0.428,0.099,0.153,0.105,0.165,0.057,0,0,0,0,0,0,0,0,0,0,0,0,0,0,0,0,0,0,0,0,0,0,0,0,0,0,0,0,0,0,0,0,0,0,0,6.776,9.822,11.363,14.066,16.636,19.797,21.284,22.41,23.08,24.96,26.177,26.055,26.886,28.011,32.008,38.887,46.068,47.844,44.682,38.922,34.105,31.826,30.531,30.299,29.189,30.094,29.587,28.732,26.427,24.669,23.202,21.662,20.806,19.577,19.119,18.025,16.79,16.844,15.107,14.868,12.624,11.309,8.824,7.392,5.316,4.162,3.257,2.148,1.5,1.155,0.837,0.465,0.352,0.32,0.248,0.174,0.039,0.06,0.04,0.061,0.021,0,0,0,0,0
2026-08-28 18:08:00,1,"Normal Scan","Normal Scan",0,"ON",1,1,1,737.1,5,20.2,96.9,54.8,6.95106e-08,1.81905e-05,4.97,8954.6,8.8,736.5,1,"Up Scan","Positive",254,0,4.37,1.6,8,8,0,1,1,15.932,27.196,19.825,9.647,1.993,7300.05,51,21.1,NA,0,0,0,0,0,0,0,0,0,0,0,0,0,0,0,0,0,0,0,0,0,0,0,0,0,0,0,0,0,0,0,669.143,572.047,562.712,487.105,445.516,409.488,355.205,327.373,287.336,254.885,232.19,208.359,186.403,178.267,172.559,172.284,160.879,159.972,141.972,133.649,130.923,116.96,100.863,95.141,81.685,74.357,68.353,55.633,48.233,43.65,37.163,31.934,28.783,29.609,25.048,24.758,25.712,24.136,25.048,23.474,20.21,18.138,12.309,10.93,8.609,5.842,4.549,2.797,2.279,1.501,1.152,1.12,0.494,0.231,0.571,0.148,0.204,0.053,0.108,0,0,0,0,0,0,0,0,0,0,0,0,0,0,0,0,0,0,0,0,0,0,0,0,0,0,0,0,0,0,0,0,0,0,0,0,5.989,8.628,10.681,14.309,16.136,18.462,20.958,21.811,23.719,24.176,24.572,25.374,25.624,25.559,27.074,28.861,31.542,32.1,34.509,33.169,33.586,35.231,33.8,30.988,30.988,28.351,27.217,26.352,22.99,21.382,20.545,18.869,17.636,16.942,17.765,15.677,15.393,14.887,13.881,14.014,12.601,10.659,9.347,6.398,5.574,4.4,2.89,2.23,1.408,1.096,0.701,0.548,0.482,0.226,0.095,0.232,0.059,0.079,0.02,0.041,0,0.015,0,0,0,0
2026-08-28 18:13:00,1,"Normal Scan","Normal Scan",0,"ON",1,1,1,737.2,5,20.3,96.9,55.3,6.95407e-08,1.81953e-05,4.97,8954.6,8.8,736.5,1,"Up Scan","Positive",254,0,4.37,1.6,8,8,0,1,1,16.053,27.514,19.907,9.647,2.003,6789.67,51,21.1,NA,0,0,0,0,0,0,0,0,0,0,0,0,0,0,0,0,0,0,0,0,0,0,0,0,0,0,0,0,0,0,0,603.299,543.515,482.39,476.694,406.947,373.563,332.552,314.193,276.963,251.281,221.249,203.79,190.747,175.033,164.174,153.311,143.793,139.675,124.172,116.927,103.513,102.916,87.935,87.696,82.764,74.269,64.051,54.61,43.119,36.876,34.895,26.945,28.657,26.488,24.091,25.43,22.137,25.928,24.624,23.87,20.225,18.678,14.313,10.734,9.084,6.283,5.507,2.821,1.836,1.893,0.573,0.613,0.891,0.369,0.191,0.149,0.204,0.053,0.11,0.056,0,0,0,0,0,0,0,0,0,0,0,0,0,0,0,0,0,0,0,0,0,0,0,0,0,0,0,0,0,0,0,0,0,0,0,5.345,7.804,10.2,12.239,15.717,16.953,19.133,20.408,22.767,23.326,24.247,24.197,25.004,26.113,26.5,27.374,27.973,28.668,30.121,29.125,29.608,28.246,29.855,27.208,28.498,28.447,26.911,24.64,22.555,19.136,17.934,17.896,15.381,17.053,16.523,15.295,15.789,13.803,14.656,13.775,12.871,10.851,9.504,7.396,5.343,4.465,3.205,2.658,1.366,0.884,0.874,0.28,0.297,0.376,0.153,0.077,0.059,0.079,0.02,0.041,0.021,0,0,0,0,0
2026-08-28 18:18:00,1,"Normal Scan","Normal Scan",0,"ON",1,1,1,736.9,5,19.9,96.9,55.4,6.94201e-08,1.81761e-05,4.97,8954.6,8.8,736.5,1,"Up Scan","Positive",254,0,4.37,1.6,8,8,0,1,1,15.457,27.263,19.526,9.647,2.02,6793.99,51,21,NA,0,0,0,0,0,0,0,0,0,0,0,0,0,0,0,0,0,0,0,0,0,0,0,0,0,0,0,0,0,0,0,696.014,573.717,533.313,472.598,413.389,372.846,323.189,287.007,266.351,248.449,219.162,187.354,177.276,153.591,147.101,130.934,129.932,120.359,121.662,115.526,108.954,101.151,93.223,89.221,78.151,70.329,61.046,52.167,45.415,38.874,33.441,29.629,27.982,27.51,26.151,26.105,25.464,27.244,25.164,23.138,20.678,16.05,14.347,10.953,8.808,6.921,4.892,3.887,2.527,1.589,1.277,0.61,0.4,0.322,0.191,0.098,0.103,0.159,0,0.056,0,0,0,0,0,0,0,0,0,0,0,0,0,0,0,0,0,0,0,0,0,0,0,0,0,0,0,0,0,0,0,0,0,0,0,6.315,8.901,10.683,13.562,15.594,17.188,19.112,19.851,20.808,22.404,23.949,23.934,22.979,24.286,23.317,24.583,24.046,25.971,26.205,28.571,29.197,29.528,29.275,28.721,29.004,26.963,25.702,23.706,21.534,20.429,18.897,17.482,16.856,16.677,16.919,16.269,15.695,15.25,15.448,14.093,12.592,11.144,8.539,7.36,5.526,4.365,3.373,2.36,1.844,1.15,0.755,0.584,0.278,0.169,0.134,0.077,0.039,0.04,0.06,0,0.021,0,0,0,0,0
2026-08-28 18:23:00,1,"Normal Scan","Normal Scan",0,"ON",1,1,1,737.1,5,20.2,96.9,55,6.95106e-08,1.81905e-05,4.97,8954.6,8.8,736.5,1,"Up Scan","Positive",254,0,4.37,1.6,8,8,0,1,1,16.167,27.652,19.942,9.647,2.01,7576.81,52,21.1,NA,0,0,0,0,0,0,0,0,0,0,0,0,0,0,0,0,0,0,0,0,0,0,0,0,0,0,0,0,0,0,0,711.684,598.764,559.242,510.505,436.944,397.368,356.446,329.844,289.972,277.125,265.807,253.853,229.247,206.679,183.801,166.101,162.816,152.595,141.716,129.099,117.949,111.037,100.32,95.578,85.168,73.529,65.878,54.835,44.366,43.139,41.402,39.298,38.316,37.16,31.757,27.616,26.968,27.535,27.475,24.294,20.538,19.44,14.527,13.342,9.457,8.062,6.015,3.598,2.429,1.224,1.305,1.024,0.743,0.461,0.286,0.345,0.407,0.212,0,0.168,0,0,0,0,0,0,0,0,0,0,0,0,0,0,0,0,0,0,0,0,0,0,0,0,0,0,0,0,0,0,0,0,0,0,0,6.456,9.187,11.141,14.126,16.811,18.144,20.32,21.93,23.959,24.449,26.719,29.058,31.169,31.367,31.268,30.646,30.348,32.4,32.981,33.13,32.584,31.909,32.065,30.79,31.026,29.568,27.307,26.207,23.56,20.633,20.863,20.808,21.19,21.581,21.28,18.906,17.127,16.154,15.97,15.411,13.408,11.256,10.041,7.478,6.727,4.869,4.017,2.927,1.773,1.238,0.611,0.602,0.489,0.313,0.191,0.116,0.137,0.159,0.08,0,0.062,0,0,0,0,0
2026-08-28 18:28:00,1,"Normal Scan","Normal Scan",0,"ON",1,1,1,737.3,5,20.4,96.9,55.6,6.95709e-08,1.82001e-05,4.97,8954.6,8.8,736.5,1,"Up Scan","Positive",254,0,4.37,1.6,8,8,0,1,1,16.629,28.807,20.675,9.647,2.041,7608.49,51,21.1,NA,0,0,0,0,0,0,0,0,0,0,0,0,0,0,0,0,0,0,0,0,0,0,0,0,0,0,0,0,0,0,0,643.619,607.351,523.655,467.986,426.161,392.19,371.598,353.67,316.128,279.347,268.953,233.504,209.67,188.336,177.63,161.174,149.265,143.275,147.829,144.123,137.286,127.362,121.353,114.533,103.758,89.473,82.697,67.712,59.433,50.948,46.884,39.766,39.443,36.12,31.894,32.658,29.916,30.448,26.014,27.493,24.293,19.588,16.355,12.418,10.192,7.505,5.821,2.906,2.439,1.542,1.499,1.082,0.739,0.516,0.476,0.148,0.103,0.107,0,0.112,0,0,0,0,0,0,0,0,0,0,0,0,0,0,0,0,0,0,0,0,0,0,0,0,0,0,0,0,0,0,0,0,0,0,0,6.175,8.292,11.291,13.35,15.448,17.698,20.082,22.855,25.622,26.607,26.931,29.325,28.642,28.684,28.573,29.718,29.614,29.949,31.296,34.826,36.553,37.257,36.997,37.438,37.225,35.828,32.865,32.041,28.339,26.315,24.227,23.644,21.789,22.148,21.189,19.535,19.412,17.785,17.206,14.718,14.92,12.772,10.168,8.388,6.348,5.133,3.744,2.848,1.478,1.133,0.717,0.684,0.498,0.329,0.213,0.194,0.059,0.04,0.04,0,0.041,0.015,0,0,0,0
2026-08-28 18:33:00,1,"Normal Scan","Normal Scan",0,"ON",1,1,1,736.9,5,19.9,96.9,55.5,6.94201e-08,1.81761e-05,4.97,8954.6,8.8,736.5,1,"Up Scan","Positive",254,0,4.37,1.6,8,8,0,1,1,16.082,28.011,20.163,9.647,2.022,7779.34,51,21,NA,0,0,0,0,0,0,0,0,0,0,0,0,0,0,0,0,0,0,0,0,0,0,0,0,0,0,0,0,0,0,0,662.135,614.904,569.459,523.143,481.653,444.94,389.195,348.782,324.894,280.684,249.836,227.852,201.119,189.017,174.291,164.304,154.861,148.019,140.628,132.634,129.413,123.641,117.304,109.574,104.534,91.768,82.231,72.008,58.901,45.812,40.293,35.103,33.478,33.691,30.677,28.104,29.907,29.002,27.015,26.281,24.322,19.819,15.345,13.256,10.164,7.183,4.935,4.178,2.748,1.621,1.436,0.888,0.905,0.449,0.382,0.099,0.154,0.158,0.163,0.056,0,0,0,0,0,0,0,0,0,0,0,0,0,0,0,0,0,0,0,0,0,0,0,0,0,0,0,0,0,0,0,0,0,0,0,6.071,8.489,11.485,14.461,17.222,20.036,22.757,23.938,25.282,27.358,27.069,27.308,27.961,27.539,28.663,29.136,30.107,31.01,32.218,33.185,33.826,35.282,36.051,36.293,35.777,35.772,33.231,31.546,29.337,25.952,21.868,20.861,19.793,19.513,20.047,19.039,17.473,17.507,16.709,15.379,14.138,12.932,10.357,8.001,6.659,5.096,3.657,2.43,2.027,1.272,0.789,0.681,0.406,0.382,0.185,0.155,0.039,0.06,0.06,0.061,0.021,0,0,0,0,0
2026-08-28 18:38:00,1,"Normal Scan","Normal Scan",0,"ON",1,1,1,737.1,5,20.2,96.9,55.1,6.95106e-08,1.81905e-05,4.97,8954.6,8.8,736.5,1,"Up Scan","Positive",254,0,4.37,1.6,8,8,0,1,1,15.567,28.009,19.864,9.647,2.044,7392.91,52,21.1,NA,0,0,0,0,0,0,0,0,0,0,0,0,0,0,0,0,0,0,0,0,0,0,0,0,0,0,0,0,0,0,0,669.533,630.659,563.645,497.011,484.085,430.172,375.274,335.654,288.045,268.526,227.923,209.532,192.034,160.363,149.224,136.077,127.871,129.191,123.832,115.908,116.237,109.732,104.06,105.063,89.318,84.999,74.746,68.587,54.6,45.662,39.544,35.286,28.976,32.336,31.141,30.561,31.264,28.823,30.915,27.089,23.993,21.991,15.515,13.269,8.633,7.393,5.351,3.651,2.988,1.61,1.697,0.922,0.496,0.553,0.478,0.296,0.255,0.157,0,0.168,0,0,0,0,0,0,0,0,0,0,0,0,0,0,0,0,0,0,0,0,0,0,0,0,0,0,0,0,0,0,0,0,0,0,0,5.989,8.688,11.722,14.28,16.388,20.121,22.015,23.03,24.344,24.256,25.862,24.882,25.656,26.227,24.351,24.928,25.006,25.663,28.176,29.301,29.544,31.761,32.059,32.37,34.249,30.836,31.068,28.77,27.755,24.454,22.165,20.634,19.801,18.236,19.731,19.167,18.854,18.183,16.728,16.659,14.722,12.774,11.399,7.973,6.84,4.436,3.664,2.606,1.86,1.45,0.797,0.741,0.445,0.226,0.229,0.194,0.118,0.099,0.06,0,0.062,0.015,0,0,0,0
2026-08-28 18:43:00,1,"Normal Scan","Normal Scan",0,"ON",1,1,1,737.2,5,20.3,96.9,55.6,6.95407e-08,1.81953e-05,4.97,8954.6,8.8,736.5,1,"Up Scan","Positive",254,0,4.37,1.6,8,8,0,1,1,16.018,29.483,20.516,9.647,2.095,6568.72,51,21.1,NA,0,0,0,0,0,0,0,0,0,0,0,0,0,0,0,0,0,0,0,0,0,0,0,0,0,0,0,0,0,0,0,625.855,549.656,488.401,426.341,372.859,347.41,322.454,285.733,237.438,223.045,211.578,182.825,168.725,160.288,146.441,136.439,118.158,110.986,109.593,106.151,102.746,100.063,101.103,97.722,94.479,85.436,75.782,63.507,51.445,41.614,37.232,35.461,32.153,30.249,30.354,29.602,29.916,28.956,28.124,27.001,26.398,20.793,16.757,13.898,10.219,7.719,5.297,3.534,2.795,2.041,1.17,1.354,0.853,0.647,0.431,0.642,0.308,0.052,0.381,0.112,0,0,0,0,0,0,0,0,0,0,0,0,0,0,0,0,0,0,0,0,0,0,0,0,0,0,0,0,0,0,0,0,0,0,0,6.467,8.054,10.222,12.371,14.056,15.487,17.807,19.814,20.727,19.947,21.535,23.16,22.435,23.063,24.262,24.433,24.965,23.723,24.337,26.047,27.284,28.351,29.409,31.339,31.91,32.342,31.013,29.332,26.091,23.034,20.347,19.603,19.929,19.231,18.663,19.444,18.257,17.858,17.037,15.603,14.793,13.83,10.946,8.592,7.13,5.315,3.895,2.709,1.801,1.426,0.988,0.59,0.649,0.376,0.267,0.174,0.255,0.119,0.02,0.142,0.041,0.015,0,0,0,0
2026-08-28 18:48:00,1,"Normal Scan","Normal Scan",0,"ON",1,1,1,736.9,5,19.9,96.9,55.6,6.94201e-08,1.81761e-05,4.97,8954.6,8.8,736.5,1,"Up Scan","Positive",254,0,4.37,1.6,8,8,0,1,1,17.059,32.035,21.791,9.647,2.16,6033.34,51,21,NA,0,0,0,0,0,0,0,0,0,0,0,0,0,0,0,0,0,0,0,0,0,0,0,0,0,0,0,0,0,0,0,508.838,444.946,387.031,374.293,339.69,324.159,287.833,255.959,232.239,213.878,194.721,179.643,165.246,153.109,145.57,124.107,118.44,115.66,111.025,100.959,101.484,101.687,99.627,91.651,87.909,80.554,67.553,58.181,47.132,34.93,33.145,29.816,32.24,34.917,37.859,43.649,39.424,37.066,34.129,30.236,28.962,22.991,20.622,15.745,13.166,10.332,7.388,3.976,2.972,1.939,1.398,1.205,0.589,0.324,0.335,0.347,0.305,0.212,0,0,0,0,0,0,0,0,0,0,0,0,0,0,0,0,0,0,0,0,0,0,0,0,0,0,0,0,0,0,0,0,0,0,0,0,0,4.712,6.534,8.303,9.83,12.354,14.194,16.659,17.737,18.552,19.557,20.656,21.253,22.044,22.614,23.21,24.272,22.765,23.805,25.274,26.279,25.93,27.859,29.628,30.712,29.846,29.932,29.151,26.3,24.517,22.105,19.183,19.778,18.953,20.409,21.598,23.289,25.387,23.24,21.012,19.36,16.825,15.411,11.969,10.462,7.922,6.595,5.025,3.531,1.904,1.499,0.917,0.657,0.519,0.282,0.134,0.136,0.137,0.119,0.08,0,0,0.033,0,0,0,0
2026-08-28 18:53:00,1,"Normal Scan","Normal Scan",0,"ON",1,1,1,737.3,5,20.4,96.9,55.2,6.95709e-08,1.82001e-05,4.97,8954.6,8.8,736.5,1,"Up Scan","Positive",254,0,4.37,1.6,8,8,0,1,1,16.654,30.565,21.183,9.647,2.116,5532.08,52,21.1,NA,0,0,0,0,0,0,0,0,0,0,0,0,0,0,0,0,0,0,0,0,0,0,0,0,0,0,0,0,0,0,0,468.373,445.032,361.701,369.09,326.899,279.382,253.509,244.769,224.641,195.164,183.699,165.688,145.472,135.276,121.634,114.427,104.081,100.415,93.788,95.151,93.373,90.134,88.93,88.476,81.381,70.267,64.503,51.919,46.161,35.546,30.899,31.34,29.121,27.864,27.98,30.05,30.338,28.839,28.002,26.905,22.765,19.046,16.307,12.41,8.888,5.919,5.308,3.756,2.432,1.358,0.848,0.649,0.722,0.557,0.238,0.296,0.154,0.158,0.054,0,0,0,0,0,0,0,0,0,0,0,0,0,0,0,0,0,0,0,0,0,0,0,0,0,0,0,0,0,0,0,0,0,0,0,0,4.555,6.014,8.283,9.143,12.151,13.605,14.317,15.565,17.743,18.923,18.788,20.062,20.305,19.899,20.473,20.328,20.979,20.908,21.99,22.352,24.41,25.573,26.378,27.5,28.79,27.804,25.608,25.128,21.626,20.621,18.036,17.192,18.1,17.783,17.7,17.574,17.995,17.822,16.547,15.248,14.279,11.973,10.059,8.22,6.198,4.391,3.017,2.643,1.787,1.189,0.667,0.4,0.278,0.339,0.229,0.097,0.118,0.06,0.06,0.02,0,0.029,0,0,0,0
2026-08-28 18:58:00,1,"Normal Scan","Normal Scan",0,"ON",1,1,1,737,5,20.1,96.9,55.8,6.94804e-08,1.81857e-05,4.97,8954.6,8.8,736.5,1,"Up Scan","Positive",254,0,4.37,1.6,8,8,0,1,1,15.565,28.388,19.842,9.647,2.081,6234.07,51,21.1,NA,0,0,0,0,0,0,0,0,0,0,0,0,0,0,0,0,0,0,0,0,0,0,0,0,0,0,0,0,0,0,0,749.837,580.771,471.243,391.787,334.971,291.013,263.792,248.808,221.255,201.568,183.191,171.659,162.256,160.201,144.469,130.799,118.034,111.27,106.32,105.463,97.358,93.195,89.19,86.252,75.239,70.169,61.473,48.501,42.085,36.031,32.273,28.242,28.743,28.217,28.942,30.706,29.38,27.999,25.782,25.528,22.582,18.879,15.057,12.662,9.264,6.569,4.252,3.244,2.379,1.658,1.045,0.742,0.584,0.462,0.544,0.027,0.05,0,0.055,0,0,0,0,0,0,0,0,0,0,0,0,0,0,0,0,0,0,0,0,0,0,0,0,0,0,0,0,0,0,0,0,0,0,0,0,7.639,9.622,10.851,11.902,12.942,13.946,14.862,16.224,18.063,18.632,19.479,20.038,21.096,22.223,24.246,24.123,23.948,23.617,24.25,25.113,26.743,26.583,27.087,27.396,28.018,25.925,25.564,23.866,20.535,19.231,18.046,17.689,16.723,17.312,17.509,17.913,18.314,17.162,16.032,14.432,13.62,11.802,9.748,7.781,6.364,4.572,3.236,2.127,1.606,1.096,0.737,0.456,0.334,0.263,0.191,0.221,0.011,0.02,0,0.02,0,0.016,0,0,0,0
2026-08-28 19:03:00,1,"Normal Scan","Normal Scan",0,"ON",1,1,1,736.9,5,19.9,96.9,55.4,6.94201e-08,1.81761e-05,4.97,8954.6,8.8,736.5,1,"Up Scan","Positive",254,0,4.37,1.6,8,8,0,1,1,16.051,30.019,20.587,9.647,2.135,4900.62,51,21,NA,0,0,0,0,0,0,0,0,0,0,0,0,0,0,0,0,0,0,0,0,0,0,0,0,0,0,0,0,0,0,0,572.135,430.652,353.3,296.592,256.451,240.444,201.719,177.407,168.629,168.61,150.922,146.923,128.752,111.002,104.061,93.336,94.17,88.453,89.197,84.336,77.984,81.447,74.899,73.693,65.267,58.089,49.024,41.463,35.478,31.136,26.769,27.512,26.153,27.29,30.192,28.152,28.733,26.687,25.158,22.807,19.792,15.878,14.158,8.776,7.617,5.739,4.034,2.082,1.996,1.386,1.359,0.906,0.489,0.325,0.284,0.345,0.205,0.053,0.055,0.112,0,0,0,0,0,0,0,0,0,0,0,0,0,0,0,0,0,0,0,0,0,0,0,0,0,0,0,0,0,0,0,0,0,0,0,4.837,7.319,7.977,8.958,9.773,10.672,12.321,12.43,12.886,14.211,16.272,16.467,18.039,17.633,16.853,17.431,17.155,18.912,19.318,21.114,21.482,21.334,23.57,23.073,23.889,22.5,21.318,19.36,17.828,16.614,16.168,15.28,16.067,15.8,16.68,17.675,16.51,16.526,14.617,13.663,12.264,10.236,8.245,7.235,4.6,3.904,2.841,2.018,1.044,0.973,0.665,0.621,0.426,0.207,0.134,0.116,0.137,0.079,0.02,0.02,0.041,0,0,0,0,0
2026-08-28 19:08:00,1,"Normal Scan","Normal Scan",0,"ON",1,1,1,737.3,5,20.4,96.9,55.5,6.95709e-08,1.82001e-05,4.97,8954.6,8.8,736.5,1,"Up Scan","Positive",254,0,4.37,1.6,8,8,0,1,1,15.157,29.012,19.907,9.647,2.118,4990.78,51,21.1,NA,0,0,0,0,0,0,0,0,0,0,0,0,0,0,0,0,0,0,0,0,0,0,0,0,0,0,0,0,0,0,0,548.262,471.5,415.552,351.021,295.82,238.565,228.474,198.275,175.907,157.551,137.406,130.779,111.322,104.118,98.944,93.005,83.705,82.914,82.889,73.21,73.422,74.317,71.603,67.922,63.319,61.5,49.268,41.999,33.205,29.148,27.226,26.772,24.695,24.528,28.371,29.126,28.11,27.715,25.187,22.4,17.767,14.289,13.24,9.455,8.043,5.738,3.809,3.097,1.847,1.285,0.929,0.821,0.58,0.277,0.285,0.049,0.051,0,0.055,0.112,0,0,0,0,0,0,0,0,0,0,0,0,0,0,0,0,0,0,0,0,0,0,0,0,0,0,0,0,0,0,0,0,0,0,0,6.215,7.097,8.764,10.501,11.556,12.294,12.203,14.077,14.382,14.795,15.15,15.036,16.061,15.253,15.811,16.511,17.044,16.814,18.12,19.612,18.795,20.221,21.644,22.061,22.092,21.815,22.376,19.38,17.817,15.702,15.35,15.3,15.571,15.409,15.333,16.659,16.593,16.058,15.275,13.754,11.968,9.374,7.557,6.727,4.762,4.026,2.84,1.86,1.496,0.853,0.575,0.42,0.389,0.245,0.115,0.116,0.02,0.02,0,0.02,0.041,0,0,0,0,0
2026-08-28 19:13:00,1,"Normal Scan","Normal Scan",0,"ON",1,1,1,736.9,5,19.9,96.9,55.7,6.94201e-08,1.81761e-05,4.97,8954.6,8.8,736.5,1,"Up Scan","Positive",254,0,4.37,1.6,8,8,0,1,1,15.607,29.531,20.328,9.647,2.117,4838.67,51,21,NA,0,0,0,0,0,0,0,0,0,0,0,0,0,0,0,0,0,0,0,0,0,0,0,0,0,0,0,0,0,0,0,507.437,400.959,398.777,300.214,293.068,254.55,230.34,197.892,178.87,150.213,145.248,121.967,120.45,102.797,104.116,85.404,88.015,87.848,82.68,79.254,77.931,75.192,71.759,69.109,68.288,59.438,49.839,42.056,32.672,30.273,25.1,23.575,26.59,25.484,24.436,24.763,24.962,25.154,22.355,22.799,19.43,15.625,13.101,10.531,8.018,5.774,4.609,2.979,1.942,1.664,1.157,0.467,0.491,0.321,0.43,0.098,0.051,0,0.11,0,0,0,0,0,0,0,0,0,0,0,0,0,0,0,0,0,0,0,0,0,0,0,0,0,0,0,0,0,0,0,0,0,0,0,0,4.888,6.548,7.511,10.142,9.899,12.178,13.033,14.132,14.356,15.053,14.504,15.85,14.972,16.489,15.604,17.403,15.741,17.673,19.161,19.6,20.362,21.359,21.89,22.146,22.423,23.386,21.563,19.471,17.859,15.339,15.162,14.003,14.173,15.745,15.686,15.235,14.966,14.703,14.361,12.371,12.277,10.344,8.079,6.771,5.394,3.955,2.845,2.233,1.488,0.882,0.753,0.515,0.223,0.207,0.134,0.174,0.039,0.02,0,0.041,0,0,0,0,0,0
2026-08-28 19:18:00,1,"Normal Scan","Normal Scan",0,"ON",1,1,1,737.2,5,20.3,96.9,55.1,6.95407e-08,1.81953e-05,4.97,8954.6,8.8,736.5,1,"Up Scan","Positive",254,0,4.37,1.6,8,8,0,1,1,16.123,30.757,21.02,9.647,2.146,4529.9,51,21.1,NA,0,0,0,0,0,0,0,0,0,0,0,0,0,0,0,0,0,0,0,0,0,0,0,0,0,0,0,0,0,0,0,429.701,358.559,352.322,310.024,268.367,233.705,198.85,182.677,164.012,143.514,128.496,120.757,103.725,101.935,89.765,87.715,86.115,85.224,84.932,82.034,77.676,80.394,76.956,71.991,67.526,56.993,44.585,39.346,32.239,27.493,26.996,27.481,25.039,25.682,26.78,27.827,27.865,25.121,24.719,20.65,18.301,14.58,12.075,9.606,8.871,5.585,4.5,3.338,2.229,1.31,0.952,0.865,0.641,0.443,0.096,0.246,0.051,0.264,0.164,0,0,0,0,0,0,0,0,0,0,0,0,0,0,0,0,0,0,0,0,0,0,0,0,0,0,0,0,0,0,0,0,0,0,0,0,4.09,5.577,6.687,8.91,10.231,11.136,11.935,12.234,13.235,13.765,13.836,14.035,14.823,14.253,15.51,15.089,16.156,17.358,18.693,20.084,20.959,21.245,23.15,23.491,23.235,23.053,20.943,17.847,16.813,15.302,14.381,15.118,15.903,15.226,15.598,15.937,16.105,15.813,14.221,13.653,11.258,9.743,7.856,6.24,4.823,4.451,2.864,2.215,1.575,1.061,0.647,0.475,0.389,0.288,0.185,0.039,0.098,0.02,0.1,0.061,0,0.015,0,0,0,0
2026-08-28 19:23:00,1,"Normal Scan","Normal Scan",0,"ON",1,1,1,737.2,5,20.3,96.9,55.6,6.95407e-08,1.81953e-05,4.97,8954.6,8.8,736.5,1,"Up Scan","Positive",254,0,4.37,1.6,8,8,0,1,1,15.808,30.263,20.701,9.647,2.133,4592.41,51,21.1,NA,0,0,0,0,0,0,0,0,0,0,0,0,0,0,0,0,0,0,0,0,0,0,0,0,0,0,0,0,0,0,0,430.36,373.095,364.463,313.444,282.503,246.769,221.905,183.397,167.842,142.245,134.379,121.869,108.349,94.845,95.175,88.247,85.704,82.433,86.289,78.067,77.177,73.903,74.43,71.99,60.101,56.249,44.783,40.213,31.28,27.802,25.106,22.314,24.525,22.913,24.199,27.34,25.904,25.183,21.379,24.28,21.923,16.326,13.766,10.508,9.213,5.508,3.688,2.668,1.964,1.15,0.788,0.663,0.503,0.309,0.142,0.149,0.101,0.37,0.109,0.112,0,0,0,0,0,0,0,0,0,0,0,0,0,0,0,0,0,0,0,0,0,0,0,0,0,0,0,0,0,0,0,0,0,0,0,4.327,5.602,6.875,9.213,10.322,11.733,12.611,13.609,13.273,14.124,13.698,14.68,14.95,14.835,14.45,15.933,16.234,17.205,18.076,20.421,19.876,21.085,21.389,22.809,23.235,20.67,20.419,17.618,17.106,14.584,14.385,14.286,13.847,14.7,14.795,15.557,16.252,15.175,14.269,12.199,12.806,11.275,8.43,6.966,5.252,4.576,2.756,1.841,1.27,0.949,0.581,0.402,0.334,0.213,0.128,0.058,0.059,0.04,0.141,0.041,0.041,0,0,0,0,0
2026-08-28 19:28:00,1,"Normal Scan","Normal Scan",0,"ON",1,1,1,737.1,5,20.1,97,55.2,6.94088e-08,1.81857e-05,4.97,8954.6,8.8,736.5,1,"Up Scan","Positive",254,0,4.37,1.6,8,8,0,1,1,18.836,30.186,21.799,9.647,2.037,5745.36,51,21.1,NA,0,0,0,0,0,0,0,0,0,0,0,0,0,0,0,0,0,0,0,0,0,0,0,0,0,0,0,0,0,0,0,443.835,404.061,375.245,329.652,293.771,252.506,235.365,204.715,187.156,186.558,178.399,190.987,180.395,197.81,201.73,191.235,184.53,179.806,160.556,135.15,122.813,107.372,96.739,85.584,70.123,55.486,47.718,39.112,31.403,28.699,23.227,22.16,22.559,23.059,23.568,27.471,27.342,28.097,25.87,23.746,23.762,19.786,14.741,10.896,9.358,7.047,3.539,3.018,2.399,1.726,1.33,0.718,0.311,0.415,0.286,0.05,0.152,0.105,0.109,0,0,0,0,0,0,0,0,0,0,0,0,0,0,0,0,0,0,0,0,0,0,0,0,0,0,0,0,0,0,0,0,0,0,0,0,4.537,5.738,7.539,9.483,10.894,12.222,12.958,14.434,14.877,15.844,18.076,19.633,23.577,24.905,30.086,33.635,34.863,36.57,38.581,37.18,33.639,32.703,30.529,29.158,27.323,23.877,20.131,18.616,16.529,14.758,14.868,13.683,14.049,14.781,14.918,15.661,17.064,16.035,15.801,14.577,12.759,12.186,10.122,7.603,5.627,4.636,3.404,1.773,1.444,1.122,0.812,0.609,0.315,0.132,0.172,0.116,0.02,0.06,0.04,0.041,0,0,0,0,0,0
2026-08-28 19:33:00,1,"Normal Scan","Normal Scan",0,"ON",1,1,1,737.4,5,20.5,97,55.4,6.95293e-08,1.82049e-05,4.97,8954.6,8.8,736.5,1,"Up Scan","Positive",254,0,4.37,1.6,8,8,0,1,1,17.624,28.96,21.093,9.647,1.989,6384.27,51,21.2,NA,0,0,0,0,0,0,0,0,0,0,0,0,0,0,0,0,0,0,0,0,0,0,0,0,0,0,0,0,0,0,0,426.285,410.109,369.414,391.161,378.086,339.133,315.943,314.014,287.602,241.68,226.779,210.364,208.728,206.985,204.091,192.214,181.991,165.635,146.37,135.808,121.12,107.491,94.771,87.333,71.673,60.982,44.05,38.546,32.018,26.226,23.71,21.167,20.531,19.412,20.981,24.711,25.744,24.843,27.931,24.915,25.621,20.987,16.52,13.567,11.885,7.982,5.43,4.423,2.069,1.907,1.451,0.475,0.312,0.323,0.193,0.05,0.256,0.053,0.11,0.113,0,0,0,0,0,0,0,0,0,0,0,0,0,0,0,0,0,0,0,0,0,0,0,0,0,0,0,0,0,0,0,0,0,0,0,4.236,5.489,7.654,9.363,12.912,15.714,17.387,19.42,22.783,24.227,23.353,24.857,25.9,28.645,31.382,33.987,34.977,36.033,35.591,34.004,33.884,32.304,30.48,28.56,27.852,24.204,21.951,17.217,15.984,14.598,13.61,13.635,13.565,14.105,13.701,15.152,16.181,15.896,15.092,15.909,13.763,13.475,10.795,8.387,6.874,5.773,3.841,2.602,2.104,0.972,0.898,0.657,0.26,0.132,0.134,0.077,0.02,0.099,0.02,0.041,0.045,0,0,0,0,0
2026-08-28 19:38:00,1,"Normal Scan","Normal Scan",0,"ON",1,1,1,737,5,20,96.9,55.5,6.94502e-08,1.81809e-05,4.97,8954.6,8.8,736.5,1,"Up Scan","Positive",254,0,4.37,1.6,8,8,0,1,1,17.611,29.124,20.829,9.647,2.022,5936.81,51,21.1,NA,0,0,0,0,0,0,0,0,0,0,0,0,0,0,0,0,0,0,0,0,0,0,0,0,0,0,0,0,0,0,0,477.527,434.99,405.457,354.244,310.064,279.976,268.208,243.909,227.74,230.864,218.049,224.811,216.733,192.138,183.215,178.678,168.945,144.941,131.996,118.53,103.621,84.435,73.157,65.568,57.057,50.635,45.162,36.385,30.098,25.014,24.678,22.013,20.582,21.526,24.392,23.193,23.891,27.104,29.66,25.551,23.362,20.523,17.2,13.632,10.382,8.241,6.708,3.711,2.875,1.911,1.426,0.779,0.357,0.461,0.191,0.098,0.052,0.104,0.054,0,0,0,0,0,0,0,0,0,0,0,0,0,0,0,0,0,0,0,0,0,0,0,0,0,0,0,0,0,0,0,0,0,0,0,0,4.266,6.199,8.119,10.238,11.654,12.858,14.324,16.536,17.734,19.214,22.309,23.904,27.686,29.634,29.083,30.489,32.478,33.321,30.998,30.472,29.451,27.659,24.222,22.311,21.184,19.586,18.565,17.572,15.353,14.259,13.157,13.856,13.947,14.369,14.909,16.181,15.423,15.265,16.082,16.537,14.165,12.549,10.706,8.747,6.97,5.111,3.968,3.237,1.746,1.308,0.892,0.639,0.334,0.151,0.191,0.077,0.039,0.02,0.04,0.02,0,0,0,0,0,0
2026-08-28 19:43:00,1,"Normal Scan","Normal Scan",0,"ON",1,1,1,737.3,5,20.5,96.9,55,6.96011e-08,1.82049e-05,4.97,8954.6,8.8,736.5,1,"Up Scan","Positive",254,0,4.37,1.6,8,8,0,1,1,16.378,29.857,20.636,9.647,2.091,5282.88,51,21.2,NA,0,0,0,0,0,0,0,0,0,0,0,0,0,0,0,0,0,0,0,0,0,0,0,0,0,0,0,0,0,0,0,454.101,422.777,399.576,339.236,296.525,278.28,260.407,226.023,206.335,189.068,165.25,148.307,141.385,135.599,138.059,141.317,137.027,119.902,105.019,89.71,78.477,69.907,69.728,64.796,60.104,50.082,44.178,33.382,29.66,26.389,22.746,22.644,22.621,22.74,24.127,27.318,27.433,28.426,27.271,25.34,23.227,20.575,16.45,13.792,10.013,8.044,6.178,4.054,3.754,1.91,1.055,0.82,0.763,0.277,0.285,0.197,0.102,0.105,0,0,0,0,0,0,0,0,0,0,0,0,0,0,0,0,0,0,0,0,0,0,0,0,0,0,0,0,0,0,0,0,0,0,0,0,0,4.12,5.876,7.871,10.136,11.19,12.286,14.261,16.009,16.408,17.358,18.234,18.095,18.273,19.405,20.57,22.977,25.679,27.022,25.756,24.479,22.642,21.248,20.224,21.28,20.997,20.578,18.384,17.26,14.515,14.1,14.002,13.39,14.5,14.968,15.338,15.994,17.259,16.738,16.685,15.454,14.058,12.421,10.864,8.535,6.899,4.961,3.992,2.942,1.93,1.75,0.88,0.474,0.352,0.339,0.115,0.116,0.078,0.04,0.04,0,0,0.014,0,0,0,0
2026-08-28 19:48:00,1,"Normal Scan","Normal Scan",0,"ON",1,1,1,737.3,5,20.3,97,55.5,6.94691e-08,1.81953e-05,4.97,8954.6,8.8,736.5,1,"Up Scan","Positive",254,0,4.37,1.6,8,8,0,1,1,19.816,30.841,22.48,10.366,2.003,7362.41,51,21.2,NA,0,0,0,0,0,0,0,0,0,0,0,0,0,0,0,0,0,0,0,0,0,0,0,0,0,0,0,0,0,0,0,415.969,437.279,381.704,371.787,364.219,335.9,330.791,301.316,309.371,292.799,287.883,287.348,273.916,265.727,269.257,271.113,271.179,244.614,227.011,184.605,155.885,118.353,102.072,79.757,70.322,61.927,53.077,47.149,42.291,40.46,38.519,31.111,31.881,31.724,34.154,32.658,34.146,35.219,32.981,29.289,27.586,24.262,20.541,16.149,11.759,10.225,7.685,5.139,3.771,2.127,1.579,1.519,0.948,0.69,0.539,0.235,0.316,0.356,0.108,0.113,0,0,0,0,0,0,0,0,0,0,0,0,0,0,0,0,0,0,0,0,0,0,0,0,0,0,0,0,0,0,0,0,0,0,0,4.082,5.364,8.168,9.727,12.28,15.165,17.208,20.33,21.92,26.147,28.37,31.58,35.443,37.67,40.431,44.874,49.278,53.322,52.032,51.888,45.503,41.251,33.668,31.071,26.067,24.695,23.136,21.199,20.407,20.029,20.27,20.923,19.013,20.072,20.147,21.431,20.629,20.79,20.456,18.757,16.305,14.959,12.933,10.598,8.201,6.043,5.152,3.739,2.531,1.832,1.049,0.748,0.667,0.433,0.286,0.218,0.093,0.123,0.136,0.041,0.041,0.015,0,0,0,0
2026-08-28 19:53:00,1,"Normal Scan","Normal Scan",0,"ON",1,1,1,737.2,5,20.2,97,55,6.94389e-08,1.81905e-05,4.97,8954.6,8.8,736.5,1,"Up Scan","Positive",254,0,4.37,1.6,8,8,0,1,1,22.183,29.172,23.135,24.582,1.825,11186.7,51,21.1,NA,0,0,0,0,0,0,0,0,0,0,0,0,0,0,0,0,0,0,0,0,0,0,0,0,0,0,0,0,0,0,0,482.673,447.757,414.934,386.245,401.281,420.369,446.991,494.224,501.651,498.394,520.975,543.346,560.129,572.3,554.455,549.942,528.896,496.34,419.614,354.884,276.174,215.895,158.032,121.302,93.799,71.982,64.412,51.918,46.614,37.858,34.268,33.117,32.595,28.705,30.253,32.242,31.642,31.644,33.863,29.216,29.268,21.194,19.447,17.898,11.92,9.998,7.157,5.4,3.821,3.097,1.564,1.551,1.228,0.569,0.526,0.246,0.306,0.21,0.218,0.168,0,0,0,0,0,0,0,0,0,0,0,0,0,0,0,0,0,0,0,0,0,0,0,0,0,0,0,0,0,0,0,0,0,0,0,4.017,6.249,8.36,10.539,12.744,16.734,21.644,27.651,35.977,42.462,48.393,57.296,67.125,77.022,86.857,92.259,99.63,103.763,104.961,95.447,86.539,72.063,60.362,47.196,38.794,31.918,26.367,25.123,21.992,21.177,19.214,18.924,19.375,20.103,19.029,20.044,19.936,19.507,19.15,18.97,16.536,15.697,11.525,10.35,9.09,6.138,5.096,3.513,2.635,1.851,1.453,0.749,0.727,0.553,0.236,0.213,0.098,0.119,0.08,0.081,0.062,0.029,0,0,0,0
2026-08-28 19:58:00,1,"Normal Scan","Normal Scan",0,"ON",1,1,1,737.4,5,20.5,97,55.3,6.95293e-08,1.82049e-05,4.97,8954.6,8.8,736.5,1,"Up Scan","Positive",254,0,4.37,1.6,8,8,0,1,1,22.272,30.027,23.437,22.876,1.872,10582.5,51,21.2,NA,0,0,0,0,0,0,0,0,0,0,0,0,0,0,0,0,0,0,0,0,0,0,0,0,0,0,0,0,0,0,0,478.616,441.338,410.176,417.248,420.097,403.045,446.748,425.539,432.967,428.449,454.8,475.971,487.113,484.285,470.891,480.844,471.491,444.195,410.866,369.588,305.011,234.811,169.386,128.737,98.619,82.035,70.999,59.885,51.749,44.5,40.367,35.923,33.945,33.25,34.553,35.127,33.049,34.037,33.739,30.698,27.988,24.548,21.195,15.445,12.69,10.5,7.088,5.214,4.04,2.65,1.82,1.628,1.16,0.647,0.667,0.148,0.103,0.159,0.164,0,0,0,0,0,0,0,0,0,0,0,0,0,0,0,0,0,0,0,0,0,0,0,0,0,0,0,0,0,0,0,0,0,0,0,0,4.576,6.212,8.284,10.408,13.786,17.582,20.71,27.581,30.978,36.609,41.606,49.971,58.789,67.072,73.62,78.697,87.537,92.867,94.319,93.628,90.215,79.691,65.631,50.793,41.251,33.859,30.11,27.693,24.975,23.641,22.087,21.631,20.982,20.951,21.187,21.642,21.782,20.439,19.842,19.263,17.145,15.124,12.969,11.034,8.012,6.467,5.248,3.531,2.534,1.856,1.212,0.849,0.723,0.489,0.267,0.271,0.059,0.04,0.06,0.061,0,0,0,0,0,0
2026-08-28 20:03:00,1,"Normal Scan","Normal Scan",0,"ON",1,1,1,737,5,20,97,55.3,6.93786e-08,1.81809e-05,4.97,8954.6,8.8,736.5,1,"Up Scan","Positive",254,0,4.37,1.6,8,8,0,1,1,18.82,28.689,21.426,9.647,1.94,9356.5,51,21.1,NA,0,0,0,0,0,0,0,0,0,0,0,0,0,0,0,0,0,0,0,0,0,0,0,0,0,0,0,0,0,0,0,582.009,510.702,499.526,503.631,485.404,454.808,468.367,421.741,418.695,431.589,432.955,393.577,369.73,355.49,331.149,305.031,269.228,245.293,225.15,205.163,177.965,152.265,136.196,114.361,94.1,77.36,69.634,55.572,45.742,43.696,37.474,34.857,36.067,31.52,33.735,33.663,33.639,35.211,32.863,29.45,28.375,24.947,21.797,17.297,14.001,10.963,7.418,5.224,3.971,2.699,1.82,1.608,0.585,0.417,0.096,0.198,0.233,0.076,0.109,0.056,0,0,0,0,0,0,0,0,0,0,0,0,0,0,0,0,0,0,0,0,0,0,0,0,0,0,0,0,0,0,0,0,0,0,0,4.974,7.506,9.547,12.755,16.624,20.252,23.343,28.851,30.725,35.389,41.736,47.393,48.355,50.612,53.746,55.048,55.438,53.253,52.624,52.058,50.889,47.28,43.327,41.071,36.767,32.339,28.4,27.228,23.576,21.102,21.768,20.499,20.607,21.851,20.276,21.438,21.322,20.923,20.699,19.164,16.539,15.402,13.115,11.252,8.786,7.086,5.312,3.557,2.439,1.88,1.235,0.84,0.705,0.264,0.172,0.039,0.078,0.091,0.029,0.041,0.021,0.016,0,0,0,0
2026-08-28 20:08:00,1,"Normal Scan","Normal Scan",0,"ON",1,1,1,737.3,5,20.4,97,54.8,6.94992e-08,1.82001e-05,4.97,8954.6,8.8,736.5,1,"Up Scan","Positive",254,0,4.37,1.6,8,8,0,1,1,18.436,26.934,20.644,9.647,1.88,12767,51,21.2,NA,0,0,0,0,0,0,0,0,0,0,0,0,0,0,0,0,0,0,0,0,0,0,0,0,0,0,0,0,0,0,0,829.795,798.477,771.623,690.503,679.261,657.167,585.506,568.86,552.652,516.603,523.911,500.013,481.255,487.487,485.27,473.236,459.512,436.3,376.617,299.503,235.006,178.002,139.651,107.548,88.645,81.537,75.449,65.339,55.034,47.109,43.918,38.847,34.823,38.119,34.105,35.419,36.466,35.122,35.608,34.2,28.076,25.714,22.87,19.842,14.025,10.691,8.636,7.996,4.107,3.433,2.343,1.833,1.248,1.03,0.527,0.198,0.242,0.383,0.273,0.056,0,0,0,0,0,0,0,0,0,0,0,0,0,0,0,0,0,0,0,0,0,0,0,0,0,0,0,0,0,0,0,0,0,0,0,7.039,10.718,14.896,19.593,22.835,28.283,33.659,36.063,41.301,46.636,49.946,57.481,61.656,66.176,74.034,80.667,85.676,90.064,92.292,85.654,73.256,61.889,50.509,42.379,34.988,30.982,30.077,29.382,27.387,24.982,23.429,23.268,22.339,21.861,23.857,21.931,22.231,22.553,21.653,20.322,19.133,15.831,13.848,12.156,10.222,7.19,5.437,4.351,3.788,1.968,1.598,1.15,0.816,0.558,0.427,0.213,0.078,0.095,0.145,0.102,0.022,0.027,0,0,0,0
2026-08-28 20:13:00,1,"Normal Scan","Normal Scan",0,"ON",1,1,1,737.2,5,20.2,97,55.2,6.94389e-08,1.81905e-05,4.97,8954.6,8.8,736.5,1,"Up Scan","Positive",254,0,4.37,1.6,8,8,0,1,1,19.367,27.495,21.275,9.647,1.864,13414,51,21.1,NA,0,0,0,0,0,0,0,0,0,0,0,0,0,0,0,0,0,0,0,0,0,0,0,0,0,0,0,0,0,0,0,763.123,750.855,707.901,665.135,641.91,620.239,638.638,618.901,612.97,587.797,579.604,576.658,563.179,556.751,530.9,501.658,475.726,429.196,416.703,385.171,316.058,235.431,168.561,124.547,95.349,81.932,73.077,61.633,55.729,48.154,42.639,37.652,37.275,33.616,32.471,35.093,35.937,38.425,35.637,33.901,32.733,27.382,23.264,19.265,17.54,12.778,10.311,6.547,5.956,4.214,2.385,1.824,1.076,0.875,0.669,0.344,0.153,0.26,0.168,0.111,0,0,0,0,0,0,0,0,0,0,0,0,0,0,0,0,0,0,0,0,0,0,0,0,0,0,0,0,0,0,0,0,0,0,0,7.267,9.858,14.07,17.957,21.913,26.744,31.894,39.381,45.072,51.798,56.871,63.622,71.032,77.195,84.451,88.553,91.334,93.759,91.138,94.924,93.871,82.503,65.897,50.621,40.224,32.938,30.154,28.511,26.027,25.143,23.405,23.013,22.389,22.878,22.086,21.973,22.834,22.617,22.919,21.463,19.551,17.868,15.043,12.46,10.078,8.842,6.321,5.069,3.219,2.779,1.902,1.15,0.816,0.489,0.363,0.271,0.137,0.06,0.098,0.063,0.041,0.029,0,0,0,0
2026-08-28 20:18:00,1,"Normal Scan","Normal Scan",0,"ON",1,1,1,737.3,5,20.4,97,54.6,6.94992e-08,1.82001e-05,4.97,8954.6,8.8,736.5,1,"Up Scan","Positive",254,0,4.37,1.6,8,8,0,1,1,19.947,28.985,22.076,9.647,1.914,13926.1,51,21.2,NA,0,0,0,0,0,0,0,0,0,0,0,0,0,0,0,0,0,0,0,0,0,0,0,0,0,0,0,0,0,0,0,751.442,749.188,696.856,649.341,660.724,642.272,640.245,632.281,614.267,591.22,579.628,589.39,582.728,564.088,543.886,538.828,517.09,455.915,403.896,359.563,296.353,248.007,185.279,145.956,120.682,104.707,104.156,94.86,89.393,82.935,74.687,66.69,59.095,57.981,46.605,44.051,43.019,41.192,39.793,38.205,36.157,29.173,25.564,19.981,17.872,13.39,10.353,7.421,6.119,4.804,2.416,1.775,1.56,1.245,0.954,0.397,0.255,0.105,0,0.056,0,0,0,0,0,0,0,0,0,0,0,0,0,0,0,0,0,0,0,0,0,0,0,0,0,0,0,0,0,0,0,0,0,0,0,6.436,9.747,13.988,17.747,21.415,27.526,33.012,39.473,45.972,51.892,57.228,63.669,72.656,79.928,85.504,90.517,97.798,101.828,96.901,92.383,88.273,78.129,70.329,56.738,48.349,42.934,39.921,41.59,39.928,39.661,38.3,37.045,35.088,32.851,33.265,28.965,27.219,26.332,24.539,23.417,21.831,19.706,15.89,13.816,10.48,8.958,6.749,5.144,3.622,2.88,2.21,1.059,0.779,0.659,0.515,0.387,0.157,0.099,0.04,0,0.022,0,0,0,0,0
2026-08-28 20:23:00,1,"Normal Scan","Normal Scan",0,"ON",1,1,1,737.3,5,20.4,97,54.9,6.94992e-08,1.82001e-05,4.97,8954.6,8.8,736.5,1,"Up Scan","Positive",254,0,4.37,1.6,8,8,0,1,1,19.924,28.092,21.599,9.647,1.886,14030.9,50,21.2,NA,0,0,0,0,0,0,0,0,0,0,0,0,0,0,0,0,0,0,0,0,0,0,0,0,0,0,0,0,0,0,0,843.769,799.165,743.7,713.601,635.32,612.277,586.142,593.521,574.076,581.758,590.511,578.871,588.877,583.681,608.371,600.057,546.644,506.416,439.755,382.832,306.656,234.885,165.689,127.434,106.024,86.641,78.044,72.828,65.181,61.544,50.857,49.138,44.77,47.481,44.624,45.986,42.761,44.424,38.268,36.673,32.288,26.922,24.233,19.915,16.697,12.355,10.17,8.93,6.411,4.528,3.474,2.036,1.702,0.598,0.478,0.447,0.254,0,0.054,0.112,0,0,0,0,0,0,0,0,0,0,0,0,0,0,0,0,0,0,0,0,0,0,0,0,0,0,0,0,0,0,0,0,0,0,0,7.45,10.929,14.965,18.906,23.618,26.473,31.38,36.195,43.166,48.57,56.4,64.962,71.455,80.903,88.55,101.167,108.723,107.319,107.138,100.11,93.456,80.238,65.964,50.193,41.613,37.05,32.408,31.197,31.137,29.987,29.89,27.517,27.989,26.697,28.525,27.338,27.608,25.914,26.24,22.403,20.77,18.151,15.183,13.086,10.543,8.586,6.277,4.865,4.213,3.057,2.03,1.533,0.908,0.734,0.248,0.194,0.177,0.099,0,0.02,0.045,0.014,0,0,0,0
2026-08-28 20:28:00,1,"Normal Scan","Normal Scan",0,"ON",1,1,1,737.1,5,20.1,97,54.4,6.94088e-08,1.81857e-05,4.97,8954.6,8.8,736.5,1,"Up Scan","Positive",254,0,4.37,1.6,8,8,0,1,1,17.778,27.205,20.438,9.647,1.912,12326.5,50,21.1,NA,0,0,0,0,0,0,0,0,0,0,0,0,0,0,0,0,0,0,0,0,0,0,0,0,0,0,0,0,0,0,0,831.049,774.74,758.585,752.195,647.371,632.945,618.171,589.5,565.969,522.575,529.998,506.577,485.853,474.114,418.278,370.145,328.498,320.289,290.528,264.741,219.793,178.047,136.151,106.345,89.018,78.664,73.139,67.15,59.085,58.226,52.118,48.874,43.635,43.675,42.206,39.739,38.105,38.917,34.878,32.806,29.438,27.199,20.807,18.91,16.907,13.03,10.47,8.301,5.73,5.275,2.65,1.635,1.062,0.923,0.575,0.492,0.102,0.211,0,0.057,0,0,0,0,0,0,0,0,0,0,0,0,0,0,0,0,0,0,0,0,0,0,0,0,0,0,0,0,0,0,0,0,0,0,0,7.72,10.68,14.501,19.309,24.892,27.002,32.482,38.159,42.846,47.716,50.505,58.003,62.169,66.518,71.605,69.54,67.339,64.88,68.17,66.489,65.031,57.958,50.496,41.549,34.927,31.658,29.803,29.417,28.649,27.271,28.208,27.136,26.819,25.848,25.98,25.741,24.823,23.201,23.25,21.146,19.068,16.785,14.813,11.711,9.878,8.5,6.434,5.105,3.994,2.698,2.395,1.187,0.705,0.489,0.382,0.232,0.196,0.04,0.08,0,0.021,0.024,0,0,0,0
2026-08-28 20:33:00,1,"Normal Scan","Normal Scan",0,"ON",1,1,1,737.5,5,20.6,97,54.3,6.95595e-08,1.82097e-05,4.97,8954.6,8.8,736.5,1,"Up Scan","Positive",254,0,4.37,1.6,8,8,0,1,1,17.629,27.502,20.42,9.647,1.927,11480.7,50,21.2,NA,0,0,0,0,0,0,0,0,0,0,0,0,0,0,0,0,0,0,0,0,0,0,0,0,0,0,0,0,0,0,0,770.013,731.415,649.474,661.914,635.376,616.741,595.828,594.096,560.481,536.946,521.388,487.041,429.474,409.617,362.318,342.478,322.165,278.261,245.551,214.943,175.819,137.956,113.785,92.612,82.968,80.16,72.655,65.756,61.907,56.434,51.35,44.203,43.461,38.295,40.618,40.528,40.198,38.733,35.675,34.381,30.605,26.559,23.721,17.965,15.743,12.683,11.725,8.615,6.48,4.3,3.59,1.896,1.498,0.801,0.572,0.344,0.153,0.21,0.162,0.112,0,0,0,0,0,0,0,0,0,0,0,0,0,0,0,0,0,0,0,0,0,0,0,0,0,0,0,0,0,0,0,0,0,0,0,6.747,9.935,13.574,16.515,21.875,26.425,31.628,36.61,43.089,47.237,51.82,56.973,59.76,58.709,61.845,60.134,62.053,63.274,59.154,56.188,53.009,46.813,39.582,35.185,30.899,29.511,30.101,29.064,27.947,28.063,27.42,27.021,25.244,25.635,24.047,25.218,25,24.789,22.971,21.233,20.037,17.441,14.915,12.856,9.626,8.053,6.4,5.673,4.116,2.993,1.976,1.63,0.847,0.633,0.332,0.232,0.137,0.06,0.08,0.061,0.045,0,0,0,0,0
2026-08-28 20:38:00,1,"Normal Scan","Normal Scan",0,"ON",1,1,1,737.1,5,20.1,97,54.4,6.94088e-08,1.81857e-05,4.97,8954.6,8.8,736.5,1,"Up Scan","Positive",254,0,4.37,1.6,8,8,0,1,1,16.352,28.168,20.083,9.647,2.006,9436.4,50,21.1,NA,0,0,0,0,0,0,0,0,0,0,0,0,0,0,0,0,0,0,0,0,0,0,0,0,0,0,0,0,0,0,0,675.954,675.632,651.189,630.721,595.902,560.073,527.724,488.91,448.459,396.286,353.758,322.958,292.596,270.933,245.509,208.595,199.869,169.358,165.1,143.377,132.782,115.594,101.079,88.366,81.872,78.187,73.302,68.337,58.191,54.455,49.838,46.224,41.203,40.733,39.157,38.429,37.075,36.438,35.732,33.311,29.736,25.843,22.893,19.208,16.504,12.902,10.487,8.032,5.43,3.684,3.102,2.248,1.295,0.739,0.475,0.445,0,0.105,0,0.056,0,0,0,0,0,0,0,0,0,0,0,0,0,0,0,0,0,0,0,0,0,0,0,0,0,0,0,0,0,0,0,0,0,0,0,6.228,8.715,12.583,16.516,20.812,24.841,28.741,32.438,35.438,37.732,38.186,38.656,39.606,39.967,40.925,40.747,37.986,39.538,36.452,38.258,35.936,35.83,33.661,31.509,29.486,29.101,29.527,29.283,28.732,26.741,26.519,25.926,25.742,24.471,24.965,24.492,23.894,23.11,22.154,21.223,19.258,17.085,14.13,12.179,10.125,8.453,6.411,5.042,3.83,2.544,1.655,1.369,0.983,0.565,0.306,0.194,0.177,0,0.04,0,0.021,0.015,0,0,0,0
2026-08-28 20:43:00,1,"Normal Scan","Normal Scan",0,"ON",1,1,1,737.3,5,20.4,97,53.7,6.94992e-08,1.82001e-05,4.97,8954.6,8.8,736.5,1,"Up Scan","Positive",254,0,4.37,1.6,8,8,0,1,1,15.609,27.539,19.347,9.647,2.017,8853.3,50,21.1,NA,0,0,0,0,0,0,0,0,0,0,0,0,0,0,0,0,0,0,0,0,0,0,0,0,0,0,0,0,0,0,0,807.042,685.172,652.862,636.796,578.988,519.087,469.301,445.278,398.948,368.27,330.577,287.737,270.094,237.334,205.086,178.861,164.934,138.796,121.382,109.003,96.193,85.638,84.349,77.196,74.253,73.431,68.313,63.19,57.047,50.778,45.883,36.414,36.163,32.845,33.416,32.009,35.232,33.517,32.758,31.533,32.117,28.023,22.955,20.15,16.856,12.231,9.241,7.219,5.902,4.063,3.215,2.329,1.294,1.013,0.286,0.445,0.204,0.052,0,0,0,0,0,0,0,0,0,0,0,0,0,0,0,0,0,0,0,0,0,0,0,0,0,0,0,0,0,0,0,0,0,0,0,0,0,7.308,10.496,12.835,16.573,21.025,24.054,26.611,28.867,32.328,33.621,35.493,36.052,35.258,36.795,35.755,33.986,32.461,32.556,29.89,28.32,27.553,26.422,25.32,26.61,26.055,26.349,27.489,26.825,26.451,25.454,24.353,23.899,21.481,21.984,21.219,22.272,21.437,22.176,21.048,19.832,18.251,17.813,15.193,12.369,10.583,8.689,6.109,4.528,3.411,2.758,1.851,1.405,1.001,0.546,0.42,0.116,0.177,0.079,0.02,0,0,0,0,0,0,0
2026-08-28 20:48:00,1,"Normal Scan","Normal Scan",0,"ON",1,1,1,737.3,5,20.3,97,54.1,6.94691e-08,1.81953e-05,4.97,8954.6,8.8,736.5,1,"Up Scan","Positive",254,0,4.37,1.6,8,8,0,1,1,16.433,29.384,20.455,9.647,2.055,7910.86,50,21.1,NA,0,0,0,0,0,0,0,0,0,0,0,0,0,0,0,0,0,0,0,0,0,0,0,0,0,0,0,0,0,0,0,589.873,565.945,526.223,531.852,481.291,472.22,429.55,402.604,352.093,332.841,296.512,263.735,236.373,227.115,198.567,182.405,156.834,141.224,134.162,114.416,107.619,98.073,89.253,83.52,72.424,74.683,69.228,63.913,59.027,53.828,44.717,36.838,34.666,31.736,30.052,29.946,31.377,31.136,30.165,30.158,28.782,27.415,23.597,21.404,18.461,14.181,11.838,8.907,6.593,4.515,2.446,1.6,0.867,0.866,0.475,0.394,0.051,0.104,0.054,0.113,0,0,0,0,0,0,0,0,0,0,0,0,0,0,0,0,0,0,0,0,0,0,0,0,0,0,0,0,0,0,0,0,0,0,0,5.543,7.593,10.523,13.325,17.537,20.082,24.261,26.404,29.168,29.669,32.053,32.403,32.317,32.293,34.303,32.947,33.161,31.101,30.452,31.292,28.841,29.347,28.779,27.984,27.962,26.005,27.754,27.093,26.467,25.975,25.233,22.971,20.964,21.159,20.61,20.425,20.517,20.817,20.366,19.114,18.212,16.65,15.198,12.841,10.954,9.24,6.925,5.718,4.2,3.053,2.048,1.085,0.704,0.398,0.36,0.194,0.157,0.02,0.04,0.02,0.041,0.015,0,0,0,0
2026-08-28 20:53:00,1,"Normal Scan","Normal Scan",0,"ON",1,1,1,737,5,19.9,97,53.8,6.93485e-08,1.81761e-05,4.97,8954.6,8.8,736.5,1,"Up Scan","Positive",254,0,4.37,1.6,8,8,0,1,1,16.835,30.693,21.035,9.647,2.093,7249.38,50,21,NA,0,0,0,0,0,0,0,0,0,0,0,0,0,0,0,0,0,0,0,0,0,0,0,0,0,0,0,0,0,0,0,501.248,496.252,493.889,448.103,433.121,407.396,393.745,375.083,339.946,307.474,285.333,255.147,221.484,200.504,177.58,154.888,140.323,124.027,112.409,108.672,103.983,93.717,87.958,81.947,80.236,74.952,71.279,67.12,57.088,52.634,45.59,38.541,32.332,31.265,28.554,29.02,27.608,28.052,30.825,27.183,27.578,26.081,28.287,22.442,19.798,17.253,13.217,9.602,6.817,4.844,2.478,2.078,0.812,0.461,0.095,0.445,0.204,0.157,0.108,0.111,0,0,0,0,0,0,0,0,0,0,0,0,0,0,0,0,0,0,0,0,0,0,0,0,0,0,0,0,0,0,0,0,0,0,0,4.443,6.523,9.324,12.533,14.85,18.013,20.886,24.238,27.198,28.612,29.606,31.174,31.252,30.235,30.245,29.52,28.27,27.894,26.86,26.433,27.632,28.421,27.68,27.709,27.5,28.477,27.836,27.947,27.358,24.991,24.702,22.928,21.4,19.937,20.269,19.651,20.119,20.22,19.33,19.927,17.408,16.419,14.758,15.022,11.479,10.023,8.329,6.233,4.445,3.217,2.232,1.114,0.927,0.377,0.191,0.039,0.177,0.079,0.06,0.041,0.041,0.032,0,0,0,0
2026-08-28 20:58:00,1,"Normal Scan","Normal Scan",0,"ON",1,1,1,737.3,5,20.4,97,54,6.94992e-08,1.82001e-05,4.97,8954.6,8.8,736.5,1,"Up Scan","Positive",254,0,4.37,1.6,8,8,0,1,1,16.85,30.756,20.952,9.647,2.102,7421.82,50,21.2,NA,0,0,0,0,0,0,0,0,0,0,0,0,0,0,0,0,0,0,0,0,0,0,0,0,0,0,0,0,0,0,0,549.378,516.78,510.122,463.606,443.438,408.8,368.812,369.864,339.55,319.237,305.123,276.455,242.311,218.529,186.744,150.982,135.87,120.344,110.989,100.765,96.261,81.677,81.239,78.366,81.459,79.213,72.992,68.318,58.281,52.662,48.469,42.711,38.909,35.477,33.145,30.537,30.28,29.895,29.477,27.563,28.065,28.249,25.189,23.777,20.271,16.108,12.754,10.196,7.963,5.368,3.295,2.254,1.676,0.849,0.526,0.248,0.051,0.212,0.054,0.086,0,0,0,0,0,0,0,0,0,0,0,0,0,0,0,0,0,0,0,0,0,0,0,0,0,0,0,0,0,0,0,0,0,0,0,5.033,7.046,9.648,12.965,15.374,18.458,20.967,22.738,26.804,28.617,30.741,33.291,33.833,33.045,32.914,30.954,27.472,26.916,26.002,26.033,25.766,26.531,24.411,25.87,26.503,28.751,29.677,28.789,28.381,25.885,25.044,24.276,23.393,22.75,22.015,21.791,21.313,20.872,20.485,19.417,17.589,16.725,16.21,13.821,12.321,10.25,8.011,6.135,4.806,3.658,2.408,1.497,0.968,0.723,0.351,0.213,0.098,0.02,0.08,0.02,0.022,0,0,0,0,0
2026-08-28 21:03:00,1,"Normal Scan","Normal Scan",0,"ON",1,1,1,737,5,19.9,97,54.3,6.93485e-08,1.81761e-05,4.97,8954.6,8.8,736.5,1,"Up Scan","Positive",254,0,4.37,1.6,8,8,0,1,1,16.733,31.475,21.149,9.647,2.133,7344.98,50,21,NA,0,0,0,0,0,0,0,0,0,0,0,0,0,0,0,0,0,0,0,0,0,0,0,0,0,0,0,0,0,0,0,550.099,509.765,476.674,468.814,434.518,420.208,404.092,360.206,341.284,312.714,290.249,256.229,225.757,201.715,174.727,153.584,125.235,113.421,101.13,94.94,91.6,80.825,85.895,79.715,80.837,81.925,73.694,71.925,66.238,57.473,48.379,43.907,39.222,37.768,33.824,35.871,33.814,30.33,30.673,29.632,30.891,26.545,26.565,25.386,19.366,16.795,13.859,11.313,8.428,6.673,3.633,2.422,1.888,1.012,0.526,0.395,0.102,0,0.216,0.056,0,0,0,0,0,0,0,0,0,0,0,0,0,0,0,0,0,0,0,0,0,0,0,0,0,0,0,0,0,0,0,0,0,0,0,4.702,7.097,9.5,12.109,15.5,18.121,21.526,24.866,26.179,28.681,30.152,31.681,31.356,30.777,30.379,28.961,27.914,24.874,24.637,23.863,24.385,25.455,24.216,27.403,27.217,28.851,30.475,29.272,29.898,29.084,27.309,24.703,24.194,23.116,23.473,22.667,23.388,22.865,21.155,19.997,18.833,18.68,15.476,14.84,13.299,9.902,8.413,6.693,5.339,3.92,2.977,1.653,1.057,0.847,0.42,0.213,0.157,0.04,0,0.081,0.021,0.048,0,0,0,0
2026-08-28 21:08:00,1,"Normal Scan","Normal Scan",0,"ON",1,1,1,737.2,5,20.2,97,53.8,6.94389e-08,1.81905e-05,4.97,8954.6,8.8,736.5,1,"Up Scan","Positive",254,0,4.37,1.6,8,8,0,1,1,16.459,31.638,21.046,9.647,2.153,7250.15,50,21,NA,0,0,0,0,0,0,0,0,0,0,0,0,0,0,0,0,0,0,0,0,0,0,0,0,0,0,0,0,0,0,0,566.87,542.995,466.67,473.222,444.169,424.025,383.617,354.341,332.95,300.536,267.094,242.072,213.588,194.01,161.52,145.726,125.419,104.43,94.783,91.794,83.922,81.549,80.477,79.415,77.219,76.001,67.798,68.822,63.116,58.646,54.385,47.208,45.354,40.822,38.583,33.132,33.158,31.997,30.769,31.776,29.954,28.538,26.445,22.701,19.72,17.816,14.647,10.525,8.82,5.551,4.214,2.956,1.534,1.202,0.526,0.493,0.152,0.211,0.054,0.114,0,0,0,0,0,0,0,0,0,0,0,0,0,0,0,0,0,0,0,0,0,0,0,0,0,0,0,0,0,0,0,0,0,0,0,5.242,7.283,10.108,11.867,15.669,18.457,21.71,23.59,25.708,27.999,28.954,29.15,29.615,29.083,29.196,26.765,26.465,24.91,22.698,22.455,23.542,23.333,24.265,25.729,27.032,27.868,28.921,27.527,29.286,28.203,27.764,27.152,25.591,26.003,24.63,24.696,22.638,22.598,21.387,20.267,19.987,18.159,16.498,14.535,12.092,10.258,8.811,7.13,4.974,4.122,2.515,1.886,1.272,0.715,0.496,0.213,0.196,0.06,0.08,0.02,0.041,0.029,0,0,0,0
2026-08-28 21:13:00,1,"Normal Scan","Normal Scan",0,"ON",1,1,1,737.1,5,20.1,97,54.4,6.94088e-08,1.81857e-05,4.97,8954.6,8.8,736.5,1,"Up Scan","Positive",254,0,4.37,1.6,8,8,0,1,1,17.021,32.341,21.56,9.647,2.154,6891.25,50,21,NA,0,0,0,0,0,0,0,0,0,0,0,0,0,0,0,0,0,0,0,0,0,0,0,0,0,0,0,0,0,0,0,491.016,454.203,459.169,425.021,397.135,378.063,371.568,341.595,341.466,294.916,262.344,237.808,206.908,186.64,170.721,142.729,126.813,115.433,102.368,95.363,89.165,85.134,78.805,76.564,72.577,73.724,68.871,68.7,59.078,57.043,49.802,45.368,42.421,39.758,33.019,33.613,31.333,31.681,29.287,28.417,29.086,26.726,26.451,22.993,21.455,18.3,13.419,10.809,8.546,5.689,4.359,2.507,2.809,0.923,0.526,0.591,0.203,0.018,0.2,0,0,0,0,0,0,0,0,0,0,0,0,0,0,0,0,0,0,0,0,0,0,0,0,0,0,0,0,0,0,0,0,0,0,0,0,3.934,6.385,8.456,11.675,14.07,16.534,19.364,22.866,24.807,28.726,28.464,28.626,29.123,28.245,28.137,28.316,26,25.221,24.997,24.071,24.307,24.636,25.293,25.181,26,26.234,27.909,27.616,28.939,26.496,26.903,25.12,24.552,24.468,23.989,21.936,22.606,21.742,21.237,19.985,18.472,17.517,15.823,14.567,12.36,10.919,9.336,6.461,5.157,3.986,2.544,1.953,1.095,1.205,0.382,0.213,0.235,0.079,0.007,0.075,0,0.015,0,0,0,0
2026-08-28 21:18:00,1,"Normal Scan","Normal Scan",0,"ON",1,1,1,737.1,5,20.1,97,53.9,6.94088e-08,1.81857e-05,4.97,8954.6,8.8,736.5,1,"Up Scan","Positive",254,0,4.37,1.6,8,8,0,1,1,17.183,32.169,21.621,9.647,2.136,6870.08,50,21,NA,0,0,0,0,0,0,0,0,0,0,0,0,0,0,0,0,0,0,0,0,0,0,0,0,0,0,0,0,0,0,0,465.681,432.839,464.879,402.21,406.853,387.345,372.095,337.9,326.934,286.539,264.6,235.282,213.161,198.758,169.496,152.217,142.696,124.615,115.091,99.814,95.905,89.299,86.205,78.501,73.255,71.82,71.937,65.923,56.3,51.643,47.418,39.98,38.487,31.953,29.408,30.993,30.876,29.266,29.369,28.444,29.706,25.668,25.333,23.009,20.247,17.454,15.113,12.191,9.017,5.132,4.477,2.014,1.741,1.239,0.582,0.485,0.154,0.368,0.164,0,0,0,0,0,0,0,0,0,0,0,0,0,0,0,0,0,0,0,0,0,0,0,0,0,0,0,0,0,0,0,0,0,0,0,0,4.204,6,8.063,11.821,13.329,16.969,19.875,22.924,24.509,27.499,27.624,28.9,28.832,29.092,29.995,28.145,27.702,28.302,26.962,26.939,25.343,26.348,26.455,27.193,26.404,26.209,27.011,28.295,27.463,24.835,24.437,23.959,22.25,22.415,20.69,20.505,21.146,21.372,20.149,19.772,18.46,18.281,15.411,13.94,12.405,10.214,8.727,7.334,5.747,4.156,2.402,1.997,0.89,0.736,0.513,0.236,0.192,0.06,0.141,0.061,0,0,0,0,0,0
2026-08-28 21:23:00,1,"Normal Scan","Normal Scan",0,"ON",1,1,1,737.3,5,20.4,97,54.2,6.94992e-08,1.82001e-05,4.97,8954.6,8.8,736.5,1,"Up Scan","Positive",254,0,4.37,1.6,8,8,0,1,1,16.872,30.39,20.841,9.647,2.085,7631.46,50,21.1,NA,0,0,0,0,0,0,0,0,0,0,0,0,0,0,0,0,0,0,0,0,0,0,0,0,0,0,0,0,0,0,0,599.516,538.365,510.192,493.456,440.366,406.847,380.437,362.481,331.808,311.557,285.73,266.539,243.69,228.847,199.161,197.986,171.123,152.921,138.872,121.225,106.409,93.069,80.993,74.531,71.648,68.834,65.657,60.828,56.536,48.687,43.532,39.661,37.592,34.168,31.591,35.414,31.338,29.77,28.217,31.11,23.734,24.197,22.587,23.477,20.227,16.518,13.326,10.988,8.177,6.527,4.149,2.811,1.824,1.063,0.334,0.346,0.256,0.158,0,0.056,0,0,0,0,0,0,0,0,0,0,0,0,0,0,0,0,0,0,0,0,0,0,0,0,0,0,0,0,0,0,0,0,0,0,0,5.189,7.682,10.095,12.959,16.351,18.303,20.869,23.407,26.294,27.912,30.054,31.24,32.733,33.309,34.563,33.1,35.93,33.781,32.753,32.204,30.441,28.893,27.234,25.569,25.223,25.402,25.822,26.165,25.653,25.089,23.641,22.842,21.77,21.989,21.822,20.518,22.68,20.893,20.442,19.221,19.276,15.106,14.432,12.965,12.424,10.455,8.281,6.43,5.113,3.79,2.981,1.825,1.227,0.787,0.439,0.135,0.137,0.099,0.06,0,0.022,0.014,0,0,0,0
2026-08-28 21:28:00,1,"Normal Scan","Normal Scan",0,"ON",1,1,1,737,5,19.9,97,54.1,6.93485e-08,1.81761e-05,4.97,8954.6,8.8,736.5,1,"Up Scan","Positive",254,0,4.37,1.6,8,8,0,1,1,15.583,27.52,19.206,9.647,2.009,9295.97,50,20.9,NA,0,0,0,0,0,0,0,0,0,0,0,0,0,0,0,0,0,0,0,0,0,0,0,0,0,0,0,0,0,0,0,773.034,753.4,682.419,664.569,597.186,564.631,538.37,490.868,438.491,397.838,356.333,308.071,280.703,262.722,242.406,205.313,165.368,136.705,118.597,98.589,89.424,80.974,73.686,67.827,67.52,67.678,59.626,61.245,57.688,48.874,46.336,42.595,35.4,35.997,33.611,35.312,32.311,33.752,30.05,30.534,27.823,27.369,23.392,22.378,19.431,17.426,13.743,12.233,8.768,6.353,4.063,2.578,1.487,1.383,0.718,0.247,0.203,0.211,0.054,0.057,0,0,0,0,0,0,0,0,0,0,0,0,0,0,0,0,0,0,0,0,0,0,0,0,0,0,0,0,0,0,0,0,0,0,0,6.654,9.996,14.014,17.353,21.906,24.87,28.946,33.109,35.606,36.899,38.354,38.916,37.732,38.237,39.515,40.018,37.079,32.569,29.321,27.572,24.938,24.51,23.865,23.483,23.166,24.285,25.722,24.079,25.882,25.823,23.886,23.865,23.73,21.4,22.706,22.027,23.254,21.582,22.331,19.794,19.252,17.323,16.036,13.423,11.983,9.996,8.615,6.732,5.765,4.048,2.879,1.808,1.108,0.645,0.573,0.29,0.098,0.079,0.08,0.02,0.021,0,0,0,0,0
2026-08-28 21:33:00,1,"Normal Scan","Normal Scan",0,"ON",1,1,1,737.4,5,20.4,97.1,53.8,6.94276e-08,1.82001e-05,4.97,8954.6,8.8,736.5,1,"Up Scan","Positive",254,0,4.37,1.6,8,8,0,1,1,15.529,29.182,19.659,9.647,2.084,8062.05,50,21.1,NA,0,0,0,0,0,0,0,0,0,0,0,0,0,0,0,0,0,0,0,0,0,0,0,0,0,0,0,0,0,0,0,705.084,605.364,582.617,592.923,536.924,500.283,463.115,427.51,374.275,331.399,286.125,259.788,233.014,209.824,177.326,150.154,135.129,113.572,98.286,89.578,79.308,69.778,65.177,63.551,66.02,64.167,60.314,57.351,54.336,50.051,44.48,39.917,38.45,38.677,35.728,34.133,32.954,35.474,32.838,31.863,26.456,26.919,25.575,21.076,20.108,19.352,15.845,12.071,8.715,6.988,4.655,3.403,1.917,0.6,0.953,0.248,0.154,0.052,0.108,0,0,0,0,0,0,0,0,0,0,0,0,0,0,0,0,0,0,0,0,0,0,0,0,0,0,0,0,0,0,0,0,0,0,0,0,5.673,9.087,11.283,14.837,19.587,22.306,25.68,28.473,30.982,31.466,31.955,31.211,31.789,31.723,31.554,29.347,27.203,26.652,24.42,22.965,22.756,21.889,20.804,20.925,21.813,23.816,24.422,24.298,24.625,24.97,24.304,23.199,22.679,23.336,24.07,22.808,22.835,22.504,22.768,21.514,20.555,16.901,15.929,14.453,11.619,10.458,9.59,7.536,5.726,3.984,3.162,2.069,1.46,0.809,0.248,0.387,0.098,0.06,0.02,0.041,0,0,0,0,0,0
2026-08-28 21:38:00,1,"Normal Scan","Normal Scan",0,"ON",1,1,1,737,5,20,97,54.2,6.93786e-08,1.81809e-05,4.97,8954.6,8.8,736.5,1,"Up Scan","Positive",254,0,4.37,1.6,8,8,0,1,1,15.893,30.064,20.141,10.366,2.103,8064.62,50,20.9,NA,0,0,0,0,0,0,0,0,0,0,0,0,0,0,0,0,0,0,0,0,0,0,0,0,0,0,0,0,0,0,0,582.827,614.58,594.662,548.314,543.792,492.845,481.475,413.004,392.488,348.752,304.885,275.45,239.789,209.918,177.208,154.352,134.197,111.316,102.615,89.098,75.777,73.623,67.516,68.428,66.994,66.659,61.39,60.825,56.634,54.16,50.835,46.533,43.648,42.295,40.394,36.984,36.15,36.567,32.398,32.777,28.759,25.298,25.392,23.395,21.038,18.706,15.404,12.99,9.557,8.54,4.657,3.188,2.593,1.247,0.715,0.394,0.103,0.267,0.165,0.057,0,0,0,0,0,0,0,0,0,0,0,0,0,0,0,0,0,0,0,0,0,0,0,0,0,0,0,0,0,0,0,0,0,0,0,4.954,7.53,11.453,15.091,18.183,22.589,25.262,29.589,30.009,32.999,33.595,33.256,33.691,32.655,31.617,29.32,27.96,26.517,23.963,24.022,22.684,21.025,21.925,21.727,23.369,24.507,25.623,25.192,26.338,26.225,26.179,26.358,25.781,25.376,25.763,25.431,23.865,23.925,24.012,21.484,21.038,18.017,15.631,14.764,12.79,10.919,9.505,7.532,6.138,4.391,3.829,2.127,1.401,1.129,0.516,0.29,0.157,0.04,0.101,0.061,0.021,0.016,0,0,0,0
2026-08-28 21:43:00,1,"Normal Scan","Normal Scan",0,"ON",1,1,1,737.3,5,20.4,97,53.6,6.94992e-08,1.82001e-05,4.97,8954.6,8.8,736.5,1,"Up Scan","Positive",254,0,4.37,1.6,8,8,0,1,1,17.433,31.932,21.736,10.366,2.12,9391.56,50,21.1,NA,0,0,0,0,0,0,0,0,0,0,0,0,0,0,0,0,0,0,0,0,0,0,0,0,0,0,0,0,0,0,0,615.126,650.355,569.181,554.192,535,488.023,471.83,494.156,449.572,396.174,347.461,318.383,298.975,290.768,239.585,232.001,217.832,197.415,176.841,154.867,126.477,118.427,106.311,96.344,89.018,92.193,86.116,81.6,80.633,71.801,64.276,62.702,59.079,50.863,53.689,50.402,48.808,43.425,43.085,41.073,36.996,31.439,29.202,27.525,22.622,16.694,15.41,14.14,10.468,8.019,5.025,3.223,2.682,1.797,0.764,0.494,0.562,0.158,0.163,0.113,0,0,0,0,0,0,0,0,0,0,0,0,0,0,0,0,0,0,0,0,0,0,0,0,0,0,0,0,0,0,0,0,0,0,0,5.563,7.98,12.092,14.476,18.339,22.257,24.983,29.051,35.865,37.839,38.157,37.979,39.079,40.927,43.909,39.844,42.063,43.037,42.317,40.998,38.818,34.618,34.748,33.688,32.935,32.379,35.15,35.144,35.217,36.294,34.9,33.596,34.206,33.286,31.525,32.798,31.135,30.52,28.135,26.554,24.508,22.31,18.73,16.726,14.714,11.798,8.642,7.644,6.683,4.897,3.681,2.247,1.426,1.148,0.745,0.31,0.196,0.218,0.06,0.061,0.045,0.014,0,0,0,0
2026-08-28 21:48:00,1,"Normal Scan","Normal Scan",0,"ON",1,1,1,737.6,5,20.8,97,53.7,6.96198e-08,1.82193e-05,4.97,8954.6,8.8,736.5,1,"Up Scan","Positive",254,0,4.37,1.6,8,8,0,1,1,17.131,31.594,21.412,9.647,2.122,9600.49,50,21.2,NA,0,0,0,0,0,0,0,0,0,0,0,0,0,0,0,0,0,0,0,0,0,0,0,0,0,0,0,0,0,0,0,690.065,602.464,599.747,596.383,570.291,523.71,520.24,481.528,466.114,421.224,382.051,336.42,325.592,283.538,255.824,219.821,178.027,150.735,134.784,127.367,126.371,120.894,112.153,100.345,93.197,92.624,85.891,81.658,79.855,70.005,68.83,64.341,62.031,54.722,58.512,49.73,47.984,45.649,45.849,41.415,34.225,36.649,30.646,27.5,21.765,19.359,15.863,13.94,10.564,7.599,5.401,3.612,2.06,1.475,0.716,0.445,0.204,0.16,0.163,0.169,0,0,0,0,0,0,0,0,0,0,0,0,0,0,0,0,0,0,0,0,0,0,0,0,0,0,0,0,0,0,0,0,0,0,0,5.625,8.939,11.216,15.141,19.74,23.725,26.803,32.001,34.89,39.142,40.585,41.692,41.174,44.259,42.654,42.335,39.919,35.39,32.695,31.675,32.353,34.6,35.479,35.32,34.087,33.697,35.585,35.228,35.406,36.527,34.634,35.182,35.11,35.32,33.162,34.623,31.799,30.454,29.08,27.95,25.138,21.041,21.073,17.06,14.832,11.468,9.655,7.766,6.583,4.922,3.401,2.431,1.608,0.903,0.611,0.29,0.176,0.079,0.06,0.061,0.068,0.028,0,0,0,0
2026-08-28 21:53:00,1,"Normal Scan","Normal Scan",0,"ON",1,1,1,738.2,5,21.6,97,53.2,6.9861e-08,1.82576e-05,4.97,8954.6,8.8,736.5,1,"Up Scan","Positive",254,0,4.37,1.6,8,8,0,1,1,16.306,31.267,20.885,9.647,2.142,9112.56,49,21.6,NA,0,0,0,0,0,0,0,0,0,0,0,0,0,0,0,0,0,0,0,0,0,0,0,0,0,0,0,0,0,0,0,674.859,651.86,608.586,589.187,591.214,552.703,509.804,484.647,425.926,383.104,352.37,313.908,272.193,238.277,197.148,169.137,145.919,132.507,119.877,101.836,95.496,83.433,84.232,79.535,82.842,80.3,83.256,85.473,82.613,78.668,74.377,63.941,59.512,57.179,56.793,55.489,48.997,48.115,42.765,36.334,34.218,31.383,26.466,24.937,21.579,19.797,16.215,12.113,10.587,6.788,4.331,3.849,1.966,1.936,0.812,0.493,0.359,0.263,0,0.056,0,0,0,0,0,0,0,0,0,0,0,0,0,0,0,0,0,0,0,0,0,0,0,0,0,0,0,0,0,0,0,0,0,0,0,6.043,8.731,12.145,15.448,19.403,24.551,28.29,31.311,35.069,35.807,36.863,38.336,38.295,37.026,35.828,32.612,30.656,28.841,28.558,28.023,26.038,26.416,25.275,27.493,28.048,30.803,31.762,34.179,36.642,37.806,37.927,37.82,34.898,33.872,33.169,33.472,33.399,30.077,29.408,26.587,22.738,20.697,18.279,15.362,13.167,11.33,9.898,8.027,5.762,4.877,3.128,1.915,1.667,0.846,0.801,0.329,0.196,0.139,0.1,0,0.023,0.014,0,0,0,0
2026-08-28 21:58:00,1,"Normal Scan","Normal Scan",0,"ON",1,1,1,738.8,5,22.4,97,52.5,7.01024e-08,1.82958e-05,4.97,8954.6,8.8,736.5,1,"Up Scan","Positive",254,0,4.37,1.6,8,8,0,1,1,15.808,29.721,19.969,9.647,2.096,8875.04,48,22,NA,0,0,0,0,0,0,0,0,0,0,0,0,0,0,0,0,0,0,0,0,0,0,0,0,0,0,0,0,0,0,0,702.001,685.005,656.465,611.304,583.574,529.445,508.541,464.495,421.43,370.207,328.706,310.207,259.383,231.23,199.064,174.509,154.785,135.239,116.797,96.361,87.583,76.717,72.269,69.792,68.027,65.971,61.482,61.294,58.245,54.735,52.124,50.21,46.972,45.191,41.879,44.597,45.656,40.541,39.521,37.026,35.874,29.852,27.126,24.195,21.006,19.552,13.705,12.446,10.231,8.086,5.587,2.731,2.645,1.38,1.139,0.592,0.205,0.105,0,0,0,0,0,0,0,0,0,0,0,0,0,0,0,0,0,0,0,0,0,0,0,0,0,0,0,0,0,0,0,0,0,0,0,0,0,5.387,9.054,12.668,16.61,20.114,24.126,27.046,31.178,33.567,35.348,35.525,35.753,37.853,35.304,34.775,32.887,31.545,30.457,28.959,27.135,24.395,24.001,22.7,23.104,23.895,24.704,25.611,25.523,26.846,27.095,27.222,27.963,28.551,27.756,27.868,27.219,28.305,28.452,25.789,25.045,22.871,20.94,17.904,15.491,13.398,10.777,9.902,6.82,5.889,4.726,3.658,2.437,1.17,1.13,0.569,0.464,0.235,0.079,0.04,0,0,0.014,0,0,0,0
2026-08-28 22:03:00,1,"Normal Scan","Normal Scan",0,"ON",1,1,1,738.3,5,21.7,97,52.2,6.98912e-08,1.82624e-05,4.97,8954.6,8.8,736.5,1,"Up Scan","Positive",254,0,4.37,1.6,8,8,0,1,1,16.525,32.805,21.4,9.647,2.191,7459.96,47,22,NA,0,0,0,0,0,0,0,0,0,0,0,0,0,0,0,0,0,0,0,0,0,0,0,0,0,0,0,0,0,0,0,531.056,515.597,496.761,492.039,461.494,451.639,412.838,379.769,348.063,321.271,273.719,247.137,218.486,186.779,164.942,153.754,138.027,118.575,99.147,90.098,77.538,73.061,70.698,69.44,66.907,64.73,66.637,67.446,59.953,58.472,57.106,51.263,48.932,51.669,45.13,47.824,41.353,42.925,39.702,36.813,37.59,32.848,27.653,23.029,22.447,18.737,15.658,13.408,8.743,7.108,4.792,3.071,2.476,1.474,1.003,0.297,0.511,0.172,0.094,0.056,0,0,0,0,0,0,0,0,0,0,0,0,0,0,0,0,0,0,0,0,0,0,0,0,0,0,0,0,0,0,0,0,0,0,0,5.126,6.836,9.628,12.615,16.131,19.16,23.074,25.32,27.495,29.243,30.872,29.827,30.212,29.73,28.094,27.313,27.805,27.246,25.477,23.22,22.886,21.445,21.953,22.835,23.905,24.68,25.407,27.526,29.347,28.359,28.882,29.971,28.881,29.114,30.562,29.017,30.161,26.674,26.985,24.84,23.115,22.134,18.859,15.522,12.625,11.509,9.513,7.675,6.35,4.064,3.263,2.136,1.342,1.043,0.61,0.406,0.118,0.198,0.066,0.035,0.023,0,0,0,0,0
2026-08-28 22:08:00,1,"Normal Scan","Normal Scan",0,"ON",1,1,1,737.5,5,20.6,97,51.4,6.95595e-08,1.82097e-05,4.97,8954.6,8.8,736.5,1,"Up Scan","Positive",254,0,4.37,1.6,8,8,0,1,1,17.263,34.501,22.264,10.366,2.229,7082.15,47,21.8,NA,0,0,0,0,0,0,0,0,0,0,0,0,0,0,0,0,0,0,0,0,0,0,0,0,0,0,0,0,0,0,0,460.154,468.651,428.406,432.744,397.658,409.76,392.284,362.284,331.813,314.695,291.313,245.795,222.789,207.519,176.794,152.373,128.803,110.568,93.053,79.743,72.441,66.32,68.648,66.88,65.927,67.362,65.098,61.913,60.78,57.026,54.702,53.211,53.526,52.479,48.418,49.944,51.257,47.27,43.837,38.446,36.695,35.073,29.647,25.544,23.636,19.375,15.723,12.499,9.364,7.246,5.393,3.479,2.402,1.049,1.01,0.394,0.509,0.264,0.164,0,0,0,0,0,0,0,0,0,0,0,0,0,0,0,0,0,0,0,0,0,0,0,0,0,0,0,0,0,0,0,0,0,0,0,0,4.162,5.987,8.764,10.889,14.219,16.559,21.02,24.134,26.29,27.958,30.32,31.789,30.101,30.342,31.19,29.223,27.552,25.381,23.823,21.836,20.41,20.211,20.069,22.133,23.122,24.328,26.268,27.17,27.902,28.812,29.143,29.737,30.527,31.567,31.697,30.547,31.565,31.728,29.313,27.223,23.877,21.839,20.006,16.513,13.911,12.281,9.795,7.597,5.979,4.379,3.325,2.415,1.517,1.032,0.435,0.41,0.157,0.199,0.1,0.061,0,0.014,0,0,0,0
2026-08-28 22:13:00,1,"Normal Scan","Normal Scan",0,"ON",1,1,1,737.6,5,20.8,97,50.7,6.96198e-08,1.82193e-05,4.97,8954.6,8.8,736.5,1,"Up Scan","Positive",254,0,4.37,1.6,8,8,0,1,1,17.998,33.955,22.498,9.647,2.178,8127.52,48,21.8,NA,0,0,0,0,0,0,0,0,0,0,0,0,0,0,0,0,0,0,0,0,0,0,0,0,0,0,0,0,0,0,0,497.569,469.926,483.072,466.012,462.671,440.048,404.184,403.776,381.386,359.419,326.384,332.876,305.596,260.948,229.652,186.484,168.387,153.771,137.75,120.492,101.789,93.569,81.79,79.013,69.519,68.24,67.819,66.095,63.87,64.162,62.618,63.687,58.197,60.012,55.997,54.668,53.407,50.046,44.37,40.408,37.404,35.245,30.157,27.444,23.524,19.647,16.978,12.963,9.688,8.369,6.503,3.972,2.722,1.33,0.817,0.392,0.307,0.21,0.108,0.056,0,0,0,0,0,0,0,0,0,0,0,0,0,0,0,0,0,0,0,0,0,0,0,0,0,0,0,0,0,0,0,0,0,0,0,4.318,6.387,8.785,12.263,15.395,19.255,22.572,24.886,29.295,32.113,34.678,35.621,40.705,41.598,39.301,38.01,33.817,33.287,32.958,31.976,30.21,27.717,27.517,26.04,27.071,25.781,27.299,28.885,29.814,30.783,32.476,33.367,35.231,34.038,35.172,33.963,33.938,32.901,31.036,27.792,24.78,22.613,20.296,17.038,15.15,12.36,10.007,8.232,6.164,4.432,3.811,2.883,1.723,1.147,0.55,0.332,0.157,0.119,0.08,0.041,0.023,0,0,0,0,0
2026-08-28 22:18:00,1,"Normal Scan","Normal Scan",0,"ON",1,1,1,737.5,5,20.6,97,51.4,6.95595e-08,1.82097e-05,4.97,8954.6,8.8,736.5,1,"Up Scan","Positive",254,0,4.37,1.6,8,8,0,1,1,18.438,33.015,22.475,9.647,2.117,9179.29,47,21.7,NA,0,0,0,0,0,0,0,0,0,0,0,0,0,0,0,0,0,0,0,0,0,0,0,0,0,0,0,0,0,0,0,552.999,482.264,487.178,499.591,473.747,494.433,464.667,476.552,454.698,419.801,395.091,352.748,325.315,316.791,293.434,276.607,234.337,215.547,189.542,157.809,133.339,107.887,88.768,82.33,74.841,71.925,69.229,65.661,67.603,63.755,61.6,56.161,60.329,54.912,58.841,56.136,54.872,53.593,48.899,42.07,39.372,35.863,30.461,27.668,24.125,21.973,16.23,12.764,10.039,8.48,6.146,4.105,1.882,1.428,0.908,0.584,0.876,0.317,0.162,0,0,0,0,0,0,0,0,0,0,0,0,0,0,0,0,0,0,0,0,0,0,0,0,0,0,0,0,0,0,0,0,0,0,0,0,5.261,7.146,8.963,12.322,16.503,19.759,25.336,28.613,34.595,38.261,40.495,43.177,43.295,44.494,47.832,48.601,50.007,46.078,45.842,43.574,39.207,35.808,31.373,28.092,28.13,27.529,28.19,29.098,29.638,32.157,32.7,33.276,32.698,35.317,33.551,35.682,34.851,33.685,32.759,29.88,26.29,23.013,20.841,17.307,15.108,12.747,10.928,7.904,6.082,4.818,3.934,2.774,1.761,0.828,0.592,0.368,0.231,0.342,0.121,0.061,0,0.028,0,0,0,0
2026-08-28 22:23:00,1,"Normal Scan","Normal Scan",0,"ON",1,1,1,737,5,20,97,51.6,6.93786e-08,1.81809e-05,4.97,8954.6,8.8,736.5,1,"Up Scan","Positive",254,0,4.37,1.6,8,8,0,1,1,21.39,31.578,23.174,10.366,1.973,11912.4,48,21.4,NA,0,0,0,0,0,0,0,0,0,0,0,0,0,0,0,0,0,0,0,0,0,0,0,0,0,0,0,0,0,0,0,560.146,601.818,543.281,539.432,499.386,494.769,495.634,489.503,481.264,474.862,489.45,522.175,540.449,525.779,546.779,546.057,552.5,508.837,414.792,301.183,219.972,164.811,121.577,91.168,77.493,75.026,69.449,67.649,61.981,63.39,61.043,57.406,56.459,56.633,55.163,53.33,51.193,52.164,45.432,40.852,36.826,35.952,30.718,28.476,23.88,20.566,16.956,13.401,10.538,9.025,5.021,4.212,2.109,1.519,1.478,0.591,0.509,0.212,0.108,0.056,0,0,0,0,0,0,0,0,0,0,0,0,0,0,0,0,0,0,0,0,0,0,0,0,0,0,0,0,0,0,0,0,0,0,0,5.647,7.27,11.213,13.82,17.756,20.771,25.413,30.608,35.632,40.781,46.08,53.942,64.59,74.455,79.88,90.734,98.564,107.883,107.099,93.877,73.484,57.898,46.82,37.444,30.651,28.305,29.245,29.157,30.258,29.74,32.244,32.489,32.903,33.426,33.754,33.821,33.511,32.115,32.197,28.594,25.289,22.101,20.853,17.675,15.363,12.599,10.297,8.353,6.491,4.957,4.096,2.27,1.827,0.922,0.63,0.6,0.235,0.199,0.08,0.041,0.021,0.031,0,0,0,0
2026-08-28 22:28:00,1,"Normal Scan","Normal Scan",0,"ON",1,1,1,737.5,5,20.6,97,51.4,6.95595e-08,1.82097e-05,4.97,8954.6,8.8,736.5,1,"Up Scan","Positive",254,0,4.37,1.6,8,8,0,1,1,17.912,34.172,22.505,9.647,2.194,8288.9,48,21.5,NA,0,0,0,0,0,0,0,0,0,0,0,0,0,0,0,0,0,0,0,0,0,0,0,0,0,0,0,0,0,0,0,568.802,520.921,494.544,480.62,461.569,433.6,420.068,369.113,365.798,332.438,302.892,277.023,272.393,260.896,247.514,231.582,196.695,176.57,160.626,143.141,121.469,102.575,83.241,73.6,72.173,71.757,66.241,64.396,67.415,64.071,60.503,56.45,57.143,55.622,54.155,53.51,51.644,52.539,47.194,45.473,39.545,34.271,30.397,28.875,25.22,21.814,18.102,15.674,11.213,9.318,6.236,3.636,2.914,1.999,0.854,0.444,0.152,0.16,0.108,0,0,0,0,0,0,0,0,0,0,0,0,0,0,0,0,0,0,0,0,0,0,0,0,0,0,0,0,0,0,0,0,0,0,0,0,4.801,7.357,9.709,12.605,15.871,19.239,22.174,25.845,26.767,30.839,32.117,33.115,34.023,37.228,39.438,41.092,41.955,38.808,37.709,37.002,35.655,32.789,29.879,26.4,25.511,26.643,28.181,27.88,29.108,31.706,32.507,32.528,32.462,33.913,34.268,33.875,33.478,32.331,32.918,29.57,27.913,24.192,20.27,17.55,15.785,13.117,11.032,9,7.31,5.175,4.15,2.792,1.563,1.247,0.828,0.348,0.176,0.06,0.06,0.041,0,0.014,0,0,0,0
2026-08-28 22:33:00,1,"Normal Scan","Normal Scan",0,"ON",1,1,1,737.3,5,20.2,97.1,52.2,6.93674e-08,1.81905e-05,4.97,8954.6,8.8,736.5,1,"Up Scan","Positive",254,0,4.37,1.6,8,8,0,1,1,18.214,36.924,23.565,9.647,2.282,6512.8,48,21.4,NA,0,0,0,0,0,0,0,0,0,0,0,0,0,0,0,0,0,0,0,0,0,0,0,0,0,0,0,0,0,0,0,406.555,386.006,372.313,364.995,354.534,340.479,327.763,318.342,300.487,268.696,252.184,241.779,205.754,183.322,172.014,163.839,137.52,111.095,103.518,89.709,79.201,72.625,68.994,67.402,65.674,64.86,65.879,62.708,63.462,61.925,58.453,55.696,55.179,50.701,51.146,50.537,49.144,47.771,42.261,39.97,39.106,32.876,29.967,27.014,22.372,21.623,17.12,13.427,11.81,7.792,5.296,4.521,2.296,1.546,0.573,0.444,0.307,0.212,0,0,0,0,0,0,0,0,0,0,0,0,0,0,0,0,0,0,0,0,0,0,0,0,0,0,0,0,0,0,0,0,0,0,0,0,0,3.798,5.29,7.221,9.521,12.062,14.768,17.465,20.213,23.106,25.34,25.957,27.553,29.596,28.06,27.67,28.477,29.63,27.112,23.949,24.206,22.789,21.892,21.772,22.289,23.521,24.522,25.728,27.65,28.042,29.912,31.127,31.131,31.873,31.984,31.084,32.144,31.74,31.024,30.056,26.694,25.115,23.189,19.725,17.026,14.585,11.95,10.834,8.301,6.307,5.442,3.555,2.343,1.942,0.987,0.641,0.232,0.177,0.119,0.08,0,0,0.014,0,0,0,0
2026-08-28 22:38:00,1,"Normal Scan","Normal Scan",0,"ON",1,1,1,737.3,5,20.2,97.1,52,6.93674e-08,1.81905e-05,4.97,8954.6,8.8,736.5,1,"Up Scan","Positive",254,0,4.37,1.6,8,8,0,1,1,19.297,32.353,22.642,9.647,2.056,8928.06,49,21.3,NA,0,0,0,0,0,0,0,0,0,0,0,0,0,0,0,0,0,0,0,0,0,0,0,0,0,0,0,0,0,0,0,462.476,458.383,450.514,436.296,437.357,402.671,437.169,442.545,438.616,446.209,420.949,403.037,363.659,342.638,312.533,281.453,277.032,242.696,211.042,183.576,149.614,113.403,87.22,76.323,68.935,64.745,63.511,61.928,57.348,51.731,53.594,51.854,46.454,44.895,48.703,44.682,44.915,41.31,41.814,37.039,34.527,33.094,29.692,24.699,22.674,20.118,16.617,13.862,10.027,8.591,5.23,3.493,1.874,1.154,0.571,0.546,0.254,0,0.054,0.111,0,0,0,0,0,0,0,0,0,0,0,0,0,0,0,0,0,0,0,0,0,0,0,0,0,0,0,0,0,0,0,0,0,0,0,3.843,6,8.603,11.417,14.417,18.233,20.683,26.967,32.192,37.055,43.112,46.029,49.464,49.755,51.783,51.916,51.006,54.321,51.475,48.305,45.257,39.711,32.734,27.435,25.741,25.002,25.334,26.483,27.011,27.145,26.651,28.432,29.216,28.124,27.971,30.269,29.031,28.945,26.639,26.124,23.604,21.071,19.166,16.895,13.575,11.79,9.949,8.022,6.467,4.69,3.844,2.306,1.534,0.809,0.477,0.232,0.216,0.099,0,0.02,0.041,0.014,0,0,0,0
2026-08-28 22:43:00,1,"Normal Scan","Normal Scan",0,"ON",1,1,1,737.3,5,20.4,97,52.6,6.94992e-08,1.82001e-05,4.97,8954.6,8.8,736.5,1,"Up Scan","Positive",254,0,4.37,1.6,8,8,0,1,1,19.558,32.166,22.545,10.366,2.061,8808.5,49,21.3,NA,0,0,0,0,0,0,0,0,0,0,0,0,0,0,0,0,0,0,0,0,0,0,0,0,0,0,0,0,0,0,0,492.715,512.015,480.747,430.945,445.063,412.405,390.058,379.335,362.552,379.077,390.608,407.779,387.384,361.88,310.013,282.174,239.589,230.259,227.09,205.042,160.218,123.538,92.675,79.999,68.122,66.106,61.71,63.196,55.242,54.101,50.861,48.53,44.693,45.136,44.251,41.444,45.068,42.044,39.405,37.772,35.111,33.316,29.208,24.747,21.108,18.235,15.92,11.761,8.635,6.624,4.87,2.664,1.789,1.244,1.088,0.652,0.152,0.265,0.216,0.056,0,0,0,0,0,0,0,0,0,0,0,0,0,0,0,0,0,0,0,0,0,0,0,0,0,0,0,0,0,0,0,0,0,0,0,4.432,6.423,9.546,12.257,14.253,18.558,21.171,24.095,27.576,30.637,36.675,42.768,49.972,52.886,54.698,51.571,51.223,47.266,48.971,51.918,50.337,42.487,35.441,29.021,26.753,24.839,25.477,25.596,27.404,26.17,27.037,27.406,27.711,27.269,28.007,28.232,27.382,28.716,26.49,24.759,23.033,20.976,18.752,16.204,13.499,10.802,9.067,7.77,5.691,4.049,2.983,2.227,1.168,0.771,0.515,0.441,0.259,0.06,0.101,0.081,0.022,0.014,0,0,0,0
2026-08-28 22:48:00,1,"Normal Scan","Normal Scan",0,"ON",1,1,1,737.1,5,20,97.1,52.6,6.93072e-08,1.81809e-05,4.97,8954.6,8.8,736.5,1,"Up Scan","Positive",254,0,4.37,1.6,8,8,0,1,1,21.759,32.127,23.702,9.647,1.973,9846.97,49,21.1,NA,0,0,0,0,0,0,0,0,0,0,0,0,0,0,0,0,0,0,0,0,0,0,0,0,0,0,0,0,0,0,0,446.139,433.527,435.033,413.193,422.594,416.142,388.034,397.035,403.033,416.961,423.875,415.186,421.179,430.717,430.219,408.958,403.741,397.672,374.03,302.76,231.937,184.132,138.09,104.196,83.763,68.946,64.597,60.036,59.997,53.516,48.788,46.409,43.754,40.063,38.497,43.466,40.625,38.692,37.692,36.255,33.145,29.575,27.696,23.049,20.428,16.829,12.98,11.747,8.749,7.28,4.352,2.968,1.532,1.2,0.523,0.542,0.408,0.318,0.11,0.056,0,0,0,0,0,0,0,0,0,0,0,0,0,0,0,0,0,0,0,0,0,0,0,0,0,0,0,0,0,0,0,0,0,0,0,3.623,5.776,8.142,11.093,13.678,17.537,21.378,23.981,28.905,34.124,40.428,46.604,51.217,58.094,65.631,71.743,74.3,79.469,84.316,85.064,73.934,60.817,51.871,41.917,34.344,29.622,26.287,26.377,26.036,27.45,26.322,26.394,26.19,26.327,25.421,25.344,27.454,26.187,24.512,23.701,21.789,19.764,17.159,15.492,12.536,10.574,8.391,6.397,5.536,4.132,3.322,1.973,1.317,0.715,0.497,0.213,0.216,0.159,0.121,0.041,0.021,0.061,0,0,0,0
2026-08-28 22:53:00,1,"Normal Scan","Normal Scan",0,"ON",1,1,1,737.4,5,20.5,97,52.6,6.95293e-08,1.82049e-05,4.97,8954.6,8.8,736.5,1,"Up Scan","Positive",254,0,4.37,1.6,8,8,0,1,1,22.257,29.833,23.145,24.582,1.854,13030,49,21.3,NA,0,0,0,0,0,0,0,0,0,0,0,0,0,0,0,0,0,0,0,0,0,0,0,0,0,0,0,0,0,0,0,479.613,502.662,523.768,525.766,528.486,533.242,560.757,550.631,535.301,528.978,554.947,618.783,676.63,706.771,703.59,687.436,665.372,582.549,470.425,377.121,273.177,189.631,139.807,101.511,81.291,71.34,67.219,60.659,57.99,56.215,51.222,45.128,44.193,43.526,44.027,40.085,39.571,37.849,34.74,34.124,31.682,32.133,25.643,23.904,21.463,17.273,13.845,11.447,7.833,6.576,4.836,2.553,1.564,1.615,0.715,0.494,0.205,0,0.108,0,0,0,0,0,0,0,0,0,0,0,0,0,0,0,0,0,0,0,0,0,0,0,0,0,0,0,0,0,0,0,0,0,0,0,0,3.84,6.188,9.422,13.341,17.369,22.096,27.387,34.577,40.065,45.297,51.428,61.292,76.58,93.023,107.037,116.635,123.966,129.713,122.548,106.407,91.601,71.291,53.37,42.436,33.421,29.046,27.181,27.253,26.353,27.054,27.477,26.831,25.732,26.201,26.448,27.449,26.419,25.294,24.396,22.279,21.104,19.125,18.07,14.351,12.858,11.01,8.53,6.89,5.398,3.651,2.964,2.142,1.097,0.677,0.668,0.29,0.196,0.079,0,0.041,0,0.014,0,0,0,0
2026-08-28 22:58:00,1,"Normal Scan","Normal Scan",0,"ON",1,1,1,737.1,5,20.1,97,53.2,6.94088e-08,1.81857e-05,4.97,8954.6,8.8,736.5,1,"Up Scan","Positive",254,0,4.37,1.6,8,8,0,1,1,22.134,29.861,23.169,22.876,1.849,12418.5,49,21.1,NA,0,0,0,0,0,0,0,0,0,0,0,0,0,0,0,0,0,0,0,0,0,0,0,0,0,0,0,0,0,0,0,478.444,464.596,472.285,472.081,468.504,476.228,466.42,490.039,505.191,546.104,631.913,714.118,729.448,710.433,680.1,660.415,655.389,539.054,404.082,296.565,205.592,144.669,108.924,94.628,79.117,70.072,65.387,62.113,57.623,53.737,51.159,45.784,42.608,44.054,42.297,40.667,40.994,40.417,37.3,36.071,32.982,29.312,24.897,22.367,19.897,15.614,13.295,10.206,9.007,5.778,4.195,2.774,1.561,0.98,0.466,0.1,0.256,0.053,0.11,0,0,0,0,0,0,0,0,0,0,0,0,0,0,0,0,0,0,0,0,0,0,0,0,0,0,0,0,0,0,0,0,0,0,0,0,4.162,6.174,8.648,12.019,15.667,19.531,24.514,28.866,35.756,42.889,53.113,69.636,88.115,99.974,107.267,112.327,118.712,127.421,113.148,91.509,72.351,54.124,41.243,33.522,31.391,28.22,26.925,26.367,26.896,26.916,26.589,26.996,26.396,25.508,27.22,26.789,25.972,25.659,25.159,23.069,21.489,19.478,16.782,13.801,12.035,10.215,7.765,6.435,4.747,4.117,2.606,1.862,1.206,0.659,0.406,0.189,0.039,0.099,0.02,0.041,0,0,0,0,0,0
2026-08-28 23:03:00,1,"Normal Scan","Normal Scan",0,"ON",1,1,1,737.5,5,20.5,97.1,52.8,6.94577e-08,1.82049e-05,4.97,8954.6,8.8,736.5,1,"Up Scan","Positive",254,0,4.37,1.6,8,8,0,1,1,20.873,28.921,22.164,24.582,1.865,12270,50,21.2,NA,0,0,0,0,0,0,0,0,0,0,0,0,0,0,0,0,0,0,0,0,0,0,0,0,0,0,0,0,0,0,0,518.041,499.027,551.36,530.308,547.088,569.6,565.99,560,531.524,564.895,566.382,617.043,703.852,751.95,712.735,615.337,509.557,364.906,257.565,190.675,161.03,135.258,127.934,105.31,89.682,78.12,66.507,64.251,55.424,52.611,49.383,45.994,44.771,41.376,42.953,42.467,38.525,37.569,36.679,34.745,31.415,28.146,28.104,22.232,19.433,16.741,12.082,10.049,6.477,6.128,4.001,3.086,1.164,1.201,0.525,0.345,0.255,0.105,0,0.056,0,0,0,0,0,0,0,0,0,0,0,0,0,0,0,0,0,0,0,0,0,0,0,0,0,0,0,0,0,0,0,0,0,0,0,3.86,6.71,9.336,14.005,17.586,22.769,29.22,34.926,40.703,45.074,54.879,62.328,76.082,96.091,112.819,116.978,110.257,99.19,77.276,59.104,47.311,42.973,38.71,39.183,34.48,31.443,29.422,27.015,27.689,25.806,26.362,26.027,26.019,26.487,25.635,26.865,26.556,25.038,23.865,22.62,20.832,18.429,15.869,15.199,11.922,10.144,8.201,5.898,4.761,3.007,2.795,1.747,1.34,0.508,0.496,0.213,0.137,0.099,0.04,0,0.022,0.014,0,0,0,0
2026-08-28 23:08:00,1,"Normal Scan","Normal Scan",0,"ON",1,1,1,737.3,5,20.2,97.1,53.5,6.93674e-08,1.81905e-05,4.97,8954.6,8.8,736.5,1,"Up Scan","Positive",254,0,4.37,1.6,8,8,0,1,1,20.238,31.621,22.774,22.876,1.994,8384.19,50,21.1,NA,0,0,0,0,0,0,0,0,0,0,0,0,0,0,0,0,0,0,0,0,0,0,0,0,0,0,0,0,0,0,0,378.179,383.324,362.769,356.86,385.953,366.392,392.475,408.151,397.345,419.825,435.682,482.078,491.1,429.027,358.426,289.825,238.809,197.966,165.014,132.951,111.085,96.998,81.359,72.472,68.027,65.382,62.54,56.629,56.948,51.728,46.148,42.777,40.317,39.023,42.657,40.161,38.163,38.487,37.385,35.729,30.706,27.06,26.021,22.674,19.145,15.953,13.996,9.519,7.701,5.08,4.148,2.248,1.787,0.693,0.62,0.198,0.204,0.053,0.108,0.113,0,0,0,0,0,0,0,0,0,0,0,0,0,0,0,0,0,0,0,0,0,0,0,0,0,0,0,0,0,0,0,0,0,0,0,3.197,4.929,7.194,9.251,11.817,16.064,18.853,24.25,29.766,33.63,40.632,47.727,59.099,66.791,64.398,59.042,52.216,46.865,42.106,37.97,33.144,29.988,28.225,25.546,24.576,24.612,24.967,25.398,24.501,26.241,25.866,24.79,24.637,24.573,24.886,26.54,25.315,24.667,24.149,22.965,21.449,18.145,15.634,14.012,11.981,9.754,7.958,6.704,4.512,3.551,2.278,1.863,0.983,0.772,0.286,0.252,0.078,0.079,0.02,0.041,0.041,0,0,0,0,0
2026-08-28 23:13:00,1,"Normal Scan","Normal Scan",0,"ON",1,1,1,737.4,5,20.4,97.1,53,6.94276e-08,1.82001e-05,4.97,8954.6,8.8,736.5,1,"Up Scan","Positive",254,0,4.37,1.6,8,8,0,1,1,18.549,34.492,23.045,11.14,2.188,6333.09,50,21.2,NA,0,0,0,0,0,0,0,0,0,0,0,0,0,0,0,0,0,0,0,0,0,0,0,0,0,0,0,0,0,0,0,398.875,385.552,399.195,351.682,337.249,325.246,305.459,268.878,254.8,245.487,228.015,223.942,197.993,189.135,175.087,172.33,155.336,147.011,130.824,126.517,114.837,98.524,86.876,73.054,68.51,62.053,63.178,59.601,54.345,52.122,48.014,43.587,40.326,38.991,37.859,37.664,37.129,35.593,35.55,34.881,32.107,29.587,26.513,23.616,19.814,15.905,12.836,10.167,7.291,4.914,4.228,2.336,1.032,0.644,0.335,0.198,0.102,0.052,0.054,0.056,0,0,0,0,0,0,0,0,0,0,0,0,0,0,0,0,0,0,0,0,0,0,0,0,0,0,0,0,0,0,0,0,0,0,0,3.404,5.192,7.245,10.145,11.631,14.034,16.678,18.789,19.535,21.461,23.716,24.99,27.481,27.154,28.629,29.22,31.402,30.835,31.625,30.351,31.641,30.864,28.699,27.262,24.65,24.771,23.976,25.47,25.625,25.044,25.443,25.533,24.535,24.445,24.725,24.779,24.633,24.215,23.08,22.111,20.761,18.845,16.542,14.218,12.473,10.111,7.749,6.097,4.73,3.365,2.211,1.862,1.02,0.471,0.267,0.136,0.078,0.04,0.02,0.02,0.022,0.028,0,0,0,0
2026-08-28 23:18:00,1,"Normal Scan","Normal Scan",0,"ON",1,1,1,737.3,5,20.3,97,53.7,6.94691e-08,1.81953e-05,4.97,8954.6,8.8,736.5,1,"Up Scan","Positive",254,0,4.37,1.6,8,8,0,1,1,17.808,34.643,22.824,11.971,2.204,5903.8,50,21.2,NA,0,0,0,0,0,0,0,0,0,0,0,0,0,0,0,0,0,0,0,0,0,0,0,0,0,0,0,0,0,0,0,342.206,357.145,326.622,360.588,354.717,322.209,313.823,288.21,283.829,242.673,230.526,196.483,189.853,165.841,159.396,136.817,124.624,112.04,96.824,87.343,78.52,74.787,68.831,67.808,69.91,65.14,62.024,57.571,52.637,47.942,44.561,44.026,38.908,38.48,39.203,36.955,35.091,33.012,36.498,34.093,32.013,28.12,24.291,22.119,19.221,15.155,12.495,9.126,7.897,6.077,3.632,2.595,1.294,0.924,0.573,0.298,0.153,0.053,0,0,0,0,0,0,0,0,0,0,0,0,0,0,0,0,0,0,0,0,0,0,0,0,0,0,0,0,0,0,0,0,0,0,0,0,0,3.124,4.431,6.648,8.282,11.897,14.724,16.541,19.283,20.917,23.876,23.429,25.176,24.093,25.901,25.031,26.434,24.856,24.69,24.146,22.734,22.308,21.674,22.212,22.029,22.96,24.974,24.898,25.073,24.747,24.31,24.026,23.712,24.496,23.536,24.445,25.202,23.962,22.79,21.644,22.333,20.461,18.379,16.073,13.521,11.77,9.887,7.449,6.043,4.288,3.643,2.731,1.586,1.114,0.546,0.382,0.232,0.118,0.06,0.02,0,0,0,0,0,0,0
2026-08-28 23:23:00,1,"Normal Scan","Normal Scan",0,"ON",1,1,1,737,5,20,97,53.6,6.93786e-08,1.81809e-05,4.97,8954.6,8.8,736.5,1,"Up Scan","Positive",254,0,4.37,1.6,8,8,0,1,1,17.725,33.228,22.109,9.647,2.173,6642.31,51,21.1,NA,0,0,0,0,0,0,0,0,0,0,0,0,0,0,0,0,0,0,0,0,0,0,0,0,0,0,0,0,0,0,0,469.844,460.117,438.158,396.444,360.168,329.5,319.059,290.884,272.187,260.704,249.926,237.121,217.594,210.976,194.972,164.86,144.14,138.597,110.206,94.513,89.558,86.728,89.788,85.792,74.185,67.867,61.991,56.492,54.57,51.797,46.721,39.543,39.617,38.365,32.644,32.211,33.546,33.724,31.762,33.52,32.579,30.335,26.834,23.295,22.587,18.564,14.703,10.436,7.904,5.101,3.703,2.14,1.747,0.644,0.476,0.446,0.204,0,0.108,0.113,0,0,0,0,0,0,0,0,0,0,0,0,0,0,0,0,0,0,0,0,0,0,0,0,0,0,0,0,0,0,0,0,0,0,0,4.182,6.075,8.552,11.162,13.02,15.016,16.951,19.606,21.121,22.949,25.188,27.339,29.09,29.754,31.782,32.279,29.91,28.587,29.924,25.962,24.078,24.579,25.473,27.886,28.591,26.497,25.718,24.958,24.219,24.816,24.683,24.307,22.736,23.621,24.258,22.527,22.652,22.917,22.21,21.368,20.644,19.251,17.19,14.572,12.122,11.407,9.171,6.992,4.88,3.702,2.299,1.648,0.938,0.753,0.267,0.194,0.177,0.079,0,0.041,0.041,0,0,0,0,0
2026-08-28 23:28:00,1,"Normal Scan","Normal Scan",0,"ON",1,1,1,737.3,5,20.4,97,53.9,6.94992e-08,1.82001e-05,4.97,8954.6,8.8,736.5,1,"Up Scan","Positive",254,0,4.37,1.6,8,8,0,1,1,17.888,34.646,22.627,9.647,2.211,5980.89,50,21.2,NA,0,0,0,0,0,0,0,0,0,0,0,0,0,0,0,0,0,0,0,0,0,0,0,0,0,0,0,0,0,0,0,401.041,377.412,346.759,343.718,331.769,320.572,294.333,283.762,272.859,257.894,232.423,213.757,198.871,183.873,163.81,141.472,129.782,110.752,96.585,89.088,77.114,70.011,68.178,66.323,64.349,65.02,63.184,59.31,54.285,48.587,43.309,39.745,35.983,33.617,30.167,32.254,32.663,30.954,32.018,32.493,32.815,31.63,29.523,26.348,23.09,17.621,14.621,11.18,8.29,5.636,3.413,2.294,1.702,0.878,0.713,0.197,0.357,0.212,0.219,0.056,0,0,0,0,0,0,0,0,0,0,0,0,0,0,0,0,0,0,0,0,0,0,0,0,0,0,0,0,0,0,0,0,0,0,0,3.861,5.216,7.01,8.797,11.367,13.823,16.462,18.133,20.585,22.974,24.839,25.405,26.193,27.139,27.689,27.144,25.677,25.659,23.859,22.617,22.63,21.327,20.958,21.836,22.575,23.241,24.54,25.271,24.977,24.247,23.393,22.71,22.573,22.111,22.261,21.671,22.879,22.962,21.707,21.419,20.258,19.385,17.932,15.952,13.664,11.584,8.747,7.101,5.253,3.839,2.567,1.57,1.038,0.734,0.363,0.29,0.078,0.139,0.08,0.081,0.022,0.014,0,0,0,0
2026-08-28 23:33:00,1,"Normal Scan","Normal Scan",0,"ON",1,1,1,737.1,5,20,97.1,53.9,6.93072e-08,1.81809e-05,4.97,8954.6,8.8,736.5,1,"Up Scan","Positive",254,0,4.37,1.6,8,8,0,1,1,17.847,35.389,22.843,9.647,2.24,5850.57,50,21,NA,0,0,0,0,0,0,0,0,0,0,0,0,0,0,0,0,0,0,0,0,0,0,0,0,0,0,0,0,0,0,0,396.684,349.354,368.673,343.465,321.865,314.926,294.258,269.55,257.068,236.47,220.764,207.232,186.791,170.206,154.188,136.075,122.468,109.713,94.948,87.435,79.963,72.561,67.532,68.669,66.161,64.347,61.064,60.083,53.82,47.977,46.636,37.427,36.456,33.521,32.304,34.291,29.14,33.164,32.709,31.553,31.327,32.576,31.164,26.186,23.919,19.078,16.652,11.581,8.011,6.723,5.281,3.164,1.656,0.646,0.476,0.296,0.103,0.106,0.055,0.056,0,0,0,0,0,0,0,0,0,0,0,0,0,0,0,0,0,0,0,0,0,0,0,0,0,0,0,0,0,0,0,0,0,0,0,3.654,5.191,6.561,9.385,11.414,13.365,16.183,18.1,19.548,21.641,22.796,24.127,25.388,25.517,25.683,25.595,24.721,24.274,23.641,22.31,22.297,22.017,21.644,21.636,23.331,23.709,24.551,24.368,25.321,24.235,23.354,23.979,21.559,22.659,22.17,22.372,24.113,22.004,22.798,22.063,20.453,19.27,18.391,16.925,13.974,12.27,9.409,7.896,5.408,3.704,3.025,2.344,1.386,0.751,0.267,0.194,0.118,0.04,0.04,0.02,0.021,0.046,0,0,0,0
2026-08-28 23:38:00,1,"Normal Scan","Normal Scan",0,"ON",1,1,1,737.5,5,20.5,97.1,53.9,6.94577e-08,1.82049e-05,4.97,8954.6,8.8,736.5,1,"Up Scan","Positive",254,0,4.37,1.6,8,8,0,1,1,17.994,35.554,22.924,9.647,2.241,5967.69,50,21.2,NA,0,0,0,0,0,0,0,0,0,0,0,0,0,0,0,0,0,0,0,0,0,0,0,0,0,0,0,0,0,0,0,389.884,381.123,367.87,338.064,338.933,309.852,291.583,277.062,252.862,243.293,217.083,202.508,196.489,179.261,157.718,148.052,127.697,118.878,106.107,94.884,86.03,75.655,73.497,69.245,62.475,62.461,62.868,60.125,53.68,50.216,45.078,39.879,36.014,37.064,30.948,30.11,28.882,31.003,30.013,30.611,33.883,31.699,30.912,29.122,25.44,22.345,17.804,12.801,9.336,8.561,4.563,2.615,1.492,0.966,0.43,0.246,0.204,0.105,0.108,0,0,0,0,0,0,0,0,0,0,0,0,0,0,0,0,0,0,0,0,0,0,0,0,0,0,0,0,0,0,0,0,0,0,0,0,3.127,5.041,7.095,9.293,11.198,14.134,15.917,17.937,20.075,21.338,23.446,23.709,24.855,26.854,27.057,26.192,26.864,25.293,25.608,24.789,23.979,23.546,22.495,23.318,23.504,22.743,23.86,24.95,25.336,24.378,23.876,23.02,22.411,21.993,23.755,22.303,22.473,22.111,22.604,21.352,20.811,20.552,18.333,17.36,15.322,12.805,10.878,8.475,5.975,4.265,3.853,2.038,1.122,0.63,0.401,0.174,0.098,0.079,0.04,0.041,0,0,0,0,0,0
2026-08-28 23:43:00,1,"Normal Scan","Normal Scan",0,"ON",1,1,1,737,5,20,97,54.1,6.93786e-08,1.81809e-05,4.97,8954.6,8.8,736.5,1,"Up Scan","Positive",254,0,4.37,1.6,8,8,0,1,1,19.488,38.989,24.664,9.647,2.317,5225.26,50,21.1,NA,0,0,0,0,0,0,0,0,0,0,0,0,0,0,0,0,0,0,0,0,0,0,0,0,0,0,0,0,0,0,0,342.029,303.604,275.105,263.625,264.003,259.454,226.373,215.592,217.433,197.603,186.356,187.482,172.495,155.281,149.946,137.188,124.755,113.659,99.033,88.669,80.255,75.705,74.044,69.733,72.767,65.147,61.82,57.307,57.317,49.749,45.507,38.216,37.905,32.353,29.382,31.472,31.464,28.912,30.6,32.307,32.781,33.711,31.766,33.088,26.486,24.157,19.324,13.675,10.684,6.524,4.341,2.693,1.387,1.427,0.43,0.543,0.205,0.053,0.109,0.225,0,0,0,0,0,0,0,0,0,0,0,0,0,0,0,0,0,0,0,0,0,0,0,0,0,0,0,0,0,0,0,0,0,0,0,2.845,4.381,5.698,7.006,8.741,11.054,13.314,13.937,15.686,18.308,19.095,20.398,22.99,23.594,23.473,24.908,24.958,24.719,24.513,23.244,22.712,22.137,22.439,23.477,23.743,25.986,24.75,24.587,24.369,25.205,23.754,23.593,21.659,22.945,22.016,21.844,23.543,23.602,22.601,21.986,21.755,20.567,19.606,17.636,16.936,13.331,11.71,9.296,6.431,4.928,2.946,1.941,1.215,0.602,0.592,0.174,0.216,0.079,0.02,0.041,0.082,0,0,0,0,0
2026-08-28 23:48:00,1,"Normal Scan","Normal Scan",0,"ON",1,1,1,737.5,5,20.5,97.1,53.6,6.94577e-08,1.82049e-05,4.97,8954.6,8.8,736.5,1,"Up Scan","Positive",254,0,4.37,1.6,8,8,0,1,1,19.252,38.132,24.029,9.647,2.322,5527.1,50,21.2,NA,0,0,0,0,0,0,0,0,0,0,0,0,0,0,0,0,0,0,0,0,0,0,0,0,0,0,0,0,0,0,0,459.606,385.479,326.804,283.25,243.38,223.669,215.097,210.318,207.839,191.069,187.236,181.207,179.07,176.142,168.816,153.189,134.295,121.168,107.85,99.774,92.707,83.542,75.598,70.69,66.837,64.67,61.101,58.269,56.331,46.943,44.26,41.096,37.861,32.468,31.217,30.14,31.134,30.52,31.324,33.918,33.47,36.041,32.461,33.905,29.277,23.691,19.277,14.269,9.614,6.953,4.899,2.543,1.822,1.2,0.571,0.396,0.56,0.212,0.055,0,0,0,0,0,0,0,0,0,0,0,0,0,0,0,0,0,0,0,0,0,0,0,0,0,0,0,0,0,0,0,0,0,0,0,0,4.735,5.913,7.21,8.273,9.349,10.161,11.466,13.243,15.272,17.535,18.481,20.499,22.284,24.532,26.597,28.046,27.871,26.613,26.115,25.203,25.223,25.288,24.524,23.946,24.043,23.832,24.608,24.476,24.771,25.058,22.62,23.09,23.031,23.11,22.444,22.917,23.371,23.628,23.601,22.755,22.561,21.086,20.55,17.671,17.654,14.647,11.636,9.247,6.647,4.511,3.19,2.178,1.099,0.772,0.496,0.232,0.157,0.219,0.08,0.02,0,0,0,0,0,0
2026-08-28 23:53:00,1,"Normal Scan","Normal Scan",0,"ON",1,1,1,737.1,5,20.1,97,54.1,6.94088e-08,1.81857e-05,4.97,8954.6,8.8,736.5,1,"Up Scan","Positive",254,0,4.37,1.6,8,8,0,1,1,20.401,37.21,24.26,9.647,2.244,6055.67,50,21.1,NA,0,0,0,0,0,0,0,0,0,0,0,0,0,0,0,0,0,0,0,0,0,0,0,0,0,0,0,0,0,0,0,491.828,345.179,310.439,265.849,250.467,239.991,233.364,229.57,234.36,224.542,225.533,228.478,214.121,215.167,207.228,196.54,178.326,165.244,150.121,128.085,112.99,104.099,81.679,74.504,63.805,67.022,63.427,61.753,53.58,48.906,44.254,39.205,35.5,31.429,34.756,29.071,29.059,30.86,30.885,33.715,32.689,35.204,34.186,31.498,28.819,24.558,19.875,14.847,10.062,7.092,4.787,2.345,1.917,1.106,0.765,0.248,0.256,0.21,0.163,0.113,0,0,0,0,0,0,0,0,0,0,0,0,0,0,0,0,0,0,0,0,0,0,0,0,0,0,0,0,0,0,0,0,0,0,0,5.16,6.348,6.42,7.86,8.805,10.437,12.309,14.38,16.71,19.792,21.735,24.784,28.113,29.407,32.601,34.435,35.725,35.272,35.342,34.657,31.941,30.466,30.225,25.719,25.118,23.068,25.278,25.219,25.788,24.127,23.468,22.815,22.18,22.21,21.874,24.166,22.791,23.082,23.342,22.582,22.7,20.657,20.288,18.723,16.457,14.377,12.054,9.504,6.977,4.618,3.25,2.135,1.058,0.809,0.458,0.31,0.098,0.099,0.08,0.061,0.041,0,0,0,0,0
2026-08-28 23:58:00,1,"Normal Scan","Normal Scan",0,"ON",1,1,1,737.2,5,20.2,97,53.5,6.94389e-08,1.81905e-05,4.97,8954.6,8.8,736.5,1,"Up Scan","Positive",254,0,4.37,1.6,8,8,0,1,1,19.82,40.875,25.4,10.366,2.377,4853.36,50,21.1,NA,0,0,0,0,0,0,0,0,0,0,0,0,0,0,0,0,0,0,0,0,0,0,0,0,0,0,0,0,0,0,0,299.868,305.801,271.739,246.928,235.449,215.175,206.899,201.95,189.559,172.625,164.816,163.127,149.143,141.706,135.929,118.384,110.753,97.54,93.937,87.133,77.412,73.318,68.938,67.758,64.815,65.824,65.902,59.905,59.382,48.106,46.113,39.777,34.918,33.561,31.624,32.037,28.311,31.26,30.985,35.293,34.357,35.034,34.183,30.881,28.976,22.837,18.804,15.348,9.297,7.372,5.091,2.807,2.234,1.104,0.523,0.295,0.41,0.104,0,0,0,0,0,0,0,0,0,0,0,0,0,0,0,0,0,0,0,0,0,0,0,0,0,0,0,0,0,0,0,0,0,0,0,0,0,2.667,3.909,5.716,6.884,8.123,9.795,10.999,12.747,14.63,15.952,16.686,18.029,20.02,20.402,21.438,22.621,21.571,22.021,21.144,22.06,22.156,21.459,21.915,22.172,23.168,23.337,24.954,26.133,25.176,26.332,23.092,23.677,22.478,22.084,23.013,23.039,24.138,22.54,23.491,22.496,23.128,21.549,20.012,18.789,16.173,14.529,11.374,8.989,7.122,4.274,3.384,2.225,1.208,0.96,0.458,0.213,0.118,0.159,0.04,0,0,0.015,0,0,0,0
