"date","Flag","Detector.Status","Classifier.Errors","Communication.Status","Neutralizer.Status","Detector.Inlet.Flow..L.min.","Detector.Counting.Flow..L.min.","Impactor.Flow..L.min.","Impactor.D50..nm.","Sheath.Flow..L.min.","Sheath.Temp..C.","Sheath.Pressure..kPa.","Sheath.Relative.Humidity....","Mean.Free.Path..m.","Gas.Viscosity..Pa.s.","Low.Voltage..V.","High.Voltage..V.","Lower.Size..nm.","Upper.Size..nm.","Wide.Range.Scan.Mode","Scan.Direction","HV.Polarity","DMA.V.Ramping.Up..TUP...s.","DMA.V.Ramping.Down..TDOWN...s.","DMA.Column.transit.time.Tf..s.","DMA.Exit.to.Optical.Detector.Td..s.","DMA.at.Low.Voltage..TLOW...s.","DMA.at.High.Voltage..THIGH...s.","Adjustment..s.","Dilution.Factor","Aerosol.Density..g.cm..","Median..nm.","Mean..nm.","Geo..Mean..nm.","Mode..nm.","Geo..Std..Dev","Total.Concentration....cm..","Aerosol.Humidity....","Aerosol.Temperature..C.","Reserved.1","part_1.04","part_1.11","part_1.20","part_1.29","part_1.38","part_1.49","part_1.60","part_1.72","part_1.84","part_1.98","part_2.13","part_2.29","part_2.46","part_2.64","part_2.84","part_3.05","part_3.28","part_3.52","part_3.79","part_4.07","part_4.37","part_4.70","part_5.05","part_5.42","part_5.83","part_6.26","part_6.73","part_7.23","part_7.77","part_8.35","part_8.98","part_9.65","part_10.37","part_11.14","part_11.97","part_12.86","part_13.82","part_14.86","part_15.96","part_17.15","part_18.43","part_19.81","part_21.29","part_22.88","part_24.58","part_26.42","part_28.39","part_30.51","part_32.78","part_35.23","part_37.86","part_40.68","part_43.71","part_46.98","part_50.48","part_54.25","part_58.29","part_62.64","part_67.32","part_72.34","part_77.74","part_83.54","part_89.77","part_96.47","part_103.66","part_111.40","part_119.71","part_128.64","part_138.24","part_148.55","part_159.63","part_171.54","part_184.34","part_198.10","part_212.88","part_228.76","part_245.82","part_264.16","part_283.87","part_305.05","part_327.81","part_352.27","part_378.55","part_406.79","part_437.14","part_469.76","part_504.81","part_542.47","part_582.94","part_626.43","part_673.17","part_723.39","part_777.37","part_835.36","part_897.69","part_964.66","raw_1.04","raw_1.11","raw_1.20","raw_1.29","raw_1.38","raw_1.49","raw_1.60","raw_1.72","raw_1.84","raw_1.98","raw_2.13","raw_2.29","raw_2.46","raw_2.64","raw_2.84","raw_3.05","raw_3.28","raw_3.52","raw_3.79","raw_4.07","raw_4.37","raw_4.70","raw_5.05","raw_5.42","raw_5.83","raw_6.26","raw_6.73","raw_7.23","raw_7.77","raw_8.35","raw_8.98","raw_9.65","raw_10.37","raw_11.14","raw_11.97","raw_12.86","raw_13.82","raw_14.86","raw_15.96","raw_17.15","raw_18.43","raw_19.81","raw_21.29","raw_22.88","raw_24.58","raw_26.42","raw_28.39","raw_30.51","raw_32.78","raw_35.23","raw_37.86","raw_40.68","raw_43.71","raw_46.98","raw_50.48","raw_54.25","raw_58.29","raw_62.64","raw_67.32","raw_72.34","raw_77.74","raw_83.54","raw_89.77","raw_96.47","raw_103.66","raw_111.40","raw_119.71","raw_128.64","raw_138.24","raw_148.55","raw_159.63","raw_171.54","raw_184.34","raw_198.10","raw_212.88","raw_228.76","raw_245.82","raw_264.16","raw_283.87","raw_305.05","raw_327.81","raw_352.27","raw_378.55","raw_406.79","raw_437.14","raw_469.76","raw_504.81","raw_542.47","raw_582.94","raw_626.43","raw_673.17","raw_723.39","raw_777.37","raw_835.36","raw_897.69","raw_964.66"
2026-08-29 00:03:00,1,"Normal Scan","Normal Scan",0,"ON",1,1,1,737.3,5,20.3,97,54,6.94691e-08,1.81953e-05,4.97,8954.6,8.8,736.5,1,"Up Scan","Positive",254,0,4.37,1.6,8,8,0,1,1,20.269,42.478,26.283,9.647,2.396,4566.35,49,21.1,NA,0,0,0,0,0,0,0,0,0,0,0,0,0,0,0,0,0,0,0,0,0,0,0,0,0,0,0,0,0,0,0,251.265,233.047,240.697,224.311,224.703,207.453,208.964,197.888,184.109,178.365,164.697,153.878,137.511,125.741,120.354,110.585,102.665,98.74,87.841,80.902,78.714,71.02,68.318,69.311,65.391,64.419,63.346,59.063,55.163,50.607,40.841,37.569,36.774,30.351,28.972,31.184,27.72,28.887,32.691,35.245,35.605,33.81,35.663,34.502,29.091,25.494,18.299,14.927,10.131,7.375,4.898,2.938,2.287,0.732,0.525,0.297,0.255,0.106,0,0.113,0,0,0,0,0,0,0,0,0,0,0,0,0,0,0,0,0,0,0,0,0,0,0,0,0,0,0,0,0,0,0,0,0,0,0,1.867,3.237,4.331,6.112,7.413,9.347,10.627,12.822,14.383,15.542,17.217,17.989,18.887,18.872,19.043,20.033,20.211,20.443,21.386,20.744,20.686,21.743,21.239,21.853,23.524,23.547,24.304,25.145,24.672,24.3,24.123,21.49,21.535,22.706,21.821,22.308,23.682,22.688,23.007,23.615,23.372,21.88,19.963,19.237,17.808,14.665,12.551,8.649,6.958,4.669,3.324,2.154,1.279,0.981,0.303,0.213,0.118,0.099,0.04,0,0.041,0,0,0,0,0
2026-08-29 00:08:00,1,"Normal Scan","Normal Scan",0,"ON",1,1,1,737.2,5,20.2,97,53.4,6.94389e-08,1.81905e-05,4.97,8954.6,8.8,736.5,1,"Up Scan","Positive",254,0,4.37,1.6,8,8,0,1,1,20.096,40.921,25.628,9.647,2.345,4991.28,49,21.1,NA,0,0,0,0,0,0,0,0,0,0,0,0,0,0,0,0,0,0,0,0,0,0,0,0,0,0,0,0,0,0,0,268.954,242.744,247.948,261.818,236.307,231.076,234.665,227.234,215.25,196.991,194.311,187.803,166.796,151.821,136.687,128.847,120.762,107.737,94.608,90.801,82.004,78.048,73.29,66.9,65.48,64.043,59.811,57.705,55.585,50.869,43.811,38.13,34.744,30.932,30.042,28.701,28.742,28.733,31.663,31.385,34.982,35.496,36.561,34.058,30.34,27.657,20.73,16.405,10.46,8.062,5.783,3.314,1.657,1.106,0.432,0.198,0.051,0.105,0.055,0.056,0,0,0,0,0,0,0,0,0,0,0,0,0,0,0,0,0,0,0,0,0,0,0,0,0,0,0,0,0,0,0,0,0,0,0,2.117,3.485,4.552,6.284,8.663,9.852,11.888,14.468,16.5,18.153,19.013,21.28,23.061,22.797,22.913,22.739,23.464,23.986,23.284,22.187,23.065,22.564,23.033,23.291,22.737,23.696,24.268,23.814,24.18,24.725,23.915,22.621,21.577,22.198,21.334,22.732,22.994,23.618,23.191,23.499,22.497,21.905,20.792,20.091,17.806,15.342,13.396,9.837,7.608,4.784,3.627,2.538,1.446,0.734,0.458,0.174,0.078,0.02,0.04,0.02,0.021,0.029,0,0,0,0
2026-08-29 00:13:00,1,"Normal Scan","Normal Scan",0,"ON",1,1,1,737.3,5,20.4,97,53.7,6.94992e-08,1.82001e-05,4.97,8954.6,8.8,736.5,1,"Up Scan","Positive",254,0,4.37,1.6,8,8,0,1,1,22.475,37.75,25.792,17.154,2.132,6507.71,49,21.2,NA,0,0,0,0,0,0,0,0,0,0,0,0,0,0,0,0,0,0,0,0,0,0,0,0,0,0,0,0,0,0,0,240.743,245.614,246.562,251.858,248.655,257.469,279.525,280.043,295.147,281.892,283.391,276.15,279.502,278.002,265.545,271.336,259.839,222.527,195.229,163.906,141.484,118.227,92.288,78.789,71.451,68.147,64.66,57.242,55.114,52.293,40.572,36.265,36.504,30.977,29.14,26.375,31.376,28.261,29.47,31.53,35.057,35.551,32.602,33.231,30.902,26.178,19.886,16.419,13.113,8.993,5.127,2.845,1.917,1.293,0.62,0.246,0.254,0.211,0.109,0.056,0,0,0,0,0,0,0,0,0,0,0,0,0,0,0,0,0,0,0,0,0,0,0,0,0,0,0,0,0,0,0,0,0,0,0,1.983,3.112,4.607,6.292,8.315,10.347,13.236,17.261,20.429,24.926,27.278,31.136,34.085,38.339,42.109,44.154,49.22,51.08,47.304,44.828,40.613,37.759,34.004,28.662,26.445,25.503,25.364,25.481,24.373,24.299,24.246,21.392,20.907,22.258,21.514,22.273,21.988,23.912,22.815,22.877,22.051,22.015,21.294,18.615,17.43,15.439,12.756,9.576,7.663,5.989,4.041,2.3,1.242,0.809,0.535,0.252,0.098,0.099,0.08,0.041,0.022,0,0,0,0,0
2026-08-29 00:18:00,1,"Normal Scan","Normal Scan",0,"ON",1,1,1,737,5,20,97,53.4,6.93786e-08,1.81809e-05,4.97,8954.6,8.8,736.5,1,"Up Scan","Positive",254,0,4.37,1.6,8,8,0,1,1,19.857,42.892,26.243,11.14,2.415,4559.17,49,21,NA,0,0,0,0,0,0,0,0,0,0,0,0,0,0,0,0,0,0,0,0,0,0,0,0,0,0,0,0,0,0,0,238.033,229.523,256.923,225.081,214.578,240.039,204.05,219.751,192.994,176.753,158.794,145.23,138.224,118.028,114.692,108.069,93.361,88.126,84.914,82.069,72.89,69.202,68.648,64.826,62.23,64.735,60.277,54.426,59.329,50.312,46.893,40.592,36.176,34.086,30.243,28.835,28.647,28.387,28.802,34.21,34.161,35.384,34.754,32.541,30.879,27.305,21.384,16.435,11.46,7.822,5.53,3.654,1.697,1.523,1,0.246,0.153,0.21,0.055,0,0,0,0,0,0,0,0,0,0,0,0,0,0,0,0,0,0,0,0,0,0,0,0,0,0,0,0,0,0,0,0,0,0,0,0,1.962,3.1,4.283,6.52,7.42,8.954,12.335,12.572,15.913,16.267,17.041,17.389,17.81,18.914,17.879,19.123,19.718,18.656,19.16,20.009,20.922,20.233,20.636,21.884,22.382,22.657,24.631,24.162,23.254,26.085,24,23.674,22.613,22.11,23.31,22.704,22.999,23.203,22.822,22.256,23.707,22.105,20.791,19.272,17.271,15.624,13.271,10.338,7.715,5.234,3.554,2.429,1.576,0.734,0.63,0.407,0.098,0.06,0.08,0.02,0,0.016,0,0,0,0
2026-08-29 00:23:00,1,"Normal Scan","Normal Scan",0,"ON",1,1,1,737.4,5,20.5,97,53.2,6.95293e-08,1.82049e-05,4.97,8954.6,8.8,736.5,1,"Up Scan","Positive",254,0,4.37,1.6,8,8,0,1,1,21.704,43.227,27,10.366,2.374,4744.66,49,21.2,NA,0,0,0,0,0,0,0,0,0,0,0,0,0,0,0,0,0,0,0,0,0,0,0,0,0,0,0,0,0,0,0,218.406,258.71,207.04,214.765,216.748,215.344,205.5,200.507,189.602,165.725,169.575,146.494,141.903,143.821,147.78,142.144,137.183,129.38,116.119,110.739,92.594,79.086,68.324,67.05,63.395,61.65,62.854,59.871,54.175,49.051,47.314,40.663,37.097,32.511,28.665,26.752,29.009,28.116,29.188,35.139,33.587,34.576,35.097,34.043,35.045,26.387,22.528,19.626,11.829,8.133,5.23,3.106,2.28,1.66,0.381,0.441,0.255,0.211,0.11,0.144,0,0,0,0,0,0,0,0,0,0,0,0,0,0,0,0,0,0,0,0,0,0,0,0,0,0,0,0,0,0,0,0,0,0,0,2.025,2.825,4.796,5.267,7.092,9.059,11.068,12.643,14.516,15.949,16.045,18.598,18.058,19.504,21.869,24.698,25.897,27.141,27.731,26.999,27.781,25.204,23.369,21.9,22.848,22.985,23.561,25.099,25.052,24.197,22.983,23.965,22.765,22.454,22.677,22.312,22.112,23.519,23.517,23.173,23.944,22.388,20.884,19.728,17.703,17.436,12.996,10.824,9.172,5.395,3.683,2.318,1.372,0.978,0.687,0.155,0.177,0.099,0.08,0.041,0.045,0,0,0,0,0
2026-08-29 00:28:00,1,"Normal Scan","Normal Scan",0,"ON",1,1,1,737,5,20,97,53.5,6.93786e-08,1.81809e-05,4.97,8954.6,8.8,736.5,1,"Up Scan","Positive",254,0,4.37,1.6,8,8,0,1,1,19.57,42.288,25.837,9.647,2.417,4572.8,49,21,NA,0,0,0,0,0,0,0,0,0,0,0,0,0,0,0,0,0,0,0,0,0,0,0,0,0,0,0,0,0,0,0,278.684,266.264,245.885,225.974,223.202,223.793,212.033,197.415,191.695,172.708,155.171,137.206,126.886,121.668,108.617,103.796,102.885,94.663,89.191,81.703,76.361,69.929,70.052,62.636,60.159,62.177,59.576,57.734,53.648,49.639,44.707,38.985,35.55,31.431,30.456,27.161,31.444,28.727,31.739,30.456,35.026,34.656,31.905,32.32,28.871,26.172,20.722,17.486,11.984,8.439,6.17,3.06,2.281,0.782,0.621,0.248,0.051,0,0,0,0,0,0,0,0,0,0,0,0,0,0,0,0,0,0,0,0,0,0,0,0,0,0,0,0,0,0,0,0,0,0,0,0,0,0,2.346,3.597,4.99,6.264,7.48,9.313,11.512,13.104,14.308,16.147,16.647,16.973,16.867,17.396,18.441,18.15,18.995,20.509,20.564,20.919,20.808,21.061,20.801,22.363,21.532,21.939,23.602,23.911,24.231,23.91,23.533,23.124,21.973,22.158,21.494,22.751,22.109,23.845,22.879,23.394,21.975,22.203,20.617,18.052,17.264,14.56,12.845,9.774,8.131,5.457,3.762,2.699,1.317,0.979,0.325,0.252,0.098,0.02,0,0,0,0.016,0,0,0,0
2026-08-29 00:33:00,1,"Normal Scan","Normal Scan",0,"ON",1,1,1,737.4,5,20.5,97,52.9,6.95293e-08,1.82049e-05,4.97,8954.6,8.8,736.5,1,"Up Scan","Positive",254,0,4.37,1.6,8,8,0,1,1,19.042,35.988,23.483,9.647,2.205,6083.07,49,21.1,NA,0,0,0,0,0,0,0,0,0,0,0,0,0,0,0,0,0,0,0,0,0,0,0,0,0,0,0,0,0,0,0,350.085,336.355,307.484,296.267,303.187,286.074,297.869,312.013,297.599,270.882,268.041,250.314,238.031,214.062,186.396,175.547,143.928,120.177,107.57,97.263,93.826,84.214,75.996,68.353,59.702,62.168,58.005,57.345,52.676,45.654,43.283,35,32.844,28.892,28.343,26.013,30.284,31.217,32.095,32.649,32.474,34.143,32.662,29.802,27.049,21.903,18.645,15.615,11.736,8.014,5.26,3.097,2.156,1.286,0.685,0.529,0.154,0.105,0.054,0,0,0,0,0,0,0,0,0,0,0,0,0,0,0,0,0,0,0,0,0,0,0,0,0,0,0,0,0,0,0,0,0,0,0,0,2.948,4.507,6.263,7.824,9.766,12.632,14.71,18.362,22.632,25.07,26.141,29.289,30.691,32.45,32.241,30.868,31.808,28.491,25.913,25.072,24.493,25.493,24.644,23.971,23.078,21.624,23.508,23.017,23.898,23.249,21.814,22.306,20.512,21.259,20.379,21.313,21.041,23.209,23.291,22.755,21.929,20.494,20.315,18.321,15.809,13.714,10.874,9.005,7.273,5.385,3.62,2.328,1.329,0.909,0.532,0.279,0.21,0.06,0.04,0.02,0,0,0,0,0,0
2026-08-29 00:38:00,1,"Normal Scan","Normal Scan",0,"ON",1,1,1,737.1,5,20.1,97,53.4,6.94088e-08,1.81857e-05,4.97,8954.6,8.8,736.5,1,"Up Scan","Positive",254,0,4.37,1.6,8,8,0,1,1,21.716,36.044,24.814,21.288,2.096,6364.77,49,21.1,NA,0,0,0,0,0,0,0,0,0,0,0,0,0,0,0,0,0,0,0,0,0,0,0,0,0,0,0,0,0,0,0,292.342,251.815,254.597,223.394,218.755,225.729,237.153,283.59,291.432,318.979,327.244,337.972,322.488,330.325,306.39,262.436,215.354,185.499,163.076,135.821,106.337,85.116,70.48,63.519,58.264,55.051,50.333,54.183,49.541,43.013,36.779,37.467,30.331,29.074,29.589,27.61,28.328,30.403,31.081,30.956,30.452,32.25,30,26.346,25.67,24.812,17.793,15.074,9.41,7.46,5.704,3.444,1.796,1.383,0.528,0.395,0.307,0.105,0,0,0,0,0,0,0,0,0,0,0,0,0,0,0,0,0,0,0,0,0,0,0,0,0,0,0,0,0,0,0,0,0,0,0,0,0,2.501,3.81,4.691,6.48,7.372,9.167,11.637,14.712,20.693,24.665,30.91,35.848,41.46,44.013,49.737,50.625,47.287,42.23,39.387,37.388,33.628,28.479,24.679,22.287,21.547,20.883,20.985,20.465,22.572,22.129,21.029,19.573,21.204,19.711,20.266,21.079,21.579,21.664,21.973,22.315,21.213,19.757,18.794,16.761,14.298,13.156,12.138,8.559,7.037,4.362,3.395,2.506,1.48,0.777,0.573,0.213,0.157,0.119,0.04,0,0,0.015,0,0,0,0
2026-08-29 00:43:00,1,"Normal Scan","Normal Scan",0,"ON",1,1,1,737.2,5,20.2,97,52.8,6.94389e-08,1.81905e-05,4.97,8954.6,8.8,736.5,1,"Up Scan","Positive",254,0,4.37,1.6,8,8,0,1,1,22.719,37.603,26.071,21.288,2.105,5876.62,49,21.1,NA,0,0,0,0,0,0,0,0,0,0,0,0,0,0,0,0,0,0,0,0,0,0,0,0,0,0,0,0,0,0,0,218.766,211.19,194.157,205.444,202.459,228.636,220.192,238.367,257.44,275.785,285.55,296.947,267.04,263.548,237.495,212.11,212.568,206.531,202.011,179.814,148.967,114.867,90.384,75.375,63.392,59.125,56.085,51.486,43.098,41.703,35.185,27.689,28.023,26.11,25.939,26.952,27.858,30.27,31.416,31.619,32.402,29.396,30.369,27.126,24.452,21.481,17.993,13.343,10.661,6.886,4.911,3.088,1.294,0.69,0.384,0.395,0.05,0.105,0,0,0,0,0,0,0,0,0,0,0,0,0,0,0,0,0,0,0,0,0,0,0,0,0,0,0,0,0,0,0,0,0,0,0,0,0,2.023,2.851,3.936,4.93,6.778,8.461,11.767,13.624,17.353,21.773,26.701,31.273,36.511,36.645,39.967,39.65,38.726,41.991,44.015,46.276,44.22,39.446,32.842,27.8,24.815,22.451,21.99,21.819,21.401,19.652,20.043,18.858,17.253,18.556,19.107,19.924,20.435,21.426,21.998,21.715,21.078,20.305,17.452,16.734,14.314,12.52,10.397,8.468,6.21,4.9,3.088,2.144,1.327,0.565,0.286,0.155,0.157,0.02,0.04,0,0,0.015,0,0,0,0
2026-08-29 00:48:00,1,"Normal Scan","Normal Scan",0,"ON",1,1,1,737.3,5,20.3,97,53.1,6.94691e-08,1.81953e-05,4.97,8954.6,8.8,736.5,1,"Up Scan","Positive",254,0,4.37,1.6,8,8,0,1,1,25.407,36.205,26.757,28.387,1.961,7196.33,48,21.1,NA,0,0,0,0,0,0,0,0,0,0,0,0,0,0,0,0,0,0,0,0,0,0,0,0,0,0,0,0,0,0,0,185.985,200.586,198.428,190.24,228.831,237.818,240.527,246.656,242.893,272.582,295.676,327.204,359.858,391.224,416.795,429.446,401.017,365.543,316.563,264.414,203.825,161.078,116.493,92.089,69.883,58.342,50.429,48.237,44.589,37.605,33.187,29.43,27.837,26.066,24.836,25.788,27.275,28.725,28.717,28.994,29.897,27.973,27.922,26.416,24.494,19.68,18.049,14.804,10.428,7.875,4.532,3.205,2.494,1.432,0.758,0.447,0.153,0,0,0.056,0,0,0,0,0,0,0,0,0,0,0,0,0,0,0,0,0,0,0,0,0,0,0,0,0,0,0,0,0,0,0,0,0,0,0,1.494,2.427,3.772,5.051,6.289,9.548,12.184,14.888,18.014,20.642,26.587,32.7,40.63,49.698,59.509,69.332,77.735,78.635,77.328,72.002,64.485,53.355,45.134,35.213,29.884,24.284,21.628,19.952,20.232,19.863,18.506,17.799,17.709,18.118,18.395,18.932,19.596,20.71,21.239,20.551,19.813,18.872,17.399,15.867,14.14,12.513,9.897,8.766,6.906,4.814,3.518,1.984,1.396,1.054,0.593,0.309,0.177,0.06,0,0,0.021,0,0,0,0,0
2026-08-29 00:53:00,1,"Normal Scan","Normal Scan",0,"ON",1,1,1,737,5,20,97,52.7,6.93786e-08,1.81809e-05,4.97,8954.6,8.8,736.5,1,"Up Scan","Positive",254,0,4.37,1.6,8,8,0,1,1,24.983,34.474,26.695,24.582,1.832,8887.08,48,21,NA,0,0,0,0,0,0,0,0,0,0,0,0,0,0,0,0,0,0,0,0,0,0,0,0,0,0,0,0,0,0,0,148.275,128.285,140.222,150.843,181.257,221.82,299.082,362.813,406.734,430.827,495.973,524.588,540.009,582.893,562.799,560.291,520.091,469.107,394.795,310.137,238.778,178.243,131.708,94.418,72.778,60.415,52.602,48.892,43.261,39.152,29.529,28.99,27.361,24.603,22.033,24.383,25.437,27.208,26.721,29.753,30.139,28.752,27.135,25.553,26.743,21.529,20.126,14.471,12.864,8.053,6.49,4.073,1.876,1.337,0.335,0.323,0.123,0,0.054,0,0,0,0,0,0,0,0,0,0,0,0,0,0,0,0,0,0,0,0,0,0,0,0,0,0,0,0,0,0,0,0,0,0,0,0,1.298,1.917,2.391,3.622,4.995,7.599,11.505,18.61,26.522,34.534,41.909,54.68,64.829,74.272,88.323,93.392,101.194,101.741,98.973,89.454,75.459,62.289,49.862,39.545,30.502,25.226,22.179,20.616,20.477,19.17,18.617,16.285,17.459,17.548,17.817,17.807,19.363,19.983,20.769,20.454,20.208,19.933,17.769,15.873,14.027,13.862,10.6,9.616,6.726,5.884,3.58,2.854,1.753,0.809,0.554,0.136,0.129,0.048,0,0.02,0,0.016,0,0,0,0
2026-08-29 00:58:00,1,"Normal Scan","Normal Scan",0,"ON",1,1,1,737.3,5,20.4,97,52.6,6.94992e-08,1.82001e-05,4.97,8954.6,8.8,736.5,1,"Up Scan","Positive",254,0,4.37,1.6,8,8,0,1,1,26.029,35.396,26.835,30.505,1.905,8618.44,48,21.1,NA,0,0,0,0,0,0,0,0,0,0,0,0,0,0,0,0,0,0,0,0,0,0,0,0,0,0,0,0,0,0,0,232.993,234.385,204.318,224.227,216.478,234.092,270.127,289.957,306.575,329.907,362.402,395.072,424.391,453.886,468.303,491.09,508.724,499.348,466.676,399.235,301.343,219.621,148.319,105.44,68.554,61.351,57.531,50.269,43.209,37.581,33.008,29.751,29.123,24.21,25.753,24.375,28.207,27.367,26.634,27.118,28.532,29.841,28.372,25.642,26.268,24.138,20.89,17.124,13.31,8.878,5.398,3.532,2.414,1.523,0.572,0.546,0.204,0.053,0.108,0.143,0,0,0,0,0,0,0,0,0,0,0,0,0,0,0,0,0,0,0,0,0,0,0,0,0,0,0,0,0,0,0,0,0,0,0,2.044,3.025,4.391,5.142,7.436,9.086,12.087,16.731,21.211,26.002,32.117,40.002,49.09,58.719,69.428,78.517,89.417,99.93,105.549,105.64,96.641,78.229,61.151,44.285,33.868,23.918,22.619,22.472,21.015,19.465,18.033,17.797,17.667,18.543,17.44,19.201,19.669,21.607,20.81,20.534,19.872,19.691,18.491,16.653,14.016,13.517,11.959,10.069,7.973,6.154,3.988,2.391,1.539,1.035,0.63,0.232,0.216,0.079,0.02,0.041,0.045,0,0,0,0,0
2026-08-29 01:03:00,1,"Normal Scan","Normal Scan",0,"ON",1,1,1,737,5,20,97,52.4,6.93786e-08,1.81809e-05,4.97,8954.6,8.8,736.5,1,"Up Scan","Positive",254,0,4.37,1.6,8,8,0,1,1,26.551,40.388,27.754,30.505,2.15,5486.26,48,21,NA,0,0,0,0,0,0,0,0,0,0,0,0,0,0,0,0,0,0,0,0,0,0,0,0,0,0,0,0,0,0,0,252.9,216.748,182.075,208.987,177.62,177.792,150.038,138.553,162.798,175.499,175.602,180.322,193.052,218.648,239.684,264.985,298.765,294.364,263.864,213.283,166,128.868,100.018,81.351,65.758,62.045,54.373,51.334,43.071,37.23,34.469,27.05,27.224,26.464,25.12,23.473,28.163,27.435,28.646,28.645,28.321,28.023,27.833,26.845,23.686,21.598,19.587,16.674,13.545,9.854,6.821,4.79,3.025,1.381,1.046,0.495,0.206,0.106,0.11,0,0,0,0,0,0,0,0,0,0,0,0,0,0,0,0,0,0,0,0,0,0,0,0,0,0,0,0,0,0,0,0,0,0,0,0,2.472,3.274,4.052,4.653,6.895,7.397,9.12,9.271,10.115,13.813,17.113,19.43,22.54,26.976,33.631,40.262,48.296,58.714,62.337,60.09,52.254,43.847,36.587,30.532,26.587,23.076,22.837,21.215,21.316,19.386,18.165,18.214,16.626,17.782,18.458,18.995,18.79,21.347,21.035,21.03,20.428,19.263,17.984,16.562,15.02,12.72,10.998,9.5,7.819,6.212,4.447,3.013,2.077,1.28,0.573,0.426,0.196,0.079,0.04,0.041,0,0,0,0,0,0
2026-08-29 01:08:00,1,"Normal Scan","Normal Scan",0,"ON",1,1,1,737.4,5,20.5,97,52.2,6.95293e-08,1.82049e-05,4.97,8954.6,8.8,736.5,1,"Up Scan","Positive",254,0,4.37,1.6,8,8,0,1,1,23.215,36.022,25.256,26.416,2.049,6610.53,48,21.2,NA,0,0,0,0,0,0,0,0,0,0,0,0,0,0,0,0,0,0,0,0,0,0,0,0,0,0,0,0,0,0,0,286.271,262.79,221.259,211.616,219.949,202.473,221.14,227.767,253.26,267.406,301.139,362.77,388.866,412.376,427.675,375.504,299.104,221.41,159.959,124.056,106.46,92.21,78.611,68.502,56.783,59.278,48.315,47.897,43.791,41.035,35.076,31.544,29.495,27.631,25.692,27.242,26.233,27.41,26.978,28.531,27.64,28.646,26.822,25.283,25.754,21.881,21.055,17.997,13.549,9.473,7.358,3.942,2.821,1.286,0.955,0.198,0.255,0.053,0,0.056,0,0,0,0,0,0,0,0,0,0,0,0,0,0,0,0,0,0,0,0,0,0,0,0,0,0,0,0,0,0,0,0,0,0,0,3.165,3.672,4.895,5.66,6.991,9.157,10.422,13.754,16.684,21.513,26.091,33.264,44.728,53.103,62.003,70.262,67.322,58.281,46.886,36.693,30.806,28.606,26.48,24.4,22.736,20.329,22.159,19.379,20.173,19.853,19.735,18.495,18.399,18.342,19.09,19.172,20.623,20.424,21.082,20.39,20.378,19.342,18.368,15.978,14.457,13.371,11.052,10.062,8.419,6.187,4.23,3.232,1.708,1.191,0.534,0.387,0.078,0.099,0.02,0,0.023,0,0,0,0,0
2026-08-29 01:13:00,1,"Normal Scan","Normal Scan",0,"ON",1,1,1,737,5,19.9,97,52.4,6.93485e-08,1.81761e-05,4.97,8954.6,8.8,736.5,1,"Up Scan","Positive",254,0,4.37,1.6,8,8,0,1,1,22.688,40.606,26.097,9.647,2.293,4700.37,48,21,NA,0,0,0,0,0,0,0,0,0,0,0,0,0,0,0,0,0,0,0,0,0,0,0,0,0,0,0,0,0,0,0,309.262,269.305,228.5,187.226,180.936,169.514,154.446,147.552,154.49,155.003,164.794,169.529,161.915,165.657,176.203,187.25,177.969,148.227,128.995,120.151,106.404,92.217,77.348,65.77,58.171,55.374,51.125,46.871,43.359,39.195,32.639,30.273,28.433,25.969,27.137,26.31,26.201,27.382,26.317,28.432,26.676,26.246,26.939,26.916,25.459,21.636,19.635,17.909,13.773,8.778,6.709,3.032,2.677,1.194,0.428,0.148,0.204,0.105,0,0.056,0,0,0,0,0,0,0,0,0,0,0,0,0,0,0,0,0,0,0,0,0,0,0,0,0,0,0,0,0,0,0,0,0,0,0,2.74,4.008,5.014,5.79,6.212,7.551,8.705,9.543,10.738,13.066,15.022,18.142,20.975,22.282,25.173,29.432,34.059,35.105,31.752,29.841,29.899,28.549,26.534,23.986,21.978,20.629,20.626,20.31,19.821,19.47,19.002,17.583,17.834,17.932,18.22,19.622,19.756,20.279,21.181,20.073,20.054,18.484,17.256,15.967,14.776,13.001,10.905,9.379,8.267,6.258,3.94,2.945,1.317,1.13,0.497,0.174,0.059,0.079,0.04,0,0.021,0,0,0,0,0
2026-08-29 01:18:00,1,"Normal Scan","Normal Scan",0,"ON",1,1,1,737.3,5,20.4,97,51.8,6.94992e-08,1.82001e-05,4.97,8954.6,8.8,736.5,1,"Up Scan","Positive",254,0,4.37,1.6,8,8,0,1,1,21.429,41.339,25.689,9.647,2.378,4326.26,48,21.1,NA,0,0,0,0,0,0,0,0,0,0,0,0,0,0,0,0,0,0,0,0,0,0,0,0,0,0,0,0,0,0,0,356.494,276.93,229.085,211.03,173.483,160.438,145.983,143.403,126.291,135.418,125.311,137.949,136.096,129.918,127.881,129.885,129.188,133.675,118.344,105.143,93.055,77.499,63.683,59.725,54.904,53.254,51.935,48.187,43.477,38.968,33.866,31.744,30.295,26.405,26.013,26.214,28.006,25.399,26.237,29.565,29.329,26.929,27.536,26.929,24.294,20.987,18.908,15.532,11.138,9.267,6.151,4.188,2.08,0.943,0.764,0.593,0.203,0.053,0.055,0,0,0,0,0,0,0,0,0,0,0,0,0,0,0,0,0,0,0,0,0,0,0,0,0,0,0,0,0,0,0,0,0,0,0,0,3.146,4.581,5.155,5.793,6.982,7.209,8.228,8.989,10.434,10.689,13.101,13.778,16.995,18.76,19.788,21.441,23.757,25.601,28.566,27.359,26.255,25.049,22.622,20.158,20.099,19.627,20.011,20.638,20.454,19.451,18.949,18.233,18.34,18.568,18.668,19.362,19.731,21.205,19.959,19.611,20.257,19.458,16.754,16.144,14.744,12.772,10.369,8.988,7.328,5.182,4.131,2.702,1.817,0.877,0.389,0.31,0.235,0.079,0.02,0.02,0,0,0,0,0,0
2026-08-29 01:23:00,1,"Normal Scan","Normal Scan",0,"ON",1,1,1,737.1,5,20.1,97,52.3,6.94088e-08,1.81857e-05,4.97,8954.6,8.8,736.5,1,"Up Scan","Positive",254,0,4.37,1.6,8,8,0,1,1,20.975,47.455,27.856,9.647,2.574,3198.34,48,21,NA,0,0,0,0,0,0,0,0,0,0,0,0,0,0,0,0,0,0,0,0,0,0,0,0,0,0,0,0,0,0,0,247.114,192.087,169.727,164.959,149.884,130.301,112.319,112.982,106.015,95.465,93.695,88.486,77.872,70.969,65.812,64.688,59.227,62.673,58.338,60.495,60.353,56.799,52.108,56.23,53.995,50.573,51.437,46.315,45.11,40.156,34.244,29.345,28.722,24.26,24.835,26.314,24.283,29.718,28.225,31.486,30.356,28.432,29.322,25.091,22.133,19.784,18.648,13.596,12.113,8.078,5.442,3.585,2.053,1.059,0.526,0.297,0.152,0.053,0,0,0,0,0,0,0,0,0,0,0,0,0,0,0,0,0,0,0,0,0,0,0,0,0,0,0,0,0,0,0,0,0,0,0,0,0,2.595,3.212,3.571,4.323,5.446,6.221,6.66,6.946,8.185,8.91,9.209,10.28,10.868,10.701,10.815,11.055,11.95,11.952,13.69,13.947,15.576,16.739,16.98,16.791,19.06,19.343,19.253,20.193,19.594,19.903,19.492,18.19,17.521,18.554,17.936,19.006,19.858,19.652,21.185,20.308,20.981,19.177,17.578,16.698,13.66,11.535,9.838,8.872,6.348,5.54,3.603,2.392,1.54,0.866,0.439,0.213,0.118,0.06,0.02,0,0,0,0,0,0,0
2026-08-29 01:28:00,1,"Normal Scan","Normal Scan",0,"ON",1,1,1,737.3,5,20.3,97,51.8,6.94691e-08,1.81953e-05,4.97,8954.6,8.8,736.5,1,"Up Scan","Positive",254,0,4.37,1.6,8,8,0,1,1,24.117,51.007,30.534,10.366,2.573,2844.79,48,21.1,NA,0,0,0,0,0,0,0,0,0,0,0,0,0,0,0,0,0,0,0,0,0,0,0,0,0,0,0,0,0,0,0,143.447,149.546,145.765,121.396,120.431,107.419,97.64,101.35,89.906,86.597,88.404,78.621,76.605,69.732,65.836,65.033,63.946,61.028,55.901,55.557,56.741,52.153,53.966,52.112,53.827,51.44,49.849,48.085,43.338,40.433,34.763,31.85,29.279,25.148,26.678,25.79,26.679,25.106,30.89,29.075,28.653,29.043,27.356,25.981,21.887,20.52,17.548,14.109,10.138,7.046,4.212,3.193,1.932,0.737,0.617,0.199,0.153,0.053,0,0.057,0,0,0,0,0,0,0,0,0,0,0,0,0,0,0,0,0,0,0,0,0,0,0,0,0,0,0,0,0,0,0,0,0,0,0,1.494,1.842,2.79,3.728,3.992,5.033,5.505,6.028,7.352,7.577,8.373,9.663,9.661,10.519,10.581,11.016,11.966,12.831,13.358,13.333,14.385,15.814,15.707,17.325,17.774,19.313,19.556,19.915,20.199,19.517,19.418,18.554,18.259,18.89,18.19,19.156,19.708,20.292,19.324,21.039,19.597,18.397,17.276,15.439,13.765,11.307,10.135,8.323,6.549,4.638,3.159,1.84,1.384,0.82,0.305,0.252,0.078,0.06,0.02,0,0.021,0,0,0,0,0
2026-08-29 01:33:00,1,"Normal Scan","Normal Scan",0,"ON",1,1,1,737.6,5,20.7,97,51.9,6.95896e-08,1.82145e-05,4.97,8954.6,8.8,736.5,1,"Up Scan","Positive",254,0,4.37,1.6,8,8,0,1,1,23.396,50.34,29.86,10.366,2.592,2941.95,48,21.2,NA,0,0,0,0,0,0,0,0,0,0,0,0,0,0,0,0,0,0,0,0,0,0,0,0,0,0,0,0,0,0,0,179.406,184.193,129.926,134.286,127.012,114.155,113.615,93.505,87.95,88.128,84.446,79.762,68.432,67.56,68.562,61.68,63.743,62.018,62.634,58.373,54.248,54.117,49.869,51.803,51.925,52.399,52.07,47.826,45.667,41.566,36.986,30.213,28.887,27.981,28.012,27.167,25.703,29.966,29.71,29.794,30.24,28.11,28.309,25.716,24.223,20.236,17.604,12.84,10.27,7.146,4.297,3.63,1.611,1.097,0.764,0.246,0.154,0.053,0.109,0,0,0,0,0,0,0,0,0,0,0,0,0,0,0,0,0,0,0,0,0,0,0,0,0,0,0,0,0,0,0,0,0,0,0,0,1.629,2.316,3.447,3.3,4.437,5.283,5.869,6.971,6.778,7.407,8.51,9.247,9.802,9.405,10.288,11.469,11.351,12.791,13.511,14.82,15.036,15.186,16.323,16.17,17.763,18.898,19.816,20.612,20.28,20.689,19.95,19.302,18.209,18.727,19.309,20.326,20.213,19.975,21.47,20.836,20.093,19.054,16.696,15.967,13.609,12.491,9.911,8.466,6.037,4.674,3.209,1.923,1.561,0.68,0.456,0.31,0.098,0.06,0.02,0.041,0,0,0,0,0,0
2026-08-29 01:38:00,1,"Normal Scan","Normal Scan",0,"ON",1,1,1,738.2,5,21.5,97,51.5,6.98309e-08,1.82528e-05,4.97,8954.6,8.8,736.5,1,"Up Scan","Positive",254,0,4.37,1.6,8,8,0,1,1,26.851,48.606,30.415,9.647,2.459,3396.18,48,21.6,NA,0,0,0,0,0,0,0,0,0,0,0,0,0,0,0,0,0,0,0,0,0,0,0,0,0,0,0,0,0,0,0,197.577,160.17,139.72,128.165,127.383,114.348,114.869,107.777,97.599,101.266,94.276,89.085,84.983,82.43,82.251,100.62,112.351,104.853,102.478,98.274,92.147,80.371,71.224,66.726,60.478,57.808,55.558,50.414,47.067,43.611,38.029,33.82,32.972,30.396,28.517,28.667,28.715,28.54,29.079,30.968,32.26,31.708,29.098,25.497,24.624,20.093,16.745,12.933,8.498,6.817,4.102,3.752,1.633,1.432,0.95,0.198,0.103,0.053,0,0.099,0,0,0,0,0,0,0,0,0,0,0,0,0,0,0,0,0,0,0,0,0,0,0,0,0,0,0,0,0,0,0,0,0,0,0,1.442,2.552,2.998,3.527,4.21,5.299,5.846,7.048,7.783,8.205,9.771,10.371,11.021,11.746,12.685,13.931,18.574,22.385,22.668,23.903,24.718,24.945,23.47,22.341,22.408,21.675,21.729,22.105,21.51,21.255,21.018,20.186,19.589,20.427,20.591,20.92,21.479,21.368,20.937,20.285,20.519,19.707,18.236,16.073,13.513,12.636,9.872,8.207,6.058,3.881,3.056,1.806,1.61,0.733,0.591,0.387,0.078,0.04,0.02,0,0.023,0.022,0,0,0,0
2026-08-29 01:43:00,1,"Normal Scan","Normal Scan",0,"ON",1,1,1,738.8,5,22.4,97,51,7.01024e-08,1.82958e-05,4.97,8954.6,8.8,736.5,1,"Up Scan","Positive",254,0,4.37,1.6,8,8,0,1,1,19.381,45.245,26.48,9.647,2.57,3444.17,47,22,NA,0,0,0,0,0,0,0,0,0,0,0,0,0,0,0,0,0,0,0,0,0,0,0,0,0,0,0,0,0,0,0,314.201,253.846,207.291,180.67,169.385,136.999,124.413,114.741,108.237,98.416,76.481,81.393,72.283,78.032,69.428,73.179,62.075,62.546,59.739,58.138,55.709,57.392,55.462,57.72,51.905,55.094,51.854,47.638,46.495,43.159,34.777,32.067,31.873,28.911,26.07,31.341,27.998,28.503,32.323,31.874,30.964,29.23,26.405,25.825,22.915,20.632,16.69,12.697,9.09,7.853,5.192,2.803,1.978,1.101,0.526,0.344,0.101,0.106,0,0.056,0,0,0,0,0,0,0,0,0,0,0,0,0,0,0,0,0,0,0,0,0,0,0,0,0,0,0,0,0,0,0,0,0,0,0,3.232,4.032,4.67,5.264,5.951,6.998,6.959,7.62,8.302,9.102,9.467,8.396,9.982,9.925,11.816,11.607,13.388,12.487,13.683,14.258,14.966,15.593,17.148,17.761,19.608,18.796,20.749,20.742,20.331,20.783,20.936,18.982,18.823,20.109,20.06,19.554,22.171,20.681,20.647,21.74,20.904,19.187,17.137,15.153,13.819,11.667,10.152,7.993,5.972,4.148,3.485,2.289,1.219,0.832,0.454,0.213,0.137,0.04,0.04,0,0.023,0,0,0,0,0
2026-08-29 01:48:00,1,"Normal Scan","Normal Scan",0,"ON",1,1,1,738.5,5,21.9,97,50.8,6.99515e-08,1.82719e-05,4.97,8954.6,8.8,736.5,1,"Up Scan","Positive",254,0,4.37,1.6,8,8,0,1,1,24.457,51.468,30.626,10.366,2.611,2825.17,46,22.1,NA,0,0,0,0,0,0,0,0,0,0,0,0,0,0,0,0,0,0,0,0,0,0,0,0,0,0,0,0,0,0,0,158.025,167.702,152.211,128.072,122.547,113.761,95.02,91.972,77.897,72.04,71.158,68.288,66.116,67.541,61.252,60.109,59.394,52.896,58.999,53.04,52.203,54.88,55.144,51.785,52.109,54.532,53.013,49.926,44.196,42.175,38.782,34.139,30.658,27.458,27.851,25.546,29.644,29.592,30.555,33.046,29.141,29.607,27.949,26.455,23.5,19.034,16.931,11.57,9.499,5.448,4.506,2.666,1.512,0.599,0.717,0.346,0.255,0.053,0,0.113,0,0,0,0,0,0,0,0,0,0,0,0,0,0,0,0,0,0,0,0,0,0,0,0,0,0,0,0,0,0,0,0,0,0,0,1.557,2.016,3.114,3.852,4.228,5.077,5.813,5.823,6.677,6.548,6.958,7.79,8.406,9.055,10.251,10.249,11.051,11.959,11.682,14,13.752,14.701,16.56,17.671,17.801,18.992,20.614,21.24,21.122,19.905,20.356,20.316,19.718,19.46,19.679,20.105,19.524,21.616,21.227,20.927,20.879,18.249,17.061,15.325,13.851,11.949,9.297,7.988,5.484,4.359,2.465,1.976,1.177,0.639,0.248,0.29,0.137,0.099,0.02,0,0.046,0,0,0,0,0
2026-08-29 01:53:00,1,"Normal Scan","Normal Scan",0,"ON",1,1,1,737.7,5,20.9,97,50.1,6.96499e-08,1.82241e-05,4.97,8954.6,8.8,736.5,1,"Up Scan","Positive",254,0,4.37,1.6,8,8,0,1,1,30.91,58.153,35.467,10.366,2.608,2496.57,46,21.9,NA,0,0,0,0,0,0,0,0,0,0,0,0,0,0,0,0,0,0,0,0,0,0,0,0,0,0,0,0,0,0,0,96.99,110.488,103.71,89.151,80.181,80.94,74.604,62.7,69.628,62.937,61.732,59.922,63.267,67.169,63.587,60.5,61.185,60.133,57.329,55.378,59.439,56.477,51.204,56.144,54.674,55.294,52.895,51.397,47.071,42.098,38.161,32.835,30.788,28.651,27.141,26.619,28.858,30.387,29.307,31.534,31.746,30.4,29.831,27.19,23.909,20.072,17.016,14.145,9.568,7.291,5.492,3.554,1.828,0.782,0.43,0.493,0.204,0.053,0,0.056,0,0,0,0,0,0,0,0,0,0,0,0,0,0,0,0,0,0,0,0,0,0,0,0,0,0,0,0,0,0,0,0,0,0,0,0.986,1.245,2.03,2.606,2.956,3.338,4.132,4.591,4.547,5.862,6.088,6.766,7.402,8.707,10.227,10.652,11.175,12.311,13.139,13.727,14.372,16.584,16.955,16.714,19.163,19.705,20.96,21.116,21.659,21.111,20.396,19.888,19.522,19.669,19.833,20.252,20.414,21.657,22.006,20.623,20.816,19.718,18.181,16.471,14.552,12.418,9.899,8.04,6.586,4.441,3.26,2.416,1.543,0.771,0.324,0.174,0.196,0.079,0.02,0,0.023,0,0,0,0,0
2026-08-29 01:58:00,1,"Normal Scan","Normal Scan",0,"ON",1,1,1,737.4,5,20.5,97,49.5,6.95293e-08,1.82049e-05,4.97,8954.6,8.8,736.5,1,"Up Scan","Positive",254,0,4.37,1.6,8,8,0,1,1,32.846,57.458,37.222,30.505,2.428,2764.34,46,21.7,NA,0,0,0,0,0,0,0,0,0,0,0,0,0,0,0,0,0,0,0,0,0,0,0,0,0,0,0,0,0,0,0,78.821,78.724,79.614,79.582,60.084,70.485,64.559,62.107,57.619,63.196,68.317,71.452,77.856,72.063,94.836,118.004,124.498,118.491,105.52,91.463,78.163,68.452,60.911,60.612,59.509,58.92,53.234,53.375,47.397,45.838,37.037,33.152,32.472,29.443,29.611,28.695,29.278,28.905,31.174,33.716,29.948,31.193,29.856,28.08,23.977,20.621,17.739,14.086,10.287,8.494,5.299,3.123,2.146,1.237,0.335,0.249,0.102,0.105,0.108,0.167,0,0,0,0,0,0,0,0,0,0,0,0,0,0,0,0,0,0,0,0,0,0,0,0,0,0,0,0,0,0,0,0,0,0,0,0.83,1.033,1.468,2.021,2.619,2.501,3.609,3.986,4.505,4.893,6.154,7.593,8.924,10.862,11.171,15.976,21.524,24.628,25.373,24.54,23.098,21.398,20.188,19.508,20.605,21.392,22.179,21.29,22.511,21.399,22.046,19.82,19.408,20.453,20.761,21.11,21.531,22.062,21.548,21.776,21.817,19.238,18.364,17.022,14.968,12.311,10.261,8.516,6.529,4.729,3.809,2.346,1.39,0.924,0.513,0.135,0.098,0.04,0.04,0.041,0.068,0.014,0,0,0,0
2026-08-29 02:03:00,1,"Normal Scan","Normal Scan",0,"ON",1,1,1,737.6,5,20.8,97,50,6.96198e-08,1.82193e-05,4.97,8954.6,8.8,736.5,1,"Up Scan","Positive",254,0,4.37,1.6,8,8,0,1,1,22.66,44.719,27.153,9.647,2.492,3826.33,47,21.7,NA,0,0,0,0,0,0,0,0,0,0,0,0,0,0,0,0,0,0,0,0,0,0,0,0,0,0,0,0,0,0,0,386.53,268.804,197.006,156.38,131.215,116.109,96.153,95.096,106.712,104.407,106.509,109.553,110.154,110.926,109.474,103.802,99.746,100.396,104.303,88.046,78.658,68.797,62.382,58.155,55.995,57.247,54.408,53.368,47.949,45.91,38.449,36.484,32.508,30.225,28.543,28.37,29.993,29.133,33.213,31.384,29.317,29.643,29.6,27.761,24.085,22.782,16.911,14.591,9.795,7.686,4.842,3.213,1.384,1.247,0.427,0.347,0.102,0.105,0,0,0,0,0,0,0,0,0,0,0,0,0,0,0,0,0,0,0,0,0,0,0,0,0,0,0,0,0,0,0,0,0,0,0,0,0,4.555,4.967,4.981,4.968,5.149,5.447,5.959,5.925,6.919,9.01,10.097,11.697,13.516,15.127,16.922,18.305,19.007,19.86,21.635,24.208,22.203,21.49,20.369,19.933,19.852,20.369,21.677,21.88,22.354,21.694,21.987,20.363,20.914,20.681,20.619,20.609,21.204,22.255,21.586,22.599,21.176,18.741,17.641,16.482,14.81,12.286,11.029,8.149,6.747,4.506,3.443,2.132,1.381,0.602,0.515,0.174,0.137,0.04,0.04,0,0,0.014,0,0,0,0
2026-08-29 02:08:00,1,"Normal Scan","Normal Scan",0,"ON",1,1,1,737.3,5,20.3,97,50.3,6.94691e-08,1.81953e-05,4.97,8954.6,8.8,736.5,1,"Up Scan","Positive",254,0,4.37,1.6,8,8,0,1,1,31.242,58.835,35.756,9.647,2.623,2609.48,47,21.5,NA,0,0,0,0,0,0,0,0,0,0,0,0,0,0,0,0,0,0,0,0,0,0,0,0,0,0,0,0,0,0,0,145.094,105.658,97.52,95.627,70.204,59.172,64.265,63.215,68.679,64.863,72.34,69.718,67.871,69.594,68.526,69.419,64.802,64.553,67.961,60.756,56.034,55.362,56.724,53.895,56.391,58.136,56.4,51.389,49.172,45.893,39.604,36.147,33.067,31.032,28.695,28.082,29.653,31.55,31.278,32.49,32.603,30.869,29.574,28.958,25.736,22.667,19.283,14.861,12.595,8.097,5.358,3.383,2.215,1.014,0.62,0.396,0.203,0.16,0,0.056,0,0,0,0,0,0,0,0,0,0,0,0,0,0,0,0,0,0,0,0,0,0,0,0,0,0,0,0,0,0,0,0,0,0,0,1.796,1.867,1.943,2.462,3.162,2.938,3.038,3.962,4.604,5.806,6.297,7.954,8.607,9.353,10.621,11.501,12.74,12.997,14.14,16.046,15.694,15.777,16.813,18.248,18.669,20.457,22.072,22.432,22.02,22.209,21.825,20.846,21.033,20.778,21.476,21.249,21.427,22.387,23.204,22.201,22.028,20.753,18.799,16.804,15.551,13.242,11.213,9.191,6.939,5.819,3.604,2.381,1.472,0.952,0.42,0.252,0.157,0.079,0.06,0,0.021,0.015,0,0,0,0
2026-08-29 02:13:00,1,"Normal Scan","Normal Scan",0,"ON",1,1,1,737.6,5,20.8,97,50.3,6.96198e-08,1.82193e-05,4.97,8954.6,8.8,736.5,1,"Up Scan","Positive",254,0,4.37,1.6,8,8,0,1,1,36.825,63.391,39.542,9.647,2.608,2294.2,47,21.6,NA,0,0,0,0,0,0,0,0,0,0,0,0,0,0,0,0,0,0,0,0,0,0,0,0,0,0,0,0,0,0,0,105.501,87.119,68.655,60.88,54.141,51.141,54.164,48.787,49.525,53.169,52.466,55.162,54.856,54.288,60.881,60.792,58.048,56.839,54.778,56.621,57.147,57.365,55.961,55.824,61.456,55.596,56.323,52.599,49.525,44.419,40.299,35.556,32.411,32.039,26.751,27.523,29.352,32.148,31.432,30.599,33.936,31.974,30.432,28.354,25.999,22.906,17.471,13.568,9.415,6.586,4.865,2.896,1.518,0.644,0.574,0.345,0.256,0.211,0.054,0.056,0,0,0,0,0,0,0,0,0,0,0,0,0,0,0,0,0,0,0,0,0,0,0,0,0,0,0,0,0,0,0,0,0,0,0,1.028,1.357,1.632,1.733,2.008,2.274,2.632,3.332,3.552,4.171,5.154,5.77,6.815,7.57,8.302,10.229,11.215,11.723,12.514,13.146,14.802,16.034,17.34,18.075,19.193,22.053,21.223,22.442,22.287,22.254,21.258,21.012,20.884,20.824,21.29,20.617,21.316,22.074,23.042,22.104,20.666,20.881,18.55,16.56,15.02,13.125,11.15,8.247,6.356,4.324,3.015,2.159,1.26,0.64,0.267,0.232,0.137,0.099,0.08,0.02,0.023,0,0,0,0,0
2026-08-29 02:18:00,1,"Normal Scan","Normal Scan",0,"ON",1,1,1,737.3,5,20.3,97,50.9,6.94691e-08,1.81953e-05,4.97,8954.6,8.8,736.5,1,"Up Scan","Positive",254,0,4.37,1.6,8,8,0,1,1,39.718,66.614,42.488,9.647,2.553,2187.67,47,21.4,NA,0,0,0,0,0,0,0,0,0,0,0,0,0,0,0,0,0,0,0,0,0,0,0,0,0,0,0,0,0,0,0,61.772,61.41,43.819,46.333,52.105,51.669,47.75,50.21,53.079,48.647,57.835,61.093,56.402,57.662,59.025,54.8,57.267,54.468,53.915,55.82,56.86,54.266,59.737,57.338,56.075,54.438,56.77,52.717,47.504,47.286,44.577,36.229,33.862,31.88,29.286,28.268,29.827,30.778,29.944,29.327,31.753,33.226,30.663,26.656,25.27,24.845,19.225,12.243,11.521,7.461,5.387,2.88,2.14,1.027,0.655,0.298,0.102,0.158,0.109,0,0,0,0,0,0,0,0,0,0,0,0,0,0,0,0,0,0,0,0,0,0,0,0,0,0,0,0,0,0,0,0,0,0,0,0,0.457,0.809,1.134,1.11,1.546,2.151,2.661,2.955,3.669,4.498,4.713,6.347,7.528,7.772,8.797,9.91,10.154,11.558,12.078,12.981,14.505,15.922,16.511,19.127,19.703,20.492,21.054,22.701,22.382,21.586,22.542,22.702,20.992,21.201,21.175,21.235,21.999,22.516,22.156,21.634,20.757,20.004,19.276,17.199,14.356,12.816,12.204,9.202,5.731,5.263,3.359,2.398,1.244,0.903,0.425,0.266,0.118,0.04,0.06,0.041,0,0,0,0,0,0
2026-08-29 02:23:00,1,"Normal Scan","Normal Scan",0,"ON",1,1,1,737.3,5,20.4,97,50.5,6.94992e-08,1.82001e-05,4.97,8954.6,8.8,736.5,1,"Up Scan","Positive",254,0,4.37,1.6,8,8,0,1,1,39.959,67.411,43.906,28.387,2.492,2179.48,47,21.4,NA,0,0,0,0,0,0,0,0,0,0,0,0,0,0,0,0,0,0,0,0,0,0,0,0,0,0,0,0,0,0,0,42.675,43.747,37.312,50.908,44.44,41.001,41.326,44.266,53.1,54.981,58.615,59.936,59.426,64.251,65.603,67.34,64.967,60.946,62.044,59.766,55.398,53.407,54.749,54.402,56.695,54.245,56.116,54.495,48.77,48.02,43.204,39.193,35.19,32.372,30.851,28.192,28.401,30.656,30.606,32.235,32.743,32.001,32.339,29.529,23.419,23.527,18.579,14.245,10.545,7.034,4.605,3.504,1.61,1.005,0.583,0.099,0.101,0.158,0,0,0,0,0,0,0,0,0,0,0,0,0,0,0,0,0,0,0,0,0,0,0,0,0,0,0,0,0,0,0,0,0,0,0,0,0,0.56,0.56,0.821,0.937,1.67,1.85,2.112,2.562,3.222,4.485,5.33,6.447,7.428,8.215,9.816,11.024,12.373,13.003,13.361,14.77,15.452,15.547,16.252,17.82,18.787,20.73,20.966,22.663,23.106,22.227,22.824,22.146,22.166,21.907,21.82,22.102,21.731,22.182,22.534,21.644,21.71,20.382,18.805,17.854,15.498,12.049,11.455,8.835,6.635,4.821,3.143,2.04,1.507,0.715,0.416,0.237,0.039,0.04,0.06,0,0,0.027,0,0,0,0
2026-08-29 02:28:00,1,"Normal Scan","Normal Scan",0,"ON",1,1,1,737.3,5,20.4,97,51.1,6.94992e-08,1.82001e-05,4.97,8954.6,8.8,736.5,1,"Up Scan","Positive",254,0,4.37,1.6,8,8,0,1,1,40.814,67.714,43.772,37.855,2.517,2182.79,47,21.4,NA,0,0,0,0,0,0,0,0,0,0,0,0,0,0,0,0,0,0,0,0,0,0,0,0,0,0,0,0,0,0,0,51.373,47.433,40.787,46.547,36.331,43.984,52.974,59.763,51.964,54.39,51.181,56.437,58.38,58.533,54.144,53.905,60.67,61.177,58.748,62.874,56.431,59.462,59.322,58.513,55.295,57.186,56.204,54.216,51.492,50.113,43.017,35.271,33.971,31.022,30.479,29.039,27.724,32.07,28.698,31.652,32.535,31.234,33.725,28.925,27.195,21.974,19.408,14.2,11.027,7.522,4.977,2.385,2.365,0.732,0.868,0.693,0,0.053,0.11,0.086,0,0,0,0,0,0,0,0,0,0,0,0,0,0,0,0,0,0,0,0,0,0,0,0,0,0,0,0,0,0,0,0,0,0,0,0.467,0.647,0.883,1.024,1.548,1.521,2.248,3.259,4.35,4.387,5.273,5.628,6.985,8.062,8.963,9.169,9.991,12.285,13.45,14.073,16.189,15.844,17.911,19.115,20.181,20.381,21.797,22.474,23.044,23.161,23.456,22.243,20.605,21.011,21.341,21.994,21.974,22.25,23.21,21.348,21.276,20.343,18.877,18.526,15.23,13.657,10.901,9.213,6.704,5.127,3.358,2.19,1.042,1.012,0.301,0.353,0.275,0,0.02,0.041,0.022,0,0,0,0,0
2026-08-29 02:33:00,1,"Normal Scan","Normal Scan",0,"ON",1,1,1,737.1,5,20.1,97,50.8,6.94088e-08,1.81857e-05,4.97,8954.6,8.8,736.5,1,"Up Scan","Positive",254,0,4.37,1.6,8,8,0,1,1,40.49,67.646,43.261,9.647,2.554,2339.83,47,21.2,NA,0,0,0,0,0,0,0,0,0,0,0,0,0,0,0,0,0,0,0,0,0,0,0,0,0,0,0,0,0,0,0,64.152,56.658,51.621,44.98,51.41,59.909,51.353,59.816,55.606,49.329,59.671,55.778,62.082,63.055,57.94,55.109,61.684,62.304,61.719,61.211,58.79,56.374,58.234,62.282,59.188,58.205,61.149,60.897,55.741,51.946,47.201,41.002,35.144,34.774,34.953,30.982,30.583,34.555,32.609,34.217,33.481,33.052,34.07,32.579,28.263,24.771,19.883,16.527,11.934,7.632,4.869,3.798,2.192,1.109,0.428,0.446,0.206,0.212,0.054,0.113,0,0,0,0,0,0,0,0,0,0,0,0,0,0,0,0,0,0,0,0,0,0,0,0,0,0,0,0,0,0,0,0,0,0,0,0.654,0.834,1.068,1.325,1.501,2.17,3.096,3.169,4.349,4.699,4.801,6.55,6.908,8.576,9.634,9.79,10.229,12.402,13.71,14.814,15.863,16.541,17.238,19.018,21.468,21.772,22.586,24.515,25.52,25.166,24.984,24.154,23.185,22.468,23.513,24.527,23.393,23.756,25.369,23.596,23.233,21.301,19.896,18.96,17.053,14.409,12.212,9.535,7.668,5.458,3.469,2.191,1.65,0.941,0.458,0.174,0.177,0.079,0.08,0.02,0.041,0,0,0,0,0
2026-08-29 02:38:00,1,"Normal Scan","Normal Scan",0,"ON",1,1,1,737.4,5,20.5,97,51,6.95293e-08,1.82049e-05,4.97,8954.6,8.8,736.5,1,"Up Scan","Positive",254,0,4.37,1.6,8,8,0,1,1,27.898,55.002,32.78,9.647,2.658,3025.46,47,21.3,NA,0,0,0,0,0,0,0,0,0,0,0,0,0,0,0,0,0,0,0,0,0,0,0,0,0,0,0,0,0,0,0,214.766,179.383,138.293,111.887,106.14,86.883,86.601,71.685,73.188,68.563,72.143,71.234,72.293,71.791,71.153,68.959,68.598,64.062,63.828,63.328,59.731,59.114,60.872,60.138,62.255,61.819,60.612,58.482,55.103,51.153,46.937,40.1,41.143,33.958,33.386,32.79,34.268,33.538,32.757,34.697,33.095,32.712,32.352,29.799,30.186,23.944,19.701,15.964,10.535,6.809,5.604,3.695,1.476,0.866,0.525,0.148,0.204,0.106,0.055,0.056,0,0,0,0,0,0,0,0,0,0,0,0,0,0,0,0,0,0,0,0,0,0,0,0,0,0,0,0,0,0,0,0,0,0,0,1.827,2.726,3.334,3.521,3.719,4.423,4.456,5.362,5.195,6.18,6.649,7.915,8.786,9.949,10.925,11.946,12.683,13.792,14.083,15.243,16.437,16.807,17.957,19.745,20.82,22.682,23.643,24.479,25.071,24.828,24.628,24.343,23.136,24.673,23.193,23.652,24.058,24.955,24.439,23.795,22.935,21.292,19.256,17.768,15.714,15.372,11.602,9.291,7.442,4.812,3.062,2.475,1.613,0.623,0.36,0.213,0.059,0.079,0.04,0.02,0.023,0,0,0,0,0
2026-08-29 02:43:00,1,"Normal Scan","Normal Scan",0,"ON",1,1,1,737,5,20.1,96.9,51,6.94804e-08,1.81857e-05,4.97,8954.6,8.8,736.5,1,"Up Scan","Positive",254,0,4.37,1.6,8,8,0,1,1,25.694,51.738,30.919,9.647,2.614,3277.4,47,21.1,NA,0,0,0,0,0,0,0,0,0,0,0,0,0,0,0,0,0,0,0,0,0,0,0,0,0,0,0,0,0,0,0,227.892,195.549,184.004,123.445,113.424,115.207,101.841,97.428,83.688,85.319,80.175,74.769,74.273,74.239,72.677,75.572,76.972,76.374,71.241,68.359,64.734,63.007,65.204,61.595,64.831,62.569,58.865,57.681,52.788,49.57,47.398,40.706,34.85,34.5,30.491,31.779,30.18,35.169,36.391,35.459,37.669,34.906,32.926,31.182,26.603,23.614,18.223,12.765,11.285,6.811,4.945,2.664,1.562,0.692,0.689,0.194,0.234,0.053,0.055,0.113,0,0,0,0,0,0,0,0,0,0,0,0,0,0,0,0,0,0,0,0,0,0,0,0,0,0,0,0,0,0,0,0,0,0,0,2.17,2.925,3.621,4.654,4.075,4.716,5.915,6.274,7.085,7.06,8.259,8.791,9.234,10.252,11.328,12.235,13.894,15.418,16.71,16.9,17.662,18.107,19.023,20.909,21.151,23.399,24.058,23.638,24.337,23.868,23.873,24.284,23.508,22.623,23.555,22.905,24.025,23.133,24.854,24.892,23.096,22.504,20.192,18.061,16.274,13.363,11.473,8.624,6.002,5.155,3.063,2.172,1.168,0.677,0.286,0.28,0.077,0.092,0.02,0.02,0.041,0,0,0,0,0
2026-08-29 02:48:00,1,"Normal Scan","Normal Scan",0,"ON",1,1,1,737.5,5,20.6,97,51,6.95595e-08,1.82097e-05,4.97,8954.6,8.8,736.5,1,"Up Scan","Positive",254,0,4.37,1.6,8,8,0,1,1,16.953,37.881,22.786,9.647,2.437,5348.58,47,21.3,NA,0,0,0,0,0,0,0,0,0,0,0,0,0,0,0,0,0,0,0,0,0,0,0,0,0,0,0,0,0,0,0,732.823,561.878,386.602,296.241,208.462,168.986,141.872,135.855,130.349,135.35,134.604,127.754,129.293,122.823,123.872,121.079,114.438,111.123,102.239,94.492,85.523,75.029,69.877,67.326,61.986,63.619,62.092,58.484,56.385,52.611,47.492,42.69,38.39,36.807,33.58,32.926,36.163,33.124,36.232,38.444,35.273,33.268,30.297,29.901,26.446,22.49,18.04,14.215,10.723,7.418,4.351,2.662,2.206,1.056,0.667,0.334,0.214,0.053,0,0.056,0,0,0,0,0,0,0,0,0,0,0,0,0,0,0,0,0,0,0,0,0,0,0,0,0,0,0,0,0,0,0,0,0,0,0,8.306,9.436,10.395,9.73,9.749,8.644,8.656,8.712,9.859,10.994,13.088,14.774,15.739,17.785,18.671,20.68,22.105,22.737,23.966,23.897,23.871,23.423,22.31,22.262,23.104,22.681,24.333,25.066,24.955,25.454,25.311,24.873,24.22,23.916,24.815,24.094,24.006,25.175,23.98,24.517,24.591,21.527,19.442,16.834,15.719,13.251,11.161,8.588,6.688,4.894,3.326,1.916,1.159,0.931,0.439,0.271,0.133,0.083,0.02,0,0.023,0,0,0,0,0
2026-08-29 02:53:00,1,"Normal Scan","Normal Scan",0,"ON",1,1,1,737,5,20,97,51,6.93786e-08,1.81809e-05,4.97,8954.6,8.8,736.5,1,"Up Scan","Positive",254,0,4.37,1.6,8,8,0,1,1,20.17,45.667,26.5,9.647,2.626,3957.61,46,21.1,NA,0,0,0,0,0,0,0,0,0,0,0,0,0,0,0,0,0,0,0,0,0,0,0,0,0,0,0,0,0,0,0,504.74,370.303,239.228,175.416,135.693,123.843,98.632,89.669,88.332,91.604,83.487,85.527,80.68,85.589,74.6,74.821,77.785,75.432,75.738,72.374,67.315,63.778,66.957,64.158,68.572,66.731,62.194,63.598,58.789,50.962,47.99,42.644,36.192,39.413,34.26,35.078,33.929,34.979,35.967,32.919,35.792,34.362,33.383,30.859,28.445,23.199,19.482,13.522,9.257,7.93,4.833,2.628,1.728,0.876,0.523,0.347,0.101,0.21,0.217,0,0,0,0,0,0,0,0,0,0,0,0,0,0,0,0,0,0,0,0,0,0,0,0,0,0,0,0,0,0,0,0,0,0,0,0,4.612,6.448,6.883,6.064,5.77,5.64,6.345,6.069,6.525,7.474,8.862,9.177,10.545,11.119,13.046,12.559,13.776,15.61,16.527,17.965,18.712,18.868,19.319,21.65,22.131,24.788,25.451,25.071,26.806,26.5,24.916,24.648,24.356,23.388,25.18,24.456,25.336,25.029,24.897,24.781,22.046,21.995,19.705,18.344,16.214,14.249,11.337,9.303,6.267,4.276,3.576,2.184,1.136,0.748,0.363,0.213,0.137,0.04,0.08,0.081,0,0.016,0,0,0,0
2026-08-29 02:58:00,1,"Normal Scan","Normal Scan",0,"ON",1,1,1,737.3,5,20.5,96.9,50.3,6.96011e-08,1.82049e-05,4.97,8954.6,8.8,736.5,1,"Up Scan","Positive",254,0,4.37,1.6,8,8,0,1,1,25.912,52.979,31.401,9.647,2.656,3031.8,46,21.2,NA,0,0,0,0,0,0,0,0,0,0,0,0,0,0,0,0,0,0,0,0,0,0,0,0,0,0,0,0,0,0,0,229.654,198.847,144.679,134.548,103.827,90.653,89.317,83.445,72.435,67.68,71.706,71.365,75.455,68.289,64.607,63.499,66.364,62.026,55.256,61.671,58.912,55.948,61.889,59.993,57.73,58.36,58.651,59.98,54.678,47.757,42.69,37.644,33.863,31.862,29.219,31.58,30.395,33.358,34.393,37.491,36.389,34.783,34.737,32.692,26.325,21.033,15.856,13.606,8.828,5.281,3.619,3.102,1.675,0.723,0.572,0.394,0.358,0.053,0.054,0,0,0,0,0,0,0,0,0,0,0,0,0,0,0,0,0,0,0,0,0,0,0,0,0,0,0,0,0,0,0,0,0,0,0,0,2.158,2.963,3.662,3.684,4.425,4.298,4.639,5.486,6.07,6.126,6.55,7.834,8.792,10.367,10.382,10.851,11.714,13.313,13.677,13.314,15.946,16.554,17.026,20.059,20.672,21.055,22.337,23.381,25.09,24.213,23.158,22.653,21.804,21.821,22.819,22.299,23.532,23.321,24.369,23.399,23.094,21.686,19.862,18.417,16.583,13.311,10.307,7.541,6.37,4.11,2.389,1.614,1.334,0.74,0.299,0.232,0.157,0.139,0.02,0.02,0,0.027,0,0,0,0
2026-08-29 03:03:00,1,"Normal Scan","Normal Scan",0,"ON",1,1,1,737,5,20.1,96.9,50.6,6.94804e-08,1.81857e-05,4.97,8954.6,8.8,736.5,1,"Up Scan","Positive",254,0,4.37,1.6,8,8,0,1,1,23.693,47.744,28.739,9.647,2.555,3558.54,46,21.1,NA,0,0,0,0,0,0,0,0,0,0,0,0,0,0,0,0,0,0,0,0,0,0,0,0,0,0,0,0,0,0,0,295.626,242.097,195.67,155.393,128.67,103.47,98.846,96.844,91.702,97.988,96.215,90.249,88.458,92.151,84.473,92.292,95.822,91.619,83.596,77.759,67.814,65.592,61.316,58.854,55.773,61.216,56.484,54.722,53.52,45.747,43.279,37.929,32.611,33.423,30.363,31.237,30.225,33.062,35.879,36.241,36.094,35.073,32.289,28.569,25.782,21.702,17.554,11.331,9.455,5.91,3.619,3.402,1.524,1.017,0.428,0.246,0.154,0,0.054,0.113,0,0,0,0,0,0,0,0,0,0,0,0,0,0,0,0,0,0,0,0,0,0,0,0,0,0,0,0,0,0,0,0,0,0,0,3.185,3.81,4.469,4.958,5.122,5.361,5.283,6.069,7.043,7.753,9.468,10.562,11.139,12.209,14.042,14.197,16.891,19.063,19.805,19.612,19.753,18.846,19.595,19.739,20.269,20.358,23.215,22.742,23.178,24.031,22.251,22.736,21.973,21.536,22.976,22.642,23.494,22.845,23.201,24.136,22.98,21.559,19.597,17.523,14.695,13.12,10.559,8.407,5.293,4.303,2.658,1.599,1.482,0.659,0.42,0.174,0.098,0.06,0,0.02,0.041,0,0,0,0,0
2026-08-29 03:08:00,1,"Normal Scan","Normal Scan",0,"ON",1,1,1,737.3,5,20.4,96.9,49.9,6.95709e-08,1.82001e-05,4.97,8954.6,8.8,736.5,1,"Up Scan","Positive",254,0,4.37,1.6,8,8,0,1,1,29.75,56.84,34.053,9.647,2.673,2704.37,46,21.2,NA,0,0,0,0,0,0,0,0,0,0,0,0,0,0,0,0,0,0,0,0,0,0,0,0,0,0,0,0,0,0,0,190.361,129.701,114.268,107.504,97.063,81.672,74.701,69.892,64.204,58.257,60.953,60.747,56.869,55.575,59.244,62.731,61.009,58.6,59.532,57.102,55.471,53.381,58.035,55.721,54.447,56.774,57.617,58.13,48.955,47.013,42.28,37.949,34.877,31.352,30.852,31.365,31,33.372,33.341,35.555,35.514,36.148,32.436,30.197,27.19,21.295,15.978,13.021,9.615,6.157,4.564,1.987,1.023,0.874,0.286,0.297,0.154,0.105,0,0.056,0,0,0,0,0,0,0,0,0,0,0,0,0,0,0,0,0,0,0,0,0,0,0,0,0,0,0,0,0,0,0,0,0,0,0,1.774,2.427,2.427,2.9,3.531,4.031,4.188,4.591,5.067,5.392,5.642,6.693,7.496,7.836,8.512,9.973,11.553,12.246,12.9,14.214,14.776,15.609,16.283,18.914,19.143,19.989,21.739,23.083,24.498,22.353,22.617,22.449,21.971,22.313,22.051,22.733,23.802,23.027,23.952,23.208,22.35,21.26,20.296,17.503,15.622,13.437,10.253,7.577,6.032,4.406,2.786,2.006,0.871,0.433,0.363,0.116,0.118,0.06,0.04,0,0.021,0,0,0,0,0
2026-08-29 03:13:00,1,"Normal Scan","Normal Scan",0,"ON",1,1,1,737.1,5,20.2,96.9,50.3,6.95106e-08,1.81905e-05,4.97,8954.6,8.8,736.5,1,"Up Scan","Positive",254,0,4.37,1.6,8,8,0,1,1,36.901,64.118,39.656,9.647,2.652,2261.84,46,21.2,NA,0,0,0,0,0,0,0,0,0,0,0,0,0,0,0,0,0,0,0,0,0,0,0,0,0,0,0,0,0,0,0,99.386,76.84,72.125,69.888,58.87,70.642,57.601,57.961,55.469,45.531,50.021,59.035,49.472,54.217,51.39,52.312,50.904,44.767,48.088,48.466,48.579,45.884,48.892,54.182,54.457,56.966,54.707,55.206,50.104,46.048,43.192,35.032,34.121,30.552,31.055,32.513,29.824,33.293,34.203,35.697,34.995,35.712,33.883,30.642,25.991,21.638,17.195,12.116,6.644,6.547,3.288,2.13,1.415,0.973,0.62,0.196,0.204,0.106,0.054,0,0,0,0,0,0,0,0,0,0,0,0,0,0,0,0,0,0,0,0,0,0,0,0,0,0,0,0,0,0,0,0,0,0,0,0,0.821,1.257,1.433,1.826,2.316,2.461,3.61,3.547,4.208,4.676,4.42,5.502,7.276,6.81,8.259,8.645,9.641,10.257,9.936,11.638,12.722,13.894,14.145,16.194,18.751,19.906,21.782,22.103,23.142,22.603,22.667,22.576,20.882,22.091,21.624,22.803,24.125,22.87,23.823,23.062,22.757,20.94,19.579,17.961,15.688,12.823,10.524,8.212,5.686,3.049,2.942,1.467,0.917,0.599,0.404,0.252,0.078,0.079,0.04,0.02,0,0,0,0,0,0
2026-08-29 03:18:00,1,"Normal Scan","Normal Scan",0,"ON",1,1,1,737.2,5,20.3,96.9,49.7,6.95407e-08,1.81953e-05,4.97,8954.6,8.8,736.5,1,"Up Scan","Positive",254,0,4.37,1.6,8,8,0,1,1,25.498,52.6,30.623,9.647,2.715,2912.73,46,21.2,NA,0,0,0,0,0,0,0,0,0,0,0,0,0,0,0,0,0,0,0,0,0,0,0,0,0,0,0,0,0,0,0,325.26,202.817,155.426,120.657,91.01,73.272,68.263,63.126,57.667,57.989,60.471,62.658,60.481,57.298,62,57.57,57.377,54.806,55.133,52.848,56.859,55.283,53.567,56.557,57.33,58.083,55.917,59.681,48.794,47.483,43.401,36.606,34.518,31.843,28.024,30.755,30.973,33.119,35.036,34.599,35.819,33.712,32.508,28.944,24.411,20.738,16.989,11.715,8.843,5.789,3.814,1.895,1.144,0.616,0.527,0.345,0.255,0.106,0,0,0,0,0,0,0,0,0,0,0,0,0,0,0,0,0,0,0,0,0,0,0,0,0,0,0,0,0,0,0,0,0,0,0,0,0,3.455,4.157,3.746,3.924,3.986,3.761,3.752,4.193,4.6,4.861,5.621,6.611,7.73,8.329,8.745,10.392,10.641,11.577,12.085,13.248,13.827,15.989,16.848,17.57,19.439,20.94,22.165,22.523,24.919,22.072,22.915,22.721,21.352,22.298,22.01,21.385,22.917,23.117,23.351,23.187,22.021,21.161,18.957,17.317,14.985,12.126,9.995,8.021,5.496,4.078,2.611,1.679,0.816,0.482,0.255,0.213,0.137,0.099,0.04,0,0,0,0,0,0,0
2026-08-29 03:23:00,1,"Normal Scan","Normal Scan",0,"ON",1,1,1,737.2,5,20.3,96.9,50.1,6.95407e-08,1.81953e-05,4.97,8954.6,8.8,736.5,1,"Up Scan","Positive",254,0,4.37,1.6,8,8,0,1,1,24.059,50.205,29.62,9.647,2.643,3162.65,46,21.1,NA,0,0,0,0,0,0,0,0,0,0,0,0,0,0,0,0,0,0,0,0,0,0,0,0,0,0,0,0,0,0,0,294.548,224.725,192.177,137.92,106.014,83.035,68.739,73.29,72.162,83.86,76.68,76.741,77.432,75.055,69.403,70.486,70.741,64.996,64.035,60.184,56.767,53.449,57.409,56.679,58.214,57.427,57.528,51.53,50.58,47.364,42.385,39.716,34.699,33.494,30.132,29.266,32.779,33.095,33.851,35.615,35.06,36.081,31.432,29.77,24.366,19.516,16.529,12.312,8.383,6.359,3.647,1.922,1.169,0.919,0.381,0.344,0.203,0,0.055,0,0,0,0,0,0,0,0,0,0,0,0,0,0,0,0,0,0,0,0,0,0,0,0,0,0,0,0,0,0,0,0,0,0,0,0,2.419,3.784,4.208,4.82,4.548,4.387,4.248,4.244,5.341,6.095,8.097,8.427,9.448,10.634,11.418,11.634,12.935,14.134,14.214,15.231,15.594,15.992,16.284,18.496,19.588,21.108,22.121,23.103,22.097,22.969,22.762,22.345,22.807,22.262,22.853,22.256,22.583,23.667,23.649,22.451,22.164,21.016,19.984,16.909,15.366,12.061,9.46,7.841,5.757,3.89,2.839,1.606,0.834,0.527,0.382,0.155,0.137,0.079,0,0.02,0,0.03,0,0,0,0
2026-08-29 03:28:00,1,"Normal Scan","Normal Scan",0,"ON",1,1,1,737.1,5,20.2,96.9,49.6,6.95106e-08,1.81905e-05,4.97,8954.6,8.8,736.5,1,"Up Scan","Positive",254,0,4.37,1.6,8,8,0,1,1,21.464,44.683,26.833,9.647,2.53,3841.49,46,21.1,NA,0,0,0,0,0,0,0,0,0,0,0,0,0,0,0,0,0,0,0,0,0,0,0,0,0,0,0,0,0,0,0,367.839,305.142,223.206,179.945,153.366,119.628,106.81,101.955,100.888,100.809,100.444,101.617,103.462,95.697,98.691,96.392,92.275,85.303,80.623,72.308,71.708,66.636,59.891,56.979,54.139,56.671,59.649,56.045,51.836,48.619,43.203,40.005,33.057,31.586,29.557,31.803,31.221,32.256,36.837,36.173,36.078,33.736,33.137,29.844,23.529,21.196,15.465,11.035,8.068,5.665,3.799,2.447,1.293,0.921,0.427,0.149,0.152,0.105,0.055,0.112,0,0,0,0,0,0,0,0,0,0,0,0,0,0,0,0,0,0,0,0,0,0,0,0,0,0,0,0,0,0,0,0,0,0,0,3.311,4.705,5.639,5.651,5.973,6.352,6.125,6.586,7.4,8.508,9.757,11.035,12.53,14.204,14.548,16.47,17.647,18.395,18.478,18.922,18.411,19.788,19.914,19.336,19.733,19.932,21.748,23.872,23.625,23.227,23.615,22.524,22.81,21.876,22.22,22.144,23.361,23.349,22.937,23.851,22.636,21.01,18.854,17.632,15.313,11.831,10.267,7.403,5.121,3.703,2.558,1.664,1.102,0.546,0.382,0.174,0.059,0.06,0.04,0.02,0.041,0,0,0,0,0
2026-08-29 03:33:00,1,"Normal Scan","Normal Scan",0,"ON",1,1,1,737.3,5,20.4,96.9,49.9,6.95709e-08,1.82001e-05,4.97,8954.6,8.8,736.5,1,"Up Scan","Positive",254,0,4.37,1.6,8,8,0,1,1,19.755,41.03,24.877,9.647,2.467,4431.33,45,21.2,NA,0,0,0,0,0,0,0,0,0,0,0,0,0,0,0,0,0,0,0,0,0,0,0,0,0,0,0,0,0,0,0,494.941,373.677,303.188,232.026,179.347,146.339,122.528,114.251,101.484,100.827,106.106,106.519,109.231,111.908,112.846,115.677,113.127,109.394,97.215,90.709,85.15,75.028,68.07,65.289,61.095,58.64,59.16,53.487,50.927,46.121,42.968,38.578,33.302,31.506,30.568,31.271,31.331,32.669,34.846,35.806,34.284,33.826,29.23,29.545,22.977,19.911,16.185,13.182,9.423,6.019,3.528,2.613,1.305,0.967,0.525,0.296,0.206,0.123,0.035,0,0,0,0,0,0,0,0,0,0,0,0,0,0,0,0,0,0,0,0,0,0,0,0,0,0,0,0,0,0,0,0,0,0,0,0,4.682,6.386,6.92,7.679,7.637,7.451,7.482,7.528,8.305,8.58,9.771,11.68,13.168,15.064,17.034,18.892,21.177,22.478,23.577,22.748,22.918,23.248,22.162,21.606,22.171,22.058,22.346,23.73,22.633,22.906,22.524,22.587,22.104,21.654,21.902,22.321,22.983,22.687,23.284,22.998,22.055,20.817,19.16,16.22,15.091,11.629,9.736,7.711,6.157,4.319,2.75,1.556,1.122,0.583,0.401,0.213,0.118,0.079,0.047,0.013,0,0.029,0,0,0,0
2026-08-29 03:38:00,1,"Normal Scan","Normal Scan",0,"ON",1,1,1,737,5,20.1,96.9,49.5,6.94804e-08,1.81857e-05,4.97,8954.6,8.8,736.5,1,"Up Scan","Positive",254,0,4.37,1.6,8,8,0,1,1,20.241,42.448,25.508,9.647,2.505,4233.66,46,21.1,NA,0,0,0,0,0,0,0,0,0,0,0,0,0,0,0,0,0,0,0,0,0,0,0,0,0,0,0,0,0,0,0,439.479,379.572,284.556,227.56,182.296,130.898,108.51,97.389,94.915,94.413,98.472,95.952,104.086,104.639,106.3,104.75,97.436,101.948,94.441,86.541,81.34,75.044,66.056,62.983,60.629,60.925,58.579,59.247,54.907,46.371,43.316,39.2,33.456,29.38,30.984,31.042,29.795,29.999,36.378,35.802,38.152,36.771,32.969,29.127,25.894,19.362,15.53,11.57,9.103,5.771,3.78,2.542,1.16,0.83,0.715,0.542,0.102,0.053,0.108,0,0,0,0,0,0,0,0,0,0,0,0,0,0,0,0,0,0,0,0,0,0,0,0,0,0,0,0,0,0,0,0,0,0,0,0,4.285,5.676,7.07,7.168,7.495,7.517,6.682,6.681,7.084,8.034,9.154,10.821,11.848,14.355,15.94,17.812,19.185,19.473,22.004,22.096,21.925,22.293,22.24,21.227,21.605,21.843,23.195,23.558,24.674,24.326,22.563,22.712,22.191,21.836,21.235,23.245,23.637,22.494,21.957,24.022,22.189,22.297,20.399,17.588,15.183,12.99,9.373,7.432,5.478,4.218,2.587,1.686,1.092,0.508,0.344,0.29,0.216,0.04,0.02,0.041,0,0.016,0,0,0,0
2026-08-29 03:43:00,1,"Normal Scan","Normal Scan",0,"ON",1,1,1,737.3,5,20.4,96.9,49.6,6.95709e-08,1.82001e-05,4.97,8954.6,8.8,736.5,1,"Up Scan","Positive",254,0,4.37,1.6,8,8,0,1,1,20.342,42.526,25.691,9.647,2.502,4138.2,45,21.2,NA,0,0,0,0,0,0,0,0,0,0,0,0,0,0,0,0,0,0,0,0,0,0,0,0,0,0,0,0,0,0,0,412.513,375.298,266.648,229.098,168.894,135.037,112.395,100.058,103.681,88.801,89.636,97.396,97.808,96.716,99.169,98.447,96.59,97.423,90.956,84.919,81.68,73.898,65.12,68.51,59.333,60.909,57.207,57.649,53.137,51.628,44.075,38.859,34.203,31.941,29.239,29.999,32.155,34.781,34.088,36.893,37.055,35.938,30.649,27.341,22.788,20.014,15.587,10.318,8.539,5.53,2.864,1.725,0.946,0.968,0.382,0.344,0.152,0.053,0.109,0.113,0,0,0,0,0,0,0,0,0,0,0,0,0,0,0,0,0,0,0,0,0,0,0,0,0,0,0,0,0,0,0,0,0,0,0,4.09,5.278,6.979,6.721,7.527,6.977,6.906,6.908,7.275,8.765,8.598,9.851,12.006,13.494,14.751,16.632,18.083,19.298,21.075,21.4,21.523,22.381,21.883,20.848,23.301,21.714,23.199,23.013,24.242,23.836,24.373,23.074,22.611,22.096,22.333,21.978,22.851,23.143,23.478,22.444,22.671,21.362,19.692,16.458,13.933,11.267,9.597,7.456,4.889,3.942,2.461,1.296,0.76,0.433,0.401,0.155,0.137,0.06,0.02,0.041,0.041,0.015,0,0,0,0
2026-08-29 03:48:00,1,"Normal Scan","Normal Scan",0,"ON",1,1,1,737,5,20,96.9,49.5,6.94502e-08,1.81809e-05,4.97,8954.6,8.8,736.5,1,"Up Scan","Positive",254,0,4.37,1.6,8,8,0,1,1,21.179,45.842,27.17,9.647,2.585,3587.38,45,21,NA,0,0,0,0,0,0,0,0,0,0,0,0,0,0,0,0,0,0,0,0,0,0,0,0,0,0,0,0,0,0,0,343.91,280.428,245.193,203.695,147.365,123.24,99.078,91.049,76.571,76.888,76.288,72.902,71.368,75.804,73.327,76.551,71.607,73.091,75.769,72.024,69.358,69.951,66.126,62.586,62.75,58.027,55.695,55.069,50.284,46.007,41.94,38.46,34.828,32.598,33.144,32.643,33.892,28.654,34.454,34.692,33.756,33.463,30.418,29.809,24.445,20.617,14.19,11.844,7.773,5.096,3.23,2.116,1.465,1.024,0.475,0.196,0.052,0.053,0,0.056,0,0,0,0,0,0,0,0,0,0,0,0,0,0,0,0,0,0,0,0,0,0,0,0,0,0,0,0,0,0,0,0,0,0,0,3.104,4.456,5.215,6.194,6.713,6.107,6.29,6.095,6.619,6.459,7.442,8.395,9.014,9.834,11.584,12.362,14.107,14.469,16.024,17.925,18.502,19.187,20.782,21.059,21.281,22.586,22.171,22.509,23.395,22.735,22.703,22.399,21.893,21.998,22.407,23.323,23.627,23.792,21.377,22.794,21.682,19.87,18.707,16.265,15.117,12.121,10.045,6.839,5.536,3.525,2.282,1.424,0.927,0.636,0.424,0.194,0.078,0.02,0.02,0,0.021,0.016,0,0,0,0
2026-08-29 03:53:00,1,"Normal Scan","Normal Scan",0,"ON",1,1,1,737.3,5,20.5,96.9,49.2,6.96011e-08,1.82049e-05,4.97,8954.6,8.8,736.5,1,"Up Scan","Positive",254,0,4.37,1.6,8,8,0,1,1,23.56,48.591,28.862,9.647,2.614,3318.05,45,21.2,NA,0,0,0,0,0,0,0,0,0,0,0,0,0,0,0,0,0,0,0,0,0,0,0,0,0,0,0,0,0,0,0,297.07,232.325,197.638,169.382,135.293,111.712,88.25,82.726,72,71.693,68.622,68.887,70.694,74.69,76.844,75.404,75.078,71.609,70.347,65.593,60.122,55.202,55.531,59.007,56.265,59.041,59.465,60.382,55.518,48.942,43.375,40.826,38.706,33.433,31.503,33.25,30.291,32.212,34.818,35.42,33.895,33.232,31.094,28.41,22.874,18.967,14.82,11.952,9.049,5.638,3.368,2.324,1.488,0.717,0.355,0.344,0.152,0,0.108,0.094,0,0,0,0,0,0,0,0,0,0,0,0,0,0,0,0,0,0,0,0,0,0,0,0,0,0,0,0,0,0,0,0,0,0,0,2.719,3.809,4.358,5.001,5.552,5.612,5.711,5.442,6.019,6.096,6.948,7.562,8.515,9.759,11.385,12.877,13.834,14.964,15.578,16.646,16.878,16.862,16.869,18.26,20.462,20.564,22.697,24.075,25.36,24.991,23.466,22.943,23.034,23.636,22.822,22.537,23.763,22.302,22.777,22.755,21.767,20.062,18.887,16.72,14.436,11.517,9.26,7.061,5.575,4.171,2.507,1.503,0.999,0.661,0.296,0.145,0.137,0.06,0,0.041,0.023,0.014,0,0,0,0
2026-08-29 03:58:00,1,"Normal Scan","Normal Scan",0,"ON",1,1,1,737,5,20,96.9,49.5,6.94502e-08,1.81809e-05,4.97,8954.6,8.8,736.5,1,"Up Scan","Positive",254,0,4.37,1.6,8,8,0,1,1,25.072,48.861,30.035,10.366,2.531,3270.71,45,21,NA,0,0,0,0,0,0,0,0,0,0,0,0,0,0,0,0,0,0,0,0,0,0,0,0,0,0,0,0,0,0,0,202.985,205.667,163.737,134.596,136.29,109.599,97.625,89.084,91.104,81.908,87.992,86.076,82.323,87.472,83.981,77.447,78.963,83.048,74.121,72.861,69.97,67.216,62.656,58.71,57.683,56.609,57.08,53.86,52.737,47.64,44.927,38.761,35.163,32.028,31.39,32.306,32.584,34.938,34.542,34.836,34.465,30.959,30.612,26.871,22.01,18.197,14.497,10.466,6.771,4.726,3.741,2.183,1.122,0.738,0.378,0.104,0.255,0.053,0.055,0,0,0,0,0,0,0,0,0,0,0,0,0,0,0,0,0,0,0,0,0,0,0,0,0,0,0,0,0,0,0,0,0,0,0,0,1.776,2.602,3.833,4.161,4.456,5.699,5.632,6.019,6.458,7.692,7.961,9.638,10.604,11.342,13.314,14.077,14.28,15.853,18.036,17.492,18.616,19.336,19.974,20.105,20.188,21.1,21.906,22.849,23.083,23.704,23.096,23.613,22.464,22.337,21.949,22.372,22.771,23.126,23.495,22.228,21.356,20.033,17.163,16.106,13.843,11.009,8.832,6.9,4.855,3.129,2.138,1.661,0.946,0.489,0.305,0.153,0.041,0.099,0.02,0.02,0,0.016,0,0,0,0
2026-08-29 04:03:00,1,"Normal Scan","Normal Scan",0,"ON",1,1,1,737.3,5,20.5,96.9,49.1,6.96011e-08,1.82049e-05,4.97,8954.6,8.8,736.5,1,"Up Scan","Positive",254,0,4.37,1.6,8,8,0,1,1,24.777,48.428,29.659,9.647,2.546,3285.83,46,21.2,NA,0,0,0,0,0,0,0,0,0,0,0,0,0,0,0,0,0,0,0,0,0,0,0,0,0,0,0,0,0,0,0,239.388,212.552,168.126,151.747,122.592,112.575,96.018,85.341,83.17,80.364,78.169,83.069,82.032,80.681,81.067,78.995,80.533,77.697,68.8,70.773,66.812,64.796,60.403,60.203,59.154,59.551,60.439,56.988,53.046,49.013,46.291,42.136,36.144,32.843,32.205,32.03,34.532,33.418,34.167,34.78,32.528,32.955,29.285,28.288,20.407,16.386,14.33,10.18,6.576,5.139,2.198,2.11,1.114,0.414,0.572,0.395,0.101,0.159,0.054,0,0,0,0,0,0,0,0,0,0,0,0,0,0,0,0,0,0,0,0,0,0,0,0,0,0,0,0,0,0,0,0,0,0,0,0,1.878,3.087,3.936,4.27,5.035,5.099,5.759,5.89,6.198,7.031,7.784,8.596,10.265,11.277,12.286,13.601,14.517,16.137,16.899,16.341,18.169,18.55,19.493,19.568,20.659,21.676,22.889,24.312,24.241,23.925,23.582,24.178,23.766,22.721,22.146,22.503,22.843,23.683,22.978,21.589,20.874,19.011,17.973,15.593,14.093,10.272,7.957,6.74,4.821,3.061,2.301,1,0.91,0.47,0.172,0.232,0.157,0.04,0.06,0.02,0,0,0,0,0,0
2026-08-29 04:08:00,1,"Normal Scan","Normal Scan",0,"ON",1,1,1,737,5,20.1,96.9,49.8,6.94804e-08,1.81857e-05,4.97,8954.6,8.8,736.5,1,"Up Scan","Positive",254,0,4.37,1.6,8,8,0,1,1,28.438,45.461,30.243,9.647,2.315,3812.21,46,21.1,NA,0,0,0,0,0,0,0,0,0,0,0,0,0,0,0,0,0,0,0,0,0,0,0,0,0,0,0,0,0,0,0,210.647,180.908,144.454,131.286,111.697,94.457,99.584,95.03,95.999,113.797,110.455,108.798,114.005,119.558,114.716,119.774,140.151,185.485,177.366,143.929,109.695,88.249,77.061,67.265,63.494,57.644,56.721,54.352,53.48,48.756,43.834,40.199,35.916,30.324,30.575,30.83,28.895,32.551,29.652,31.271,31.754,30.279,24.576,23.168,20.746,15.91,13.243,9.969,7.298,4.687,3.278,1.636,0.946,0.877,0.668,0.197,0,0.053,0,0.057,0,0,0,0,0,0,0,0,0,0,0,0,0,0,0,0,0,0,0,0,0,0,0,0,0,0,0,0,0,0,0,0,0,0,0,1.837,2.714,3.361,3.686,4.333,4.627,4.86,6.146,6.929,8.141,11.026,12.152,13.509,15.924,18.491,19.471,22.068,27.857,39.495,40.637,35.633,29.415,25.714,24.195,22.864,22.936,22.119,23.022,22.975,23.842,23.29,22.681,22.423,21.695,20.28,21.419,21.751,20.066,21.589,19.514,19.331,18.305,16.752,13.443,12.063,10.231,7.702,6.371,4.728,3.318,2.084,1.447,0.704,0.433,0.363,0.271,0.078,0,0.02,0,0.021,0.016,0,0,0,0
2026-08-29 04:13:00,1,"Normal Scan","Normal Scan",0,"ON",1,1,1,737.3,5,20.4,96.9,49.3,6.95709e-08,1.82001e-05,4.97,8954.6,8.8,736.5,1,"Up Scan","Positive",254,0,4.37,1.6,8,8,0,1,1,24.962,37.303,27.34,26.416,1.998,5598.1,46,21.1,NA,0,0,0,0,0,0,0,0,0,0,0,0,0,0,0,0,0,0,0,0,0,0,0,0,0,0,0,0,0,0,0,138.623,139.685,133.091,135.379,161.134,185.004,198.261,232.372,250.636,246.594,253.053,268.631,269.419,268.751,293.6,280.684,255.859,233.802,220.865,192.193,170.658,127.562,94.674,77.356,64.763,57.763,57.527,52.029,45.346,43.622,34.914,35.25,28.815,26.402,22.851,23.869,23.545,23.886,26.431,26.096,26.948,25.209,25.665,22.627,19.878,15.272,12.619,9.816,7.443,4.489,2.811,1.914,1.144,0.784,0.19,0.196,0.051,0.053,0,0,0,0,0,0,0,0,0,0,0,0,0,0,0,0,0,0,0,0,0,0,0,0,0,0,0,0,0,0,0,0,0,0,0,0,0,1.361,1.756,2.627,3.397,4.471,6.749,9.528,12.3,16.938,21.177,23.911,27.815,33.14,37.013,40.886,48.863,51.039,50.386,49.707,50.446,47.211,44.927,36.28,29.124,25.513,22.881,21.735,22.753,21.448,20.16,20.266,18.18,19.336,17.604,17.886,16.948,17.575,17.73,17.482,17.82,16.498,16.096,14.583,13.602,11.681,9.928,7.444,6.036,4.541,3.376,1.996,1.239,0.822,0.482,0.324,0.077,0.078,0.02,0.02,0,0,0,0,0,0,0
2026-08-29 04:18:00,1,"Normal Scan","Normal Scan",0,"ON",1,1,1,737,5,20.1,96.9,49.9,6.94804e-08,1.81857e-05,4.97,8954.6,8.8,736.5,1,"Up Scan","Positive",254,0,4.37,1.6,8,8,0,1,1,24.355,43.284,29.047,22.876,2.242,3696.99,46,21.1,NA,0,0,0,0,0,0,0,0,0,0,0,0,0,0,0,0,0,0,0,0,0,0,0,0,0,0,0,0,0,0,0,133.837,110.244,103.039,111.832,129.063,132.79,139.585,152.852,140.928,143.534,163.469,162.073,170.723,154.192,143.224,125.785,122.725,106.979,94.624,89.445,83.474,75.807,66.666,60.761,64.084,53.838,55.014,53.244,46.87,42.536,39.133,34.926,28.306,26.936,24.238,25.427,24.456,25.857,26.836,28.174,29.145,28.387,26.061,22.236,20.059,14.773,11.888,9.83,6.321,3.889,2.257,2.03,1.202,0.554,0.429,0.296,0.051,0,0,0.056,0,0,0,0,0,0,0,0,0,0,0,0,0,0,0,0,0,0,0,0,0,0,0,0,0,0,0,0,0,0,0,0,0,0,0,1.122,1.768,2.077,2.603,3.699,5.398,6.817,8.634,11.132,11.922,13.916,17.906,19.933,23.358,23.301,23.805,22.934,24.331,23.024,22.123,22.67,22.679,22.304,21.089,20.628,22.758,20.602,21.777,22.025,20.742,20.192,20.058,19.291,17.917,18.257,17.982,18.877,18.147,18.12,18.008,17.241,17.024,15.725,13.815,11.262,10.047,7.215,5.664,4.594,2.912,1.729,0.986,0.89,0.508,0.229,0.174,0.118,0.02,0,0,0.021,0,0,0,0,0
2026-08-29 04:23:00,1,"Normal Scan","Normal Scan",0,"ON",1,1,1,737.1,5,20.2,96.9,49.6,6.95106e-08,1.81905e-05,4.97,8954.6,8.8,736.5,1,"Up Scan","Positive",254,0,4.37,1.6,8,8,0,1,1,24.671,44.942,30.308,24.582,2.223,3365.18,46,21.1,NA,0,0,0,0,0,0,0,0,0,0,0,0,0,0,0,0,0,0,0,0,0,0,0,0,0,0,0,0,0,0,0,80.158,96.469,85.782,81.297,84.906,83.629,98.93,108.373,128.413,153.274,168.484,192.43,207.326,212.681,163.217,130.622,96.957,77.069,64.76,63.772,60.493,60.646,58.901,56.624,55.728,57.121,51.997,50.706,47.9,40.75,40.199,34.169,27.136,24.97,20.167,21.374,22.627,22.265,26.08,28.064,27.224,27.867,26.273,22.927,19.045,15.481,12.01,9.951,6.195,4.586,2.997,1.181,0.98,1.017,0.476,0.344,0.052,0.053,0.054,0,0,0,0,0,0,0,0,0,0,0,0,0,0,0,0,0,0,0,0,0,0,0,0,0,0,0,0,0,0,0,0,0,0,0,0,0.634,1.045,1.794,2.181,2.684,3.548,4.314,6.124,7.955,10.929,14.886,18.481,23.613,28.239,31.837,26.902,23.602,19.233,16.759,15.362,16.425,16.892,18.08,18.852,19.354,20.088,21.569,20.673,20.93,20.74,19.066,19.981,18.803,17.001,17.433,15.944,16.938,17.398,16.672,17.356,17.491,16.211,15.489,13.923,11.9,9.34,7.493,5.85,4.696,2.828,2.048,1.342,0.509,0.414,0.42,0.194,0.137,0.02,0.02,0.02,0,0,0,0,0,0
2026-08-29 04:28:00,1,"Normal Scan","Normal Scan",0,"ON",1,1,1,737.1,5,20.2,96.9,50.2,6.95106e-08,1.81905e-05,4.97,8954.6,8.8,736.5,1,"Up Scan","Positive",254,0,4.37,1.6,8,8,0,1,1,28.314,50.384,33.832,22.876,2.293,2780.98,46,21.1,NA,0,0,0,0,0,0,0,0,0,0,0,0,0,0,0,0,0,0,0,0,0,0,0,0,0,0,0,0,0,0,0,72.019,63.375,60.44,68.458,66.303,75.366,68.559,73.208,82.395,97.56,109.289,124.345,127.7,123.088,127.353,114.336,105.817,89.652,72.409,65.259,61.217,57.14,61.309,56.455,57.824,54.008,51.999,51.016,51.264,40.229,38.598,36.316,30.307,25.334,23.136,25.317,24.049,25.619,23.909,26.061,28.389,25.688,25.476,21.436,19.021,14.597,11.933,8.875,5.897,4.343,2.987,1.769,1.188,0.55,0.333,0.148,0.204,0.053,0.055,0,0,0,0,0,0,0,0,0,0,0,0,0,0,0,0,0,0,0,0,0,0,0,0,0,0,0,0,0,0,0,0,0,0,0,0,0.571,0.921,1.171,1.534,2.255,2.765,3.881,4.25,5.364,6.994,9.507,12.058,15.314,17.48,18.599,21.092,20.759,20.88,19.364,17.072,16.798,16.988,17.14,19.584,19.375,20.67,20.668,20.84,21.323,22.204,19.046,19.732,19.869,18.31,17.089,17.303,18.213,17.837,17.87,16.25,16.389,16.643,14.227,13.491,11.169,9.432,7.173,5.664,4.122,2.704,1.962,1.329,0.767,0.501,0.229,0.135,0.059,0.079,0.02,0.02,0,0,0,0,0,0
2026-08-29 04:33:00,1,"Normal Scan","Normal Scan",0,"ON",1,1,1,737,5,20.1,96.9,49.9,6.94804e-08,1.81857e-05,4.97,8954.6,8.8,736.5,1,"Up Scan","Positive",254,0,4.37,1.6,8,8,0,1,1,31.458,53.683,34.095,9.647,2.496,2434.33,47,21,NA,0,0,0,0,0,0,0,0,0,0,0,0,0,0,0,0,0,0,0,0,0,0,0,0,0,0,0,0,0,0,0,125.983,116.055,83.773,79.139,66.02,67.368,65.529,64.268,61.102,61.963,60.105,64.704,61.485,62.243,60.575,60.411,61.629,67.608,72.715,70.401,66.661,59.555,62.163,57.008,55.804,56.836,57.2,51.337,46.8,42.231,37.868,33.365,28.831,25.511,22.194,24.679,21.633,24.157,25.555,26.008,26.762,25.943,25.405,21.225,19.233,15.248,12.21,9.454,6.711,5.723,3.012,1.965,1.469,0.715,0.265,0.197,0.101,0.106,0.109,0,0,0,0,0,0,0,0,0,0,0,0,0,0,0,0,0,0,0,0,0,0,0,0,0,0,0,0,0,0,0,0,0,0,0,0,1.204,1.605,2.143,2.12,2.584,2.774,3.453,4.049,4.689,5.165,6.008,6.613,7.982,8.495,9.552,10.242,11.209,12.461,14.854,17.167,17.973,18.49,17.932,19.82,19.408,20.078,21.544,22.433,21.283,20.47,19.857,19.222,18.384,17.633,17.43,16.622,17.992,16.91,17.152,17.328,16.565,16.074,14.625,13.843,11.037,9.644,7.515,5.852,4.407,3.077,2.56,1.361,0.853,0.621,0.295,0.107,0.078,0.04,0.04,0.041,0,0,0,0,0,0
2026-08-29 04:38:00,1,"Normal Scan","Normal Scan",0,"ON",1,1,1,737.3,5,20.4,96.9,50.5,6.95709e-08,1.82001e-05,4.97,8954.6,8.8,736.5,1,"Up Scan","Positive",254,0,4.37,1.6,8,8,0,1,1,30.879,52.489,34.209,11.14,2.396,2683.95,47,21.1,NA,0,0,0,0,0,0,0,0,0,0,0,0,0,0,0,0,0,0,0,0,0,0,0,0,0,0,0,0,0,0,0,81.081,83.35,96.153,75.968,68.411,77.06,85.092,84.926,91.488,84.46,79.689,77.093,76.88,72.315,71.923,79.769,86.36,86.651,80.215,80.601,83.262,75.688,68.453,66.306,57.486,56.395,56.539,51.734,48.357,45.848,37.217,35.835,26.383,25.316,21.755,21.546,24.573,23.955,25.666,25.758,26.754,26.178,24.794,23.911,19.602,18.438,14.607,10.246,8.537,5.596,3.224,2.28,0.984,0.552,0.19,0.247,0.153,0.053,0.054,0,0,0,0,0,0,0,0,0,0,0,0,0,0,0,0,0,0,0,0,0,0,0,0,0,0,0,0,0,0,0,0,0,0,0,0,0.882,1.008,1.554,2.403,2.49,2.86,3.955,5.249,6.166,7.699,8.173,8.747,9.543,10.62,11.074,12.179,14.8,17.353,18.875,18.966,20.461,22.703,22.26,21.664,22.329,20.712,21.375,22.177,21.419,21.117,20.907,19.043,19.528,16.722,17.129,16.632,17.071,18.366,17.646,18.054,16.905,16.592,15.11,13.706,12.271,9.941,8.91,6.877,4.713,3.926,2.531,1.424,0.982,0.433,0.229,0.077,0.098,0.06,0.02,0.02,0,0.015,0,0,0,0
2026-08-29 04:43:00,1,"Normal Scan","Normal Scan",0,"ON",1,1,1,737,5,20.1,96.9,50.5,6.94804e-08,1.81857e-05,4.97,8954.6,8.8,736.5,1,"Up Scan","Positive",254,0,4.37,1.6,8,8,0,1,1,29.731,53.488,34.134,11.14,2.457,2511.75,48,21,NA,0,0,0,0,0,0,0,0,0,0,0,0,0,0,0,0,0,0,0,0,0,0,0,0,0,0,0,0,0,0,0,95.528,85.212,96.268,81.114,69.695,69.884,67.13,76.683,72.674,76.515,72.196,79.475,80.404,76.286,72.887,74.484,72.882,65.769,61.509,61.332,64.027,58.596,60.948,57.695,60.495,57.944,56.608,50.756,46.942,44.547,36.97,31.795,29.554,23.586,23.286,20.11,20.93,23.475,23.11,24.795,27.342,26.661,27.036,21.695,20.085,17.491,13.13,10.788,7.743,6.66,4.055,2.112,1.381,0.784,0.43,0.147,0,0.052,0.054,0,0,0,0,0,0,0,0,0,0,0,0,0,0,0,0,0,0,0,0,0,0,0,0,0,0,0,0,0,0,0,0,0,0,0,0,0.768,1.245,1.619,2.456,2.681,2.889,3.578,4.154,5.546,6.152,7.414,7.923,9.814,11.024,11.597,12.205,13.705,14.609,14.438,14.676,15.889,17.813,17.663,19.419,19.706,21.686,21.751,22.165,21.027,20.533,20.403,18.445,17.81,17.854,16.102,17.392,16.344,16.938,17.271,16.789,16.553,16.557,15.331,14.877,11.582,10.127,8.556,6.274,5.047,3.495,2.973,1.785,0.908,0.583,0.325,0.174,0.059,0,0.02,0.02,0,0,0,0,0,0
2026-08-29 04:48:00,1,"Normal Scan","Normal Scan",0,"ON",1,1,1,737.3,5,20.5,96.9,51,6.96011e-08,1.82049e-05,4.97,8954.6,8.8,736.5,1,"Up Scan","Positive",254,0,4.37,1.6,8,8,0,1,1,27.37,48.028,31.172,10.366,2.364,3045.3,48,21.2,NA,0,0,0,0,0,0,0,0,0,0,0,0,0,0,0,0,0,0,0,0,0,0,0,0,0,0,0,0,0,0,0,132.999,133.145,107.624,111.512,84.81,83.054,76.292,83.448,88.667,93.994,106.709,105.411,103.408,107.867,105.489,115.19,103.653,100.438,95.449,81.793,72.912,67.051,64.571,60.219,62.133,58.528,54.58,54.067,48.054,42.136,35.925,29.636,26.972,24.11,22.993,21.089,19.711,22.154,24.091,24.521,30.016,26.837,25.401,22.373,20.125,17.865,12.695,10.105,7.47,5.787,4.421,2.502,1.295,0.784,0.669,0.444,0.052,0.053,0,0,0,0,0,0,0,0,0,0,0,0,0,0,0,0,0,0,0,0,0,0,0,0,0,0,0,0,0,0,0,0,0,0,0,0,0,1.589,1.719,2.465,2.749,3.66,3.527,4.25,4.713,6.096,7.505,9.123,11.735,13.023,14.229,16.433,17.636,20.98,20.602,21.669,22.288,20.825,20.066,19.902,20.595,20.358,22.103,21.795,21.347,22.046,20.964,19.514,18.098,16.7,16.866,16.369,17.514,16.949,16.035,16.704,17.155,16.386,17.718,15.426,13.876,12.114,10.279,8.706,6.064,4.819,3.449,2.597,1.931,1.076,0.564,0.324,0.271,0.176,0.02,0.02,0,0,0.014,0,0,0,0
2026-08-29 04:53:00,1,"Normal Scan","Normal Scan",0,"ON",1,1,1,737,5,20,96.9,51.2,6.94502e-08,1.81809e-05,4.97,8954.6,8.8,736.5,1,"Up Scan","Positive",254,0,4.37,1.6,8,8,0,1,1,22.073,43.804,26.807,9.647,2.476,3292.16,48,21,NA,0,0,0,0,0,0,0,0,0,0,0,0,0,0,0,0,0,0,0,0,0,0,0,0,0,0,0,0,0,0,0,297.999,247.612,197.388,151.652,116.394,104.527,95.544,85.658,87.233,83.902,86.183,92.523,90.81,85.781,89.439,89.716,77.768,78.681,69.797,68.655,63.93,62.184,59.06,60.368,59.941,57.626,56.045,52.206,44.244,40.949,35.01,28.808,25.774,23.127,20.989,20.921,22.543,20.85,22.893,27.465,28.018,28.508,25.839,23.563,21.869,16.613,13.36,10.753,7.829,5.396,3.35,2.17,0.936,0.826,0.431,0.246,0.154,0.104,0,0,0,0,0,0,0,0,0,0,0,0,0,0,0,0,0,0,0,0,0,0,0,0,0,0,0,0,0,0,0,0,0,0,0,0,0,2.106,3.859,4.582,4.976,4.989,4.828,5.347,5.883,6.222,7.367,8.124,9.467,11.391,12.483,13.043,14.97,16.382,15.588,17.087,16.58,17.619,17.812,18.62,18.92,20.351,21.313,21.383,21.824,21.397,19.265,19,18.048,16.266,16.198,16.406,16.63,17.043,17.441,16.534,16.708,17.445,17.014,16.177,14.062,12.261,10.98,8.081,6.354,5.023,3.572,2.472,1.461,0.934,0.395,0.344,0.174,0.098,0.06,0.04,0,0,0,0,0,0,0
2026-08-29 04:58:00,1,"Normal Scan","Normal Scan",0,"ON",1,1,1,737.3,5,20.5,96.9,51.2,6.96011e-08,1.82049e-05,4.97,8954.6,8.8,736.5,1,"Up Scan","Positive",254,0,4.37,1.6,8,8,0,1,1,19.045,41.379,24.477,9.647,2.513,3701.88,48,21.2,NA,0,0,0,0,0,0,0,0,0,0,0,0,0,0,0,0,0,0,0,0,0,0,0,0,0,0,0,0,0,0,0,481.293,394.417,246.433,196.953,124.938,99.509,88.609,73.734,75.497,73.856,85.485,80.767,80.045,81.839,74.356,80.568,74.393,77.087,83.521,91.463,86.57,74.705,67.247,62.225,60.709,55.76,56.215,48.281,44.657,38.206,32.612,27.872,24.352,24.384,19.725,19.219,18.472,21.64,21.136,23.791,25.325,27.908,27.309,26.565,22.752,20.485,17.036,13.307,9.936,6.719,4.349,3.844,1.824,0.648,0.573,0.295,0.254,0.211,0,0,0,0,0,0,0,0,0,0,0,0,0,0,0,0,0,0,0,0,0,0,0,0,0,0,0,0,0,0,0,0,0,0,0,0,0,4.381,6.188,7.33,6.17,6.479,5.165,5.087,5.458,5.363,6.392,7.152,9.377,9.959,11.028,12.493,12.613,14.937,15.039,16.862,19.655,23.098,23.509,21.931,21.149,20.842,21.376,20.8,21.666,19.893,19.487,17.622,16.57,15.765,15.274,16.878,15.734,16.484,16.457,17.722,16.819,17.029,16.745,16.624,15.307,14.021,11.876,10.091,8.068,6.209,4.577,3.044,1.915,1.65,0.771,0.267,0.232,0.118,0.099,0.08,0,0,0,0,0,0,0
2026-08-29 05:03:00,1,"Normal Scan","Normal Scan",0,"ON",1,1,1,737,5,20,96.9,51.8,6.94502e-08,1.81809e-05,4.97,8954.6,8.8,736.5,1,"Up Scan","Positive",254,0,4.37,1.6,8,8,0,1,1,16.277,33.625,21.22,9.647,2.273,5402.39,48,21,NA,0,0,0,0,0,0,0,0,0,0,0,0,0,0,0,0,0,0,0,0,0,0,0,0,0,0,0,0,0,0,0,673.843,555.056,474.994,317.262,237.463,188.545,149.675,138.269,142.582,137.479,133.533,129.948,138.854,149.248,150.901,159.762,150.727,127.048,110.977,95.708,87.228,77.415,74.181,67.362,61.415,54.644,53.308,46.769,43.324,36.45,33.427,27.701,24.156,20.1,20.686,20.482,19.627,19.129,23.028,22.856,25.206,27.069,26.148,26.47,22.681,19.884,16.737,14.265,9.72,6.925,4.968,2.421,1.962,1.38,0.476,0.495,0.305,0.053,0,0.056,0,0,0,0,0,0,0,0,0,0,0,0,0,0,0,0,0,0,0,0,0,0,0,0,0,0,0,0,0,0,0,0,0,0,0,7.974,8.614,10.259,11.979,10.416,9.821,9.649,9.217,10.049,12.054,13.333,14.717,16.101,19.14,22.657,25.11,29.001,29.743,27.298,25.85,24.133,23.608,22.621,23.049,22.36,21.582,20.367,20.67,19.144,18.848,17.261,16.785,15.512,15.482,14.69,16.233,16.821,16.733,16.899,17.146,16.796,16.806,16.209,14.838,14.146,11.544,9.887,8.083,6.648,4.544,3.123,2.171,1.057,0.847,0.573,0.194,0.196,0.119,0.02,0,0.021,0.016,0,0,0,0
2026-08-29 05:08:00,1,"Normal Scan","Normal Scan",0,"ON",1,1,1,737.4,5,20.6,96.9,51.5,6.96313e-08,1.82097e-05,4.97,8954.6,8.8,736.5,1,"Up Scan","Positive",254,0,4.37,1.6,8,8,0,1,1,17.506,35.3,21.949,9.647,2.323,4975.53,49,21.2,NA,0,0,0,0,0,0,0,0,0,0,0,0,0,0,0,0,0,0,0,0,0,0,0,0,0,0,0,0,0,0,0,695.127,501.017,354.708,274.296,192.322,142.565,122.906,114.205,118.196,128.137,131.8,136.278,145.249,141.681,143.314,139.821,136.347,120.402,114.201,95.356,87.751,75.195,66.213,65.274,60.692,55.651,49.71,48.569,44.878,36.931,29.738,27.494,22.433,19.312,20.878,19.521,19.987,22.343,21.783,24.143,22.62,27.324,27.794,26.153,24.629,19.66,16.7,13.366,10.415,7.454,4.343,4.333,1.789,1.106,0.764,0.247,0.255,0.158,0,0,0,0,0,0,0,0,0,0,0,0,0,0,0,0,0,0,0,0,0,0,0,0,0,0,0,0,0,0,0,0,0,0,0,0,0,6.789,8.913,9.262,8.942,8.989,7.957,7.307,7.56,8.346,10.008,12.422,14.471,16.811,19.948,21.529,23.853,25.448,26.945,25.817,26.542,24.003,23.75,21.964,20.817,21.772,21.308,20.506,19.349,19.696,19.413,17.229,15.583,15.608,14.78,14.612,15.776,16.55,17.23,18.09,17.402,17.079,15.668,16.495,15.631,14,12.841,9.71,8.055,6.266,4.781,3.359,1.923,1.864,0.771,0.458,0.31,0.098,0.099,0.06,0,0,0.014,0,0,0,0
2026-08-29 05:13:00,1,"Normal Scan","Normal Scan",0,"ON",1,1,1,737,5,20.1,96.9,52.3,6.94804e-08,1.81857e-05,4.97,8954.6,8.8,736.5,1,"Up Scan","Positive",254,0,4.37,1.6,8,8,0,1,1,21.339,44.542,26.119,9.647,2.528,3293.68,49,21.1,NA,0,0,0,0,0,0,0,0,0,0,0,0,0,0,0,0,0,0,0,0,0,0,0,0,0,0,0,0,0,0,0,356.175,246.014,203.663,163.775,124.35,104.438,79.994,78.429,77.101,81.408,85.465,89.303,89.672,91.15,95.878,88.266,88.658,78.487,73.18,65.635,63.252,58.507,58.074,52.37,54.133,50.544,48.475,46.167,40.215,36.431,29.833,24.576,22.726,20.307,15.326,17.944,14.978,18.011,19.732,20.234,22.141,23.181,26.553,27.469,23.605,24.235,21.434,16.031,12.877,8.705,5.485,3.929,2.545,1.154,0.953,0.197,0.152,0.053,0.054,0.056,0,0,0,0,0,0,0,0,0,0,0,0,0,0,0,0,0,0,0,0,0,0,0,0,0,0,0,0,0,0,0,0,0,0,0,4.08,4.543,4.566,5.129,5.393,5.16,5.339,4.921,5.676,6.561,7.926,9.416,11.037,12.317,13.861,15.983,16.147,17.643,17.027,17.211,16.759,17.417,17.395,18.428,17.717,19.094,18.752,18.871,18.836,17.244,16.694,14.858,13.855,14.324,14.525,13.469,15.341,15.312,16.741,16.943,16.525,16.567,15.309,15.679,14.869,12.33,12.011,10.267,7.518,5.878,3.871,2.428,1.704,1.075,0.477,0.387,0.078,0.06,0.02,0.02,0.021,0,0,0,0,0
2026-08-29 05:18:00,1,"Normal Scan","Normal Scan",0,"ON",1,1,1,737.3,5,20.4,96.9,51.9,6.95709e-08,1.82001e-05,4.97,8954.6,8.8,736.5,1,"Up Scan","Positive",254,0,4.37,1.6,8,8,0,1,1,21.592,45.19,26.643,9.647,2.493,3227.48,49,21.1,NA,0,0,0,0,0,0,0,0,0,0,0,0,0,0,0,0,0,0,0,0,0,0,0,0,0,0,0,0,0,0,0,289.293,230.565,150.271,132.877,96.254,101.641,99.339,104.037,99.387,107.984,120.611,119.71,121.502,113.789,105.999,97.023,75.312,70.462,61.241,53.794,50.431,51.824,52.081,46.965,46.955,47.026,44.496,40.77,38.985,35.244,30.14,21.1,19.148,20.812,16.579,13.848,17.538,19.114,17.316,19.431,23.934,24.277,24.683,26.276,26.291,23.459,20.792,16.746,13.156,9.429,7.143,4.5,2.485,1.347,1.047,0.593,0.204,0.053,0.165,0,0,0,0,0,0,0,0,0,0,0,0,0,0,0,0,0,0,0,0,0,0,0,0,0,0,0,0,0,0,0,0,0,0,0,0,3.58,3.698,4.242,3.795,4.354,3.975,5.22,6.126,7.551,8.416,10.439,13.218,14.692,16.569,17.162,17.535,17.577,14.971,15.276,14.407,13.835,14.063,15.442,16.488,15.985,16.918,17.467,17.195,16.673,16.97,15.966,14.891,12.806,12.601,14.431,14.255,13.92,16.045,17.18,16.434,16.371,17.195,16.166,14.99,14.836,13.846,11.656,10.033,7.9,6.069,4.204,3.155,1.965,1.05,0.557,0.426,0.235,0.079,0.02,0.061,0,0,0,0,0,0
2026-08-29 05:23:00,1,"Normal Scan","Normal Scan",0,"ON",1,1,1,737.5,5,20.7,96.9,52.3,6.96615e-08,1.82145e-05,4.97,8954.6,8.8,736.5,1,"Up Scan","Positive",254,0,4.37,1.6,8,8,0,1,1,23.553,44.901,27.532,9.647,2.394,3449.06,49,21.3,NA,0,0,0,0,0,0,0,0,0,0,0,0,0,0,0,0,0,0,0,0,0,0,0,0,0,0,0,0,0,0,0,241.833,192.545,133.736,109.124,115.304,103.845,107.24,113.303,121.004,125.41,129.606,124.869,119.467,124.255,139.674,139.544,147.941,120.832,91.276,71.873,57.691,54.902,47.23,46.132,45.757,43.493,43.907,39.65,39.148,33.079,29.409,24.019,19.588,18.895,18.133,14.592,16.141,15.834,19.639,20.191,21.558,23.651,24.973,24.929,26.861,24.56,21.881,19.216,12.953,10.042,6.648,4.716,3.265,1.64,1.024,0.294,0.357,0.266,0.109,0,0,0,0,0,0,0,0,0,0,0,0,0,0,0,0,0,0,0,0,0,0,0,0,0,0,0,0,0,0,0,0,0,0,0,0,2.615,3.088,3.545,3.358,3.595,4.797,5.312,6.626,8.226,10.219,12.154,14.269,15.445,16.462,18.854,23.146,25.185,28.975,25.649,21.071,18.111,15.833,16.217,15.088,15.753,16.349,16.391,17.126,16.165,16.962,15.343,14.567,13.427,12.781,13.888,14.703,14.167,15.569,15.794,17.456,17.219,16.515,16.257,15.436,14.059,14.035,12.454,10.619,9.006,5.913,4.52,2.991,2.04,1.392,0.678,0.415,0.118,0.139,0.1,0.041,0,0.014,0,0,0,0
2026-08-29 05:28:00,1,"Normal Scan","Normal Scan",0,"ON",1,1,1,738.2,5,21.6,96.9,52.1,6.99331e-08,1.82576e-05,4.97,8954.6,8.8,736.5,1,"Up Scan","Positive",254,0,4.37,1.6,8,8,0,1,1,17.256,41.296,23.58,9.647,2.49,3629.14,49,21.6,NA,0,0,0,0,0,0,0,0,0,0,0,0,0,0,0,0,0,0,0,0,0,0,0,0,0,0,0,0,0,0,0,376.437,280.619,242.821,192.725,170.706,163.969,157.001,151.217,140.111,127.719,117.538,101.798,95.259,85.483,75.833,68.258,67.334,62.406,56.722,51.021,50.148,44.169,42.604,43.461,39.529,41.719,42.184,39.257,36.162,33.326,26.532,23.185,19.396,19.327,17.639,15.244,17.75,19.895,18.664,17.537,22.658,24.962,25.239,27.134,27.654,26.448,21.8,16.693,14.382,10.524,7.314,4.868,3.343,1.751,0.998,0.269,0.232,0.107,0,0.056,0,0,0,0,0,0,0,0,0,0,0,0,0,0,0,0,0,0,0,0,0,0,0,0,0,0,0,0,0,0,0,0,0,0,0,4.152,4.804,5.204,6.1,6.324,7.074,8.376,9.655,10.935,11.769,12.306,12.791,12.475,13.003,12.903,12.603,12.467,13.374,13.488,13.343,13.011,13.843,13.3,13.715,14.79,14.427,15.63,16.351,16.307,15.716,15.469,13.537,13.615,12.955,13.591,14.658,14.886,16.447,17.769,17.543,16.225,17.168,16.518,15.757,15.133,14.501,13.29,10.603,7.777,6.561,4.702,3.225,2.111,1.409,0.725,0.406,0.107,0.09,0.04,0,0.023,0,0,0,0,0
2026-08-29 05:33:00,1,"Normal Scan","Normal Scan",0,"ON",1,1,1,738.7,5,22.5,96.8,51.6,7.02774e-08,1.83006e-05,4.97,8954.6,8.8,736.5,1,"Up Scan","Positive",254,0,4.37,1.6,8,8,0,1,1,19.851,38.761,24.026,9.647,2.292,4453.2,48,22.1,NA,0,0,0,0,0,0,0,0,0,0,0,0,0,0,0,0,0,0,0,0,0,0,0,0,0,0,0,0,0,0,0,317.2,266.557,237.95,194.044,191.911,168.634,181.487,184.213,190.407,193.702,196.704,189.29,189.792,175.232,160.178,142.781,124.609,99.738,89.952,78.588,62.302,56.648,51.402,42.412,41.546,41.43,40.578,37.488,36.016,31.644,25.459,23.03,19.919,16.561,15.355,17.68,17.646,16.875,19.113,21.807,25.49,25.715,27.98,30.262,28.109,24.967,21.691,17.646,13.774,11.054,6.978,4.992,2.977,1.824,0.953,0.492,0.204,0.157,0.055,0,0,0,0,0,0,0,0,0,0,0,0,0,0,0,0,0,0,0,0,0,0,0,0,0,0,0,0,0,0,0,0,0,0,0,0,3.716,4.033,4.942,6.001,6.399,7.922,8.628,11.142,13.377,16.04,18.706,21.441,23.161,25.806,26.372,26.437,25.734,24.454,21.313,20.716,19.607,16.915,16.605,16.182,14.425,14.886,15.513,15.906,15.402,15.495,14.739,13.418,13.317,13.302,13.277,14.125,16.054,17.01,17.094,17.398,18.046,18.439,17.066,17.031,16.631,14.752,12.518,10.47,8.329,6.261,4.973,3.037,2.16,1.254,0.753,0.386,0.196,0.079,0.06,0.02,0,0,0,0,0,0
2026-08-29 05:38:00,1,"Normal Scan","Normal Scan",0,"ON",1,1,1,738.4,5,21.9,96.9,51.7,7.00237e-08,1.82719e-05,4.97,8954.6,8.8,736.5,1,"Up Scan","Positive",254,0,4.37,1.6,8,8,0,1,1,25.247,50.836,30.228,9.647,2.512,2847.47,47,22.2,NA,0,0,0,0,0,0,0,0,0,0,0,0,0,0,0,0,0,0,0,0,0,0,0,0,0,0,0,0,0,0,0,153.082,146.792,115.027,92.623,88.736,88.583,89.348,88.436,80.501,93.06,97.693,96.065,98.965,110.6,111.214,112.246,100.829,92.981,75.414,61.939,56.102,49.643,47.496,40.346,42.737,39.441,36.462,35.781,35.477,30.51,25.973,23.816,20.116,17.019,17.424,16.049,15.429,15.888,22.749,21.879,22.786,27.195,27.611,28.95,28.485,24.717,21.596,19.303,14.001,9.916,7.04,5.043,3.009,1.554,0.917,0.495,0.101,0.107,0.055,0.114,0,0,0,0,0,0,0,0,0,0,0,0,0,0,0,0,0,0,0,0,0,0,0,0,0,0,0,0,0,0,0,0,0,0,0,1.557,1.967,2.727,2.892,3.058,3.7,4.544,5.498,6.449,6.794,9.006,10.729,11.859,13.591,16.707,18.422,20.295,19.833,19.866,17.451,15.67,15.288,14.576,14.996,13.879,15.165,14.867,14.577,14.769,15.392,14.486,13.212,13.575,13.553,13.621,14.727,15.548,15.806,16.734,19.36,17.645,17.207,18.26,16.479,16.001,14.938,12.374,10.458,8.971,6.429,4.402,3.113,2.167,1.285,0.642,0.374,0.196,0.04,0.04,0.02,0.023,0,0,0,0,0
2026-08-29 05:43:00,1,"Normal Scan","Normal Scan",0,"ON",1,1,1,737.6,5,20.9,96.9,51,6.97218e-08,1.82241e-05,4.97,8954.6,8.8,736.5,1,"Up Scan","Positive",254,0,4.37,1.6,8,8,0,1,1,20.165,45.626,25.92,9.647,2.55,3179.48,47,21.9,NA,0,0,0,0,0,0,0,0,0,0,0,0,0,0,0,0,0,0,0,0,0,0,0,0,0,0,0,0,0,0,0,278.324,211.641,181.382,150.8,134.87,127.684,111.289,102.929,104.901,102.665,113.835,124.767,116.455,106.668,93.387,84.294,67.26,61.947,51.503,49.836,41.12,38.124,36.337,39.413,36.09,36.077,33.882,34.428,33.342,29.918,25.899,20.071,20.301,17.893,17.395,16.93,18.423,17.208,20.697,24.217,24.984,28.587,26.707,29.643,27.899,24.834,22.712,17.35,13.79,11.634,6.702,4.14,2.411,1.689,1.43,0.442,0.102,0.053,0.054,0.113,0,0,0,0,0,0,0,0,0,0,0,0,0,0,0,0,0,0,0,0,0,0,0,0,0,0,0,0,0,0,0,0,0,0,0,2.668,3.585,3.936,4.551,4.977,5.587,6.526,6.868,7.478,8.869,9.943,12.467,15.275,15.876,16.04,15.445,15.232,13.297,13.329,12.106,12.643,11.416,11.45,11.732,13.471,13.112,13.69,13.476,14.464,14.674,14.234,13.618,12.307,13.585,14.174,15.122,16.188,17.212,17.147,18.41,19.085,18.219,18.172,16.422,16.543,14.442,12.291,11.022,8.277,6.26,5.175,2.955,1.808,1.019,0.7,0.58,0.176,0.04,0.02,0.02,0.046,0,0,0,0,0
2026-08-29 05:48:00,1,"Normal Scan","Normal Scan",0,"ON",1,1,1,737.6,5,20.8,96.9,50.5,6.96916e-08,1.82193e-05,4.97,8954.6,8.8,736.5,1,"Up Scan","Positive",254,0,4.37,1.6,8,8,0,1,1,21.88,54.739,29.835,9.647,2.762,2377.32,48,21.9,NA,0,0,0,0,0,0,0,0,0,0,0,0,0,0,0,0,0,0,0,0,0,0,0,0,0,0,0,0,0,0,0,181.995,153.263,119.837,105.537,99.851,93.531,82.861,75.13,78.329,70.27,69.043,67.965,62.786,57.517,55.179,51.598,47.373,44.699,40.462,35.551,34.481,35.973,34.893,34.442,35.295,37.737,34.861,34.366,29.814,28.215,25.67,21.843,18.568,16.357,18.33,16.693,16.215,20.431,20.6,22.32,26.343,29.868,29.363,28.024,28.163,24.602,21.195,17.005,14.269,9.577,7.434,3.763,3.345,1.529,1.488,0.68,0.358,0.158,0.219,0.056,0,0,0,0,0,0,0,0,0,0,0,0,0,0,0,0,0,0,0,0,0,0,0,0,0,0,0,0,0,0,0,0,0,0,0,1.94,2.328,2.835,3.046,3.504,4.151,4.789,5.092,5.452,6.588,6.774,7.53,8.349,8.591,8.694,9.172,9.405,9.457,9.713,9.604,9.238,9.753,10.877,11.299,11.867,12.782,14.224,13.818,14.24,13.501,13.557,13.272,13.209,12.963,13.5,15.584,16.381,16.541,18.215,18.25,18.245,18.483,19.013,17.334,15.923,14.494,12.466,10.273,8.242,6.546,4.316,3.299,1.672,1.426,0.633,0.602,0.272,0.139,0.06,0.081,0.023,0.014,0,0,0,0
2026-08-29 05:53:00,1,"Normal Scan","Normal Scan",0,"ON",1,1,1,737.6,5,20.9,96.9,51.3,6.97218e-08,1.82241e-05,4.97,8954.6,8.8,736.5,1,"Up Scan","Positive",254,0,4.37,1.6,8,8,0,1,1,25.603,57.132,32.189,9.647,2.724,2316.52,48,21.9,NA,0,0,0,0,0,0,0,0,0,0,0,0,0,0,0,0,0,0,0,0,0,0,0,0,0,0,0,0,0,0,0,150.293,133.481,102.578,87.111,75.432,77.277,71.663,75.136,73.131,70.397,62.105,65.163,59.689,51.78,55.698,49.915,44.517,41.543,50.784,74.107,66.857,52.206,45.99,37.385,35.34,33.978,33.374,33.927,28.511,29.536,23.629,18.489,17.092,16.515,17.444,18.113,19.202,21.156,23.843,24.85,28.423,29.962,30.595,28.717,25.967,23.669,21.243,17.088,14.054,9.851,6.223,4.398,3.321,1.829,0.763,0.546,0.204,0.211,0.162,0.056,0,0,0,0,0,0,0,0,0,0,0,0,0,0,0,0,0,0,0,0,0,0,0,0,0,0,0,0,0,0,0,0,0,0,0,1.235,1.929,2.501,2.584,2.858,3.123,3.938,4.415,5.457,6.148,6.794,6.802,7.99,8.145,7.89,9.491,9.342,9.064,9.195,11.956,18.444,17.891,15.212,14.442,12.679,12.81,12.792,13.208,13.996,12.883,14.291,12.931,12.069,12.854,13.853,15.588,16.944,18.072,18.705,19.265,18.985,19.49,19.112,18.184,15.595,13.593,12.035,10.345,7.962,6.49,4.425,2.795,1.904,1.402,0.757,0.31,0.216,0.079,0.08,0.061,0.023,0,0,0,0,0
2026-08-29 05:58:00,1,"Normal Scan","Normal Scan",0,"ON",1,1,1,737.2,5,20.3,96.9,51.6,6.95407e-08,1.81953e-05,4.97,8954.6,8.8,736.5,1,"Up Scan","Positive",254,0,4.37,1.6,8,8,0,1,1,22.045,42.038,25.954,9.647,2.347,3991.2,48,21.6,NA,0,0,0,0,0,0,0,0,0,0,0,0,0,0,0,0,0,0,0,0,0,0,0,0,0,0,0,0,0,0,0,323.291,218.092,182.153,124.81,121.671,130.439,125.859,138.935,144.88,149.809,170.378,169.315,166.992,159.951,159.992,150.006,143.414,130.742,110.052,91.313,76.081,59.066,44,39.919,36.613,34.808,36.649,33.43,30.412,27.186,25.025,20.556,20.114,19.079,18.881,18.965,20.267,24.335,25.188,27.372,26.962,30.372,29.554,26.7,27.029,22.861,20.569,16.027,11.765,10.247,7.454,5.363,2.115,1.612,1.121,0.466,0.51,0.159,0.217,0.057,0,0,0,0,0,0,0,0,0,0,0,0,0,0,0,0,0,0,0,0,0,0,0,0,0,0,0,0,0,0,0,0,0,0,0,3.437,4.12,4.011,4.594,4.1,5.036,6.72,7.795,10.141,12.256,14.521,18.675,20.848,22.887,24.211,26.54,27.173,28.144,27.679,25.173,22.534,20.284,17.159,13.905,13.442,13.198,13.256,14.456,14.195,13.91,13.451,13.676,13.195,14.54,15.076,16.048,17.258,18.323,19.651,19.998,19.723,19.109,18.584,17.423,15.094,14.449,11.362,10.001,7.636,5.44,4.635,3.346,2.312,0.927,0.668,0.455,0.186,0.199,0.06,0.081,0.021,0.015,0,0,0,0
2026-08-29 06:03:00,1,"Normal Scan","Normal Scan",0,"ON",1,1,1,737.6,5,20.8,96.9,51.7,6.96916e-08,1.82193e-05,4.97,8954.6,8.8,736.5,1,"Up Scan","Positive",254,0,4.37,1.6,8,8,0,1,1,18.845,43.305,24.671,9.647,2.531,3449.28,48,21.7,NA,0,0,0,0,0,0,0,0,0,0,0,0,0,0,0,0,0,0,0,0,0,0,0,0,0,0,0,0,0,0,0,342.735,298.151,206.001,173.719,139.657,127.436,129.341,120.092,109.323,98.809,104.557,108.993,106.019,104.35,101.496,92.534,80.777,71.733,65.66,55.365,50.528,39.446,36.036,34.138,31.289,32.683,33.126,31.741,31.167,25.591,24.42,21.249,19.764,18.843,21.098,20.389,22.378,25.412,27.052,29.084,29.792,29.291,29.696,27.16,24.856,24.366,17.734,14.872,13.316,7.713,6.05,4.99,2.46,1.984,1.096,0.79,0.508,0.21,0.054,0.154,0,0,0,0,0,0,0,0,0,0,0,0,0,0,0,0,0,0,0,0,0,0,0,0,0,0,0,0,0,0,0,0,0,0,0,2.916,4.482,5.51,5.2,5.719,5.8,6.545,7.956,8.71,9.217,9.555,11.478,13.392,14.495,15.774,16.802,16.795,15.905,15.334,15.196,13.868,13.711,11.738,11.562,11.744,11.407,12.503,13.392,13.46,14.212,13.262,13.71,13.759,14.581,15.313,17.374,17.718,18.968,20.01,20.508,20.492,19.6,18.274,17.156,14.845,13.326,12.129,8.778,7.09,6.256,3.506,2.676,2.161,1.053,0.82,0.445,0.314,0.199,0.08,0.02,0.046,0,0,0,0,0
2026-08-29 06:08:00,1,"Normal Scan","Normal Scan",0,"ON",1,1,1,737.2,5,20.3,96.9,52.3,6.95407e-08,1.81953e-05,4.97,8954.6,8.8,736.5,1,"Up Scan","Positive",254,0,4.37,1.6,8,8,0,1,1,18.218,44.075,24.884,9.647,2.564,3426.12,48,21.5,NA,0,0,0,0,0,0,0,0,0,0,0,0,0,0,0,0,0,0,0,0,0,0,0,0,0,0,0,0,0,0,0,346.533,266.043,217.884,188.956,167.147,136.72,126.458,115.117,114.23,106.452,93.991,83.698,84.365,80.878,79.644,80.266,76.762,78.364,73.807,58.89,56.604,45.986,39.353,33.995,36.199,33.401,34.814,32.727,29.715,26.97,24.193,23.663,19.701,22.346,20.531,23.745,24.956,23.57,28.801,28.226,29.18,28.812,29.333,26.936,27.002,22.501,18.999,16.505,12.492,10.372,6.83,4.621,2.732,2.12,0.952,0.442,0.206,0.211,0.11,0.056,0,0,0,0,0,0,0,0,0,0,0,0,0,0,0,0,0,0,0,0,0,0,0,0,0,0,0,0,0,0,0,0,0,0,0,3.322,4.406,4.979,5.508,6.233,6.935,6.994,7.77,8.366,9.628,10.264,10.318,10.314,11.594,12.322,13.307,14.641,15.212,16.769,17.02,14.796,15.278,13.536,12.568,11.681,13.017,12.807,14.077,14.096,13.814,13.785,14.154,14.521,14.675,16.767,17.199,19.192,20.164,19.513,21.526,20.143,19.695,18.08,17.332,15.291,14.092,11.357,9.387,7.827,5.687,4.677,3.03,2.018,1.169,0.878,0.387,0.177,0.079,0.08,0.041,0.021,0.015,0,0,0,0
2026-08-29 06:13:00,1,"Normal Scan","Normal Scan",0,"ON",1,1,1,737.3,5,20.6,96.8,51.9,6.97032e-08,1.82097e-05,4.97,8954.6,8.8,736.5,1,"Up Scan","Positive",254,0,4.37,1.6,8,8,0,1,1,21.299,49.1,28.037,9.647,2.598,2931.1,49,21.5,NA,0,0,0,0,0,0,0,0,0,0,0,0,0,0,0,0,0,0,0,0,0,0,0,0,0,0,0,0,0,0,0,198.63,167.738,158.453,142.352,114,114.308,99.771,105.121,103.766,109.1,103.906,98.855,92.745,87.471,81.584,80.027,76.052,66.942,51.647,48.896,43.163,38.38,33.586,33.329,32.508,34.194,31.331,33.817,29.874,29.235,27.371,24.302,23.876,24.184,23.932,24.152,25.57,26.456,27.368,26.885,28.987,31.508,29.055,26.335,25.837,20.798,18.179,15.158,11.41,10.132,7.123,4.865,2.812,1.564,1.189,0.642,0.357,0.157,0.108,0,0,0,0,0,0,0,0,0,0,0,0,0,0,0,0,0,0,0,0,0,0,0,0,0,0,0,0,0,0,0,0,0,0,0,0,2.055,2.576,3.13,4.012,4.655,4.735,5.85,6.155,7.637,8.737,10.51,11.358,12.156,12.69,13.174,13.559,14.515,15.015,14.304,12.085,12.366,11.873,11.404,10.905,11.541,11.993,13.325,12.969,14.624,14.309,14.996,15.156,15.288,16.32,17.404,18.373,19.671,20.277,20.459,20.446,19.411,19.058,19.088,17.135,14.934,13.683,10.579,8.879,7.183,5.312,4.577,3.156,2.093,1.185,0.649,0.484,0.255,0.139,0.06,0.041,0,0,0,0,0,0
2026-08-29 06:18:00,1,"Normal Scan","Normal Scan",0,"ON",1,1,1,737.2,5,20.4,96.8,52.6,6.96428e-08,1.82001e-05,4.97,8954.6,8.8,736.5,1,"Up Scan","Positive",254,0,4.37,1.6,8,8,0,1,1,17.709,47.851,25.868,9.647,2.717,2890.3,49,21.4,NA,0,0,0,0,0,0,0,0,0,0,0,0,0,0,0,0,0,0,0,0,0,0,0,0,0,0,0,0,0,0,0,310.077,240.582,206.128,153.14,141.394,108.08,105.704,101.613,84.216,80.274,80.577,71.785,67.308,61.537,53.775,49.192,43.339,39.844,36.446,35.026,32.724,31.232,32.643,33.849,33.368,32.411,31.408,34.98,32.926,30.688,27.96,26.946,25.86,25.161,24.344,25.825,25.347,26.851,26.898,26.89,29.255,30.839,28.749,25.439,24.682,21.746,18.974,13.423,11.253,8.795,6.42,5.175,2.772,2.076,1.26,0.626,0.255,0.053,0.163,0,0,0,0,0,0,0,0,0,0,0,0,0,0,0,0,0,0,0,0,0,0,0,0,0,0,0,0,0,0,0,0,0,0,0,0,2.927,3.958,4.444,5.208,5.045,5.85,5.544,6.494,7.395,7.098,7.731,8.778,8.786,9.189,9.279,8.949,8.966,8.631,8.688,8.679,9.058,9.186,9.51,10.696,11.769,12.436,12.764,13.159,15.266,15.516,15.563,15.665,16.36,17.127,17.715,18.512,20.262,20.153,20.198,20.051,19.518,19.098,18.617,16.584,14.302,13.273,11.019,9.328,6.515,5.242,3.937,2.861,2.224,1.223,0.859,0.508,0.25,0.099,0.02,0.061,0,0.045,0,0,0,0
2026-08-29 06:23:00,1,"Normal Scan","Normal Scan",0,"ON",1,1,1,737,5,20.1,96.9,52.4,6.94804e-08,1.81857e-05,4.97,8954.6,8.8,736.5,1,"Up Scan","Positive",254,0,4.37,1.6,8,8,0,1,1,17.05,44.176,24.589,9.647,2.597,3355.12,49,21.3,NA,0,0,0,0,0,0,0,0,0,0,0,0,0,0,0,0,0,0,0,0,0,0,0,0,0,0,0,0,0,0,0,303.956,268.91,237.181,200.073,186.833,163.67,146.99,123.835,115.953,105.248,90.07,86.092,78.985,70.285,67.921,58.487,56.891,51.694,47.829,40.669,40.55,37.114,35.889,35.519,35.552,33.07,35.487,33.459,36.012,30.48,28.047,27.256,25.145,25.614,24.771,24.797,27.172,26.436,26.199,29.453,32.276,29.887,27.743,25.854,24.016,22.339,18.376,15.952,12.096,10.54,6.262,4.008,2.196,1.739,1.243,0.742,0.102,0.107,0.054,0,0,0,0,0,0,0,0,0,0,0,0,0,0,0,0,0,0,0,0,0,0,0,0,0,0,0,0,0,0,0,0,0,0,0,0,3.103,3.908,5.018,5.998,6.606,7.767,8.374,9.045,8.976,9.762,10.122,9.831,10.573,10.811,10.653,11.284,10.683,11.304,11.193,11.254,10.459,11.205,11.192,11.638,12.388,13.067,13.009,14.612,14.825,16.567,15.468,15.798,16.5,17.012,17.985,19.348,19.774,20.76,20.259,19.986,20.698,20.518,18.543,16.591,14.572,12.57,11.07,9.005,7.615,5.609,4.688,2.786,1.721,0.93,0.719,0.503,0.294,0.04,0.04,0.02,0,0,0,0,0,0
2026-08-29 06:28:00,1,"Normal Scan","Normal Scan",0,"ON",1,1,1,737.3,5,20.5,96.8,52.8,6.9673e-08,1.82049e-05,4.97,8954.6,8.8,736.5,1,"Up Scan","Positive",254,0,4.37,1.6,8,8,0,1,1,18.375,45.272,25.583,9.647,2.579,3212.68,49,21.4,NA,0,0,0,0,0,0,0,0,0,0,0,0,0,0,0,0,0,0,0,0,0,0,0,0,0,0,0,0,0,0,0,241.124,206.629,230.829,178.658,171.168,140.276,137.885,128.996,120.169,115.716,106.421,101.951,86.91,78.26,69.406,62.33,58.949,51.648,45.294,43.299,38.144,36.904,34.66,33.901,32.88,34.254,34.338,34.282,33.044,29.298,29.227,25.455,24.774,23.94,25.667,24.554,25.317,27.212,31.125,29.479,30.448,31.764,29.041,25.817,22.257,20.981,17.447,13.566,10.811,8.029,6.356,4.483,3.411,1.64,1.048,0.592,0.407,0.104,0.108,0,0,0,0,0,0,0,0,0,0,0,0,0,0,0,0,0,0,0,0,0,0,0,0,0,0,0,0,0,0,0,0,0,0,0,0,2.532,3.111,3.846,5.838,5.9,7.112,7.158,8.498,9.367,10.128,11.135,11.619,12.485,11.875,11.792,11.539,11.334,11.686,11.157,10.638,11.032,10.625,11.11,11.286,11.75,12.232,13.39,14.039,14.965,15.525,15.254,16.005,15.834,17.075,17.716,19.276,19.769,19.953,20.435,21.201,20.505,19.314,19.05,16.702,14.286,11.964,10.802,8.549,6.45,5.057,3.63,2.807,1.924,1.439,0.677,0.426,0.235,0.159,0.04,0.041,0,0,0,0,0,0
2026-08-29 06:33:00,1,"Normal Scan","Normal Scan",0,"ON",1,1,1,737,5,20.1,96.8,52.9,6.95522e-08,1.81857e-05,4.97,8954.6,8.8,736.5,1,"Up Scan","Positive",254,0,4.37,1.6,8,8,0,1,1,18.816,47.133,26.178,9.647,2.639,2944.23,49,21.2,NA,0,0,0,0,0,0,0,0,0,0,0,0,0,0,0,0,0,0,0,0,0,0,0,0,0,0,0,0,0,0,0,267.987,195.384,175.677,162.97,159.314,125.279,116.556,100.928,98.939,89.743,87.616,86.879,77.295,79.361,70.566,63.744,54.39,51.622,41.311,38.677,35.925,32.924,30.448,31.778,32.39,32.402,30.744,30.72,30.664,29.792,28.206,25.324,24.438,24.259,22.702,26.355,24.834,25.738,26.521,28.632,30.301,27.415,28.65,23.63,22.274,22.22,18.388,13.646,11.244,8.745,7.054,4.134,3.077,1.736,1.254,0.643,0.356,0.316,0,0.113,0,0,0,0,0,0,0,0,0,0,0,0,0,0,0,0,0,0,0,0,0,0,0,0,0,0,0,0,0,0,0,0,0,0,0,2.253,3.436,3.636,4.42,5.394,6.625,6.429,7.174,7.332,8.334,8.662,9.599,10.661,10.557,11.949,11.699,11.579,10.763,11.107,9.747,9.92,9.989,9.919,9.941,11.094,12.015,12.785,12.83,13.612,14.43,15.214,15.633,15.653,16.372,17.261,17.983,19.905,19.801,19.309,19.491,20.244,19.637,17.018,16.475,13.656,11.88,11.327,9.009,6.567,5.251,3.979,3.11,1.795,1.316,0.719,0.509,0.255,0.139,0.121,0,0.041,0,0,0,0,0
2026-08-29 06:38:00,1,"Normal Scan","Normal Scan",0,"ON",1,1,1,737.3,5,20.6,96.8,52.7,6.97032e-08,1.82097e-05,4.97,8954.6,8.8,736.5,1,"Up Scan","Positive",254,0,4.37,1.6,8,8,0,1,1,20.058,50.153,27.861,9.647,2.682,2656.5,49,21.4,NA,0,0,0,0,0,0,0,0,0,0,0,0,0,0,0,0,0,0,0,0,0,0,0,0,0,0,0,0,0,0,0,196.621,168.151,165.12,137.881,119.129,108.482,98.402,98.336,91.584,89.437,83.992,77.075,79.987,67.934,60.937,58.084,48.048,43.387,36.442,36.581,31.513,34.363,31.15,30.664,30.961,30.649,30.649,31.03,30.73,29.926,29.025,25.174,24.693,25.119,24.318,22.833,24.292,24.824,27.759,26.959,30.626,29.825,27.314,25.694,23.159,20.991,17.29,12.486,10.906,9.31,5.241,4.039,2.728,1.519,1.621,0.989,0.307,0.158,0.055,0,0,0,0,0,0,0,0,0,0,0,0,0,0,0,0,0,0,0,0,0,0,0,0,0,0,0,0,0,0,0,0,0,0,0,0,1.837,2.54,3.113,4.177,4.554,4.949,5.542,6.061,7.14,7.72,8.614,9.175,9.432,10.91,10.234,10.12,10.514,9.565,9.398,8.624,9.397,8.829,10.293,10.169,10.732,11.624,12.115,12.856,13.719,14.641,15.061,15.777,15.47,16.57,17.62,18.615,18.742,19.218,19.034,20.23,18.992,19.271,17.96,16.108,14.165,12.16,10.645,8.467,6.117,5.151,4.223,2.305,1.749,1.167,0.63,0.658,0.392,0.119,0.06,0.02,0,0.014,0,0,0,0
2026-08-29 06:43:00,1,"Normal Scan","Normal Scan",0,"ON",1,1,1,737,5,20.1,96.8,53.1,6.95522e-08,1.81857e-05,4.97,8954.6,8.8,736.5,1,"Up Scan","Positive",254,0,4.37,1.6,8,8,0,1,1,21.754,49.263,28.734,9.647,2.556,2854.85,49,21.2,NA,0,0,0,0,0,0,0,0,0,0,0,0,0,0,0,0,0,0,0,0,0,0,0,0,0,0,0,0,0,0,0,149.998,139.992,126.719,127.3,111.981,113.584,117.298,118.821,110.884,113.887,110.869,109.507,105.035,95.628,84.316,76.825,66.45,58.77,51.278,43.647,39.732,33.804,34.154,31.585,34.165,32.638,31.459,34.468,31.445,31.308,27.487,27.507,25.981,23.818,25.438,25.038,25.011,27.419,27.865,31.418,29.9,27.949,27.258,26.968,23.414,18.951,16.789,14.441,10.816,7.688,5.374,4.042,2.455,1.801,1.145,0.643,0.255,0.106,0.273,0.056,0,0,0,0,0,0,0,0,0,0,0,0,0,0,0,0,0,0,0,0,0,0,0,0,0,0,0,0,0,0,0,0,0,0,0,1.567,1.93,2.639,3.224,4.217,4.644,5.838,7.263,8.648,9.351,10.991,12.134,13.427,14.342,14.412,13.97,13.913,13.102,12.639,11.949,11.148,10.963,10.175,11.16,11.106,12.603,12.795,13.266,15.121,14.813,15.897,15.351,16.706,17.285,17.684,19.061,19.245,19.464,20.645,20.13,20.605,19.01,17.17,15.966,14.493,12.318,9.594,8.318,6.9,5.038,3.464,2.412,1.78,1.034,0.744,0.464,0.255,0.099,0.04,0.102,0.021,0,0,0,0,0
2026-08-29 06:48:00,1,"Normal Scan","Normal Scan",0,"ON",1,1,1,737.2,5,20.4,96.8,52.6,6.96428e-08,1.82001e-05,4.97,8954.6,8.8,736.5,1,"Up Scan","Positive",254,0,4.37,1.6,8,8,0,1,1,21.547,51.724,29.443,10.366,2.632,2637.26,49,21.2,NA,0,0,0,0,0,0,0,0,0,0,0,0,0,0,0,0,0,0,0,0,0,0,0,0,0,0,0,0,0,0,0,117.381,137.968,127.742,115.305,121.456,114.975,108.364,100.199,110.891,100.249,99.287,99.531,94.772,83.739,70.875,62.295,53.05,43.909,39.467,35.184,32.725,30.644,27.957,29.162,32.42,28.082,33.409,30.805,31.748,28.442,29.758,27.281,26.283,27.935,25.353,24.844,24.516,26.008,28.659,27.351,30.291,28.34,28.259,24.674,24.554,19.738,19.605,14.743,11.623,8.754,5.983,4.223,2.88,1.61,0.668,0.591,0.154,0.213,0.163,0.167,0,0,0,0,0,0,0,0,0,0,0,0,0,0,0,0,0,0,0,0,0,0,0,0,0,0,0,0,0,0,0,0,0,0,0,1.226,1.506,2.564,3.218,3.828,5.025,5.91,6.664,7.283,9.309,9.687,10.863,12.202,12.896,12.6,11.737,11.268,10.498,9.476,9.293,9.064,9.102,9.383,9.21,10.342,11.95,11.495,13.857,13.944,15.097,14.773,16.276,16.438,17.14,19.227,19.018,19.29,19.693,19.712,20.84,19.17,19.812,17.572,16.483,13.677,12.919,10.096,9.527,6.966,5.337,3.934,2.715,1.862,1.232,0.668,0.271,0.235,0.06,0.08,0.061,0.062,0.015,0,0,0,0
2026-08-29 06:53:00,1,"Normal Scan","Normal Scan",0,"ON",1,1,1,737.1,5,20.3,96.8,53.1,6.96126e-08,1.81953e-05,4.97,8954.6,8.8,736.5,1,"Up Scan","Positive",254,0,4.37,1.6,8,8,0,1,1,21.791,51.111,29.378,9.647,2.617,2826.97,49,21.2,NA,0,0,0,0,0,0,0,0,0,0,0,0,0,0,0,0,0,0,0,0,0,0,0,0,0,0,0,0,0,0,0,156.434,141.468,129.312,134.156,121.24,107.515,117.343,107.12,110.892,111.495,98.506,96.235,86.573,88.417,77.673,70.295,60.661,49.27,44.813,39.081,39.804,37.776,38.101,40.25,35.731,36.666,33.629,34.04,35,32.463,31.65,30.374,26.029,24.922,25.603,27.095,27.922,25.613,31.047,29.412,32.018,30.741,29.439,28.344,24.612,22.312,16.582,14.765,10.85,8.214,6.022,4.766,2.612,1.59,1.003,0.738,0.355,0.158,0.218,0,0,0,0,0,0,0,0,0,0,0,0,0,0,0,0,0,0,0,0,0,0,0,0,0,0,0,0,0,0,0,0,0,0,0,0,1.494,2.03,2.635,3.264,4.432,5.04,5.525,7.215,7.776,9.332,10.761,10.77,11.781,11.81,13.325,12.866,12.754,12.027,10.707,10.647,10.055,11.102,11.315,12.32,13.855,13.205,14.388,14.168,15.04,16.192,16.609,17.277,17.854,17.811,18.055,19.684,20.979,21.163,20.325,22.051,20.42,20.018,18.599,16.867,15.456,13.105,11.229,8.141,7.059,5.08,3.711,2.706,2.052,1.138,0.658,0.406,0.294,0.139,0.06,0.081,0,0.031,0,0,0,0
2026-08-29 06:58:00,1,"Normal Scan","Normal Scan",0,"ON",1,1,1,736.9,5,20,96.8,52.7,6.9522e-08,1.81809e-05,4.97,8954.6,8.8,736.5,1,"Up Scan","Positive",254,0,4.37,1.6,8,8,0,1,1,20.679,50.171,28.416,9.647,2.638,2859.92,49,21.1,NA,0,0,0,0,0,0,0,0,0,0,0,0,0,0,0,0,0,0,0,0,0,0,0,0,0,0,0,0,0,0,0,181.629,156.017,158.151,130.771,134.799,110.314,117.081,118.323,110.18,104.935,99.863,92.631,86.497,83.558,70.453,63.276,58.325,49.374,38.822,37.654,35.076,33.803,33.579,32.415,36.739,35.175,36.624,35.964,32.823,33.519,32.417,29.554,26.183,26.117,24.213,24.318,25.971,29.883,29.97,28.689,30.098,30.786,29.55,27.292,24.088,22.807,17.695,14.524,11.444,8.96,5.701,3.996,2.642,2.022,1.142,0.792,0.101,0.264,0.219,0.113,0,0,0,0,0,0,0,0,0,0,0,0,0,0,0,0,0,0,0,0,0,0,0,0,0,0,0,0,0,0,0,0,0,0,0,1.454,2.352,2.901,4.047,4.309,5.626,5.645,7.216,8.579,9.271,10.118,10.935,11.375,11.797,12.571,11.678,11.488,11.545,10.668,9.218,9.762,9.887,10.337,11.044,11.415,13.567,13.937,15.126,15.717,15.415,16.754,17.512,17.722,17.761,18.517,18.803,19.565,20.637,22.037,21.342,20.184,19.549,18.577,17.305,14.773,12.758,11.468,8.804,6.922,5.366,4.008,2.574,1.761,1.148,0.84,0.465,0.314,0.04,0.1,0.081,0.041,0.016,0,0,0,0
2026-08-29 07:03:00,1,"Normal Scan","Normal Scan",0,"ON",1,1,1,737.3,5,20.5,96.8,52.9,6.9673e-08,1.82049e-05,4.97,8954.6,8.8,736.5,1,"Up Scan","Positive",254,0,4.37,1.6,8,8,0,1,1,18.736,48.968,27.071,9.647,2.686,2828.53,49,21.3,NA,0,0,0,0,0,0,0,0,0,0,0,0,0,0,0,0,0,0,0,0,0,0,0,0,0,0,0,0,0,0,0,214.171,183.744,190.829,168.109,139.461,134.954,117.435,110.438,92.477,88.272,77.62,69.809,70.197,67.701,56.258,52.213,48.578,42.086,39.372,33.094,33.278,32.283,31.109,30.265,33.932,34.449,34.009,35.229,35.131,32.226,31.654,26.812,26.715,25.065,25.009,25.119,25.344,26.759,30.531,28.358,28.311,30.051,29.047,28.877,24.999,19.996,17.904,13.889,11.375,7.665,5.843,4.326,2.54,1.569,0.715,0.543,0.407,0.264,0,0.111,0,0,0,0,0,0,0,0,0,0,0,0,0,0,0,0,0,0,0,0,0,0,0,0,0,0,0,0,0,0,0,0,0,0,0,2.137,2.752,3.437,4.813,5.527,5.786,6.897,7.218,8.02,7.781,8.477,8.486,8.573,9.599,10.213,9.343,9.502,9.655,9.144,9.277,8.619,9.385,9.849,10.322,10.806,12.639,13.673,14.132,15.373,16.373,16.203,16.993,16.443,17.625,18.306,18.767,19.644,20.204,20.779,21.559,19.39,18.594,18.266,16.542,15.556,13.126,10.113,8.732,6.543,5.29,3.477,2.597,1.89,1.072,0.649,0.29,0.216,0.159,0.1,0,0.041,0,0,0,0,0
2026-08-29 07:08:00,1,"Normal Scan","Normal Scan",0,"ON",1,1,1,736.8,5,19.9,96.8,53,6.94918e-08,1.81761e-05,4.97,8954.6,8.8,736.5,1,"Up Scan","Positive",254,0,4.37,1.6,8,8,0,1,1,21.549,54.309,30.125,11.14,2.75,2309.9,49,21.1,NA,0,0,0,0,0,0,0,0,0,0,0,0,0,0,0,0,0,0,0,0,0,0,0,0,0,0,0,0,0,0,0,141.443,120.221,144.474,129.242,106.568,97.132,86.961,76.56,73.505,70.086,67.436,63.296,57.835,50.497,45.862,46.938,42.334,40.303,38.094,34.098,33.036,29.592,29.64,30.288,30.766,32.31,31.352,30.419,31.156,30.61,29.036,24.706,25.093,21.535,23.183,23.968,22.352,23.249,25.425,29.199,28.323,28.714,29.211,26.921,23.456,20.503,16.456,13.578,9.426,7.983,5.104,5.188,2.488,1.386,0.715,0.394,0.153,0.053,0.054,0,0,0,0,0,0,0,0,0,0,0,0,0,0,0,0,0,0,0,0,0,0,0,0,0,0,0,0,0,0,0,0,0,0,0,0,1.318,1.83,2.267,3.666,4.267,4.422,4.993,5.346,5.571,6.19,6.798,7.382,7.765,7.916,7.658,7.65,8.582,8.429,8.745,8.995,8.813,9.253,9.009,9.693,10.713,11.568,12.638,13.1,13.477,14.377,15.283,15.921,14.937,16.368,16.514,17.833,18.874,18.599,18.748,18.951,19.823,18.033,17.363,16.402,14.531,12.559,10.302,8.008,6.392,4.325,3.56,2.264,2.226,1.052,0.573,0.29,0.157,0.06,0.02,0.02,0,0,0,0,0,0
2026-08-29 07:13:00,1,"Normal Scan","Normal Scan",0,"ON",1,1,1,737.2,5,20.4,96.8,52.6,6.96428e-08,1.82001e-05,4.97,8954.6,8.8,736.5,1,"Up Scan","Positive",254,0,4.37,1.6,8,8,0,1,1,21.161,54.196,29.718,9.647,2.774,2213.97,49,21.2,NA,0,0,0,0,0,0,0,0,0,0,0,0,0,0,0,0,0,0,0,0,0,0,0,0,0,0,0,0,0,0,0,152.836,149.472,127.44,120.452,96.906,91.434,75.333,73.5,67.454,63.275,66.106,57.038,54.728,48.851,46.488,42.703,40.688,36.957,35.211,29.636,31.651,27.3,26.366,28.166,29.451,29.62,30.464,28.281,29.153,27.653,25.52,23.965,26.103,21.517,20.959,21.474,23.356,23.7,22.521,27.484,29.059,29.72,25.646,25.411,21.179,18.816,15.884,13.065,10.712,8.336,4.435,4.038,3.086,1.758,0.763,0.541,0.204,0,0.055,0.057,0,0,0,0,0,0,0,0,0,0,0,0,0,0,0,0,0,0,0,0,0,0,0,0,0,0,0,0,0,0,0,0,0,0,0,1.391,1.929,2.801,3.224,3.961,4.011,4.678,4.644,5.315,5.676,6.108,7.235,6.996,7.495,7.4,7.729,7.814,8.099,8.018,8.318,7.682,8.862,8.358,8.717,9.878,10.967,11.661,12.661,12.676,13.565,13.851,14.298,14.689,16.588,15.767,16.936,17.721,18.254,18.476,17.153,18.706,18.259,17.846,15.173,13.67,11.189,9.68,7.833,6.205,4.923,3.718,1.949,1.742,1.317,0.725,0.31,0.216,0.079,0,0.02,0.021,0,0,0,0,0
2026-08-29 07:18:00,1,"Normal Scan","Normal Scan",0,"ON",1,1,1,736.9,5,20,96.8,53.2,6.9522e-08,1.81809e-05,4.97,8954.6,8.8,736.5,1,"Up Scan","Positive",254,0,4.37,1.6,8,8,0,1,1,21.281,54.913,29.956,9.647,2.802,2098.9,49,21.1,NA,0,0,0,0,0,0,0,0,0,0,0,0,0,0,0,0,0,0,0,0,0,0,0,0,0,0,0,0,0,0,0,160.451,144.554,123.034,103.708,90.441,78.984,72.927,68.912,62.427,58.335,58.727,56.418,52.166,47.316,39.109,37.877,36.387,33.492,29.79,31.031,26.722,26.383,28.161,28.224,26.928,29.608,29.261,27.952,27.99,25.179,26.63,22.028,21.833,18.772,21.655,20.878,21.717,23.816,24.418,27.612,28.822,27.32,27.205,24.267,22.777,18.146,15.174,13.22,8.448,7.628,5.056,3.24,2.45,1.523,0.956,0.495,0.154,0.106,0.055,0,0,0,0,0,0,0,0,0,0,0,0,0,0,0,0,0,0,0,0,0,0,0,0,0,0,0,0,0,0,0,0,0,0,0,0,1.651,2.066,2.689,3.131,3.393,3.763,4.041,4.477,4.988,5.253,5.636,6.422,6.939,7.129,7.165,6.531,6.923,7.267,7.305,7.11,7.964,7.601,8.05,9.22,9.808,10.116,11.604,12.133,12.214,13.073,12.867,14.605,13.844,14.85,14.704,17.12,17.093,17.67,18.252,18.037,18.403,18.162,16.47,15.314,13.192,11.772,9.207,7.452,6.278,3.907,3.444,2.233,1.401,1.035,0.63,0.387,0.196,0.06,0.04,0.02,0,0,0,0,0,0
2026-08-29 07:23:00,1,"Normal Scan","Normal Scan",0,"ON",1,1,1,737.1,5,20.3,96.8,52.6,6.96126e-08,1.81953e-05,4.97,8954.6,8.8,736.5,1,"Up Scan","Positive",254,0,4.37,1.6,8,8,0,1,1,24.31,59.118,32.921,9.647,2.807,1880.78,49,21.1,NA,0,0,0,0,0,0,0,0,0,0,0,0,0,0,0,0,0,0,0,0,0,0,0,0,0,0,0,0,0,0,0,121.014,98.751,88.909,78.65,72.016,71.459,63.705,58.775,60.918,60.801,54.257,48.509,48.579,42.789,42.628,36.836,34.935,32.105,31.668,28.907,26.14,28.496,24.17,27.722,27.375,29.271,27.658,29.174,29.123,24.669,23.781,24.383,19.379,18.783,22.68,21.829,21.054,25.648,25.755,26.153,25.615,30.13,26.967,23.99,20.618,18.344,16.233,10.775,8.319,6.327,4.602,3.966,1.789,1.43,0.908,0.739,0.203,0.262,0.108,0,0,0,0,0,0,0,0,0,0,0,0,0,0,0,0,0,0,0,0,0,0,0,0,0,0,0,0,0,0,0,0,0,0,0,0,1.135,1.556,1.831,2.25,2.597,3.003,3.676,3.914,4.287,5.118,5.869,5.93,5.95,6.621,6.481,7.107,6.726,6.998,6.988,7.521,7.488,7.443,8.578,8.116,9.754,10.116,11.417,11.651,12.486,13.647,12.862,13.301,14.913,13.959,14.887,16.698,17.874,17.426,18.699,18.202,17.792,16.539,17.181,15.013,12.982,10.946,9.141,7.933,5.2,3.897,2.902,2.044,1.705,0.771,0.592,0.368,0.294,0.079,0.1,0.041,0,0.016,0,0,0,0
2026-08-29 07:28:00,1,"Normal Scan","Normal Scan",0,"ON",1,1,1,737.1,5,20.3,96.8,53.2,6.96126e-08,1.81953e-05,4.97,8954.6,8.8,736.5,1,"Up Scan","Positive",254,0,4.37,1.6,8,8,0,1,1,21.498,55.224,30.577,9.647,2.768,2001.76,49,21.1,NA,0,0,0,0,0,0,0,0,0,0,0,0,0,0,0,0,0,0,0,0,0,0,0,0,0,0,0,0,0,0,0,113.961,113.464,105.148,103.154,97.821,92.898,85.267,77.794,63.312,60.12,53.557,55.529,47.971,40.298,40.247,34.962,35.033,33.716,30.476,28.818,26.054,26.901,25.438,29.114,26.345,27.952,27.649,27.095,25.496,25.534,23.053,21.359,19.711,18.531,20.778,20.558,23.643,25.773,27.126,27.373,27.126,25.476,26.504,22.899,20.752,16.991,14.19,11.873,8.643,5.806,4.239,2.735,2.076,1.362,0.81,0.348,0.461,0.21,0.055,0.17,0,0,0,0,0,0,0,0,0,0,0,0,0,0,0,0,0,0,0,0,0,0,0,0,0,0,0,0,0,0,0,0,0,0,0,1.183,1.469,2.116,2.676,3.396,4.066,4.761,5.233,5.639,5.349,5.807,5.844,6.803,6.57,6.108,6.716,6.39,7,7.327,7.273,7.445,7.366,8.172,8.386,10.001,9.886,10.849,11.396,11.845,12.125,13.149,13.105,13.762,14.293,14.725,16.187,16.258,18.201,18.72,18.656,17.914,16.959,15.258,14.657,12.298,10.631,8.619,6.949,5.628,4.03,2.721,1.853,1.224,0.893,0.563,0.329,0.137,0.179,0.08,0.02,0.062,0,0,0,0,0
2026-08-29 07:33:00,1,"Normal Scan","Normal Scan",0,"ON",1,1,1,737.1,5,20.3,96.8,52.7,6.96126e-08,1.81953e-05,4.97,8954.6,8.8,736.5,1,"Up Scan","Positive",254,0,4.37,1.6,8,8,0,1,1,20.311,53.61,29.413,9.647,2.771,2135.46,49,21.1,NA,0,0,0,0,0,0,0,0,0,0,0,0,0,0,0,0,0,0,0,0,0,0,0,0,0,0,0,0,0,0,0,155.596,130.195,125.219,102.701,103.957,97.598,88.937,82.801,68.382,62.425,59.913,51.224,48.346,43.865,39.494,38.362,38.358,30.978,30.553,25.569,27.823,26.413,29.054,27.115,28.345,28.26,31.008,27.97,26.885,27.075,23.842,21.554,22.096,21.875,20.067,20.832,22.751,25.458,25.952,25.713,27.33,26.971,27.497,24.838,21.132,18.717,13.932,12.191,9.268,6.567,4.09,3.075,1.689,1.564,0.525,0.74,0.458,0.211,0.054,0.056,0,0,0,0,0,0,0,0,0,0,0,0,0,0,0,0,0,0,0,0,0,0,0,0,0,0,0,0,0,0,0,0,0,0,0,1.32,2.004,2.429,3.192,3.368,4.3,4.976,5.483,5.997,5.743,6.015,6.542,6.284,6.596,6.639,6.576,7.006,7.637,6.787,7.263,6.705,7.848,8.134,9.428,9.485,10.566,11.107,12.555,12.492,12.88,13.492,13.495,13.75,15.013,16.122,15.922,16.974,18.091,18.905,18.52,17.359,16.882,16.243,15.416,13.124,10.971,9.31,6.847,5.764,4.374,3.005,1.83,1.335,0.714,0.649,0.213,0.294,0.179,0.08,0.02,0.021,0,0,0,0,0
2026-08-29 07:38:00,1,"Normal Scan","Normal Scan",0,"ON",1,1,1,737.2,5,20.4,96.8,53.1,6.96428e-08,1.82001e-05,4.97,8954.6,8.8,736.5,1,"Up Scan","Positive",254,0,4.37,1.6,8,8,0,1,1,17.864,46.88,26.103,9.647,2.629,2553.77,49,21.2,NA,0,0,0,0,0,0,0,0,0,0,0,0,0,0,0,0,0,0,0,0,0,0,0,0,0,0,0,0,0,0,0,172.719,151.837,163.209,148.113,156.455,137.486,129.58,116.197,96.547,90.133,85.468,69.065,59.885,51.663,45.229,44.371,38.488,32.795,34.167,28.888,29.49,26.87,28.858,27.39,26.859,31.341,28.517,28.148,26.278,27.805,24.922,19.115,20.893,20.388,20.256,20.389,22.238,22.096,25.828,26.485,26.843,28.328,24.901,22.238,21.247,18.055,14.472,11.977,8.327,7.207,5.496,2.951,1.878,1.612,0.857,0.396,0.307,0.21,0,0,0,0,0,0,0,0,0,0,0,0,0,0,0,0,0,0,0,0,0,0,0,0,0,0,0,0,0,0,0,0,0,0,0,0,0,1.673,2.229,2.799,4.124,4.897,6.486,7.013,7.954,8.394,8.12,8.68,9.308,8.45,8.177,7.813,7.516,8.081,7.653,7.176,8.059,7.463,8.338,8.194,9.338,9.616,10.074,12.074,11.651,12.328,12.425,13.857,13.822,12.562,14.387,15.099,16.116,16.872,17.287,17.022,18.389,17.674,17.053,16.444,14.274,12.345,10.987,9.046,7.156,5.634,3.883,3.303,2.416,1.267,0.809,0.668,0.348,0.157,0.119,0.08,0,0,0.015,0,0,0,0
2026-08-29 07:43:00,1,"Normal Scan","Normal Scan",0,"ON",1,1,1,737,5,20.1,96.8,52.8,6.95522e-08,1.81857e-05,4.97,8954.6,8.8,736.5,1,"Up Scan","Positive",254,0,4.37,1.6,8,8,0,1,1,18.401,49.563,27.164,9.647,2.72,2315.65,49,21.1,NA,0,0,0,0,0,0,0,0,0,0,0,0,0,0,0,0,0,0,0,0,0,0,0,0,0,0,0,0,0,0,0,197.597,147.676,149.452,137.902,119.478,107.522,101.635,87.297,78.032,68.297,65.453,56.331,49.411,46.069,41.298,37.663,34.812,30.632,31.211,28.202,27.777,27.789,28.641,28.746,28.843,28.137,27.078,26.546,26.491,27.398,22.37,22.4,21.993,20.692,21.263,21.474,23.308,23.879,26.509,27.544,25.483,25.885,24.754,22.971,21.706,16.705,15.066,11.218,9.438,5.184,4.509,2.881,1.787,0.827,0.765,0.821,0.478,0.212,0.054,0.056,0,0,0,0,0,0,0,0,0,0,0,0,0,0,0,0,0,0,0,0,0,0,0,0,0,0,0,0,0,0,0,0,0,0,0,2.023,2.528,2.75,3.773,4.55,4.972,5.518,6.251,6.311,6.559,6.592,7.136,6.896,6.759,6.972,6.879,6.902,6.978,6.72,7.456,7.339,7.8,8.428,9.27,9.964,10.733,10.95,11.252,11.925,12.586,13.839,12.906,14.038,14.928,15.592,16.225,16.836,17.833,17.803,18.512,18.026,16.163,15.492,13.814,12.347,11.151,8.391,7.215,5.405,4.399,2.428,2.029,1.257,0.753,0.344,0.31,0.327,0.185,0.08,0.02,0.021,0,0,0,0,0
2026-08-29 07:48:00,1,"Normal Scan","Normal Scan",0,"ON",1,1,1,737.3,5,20.5,96.8,53,6.9673e-08,1.82049e-05,4.97,8954.6,8.8,736.5,1,"Up Scan","Positive",254,0,4.37,1.6,8,8,0,1,1,20.075,52.805,29.019,9.647,2.764,2169.19,49,21.2,NA,0,0,0,0,0,0,0,0,0,0,0,0,0,0,0,0,0,0,0,0,0,0,0,0,0,0,0,0,0,0,0,183.157,115.734,134.129,118.978,104.152,93.767,87.775,79.342,67.238,60.539,59.566,51.667,43.164,44.305,40.757,39.189,32.015,32.288,33.766,28.796,29.523,30.369,27.843,28.939,27.207,30.423,29.077,28.558,26.71,26.639,24.699,24.123,22.578,21.583,23.292,22.004,23.976,25.742,25.887,27.807,26.827,25.99,24.213,22.643,20.959,17.675,12.12,11.756,9.116,6.415,5.032,3.244,2.138,1.705,1.146,0.393,0.204,0.158,0.163,0,0,0,0,0,0,0,0,0,0,0,0,0,0,0,0,0,0,0,0,0,0,0,0,0,0,0,0,0,0,0,0,0,0,0,0,1.61,2.365,2.166,3.393,3.928,4.326,4.792,5.387,5.737,5.676,5.831,6.492,6.337,5.924,6.716,6.8,7.154,6.46,7.056,8.017,7.469,8.305,9.16,9.11,10.033,10.215,11.87,12.174,12.61,12.788,13.745,14.036,14.755,15.227,15.914,17.361,17.148,17.822,18.719,18.293,17.972,16.632,15.572,13.871,12.368,10.887,8.92,6.088,5.702,4.179,2.914,2.244,1.408,0.903,0.706,0.464,0.157,0.079,0.06,0.061,0,0,0,0,0,0
2026-08-29 07:53:00,1,"Normal Scan","Normal Scan",0,"ON",1,1,1,736.9,5,20,96.8,53.2,6.9522e-08,1.81809e-05,4.97,8954.6,8.8,736.5,1,"Up Scan","Positive",254,0,4.37,1.6,8,8,0,1,1,19.914,51.11,28.343,9.647,2.724,2217.24,49,21,NA,0,0,0,0,0,0,0,0,0,0,0,0,0,0,0,0,0,0,0,0,0,0,0,0,0,0,0,0,0,0,0,171.932,152.196,128.732,119.008,103.76,96.467,84.805,76.225,76.871,64.932,60.685,64.001,54.336,47.408,41.923,39.805,31.667,32.643,32.307,28.948,30.613,28.087,28.365,30.235,28.493,28.632,29.86,28.082,27.734,25.664,24.346,22.43,22.313,21.093,22.705,23.502,22.218,26.01,25.182,26.123,26.151,24.33,26.307,21.448,20.659,17.288,14.861,10.03,8.371,5.494,3.971,2.181,2.808,1.111,0.715,0.54,0.308,0.106,0.109,0.112,0,0,0,0,0,0,0,0,0,0,0,0,0,0,0,0,0,0,0,0,0,0,0,0,0,0,0,0,0,0,0,0,0,0,0,1.816,2.215,2.814,3.268,3.93,4.3,4.947,5.202,5.529,6.469,6.245,6.624,7.819,7.405,7.169,6.977,7.288,6.368,7.155,7.687,7.529,8.544,8.588,9.255,10.463,10.557,11.2,12.403,12.386,13.112,13.458,13.614,14.192,15.02,15.443,16.905,17.396,17.549,18.234,17.92,17.356,16.163,14.508,14.425,11.611,10.417,8.914,7.222,4.835,3.843,2.526,1.784,0.969,1.185,0.458,0.29,0.216,0.119,0.04,0.041,0.041,0,0,0,0,0
2026-08-29 07:58:00,1,"Normal Scan","Normal Scan",0,"ON",1,1,1,737.3,5,20.5,96.8,52.9,6.9673e-08,1.82049e-05,4.97,8954.6,8.8,736.5,1,"Up Scan","Positive",254,0,4.37,1.6,8,8,0,1,1,17.795,40.458,24.029,9.647,2.422,3028.96,50,21.2,NA,0,0,0,0,0,0,0,0,0,0,0,0,0,0,0,0,0,0,0,0,0,0,0,0,0,0,0,0,0,0,0,211.125,191.553,175.339,185.857,166.597,158.562,145.731,155.445,124.171,125.67,109.809,99.564,91.165,81.158,71.829,64.735,51.658,48.059,42.45,37.829,36.921,30.488,32.259,31.369,32.751,32.823,29.062,28.755,28.565,23.206,23.269,20.722,20.456,18.307,19.543,19.531,20.898,21.028,22.666,22.666,23.957,26.143,23.344,21.092,17.679,16.075,13.499,10.704,6.82,5.229,4.216,2.598,1.587,0.993,0.619,0.544,0.154,0,0.055,0.056,0,0,0,0,0,0,0,0,0,0,0,0,0,0,0,0,0,0,0,0,0,0,0,0,0,0,0,0,0,0,0,0,0,0,0,2.158,2.714,3.573,4.452,6.103,6.922,8.152,8.937,11.262,10.458,12.108,11.987,12.181,12.417,12.212,11.898,11.742,10.214,10.383,9.982,9.731,10.221,9.22,10.369,10.751,11.794,12.517,11.873,12.549,12.933,11.995,12.785,12.889,13.764,13.443,14.974,15.738,16.166,15.982,15.628,15.532,15.099,14.951,12.865,11.337,9.175,7.956,6.529,5.062,3.191,2.352,1.843,1.149,0.668,0.41,0.252,0.216,0.06,0,0.02,0.021,0,0,0,0,0
2026-08-29 08:03:00,1,"Normal Scan","Normal Scan",0,"ON",1,1,1,736.9,5,20,96.8,53.5,6.9522e-08,1.81809e-05,4.97,8954.6,8.8,736.5,1,"Up Scan","Positive",254,0,4.37,1.6,8,8,0,1,1,20.149,41.737,25.82,9.647,2.391,3270.36,49,21.1,NA,0,0,0,0,0,0,0,0,0,0,0,0,0,0,0,0,0,0,0,0,0,0,0,0,0,0,0,0,0,0,0,205.629,189.299,173.636,171.322,159.312,153.348,139.404,133.756,115.722,116.425,107.45,104.973,90.866,88.178,86.638,82.305,76.097,74.865,67.702,64.585,57.898,56.63,49.571,47.725,50.547,48.503,45.122,40.828,37.106,34.567,28.645,26.125,23.231,20.417,18.976,20.651,18.618,20.402,22.672,22.815,25.566,23.672,24.389,22.574,18.558,15.248,13.532,10.989,7.851,4.862,3.806,2.845,1.472,1.2,0.617,0.198,0.255,0.105,0.054,0,0,0,0,0,0,0,0,0,0,0,0,0,0,0,0,0,0,0,0,0,0,0,0,0,0,0,0,0,0,0,0,0,0,0,0,2.179,2.652,3.523,4.421,5.659,6.635,7.879,8.574,9.702,9.76,11.248,11.774,12.909,12.467,13.39,14.467,15.036,15.18,16.179,15.889,16.469,15.995,16.745,15.796,16.157,17.922,18.192,17.68,17.076,16.25,16.451,15,14.768,14.816,14.583,15.029,15.818,15.373,15.948,16.019,15.193,16.07,13.917,13.514,11.762,9.622,7.596,6.615,5.117,3.606,2.239,1.679,1.223,0.621,0.496,0.252,0.078,0.099,0.04,0.02,0,0,0,0,0,0
2026-08-29 08:08:00,1,"Normal Scan","Normal Scan",0,"ON",1,1,1,737.2,5,20.4,96.8,52.9,6.96428e-08,1.82001e-05,4.97,8954.6,8.8,736.5,1,"Up Scan","Positive",254,0,4.37,1.6,8,8,0,1,1,24.753,45.285,28.923,9.647,2.399,3299.65,50,21.2,NA,0,0,0,0,0,0,0,0,0,0,0,0,0,0,0,0,0,0,0,0,0,0,0,0,0,0,0,0,0,0,0,196.228,181.763,144.657,134.048,122.437,123.146,114.831,104.798,104.495,99.451,91.676,94.234,89.426,84.074,88.513,84.474,84.965,84.032,82.214,78.971,76.741,80.046,77.034,75.17,75.41,68.932,62.735,58.687,50.351,43.204,39.115,34.2,29.535,27.964,23.9,24.132,22.193,22.409,22.138,22.04,25.028,23.628,22.709,21.577,18.599,16.098,13.661,9.656,8.418,5.641,4.061,2.124,1.431,0.97,0.808,0.344,0.257,0.053,0.163,0.056,0,0,0,0,0,0,0,0,0,0,0,0,0,0,0,0,0,0,0,0,0,0,0,0,0,0,0,0,0,0,0,0,0,0,0,2.086,2.516,3.383,3.631,4.418,5.098,6.296,7.052,7.619,8.806,9.617,10.061,11.599,12.31,12.842,14.841,15.57,17.127,18.452,19.567,20.435,21.32,23.631,24.346,24.973,26.415,25.543,24.546,23.997,22.011,20.081,19.566,18.615,17.369,17.762,16.887,17.429,16.778,16.595,15.709,15.166,15.548,13.92,12.696,11.644,9.438,7.933,6.676,4.597,3.881,2.55,1.829,0.941,0.621,0.401,0.329,0.137,0.099,0.02,0.061,0.021,0.015,0,0,0,0
2026-08-29 08:13:00,1,"Normal Scan","Normal Scan",0,"ON",1,1,1,737,5,20.2,96.8,53.7,6.95824e-08,1.81905e-05,4.97,8954.6,8.8,736.5,1,"Up Scan","Positive",254,0,4.37,1.6,8,8,0,1,1,24.318,45.914,28.746,9.647,2.438,2953.83,50,21.1,NA,0,0,0,0,0,0,0,0,0,0,0,0,0,0,0,0,0,0,0,0,0,0,0,0,0,0,0,0,0,0,0,181.79,174.043,150.236,120.168,108.129,104.828,96.665,97.803,88.669,84.071,85.334,83.099,75.662,79.385,78.062,75.547,76.94,76.925,72.181,67.961,68.81,66.731,66.149,63.517,60.942,57.07,54.563,49.621,42.319,36.779,32.633,28.813,26.642,23.95,20.155,22.455,21.861,21.381,21.265,21.842,23.909,22.016,20.404,20.467,18.61,16.458,13.516,10.488,6.826,4.175,4.398,2.727,1.984,1.248,0.668,0.295,0.052,0.211,0.219,0.169,0,0,0,0,0,0,0,0,0,0,0,0,0,0,0,0,0,0,0,0,0,0,0,0,0,0,0,0,0,0,0,0,0,0,0,1.661,2.341,3.233,3.795,3.951,4.477,5.394,5.966,7.115,7.485,8.144,9.363,10.232,10.418,12.096,13.101,13.927,15.465,16.822,17.148,17.492,18.998,19.821,20.81,21.133,21.436,21.178,21.263,20.515,18.672,17.34,16.596,16.169,16.146,15.695,15.023,16.381,16.11,15.798,15.487,14.948,15.179,13.039,11.336,10.982,9.671,8.271,6.639,5.009,3.114,1.904,1.984,1.252,0.837,0.515,0.271,0.118,0.02,0.08,0.081,0.062,0,0,0,0,0
2026-08-29 08:18:00,1,"Normal Scan","Normal Scan",0,"ON",1,1,1,737,5,20.2,96.8,53.3,6.95824e-08,1.81905e-05,4.97,8954.6,8.8,736.5,1,"Up Scan","Positive",254,0,4.37,1.6,8,8,0,1,1,24.854,51.047,30.313,9.647,2.604,2066.97,50,21.1,NA,0,0,0,0,0,0,0,0,0,0,0,0,0,0,0,0,0,0,0,0,0,0,0,0,0,0,0,0,0,0,0,151.412,123.43,102.968,86.385,82.32,75.085,61.782,59.424,56.169,55.517,49.925,50.923,50.014,44.286,45.221,42.691,44.549,43.049,47.314,40.897,45.435,43.849,45.926,43.43,40.418,44.492,42.318,38.268,34.628,28.952,24.82,19.878,16.234,15.047,16.37,16.112,17.881,19.739,18.96,22.354,20.808,22.174,21.039,19.091,17.839,14.77,13.374,9.437,5.953,4.267,3.789,2.549,1.217,0.737,0.334,0.595,0.256,0.105,0.055,0.113,0,0,0,0,0,0,0,0,0,0,0,0,0,0,0,0,0,0,0,0,0,0,0,0,0,0,0,0,0,0,0,0,0,0,0,1.505,1.955,2.265,2.613,2.84,3.411,3.841,3.801,4.324,4.743,5.365,5.478,6.271,6.861,6.78,7.588,7.921,9.005,9.529,11.267,10.62,12.729,13.195,14.615,14.736,14.461,16.376,16.299,15.544,14.946,13.77,12.939,11.907,11.272,12.019,12.816,13.328,14.322,14.772,13.798,14.869,13.459,12.752,11.492,10.209,9.25,7.297,6.346,4.453,2.854,1.971,1.656,1.131,0.546,0.305,0.135,0.235,0.099,0.04,0.02,0.041,0.016,0,0,0,0
2026-08-29 08:23:00,1,"Normal Scan","Normal Scan",0,"ON",1,1,1,737.2,5,20.4,96.8,53.9,6.96428e-08,1.82001e-05,4.97,8954.6,8.8,736.5,1,"Up Scan","Positive",254,0,4.37,1.6,8,8,0,1,1,21.066,46.595,27.525,9.647,2.543,2254.26,50,21.2,NA,0,0,0,0,0,0,0,0,0,0,0,0,0,0,0,0,0,0,0,0,0,0,0,0,0,0,0,0,0,0,0,168.656,137.012,130.039,99.721,100.229,90.453,88.356,76.986,74.67,73.893,65.524,63.964,60.2,53.115,50.991,52.229,46.147,49.961,44.236,41.892,40.3,39.274,39.973,37.879,39.521,36.128,30.467,31.822,25.905,24.473,23.184,17.831,17.391,18.456,16.141,17.494,15.366,18.021,19.4,18.443,21.451,20.261,20.863,19.154,18.559,15.917,13.032,9.449,7.167,5.501,2.898,1.566,1.296,0.651,0.286,0.199,0.052,0.105,0,0.112,0,0,0,0,0,0,0,0,0,0,0,0,0,0,0,0,0,0,0,0,0,0,0,0,0,0,0,0,0,0,0,0,0,0,0,1.536,2.141,2.529,3.292,3.281,4.175,4.635,5.455,5.585,6.281,7.137,7.163,7.853,8.264,8.081,8.527,9.578,9.273,10.886,10.472,10.834,11.18,11.643,12.642,12.654,13.984,13.49,12.134,13.255,11.887,12.026,12.165,10.82,11.793,12.735,12.851,13.677,13.154,13.923,14.368,13.294,13.466,12.017,11.748,10.076,9.218,7.785,6.205,4.387,3.275,2.473,1.277,0.704,0.545,0.267,0.116,0.078,0.02,0.04,0,0.041,0,0,0,0,0
2026-08-29 08:28:00,1,"Normal Scan","Normal Scan",0,"ON",1,1,1,736.9,5,20,96.8,53.8,6.9522e-08,1.81809e-05,4.97,8954.6,8.8,736.5,1,"Up Scan","Positive",254,0,4.37,1.6,8,8,0,1,1,21.3,48.919,28.225,9.647,2.624,1979.09,51,21.1,NA,0,0,0,0,0,0,0,0,0,0,0,0,0,0,0,0,0,0,0,0,0,0,0,0,0,0,0,0,0,0,0,156.227,129.19,116.196,103.982,89.215,73.283,62.211,64.698,57.131,57.951,54.636,50.631,49.722,44.055,40.549,38.539,36.618,36.336,36.17,35.418,33.869,36.069,35.528,37.526,37.28,33.645,31.199,28.892,25.77,22.918,22.306,19.213,15.696,15.501,14.208,15.641,14.261,16.185,17.501,18.162,20.73,20.985,20.721,18.705,17.963,13.804,12.47,9.832,6.905,4.93,2.845,1.693,1.387,0.735,0.38,0.346,0.256,0.105,0.054,0.112,0,0,0,0,0,0,0,0,0,0,0,0,0,0,0,0,0,0,0,0,0,0,0,0,0,0,0,0,0,0,0,0,0,0,0,1.734,2.004,2.388,2.933,3.441,3.727,3.751,3.814,4.707,4.821,5.586,5.969,6.221,6.809,6.693,6.807,7.091,7.412,8.015,8.692,9.243,9.482,10.776,11.317,12.518,13.175,12.7,12.329,12.038,11.542,11.175,11.576,11.285,10.611,11.476,11.747,12.888,12.481,12.998,13.237,12.715,13.061,12.536,11.505,9.85,9.033,6.894,5.96,4.602,3.222,2.264,1.259,0.76,0.602,0.305,0.155,0.137,0.099,0.04,0.02,0.041,0.016,0,0,0,0
2026-08-29 08:33:00,1,"Normal Scan","Normal Scan",0,"ON",1,1,1,737.3,5,20.6,96.8,54,6.97032e-08,1.82097e-05,4.97,8954.6,8.8,736.5,1,"Up Scan","Positive",254,0,4.37,1.6,8,8,0,1,1,18.056,42.68,25.035,9.647,2.503,2389.14,51,21.2,NA,0,0,0,0,0,0,0,0,0,0,0,0,0,0,0,0,0,0,0,0,0,0,0,0,0,0,0,0,0,0,0,191.803,164.538,166.269,133.597,118.905,117.711,108.178,90.145,87.719,79.603,70.51,62.253,57.027,47.869,48.965,42.583,42.427,39.068,35.827,33.806,36.153,36.282,38.571,35.248,39.448,36.334,36.269,30.65,25.338,22.074,19.593,15.34,17.56,14.923,13.334,14.68,15.697,14.594,18.163,19.17,20.146,20.709,20.028,19.657,17.135,14.893,10.932,9.548,6.139,4.418,2.807,1.615,0.849,0.831,0.43,0.198,0.255,0.106,0.11,0.112,0,0,0,0,0,0,0,0,0,0,0,0,0,0,0,0,0,0,0,0,0,0,0,0,0,0,0,0,0,0,0,0,0,0,0,2.003,2.49,3.075,4.203,4.377,4.963,5.995,6.644,6.534,7.385,7.664,7.702,7.626,7.8,7.266,8.158,7.82,8.512,8.609,8.592,8.882,10.154,10.954,12.201,11.822,13.744,13.402,13.982,12.781,11.199,10.768,10.591,9.499,11.512,11.203,11.326,12.442,12.809,12.477,13.389,12.967,12.621,12.093,11.018,10.279,8.58,7.208,5.297,4.485,2.862,2.011,1.24,0.76,0.376,0.343,0.174,0.078,0.099,0.04,0.041,0.046,0.014,0,0,0,0
2026-08-29 08:38:00,1,"Normal Scan","Normal Scan",0,"ON",1,1,1,736.9,5,20,96.8,54.4,6.9522e-08,1.81809e-05,4.97,8954.6,8.8,736.5,1,"Up Scan","Positive",254,0,4.37,1.6,8,8,0,1,1,18.036,42.061,24.759,9.647,2.484,2494.29,50,21,NA,0,0,0,0,0,0,0,0,0,0,0,0,0,0,0,0,0,0,0,0,0,0,0,0,0,0,0,0,0,0,0,203.887,179.171,150.935,138.898,135.38,118.334,109.694,97.529,97.407,87.584,79.657,71.566,61.657,55.505,48.598,45.841,40.62,41.113,40.329,38.607,36.367,37.227,38.22,35.643,34.145,34.28,34.534,30.45,26.263,22.294,19.859,17.611,15.587,14.901,15.133,14.424,14.556,19.252,17.291,19.155,21.498,21.11,19.78,19.692,17.168,16.97,11.936,8.734,5.77,4.68,2.705,1.468,1.128,0.92,0.525,0.393,0.154,0.16,0,0,0,0,0,0,0,0,0,0,0,0,0,0,0,0,0,0,0,0,0,0,0,0,0,0,0,0,0,0,0,0,0,0,0,0,0,2.026,2.651,3.36,3.819,4.579,5.622,6.073,6.758,7.089,8.197,8.437,8.685,8.759,8.431,8.416,8.124,8.418,8.176,9.014,9.591,9.927,10.163,11.188,12.077,11.967,12.128,12.736,13.383,12.693,11.745,10.961,10.646,10.653,10.886,11.288,12.23,12.552,12.474,14.365,13.105,13.591,13.164,12.289,10.878,10.325,8.553,8.304,5.762,4.158,2.695,2.117,1.223,0.63,0.527,0.382,0.213,0.157,0.06,0.06,0,0,0.049,0,0,0,0
2026-08-29 08:43:00,1,"Normal Scan","Normal Scan",0,"ON",1,1,1,737.2,5,20.4,96.8,53.8,6.96428e-08,1.82001e-05,4.97,8954.6,8.8,736.5,1,"Up Scan","Positive",254,0,4.37,1.6,8,8,0,1,1,17.894,39.93,24.21,9.647,2.396,2656.27,51,21.2,NA,0,0,0,0,0,0,0,0,0,0,0,0,0,0,0,0,0,0,0,0,0,0,0,0,0,0,0,0,0,0,0,185.134,172.216,169.35,138.679,151.478,140.988,132.734,116.292,113.776,100.026,82.359,76.935,70.17,62.892,56.231,51.776,49.731,45.709,42.328,42.571,41.982,40.249,39.329,41.651,38.207,38,32.717,30.504,25.702,23.04,18.345,18.037,14.214,14.13,13.866,11.723,15.041,14.884,17.741,17.968,20.061,20.602,20.076,18.958,15.697,13.443,12.687,8.849,5.69,4.288,2.534,1.645,1.342,0.553,0.427,0.394,0.102,0.159,0,0.056,0,0,0,0,0,0,0,0,0,0,0,0,0,0,0,0,0,0,0,0,0,0,0,0,0,0,0,0,0,0,0,0,0,0,0,2.086,2.378,3.187,4.303,4.563,6.29,7.234,8.161,8.421,9.585,9.637,8.996,9.421,9.594,9.489,9.377,9.512,9.959,9.996,10.124,10.944,11.685,11.936,12.429,13.765,13.402,13.936,12.7,12.581,11.311,10.913,9.961,10.524,10.041,10.872,11.222,10.985,12.715,12.189,12.864,12.436,12.704,11.885,10.903,9.932,7.876,6.683,6.047,4.151,2.672,1.925,1.146,0.723,0.602,0.229,0.174,0.157,0.04,0.06,0,0.021,0.03,0,0,0,0
2026-08-29 08:48:00,1,"Normal Scan","Normal Scan",0,"ON",1,1,1,737,5,20.2,96.8,54.5,6.95824e-08,1.81905e-05,4.97,8954.6,8.8,736.5,1,"Up Scan","Positive",254,0,4.37,1.6,8,8,0,1,1,17.505,38.167,23.435,9.647,2.368,2757.73,50,21.1,NA,0,0,0,0,0,0,0,0,0,0,0,0,0,0,0,0,0,0,0,0,0,0,0,0,0,0,0,0,0,0,0,219.203,200.334,198.457,160.693,154.911,140.616,115.474,112.453,100.209,93.537,87.054,83.325,67.741,62.043,57.047,54.085,53.313,49.463,49.023,44.395,41.646,39.746,41.209,41.152,40.518,39.879,34.637,33.885,25.132,22.855,17.274,15.768,14.6,14.75,14.61,14.076,17.476,14.346,15.512,18.718,20.255,18.758,18.799,19.172,14.63,12.717,9.522,7.956,5.441,3.501,1.955,1.512,0.635,0.828,0.43,0.247,0.051,0.106,0.054,0,0,0,0,0,0,0,0,0,0,0,0,0,0,0,0,0,0,0,0,0,0,0,0,0,0,0,0,0,0,0,0,0,0,0,0,2.315,2.838,3.762,5.006,5.311,6.434,7.214,7.099,8.149,8.45,9.019,9.519,10.219,9.278,9.412,9.541,9.903,10.649,10.801,11.612,11.451,11.623,11.856,13.015,13.619,14.13,14.469,13.3,13.786,11.394,10.843,9.776,9.736,9.727,10.964,11.715,11.506,13.23,11.834,11.404,12.296,12.183,10.866,10.182,9.747,7.359,6.145,4.62,3.756,2.545,1.563,0.894,0.649,0.32,0.344,0.174,0.098,0.02,0.04,0.02,0,0.048,0,0,0,0
2026-08-29 08:53:00,1,"Normal Scan","Normal Scan",0,"ON",1,1,1,737,5,20.2,96.8,54,6.95824e-08,1.81905e-05,4.97,8954.6,8.8,736.5,1,"Up Scan","Positive",254,0,4.37,1.6,8,8,0,1,1,17.393,38.561,23.624,9.647,2.379,2658.11,50,21.1,NA,0,0,0,0,0,0,0,0,0,0,0,0,0,0,0,0,0,0,0,0,0,0,0,0,0,0,0,0,0,0,0,217.704,188.911,168.126,173.531,142.488,127.041,130.552,115.24,96.943,85.9,76.294,71.582,68.102,57.429,48.687,50.236,50.747,45.325,43.534,41.158,43.018,43.656,43.962,46.593,43.49,42.183,38.225,29.474,23.747,19.322,16.017,14.443,14.975,13.064,14.225,13.053,14.898,15.48,16.497,18.866,17.788,19.209,19.273,17.41,15.869,12.301,10.469,7.573,5.267,2.669,1.5,1.538,0.711,0.827,0.382,0.344,0.051,0.053,0.163,0,0,0,0,0,0,0,0,0,0,0,0,0,0,0,0,0,0,0,0,0,0,0,0,0,0,0,0,0,0,0,0,0,0,0,0,2.192,2.813,3.525,4.258,5.73,5.937,6.522,8.023,8.346,8.146,8.305,8.339,8.798,9.316,8.708,8.16,9.251,10.187,9.982,10.471,10.728,12.061,12.984,13.714,15.144,14.89,15.128,14.499,12.189,10.524,9.693,8.878,9.201,10.17,10.197,11.069,11.113,12.17,12.094,11.967,12.228,11.211,10.892,10.144,8.818,7.911,5.961,5.076,3.6,2.422,1.186,0.712,0.667,0.301,0.344,0.155,0.137,0.02,0.02,0.061,0,0,0,0,0,0
2026-08-29 08:58:00,1,"Normal Scan","Normal Scan",0,"ON",1,1,1,737.2,5,20.4,96.8,54.3,6.96428e-08,1.82001e-05,4.97,8954.6,8.8,736.5,1,"Up Scan","Positive",254,0,4.37,1.6,8,8,0,1,1,17.65,35.985,22.875,9.647,2.275,3147.97,50,21.2,NA,0,0,0,0,0,0,0,0,0,0,0,0,0,0,0,0,0,0,0,0,0,0,0,0,0,0,0,0,0,0,0,241.805,204.313,197.897,198.543,176.013,164.489,141.972,134.457,129.601,118.341,107.639,105.339,89.077,79.934,73.696,65.676,63.15,58.656,55.224,52.125,52.904,48.186,47.639,42.121,44.336,42.579,39.815,32.285,28.58,23.136,17.843,16.352,12.928,12.939,11.567,11.855,14.453,14.555,18.051,18.473,21.669,20.609,19.658,17.712,15.236,14.334,10.266,7.657,5.204,2.599,1.753,1.037,0.54,0.415,0.332,0.198,0.153,0.052,0,0,0,0,0,0,0,0,0,0,0,0,0,0,0,0,0,0,0,0,0,0,0,0,0,0,0,0,0,0,0,0,0,0,0,0,0,2.254,3.161,3.823,4.995,6.543,7.338,8.414,8.747,9.75,10.882,11.396,11.739,12.899,12.193,12.087,12.268,12.042,12.613,12.766,13.01,13.354,14.569,14.262,14.907,13.968,15.391,15.281,15.135,13.024,12.372,10.753,9.671,9.865,9.574,10.188,10.538,11.067,11.973,11.667,12.826,12.349,12.597,11.66,10.324,8.956,7.487,6.858,4.874,3.536,2.432,1.185,0.766,0.445,0.245,0.172,0.135,0.078,0.06,0.02,0,0,0.015,0,0,0,0
2026-08-29 09:03:00,1,"Normal Scan","Normal Scan",0,"ON",1,1,1,736.9,5,20,96.8,54,6.9522e-08,1.81809e-05,4.97,8954.6,8.8,736.5,1,"Up Scan","Positive",254,0,4.37,1.6,8,8,0,1,1,16.602,35.482,22.218,9.647,2.294,3180.88,50,21,NA,0,0,0,0,0,0,0,0,0,0,0,0,0,0,0,0,0,0,0,0,0,0,0,0,0,0,0,0,0,0,0,265.203,231.006,199.328,203.673,201.31,170.312,166.983,147.84,138.49,127.977,106.375,91.929,77.552,62.375,56.527,52.465,47.997,47.843,47.283,41.751,45.242,46.216,44.737,44.65,48.769,44.977,40.394,36.371,28.754,21.613,19.171,15.413,16.097,15.548,13.2,14.062,15.668,14.393,16.371,17.926,17.673,18.699,19.964,18.404,16.866,14.959,9.767,6.625,4.635,3.978,1.848,1.692,0.622,0.462,0.437,0.189,0.051,0.107,0.055,0.056,0,0,0,0,0,0,0,0,0,0,0,0,0,0,0,0,0,0,0,0,0,0,0,0,0,0,0,0,0,0,0,0,0,0,0,2.439,3.411,4.308,5.101,6.732,8.366,8.743,10.271,10.749,11.633,12.323,11.597,11.247,10.596,9.459,9.447,9.658,9.675,10.506,11.29,10.994,12.667,13.778,14.164,14.8,16.751,16.19,15.36,14.793,12.538,10.44,10.385,9.399,10.617,11.165,10.683,11.726,12.654,11.726,12.444,12.025,10.83,10.555,10.777,9.375,8.414,7.143,4.66,3.157,2.123,1.783,0.84,0.76,0.263,0.191,0.177,0.075,0.02,0.04,0.02,0.021,0,0,0,0,0
2026-08-29 09:08:00,1,"Normal Scan","Normal Scan",0,"ON",1,1,1,737.3,5,20.5,96.8,53.9,6.9673e-08,1.82049e-05,4.97,8954.6,8.8,736.5,1,"Up Scan","Positive",254,0,4.37,1.6,8,8,0,1,1,17.588,39.072,23.958,9.647,2.393,2749.09,50,21.2,NA,0,0,0,0,0,0,0,0,0,0,0,0,0,0,0,0,0,0,0,0,0,0,0,0,0,0,0,0,0,0,0,214.33,205.156,190.335,150.27,150.972,139.855,120.296,110.385,111.532,94.026,77.573,71.108,64.618,54.533,50.303,48.932,49.939,45.279,45.738,42.457,47.283,44.534,43.272,48.379,49.107,45.538,41.851,39.927,30.64,23.184,18.763,14.521,14.982,15.48,14.117,13.34,15.702,16.661,16.199,18.71,19.672,19.597,19.706,18.098,16.142,14.044,10.584,7.89,5.038,3.352,1.829,1.08,1.16,0.369,0.047,0.436,0.06,0.107,0.054,0,0,0,0,0,0,0,0,0,0,0,0,0,0,0,0,0,0,0,0,0,0,0,0,0,0,0,0,0,0,0,0,0,0,0,0,1.995,2.788,3.812,4.8,4.939,6.262,7.154,7.414,7.988,9.373,9.047,8.452,8.71,8.831,8.298,8.435,9.045,10.032,9.97,10.982,11.171,13.218,13.403,13.869,15.943,16.855,16.408,15.845,15.951,13.375,11.076,10.127,9.392,10.18,11.368,11.311,11.462,12.642,12.821,12.028,12.491,11.978,11.217,10.467,9.165,7.929,6.876,5,3.644,2.357,1.502,0.846,0.463,0.508,0.153,0.019,0.173,0.023,0.04,0.02,0,0.015,0,0,0,0
2026-08-29 09:13:00,1,"Normal Scan","Normal Scan",0,"ON",1,1,1,737.7,5,21.1,96.8,53.6,6.98543e-08,1.82337e-05,4.97,8954.6,8.8,736.5,1,"Up Scan","Positive",254,0,4.37,1.6,8,8,0,1,1,18.619,40.821,25.059,9.647,2.422,2789.79,50,21.4,NA,0,0,0,0,0,0,0,0,0,0,0,0,0,0,0,0,0,0,0,0,0,0,0,0,0,0,0,0,0,0,0,210.838,200.458,173.764,157.979,137.091,130.552,125.253,107.063,96.911,88.536,81.309,69.573,62.996,54.423,55.92,55.041,50.022,52.524,46.812,49.167,48.6,49.568,48.567,52.896,52.437,52.015,47.899,40.977,35.423,29.327,22.274,20.828,17.864,16.583,14.784,16.494,15.897,18.842,16.998,18.692,20.694,21.579,20.572,18.503,17.455,13.479,11.018,8.369,5.893,3.137,2.044,1.674,0.904,0.506,0.191,0.098,0.307,0.053,0,0.111,0,0,0,0,0,0,0,0,0,0,0,0,0,0,0,0,0,0,0,0,0,0,0,0,0,0,0,0,0,0,0,0,0,0,0,1.992,2.688,3.724,4.401,5.203,5.675,6.683,7.687,7.72,8.142,8.538,8.874,8.526,8.633,8.3,9.382,10.131,10.095,11.518,11.323,12.831,13.695,14.909,15.478,17.56,18.222,18.798,18.299,16.556,15.323,13.609,11.917,12.12,11.649,12.004,11.838,13.245,12.963,13.943,12.791,12.398,12.736,12.194,10.933,9.462,8.645,6.573,5.207,3.875,2.694,1.45,0.912,0.72,0.396,0.21,0.077,0.039,0.119,0.02,0,0.023,0,0,0,0,0
2026-08-29 09:18:00,1,"Normal Scan","Normal Scan",0,"ON",1,1,1,738.3,5,21.9,96.8,53.2,7.00961e-08,1.82719e-05,4.97,8954.6,8.8,736.5,1,"Up Scan","Positive",254,0,4.37,1.6,8,8,0,1,1,19.688,42.973,26.261,9.647,2.473,2773.81,49,21.8,NA,0,0,0,0,0,0,0,0,0,0,0,0,0,0,0,0,0,0,0,0,0,0,0,0,0,0,0,0,0,0,0,228.688,197.743,155.171,138.551,132.128,115.437,112.781,103.938,96.867,76.253,73.96,63.818,60.005,53.089,55.931,52.131,48.469,44.72,51.246,53.398,48.541,50.726,55.557,58.109,56.81,58.848,55.436,46.891,40.769,34.53,25.037,22.243,20.915,18.186,17.805,17.452,17.302,20.405,20.497,21.487,21.987,20.728,22.285,20.153,17.304,14.904,10.343,8.509,5.859,3.49,2.768,1.173,0.94,0.645,0.287,0.197,0.151,0.106,0.055,0.056,0,0,0,0,0,0,0,0,0,0,0,0,0,0,0,0,0,0,0,0,0,0,0,0,0,0,0,0,0,0,0,0,0,0,0,1.952,2.901,3.685,3.879,4.54,5.486,5.911,6.921,7.514,8.128,7.341,8.081,7.815,8.21,8.112,9.383,9.603,9.816,9.997,12.384,13.948,13.871,15.422,17.69,19.416,19.819,21.21,21.093,18.977,17.49,15.952,13.216,13.032,13.275,13.219,13.665,13.642,13.953,15.061,14.252,14.026,13.239,11.92,11.719,10.379,8.577,7.189,4.964,3.967,2.728,1.56,1.221,0.537,0.413,0.267,0.116,0.078,0.059,0.04,0.02,0.024,0.014,0,0,0,0
2026-08-29 09:23:00,1,"Normal Scan","Normal Scan",0,"ON",1,1,1,738.7,5,22.4,96.8,53,7.02472e-08,1.82958e-05,4.97,8954.6,8.8,736.5,1,"Up Scan","Positive",254,0,4.37,1.6,8,8,0,1,1,18,40.674,24.903,9.647,2.452,3477.91,49,22.1,NA,0,0,0,0,0,0,0,0,0,0,0,0,0,0,0,0,0,0,0,0,0,0,0,0,0,0,0,0,0,0,0,275.403,265.324,260.674,213.999,178.621,156.581,131.209,124.651,116.014,106.154,91.475,77.841,73.523,66.096,58.911,52.592,52.487,56.775,53.896,55.503,54.422,53.493,62.963,61.697,65.413,64.497,61.028,60.022,50.472,43.109,36.625,30.409,27.238,24.504,22.305,24.522,26.779,24.233,25.324,25.767,26.012,25.363,22.471,21.627,18.716,15.945,11.5,8.992,5.242,3.717,2.144,1.459,0.541,0.738,0.38,0.247,0.153,0,0.11,0,0,0,0,0,0,0,0,0,0,0,0,0,0,0,0,0,0,0,0,0,0,0,0,0,0,0,0,0,0,0,0,0,0,0,0,2.573,3.536,4.917,6.605,7.041,7.41,8.003,8.023,9.004,9.713,10.196,9.957,9.531,10.05,10.027,9.872,9.731,10.612,12.577,13.056,14.609,15.501,16.427,20.248,21.037,23.021,23.861,23.679,24.269,21.8,20.201,18.964,17.433,16.884,16.622,16.503,17.79,18.311,17.286,16.944,16.077,15.342,13.914,11.86,10.931,9.244,7.584,5.526,4.166,2.452,1.667,0.947,0.647,0.244,0.305,0.155,0.098,0.059,0,0.041,0,0.014,0,0,0,0
2026-08-29 09:28:00,1,"Normal Scan","Normal Scan",0,"ON",1,1,1,737.9,5,21.4,96.8,52.5,6.99449e-08,1.8248e-05,4.97,8954.6,8.8,736.5,1,"Up Scan","Positive",254,0,4.37,1.6,8,8,0,1,1,27.249,48.838,30.56,9.647,2.542,3190.17,48,22,NA,0,0,0,0,0,0,0,0,0,0,0,0,0,0,0,0,0,0,0,0,0,0,0,0,0,0,0,0,0,0,0,236.739,195.936,161.817,147.641,138.538,108.718,99.166,87.871,73.712,75.246,62.332,55.863,57.55,49.22,48.65,55.168,56.708,62.683,65.988,66.671,65.836,73.507,77.033,82.202,85.175,85.955,83.193,77.366,64.855,57.203,50.082,42.825,40.643,35.702,36.085,33.19,31.976,28.401,29.773,29.14,26.227,26.729,23.826,24.129,19.303,16.839,13.001,7.901,5.958,3.539,2.369,1.123,1.073,0.555,0.574,0.298,0.205,0.053,0.054,0.056,0,0,0,0,0,0,0,0,0,0,0,0,0,0,0,0,0,0,0,0,0,0,0,0,0,0,0,0,0,0,0,0,0,0,0,2.532,3.089,3.645,4.085,4.86,5.711,5.553,6.084,6.346,6.203,7.242,6.808,6.889,7.946,7.577,8.302,10.285,11.63,14.003,16.086,17.727,18.975,22.582,24.918,27.855,30.249,31.95,32.442,31.68,28.606,26.944,25.295,23.083,23.313,22.466,22.635,22.067,21.224,19.448,19.284,18.012,15.525,14.673,12.5,12.181,9.444,8.156,6.149,3.766,2.796,1.61,1.062,0.5,0.47,0.229,0.232,0.118,0.079,0.02,0.02,0.024,0.014,0,0,0,0
2026-08-29 09:33:00,1,"Normal Scan","Normal Scan",0,"ON",1,1,1,737.3,5,20.5,96.8,52.1,6.9673e-08,1.82049e-05,4.97,8954.6,8.8,736.5,1,"Up Scan","Positive",254,0,4.37,1.6,8,8,0,1,1,34.578,53.525,34.638,9.647,2.503,2849.63,49,21.8,NA,0,0,0,0,0,0,0,0,0,0,0,0,0,0,0,0,0,0,0,0,0,0,0,0,0,0,0,0,0,0,0,158.233,128.746,118.477,102.211,94.175,86.511,79.48,67.475,67.422,61.597,62.162,56.005,52.634,55.006,53.628,51.985,55.926,58.992,62.596,68.905,67.433,75.759,76.04,86.437,89.625,86.708,84.04,78.855,70.27,60.604,52.586,45.912,39.488,37.957,34.229,29.815,29.283,29.602,27.4,29.588,26.238,26.502,27.346,22.109,20.924,15.968,13.582,8.822,5.738,3.296,1.863,1.152,0.988,0.506,0.333,0.148,0.152,0.053,0.109,0,0,0,0,0,0,0,0,0,0,0,0,0,0,0,0,0,0,0,0,0,0,0,0,0,0,0,0,0,0,0,0,0,0,0,0,1.278,2.029,2.367,2.986,3.364,3.886,4.426,4.889,4.882,5.69,5.95,6.795,6.917,7.271,8.426,9.133,9.727,11.511,13.253,15.408,18.343,19.432,23.198,24.825,29.401,31.777,32.41,32.734,32.255,30.793,27.763,26.05,24.442,22.851,23.289,21.887,20.536,20.66,19.861,18.342,18.013,15.684,14.724,14.013,11.094,10.193,7.735,6.424,4.091,2.664,1.48,0.839,0.5,0.433,0.21,0.135,0.059,0.06,0.02,0.041,0,0.015,0,0,0,0
2026-08-29 09:38:00,1,"Normal Scan","Normal Scan",0,"ON",1,1,1,737.6,5,20.9,96.8,51.8,6.97939e-08,1.82241e-05,4.97,8954.6,8.8,736.5,1,"Up Scan","Positive",254,0,4.37,1.6,8,8,0,1,1,34.841,52.183,34.313,9.647,2.458,1849.75,49,21.8,NA,0,0,0,0,0,0,0,0,0,0,0,0,0,0,0,0,0,0,0,0,0,0,0,0,0,0,0,0,0,0,0,106.772,89.053,69.835,67.743,56.751,55.421,45.575,41.993,36.253,37.146,35.186,35.734,35.124,33.903,35.93,37.667,43.769,44.218,50.957,48.037,54.478,55.333,57.286,57.624,61.557,61.57,52.236,47.483,39.485,33.095,28.806,26.095,23.061,20.631,18.806,17.745,19.691,19.876,19.44,20.71,18.879,19.423,17.169,14.33,11.795,8.506,5.642,4.069,2.497,2.058,1.31,0.738,0.446,0.462,0.096,0.15,0,0.053,0,0.056,0,0,0,0,0,0,0,0,0,0,0,0,0,0,0,0,0,0,0,0,0,0,0,0,0,0,0,0,0,0,0,0,0,0,0,0.809,1.381,1.644,1.789,2.215,2.349,2.825,2.804,3.04,3.063,3.584,3.857,4.43,4.861,5.248,6.118,7.095,8.975,9.919,12.325,12.754,15.463,16.621,18.174,19.259,21.342,22.39,20.247,19.336,17.29,15.403,14.868,14.376,13.974,13.582,12.914,12.773,13.315,12.855,11.992,11.942,10.318,10.12,8.82,7.114,5.812,4.087,2.733,1.879,1.166,0.915,0.584,0.333,0.188,0.191,0.039,0.059,0,0.02,0,0.023,0,0,0,0,0
2026-08-29 09:43:00,1,"Normal Scan","Normal Scan",0,"ON",1,1,1,737.3,5,20.6,96.8,52.1,6.97032e-08,1.82097e-05,4.97,8954.6,8.8,736.5,1,"Up Scan","Positive",254,0,4.37,1.6,8,8,0,1,1,27.367,45.92,30.009,10.366,2.409,1791.82,46,21.7,NA,0,0,0,0,0,0,0,0,0,0,0,0,0,0,0,0,0,0,0,0,0,0,0,0,0,0,0,0,0,0,0,92.015,111.776,90.798,72.416,70.743,68.425,59.73,53.06,45.428,41.33,43.847,37.967,37.492,36.071,35.462,36.895,37.417,42.832,45.771,44.042,47.892,48.768,50.68,49.988,53.361,49.917,46.146,36.226,31.151,24.528,20.405,17.956,15.81,16.382,14.899,16.063,15.126,15.38,16.055,15.187,15.265,15.315,13.892,12.155,9.762,7.31,4.405,2.482,2.534,0.976,0.763,0.437,0.312,0.231,0.286,0.099,0.052,0.053,0.055,0,0,0,0,0,0,0,0,0,0,0,0,0,0,0,0,0,0,0,0,0,0,0,0,0,0,0,0,0,0,0,0,0,0,0,0,0.913,1.17,2.09,2.284,2.406,2.952,3.5,3.66,3.844,3.817,3.982,4.81,4.685,5.19,5.545,6.025,6.905,7.688,9.569,11.037,11.619,13.485,14.618,15.894,16.461,18.285,17.932,17.525,14.771,13.562,11.815,10.666,10.282,10.122,10.661,10.389,11.031,10.309,10.208,9.981,8.768,8.32,7.956,6.906,6.008,4.745,3.505,2.1,1.217,1.166,0.451,0.345,0.204,0.132,0.095,0.116,0.039,0.02,0.02,0.02,0,0,0,0,0,0
2026-08-29 09:48:00,1,"Normal Scan","Normal Scan",0,"ON",1,1,1,737.1,5,20.3,96.8,51.2,6.96126e-08,1.81953e-05,4.97,8954.6,8.8,736.5,1,"Up Scan","Positive",254,0,4.37,1.6,8,8,0,1,1,29.209,47.798,31.492,9.647,2.411,2010.02,45,21.5,NA,0,0,0,0,0,0,0,0,0,0,0,0,0,0,0,0,0,0,0,0,0,0,0,0,0,0,0,0,0,0,0,106.69,91.484,77.999,86.852,76.256,72.013,68.067,63.529,55.657,57.418,52.462,50.173,39.89,33.961,37.913,39.194,39.386,42.227,46.639,46.933,54.258,51.595,56.524,56.881,61.839,57.993,55.737,48.097,41.594,33.688,29.242,25.67,21.776,21.382,20.54,18.849,18.208,18.834,18.894,18.758,17.334,16.784,15.007,12.007,9.364,7.697,5.866,3.73,2.561,1.656,0.75,0.61,0.539,0.46,0.191,0.198,0.051,0.052,0,0.056,0,0,0,0,0,0,0,0,0,0,0,0,0,0,0,0,0,0,0,0,0,0,0,0,0,0,0,0,0,0,0,0,0,0,0,1.256,1.369,1.693,1.99,2.848,3.165,3.678,4.177,4.603,4.671,5.549,5.755,6.171,5.494,5.244,6.431,7.372,8.113,9.49,11.355,12.49,15.363,15.709,18.048,19.07,21.501,21.224,21.419,19.597,18.027,15.924,14.782,13.961,13.255,13.276,13.339,12.602,12.175,11.814,11.244,10.792,9.746,8.748,7.737,5.911,4.598,3.758,2.836,1.759,1.22,0.754,0.328,0.278,0.245,0.191,0.077,0.078,0.02,0.02,0,0.021,0.016,0,0,0,0
2026-08-29 09:53:00,1,"Normal Scan","Normal Scan",0,"ON",1,1,1,737.4,5,20.7,96.8,50.9,6.97334e-08,1.82145e-05,4.97,8954.6,8.8,736.5,1,"Up Scan","Positive",254,0,4.37,1.6,8,8,0,1,1,32.162,49.157,32.667,9.647,2.415,1892.01,46,21.6,NA,0,0,0,0,0,0,0,0,0,0,0,0,0,0,0,0,0,0,0,0,0,0,0,0,0,0,0,0,0,0,0,107.725,91.726,78.004,63.405,69.524,56.526,50.618,54.485,49.406,42.755,40.58,38.193,36.639,38.281,38.008,37.368,43.039,44.224,48.138,49.802,49.182,52.075,54.545,57.477,59.277,60.664,53.449,47.901,40.501,34.678,29.539,26.686,24.16,21.613,21.46,20.182,18.394,17.867,16.641,18.25,15.294,14.619,14.045,12.938,9.968,7.436,5.384,3.467,2.185,1.117,0.618,0.429,0.452,0.46,0.047,0.198,0.205,0.106,0.054,0,0,0,0,0,0,0,0,0,0,0,0,0,0,0,0,0,0,0,0,0,0,0,0,0,0,0,0,0,0,0,0,0,0,0,0,0.892,1.394,1.694,1.97,2.084,2.911,2.903,3.117,3.939,4.156,4.143,4.437,4.715,5.061,5.892,6.473,7.006,8.8,9.901,11.682,13.133,14.112,15.754,17.459,19.18,20.727,22.224,20.732,19.667,17.622,16.353,14.972,14.234,13.723,13.506,13.278,12.782,12.002,11.482,10.388,10.372,8.458,7.767,7.031,6.313,4.831,3.633,2.633,1.599,1.06,0.539,0.31,0.185,0.207,0.191,0.019,0.078,0.079,0.04,0.02,0,0.014,0,0,0,0
2026-08-29 09:58:00,1,"Normal Scan","Normal Scan",0,"ON",1,1,1,736.9,5,20.1,96.7,51,6.96241e-08,1.81857e-05,4.97,8954.6,8.8,736.5,1,"Up Scan","Positive",254,0,4.37,1.6,8,8,0,1,1,22.4,42.32,27.365,9.647,2.419,2240.49,46,21.4,NA,0,0,0,0,0,0,0,0,0,0,0,0,0,0,0,0,0,0,0,0,0,0,0,0,0,0,0,0,0,0,0,197.421,148.814,122.62,105.708,101.406,81.727,71.116,72.697,58.884,54.887,50.142,46.715,42.023,39.722,36.351,36.261,42.687,45.282,48.885,52.515,50.761,53.696,50.393,55.822,54.518,55.336,51.783,44.995,38.417,34.195,29.644,25.217,24.201,22.597,22.28,18.665,17.066,17.776,17.395,15.956,14.594,16.465,12.503,11.773,8.521,6.334,5.062,3.119,1.621,1.549,0.668,0.608,0.267,0.138,0.333,0.1,0.154,0.053,0,0.056,0,0,0,0,0,0,0,0,0,0,0,0,0,0,0,0,0,0,0,0,0,0,0,0,0,0,0,0,0,0,0,0,0,0,0,1.64,2.526,2.789,3.1,3.46,4.226,4.192,4.365,5.26,4.952,5.282,5.475,5.761,5.811,6.108,6.21,6.816,8.737,10.081,11.816,13.698,14.356,16.159,16.179,18.6,19.302,20.333,20.103,18.574,17.049,16.021,14.743,13.619,13.869,13.478,13.344,12.325,11.051,11.151,10.245,9.169,8.131,8.437,6.346,5.831,4.163,3.053,2.374,1.547,0.742,0.736,0.292,0.278,0.113,0.057,0.134,0.04,0.06,0.02,0,0.021,0,0,0,0,0
2026-08-29 10:03:00,1,"Normal Scan","Normal Scan",0,"ON",1,1,1,737.2,5,20.4,96.8,50.3,6.96428e-08,1.82001e-05,4.97,8954.6,8.8,736.5,1,"Up Scan","Positive",254,0,4.37,1.6,8,8,0,1,1,27.046,44.722,29.758,9.647,2.373,2166.4,46,21.4,NA,0,0,0,0,0,0,0,0,0,0,0,0,0,0,0,0,0,0,0,0,0,0,0,0,0,0,0,0,0,0,0,139.757,108.282,108.303,95.818,77.971,66.151,68.593,61.031,58.818,58.242,51.885,51.202,46.712,52.404,46.793,47.777,49.15,51.375,56.908,55.337,59.029,54.066,55.172,56.888,56.364,52.6,50.208,45.51,40.351,33.927,30.566,31.22,27.864,23.821,24.403,21.103,18.443,16.743,17.105,15.967,14.691,14.24,13.373,10.64,9.369,6.253,4.962,3.157,1.664,1.384,0.709,0.652,0.403,0.55,0.193,0.199,0.051,0,0,0.056,0,0,0,0,0,0,0,0,0,0,0,0,0,0,0,0,0,0,0,0,0,0,0,0,0,0,0,0,0,0,0,0,0,0,0,1.11,1.768,2.017,2.743,3.142,3.227,3.387,4.206,4.445,4.967,5.618,5.68,6.317,6.444,8.036,7.918,8.919,9.994,11.38,13.642,14.373,16.397,16.219,17.568,19.021,19.817,19.709,19.901,19.077,17.846,16.212,15.359,15.941,15.235,13.955,14.476,12.979,11.781,10.56,10.259,9.168,8.167,7.337,6.811,5.319,4.607,3.056,2.411,1.505,0.806,0.629,0.31,0.296,0.169,0.229,0.077,0.078,0.02,0,0,0.021,0,0,0,0,0
2026-08-29 10:08:00,1,"Normal Scan","Normal Scan",0,"ON",1,1,1,737,5,20.2,96.7,50.9,6.96543e-08,1.81905e-05,4.97,8954.6,8.8,736.5,1,"Up Scan","Positive",254,0,4.37,1.6,8,8,0,1,1,26.984,44.125,29.817,9.647,2.321,2141.42,46,21.3,NA,0,0,0,0,0,0,0,0,0,0,0,0,0,0,0,0,0,0,0,0,0,0,0,0,0,0,0,0,0,0,0,110.993,105.554,94.065,95.268,74.841,68.585,64.195,60.063,66.826,57.151,61.453,55.988,55.131,56.498,56.52,55.8,57.351,56.24,55.182,52.415,53.89,52.924,57.612,57.884,55.153,50.227,47.43,42.44,37.318,33.084,30.159,28.086,27.749,22.653,23.607,19.708,16.691,14.764,17.69,15.808,14.109,13.165,11.037,10.32,7.667,6.301,4.52,2.859,1.983,1.125,0.735,0.905,0.49,0.509,0.191,0.245,0.103,0.053,0.055,0.056,0,0,0,0,0,0,0,0,0,0,0,0,0,0,0,0,0,0,0,0,0,0,0,0,0,0,0,0,0,0,0,0,0,0,0,1.152,1.419,1.943,2.369,3.133,3.098,3.513,3.959,4.356,5.624,5.539,6.729,6.903,7.595,8.62,9.504,10.297,11.567,12.412,13.266,13.659,15.032,15.814,18.122,19.272,19.334,18.78,18.838,17.74,16.785,15.621,14.962,14.383,15.104,13.487,13.743,12.164,10.478,9.445,10.257,9.066,7.834,6.947,5.704,5.129,3.881,3.097,2.231,1.426,0.907,0.533,0.343,0.412,0.207,0.21,0.077,0.098,0.04,0.02,0.02,0.021,0,0,0,0,0
2026-08-29 10:13:00,1,"Normal Scan","Normal Scan",0,"ON",1,1,1,737,5,20.3,96.7,50.5,6.96846e-08,1.81953e-05,4.97,8954.6,8.8,736.5,1,"Up Scan","Positive",254,0,4.37,1.6,8,8,0,1,1,25.444,43.295,28.905,9.647,2.34,2270.39,47,21.3,NA,0,0,0,0,0,0,0,0,0,0,0,0,0,0,0,0,0,0,0,0,0,0,0,0,0,0,0,0,0,0,0,151.682,117.416,92.447,95.321,84.59,76.525,77.452,68.942,70.696,63.348,65.38,62.669,59.284,51.056,53.983,54.343,53.489,53.684,54.376,60.539,56.643,58.121,56.375,56.373,55.875,55.321,51.433,42.891,38.97,32.224,32.198,27.472,22.689,22.5,21.422,19.748,16.868,17.387,18.514,15.071,15.928,15.701,12.568,11.338,8.395,6.352,5.154,3.098,2.191,0.653,1.013,0.862,0.375,0.693,0.142,0.396,0.051,0,0.109,0.057,0,0,0,0,0,0,0,0,0,0,0,0,0,0,0,0,0,0,0,0,0,0,0,0,0,0,0,0,0,0,0,0,0,0,0,1.37,1.966,2.203,2.327,3.162,3.525,3.913,4.776,4.991,5.963,6.143,7.167,7.718,8.148,7.81,9.12,10.088,10.866,11.859,13.06,15.62,15.853,17.317,17.826,18.826,19.61,20.541,20.015,17.71,17.263,15.421,15.704,14.478,13.305,13.396,13.117,12.707,10.966,10.929,10.744,8.723,8.793,8.225,6.386,5.641,4.236,3.119,2.582,1.478,1.113,0.305,0.474,0.371,0.226,0.286,0.058,0.157,0.02,0,0.041,0.021,0.049,0,0,0,0
2026-08-29 10:18:00,1,"Normal Scan","Normal Scan",0,"ON",1,1,1,737,5,20.3,96.7,51.1,6.96846e-08,1.81953e-05,4.97,8954.6,8.8,736.5,1,"Up Scan","Positive",254,0,4.37,1.6,8,8,0,1,1,23.737,43.609,28.348,9.647,2.402,2075.07,47,21.3,NA,0,0,0,0,0,0,0,0,0,0,0,0,0,0,0,0,0,0,0,0,0,0,0,0,0,0,0,0,0,0,0,134.07,114.713,112.877,107.88,88.618,75.714,77.899,66.296,61.302,59.57,50.831,45.852,41.714,41.667,41.561,39.68,41.358,41.211,47.234,47.01,47.18,48.535,51.306,52.391,51.754,51.613,45.526,43.139,33.386,28.158,26.976,23.186,23.758,21.131,20.32,17.901,17.646,16.798,15.967,16.795,14.344,14.939,13.749,10.365,10.152,6.39,5.315,3.292,1.928,1.499,0.779,0.551,0.32,0.415,0.096,0.148,0.154,0,0.055,0.056,0,0,0,0,0,0,0,0,0,0,0,0,0,0,0,0,0,0,0,0,0,0,0,0,0,0,0,0,0,0,0,0,0,0,0,1.411,1.719,2.126,2.858,3.557,3.686,3.875,4.779,4.792,5.165,5.748,5.559,5.646,5.748,6.399,7.023,7.396,8.441,9.212,11.413,12.313,13.346,14.595,16.267,17.387,18.067,18.914,17.846,17.804,14.959,13.557,13.782,12.595,13.5,12.916,12.546,11.74,11.567,10.511,10.017,9.526,7.994,7.803,7.025,5.166,4.946,3.108,2.572,1.54,0.937,0.697,0.35,0.259,0.169,0.172,0.039,0.059,0.06,0,0.02,0.021,0.032,0,0,0,0
2026-08-29 10:23:00,1,"Normal Scan","Normal Scan",0,"ON",1,1,1,736.8,5,20,96.7,50.9,6.95939e-08,1.81809e-05,4.97,8954.6,8.8,736.5,1,"Up Scan","Positive",254,0,4.37,1.6,8,8,0,1,1,23.95,43.666,28.403,9.647,2.396,1957.81,47,21.1,NA,0,0,0,0,0,0,0,0,0,0,0,0,0,0,0,0,0,0,0,0,0,0,0,0,0,0,0,0,0,0,0,133.918,112.529,93.572,88.295,80.272,77.792,75.836,63.797,59.406,51.789,47.102,49.247,40.802,36.468,40.134,36.744,40.686,41.941,45.061,46.577,48.745,46.877,47.021,49.136,51.383,50.469,42.925,38.76,32.811,28.225,23.298,21.907,19.798,17.481,16.916,17.335,14.694,14.401,15.909,13.702,14.211,14.496,11.948,11.801,9.946,7.353,5.461,3.142,1.837,1.173,0.644,0.609,0.494,0.323,0.191,0.049,0.154,0.105,0.054,0.056,0,0,0,0,0,0,0,0,0,0,0,0,0,0,0,0,0,0,0,0,0,0,0,0,0,0,0,0,0,0,0,0,0,0,0,1.245,1.755,2.116,2.37,2.917,3.326,3.976,4.669,4.633,4.993,5.006,5.164,6.032,5.62,5.601,6.817,6.883,8.302,9.31,10.873,12.22,13.681,14.058,14.892,16.383,17.883,18.37,16.748,15.864,14.29,13.403,11.927,11.777,11.653,10.836,10.966,11.5,9.885,9.711,9.892,8.298,7.997,7.523,6.112,5.817,4.837,3.609,2.617,1.513,0.838,0.585,0.31,0.278,0.226,0.134,0.077,0.02,0.06,0.04,0.02,0.021,0.017,0,0,0,0
2026-08-29 10:28:00,1,"Normal Scan","Normal Scan",0,"ON",1,1,1,737.1,5,20.4,96.7,51,6.97148e-08,1.82001e-05,4.97,8954.6,8.8,736.5,1,"Up Scan","Positive",254,0,4.37,1.6,8,8,0,1,1,22.899,41.955,27.559,9.647,2.356,2030.46,47,21.2,NA,0,0,0,0,0,0,0,0,0,0,0,0,0,0,0,0,0,0,0,0,0,0,0,0,0,0,0,0,0,0,0,141.128,127.994,86.069,94.354,80.446,82.927,73.73,69.581,62.988,64.362,53.75,53.765,48.624,44.138,44.744,38.552,41.659,43.68,46.568,50.378,48.336,47.469,48.464,51.221,48.866,51.168,42.506,36.299,30.745,26.73,22.849,19.002,19.494,18.749,16.275,15.46,14.132,13.459,14.798,14.293,13.447,14.164,12.695,11.33,9.245,7.291,4.875,2.862,1.502,0.829,0.618,0.652,0.227,0.277,0.286,0.246,0,0.052,0.11,0,0,0,0,0,0,0,0,0,0,0,0,0,0,0,0,0,0,0,0,0,0,0,0,0,0,0,0,0,0,0,0,0,0,0,0,1.319,1.817,2.378,2.183,3.093,3.35,4.254,4.535,5.043,5.282,6.206,5.869,6.6,6.69,6.751,7.561,7.209,8.484,9.698,11.251,13.065,13.58,14.205,15.201,16.945,16.965,18.532,16.402,15.016,13.522,12.668,11.528,10.511,11.475,11.238,10.625,10.54,9.658,9.118,9.289,8.433,7.43,7.318,6.286,5.625,4.521,3.472,2.354,1.415,0.717,0.382,0.287,0.296,0.113,0.114,0.116,0.098,0,0.02,0.041,0,0.016,0,0,0,0
2026-08-29 10:33:00,1,"Normal Scan","Normal Scan",0,"ON",1,1,1,736.8,5,20,96.7,51.3,6.95939e-08,1.81809e-05,4.97,8954.6,8.8,736.5,1,"Up Scan","Positive",254,0,4.37,1.6,8,8,0,1,1,21.238,40.496,26.492,9.647,2.354,2162.93,47,21.1,NA,0,0,0,0,0,0,0,0,0,0,0,0,0,0,0,0,0,0,0,0,0,0,0,0,0,0,0,0,0,0,0,162.422,121.397,141.214,101.461,101.255,84.768,79.459,71.827,68.22,61.575,64.014,53.018,49.656,43.67,40.471,44.637,40.657,43.038,49.154,48.236,47.526,48.492,50.24,50.802,50.637,49.68,41.988,36.529,31.833,27.587,22.774,21.908,20.787,20.377,15.378,16.222,16.094,14.031,16.163,14.085,15.239,13.408,11.27,12.734,7.584,7.182,4.267,3.429,1.497,1.132,0.569,0.448,0.15,0.139,0.286,0.099,0.05,0.041,0.122,0,0,0,0,0,0,0,0,0,0,0,0,0,0,0,0,0,0,0,0,0,0,0,0,0,0,0,0,0,0,0,0,0,0,0,0,1.443,2.105,2.241,3.591,3.343,4.186,4.349,4.888,5.207,5.772,5.938,6.999,6.517,6.822,6.692,6.866,8.279,8.318,9.599,11.803,12.601,13.377,14.447,15.793,16.802,17.569,18.137,16.422,15.173,14.174,12.917,11.697,11.865,12.024,12.125,10.405,10.71,10.283,9.602,9.559,8.353,8.256,6.951,5.729,6.224,3.703,3.382,2.053,1.635,0.725,0.503,0.292,0.199,0.08,0.057,0.116,0.039,0.02,0.015,0.045,0,0.017,0,0,0,0
2026-08-29 10:38:00,1,"Normal Scan","Normal Scan",0,"ON",1,1,1,737.2,5,20.5,96.7,50.9,6.97451e-08,1.82049e-05,4.97,8954.6,8.8,736.5,1,"Up Scan","Positive",254,0,4.37,1.6,8,8,0,1,1,20.397,39.247,25.839,9.647,2.326,2342.11,47,21.2,NA,0,0,0,0,0,0,0,0,0,0,0,0,0,0,0,0,0,0,0,0,0,0,0,0,0,0,0,0,0,0,0,166.23,151.781,137.721,117.504,109.988,101.96,98.916,82.794,79.621,68.802,62.384,53.206,51.041,50.308,46.629,43.475,47.67,48.103,49.321,52.082,55.868,56.806,52.263,51.566,50.706,51.888,43.662,36.025,30.167,27.76,24.11,22.782,21.285,20.183,19.695,16.285,17.378,15.782,14.707,12.428,15.407,14.607,12.022,10.869,8.862,7.356,4.724,2.458,1.655,1.425,0.712,0.353,0.318,0.093,0.048,0.098,0.051,0,0,0.169,0,0,0,0,0,0,0,0,0,0,0,0,0,0,0,0,0,0,0,0,0,0,0,0,0,0,0,0,0,0,0,0,0,0,0,1.629,2.141,2.827,3.479,3.866,4.576,5.219,6.084,5.991,6.694,6.641,6.816,6.557,7.034,7.676,7.88,8.119,9.728,10.657,11.85,13.514,15.519,16.688,16.358,16.984,17.683,18.96,17.048,15.007,13.61,13.212,12.346,12.52,12.128,11.807,12.33,10.929,11.05,10.062,9.035,7.627,8.373,7.404,6.112,5.397,4.274,3.517,2.198,1.196,0.745,0.646,0.31,0.185,0.15,0.038,0.019,0.039,0.02,0,0,0.062,0,0,0,0,0
2026-08-29 10:43:00,1,"Normal Scan","Normal Scan",0,"ON",1,1,1,736.9,5,20.1,96.7,51.3,6.96241e-08,1.81857e-05,4.97,8954.6,8.8,736.5,1,"Up Scan","Positive",254,0,4.37,1.6,8,8,0,1,1,22.773,40.737,27.113,10.366,2.324,2180.05,47,21.1,NA,0,0,0,0,0,0,0,0,0,0,0,0,0,0,0,0,0,0,0,0,0,0,0,0,0,0,0,0,0,0,0,130.78,131.729,127.167,99.732,102.968,88.212,73.95,73.264,66.01,63.042,59.941,52.927,48.362,47.818,51.175,44.668,49.635,51.221,52.891,55.729,54.02,54.038,53.369,51.228,48.304,48.239,41.647,39.91,28.878,26.309,24.112,21.103,20.254,21.431,19.981,19.514,16.804,16.99,17.168,13.929,12.698,11.115,12.023,9.451,8.341,6.151,3.771,3.196,1.966,0.822,0.834,0.441,0.258,0.092,0.286,0.049,0.051,0.053,0,0,0,0,0,0,0,0,0,0,0,0,0,0,0,0,0,0,0,0,0,0,0,0,0,0,0,0,0,0,0,0,0,0,0,0,0,1.474,1.681,2.424,3.252,3.285,4.276,4.501,4.541,5.306,5.543,6.095,6.54,6.513,6.681,7.322,8.642,8.336,10.092,11.326,12.632,14.317,14.974,15.979,16.737,16.872,16.812,17.712,16.299,16.466,13.265,12.873,12.492,11.73,11.968,12.503,11.929,11.675,10.682,10.338,10.042,8.054,7.073,5.905,6.074,4.681,4.051,2.951,1.779,1.53,0.884,0.395,0.365,0.189,0.109,0.038,0.116,0.02,0.02,0.02,0,0,0,0,0,0,0
2026-08-29 10:48:00,1,"Normal Scan","Normal Scan",0,"ON",1,1,1,737,5,20.2,96.7,50.7,6.96543e-08,1.81905e-05,4.97,8954.6,8.8,736.5,1,"Up Scan","Positive",254,0,4.37,1.6,8,8,0,1,1,22.014,39.221,26.24,9.647,2.306,2187.32,47,21.1,NA,0,0,0,0,0,0,0,0,0,0,0,0,0,0,0,0,0,0,0,0,0,0,0,0,0,0,0,0,0,0,0,175.249,148.832,117.334,96.543,91.284,80.688,76.397,69.971,60.155,63.64,56.381,59.832,48.158,49.287,47.351,49.572,47.094,52.199,55.204,55.354,55.558,53.179,54.08,51.668,51.496,47.545,38.102,34.265,31.525,27.873,24.247,22.034,19.664,19.051,16.624,15.415,15.849,15.578,13.849,12.232,11.499,12.315,9.778,10.425,6.804,5.463,4.017,2.399,1.389,0.759,0.638,0.431,0.365,0.138,0.213,0.172,0.103,0.053,0,0,0,0,0,0,0,0,0,0,0,0,0,0,0,0,0,0,0,0,0,0,0,0,0,0,0,0,0,0,0,0,0,0,0,0,0,1.691,2.24,2.751,2.969,3.193,3.775,4.126,4.694,5.072,5.07,6.148,6.179,7.364,6.646,7.545,8.016,9.218,9.596,11.549,13.154,14.286,15.375,15.583,16.816,17.048,17.904,17.46,15.018,14.348,13.91,13.033,12.115,11.893,11.311,10.998,10.257,9.918,9.791,9.679,8.233,7.116,6.404,6.402,4.881,5.149,3.327,2.675,1.898,1.183,0.672,0.359,0.292,0.185,0.188,0.057,0.087,0.069,0.04,0.02,0,0,0.033,0,0,0,0
2026-08-29 10:53:00,1,"Normal Scan","Normal Scan",0,"ON",1,1,1,737,5,20.3,96.7,51,6.96846e-08,1.81953e-05,4.97,8954.6,8.8,736.5,1,"Up Scan","Positive",254,0,4.37,1.6,8,8,0,1,1,19.707,37.174,24.838,9.647,2.285,2311.42,46,21.1,NA,0,0,0,0,0,0,0,0,0,0,0,0,0,0,0,0,0,0,0,0,0,0,0,0,0,0,0,0,0,0,0,179.307,159.762,141.199,139.355,116.19,95.362,82.707,78.461,76.306,62.581,59.721,50.059,49.52,47.747,46.888,50.602,47.62,48.503,53.586,53.673,53.224,53.172,52.461,51.907,46.65,43.107,42.458,35.867,31.291,25.106,24.564,22.541,20.932,18.252,17.277,16.565,14.273,14.362,12.446,12.207,11.789,11.266,9.962,7.62,8.129,4.429,3.283,2.719,1.07,1.004,0.799,0.166,0.495,0.323,0.097,0.2,0.1,0.053,0.054,0.056,0,0,0,0,0,0,0,0,0,0,0,0,0,0,0,0,0,0,0,0,0,0,0,0,0,0,0,0,0,0,0,0,0,0,0,1.702,2.34,2.988,3.561,4.61,4.812,4.886,5.091,5.681,6.415,6.017,6.535,6.179,6.809,7.313,7.933,9.389,9.672,10.739,12.784,13.781,14.677,15.694,16.409,17.099,16.228,16.005,16.58,14.892,13.91,11.965,12.156,11.994,11.494,10.606,10.471,10.231,9.011,8.684,7.673,6.916,6.422,5.887,5.103,3.846,3.917,2.22,1.607,1.286,0.566,0.467,0.365,0.074,0.226,0.134,0.039,0.079,0.039,0.02,0.02,0.021,0.016,0,0,0,0
2026-08-29 10:58:00,1,"Normal Scan","Normal Scan",0,"ON",1,1,1,736.9,5,20.1,96.7,50.4,6.96241e-08,1.81857e-05,4.97,8954.6,8.8,736.5,1,"Up Scan","Positive",254,0,4.37,1.6,8,8,0,1,1,22.018,39.949,26.705,9.647,2.319,2271.62,46,21.1,NA,0,0,0,0,0,0,0,0,0,0,0,0,0,0,0,0,0,0,0,0,0,0,0,0,0,0,0,0,0,0,0,153.56,124.041,140.281,117.965,102.571,96.999,94.323,69.051,68.008,64.07,54.84,52.28,48.274,47.048,46.451,43.36,47.876,49.818,52.193,55.056,57.077,55.09,53.685,50.912,52.563,49.93,46.388,41.513,37.676,33.78,29.69,23.828,21.383,22.144,19.752,19.428,16.328,16.006,15.802,14.089,12.111,11.339,10.904,8.834,7.063,5.425,3.789,2.608,1.313,0.776,0.632,0.522,0.405,0.415,0.095,0.098,0.052,0.052,0,0.056,0,0,0,0,0,0,0,0,0,0,0,0,0,0,0,0,0,0,0,0,0,0,0,0,0,0,0,0,0,0,0,0,0,0,0,1.774,1.98,2.325,3.5,3.9,4.26,4.958,5.781,4.998,5.721,6.192,6,6.45,6.657,7.199,7.866,8.127,9.747,11.017,12.494,14.245,15.803,16.411,16.966,17.162,18.566,18.53,18.036,17.144,16.614,15.697,14.733,12.701,12.124,12.729,11.667,11.552,10.221,9.647,9.07,7.954,6.76,5.941,5.467,4.349,3.48,2.664,1.854,1.242,0.619,0.375,0.275,0.241,0.188,0.172,0.039,0.039,0.02,0.02,0,0.021,0.017,0,0,0,0
2026-08-29 11:03:00,1,"Normal Scan","Normal Scan",0,"ON",1,1,1,737.1,5,20.4,96.7,50.4,6.97148e-08,1.82001e-05,4.97,8954.6,8.8,736.5,1,"Up Scan","Positive",254,0,4.37,1.6,8,8,0,1,1,20.115,36.464,24.913,9.647,2.245,3036.61,46,21.2,NA,0,0,0,0,0,0,0,0,0,0,0,0,0,0,0,0,0,0,0,0,0,0,0,0,0,0,0,0,0,0,0,237.826,192.228,162.035,168.353,155.694,129.283,123.718,102.991,97.946,91.768,81.111,79.31,70.261,65.893,64.962,64.616,64.575,67.789,64.112,65.792,66.209,62.565,63.755,68.138,68.086,62.888,61.294,55.02,47.485,39.074,33.803,31.109,28.196,23.53,22.892,19.57,18.158,16.201,14.649,14.611,13.083,11.689,10.836,9.266,7.367,6.467,3.688,2.637,1.248,0.886,0.8,0.301,0.276,0.275,0.143,0.049,0,0.052,0.054,0,0,0,0,0,0,0,0,0,0,0,0,0,0,0,0,0,0,0,0,0,0,0,0,0,0,0,0,0,0,0,0,0,0,0,0,1.889,3.074,3.572,4.099,5.546,6.46,6.613,7.627,7.451,8.251,8.835,8.882,9.756,9.658,10.045,10.955,11.938,13.037,14.92,15.412,17.132,18.481,18.875,20.349,22.718,23.865,23.118,23.885,22.309,20.524,17.977,16.364,15.876,14.981,13.402,13.188,11.832,11.07,9.737,8.827,8.28,7.088,6.079,5.452,4.609,3.563,3.112,1.775,1.255,0.586,0.41,0.365,0.13,0.15,0.114,0.058,0.02,0,0.02,0.02,0,0.032,0,0,0,0
2026-08-29 11:08:00,1,"Normal Scan","Normal Scan",0,"ON",1,1,1,736.8,5,20,96.7,50,6.95939e-08,1.81809e-05,4.97,8954.6,8.8,736.5,1,"Up Scan","Positive",254,0,4.37,1.6,8,8,0,1,1,15.702,30.809,21.12,10.366,2.152,3738.47,46,21.1,NA,0,0,0,0,0,0,0,0,0,0,0,0,0,0,0,0,0,0,0,0,0,0,0,0,0,0,0,0,0,0,0,305.24,307.348,284.201,274.733,260.991,211.579,183.854,162.17,129,110.045,98.435,82.535,72.672,71.395,64.519,60.273,60.232,62.142,60.973,61.587,61.175,61.805,60.781,60.287,63.812,57.688,55.029,47.792,41.055,35.155,29.979,28.003,22.714,20.328,20.117,16.741,18.802,16.839,15.51,14.814,12.809,11.312,9.196,8.726,7.505,4.912,3.565,2.87,1.483,1.007,0.631,0.398,0.446,0.388,0.458,0.098,0.153,0.053,0.055,0.056,0,0,0,0,0,0,0,0,0,0,0,0,0,0,0,0,0,0,0,0,0,0,0,0,0,0,0,0,0,0,0,0,0,0,0,2.573,3.971,5.689,7.209,9.072,10.794,10.803,11.292,11.742,10.846,10.593,10.738,10.125,9.974,10.853,10.857,11.163,12.199,13.685,14.626,16.041,17.079,18.423,19.237,20.081,22.281,21.228,21.201,19.462,17.84,16.066,14.881,14.577,12.68,12.059,11.943,10.358,10.978,10.007,9.097,8.28,7.016,5.966,4.75,4.367,3.654,2.423,1.813,1.438,0.695,0.467,0.292,0.204,0.188,0.16,0.186,0.039,0.06,0.02,0.02,0.021,0,0,0,0,0
2026-08-29 11:13:00,1,"Normal Scan","Normal Scan",0,"ON",1,1,1,737.1,5,20.4,96.7,50,6.97148e-08,1.82001e-05,4.97,8954.6,8.8,736.5,1,"Up Scan","Positive",254,0,4.37,1.6,8,8,0,1,1,19.59,35.476,24.335,9.647,2.212,3111.8,45,21.2,NA,0,0,0,0,0,0,0,0,0,0,0,0,0,0,0,0,0,0,0,0,0,0,0,0,0,0,0,0,0,0,0,226.141,194.666,182.934,170.158,153.868,136.721,128.908,111.285,115.791,103.583,97.096,91.09,80.547,74.776,68.876,63.361,66.997,59.411,69.56,66.192,62.942,65.998,63.429,65.737,62.203,60.19,58.535,51.348,44.359,37.097,32.203,26.969,24.931,22.443,20.765,18.551,17.966,15.554,14.626,15.361,12.277,10.827,10.403,9.209,6.571,6.196,3.862,2.934,2.247,1.346,0.767,0.687,0.402,0.461,0.191,0.1,0.102,0.053,0,0,0,0,0,0,0,0,0,0,0,0,0,0,0,0,0,0,0,0,0,0,0,0,0,0,0,0,0,0,0,0,0,0,0,0,0,2.075,2.913,3.587,4.613,5.64,6.386,7.005,7.935,8.07,9.755,9.988,10.606,11.169,11.038,11.388,11.576,11.711,13.541,13.158,16.596,17.121,17.575,19.666,20.097,21.91,21.841,22.114,22.575,20.892,19.087,16.992,15.819,13.994,13.725,12.85,12.16,11.158,10.87,9.568,8.698,8.677,6.871,5.933,5.4,4.615,3.33,3.017,1.892,1.391,1.064,0.607,0.347,0.296,0.169,0.191,0.077,0.039,0.04,0.02,0,0,0,0,0,0,0
2026-08-29 11:18:00,1,"Normal Scan","Normal Scan",0,"ON",1,1,1,736.8,5,20,96.7,49.8,6.95939e-08,1.81809e-05,4.97,8954.6,8.8,736.5,1,"Up Scan","Positive",254,0,4.37,1.6,8,8,0,1,1,20.544,36.527,25.071,9.647,2.215,3001.26,46,21,NA,0,0,0,0,0,0,0,0,0,0,0,0,0,0,0,0,0,0,0,0,0,0,0,0,0,0,0,0,0,0,0,210.037,176.192,152.243,147.531,133.896,135.027,125.84,111.659,115.273,102.359,90.847,87.876,77.452,75.499,71.232,69.475,71.294,67.37,67.414,69.553,65.328,65.937,65.742,61.611,64.258,60.909,55.167,47.39,41.744,34.814,31.117,27.215,22.984,22.25,20.544,18.722,18.431,16.342,17.262,13.762,12.173,11.164,10.553,9.789,7.467,6.655,4.881,3.108,1.675,0.903,1.003,0.71,0.4,0.325,0.287,0.196,0.05,0.159,0.11,0.056,0,0,0,0,0,0,0,0,0,0,0,0,0,0,0,0,0,0,0,0,0,0,0,0,0,0,0,0,0,0,0,0,0,0,0,2.077,2.689,3.263,3.865,4.88,5.572,6.941,7.716,8.095,9.703,9.863,9.947,10.812,10.659,11.493,12.002,12.81,14.368,14.838,16.068,17.956,18.175,19.598,20.663,20.499,22.355,22.286,21.287,19.498,18.046,16.257,15.257,14.169,13.159,12.905,12.077,11.318,11.215,10.073,10.043,8.297,6.806,5.968,5.426,4.986,3.72,3.231,2.36,1.565,0.778,0.431,0.472,0.336,0.169,0.134,0.116,0.078,0.02,0.06,0.041,0.021,0,0,0,0,0
2026-08-29 11:23:00,1,"Normal Scan","Normal Scan",0,"ON",1,1,1,737.2,5,20.5,96.7,49.8,6.97451e-08,1.82049e-05,4.97,8954.6,8.8,736.5,1,"Up Scan","Positive",254,0,4.37,1.6,8,8,0,1,1,22.498,38.603,26.394,9.647,2.253,3084.27,46,21.2,NA,0,0,0,0,0,0,0,0,0,0,0,0,0,0,0,0,0,0,0,0,0,0,0,0,0,0,0,0,0,0,0,204.978,168.753,171.634,152.692,136.949,116.194,105.742,106.359,105.65,86.029,83.664,83.06,80.861,70.724,75.243,74.05,71.4,72.318,75.815,71.939,72.318,75.369,75.365,78.328,74.479,68.99,62.341,57.694,48.712,42.548,37.459,30.63,26.841,24.217,23.354,23.149,20.102,18.093,16.78,15.41,13.969,11.78,10.663,8.42,8.733,6.471,5.898,3.14,2.752,2.081,1.463,0.871,0.537,0.324,0.429,0.295,0.101,0.052,0,0.056,0,0,0,0,0,0,0,0,0,0,0,0,0,0,0,0,0,0,0,0,0,0,0,0,0,0,0,0,0,0,0,0,0,0,0,1.89,2.627,3.125,4.334,5.008,5.687,5.965,6.504,7.707,8.893,8.297,9.151,10.217,11.114,10.814,12.633,13.677,14.47,15.985,18.182,18.732,20.172,22.37,23.771,25.851,26.056,25.374,24.088,23.407,20.975,19.729,18.19,15.874,14.797,13.87,13.693,13.416,12.156,10.71,10.227,9.109,7.968,6.507,5.82,4.465,4.406,3.185,2.829,1.578,1.318,0.94,0.638,0.389,0.244,0.134,0.174,0.118,0.04,0.02,0,0.021,0.015,0,0,0,0
2026-08-29 11:28:00,1,"Normal Scan","Normal Scan",0,"ON",1,1,1,736.7,5,20,96.6,49.8,6.96659e-08,1.81809e-05,4.97,8954.6,8.8,736.5,1,"Up Scan","Positive",254,0,4.37,1.6,8,8,0,1,1,20.999,37.55,25.445,9.647,2.264,3390.75,46,21,NA,0,0,0,0,0,0,0,0,0,0,0,0,0,0,0,0,0,0,0,0,0,0,0,0,0,0,0,0,0,0,0,273.022,216.328,182.059,173.385,141.868,138.453,127.577,113.262,102.455,103.27,97.453,89.303,77.943,76.956,75.889,79.298,74.819,75.784,78.898,78.177,81.012,77.267,74.732,74.87,69.619,72.237,66.101,63.055,52.562,46.489,38.936,34.703,29.508,26.256,26.783,21.052,21.832,17.886,18.346,15.578,13.894,14.174,12.282,10.581,8.785,7.769,5.898,3.396,3.256,1.876,1.378,0.82,0.407,0.398,0.353,0.248,0.103,0,0.054,0.057,0,0,0,0,0,0,0,0,0,0,0,0,0,0,0,0,0,0,0,0,0,0,0,0,0,0,0,0,0,0,0,0,0,0,0,2.117,3.497,4.019,4.605,5.76,5.878,7.094,7.861,8.208,8.633,9.974,10.685,10.967,10.73,11.748,12.797,14.686,15.151,16.716,18.808,20.16,22.482,22.998,23.805,25.02,24.677,26.675,25.62,25.5,22.802,21.258,18.921,17.662,16.091,14.994,15.293,13.059,13.261,11.134,10.966,9.531,8.005,7.606,6.553,5.467,4.377,3.755,2.856,1.652,1.52,0.862,0.62,0.353,0.188,0.164,0.143,0.098,0.04,0,0.02,0.021,0,0,0,0,0
2026-08-29 11:33:00,1,"Normal Scan","Normal Scan",0,"ON",1,1,1,737.1,5,20.5,96.6,49.6,6.98173e-08,1.82049e-05,4.97,8954.6,8.8,736.5,1,"Up Scan","Positive",254,0,4.37,1.6,8,8,0,1,1,20.262,35.118,24.362,9.647,2.19,4123.81,46,21.2,NA,0,0,0,0,0,0,0,0,0,0,0,0,0,0,0,0,0,0,0,0,0,0,0,0,0,0,0,0,0,0,0,310.47,290.352,215.211,202.091,197.881,177.282,153.31,152.947,138.279,132.7,114.326,116.432,110.871,106.19,99.662,104.257,99.767,97.669,100.099,95.576,94.044,88.86,91.068,83.197,79.621,74.281,71.788,63.415,54.706,50.493,44.832,38.696,32.178,30.729,25.88,24.107,20.768,21.765,17.401,15.409,14.392,12.868,13.489,10.657,9.987,6.146,4.868,4.231,2.893,2.117,0.768,0.781,0.673,0.745,0.276,0.148,0.051,0,0.109,0,0,0,0,0,0,0,0,0,0,0,0,0,0,0,0,0,0,0,0,0,0,0,0,0,0,0,0,0,0,0,0,0,0,0,0,2.678,3.986,5.363,5.476,6.622,8.164,9.077,9.386,11.057,11.649,12.789,12.53,14.335,15.225,16.186,16.75,19.194,20.078,21.436,23.686,24.43,25.889,26.284,28.449,27.669,28.13,27.723,27.792,26.029,23.843,22.894,21.406,19.393,17.499,16.838,14.99,14.217,12.92,12.899,10.76,8.878,8.193,7.221,7.058,5.343,4.965,3.094,2.444,1.998,1.366,0.942,0.35,0.352,0.301,0.309,0.112,0.059,0.02,0,0.041,0,0.016,0,0,0,0
2026-08-29 11:38:00,1,"Normal Scan","Normal Scan",0,"ON",1,1,1,736.7,5,19.9,96.6,50,6.96356e-08,1.81761e-05,4.97,8954.6,8.8,736.5,1,"Up Scan","Positive",254,0,4.37,1.6,8,8,0,1,1,18.948,34.959,23.898,11.14,2.212,3769.99,46,21,NA,0,0,0,0,0,0,0,0,0,0,0,0,0,0,0,0,0,0,0,0,0,0,0,0,0,0,0,0,0,0,0,255.46,251.918,257.593,225.342,196.171,169.391,159.105,143.807,124.767,116.694,105.104,103.173,92.248,88.078,85.55,78.858,78.726,72.825,81.667,77.76,77.982,80.253,79.471,72.446,73.425,70.653,67.147,58.769,47.431,46.838,39.136,32.889,28.968,25.581,25.177,22.4,21.155,19.118,17.355,15.898,14.536,13.51,11.548,11.009,8.367,8.009,5.898,4.006,1.93,1.418,1.141,0.82,0.454,0.462,0.238,0.15,0,0,0.162,0,0,0,0,0,0,0,0,0,0,0,0,0,0,0,0,0,0,0,0,0,0,0,0,0,0,0,0,0,0,0,0,0,0,0,0,2.812,3.299,4.68,6.511,7.46,8.15,8.68,9.798,10.414,10.525,11.273,11.505,12.667,12.658,13.417,14.366,14.577,15.922,16.145,19.411,20.109,21.686,23.82,24.992,24.118,25.865,26.102,25.92,23.94,20.809,21.299,19.021,17.027,15.913,14.645,14.634,13.587,12.826,11.723,10.39,9.506,8.362,7.203,6.004,5.549,4.192,3.869,2.886,1.882,0.937,0.63,0.546,0.352,0.226,0.191,0.097,0.059,0,0,0.061,0,0.035,0,0,0,0
2026-08-29 11:43:00,1,"Normal Scan","Normal Scan",0,"ON",1,1,1,737,5,20.4,96.6,49.8,6.9787e-08,1.82001e-05,4.97,8954.6,8.8,736.5,1,"Up Scan","Positive",254,0,4.37,1.6,8,8,0,1,1,18.787,34.366,23.493,9.647,2.203,3776.01,46,21.1,NA,0,0,0,0,0,0,0,0,0,0,0,0,0,0,0,0,0,0,0,0,0,0,0,0,0,0,0,0,0,0,0,287.164,273.551,239.466,219.986,193.258,177.173,151.603,137.755,119.246,118.771,109.168,102.155,101.917,94.408,92.563,81.769,79.918,75.062,74.696,74.29,73.781,79.38,76.328,72.986,72.21,69.13,62.838,56.526,46.687,42.377,36.716,31.65,28.837,25.432,22.649,21.649,20.889,18.748,16.143,15.112,14.507,11.395,11.065,10.521,7.676,8.049,6.668,4.085,3.671,1.327,1.133,0.35,0.582,0.323,0.048,0.05,0.357,0.159,0.054,0,0,0,0,0,0,0,0,0,0,0,0,0,0,0,0,0,0,0,0,0,0,0,0,0,0,0,0,0,0,0,0,0,0,0,0,3.063,3.686,5.065,6.075,7.183,7.977,9.092,9.329,9.971,10.037,11.459,11.929,12.545,13.962,14.323,15.462,15.051,16.144,16.556,17.853,19.246,20.556,23.459,23.991,24.197,25.303,25.416,24.345,23.045,20.404,19.409,17.905,16.4,15.516,14.493,13.514,12.852,12.647,11.437,9.956,9.103,8.476,6.455,5.906,5.308,3.775,3.961,3.175,1.873,1.739,0.648,0.538,0.151,0.263,0.134,0.019,0.02,0.139,0.06,0.02,0,0.016,0,0,0,0
2026-08-29 11:48:00,1,"Normal Scan","Normal Scan",0,"ON",1,1,1,736.7,5,20,96.6,50.4,6.96659e-08,1.81809e-05,4.97,8954.6,8.8,736.5,1,"Up Scan","Positive",254,0,4.37,1.6,8,8,0,1,1,18.566,33.247,23.038,9.647,2.158,4092.26,46,21,NA,0,0,0,0,0,0,0,0,0,0,0,0,0,0,0,0,0,0,0,0,0,0,0,0,0,0,0,0,0,0,0,318.19,269.502,237.564,248.765,220.735,191.954,182.763,160.249,141.437,128.905,119.449,116.67,107.436,105.411,106.531,97.734,104.071,95.224,88.603,86.228,85.428,76.045,73.965,70.178,70.062,64.794,61.162,56.479,48.03,40.23,34.437,31.213,26.197,24.424,23.896,21.367,20.537,17.448,16.819,16.244,14.901,13.015,12.35,11.205,9.574,7.679,6.256,4.106,2.643,1.363,0.805,0.515,0.548,0.322,0.19,0.197,0.051,0.053,0.054,0.057,0,0,0,0,0,0,0,0,0,0,0,0,0,0,0,0,0,0,0,0,0,0,0,0,0,0,0,0,0,0,0,0,0,0,0,2.543,4.133,5.04,6.014,8.2,9.17,9.813,11.217,11.622,11.905,12.466,13.095,14.352,14.763,16.017,17.824,17.956,20.78,20.731,20.895,22.046,23.372,22.533,23.332,23.388,24.409,23.899,23.784,22.881,20.71,18.725,17.043,16.129,14.612,14.252,14.197,13.05,12.705,11.054,10.393,9.716,8.492,7.127,6.324,5.613,4.656,3.757,3,1.94,1.233,0.62,0.383,0.222,0.263,0.134,0.077,0.078,0.02,0.02,0.02,0.021,0.017,0,0,0,0
2026-08-29 11:53:00,1,"Normal Scan","Normal Scan",0,"ON",1,1,1,737,5,20.3,96.6,50,6.97567e-08,1.81953e-05,4.97,8954.6,8.8,736.5,1,"Up Scan","Positive",254,0,4.37,1.6,8,8,0,1,1,17.455,32.303,22.16,9.647,2.163,4221.08,47,21.1,NA,0,0,0,0,0,0,0,0,0,0,0,0,0,0,0,0,0,0,0,0,0,0,0,0,0,0,0,0,0,0,0,355.327,312.966,290.896,278.216,236.813,189.974,172.368,166.409,148.325,136.065,128.918,114.437,115.895,107.972,100.94,92.439,85.425,84.176,82.461,77.543,75.428,76.238,68.778,65.571,64.938,64.427,60.192,55.406,47.518,40.712,37.209,30.372,29.269,26.14,23.448,20.897,17.809,18.265,15.723,16.969,14.453,13.711,13.767,12.406,9.028,7.648,5.602,3.935,2.332,1.31,1.514,0.706,0.562,0.185,0.3,0.235,0.408,0.053,0.054,0,0,0,0,0,0,0,0,0,0,0,0,0,0,0,0,0,0,0,0,0,0,0,0,0,0,0,0,0,0,0,0,0,0,0,0,3.344,4.607,5.776,7.339,9.177,9.811,9.741,10.576,12.066,12.499,13.14,14.1,14.049,15.858,16.368,16.841,16.967,17.178,18.33,19.467,19.875,20.863,22.511,21.842,22.006,22.943,23.761,23.496,22.704,20.518,18.835,18.013,15.678,15.841,15.111,13.983,12.952,11.719,11.588,9.806,9.843,8.403,7.404,7.007,6.284,4.514,3.757,2.653,1.892,1.15,0.646,0.693,0.303,0.238,0.076,0.121,0.093,0.159,0.02,0.02,0,0,0,0,0,0
2026-08-29 11:58:00,1,"Normal Scan","Normal Scan",0,"ON",1,1,1,736.8,5,20.1,96.6,50.6,6.96962e-08,1.81857e-05,4.97,8954.6,8.8,736.5,1,"Up Scan","Positive",254,0,4.37,1.6,8,8,0,1,1,16.96,31.121,21.516,9.647,2.132,4385.27,46,21,NA,0,0,0,0,0,0,0,0,0,0,0,0,0,0,0,0,0,0,0,0,0,0,0,0,0,0,0,0,0,0,0,389.755,348.477,312.942,272.184,230.868,213.77,190.252,182.075,161.025,145.681,134.839,124.912,116.846,108.117,100.983,99.381,93.023,87.136,82.647,77.404,74.563,72.621,71.55,67.822,65.899,59.159,58.746,52.399,44.149,39.065,31.23,28.269,27.172,24.057,20.644,20.79,19.354,17.547,16.094,16.044,15.253,13.012,12.469,11.355,8.993,7.327,5.563,3.709,2.925,1.824,1.131,0.614,0.537,0.231,0.047,0.296,0.153,0.053,0.054,0.226,0,0,0,0,0,0,0,0,0,0,0,0,0,0,0,0,0,0,0,0,0,0,0,0,0,0,0,0,0,0,0,0,0,0,0,3.986,5.016,6.512,7.945,9.008,9.573,10.909,11.697,13.186,13.546,14.03,14.729,15.371,16.012,16.386,16.863,18.184,18.594,18.986,19.541,19.819,20.528,21.525,22.471,22.518,23.008,21.863,22.698,21.493,19.189,17.951,15.631,14.921,14.804,14.095,12.801,12.78,12.177,11.05,9.974,9.517,8.568,7.123,6.574,5.712,4.443,3.593,2.649,1.773,1.396,0.844,0.511,0.296,0.244,0.095,0.019,0.118,0.06,0.02,0.02,0.082,0,0,0,0,0
2026-08-29 12:03:00,1,"Normal Scan","Normal Scan",0,"ON",1,1,1,737,5,20.3,96.6,50.1,6.97567e-08,1.81953e-05,4.97,8954.6,8.8,736.5,1,"Up Scan","Positive",254,0,4.37,1.6,8,8,0,1,1,19.117,34.322,23.525,9.647,2.191,3729.8,47,21,NA,0,0,0,0,0,0,0,0,0,0,0,0,0,0,0,0,0,0,0,0,0,0,0,0,0,0,0,0,0,0,0,304.866,255.683,213.833,205.682,177.537,158.583,153.66,138.528,133.107,123.85,115.241,105.897,106.467,98.551,97.985,91.785,86.371,83.231,81.283,80.569,74.662,73.403,66.518,66.179,64.558,63.04,57.258,51.244,44.866,38.213,32.981,29.72,27.061,25.383,23.262,22.872,19.64,18.463,17.139,15.57,15.327,12.426,13.151,10.89,9.513,7.233,5.577,3.759,2.063,1.665,1.119,0.723,0.401,0.414,0.287,0.297,0.103,0.053,0.055,0,0,0,0,0,0,0,0,0,0,0,0,0,0,0,0,0,0,0,0,0,0,0,0,0,0,0,0,0,0,0,0,0,0,0,0,2.627,3.959,4.743,5.426,6.75,7.361,8.109,9.475,10.033,11.214,11.937,12.612,13.029,14.582,14.977,16.38,16.833,17.318,18.129,19.218,20.573,20.62,21.642,21.05,22.061,22.564,23.189,22.382,21.017,19.754,17.856,16.375,15.706,14.896,14.599,14.012,13.554,12.355,11.47,10.482,9.191,8.579,6.778,6.7,5.593,4.73,3.517,2.69,1.79,1.007,0.77,0.512,0.315,0.169,0.172,0.116,0.118,0.04,0.02,0.02,0,0,0,0,0,0
2026-08-29 12:08:00,1,"Normal Scan","Normal Scan",0,"ON",1,1,1,736.9,5,20.2,96.6,50.6,6.97264e-08,1.81905e-05,4.97,8954.6,8.8,736.5,1,"Up Scan","Positive",254,0,4.37,1.6,8,8,0,1,1,20.699,36.71,25.071,9.647,2.221,3392.57,47,21,NA,0,0,0,0,0,0,0,0,0,0,0,0,0,0,0,0,0,0,0,0,0,0,0,0,0,0,0,0,0,0,0,236.922,190.14,177.61,173.486,156.651,141.523,132.729,128.175,122.1,112.63,114.102,104.371,94.087,94.342,87.552,83.586,82.708,79.327,77.047,73.765,75.541,68.626,67.386,67.225,68.7,62.079,60.497,50.989,42.526,35.69,33.228,31.595,29.801,26.112,24.55,24.535,20.479,20.193,16.401,15.664,15.043,13.295,13.83,11.244,9.137,8.339,5.537,3.91,3.027,1.569,1.061,0.59,0.266,0.508,0.094,0.344,0.051,0,0.055,0,0,0,0,0,0,0,0,0,0,0,0,0,0,0,0,0,0,0,0,0,0,0,0,0,0,0,0,0,0,0,0,0,0,0,0,2.471,3.075,3.546,4.485,5.693,6.514,7.236,8.157,9.278,10.302,10.869,12.492,12.832,12.906,14.314,14.673,15.401,16.586,17.326,18.277,19.046,20.845,20.444,21.197,22.275,23.91,22.842,23.594,21.235,18.945,17.143,16.717,16.593,16.179,14.865,14.57,14.534,12.904,12.337,10.221,9.406,8.482,7.293,7.19,5.639,4.494,3.96,2.71,1.844,1.411,0.7,0.474,0.259,0.113,0.21,0.039,0.137,0.02,0,0.02,0,0,0,0,0,0
2026-08-29 12:13:00,1,"Normal Scan","Normal Scan",0,"ON",1,1,1,736.9,5,20.2,96.6,50.2,6.97264e-08,1.81905e-05,4.97,8954.6,8.8,736.5,1,"Up Scan","Positive",254,0,4.37,1.6,8,8,0,1,1,21.198,36.757,25.162,9.647,2.216,3455.41,47,21.1,NA,0,0,0,0,0,0,0,0,0,0,0,0,0,0,0,0,0,0,0,0,0,0,0,0,0,0,0,0,0,0,0,245.115,214.651,172.601,151.37,154.212,138.638,131.794,126.449,116.524,116.196,111.603,114.53,106.592,100.507,96.069,98.333,87.686,79.879,78.777,76.903,69.457,73.396,70.327,68.05,62.098,60.864,57.799,52.305,45.126,37.703,36.201,33.269,29.295,27.36,25.701,24.657,21.327,20.638,19.781,17.358,13.459,13.426,11.953,10.954,9.77,7.458,4.928,3.905,2.577,1.724,1.421,0.99,0.357,0.552,0.333,0.148,0.204,0.053,0.054,0,0,0,0,0,0,0,0,0,0,0,0,0,0,0,0,0,0,0,0,0,0,0,0,0,0,0,0,0,0,0,0,0,0,0,0,2.014,3.187,3.984,4.359,4.986,6.397,7.111,8.112,9.16,9.821,11.219,12.225,14.078,14.597,15.237,16.056,17.95,17.591,17.469,18.678,19.64,19.286,21.641,22.135,22.658,21.851,22.74,22.746,21.611,20.125,18.034,18.035,17.108,16.281,15.861,14.836,14.558,12.904,12.521,11.74,10.099,7.805,7.213,6.322,5.616,4.899,3.614,2.445,1.86,1.219,0.808,0.638,0.426,0.15,0.229,0.135,0.059,0.079,0.02,0.02,0,0,0,0,0,0
2026-08-29 12:18:00,1,"Normal Scan","Normal Scan",0,"ON",1,1,1,736.9,5,20.2,96.6,50.8,6.97264e-08,1.81905e-05,4.97,8954.6,8.8,736.5,1,"Up Scan","Positive",254,0,4.37,1.6,8,8,0,1,1,20.894,37.18,25.213,9.647,2.241,3488.18,47,21.1,NA,0,0,0,0,0,0,0,0,0,0,0,0,0,0,0,0,0,0,0,0,0,0,0,0,0,0,0,0,0,0,0,242.283,199.861,193.271,178.364,162.196,151.592,144.776,117.149,113.34,111.047,106.109,106.943,100.282,93.433,99.116,84.575,81.413,80.51,81.672,73.76,70.28,72.091,69.767,67.659,68.53,63.814,57.175,52.61,47.21,39.198,37.129,31.63,30.966,30.264,30.378,27.262,23.344,23.253,18.252,15.942,14.288,13.9,13.351,11.567,9.387,7.677,6.85,5.163,2.266,2.164,1.215,0.651,0.497,0.139,0.097,0.198,0.05,0.157,0.054,0.056,0,0,0,0,0,0,0,0,0,0,0,0,0,0,0,0,0,0,0,0,0,0,0,0,0,0,0,0,0,0,0,0,0,0,0,2.19,3.137,3.746,4.872,5.855,6.726,7.744,8.879,8.533,9.543,10.724,11.611,13.138,13.75,14.223,16.525,15.53,16.371,17.588,19.347,19.017,19.532,21.274,22.064,22.63,23.933,23.727,22.494,22.129,21.237,18.934,18.608,17.048,17.011,16.79,16.992,15.883,14.231,13.769,11.162,9.706,8.515,7.539,6.954,5.887,4.61,3.747,3.196,2.41,1.086,1.005,0.547,0.296,0.226,0.057,0.039,0.078,0.02,0.06,0.02,0.021,0.017,0,0,0,0
2026-08-29 12:23:00,1,"Normal Scan","Normal Scan",0,"ON",1,1,1,736.9,5,20.2,96.6,50.5,6.97264e-08,1.81905e-05,4.97,8954.6,8.8,736.5,1,"Up Scan","Positive",254,0,4.37,1.6,8,8,0,1,1,21.585,37.913,25.862,10.366,2.242,3660.19,47,21.1,NA,0,0,0,0,0,0,0,0,0,0,0,0,0,0,0,0,0,0,0,0,0,0,0,0,0,0,0,0,0,0,0,206.098,226.513,209.15,180.472,160.842,147.342,135.725,125.355,126.69,119.306,117.123,111.674,107.325,104.466,97.854,89.694,85.955,82.612,78.127,79.416,80.147,79.489,74.189,71.682,76.569,71.523,67.619,62.545,51.782,46.176,40.82,40.505,35.336,31.589,31.01,26.95,24.775,23.017,19.802,19.318,16.377,14.97,14.057,10.536,11.761,7.728,5.736,4.411,3.347,1.41,1.234,0.719,0.405,0.366,0.189,0.148,0.05,0.052,0.109,0,0,0,0,0,0,0,0,0,0,0,0,0,0,0,0,0,0,0,0,0,0,0,0,0,0,0,0,0,0,0,0,0,0,0,0,2.512,2.666,4.194,5.288,5.938,6.687,7.549,8.336,9.11,10.68,11.518,12.815,13.746,14.708,15.846,16.364,16.502,17.291,18.085,18.615,20.545,22.282,23.634,23.613,24.135,26.911,26.555,26.74,25.943,23.003,21.777,20.332,20.789,19.038,17.832,17.857,15.984,14.954,13.672,12.184,11.017,9.321,8.146,7.235,5.402,5.745,3.742,2.76,2.052,1.561,0.64,0.565,0.315,0.188,0.153,0.077,0.059,0.02,0.02,0.041,0,0.017,0,0,0,0
2026-08-29 12:28:00,1,"Normal Scan","Normal Scan",0,"ON",1,1,1,737,5,20.3,96.6,51,6.97567e-08,1.81953e-05,4.97,8954.6,8.8,736.5,1,"Up Scan","Positive",254,0,4.37,1.6,8,8,0,1,1,18.198,32.316,22.599,9.647,2.113,5105.01,47,21.1,NA,0,0,0,0,0,0,0,0,0,0,0,0,0,0,0,0,0,0,0,0,0,0,0,0,0,0,0,0,0,0,0,328.438,295.497,299.232,284.374,272.099,284.087,265.499,241.798,218.689,206.451,200.116,164.389,156.698,149.991,134.89,123.413,110.389,95.093,89.277,84.449,85.492,80.328,80.56,77.621,77.311,72.657,65.306,59.934,53.847,44.969,42.562,38.87,36.466,33.917,33.978,31.521,25.434,22.784,20.848,19.415,16.875,12.992,13.083,12.075,10.633,8.776,7.016,5.596,3.666,2,1.252,1.032,0.544,0.232,0.142,0.098,0.254,0.053,0,0,0,0,0,0,0,0,0,0,0,0,0,0,0,0,0,0,0,0,0,0,0,0,0,0,0,0,0,0,0,0,0,0,0,0,0,2.804,4.232,5.502,7.621,9.382,11.322,14.523,16.325,17.508,18.417,19.93,21.845,20.174,21.368,22.636,22.412,22.492,21.994,20.758,21.185,21.758,23.66,23.782,25.335,25.993,27.094,27.062,25.892,25.134,24.087,21.738,21.223,20.217,19.541,18.851,19.222,17.756,15.19,13.958,12.644,11.39,9.9,7.53,6.897,6.114,5.313,4.262,3.308,2.583,1.746,0.919,0.547,0.445,0.263,0.095,0.058,0.039,0.099,0.02,0,0,0.033,0,0,0,0
2026-08-29 12:33:00,1,"Normal Scan","Normal Scan",0,"ON",1,1,1,736.7,5,20,96.6,50.9,6.96659e-08,1.81809e-05,4.97,8954.6,8.8,736.5,1,"Up Scan","Positive",254,0,4.37,1.6,8,8,0,1,1,17.988,33.461,22.755,9.647,2.195,4673.33,48,21,NA,0,0,0,0,0,0,0,0,0,0,0,0,0,0,0,0,0,0,0,0,0,0,0,0,0,0,0,0,0,0,0,378.364,359.064,284.577,286.263,255.918,229.531,183.354,176.989,159.029,161.846,146.603,134.49,124.561,121.312,111.523,102.057,96.076,90.852,88.207,79.498,82.015,87.771,77.114,76.72,74.973,73.079,65.288,61.385,52.138,45.454,43.416,36.154,38.485,33.661,32.132,30.937,27.724,25.724,21.9,19.702,17.034,15.264,13.124,11.841,11.295,8.635,6.136,4.132,3.789,2.522,1.214,0.775,0.689,0.306,0.382,0.197,0.103,0,0,0,0,0,0,0,0,0,0,0,0,0,0,0,0,0,0,0,0,0,0,0,0,0,0,0,0,0,0,0,0,0,0,0,0,0,0,3.538,4.841,6.685,7.255,9.401,10.61,11.734,11.301,12.84,13.392,15.589,16.018,16.514,17.052,18.377,18.583,18.733,19.325,19.843,20.908,20.558,22.751,25.796,24.5,25.546,26.467,27.21,25.755,25.775,23.442,21.853,21.76,19.511,20.585,19.063,18.328,17.886,16.237,15.102,13.271,11.619,9.534,8.279,7.165,6.037,5.559,4.223,2.934,1.999,1.731,1.15,0.529,0.334,0.29,0.126,0.155,0.078,0.04,0,0,0,0,0,0,0,0
2026-08-29 12:38:00,1,"Normal Scan","Normal Scan",0,"ON",1,1,1,737,5,20.4,96.5,51.2,6.98593e-08,1.82001e-05,4.97,8954.6,8.8,736.5,1,"Up Scan","Positive",254,0,4.37,1.6,8,8,0,1,1,20.851,37.43,25.349,10.366,2.239,3961.51,48,21.1,NA,0,0,0,0,0,0,0,0,0,0,0,0,0,0,0,0,0,0,0,0,0,0,0,0,0,0,0,0,0,0,0,240.604,242.52,206.911,204.435,194.184,154.305,152.685,153.849,137.057,136.739,133.281,122.552,115.765,112.746,105.01,96.435,95.647,87.221,83.618,81.216,88.91,83.216,79.628,79.194,75.403,69.925,68.226,60.079,48.262,42.934,41.376,35.033,35.766,33.092,31.991,29.514,25.913,26.182,21.697,20.508,19.044,15.622,15.516,11.729,12.748,10.617,7.728,5.471,3.463,1.986,1.327,0.717,0.847,0.368,0.337,0.145,0,0.107,0.109,0,0,0,0,0,0,0,0,0,0,0,0,0,0,0,0,0,0,0,0,0,0,0,0,0,0,0,0,0,0,0,0,0,0,0,0,2.192,3.075,4.532,5.238,6.744,8.054,7.897,9.37,11.16,11.539,13.191,14.57,15.036,15.842,17.1,17.538,17.758,19.197,19.127,19.952,20.97,24.421,24.625,25.096,26.172,26.418,25.99,26.641,25.19,21.965,20.746,20.745,19.006,19.695,18.988,18.637,17.533,16.018,15.437,13.555,12.307,10.881,8.768,8.001,6.065,6.177,5.175,3.695,2.602,1.572,0.879,0.638,0.315,0.357,0.153,0.136,0.058,0,0.04,0.041,0,0,0,0,0,0
2026-08-29 12:43:00,1,"Normal Scan","Normal Scan",0,"ON",1,1,1,736.7,5,19.9,96.6,51.3,6.96356e-08,1.81761e-05,4.97,8954.6,8.8,736.5,1,"Up Scan","Positive",254,0,4.37,1.6,8,8,0,1,1,19.811,35.35,24.264,9.647,2.188,5023.67,48,21,NA,0,0,0,0,0,0,0,0,0,0,0,0,0,0,0,0,0,0,0,0,0,0,0,0,0,0,0,0,0,0,0,318.765,288.321,293.357,249.97,248.881,234.689,216.769,206.07,184.816,187.87,170.464,162.601,149.955,141.79,134.746,126.36,121.28,111.054,105.394,106.279,96.704,98.965,93.675,86.241,84.856,83.288,75.169,69.362,62.766,50.732,46.547,42.207,39.622,37.047,36.236,34.448,31.84,27.723,25.495,23.67,21.599,18.713,15.396,14.013,11.899,10.759,7.542,5.745,4.987,2.522,1.633,0.74,0.766,0.139,0.573,0.296,0.103,0.053,0.054,0.113,0,0,0,0,0,0,0,0,0,0,0,0,0,0,0,0,0,0,0,0,0,0,0,0,0,0,0,0,0,0,0,0,0,0,0,2.825,4.096,5.37,7.472,8.267,10.357,12.064,13.315,14.938,15.588,18.13,18.646,19.959,20.549,21.497,22.537,23.151,24.296,24.272,24.936,27.137,26.782,29.122,29.584,28.854,29.826,30.904,29.564,29.068,27.689,24.422,23.627,22.589,21.796,21.343,21.11,20.402,18.699,16.717,15.356,13.959,12.004,10.488,8.265,7.193,5.863,5.254,3.552,2.799,2.299,1.166,0.73,0.334,0.339,0.057,0.232,0.118,0.04,0.02,0.02,0.041,0,0,0,0,0
2026-08-29 12:48:00,1,"Normal Scan","Normal Scan",0,"ON",1,1,1,737,5,20.5,96.5,51.2,6.98896e-08,1.82049e-05,4.97,8954.6,8.8,736.5,1,"Up Scan","Positive",254,0,4.37,1.6,8,8,0,1,1,20.264,35.985,24.658,10.366,2.2,5077.58,48,21.1,NA,0,0,0,0,0,0,0,0,0,0,0,0,0,0,0,0,0,0,0,0,0,0,0,0,0,0,0,0,0,0,0,321.557,323.854,259.269,255.612,228.041,216.482,221.789,195.316,189.086,186.792,176.141,159.535,149.113,144.46,141.677,130.254,120.792,118.085,112.463,101.769,105.367,102.448,94.482,96.791,91.35,82.152,78.626,74.884,62.528,56.592,46.641,43.789,41.447,40.489,36.145,36.667,33.612,31.116,26.058,25.136,22.019,18.472,14.908,13.373,12.676,10.555,8.507,5.756,4.951,2.673,1.624,1.158,0.682,0.369,0.572,0.298,0.204,0.157,0.164,0.057,0,0,0,0,0,0,0,0,0,0,0,0,0,0,0,0,0,0,0,0,0,0,0,0,0,0,0,0,0,0,0,0,0,0,0,3.156,4.069,5.987,6.589,8.444,9.451,11.082,13.62,14.146,15.91,17.998,19.242,19.585,20.427,21.901,23.58,23.896,24.217,25.713,26.622,26.15,28.965,30.199,29.929,32.121,32.106,30.642,30.878,31.032,28.038,26.758,24.02,23.671,22.761,22.832,21.387,21.277,19.482,18.225,15.653,14.681,12.52,10.289,8.14,6.928,6.336,5.167,4.091,2.759,2.334,1.256,0.748,0.518,0.32,0.153,0.232,0.118,0.079,0.06,0.061,0.021,0.017,0,0,0,0
2026-08-29 12:53:00,1,"Normal Scan","Normal Scan",0,"ON",1,1,1,736.7,5,20,96.5,51.7,6.97381e-08,1.81809e-05,4.97,8954.6,8.8,736.5,1,"Up Scan","Positive",254,0,4.37,1.6,8,8,0,1,1,21.009,37.376,25.497,9.647,2.22,4858.69,48,21,NA,0,0,0,0,0,0,0,0,0,0,0,0,0,0,0,0,0,0,0,0,0,0,0,0,0,0,0,0,0,0,0,278.1,238.407,260.065,244.147,235.543,218.64,191.025,191.504,188.287,176.939,159.036,158.759,143.742,139.863,135.882,120.484,120.943,113.053,111.156,101.549,102.306,98.437,97.708,85.845,89.03,85.478,79.547,73.744,65.2,55.576,50.197,40.981,40.881,41.133,39.187,36.547,35.903,32.892,29.818,27.264,22.32,18.853,16.43,14.709,13.395,11.216,8.554,6.181,4.162,3.488,1.755,0.784,0.589,0.415,0.43,0.347,0.102,0.052,0,0.111,0,0,0,0,0,0,0,0,0,0,0,0,0,0,0,0,0,0,0,0,0,0,0,0,0,0,0,0,0,0,0,0,0,0,0,2.794,3.561,4.464,6.565,8.03,9.778,11.182,11.755,13.899,15.871,17.078,17.402,19.498,19.711,21.217,22.698,22.115,24.2,24.714,26.212,26.076,28.26,29.166,30.763,29.02,31.427,31.729,31.186,30.769,29.073,26.829,25.582,22.712,23.209,23.641,22.797,21.397,20.92,19.279,17.487,15.819,12.718,10.484,8.906,7.541,6.612,5.417,4.058,2.95,2.001,1.58,0.766,0.37,0.282,0.172,0.174,0.137,0.04,0.02,0,0.041,0.035,0,0,0,0
2026-08-29 12:58:00,1,"Normal Scan","Normal Scan",0,"ON",1,1,1,737,5,20.5,96.5,51.3,6.98896e-08,1.82049e-05,4.97,8954.6,8.8,736.5,1,"Up Scan","Positive",254,0,4.37,1.6,8,8,0,1,1,21.064,37.113,25.394,9.647,2.21,5166.83,48,21.2,NA,0,0,0,0,0,0,0,0,0,0,0,0,0,0,0,0,0,0,0,0,0,0,0,0,0,0,0,0,0,0,0,289.016,263.304,266.829,259.397,252.106,230.217,206.023,203.206,198.694,182.209,174.063,173.585,160.472,161.728,152.077,129.571,127.326,121.464,111.839,111.982,104.616,102.38,98.137,93.456,95.825,91.225,79.678,77.911,68.832,58.143,50.179,47.969,41.16,42.423,41.663,39.234,37,31.419,31.913,27.672,23.105,19.813,18.648,15.031,12.747,11.099,10.116,7.743,5.166,2.916,2.016,0.636,0.691,0.506,0.287,0.098,0.052,0.107,0,0.111,0,0,0,0,0,0,0,0,0,0,0,0,0,0,0,0,0,0,0,0,0,0,0,0,0,0,0,0,0,0,0,0,0,0,0,2.542,3.723,4.89,6.738,8.544,10.5,11.796,12.659,14.726,16.774,17.588,19.027,21.308,21.981,24.464,25.336,23.767,25.456,26.465,26.481,28.698,28.947,30.251,31.06,31.439,33.593,33.838,31.583,32.373,30.617,28.053,25.945,25.433,23.581,24.527,23.863,22.876,22.02,18.751,18.511,16.154,13.252,11.275,9.977,7.736,6.213,5.373,4.806,3.628,2.334,1.31,0.912,0.305,0.292,0.21,0.116,0.039,0.02,0.04,0,0.041,0,0,0,0,0
2026-08-29 13:03:00,1,"Normal Scan","Normal Scan",0,"ON",1,1,1,736.7,5,20.1,96.5,52,6.97684e-08,1.81857e-05,4.97,8954.6,8.8,736.5,1,"Up Scan","Positive",254,0,4.37,1.6,8,8,0,1,1,22.374,37.644,26.285,9.647,2.17,5830.29,48,21,NA,0,0,0,0,0,0,0,0,0,0,0,0,0,0,0,0,0,0,0,0,0,0,0,0,0,0,0,0,0,0,0,269.214,251.261,258.687,247.589,262.582,248.902,225.897,232.823,229.42,236.957,209.799,206.194,202.108,195.355,187.19,173.194,157.244,146.466,145.153,139.217,129.114,124.743,117.215,110.223,106.306,102.566,97.114,88.406,77.609,67.389,58.949,53.468,50.712,48.163,45.862,42.997,41.308,39.723,32.339,27.89,26.117,22.569,19.075,15.64,14.235,12.52,9.889,7.96,6.428,3.363,1.992,1.249,0.51,0.645,0.239,0.196,0.102,0.053,0.108,0.057,0,0,0,0,0,0,0,0,0,0,0,0,0,0,0,0,0,0,0,0,0,0,0,0,0,0,0,0,0,0,0,0,0,0,0,2.659,3.473,4.693,6.574,8.17,10.949,12.768,13.883,16.926,19.342,22.879,22.996,25.351,27.673,29.584,31.223,31.668,31.462,31.899,34.168,35.447,35.513,36.846,36.922,36.946,37.553,38.092,38.063,37.131,34.445,32.122,30.011,28.717,28.152,27.118,26.493,25.152,24.061,22.868,19.162,16.435,15.05,12.693,10.314,8.1,7.108,6.017,4.76,3.71,2.968,1.508,0.912,0.537,0.282,0.267,0.097,0.078,0.04,0.02,0.041,0.021,0.052,0,0,0,0
2026-08-29 13:08:00,1,"Normal Scan","Normal Scan",0,"ON",1,1,1,737,5,20.4,96.5,51.5,6.98593e-08,1.82001e-05,4.97,8954.6,8.8,736.5,1,"Up Scan","Positive",254,0,4.37,1.6,8,8,0,1,1,22.372,38.027,26.264,9.647,2.196,6562.09,49,21.1,NA,0,0,0,0,0,0,0,0,0,0,0,0,0,0,0,0,0,0,0,0,0,0,0,0,0,0,0,0,0,0,0,379.659,300.226,282.601,261.816,263.695,264.688,265.543,249.581,245.067,252.957,237.338,235.871,238.042,215.636,210.038,193.428,180.903,169.046,162.476,143.337,137.574,135.65,127.967,122.772,121.242,116.677,110.836,99.278,91.523,74.943,64.354,61.709,52.78,51.388,49.784,48.541,46.943,43.885,41.403,36.638,30.525,28.796,24.322,21.316,17.489,14.997,11.945,8.012,5.758,3.824,2.732,1.757,0.858,0.783,0.477,0.197,0.355,0,0.055,0.056,0,0,0,0,0,0,0,0,0,0,0,0,0,0,0,0,0,0,0,0,0,0,0,0,0,0,0,0,0,0,0,0,0,0,0,3.146,4.929,5.577,7.165,8.601,10.925,13.578,16.311,18.149,20.64,24.45,25.962,28.958,32.544,32.658,34.985,35.329,36.091,36.684,38.221,36.745,38.048,40.177,40.489,41.285,42.693,43.188,43.44,41.099,40.357,35.752,33.125,33.186,30.484,30.35,29.479,29.126,27.991,25.992,24.089,21.235,17.474,15.684,12.875,10.926,8.813,7.262,5.722,3.787,2.725,1.718,1.203,0.778,0.395,0.324,0.193,0.078,0.139,0,0.02,0.021,0.034,0,0,0,0
2026-08-29 13:13:00,1,"Normal Scan","Normal Scan",0,"ON",1,1,1,737.2,5,20.7,96.5,51.8,6.99502e-08,1.82145e-05,4.97,8954.6,8.8,736.5,1,"Up Scan","Positive",254,0,4.37,1.6,8,8,0,1,1,22.222,38.418,26.224,9.647,2.231,6868.41,49,21.3,NA,0,0,0,0,0,0,0,0,0,0,0,0,0,0,0,0,0,0,0,0,0,0,0,0,0,0,0,0,0,0,0,412.097,380.36,330.558,298.8,277.871,266.239,242.196,253.898,244.086,239.76,239.261,230.314,220.813,216.164,203.399,192.888,179.606,173.964,161.485,150.844,146.856,142.412,135.432,133.957,128.854,125.589,121.22,109.249,97.894,82.469,73.646,65.73,60.17,56.501,53.91,54.475,50.068,46.761,42.845,40.929,34.687,30.327,25.202,19.333,16.504,16.58,12.188,9.792,7.749,4.431,2.441,2.258,1.209,0.462,0.574,0.147,0.461,0.105,0.273,0.113,0,0,0,0,0,0,0,0,0,0,0,0,0,0,0,0,0,0,0,0,0,0,0,0,0,0,0,0,0,0,0,0,0,0,0,3.726,5.277,7.035,8.374,9.8,11.549,13.611,14.881,18.443,20.549,23.155,26.153,28.267,30.24,32.725,33.939,35.274,35.885,37.8,38.216,38.663,40.621,42.409,42.894,45.004,45.621,46.696,47.531,45.292,43.352,39.191,37.542,35.49,33.934,33.118,31.928,32.274,29.607,27.192,24.977,23.516,19.641,17.018,13.531,10.041,8.452,8.129,5.79,4.65,3.544,2.088,1.122,1.011,0.526,0.191,0.232,0.059,0.179,0.04,0.102,0.041,0,0,0,0,0
2026-08-29 13:18:00,1,"Normal Scan","Normal Scan",0,"ON",1,1,1,737.8,5,21.5,96.5,51.6,7.01927e-08,1.82528e-05,4.97,8954.6,8.8,736.5,1,"Up Scan","Positive",254,0,4.37,1.6,8,8,0,1,1,20.039,37.109,24.629,9.647,2.284,7562.37,49,21.6,NA,0,0,0,0,0,0,0,0,0,0,0,0,0,0,0,0,0,0,0,0,0,0,0,0,0,0,0,0,0,0,0,605.1,559.639,471.346,385.605,337.412,293.681,259.446,254.311,244.774,222.344,229.513,221.808,214.182,203.224,190.414,181.73,175.142,156.953,154.404,150.761,146.177,142.718,137.878,136.243,132.6,127.593,125.779,110.496,103.057,89.037,78.716,72.309,63.185,62.687,58.218,57.693,51.324,54.19,49.447,44.539,39.201,35.022,28.355,24.018,20.506,16.325,13.359,9.421,7.087,4.942,2.932,1.996,0.995,0.918,0.475,0.445,0.152,0.16,0.274,0.113,0,0,0,0,0,0,0,0,0,0,0,0,0,0,0,0,0,0,0,0,0,0,0,0,0,0,0,0,0,0,0,0,0,0,0,6.024,7.731,10.322,11.916,12.643,13.925,15.002,15.914,18.398,20.59,21.44,25.106,27.217,29.332,30.77,31.8,33.27,35.028,34.311,36.609,38.742,40.544,42.48,43.755,45.916,47.053,47.805,49.45,46.193,45.687,42.462,39.953,39.259,36.445,36.766,35.053,34.621,30.972,31.718,28.514,25.387,21.877,18.831,15.235,12.381,10.312,7.933,6.458,4.436,3.351,2.211,1.358,0.925,0.469,0.381,0.193,0.176,0.059,0.06,0.101,0.049,0.042,0,0,0,0
2026-08-29 13:23:00,1,"Normal Scan","Normal Scan",0,"ON",1,1,1,738.4,5,22.4,96.5,51.3,7.04656e-08,1.82958e-05,4.97,8954.6,8.8,736.5,1,"Up Scan","Positive",254,0,4.37,1.6,8,8,0,1,1,17.682,34.285,22.765,9.647,2.248,9164.67,48,22,NA,0,0,0,0,0,0,0,0,0,0,0,0,0,0,0,0,0,0,0,0,0,0,0,0,0,0,0,0,0,0,0,840.097,773.855,629.562,531.294,480.328,394.975,351.059,319.036,288.317,273.124,263.939,247.988,248.138,228.821,211.589,196.323,182.755,177.385,167.872,162.629,160.681,151.541,144.947,147.221,140.395,139.559,129.658,118.451,109.903,97.689,88.307,80.051,70.538,63.798,59.936,57.492,55.75,50.743,55.782,48.586,43.94,38.098,31.641,25.244,21.287,18.137,15.019,10.277,7.01,5.361,2.888,2.193,0.834,0.881,0.807,0.247,0.206,0.267,0.164,0.056,0,0,0,0,0,0,0,0,0,0,0,0,0,0,0,0,0,0,0,0,0,0,0,0,0,0,0,0,0,0,0,0,0,0,0,7.853,10.771,14.264,15.866,17.364,19.755,20.12,21.451,23.019,24.238,26.278,28.826,30.398,33.86,34.584,35.289,35.914,36.549,38.59,39.79,41.692,44.486,44.995,46.107,49.592,49.909,52.346,51.371,49.407,48.624,46.028,44.265,42.18,40.311,38.265,36.741,35.284,33.807,30.35,31.67,27.807,24.531,20.393,16.816,12.944,10.67,8.738,7.245,4.883,3.271,2.427,1.356,0.98,0.45,0.364,0.326,0.098,0.079,0.1,0.061,0.025,0.084,0,0,0,0
2026-08-29 13:28:00,1,"Normal Scan","Normal Scan",0,"ON",1,1,1,738,5,21.8,96.5,51.3,7.02837e-08,1.82672e-05,4.97,8954.6,8.8,736.5,1,"Up Scan","Positive",254,0,4.37,1.6,8,8,0,1,1,16.811,32.92,21.889,9.647,2.221,9149.85,47,22.1,NA,0,0,0,0,0,0,0,0,0,0,0,0,0,0,0,0,0,0,0,0,0,0,0,0,0,0,0,0,0,0,0,881.652,824.55,669.202,583.914,477.525,402.269,354.984,322.41,286.446,268.418,262.555,253.292,241.144,229.251,206.499,194.976,179.357,167.88,156.733,154.423,152.538,145.782,146.342,136.488,130.761,130.19,117.882,111.157,96.947,86.286,74.589,67.926,57.295,57.714,54.486,51.464,51.329,51.318,50.17,44.112,42.576,34.537,31.401,23.246,21.095,16.147,15.06,10.822,7.581,5.515,3.422,1.926,1.527,0.509,0.667,0.494,0.459,0.21,0.163,0.234,0,0,0,0,0,0,0,0,0,0,0,0,0,0,0,0,0,0,0,0,0,0,0,0,0,0,0,0,0,0,0,0,0,0,0,7.917,11.305,15.249,16.852,19.148,19.732,20.518,21.771,23.303,24.071,25.861,28.651,31.043,32.944,34.613,34.382,35.696,35.874,36.686,37.138,39.552,42.111,43.224,46.045,45.715,46.29,48.196,46.462,45.901,42.926,40.665,38.173,37.253,34.003,34.596,33.987,31.915,31.675,30.269,29.144,25.363,24.043,19.131,16.577,12.209,10.577,7.999,7.153,5.13,3.573,2.541,1.547,0.859,0.676,0.21,0.27,0.196,0.178,0.08,0.061,0.049,0.014,0,0,0,0
2026-08-29 13:33:00,1,"Normal Scan","Normal Scan",0,"ON",1,1,1,737.3,5,20.8,96.5,50.7,6.99805e-08,1.82193e-05,4.97,8954.6,8.8,736.5,1,"Up Scan","Positive",254,0,4.37,1.6,8,8,0,1,1,17.556,32.7,22.162,9.647,2.172,9007.44,47,21.9,NA,0,0,0,0,0,0,0,0,0,0,0,0,0,0,0,0,0,0,0,0,0,0,0,0,0,0,0,0,0,0,0,730.602,671.648,588.041,528.389,501.649,439.046,397.394,369.089,344.287,325.651,307.114,281.846,271.095,243.864,226.542,196.014,177.994,164.577,156.392,148.151,150.736,138.864,133.249,134.373,131.439,120.572,117.575,107.699,92.584,78.59,70.154,61.969,54.856,53.467,52.273,50.722,48.766,47.468,44.906,41.266,35.435,34.712,27.362,23.03,20.972,18.547,14.662,9.947,6.623,5.583,3.918,1.99,0.896,1.06,0.856,0.396,0.204,0.053,0.164,0.112,0,0,0,0,0,0,0,0,0,0,0,0,0,0,0,0,0,0,0,0,0,0,0,0,0,0,0,0,0,0,0,0,0,0,0,6.531,9.346,12.465,14.828,17.383,20.781,22.426,24.385,26.732,28.952,31.404,33.509,34.509,36.965,36.801,37.64,35.825,35.527,35.859,37.055,38.054,41.516,41.284,42.187,44.898,46.096,44.912,45.719,44.502,40.967,37.472,35.961,34.03,32.29,32.263,31.662,31.606,29.778,28.455,26.719,24.538,20.552,18.708,14.821,12.248,10.53,8.907,7.116,4.745,3.109,2.506,1.751,0.91,0.395,0.438,0.348,0.157,0.079,0.02,0.061,0.041,0.015,0,0,0,0
2026-08-29 13:38:00,1,"Normal Scan","Normal Scan",0,"ON",1,1,1,737.3,5,20.9,96.5,50.2,7.00108e-08,1.82241e-05,4.97,8954.6,8.8,736.5,1,"Up Scan","Positive",254,0,4.37,1.6,8,8,0,1,1,18.74,33.952,23.207,9.647,2.161,8404.33,48,21.8,NA,0,0,0,0,0,0,0,0,0,0,0,0,0,0,0,0,0,0,0,0,0,0,0,0,0,0,0,0,0,0,0,547.585,503.123,459.785,461.51,443.179,422.652,398.726,370.976,357.121,333.556,314.3,292.306,274.385,246.577,225.91,204.671,188.775,167.503,156.155,148.046,146.231,139.402,134.561,132.715,123.959,120.136,114.961,103.357,86.138,74.844,65.856,56.956,56.011,49.294,49.553,46.243,44.19,47.93,43.985,43.266,39.112,32.193,28.524,23.141,21.039,17.89,13.8,10.589,8.107,5.174,3.487,1.389,0.943,0.389,0.791,0.444,0.357,0.159,0.108,0.261,0,0,0,0,0,0,0,0,0,0,0,0,0,0,0,0,0,0,0,0,0,0,0,0,0,0,0,0,0,0,0,0,0,0,0,4.776,7.047,9.31,11.655,15.24,18.372,21.62,24.488,26.863,30.059,32.145,34.297,35.842,37.438,37.17,37.569,37.35,37.631,36.467,36.954,37.917,40.279,41.372,42.393,44.092,43.54,44.381,44.658,42.542,38.354,35.657,33.775,31.722,32.701,30.607,31.077,29.361,27.812,28.662,26.391,25.023,22.29,17.979,15.203,12.161,10.363,8.647,6.515,5.071,3.785,2.368,1.586,0.629,0.432,0.161,0.32,0.176,0.139,0.06,0.041,0.073,0.014,0,0,0,0
2026-08-29 13:43:00,1,"Normal Scan","Normal Scan",0,"ON",1,1,1,737.2,5,20.8,96.4,51,7.00531e-08,1.82193e-05,4.97,8954.6,8.8,736.5,1,"Up Scan","Positive",254,0,4.37,1.6,8,8,0,1,1,19.66,33.415,23.567,9.647,2.091,9053.36,48,21.8,NA,0,0,0,0,0,0,0,0,0,0,0,0,0,0,0,0,0,0,0,0,0,0,0,0,0,0,0,0,0,0,0,483.748,456.029,441.909,429.694,429.627,432.231,431.668,439.25,425.32,410.233,390.015,368.387,340.272,317.401,269.034,238.803,212.245,183.182,179.826,172.711,171.253,161.057,166.2,153.42,147.846,131.211,123.272,108.339,89.37,73.03,61.576,57.408,50.12,43.961,43.825,43.713,45.019,42.277,43.266,42.042,37.937,33.465,26.445,24.597,19.505,14.493,13.232,10.809,7.259,5.264,3.419,2.936,1.514,1.107,0.619,0.346,0.358,0.157,0.108,0,0,0,0,0,0,0,0,0,0,0,0,0,0,0,0,0,0,0,0,0,0,0,0,0,0,0,0,0,0,0,0,0,0,0,0,3.79,6.223,8.502,11.16,14.16,17.896,22.144,26.574,31.809,35.78,39.533,42.535,45.081,46.338,47.821,44.647,43.594,42.344,40.043,42.563,44.254,46.94,47.383,51.592,50.386,50.993,47.789,47.262,44.054,38.87,34.33,32.139,31.328,29.707,28.321,28.293,28.027,27.765,26.309,25.672,24.026,21.52,18.498,14.421,12.792,10.067,7.262,6.427,5.072,3.369,2.446,1.524,1.26,0.637,0.457,0.251,0.137,0.139,0.06,0.041,0,0,0,0,0,0
2026-08-29 13:48:00,1,"Normal Scan","Normal Scan",0,"ON",1,1,1,736.8,5,20.2,96.5,51.4,6.97987e-08,1.81905e-05,4.97,8954.6,8.8,736.5,1,"Up Scan","Positive",254,0,4.37,1.6,8,8,0,1,1,18.496,32.142,22.575,11.14,2.076,9229.33,48,21.5,NA,0,0,0,0,0,0,0,0,0,0,0,0,0,0,0,0,0,0,0,0,0,0,0,0,0,0,0,0,0,0,0,464.046,476.956,508.004,504.518,484.55,506.279,504.673,479.14,463.562,421.639,398.88,367.786,336.625,290.98,262.026,238.281,204.953,176.009,159.532,153.786,145.333,139.964,132.628,130.882,124.398,118.7,107.6,98.05,85.253,68.148,62.735,53.954,48.319,47.133,43.03,42.621,44.777,43.097,44.81,39.954,36.355,35.395,29.294,23.621,19.865,16.884,13.027,9.782,7.655,4.904,3.144,2.183,1.226,0.738,0.668,0.394,0.102,0.265,0.109,0.114,0,0,0,0,0,0,0,0,0,0,0,0,0,0,0,0,0,0,0,0,0,0,0,0,0,0,0,0,0,0,0,0,0,0,0,3.974,6.049,8.965,12.923,16.604,20.182,25.999,31.02,34.746,38.942,40.623,43.469,45,45.852,43.85,43.454,43.316,40.715,38.205,37.704,39.271,40.045,41.236,41.661,43.518,43.259,43.648,41.766,40.323,37.287,32.809,32.006,30.11,29.65,29.143,27.763,28.068,28.195,26.546,26.438,23.355,20.57,19.307,15.651,12.297,10.01,8.28,6.248,4.686,3.54,2.226,1.441,0.945,0.583,0.305,0.27,0.157,0.04,0.1,0.041,0.041,0.035,0,0,0,0
2026-08-29 13:53:00,1,"Normal Scan","Normal Scan",0,"ON",1,1,1,737.1,5,20.6,96.5,51.4,6.99199e-08,1.82097e-05,4.97,8954.6,8.8,736.5,1,"Up Scan","Positive",254,0,4.37,1.6,8,8,0,1,1,18.323,32.561,22.568,9.647,2.11,9324.37,49,21.5,NA,0,0,0,0,0,0,0,0,0,0,0,0,0,0,0,0,0,0,0,0,0,0,0,0,0,0,0,0,0,0,0,563.108,538.508,526.098,491.44,499.466,484.193,477.579,468.854,447.044,416.357,383.955,345.335,315.708,285.134,254.317,215.374,196.636,180.26,170.466,153,144.649,145.401,138.448,132.86,130.422,126.528,116.952,101.848,88.74,77.453,61.957,61.654,51.465,49.323,45.348,43.159,43.364,45.411,45.029,43.602,39.79,35.085,29.603,25.87,21.537,17.463,14.011,10.852,7.696,6.018,3.23,2.342,1.93,0.553,0.715,0.344,0.512,0.211,0.109,0.056,0,0,0,0,0,0,0,0,0,0,0,0,0,0,0,0,0,0,0,0,0,0,0,0,0,0,0,0,0,0,0,0,0,0,0,5.065,7.282,10.033,13.379,16.222,20.799,24.791,29.409,33.958,37.641,40.041,41.877,42.221,43.02,42.996,42.209,39.245,39.197,39.168,40.17,39.222,40.04,42.961,43.528,44.244,45.616,46.41,45.331,41.982,38.977,36.281,31.917,33.649,30.827,31.048,29.432,28.441,27.749,28.105,27.169,25.233,22.478,19.511,15.907,13.372,10.909,8.792,6.674,5.141,3.581,2.812,1.456,1.02,0.846,0.229,0.29,0.137,0.198,0.08,0.041,0.021,0.032,0,0,0,0
2026-08-29 13:58:00,1,"Normal Scan","Normal Scan",0,"ON",1,1,1,736.9,5,20.3,96.5,52.4,6.9829e-08,1.81953e-05,4.97,8954.6,8.8,736.5,1,"Up Scan","Positive",254,0,4.37,1.6,8,8,0,1,1,18.907,34.231,23.451,11.14,2.145,8367.29,49,21.4,NA,0,0,0,0,0,0,0,0,0,0,0,0,0,0,0,0,0,0,0,0,0,0,0,0,0,0,0,0,0,0,0,428.792,443.478,445.843,442.103,430.737,426.26,437.822,426.107,394.867,367.199,361.92,326.511,281.541,246.362,215.687,190.661,173.635,167.19,148.385,146.546,137.376,139.745,132.532,129.908,126.694,125.129,110.446,103.798,87.492,75.201,64.559,56.166,51.397,43.307,40.099,41.647,44.131,42.95,45.806,43.136,39.96,35.801,32.379,26.88,21.925,17.214,14.2,11.5,8.758,5.415,3.308,2.11,1.781,0.786,0.526,0.395,0.204,0.423,0.218,0.336,0,0,0,0,0,0,0,0,0,0,0,0,0,0,0,0,0,0,0,0,0,0,0,0,0,0,0,0,0,0,0,0,0,0,0,3.871,5.501,8.289,11.291,14.57,17.91,21.798,26.897,30.863,33.225,35.315,39.453,39.899,38.401,37.175,35.885,34.843,34.743,36.361,35.251,37.563,38.192,41.298,41.869,43.208,44.5,45.784,42.818,42.492,37.799,35.226,32.921,31.158,30.806,28.487,27.43,27.887,28.692,27.404,27.09,25.33,22.844,19.871,17.328,13.823,11.029,8.572,6.849,5.45,4.052,2.506,1.55,1.019,0.752,0.324,0.213,0.157,0.079,0.161,0.081,0.123,0,0,0,0,0
2026-08-29 14:03:00,1,"Normal Scan","Normal Scan",0,"ON",1,1,1,736.9,5,20.4,96.4,52.3,6.99318e-08,1.82001e-05,4.97,8954.6,8.8,736.5,1,"Up Scan","Positive",254,0,4.37,1.6,8,8,0,1,1,19.518,35.568,24.264,9.647,2.175,7874.66,50,21.4,NA,0,0,0,0,0,0,0,0,0,0,0,0,0,0,0,0,0,0,0,0,0,0,0,0,0,0,0,0,0,0,0,430.977,384.737,401.828,371.177,386.245,394.584,399.045,388.73,356.649,337.552,308.895,286.689,255.766,234.021,210.451,192.206,172.831,160.139,154.141,147.417,141.439,139.379,136.011,136.803,128.346,121.86,115.199,107.724,89.254,77.359,64.492,57.36,51.741,45.781,43.965,42.71,44.201,43.325,44.608,45.835,43.082,36.07,32.817,26.172,21.577,15.945,13.878,10.453,8.159,5.9,3.934,1.698,1.247,0.736,0.525,0.199,0.358,0.105,0.163,0.168,0,0,0,0,0,0,0,0,0,0,0,0,0,0,0,0,0,0,0,0,0,0,0,0,0,0,0,0,0,0,0,0,0,0,0,3.062,5.577,7.16,10.163,12.197,16.101,20.215,24.534,28.121,29.982,32.499,33.718,35.141,34.886,35.336,35.042,35.121,34.593,34.955,36.564,37.827,39.15,41.347,42.972,45.436,44.965,44.888,44.643,43.834,39.006,36.225,32.917,32.005,30.646,29.884,29.558,28.285,28.841,27.208,26.551,26.173,23.961,19.888,17.505,13.597,10.772,7.842,6.61,4.918,3.774,2.711,1.749,0.796,0.545,0.305,0.213,0.078,0.139,0.04,0.061,0.062,0.017,0,0,0,0
2026-08-29 14:08:00,1,"Normal Scan","Normal Scan",0,"ON",1,1,1,737,5,20.5,96.5,53.2,6.98896e-08,1.82049e-05,4.97,8954.6,8.8,736.5,1,"Up Scan","Positive",254,0,4.37,1.6,8,8,0,1,1,19.973,36.481,24.72,11.14,2.191,7549.22,50,21.4,NA,0,0,0,0,0,0,0,0,0,0,0,0,0,0,0,0,0,0,0,0,0,0,0,0,0,0,0,0,0,0,0,366.921,363.073,383.373,377.659,370.976,362.033,353.016,348.661,338.316,331.411,300.271,272.692,264.049,242.157,204.921,187.181,169.21,156.099,147.357,142.784,138.09,135.7,126.247,134.656,120.784,121.262,115.9,100.401,90.287,77.51,66.666,56.34,47.923,46.063,42.937,41.947,37.117,43.044,42.597,44.348,41.534,38.387,34.046,30.006,24.447,19.172,15.382,11.249,7.86,5.386,3.649,2.191,1.16,0.967,0.572,0.346,0.357,0.317,0.219,0,0,0,0,0,0,0,0,0,0,0,0,0,0,0,0,0,0,0,0,0,0,0,0,0,0,0,0,0,0,0,0,0,0,0,0,3.218,4.783,6.769,9.741,12.424,15.449,18.569,21.716,25.269,28.485,31.928,32.773,33.382,35.992,36.512,34.105,34.213,33.84,34.004,35.036,36.585,38.25,40.359,39.965,44.814,42.65,44.674,44.735,41.066,39.105,36.213,33.285,30.978,29.485,29.746,28.884,28.8,26.039,27.818,26.717,25.952,23.681,20.937,18.048,15.205,12.288,9.341,7.406,5.283,3.643,2.511,1.661,0.963,0.489,0.4,0.232,0.137,0.139,0.12,0.081,0,0,0,0,0,0
2026-08-29 14:13:00,1,"Normal Scan","Normal Scan",0,"ON",1,1,1,736.6,5,20,96.4,53.5,6.98104e-08,1.81809e-05,4.97,8954.6,8.8,736.5,1,"Up Scan","Positive",254,0,4.37,1.6,8,8,0,1,1,20.057,34.968,24.052,9.647,2.156,8638.1,51,21.2,NA,0,0,0,0,0,0,0,0,0,0,0,0,0,0,0,0,0,0,0,0,0,0,0,0,0,0,0,0,0,0,0,523.337,500.402,445.806,445.838,377.657,376.883,371.677,359.824,351.403,347.782,333.123,295.427,293.943,275.873,263.713,242.127,237.509,208.972,192.671,182.431,171.144,162.968,152.02,146.928,139.694,135.82,118.726,105.041,89.786,76.389,64.724,57.414,49.508,45.59,42.729,40.133,41.654,40.593,42.59,45.912,40.493,41.86,34.696,30.527,25.036,18.238,15.508,11.25,7.363,6.235,3.994,1.983,1.649,1.207,0.858,0.491,0.358,0.212,0.383,0,0,0,0,0,0,0,0,0,0,0,0,0,0,0,0,0,0,0,0,0,0,0,0,0,0,0,0,0,0,0,0,0,0,0,0,4.171,6.697,9.323,11.284,14.677,15.735,19.274,22.871,26.095,29.583,33.579,36.41,36.328,40.192,41.759,43.926,44.189,47.272,45.277,45.333,46.428,47.035,47.842,47.465,48.443,48.621,49.441,45.942,42.638,38.875,35.654,32.922,31.573,29.881,29.715,28.957,28.547,28.23,27.113,26.565,26.498,23.318,22.574,18.473,15.83,12.467,9.058,7.536,5.431,3.431,2.854,1.842,0.907,0.729,0.5,0.348,0.196,0.139,0.08,0.142,0,0.036,0,0,0,0
2026-08-29 14:18:00,1,"Normal Scan","Normal Scan",0,"ON",1,1,1,737,5,20.4,96.5,53.7,6.98593e-08,1.82001e-05,4.97,8954.6,8.8,736.5,1,"Up Scan","Positive",254,0,4.37,1.6,8,8,0,1,1,20.285,35.756,24.427,9.647,2.183,8023.07,51,21.3,NA,0,0,0,0,0,0,0,0,0,0,0,0,0,0,0,0,0,0,0,0,0,0,0,0,0,0,0,0,0,0,0,483.048,461.864,428.003,401.132,383.52,351.785,341.422,329.507,302.828,296.965,283.844,266.062,266.725,248.815,227.457,214.437,202.333,198.008,186.109,170.643,163.032,159.756,150.291,142.918,136.321,131.925,123.377,107.281,91.955,76.558,65.434,57.012,51.551,45.971,40.825,39.791,40.023,37.575,40.619,38.927,41.822,39.519,34.11,30.012,22.92,18.63,14.689,11.739,7.848,6.078,3.83,2.374,1.432,1.013,0.674,0.196,0.205,0.106,0.22,0,0,0,0,0,0,0,0,0,0,0,0,0,0,0,0,0,0,0,0,0,0,0,0,0,0,0,0,0,0,0,0,0,0,0,0,4.517,6.236,8.611,10.825,13.228,15.924,18.047,20.975,23.885,25.484,28.656,31.062,32.707,36.535,37.703,37.948,39.238,40.429,42.975,43.806,43.541,44.912,47.092,47.009,47.4,47.449,48.186,47.447,43.728,39.623,35.558,32.742,30.94,30.243,29.084,28.08,27.773,27.365,25.505,25.215,23.499,23.823,21.335,18.257,15.488,11.498,9.125,7.095,5.543,3.585,2.746,1.714,1.055,0.62,0.418,0.273,0.078,0.079,0.04,0.081,0,0.017,0,0,0,0
2026-08-29 14:23:00,1,"Normal Scan","Normal Scan",0,"ON",1,1,1,736.6,5,20,96.4,54.6,6.98104e-08,1.81809e-05,4.97,8954.6,8.8,736.5,1,"Up Scan","Positive",254,0,4.37,1.6,8,8,0,1,1,20.807,36.372,24.845,9.647,2.19,7749.06,51,21.1,NA,0,0,0,0,0,0,0,0,0,0,0,0,0,0,0,0,0,0,0,0,0,0,0,0,0,0,0,0,0,0,0,468.755,422.643,390.419,396.342,353.747,319.138,325.426,301.382,295.652,274.004,281.948,267.538,253.059,247.561,224.926,216.896,205.833,189.261,174.656,166.162,159.462,156.4,149.462,144.692,136.877,132.276,121.357,113.565,95.657,80.198,67.17,53.589,48.252,45.486,41.739,39.244,37.405,37.363,41.516,39.965,38.887,36.117,35.005,31.003,22.475,17.715,15.453,11.476,8.997,5.302,3.336,2.076,1.655,0.783,0.478,0.557,0.242,0.264,0.109,0.113,0,0,0,0,0,0,0,0,0,0,0,0,0,0,0,0,0,0,0,0,0,0,0,0,0,0,0,0,0,0,0,0,0,0,0,3.891,6.049,7.884,9.932,13.034,14.708,16.355,20.055,21.931,24.92,26.47,30.834,32.868,34.68,37.503,37.53,39.689,41.13,41.189,41.267,42.524,43.993,46.173,47.055,48.063,47.828,48.341,46.504,45.585,41.14,36.837,33.387,29.396,28.663,29.131,27.927,26.916,26.439,25.695,25.35,23.769,22.33,20.336,18.469,15.801,11.253,8.784,7.359,5.42,4.2,2.436,1.519,0.926,0.733,0.324,0.193,0.221,0.094,0.1,0.041,0.041,0.036,0,0,0,0
2026-08-29 14:28:00,1,"Normal Scan","Normal Scan",0,"ON",1,1,1,736.7,5,20.2,96.4,54.3,6.98711e-08,1.81905e-05,4.97,8954.6,8.8,736.5,1,"Up Scan","Positive",254,0,4.37,1.6,8,8,0,1,1,20.804,36.183,24.877,10.366,2.174,8020.76,52,21.2,NA,0,0,0,0,0,0,0,0,0,0,0,0,0,0,0,0,0,0,0,0,0,0,0,0,0,0,0,0,0,0,0,435.438,454.895,391.957,380.266,365.422,342.021,335.751,333.062,313.378,310.205,301.936,276.479,273.566,250.75,239.339,225.371,210.568,194.767,185.203,172.677,166.824,160.856,149.776,147.52,142.866,138.442,124.951,112.529,99.021,83.501,70.457,59.108,55.112,47.951,44.079,41.636,37.564,37.122,35.966,37.22,38.13,37.534,33.055,31.084,26.002,19.721,14.923,11.256,7.531,5.806,3.483,1.956,1.515,1.294,1.049,0.495,0.052,0.158,0.11,0.056,0,0,0,0,0,0,0,0,0,0,0,0,0,0,0,0,0,0,0,0,0,0,0,0,0,0,0,0,0,0,0,0,0,0,0,4.174,5.567,8.474,9.893,12.512,15.161,17.584,20.665,24.16,26.377,29.965,32.997,33.972,37.43,38.013,39.893,41.19,42.042,42.28,43.723,44.194,46.008,47.456,47.099,49.089,49.953,50.632,48.227,45.76,42.542,38.209,34.696,31.524,31.384,29.326,28.94,28.471,25.984,25.623,23.83,22.873,21.652,20.636,17.624,15.915,12.852,9.662,7.293,5.412,3.513,2.622,1.535,0.889,0.673,0.534,0.425,0.196,0.02,0.06,0.041,0.021,0.035,0,0,0,0
2026-08-29 14:33:00,1,"Normal Scan","Normal Scan",0,"ON",1,1,1,736.9,5,20.3,96.5,55.1,6.9829e-08,1.81953e-05,4.97,8954.6,8.8,736.5,1,"Up Scan","Positive",254,0,4.37,1.6,8,8,0,1,1,19.869,34.594,23.857,9.647,2.152,8635.88,52,21.1,NA,0,0,0,0,0,0,0,0,0,0,0,0,0,0,0,0,0,0,0,0,0,0,0,0,0,0,0,0,0,0,0,516.723,506.954,487.036,466.51,401.335,385.579,387.587,350.939,339.403,315.036,307.195,301.35,273.309,271.553,249.407,238.369,224.915,209.487,190.123,185.828,174.399,163.9,156.006,153.673,141.54,136.716,125.202,112.312,97.108,78.74,71.701,60.737,51.537,44.148,40.589,38.375,33.257,37.17,35.489,34.306,38.593,41.234,34.698,28.615,24.687,21.179,14.862,11.135,9.322,6.465,3.747,2.034,1.182,0.964,0.715,0.099,0.152,0.21,0.218,0.225,0,0,0,0,0,0,0,0,0,0,0,0,0,0,0,0,0,0,0,0,0,0,0,0,0,0,0,0,0,0,0,0,0,0,0,4.464,6.611,9.434,12.376,15.372,16.721,19.696,23.85,25.436,28.6,30.444,33.599,37.041,37.427,41.068,41.586,43.557,44.851,45.445,44.894,47.325,47.891,48.236,48.975,50.709,49.429,50.115,48.04,45.373,41.56,35.982,34.811,31.896,29.768,27.448,27.371,27.722,24.397,25.01,23.715,21.643,22.203,22.391,18.694,14.854,12.248,10.275,7.157,5.276,4.292,2.926,1.696,0.963,0.564,0.401,0.29,0.039,0.06,0.08,0.081,0.082,0.068,0,0,0,0
2026-08-29 14:38:00,1,"Normal Scan","Normal Scan",0,"ON",1,1,1,736.7,5,20.1,96.4,54.9,6.98408e-08,1.81857e-05,4.97,8954.6,8.8,736.5,1,"Up Scan","Positive",254,0,4.37,1.6,8,8,0,1,1,21.212,36.664,25.138,9.647,2.179,7451.75,52,21.1,NA,0,0,0,0,0,0,0,0,0,0,0,0,0,0,0,0,0,0,0,0,0,0,0,0,0,0,0,0,0,0,0,400.87,394.081,365.108,353.051,337.521,311.741,306.615,306.584,280.823,282.622,270.528,268.943,253.238,237.465,226.937,218.914,206.925,183.16,180.373,168.444,156.098,154.228,139.697,138.167,132.816,131.8,115.487,105.083,89.184,75.39,64.053,54.181,50.215,42.483,40.293,37.054,36.817,34.466,34.888,36.965,37.185,35.012,33.294,29.101,25.092,17.77,14.604,11.103,7.489,5.877,4.143,3.08,1.482,1.109,0.761,0.397,0.459,0.422,0,0.056,0,0,0,0,0,0,0,0,0,0,0,0,0,0,0,0,0,0,0,0,0,0,0,0,0,0,0,0,0,0,0,0,0,0,0,3.632,5.203,7.347,9.26,11.65,14.006,15.926,18.887,22.246,23.683,27.236,29.624,33.051,34.661,35.987,37.875,40.023,41.295,39.801,42.463,42.998,43.075,45.327,44.06,45.769,46.31,47.957,44.527,42.535,38.468,34.573,31.711,29.256,28.692,27.098,26.98,25.766,25.564,24.136,22.86,22.384,21.468,19.577,17.672,15.142,12.791,8.808,7.076,5.25,3.565,2.749,1.851,1.339,0.658,0.458,0.309,0.157,0.179,0.161,0,0.021,0.036,0,0,0,0
2026-08-29 14:43:00,1,"Normal Scan","Normal Scan",0,"ON",1,1,1,737,5,20.5,96.5,55.5,6.98896e-08,1.82049e-05,4.97,8954.6,8.8,736.5,1,"Up Scan","Positive",254,0,4.37,1.6,8,8,0,1,1,22.936,38.96,26.714,12.864,2.196,7101.35,53,21.2,NA,0,0,0,0,0,0,0,0,0,0,0,0,0,0,0,0,0,0,0,0,0,0,0,0,0,0,0,0,0,0,0,296.23,320.108,303.889,306.342,323.451,295.446,279.747,277.832,263.137,253.711,252.025,249.978,248.204,234.637,234.238,221.552,205.234,195.442,181.265,171.176,159.199,154.476,146.544,142.846,138.638,132.877,129.127,111.099,96.352,84.393,66.386,57.931,52.885,46.09,43.004,39.754,36.887,36.616,36.536,37.914,38.846,37.408,32.263,30.798,23.797,19.597,14.537,11.454,8.697,7.639,4.239,2.479,2.116,1.29,0.903,0.495,0.51,0.434,0.479,0.17,0,0,0,0,0,0,0,0,0,0,0,0,0,0,0,0,0,0,0,0,0,0,0,0,0,0,0,0,0,0,0,0,0,0,0,2.667,3.821,6.015,7.681,10.081,13.397,15.113,17.216,20.182,22.189,24.521,27.618,30.728,33.992,35.609,39.041,40.448,40.928,42.396,42.731,43.695,43.991,45.848,46.148,47.582,48.512,48.581,49.451,45.064,41.39,38.524,32.953,31.006,30.233,28.83,28.514,27.436,25.754,25.293,23.702,23.416,22.255,20.779,17.931,16.047,12.086,9.888,7.181,5.487,4.127,3.54,1.969,1.148,0.977,0.534,0.367,0.196,0.198,0.166,0.178,0.062,0.05,0,0,0,0
2026-08-29 14:48:00,1,"Normal Scan","Normal Scan",0,"ON",1,1,1,736.6,5,20,96.4,55.9,6.98104e-08,1.81809e-05,4.97,8954.6,8.8,736.5,1,"Up Scan","Positive",254,0,4.37,1.6,8,8,0,1,1,21.155,35.767,24.973,11.14,2.136,8113.38,53,21,NA,0,0,0,0,0,0,0,0,0,0,0,0,0,0,0,0,0,0,0,0,0,0,0,0,0,0,0,0,0,0,0,379.855,375.315,412.018,375.377,369.443,379.362,347.798,341.652,335.075,313.964,307.136,302.377,288.469,270.413,253.388,242.744,217.368,200.917,199.467,182.021,175.084,166.505,153.793,148.623,146.163,137.956,129.298,114.389,99.654,83.032,70.495,57.831,50.437,44.213,39.935,36.465,36.219,35.132,35.769,34.685,34.932,33.142,32.823,30.177,22.147,19.293,13.564,11.868,9.5,6.172,3.859,2.391,1.508,0.926,0.427,0.298,0.306,0.159,0,0.056,0,0,0,0,0,0,0,0,0,0,0,0,0,0,0,0,0,0,0,0,0,0,0,0,0,0,0,0,0,0,0,0,0,0,0,3.27,4.879,7.048,10.427,12.359,15.389,19.468,21.39,24.847,28.16,30.3,33.603,37.125,39.499,40.943,42.228,44.336,43.399,43.656,46.918,46.438,48.112,49.115,48.42,49.442,51.012,50.312,49.468,46.119,42.196,37.594,34.509,30.494,28.871,27.431,26.307,25.187,25.368,24.279,23.154,21.521,20.287,18.981,17.742,15.445,11.215,9.435,6.564,5.482,4.393,2.797,1.714,1.041,0.635,0.381,0.174,0.118,0.119,0.06,0,0.021,0,0,0,0,0
2026-08-29 14:53:00,1,"Normal Scan","Normal Scan",0,"ON",1,1,1,737,5,20.4,96.5,55.6,6.98593e-08,1.82001e-05,4.97,8954.6,8.8,736.5,1,"Up Scan","Positive",254,0,4.37,1.6,8,8,0,1,1,22.001,37.556,25.721,10.366,2.184,6637.64,53,21.1,NA,0,0,0,0,0,0,0,0,0,0,0,0,0,0,0,0,0,0,0,0,0,0,0,0,0,0,0,0,0,0,0,321.303,346.756,318.561,294.636,274.618,290.553,251.207,256.457,249.86,246.452,236.276,244.992,234.349,227.828,213.425,202.242,188.995,174.523,171.761,157.023,146.133,141.189,134.479,124.276,126.777,116.861,104.276,94.118,80.283,68.837,54.91,49.018,43.949,40.207,31.551,32.467,31.958,30.606,31.826,32.854,34.509,31.402,30.927,27.012,22.785,20.274,13.647,11.81,9.048,6.801,4.414,3.023,1.431,0.871,0.574,0.246,0.255,0.105,0.054,0.056,0,0,0,0,0,0,0,0,0,0,0,0,0,0,0,0,0,0,0,0,0,0,0,0,0,0,0,0,0,0,0,0,0,0,0,3.104,4.133,6.497,8.084,9.704,11.387,14.873,15.466,18.625,21.063,23.808,25.862,30.12,32.09,34.545,35.609,36.952,37.683,37.914,40.353,40.095,40.202,41.442,42.048,41.316,43.98,42.383,40.219,38.187,34.277,31.44,27.225,26.428,25.564,24.936,22.58,23.176,22.964,21.772,21.594,20.921,20.091,17.949,16.979,14.225,11.642,9.912,6.509,5.559,4.158,3.079,1.942,1.315,0.62,0.362,0.232,0.098,0.099,0.04,0.02,0.021,0.017,0,0,0,0
2026-08-29 14:58:00,1,"Normal Scan","Normal Scan",0,"ON",1,1,1,736.7,5,20.2,96.4,56.4,6.98711e-08,1.81905e-05,4.97,8954.6,8.8,736.5,1,"Up Scan","Positive",254,0,4.37,1.6,8,8,0,1,1,22.043,36.125,25.479,11.14,2.112,7630.03,52,21.1,NA,0,0,0,0,0,0,0,0,0,0,0,0,0,0,0,0,0,0,0,0,0,0,0,0,0,0,0,0,0,0,0,332.105,309.385,344.272,323.217,329.646,339.786,330.881,317.6,313.399,298.331,299.785,283.709,277.063,279.387,263.007,251.485,233.092,215.927,206.632,181.948,172.018,158.419,157.987,141.103,136.887,132.664,117.547,110.026,88.954,76.215,59.188,51.523,42.925,42.094,36.137,32.612,31.757,30.957,32.537,30.854,31.695,34.042,30.346,27.509,24.853,18.601,14.804,11.013,8.39,6.459,3.979,2.074,1.443,0.552,0.286,0.446,0.205,0.106,0.055,0.113,0,0,0,0,0,0,0,0,0,0,0,0,0,0,0,0,0,0,0,0,0,0,0,0,0,0,0,0,0,0,0,0,0,0,0,2.771,4.307,5.786,8.735,10.665,13.749,17.41,20.362,23.051,26.424,28.832,32.803,34.886,37.966,42.371,43.76,45.879,46.314,46.79,48.364,46.267,47.177,46.524,49.383,46.636,47.507,48.069,44.792,43.832,38.036,34.395,28.946,27.396,25.17,25.707,24.214,23.573,22.806,22.037,21.946,19.819,18.945,18.77,16.469,14.319,12.357,9.123,6.96,5.141,3.926,2.927,1.75,0.926,0.677,0.229,0.116,0.176,0.079,0.04,0.02,0.041,0.053,0,0,0,0
2026-08-29 15:03:00,1,"Normal Scan","Normal Scan",0,"ON",1,1,1,736.8,5,20.3,96.4,55.9,6.99014e-08,1.81953e-05,4.97,8954.6,8.8,736.5,1,"Up Scan","Positive",254,0,4.37,1.6,8,8,0,1,1,21.681,36.034,25.097,9.647,2.136,7301.53,53,21.1,NA,0,0,0,0,0,0,0,0,0,0,0,0,0,0,0,0,0,0,0,0,0,0,0,0,0,0,0,0,0,0,0,397.976,345.551,333.387,310.75,306.634,319.612,293.945,293.26,286.622,280.912,275.99,279.045,272.935,263.745,250.133,230.423,219.038,202.653,186.11,167.044,152.527,149.404,137.427,138.463,130.564,123.415,116.469,95.07,84.207,67.595,58.638,48.007,42.439,37.024,32.876,31.456,29.386,31.851,32.115,29.892,33.334,31.834,31.085,27.017,23.612,20.106,13.613,11.647,8.318,5.162,4.326,2.698,1.608,0.813,0.591,0.446,0.254,0.318,0.054,0.111,0,0,0,0,0,0,0,0,0,0,0,0,0,0,0,0,0,0,0,0,0,0,0,0,0,0,0,0,0,0,0,0,0,0,0,2.368,5.143,6.419,8.403,10.256,12.729,16.38,18.098,21.278,24.182,27.164,30.208,34.281,37.401,39.937,41.652,41.988,43.565,43.771,43.73,42.566,41.98,43.976,43.039,45.57,45.134,44.924,44.301,38.145,35.759,30.869,28.558,25.917,24.792,23.503,22.869,22.712,21.787,22.331,21.62,19.371,19.633,18.006,16.554,14.144,12.03,9.857,6.571,5.455,3.915,2.34,1.961,1.192,0.695,0.336,0.24,0.176,0.099,0.12,0.02,0.041,0.017,0,0,0,0
2026-08-29 15:08:00,1,"Normal Scan","Normal Scan",0,"ON",1,1,1,736.9,5,20.4,96.4,56.6,6.99318e-08,1.82001e-05,4.97,8954.6,8.8,736.5,1,"Up Scan","Positive",254,0,4.37,1.6,8,8,0,1,1,21.02,35.212,24.646,11.971,2.112,7041.78,53,21.1,NA,0,0,0,0,0,0,0,0,0,0,0,0,0,0,0,0,0,0,0,0,0,0,0,0,0,0,0,0,0,0,0,301.577,324.107,329.75,353.946,353.854,323.669,294.864,303.571,291.099,276.668,285.267,268.18,255.617,256.202,236.468,221.719,201.218,189.5,172.042,160.395,144.288,135.51,127.951,122.008,119.672,116.937,105.571,92.823,77.137,65.486,49.061,41.076,39.075,33.324,30.087,27.497,26.379,28.358,24.841,30.393,29.3,30.414,29.132,26.274,23.707,19.061,13.634,11.351,7.073,5.391,3.091,2.404,1.388,0.785,0.476,0.592,0.254,0.158,0.055,0.056,0,0,0,0,0,0,0,0,0,0,0,0,0,0,0,0,0,0,0,0,0,0,0,0,0,0,0,0,0,0,0,0,0,0,0,2.522,3.872,6.024,8.389,11.707,14.676,16.541,18.126,22.019,24.556,26.72,31.186,32.936,34.971,38.715,39.362,40.404,39.991,40.927,40.327,40.802,39.746,39.893,40.082,40.377,41.479,42.047,40.04,37.076,32.755,29.496,24.241,22.302,22.54,21.368,21.078,20.493,19.995,20.567,17.95,19.255,17.583,17.249,15.573,13.501,11.902,9.298,6.535,5.328,3.346,2.435,1.384,1.055,0.601,0.324,0.193,0.235,0.099,0.06,0.02,0.021,0.017,0,0,0,0
2026-08-29 15:13:00,1,"Normal Scan","Normal Scan",0,"ON",1,1,1,736.7,5,20.1,96.4,56.2,6.98408e-08,1.81857e-05,4.97,8954.6,8.8,736.5,1,"Up Scan","Positive",254,0,4.37,1.6,8,8,0,1,1,22.839,37.523,26.422,18.434,2.115,7040.55,53,21,NA,0,0,0,0,0,0,0,0,0,0,0,0,0,0,0,0,0,0,0,0,0,0,0,0,0,0,0,0,0,0,0,228.687,266.526,267.439,279.652,293.013,295.059,280.847,293.771,298.454,307.907,298.009,284.941,273.981,271.787,264.066,237.948,215.698,203.404,181.833,172.99,167.59,150.65,137.734,133.273,129.767,123.761,115.223,98.777,88.068,76.643,60.008,50.488,45.368,40.313,34.239,31.903,31.319,31.651,29.711,26.351,32.193,32.189,30.782,28.024,23.567,21.493,15.199,11.591,9.061,7.562,3.673,2.969,1.186,0.773,0.429,0.541,0.256,0.105,0.109,0,0,0,0,0,0,0,0,0,0,0,0,0,0,0,0,0,0,0,0,0,0,0,0,0,0,0,0,0,0,0,0,0,0,0,0,1.899,2.974,4.991,6.78,9.236,12.214,15.116,17.338,21.341,25.192,29.745,32.58,35.023,37.523,41.099,43.897,43.426,42.901,43.934,42.689,43.979,45.818,44.363,43.218,44.244,45.345,45.047,43.952,39.955,37.518,34.308,29.164,26.922,25.926,24.324,23.286,23.095,22.842,22.525,20.684,18.251,19.176,18.31,16.972,14.633,11.971,10.371,7.222,5.485,4.166,3.427,1.623,1.291,0.5,0.319,0.174,0.216,0.099,0.04,0.041,0,0,0,0,0,0
2026-08-29 15:18:00,1,"Normal Scan","Normal Scan",0,"ON",1,1,1,737,5,20.5,96.4,56.5,6.99621e-08,1.82049e-05,4.97,8954.6,8.8,736.5,1,"Up Scan","Positive",254,0,4.37,1.6,8,8,0,1,1,22.763,36.739,26.198,17.154,2.075,7920.41,53,21.2,NA,0,0,0,0,0,0,0,0,0,0,0,0,0,0,0,0,0,0,0,0,0,0,0,0,0,0,0,0,0,0,0,247.164,262.416,267.762,294.035,326.152,312.292,342.299,349.44,358.939,350.293,357.822,352.298,336.749,334.2,308.547,282.706,259.708,239.533,209.258,190.359,174.674,165.516,150.393,147.346,138.898,133.828,118.598,103.29,90.003,77.326,64.511,55.802,46.9,43.306,37.818,34.45,29.75,28.367,30.537,29.444,32.42,32.971,31.49,30.118,27.877,22.589,18.136,13.762,9.483,7.852,4.465,2.528,1.255,1.197,0.572,0.444,0.307,0.159,0.055,0,0,0,0,0,0,0,0,0,0,0,0,0,0,0,0,0,0,0,0,0,0,0,0,0,0,0,0,0,0,0,0,0,0,0,0,1.952,3.199,4.893,6.741,9.687,13.584,16.052,21.067,25.369,30.235,33.846,39.156,43.279,46.032,50.422,51.178,51.434,51.509,51.539,49.079,48.294,47.83,48.473,47.066,48.523,48.281,48.689,45.504,41.798,38.393,34.813,31.1,28.755,26.669,26.197,25.254,24.652,22.606,21.774,22.245,20.011,20.048,19.041,17.498,15.726,13.869,10.941,8.679,6.435,4.396,3.56,1.979,1.1,0.545,0.496,0.232,0.176,0.119,0.06,0.02,0,0.017,0,0,0,0
2026-08-29 15:23:00,1,"Normal Scan","Normal Scan",0,"ON",1,1,1,736.6,5,20,96.4,57,6.98104e-08,1.81809e-05,4.97,8954.6,8.8,736.5,1,"Up Scan","Positive",254,0,4.37,1.6,8,8,0,1,1,23.269,36.268,26.394,21.288,2.026,9565.25,53,21,NA,0,0,0,0,0,0,0,0,0,0,0,0,0,0,0,0,0,0,0,0,0,0,0,0,0,0,0,0,0,0,0,270.364,263.807,316.859,319.539,326.442,364.954,384.275,409.372,413.275,442.478,465.949,472.65,461.521,461.866,425.875,383.425,317.945,295.383,260.574,225.054,205.593,195.655,187.832,172.619,169.148,154.091,145.28,128.093,112.455,93.525,80.721,63.332,57.463,47.631,41.531,40.681,34.369,31.924,32.915,30.303,32.785,32.15,34.027,33.271,30.741,26.464,20.034,15.86,10.78,7.486,6.115,3.585,2.062,0.784,0.856,0.79,0.174,0.24,0.163,0.112,0,0,0,0,0,0,0,0,0,0,0,0,0,0,0,0,0,0,0,0,0,0,0,0,0,0,0,0,0,0,0,0,0,0,0,2.023,3.522,4.968,8.057,10.567,13.548,18.748,23.681,29.811,34.961,42.9,51.071,58.026,63.12,69.661,70.508,69.455,63.022,63.665,60.854,57.214,56.279,57.481,58.665,57.287,58.719,56.424,55.481,51.38,47.357,41.852,38.203,32.645,31.464,28.734,27.141,27.637,25.542,24.507,23.905,21.739,20.86,19.476,18.646,17.586,15.64,12.956,9.556,7.457,5.079,3.393,2.735,1.574,0.921,0.324,0.348,0.314,0.068,0.092,0.061,0.041,0.054,0,0,0,0
2026-08-29 15:28:00,1,"Normal Scan","Normal Scan",0,"ON",1,1,1,737,5,20.5,96.4,56.6,6.99621e-08,1.82049e-05,4.97,8954.6,8.8,736.5,1,"Up Scan","Positive",254,0,4.37,1.6,8,8,0,1,1,22.92,35.949,26.153,19.81,2.019,10079.2,54,21.1,NA,0,0,0,0,0,0,0,0,0,0,0,0,0,0,0,0,0,0,0,0,0,0,0,0,0,0,0,0,0,0,0,256.429,269.835,322.953,359.085,373.296,401.283,427.249,436.937,452.539,485.248,503.371,500.249,493.719,465.528,422.372,387.751,347.881,303.634,272.079,243.058,217.271,209.205,195.577,181.607,174.178,157.068,141.336,129.85,112.801,93.52,79.916,70.836,59.507,53.842,46.588,37.053,35.648,31.4,29.143,28.593,30.016,29.283,31.931,34.391,32.188,29.499,24.119,19.641,13.656,10.088,5.793,3.518,2.337,1.336,0.764,0.591,0.408,0.106,0.108,0,0,0,0,0,0,0,0,0,0,0,0,0,0,0,0,0,0,0,0,0,0,0,0,0,0,0,0,0,0,0,0,0,0,0,0,1.774,3.324,5.055,8.192,11.839,15.577,20.594,26.302,31.752,38.238,46.922,55.062,61.352,67.369,70.206,70.018,70.318,68.895,65.429,63.586,61.584,59.277,61.037,60.863,59.962,60.452,57.414,54.649,52.266,47.926,41.983,37.751,35.258,32.049,30.792,29.26,25.913,26.145,24.998,23.195,21.837,20.805,18.822,18.348,18.437,16.241,14.438,11.474,9.197,6.299,4.521,2.589,1.511,0.984,0.553,0.309,0.235,0.159,0.04,0.041,0,0,0,0,0,0
2026-08-29 15:33:00,1,"Normal Scan","Normal Scan",0,"ON",1,1,1,736.8,5,20.3,96.4,57.4,6.99014e-08,1.81953e-05,4.97,8954.6,8.8,736.5,1,"Up Scan","Positive",254,0,4.37,1.6,8,8,0,1,1,23.442,37.465,26.905,18.434,2.052,8643.66,53,21.1,NA,0,0,0,0,0,0,0,0,0,0,0,0,0,0,0,0,0,0,0,0,0,0,0,0,0,0,0,0,0,0,0,180.093,227.349,278.002,307.891,300.515,335.047,348.959,384.722,396.707,419.093,406.593,407.729,398.712,386.042,367.846,341.776,302.815,268.491,235.464,208.771,194.456,179.71,173.373,160.85,147.21,143.185,134.686,117.163,105.851,87.472,73.707,61.604,51.168,46.674,42.319,36.574,33.088,31.48,27.417,29.662,30.322,32.295,30.073,31.133,31.028,27.868,23.889,19.456,12.5,10.009,5.809,4.105,1.708,0.921,0.857,0.592,0.562,0.105,0.109,0.056,0,0,0,0,0,0,0,0,0,0,0,0,0,0,0,0,0,0,0,0,0,0,0,0,0,0,0,0,0,0,0,0,0,0,0,1.546,2.328,4.282,7.065,10.158,12.516,17.227,21.536,27.955,33.467,40.45,44.486,50.112,54.511,58.292,61.003,62.016,59.931,57.862,55.1,52.852,53.197,52.734,54.112,53.356,51.482,52.408,51.592,47.032,44.885,39.185,35.067,31.358,28.508,27.621,27.301,26.005,24.596,24.171,22.113,22.014,20.94,19.957,17.617,16.664,15.867,13.538,11.311,9.104,5.808,4.561,2.562,1.784,0.752,0.381,0.348,0.235,0.218,0.04,0.041,0.021,0.032,0,0,0,0
2026-08-29 15:38:00,1,"Normal Scan","Normal Scan",0,"ON",1,1,1,736.6,5,20,96.4,57,6.98104e-08,1.81809e-05,4.97,8954.6,8.8,736.5,1,"Up Scan","Positive",254,0,4.37,1.6,8,8,0,1,1,23.145,36.698,26.628,19.81,2.019,9236.27,53,21,NA,0,0,0,0,0,0,0,0,0,0,0,0,0,0,0,0,0,0,0,0,0,0,0,0,0,0,0,0,0,0,0,198.4,213.714,243.43,279.147,340.161,375.525,391.88,414.37,433.725,473.967,479.378,471.833,468.952,444.132,398.563,369.629,318.422,274.524,249.073,220.016,194.254,187.701,175.984,163.86,154.343,148.226,138.24,119.318,104.558,87.796,74.178,61.611,53.363,45.883,40.115,37.104,32.335,29.515,29.507,27.358,30.609,32.061,32.229,35.264,32.58,28.386,25.638,18.282,13.641,9.126,6.411,2.596,1.883,1.152,1,0.706,0.342,0.053,0.11,0.113,0,0,0,0,0,0,0,0,0,0,0,0,0,0,0,0,0,0,0,0,0,0,0,0,0,0,0,0,0,0,0,0,0,0,0,1.38,2.578,4.007,6.206,9.225,14.248,19.368,24.204,30.141,36.646,45.771,52.459,57.918,63.992,66.94,66.059,66.986,63.029,59.179,58.162,55.701,53.27,55.075,54.932,54.188,53.816,54.133,52.78,48.043,44.139,39.268,35.216,31.376,29.346,27.242,26.623,26.257,24.899,24.039,23.336,21.264,21.185,19.624,18.619,18.808,16.278,13.787,12.158,8.624,6.389,4.085,2.799,1.166,0.861,0.477,0.406,0.28,0.134,0.02,0.041,0.041,0.054,0,0,0,0
2026-08-29 15:43:00,1,"Normal Scan","Normal Scan",0,"ON",1,1,1,737,5,20.5,96.4,57.2,6.99621e-08,1.82049e-05,4.97,8954.6,8.8,736.5,1,"Up Scan","Positive",254,0,4.37,1.6,8,8,0,1,1,23.25,37.19,26.793,21.288,2.035,8805.61,53,21.2,NA,0,0,0,0,0,0,0,0,0,0,0,0,0,0,0,0,0,0,0,0,0,0,0,0,0,0,0,0,0,0,0,196.705,216.958,221.468,287.04,302.35,339.369,375.364,393.061,429.041,423.799,448.757,451.46,447.576,423.684,380.451,339.451,307.807,268.324,238.4,213.259,187.925,174.696,167.176,159.012,152.651,142.135,128.257,111.62,100.459,84.608,69.784,59.958,50.755,44.836,37.704,35.959,34.575,30.982,27.657,29.156,30.494,31.342,32.53,32.948,31.915,29.689,24.175,18.647,14.285,10.431,6.011,3.512,1.962,1.335,0.526,0.693,0.406,0.317,0.109,0.056,0,0,0,0,0,0,0,0,0,0,0,0,0,0,0,0,0,0,0,0,0,0,0,0,0,0,0,0,0,0,0,0,0,0,0,1.266,2.515,4.033,5.621,9.475,12.634,17.418,23.167,28.605,36.229,40.959,49.081,55.394,61.075,63.834,63.02,61.498,60.817,57.75,55.699,54.042,51.418,51.223,52.057,52.642,52.999,51.836,49.046,45.032,42.544,37.8,33.52,31.075,28.032,26.941,25.455,25.715,25.88,24.43,22.353,22.163,21.077,19.759,18.897,17.626,16.214,14.411,11.517,8.673,6.667,4.689,2.708,1.526,0.846,0.553,0.213,0.274,0.159,0.12,0.041,0.021,0.017,0,0,0,0
2026-08-29 15:48:00,1,"Normal Scan","Normal Scan",0,"ON",1,1,1,736.6,5,20,96.4,57.5,6.98104e-08,1.81809e-05,4.97,8954.6,8.8,736.5,1,"Up Scan","Positive",254,0,4.37,1.6,8,8,0,1,1,23.429,37.462,27.066,22.876,2.028,9079.55,54,21.1,NA,0,0,0,0,0,0,0,0,0,0,0,0,0,0,0,0,0,0,0,0,0,0,0,0,0,0,0,0,0,0,0,164.885,209.738,234.587,279.446,290.864,335.988,385.959,395.075,437.129,475.528,471.095,470.32,475.961,441.687,406.173,371.936,320.117,279.806,242.692,215.231,195.435,182.99,169.219,158.765,153.4,141.54,131.29,116.552,102.452,86.974,72.587,61.895,56.606,50.133,40.407,42.19,38.422,33.607,32.809,32.577,30.857,32.276,31.705,35.436,32.618,28.844,24.114,19.713,14.054,10.006,5.695,4.323,2.377,1.015,0.808,0.442,0.718,0.317,0.055,0.113,0,0,0,0,0,0,0,0,0,0,0,0,0,0,0,0,0,0,0,0,0,0,0,0,0,0,0,0,0,0,0,0,0,0,0,1.442,2.19,3.935,5.98,9.248,12.164,17.297,23.818,28.758,36.968,45.966,51.551,57.741,64.921,66.554,67.28,67.35,63.269,60.178,56.68,54.568,53.322,53.623,52.874,52.694,53.447,51.741,50.441,47.565,43.578,39.413,35.545,32.006,31.36,29.945,26.902,28.688,27.341,26.323,24.956,23.596,21.23,20.386,18.47,18.803,16.679,14.263,11.45,9.223,6.426,4.654,2.543,1.881,1.053,0.42,0.329,0.176,0.278,0.121,0.02,0.041,0.036,0,0,0,0
2026-08-29 15:53:00,1,"Normal Scan","Normal Scan",0,"ON",1,1,1,736.8,5,20.3,96.4,57.1,6.99014e-08,1.81953e-05,4.97,8954.6,8.8,736.5,1,"Up Scan","Positive",254,0,4.37,1.6,8,8,0,1,1,23.929,38.369,27.631,21.288,2.044,9099.05,55,21.1,NA,0,0,0,0,0,0,0,0,0,0,0,0,0,0,0,0,0,0,0,0,0,0,0,0,0,0,0,0,0,0,0,176.133,190.856,229.22,239.643,322.587,343.893,368.143,393.481,431.224,443.041,454.663,457.211,448.888,447.802,388.539,371.614,313.232,283.876,249.968,221.028,205.181,195.144,185.838,169.204,163.977,154.18,147.837,131.719,116.2,94.088,82.463,66.481,57.621,52.519,45.677,40.245,32.404,33.751,29.76,29.995,31.258,33.146,35.769,35.605,32.13,31.193,25.042,20.584,15.356,11,7.251,4.497,2.789,1.968,0.905,0.541,0.305,0.159,0.109,0.113,0,0,0,0,0,0,0,0,0,0,0,0,0,0,0,0,0,0,0,0,0,0,0,0,0,0,0,0,0,0,0,0,0,0,0,1.434,2.29,3.574,5.848,7.984,13.423,17.679,22.708,28.645,36.415,42.847,49.768,56.071,61.295,67.449,64.404,67.36,62.054,61.255,58.441,56.14,56.177,57.398,58.171,56.42,57.199,56.56,56.553,52.859,49.198,42.182,38.732,33.806,31.535,30.873,29.159,28.106,25.707,26.544,23.855,23.07,21.827,21.205,20.6,19.334,16.594,15.379,12.088,9.677,7.026,4.919,3.209,1.963,1.189,0.815,0.367,0.216,0.119,0.06,0.041,0.041,0,0,0,0,0
2026-08-29 15:58:00,1,"Normal Scan","Normal Scan",0,"ON",1,1,1,736.8,5,20.3,96.4,57.9,6.99014e-08,1.81953e-05,4.97,8954.6,8.8,736.5,1,"Up Scan","Positive",254,0,4.37,1.6,8,8,0,1,1,24.741,39.597,28.581,21.288,2.052,9563.32,54,21.1,NA,0,0,0,0,0,0,0,0,0,0,0,0,0,0,0,0,0,0,0,0,0,0,0,0,0,0,0,0,0,0,0,172.296,194.574,206.921,241.072,306.845,322.604,368.029,413.052,425.887,454.153,463.487,480.812,479.333,442.086,408.467,384.603,340.941,309.112,265.61,250.741,229.311,215.579,203.357,196.798,192.034,183.198,165.555,152.538,135.438,110.739,94.834,82.192,65.954,60.475,52.451,46.074,40.951,34.306,34.85,33.007,32.5,34.726,33.169,33.851,34.554,32.577,28.629,22.995,16.113,13.296,8.22,4.562,3.383,2.034,0.858,0.645,0.456,0.212,0.163,0.113,0,0,0,0,0,0,0,0,0,0,0,0,0,0,0,0,0,0,0,0,0,0,0,0,0,0,0,0,0,0,0,0,0,0,0,1.258,2.228,3.624,5.282,7.997,12.803,16.548,22.749,30.063,35.96,43.898,50.709,58.998,65.528,66.728,67.853,69.864,67.576,66.727,62.382,63.816,63.018,63.539,64.089,65.51,67.106,67.072,63.72,61.223,57.11,49.686,44.666,40.624,35.758,34.512,32.787,31.328,29.393,26.825,26.956,25.23,23.534,22.342,20.094,18.795,17.862,16.181,13.792,10.704,7.55,5.947,3.658,1.982,1.491,0.839,0.348,0.255,0.179,0.08,0.061,0.041,0.052,0,0,0,0
2026-08-29 16:03:00,1,"Normal Scan","Normal Scan",0,"ON",1,1,1,736.6,5,20,96.4,57.6,6.98104e-08,1.81809e-05,4.97,8954.6,8.8,736.5,1,"Up Scan","Positive",254,0,4.37,1.6,8,8,0,1,1,24.896,40.048,28.942,22.876,2.055,8807.78,54,21,NA,0,0,0,0,0,0,0,0,0,0,0,0,0,0,0,0,0,0,0,0,0,0,0,0,0,0,0,0,0,0,0,134.903,159.195,166.049,232.569,275.782,321.209,318.949,376.993,398.317,427.359,436.266,440.558,443.543,412.853,383.539,347.159,308.761,277.215,252.33,224.762,210.666,196.379,186.632,183.499,172.287,163.894,154.164,144.308,126.112,108.511,91.082,80.743,70.936,59.377,49.637,46.233,38.705,36.394,33.704,33.039,33.599,33.065,33.162,33.068,31.977,30.108,25.725,20.661,14.619,10.359,7.417,4.084,1.967,1.658,0.764,0.394,0.154,0.211,0.055,0.113,0,0,0,0,0,0,0,0,0,0,0,0,0,0,0,0,0,0,0,0,0,0,0,0,0,0,0,0,0,0,0,0,0,0,0,0.851,1.768,3.011,4.212,7.74,11.51,16.503,19.724,27.439,33.662,41.353,47.74,54.05,60.541,62.345,63.622,63.091,61.254,59.911,59.216,57.174,57.851,57.979,59.028,61.264,60.512,60.526,59.776,58.524,53.529,48.478,43.225,40.075,37.543,34.192,31.227,30.847,28.069,27.114,25.302,24.577,22.841,20.879,19.401,17.951,16.332,14.676,12.311,9.611,6.704,4.661,3.279,1.778,0.899,0.687,0.309,0.157,0.06,0.08,0.02,0.041,0.054,0,0,0,0
2026-08-29 16:08:00,1,"Normal Scan","Normal Scan",0,"ON",1,1,1,737,5,20.6,96.4,57.6,6.99924e-08,1.82097e-05,4.97,8954.6,8.8,736.5,1,"Up Scan","Positive",254,0,4.37,1.6,8,8,0,1,1,25.941,41.723,30.034,22.876,2.065,6841.82,54,21.2,NA,0,0,0,0,0,0,0,0,0,0,0,0,0,0,0,0,0,0,0,0,0,0,0,0,0,0,0,0,0,0,0,87.296,86.814,134.821,164.162,202.252,217.674,247.155,270.686,302.51,313.911,330.999,329.728,333.748,328.686,303.542,284.604,257.703,223.222,193.823,186.462,173.618,165.901,158.493,157.9,146.078,138.533,134.471,115.725,100.345,86.615,74.056,62.349,50.41,44.381,36.662,30.825,29.525,29.671,26.629,22.775,28.801,32.009,32.404,31.28,29.151,27.283,22.916,17.486,13.105,8.188,5.677,2.692,2.584,1.527,0.755,0.346,0.306,0.106,0.329,0.113,0,0,0,0,0,0,0,0,0,0,0,0,0,0,0,0,0,0,0,0,0,0,0,0,0,0,0,0,0,0,0,0,0,0,0,0.623,1.132,1.605,3.458,5.488,8.422,11.242,15.226,19.704,25.588,30.338,36.202,40.519,45.602,49.571,50.4,51.727,51.104,48.322,45.735,47.516,47.799,49.037,49.702,52.351,51.128,50.74,51.301,46.52,42.292,38.252,34.309,31.481,27.838,25.792,24.258,23.263,23.21,23.283,20.937,18.588,19.846,19.722,18.368,16.621,14.589,13.473,11.047,8.149,6.007,3.692,2.535,1.24,1.09,0.632,0.306,0.137,0.119,0.04,0.122,0.041,0,0,0,0,0
2026-08-29 16:13:00,1,"Normal Scan","Normal Scan",0,"ON",1,1,1,736.6,5,20,96.4,57.9,6.98104e-08,1.81809e-05,4.97,8954.6,8.8,736.5,1,"Up Scan","Positive",254,0,4.37,1.6,8,8,0,1,1,25.877,41.897,29.934,22.876,2.077,6050.74,54,21.1,NA,0,0,0,0,0,0,0,0,0,0,0,0,0,0,0,0,0,0,0,0,0,0,0,0,0,0,0,0,0,0,0,87.397,88.004,116.939,147.077,175.673,189.853,210.949,250.103,260.737,287.455,290.808,290.202,292.353,283.14,275.724,246.721,221.076,202.253,185.348,161.575,158.761,147.597,143.577,139.002,130.224,118.751,108.469,97.367,84.878,72.066,61.434,48.428,42.007,37.09,29.449,26.75,24.439,24.863,25.13,25.244,27.287,30.102,29.014,29.58,29.342,26.849,19.88,16.015,11.889,8.619,5.307,3.421,1.82,1.203,0.617,0.344,0.102,0.158,0.108,0.168,0,0,0,0,0,0,0,0,0,0,0,0,0,0,0,0,0,0,0,0,0,0,0,0,0,0,0,0,0,0,0,0,0,0,0,0.477,1.133,1.668,2.97,4.89,7.348,9.804,13.009,18.19,22.062,27.82,31.868,35.657,39.992,42.769,45.747,44.962,43.928,43.79,43.604,41.206,43.476,43.337,44.845,45.823,45.271,43.384,41.392,39.034,35.658,31.881,28.935,24.992,23.678,22.82,20.781,21.014,19.973,20.361,20.645,19.167,18.5,18.173,16.768,15.857,14.817,13.054,9.517,7.523,5.425,3.869,2.362,1.504,0.819,0.497,0.25,0.137,0.04,0.06,0.041,0.062,0.036,0,0,0,0
2026-08-29 16:18:00,1,"Normal Scan","Normal Scan",0,"ON",1,1,1,736.9,5,20.4,96.4,57.3,6.99318e-08,1.82001e-05,4.97,8954.6,8.8,736.5,1,"Up Scan","Positive",254,0,4.37,1.6,8,8,0,1,1,26.903,43.602,31.15,21.288,2.095,6662,54,21.2,NA,0,0,0,0,0,0,0,0,0,0,0,0,0,0,0,0,0,0,0,0,0,0,0,0,0,0,0,0,0,0,0,85.108,118.746,124.72,151.663,148.774,178.19,212.127,244.96,283.879,301.676,311.939,322.232,313.555,313.624,297.894,269.916,247.466,218.752,199.57,191.689,175.722,172.751,162.806,159.782,151.147,143.927,131.375,122.1,104.405,91.927,77.459,64.941,55.04,47.198,38.863,37.478,28.219,28.536,27.431,27.551,30.885,30.546,37.157,35.281,31.332,29.405,25.109,20.171,12.739,9.269,5.362,4.549,2.069,1.294,0.667,0.543,0.205,0,0.163,0.114,0,0,0,0,0,0,0,0,0,0,0,0,0,0,0,0,0,0,0,0,0,0,0,0,0,0,0,0,0,0,0,0,0,0,0,0.56,1.12,2.204,3.163,5.045,6.262,9.191,13.141,17.83,23.991,29.21,34.178,39.565,42.919,47.366,49.493,49.139,49.245,47.447,47.074,48.929,48.405,50.815,51.326,53.012,53.063,52.865,50.489,49.073,44.188,40.564,36.33,32.381,29.99,27.998,25.962,26.202,24.04,23.687,22.271,21.229,21.629,19.079,20.89,18.492,16.075,14.32,11.97,9.389,5.875,4.154,2.378,1.965,0.956,0.534,0.271,0.216,0.079,0,0.061,0.041,0.052,0,0,0,0
2026-08-29 16:23:00,1,"Normal Scan","Normal Scan",0,"ON",1,1,1,737,5,20.4,96.5,58.1,6.98593e-08,1.82001e-05,4.97,8954.6,8.8,736.5,1,"Up Scan","Positive",254,0,4.37,1.6,8,8,0,1,1,27.112,43.007,30.969,22.876,2.078,6406.97,54,21.2,NA,0,0,0,0,0,0,0,0,0,0,0,0,0,0,0,0,0,0,0,0,0,0,0,0,0,0,0,0,0,0,0,98.311,107.903,116.885,139.681,157.787,179.866,205.592,230.254,254.44,279.747,290.261,295.004,304.886,298.604,288.197,269.623,246.006,220.752,201.124,189.303,179.633,167.053,164.534,157.677,143.781,138.861,130.842,114.172,98.551,85.051,69.322,61.225,51.46,40.896,36.459,34.77,30.247,26.535,26.749,27.481,26.486,28.343,30.401,32.402,30.687,25.777,20.837,17.611,12.265,8.459,4.983,3.699,2.211,1.405,1.001,0.296,0.257,0.265,0.055,0,0,0,0,0,0,0,0,0,0,0,0,0,0,0,0,0,0,0,0,0,0,0,0,0,0,0,0,0,0,0,0,0,0,0,0,0.612,1.271,2.04,2.982,4.626,6.601,9.25,12.691,16.781,21.533,27.09,31.822,36.27,41.726,45.143,47.909,49.151,48.906,47.864,47.383,48.138,49.306,49.321,51.385,52.102,50.293,50.654,50.147,45.805,41.28,37.94,33.061,30.576,27.83,24.883,24.141,24.154,23.011,21.974,21.353,20.168,18.517,17.843,17.38,17.148,15.526,12.677,10.056,8.249,5.576,3.838,2.234,1.593,0.932,0.58,0.406,0.118,0.099,0.1,0.02,0,0,0,0,0,0
2026-08-29 16:28:00,1,"Normal Scan","Normal Scan",0,"ON",1,1,1,736.7,5,20.1,96.5,57.8,6.97684e-08,1.81857e-05,4.97,8954.6,8.8,736.5,1,"Up Scan","Positive",254,0,4.37,1.6,8,8,0,1,1,28.098,44.818,32.066,22.876,2.103,6298.79,54,21.1,NA,0,0,0,0,0,0,0,0,0,0,0,0,0,0,0,0,0,0,0,0,0,0,0,0,0,0,0,0,0,0,0,92.946,99.496,105.322,137.849,135.728,166.291,191.954,219.682,239.62,260.595,274.79,289.881,303.641,280.95,263.362,256.261,244.019,221.235,199.841,193.149,176.347,171.531,164.21,158.643,154.36,143.084,128.869,121.215,101.379,90.06,77.756,68.458,56.975,48.663,42.692,37.759,33.437,28.577,28.439,30.167,27.595,30.325,31.659,31.052,29.482,26.974,23.467,18.982,14.229,8.787,6.806,3.996,2.905,1.658,0.522,0.546,0.305,0.105,0.11,0.056,0,0,0,0,0,0,0,0,0,0,0,0,0,0,0,0,0,0,0,0,0,0,0,0,0,0,0,0,0,0,0,0,0,0,0,0.664,1.183,1.879,2.694,4.554,5.661,8.562,11.885,16.058,20.302,25.259,30.205,35.676,41.59,42.542,43.944,46.775,48.545,48.011,47.163,49.292,48.535,50.49,51.597,52.648,53.935,52.695,49.986,48.958,43.186,40.315,36.805,34.042,30.573,28.734,26.957,26.121,24.985,22.9,22.1,22.089,19.787,19.404,18.329,16.83,15.16,13.417,11.266,8.841,6.538,3.95,3.001,1.749,1.224,0.685,0.211,0.217,0.119,0.04,0.041,0.021,0,0,0,0,0
2026-08-29 16:33:00,1,"Normal Scan","Normal Scan",0,"ON",1,1,1,737.1,5,20.6,96.5,57.6,6.99199e-08,1.82097e-05,4.97,8954.6,8.8,736.5,1,"Up Scan","Positive",254,0,4.37,1.6,8,8,0,1,1,28.266,44.347,32.055,22.876,2.084,6652.49,54,21.3,NA,0,0,0,0,0,0,0,0,0,0,0,0,0,0,0,0,0,0,0,0,0,0,0,0,0,0,0,0,0,0,0,87.736,104.181,122.552,137.226,148.37,168.963,208.801,229.031,258.57,268.419,287.761,303.561,304.585,298.355,283.038,272.215,252.467,226.012,217.212,197.359,197.621,187.315,179.523,170.574,164.643,156.405,148.055,133.268,117.638,99.83,81.671,72.049,59.266,51.929,40.599,36.772,32.157,27.82,27.453,29.163,31.076,30.761,31.976,34.362,31.556,25.964,22.266,17.333,13.353,8.816,5.634,3.871,2.018,1.383,0.526,0.691,0.307,0.105,0.218,0.113,0,0,0,0,0,0,0,0,0,0,0,0,0,0,0,0,0,0,0,0,0,0,0,0,0,0,0,0,0,0,0,0,0,0,0,0.759,1.157,1.956,3.092,4.543,6.21,8.713,12.909,16.685,21.867,26.02,31.575,37.367,41.691,45.177,47.15,49.683,50.363,49.165,51.189,50.525,54.336,55.314,56.511,56.886,57.563,57.414,56.898,53.482,49.243,44.001,38.137,35.496,31.482,30.091,26.731,25.646,24.418,23.03,21.911,21.349,20.746,19.049,18.389,18.074,16.076,12.715,10.65,8.096,6.184,3.992,2.514,1.704,0.884,0.572,0.213,0.274,0.119,0.04,0.081,0.041,0.016,0,0,0,0
2026-08-29 16:38:00,1,"Normal Scan","Normal Scan",0,"ON",1,1,1,736.8,5,20.2,96.5,57.9,6.97987e-08,1.81905e-05,4.97,8954.6,8.8,736.5,1,"Up Scan","Positive",254,0,4.37,1.6,8,8,0,1,1,28.585,45.455,32.552,22.876,2.107,6281.2,54,21.1,NA,0,0,0,0,0,0,0,0,0,0,0,0,0,0,0,0,0,0,0,0,0,0,0,0,0,0,0,0,0,0,0,78.538,95.619,107.004,127.509,144.986,171.891,185.871,205.923,234.234,255.414,271.022,277.466,286.215,279.842,269.365,258.77,245.45,218.338,204.36,191.247,179.918,170.137,169.501,162.207,153.877,143.89,138.866,125.177,110.93,92.216,77.188,68.105,56.488,46.181,43.311,35.596,35.354,31.345,28.884,32.993,32.67,34.624,34.791,33.24,30.546,24.966,22.077,18.263,14.363,8.938,6.535,3.708,2.246,1.103,0.907,0.346,0.203,0.157,0.11,0.17,0,0,0,0,0,0,0,0,0,0,0,0,0,0,0,0,0,0,0,0,0,0,0,0,0,0,0,0,0,0,0,0,0,0,0,0.457,1.021,1.781,2.73,4.228,6.062,8.885,11.499,15.036,19.843,24.738,29.743,34.211,39.229,42.424,44.856,47.204,48.831,47.468,48.216,48.832,49.548,50.445,53.246,54.034,53.859,52.943,53.365,50.317,46.708,41.07,36.862,34.358,30.705,28.354,28.143,25.889,26.441,24.322,22.654,22.912,21.746,21.13,19.702,17.865,15.568,12.336,10.481,8.589,6.583,4.024,2.863,1.63,0.996,0.458,0.367,0.137,0.079,0.06,0.041,0.062,0.017,0,0,0,0
2026-08-29 16:43:00,1,"Normal Scan","Normal Scan",0,"ON",1,1,1,736.8,5,20.2,96.5,57.6,6.97987e-08,1.81905e-05,4.97,8954.6,8.8,736.5,1,"Up Scan","Positive",254,0,4.37,1.6,8,8,0,1,1,29.272,46.99,33.244,24.582,2.16,6653.65,54,21.1,NA,0,0,0,0,0,0,0,0,0,0,0,0,0,0,0,0,0,0,0,0,0,0,0,0,0,0,0,0,0,0,0,112.981,134.21,138.153,136.094,141.448,175.941,187.232,205.413,238.522,249.303,271.975,271.022,275.902,278.946,269.545,262.523,244.239,230.761,211.468,199.907,192.676,178.949,166.604,160.151,153.783,145.211,140.118,140.509,132.374,117.302,102.396,89.079,78.788,69.496,57.976,53.273,43.623,40.184,35.482,37.595,35.78,34.878,34.078,34.536,29.825,29.224,22.531,17.958,13.64,11.127,7.01,4.951,2.103,1.653,1.194,0.689,0.562,0.317,0.272,0.17,0,0,0,0,0,0,0,0,0,0,0,0,0,0,0,0,0,0,0,0,0,0,0,0,0,0,0,0,0,0,0,0,0,0,0,0.965,1.494,2.513,3.531,4.513,5.903,9.027,11.552,14.983,20.174,24.167,29.846,33.394,37.866,42.308,44.975,47.99,48.707,49.992,49.768,50.922,52.768,52.925,53.235,54.525,55.311,55.07,55.652,58.048,56.737,52.744,48.563,44.393,41.555,38.729,35.432,34.202,30.132,28.705,25.955,25.818,23.595,21.303,19.685,18.961,15.65,14.364,10.89,8.571,6.318,5.077,3.154,2.167,0.94,0.687,0.484,0.274,0.218,0.121,0.102,0.062,0.017,0,0,0,0
2026-08-29 16:48:00,1,"Normal Scan","Normal Scan",0,"ON",1,1,1,737,5,20.5,96.5,58.1,6.98896e-08,1.82049e-05,4.97,8954.6,8.8,736.5,1,"Up Scan","Positive",254,0,4.37,1.6,8,8,0,1,1,22.497,36.163,25.598,9.647,2.105,11685.6,54,21.2,NA,0,0,0,0,0,0,0,0,0,0,0,0,0,0,0,0,0,0,0,0,0,0,0,0,0,0,0,0,0,0,0,585.401,472.735,497.651,497.541,490.932,434.308,439.252,432.662,454.693,493.055,485.768,451.423,425.76,405.507,385.199,405.626,417.716,403.521,362.886,320.09,267.12,243.902,221.412,201.57,189.036,177.921,166.384,153.706,135.082,119.252,100.767,86.525,75.032,69.184,67.165,51.763,53.876,49.51,44.974,41.59,39.913,42.47,37.984,35.622,34.512,27.709,24.962,19.849,14.57,11.394,7.636,4.335,2.993,1.851,0.716,0.594,0.356,0.21,0.326,0.112,0,0,0,0,0,0,0,0,0,0,0,0,0,0,0,0,0,0,0,0,0,0,0,0,0,0,0,0,0,0,0,0,0,0,0,5.389,7.469,8.802,12.668,16.432,20.323,22.253,27.018,31.436,38.374,47.571,53.137,55.607,58.595,61.666,64.428,73.951,82.713,86.529,84.122,80.292,72.565,71.207,69.209,67.115,66.61,65.825,64.382,62.756,58.486,54.249,48.66,44.799,41.67,40.045,40.41,35.053,35.809,33.666,31.222,27.719,25.911,25.222,22.014,19.322,17.673,13.824,12.066,9.254,6.776,5.137,3.436,1.899,1.297,0.763,0.29,0.235,0.139,0.08,0.122,0.041,0.033,0,0,0,0
2026-08-29 16:53:00,1,"Normal Scan","Normal Scan",0,"ON",1,1,1,736.7,5,20,96.5,58.3,6.97381e-08,1.81809e-05,4.97,8954.6,8.8,736.5,1,"Up Scan","Positive",254,0,4.37,1.6,8,8,0,1,1,24.918,39.018,27.743,22.876,2.103,9368.73,54,21.1,NA,0,0,0,0,0,0,0,0,0,0,0,0,0,0,0,0,0,0,0,0,0,0,0,0,0,0,0,0,0,0,0,282.926,314.762,326.06,336.928,327.952,328.505,332.306,340.229,347.263,355.529,378.116,371.55,385.742,382.035,373.776,381.961,364.796,344.335,298.183,261.105,222.757,207.302,197.257,183.633,171.202,169.033,160.846,144.18,127.393,114.668,93.505,78.664,69.918,60.901,52.023,44.16,39.947,38.282,35.003,32.586,34.128,35.436,37.851,32.53,31.756,28.527,24.849,18.964,16.57,10.909,7.697,5.092,2.504,1.466,1.349,0.937,0.409,0.21,0.108,0.113,0,0,0,0,0,0,0,0,0,0,0,0,0,0,0,0,0,0,0,0,0,0,0,0,0,0,0,0,0,0,0,0,0,0,0,2.283,3.646,5.923,8.329,11.122,13.66,16.847,20.442,24.766,29.362,34.46,41.57,45.873,53.028,57.991,62.315,69.404,72.176,73.952,69.444,65.886,61.116,61.103,61.991,61.375,60.632,62.192,61.998,58.472,54.355,50.886,43.914,39.75,37.502,34.902,32.315,30.363,29.392,27.535,26.64,23.602,23.283,22.165,21.902,17.975,16.556,14.11,11.86,9.096,7.677,4.981,3.393,2.223,1.072,0.607,0.545,0.372,0.159,0.08,0.041,0.041,0.018,0,0,0,0
2026-08-29 16:58:00,1,"Normal Scan","Normal Scan",0,"ON",1,1,1,737,5,20.4,96.5,57.8,6.98593e-08,1.82001e-05,4.97,8954.6,8.8,736.5,1,"Up Scan","Positive",254,0,4.37,1.6,8,8,0,1,1,27.698,43.364,30.986,24.582,2.124,8731.57,55,21.1,NA,0,0,0,0,0,0,0,0,0,0,0,0,0,0,0,0,0,0,0,0,0,0,0,0,0,0,0,0,0,0,0,215.491,195.51,220.138,229.866,224.16,256.066,260.214,293.176,306.77,333.762,350.147,357.479,360.879,368.076,346.203,330.717,321.182,303.781,274.363,262.382,241.319,234.265,220.469,219.783,213.461,196.864,189.016,168.964,150.038,133.08,114.294,98.229,81.828,74.638,60.1,51.786,47.475,41.259,38.4,36.634,37.01,35.509,35.286,38.098,34.616,31.429,25.444,21.867,16.278,13.384,8.22,5.226,3.084,1.379,0.811,0.594,0.306,0.212,0.382,0.168,0,0,0,0,0,0,0,0,0,0,0,0,0,0,0,0,0,0,0,0,0,0,0,0,0,0,0,0,0,0,0,0,0,0,0,1.598,2.776,3.661,5.598,7.61,9.313,13.163,16.05,21.341,25.968,32.292,38.427,44.048,49.506,55.83,57.757,60.468,64.036,65.822,64.762,67.058,66.547,69.264,69.59,73.358,75.135,72.934,73.039,68.787,63.787,59.009,53.509,48.352,43.091,41.547,36.908,33.908,32.719,30.807,28.379,26.437,24.94,22.625,21.187,20.724,17.982,15.582,12.17,10.198,7.504,6.002,3.701,2.334,1.316,0.572,0.329,0.235,0.119,0.08,0.142,0.062,0.017,0,0,0,0
2026-08-29 17:03:00,1,"Normal Scan","Normal Scan",0,"ON",1,1,1,736.9,5,20.3,96.5,58.5,6.9829e-08,1.81953e-05,4.97,8954.6,8.8,736.5,1,"Up Scan","Positive",254,0,4.37,1.6,8,8,0,1,1,25.93,42.125,29.196,9.647,2.193,8619.77,54,21.1,NA,0,0,0,0,0,0,0,0,0,0,0,0,0,0,0,0,0,0,0,0,0,0,0,0,0,0,0,0,0,0,0,334.383,333.527,307.064,278.225,261.369,257.283,266.134,298.943,300.614,312.414,312.211,322.486,323.798,329.46,318.152,291.835,284.69,262.195,246.238,231.295,220.882,211.114,206.586,196.158,188.039,185.667,178.684,163.82,147.552,128.545,107.319,89.726,78.206,68.684,59.009,52.769,45.603,38.559,38.634,36.478,36.311,32.603,34.649,35.719,31.347,30.946,25.492,22.585,18.393,13.89,9.254,6.05,3.199,1.888,1.195,0.74,0.305,0.527,0.108,0.226,0,0,0,0,0,0,0,0,0,0,0,0,0,0,0,0,0,0,0,0,0,0,0,0,0,0,0,0,0,0,0,0,0,0,0,3.061,4.294,6.186,7.728,9.202,10.91,13.2,16.41,21.734,25.418,30.224,34.251,39.73,44.419,49.913,53.073,53.388,56.804,57.008,58.131,59.127,61.063,62.844,65.346,66.006,66.915,68.613,69.034,66.291,62.646,57.1,50.561,44.558,41.365,38.823,36.061,33.916,31.704,28.919,28.349,26.568,24.887,21.776,21.149,20.142,16.702,15.44,12.3,10.691,8.493,6.267,4.131,2.648,1.4,0.782,0.483,0.294,0.119,0.201,0.041,0.082,0.034,0,0,0,0
2026-08-29 17:08:00,1,"Normal Scan","Normal Scan",0,"ON",1,1,1,736.7,5,20.2,96.4,57.9,6.98711e-08,1.81905e-05,4.97,8954.6,8.8,736.5,1,"Up Scan","Positive",254,0,4.37,1.6,8,8,0,1,1,26.954,43.147,29.97,9.647,2.197,8249.81,54,21.1,NA,0,0,0,0,0,0,0,0,0,0,0,0,0,0,0,0,0,0,0,0,0,0,0,0,0,0,0,0,0,0,0,336.627,275.915,282.302,242.485,244.878,246.665,235.628,249.363,264.637,286.901,300.504,310.101,313.303,302.86,304.508,290.371,282.817,265.478,252.818,230.254,225.565,222.122,204.692,194.294,188.266,181.085,169.474,155.549,141.67,122.276,104.912,93.805,78.159,71.625,55.945,52.08,47.178,43.156,37.68,36.149,35.64,35.612,35.519,34.974,34.332,30.838,26.724,21.325,16.38,12.073,8.199,5.658,3.359,1.717,1.291,0.689,0.459,0.369,0.271,0.282,0,0,0,0,0,0,0,0,0,0,0,0,0,0,0,0,0,0,0,0,0,0,0,0,0,0,0,0,0,0,0,0,0,0,0,3.207,4.306,5.143,7.177,7.94,10.2,12.64,14.558,18.161,22.347,27.798,32.964,38.202,43.021,46.016,50.843,53.163,56.517,57.672,59.548,58.866,62.056,65.472,64.632,65.179,66.569,67.161,65.948,63.529,60.325,54.729,49.577,46.889,41.345,39.997,34.775,34.142,32.549,30.83,28.189,26.1,24.54,22.75,21.064,19.343,17.994,15.455,12.851,10.15,7.582,5.493,3.686,2.478,1.5,0.71,0.522,0.274,0.179,0.141,0.102,0.103,0.053,0,0,0,0
2026-08-29 17:13:00,1,"Normal Scan","Normal Scan",0,"ON",1,1,1,737.2,5,20.7,96.5,57.9,6.99502e-08,1.82145e-05,4.97,8954.6,8.8,736.5,1,"Up Scan","Positive",254,0,4.37,1.6,8,8,0,1,1,27.746,44.167,30.809,24.582,2.197,8064.65,54,21.3,NA,0,0,0,0,0,0,0,0,0,0,0,0,0,0,0,0,0,0,0,0,0,0,0,0,0,0,0,0,0,0,0,305.663,260.76,238.412,227.098,231.305,215.3,217.135,243.993,254.204,284.449,287.965,297.576,304.728,314.183,301.225,287.043,278.937,257.81,256.039,238.187,221.52,209.512,202.397,198.211,188.616,183.988,172.613,159.717,146.48,131.131,110.774,96.087,80.434,69.986,60.711,51.394,49.706,45.046,38.613,39.363,35.947,36.898,35.808,35.728,34.734,31.995,24.846,21.593,14.633,13.344,8.137,5.276,2.992,1.843,1.429,0.394,0.154,0.316,0.219,0.056,0,0,0,0,0,0,0,0,0,0,0,0,0,0,0,0,0,0,0,0,0,0,0,0,0,0,0,0,0,0,0,0,0,0,0,2.835,3.957,4.893,6.012,7.484,9.611,11.067,13.409,17.748,21.498,27.54,31.64,36.686,41.806,47.693,50.317,52.557,55.654,56.089,60.278,60.74,61.125,62.204,64.098,66.653,67.131,68.396,67.202,65.098,62.384,58.328,52.292,47.976,42.764,39.707,37.059,34.026,33.625,32.081,28.204,28.038,24.383,23.008,20.994,19.881,17.943,15.834,12.038,10.208,6.725,5.993,3.623,2.315,1.345,0.763,0.58,0.157,0.06,0.12,0.081,0.021,0.078,0,0,0,0
2026-08-29 17:18:00,1,"Normal Scan","Normal Scan",0,"ON",1,1,1,737.7,5,21.4,96.5,57.4,7.01624e-08,1.8248e-05,4.97,8954.6,8.8,736.5,1,"Up Scan","Positive",254,0,4.37,1.6,8,8,0,1,1,28.305,44.899,31.322,24.582,2.202,8270.83,53,21.6,NA,0,0,0,0,0,0,0,0,0,0,0,0,0,0,0,0,0,0,0,0,0,0,0,0,0,0,0,0,0,0,0,292.167,274.956,234.184,230.536,218.179,215.274,234.525,253.547,252.096,273.76,288.402,299.534,313.624,319.244,303.251,299.139,277.253,270.406,259.539,236.706,228.357,225.433,216.934,207.868,194.603,193.76,181.948,173.773,154.06,138.313,123.076,104.265,92.251,73.994,63.334,57.185,50.319,46.2,41.103,41.506,39.062,36.36,36.965,36.288,34.915,30.692,25.897,20.974,17.8,13.367,8.329,5.857,3.196,2.628,1.43,0.937,0.704,0.488,0.164,0.168,0,0,0,0,0,0,0,0,0,0,0,0,0,0,0,0,0,0,0,0,0,0,0,0,0,0,0,0,0,0,0,0,0,0,0,2.638,3.758,5.055,5.961,7.574,9.039,11.011,14.442,18.435,21.318,26.473,31.64,36.861,43.012,48.461,50.604,54.722,55.423,58.8,61.24,60.52,63.101,66.795,68.73,69.902,69.381,72.492,71.198,70.944,65.472,61.318,57.81,51.606,48.019,41.865,38.709,36.562,34.359,32.53,29.984,28.614,26.096,23.282,22.157,20.052,18.401,15.396,12.708,10.003,8.355,6.083,3.735,2.587,1.468,1.086,0.58,0.372,0.273,0.185,0.061,0.073,0.097,0,0,0,0
2026-08-29 17:23:00,1,"Normal Scan","Normal Scan",0,"ON",1,1,1,738.4,5,22.3,96.5,56.8,7.04353e-08,1.82911e-05,4.97,8954.6,8.8,736.5,1,"Up Scan","Positive",254,0,4.37,1.6,8,8,0,1,1,29.686,46.259,32.659,26.416,2.179,8163.26,52,22,NA,0,0,0,0,0,0,0,0,0,0,0,0,0,0,0,0,0,0,0,0,0,0,0,0,0,0,0,0,0,0,0,229.057,208.747,181.357,194.671,208.291,218.71,243.381,229.859,258.405,267.324,290.724,304.099,308.473,296.07,314.318,297.114,284.197,281.522,261.954,248.999,237.976,232.477,226.102,212.446,207.353,206.412,193.262,176.683,163.364,143.634,126.11,107.736,92.271,80.951,67.328,62.268,49.173,47.221,41.357,38.853,39.628,37.739,40.251,34.975,36.576,31.221,25.965,22.425,17.163,11.756,10.183,5.522,3.802,2.214,1.526,0.887,0.358,0.372,0.218,0.225,0,0,0,0,0,0,0,0,0,0,0,0,0,0,0,0,0,0,0,0,0,0,0,0,0,0,0,0,0,0,0,0,0,0,0,2.262,2.901,3.834,4.571,6.407,8.634,11.231,14.965,16.734,21.799,25.875,31.919,37.427,42.3,44.965,52.446,54.399,56.84,61.217,61.749,63.682,65.848,68.951,71.504,71.667,73.693,76.823,75.344,72.063,69.493,64.367,58.66,53.172,48.025,44.778,40.509,39.063,34.289,33.179,29.956,27.841,26.462,23.973,23.281,19.815,19.068,15.706,12.671,10.673,7.953,5.292,4.568,2.443,1.686,0.914,0.618,0.352,0.139,0.14,0.081,0.1,0.07,0,0,0,0
2026-08-29 17:28:00,1,"Normal Scan","Normal Scan",0,"ON",1,1,1,738.6,5,22.6,96.5,56.4,7.05262e-08,1.83054e-05,4.97,8954.6,8.8,736.5,1,"Up Scan","Positive",254,0,4.37,1.6,8,8,0,1,1,28.658,45.497,31.791,24.582,2.199,8613.93,52,22.3,NA,0,0,0,0,0,0,0,0,0,0,0,0,0,0,0,0,0,0,0,0,0,0,0,0,0,0,0,0,0,0,0,229.542,246.18,237.665,233.649,243.719,270.162,278.233,269.152,286.803,277.281,296.287,311.642,309.719,315.941,315.183,302.537,298.59,279.634,262.277,247.536,241.925,239.595,219.207,219.482,207.735,205.045,194.777,176.321,167.223,143.313,128.815,109.056,94.652,83.392,71.442,62.008,56.057,53.857,48.389,43.901,44.953,40.695,40.23,38.719,33.66,33.164,25.791,21.502,17.159,14.821,8.773,6.904,3.757,1.984,1.478,0.791,0.681,0.456,0.381,0.112,0,0,0,0,0,0,0,0,0,0,0,0,0,0,0,0,0,0,0,0,0,0,0,0,0,0,0,0,0,0,0,0,0,0,0,2.044,2.963,4.519,5.984,7.688,10.09,13.827,17.079,19.487,24.15,26.783,32.464,38.339,42.526,47.899,52.549,55.371,59.623,60.7,61.949,63.362,66.874,70.814,69.639,73.797,73.813,76.704,75.991,72.131,71.336,64.524,60.541,54.88,50.401,46.744,43.205,39.592,37.673,36.544,33.158,30.539,28.592,25.474,23.879,21.403,17.978,16.672,12.482,10.212,8.005,6.782,3.925,3.007,1.651,0.819,0.598,0.313,0.264,0.174,0.142,0.05,0.056,0,0,0,0
2026-08-29 17:33:00,1,"Normal Scan","Normal Scan",0,"ON",1,1,1,737.8,5,21.5,96.5,55.7,7.01927e-08,1.82528e-05,4.97,8954.6,8.8,736.5,1,"Up Scan","Positive",254,0,4.37,1.6,8,8,0,1,1,29.108,45.955,32.121,24.582,2.205,8545.5,51,22.2,NA,0,0,0,0,0,0,0,0,0,0,0,0,0,0,0,0,0,0,0,0,0,0,0,0,0,0,0,0,0,0,0,252.896,215.716,240.887,244.949,242.984,249.994,253.033,261.815,268.921,288.164,297.533,295.497,304.782,305.056,296.701,304.169,289.753,275.607,266.77,249.61,236.22,235.311,223.725,217.257,216.858,204.208,195.19,184.949,169.194,149.854,135.213,115.347,95.703,88.51,76.571,66.007,57.194,52.878,48.908,44.158,40.547,39.845,39.381,36.754,33.185,30.356,27.319,21.419,17.121,13.904,9.993,7.093,3.888,2.771,1.429,1.04,0.66,0.209,0.38,0.112,0,0,0,0,0,0,0,0,0,0,0,0,0,0,0,0,0,0,0,0,0,0,0,0,0,0,0,0,0,0,0,0,0,0,0,2.293,3.249,4.009,6.096,8.074,10.123,12.814,15.558,19.011,22.709,27.845,32.658,36.388,41.895,46.33,49.621,55.686,57.961,60.019,63.023,64,65.407,69.833,71.145,73.417,77.201,76.651,76.633,75.74,72.687,67.535,63.515,57.148,50.653,49.262,44.516,41.036,38.08,35.781,33.069,30.629,27,24.997,23.297,20.784,18.03,15.316,13.44,10.163,8.066,6.265,4.454,3.1,1.671,1.143,0.58,0.412,0.257,0.08,0.142,0.049,0.028,0,0,0,0
2026-08-29 17:38:00,1,"Normal Scan","Normal Scan",0,"ON",1,1,1,737.2,5,20.7,96.5,55.1,6.99502e-08,1.82145e-05,4.97,8954.6,8.8,736.5,1,"Up Scan","Positive",254,0,4.37,1.6,8,8,0,1,1,30.261,48.599,33.633,21.288,2.235,8548.31,51,22,NA,0,0,0,0,0,0,0,0,0,0,0,0,0,0,0,0,0,0,0,0,0,0,0,0,0,0,0,0,0,0,0,230.826,190.305,200.848,217.147,216.538,239.019,247.188,247.262,273.131,288.598,299.647,312.176,306.8,302.043,303.72,295.173,279.738,277.996,263.25,252.907,237.751,234.244,225.001,235.742,215.517,206.879,202.627,185.985,173.706,155.592,134.928,118.648,106.146,92.383,78.87,69.992,62.778,58.427,55.6,55.511,51.043,50.934,49.763,43.315,43.548,40.148,31.732,24.994,19.114,14.705,10.768,6.22,4.114,2.489,1.986,1.152,0.562,0.422,0.436,0.227,0,0,0,0,0,0,0,0,0,0,0,0,0,0,0,0,0,0,0,0,0,0,0,0,0,0,0,0,0,0,0,0,0,0,0,1.546,2.925,3.548,5.109,7.193,9.01,12.287,15.225,18.017,23.063,27.974,32.878,38.463,42.165,45.93,50.845,54.132,56.088,60.582,62.475,64.859,65.875,69.851,71.662,79.285,77.102,77.654,79.615,76.832,74.947,70.146,64.829,59.762,56.843,53.324,48.534,46.152,43.181,40.372,39.305,37.457,33.425,30.958,28.503,24.205,22.642,20.026,15.376,12.086,8.889,6.678,4.812,2.741,1.833,1.03,0.804,0.458,0.218,0.161,0.162,0.082,0.047,0,0,0,0
2026-08-29 17:43:00,1,"Normal Scan","Normal Scan",0,"ON",1,1,1,736.9,5,20.3,96.5,55,6.9829e-08,1.81953e-05,4.97,8954.6,8.8,736.5,1,"Up Scan","Positive",254,0,4.37,1.6,8,8,0,1,1,30.451,48.731,33.763,24.582,2.229,8252.98,52,21.7,NA,0,0,0,0,0,0,0,0,0,0,0,0,0,0,0,0,0,0,0,0,0,0,0,0,0,0,0,0,0,0,0,174.372,200.729,200.055,221.75,200.852,243.242,232.247,238.588,262.682,280.652,271.776,295.874,293.352,299.117,296.88,290.179,271.483,272.122,254.012,244.946,237.771,231.033,228.238,220.272,217.985,205.372,193.173,180.805,166.9,145.02,130.08,115.491,98.098,84.736,78.031,69.835,59.63,57.979,55.13,50.712,48.13,48.273,44.862,44.043,38.051,33.488,31.077,26.592,21.017,15.378,11.401,7.188,4.638,3.13,1.89,1.11,0.714,0.58,0.218,0,0,0,0,0,0,0,0,0,0,0,0,0,0,0,0,0,0,0,0,0,0,0,0,0,0,0,0,0,0,0,0,0,0,0,0,1.879,2.253,3.77,5.05,7.318,8.359,12.494,14.349,17.369,22.182,27.187,29.864,36.467,40.363,45.489,49.639,53.243,54.484,59.402,60.229,62.977,65.875,68.628,72.34,74.2,77.355,77.073,75.958,74.404,71.828,66.214,62.014,58.348,53.313,49.09,47.233,45.031,40.84,40.427,37.572,34.68,32.4,29.963,26.795,24.69,20.295,17.14,15.21,12.678,9.747,7.02,5.098,3.102,1.955,1.297,0.764,0.441,0.278,0.221,0.081,0,0,0,0,0,0
2026-08-29 17:48:00,1,"Normal Scan","Normal Scan",0,"ON",1,1,1,737.3,5,20.9,96.5,55.4,7.00108e-08,1.82241e-05,4.97,8954.6,8.8,736.5,1,"Up Scan","Positive",254,0,4.37,1.6,8,8,0,1,1,31.356,50.945,34.852,24.582,2.274,8679.91,53,21.8,NA,0,0,0,0,0,0,0,0,0,0,0,0,0,0,0,0,0,0,0,0,0,0,0,0,0,0,0,0,0,0,0,210.701,194.847,211.506,212.765,230.449,223.522,242.5,248.054,263.475,269.05,290.553,299.723,293.822,302.875,295.375,293.952,295.38,280.231,261.023,249.304,236.396,230.319,235.148,228.638,226.341,218.987,208.855,192.474,182.236,168.379,147.295,131.737,116.429,99.385,86.046,80.121,76.207,68.661,66.199,62.627,60.34,58.499,56.182,49.202,45.285,40.648,35.075,27.891,22.341,16.462,12.362,8.318,5.436,3.64,2.149,1.966,1.134,0.629,0.49,0.281,0,0,0,0,0,0,0,0,0,0,0,0,0,0,0,0,0,0,0,0,0,0,0,0,0,0,0,0,0,0,0,0,0,0,0,1.681,2.725,3.624,5.345,7.005,9.588,11.485,14.936,18.041,22.27,26.061,31.929,36.948,40.455,46.023,49.433,53.866,59.027,61.176,61.9,64.23,65.788,68.955,74.835,77.576,81.244,82.661,82.912,79.965,79.113,76.681,71.316,67.301,62.981,58.112,53.665,52.426,51.2,46.55,44.993,41.896,38.869,35.652,32.564,27.546,24.271,20.775,17.3,13.418,10.678,7.584,5.557,3.671,2.425,1.504,0.87,0.78,0.441,0.24,0.183,0.121,0.11,0,0,0,0
2026-08-29 17:53:00,1,"Normal Scan","Normal Scan",0,"ON",1,1,1,737,5,20.5,96.5,56.2,6.98896e-08,1.82049e-05,4.97,8954.6,8.8,736.5,1,"Up Scan","Positive",254,0,4.37,1.6,8,8,0,1,1,29.927,45.895,33.15,26.416,2.11,9689.62,53,21.7,NA,0,0,0,0,0,0,0,0,0,0,0,0,0,0,0,0,0,0,0,0,0,0,0,0,0,0,0,0,0,0,0,197.012,197.146,179.98,180.739,208.525,224.33,253.908,272.013,296.654,334.495,365.429,368.542,400.466,424.415,443.277,412.025,392.278,367.541,346.952,328.985,308.915,280.12,260.257,252.686,238.503,226.677,212.822,194.138,172.459,158.513,139.325,121.495,104.592,91.025,80.227,71.604,64.834,54.049,50.498,47.597,48.623,44.694,43.687,42.407,39.958,34.304,29.053,23.042,18.504,13.571,9.353,6.084,3.428,2.672,1.958,1.263,0.835,0.316,0.6,0.225,0,0,0,0,0,0,0,0,0,0,0,0,0,0,0,0,0,0,0,0,0,0,0,0,0,0,0,0,0,0,0,0,0,0,0,1.506,2.515,3.672,4.552,5.976,8.712,11.558,15.691,19.861,25.156,32.5,40.21,45.503,55.07,64.473,73.952,75.364,78.139,79.592,81.403,83.428,84.498,82.53,81.919,84.351,84.58,84.593,83.3,79.722,74.308,71.501,66.194,60.786,54.771,51.251,48.112,45.148,42.785,37.746,35.441,33.193,30.793,27.777,25.558,23.37,20.83,17.141,14.353,11.122,8.657,6.211,4.256,2.704,1.553,1.104,0.793,0.503,0.324,0.12,0.223,0.082,0.087,0,0,0,0
2026-08-29 17:58:00,1,"Normal Scan","Normal Scan",0,"ON",1,1,1,736.7,5,20.1,96.5,56.4,6.97684e-08,1.81857e-05,4.97,8954.6,8.8,736.5,1,"Up Scan","Positive",254,0,4.37,1.6,8,8,0,1,1,30.911,47.796,34.224,26.416,2.139,9148.76,53,21.4,NA,0,0,0,0,0,0,0,0,0,0,0,0,0,0,0,0,0,0,0,0,0,0,0,0,0,0,0,0,0,0,0,164.901,153.266,178.59,179.855,196.35,217.924,237.663,255.584,270.045,299.561,319.242,345.794,363.672,369.059,391.812,385.32,368.556,354.406,323.423,302.798,291.065,268.662,251.076,241.435,230.984,219.885,204.039,198.953,174.628,162.304,141.194,119.942,104.522,94.5,81.359,74.915,65.832,59.961,57.4,51.649,47.147,49.143,44.02,44.254,40.643,35.015,29.476,25.515,18.578,13.541,10.005,6.701,4.179,3.595,1.644,1.314,0.613,0.315,0.489,0.449,0,0,0,0,0,0,0,0,0,0,0,0,0,0,0,0,0,0,0,0,0,0,0,0,0,0,0,0,0,0,0,0,0,0,0,1.256,2.165,2.864,4.528,5.95,8.174,11.212,14.689,18.695,22.879,29.089,35.159,42.777,50.104,56.17,65.461,70.517,73.514,76.758,76.136,77.029,79.735,79.212,79.533,81.176,82.253,82.465,80.292,81.463,75.681,73.543,67.045,60.732,56.058,53.674,48.852,47.344,43.391,41.363,38.757,34.618,31.445,30.001,25.97,24.349,21.423,17.713,14.687,12.167,8.774,6.178,4.506,2.998,1.882,1.486,0.667,0.52,0.238,0.121,0.183,0.164,0.087,0,0,0,0
2026-08-29 18:03:00,1,"Normal Scan","Normal Scan",0,"ON",1,1,1,737.2,5,20.7,96.5,56.7,6.99502e-08,1.82145e-05,4.97,8954.6,8.8,736.5,1,"Up Scan","Positive",254,0,4.37,1.6,8,8,0,1,1,29.723,46.6,32.8,26.416,2.18,9282.42,53,21.5,NA,0,0,0,0,0,0,0,0,0,0,0,0,0,0,0,0,0,0,0,0,0,0,0,0,0,0,0,0,0,0,0,237.727,216.078,231.874,216.036,229.652,247.925,269.689,276.36,291.525,306.448,315.982,347.707,351.134,348.89,364.319,347.185,338.843,326.452,306.107,293.301,273.86,253.233,253.007,243.283,236.615,222.3,211.209,194.184,179.312,157.702,137.055,115.052,97.799,91.585,81.081,68.888,67.401,58.544,53.314,50.603,42.813,47.215,46.388,41.073,39.475,37.078,28.4,26.676,17.808,14.492,10.204,7.4,4.961,3.499,2.382,1.237,0.819,0.422,0.598,0.225,0,0,0,0,0,0,0,0,0,0,0,0,0,0,0,0,0,0,0,0,0,0,0,0,0,0,0,0,0,0,0,0,0,0,0,1.746,3.05,3.996,5.862,7.113,9.548,12.711,16.611,20.153,24.647,29.701,34.719,42.906,48.285,53.068,60.916,63.586,67.597,70.947,72.198,74.908,75.44,75.102,79.998,81.873,83.716,82.897,82.195,79.581,76.856,71.147,65.398,58.459,52.995,51.638,47.866,44.595,44.197,40.068,37.232,34.535,29.298,29.417,26.894,23.167,21.055,18.922,14.254,12.776,8.366,6.654,4.647,3.277,2.125,1.447,0.967,0.49,0.317,0.161,0.223,0.082,0.031,0,0,0,0
2026-08-29 18:08:00,1,"Normal Scan","Normal Scan",0,"ON",1,1,1,736.9,5,20.3,96.5,57.3,6.9829e-08,1.81953e-05,4.97,8954.6,8.8,736.5,1,"Up Scan","Positive",254,0,4.37,1.6,8,8,0,1,1,27.314,42.844,30.054,26.416,2.18,11490.9,53,21.4,NA,0,0,0,0,0,0,0,0,0,0,0,0,0,0,0,0,0,0,0,0,0,0,0,0,0,0,0,0,0,0,0,352.491,420.057,372.765,385.53,362.399,361.801,368.063,355.205,361.994,364.504,391.414,404.633,409.025,418.505,437.336,423.342,422.883,397.439,369.532,339.715,306.404,300.035,282.372,259.304,258.238,248.177,227.157,209.777,196.997,175.241,149.785,130.418,115.934,102.564,86.048,79.651,75.32,69.318,58.322,53.629,51.449,49.602,46.343,46.008,40.933,36.582,31.131,24.985,17.004,14.882,9.216,6.669,4.824,2.714,1.815,1.381,0.66,0.422,0.763,0.223,0,0,0,0,0,0,0,0,0,0,0,0,0,0,0,0,0,0,0,0,0,0,0,0,0,0,0,0,0,0,0,0,0,0,0,2.97,4.568,7.88,9.488,12.705,15.048,18.544,22.69,25.834,30.591,35.345,43.024,50.031,56.307,63.681,73.075,77.412,84.21,86.072,86.614,86.436,84.422,88.336,89.041,87.505,91.819,92.163,89.123,86.487,84.833,78.896,71.881,66.386,61.809,57.218,51.718,49.773,48.286,45.535,39.791,36.442,32.993,30.178,26.88,25.047,21.551,18.584,15.242,12.023,8.105,6.733,4.231,2.991,2.135,1.124,0.735,0.549,0.258,0.161,0.284,0.082,0.102,0,0,0,0
2026-08-29 18:13:00,1,"Normal Scan","Normal Scan",0,"ON",1,1,1,737.1,5,20.6,96.5,56.9,6.99199e-08,1.82097e-05,4.97,8954.6,8.8,736.5,1,"Up Scan","Positive",254,0,4.37,1.6,8,8,0,1,1,29.296,45.433,32.084,24.582,2.187,9397.16,54,21.5,NA,0,0,0,0,0,0,0,0,0,0,0,0,0,0,0,0,0,0,0,0,0,0,0,0,0,0,0,0,0,0,0,237.177,278.186,267.304,265.21,260.2,274.736,268.003,292.772,304.679,300.01,314.757,324.559,316.333,344.797,342.119,332.15,329.757,312.329,303.153,287.552,274.169,254.985,248.706,234.682,230.465,218.04,219.159,193.891,187.099,167.015,148.277,125.737,113.679,99.189,88.049,77.696,71.953,55.867,51.911,46.042,45.707,42.373,40.551,40.424,37.407,29.514,27.174,20.228,15.836,11.498,8.408,4.746,3.945,2.216,1.341,1.284,0.972,0.466,0.447,0.224,0,0,0,0,0,0,0,0,0,0,0,0,0,0,0,0,0,0,0,0,0,0,0,0,0,0,0,0,0,0,0,0,0,0,0,2.273,3.038,5.153,6.811,8.729,10.853,14.086,16.524,21.264,25.754,29.075,34.607,40.043,43.54,52.438,57.274,60.912,65.889,67.973,71.422,73.364,75.5,75.87,78.719,79.713,82.404,82.17,86.13,80.655,80.546,75.477,70.475,62.882,58.789,54.193,50.834,46.874,44.934,37.826,34.94,30.608,29.172,25.882,23.327,22.005,19.27,15.127,13.188,9.747,7.564,5.321,3.832,2.149,1.8,0.918,0.543,0.509,0.377,0.177,0.167,0.082,0.13,0,0,0,0
2026-08-29 18:18:00,1,"Normal Scan","Normal Scan",0,"ON",1,1,1,737.1,5,20.6,96.5,57.6,6.99199e-08,1.82097e-05,4.97,8954.6,8.8,736.5,1,"Up Scan","Positive",254,0,4.37,1.6,8,8,0,1,1,29.115,46.828,32.378,26.416,2.237,9098.97,54,21.4,NA,0,0,0,0,0,0,0,0,0,0,0,0,0,0,0,0,0,0,0,0,0,0,0,0,0,0,0,0,0,0,0,231.361,266.801,276.85,263.757,266.281,277.978,275.466,279.782,282.018,304.044,312.249,312.86,310.394,307.902,319.306,313.165,301.026,285.805,273.327,253.169,259.807,246.404,238.962,220.807,215.947,210.495,196.32,191.488,172.748,156.01,141.397,125.191,112.115,104.599,88.159,81.795,74.687,66.16,57.241,54.141,52.604,51.086,43.89,43.161,37.656,32.882,28.674,21.38,17.448,13.226,9.28,6.027,4.625,3.604,1.431,1.344,1.009,0.633,0.543,0.451,0,0,0,0,0,0,0,0,0,0,0,0,0,0,0,0,0,0,0,0,0,0,0,0,0,0,0,0,0,0,0,0,0,0,0,2.18,2.988,4.955,7.003,8.726,11.06,14.236,16.957,20.331,23.844,29.412,34.275,38.595,42.648,46.86,53.356,57.449,60.269,62.321,64.514,64.931,71.596,72.931,75.791,74.748,77.364,79.531,77.987,79.617,76.028,71.76,68.322,64.078,59.697,57.99,52.511,50.608,47.162,43.154,38.135,35.536,33.052,30.192,25.826,23.561,19.85,16.859,14.373,10.277,8.308,6.119,4.259,2.702,2.049,1.487,0.58,0.533,0.393,0.241,0.203,0.164,0.065,0,0,0,0
2026-08-29 18:23:00,1,"Normal Scan","Normal Scan",0,"ON",1,1,1,736.8,5,20.2,96.5,57.5,6.97987e-08,1.81905e-05,4.97,8954.6,8.8,736.5,1,"Up Scan","Positive",254,0,4.37,1.6,8,8,0,1,1,29.926,47.562,33.045,24.582,2.239,9449.79,54,21.3,NA,0,0,0,0,0,0,0,0,0,0,0,0,0,0,0,0,0,0,0,0,0,0,0,0,0,0,0,0,0,0,0,243.131,273.406,271.831,281.583,265.247,272.555,276.987,261.898,283.689,298.044,311.732,313.893,325.301,331.807,327.842,318.976,306.869,297.974,290.103,264.453,259.977,242.874,240.728,248.015,232.278,229.566,226.588,208.722,190.13,179.396,157.866,140.298,124.076,114.527,96.095,89.974,77.875,70.471,65.456,60.017,51.88,49.327,47.116,44.435,40.827,34.868,28.831,22.805,16.927,12.491,9.572,6.14,4.703,2.907,1.481,1.091,0.968,0.789,0.327,0.056,0,0,0,0,0,0,0,0,0,0,0,0,0,0,0,0,0,0,0,0,0,0,0,0,0,0,0,0,0,0,0,0,0,0,0,2.045,3.149,5.089,6.937,9.297,11.034,13.981,17.072,19.032,24,28.862,34.244,38.769,44.758,50.512,54.816,58.509,61.359,64.957,68.709,68.006,72.116,73.073,77.021,84.061,83.727,86.867,89.633,87.251,83.247,81.802,75.821,70.739,65.85,63.931,55.903,54.214,49.291,45.813,42.636,38.349,32.918,29.447,26.948,24.249,21.244,17.868,14.137,10.861,8.036,5.878,4.304,2.666,2.068,1.202,0.6,0.432,0.376,0.301,0.122,0.021,0.086,0,0,0,0
2026-08-29 18:28:00,1,"Normal Scan","Normal Scan",0,"ON",1,1,1,737.2,5,20.7,96.5,57.8,6.99502e-08,1.82145e-05,4.97,8954.6,8.8,736.5,1,"Up Scan","Positive",254,0,4.37,1.6,8,8,0,1,1,28.022,45.786,31.419,9.647,2.257,8736.63,54,21.5,NA,0,0,0,0,0,0,0,0,0,0,0,0,0,0,0,0,0,0,0,0,0,0,0,0,0,0,0,0,0,0,0,307.373,272.552,273.993,273.661,291.313,282.139,277.052,282.498,285.543,287.82,286.574,298.258,282.061,296.689,286.477,277.75,270.022,249.818,241.821,239.375,226.62,224.028,210.837,210.79,201.139,194.552,187.255,180.833,165.017,154.759,142.846,124.912,115.996,104.615,96.305,77.333,70.4,61.411,51.981,41.799,39.349,40.381,40.186,39.499,36.913,32.31,27.266,21.884,14.369,11.93,9.184,5.773,4.029,1.98,1.953,1.086,0.97,0.581,0.599,0.167,0,0,0,0,0,0,0,0,0,0,0,0,0,0,0,0,0,0,0,0,0,0,0,0,0,0,0,0,0,0,0,0,0,0,0,2.804,3.97,5.055,6.96,9.035,12.122,14.475,17.078,20.511,24.129,27.815,31.483,36.725,38.744,45.031,47.915,50.938,54.094,54.528,57.385,61.295,62.734,66.579,67.428,71.455,72.62,74.364,74.861,76.087,73.277,71.062,68.282,62.588,59.988,55.963,53.397,46.302,44.179,40.308,35.21,29.293,26.425,24.754,23.229,21.817,19.381,16.367,13.384,10.505,6.801,5.533,4.218,2.566,1.73,0.818,0.793,0.431,0.377,0.221,0.223,0.062,0.031,0,0,0,0
2026-08-29 18:33:00,1,"Normal Scan","Normal Scan",0,"ON",1,1,1,736.9,5,20.3,96.5,58.2,6.9829e-08,1.81953e-05,4.97,8954.6,8.8,736.5,1,"Up Scan","Positive",254,0,4.37,1.6,8,8,0,1,1,27.512,45.651,31.194,9.647,2.291,9010.2,54,21.3,NA,0,0,0,0,0,0,0,0,0,0,0,0,0,0,0,0,0,0,0,0,0,0,0,0,0,0,0,0,0,0,0,353.436,321.943,303.218,306.988,318.964,305.736,307.468,301.177,272.059,281.264,295.742,282.121,284.905,276.053,279.703,266.368,256.277,239.851,223.4,220.134,211.474,201.358,197.024,201.118,207.379,204.382,204.812,193.323,186.679,178.075,156.074,140.848,125.579,114.981,101.284,91.951,82.555,68.908,65.488,58.091,51.348,47.026,43.588,40.002,34.714,27.685,21.316,17.962,12.523,8.781,5.888,4.304,2.391,1.661,1.071,0.863,0.408,0.371,0.11,0,0,0,0,0,0,0,0,0,0,0,0,0,0,0,0,0,0,0,0,0,0,0,0,0,0,0,0,0,0,0,0,0,0,0,0,2.812,4.556,6.013,7.671,10.056,13.272,15.686,18.956,21.853,22.972,27.225,32.438,34.732,39.102,41.927,46.705,48.82,51.252,52.316,53.131,56.91,59.215,61.049,64.092,69.657,75.792,78.493,82.366,81.599,82.105,81.893,75.389,71.098,66.13,63.005,57.724,53.78,49.561,43.155,40.2,34.966,30.445,26.822,23.634,20.973,17.677,13.701,10.347,8.513,5.909,4.011,2.635,1.861,1.09,0.687,0.435,0.343,0.159,0.141,0.041,0,0.085,0,0,0,0
2026-08-29 18:38:00,1,"Normal Scan","Normal Scan",0,"ON",1,1,1,736.7,5,20.1,96.5,58,6.97684e-08,1.81857e-05,4.97,8954.6,8.8,736.5,1,"Up Scan","Positive",254,0,4.37,1.6,8,8,0,1,1,26.483,43.346,29.962,13.824,2.234,8739.2,55,21.2,NA,0,0,0,0,0,0,0,0,0,0,0,0,0,0,0,0,0,0,0,0,0,0,0,0,0,0,0,0,0,0,0,309.863,297.86,309.511,298.345,298.877,323.32,318.148,316.712,314.47,303.163,281.563,276.036,275.882,288.586,304.317,309.424,275.287,254.559,232.715,210.483,191.766,181.322,178.676,183.787,188.247,190.18,190.914,186.751,177.74,157.756,145.151,115.802,106.163,89.974,77.837,68.369,58.459,54.684,48.485,47.216,47.646,48.187,39.058,35.016,34.219,24.431,20.696,14.294,11.494,7.91,6.005,4.574,2.508,1.608,1.241,0.494,0.562,0.529,0.217,0.112,0,0,0,0,0,0,0,0,0,0,0,0,0,0,0,0,0,0,0,0,0,0,0,0,0,0,0,0,0,0,0,0,0,0,0,2.739,4.007,5.552,7.846,9.876,12.44,16.571,19.592,22.993,26.553,29.345,30.962,34.085,37.97,43.862,50.713,56.275,54.664,55.088,54.953,54.167,53.843,55.205,58.502,63.859,68.698,72.383,75.469,77.004,76.305,70.886,67.696,58.189,55.364,49.795,46.354,43.083,37.567,35.289,31.9,29.29,28.085,26.538,21.641,18.547,17.583,12.241,10.102,6.832,5.367,3.681,2.746,2.01,1.091,0.666,0.503,0.196,0.218,0.201,0.081,0.041,0.035,0,0,0,0
2026-08-29 18:43:00,1,"Normal Scan","Normal Scan",0,"ON",1,1,1,737.1,5,20.6,96.5,58.2,6.99199e-08,1.82097e-05,4.97,8954.6,8.8,736.5,1,"Up Scan","Positive",254,0,4.37,1.6,8,8,0,1,1,26.898,44.166,30.248,11.14,2.257,7951.33,54,21.3,NA,0,0,0,0,0,0,0,0,0,0,0,0,0,0,0,0,0,0,0,0,0,0,0,0,0,0,0,0,0,0,0,305.93,281.875,307.97,275.474,280.981,270.088,268.315,266.87,259.979,264.169,259.569,254.501,247.719,245.068,254.669,238.273,237.236,216.912,212.506,199.432,193.403,190.148,191.52,191.608,197.804,191.717,184.92,168.559,147.291,129.94,118.806,108.155,92.908,88.968,76.311,62.41,52.274,45.491,41.305,38.166,38.533,39.058,36.94,35.422,32.164,27.012,21.927,18.747,12.088,9.814,7.158,4.021,2.688,2.305,1.429,0.89,0.967,0.264,0.435,0.225,0,0,0,0,0,0,0,0,0,0,0,0,0,0,0,0,0,0,0,0,0,0,0,0,0,0,0,0,0,0,0,0,0,0,0,2.76,3.92,5.327,7.813,9.106,11.722,13.827,16.543,19.387,21.895,25.556,28.451,31.343,33.984,37.241,42.514,43.721,47.436,47.475,50.508,51.677,54.222,57.239,61.318,64.665,70.239,71.671,72.752,69.364,64.539,59.445,56.026,53.343,48.495,47.737,44.038,38.831,34.545,31.555,28.452,25.973,24.5,23.394,20.802,19.203,16.624,13.481,10.894,8.928,5.841,4.504,3.257,1.796,1.184,0.953,0.58,0.353,0.377,0.1,0.162,0.082,0.032,0,0,0,0
2026-08-29 18:48:00,1,"Normal Scan","Normal Scan",0,"ON",1,1,1,736.9,5,20.2,96.6,58.5,6.97264e-08,1.81905e-05,4.97,8954.6,8.8,736.5,1,"Up Scan","Positive",254,0,4.37,1.6,8,8,0,1,1,24.439,42.39,28.857,13.824,2.251,7103.63,54,21.2,NA,0,0,0,0,0,0,0,0,0,0,0,0,0,0,0,0,0,0,0,0,0,0,0,0,0,0,0,0,0,0,0,254.377,263.663,277.023,281.054,279.498,283.285,263.185,265.534,279.604,267.038,258.146,243.137,244.106,229.763,215.533,196.215,184.368,181.863,169.793,165.619,159.984,157.821,153.161,150.09,150.613,145.787,139.352,128.159,126.268,106.216,100.125,87.592,80.56,72.597,62.068,56.898,49.753,42.358,41.973,37.721,36.627,33.87,35.071,32.186,26.658,23.76,17.639,15.563,10.206,6.849,4.156,3.334,1.748,1.291,1.429,0.396,0.513,0.107,0.162,0.169,0,0,0,0,0,0,0,0,0,0,0,0,0,0,0,0,0,0,0,0,0,0,0,0,0,0,0,0,0,0,0,0,0,0,0,2.013,3.337,4.905,7.021,9.292,11.6,14.491,16.195,19.308,23.519,25.815,28.245,29.856,33.431,34.821,35.992,36.038,37.031,39.738,40.343,42.668,44.571,47.178,48.892,51.16,53.968,55.181,55.377,53.769,54.881,49.207,48.216,44.337,42.793,40.552,36.792,35.019,32.319,28.838,27.224,24.14,22.409,20.079,18.933,16.743,13.522,11.659,8.573,7.47,4.729,3.154,1.895,1.481,0.755,0.534,0.58,0.157,0.199,0.04,0.061,0.062,0.017,0,0,0,0
2026-08-29 18:53:00,1,"Normal Scan","Normal Scan",0,"ON",1,1,1,736.8,5,20.1,96.6,58,6.96962e-08,1.81857e-05,4.97,8954.6,8.8,736.5,1,"Up Scan","Positive",254,0,4.37,1.6,8,8,0,1,1,25.181,43.316,29.416,12.864,2.267,6836.85,54,21.1,NA,0,0,0,0,0,0,0,0,0,0,0,0,0,0,0,0,0,0,0,0,0,0,0,0,0,0,0,0,0,0,0,252.05,264.142,247.996,265.845,266.215,243.314,257.795,254.453,252.4,247.008,235.146,228.266,226.196,216.621,206.565,198.956,188.679,170.352,167.703,157.056,157.664,152.552,148.3,148.386,148.879,143.33,135.723,131.017,120.962,113.58,102.595,91.361,80.923,73.967,63.684,56.564,48.746,47.001,39.809,37.056,34.679,32.923,35.192,30.788,26.854,23.09,17.63,14.339,10.717,7.843,5.062,3.044,2.254,1.2,0.763,0.495,0.408,0.316,0.219,0.169,0,0,0,0,0,0,0,0,0,0,0,0,0,0,0,0,0,0,0,0,0,0,0,0,0,0,0,0,0,0,0,0,0,0,0,2.221,3.262,4.965,6.313,8.768,11.063,12.513,15.862,18.493,21.31,23.863,25.778,28.065,30.984,32.904,34.49,36.478,37.77,37.265,39.849,40.598,43.894,45.626,47.581,50.651,53.656,54.524,54.368,54.841,53.233,51.993,48.891,46.302,42.936,40.975,37.074,34.666,31.914,30.44,26.564,23.671,21.4,19.565,19.196,16.356,13.666,11.491,8.501,6.794,4.974,3.61,2.262,1.396,0.952,0.496,0.31,0.196,0.159,0.121,0.081,0.062,0,0,0,0,0
2026-08-29 18:58:00,1,"Normal Scan","Normal Scan",0,"ON",1,1,1,737,5,20.4,96.5,58.2,6.98593e-08,1.82001e-05,4.97,8954.6,8.8,736.5,1,"Up Scan","Positive",254,0,4.37,1.6,8,8,0,1,1,26.097,44.565,30.324,9.647,2.281,7055.75,53,21.3,NA,0,0,0,0,0,0,0,0,0,0,0,0,0,0,0,0,0,0,0,0,0,0,0,0,0,0,0,0,0,0,0,263.992,252.818,230.758,260.283,253.225,262.15,260.959,256.52,252.328,244.532,243.068,234.673,226.14,220.944,208.575,200.927,184.247,179.341,173.56,163.881,157.383,153.509,152.369,156.613,156.016,156.673,156.409,147.404,137.635,124.757,114.257,98.791,89.652,85.357,74.963,69.77,60.207,51.564,44.806,41.262,38.064,36.447,34.562,30.851,27.963,22.271,17.24,14.427,9.4,6.768,5.532,3.513,1.979,1.478,0.716,0.641,0.747,0.492,0.11,0.226,0,0,0,0,0,0,0,0,0,0,0,0,0,0,0,0,0,0,0,0,0,0,0,0,0,0,0,0,0,0,0,0,0,0,0,2.023,3.373,4.73,5.832,8.588,10.538,13.439,16.046,18.623,21.22,23.614,26.614,28.85,31.002,33.535,34.83,36.815,36.915,39.167,41.257,42.438,44.122,46.485,49.504,53.659,56.654,59.706,62.308,61.762,60.772,57.698,55.472,50.324,47.261,46.683,42.783,41.119,36.974,32.704,28.661,25.562,22.987,20.859,18.759,16.334,14.376,11.119,8.366,6.878,4.471,3.221,2.453,1.574,0.902,0.61,0.29,0.255,0.29,0.188,0.041,0.082,0.034,0,0,0,0
2026-08-29 19:03:00,1,"Normal Scan","Normal Scan",0,"ON",1,1,1,736.7,5,20,96.6,58.2,6.96659e-08,1.81809e-05,4.97,8954.6,8.8,736.5,1,"Up Scan","Positive",254,0,4.37,1.6,8,8,0,1,1,26.135,43.758,29.797,9.647,2.267,8407.96,53,21.1,NA,0,0,0,0,0,0,0,0,0,0,0,0,0,0,0,0,0,0,0,0,0,0,0,0,0,0,0,0,0,0,0,332.211,317.017,316.122,321.896,310.631,281.826,289.802,290.675,283.75,285.967,280.279,277.82,266.028,264.141,256.895,257.824,240.727,232.748,218.491,210.577,208.98,188.062,195.858,193.897,184.383,181.877,175.098,165.062,153.571,135.135,123.211,106.51,97.868,86.227,80.572,76.101,62.627,53.636,51.222,45.759,42.897,41.745,39.948,38.745,33.377,27.62,23.562,17.96,12.165,9.212,6.72,5.275,2.811,1.566,1.482,0.593,0.564,0.526,0,0.112,0,0,0,0,0,0,0,0,0,0,0,0,0,0,0,0,0,0,0,0,0,0,0,0,0,0,0,0,0,0,0,0,0,0,0,2.585,4.308,5.912,8.014,10.658,12.888,14.49,17.871,21.14,23.966,27.674,30.728,34.2,36.574,40.162,43.019,47.321,48.179,50.813,51.893,54.13,57.953,56.537,62.473,65.841,66.141,68.687,69.51,68.578,67.162,62.777,59.548,54.183,52.124,48.298,46.849,45.712,39.999,36.077,33.357,29.596,26.712,24.502,22.072,20.679,17.294,13.849,11.338,8.603,5.654,4.331,2.971,2.298,1.223,0.649,0.6,0.235,0.218,0.201,0,0.041,0.035,0,0,0,0
2026-08-29 19:08:00,1,"Normal Scan","Normal Scan",0,"ON",1,1,1,737.1,5,20.6,96.5,57.5,6.99199e-08,1.82097e-05,4.97,8954.6,8.8,736.5,1,"Up Scan","Positive",254,0,4.37,1.6,8,8,0,1,1,30.219,48.472,33.204,14.855,2.298,8600.53,53,21.3,NA,0,0,0,0,0,0,0,0,0,0,0,0,0,0,0,0,0,0,0,0,0,0,0,0,0,0,0,0,0,0,0,266.724,266.79,253.468,269.897,261.204,269.211,281.702,272.27,273.531,271.221,281.031,258.136,254.324,247.909,245.711,243.238,238.596,234.64,227.18,228.705,222.167,225.105,225.705,221.655,209.796,217.973,212.177,195.268,183.482,170.628,158.724,140.454,124.447,116.96,101.756,87.191,84.72,74.897,66.616,60.44,54.243,52.099,47.279,43.017,36.403,32.375,24.139,19.532,14.688,10.46,7.186,5.084,2.773,1.955,1.337,0.84,0.664,0.528,0.109,0.168,0,0,0,0,0,0,0,0,0,0,0,0,0,0,0,0,0,0,0,0,0,0,0,0,0,0,0,0,0,0,0,0,0,0,0,2.264,3.45,4.952,6.457,8.925,10.862,13.799,17.284,19.751,23.056,26.204,30.766,31.782,34.993,37.721,41.266,44.795,48.041,51.593,54.309,59.056,62.195,67.675,72.259,75.667,76.431,82.974,84.835,82.306,81.084,78.791,76.712,71.465,66.665,64.274,58.695,53.2,51.669,46.789,41.792,37.345,32.552,29.713,26.006,22.863,18.832,16.059,11.754,9.267,6.94,4.827,3.219,2.24,1.272,0.809,0.541,0.333,0.258,0.201,0.041,0.062,0.097,0,0,0,0
2026-08-29 19:13:00,1,"Normal Scan","Normal Scan",0,"ON",1,1,1,737,5,20.3,96.6,57.8,6.97567e-08,1.81953e-05,4.97,8954.6,8.8,736.5,1,"Up Scan","Positive",254,0,4.37,1.6,8,8,0,1,1,29.273,47.01,32.465,17.154,2.258,8158.35,53,21.2,NA,0,0,0,0,0,0,0,0,0,0,0,0,0,0,0,0,0,0,0,0,0,0,0,0,0,0,0,0,0,0,0,243.093,219.764,251.355,249.274,258.139,257.061,266.487,266.8,277.558,270.625,263.128,257.614,264.062,255.891,255.374,243.663,236.294,236.748,221.213,219.79,215.757,213.522,213.017,205.537,208.829,205.018,201.034,186.173,165.397,157.912,141.196,118.008,106.499,94.53,77.828,73.067,66.498,59.216,53.396,52.299,48.6,46.209,43.713,40.38,34.166,29.417,25.066,17.791,15.615,9.43,6.309,4.675,3.204,2.215,1.062,0.628,0.611,0.263,0.163,0.168,0,0,0,0,0,0,0,0,0,0,0,0,0,0,0,0,0,0,0,0,0,0,0,0,0,0,0,0,0,0,0,0,0,0,0,2.003,3.15,4.128,6.404,8.185,10.733,13.181,16.422,19.402,23.414,26.148,28.857,31.724,36.312,38.899,42.812,44.86,47.517,51.866,52.713,56.843,60.289,64.166,68.154,69.901,75.373,77.396,79.019,77.204,71.844,71.373,67.205,59.789,56.248,53.296,46.821,45.379,42.677,38.852,34.997,33.313,29.628,26.871,24.411,21.139,17.595,14.735,12.194,8.465,7.254,4.314,2.811,2.062,1.385,0.916,0.43,0.25,0.238,0.1,0.061,0.062,0.033,0,0,0,0
2026-08-29 19:18:00,1,"Normal Scan","Normal Scan",0,"ON",1,1,1,736.7,5,19.9,96.6,57.4,6.96356e-08,1.81761e-05,4.97,8954.6,8.8,736.5,1,"Up Scan","Positive",254,0,4.37,1.6,8,8,0,1,1,29.413,47.67,32.828,21.288,2.268,7966.89,53,21.1,NA,0,0,0,0,0,0,0,0,0,0,0,0,0,0,0,0,0,0,0,0,0,0,0,0,0,0,0,0,0,0,0,231.215,235.047,235.585,225.04,243.704,251.398,242.136,262.908,260.596,257.13,257.19,265.259,265.099,262.582,250.394,242.139,228.176,226.56,215.428,213.488,205.985,202.259,200.137,201.133,200.226,194.993,190.368,180.936,168.273,156.844,141.072,123.291,106.215,100.383,84.345,76.898,69.626,65.385,53.254,49.478,46.677,44.784,41.747,39.149,33.553,30.277,24.029,17.696,13.816,10.379,7.418,6.057,3.484,2.35,1.573,0.991,0.409,0.16,0.054,0.113,0,0,0,0,0,0,0,0,0,0,0,0,0,0,0,0,0,0,0,0,0,0,0,0,0,0,0,0,0,0,0,0,0,0,0,1.764,2.963,4.421,6.01,7.452,10.182,12.872,14.931,19.149,22.023,24.923,28.218,32.651,36.387,39.906,41.982,44.515,45.881,49.57,51.383,55.194,57.599,60.893,64.42,68.717,72.398,74.195,75.693,75.636,73.648,71.374,67.818,62.26,56.653,55.221,49.138,46.907,43.731,41.388,35.042,31.855,28.839,26.147,23.496,21.099,17.781,15.213,11.816,8.459,6.528,4.671,3.3,2.62,1.535,0.973,0.639,0.392,0.159,0.06,0.02,0.041,0.052,0,0,0,0
2026-08-29 19:23:00,1,"Normal Scan","Normal Scan",0,"ON",1,1,1,737,5,20.4,96.6,57.2,6.9787e-08,1.82001e-05,4.97,8954.6,8.8,736.5,1,"Up Scan","Positive",254,0,4.37,1.6,8,8,0,1,1,29.6,47.356,32.898,19.81,2.239,7872.29,53,21.2,NA,0,0,0,0,0,0,0,0,0,0,0,0,0,0,0,0,0,0,0,0,0,0,0,0,0,0,0,0,0,0,0,198.698,230.082,197.675,218.679,229.002,244.433,241.514,256.199,260.695,263.865,273.326,259.39,267.342,268.223,254.904,254.907,245.449,233.377,227.079,221.519,212.118,207.857,204.961,200.771,195.761,191.996,184.422,179.413,161.756,146.184,130.027,114.802,105.125,93.451,84.585,71.756,63.367,59.096,53.646,48.143,43.907,43.486,40.246,36.963,35.246,28.474,24.194,19.983,12.812,11.063,7.266,4.558,3.083,2.153,1.206,0.786,0.617,0.264,0.272,0.112,0,0,0,0,0,0,0,0,0,0,0,0,0,0,0,0,0,0,0,0,0,0,0,0,0,0,0,0,0,0,0,0,0,0,0,1.642,2.567,4.318,5.007,7.227,9.539,12.505,14.875,18.643,22.079,25.551,29.992,31.999,36.725,40.802,42.71,46.765,49.182,51.05,53.932,56.951,59.012,62.117,65.676,68.245,70.409,72.617,73.006,74.678,70.734,67.003,62.424,58.089,55.692,51.847,48.865,44.148,40.574,38.385,35.098,30.922,27.848,25.516,22.783,19.928,18.111,14.208,11.88,9.412,6.056,4.999,3.285,2,1.301,0.89,0.49,0.311,0.241,0.1,0.102,0.041,0,0,0,0,0
2026-08-29 19:28:00,1,"Normal Scan","Normal Scan",0,"ON",1,1,1,736.7,5,20,96.6,57.4,6.96659e-08,1.81809e-05,4.97,8954.6,8.8,736.5,1,"Up Scan","Positive",254,0,4.37,1.6,8,8,0,1,1,30.896,48.734,33.957,19.81,2.237,7456.06,52,21.1,NA,0,0,0,0,0,0,0,0,0,0,0,0,0,0,0,0,0,0,0,0,0,0,0,0,0,0,0,0,0,0,0,186.465,171.591,175.58,193.73,198.599,226.622,217.174,226.876,243.262,238.897,262.348,243.69,251.305,251.874,247.166,240.963,230.191,226.47,220.156,216.49,210.748,207.57,203.041,193.63,194.088,186.823,185.813,175.675,157.232,144.718,131.238,114.193,104.488,90.353,85.109,70.812,62.232,60.599,50.536,44.299,42.256,41.811,38.587,36.234,33.169,30.099,24.119,18.483,15.243,10.447,8.559,5.492,2.921,1.798,1.65,0.904,0.562,0.581,0.272,0.226,0,0,0,0,0,0,0,0,0,0,0,0,0,0,0,0,0,0,0,0,0,0,0,0,0,0,0,0,0,0,0,0,0,0,0,1.442,2.414,3.2,4.465,6.382,8.29,11.62,13.402,16.515,20.558,23.157,28.775,30.083,34.585,38.313,41.439,44.314,46.327,49.613,52.299,55.755,58.532,62.145,64.988,65.84,69.853,70.887,73.619,72.963,68.882,66.446,62.601,57.952,54.85,49.893,48.682,43.572,39.776,38.83,33.372,29.827,26.733,25.142,22.074,20.134,17.406,15.044,11.812,8.846,7.137,4.814,3.885,2.409,1.317,0.744,0.671,0.359,0.218,0.221,0.102,0.082,0.052,0,0,0,0
2026-08-29 19:33:00,1,"Normal Scan","Normal Scan",0,"ON",1,1,1,737,5,20.4,96.6,56.6,6.9787e-08,1.82001e-05,4.97,8954.6,8.8,736.5,1,"Up Scan","Positive",254,0,4.37,1.6,8,8,0,1,1,30.311,48.052,33.13,26.416,2.261,8203.74,53,21.2,NA,0,0,0,0,0,0,0,0,0,0,0,0,0,0,0,0,0,0,0,0,0,0,0,0,0,0,0,0,0,0,0,243.662,241.317,229.756,248.896,242.124,221.625,245.593,251.768,261.081,255.166,253.459,262.281,258.03,265.375,268.932,256.524,244.63,246.611,236.404,239.049,235.001,218.789,215.889,216.083,214.292,204.325,203.152,193.052,175.531,157.068,141.434,124.548,106.712,99.275,86.567,72.758,67.562,58.063,51.502,48.169,44.898,43.167,39.254,40.828,36.241,31.438,25.986,19.574,17.527,13.447,10.174,7.841,4.068,2.747,1.16,1.373,0.825,0.529,0.327,0.282,0,0,0,0,0,0,0,0,0,0,0,0,0,0,0,0,0,0,0,0,0,0,0,0,0,0,0,0,0,0,0,0,0,0,0,1.973,3.137,4.494,5.844,8.235,10.041,11.372,15.132,18.342,22.095,24.743,27.837,32.347,35.513,40.392,45.095,47.254,49.19,53.95,56.298,61.494,65.213,65.7,69.365,73.449,76.823,77.389,80.195,79.763,76.26,71.554,67.184,62.213,56.009,54.719,49.994,45.014,42.736,38.814,35.102,32.379,29.051,26.403,23.187,22.879,19.641,16.088,12.828,9.369,8.324,6.173,4.581,3.45,1.883,1.138,0.471,0.546,0.321,0.201,0.122,0.103,0.131,0,0,0,0
2026-08-29 19:38:00,1,"Normal Scan","Normal Scan",0,"ON",1,1,1,737,5,20.3,96.6,57.1,6.97567e-08,1.81953e-05,4.97,8954.6,8.8,736.5,1,"Up Scan","Positive",254,0,4.37,1.6,8,8,0,1,1,30.879,48.323,33.631,21.288,2.236,8351.75,52,21.2,NA,0,0,0,0,0,0,0,0,0,0,0,0,0,0,0,0,0,0,0,0,0,0,0,0,0,0,0,0,0,0,0,195.389,211.798,226.127,225.406,235.959,254.03,255.141,254.227,252.596,260.487,267.829,288.426,265.248,268.078,271.408,271.535,264.113,259.521,259.042,247.872,235.735,239.85,233.608,226.419,215.487,212.531,200.531,193.908,174.859,162.864,141.122,125.81,113.415,99.905,87.609,72.836,66.328,62.004,54.109,50.219,47.816,45.068,38.588,39.546,35.038,34.494,26.179,24.884,17.437,13.318,8.909,6.484,3.744,2.305,1.666,1.428,0.661,0.529,0.218,0.056,0,0,0,0,0,0,0,0,0,0,0,0,0,0,0,0,0,0,0,0,0,0,0,0,0,0,0,0,0,0,0,0,0,0,0,1.755,2.54,3.948,5.742,7.415,9.837,13.054,15.777,18.489,21.288,25.226,29.414,35.49,36.512,40.884,45.549,49.926,53.158,56.839,61.471,63.733,65.5,71.261,74.45,76.697,77.33,80.137,79.674,80.25,76.319,73.654,67.299,63.077,59.42,55.013,51.115,45.705,42.079,40.684,36.448,33.534,30.881,27.904,22.823,21.942,18.685,17.307,12.875,11.838,8.302,6.032,4.016,2.828,1.717,0.954,0.677,0.568,0.258,0.201,0.081,0.021,0.133,0,0,0,0
2026-08-29 19:43:00,1,"Normal Scan","Normal Scan",0,"ON",1,1,1,736.7,5,20,96.6,56.6,6.96659e-08,1.81809e-05,4.97,8954.6,8.8,736.5,1,"Up Scan","Positive",254,0,4.37,1.6,8,8,0,1,1,31.152,48.125,33.473,26.416,2.245,8260.53,53,21,NA,0,0,0,0,0,0,0,0,0,0,0,0,0,0,0,0,0,0,0,0,0,0,0,0,0,0,0,0,0,0,0,229.879,252.755,226.585,223.784,234.319,230.934,254.409,239.996,238.677,253.06,243.762,257.364,254.276,262.206,267.672,259.235,259.347,258.406,264.897,245.621,241.422,237.517,233.553,222.824,225.344,209.613,202.771,194.095,172.906,157.295,139.217,124.889,113.935,97.008,89.615,77.911,67.459,59.412,53.671,50.451,46.278,43.927,40.565,35.309,33.811,28.721,26.848,20.166,17.531,13.217,9.167,5.825,4.423,2.132,1.625,1.085,0.613,0.637,0.219,0.338,0,0,0,0,0,0,0,0,0,0,0,0,0,0,0,0,0,0,0,0,0,0,0,0,0,0,0,0,0,0,0,0,0,0,0,1.787,3.013,4.692,5.757,7.354,9.76,11.887,15.705,17.455,20.173,24.526,26.802,31.766,35.089,40.052,44.922,47.818,52.208,56.631,62.772,63.332,66.97,70.778,74.308,75.624,80.204,79.123,80.307,80.539,75.399,71.984,66.808,62.545,59.371,53.735,51.491,47.168,42.957,38.291,35.416,32.938,29.415,26.858,23.974,19.886,17.933,14.823,13.075,9.757,8.213,6.027,4.168,2.612,1.952,0.882,0.658,0.431,0.238,0.241,0.081,0.123,0.069,0,0,0,0
2026-08-29 19:48:00,1,"Normal Scan","Normal Scan",0,"ON",1,1,1,737.1,5,20.5,96.6,56.7,6.98173e-08,1.82049e-05,4.97,8954.6,8.8,736.5,1,"Up Scan","Positive",254,0,4.37,1.6,8,8,0,1,1,30.08,46.881,32.97,22.876,2.196,8363.56,53,21.2,NA,0,0,0,0,0,0,0,0,0,0,0,0,0,0,0,0,0,0,0,0,0,0,0,0,0,0,0,0,0,0,0,194.265,192.82,210.875,225.408,246.84,249.169,245.257,260.188,247.874,267.023,284.48,304.646,304.858,299.379,287.366,279.338,284.451,270.206,270.003,257.316,237.773,237.167,229.965,220.26,218.993,204.96,195.036,190.387,169.26,155.964,135.167,113.566,102.553,92.585,79.104,65.704,60.039,57.276,46.591,43.368,39.811,42.542,37.92,38.294,32.341,31.48,24.589,21.315,17.986,13.385,9.379,6.647,3.447,2.955,1.491,0.772,0.917,0.37,0.324,0.113,0,0,0,0,0,0,0,0,0,0,0,0,0,0,0,0,0,0,0,0,0,0,0,0,0,0,0,0,0,0,0,0,0,0,0,1.401,2.514,3.583,5.347,7.454,10.311,12.774,15.142,18.927,20.998,25.847,31.235,37.544,41.883,45.54,48.188,51.333,57.018,59.007,63.799,65.948,65.829,70.398,73.233,74.447,78.174,77.097,76.541,78.33,73.259,70.002,63.638,57.025,53.735,50.528,45.721,41.512,38.806,38.041,32.187,29.698,26.391,26.491,22.646,21.339,17.481,15.848,12.254,10.155,8.42,6.107,4.219,2.876,1.554,1.221,0.605,0.308,0.357,0.141,0.122,0.041,0.08,0,0,0,0
2026-08-29 19:53:00,1,"Normal Scan","Normal Scan",0,"ON",1,1,1,736.8,5,20.1,96.6,56.9,6.96962e-08,1.81857e-05,4.97,8954.6,8.8,736.5,1,"Up Scan","Positive",254,0,4.37,1.6,8,8,0,1,1,29.977,45.826,32.605,24.582,2.163,8865.34,52,21.1,NA,0,0,0,0,0,0,0,0,0,0,0,0,0,0,0,0,0,0,0,0,0,0,0,0,0,0,0,0,0,0,0,205.057,202.966,216.541,227.476,254.867,257.154,271.199,272.518,276.547,291.702,296.123,305.636,310.72,327.981,322.281,318.505,312.235,305.383,290.394,287.646,276.926,259.399,249.476,238.571,228.461,218.271,205.679,188.72,174.019,157.449,135.129,115.078,102.719,87.965,77.36,71.703,63.306,55.403,46.139,43.239,40.04,37.569,37.52,35.122,33.207,28.488,26.631,22.48,17.139,12.923,9.467,6.525,4.248,2.537,1.336,0.742,0.663,0.317,0.382,0.056,0,0,0,0,0,0,0,0,0,0,0,0,0,0,0,0,0,0,0,0,0,0,0,0,0,0,0,0,0,0,0,0,0,0,0,1.673,2.676,3.796,5.482,7.507,10.62,13.241,16.745,19.802,23.413,28.284,32.582,37.751,42.802,49.91,54.074,58.603,62.573,66.552,68.678,73.424,76.184,76.766,78.767,80.088,81.195,81.458,80.585,77.664,74.554,70.785,64.116,57.6,53.503,48.479,45.054,43.004,40.35,36.724,31.819,29.404,26.96,24.008,22.414,19.792,17.815,14.662,13.043,10.622,8.014,5.874,4.249,2.855,1.862,1.049,0.542,0.294,0.258,0.121,0.142,0.021,0.068,0,0,0,0
2026-08-29 19:58:00,1,"Normal Scan","Normal Scan",0,"ON",1,1,1,737,5,20.4,96.6,56.3,6.9787e-08,1.82001e-05,4.97,8954.6,8.8,736.5,1,"Up Scan","Positive",254,0,4.37,1.6,8,8,0,1,1,27.477,43.844,30.637,18.434,2.198,9799.6,53,21.1,NA,0,0,0,0,0,0,0,0,0,0,0,0,0,0,0,0,0,0,0,0,0,0,0,0,0,0,0,0,0,0,0,287.947,295.309,304.983,315.982,327.373,318.705,330.861,339.369,350.738,352.35,335.148,343.892,325.218,330.311,330.006,316.652,310.52,300.128,282.814,281.11,269.165,266.069,250.909,243.623,232.158,221.531,211.143,193.956,177.992,164.993,142.845,125.643,107.812,97.541,84.857,74.862,65.646,59.114,54.425,44.46,42.976,40.184,37.548,36.749,34.507,32.557,26.071,22.509,17.371,14.724,9.434,5.863,4.2,2.31,1.936,0.661,0.712,0.419,0.49,0.225,0,0,0,0,0,0,0,0,0,0,0,0,0,0,0,0,0,0,0,0,0,0,0,0,0,0,0,0,0,0,0,0,0,0,0,2.189,3.711,5.525,7.797,10.439,13.613,16.353,20.421,24.658,29.596,34.084,36.769,42.323,44.717,50.208,55.261,58.182,62.325,65.494,67.015,71.912,74.313,78.639,79.312,82.076,82.795,83.2,83.058,79.927,77.202,74.631,67.447,62.512,57.042,52.852,48.926,45.347,41.53,38.795,36.314,30.624,27.898,25.653,22.626,20.83,18.214,16.521,12.828,10.793,8.065,6.712,4.248,2.593,1.824,0.954,0.785,0.263,0.278,0.161,0.183,0.082,0.033,0,0,0,0
2026-08-29 20:03:00,1,"Normal Scan","Normal Scan",0,"ON",1,1,1,737,5,20.3,96.6,56.9,6.97567e-08,1.81953e-05,4.97,8954.6,8.8,736.5,1,"Up Scan","Positive",254,0,4.37,1.6,8,8,0,1,1,27.881,44.073,30.842,22.876,2.194,9613.87,53,21.1,NA,0,0,0,0,0,0,0,0,0,0,0,0,0,0,0,0,0,0,0,0,0,0,0,0,0,0,0,0,0,0,0,305.267,305.392,297.199,285.182,293.677,294.788,297.982,325.333,316.856,315.351,329.771,341.109,348.529,340.126,333.534,327.665,310.329,311.124,295.026,282.362,268.025,251.946,251.879,241.589,230.85,219.14,206.26,194.931,177.878,158.844,136.059,122.742,106.184,97.294,77.886,72.636,61.611,53.873,50.052,46.352,41.259,40.211,39.11,36.813,33.532,29.465,27.104,22.549,19.135,12.28,10.828,6.58,4.647,2.822,1.988,1.283,0.715,0.476,0.219,0.225,0,0,0,0,0,0,0,0,0,0,0,0,0,0,0,0,0,0,0,0,0,0,0,0,0,0,0,0,0,0,0,0,0,0,0,2.242,3.945,5.701,7.554,9.398,12.2,15.088,18.383,23.678,26.786,30.536,36.249,42.054,47.876,51.695,55.871,60.13,62.141,67.776,69.721,72.166,73.907,74.732,79.651,81.373,82.034,81.967,81.248,80.05,76.48,71.794,64.76,60.683,55.063,53.193,45.67,44.165,39.935,36.548,33.71,31.417,27.721,25.537,23.347,21.042,18.076,15.287,13.361,10.921,8.948,5.666,4.8,2.912,2.043,1.17,0.806,0.51,0.278,0.181,0.081,0.082,0.067,0,0,0,0
2026-08-29 20:08:00,1,"Normal Scan","Normal Scan",0,"ON",1,1,1,736.8,5,20.1,96.6,56.5,6.96962e-08,1.81857e-05,4.97,8954.6,8.8,736.5,1,"Up Scan","Positive",254,0,4.37,1.6,8,8,0,1,1,29.045,44.255,31.886,28.387,2.12,10986.3,53,21,NA,0,0,0,0,0,0,0,0,0,0,0,0,0,0,0,0,0,0,0,0,0,0,0,0,0,0,0,0,0,0,0,232.876,266.396,252.123,292.372,309.193,285.252,306.654,333.409,344.256,377.87,386.603,417.385,413.126,441.246,458.738,467.481,450.759,406.656,372.943,349.641,328.398,307.591,283.454,262.524,251.303,243.576,226.491,219.515,207.234,187.343,165.739,144.909,123.732,110.929,91.723,82.707,70.626,63.315,56.735,50.132,42.883,42.017,38.195,37.25,34.022,30.259,26.764,23.101,18.755,16.342,10.959,7.421,6.234,3.464,2.905,0.986,0.767,0.37,0.384,0.223,0,0,0,0,0,0,0,0,0,0,0,0,0,0,0,0,0,0,0,0,0,0,0,0,0,0,0,0,0,0,0,0,0,0,0,1.9,3.013,5.007,6.421,9.676,12.84,14.646,18.948,24.285,29.151,36.667,42.627,51.616,56.91,67.169,76.647,85.397,89.706,87.97,87.499,88.682,89.91,90.514,89.8,89.038,90.234,91.934,89.774,90.758,89.137,84.239,77.642,71.3,63.753,59.753,52.129,49.154,43.971,41.209,37.154,33.78,28.341,26.99,23.735,21.675,18.492,16.076,13.509,11.299,8.701,7.434,4.897,3.31,2.648,1.433,1.18,0.392,0.298,0.141,0.142,0.082,0.017,0,0,0,0
2026-08-29 20:13:00,1,"Normal Scan","Normal Scan",0,"ON",1,1,1,737.2,5,20.5,96.7,56.8,6.97451e-08,1.82049e-05,4.97,8954.6,8.8,736.5,1,"Up Scan","Positive",254,0,4.37,1.6,8,8,0,1,1,26.581,41.939,29.643,24.582,2.151,11977.4,53,21.2,NA,0,0,0,0,0,0,0,0,0,0,0,0,0,0,0,0,0,0,0,0,0,0,0,0,0,0,0,0,0,0,0,345.577,375.061,393.698,378.01,394.469,395.917,389.585,396.52,393.914,421.283,432.617,444.131,468.424,484.73,483.35,463.295,432.587,402.413,361.371,332.174,315.592,296.958,281.787,260.378,256.93,242.125,225.483,211.635,199.45,170.221,155.471,136.862,124.577,111.86,90.022,83.79,74.184,72.472,58.815,54.46,49.833,45.766,41.487,39.008,37.088,33.901,27.405,22.28,19.79,15.153,11.687,7.144,5.012,3.134,2.667,1.287,1.329,0.348,0.349,0.507,0,0,0,0,0,0,0,0,0,0,0,0,0,0,0,0,0,0,0,0,0,0,0,0,0,0,0,0,0,0,0,0,0,0,0,3.289,4.457,6.959,10.021,12.485,16.407,20.266,24.023,28.855,33.36,40.838,47.554,54.802,64.324,73.509,80.564,84.494,86.074,87.094,84.804,84.656,86.585,87.416,88.923,87.971,91.239,90.839,88.943,88.18,86.331,77.508,74.246,69.228,65.175,60.829,52.812,50.679,46.426,45.686,39.115,36.017,31.823,28.8,24.971,22.526,20.003,17.467,13.744,10.877,9.402,6.973,5.242,3.197,2.2,1.297,1.083,0.51,0.516,0.132,0.131,0.185,0.046,0,0,0,0
2026-08-29 20:18:00,1,"Normal Scan","Normal Scan",0,"ON",1,1,1,736.8,5,20,96.7,57,6.95939e-08,1.81809e-05,4.97,8954.6,8.8,736.5,1,"Up Scan","Positive",254,0,4.37,1.6,8,8,0,1,1,28.119,43.833,31.036,22.876,2.163,11042.9,53,21,NA,0,0,0,0,0,0,0,0,0,0,0,0,0,0,0,0,0,0,0,0,0,0,0,0,0,0,0,0,0,0,0,294.417,288.821,313.051,330.235,340.716,345.528,345.177,366.564,381.15,389.147,394.27,391.249,409.289,401.001,390.207,400.873,385.208,365.095,349.116,332.142,308.614,299.909,287.898,272.355,258.11,250.353,229.568,217.639,214.198,182.315,165.323,144.951,122.902,103.242,90.297,83.184,68.962,61.266,54.313,51.45,46.568,43.788,40.597,38.343,38.471,35.28,29.17,25.532,17.652,14.716,11.442,7.843,4.978,3.192,2.131,1.431,0.817,0.37,0.274,0.225,0,0,0,0,0,0,0,0,0,0,0,0,0,0,0,0,0,0,0,0,0,0,0,0,0,0,0,0,0,0,0,0,0,0,0,2.492,3.822,5.415,7.97,10.968,14.207,17.818,21.338,26.775,32.222,37.69,43.364,48.281,56.263,61.07,65.412,73.417,77.038,79.414,82.253,84.699,85.07,88.418,91.151,92.038,92.23,94.26,90.893,89.565,91.426,82.112,77.614,71.065,63.498,56.762,52.202,50.241,44.09,40.433,37.728,34.636,30.924,27.841,24.511,21.982,20.789,18.064,14.432,12.309,8.356,6.727,5.085,3.466,2.167,1.321,0.863,0.569,0.318,0.141,0.102,0.082,0.051,0,0,0,0
2026-08-29 20:23:00,1,"Normal Scan","Normal Scan",0,"ON",1,1,1,737.1,5,20.4,96.7,56.5,6.97148e-08,1.82001e-05,4.97,8954.6,8.8,736.5,1,"Up Scan","Positive",254,0,4.37,1.6,8,8,0,1,1,30.181,46.266,32.993,22.876,2.159,9525.24,53,21.1,NA,0,0,0,0,0,0,0,0,0,0,0,0,0,0,0,0,0,0,0,0,0,0,0,0,0,0,0,0,0,0,0,230.715,181.63,212.874,259.597,250.456,259.795,270.419,291.303,304.584,313.88,316.151,341.019,363.646,357.222,353.049,342.54,340.306,319.386,309.838,298.687,286.69,276.5,273.133,258.024,244.213,238.773,229.602,210.457,192.765,172.222,152.771,126.998,115.145,99.798,90.54,75.115,69.14,58.347,54.01,48.369,42.175,42.403,38.781,35.865,33.764,30.465,27.34,21.921,16.174,13.996,10.85,7.943,4.945,2.548,2.697,1.431,0.666,0.634,0.653,0.281,0,0,0,0,0,0,0,0,0,0,0,0,0,0,0,0,0,0,0,0,0,0,0,0,0,0,0,0,0,0,0,0,0,0,0,1.765,3.012,3.411,5.413,8.61,10.446,13.336,16.682,21.229,25.787,30.427,34.775,42.049,49.971,54.313,59.122,62.896,68.178,69.812,73.326,76.332,79.24,82.126,86.344,86.982,87.131,89.318,89.881,86.414,83.176,77.451,72.142,63.107,59.855,54.748,51.186,45.766,43.462,38.222,35.795,32.341,28.228,26.461,23.269,20.873,18.502,15.824,13.622,10.787,7.658,6.426,4.988,3.525,2.204,1.054,1.094,0.568,0.258,0.241,0.244,0.103,0.095,0,0,0,0
2026-08-29 20:28:00,1,"Normal Scan","Normal Scan",0,"ON",1,1,1,737,5,20.2,96.7,57.1,6.96543e-08,1.81905e-05,4.97,8954.6,8.8,736.5,1,"Up Scan","Positive",254,0,4.37,1.6,8,8,0,1,1,29.365,44.599,32.069,24.582,2.138,11252.6,53,21.1,NA,0,0,0,0,0,0,0,0,0,0,0,0,0,0,0,0,0,0,0,0,0,0,0,0,0,0,0,0,0,0,0,245.641,269.438,275.188,282.091,314.854,331.157,362.201,373.99,370.337,390.161,391.552,406.673,409.166,410.195,400.592,409.375,385.102,386.068,363.811,358.876,334.426,319.096,308.505,301.073,283.967,277.315,257.357,243.648,225.136,213.153,186.224,156.472,129.413,109.12,93.225,83.347,71.585,63.871,56.186,50.138,47.288,44.421,40.005,37.587,35.994,30.918,27.168,22.961,19.799,14.877,11.21,6.92,5.161,3.097,2.507,1.231,0.713,0.474,0.272,0.279,0,0,0,0,0,0,0,0,0,0,0,0,0,0,0,0,0,0,0,0,0,0,0,0,0,0,0,0,0,0,0,0,0,0,0,1.755,3.149,5.039,6.988,9.329,13.136,17.005,22.353,27.241,31.311,37.78,43.076,50.167,56.357,62.464,67.235,75.112,77.178,84.126,86.071,91.621,92.368,94.563,97.789,101.637,101.943,104.387,101.134,99.574,95.942,94.196,86.007,76.246,66.454,58.997,53.691,50.08,44.659,41.529,37.533,33.362,30.934,27.976,24.152,21.891,19.292,16.121,13.515,11.192,9.299,6.793,5.003,3.069,2.261,1.283,1.017,0.49,0.278,0.181,0.102,0.103,0.082,0,0,0,0
2026-08-29 20:33:00,1,"Normal Scan","Normal Scan",0,"ON",1,1,1,736.9,5,20.1,96.7,56.7,6.96241e-08,1.81857e-05,4.97,8954.6,8.8,736.5,1,"Up Scan","Positive",254,0,4.37,1.6,8,8,0,1,1,30.238,45.989,32.803,26.416,2.168,11168.3,53,21,NA,0,0,0,0,0,0,0,0,0,0,0,0,0,0,0,0,0,0,0,0,0,0,0,0,0,0,0,0,0,0,0,254.687,264.726,284.803,294.297,328.991,324.719,321.553,331.302,346.509,367.283,380.385,377.442,392.621,393.862,397.746,387.539,376.511,364.757,361.654,355.252,341.743,337.595,312.501,300.2,290.178,272.475,258.292,248.628,228.176,210.647,185.278,162.659,138.969,117.865,104.41,97.942,83.224,72.998,66.547,59.115,51.553,47.155,45.026,40.393,34.312,32.445,28.866,23.963,20.264,15.754,10.65,8.692,5.297,2.812,1.663,1.377,0.819,0.386,0.468,0.343,0,0,0,0,0,0,0,0,0,0,0,0,0,0,0,0,0,0,0,0,0,0,0,0,0,0,0,0,0,0,0,0,0,0,0,2.127,3.324,4.977,7.273,9.755,13.734,16.646,19.867,24.145,29.326,35.608,41.833,46.618,54.017,59.985,66.756,71.271,75.74,79.712,85.598,90.877,94.077,99.662,99.229,101.54,103.69,103.047,102.3,102.147,98.555,94.969,87.497,80.518,72.183,64.634,59.481,57.223,51.256,46.274,42.266,38.003,33.374,29.522,26.563,23.106,18.995,16.889,14.288,11.474,9.462,7.219,4.796,3.824,2.37,1.164,0.677,0.549,0.318,0.147,0.175,0.125,0.083,0,0,0,0
2026-08-29 20:38:00,1,"Normal Scan","Normal Scan",0,"ON",1,1,1,737.1,5,20.4,96.7,57.2,6.97148e-08,1.82001e-05,4.97,8954.6,8.8,736.5,1,"Up Scan","Positive",254,0,4.37,1.6,8,8,0,1,1,30.309,46.209,32.907,24.582,2.165,10717.5,53,21.1,NA,0,0,0,0,0,0,0,0,0,0,0,0,0,0,0,0,0,0,0,0,0,0,0,0,0,0,0,0,0,0,0,233.45,242.238,271.415,271.287,298.891,300.763,326.905,318.913,329.731,352.565,368.187,362.867,382.047,389.189,383.724,376.411,382.416,358.62,356.116,352.503,323.282,313.396,305.668,294.417,274.361,269.842,248.05,235.812,214.879,197.363,169.79,145.658,127.785,114.553,97.065,88.651,78.63,67.354,62.35,54.277,50.095,46.922,42.321,37.52,37.149,34.168,31.173,25.734,21.143,15.927,11.731,8.314,5.288,2.702,2.362,1.333,0.712,0.848,0.274,0.377,0,0,0,0,0,0,0,0,0,0,0,0,0,0,0,0,0,0,0,0,0,0,0,0,0,0,0,0,0,0,0,0,0,0,0,1.961,3,4.543,6.836,9.004,12.475,15.453,20.144,23.187,27.904,34.153,40.442,44.828,52.589,59.291,64.43,69.245,76.626,78.328,84.237,89.867,89.322,92.677,96.609,99.151,97.994,100.966,97.511,96.893,92.82,88.744,80.256,72.738,66.717,62.297,55.889,53.201,48.935,43.425,40.917,36.725,32.875,29.813,25.837,21.908,20.333,17.646,15.363,12.431,10.035,7.227,5.322,3.68,2.47,1.115,0.959,0.529,0.278,0.321,0.102,0.138,0.179,0,0,0,0
2026-08-29 20:43:00,1,"Normal Scan","Normal Scan",0,"ON",1,1,1,736.8,5,20,96.7,57.2,6.95939e-08,1.81809e-05,4.97,8954.6,8.8,736.5,1,"Up Scan","Positive",254,0,4.37,1.6,8,8,0,1,1,27.98,44.344,31.175,22.876,2.179,10828.8,53,21,NA,0,0,0,0,0,0,0,0,0,0,0,0,0,0,0,0,0,0,0,0,0,0,0,0,0,0,0,0,0,0,0,259.656,300.051,304.661,309.634,326.844,349.889,367.721,389.749,375.907,390.289,386.222,383.21,393.351,389.43,379.362,383.182,362.543,344.188,327.565,311.587,306.639,288.095,278.724,266.13,259.012,242.465,231.379,215.626,199.379,183.423,161.727,140.873,120.474,108.411,94.605,80.974,70.911,63.617,59.841,50.261,45.308,42.178,43.266,40.515,36.77,34.327,31.565,26.401,20.708,17.532,10.981,8.8,5.165,2.674,1.578,1.185,1.048,0.554,0.218,0.415,0,0,0,0,0,0,0,0,0,0,0,0,0,0,0,0,0,0,0,0,0,0,0,0,0,0,0,0,0,0,0,0,0,0,0,2.376,3.348,5.608,7.77,10.234,13.61,18.038,22.672,28.355,31.807,37.776,42.413,47.279,54.025,59.247,63.48,70.286,72.58,75.005,77.443,79.726,84.37,85.338,88.22,89.821,92.499,91.344,91.378,88.921,86.306,82.768,76.141,69.593,63.291,59.075,54.106,48.908,45.799,42.223,39.652,34.628,31.105,27.931,26.209,23.1,20.227,17.755,15.285,12.642,9.755,8.028,4.911,3.88,2.3,1.107,0.639,0.471,0.407,0.211,0.081,0.152,0.078,0,0,0,0
2026-08-29 20:48:00,1,"Normal Scan","Normal Scan",0,"ON",1,1,1,737.2,5,20.5,96.7,57,6.97451e-08,1.82049e-05,4.97,8954.6,8.8,736.5,1,"Up Scan","Positive",254,0,4.37,1.6,8,8,0,1,1,26.546,42.868,29.784,15.963,2.194,10834.1,54,21.1,NA,0,0,0,0,0,0,0,0,0,0,0,0,0,0,0,0,0,0,0,0,0,0,0,0,0,0,0,0,0,0,0,342.657,322.85,354.089,377.606,368.923,376.47,390.694,400.1,397.133,399.657,380.505,379.275,367.166,361.142,361.46,354.956,346.592,331.423,323.85,306.848,298.613,287.593,273.402,257.972,243.906,222.763,212.518,193.22,180.75,164.103,147.499,130.607,115.584,100.705,88.909,77.597,69.025,62.682,52.908,49.052,45.197,41.349,38.548,40.53,32.273,33.439,30.64,24.689,21.97,17.225,11.347,9.196,5.778,2.822,3.154,0.89,0.866,0.791,0.437,0.168,0,0,0,0,0,0,0,0,0,0,0,0,0,0,0,0,0,0,0,0,0,0,0,0,0,0,0,0,0,0,0,0,0,0,0,2.698,4.37,6.061,9.012,12.481,15.312,19.312,24.068,29.06,33.505,38.646,41.741,46.751,50.451,54.947,60.5,65.236,69.464,72.294,76.42,78.304,81.762,84.575,85.737,86.507,86.534,83.936,84.112,80.319,78.571,74.536,70.157,64.974,60.236,55.265,51.315,47.121,43.896,41.51,35.949,33.894,30.692,27.315,24.342,23.367,18.172,17.516,15.012,12.173,10.197,7.932,5.081,4.062,2.489,1.169,1.277,0.353,0.337,0.301,0.163,0.062,0.046,0,0,0,0
2026-08-29 20:53:00,1,"Normal Scan","Normal Scan",0,"ON",1,1,1,737,5,20.2,96.7,57.4,6.96543e-08,1.81905e-05,4.97,8954.6,8.8,736.5,1,"Up Scan","Positive",254,0,4.37,1.6,8,8,0,1,1,26.21,42.949,29.647,18.434,2.208,10375.9,53,21.1,NA,0,0,0,0,0,0,0,0,0,0,0,0,0,0,0,0,0,0,0,0,0,0,0,0,0,0,0,0,0,0,0,344.087,346.941,345.392,346.021,362.434,359.57,363.531,375.846,371.127,387.771,376.075,364.93,361.053,353.167,347.99,342.406,326.524,316.658,306.647,286.337,266.48,255.526,248.272,231.633,226.016,211.685,205.667,188.874,174.24,164.939,144.457,124.052,115.503,94.828,87.29,75.078,64.373,59.504,50.746,47.279,43.6,37.706,38.583,37.03,35.454,33.098,29.454,25.618,22.8,17.49,12.532,7.284,6.13,3.127,1.855,1.036,0.82,0.636,0.382,0.337,0,0,0,0,0,0,0,0,0,0,0,0,0,0,0,0,0,0,0,0,0,0,0,0,0,0,0,0,0,0,0,0,0,0,0,2.855,4.481,6.495,8.785,11.413,15.059,18.464,22.385,27.335,31.339,37.443,41.261,44.987,49.604,53.751,58.234,62.744,65.248,68.916,72.156,73.058,73.416,75.645,78.357,78.362,80.986,79.958,81.256,78.472,75.901,74.544,68.286,61.827,59.437,52.699,50.101,45.478,41.534,39.584,35.695,32.943,29.614,26.018,24.338,21.946,19.182,17.437,14.614,12.207,10.559,7.993,5.639,3.246,2.652,1.298,0.755,0.412,0.318,0.241,0.142,0.123,0.033,0,0,0,0
2026-08-29 20:58:00,1,"Normal Scan","Normal Scan",0,"ON",1,1,1,737,5,20.2,96.7,56.9,6.96543e-08,1.81905e-05,4.97,8954.6,8.8,736.5,1,"Up Scan","Positive",254,0,4.37,1.6,8,8,0,1,1,27.069,44.144,30.399,17.154,2.222,9493.02,53,21.1,NA,0,0,0,0,0,0,0,0,0,0,0,0,0,0,0,0,0,0,0,0,0,0,0,0,0,0,0,0,0,0,0,309.06,274.99,318.559,315.109,322.288,329.089,315.7,334.048,348.68,324.167,331.478,333.25,319.06,313.692,311.932,300.511,299.427,284.547,290.331,263.982,260.283,248.954,244.057,225.093,217.344,194.442,193.218,181.449,165.383,147.975,134.944,121.54,106.208,96.206,85.976,73.04,64.7,52.918,52.673,44.791,39.031,37.88,35.972,37.581,33.836,32.319,28.57,25.222,20.063,17.109,11.619,9.181,5.649,3.285,2.315,1.235,0.458,0.159,0.274,0.169,0,0,0,0,0,0,0,0,0,0,0,0,0,0,0,0,0,0,0,0,0,0,0,0,0,0,0,0,0,0,0,0,0,0,0,2.376,4.021,5.142,8.149,10.398,13.471,16.93,19.476,24.296,29.415,31.397,36.348,41.103,43.86,47.803,52.259,55.266,60.042,62.15,68.471,67.515,71.371,73.563,76.886,75.795,77.4,73.799,76.529,75.44,72.158,68.061,64.19,59.913,55.626,52.744,48.703,44.288,41.095,36.58,35.943,31.664,27.2,25.604,22.938,21.899,18.935,16.787,14.201,12.128,9.373,7.669,5.141,4.038,2.417,1.359,0.94,0.49,0.179,0.06,0.102,0.062,0.033,0,0,0,0
2026-08-29 21:03:00,1,"Normal Scan","Normal Scan",0,"ON",1,1,1,737.1,5,20.4,96.7,57.3,6.97148e-08,1.82001e-05,4.97,8954.6,8.8,736.5,1,"Up Scan","Positive",254,0,4.37,1.6,8,8,0,1,1,26.753,43.836,30.144,15.963,2.225,9613.88,53,21.1,NA,0,0,0,0,0,0,0,0,0,0,0,0,0,0,0,0,0,0,0,0,0,0,0,0,0,0,0,0,0,0,0,333.496,313.995,292.974,327.064,333.973,339.259,341.854,344.503,329.336,328.921,328.358,335.863,331.833,318.246,314.566,291.781,295.561,287.208,283.298,268.95,259.261,251.046,237.05,224.779,216.191,205.223,193.499,190.121,173.352,149.559,137.594,121.066,111.858,96.248,86.303,73.409,62.291,56.257,47.517,39.451,37.221,35.693,34.371,35.07,35.843,32.37,31.227,25.454,20.265,18.073,13.507,8.885,5.751,3.273,1.573,1.038,0.51,0.475,0.054,0.113,0,0,0,0,0,0,0,0,0,0,0,0,0,0,0,0,0,0,0,0,0,0,0,0,0,0,0,0,0,0,0,0,0,0,0,2.494,4.282,5.874,7.429,10.819,13.914,17.434,21.07,25.026,27.799,31.802,36.036,41.401,45.561,48.463,52.653,53.719,59.286,62.673,66.84,68.691,71.335,74.098,75.229,75.938,77.133,77.437,76.918,78.721,75.329,68.313,65.212,59.941,57.318,51.836,48.343,43.986,40.089,37.856,33.692,29.773,26.89,24.479,22.373,21.187,19.748,16.952,15.345,12.024,9.407,8.191,5.967,3.829,2.495,1.355,0.638,0.412,0.199,0.181,0.02,0.041,0.048,0,0,0,0
2026-08-29 21:08:00,1,"Normal Scan","Normal Scan",0,"ON",1,1,1,736.9,5,20.1,96.7,56.9,6.96241e-08,1.81857e-05,4.97,8954.6,8.8,736.5,1,"Up Scan","Positive",254,0,4.37,1.6,8,8,0,1,1,27.339,44.406,30.576,15.963,2.225,9489.12,53,21,NA,0,0,0,0,0,0,0,0,0,0,0,0,0,0,0,0,0,0,0,0,0,0,0,0,0,0,0,0,0,0,0,324.715,282.358,295.778,318.695,307.083,319.672,321.492,334.781,322.045,332.963,327.354,324.56,321.985,314.318,306.951,302.595,294.525,286.685,284.214,271.058,263.482,249.021,241.319,233.519,220.333,206.222,198.136,183.861,163.733,156.159,140.353,126.76,110.389,91.379,83.668,72.594,66.007,54.147,47.202,43.974,38.454,38.66,35.226,35.354,33.811,32.157,30.281,24.43,19.945,18.104,11.591,10.625,5.239,3.817,2.257,1.08,0.813,0.636,0.382,0.169,0,0,0,0,0,0,0,0,0,0,0,0,0,0,0,0,0,0,0,0,0,0,0,0,0,0,0,0,0,0,0,0,0,0,0,2.574,4.183,5.329,7.52,10.554,12.798,16.401,19.82,24.311,27.191,32.23,35.894,40.01,44.24,47.864,51.478,55.66,59.102,62.62,67.203,69.239,72.478,73.7,76.262,78.296,78.944,77.807,78.704,76.321,71.256,70.779,66.54,62.422,56.798,49.93,47.843,44.096,41.721,36.887,33.338,31.289,27.476,25.863,22.882,20.989,19.336,16.688,15.165,11.881,9.289,8.169,5.248,4.645,2.276,1.579,0.915,0.431,0.318,0.241,0.142,0.062,0.05,0,0,0,0
2026-08-29 21:13:00,1,"Normal Scan","Normal Scan",0,"ON",1,1,1,737.2,5,20.5,96.7,56.9,6.97451e-08,1.82049e-05,4.97,8954.6,8.8,736.5,1,"Up Scan","Positive",254,0,4.37,1.6,8,8,0,1,1,27.913,44.885,31.035,15.963,2.218,9294.87,53,21.2,NA,0,0,0,0,0,0,0,0,0,0,0,0,0,0,0,0,0,0,0,0,0,0,0,0,0,0,0,0,0,0,0,272.831,283.781,264.563,287.016,302.69,310.41,326.509,334.113,326.265,314.61,319.48,315.146,302.047,304.888,308.766,297.043,294.409,279.831,280.597,271.823,263.078,253.545,243.389,235.396,219.754,211.826,197.348,181.237,180.006,152.418,138.127,122.778,105.174,90.652,79.055,75.067,61.814,51.18,48.198,43.646,38.713,37.043,38.998,37.153,34.588,30.714,29.397,24.401,21.27,16.073,13.356,8.9,5.81,3.356,2.243,0.936,0.816,0.263,0.108,0.224,0,0,0,0,0,0,0,0,0,0,0,0,0,0,0,0,0,0,0,0,0,0,0,0,0,0,0,0,0,0,0,0,0,0,0,2.293,3.549,5.289,6.755,9.506,12.666,15.901,20.136,24.261,27.553,30.403,35.053,38.807,41.547,46.442,51.77,54.669,59.097,61.201,66.422,69.466,72.471,74.88,76.808,79.423,78.266,79.696,78.038,75.079,77.032,69.226,65.52,60.105,54.708,49.909,45.719,44.968,40.448,35.63,33.987,30.856,27.459,25.168,24.174,21.952,19.268,16.182,14.554,11.74,9.914,7.276,5.874,3.87,2.519,1.391,0.909,0.372,0.318,0.1,0.041,0.082,0.046,0,0,0,0
2026-08-29 21:18:00,1,"Normal Scan","Normal Scan",0,"ON",1,1,1,736.8,5,20,96.7,57.1,6.95939e-08,1.81809e-05,4.97,8954.6,8.8,736.5,1,"Up Scan","Positive",254,0,4.37,1.6,8,8,0,1,1,29.754,46.708,32.529,19.81,2.212,8822.34,53,21,NA,0,0,0,0,0,0,0,0,0,0,0,0,0,0,0,0,0,0,0,0,0,0,0,0,0,0,0,0,0,0,0,212.794,224.154,235.419,253.92,258.746,269.912,285.855,286.417,295.723,289.264,302.092,297.532,291.901,288.073,283.269,296.11,285.921,279.855,269.75,274.86,266.761,253.796,247.612,237.549,228.942,214.68,204.493,190.142,175.183,156.338,137.993,119.185,107.84,90.696,81.323,75.696,64.894,56.683,48.898,45.876,41.367,36.33,34.113,31.572,32.775,30.295,28.956,22.812,21.369,17.702,13.562,10.041,6.056,4.1,2.671,1.036,0.511,0.42,0.327,0.169,0,0,0,0,0,0,0,0,0,0,0,0,0,0,0,0,0,0,0,0,0,0,0,0,0,0,0,0,0,0,0,0,0,0,0,1.765,2.765,4.142,5.97,8.403,10.747,13.855,17.643,20.824,25.027,28.006,33.165,36.726,40.179,43.933,47.666,54.521,57.525,61.25,64.069,70.406,73.499,75.163,78.248,80.026,81.586,80.299,80.528,78.383,75.692,70.755,65.845,59.526,55.859,49.885,46.9,45.063,40.86,36.874,34.116,32.057,28.654,24.687,22.426,19.676,18.696,16.108,14.6,11.128,9.904,8.016,6.008,4.388,2.625,1.699,1.084,0.412,0.199,0.161,0.122,0.062,0.051,0,0,0,0
2026-08-29 21:23:00,1,"Normal Scan","Normal Scan",0,"ON",1,1,1,737.2,5,20.5,96.7,56.5,6.97451e-08,1.82049e-05,4.97,8954.6,8.8,736.5,1,"Up Scan","Positive",254,0,4.37,1.6,8,8,0,1,1,30.925,47.695,33.25,22.876,2.223,8801.44,53,21.1,NA,0,0,0,0,0,0,0,0,0,0,0,0,0,0,0,0,0,0,0,0,0,0,0,0,0,0,0,0,0,0,0,219.129,223.679,236.088,239.857,255.166,261.238,270.63,268.899,286.41,284.969,282.359,273.956,288.592,278.757,274.976,268.09,279.164,283.42,272.463,275.046,273.343,260.935,255.081,245.025,241.9,223.844,209.896,200.237,180.964,169.833,144.978,126.025,115.599,100,90.641,72.811,65.58,59.914,47.627,47.03,42.127,39.178,37.28,35.192,35.125,33.103,27.164,24.816,18.458,17.263,13.886,9.715,5.52,3.889,1.861,1.086,0.866,0.317,0.273,0.169,0,0,0,0,0,0,0,0,0,0,0,0,0,0,0,0,0,0,0,0,0,0,0,0,0,0,0,0,0,0,0,0,0,0,0,1.891,2.815,4.166,5.99,7.946,10.624,13.416,16.694,19.539,24.15,27.565,30.975,33.87,39.739,42.57,46.286,49.598,56.202,62.094,64.772,70.658,75.349,77.346,80.812,82.522,86.146,84.18,82.756,83.072,78.491,76.496,68.268,62.768,59.639,53.894,51.521,44.407,41.656,39.394,33.904,32.512,28.835,25.682,23.655,21.354,19.727,17.222,13.704,11.813,8.671,7.818,6.154,4.237,2.379,1.608,0.754,0.431,0.337,0.121,0.102,0.062,0.03,0,0,0,0
2026-08-29 21:28:00,1,"Normal Scan","Normal Scan",0,"ON",1,1,1,737.1,5,20.4,96.7,56.9,6.97148e-08,1.82001e-05,4.97,8954.6,8.8,736.5,1,"Up Scan","Positive",254,0,4.37,1.6,8,8,0,1,1,31.227,48.218,33.656,28.387,2.219,8619.86,53,21.2,NA,0,0,0,0,0,0,0,0,0,0,0,0,0,0,0,0,0,0,0,0,0,0,0,0,0,0,0,0,0,0,0,212.087,214.501,215.822,221.383,226.518,245.312,260.177,260.967,277.355,274.987,265.872,273.854,282.184,287.256,276.745,288.118,279.87,277.243,273.072,272.318,269.157,261.622,251.663,242.27,237.884,214.45,205.571,199.012,177.705,163.732,145.698,126.466,111.778,96.364,87.18,78.526,68.024,56.791,51.162,47.092,40.833,37.623,33.449,36.543,33.019,29.319,28.19,23.96,22.04,17,12.504,11.033,6.705,4.411,2.68,1.281,0.408,0.74,0.163,0.169,0,0,0,0,0,0,0,0,0,0,0,0,0,0,0,0,0,0,0,0,0,0,0,0,0,0,0,0,0,0,0,0,0,0,0,1.578,2.701,4.045,5.47,7.301,9.427,12.58,16.046,18.998,23.449,26.686,29.255,33.816,38.87,43.803,46.563,53.107,56.402,60.781,64.853,69.924,74.106,77.367,79.84,81.565,84.777,80.841,81.176,82.222,76.99,74.456,69.193,62.609,57.773,52.717,49.629,46.498,42.14,38.01,35.295,32.123,28.46,25.722,22.189,21.723,18.997,15.842,14.296,11.739,10.219,7.698,5.613,4.798,2.877,1.827,1.087,0.51,0.159,0.281,0.061,0.062,0.048,0,0,0,0
2026-08-29 21:33:00,1,"Normal Scan","Normal Scan",0,"ON",1,1,1,737.1,5,20.4,96.7,56.5,6.97148e-08,1.82001e-05,4.97,8954.6,8.8,736.5,1,"Up Scan","Positive",254,0,4.37,1.6,8,8,0,1,1,26.839,43.877,30.181,11.971,2.224,10496.3,53,21.2,NA,0,0,0,0,0,0,0,0,0,0,0,0,0,0,0,0,0,0,0,0,0,0,0,0,0,0,0,0,0,0,0,249.575,326.574,352.671,413.957,412.998,413.553,399.057,379.356,362.331,350.654,355.112,339.922,327.883,333.524,327.949,320.996,315.333,310.294,297.118,299.489,284.087,269.609,266.557,258.851,247.821,231.597,217.685,201.48,183.894,171.422,152.206,127.046,115.976,98.664,89.732,82.633,73.23,63.216,52.915,48.315,46.431,43.837,38.819,36.362,36.177,31.686,29.166,26.96,22.388,17.249,14.448,10.449,7.961,4.453,1.98,1.04,0.716,0.527,0.272,0.056,0,0,0,0,0,0,0,0,0,0,0,0,0,0,0,0,0,0,0,0,0,0,0,0,0,0,0,0,0,0,0,0,0,0,0,1.6,3.286,6.099,8.975,13.631,17.233,21.21,24.583,27.523,30.558,33.944,38.967,41.89,45.116,50.752,55.067,59.086,63.351,67.815,70.487,76.61,78.343,79.879,84.13,86.855,88.32,86.95,85.61,83.492,79.703,77.72,72.464,64.114,60.249,54.293,51.903,49.841,45.662,41.558,36.795,33.522,31.739,28.798,24.931,21.913,20.41,17.265,14.831,12.761,10.378,7.887,6.423,4.519,3.372,1.84,0.804,0.412,0.278,0.201,0.102,0.021,0.016,0,0,0,0
2026-08-29 21:38:00,1,"Normal Scan","Normal Scan",0,"ON",1,1,1,737.7,5,21.2,96.7,56.2,6.99568e-08,1.82384e-05,4.97,8954.6,8.8,736.5,1,"Up Scan","Positive",254,0,4.37,1.6,8,8,0,1,1,32,48.951,34.149,26.416,2.235,9411.21,53,21.5,NA,0,0,0,0,0,0,0,0,0,0,0,0,0,0,0,0,0,0,0,0,0,0,0,0,0,0,0,0,0,0,0,251.232,223.367,259.919,253.602,246.926,250.793,269.492,272.593,277.017,292.629,285.048,295.859,292.13,295.688,300.96,300.564,293.601,292.192,297.776,289.303,287.314,285.258,283.938,270.874,255.637,247.712,237.992,228.699,200.206,186.455,165.694,145.735,130.903,113.767,99.753,90.998,80.218,70.343,60.4,53.489,50.477,43.389,40.931,36.511,34.862,32.362,29.465,25.223,21.579,18.184,14.782,9.679,7.397,3.577,3.137,1.643,0.715,0.527,0.273,0.421,0,0,0,0,0,0,0,0,0,0,0,0,0,0,0,0,0,0,0,0,0,0,0,0,0,0,0,0,0,0,0,0,0,0,0,2.025,3.248,4.147,6.517,8.366,10.258,12.906,16.619,19.801,23.368,28.337,31.311,36.47,40.196,45.149,50.565,55.426,59.241,64.233,70.801,74.347,79.62,84.771,90.043,91.324,91.499,93.359,94.153,94.54,87.077,84.766,79.182,72.781,67.825,61.671,56.99,53.402,49.177,44.608,40.179,36.049,33.227,28.478,25.582,22.432,19.798,17.472,14.669,12.426,10.156,8.273,6.527,4.258,3.202,1.48,1.271,0.652,0.278,0.201,0.102,0.133,0.047,0,0,0,0
2026-08-29 21:43:00,1,"Normal Scan","Normal Scan",0,"ON",1,1,1,738.3,5,22,96.7,55.8,7.01988e-08,1.82767e-05,4.97,8954.6,8.8,736.5,1,"Up Scan","Positive",254,0,4.37,1.6,8,8,0,1,1,31.055,47.814,33.438,26.416,2.213,9168.57,52,21.8,NA,0,0,0,0,0,0,0,0,0,0,0,0,0,0,0,0,0,0,0,0,0,0,0,0,0,0,0,0,0,0,0,234.419,217.561,238.498,241.212,246.572,262.821,280.669,281.367,284.003,294.726,290.866,287.195,294.498,304.901,305.869,299.412,300.074,291.238,290.203,294.613,277.087,282.973,264.727,260.936,250.676,236.272,225.208,215.466,188.503,170.514,151.764,128.895,113.984,102.981,85.322,79.693,71.162,61.472,54.575,47.673,48.134,38.641,35.454,33.884,32.029,32.838,26.893,27.225,23.465,17.936,14.709,9.903,7.299,4.792,2.003,1.385,0.407,0.475,0.383,0.112,0,0,0,0,0,0,0,0,0,0,0,0,0,0,0,0,0,0,0,0,0,0,0,0,0,0,0,0,0,0,0,0,0,0,0,1.547,3.025,4.07,6.053,7.919,10.249,13.44,17.244,20.418,23.946,28.504,31.887,35.426,40.511,46.417,51.373,55.141,60.439,63.809,68.967,75.433,76.593,83.633,83.988,87.515,89.171,88.427,88.353,88.253,81.445,76.679,72.062,64.302,59.416,55.644,49.939,47.467,43.872,40.205,36.561,33.204,32.139,26.808,23.512,20.802,18.468,17.541,13.817,13.028,10.881,8.059,6.531,4.331,3.143,1.978,0.81,0.55,0.159,0.181,0.142,0.048,0.056,0,0,0,0
2026-08-29 21:48:00,1,"Normal Scan","Normal Scan",0,"ON",1,1,1,738,5,21.6,96.7,55.9,7.00778e-08,1.82576e-05,4.97,8954.6,8.8,736.5,1,"Up Scan","Positive",254,0,4.37,1.6,8,8,0,1,1,29.282,46.204,32.633,26.416,2.17,9897.32,51,21.9,NA,0,0,0,0,0,0,0,0,0,0,0,0,0,0,0,0,0,0,0,0,0,0,0,0,0,0,0,0,0,0,0,199.482,210.484,215.122,250.272,284.084,290.886,318.622,333.386,339.377,337.564,346.493,375.813,365.53,368.598,384.059,357.59,345.949,325.031,311.819,296.804,278.635,270.679,268.322,255.348,243.761,237.053,222.048,208.107,189.885,172.64,157.607,137.063,122.234,106.296,90.669,80.744,70.965,64.542,55.898,50.188,45.826,41.301,37.758,35.456,32.041,33.777,28.538,23.859,20.11,17.288,14.228,10.608,6.541,4.927,2.24,2.072,0.563,0.37,0.109,0.056,0,0,0,0,0,0,0,0,0,0,0,0,0,0,0,0,0,0,0,0,0,0,0,0,0,0,0,0,0,0,0,0,0,0,0,1.817,2.565,3.883,5.453,8.256,11.789,14.91,19.641,24.209,28.632,32.691,38.005,46.277,50.213,55.994,64.066,65.435,69.097,70.799,73.59,75.877,77.052,80.319,84.771,86.056,87.062,89.279,87.649,86.344,82.401,78.128,74.234,68.228,63.124,57.697,51.933,48.383,44.327,41.432,37.345,34.553,30.909,26.982,24.153,21.447,18.566,17.788,14.614,11.568,9.459,7.811,6.292,4.566,2.775,2.036,0.908,0.823,0.218,0.141,0.041,0.024,0.014,0,0,0,0
2026-08-29 21:53:00,1,"Normal Scan","Normal Scan",0,"ON",1,1,1,737.4,5,20.8,96.7,55.2,6.98358e-08,1.82193e-05,4.97,8954.6,8.8,736.5,1,"Up Scan","Positive",254,0,4.37,1.6,8,8,0,1,1,29.801,46.748,32.459,21.288,2.216,8534.2,51,21.7,NA,0,0,0,0,0,0,0,0,0,0,0,0,0,0,0,0,0,0,0,0,0,0,0,0,0,0,0,0,0,0,0,226.351,198.385,238.374,250.592,264.775,267.889,267.954,262.765,276.099,277.631,282.529,295.108,287.965,276.752,273.704,275.281,278.771,281.272,269.876,260.462,249.243,241.21,240.282,230.51,224.3,214.196,194.879,184.699,169.841,149.28,140.151,118.125,102.464,91.823,77.328,66.212,60.257,52.049,46.178,41.887,37.306,35.243,32.768,30.503,31.235,30.295,25.633,23.074,19.988,17.094,14.308,10.877,6.968,5.276,2.665,1.726,0.714,0.37,0.487,0.225,0,0,0,0,0,0,0,0,0,0,0,0,0,0,0,0,0,0,0,0,0,0,0,0,0,0,0,0,0,0,0,0,0,0,0,1.879,2.938,3.695,6.077,8.271,11.011,13.757,16.52,19.102,23.32,26.891,31.001,36.377,39.622,42.209,45.957,50.676,55.977,61.433,63.902,66.824,68.971,71.519,75.872,77.653,79.49,80.516,76.74,75.893,73.361,67.366,65.555,58.304,52.774,49.816,44.176,40.489,38.133,34.643,32.48,29.897,26.453,24.128,21.833,19.366,18.336,16.371,13.509,11.21,9.425,7.724,6.438,4.741,2.955,2.186,1.083,0.686,0.278,0.141,0.183,0.094,0.014,0,0,0,0
2026-08-29 21:58:00,1,"Normal Scan","Normal Scan",0,"ON",1,1,1,737,5,20.2,96.7,54.8,6.96543e-08,1.81905e-05,4.97,8954.6,8.8,736.5,1,"Up Scan","Positive",254,0,4.37,1.6,8,8,0,1,1,32.427,49.435,34.537,28.387,2.223,7572.85,51,21.5,NA,0,0,0,0,0,0,0,0,0,0,0,0,0,0,0,0,0,0,0,0,0,0,0,0,0,0,0,0,0,0,0,186.174,183.346,189.131,201.828,178.975,202.056,200.397,216.404,220.084,225.483,223.765,224.496,237.531,245.773,251.324,266.731,251.475,245.213,250.968,242.029,241.496,232.449,223.337,220.971,210.247,207.333,197.918,185.71,170.187,150.584,128.995,115.068,100.042,88.13,79.596,65.877,61.614,51.438,44.574,41.11,38.394,33.322,31.262,29.457,28.403,27.887,24.454,23.879,19.826,15.977,13.008,9.5,6.904,4.629,2.959,1.356,1.021,0.368,0.272,0.112,0,0,0,0,0,0,0,0,0,0,0,0,0,0,0,0,0,0,0,0,0,0,0,0,0,0,0,0,0,0,0,0,0,0,0,1.547,2.39,3.423,4.797,6.703,7.486,10.332,12.385,15.753,18.649,21.851,24.645,27.788,32.767,37.552,42.259,49.155,50.68,53.793,59.596,62.188,66.875,69.163,71.199,74.6,75.247,77.414,77.528,76.53,73.402,67.728,61.006,57.288,51.574,47.716,45.294,39.868,38.054,34.22,30.81,28.93,26.432,23.575,20.559,18.605,16.497,15.272,12.731,11.669,9.309,7.322,5.785,4.125,2.945,1.916,1.201,0.54,0.397,0.141,0.102,0.041,0.033,0,0,0,0
2026-08-29 22:03:00,1,"Normal Scan","Normal Scan",0,"ON",1,1,1,737.3,5,20.7,96.7,55,6.98055e-08,1.82145e-05,4.97,8954.6,8.8,736.5,1,"Up Scan","Positive",254,0,4.37,1.6,8,8,0,1,1,32.73,50.131,34.896,30.505,2.234,7267.18,52,21.6,NA,0,0,0,0,0,0,0,0,0,0,0,0,0,0,0,0,0,0,0,0,0,0,0,0,0,0,0,0,0,0,0,154.221,170.153,183.705,197.264,193.71,193.613,202.902,196.51,200.3,204.694,213.676,222.683,230.478,236.166,236.09,242.278,244.032,241.386,232.646,240.785,225.332,228.811,213.481,214.534,206.528,188.213,187.388,172.944,159.354,142.77,128.357,113.996,101.607,87.079,77.22,68.316,59.066,51.848,47.683,43.594,37.749,32.985,32.449,31.543,26.341,25.094,26.424,22.308,19.978,17.5,13.181,10.248,7.089,3.365,2.768,1.384,0.609,0.475,0.055,0.224,0,0,0,0,0,0,0,0,0,0,0,0,0,0,0,0,0,0,0,0,0,0,0,0,0,0,0,0,0,0,0,0,0,0,0,1.453,1.966,3.199,4.666,6.562,8.087,9.926,12.507,14.3,16.925,19.845,23.491,27.52,31.774,36.058,39.772,44.667,49.175,52.839,55.406,61.752,62.272,67.819,67.986,72.105,73.636,71.139,74.068,71.749,69.004,64.865,61.016,56.196,52.871,47.696,44.203,40.521,37.474,34.365,31.774,29.58,26.946,22.954,21.494,19.302,15.968,13.886,13.222,10.934,9.401,7.882,5.808,4.482,3.006,1.392,1.122,0.549,0.238,0.181,0.02,0.094,0.014,0,0,0,0
2026-08-29 22:08:00,1,"Normal Scan","Normal Scan",0,"ON",1,1,1,737,5,20.3,96.7,55.5,6.96846e-08,1.81953e-05,4.97,8954.6,8.8,736.5,1,"Up Scan","Positive",254,0,4.37,1.6,8,8,0,1,1,32.989,50.304,35.066,32.781,2.229,6946.28,51,21.4,NA,0,0,0,0,0,0,0,0,0,0,0,0,0,0,0,0,0,0,0,0,0,0,0,0,0,0,0,0,0,0,0,146.15,162.606,161.568,173.036,177.024,182.411,200.852,200.69,200.102,207.474,201.321,216.912,216.02,218.167,223.487,222.544,229.682,233.423,228.229,223.308,218.272,210.617,213.296,202.098,198.526,186.73,186.115,170.254,155.787,142.698,129.446,109.441,97.086,80.817,71.019,64.473,54.182,49.055,42.629,39.648,33.902,29.964,30.465,26.704,27.487,27.397,23.922,24.16,20.487,16.117,13.23,9.713,6.334,4.19,2.432,1.382,0.664,0.37,0.054,0.112,0,0,0,0,0,0,0,0,0,0,0,0,0,0,0,0,0,0,0,0,0,0,0,0,0,0,0,0,0,0,0,0,0,0,0,0.976,1.893,3.047,4.094,5.774,7.401,9.353,12.402,14.592,16.892,20.111,22.189,26.807,29.838,33.382,37.651,41.114,46.271,51.213,54.206,57.454,60.435,62.873,67.764,68.475,71.052,70.414,73.303,70.075,67.105,64.44,60.392,53.826,50.06,44.184,40.654,38.402,34.577,32.574,29.668,28.046,24.646,21.76,20.336,17.094,16.188,14.838,12.234,11.68,9.566,7.312,5.849,4.205,2.689,1.736,0.987,0.549,0.258,0.141,0.02,0.041,0.016,0,0,0,0
2026-08-29 22:13:00,1,"Normal Scan","Normal Scan",0,"ON",1,1,1,737.3,5,20.5,96.8,55.1,6.9673e-08,1.82049e-05,4.97,8954.6,8.8,736.5,1,"Up Scan","Positive",254,0,4.37,1.6,8,8,0,1,1,31.658,49.899,34.29,30.505,2.244,6550.79,52,21.4,NA,0,0,0,0,0,0,0,0,0,0,0,0,0,0,0,0,0,0,0,0,0,0,0,0,0,0,0,0,0,0,0,146.141,157.198,158.321,171.088,171.597,191.705,188.186,207.086,186.053,199.406,199.271,207.76,206.494,212.482,222.699,222.629,225.918,217.04,213.968,213.092,204.67,196.904,195.856,177.101,173.513,164.155,159.579,151.138,138.659,119.615,107.909,95.15,85.202,72.451,64.795,56.907,50.246,44.832,38.148,38.779,32.392,31.651,29.891,27.128,27.68,23.126,24.183,21.222,19.158,15.695,15.318,9.778,7.283,4.513,3.525,1.878,1.223,0.577,0.371,0.457,0,0,0,0,0,0,0,0,0,0,0,0,0,0,0,0,0,0,0,0,0,0,0,0,0,0,0,0,0,0,0,0,0,0,0,1.058,1.867,2.924,4.005,5.652,7.172,9.816,11.619,15.058,15.749,19.315,21.903,25.703,28.485,32.504,37.463,41.065,45.37,47.558,50.625,54.482,56.4,58.351,62.04,59.874,61.846,61.802,62.851,62.405,59.69,54.41,51.425,47.298,44.355,40.338,37.509,35.002,32.66,30.345,27.345,27.218,23.808,22.178,20.035,18.117,16.533,13.194,12.651,10.632,9.23,7.277,6.797,4.333,3.122,1.87,1.432,0.745,0.476,0.221,0.139,0.167,0.03,0,0,0,0
2026-08-29 22:18:00,1,"Normal Scan","Normal Scan",0,"ON",1,1,1,737.3,5,20.5,96.8,55.8,6.9673e-08,1.82049e-05,4.97,8954.6,8.8,736.5,1,"Up Scan","Positive",254,0,4.37,1.6,8,8,0,1,1,31.367,49.987,34.132,30.505,2.258,6320.48,52,21.4,NA,0,0,0,0,0,0,0,0,0,0,0,0,0,0,0,0,0,0,0,0,0,0,0,0,0,0,0,0,0,0,0,155.379,149.932,168.732,163.716,168.062,172.328,187.734,187.553,190.462,193.1,199.942,198.583,197.387,210.207,215.088,212.23,217.132,206.4,209.81,205.14,195.865,186.188,179.21,169.549,163.347,153.942,150.763,138.17,127.403,118.783,100.604,89.707,75.942,72.217,62.756,57.277,51.344,43.365,44.004,39.385,37.549,32.034,30.804,24.628,25.838,22.32,21.792,19.069,18.467,14.915,13.574,9.124,7.242,5.254,3.034,1.783,1.683,1.37,0.708,0.561,0,0,0,0,0,0,0,0,0,0,0,0,0,0,0,0,0,0,0,0,0,0,0,0,0,0,0,0,0,0,0,0,0,0,0,1.432,2.03,2.811,4.267,5.413,7.025,8.884,11.589,13.66,16.086,18.725,21.994,24.583,27.221,32.096,36.144,39.134,43.587,45.167,49.558,52.35,53.885,55.153,56.763,57.158,58.409,57.947,59.278,57.168,55.677,53.879,48.748,45.212,40.883,40.492,37.292,35.051,33.081,28.797,29.619,26.88,25.487,22.109,20.384,16.41,15.586,13.036,11.692,9.671,9.064,7.108,6.207,4.127,3.207,2.175,1.229,0.706,0.655,0.522,0.264,0.205,0.118,0,0,0,0
2026-08-29 22:23:00,1,"Normal Scan","Normal Scan",0,"ON",1,1,1,736.8,5,19.9,96.8,55.9,6.94918e-08,1.81761e-05,4.97,8954.6,8.8,736.5,1,"Up Scan","Positive",254,0,4.37,1.6,8,8,0,1,1,33.037,53.408,36.069,32.781,2.31,6574.45,52,21.2,NA,0,0,0,0,0,0,0,0,0,0,0,0,0,0,0,0,0,0,0,0,0,0,0,0,0,0,0,0,0,0,0,138.699,165.765,149.496,162.063,170.218,175.553,184.067,179.983,189.129,197.118,193.036,206.396,201.734,207.577,211.916,212.802,213.432,217.161,209.145,204.937,196.089,185.542,186.539,174.04,163.499,153.777,154.452,143.003,134.51,134.851,128.9,116.451,98.341,88.735,79.453,72.527,63.147,57.668,53.282,48.032,48.936,40.491,36.926,33.054,27.346,27.351,24.134,24.37,19.904,19.138,14.79,12.236,8.138,6.04,3.731,2.666,1.278,0.474,0.273,0.113,0,0,0,0,0,0,0,0,0,0,0,0,0,0,0,0,0,0,0,0,0,0,0,0,0,0,0,0,0,0,0,0,0,0,0,1.204,1.793,3.112,3.81,5.374,7.095,9.028,11.377,13.14,15.973,19.093,21.24,25.506,27.875,31.713,35.65,39.281,42.909,47.483,49.516,52.324,54.036,55.083,59.111,59.146,59.663,59.97,62.646,60.982,59.931,62.549,61.982,58.496,52.489,49.728,47.152,44.131,40.219,38.02,34.851,32.635,32.112,27.123,24.273,21.151,17.039,15.489,12.986,12.198,9.629,8.768,6.578,5.305,3.469,2.504,1.517,1.059,0.497,0.181,0.102,0.041,0.017,0,0,0,0
2026-08-29 22:28:00,1,"Normal Scan","Normal Scan",0,"ON",1,1,1,737.2,5,20.4,96.8,55.5,6.96428e-08,1.82001e-05,4.97,8954.6,8.8,736.5,1,"Up Scan","Positive",254,0,4.37,1.6,8,8,0,1,1,28.891,45.309,31.328,9.647,2.211,5991.72,52,21.3,NA,0,0,0,0,0,0,0,0,0,0,0,0,0,0,0,0,0,0,0,0,0,0,0,0,0,0,0,0,0,0,0,213.737,183.221,166.54,169.569,174.563,180.129,186.476,182.354,192.335,192.817,200.969,202.239,202.45,200.008,197.858,206.723,200.565,204.593,209.101,194.116,187.859,175.994,164.092,154.314,145.711,133.919,124.154,111.335,110.934,91.439,84.509,73.8,67.797,55.911,49.879,46.602,39.369,34.101,32.304,27.827,25.772,21.754,19.829,18.865,20.106,16.86,17.563,17.083,16.301,13.467,10.543,7.435,5.516,3.928,2.333,0.935,0.513,0.352,0.127,0.226,0,0,0,0,0,0,0,0,0,0,0,0,0,0,0,0,0,0,0,0,0,0,0,0,0,0,0,0,0,0,0,0,0,0,0,1.463,2.763,3.458,4.256,5.599,7.287,9.251,11.534,13.262,16.252,18.65,22.089,24.955,27.925,30.615,33.299,38.083,40.315,44.572,49.15,49.389,51.282,51.472,51.519,51.65,51.383,50.171,48.976,46.331,47.793,41.636,40.117,36.97,34.879,30.903,28.897,27.584,24.837,22.785,22.164,19.882,18.53,16.167,14.401,12.652,11.904,9.692,9.221,8.537,7.521,6.144,4.675,3.278,2.379,1.626,0.944,0.373,0.199,0.134,0.047,0.082,0.045,0,0,0,0
2026-08-29 22:33:00,1,"Normal Scan","Normal Scan",0,"ON",1,1,1,737,5,20.2,96.8,56.2,6.95824e-08,1.81905e-05,4.97,8954.6,8.8,736.5,1,"Up Scan","Positive",254,0,4.37,1.6,8,8,0,1,1,28.563,44.635,30.9,32.781,2.203,5598.71,52,21.2,NA,0,0,0,0,0,0,0,0,0,0,0,0,0,0,0,0,0,0,0,0,0,0,0,0,0,0,0,0,0,0,0,168.691,177.975,173.955,178.291,172.613,182.071,182.33,179.759,178.513,188.708,184.721,180.047,181.966,182.102,181.529,186.836,191.19,194.002,189.124,181.17,175.887,164.146,150.269,142.47,139.255,131.807,119.028,106.345,100.6,87.477,73.853,62.506,57.845,50.38,42.389,37.829,34.038,31.606,28.922,22.558,21.103,20.996,19.491,18.12,16.799,19.011,17.578,16.969,13.931,12.196,9.044,6.898,3.786,3.881,1.863,0.981,0.714,0.265,0.109,0.169,0,0,0,0,0,0,0,0,0,0,0,0,0,0,0,0,0,0,0,0,0,0,0,0,0,0,0,0,0,0,0,0,0,0,0,1.65,2.166,3.313,4.42,5.919,7.175,9.318,11.232,13.098,15.089,18.265,20.281,22.252,25.088,27.85,30.598,34.482,38.384,42.183,44.516,46.157,48.133,48.18,47.178,47.619,49.057,48.704,46.337,43.74,42.996,39.255,34.989,31.511,30.433,27.321,24.572,23.558,22.208,21.287,19.93,17.387,16.107,15.151,13.773,11.683,10.244,10.172,9.199,8.26,6.645,5.538,4.04,3,1.664,1.607,0.755,0.388,0.278,0.1,0.041,0.062,0.048,0,0,0,0
2026-08-29 22:38:00,1,"Normal Scan","Normal Scan",0,"ON",1,1,1,737,5,20.2,96.8,55.8,6.95824e-08,1.81905e-05,4.97,8954.6,8.8,736.5,1,"Up Scan","Positive",254,0,4.37,1.6,8,8,0,1,1,29.598,46.359,31.758,11.14,2.238,4371.72,52,21.1,NA,0,0,0,0,0,0,0,0,0,0,0,0,0,0,0,0,0,0,0,0,0,0,0,0,0,0,0,0,0,0,0,129.242,131.131,160.471,138.887,137.33,131.111,125.924,130.385,126.954,132.085,131.546,136.82,138.704,144.404,141.994,138.655,147.529,149.75,149.098,143.563,134.29,131.433,127.829,120.733,110.035,105.973,106.869,90.223,81.434,68.216,54.623,46.474,40.32,38.053,33.436,31.279,29.558,24.025,23.832,22.477,19.428,18.08,18.767,17.996,18.4,17.836,15.471,15.49,12.334,9.5,8.188,5.025,3.387,2.764,1.056,0.727,0.256,0.21,0.054,0.057,0,0,0,0,0,0,0,0,0,0,0,0,0,0,0,0,0,0,0,0,0,0,0,0,0,0,0,0,0,0,0,0,0,0,0,1.328,1.693,2.476,4.055,4.606,5.721,6.744,7.788,9.469,10.739,12.798,14.489,16.933,19.178,22.07,23.916,25.638,29.706,32.74,35.204,36.59,36.957,38.906,40.089,40.223,38.603,38.867,40.677,36.546,34.806,30.635,26.6,23.706,22.056,21.965,20.388,19.922,19.688,17.461,17.529,16.455,14.54,13.253,12.333,11.194,10.319,9.442,7.962,7.347,5.691,4.311,3.603,2.16,1.476,1.145,0.43,0.29,0.099,0.08,0.02,0.021,0.032,0,0,0,0
2026-08-29 22:43:00,1,"Normal Scan","Normal Scan",0,"ON",1,1,1,737.3,5,20.5,96.8,56.2,6.9673e-08,1.82049e-05,4.97,8954.6,8.8,736.5,1,"Up Scan","Positive",254,0,4.37,1.6,8,8,0,1,1,30.678,48.3,32.503,9.647,2.31,2928.61,52,21.2,NA,0,0,0,0,0,0,0,0,0,0,0,0,0,0,0,0,0,0,0,0,0,0,0,0,0,0,0,0,0,0,0,109.477,98.055,102.813,100.448,104.792,89.154,90.342,90.443,77.426,78.049,76.041,73.362,76.122,80.881,86.373,82.629,85.461,86.52,84.664,82.677,84.237,85.733,87.864,82.847,81.872,80.317,75.052,69.353,61.276,58.034,45.935,42.856,37.397,33.103,27.861,24.684,22.111,20.07,15.212,15.337,12.632,10.268,13.355,10.159,8.66,10.553,10.555,10.355,9.001,7.088,6.1,4.81,3.446,2.062,1.062,0.932,0.368,0.105,0.109,0.113,0,0,0,0,0,0,0,0,0,0,0,0,0,0,0,0,0,0,0,0,0,0,0,0,0,0,0,0,0,0,0,0,0,0,0,1.079,1.396,1.816,2.632,3.32,4.347,4.589,5.555,6.563,6.543,7.568,8.36,9.09,10.506,12.364,14.541,15.293,17.283,19.086,20.233,21.442,23.57,25.552,27.82,27.954,29.138,29.812,29.488,28.405,26.499,25.881,21.792,21.307,19.163,17.882,15.715,14.504,14.364,13.176,10.845,11.037,9.824,8.425,8.972,6.83,5.761,6.025,5.504,5.012,4.308,3.24,2.686,2.089,1.486,0.854,0.431,0.369,0.142,0.04,0.041,0.041,0.015,0,0,0,0
2026-08-29 22:48:00,1,"Normal Scan","Normal Scan",0,"ON",1,1,1,736.9,5,20,96.8,56.1,6.9522e-08,1.81809e-05,4.97,8954.6,8.8,736.5,1,"Up Scan","Positive",254,0,4.37,1.6,8,8,0,1,1,35.507,53.287,36.406,11.14,2.297,2234.48,52,21.1,NA,0,0,0,0,0,0,0,0,0,0,0,0,0,0,0,0,0,0,0,0,0,0,0,0,0,0,0,0,0,0,0,59.546,59.265,76.252,54.369,48.645,52.25,53.503,61.398,48.04,56.111,60.153,56.96,61.673,64.045,62.835,65.857,67.138,67.958,69.619,69.233,69.154,68.686,70.629,73.689,71.662,69.401,69.277,64.4,60.241,50.491,44.341,33.892,31.67,27.144,24.096,21.056,17.278,15.214,13.256,10.885,11.726,10.768,9.789,10.48,9.58,8.714,9.187,9.917,9.107,7.953,4.888,4.14,2.791,1.704,1.096,0.545,0.457,0.159,0.108,0.056,0,0,0,0,0,0,0,0,0,0,0,0,0,0,0,0,0,0,0,0,0,0,0,0,0,0,0,0,0,0,0,0,0,0,0,0.633,0.797,1.095,1.934,1.818,2.028,2.69,3.297,4.455,4.08,5.441,6.624,7.074,8.532,9.804,10.632,12.206,13.594,15.026,16.75,18.052,19.441,20.778,22.759,24.989,25.594,25.858,26.79,26.099,25.491,22.575,20.503,16.891,16.255,14.49,13.842,12.886,11.359,10.934,9.919,8.598,8.785,8.458,7.493,6.866,5.887,4.968,4.778,4.799,4.318,3.586,2.185,1.795,1.194,0.706,0.445,0.216,0.179,0.06,0.041,0.021,0.016,0,0,0,0
2026-08-29 22:53:00,1,"Normal Scan","Normal Scan",0,"ON",1,1,1,737.3,5,20.5,96.8,55.7,6.9673e-08,1.82049e-05,4.97,8954.6,8.8,736.5,1,"Up Scan","Positive",254,0,4.37,1.6,8,8,0,1,1,36.605,54.833,37.03,54.247,2.33,1960.3,52,21.2,NA,0,0,0,0,0,0,0,0,0,0,0,0,0,0,0,0,0,0,0,0,0,0,0,0,0,0,0,0,0,0,0,63.47,44.474,57.208,52.627,50.834,45.87,49.488,45.416,43.076,54.922,47.031,46.474,45.438,50.067,53.718,55.077,57.831,57.395,58.326,59.852,62.873,63.068,62.434,64.537,66.291,62.73,61.648,58.919,52.129,44.579,37.523,33.081,28.621,24.032,24.007,16.934,15.368,14.639,11.393,11.646,8.956,9.852,8.097,8.453,7.375,9.314,9.547,9.46,9.218,7.261,6.642,4.709,2.985,1.666,0.714,0.443,0.305,0.264,0,0,0,0,0,0,0,0,0,0,0,0,0,0,0,0,0,0,0,0,0,0,0,0,0,0,0,0,0,0,0,0,0,0,0,0,0,0.685,0.809,0.847,1.446,1.735,2.112,2.349,3.063,3.301,3.641,5.328,5.176,5.76,6.302,7.689,9.083,10.244,11.748,12.723,14.064,15.683,17.617,19.064,20.178,21.809,23.487,23.411,23.933,23.883,22.179,19.957,17.448,16.121,14.78,13.098,13.211,10.734,10.212,10.151,8.658,9.198,7.906,7.907,6.365,6.235,5.04,5.264,4.943,4.508,4.272,3.287,2.944,2.02,1.279,0.687,0.29,0.176,0.119,0.1,0,0,0.015,0,0,0,0
2026-08-29 22:58:00,1,"Normal Scan","Normal Scan",0,"ON",1,1,1,737,5,20.1,96.8,56,6.95522e-08,1.81857e-05,4.97,8954.6,8.8,736.5,1,"Up Scan","Positive",254,0,4.37,1.6,8,8,0,1,1,36.665,55.457,37.303,54.247,2.332,1890.94,51,21.1,NA,0,0,0,0,0,0,0,0,0,0,0,0,0,0,0,0,0,0,0,0,0,0,0,0,0,0,0,0,0,0,0,51.861,55.798,55.194,44.942,46.492,43.812,43.67,41.861,40.92,46.323,46.979,47.596,44.49,49.267,52.189,54.149,55.476,61.457,60.294,59.206,61.102,63.922,63.024,59.78,67.593,60.292,58.502,54.849,50.72,41.04,35.803,31.025,24.848,22.073,19.04,17.824,15.805,12.675,10.206,10.995,9.606,8.934,6.93,9.359,8.547,9.614,9.239,9.411,9.196,8.593,6.349,5.264,2.453,2.193,1.107,0.639,0.308,0.104,0,0,0,0,0,0,0,0,0,0,0,0,0,0,0,0,0,0,0,0,0,0,0,0,0,0,0,0,0,0,0,0,0,0,0,0,0,0.56,0.684,1.043,1.393,1.49,1.939,2.252,2.709,3.055,3.462,4.485,5.167,5.893,6.177,7.568,8.838,10.071,11.319,13.572,14.447,15.537,17.127,19.199,20.167,20.373,23.708,22.377,22.724,22.195,21.228,18.294,16.914,15.218,12.775,12.058,11.328,11.005,10.22,9.549,8.476,8.855,8.083,7.515,6.388,6.636,5.715,5.33,4.925,4.563,4.24,3.919,2.774,2.261,1.035,0.91,0.451,0.255,0.119,0.04,0,0,0,0,0,0,0
2026-08-29 23:03:00,1,"Normal Scan","Normal Scan",0,"ON",1,1,1,737,5,20.1,96.9,55.3,6.94804e-08,1.81857e-05,4.97,8954.6,8.8,736.5,1,"Up Scan","Positive",254,0,4.37,1.6,8,8,0,1,1,36.102,55.286,37.173,9.647,2.328,1861.58,51,21,NA,0,0,0,0,0,0,0,0,0,0,0,0,0,0,0,0,0,0,0,0,0,0,0,0,0,0,0,0,0,0,0,62.637,51.145,48.374,41.307,40.246,42.611,36.863,40.04,46.779,43.942,45.774,50.673,54.872,52.127,54.033,53.999,56.419,59.42,59.89,60.707,59.533,58.708,59.587,60.217,58.754,61.258,57.927,53.294,47.212,39.647,33.436,29.859,26.687,21.939,20.587,17.265,13.305,11.775,11.713,11.928,9.904,9.054,8.072,7.477,8.249,7.991,8.761,9.343,8.239,8.624,7.167,5.066,3.097,1.816,1.071,0.794,0.204,0.105,0.054,0,0,0,0,0,0,0,0,0,0,0,0,0,0,0,0,0,0,0,0,0,0,0,0,0,0,0,0,0,0,0,0,0,0,0,0,0.55,0.822,0.944,1.229,1.38,1.662,2.189,2.282,2.933,3.97,4.279,5.028,6.28,7.582,7.997,9.146,10.045,11.437,13.104,14.352,15.752,16.759,17.702,19.169,20.329,20.893,22.558,22.472,21.614,20.118,17.783,15.739,14.554,13.663,12.289,11.829,10.724,9.151,8.795,8.956,9.094,8.11,7.469,6.694,6.018,5.681,4.746,4.614,4.463,3.971,3.885,3.144,2.18,1.359,0.753,0.436,0.314,0.079,0.04,0.02,0,0.047,0,0,0,0
2026-08-29 23:08:00,1,"Normal Scan","Normal Scan",0,"ON",1,1,1,737.1,5,20.3,96.8,55.7,6.96126e-08,1.81953e-05,4.97,8954.6,8.8,736.5,1,"Up Scan","Positive",254,0,4.37,1.6,8,8,0,1,1,38.395,56.955,38.685,54.247,2.313,1779.07,51,21.1,NA,0,0,0,0,0,0,0,0,0,0,0,0,0,0,0,0,0,0,0,0,0,0,0,0,0,0,0,0,0,0,0,44.076,52.223,41.682,36.366,32.959,45.11,33.102,38.735,39.911,41.551,46.477,43.901,41.071,45.419,52.026,49.171,55.271,55.72,54.844,58.708,60.852,59.594,62.741,60.877,63.394,59.922,57.816,51.067,49.993,42.031,36.721,30.763,26.178,21.919,18.92,15.133,13.782,12.278,11.129,10.814,9.07,8.782,8.618,8.439,9.173,8.594,8.318,9.137,8.806,7.34,6.408,4.231,3.299,2.35,1.145,0.581,0.372,0.052,0.108,0,0,0,0,0,0,0,0,0,0,0,0,0,0,0,0,0,0,0,0,0,0,0,0,0,0,0,0,0,0,0,0,0,0,0,0,0.488,0.561,0.958,1.072,1.198,1.374,2.314,2.045,2.812,3.377,4.032,5.119,5.437,5.697,6.983,8.812,9.18,11.237,12.361,13.256,15.349,17.041,17.941,20.014,20.636,22.504,22.292,22.409,20.838,21.069,18.407,16.996,15.005,13.354,12.113,11.054,9.764,9.463,9.16,8.749,8.506,7.648,7.532,6.752,6.146,5.789,5.07,4.521,4.477,4.115,3.346,2.828,1.818,1.409,0.973,0.464,0.23,0.144,0.02,0.041,0,0.016,0,0,0,0
2026-08-29 23:13:00,1,"Normal Scan","Normal Scan",0,"ON",1,1,1,736.8,5,19.8,96.9,55.4,6.93899e-08,1.81713e-05,4.97,8954.6,8.8,736.5,1,"Up Scan","Positive",254,0,4.37,1.6,8,8,0,1,1,38.036,56.9,38.424,46.976,2.331,1809.86,51,21,NA,0,0,0,0,0,0,0,0,0,0,0,0,0,0,0,0,0,0,0,0,0,0,0,0,0,0,0,0,0,0,0,57.154,49.253,44.988,43.798,39.162,34.301,34.954,36.422,35.991,42.024,41.117,40.563,46.806,51.543,51.274,55.804,54.106,57.67,53.997,62.01,58.87,60.449,64.737,62.642,63.446,61.933,60.16,53.114,43.214,40.844,32.301,29.812,25.072,22.62,18.029,17.233,15.003,13.82,12.476,12.67,11.388,9.093,8.547,8.833,9.373,8.941,8.611,8.544,9.213,7.083,6.317,5.243,2.801,2.443,1.19,0.443,0.253,0.053,0.11,0,0,0,0,0,0,0,0,0,0,0,0,0,0,0,0,0,0,0,0,0,0,0,0,0,0,0,0,0,0,0,0,0,0,0,0,0.571,0.747,0.909,1.153,1.465,1.627,1.752,2.155,2.66,3.056,4.1,4.548,5.042,6.488,7.898,8.718,10.354,11.022,12.815,13.107,16.12,16.616,18.276,20.568,20.961,22.32,22.732,23.224,21.541,18.58,18.175,15.425,14.878,13.238,12.688,11.112,10.813,10.034,9.862,9.59,9.411,8.783,7.722,6.654,6.253,6.112,5.102,4.643,4.221,4.291,3.155,2.788,2.266,1.185,1.016,0.484,0.177,0.099,0.02,0.041,0,0,0,0,0,0
2026-08-29 23:18:00,1,"Normal Scan","Normal Scan",0,"ON",1,1,1,737.2,5,20.3,96.9,55.3,6.95407e-08,1.81953e-05,4.97,8954.6,8.8,736.5,1,"Up Scan","Positive",254,0,4.37,1.6,8,8,0,1,1,36.293,54.781,36.541,9.647,2.348,1810.62,51,21.1,NA,0,0,0,0,0,0,0,0,0,0,0,0,0,0,0,0,0,0,0,0,0,0,0,0,0,0,0,0,0,0,0,64.231,60.819,58.873,43.707,47.21,36.015,39.793,36.693,39.875,39.274,39.333,38.601,49.095,47.094,50.181,49.451,55.26,54.734,61.029,60.092,62.336,61.895,62.759,63.123,60.062,58.318,55.368,51.502,42.985,38.907,31.982,27.435,23.31,19.293,14.114,14.124,13.323,11.582,10.345,9.204,11.047,9.778,9.644,9.259,9.258,8.936,7.681,8.071,8.05,6.507,5.437,4.563,3.81,2.811,0.956,0.591,0.46,0.265,0.11,0.057,0,0,0,0,0,0,0,0,0,0,0,0,0,0,0,0,0,0,0,0,0,0,0,0,0,0,0,0,0,0,0,0,0,0,0,0.633,0.822,1.142,1.493,1.465,1.975,1.852,2.445,2.674,3.384,3.793,4.348,4.813,6.797,7.25,8.515,9.241,11.24,12.194,14.653,15.621,17.372,18.507,19.993,21.084,21.149,21.429,21.374,20.684,18.093,16.974,14.842,13.654,12.265,10.611,9.328,9.475,9.306,8.941,8.251,7.931,8.281,7.452,7.295,6.308,5.867,5.421,4.352,3.991,3.796,2.97,2.446,1.978,1.642,1.164,0.387,0.235,0.179,0.1,0.041,0.021,0.015,0,0,0,0
2026-08-29 23:23:00,1,"Normal Scan","Normal Scan",0,"ON",1,1,1,736.9,5,19.9,96.9,55.6,6.94201e-08,1.81761e-05,4.97,8954.6,8.8,736.5,1,"Up Scan","Positive",254,0,4.37,1.6,8,8,0,1,1,31.213,49.937,32.449,9.647,2.379,1935.83,51,21,NA,0,0,0,0,0,0,0,0,0,0,0,0,0,0,0,0,0,0,0,0,0,0,0,0,0,0,0,0,0,0,0,91.539,84.943,65.76,70.89,63.577,55.01,56.661,52.445,52.059,46.586,49.908,47.588,44.914,44.55,48.782,50.307,52.712,56.308,53.077,56.978,58.568,61.609,59.372,61.385,60.43,56.175,52.13,45.69,39.888,33.263,27.887,23.78,20.275,18.346,15.699,14.204,12.83,12.359,9.989,8.861,9.668,8.322,8.019,7.037,8.103,8.543,8.724,7.14,7.192,5.976,5.781,4.784,3.795,2.304,1.95,0.706,0.339,0.053,0.054,0,0,0,0,0,0,0,0,0,0,0,0,0,0,0,0,0,0,0,0,0,0,0,0,0,0,0,0,0,0,0,0,0,0,0,0,0.903,1.182,1.582,1.677,2.366,2.649,2.815,3.497,3.812,4.399,4.504,5.487,5.892,6.231,6.848,8.269,9.375,10.759,12.46,12.837,14.869,16.384,18.322,18.734,20.367,20.989,20.508,19.99,18.426,16.914,14.886,13.156,12.125,10.798,10.151,9.573,9.162,8.868,8.567,8.048,7.58,7.561,6.821,6.226,5.39,5.46,5.149,4.8,3.715,3.464,2.689,2.54,2.056,1.619,0.955,0.794,0.281,0.133,0.02,0.02,0,0.016,0,0,0,0
2026-08-29 23:28:00,1,"Normal Scan","Normal Scan",0,"ON",1,1,1,737,5,20.1,96.9,55,6.94804e-08,1.81857e-05,4.97,8954.6,8.8,736.5,1,"Up Scan","Positive",254,0,4.37,1.6,8,8,0,1,1,31.125,50.317,32.669,9.647,2.374,1882.04,51,21,NA,0,0,0,0,0,0,0,0,0,0,0,0,0,0,0,0,0,0,0,0,0,0,0,0,0,0,0,0,0,0,0,89.519,76.452,58.962,64.794,55.74,61.409,53.191,51.391,44.946,49.836,47.403,44.652,46.597,49.207,50.645,54.833,54.238,59.294,54.193,57.063,57.399,53.629,59.438,57.022,58.107,53.067,51.147,44.593,38.531,30.792,25.032,22.686,18.014,16.818,14.729,12.032,13.229,10.068,10.519,11.281,9.676,8.247,8.131,7.988,9.008,7.549,7.126,7.312,8.126,6.776,6.023,4.695,3.487,3.14,0.952,0.738,0.512,0,0.054,0,0,0,0,0,0,0,0,0,0,0,0,0,0,0,0,0,0,0,0,0,0,0,0,0,0,0,0,0,0,0,0,0,0,0,0,0.685,1.145,1.406,1.491,2.139,2.314,3.165,3.282,3.73,3.803,4.826,5.225,5.522,6.479,7.54,8.587,10.161,10.989,13.078,13.04,14.821,16.016,16.136,18.7,18.964,20.105,19.333,19.472,17.899,16.187,13.763,12.082,11.465,9.766,9.876,9.239,8.211,8.938,7.816,8.364,8.397,7.66,6.831,6.601,5.847,5.751,4.679,4.198,3.617,3.815,3.109,2.648,2.017,1.489,1.298,0.387,0.294,0.199,0,0.02,0,0.016,0,0,0,0
2026-08-29 23:33:00,1,"Normal Scan","Normal Scan",0,"ON",1,1,1,737,5,20.1,96.9,55.5,6.94804e-08,1.81857e-05,4.97,8954.6,8.8,736.5,1,"Up Scan","Positive",254,0,4.37,1.6,8,8,0,1,1,32.17,51.588,33.897,40.679,2.332,1912.82,51,21,NA,0,0,0,0,0,0,0,0,0,0,0,0,0,0,0,0,0,0,0,0,0,0,0,0,0,0,0,0,0,0,0,66.268,54.074,62.783,47.243,61.65,55.046,54.265,52.831,49.715,50.866,51.06,54.405,53.326,54.337,55.186,56.668,63.441,59.354,62.511,63.426,67.12,58.823,64.819,61.572,62.127,56.994,52.184,42.072,34.766,28.144,21.767,19.052,14.62,15.789,14.35,12.94,12.072,11.681,11.079,12.218,10.37,9.938,9.547,8.9,9.581,8.91,8.941,8.597,7.62,7.443,5.861,5.5,3.753,2.214,1.382,0.659,0.695,0.158,0.109,0,0,0,0,0,0,0,0,0,0,0,0,0,0,0,0,0,0,0,0,0,0,0,0,0,0,0,0,0,0,0,0,0,0,0,0,0.674,0.834,1.009,1.608,1.571,2.563,2.809,3.357,3.855,4.217,4.929,5.615,6.736,7.37,8.339,9.353,10.559,12.786,13.157,14.959,16.432,18.571,17.518,20.128,20.158,21.221,20.435,19.607,16.638,14.813,12.807,10.729,10.148,8.633,9.507,9.478,9.008,8.866,8.964,8.892,9.262,8.353,7.796,7.086,6.463,6.33,5.367,4.826,4.302,3.633,3.418,2.612,2.37,1.583,0.916,0.561,0.263,0.27,0.06,0.041,0,0,0,0,0,0
2026-08-29 23:38:00,1,"Normal Scan","Normal Scan",0,"ON",1,1,1,737,5,20.1,96.9,54.9,6.94804e-08,1.81857e-05,4.97,8954.6,8.8,736.5,1,"Up Scan","Positive",254,0,4.37,1.6,8,8,0,1,1,32.711,53.384,34.859,54.247,2.335,1940.2,51,20.9,NA,0,0,0,0,0,0,0,0,0,0,0,0,0,0,0,0,0,0,0,0,0,0,0,0,0,0,0,0,0,0,0,40.977,56.358,59.058,50.425,53.333,58.023,54.997,51.884,54.594,60.008,56.828,57.777,54.503,55.688,58.17,58.569,61.056,61.574,63.528,63.516,63.558,61.454,63.264,64.054,65.321,58.741,51.459,42.294,37.011,30.232,24.387,20.543,18.036,15.941,11.771,14.093,12.64,12.255,9.509,13.087,12.172,9.492,10.556,9.573,10.325,6.927,9.096,8.115,8.337,8.565,7.748,5.805,4.868,3.874,2.072,1.011,0.564,0.421,0.163,0,0,0,0,0,0,0,0,0,0,0,0,0,0,0,0,0,0,0,0,0,0,0,0,0,0,0,0,0,0,0,0,0,0,0,0,0.405,0.536,1.046,1.496,1.656,2.214,2.98,3.41,3.774,4.624,5.801,6.247,7.155,7.543,8.546,9.833,10.865,12.365,13.61,15.208,16.528,17.709,18.201,19.782,20.986,22.475,21.12,19.42,17.097,15.491,13.492,12.035,10.764,9.818,9.87,8.557,9.459,9.494,9.334,8.426,9.626,9.417,7.894,8.397,7.276,6.777,4.872,5.412,4.265,3.951,4.01,3.458,2.5,2.051,1.604,0.841,0.403,0.218,0.161,0.061,0,0,0,0,0,0
2026-08-29 23:43:00,1,"Normal Scan","Normal Scan",0,"ON",1,1,1,737.2,5,20.3,96.9,55.2,6.95407e-08,1.81953e-05,4.97,8954.6,8.8,736.5,1,"Up Scan","Positive",254,0,4.37,1.6,8,8,0,1,1,30.958,51.853,33.114,9.647,2.397,2018.76,51,21,NA,0,0,0,0,0,0,0,0,0,0,0,0,0,0,0,0,0,0,0,0,0,0,0,0,0,0,0,0,0,0,0,91.622,66.909,66.69,61.974,63.179,61.232,58.451,64.157,54.303,56.717,52.775,54.325,50.243,55.313,56.108,54.973,58.73,57.39,55.613,58.075,61.097,63.933,63.638,66.423,61.674,59.749,53.772,45.625,35.166,32.562,24.995,18.493,17.93,15.568,14.222,13.525,12.617,13.425,12.474,11.676,11.566,10.561,10.77,9.815,8.107,9.129,8.865,9.291,9.151,8.352,7.813,7.287,4.389,2.424,2.288,0.937,0.405,0.158,0.055,0.056,0,0,0,0,0,0,0,0,0,0,0,0,0,0,0,0,0,0,0,0,0,0,0,0,0,0,0,0,0,0,0,0,0,0,0,0.747,1.195,1.244,1.678,2.035,2.63,3.133,3.602,4.684,4.57,5.492,5.811,6.701,6.949,8.449,9.463,10.212,11.921,12.767,13.48,15.172,17.093,18.96,19.937,21.724,21.295,21.481,20.164,18.167,14.961,14.636,12.09,10.037,10.339,9.679,9.414,9.413,9.515,9.968,9.7,9.338,9.337,8.548,8.129,7.389,6.3,5.649,4.897,4.827,4.39,3.749,3.431,3.151,1.869,1.006,0.929,0.373,0.159,0.06,0.02,0.021,0.015,0,0,0,0
2026-08-29 23:48:00,1,"Normal Scan","Normal Scan",0,"ON",1,1,1,737,5,20,96.9,54.8,6.94502e-08,1.81809e-05,4.97,8954.6,8.8,736.5,1,"Up Scan","Positive",254,0,4.37,1.6,8,8,0,1,1,31.737,52.171,33.482,11.971,2.384,1995.85,51,20.9,NA,0,0,0,0,0,0,0,0,0,0,0,0,0,0,0,0,0,0,0,0,0,0,0,0,0,0,0,0,0,0,0,56.583,70.541,71.94,82.471,60.938,56.162,58.364,61.178,55.656,54.196,51.655,52.825,48.734,52.224,53.624,54.268,54.214,58.982,59.26,60.615,63.658,66.137,66.827,65.647,61.739,58.437,51.846,44.318,37.984,31.316,25.554,20.339,15.445,17.083,14.455,11.51,13.918,13.329,11.689,9.083,10.291,10.225,10.436,7.76,8.341,9.336,10.439,10.076,10.934,9.159,8.017,6.036,3.975,2.949,1.666,0.742,0.613,0.052,0.054,0,0,0,0,0,0,0,0,0,0,0,0,0,0,0,0,0,0,0,0,0,0,0,0,0,0,0,0,0,0,0,0,0,0,0,0,0.571,0.722,1.319,1.835,2.717,2.527,2.892,3.609,4.43,4.699,5.25,5.684,6.526,6.744,8.015,9.065,10.117,11.085,13.111,14.305,15.777,17.708,19.504,20.837,21.614,21.248,21.134,19.489,17.642,16.082,14.014,12.224,10.894,9.047,9.906,9.298,8.555,10.13,9.767,9.28,8.387,9.134,8.725,8.228,6.457,6.033,5.672,5.687,4.989,5.158,4.18,3.519,2.592,1.678,1.222,0.678,0.294,0.238,0.02,0.02,0,0,0,0,0,0
2026-08-29 23:53:00,1,"Normal Scan","Normal Scan",0,"ON",1,1,1,737.3,5,20.4,96.9,54.6,6.95709e-08,1.82001e-05,4.97,8954.6,8.8,736.5,1,"Up Scan","Positive",254,0,4.37,1.6,8,8,0,1,1,32.62,53.777,34.466,11.14,2.387,1924.33,50,21.1,NA,0,0,0,0,0,0,0,0,0,0,0,0,0,0,0,0,0,0,0,0,0,0,0,0,0,0,0,0,0,0,0,49.768,63,67.021,56.274,51.981,62.441,60.038,53.353,53.504,57.358,52.224,50.525,48.927,51.947,52.911,56.218,51.972,54.865,61.429,60.997,62.689,65.982,63.469,65.629,60.844,58.396,50.315,44.142,35.074,29.605,23.95,19.345,17.528,14.15,11.679,10.819,9.985,10.482,10.304,8.929,9.925,11.603,11.964,11.682,12.691,11.951,11.971,10.289,9.822,9.199,8.604,5.27,4.57,2.165,1.338,0.742,0.204,0.106,0.108,0.056,0,0,0,0,0,0,0,0,0,0,0,0,0,0,0,0,0,0,0,0,0,0,0,0,0,0,0,0,0,0,0,0,0,0,0,0.551,0.648,1.158,1.708,1.86,2.173,3.2,3.701,3.884,4.526,5.556,5.735,6.259,6.747,7.979,8.955,10.469,10.654,12.201,14.809,15.805,17.472,19.417,19.829,21.395,20.931,20.961,18.984,17.529,14.67,13.016,11.434,9.871,9.845,8.888,8.296,8.713,9.008,9.216,9.554,8.963,8.852,9.344,8.91,8.358,7.718,6.971,6.13,5.104,4.591,4.13,3.805,2.277,1.931,0.897,0.542,0.294,0.079,0.04,0.041,0.021,0,0,0,0,0
2026-08-29 23:58:00,1,"Normal Scan","Normal Scan",0,"ON",1,1,1,736.9,5,19.9,96.9,54.8,6.94201e-08,1.81761e-05,4.97,8954.6,8.8,736.5,1,"Up Scan","Positive",254,0,4.37,1.6,8,8,0,1,1,33.559,55.481,35.377,11.971,2.399,1922.94,50,20.9,NA,0,0,0,0,0,0,0,0,0,0,0,0,0,0,0,0,0,0,0,0,0,0,0,0,0,0,0,0,0,0,0,45.388,66.127,47.888,68.602,50.225,48.732,61.51,58.634,48.364,49.555,51.866,54.12,49.844,48.363,52.487,53.798,57.058,60.263,61.976,63.353,62.121,63.574,63.39,67.226,64.359,64.372,53.439,44.869,35.883,27.642,21.722,18.404,15.924,13.439,12.378,12.551,10.957,11.993,10.691,9.498,11.499,11.308,10.454,12.033,11.465,11.819,11.989,11.341,10.455,10.602,9.085,7.156,4.691,3.156,2.039,0.741,0.358,0.053,0.054,0.056,0,0,0,0,0,0,0,0,0,0,0,0,0,0,0,0,0,0,0,0,0,0,0,0,0,0,0,0,0,0,0,0,0,0,0,0.612,0.573,1.221,1.209,2.28,2.103,2.512,3.793,4.267,4.089,4.811,5.692,6.681,6.915,7.432,8.902,10.025,11.617,13.347,14.923,16.495,17.438,18.896,19.833,21.881,21.941,22.83,20.003,17.676,14.959,12.56,10.519,9.819,9.347,8.507,8.946,9.446,9.187,10.124,9.869,9.32,10.13,9.332,8.9,8.727,7.779,6.984,6.412,5.779,4.907,4.772,3.985,3.09,1.997,1.307,0.824,0.294,0.139,0.02,0.02,0.021,0.016,0,0,0,0
