"date","Flag","Detector.Status","Classifier.Errors","Communication.Status","Neutralizer.Status","Detector.Inlet.Flow..L.min.","Detector.Counting.Flow..L.min.","Impactor.Flow..L.min.","Impactor.D50..nm.","Sheath.Flow..L.min.","Sheath.Temp..C.","Sheath.Pressure..kPa.","Sheath.Relative.Humidity....","Mean.Free.Path..m.","Gas.Viscosity..Pa.s.","Low.Voltage..V.","High.Voltage..V.","Lower.Size..nm.","Upper.Size..nm.","Wide.Range.Scan.Mode","Scan.Direction","HV.Polarity","DMA.V.Ramping.Up..TUP...s.","DMA.V.Ramping.Down..TDOWN...s.","DMA.Column.transit.time.Tf..s.","DMA.Exit.to.Optical.Detector.Td..s.","DMA.at.Low.Voltage..TLOW...s.","DMA.at.High.Voltage..THIGH...s.","Adjustment..s.","Dilution.Factor","Aerosol.Density..g.cm..","Median..nm.","Mean..nm.","Geo..Mean..nm.","Mode..nm.","Geo..Std..Dev","Total.Concentration....cm..","Aerosol.Humidity....","Aerosol.Temperature..C.","Reserved.1","part_1.04","part_1.11","part_1.20","part_1.29","part_1.38","part_1.49","part_1.60","part_1.72","part_1.84","part_1.98","part_2.13","part_2.29","part_2.46","part_2.64","part_2.84","part_3.05","part_3.28","part_3.52","part_3.79","part_4.07","part_4.37","part_4.70","part_5.05","part_5.42","part_5.83","part_6.26","part_6.73","part_7.23","part_7.77","part_8.35","part_8.98","part_9.65","part_10.37","part_11.14","part_11.97","part_12.86","part_13.82","part_14.86","part_15.96","part_17.15","part_18.43","part_19.81","part_21.29","part_22.88","part_24.58","part_26.42","part_28.39","part_30.51","part_32.78","part_35.23","part_37.86","part_40.68","part_43.71","part_46.98","part_50.48","part_54.25","part_58.29","part_62.64","part_67.32","part_72.34","part_77.74","part_83.54","part_89.77","part_96.47","part_103.66","part_111.40","part_119.71","part_128.64","part_138.24","part_148.55","part_159.63","part_171.54","part_184.34","part_198.10","part_212.88","part_228.76","part_245.82","part_264.16","part_283.87","part_305.05","part_327.81","part_352.27","part_378.55","part_406.79","part_437.14","part_469.76","part_504.81","part_542.47","part_582.94","part_626.43","part_673.17","part_723.39","part_777.37","part_835.36","part_897.69","part_964.66","raw_1.04","raw_1.11","raw_1.20","raw_1.29","raw_1.38","raw_1.49","raw_1.60","raw_1.72","raw_1.84","raw_1.98","raw_2.13","raw_2.29","raw_2.46","raw_2.64","raw_2.84","raw_3.05","raw_3.28","raw_3.52","raw_3.79","raw_4.07","raw_4.37","raw_4.70","raw_5.05","raw_5.42","raw_5.83","raw_6.26","raw_6.73","raw_7.23","raw_7.77","raw_8.35","raw_8.98","raw_9.65","raw_10.37","raw_11.14","raw_11.97","raw_12.86","raw_13.82","raw_14.86","raw_15.96","raw_17.15","raw_18.43","raw_19.81","raw_21.29","raw_22.88","raw_24.58","raw_26.42","raw_28.39","raw_30.51","raw_32.78","raw_35.23","raw_37.86","raw_40.68","raw_43.71","raw_46.98","raw_50.48","raw_54.25","raw_58.29","raw_62.64","raw_67.32","raw_72.34","raw_77.74","raw_83.54","raw_89.77","raw_96.47","raw_103.66","raw_111.40","raw_119.71","raw_128.64","raw_138.24","raw_148.55","raw_159.63","raw_171.54","raw_184.34","raw_198.10","raw_212.88","raw_228.76","raw_245.82","raw_264.16","raw_283.87","raw_305.05","raw_327.81","raw_352.27","raw_378.55","raw_406.79","raw_437.14","raw_469.76","raw_504.81","raw_542.47","raw_582.94","raw_626.43","raw_673.17","raw_723.39","raw_777.37","raw_835.36","raw_897.69","raw_964.66"
2026-09-02 00:03:00,1,"Normal Scan","Normal Scan",0,"ON",1,1,1,738,5,20.1,98.2,45.1,0.0000000685606,0.0000181857,4.97,8954.6,8.8,736.5,1,"Up Scan","Positive",254,0,4.37,1.6,8,8,0,1,1,23.094,31.14,24.754,22.876,1.819,7241.98,42,21,NA,0,0,0,0,0,0,0,0,0,0,0,0,0,0,0,0,0,0,0,0,0,0,0,0,0,0,0,0,0,0,0,5423.52,5340.384,5945.952,6618.72,7448.064,8428.672,9611.04,10626.24,11706.208,11827.072,12388.352,12416.32,13170.88,13018.784,12230.784,11384.416,10086.944,8969.024,7864.8,7178.752,6139.328,4915.296,3843.168,3085.984,2426.816,2109.856,1730.56,1743.968,1641.184,1431.456,1314.08,1161.984,962.432,831.04,713.216,697.664,635.008,602.176,469.28,475.808,447.136,484.128,400.096,383.392,394.656,315.776,217.216,169.248,95.104,71.008,55.552,36.384,11.552,16.256,10.688,4.704,6.496,3.392,1.76,3.584,0,0,0,0,0,0,0,0,0,0,0,0,0,0,0,0,0,0,0,0,0,0,0,0,0,0,0,0,0,0,0,0,0,0,0,1.372,2.203,3.146,4.732,6.917,9.802,13.664,18.67,24.296,31.051,35.928,42.648,47.925,56.514,61.635,63.602,64.62,62.191,59.804,56.43,55.188,50.572,43.341,36.523,31.567,26.745,24.578,21.628,22.53,22.028,20.423,19.649,18.472,16.046,14.756,13.579,13.886,12.625,12.121,10.179,9.543,8.679,8.2,6.736,6.301,6.177,4.751,3.277,2.562,1.418,1.009,0.787,0.539,0.17,0.211,0.136,0.059,0.08,0.04,0.02,0.039,0.014,0,0,0,0
2026-09-02 00:08:00,1,"Normal Scan","Normal Scan",0,"ON",1,1,1,738.2,5,20.4,98.2,45.4,0.0000000686499,0.0000182001,4.97,8954.6,8.8,736.5,1,"Up Scan","Positive",254,0,4.37,1.6,8,8,0,1,1,21.547,30.093,23.556,22.876,1.847,6825.79,42,21.1,NA,0,0,0,0,0,0,0,0,0,0,0,0,0,0,0,0,0,0,0,0,0,0,0,0,0,0,0,0,0,0,0,6591.264,6718.496,7211.68,7367.808,8494.656,8838.56,10227.296,11097.216,11106.016,11817.952,12000.096,11892.128,12013.28,11371.648,10343.648,8959.776,7987.904,6897.536,6024.384,5351.424,4778.528,4201.184,3542.656,2704.96,2266.432,2054.624,1790.592,1565.792,1572.832,1335.84,1142.496,1036.288,875.296,772.96,730.88,691.072,624.576,550.368,520.8,459.36,421.376,377.632,358.912,396.96,351.872,321.792,220.544,132.544,126.88,69.952,39.072,29.088,11.392,13.312,9.12,7.872,4.896,1.696,0,0,0,0,0,0,0,0,0,0,0,0,0,0,0,0,0,0,0,0,0,0,0,0,0,0,0,0,0,0,0,0,0,0,0,0,0,1.578,2.689,3.994,5.759,7.698,11.125,14.291,19.846,25.326,29.423,35.829,41.218,45.76,51.372,53.667,53.6,50.866,49.358,46.176,43.381,41.439,39.741,37.35,33.621,27.874,24.869,23.699,22.064,20.293,21.129,19.206,17.552,16.571,14.909,13.926,13.585,13.211,12.206,11.313,10.879,9.144,7.893,6.913,6.111,6.327,5.507,4.814,3.335,1.971,1.856,0.991,0.549,0.39,0.151,0.172,0.116,0.098,0.06,0.02,0,0,0,0,0,0,0
2026-09-02 00:13:00,1,"Normal Scan","Normal Scan",0,"ON",1,1,1,738,5,20.1,98.2,45.2,0.0000000685606,0.0000181857,4.97,8954.6,8.8,736.5,1,"Up Scan","Positive",254,0,4.37,1.6,8,8,0,1,1,23.48,32.37,25.119,22.876,1.886,5685.39,42,21,NA,0,0,0,0,0,0,0,0,0,0,0,0,0,0,0,0,0,0,0,0,0,0,0,0,0,0,0,0,0,0,0,5297.728,5667.456,5322.912,6021.248,6068.896,6388.256,7242.432,7583.776,8140.992,8668.032,8552.352,8516.64,8830.848,8612.96,8442.752,8229.056,8242.048,8412.64,7831.584,6297.504,4816.64,3713.152,2993.056,2268.768,1929.984,1680.16,1682.88,1623.616,1496.672,1226.464,1165.312,1049.312,862.688,737.632,661.696,622.976,633.472,521.152,525.664,479.744,432,397.024,421.536,364.992,336.288,283.52,224.608,166.24,83.456,56.64,30.528,25.792,10.144,17.632,9.248,1.568,4.896,3.36,1.76,0,0,0,0,0,0,0,0,0,0,0,0,0,0,0,0,0,0,0,0,0,0,0,0,0,0,0,0,0,0,0,0,0,0,0,0,1.744,2.203,3.355,4.262,6.308,7.991,10.348,14.08,17.293,21.584,26.315,29.426,32.962,38.122,41.087,44.163,46.843,50.781,55.809,55.809,48.259,39.77,33.097,28.768,23.652,21.332,19.894,20.938,20.797,20.159,17.617,17.701,16.645,14.852,13.533,12.706,12.225,12.66,10.841,10.413,9.388,8.207,7.052,6.847,5.745,5.232,4.277,3.393,2.46,1.224,0.829,0.439,0.353,0.151,0.23,0.116,0.02,0.06,0.04,0.02,0,0.014,0,0,0,0
2026-09-02 00:18:00,1,"Normal Scan","Normal Scan",0,"ON",1,1,1,738.2,5,20.4,98.2,45.6,0.0000000686499,0.0000182001,4.97,8954.6,8.8,736.5,1,"Up Scan","Positive",254,0,4.37,1.6,8,8,0,1,1,23.288,30.598,24.43,24.582,1.807,6827.16,42,21.1,NA,0,0,0,0,0,0,0,0,0,0,0,0,0,0,0,0,0,0,0,0,0,0,0,0,0,0,0,0,0,0,0,6510.944,5856.064,6443.488,6067.872,7047.488,7094.784,7543.744,8211.104,9189.728,11194.592,11617.44,12756.064,13247.968,13491.744,13010.496,12372.928,11080.224,8962.56,7690.624,6141.632,4763.712,3696.224,2744.32,2223.712,1839.072,1651.52,1602.944,1504.064,1457.088,1333.568,1194.464,1023.936,891.648,752.544,678.176,629.408,565.568,529.056,515.328,473.76,434.784,403.328,423.392,373.152,354.624,292.16,198.368,138.336,91.072,52.288,28.512,22.528,18.72,8.864,6.112,9.472,4.864,3.392,1.76,1.792,0,0,0,0,0,0,0,0,0,0,0,0,0,0,0,0,0,0,0,0,0,0,0,0,0,0,0,0,0,0,0,0,0,0,0,1.484,2.627,3.458,5.16,6.308,9.292,11.463,14.647,18.804,24.497,34.096,40.062,49.2,56.855,63.774,67.37,69.824,67.772,59.259,54.742,47.088,39.302,32.878,26.415,23.194,20.603,19.604,19.965,19.56,19.689,19.017,17.918,16.191,15.214,13.701,12.936,12.413,11.588,10.921,10.488,9.232,7.928,7.163,6.811,5.908,5.503,4.456,2.949,2.07,1.393,0.747,0.403,0.335,0.264,0.115,0.078,0.118,0.06,0.04,0.02,0.02,0.014,0,0,0,0
2026-09-02 00:23:00,1,"Normal Scan","Normal Scan",0,"ON",1,1,1,738,5,20.1,98.2,45.4,0.0000000685606,0.0000181857,4.97,8954.6,8.8,736.5,1,"Up Scan","Positive",254,0,4.37,1.6,8,8,0,1,1,22.869,32.247,24.895,22.876,1.883,5499.98,43,21,NA,0,0,0,0,0,0,0,0,0,0,0,0,0,0,0,0,0,0,0,0,0,0,0,0,0,0,0,0,0,0,0,4151.136,4748,5265.664,5541.056,6270.304,6980.544,7539.936,7560.064,8360.928,8754.368,9236.416,9032.8,9533.536,9429.088,8760.224,8088.864,7369.216,6754.816,5645.888,5042.496,4075.616,3253.184,2739.04,2206.688,1995.136,1774.464,1614.784,1569.216,1473.6,1311.264,1105.536,916.736,840.512,750.08,679.488,624.672,582.336,503.424,517.216,408.192,454.432,419.296,410.08,429.664,336.288,286.976,231.2,146.912,82.24,71.424,32.928,28.96,13.056,19.264,10.72,4.736,8.128,3.424,1.728,1.472,0,0,0,0,0,0,0,0,0,0,0,0,0,0,0,0,0,0,0,0,0,0,0,0,0,0,0,0,0,0,0,0,0,0,0,1.432,1.705,2.811,4.225,5.762,8.188,11.31,14.622,17.311,22.207,26.627,31.782,34.849,40.927,44.631,45.548,45.883,45.3,44.982,40.513,38.935,33.886,29.172,26.427,23.056,22.157,20.691,19.889,20.208,19.841,18.716,16.872,14.791,14.53,13.445,13.025,12.414,12.006,10.798,10.327,8.538,8.47,7.288,6.87,6.738,5.246,4.335,3.561,2.198,1.222,1.027,0.494,0.39,0.189,0.249,0.136,0.059,0.1,0.04,0.02,0.019,0,0,0,0,0
2026-09-02 00:28:00,1,"Normal Scan","Normal Scan",0,"ON",1,1,1,738.2,5,20.4,98.2,45.7,0.0000000686499,0.0000182001,4.97,8954.6,8.8,736.5,1,"Up Scan","Positive",254,0,4.37,1.6,8,8,0,1,1,21.63,30.231,23.149,22.876,1.903,6179.44,42,21.1,NA,0,0,0,0,0,0,0,0,0,0,0,0,0,0,0,0,0,0,0,0,0,0,0,0,0,0,0,0,0,0,0,8105.696,9984.352,8942.528,8138.144,7773.696,7617.472,7711.52,7626.144,8285.216,8807.424,9020.928,9721.152,10183.232,10038.816,9445.728,8781.76,7777.216,6668.032,5978.08,5237.664,3971.232,3297.344,2629.152,2304.384,1942.272,1800.768,1625.28,1503.712,1475.136,1392.704,1170.24,1003.68,768.704,720.256,671.84,571.104,614.784,522.112,515.488,484.864,456.48,400.288,348.672,388.544,354.784,273.088,204.768,161.888,120.032,69.856,50.88,24.928,18.528,20.704,11.936,3.424,0,0,1.728,1.792,0,0,0,0,0,0,0,0,0,0,0,0,0,0,0,0,0,0,0,0,0,0,0,0,0,0,0,0,0,0,0,0,0,0,0,2.025,3.373,5.857,7.132,8.439,10.17,12.263,14.991,17.462,21.99,26.791,31.05,37.48,43.64,47.461,49.054,49.664,47.805,44.379,42.889,40.364,33.074,29.494,25.451,23.997,21.657,21.154,20.027,19.393,19.836,19.434,17.754,15.991,13.548,13.282,13.016,11.546,11.957,10.926,10.608,9.532,8.409,7.211,6.065,6.262,5.47,4.152,3.172,2.419,1.702,0.973,0.714,0.353,0.245,0.268,0.152,0.043,0,0,0.02,0.02,0,0,0,0,0
2026-09-02 00:33:00,1,"Normal Scan","Normal Scan",0,"ON",1,1,1,738,5,20.1,98.2,45.5,0.0000000685606,0.0000181857,4.97,8954.6,8.8,736.5,1,"Up Scan","Positive",254,0,4.37,1.6,8,8,0,1,1,21.037,28.975,22.535,22.876,1.865,7001.29,43,21,NA,0,0,0,0,0,0,0,0,0,0,0,0,0,0,0,0,0,0,0,0,0,0,0,0,0,0,0,0,0,0,0,11383.296,10021.472,9500.032,9509.984,8468.032,8816.256,8976.608,9425.568,10043.84,10975.648,11345.824,11165.92,11556.544,11261.472,10651.104,9268.832,8456.192,7937.632,6634.272,5468.48,4743.968,3596.608,2844.448,2459.328,2023.648,1702.272,1597.248,1555.488,1457.792,1297.984,1103.744,913.088,926.112,761.568,671.488,620.832,600.864,530.08,459.168,462.624,410.784,393.472,385.632,382.976,351.328,266.048,199.264,162.048,96.16,59.424,57.856,26.688,17.408,17.824,9.216,0,3.264,1.696,3.52,1.472,0,0,0,0,0,0,0,0,0,0,0,0,0,0,0,0,0,0,0,0,0,0,0,0,0,0,0,0,0,0,0,0,0,0,0,3.538,4.631,5.9,7.592,9.831,11.089,14.228,17.405,21.536,26.716,33.306,38.962,43.01,49.592,53.292,55.247,52.573,52.037,52.712,47.539,42.153,39.18,32.043,27.361,25.428,22.383,19.918,19.753,20.261,19.744,18.386,16.803,14.997,15.371,13.736,12.715,12.132,11.918,11.134,9.482,9.249,7.668,7.047,6.391,6.287,5.431,4.086,3.021,2.426,1.386,0.843,0.806,0.39,0.262,0.232,0.116,0,0.04,0.02,0.041,0.019,0.014,0,0,0,0
2026-09-02 00:38:00,1,"Normal Scan","Normal Scan",0,"ON",1,1,1,738.3,5,20.5,98.2,45.8,0.0000000686797,0.0000182049,4.97,8954.6,8.8,736.5,1,"Up Scan","Positive",254,0,4.37,1.6,8,8,0,1,1,21.695,30.465,23.313,22.876,1.913,6435.68,43,21.1,NA,0,0,0,0,0,0,0,0,0,0,0,0,0,0,0,0,0,0,0,0,0,0,0,0,0,0,0,0,0,0,0,10440.128,10422.08,7984.48,8184.832,7834.88,7129.856,7613.248,8103.424,8488.512,9147.264,9994.208,10201.952,10471.424,9915.328,9466.88,8738.624,7893.472,6945.664,6042.016,5088.864,4451.136,3822.976,3345.216,2743.648,2404.544,2101.472,1822.048,1741.92,1665.248,1408.288,1248.16,1091.296,872.576,828.576,747.808,639.872,506.944,495.616,492.032,414.592,391.872,410.4,418.944,389.248,336.544,317.28,223.488,190.656,100.672,69.76,35.584,31.712,29.984,17.248,12.64,7.872,1.6,5.056,0,0,0,0,0,0,0,0,0,0,0,0,0,0,0,0,0,0,0,0,0,0,0,0,0,0,0,0,0,0,0,0,0,0,0,0,0,2.867,4.219,6.112,6.362,8.483,10.23,11.518,14.776,18.512,22.528,27.75,34.383,39.339,44.854,46.924,49.134,49.545,48.661,46.393,43.529,39.581,37.129,34.195,32.106,28.339,26.329,24.484,22.431,22.268,22.285,20.031,18.534,16.876,14.797,14.281,13.827,12.602,10.87,10.7,10.092,8.792,7.68,7.512,6.938,6.225,5.27,4.922,3.408,2.83,1.475,1,0.503,0.427,0.396,0.224,0.161,0.098,0.02,0.06,0,0,0,0,0,0,0
2026-09-02 00:43:00,1,"Normal Scan","Normal Scan",0,"ON",1,1,1,737.9,5,20,98.2,45.7,0.0000000685308,0.0000181809,4.97,8954.6,8.8,736.5,1,"Up Scan","Positive",254,0,4.37,1.6,8,8,0,1,1,22.072,29.587,23.209,24.582,1.86,7696.85,43,20.9,NA,0,0,0,0,0,0,0,0,0,0,0,0,0,0,0,0,0,0,0,0,0,0,0,0,0,0,0,0,0,0,0,11050.592,11161.024,10775.168,9063.328,8515.744,8986.048,9100.736,9365.248,10220.128,10998.4,11732.832,12256.128,12906.976,12916.64,12452.832,11874.144,10688.32,9075.04,7644.448,6597.6,5173.12,4388.96,3513.952,3017.984,2601.536,2281.632,1977.984,1827.392,1713.312,1598.752,1403.136,986.464,1039.456,848.384,754.784,644.16,590.368,570.976,508.992,497.504,453.632,452.672,423.36,356.48,348.128,321.056,213.824,139.808,93.44,60.608,41.12,20.768,20.032,11.808,7.2,6.816,8.224,0,0,0,0,0,0,0,0,0,0,0,0,0,0,0,0,0,0,0,0,0,0,0,0,0,0,0,0,0,0,0,0,0,0,0,0,0,0,3.975,4.506,6.526,8.599,9.411,11.142,14.525,17.689,21.429,27.16,33.492,40.423,47.363,55.389,61.107,64.658,67.212,65.689,60.38,54.869,50.971,43.03,39.113,33.746,31.047,28.574,26.542,24.107,23.566,23.033,22.24,20.614,16.146,17.267,15.026,14.072,12.956,12.037,11.389,10.492,9.828,8.345,7.812,6.972,5.717,5.341,4.901,3.203,2.052,1.383,0.905,0.564,0.279,0.264,0.153,0.091,0.085,0.1,0,0,0,0,0,0,0,0
2026-09-02 00:48:00,1,"Normal Scan","Normal Scan",0,"ON",1,1,1,738.4,5,20.6,98.2,45.7,0.0000000687095,0.0000182097,4.97,8954.6,8.8,736.5,1,"Up Scan","Positive",254,0,4.37,1.6,8,8,0,1,1,22.915,31.198,24.191,24.582,1.89,7253.73,42,21.1,NA,0,0,0,0,0,0,0,0,0,0,0,0,0,0,0,0,0,0,0,0,0,0,0,0,0,0,0,0,0,0,0,10256.032,8771.68,8531.488,7777.344,7637.888,8090.624,8461.056,8935.712,9209.792,10109.216,10784.992,11389.056,12067.232,12363.616,12142.592,11395.584,10403.68,9197.472,7806.88,6413.92,5153.408,4277.6,3416.32,3037.472,2584.864,2179.776,1997.28,1900.8,1783.392,1734.4,1505.184,1361.568,1166.88,930.56,831.616,797.12,676.064,685.6,575.84,623.392,525.536,456.992,433.184,369.12,333.056,307.456,221.184,187.264,112.448,54.048,46.368,45.184,15.712,16.288,12.192,1.6,6.56,6.72,1.76,1.792,0,0,0,0,0,0,0,0,0,0,0,0,0,0,0,0,0,0,0,0,0,0,0,0,0,0,0,0,0,0,0,0,0,0,0,2.906,4.158,5.152,6.844,8.076,9.984,13.052,16.399,20.463,24.444,30.78,37.17,44.013,51.826,58.562,62.982,64.515,63.888,61.076,55.953,49.555,42.784,38.207,32.964,31.433,28.631,25.863,24.976,24.706,24.278,24.376,22.49,21.373,19.264,16.884,15.64,15.127,13.382,13.175,11.489,11.621,9.783,8.047,7.198,5.951,5.319,4.689,3.365,2.773,1.613,0.847,0.659,0.632,0.207,0.21,0.155,0.02,0.08,0.081,0.02,0.02,0,0,0,0,0
2026-09-02 00:53:00,1,"Normal Scan","Normal Scan",0,"ON",1,1,1,737.9,5,20,98.2,45.7,0.0000000685308,0.0000181809,4.97,8954.6,8.8,736.5,1,"Up Scan","Positive",254,0,4.37,1.6,8,8,0,1,1,23.168,31.506,24.509,26.416,1.879,6913.36,42,21,NA,0,0,0,0,0,0,0,0,0,0,0,0,0,0,0,0,0,0,0,0,0,0,0,0,0,0,0,0,0,0,0,7173.952,8123.808,7297.632,7554.144,7932.128,8606.464,8211.424,8513.632,9090.528,9548.896,10412.256,10742.912,11230.496,11682.336,11956.992,11210.432,10236.672,8787.328,7587.328,6204.384,5053.632,4059.52,3383.648,2971.264,2526.624,2143.936,2047.296,1850.528,1818.912,1616.32,1394.048,1236.064,1053.76,883.84,818.688,801.088,660.128,635.616,579.136,489.088,467.968,442.4,388.672,409.344,358.432,286.304,224.736,179.296,113.568,82.752,62.08,25.088,21.632,13.248,13.792,4.736,0,1.696,0,5.088,0,0,0,0,0,0,0,0,0,0,0,0,0,0,0,0,0,0,0,0,0,0,0,0,0,0,0,0,0,0,0,0,0,0,0,2.076,2.925,4.788,5.845,7.842,10.405,13.917,15.91,19.508,24.198,29.138,35.945,41.62,48.33,55.375,62.049,63.441,62.847,58.415,54.469,47.94,42.011,36.392,32.583,30.807,27.836,25.263,25.254,24.009,24.446,23.058,20.928,19.505,17.659,15.698,15.154,15.029,12.927,12.827,11.482,9.807,8.788,7.862,6.681,6.737,5.543,4.39,3.359,2.727,1.628,1.166,0.852,0.372,0.302,0.172,0.175,0.059,0,0.02,0,0.058,0,0,0,0,0
2026-09-02 00:58:00,1,"Normal Scan","Normal Scan",0,"ON",1,1,1,738.4,5,20.6,98.2,45.6,0.0000000687095,0.0000182097,4.97,8954.6,8.8,736.5,1,"Up Scan","Positive",254,0,4.37,1.6,8,8,0,1,1,23.048,31.605,24.38,24.582,1.905,6964.1,42,21.1,NA,0,0,0,0,0,0,0,0,0,0,0,0,0,0,0,0,0,0,0,0,0,0,0,0,0,0,0,0,0,0,0,8458.592,8530.624,8456.64,8721.408,8728.8,8221.696,7410.912,7858.432,8434.592,9412.896,9896.256,10711.712,11218.176,11575.808,11485.088,11010.976,9964.992,8924.576,7543.456,6197.184,4937.024,3948.448,3394.496,2963.072,2523.072,2271.712,2048.96,1908.704,1857.984,1804.928,1554.688,1314.816,1121.632,1005.216,895.744,811.2,671.328,669.536,662.496,584.992,524.032,428.256,474.496,316.864,363.296,335.776,233.888,196.576,94.112,60.32,44.352,34.4,11.744,8.832,1.536,1.6,3.296,3.36,1.728,0,0,0,0,0,0,0,0,0,0,0,0,0,0,0,0,0,0,0,0,0,0,0,0,0,0,0,0,0,0,0,0,0,0,0,0,1.899,3.498,4.981,6.804,9.104,11.416,13.216,14.353,17.958,22.431,28.679,34.134,41.402,48.223,54.868,59.594,62.273,61.152,59.268,54.079,47.92,41.138,35.455,32.731,30.792,28.252,26.818,25.52,24.777,25.241,25.493,23.029,20.912,18.781,17.882,16.388,15.232,13.605,12.783,12.7,11.313,9.734,7.544,7.752,5.113,5.673,5.059,3.449,2.82,1.365,0.901,0.622,0.465,0.189,0.115,0.019,0.02,0.04,0.04,0.02,0,0.028,0,0,0,0
2026-09-02 01:03:00,1,"Normal Scan","Normal Scan",0,"ON",1,1,1,738.7,5,21,98.2,45.3,0.0000000688286,0.0000182289,4.97,8954.6,8.8,736.5,1,"Up Scan","Positive",254,0,4.37,1.6,8,8,0,1,1,23.721,32.483,25.053,24.582,1.902,6859.22,42,21.3,NA,0,0,0,0,0,0,0,0,0,0,0,0,0,0,0,0,0,0,0,0,0,0,0,0,0,0,0,0,0,0,0,7602.592,7380.544,6834.464,7788.064,7666.784,7816.8,7522.144,8163.584,8327.904,8834.208,9902.24,10698.912,11265.824,11853.6,11848.704,11532.736,10637.28,9076.352,7824.512,6205.984,5021.824,4075.68,3481.344,2888.96,2530.624,2181.44,2069.152,1998.432,1873.184,1672,1604.864,1343.84,1198.368,1038.144,879.232,862.368,715.072,724.736,682.752,564,519.232,418.88,433.152,378.272,381.536,354.016,250.784,193.888,138.304,72.128,47.232,48.448,23.168,16.224,10.656,3.168,9.76,5.056,0,1.792,0,0,0,0,0,0,0,0,0,0,0,0,0,0,0,0,0,0,0,0,0,0,0,0,0,0,0,0,0,0,0,0,0,0,0,2.262,3.112,4.308,5.477,8.102,10.056,12.622,14.574,18.689,22.157,26.903,34.19,41.405,48.449,56.161,61.445,65.185,65.243,60.276,56.008,47.948,41.73,36.561,33.614,30.086,28.062,26.061,25.834,25.975,25.423,24.054,23.931,21.334,19.963,18.215,16.344,15.942,14.091,13.93,13.264,11.282,9.898,7.806,7.272,6.126,6.096,5.429,3.768,2.866,2.055,1.062,0.659,0.669,0.339,0.21,0.136,0.039,0.119,0.06,0,0.02,0.028,0,0,0,0
2026-09-02 01:08:00,1,"Normal Scan","Normal Scan",0,"ON",1,1,1,739.4,5,22,98.2,44.9,0.0000000691265,0.0000182767,4.97,8954.6,8.8,736.5,1,"Up Scan","Positive",254,0,4.37,1.6,8,8,0,1,1,23.211,31.629,24.432,26.416,1.898,7447.28,41,21.7,NA,0,0,0,0,0,0,0,0,0,0,0,0,0,0,0,0,0,0,0,0,0,0,0,0,0,0,0,0,0,0,0,7668.128,9089.28,9246.528,9451.232,8921.664,9241.6,9128.096,8622.72,8859.968,9618.144,9940.064,11112.704,12041.536,12509.088,12928.416,11971.2,10876.064,9502.624,8143.68,6849.696,5505.504,4390.304,3486.656,3051.584,2804.512,2218.656,2154.112,2020.256,1997.28,1880.64,1628.928,1497.152,1193.376,1024.672,910.048,848.384,719.52,689.92,621.376,586.08,537.536,432.384,443.2,418.016,360.96,345.696,270.912,183.392,108.064,67.2,57.056,37.216,37.28,22.08,10.72,12.64,3.264,5.088,7.008,1.792,0,0,0,0,0,0,0,0,0,0,0,0,0,0,0,0,0,0,0,0,0,0,0,0,0,0,0,0,0,0,0,0,0,0,0,2.065,3.099,5.327,7.384,9.76,11.668,14.873,17.615,19.657,23.51,29.269,34.318,42.946,51.722,59.219,67.016,67.69,66.678,63.052,58.292,52.891,45.622,39.25,33.7,31.792,31.126,26.517,26.843,26.269,26.91,26.466,24.218,23.12,19.761,18.178,16.773,15.737,14.274,13.75,12.161,11.49,10.155,7.873,7.344,6.784,5.722,5.406,4.159,2.752,1.621,0.961,0.859,0.538,0.509,0.287,0.136,0.157,0.04,0.06,0.081,0.02,0.014,0,0,0,0
2026-09-02 01:13:00,1,"Normal Scan","Normal Scan",0,"ON",1,1,1,739.9,5,22.6,98.2,44.4,0.0000000693053,0.0000183054,4.97,8954.6,8.8,736.5,1,"Up Scan","Positive",254,0,4.37,1.6,8,8,0,1,1,22.989,31.547,24.386,26.416,1.902,8291.65,41,22.1,NA,0,0,0,0,0,0,0,0,0,0,0,0,0,0,0,0,0,0,0,0,0,0,0,0,0,0,0,0,0,0,0,11464.16,8851.072,9285.184,9377.728,10058.912,10283.296,10619.84,10609.344,10397.12,11441.984,11437.728,11901.888,12604.032,12858.272,12938.336,12544.736,12046.336,11082.72,9597.216,7795.84,6082.56,4745.12,4000.48,3450.976,3098.88,2816.704,2650.624,2408.96,2311.232,2136.96,1845.792,1677.664,1377.568,1168.864,1024.416,924.96,835.456,779.232,651.68,635.04,548.608,469.824,443.008,414.432,406.176,362.56,272.256,173.568,153.824,95.296,60.864,32.64,18.56,25.088,12.128,6.272,6.528,5.056,3.488,3.584,0,0,0,0,0,0,0,0,0,0,0,0,0,0,0,0,0,0,0,0,0,0,0,0,0,0,0,0,0,0,0,0,0,0,0,2.667,4.63,5.162,7.389,9.706,13.127,16.55,20.506,24.157,27.552,34.725,39.342,45.969,54.154,61.016,67.177,70.992,73.844,73.469,68.586,60.13,50.65,42.715,38.764,35.981,34.419,33.229,32.758,31.002,31.088,29.964,27.399,25.981,22.455,20.297,18.495,17.191,15.893,14.868,13.314,12.326,10.207,8.533,7.702,6.795,6.331,5.493,4.214,2.588,2.229,1.366,0.883,0.477,0.262,0.325,0.155,0.078,0.079,0.06,0.041,0.04,0.014,0,0,0,0
2026-09-02 01:18:00,1,"Normal Scan","Normal Scan",0,"ON",1,1,1,739,5,21.4,98.2,44,0.0000000689478,0.000018248,4.97,8954.6,8.8,736.5,1,"Up Scan","Positive",254,0,4.37,1.6,8,8,0,1,1,21.946,30.019,23.04,9.647,1.918,8729.92,40,22,NA,0,0,0,0,0,0,0,0,0,0,0,0,0,0,0,0,0,0,0,0,0,0,0,0,0,0,0,0,0,0,0,16921.28,14504.096,13407.968,11882.336,10466.24,10044.992,9930.528,9549.952,10325.76,10551.68,11435.936,11689.024,12183.04,13212.896,13457.152,13093.312,11998.368,11314.048,9109.824,7539.136,6152.48,4943.104,4158.144,3478.624,3049.856,2565.28,2255.392,2269.44,2091.328,1847.424,1755.104,1570.144,1309.824,1170.784,968.512,868.192,807.584,727.872,672.544,600.384,493.376,522.24,439.776,414.176,396.32,357.856,241.536,226.752,148.768,75.136,53.408,44.448,24.096,17.76,6.176,7.936,4.896,1.696,0,1.6,0,0,0,0,0,0,0,0,0,0,0,0,0,0,0,0,0,0,0,0,0,0,0,0,0,0,0,0,0,0,0,0,0,0,0,5.267,6.809,8.459,10.651,12.267,13.622,16.133,19.227,21.812,27.363,32.113,39.432,45.22,52.504,62.636,69.906,74.118,73.705,75.042,65.287,58.234,51.04,44.114,39.932,35.928,33.652,30.318,28.313,29.435,28.393,26.142,26.168,24.333,21.594,20.158,17.569,16.631,15.439,14.336,13.441,11.667,9.588,9.379,7.51,6.643,6.243,5.453,3.634,3.321,2.179,1.067,0.745,0.599,0.334,0.229,0.078,0.098,0.06,0.02,0,0.02,0,0,0,0,0
2026-09-02 01:23:00,1,"Normal Scan","Normal Scan",0,"ON",1,1,1,738.5,5,20.8,98.2,43.3,0.000000068769,0.0000182193,4.97,8954.6,8.8,736.5,1,"Up Scan","Positive",254,0,4.37,1.6,8,8,0,1,1,23.43,31.644,24.293,26.416,1.926,8010.31,41,21.8,NA,0,0,0,0,0,0,0,0,0,0,0,0,0,0,0,0,0,0,0,0,0,0,0,0,0,0,0,0,0,0,0,12797.216,12242.848,10115.456,9446.848,8637.76,8506.528,8837.024,9477.952,8779.296,9013.728,9950.816,10644.352,11872.8,12886.112,13045.024,12901.12,12142.144,10747.648,9248.64,7776.096,6137.504,4847.584,3987.808,3498.208,3148,2621.504,2409.568,2190.944,2192.32,2070.784,1804.128,1545.632,1339.808,1179.328,920.64,844.352,822.432,741.12,689.216,660.096,561.152,560.064,509.408,445.408,364.736,359.36,283.104,183.904,118.432,84.352,44.064,46.944,11.808,16.256,6.112,4.768,8.16,0,0,1.536,0,0,0,0,0,0,0,0,0,0,0,0,0,0,0,0,0,0,0,0,0,0,0,0,0,0,0,0,0,0,0,0,0,0,0,3.851,5.14,7.186,8.113,9.762,11.274,13.72,17.114,21.634,23.33,27.493,34.433,41.299,51.183,61.182,67.854,73.079,74.554,71.376,66.305,60.085,50.975,43.45,38.443,36.27,34.962,30.894,29.898,28.705,29.485,28.959,26.643,24.272,22.141,20.687,17.238,16.53,16.18,14.546,13.388,12.704,10.472,9.689,8.457,7.11,5.788,5.389,4.216,2.703,1.742,1.219,0.604,0.632,0.189,0.21,0.078,0.059,0.099,0,0,0.02,0.014,0,0,0,0
2026-09-02 01:28:00,1,"Normal Scan","Normal Scan",0,"ON",1,1,1,738.6,5,20.9,98.2,43.6,0.0000000687988,0.0000182241,4.97,8954.6,8.8,736.5,1,"Up Scan","Positive",254,0,4.37,1.6,8,8,0,1,1,22.687,30.625,23.555,9.647,1.919,8725.4,41,21.8,NA,0,0,0,0,0,0,0,0,0,0,0,0,0,0,0,0,0,0,0,0,0,0,0,0,0,0,0,0,0,0,0,15482.784,13127.648,12589.088,11991.136,10893.856,10233.824,9846.304,9752.224,10030.24,10110.176,10671.136,10553.952,11775.04,12922.56,13396.512,13459.008,13026.4,11674.304,10232.064,8288.576,6731.904,5664.384,4376.704,3751.264,3034.176,2716.032,2362.72,2288.992,2125.952,1983.648,1834.848,1541.664,1307.872,1173.248,951.072,910.56,768.608,726.72,683.872,667.776,512.288,511.904,505.216,425.824,411.776,326.656,290.144,210.208,105.12,81.408,53.344,34.56,20.352,17.344,21.824,9.504,9.792,3.392,0,3.328,0,0,0,0,0,0,0,0,0,0,0,0,0,0,0,0,0,0,0,0,0,0,0,0,0,0,0,0,0,0,0,0,0,0,0,3.956,6.236,7.705,10.023,12.399,14.186,16.479,19.018,22.218,26.658,30.783,36.87,41.036,50.858,61.5,69.737,76.3,80.117,77.557,73.23,63.818,55.762,50.298,41.985,38.618,33.725,31.976,29.326,29.63,28.772,28.076,26.919,23.994,21.657,20.723,17.419,17.163,15.377,14.335,13.462,12.8,9.823,9.116,8.288,7.006,6.434,5.012,4.367,3.208,1.613,1.195,0.744,0.483,0.321,0.225,0.276,0.118,0.119,0.04,0,0.039,0.028,0,0,0,0
2026-09-02 01:33:00,1,"Normal Scan","Normal Scan",0,"ON",1,1,1,738.2,5,20.4,98.2,43.8,0.0000000686499,0.0000182001,4.97,8954.6,8.8,736.5,1,"Up Scan","Positive",254,0,4.37,1.6,8,8,0,1,1,22.966,30.5,23.627,9.647,1.907,9052.01,41,21.5,NA,0,0,0,0,0,0,0,0,0,0,0,0,0,0,0,0,0,0,0,0,0,0,0,0,0,0,0,0,0,0,0,16160.032,14406.176,13487.84,11473.632,10324.032,9745.856,9094.048,9266.048,10031.488,10521.6,10964.512,12284.192,13169.952,13847.008,14496.48,14579.04,13349.216,12283.36,10808.672,8999.2,7248.544,5659.296,4530.592,3852.416,3149.376,2639.808,2507.232,2306.272,2130.72,2120.384,1943.488,1630.496,1383.648,1127.712,1018.496,865.344,820.768,763.104,575.136,651.52,471.168,479.84,426.528,418.144,408.128,371.584,262.976,214.624,152.224,104.384,47.2,29.12,23.456,11.232,10.656,6.304,4.928,3.424,1.76,0,0,0,0,0,0,0,0,0,0,0,0,0,0,0,0,0,0,0,0,0,0,0,0,0,0,0,0,0,0,0,0,0,0,0,0,5.262,6.573,8.432,10.744,11.905,13.521,15.741,17.631,21.199,26.701,32.11,38.013,47.644,56.85,65.868,75.505,82.656,82.052,81.568,77.328,69.23,59.85,50.393,43.37,39.671,34.981,31.483,31.158,29.954,28.841,29.625,28.512,25.147,22.263,19.776,18.212,16.433,15.563,14.93,12.15,12.48,9.304,8.754,7.467,6.789,6.318,5.663,3.929,3.163,2.175,1.495,0.677,0.409,0.31,0.145,0.136,0.079,0.06,0.04,0.02,0,0,0,0,0,0
2026-09-02 01:38:00,1,"Normal Scan","Normal Scan",0,"ON",1,1,1,738.6,5,20.9,98.2,44.2,0.0000000687988,0.0000182241,4.97,8954.6,8.8,736.5,1,"Up Scan","Positive",254,0,4.37,1.6,8,8,0,1,1,21.16,28.618,21.876,9.647,1.927,9050.06,41,21.6,NA,0,0,0,0,0,0,0,0,0,0,0,0,0,0,0,0,0,0,0,0,0,0,0,0,0,0,0,0,0,0,0,26376.608,19786.24,15536.48,12534.912,9620.576,8954.784,9322.976,8863.616,9434.592,9676.064,10118.624,11474.144,12391.424,13610.464,13896.992,13756.256,12439.488,10879.744,9483.904,7545.664,6008.448,4643.776,3911.552,3066.688,2778.112,2414.4,2248.864,2081.76,2005.184,1869.888,1714.4,1349.6,1260.832,993.76,872.64,827.808,695.2,691.712,622.592,558.4,476.448,442.784,409.664,411.072,377.408,343.488,258.752,193.472,135.52,74.048,46.176,24.96,18.624,23.744,13.792,7.872,13.152,5.12,3.456,3.36,0,0,0,0,0,0,0,0,0,0,0,0,0,0,0,0,0,0,0,0,0,0,0,0,0,0,0,0,0,0,0,0,0,0,0,9.196,10.667,11.532,12.323,12.898,12.535,14.419,18.033,20.258,25.084,29.485,35.021,44.489,53.377,64.551,72.157,77.726,76.223,72.149,67.678,58.106,49.782,41.507,37.595,31.952,30.864,28.56,27.884,27.022,26.8,26.257,25.08,21.391,20.692,17.449,15.962,15.627,13.657,13.687,12.458,11.017,9.218,8.024,7.075,6.635,5.863,5.247,3.987,2.913,1.994,1.123,0.707,0.353,0.263,0.308,0.175,0.098,0.159,0.06,0.041,0.039,0,0,0,0,0
2026-09-02 01:43:00,1,"Normal Scan","Normal Scan",0,"ON",1,1,1,738.1,5,20.2,98.2,44.6,0.0000000685904,0.0000181905,4.97,8954.6,8.8,736.5,1,"Up Scan","Positive",254,0,4.37,1.6,8,8,0,1,1,18.666,26.975,20.349,9.647,1.942,9384.37,42,21.4,NA,0,0,0,0,0,0,0,0,0,0,0,0,0,0,0,0,0,0,0,0,0,0,0,0,0,0,0,0,0,0,0,34950.976,26156,19201.6,14789.536,11875.712,9476.64,9434.848,8980.768,8972.448,9607.136,10087.392,10424.96,11328.48,12089.76,12171.392,12110.496,11377.44,10073.024,8646.528,7084.736,5689.632,4474.272,3666.08,3022.24,2530.848,2198.08,1978.496,1886.016,1840.064,1716.928,1493.024,1372.352,1107.104,975.424,835.936,763.936,706.88,646.816,578.368,608.48,556.96,443.264,456,428.544,397.408,296.864,251.744,168.16,126.432,81.728,41.088,27.84,26.24,17.792,24.416,8.448,4.352,5.056,3.488,3.296,0,0,0,0,0,0,0,0,0,0,0,0,0,0,0,0,0,0,0,0,0,0,0,0,0,0,0,0,0,0,0,0,0,0,0,11.699,14.077,15.249,15.22,15.26,15.464,15.221,18.268,20.539,23.845,29.3,34.875,40.425,48.843,57.446,63.357,68.578,69.832,66.883,61.824,54.56,47.072,39.875,35.126,31.394,28.083,25.974,24.815,24.571,24.87,24.229,22.293,21.484,18.505,17.413,16.057,14.619,14.063,13.081,11.867,11.617,10.219,7.847,7.805,6.918,6.155,4.621,3.858,2.643,1.862,1.189,0.604,0.409,0.396,0.23,0.31,0.105,0.053,0.06,0.041,0.039,0.028,0,0,0,0
2026-09-02 01:48:00,1,"Normal Scan","Normal Scan",0,"ON",1,1,1,738.6,5,20.9,98.2,44.5,0.0000000687988,0.0000182241,4.97,8954.6,8.8,736.5,1,"Up Scan","Positive",254,0,4.37,1.6,8,8,0,1,1,20.601,27.021,21.155,9.647,1.867,10929.9,42,21.5,NA,0,0,0,0,0,0,0,0,0,0,0,0,0,0,0,0,0,0,0,0,0,0,0,0,0,0,0,0,0,0,0,31103.968,24525.856,19442.336,16170.4,12116.16,11504.16,11366.848,11553.888,11539.968,11963.616,13082.304,14935.776,15094.016,16351.872,17205.568,16574.816,15615.52,13495.264,11777.056,9536.768,7306.752,5515.936,4017.216,3152.288,2739.744,2249.312,2045.344,1873.984,1753.184,1634.592,1472.544,1338.08,1150.976,1030.944,880.544,777.056,689.536,642.528,603.488,522.112,526.304,466.112,417.6,442.528,415.52,339.712,242.848,213.44,115.904,69.216,49.632,24.864,20.064,23.648,12.192,12.576,6.528,1.664,1.728,1.792,0,0,0,0,0,0,0,0,0,0,0,0,0,0,0,0,0,0,0,0,0,0,0,0,0,0,0,0,0,0,0,0,0,0,0,10.255,12.534,14.206,15.425,16.69,15.813,18.475,21.995,26.384,30.669,36.497,45.227,57.809,65.037,77.625,89.349,93.761,95.584,89.141,83.729,72.955,59.954,48.645,38.241,32.443,30.081,26.554,25.419,24.5,23.986,23.395,22.004,20.893,19.1,17.831,16.504,15.068,13.586,13.293,12.264,10.449,9.943,8.401,7.083,7.075,6.413,5.172,3.748,3.18,1.73,1.008,0.695,0.353,0.283,0.306,0.155,0.157,0.08,0.02,0.02,0.02,0.014,0,0,0,0
2026-09-02 01:53:00,1,"Normal Scan","Normal Scan",0,"ON",1,1,1,738.2,5,20.4,98.2,45.2,0.0000000686499,0.0000182001,4.97,8954.6,8.8,736.5,1,"Up Scan","Positive",254,0,4.37,1.6,8,8,0,1,1,22.396,30.065,22.993,9.647,1.928,7701.65,42,21.3,NA,0,0,0,0,0,0,0,0,0,0,0,0,0,0,0,0,0,0,0,0,0,0,0,0,0,0,0,0,0,0,0,16982.304,14358.56,12053.824,10343.104,8761.216,7906.144,8114.656,7598.336,8141.856,8060.384,9112.8,9813.12,10375.552,11443.264,11963.84,12198.976,11789.728,10493.408,9346.24,7308.576,5839.424,4519.2,3521.344,2900.864,2377.152,2100.864,1975.84,1732.16,1657.92,1668.32,1446.816,1269.056,1067.552,955.296,818.688,739.04,687.136,630.368,547.296,541.344,528.64,438.848,397.344,394.304,379.36,322.688,272.48,193.024,112.192,74.912,62.272,37.28,28.864,10.336,13.696,9.504,4.896,3.36,3.52,3.616,0,0,0,0,0,0,0,0,0,0,0,0,0,0,0,0,0,0,0,0,0,0,0,0,0,0,0,0,0,0,0,0,0,0,0,4.652,6.921,8.403,9.574,10.66,11.43,12.7,15.734,17.42,21.652,24.628,31.549,38.145,44.856,54.499,62.26,69.139,72.346,69.531,66.641,56.09,48.211,40.218,33.634,29.924,26.58,24.869,24.588,22.625,22.645,23.534,21.612,20.05,17.75,16.884,15.47,14.271,13.498,12.73,11.279,10.841,9.948,7.958,6.763,6.483,6.008,5.013,4.078,2.889,1.698,1.08,0.877,0.558,0.415,0.134,0.175,0.118,0.06,0.04,0.041,0.039,0.028,0,0,0,0
2026-09-02 01:58:00,1,"Normal Scan","Normal Scan",0,"ON",1,1,1,738.4,5,20.6,98.2,44.9,0.0000000687095,0.0000182097,4.97,8954.6,8.8,736.5,1,"Up Scan","Positive",254,0,4.37,1.6,8,8,0,1,1,20.811,29.159,21.932,9.647,1.958,7713.21,42,21.3,NA,0,0,0,0,0,0,0,0,0,0,0,0,0,0,0,0,0,0,0,0,0,0,0,0,0,0,0,0,0,0,0,22867.648,17448.8,12975.84,10989.664,8390.56,8043.296,8021.664,7594.688,8100.256,8474.528,8908.992,9324.832,9892.48,10692,11505.28,11001.824,10158.368,9287.392,7779.872,6322.496,5205.152,4078.368,3425.12,2925.152,2461.216,2101.92,1926.08,1719.488,1580.128,1611.776,1399.072,1251.584,1063.136,913.248,805.472,785.696,684.128,600,622.56,533.728,501.824,469.184,438.048,399.296,369.536,373.824,276.224,182.624,128.736,63.648,43.552,35.968,8.896,16.256,13.696,7.84,11.424,5.088,1.728,1.792,0,0,0,0,0,0,0,0,0,0,0,0,0,0,0,0,0,0,0,0,0,0,0,0,0,0,0,0,0,0,0,0,0,0,0,8.063,9.199,10.21,10.25,11.367,10.912,12.964,15.513,17.373,21.532,25.829,30.81,36.163,42.691,50.793,59.805,62.281,62.358,61.654,55.747,48.765,43.115,36.438,32.771,30.057,27.285,24.785,24.035,22.459,21.603,22.991,21.025,19.706,18.142,16.29,15.162,15.18,13.725,12.328,12.344,10.838,9.664,8.287,7.423,6.421,5.812,5.575,4.171,2.776,1.893,0.955,0.64,0.502,0.132,0.21,0.175,0.098,0.139,0.06,0.02,0.02,0.014,0,0,0,0
2026-09-02 02:03:00,1,"Normal Scan","Normal Scan",0,"ON",1,1,1,738.2,5,20.4,98.2,45.5,0.0000000686499,0.0000182001,4.97,8954.6,8.8,736.5,1,"Up Scan","Positive",254,0,4.37,1.6,8,8,0,1,1,20.287,28.345,21.377,9.647,1.954,8495.9,42,21.3,NA,0,0,0,0,0,0,0,0,0,0,0,0,0,0,0,0,0,0,0,0,0,0,0,0,0,0,0,0,0,0,0,31402.08,20310.624,14833.696,10118.112,8701.12,7942.496,8211.104,8439.296,8542.336,9349.856,9895.264,10117.92,11042.304,11432.672,11546.912,11421.152,11116.288,9945.92,8873.6,7268.704,6048.288,4700.192,3918.112,2901.92,2453.504,2081.568,1948.8,1765.504,1733.536,1705.216,1357.12,1248.544,993.312,932.96,852.64,718.272,710.72,596.896,625.664,570.208,552.928,523.168,471.328,445.152,400.64,325.408,237.888,214.272,122.656,61.344,42.816,29.152,23.488,15.584,10.656,7.904,3.296,5.024,0,1.792,0,0,0,0,0,0,0,0,0,0,0,0,0,0,0,0,0,0,0,0,0,0,0,0,0,0,0,0,0,0,0,0,0,0,0,11.239,12.661,11.742,11.747,10.46,11.337,12.827,15.904,19.311,22.699,28.468,34.128,39.27,47.638,54.373,60.123,64.827,68.384,66.151,63.38,55.871,49.845,41.694,37.265,30.042,27.269,24.541,24.167,23.014,23.459,24.09,20.556,19.676,17.275,16.771,16.227,14.564,14.219,12.644,12.512,10.862,10.307,9.328,7.847,7.022,6.204,5.008,3.583,3.157,1.785,0.919,0.586,0.409,0.31,0.203,0.136,0.098,0.04,0.06,0,0.02,0,0,0,0,0
2026-09-02 02:08:00,1,"Normal Scan","Normal Scan",0,"ON",1,1,1,738.3,5,20.5,98.2,45,0.0000000686797,0.0000182049,4.97,8954.6,8.8,736.5,1,"Up Scan","Positive",254,0,4.37,1.6,8,8,0,1,1,19.373,28.969,21.413,9.647,1.992,7737.64,42,21.3,NA,0,0,0,0,0,0,0,0,0,0,0,0,0,0,0,0,0,0,0,0,0,0,0,0,0,0,0,0,0,0,0,24646.56,19247.68,14841.6,11390.016,10150.624,8860.16,8741.76,8161.696,8089.6,8251.776,8083.136,8340.32,8881.952,9232.128,9461.664,9745.984,8903.264,8188.16,7280.704,6452.736,5413.248,4263.008,3632.64,2946.976,2469.152,2171.2,1959.072,1826.24,1760.256,1630.528,1390.208,1266.56,1148,1020.032,869.216,756.448,787.648,670.912,593.056,628.32,488.992,484.992,457.408,419.136,408.992,362.4,280.928,194.592,119.488,72,46.048,40.384,27.104,11.776,10.72,6.368,3.264,8.512,7.008,0,0,0,0,0,0,0,0,0,0,0,0,0,0,0,0,0,0,0,0,0,0,0,0,0,0,0,0,0,0,0,0,0,0,0,0,8.012,9.958,11.257,11.771,11.763,13.293,14.242,16.922,18.653,21.471,25.112,27.932,32.34,38.299,43.958,49.359,55.42,54.884,54.622,52.276,49.791,44.857,38.033,34.817,30.485,27.32,25.545,24.436,24.138,23.953,23.249,21.262,20.27,19.091,18.188,16.238,14.879,15.348,13.489,12.275,12.193,9.479,8.632,7.627,6.704,6.429,5.553,4.219,2.886,1.755,1.027,0.732,0.576,0.358,0.153,0.136,0.079,0.04,0.101,0.081,0,0,0,0,0,0
2026-09-02 02:13:00,1,"Normal Scan","Normal Scan",0,"ON",1,1,1,738.2,5,20.3,98.2,45.6,0.0000000686201,0.0000181953,4.97,8954.6,8.8,736.5,1,"Up Scan","Positive",254,0,4.37,1.6,8,8,0,1,1,18.941,28.88,21.29,9.647,1.994,7865.27,42,21.3,NA,0,0,0,0,0,0,0,0,0,0,0,0,0,0,0,0,0,0,0,0,0,0,0,0,0,0,0,0,0,0,0,23380.352,19444.224,16781.248,12860.64,10771.328,9661.408,8889.344,8354.432,8560.608,8265.696,8343.2,8238.016,8559.04,8782.048,8792.192,9162.784,8878.56,8557.536,7473.824,6642.016,5421.216,4646.912,3546.24,2988.768,2515.264,2287.712,2009.504,1806.976,1770.496,1513.952,1490.912,1281.312,1062.912,971.424,813.088,784.96,722.528,698.336,709.376,589.472,606.592,501.536,492,468.896,412.96,322.496,278.752,185.984,120.384,98.368,63.04,33.088,15.808,17.664,13.696,18.912,3.232,3.392,0,1.792,0,0,0,0,0,0,0,0,0,0,0,0,0,0,0,0,0,0,0,0,0,0,0,0,0,0,0,0,0,0,0,0,0,0,0,7.886,9.434,11.397,13.369,13.299,14.041,15.518,17.208,19.052,22.68,25.124,28.78,31.929,36.967,41.846,46.002,52.18,54.84,57.011,53.639,51.232,45.032,41.341,33.981,30.883,27.65,26.845,24.982,23.579,24.079,21.941,22.261,20.49,18.722,17.524,16.038,15.368,14.633,14.147,13.975,11.494,11.192,8.913,8.203,7.723,6.483,4.876,4.199,2.827,1.828,1.386,0.879,0.463,0.21,0.23,0.175,0.236,0.04,0.04,0,0.019,0,0,0,0,0
2026-09-02 02:18:00,1,"Normal Scan","Normal Scan",0,"ON",1,1,1,738.2,5,20.4,98.2,45.2,0.0000000686499,0.0000182001,4.97,8954.6,8.8,736.5,1,"Up Scan","Positive",254,0,4.37,1.6,8,8,0,1,1,18.987,27.349,20.566,9.647,1.962,9587.17,42,21.2,NA,0,0,0,0,0,0,0,0,0,0,0,0,0,0,0,0,0,0,0,0,0,0,0,0,0,0,0,0,0,0,0,38463.808,28740.192,20323.936,13155.776,10438.208,9085.824,8550.304,8040.256,8689.632,8804.576,8936.96,9535.552,9952.64,10438.624,12143.84,12910.432,12785.344,11904.224,10400.032,8666.656,7054.528,5465.504,4283.456,3227.008,2694.016,2186.464,1942.528,1857.728,1772.224,1615.904,1524.352,1284.032,1127.456,987.2,944.928,817.184,711.328,625.184,601.152,547.008,549.696,471.712,481.92,459.552,381.408,363.52,293.696,200.512,124.064,97.184,40.096,24.16,21.056,14.848,12.16,11.104,1.632,3.392,1.76,0,0,0,0,0,0,0,0,0,0,0,0,0,0,0,0,0,0,0,0,0,0,0,0,0,0,0,0,0,0,0,0,0,0,0,0,14.116,15.411,16.725,16.125,13.519,13.582,14.665,16.539,18.389,23.065,26.833,30.978,37.175,43.19,49.96,63.43,73.421,78.614,79.005,74.187,66.44,57.928,48.198,40.647,33.124,29.707,25.837,24.242,24.38,24.159,23.329,22.758,20.312,18.856,17.478,17.467,15.706,14.467,13.006,12.138,11.291,10.363,8.459,8.192,7.318,5.884,5.494,4.427,2.948,1.861,1.369,0.567,0.342,0.295,0.191,0.155,0.138,0.02,0.04,0.02,0,0.014,0,0,0,0
2026-09-02 02:23:00,1,"Normal Scan","Normal Scan",0,"ON",1,1,1,738.2,5,20.4,98.2,45.8,0.0000000686499,0.0000182001,4.97,8954.6,8.8,736.5,1,"Up Scan","Positive",254,0,4.37,1.6,8,8,0,1,1,19.621,28.132,21.171,9.647,1.954,9086.23,42,21.2,NA,0,0,0,0,0,0,0,0,0,0,0,0,0,0,0,0,0,0,0,0,0,0,0,0,0,0,0,0,0,0,0,28630.144,22298.496,18617.984,14132.416,11604.544,10203.232,8819.52,9083.264,9004.896,9399.648,10250.72,10327.584,10525.44,11196.736,11472.544,11405.184,11304.224,10417.664,9450.784,8180.512,6831.008,5272.096,4187.456,3289.44,2615.616,2233.568,1893.28,1840.416,1690.336,1555.264,1390.688,1323.072,1131.904,991.456,850.464,900.512,817.088,689.088,594.304,649.856,602.912,508.192,472.736,430.176,447.648,374.56,293.248,198.752,145.472,73.824,40.608,30.112,24.384,19.168,10.656,9.44,1.632,0,1.76,1.792,0,0,0,0,0,0,0,0,0,0,0,0,0,0,0,0,0,0,0,0,0,0,0,0,0,0,0,0,0,0,0,0,0,0,0,9.056,11.64,13.055,14.792,14.61,15.104,16.416,17.057,20.735,23.942,28.641,35.391,40.049,45.494,53.34,59.94,64.959,69.637,69.331,67.6,62.773,56.166,46.452,39.775,33.63,28.705,26.22,23.83,24.166,23.333,22.446,21.547,21.225,19.005,17.942,16.577,17.166,15.891,13.997,12.445,12.668,11.21,9.166,7.785,6.963,6.885,5.684,4.435,2.954,2.122,1.027,0.567,0.427,0.34,0.249,0.136,0.118,0.02,0,0.02,0.02,0.014,0,0,0,0
2026-09-02 02:28:00,1,"Normal Scan","Normal Scan",0,"ON",1,1,1,738.2,5,20.3,98.2,45.5,0.0000000686201,0.0000181953,4.97,8954.6,8.8,736.5,1,"Up Scan","Positive",254,0,4.37,1.6,8,8,0,1,1,21.125,30.512,22.715,9.647,1.985,7442.95,43,21.1,NA,0,0,0,0,0,0,0,0,0,0,0,0,0,0,0,0,0,0,0,0,0,0,0,0,0,0,0,0,0,0,0,17198.528,15481.504,13021.568,10686.272,9408.864,8784.256,8416.544,8064.416,8166.016,8221.632,8307.04,8859.296,8900.352,9296.448,9626.656,9545.184,9610.176,9069.056,8069.6,6902.624,5915.968,4673.248,3857.6,3094.24,2540.384,2207.712,1967.264,1748.416,1772.032,1614.56,1425.824,1310.88,1125.12,1061.152,889.76,858.912,782.176,729.952,716.288,604.192,572.64,481.984,513.824,475.872,411.008,327.168,286.176,229.504,133.6,72.032,47.744,28.608,11.712,10.304,10.72,9.472,8.128,6.72,5.248,0,0,0,0,0,0,0,0,0,0,0,0,0,0,0,0,0,0,0,0,0,0,0,0,0,0,0,0,0,0,0,0,0,0,0,0,5.679,6.97,9.053,10.377,11.052,12.262,14.152,16.284,18.419,21.695,25.026,28.676,34.357,38.471,44.362,50.312,54.408,59.284,60.43,57.865,53.192,48.919,41.471,36.733,31.878,28.073,25.976,24.645,23.187,24.293,23.444,21.759,21.113,19.458,18.953,16.874,16.315,15.634,14.769,13.919,11.779,10.789,8.802,8.415,7.642,6.39,4.948,4.252,3.404,2.004,1.081,0.696,0.409,0.189,0.134,0.136,0.118,0.1,0.081,0.061,0,0.028,0,0,0,0
2026-09-02 02:33:00,1,"Normal Scan","Normal Scan",0,"ON",1,1,1,738.3,5,20.5,98.2,45.9,0.0000000686797,0.0000182049,4.97,8954.6,8.8,736.5,1,"Up Scan","Positive",254,0,4.37,1.6,8,8,0,1,1,20.84,31.215,22.946,9.647,2.014,6787.2,42,21.2,NA,0,0,0,0,0,0,0,0,0,0,0,0,0,0,0,0,0,0,0,0,0,0,0,0,0,0,0,0,0,0,0,14318.4,13894.08,12367.168,10082.752,8930.944,8732.32,8229.28,7830.496,7655.936,7705.792,7373.76,7745.088,7522.016,8004.576,8229.472,8203.456,8126.112,7767.712,6951.2,6191.392,5351.904,4496.864,3645.216,3104.256,2432.896,2176.384,1923.808,1778.208,1658.592,1567.072,1501.952,1306.912,1168.608,1023.584,889.088,808.16,776.544,750.752,654.72,616.64,594.464,522.944,555.104,451.456,425.6,388.864,264.128,166.272,122.944,55.84,59.264,29.152,15.872,5.92,13.792,11.072,6.56,3.392,1.728,1.792,0,0,0,0,0,0,0,0,0,0,0,0,0,0,0,0,0,0,0,0,0,0,0,0,0,0,0,0,0,0,0,0,0,0,0,4.245,5.764,8.124,9.826,10.41,11.648,14.049,15.94,17.879,20.287,23.4,25.43,30.02,32.505,38.205,43.017,46.824,50.266,51.903,50.033,47.833,44.32,39.932,34.913,31.701,27.08,25.775,24.182,23.461,22.992,22.589,22.673,21.244,19.884,18.378,16.966,15.909,15.746,14.683,13.452,12.006,10.842,9.071,8.877,7.278,6.635,5.847,3.908,2.512,1.848,0.829,0.842,0.409,0.226,0.077,0.175,0.138,0.08,0.04,0.02,0.02,0.014,0,0,0,0
2026-09-02 02:38:00,1,"Normal Scan","Normal Scan",0,"ON",1,1,1,738,5,20.1,98.2,45.7,0.0000000685606,0.0000181857,4.97,8954.6,8.8,736.5,1,"Up Scan","Positive",254,0,4.37,1.6,8,8,0,1,1,21.239,33.097,23.874,10.366,2.057,5653.55,43,21.1,NA,0,0,0,0,0,0,0,0,0,0,0,0,0,0,0,0,0,0,0,0,0,0,0,0,0,0,0,0,0,0,0,9254.944,10916.8,9160.736,8629.536,8114.208,7782.624,7115.232,6867.36,6997.216,6362.432,6419.584,6293.152,6122.112,6327.616,6459.2,6945.568,6544.512,6167.584,5433.824,5001.728,4367.52,3802.88,2956.64,2649.344,2319.232,2110.08,1847.936,1777.856,1663.008,1597.856,1474.144,1266.592,1133.056,965.024,985.568,719.072,677.504,689.472,674.944,629.344,553.568,528.224,484.864,479.808,430.048,365.408,284.64,218.496,132.576,73.088,48.576,24.8,21.376,14.272,11.584,5.92,8.224,5.056,0,0,0,0,0,0,0,0,0,0,0,0,0,0,0,0,0,0,0,0,0,0,0,0,0,0,0,0,0,0,0,0,0,0,0,0,0,3.247,3.748,6.436,7.314,8.915,10.617,12.563,13.736,15.65,18.535,19.306,22.135,24.356,26.45,30.173,33.814,39.615,40.574,41.24,39.271,38.859,36.477,34.035,28.707,27.545,25.949,24.983,23.299,23.249,23.044,22.968,22.014,20.266,19.409,17.521,18.207,14.718,13.989,14.29,13.37,12.392,10.653,9.299,8.021,7.709,6.565,5.578,4.28,3.21,1.901,1.113,0.677,0.335,0.283,0.184,0.147,0.074,0.1,0.06,0,0,0,0,0,0,0
2026-09-02 02:43:00,1,"Normal Scan","Normal Scan",0,"ON",1,1,1,738.3,5,20.5,98.2,45.9,0.0000000686797,0.0000182049,4.97,8954.6,8.8,736.5,1,"Up Scan","Positive",254,0,4.37,1.6,8,8,0,1,1,21.571,33.918,24.424,10.366,2.064,5344.33,43,21.2,NA,0,0,0,0,0,0,0,0,0,0,0,0,0,0,0,0,0,0,0,0,0,0,0,0,0,0,0,0,0,0,0,7878.464,8711.264,7693.056,8206.816,7745.728,7315.68,7636,7157.312,6547.712,6395.776,6259.968,5941.984,5773.728,6014.144,6395.904,6082.816,6314.304,5749.408,5227.232,4596.224,4192.736,3471.584,2941.28,2608.832,2297.376,2051.52,1943.296,1697.952,1621.984,1501.472,1491.968,1266.656,1041.248,970.56,848.832,829.504,770.72,765.952,701.152,681.888,611.264,534.432,524.256,456.576,439.008,352.992,267.872,183.904,98.016,76.48,50.784,39.52,17.088,8.832,3.04,6.304,3.296,3.424,1.728,0,0,0,0,0,0,0,0,0,0,0,0,0,0,0,0,0,0,0,0,0,0,0,0,0,0,0,0,0,0,0,0,0,0,0,0,2.272,3.211,5.103,6.162,8.504,10.125,11.767,14.746,16.318,17.362,19.406,21.553,23.003,24.921,28.701,33.442,34.8,39.068,38.518,37.812,35.813,35.053,31.301,28.458,27.079,25.542,24.418,24.196,22.364,22.4,21.833,22.635,20.739,18.293,18.09,16.597,16.164,15.513,15.03,13.921,12.939,11.134,9.158,8.494,7.31,6.856,5.312,3.972,2.66,1.436,1.081,0.74,0.531,0.226,0.115,0.039,0.078,0.04,0.04,0.02,0,0,0,0,0,0
2026-09-02 02:48:00,1,"Normal Scan","Normal Scan",0,"ON",1,1,1,737.7,5,19.8,98.1,46.2,0.0000000685411,0.0000181713,4.97,8954.6,8.8,736.5,1,"Up Scan","Positive",254,0,4.37,1.6,8,8,0,1,1,20.721,33.529,23.971,9.647,2.077,5092.45,43,20.9,NA,0,0,0,0,0,0,0,0,0,0,0,0,0,0,0,0,0,0,0,0,0,0,0,0,0,0,0,0,0,0,0,8536.352,8428.896,8054.528,7993.568,7435.136,7552.576,7285.28,6661.024,6626.4,6402.528,5850.4,5808.032,5469.6,5251.168,5590.432,5691.84,5447.456,5003.52,4765.376,4039.904,3587.648,3027.36,2796.8,2407.84,2129.024,1983.584,1889.152,1593.472,1614.016,1520.832,1423.872,1218.944,1131.616,940.992,827.712,769.12,797.568,706.016,644.192,598.496,606.496,500.672,464.16,426.24,413.44,326.144,227.264,179.84,107.648,73.408,44.8,24.672,24.256,16.16,6.176,7.872,3.232,1.696,0,1.792,0,0,0,0,0,0,0,0,0,0,0,0,0,0,0,0,0,0,0,0,0,0,0,0,0,0,0,0,0,0,0,0,0,0,0,2.055,3.473,4.931,6.416,8.309,9.737,12.191,14.052,15.198,17.509,19.39,20.161,22.455,23.575,25.067,29.236,32.448,33.755,33.621,34.469,31.564,30.22,27.468,27.076,25.158,23.909,23.573,23.664,21.191,22.182,22.001,21.624,19.956,19.165,17.186,16.125,15.043,15.353,14.024,12.78,11.607,10.852,8.586,7.713,6.833,6.346,4.995,3.407,2.675,1.578,1.027,0.627,0.349,0.321,0.211,0.078,0.098,0.04,0.02,0,0.02,0,0,0,0,0
2026-09-02 02:53:00,1,"Normal Scan","Normal Scan",0,"ON",1,1,1,738.2,5,20.3,98.2,46,0.0000000686201,0.0000181953,4.97,8954.6,8.8,736.5,1,"Up Scan","Positive",254,0,4.37,1.6,8,8,0,1,1,20.059,32.985,23.411,9.647,2.081,5203.73,43,21,NA,0,0,0,0,0,0,0,0,0,0,0,0,0,0,0,0,0,0,0,0,0,0,0,0,0,0,0,0,0,0,0,10251.936,9194.496,8663.424,7962.496,8271.84,7464.896,7143.968,6954.912,6768.512,6409.28,6354.176,5656.608,5566.208,5367.456,5464.96,5538.336,5427.808,5058.688,4522.816,4068.768,3605.792,3086.784,2682.24,2313.504,2127.648,1879.744,1676.672,1607.456,1540.384,1521.984,1318.72,1237.376,1042.24,907.36,893.984,813.408,758.72,618.304,626.944,538.208,508.352,530.496,436.096,484.544,466.752,363.008,287.136,171.68,125.216,79.264,43.584,32.032,16.384,16.224,18.368,15.872,2.656,5.696,3.52,3.264,0,0,0,0,0,0,0,0,0,0,0,0,0,0,0,0,0,0,0,0,0,0,0,0,0,0,0,0,0,0,0,0,0,0,0,3.301,4.157,5.402,6.894,8.251,10.837,12.029,13.829,15.848,17.91,19.426,21.834,21.852,23.972,25.564,28.567,31.639,33.608,33.958,32.731,31.801,30.224,27.815,26.071,24.177,23.835,22.405,21.195,21.29,21.273,22.016,20.391,19.665,17.912,16.365,16.712,15.94,14.897,13.225,12.926,10.997,9.701,9.214,7.374,7.753,7.24,5.517,4.324,2.634,1.933,1.164,0.63,0.465,0.283,0.211,0.233,0.197,0.032,0.068,0.041,0.039,0.042,0,0,0,0
2026-09-02 02:58:00,1,"Normal Scan","Normal Scan",0,"ON",1,1,1,737.9,5,19.9,98.2,46.6,0.0000000685011,0.0000181761,4.97,8954.6,8.8,736.5,1,"Up Scan","Positive",254,0,4.37,1.6,8,8,0,1,1,22.597,33.491,24.576,10.366,2.024,5532.45,43,20.9,NA,0,0,0,0,0,0,0,0,0,0,0,0,0,0,0,0,0,0,0,0,0,0,0,0,0,0,0,0,0,0,0,8134.592,8620.544,8525.664,7580.384,7135.904,6906.88,6966.848,6754.176,6664.128,6683.456,6191.712,6264.832,6682.88,6693.952,6998.496,7299.744,7223.808,6754.88,6173.536,5452.48,4426.464,3858.848,3191.232,2635.52,2351.904,1993.376,1702.016,1681.6,1623.904,1442.944,1392.288,1242.432,1117.376,886.784,859.072,879.328,710.112,692.864,638.048,618.048,470.304,497.984,467.392,434.464,401.088,298.112,280.512,197.92,121.248,66.24,38.432,31.936,29.888,11.808,15.232,11.04,1.664,8.48,0,1.792,0,0,0,0,0,0,0,0,0,0,0,0,0,0,0,0,0,0,0,0,0,0,0,0,0,0,0,0,0,0,0,0,0,0,0,2.2,3.311,5.025,6.776,7.875,9.333,11.109,13.5,15.412,17.65,20.32,21.382,24.307,28.891,31.998,36.669,41.613,44.689,45.145,44.432,42.268,36.866,34.341,30.704,27.337,25.921,23.696,21.6,22.171,22.288,21.067,21.415,19.855,18.964,16.54,15.88,16.525,14.297,13.843,12.641,11.756,9.262,8.875,7.709,6.925,6.241,4.663,4.194,2.979,1.774,0.973,0.568,0.446,0.396,0.153,0.194,0.138,0.02,0.101,0,0.019,0,0,0,0,0
2026-09-02 03:03:00,1,"Normal Scan","Normal Scan",0,"ON",1,1,1,738.2,5,20.5,98.1,46.3,0.0000000687497,0.0000182049,4.97,8954.6,8.8,736.5,1,"Up Scan","Positive",254,0,4.37,1.6,8,8,0,1,1,20.72,33.004,23.682,9.647,2.062,5264.85,43,21.1,NA,0,0,0,0,0,0,0,0,0,0,0,0,0,0,0,0,0,0,0,0,0,0,0,0,0,0,0,0,0,0,0,10825.344,8328.224,7917.504,7915.712,7470.88,7032.896,7094.048,6985.6,6724.928,6674.592,6578.496,6157.664,6231.008,5878.976,5995.744,5811.392,5621.312,5401.568,4726.176,4192.864,3767.936,3212.224,2812.256,2457.92,2096.512,1871.2,1757.664,1641.376,1641.024,1490.4,1354.944,1216.352,1018.336,876.96,822.912,844.384,699.232,644.256,606.4,572.992,506.528,483.52,494.496,455.168,392.16,347.04,273.6,201.376,136.64,71.168,56.672,21.088,22.784,10.336,7.616,9.504,4.896,0,8.672,1.792,0,0,0,0,0,0,0,0,0,0,0,0,0,0,0,0,0,0,0,0,0,0,0,0,0,0,0,0,0,0,0,0,0,0,0,2.782,4.431,4.929,6.27,8.197,9.766,11.303,13.718,15.902,17.77,20.257,22.612,23.769,26.819,27.977,31.283,33.167,34.83,36.174,34.218,32.641,31.517,28.931,27.227,25.63,23.492,22.333,22.054,21.637,22.232,21.644,20.682,19.451,17.467,16.171,15.512,16.078,14.323,13.351,12.31,11.413,9.543,8.745,8.141,7.364,6.04,5.272,4.107,2.945,2.026,1.008,0.842,0.316,0.301,0.134,0.097,0.118,0.06,0,0.102,0.02,0,0,0,0,0
2026-09-02 03:08:00,1,"Normal Scan","Normal Scan",0,"ON",1,1,1,737.9,5,20,98.1,46.8,0.0000000686007,0.0000181809,4.97,8954.6,8.8,736.5,1,"Up Scan","Positive",254,0,4.37,1.6,8,8,0,1,1,19.977,33.169,23.416,10.366,2.096,4706.17,43,20.9,NA,0,0,0,0,0,0,0,0,0,0,0,0,0,0,0,0,0,0,0,0,0,0,0,0,0,0,0,0,0,0,0,8701.952,9162.272,8525.472,7670.656,6970.944,6959.136,6254.528,5944.608,6268.992,5506.304,5559.872,5337.856,4819.2,4896.224,4967.2,4716.64,4799.2,4419.04,4069.856,3545.632,2983.52,2688.672,2250.016,2065.664,1864.544,1862.24,1682.784,1584.736,1589.536,1521.792,1326.336,1091.296,976.448,897.6,776.064,727.776,618.72,615.456,557.28,459.84,499.168,451.648,430.112,432.832,400.288,388.768,256.16,182.432,118.176,72.768,43.712,34.08,17.792,17.792,9.152,4.768,0,0,0,1.792,0,0,0,0,0,0,0,0,0,0,0,0,0,0,0,0,0,0,0,0,0,0,0,0,0,0,0,0,0,0,0,0,0,0,0,2.607,3.535,5.424,6.784,7.96,9.079,11.193,12.121,13.532,16.565,16.731,19.127,20.62,20.769,23.312,25.936,26.917,29.732,29.614,29.428,27.733,25.245,24.476,22.114,21.923,21.179,22.084,21.077,20.76,21.676,21.708,19.815,17.592,16.621,15.851,14.776,14.327,12.691,12.767,11.641,9.883,9.442,8.048,7.23,6.84,6.212,5.819,3.874,2.691,1.698,1.014,0.599,0.475,0.234,0.23,0.116,0.059,0,0,0,0.02,0,0,0,0,0
2026-09-02 03:13:00,1,"Normal Scan","Normal Scan",0,"ON",1,1,1,738.2,5,20.5,98.1,46.3,0.0000000687497,0.0000182049,4.97,8954.6,8.8,736.5,1,"Up Scan","Positive",254,0,4.37,1.6,8,8,0,1,1,19.275,33.071,23.145,10.366,2.113,4593.97,44,21.1,NA,0,0,0,0,0,0,0,0,0,0,0,0,0,0,0,0,0,0,0,0,0,0,0,0,0,0,0,0,0,0,0,8826.784,9108.96,8247.232,8391.008,7452.544,7119.488,6298.272,5962.368,5872.64,5660.224,5255.616,4800.608,4685.056,4354.624,4507.136,4234.048,4253.12,4013.344,3542.112,3346.464,2960.032,2671.616,2176,2049.152,1835.584,1761.568,1581.184,1605.664,1448.512,1406.272,1302.976,1226.816,1010.496,894.784,764.992,791.68,624.512,585.856,567.616,630.72,459.968,438.784,464.256,401.088,353.664,293.248,236.896,194.88,129.92,49.76,48.256,38.848,31.328,17.664,10.656,0,1.6,6.752,0,1.792,0,0,0,0,0,0,0,0,0,0,0,0,0,0,0,0,0,0,0,0,0,0,0,0,0,0,0,0,0,0,0,0,0,0,0,2.687,3.609,5.316,6.57,8.688,9.726,11.435,12.155,13.532,15.482,17.121,18.011,18.504,20.154,20.745,23.576,24.207,26.398,26.928,25.787,26.191,24.967,24.236,21.483,21.572,20.69,21.151,20.117,21.126,20.005,20.258,19.922,19.171,17.069,16.359,14.549,14.896,12.896,12.026,11.462,11.644,8.999,8.024,7.611,6.373,5.569,4.605,3.563,2.878,1.847,0.738,0.677,0.539,0.415,0.23,0.136,0,0.02,0.081,0,0.02,0,0,0,0,0
2026-09-02 03:18:00,1,"Normal Scan","Normal Scan",0,"ON",1,1,1,737.9,5,20.1,98.1,46.9,0.0000000686305,0.0000181857,4.97,8954.6,8.8,736.5,1,"Up Scan","Positive",254,0,4.37,1.6,8,8,0,1,1,18.613,32.405,22.593,9.647,2.111,4700.93,43,21,NA,0,0,0,0,0,0,0,0,0,0,0,0,0,0,0,0,0,0,0,0,0,0,0,0,0,0,0,0,0,0,0,10010.272,9106.304,9159.04,9282.24,8047.968,7627.296,6757.664,6194.112,5590.528,5574.688,5312.928,4672.64,4713.056,4478.24,4219.904,4093.216,4120.416,3959.936,3705.504,3109.376,2784.576,2514.976,2248.416,2134.976,1932.992,1777.152,1634.4,1495.2,1445.696,1392.768,1354.72,1098.816,994.464,831.392,785.728,748.224,634.976,513.216,533.28,506.752,430.176,445.888,439.712,463.776,428.608,366.24,213.44,211.488,105.184,91.648,51.072,25.44,13.024,7.392,15.264,7.904,3.264,6.752,1.76,3.552,0,0,0,0,0,0,0,0,0,0,0,0,0,0,0,0,0,0,0,0,0,0,0,0,0,0,0,0,0,0,0,0,0,0,0,2.532,4.119,5.367,7.302,9.674,10.512,12.273,13.028,14.114,14.778,16.857,18.223,18.051,20.274,21.328,22.075,23.4,25.568,26.629,26.923,24.478,23.632,22.934,21.999,22.413,21.702,21.204,20.643,19.726,19.856,20.108,20.281,17.354,16.519,15.243,14.621,14.582,12.863,11.568,11.533,10.172,8.385,7.999,7.466,7.426,6.604,5.51,3.193,3.173,1.552,1.342,0.714,0.39,0.189,0.096,0.194,0.098,0.04,0.081,0.02,0.039,0.014,0,0,0,0
2026-09-02 03:23:00,1,"Normal Scan","Normal Scan",0,"ON",1,1,1,738.2,5,20.4,98.1,46.4,0.0000000687199,0.0000182001,4.97,8954.6,8.8,736.5,1,"Up Scan","Positive",254,0,4.37,1.6,8,8,0,1,1,18.129,31.23,21.975,9.647,2.085,5058.6,44,21.1,NA,0,0,0,0,0,0,0,0,0,0,0,0,0,0,0,0,0,0,0,0,0,0,0,0,0,0,0,0,0,0,0,11236.608,11155.04,10936.192,9666.176,8511.744,8071.168,7047.776,6461.056,6333.92,6012.864,5579.264,5329.888,4944.288,4700.096,4704.672,4497.44,4253.664,3993.184,3721.056,3349.408,2985.792,2823.648,2452.512,2087.616,1905.696,1793.44,1680.64,1506.336,1494.56,1409.472,1339.584,1159.936,938.112,812.704,732.896,659.552,661.952,614.56,599.2,492.608,460.448,426.432,414.272,409.184,417.824,333.28,254.752,171.424,131.36,71.296,45.344,29.056,18.752,11.776,9.184,4.736,9.856,0,0,0,0,0,0,0,0,0,0,0,0,0,0,0,0,0,0,0,0,0,0,0,0,0,0,0,0,0,0,0,0,0,0,0,0,0,0,3.373,4.569,6.57,8.684,10.078,11.121,13.002,13.598,14.715,16.768,18.214,19.107,20.538,21.245,22.368,24.558,25.663,26.452,26.931,27.032,26.271,25.23,25.584,23.817,21.981,21.502,21.443,20.981,19.598,20.463,20.179,20.038,18.443,16.059,14.969,13.988,13.14,13.152,12.565,12.301,10.038,8.743,7.78,6.995,6.548,6.414,5.091,3.762,2.547,1.901,1.07,0.622,0.39,0.264,0.153,0.116,0.059,0.119,0,0,0,0.014,0,0,0,0
2026-09-02 03:28:00,1,"Normal Scan","Normal Scan",0,"ON",1,1,1,738,5,20.2,98.1,47,0.0000000686603,0.0000181905,4.97,8954.6,8.8,736.5,1,"Up Scan","Positive",254,0,4.37,1.6,8,8,0,1,1,17.751,30.909,21.672,9.647,2.092,5058.3,44,21,NA,0,0,0,0,0,0,0,0,0,0,0,0,0,0,0,0,0,0,0,0,0,0,0,0,0,0,0,0,0,0,0,14126.464,11023.872,10828.192,8787.232,8735.584,7759.904,6856.96,6644.768,6392.416,6015.712,5428.288,4981.664,4721.344,4427.456,4605.152,4363.68,4247.392,4026.208,3713.76,3281.76,2933.312,2627.392,2383.264,2116.896,1923.776,1719.904,1695.04,1577.44,1418.464,1414.976,1206.048,1162.688,973.92,892.576,783.232,665.536,583.488,604.352,547.904,501.248,434.784,448.352,415.2,391.904,384.288,357.76,267.264,164.64,98.048,64.64,35.68,34.528,22.848,19.232,9.216,7.936,3.232,3.424,1.728,1.792,0,0,0,0,0,0,0,0,0,0,0,0,0,0,0,0,0,0,0,0,0,0,0,0,0,0,0,0,0,0,0,0,0,0,0,3.874,5.7,6.483,8.551,9.066,11.362,12.475,13.235,15.135,16.897,18.173,18.624,19.19,20.319,21.082,24.041,24.939,26.369,27.096,26.999,25.765,24.777,23.933,23.255,22.173,21.549,20.588,21.173,20.737,19.678,20.173,18.25,18.332,16.54,15.734,14.604,13.297,12.088,12.195,11.426,10.185,8.446,7.902,6.927,6.217,6.015,5.434,4.038,2.459,1.466,0.906,0.533,0.481,0.302,0.249,0.116,0.098,0.04,0.04,0.02,0.02,0,0,0,0,0
2026-09-02 03:33:00,1,"Normal Scan","Normal Scan",0,"ON",1,1,1,738.3,5,20.5,98.2,46.5,0.0000000686797,0.0000182049,4.97,8954.6,8.8,736.5,1,"Up Scan","Positive",254,0,4.37,1.6,8,8,0,1,1,18.962,30.739,22.053,9.647,2.055,5585.06,44,21.1,NA,0,0,0,0,0,0,0,0,0,0,0,0,0,0,0,0,0,0,0,0,0,0,0,0,0,0,0,0,0,0,0,14375.52,12670.944,11295.712,9905.76,8508.384,7317.984,6710.272,6633.44,6509.472,6177.824,5762.72,5755.936,6003.232,5600.48,5993.376,5828.832,5424.224,5479.84,4912.736,4326.4,3683.392,3146.048,2775.136,2389.92,2042.24,1882.24,1737.088,1646.656,1548.608,1480.096,1339.072,1205.088,967.616,822.816,703.712,689.12,604.448,625.888,564.032,451.392,480.992,419.584,412.704,407.136,400.096,334.88,269.248,182.4,126.656,73.984,39.2,22.08,25.824,13.248,7.584,3.168,0,1.696,3.488,0,0,0,0,0,0,0,0,0,0,0,0,0,0,0,0,0,0,0,0,0,0,0,0,0,0,0,0,0,0,0,0,0,0,0,0,4.773,5.852,7.436,8.978,10.232,11.087,11.803,12.958,15.096,17.268,18.742,19.819,22.261,25.834,26.719,31.316,33.256,33.621,36.691,35.497,33.672,30.843,28.404,26.882,24.911,22.896,22.394,21.777,21.295,21.004,20.935,19.922,19.023,16.533,14.702,13.697,13.465,12.419,12.804,11.471,9.581,9.104,7.698,6.981,6.503,6.081,5.125,4.048,2.651,1.812,1.027,0.586,0.297,0.358,0.172,0.097,0.039,0,0.02,0.041,0,0.014,0,0,0,0
2026-09-02 03:38:00,1,"Normal Scan","Normal Scan",0,"ON",1,1,1,738.1,5,20.3,98.1,47,0.0000000686901,0.0000181953,4.97,8954.6,8.8,736.5,1,"Up Scan","Positive",254,0,4.37,1.6,8,8,0,1,1,17.025,26.639,19.772,9.647,1.957,7784.1,44,21.1,NA,0,0,0,0,0,0,0,0,0,0,0,0,0,0,0,0,0,0,0,0,0,0,0,0,0,0,0,0,0,0,0,28687.456,21812.32,17268.448,14020.736,11568.8,10015.68,9309.056,8690.432,8408.096,8494.72,8969.632,8407.648,8394.752,7976.384,8192.896,8097.472,7757.088,7046.56,6154.112,5286.656,4285.888,3698.336,2950.4,2500.832,2115.168,1915.552,1749.632,1599.168,1504.096,1366.848,1262.72,1125.92,916.384,713.696,729.984,675.008,614.752,591.296,554.656,527.136,440.576,438.656,435.616,431.04,371.328,319.008,204.544,197.984,100.16,60.768,49.344,20.96,17.248,23.68,10.656,4.768,3.264,1.696,0,3.552,0,0,0,0,0,0,0,0,0,0,0,0,0,0,0,0,0,0,0,0,0,0,0,0,0,0,0,0,0,0,0,0,0,0,0,9.487,11.6,12.71,13.714,14.438,15.096,16.154,18.034,19.806,22.28,25.797,30.863,32.49,36.108,37.886,42.71,45.976,47.817,46.887,44.214,40.849,35.675,33.064,28.349,25.844,23.508,22.557,21.707,20.601,20.402,19.593,18.931,17.857,15.903,13.476,13.793,13.366,12.518,12.389,11.257,10.159,8.526,7.693,7.254,6.903,5.689,4.831,3.173,2.928,1.478,0.878,0.677,0.316,0.245,0.306,0.136,0.059,0.04,0.02,0,0.039,0.014,0,0,0,0
2026-09-02 03:43:00,1,"Normal Scan","Normal Scan",0,"ON",1,1,1,737.9,5,20.1,98.1,46.7,0.0000000686305,0.0000181857,4.97,8954.6,8.8,736.5,1,"Up Scan","Positive",254,0,4.37,1.6,8,8,0,1,1,18.183,26.357,20.233,9.647,1.891,9289.85,44,21,NA,0,0,0,0,0,0,0,0,0,0,0,0,0,0,0,0,0,0,0,0,0,0,0,0,0,0,0,0,0,0,0,27334.368,22461.44,18967.808,14990.816,13632.192,12620.672,11555.264,11769.12,11791.104,12014.08,11170.208,10951.456,11200.352,10828.16,10974.016,11103.68,10596.448,9274.72,8281.76,7101.728,5674.592,4592.64,3590.336,2859.872,2289.504,2050.528,1790.56,1647.424,1575.808,1461.248,1336.384,1140.32,958.976,807.968,716.768,713.504,582.688,589.632,583.36,484.704,452.32,463.872,443.488,427.584,386.496,285.952,268.64,189.76,105.92,55.584,39.136,26.56,28.48,8.672,4.8,6.304,4.864,3.392,1.728,5.408,0,0,0,0,0,0,0,0,0,0,0,0,0,0,0,0,0,0,0,0,0,0,0,0,0,0,0,0,0,0,0,0,0,0,0,8.84,11.093,13.236,15.102,15.433,17.799,20.307,22.308,26.835,31.22,36.477,38.448,42.384,48.172,51.461,57.191,63.028,65.193,61.689,59.211,54.501,46.83,40.63,34.166,29.388,25.35,24.054,22.276,21.365,21.284,20.759,19.906,18.06,16.428,14.674,13.776,13.929,12.246,12.213,11.765,9.69,8.849,8.145,7.288,6.712,5.992,4.43,3.982,2.809,1.558,0.793,0.567,0.409,0.377,0.112,0.061,0.079,0.06,0.04,0.02,0.059,0,0,0,0,0
2026-09-02 03:48:00,1,"Normal Scan","Normal Scan",0,"ON",1,1,1,738.2,5,20.4,98.1,47,0.0000000687199,0.0000182001,4.97,8954.6,8.8,736.5,1,"Up Scan","Positive",254,0,4.37,1.6,8,8,0,1,1,18.204,28.803,21.088,9.647,1.997,6476.85,44,21.1,NA,0,0,0,0,0,0,0,0,0,0,0,0,0,0,0,0,0,0,0,0,0,0,0,0,0,0,0,0,0,0,0,18155.36,15219.04,13228.576,11719.488,9744.352,8843.936,8228.672,8305.984,7918.432,7342.016,7508.832,7333.984,6812.384,6782.848,6681.216,6814.976,6558.144,5942.368,5412.64,4692.64,4094.848,3369.696,2952.16,2356.064,2123.616,1809.152,1820.32,1560.96,1532.832,1445.408,1250.88,1141.44,955.072,847.136,744.96,720.736,597.92,504.96,495.68,523.584,449.472,456.128,417.44,425.568,390.848,303.776,259.808,165.312,95.04,68.544,34.368,38.24,17.28,19.136,10.72,9.312,1.632,1.696,1.76,0,0,0,0,0,0,0,0,0,0,0,0,0,0,0,0,0,0,0,0,0,0,0,0,0,0,0,0,0,0,0,0,0,0,0,0,5.521,7.433,8.9,10.525,12.158,12.731,14.252,15.935,18.875,20.928,22.304,25.806,28.318,29.309,32.256,34.873,38.803,40.5,39.768,38.948,36.404,34.116,30.286,28.397,24.613,23.518,21.504,22.529,20.46,20.817,20.602,18.855,17.892,15.998,15.186,14.152,14.042,12.269,10.985,10.521,10.299,8.681,7.916,6.993,6.687,6.094,4.624,3.956,2.466,1.383,0.973,0.494,0.52,0.245,0.249,0.137,0.117,0.02,0.02,0.02,0,0.014,0,0,0,0
2026-09-02 03:53:00,1,"Normal Scan","Normal Scan",0,"ON",1,1,1,737.9,5,20.1,98.1,46.9,0.0000000686305,0.0000181857,4.97,8954.6,8.8,736.5,1,"Up Scan","Positive",254,0,4.37,1.6,8,8,0,1,1,18.272,28.867,21.11,9.647,1.999,6422.05,44,21,NA,0,0,0,0,0,0,0,0,0,0,0,0,0,0,0,0,0,0,0,0,0,0,0,0,0,0,0,0,0,0,0,17431.136,15908.256,13065.568,10959.328,9778.848,8688.352,8348.896,8025.728,7797.952,7644.608,7567.104,7360.576,7191.616,6915.04,6582.816,6443.328,6313.472,5707.328,5241.472,4705.76,4040.992,3277.504,2788.16,2363.168,2103.744,1916.608,1771.808,1657.472,1547.744,1454.08,1289.312,1131.232,1001.312,753.856,730.432,654.304,642.688,519.616,521.792,468.32,461.088,401.024,406.88,463.584,406.592,344.064,264.896,133.696,120,78.112,28.832,34.784,9.152,20.544,7.68,4.736,0,1.696,5.216,1.792,0,0,0,0,0,0,0,0,0,0,0,0,0,0,0,0,0,0,0,0,0,0,0,0,0,0,0,0,0,0,0,0,0,0,0,6.095,7.046,9.302,10.361,11.346,12.78,14.017,16.176,18.279,20.648,23.201,26.015,28.379,30.888,32.87,34.394,36.721,39.016,38.176,37.79,36.496,33.731,29.503,27,24.658,23.461,22.595,22.046,21.444,20.987,20.486,19.344,17.852,16.471,14.039,13.911,12.899,12.964,11.309,11.062,9.77,8.778,7.026,6.993,7.207,6.31,5.123,4.009,2.021,1.729,1.09,0.439,0.502,0.134,0.266,0.097,0.059,0,0.02,0.061,0.02,0.014,0,0,0,0
2026-09-02 03:58:00,1,"Normal Scan","Normal Scan",0,"ON",1,1,1,738.2,5,20.5,98.1,47.2,0.0000000687497,0.0000182049,4.97,8954.6,8.8,736.5,1,"Up Scan","Positive",254,0,4.37,1.6,8,8,0,1,1,18.838,30.743,21.957,9.647,2.061,5361.23,44,21.1,NA,0,0,0,0,0,0,0,0,0,0,0,0,0,0,0,0,0,0,0,0,0,0,0,0,0,0,0,0,0,0,0,14977.28,12136.192,10004.352,8634.656,7883.232,7209.696,6774.496,6630.496,6454.08,6456.608,6312.256,6038.144,5998.816,5626.464,5462.784,5333.056,5137.312,4652.352,4165.632,3636.96,3226.976,2829.952,2401.824,2183.936,1904.64,1891.84,1803.296,1699.776,1514.688,1456.768,1324.8,1132.256,996.64,871.168,763.232,697.504,654.336,527.424,528.064,491.008,460.384,423.456,419.104,425.568,393.856,318.08,262.048,176.352,92.096,46.88,37.152,17.152,21.472,11.904,7.648,7.904,9.856,0,3.456,0,0,0,0,0,0,0,0,0,0,0,0,0,0,0,0,0,0,0,0,0,0,0,0,0,0,0,0,0,0,0,0,0,0,0,0,4.68,6.062,7.074,7.955,8.946,10.324,11.592,13.078,15.099,17.061,19.558,21.657,23.294,25.785,26.733,28.512,30.367,31.776,31.152,30.161,28.429,27.246,25.745,23.592,23.015,21.417,22.422,22.355,22.134,20.885,20.568,19.945,17.819,16.55,15.573,14.363,13.582,13.044,11.481,10.921,9.739,8.857,7.387,6.888,6.655,5.995,4.87,3.912,2.599,1.369,0.72,0.541,0.231,0.283,0.153,0.097,0.098,0.119,0,0.041,0,0,0,0,0,0
2026-09-02 04:03:00,1,"Normal Scan","Normal Scan",0,"ON",1,1,1,737.9,5,20,98.1,47.1,0.0000000686007,0.0000181809,4.97,8954.6,8.8,736.5,1,"Up Scan","Positive",254,0,4.37,1.6,8,8,0,1,1,19.419,33.227,23.235,9.647,2.12,4477.05,44,21,NA,0,0,0,0,0,0,0,0,0,0,0,0,0,0,0,0,0,0,0,0,0,0,0,0,0,0,0,0,0,0,0,9994.752,8332.832,7876.576,7326.752,6827.008,6932.416,6509.76,5957.088,5509.536,5281.92,5202.72,4824.096,4863.264,4311.36,4057.824,4184.608,3955.904,3687.712,3277.856,3107.328,2773.536,2591.04,2298.816,2087.648,1932.192,1892.16,1755.392,1749.664,1542.72,1528.608,1312.896,1213.664,985.024,855.776,743.52,643.648,584.512,549.088,540.672,487.232,428.992,456.736,421.216,425.024,388.672,335.168,231.296,175.744,112.544,58.688,43.328,27.136,18.944,21.28,13.76,4.768,4.928,3.36,1.728,3.328,0,0,0,0,0,0,0,0,0,0,0,0,0,0,0,0,0,0,0,0,0,0,0,0,0,0,0,0,0,0,0,0,0,0,0,3.148,4.058,4.944,6.334,7.61,8.912,11.148,12.592,13.57,14.577,16.011,17.855,18.604,20.908,20.511,21.239,23.908,24.612,24.871,23.947,24.478,23.665,23.698,22.69,22.08,21.897,22.436,21.949,22.677,20.938,21.435,19.542,18.915,16.58,15.198,13.992,13.08,12.066,11.586,11.347,9.802,8.301,8.016,7.01,6.815,6,5.127,3.53,2.651,1.656,0.865,0.622,0.382,0.283,0.276,0.175,0.059,0.06,0.04,0.02,0.039,0.014,0,0,0,0
2026-09-02 04:08:00,1,"Normal Scan","Normal Scan",0,"ON",1,1,1,738.3,5,20.6,98.1,47.2,0.0000000687795,0.0000182097,4.97,8954.6,8.8,736.5,1,"Up Scan","Positive",254,0,4.37,1.6,8,8,0,1,1,19.986,36.153,24.323,9.647,2.22,4381.61,44,21.1,NA,0,0,0,0,0,0,0,0,0,0,0,0,0,0,0,0,0,0,0,0,0,0,0,0,0,0,0,0,0,0,0,10503.584,8173.792,7366.624,7360.448,5898.816,5664.992,6002.432,5791.328,5295.936,5151.584,4781.824,4612.96,4349.792,4086.784,3792.384,3872.576,3736.192,3444.128,3506.464,3097.312,2735.136,2486.048,2337.472,2144.544,2009.312,1822.496,1820.736,1722.272,1635.776,1385.6,1210.432,1080.928,855.584,786.624,965.664,1140.32,1028.736,959.264,872.032,751.552,614.016,536.8,567.232,584.96,478.592,412.096,266.848,197.568,121.6,64.928,38.976,26.048,13.696,16.864,9.248,4.736,4.896,3.328,3.488,5.376,0,0,0,0,0,0,0,0,0,0,0,0,0,0,0,0,0,0,0,0,0,0,0,0,0,0,0,0,0,0,0,0,0,0,0,3.05,4.233,4.781,5.877,7.622,7.708,9.153,11.596,13.182,13.984,15.579,16.385,17.774,18.69,19.471,19.877,22.143,23.248,23.292,25.571,24.438,23.288,22.87,23.041,22.65,22.407,21.532,22.529,22.232,22.649,21.184,20.487,19.133,16.891,16.246,18.339,20.782,19.576,18.764,16.565,14.183,11.273,9.367,9.232,8.979,7.344,6.161,3.993,2.964,1.772,0.954,0.549,0.409,0.181,0.218,0.116,0.059,0.06,0.04,0.041,0.059,0,0,0,0,0
2026-09-02 04:13:00,1,"Normal Scan","Normal Scan",0,"ON",1,1,1,737.9,5,20,98.1,47.3,0.0000000686007,0.0000181809,4.97,8954.6,8.8,736.5,1,"Up Scan","Positive",254,0,4.37,1.6,8,8,0,1,1,14.858,20.589,16.76,14.855,1.666,15032.3,44,21,NA,0,0,0,0,0,0,0,0,0,0,0,0,0,0,0,0,0,0,0,0,0,0,0,0,0,0,0,0,0,0,0,26588.416,26767.008,30069.472,36376.672,44729.184,48678.816,56296.32,45243.584,30302.4,20747.68,16584.544,14488.864,13440.16,10714.816,7502.912,5347.552,4459.872,3814.464,3353.568,3119.456,2721.888,2501.92,2430.24,2179.104,2119.776,1899.264,1755.456,1722.528,1720,1561.536,1364.864,1215.776,1089.728,970.752,751.552,755.68,706.656,597.376,530.688,515.776,495.008,396.416,431.232,418.72,401.664,371.264,262.272,198.048,111.68,74.016,40.256,40.352,18.688,13.216,7.616,7.904,4.896,0,5.248,0,0,0,0,0,0,0,0,0,0,0,0,0,0,0,0,0,0,0,0,0,0,0,0,0,0,0,0,0,0,0,0,0,0,0,0,5.76,10.854,15.819,24.136,37.911,58.642,78.496,108.542,102.369,79.506,62.371,56.471,55.339,57.051,50.221,38.688,30.308,27.592,25.767,24.536,24.673,23.23,23.016,23.851,23.145,23.86,22.665,22.008,22.739,23.291,22.148,20.584,19.29,17.931,17.062,14.403,14.355,13.982,12.425,11.345,10.537,9.351,7.369,7.212,6.645,6.338,5.617,3.915,2.913,1.664,1.049,0.567,0.576,0.264,0.172,0.097,0.098,0.06,0,0.061,0,0.014,0,0,0,0
2026-09-02 04:18:00,1,"Normal Scan","Normal Scan",0,"ON",1,1,1,738.3,5,20.6,98.1,47.2,0.0000000687795,0.0000182097,4.97,8954.6,8.8,736.5,1,"Up Scan","Positive",254,0,4.37,1.6,8,8,0,1,1,14.044,22.095,17.004,12.864,1.793,10536.5,44,21.2,NA,0,0,0,0,0,0,0,0,0,0,0,0,0,0,0,0,0,0,0,0,0,0,0,0,0,0,0,0,0,0,0,24356.608,23993.376,29945.376,34433.184,34888.064,29815.776,21555.104,16645.376,14330.208,12782.336,13319.328,12075.744,8747.776,6580.64,5124.032,4288.416,3719.2,3622.112,3310.368,2884.64,2629.76,2514.24,2324.064,2022.336,1875.712,1752.032,1706.72,1600.736,1538.88,1464.128,1364.416,1226.176,1033.088,920.8,774.24,685.216,607.744,539.52,486.208,458.208,453.792,422.688,449.024,429.248,374.24,365.536,254.08,169.824,112.032,66.528,36.864,30.08,13.088,14.688,7.68,14.24,3.296,5.024,3.488,0,0,0,0,0,0,0,0,0,0,0,0,0,0,0,0,0,0,0,0,0,0,0,0,0,0,0,0,0,0,0,0,0,0,0,0,5.49,9.872,14.222,23.998,35.822,45.34,47.768,41.47,37.734,37.772,38.478,45.404,46.054,37.185,31.032,26.582,24.417,23.149,24.448,24.138,22.773,22.41,22.992,22.794,21.436,21.236,21.171,21.447,21.038,21.105,20.8,20.212,18.909,17.122,16.062,14.376,13.495,12.671,11.444,10.456,9.607,8.653,7.612,7.45,6.794,5.815,5.52,3.806,2.533,1.695,0.991,0.531,0.409,0.207,0.191,0.097,0.177,0.04,0.06,0.041,0,0.028,0,0,0,0
2026-09-02 04:23:00,1,"Normal Scan","Normal Scan",0,"ON",1,1,1,737.9,5,20.1,98.1,47.4,0.0000000686305,0.0000181857,4.97,8954.6,8.8,736.5,1,"Up Scan","Positive",254,0,4.37,1.6,8,8,0,1,1,17.831,31.343,21.967,9.647,2.087,4769.83,44,21,NA,0,0,0,0,0,0,0,0,0,0,0,0,0,0,0,0,0,0,0,0,0,0,0,0,0,0,0,0,0,0,0,10432.032,9466.464,9246.976,9089.824,8430.144,7989.728,7524.64,7217.024,6751.168,6062.784,5652.8,5418.976,4703.104,4352.224,4038.176,3803.584,3738.848,3401.504,3045.28,2664.8,2366.656,2242.304,2183.872,1995.712,1884.256,1750.464,1727.104,1614.688,1523.648,1480.768,1298.336,1140.928,987.52,828.832,690.944,627.264,565.408,549.664,508.416,468.384,435.968,425.376,445.76,416.448,370.976,347.136,251.776,177.824,102.88,71.232,42.4,17.472,25.632,17.696,6.08,9.44,1.632,1.696,1.76,0,0,0,0,0,0,0,0,0,0,0,0,0,0,0,0,0,0,0,0,0,0,0,0,0,0,0,0,0,0,0,0,0,0,0,0,3.216,4.308,5.617,7.393,9.429,11,12.824,14.577,16.429,17.834,18.342,19.365,20.841,20.179,20.659,21.045,21.7,23.204,22.969,22.278,21.124,20.308,20.757,21.595,21.112,21.311,20.92,21.586,21.035,20.506,20.776,19.342,17.887,16.509,14.774,13.19,12.65,11.993,11.589,10.726,9.74,8.459,7.47,7.431,6.651,5.638,5.307,3.804,2.631,1.489,1.005,0.608,0.242,0.34,0.23,0.078,0.118,0.02,0.02,0.02,0,0,0,0,0,0
2026-09-02 04:28:00,1,"Normal Scan","Normal Scan",0,"ON",1,1,1,738.3,5,20.6,98.1,47.4,0.0000000687795,0.0000182097,4.97,8954.6,8.8,736.5,1,"Up Scan","Positive",254,0,4.37,1.6,8,8,0,1,1,18.158,32.536,22.461,9.647,2.132,4466.03,44,21.2,NA,0,0,0,0,0,0,0,0,0,0,0,0,0,0,0,0,0,0,0,0,0,0,0,0,0,0,0,0,0,0,0,10279.68,9210.272,8796.736,7997.216,7691.36,7108,6695.232,6336.224,5748.384,5823.776,5020.448,4602.56,4294.144,3903.616,3805.824,3518.816,3451.424,2989.12,2889.728,2792,2299.168,2384.448,2233.376,1939.264,1861.152,1748.128,1713.472,1688.64,1543.968,1440.224,1379.488,1219.904,964,850.08,700.224,701.408,588.192,472.704,507.36,433.12,445.408,417.344,449.504,452.704,397.92,352.288,274.016,176.704,122.528,68.64,44.704,23.392,17.216,19.68,13.024,3.2,4.896,5.056,1.728,0,0,0,0,0,0,0,0,0,0,0,0,0,0,0,0,0,0,0,0,0,0,0,0,0,0,0,0,0,0,0,0,0,0,0,0,2.409,4.182,5.39,7.018,8.289,10.023,11.456,12.95,14.411,15.198,17.598,17.215,17.694,18.408,18.544,19.881,20.08,21.488,20.315,21.158,22.096,19.741,21.956,22.017,20.653,21.1,21.04,21.576,21.766,20.977,20.452,20.257,18.723,16.123,14.883,13.594,13.626,12.411,10.817,10.813,9.334,8.712,7.451,7.528,7.213,6.104,5.358,4.155,2.586,1.771,1.018,0.641,0.315,0.226,0.257,0.166,0.039,0.06,0.06,0.02,0,0,0,0,0,0
2026-09-02 04:33:00,1,"Normal Scan","Normal Scan",0,"ON",1,1,1,737.9,5,20,98.1,47.7,0.0000000686007,0.0000181809,4.97,8954.6,8.8,736.5,1,"Up Scan","Positive",254,0,4.37,1.6,8,8,0,1,1,18.815,33.715,23.212,10.366,2.149,4210.56,44,21,NA,0,0,0,0,0,0,0,0,0,0,0,0,0,0,0,0,0,0,0,0,0,0,0,0,0,0,0,0,0,0,0,8260.96,8296.384,7689.44,7191.232,7287.936,6930.72,6287.936,5869.12,5530.944,5236.544,4850.752,4483.872,4306.336,3879.584,3623.616,3486.144,3353.472,2965.952,2830.528,2523.264,2303.264,2189.312,2020.352,1936.096,1871.52,1701.6,1788.288,1700.832,1548.928,1536.608,1343.136,1157.216,1025.504,869.216,802.528,686.208,609.44,544.16,456.736,456.64,485.728,446.944,412.768,441.408,435.072,381.792,272.16,146.816,92.544,66.88,29.888,29.184,18.88,11.84,15.232,7.872,4.896,1.696,1.76,2.4,0,0,0,0,0,0,0,0,0,0,0,0,0,0,0,0,0,0,0,0,0,0,0,0,0,0,0,0,0,0,0,0,0,0,0,2.179,3.36,4.86,6.136,7.471,9.543,11.158,12.177,13.39,14.606,15.849,16.651,17.253,18.486,18.43,18.906,19.906,20.871,20.095,20.741,20.078,19.766,20.328,20.233,20.584,21.317,20.523,22.284,22.123,21.13,21.715,20.046,18.177,16.767,15.408,15.069,13.663,12.54,11.636,10.305,9.815,9.137,7.681,6.847,6.94,6.672,5.766,4.053,2.268,1.383,0.966,0.41,0.409,0.283,0.153,0.194,0.098,0.06,0.02,0.02,0.031,0.006,0,0,0,0
2026-09-02 04:38:00,1,"Normal Scan","Normal Scan",0,"ON",1,1,1,738.2,5,20.5,98.1,47.4,0.0000000687497,0.0000182049,4.97,8954.6,8.8,736.5,1,"Up Scan","Positive",254,0,4.37,1.6,8,8,0,1,1,18.349,33.018,22.767,9.647,2.143,4310.92,45,21.1,NA,0,0,0,0,0,0,0,0,0,0,0,0,0,0,0,0,0,0,0,0,0,0,0,0,0,0,0,0,0,0,0,9396.64,9005.344,8413.184,7954.496,6979.488,6486.784,6486.688,6194.816,5763.648,5490.464,4863.04,4300.832,4199.232,3858.912,3599.616,3372.224,3198.688,2990.016,2699.776,2662.912,2385.856,2229.376,2041.184,2010.336,1895.712,1791.52,1754.464,1649.088,1679.04,1619.488,1372.896,1129.632,997.472,903.648,742.528,651.936,518.848,543.392,480.704,400.64,440.8,456.448,416.832,439.712,423.776,341.664,256.64,177.408,99.648,66.4,35.84,22.208,20.448,17.728,1.536,11.008,3.232,1.696,0,1.792,0,0,0,0,0,0,0,0,0,0,0,0,0,0,0,0,0,0,0,0,0,0,0,0,0,0,0,0,0,0,0,0,0,0,0,2.576,3.847,5.283,6.676,8.226,9.096,10.401,12.535,14.131,15.19,16.561,16.648,16.544,18.004,18.316,18.795,19.27,19.959,20.244,19.87,21.132,20.453,20.639,20.414,21.521,21.613,21.493,21.778,21.488,22.626,22.634,20.06,17.649,16.409,15.623,14.007,13.138,11.21,11.683,10.49,8.756,8.53,7.972,6.952,6.888,6.472,5.21,3.84,2.621,1.525,0.939,0.491,0.316,0.339,0.23,0.019,0.138,0.04,0.02,0,0.02,0.056,0,0,0,0
2026-09-02 04:43:00,1,"Normal Scan","Normal Scan",0,"ON",1,1,1,737.9,5,20,98.1,48,0.0000000686007,0.0000181809,4.97,8954.6,8.8,736.5,1,"Up Scan","Positive",254,0,4.37,1.6,8,8,0,1,1,18.651,33.283,23.001,10.366,2.139,4320.4,45,21,NA,0,0,0,0,0,0,0,0,0,0,0,0,0,0,0,0,0,0,0,0,0,0,0,0,0,0,0,0,0,0,0,8417.248,8673.44,7982.816,8065.92,7547.136,6938.528,6203.2,6025.792,5830.624,5336.192,5016.832,4708.256,4344.544,4015.488,3687.648,3376.768,3223.04,3161.472,2724.672,2641.056,2376.576,2249.984,2128.096,2013.12,1892.96,1818.144,1776.8,1707.392,1629.44,1607.68,1449.472,1156.16,1081.152,870.304,696.928,598.944,551.136,503.296,487.968,420.512,453.696,422.208,421.6,480.448,429.568,380.288,251.936,180.704,118.08,68.928,44.8,20.128,14.656,11.808,9.12,3.136,1.6,0,1.76,1.504,0,0,0,0,0,0,0,0,0,0,0,0,0,0,0,0,0,0,0,0,0,0,0,0,0,0,0,0,0,0,0,0,0,0,0,2.615,3.448,5.13,6.346,8.347,9.862,11.156,11.994,13.673,15.381,16.144,17.219,18.08,18.633,19.043,19.245,19.3,20.086,21.4,20.051,20.965,20.452,20.831,21.196,21.518,21.609,21.854,22.178,22.19,21.98,22.299,20.952,17.961,17.478,15.364,13.52,12.353,11.669,11.395,10.801,9.212,8.725,7.523,7.025,7.632,6.517,5.691,3.76,2.669,1.706,0.958,0.622,0.279,0.226,0.153,0.116,0.039,0.02,0,0.02,0.02,0.014,0,0,0,0
2026-09-02 04:48:00,1,"Normal Scan","Normal Scan",0,"ON",1,1,1,738.2,5,20.5,98.1,47.6,0.0000000687497,0.0000182049,4.97,8954.6,8.8,736.5,1,"Up Scan","Positive",254,0,4.37,1.6,8,8,0,1,1,17.732,31.567,22.022,11.14,2.1,4843.46,45,21.1,NA,0,0,0,0,0,0,0,0,0,0,0,0,0,0,0,0,0,0,0,0,0,0,0,0,0,0,0,0,0,0,0,9953.696,10007.968,10073.088,8994.176,8431.104,8623.584,7636,7286.016,6834.336,6295.424,5951.584,4907.904,4815.456,4389.248,4160.64,3649.856,3263.2,3157.44,2989.408,2661.12,2464.096,2263.488,2123.84,1968.64,2013.856,1931.072,1859.872,1704.832,1741.984,1619.968,1406.24,1147.584,1003.168,938.144,742.912,666.656,557.92,508.448,508.448,459.68,422.88,432.32,431.296,451.264,444.832,371.392,244.128,193.376,112.992,59.072,34.432,23.136,16,20.672,7.616,3.136,3.264,1.696,1.76,3.36,0,0,0,0,0,0,0,0,0,0,0,0,0,0,0,0,0,0,0,0,0,0,0,0,0,0,0,0,0,0,0,0,0,0,0,2.927,4.082,5.89,8.067,9.287,10.989,13.912,14.705,16.57,18.023,18.997,20.33,18.884,20.629,20.794,21.655,20.844,20.322,21.348,21.893,21.202,21.214,21.035,21.146,21.194,22.844,22.94,22.98,22.247,23.488,22.526,20.693,17.76,16.579,16.355,14.014,13.387,11.802,11.374,11.095,9.576,8.381,7.774,7.103,7.026,6.759,5.601,3.705,2.86,1.631,0.857,0.483,0.334,0.245,0.268,0.097,0.039,0.04,0.02,0.02,0.04,0.014,0,0,0,0
2026-09-02 04:53:00,1,"Normal Scan","Normal Scan",0,"ON",1,1,1,738.5,5,20.9,98.1,47.7,0.000000068869,0.0000182241,4.97,8954.6,8.8,736.5,1,"Up Scan","Positive",254,0,4.37,1.6,8,8,0,1,1,16.825,30.087,21.102,9.647,2.071,5281.97,45,21.3,NA,0,0,0,0,0,0,0,0,0,0,0,0,0,0,0,0,0,0,0,0,0,0,0,0,0,0,0,0,0,0,0,12132.512,11525.408,11185.472,10763.392,10557.664,9332.608,9261.92,8210.112,7157.184,6699.744,6193.568,5364.288,4797.856,4391.84,4272.448,3683.776,3421.824,3193.152,3139.552,2769.664,2571.552,2450.496,2164.064,2047.456,1963.936,1741.632,1676.192,1724.288,1740.736,1581.12,1445.408,1265.312,1066.208,886.08,757.856,604.704,566.624,560.16,429.632,412.608,457.184,442.432,398.432,424.736,453.056,336.224,293.76,185.856,109.216,86.848,43.008,29.184,17.216,10.304,13.824,3.168,4.896,0,1.728,1.792,0,0,0,0,0,0,0,0,0,0,0,0,0,0,0,0,0,0,0,0,0,0,0,0,0,0,0,0,0,0,0,0,0,0,0,3.769,4.928,6.778,8.869,11.171,13.758,14.972,17.857,18.655,18.845,20.249,21.164,20.583,20.543,20.814,22.249,21.057,21.334,21.615,22.965,21.93,21.917,22.48,21.526,22.007,22.26,21.115,21.233,22.481,23.357,22.003,20.839,19.484,17.348,15.257,14.348,12.478,11.845,11.978,9.92,9.043,9.111,7.777,6.803,6.752,6.977,5.073,4.325,2.797,1.6,1.228,0.604,0.409,0.245,0.134,0.175,0.039,0.06,0,0.02,0.02,0.014,0,0,0,0
2026-09-02 04:58:00,1,"Normal Scan","Normal Scan",0,"ON",1,1,1,739.3,5,21.9,98.1,47.4,0.0000000691672,0.0000182719,4.97,8954.6,8.8,736.5,1,"Up Scan","Positive",254,0,4.37,1.6,8,8,0,1,1,16.9,29.915,21.042,9.647,2.069,5353.96,44,21.6,NA,0,0,0,0,0,0,0,0,0,0,0,0,0,0,0,0,0,0,0,0,0,0,0,0,0,0,0,0,0,0,0,12915.584,12025.664,11553.536,10787.808,10172.128,9621.28,8494.592,7986.144,7637.792,6619.68,6468.064,5435.296,5000.416,4765.248,4107.36,3720.704,3697.44,3423.552,2880.992,2755.488,2526.368,2339.488,2156.896,2051.008,1929.28,1862.432,1885.888,1858.304,1736.16,1561.28,1404.608,1273.696,1099.712,866.304,750.144,657.696,609.088,550.912,519.36,497.664,423.872,416.48,410.912,424.192,391.136,334.56,277.376,175.968,90.496,54.656,22.272,34.56,24.288,10.336,9.248,9.536,4.96,5.12,1.728,0,0,0,0,0,0,0,0,0,0,0,0,0,0,0,0,0,0,0,0,0,0,0,0,0,0,0,0,0,0,0,0,0,0,0,0,3.611,5.19,7.022,9.169,11.151,13.234,15.448,16.352,18.119,20.107,19.968,22.087,20.873,21.376,22.486,21.385,21.227,22.942,23.087,21.151,21.841,21.642,21.705,21.588,21.893,21.943,22.28,23.581,23.978,23.318,21.848,20.712,19.609,17.921,15.557,13.956,12.953,12.479,11.611,10.837,10.111,8.282,7.484,6.631,6.628,6.07,5.119,4.113,2.6,1.354,0.806,0.365,0.464,0.32,0.134,0.116,0.118,0.06,0.06,0.02,0,0,0,0,0,0
2026-09-02 05:03:00,1,"Normal Scan","Normal Scan",0,"ON",1,1,1,739.9,5,22.7,98.1,46.8,0.0000000694058,0.0000183102,4.97,8954.6,8.8,736.5,1,"Up Scan","Positive",254,0,4.37,1.6,8,8,0,1,1,17.163,30.419,21.319,9.647,2.074,5305.98,43,22.1,NA,0,0,0,0,0,0,0,0,0,0,0,0,0,0,0,0,0,0,0,0,0,0,0,0,0,0,0,0,0,0,0,11788.8,11465.376,10541.152,10484.48,10054.176,9546.112,8876.16,8253.824,7951.04,7298.464,6134.592,5832.544,5101.248,4747.776,4164.256,3800.224,3435.008,3258.688,3081.12,2699.296,2470.656,2240.256,2129.248,2064.928,1863.008,1813.984,1850.016,1703.456,1842.048,1667.968,1488.48,1233.696,1131.232,839.008,732.448,717.632,608.384,495.904,497.088,493.024,473.6,446.112,444.352,507.232,386.688,356.32,273.536,220.864,97.792,55.136,36.544,33.056,22.816,14.72,7.616,6.4,3.296,6.752,1.728,0,0,0,0,0,0,0,0,0,0,0,0,0,0,0,0,0,0,0,0,0,0,0,0,0,0,0,0,0,0,0,0,0,0,0,0,3.456,4.78,6.651,8.384,10.82,13.063,15.269,17.1,18.718,20.934,21.971,20.932,22.32,21.801,22.423,21.632,21.641,21.326,22.007,22.5,21.379,21.153,20.799,21.25,22.167,21.435,21.857,23.155,22.263,24.378,23.353,21.667,19.051,18.324,15.12,14.154,14.081,12.629,11.467,10.642,10.097,9.248,7.992,7.263,7.892,6.003,5.452,4.067,3.201,1.433,0.845,0.53,0.445,0.301,0.191,0.097,0.078,0.04,0.08,0.02,0,0,0,0,0,0
2026-09-02 05:08:00,1,"Normal Scan","Normal Scan",0,"ON",1,1,1,739.1,5,21.6,98.1,46.6,0.0000000690777,0.0000182576,4.97,8954.6,8.8,736.5,1,"Up Scan","Positive",254,0,4.37,1.6,8,8,0,1,1,17.195,30.202,21.321,9.647,2.057,5413.79,43,22.1,NA,0,0,0,0,0,0,0,0,0,0,0,0,0,0,0,0,0,0,0,0,0,0,0,0,0,0,0,0,0,0,0,11406.144,10609.12,10982.784,10670.4,10755.68,9608.64,9736.768,8818.368,7831.616,7126.24,6682.656,5816.288,5460.416,4757.568,4387.392,3907.04,3789.184,3433.632,3152.544,2997.056,2534.912,2367.712,2129.28,2159.424,1980.576,1901.824,1753.76,1702.944,1686.944,1665.472,1422.912,1248.256,964.896,918.304,742.848,619.776,565.184,507.52,534.752,492.672,467.744,470.976,462.4,502.368,429.6,337.696,281.12,163.2,85.28,81.824,31.52,24.992,23.168,16.224,12.224,7.904,3.264,6.752,0,3.456,0,0,0,0,0,0,0,0,0,0,0,0,0,0,0,0,0,0,0,0,0,0,0,0,0,0,0,0,0,0,0,0,0,0,0,3.507,4.631,6.224,8.753,11.045,13.963,15.43,18.719,20.031,20.618,21.474,22.869,22.325,23.352,22.503,22.848,22.283,23.488,23.155,23.043,23.668,21.718,21.813,21.238,22.875,22.569,22.611,22.015,22.146,22.669,23.122,20.813,19.191,16.181,16.364,14.218,12.84,12.179,11.582,11.339,10.021,8.896,8.234,7.601,7.895,6.563,5.189,4.194,2.473,1.275,1.187,0.457,0.353,0.339,0.21,0.155,0.098,0.04,0.08,0,0.04,0.014,0,0,0,0
2026-09-02 05:13:00,1,"Normal Scan","Normal Scan",0,"ON",1,1,1,738.4,5,20.7,98.1,45.9,0.0000000688093,0.0000182145,4.97,8954.6,8.8,736.5,1,"Up Scan","Positive",254,0,4.37,1.6,8,8,0,1,1,17.216,30.552,21.387,9.647,2.079,5369.98,43,21.8,NA,0,0,0,0,0,0,0,0,0,0,0,0,0,0,0,0,0,0,0,0,0,0,0,0,0,0,0,0,0,0,0,12109.376,11792.768,10625.792,10559.936,10026.08,9682.272,8951.808,8082.016,7685.632,7077.056,6285.984,5983.04,5063.168,4573.536,4301.312,3932.128,3621.536,3517.632,3226.624,2858.464,2528.448,2391.008,2147.008,2064.384,2054.144,1890.272,1837.44,1856.096,1759.52,1595.904,1495.808,1283.296,1023.68,849.92,728.896,738.144,526.464,571.552,552.832,477.536,459.648,452.992,522.944,477.376,406.432,390.528,321.28,186.624,101.632,60.096,42.304,30.112,20.128,13.216,12.16,3.168,3.264,1.664,3.488,1.792,0,0,0,0,0,0,0,0,0,0,0,0,0,0,0,0,0,0,0,0,0,0,0,0,0,0,0,0,0,0,0,0,0,0,0,3.126,4.928,6.933,8.49,10.905,13.115,15.589,17.272,18.377,20.294,21.365,21.52,22.994,21.687,21.682,22.415,22.438,22.529,23.697,23.603,22.715,21.688,22.095,21.511,22.13,23.28,22.671,22.955,23.826,23.545,22.466,21.869,19.657,17.248,15.395,14.037,14.518,12.131,12.332,11.667,10.234,9.069,8.067,8.393,7.527,6.282,5.916,4.773,2.773,1.476,0.866,0.595,0.436,0.283,0.172,0.155,0.039,0.04,0.02,0.041,0.02,0.014,0,0,0,0
2026-09-02 05:18:00,1,"Normal Scan","Normal Scan",0,"ON",1,1,1,738.6,5,21,98.1,46.1,0.0000000688988,0.0000182289,4.97,8954.6,8.8,736.5,1,"Up Scan","Positive",254,0,4.37,1.6,8,8,0,1,1,17.676,30.99,21.757,9.647,2.078,5204.93,44,21.9,NA,0,0,0,0,0,0,0,0,0,0,0,0,0,0,0,0,0,0,0,0,0,0,0,0,0,0,0,0,0,0,0,11340.32,10515.2,10506.304,9523.168,9339.456,8927.136,8390.528,7975.072,7481.12,6774.496,6410.368,5876.96,5383.232,4783.84,4284.64,4003.936,3777.216,3351.936,3234.848,2940.608,2571.904,2482.272,2302.4,2049.696,1972.672,1963.936,1863.36,1768.512,1703.808,1636.32,1386.208,1162.88,1019.84,914.4,726.88,643.744,630.624,567.04,536.416,440.704,430.144,450.656,448.512,485.824,413.184,338.208,264.928,214.496,139.712,66.112,43.392,32.48,28.896,11.776,4.576,9.408,6.528,1.664,1.76,1.6,0,0,0,0,0,0,0,0,0,0,0,0,0,0,0,0,0,0,0,0,0,0,0,0,0,0,0,0,0,0,0,0,0,0,0,3.374,4.594,6.187,8.369,9.873,12.192,14.356,16.138,18.128,19.71,20.52,21.955,22.574,23.039,22.669,22.331,22.835,23.483,22.674,23.628,23.262,22.088,22.896,22.802,21.864,22.438,23.261,23.169,22.837,23.039,22.71,20.464,18.336,17.1,15.965,13.841,13.029,12.994,12.575,11.349,9.254,8.63,8.27,7.497,7.646,6.399,5.23,3.926,3.17,2.039,0.954,0.604,0.446,0.415,0.153,0.058,0.118,0.08,0.02,0.02,0.02,0.014,0,0,0,0
2026-09-02 05:23:00,1,"Normal Scan","Normal Scan",0,"ON",1,1,1,738.2,5,20.4,98.1,46.7,0.0000000687199,0.0000182001,4.97,8954.6,8.8,736.5,1,"Up Scan","Positive",254,0,4.37,1.6,8,8,0,1,1,17.307,30.037,21.314,9.647,2.05,5619.83,44,21.6,NA,0,0,0,0,0,0,0,0,0,0,0,0,0,0,0,0,0,0,0,0,0,0,0,0,0,0,0,0,0,0,0,13040.704,11634.08,10704.416,11648.608,10074.592,10201.792,9135.04,8636.928,7994.528,7035.872,6315.552,5947.136,5259.136,4915.552,4598.016,4347.072,4359.904,4221.312,3912.384,3512.64,3107.584,2855.936,2337.792,2097.6,2020.992,1893.984,1830.272,1763.68,1597.92,1553.472,1361.184,1214.592,951.296,788.864,780.928,656.576,599.36,537.6,438.272,465.664,476.832,476,439.136,475.04,456.928,345.824,284.864,199.488,127.488,73.472,33.664,37.824,17.216,14.72,9.216,4.736,4.864,5.088,3.52,0,0,0,0,0,0,0,0,0,0,0,0,0,0,0,0,0,0,0,0,0,0,0,0,0,0,0,0,0,0,0,0,0,0,0,0,3.571,5.315,6.847,8.565,12.079,13.194,16.381,17.629,19.638,21.105,21.247,21.619,22.876,22.615,23.374,24.06,24.89,27.13,28.358,28.352,27.553,26.317,25.995,23.14,22.222,22.758,22.484,22.807,22.683,21.461,21.855,20.098,18.95,15.808,14.38,14.817,13.459,12.59,11.951,10.263,9.795,9.201,8.533,7.382,7.465,7.068,5.243,4.271,2.947,1.854,1.055,0.51,0.52,0.245,0.191,0.116,0.059,0.06,0.06,0.041,0,0.014,0,0,0,0
2026-09-02 05:28:00,1,"Normal Scan","Normal Scan",0,"ON",1,1,1,738.5,5,20.8,98.1,46.7,0.0000000688391,0.0000182193,4.97,8954.6,8.8,736.5,1,"Up Scan","Positive",254,0,4.37,1.6,8,8,0,1,1,16.974,29.71,20.903,9.647,2.058,5611.62,45,21.6,NA,0,0,0,0,0,0,0,0,0,0,0,0,0,0,0,0,0,0,0,0,0,0,0,0,0,0,0,0,0,0,0,14507.584,12331.36,11915.648,11150.304,10637.888,9415.872,9075.232,8168.256,7697.696,7338.304,6499.424,6027.872,5542.528,5084.096,4546.528,4385.248,3717.248,3676.736,3317.024,3053.024,2866.08,2478.752,2360.416,2000.576,1990.112,1891.392,1787.648,1677.376,1550.368,1533.664,1359.008,1156.512,1050.624,822.624,729.376,635.264,546.912,568.384,481.824,471.232,435.872,437.504,447.232,481.888,449.632,402.464,295.168,214.144,142.24,88.704,44.224,31.872,12.96,14.72,7.648,6.272,6.496,5.056,0.064,1.728,0,0,0,0,0,0,0,0,0,0,0,0,0,0,0,0,0,0,0,0,0,0,0,0,0,0,0,0,0,0,0,0,0,0,0,3.728,5.875,7.246,9.518,11.537,13.873,15.138,17.5,18.563,20.332,22.135,22.262,23.134,23.716,24.047,23.698,25.008,23.112,24.807,24.18,24.091,24.377,22.754,23.237,21.281,22.359,22.498,22.278,21.76,21.087,21.474,19.853,18.214,17.225,14.899,13.952,13.074,12.008,12.425,10.89,10.301,8.888,7.967,7.666,7.62,6.927,6.019,4.388,3.175,2.079,1.272,0.622,0.446,0.189,0.191,0.097,0.079,0.08,0.06,0.001,0.019,0.014,0,0,0,0
2026-09-02 05:33:00,1,"Normal Scan","Normal Scan",0,"ON",1,1,1,738.2,5,20.5,98.1,47.7,0.0000000687497,0.0000182049,4.97,8954.6,8.8,736.5,1,"Up Scan","Positive",254,0,4.37,1.6,8,8,0,1,1,15.109,25.965,18.713,9.647,1.985,7623.75,45,21.5,NA,0,0,0,0,0,0,0,0,0,0,0,0,0,0,0,0,0,0,0,0,0,0,0,0,0,0,0,0,0,0,0,33417.76,22698.432,18028.576,15788.8,13002.4,11202.336,10900.448,9662.464,8959.424,8357.248,7752.928,7511.776,6991.264,6414.016,6183.424,5480.416,5264.256,4675.68,4483.648,3964.608,3445.856,2961.44,2483.328,2307.68,1998.432,1966.944,1784.448,1729.76,1686.08,1477.44,1422.144,1171.104,1018.56,808.832,733.568,632.224,555.968,516.928,483.456,484.864,430.304,446.464,457.184,448.64,475.104,413.248,263.36,218.752,153.248,88.32,64.928,25.728,27.232,14.72,7.584,8.256,4.48,0,0,3.584,0,0,0,0,0,0,0,0,0,0,0,0,0,0,0,0,0,0,0,0,0,0,0,0,0,0,0,0,0,0,0,0,0,0,0,12.427,13.481,13.227,14.35,16.348,16.92,17.974,21.054,21.962,23.689,25.266,26.549,28.89,29.913,30.4,32.188,31.242,32.58,31.364,32.451,30.919,29.037,26.882,24.386,24.301,22.509,23.325,22.244,22.337,22.588,20.779,20.791,18.151,16.847,14.732,13.941,13.08,12.124,11.586,11.203,10.533,8.637,8.227,7.813,7.301,7.319,6.276,3.945,3.208,2.234,1.242,0.888,0.38,0.358,0.191,0.097,0.103,0.055,0,0,0.04,0,0,0,0,0
2026-09-02 05:38:00,1,"Normal Scan","Normal Scan",0,"ON",1,1,1,738.2,5,20.4,98.1,47.6,0.0000000687199,0.0000182001,4.97,8954.6,8.8,736.5,1,"Up Scan","Positive",254,0,4.37,1.6,8,8,0,1,1,16.094,25.689,19.132,9.647,1.937,9074.82,45,21.4,NA,0,0,0,0,0,0,0,0,0,0,0,0,0,0,0,0,0,0,0,0,0,0,0,0,0,0,0,0,0,0,0,34926.656,28444.032,20632.832,16697.152,13798.624,12591.36,11497.408,11096.768,10251.744,9199.712,9384,9795.872,9141.344,9125.28,8736.384,8704.544,8211.584,7580.416,6901.088,6250.56,5215.136,3954.336,3101.632,2598.464,2175.104,1996.48,1811.712,1812.032,1696.256,1608.736,1398.08,1161.824,1019.84,828.48,763.04,588.736,541.184,555.424,497.696,512.448,478.272,455.52,507.776,492.832,426.944,395.584,307.552,203.52,109.792,65.504,33.344,26.592,12.288,21.28,7.008,14.176,9.856,5.056,10.4,6.912,0,0,0,0,0,0,0,0,0,0,0,0,0,0,0,0,0,0,0,0,0,0,0,0,0,0,0,0,0,0,0,0,0,0,0,11.422,14.092,16.673,16.368,17.193,17.938,20.247,22.225,25.292,27.093,27.939,32.26,37.788,39.305,43.361,45.625,49.54,50.643,50.481,49.426,48.112,43.127,35.266,30.01,27.084,24.39,23.634,22.58,23.227,22.813,22.365,20.406,18.24,16.943,15.221,14.635,12.391,12.31,12.217,10.981,10.813,9.396,8.114,8.349,7.783,6.582,5.99,4.706,3.047,1.713,1.009,0.569,0.407,0.245,0.275,0.089,0.177,0.119,0.06,0.122,0.079,0.07,0,0,0,0
2026-09-02 05:43:00,1,"Normal Scan","Normal Scan",0,"ON",1,1,1,738.4,5,20.7,98.1,48.3,0.0000000688093,0.0000182145,4.97,8954.6,8.8,736.5,1,"Up Scan","Positive",254,0,4.37,1.6,8,8,0,1,1,15.845,25.823,19.032,9.647,1.949,8410.49,45,21.4,NA,0,0,0,0,0,0,0,0,0,0,0,0,0,0,0,0,0,0,0,0,0,0,0,0,0,0,0,0,0,0,0,31750.304,23335.968,20664.384,16732.672,14309.344,12535.2,11252.16,10529.632,10529.984,9999.552,9832.288,8887.072,8653.952,8098.656,7283.328,6850.496,6121.44,5716.128,5118.752,4522.624,4265.856,3607.264,3084.832,2615.936,2276.704,2051.04,1860.832,1831.68,1744.064,1662.912,1345.248,1154.88,978.336,881.696,678.24,725.792,558.176,585.696,517.952,489.408,461.184,470.88,450.176,474.848,465.312,363.84,300.64,189.12,118.464,61.152,33.568,34.688,17.6,11.808,15.264,6.336,3.296,5.088,6.944,5.152,0,0,0,0,0,0,0,0,0,0,0,0,0,0,0,0,0,0,0,0,0,0,0,0,0,0,0,0,0,0,0,0,0,0,0,9.187,12.846,13.636,16.401,17.311,18.668,20.137,21.65,23.976,27.842,30.228,33.714,34.204,37.029,38.318,37.906,39.029,37.919,38.338,37.004,35.26,35.619,32.423,29.856,27.369,25.436,24.102,23.016,23.554,23.265,23.125,20.089,18.15,16.54,15.772,13.347,14.432,12.12,12.563,11.385,10.235,9.102,8.404,7.434,7.498,7.167,5.53,4.517,2.842,1.735,0.911,0.54,0.502,0.283,0.153,0.194,0.079,0.04,0.06,0.081,0.059,0.028,0,0,0,0
2026-09-02 05:48:00,1,"Normal Scan","Normal Scan",0,"ON",1,1,1,738,5,20.2,98.1,48.3,0.0000000686603,0.0000181905,4.97,8954.6,8.8,736.5,1,"Up Scan","Positive",254,0,4.37,1.6,8,8,0,1,1,16.324,26.519,19.478,9.647,1.944,7675,46,21.2,NA,0,0,0,0,0,0,0,0,0,0,0,0,0,0,0,0,0,0,0,0,0,0,0,0,0,0,0,0,0,0,0,22640.288,17991.616,16575.328,15138.176,14674.368,13582.912,12883.584,11700.704,11028.832,10876,9914.432,8684.512,7914.752,7374.912,6718.72,5793.856,5595.904,5110.176,4545.28,3887.136,3316.384,2971.456,2545.92,2272.224,2041.568,1856.16,1855.776,1706.976,1623.904,1449.408,1376.416,1092.64,953.344,820.96,702.624,613.216,598.304,538.56,529.472,454.432,483.808,474.784,467.52,473.824,435.136,395.392,303.072,234.304,145.696,81.664,44.448,34.592,13.376,17.664,15.296,9.536,9.856,6.784,0,1.792,0,0,0,0,0,0,0,0,0,0,0,0,0,0,0,0,0,0,0,0,0,0,0,0,0,0,0,0,0,0,0,0,0,0,0,6.996,9.124,10.555,13.251,15.712,19.159,21.86,24.847,26.62,29.152,32.85,33.948,33.397,33.918,34.856,34.887,32.951,34.578,34.206,32.883,30.338,27.937,27.021,24.951,23.798,22.852,22.133,22.877,21.918,21.859,20.313,20.327,17.447,16.121,14.876,13.8,12.969,12.784,12.054,11.687,9.869,9.748,8.668,7.943,7.567,6.767,5.995,4.564,3.471,2.198,1.243,0.641,0.483,0.245,0.23,0.194,0.118,0.119,0.081,0,0.02,0.056,0,0,0,0
2026-09-02 05:53:00,1,"Normal Scan","Normal Scan",0,"ON",1,1,1,738.4,5,20.7,98.1,48.6,0.0000000688093,0.0000182145,4.97,8954.6,8.8,736.5,1,"Up Scan","Positive",254,0,4.37,1.6,8,8,0,1,1,14.55,25.216,18.198,9.647,1.954,7808.57,46,21.4,NA,0,0,0,0,0,0,0,0,0,0,0,0,0,0,0,0,0,0,0,0,0,0,0,0,0,0,0,0,0,0,0,26783.008,22663.68,21691.232,19151.936,16973.6,15167.936,12717.824,11636.096,10027.904,9323.584,8029.216,7184.864,6639.488,6022.816,5345.408,4694.272,4374.24,3557.536,3335.424,2920.416,2800.576,2445.792,2257.504,2063.936,2034.432,1825.888,1796.96,1734.624,1668.352,1491.328,1356.512,1198.112,954.368,784.352,748.896,625.344,590.784,570.432,534.528,419.936,446.112,489.472,529.664,458.944,492.192,435.968,315.584,189.824,138.752,88.224,47.392,30.656,23.104,16.064,7.616,7.808,6.528,3.424,0,3.616,0,0,0,0,0,0,0,0,0,0,0,0,0,0,0,0,0,0,0,0,0,0,0,0,0,0,0,0,0,0,0,0,0,0,0,8.314,10.879,13.33,17.219,19.837,22.152,24.326,24.479,26.439,26.421,28.158,27.44,27.572,28.379,28.415,27.729,26.713,27.029,23.997,24.348,23.123,23.82,22.529,22.375,21.886,22.883,21.813,22.387,22.269,22.387,21.026,19.888,18.773,16.267,14.336,14.257,13.312,13.166,12.238,12.062,9.811,9.063,8.737,8.82,7.314,7.556,6.588,4.713,2.842,2.009,1.261,0.677,0.446,0.322,0.209,0.097,0.098,0.08,0.04,0,0.04,0.014,0,0,0,0
2026-09-02 05:58:00,1,"Normal Scan","Normal Scan",0,"ON",1,1,1,737.9,5,20,98.1,49,0.0000000686007,0.0000181809,4.97,8954.6,8.8,736.5,1,"Up Scan","Positive",254,0,4.37,1.6,8,8,0,1,1,14.979,24.465,18.157,9.647,1.903,8980.96,46,21.2,NA,0,0,0,0,0,0,0,0,0,0,0,0,0,0,0,0,0,0,0,0,0,0,0,0,0,0,0,0,0,0,0,29820.064,27308.576,24067.296,19498.752,17809.472,16195.936,15043.232,13841.12,12133.088,11504.416,10369.568,9163.36,8202.336,7270.944,6587.232,5888,5705.568,5236.832,4655.168,4094.24,3443.424,2908.096,2532.032,2193.504,2113.312,1888.448,1733.344,1681.472,1601.024,1570.528,1326.24,1030.24,997.696,841.088,723.168,690.912,552.576,540.512,513.632,527.872,490.144,426.976,467.296,450.016,424.992,405.6,295.104,229.408,126.848,95.2,64.896,43.808,24.512,13.312,15.296,3.136,1.632,6.784,0,1.504,0,0,0,0,0,0,0,0,0,0,0,0,0,0,0,0,0,0,0,0,0,0,0,0,0,0,0,0,0,0,0,0,0,0,0,8.75,12.111,15.952,19.139,20.194,23.244,26.018,28.967,31.473,32.01,34.787,35.445,35.189,35.091,34.381,34.286,33.512,35.225,34.998,33.62,31.969,28.936,26.394,24.768,23.123,23.764,22.26,21.528,21.845,21.546,22.114,19.627,16.637,16.623,15.207,14.293,13.738,12.199,12.034,11.168,11.037,9.908,7.957,7.919,7.345,6.714,6.166,4.412,3.419,1.815,1.369,0.919,0.591,0.358,0.172,0.194,0.039,0.02,0.081,0,0.02,0.014,0,0,0,0
2026-09-02 06:03:00,1,"Normal Scan","Normal Scan",0,"ON",1,1,1,738.3,5,20.6,98.1,48.8,0.0000000687795,0.0000182097,4.97,8954.6,8.8,736.5,1,"Up Scan","Positive",254,0,4.37,1.6,8,8,0,1,1,15.369,24.05,18.188,9.647,1.865,9963.84,46,21.3,NA,0,0,0,0,0,0,0,0,0,0,0,0,0,0,0,0,0,0,0,0,0,0,0,0,0,0,0,0,0,0,0,32846.624,27214.432,23714.336,22088.864,20115.808,17774.208,16276.672,15781.632,14409.312,13653.728,12664.352,11188.896,10508.352,9138.56,8363.648,7451.936,6593.44,5712.096,4890.944,4416.896,3854.464,3226.112,2819.328,2319.264,2082.944,1788.704,1741.152,1675.776,1581.216,1446.016,1237.824,1132.96,1017.216,844.096,772.16,668.544,640.96,565.44,532.96,436.16,480.928,465.152,441.152,512.864,432.896,390.016,317.568,253.6,121.696,66.88,50.816,28.032,21.984,19.136,10.752,7.936,13.056,8.448,3.488,8.512,0,0,0,0,0,0,0,0,0,0,0,0,0,0,0,0,0,0,0,0,0,0,0,0,0,0,0,0,0,0,0,0,0,0,0,10.288,13.28,15.939,18.852,22.871,26.305,28.515,31.394,35.794,38.01,41.247,43.298,42.909,44.865,43.11,43.369,42.26,40.652,38.221,35.326,34.309,32.168,29.054,27.332,24.256,23.161,21.32,21.618,21.869,21.527,20.454,18.788,17.969,17.039,15.091,14.724,13.646,13.334,12.774,11.396,9.741,9.76,8.614,7.422,8.127,6.709,5.983,4.78,3.764,1.861,1.027,0.768,0.427,0.339,0.249,0.136,0.098,0.159,0.101,0.041,0.099,0.014,0,0,0,0
2026-09-02 06:08:00,1,"Normal Scan","Normal Scan",0,"ON",1,1,1,737.9,5,20.1,98.1,49.5,0.0000000686305,0.0000181857,4.97,8954.6,8.8,736.5,1,"Up Scan","Positive",254,0,4.37,1.6,8,8,0,1,1,15.937,24.453,18.621,9.647,1.867,10342.1,46,21.2,NA,0,0,0,0,0,0,0,0,0,0,0,0,0,0,0,0,0,0,0,0,0,0,0,0,0,0,0,0,0,0,0,33382.624,28590.272,24070.4,20756.032,19067.296,16586.24,15912.288,15472.736,14607.904,13495.456,12743.744,11944.16,11039.936,10548.352,9532.896,9048.736,8387.776,7716.992,6569.92,5693.312,4539.488,3631.552,2806.976,2499.296,2122.464,1988.48,1737.312,1723.808,1612.288,1466.4,1374.72,1124.288,960.576,812.928,729.728,679.008,638.08,617.6,575.904,542.528,424.864,492.928,427.84,445.6,451.904,389.504,324.864,265.632,131.328,85.888,66.208,30.656,20.672,10.208,7.584,4.736,6.528,3.392,1.76,3.296,0,0,0,0,0,0,0,0,0,0,0,0,0,0,0,0,0,0,0,0,0,0,0,0,0,0,0,0,0,0,0,0,0,0,0,10.162,13.492,16.731,19.165,21.448,24.913,26.706,30.685,35.189,38.592,40.814,43.741,45.934,47.346,49.924,49.594,51.319,51.599,51.266,47.101,43.883,37.78,32.531,27.214,25.996,23.707,23.466,21.625,22.288,21.708,20.871,20.37,18.159,16.539,15.031,14.01,13.903,13.25,13.225,12.303,11.317,9.124,8.896,7.352,7.237,6.993,5.908,4.809,3.869,1.954,1.234,0.92,0.446,0.322,0.132,0.097,0.059,0.08,0.04,0.02,0.039,0.028,0,0,0,0
2026-09-02 06:13:00,1,"Normal Scan","Normal Scan",0,"ON",1,1,1,738.3,5,20.6,98.1,49,0.0000000687795,0.0000182097,4.97,8954.6,8.8,736.5,1,"Up Scan","Positive",254,0,4.37,1.6,8,8,0,1,1,15.039,23.335,17.785,9.647,1.85,10835.9,46,21.3,NA,0,0,0,0,0,0,0,0,0,0,0,0,0,0,0,0,0,0,0,0,0,0,0,0,0,0,0,0,0,0,0,40450.752,32552.064,27859.168,23255.168,20318.944,17854.304,16950.272,16212.16,14984.8,14327.456,12982.56,12429.376,11149.472,10503.712,8976.608,8207.488,7243.008,6057.184,5321.856,4450.912,3835.232,3181.376,2901.152,2460.576,2060.832,2018.208,1802.016,1750.528,1678.912,1490.496,1335.584,1166.976,983.008,867.616,744.96,646.944,592.256,530.208,471.648,509.472,452.32,495.584,457.472,416.224,464.448,404.352,328.224,247.168,136.32,86.848,53.536,30.592,17.408,17.728,6.112,7.968,1.632,6.752,1.76,0,0,0,0,0,0,0,0,0,0,0,0,0,0,0,0,0,0,0,0,0,0,0,0,0,0,0,0,0,0,0,0,0,0,0,0,12.445,16.431,19.073,22.096,24.063,26.486,28.661,32.698,36.867,39.563,43.288,44.444,47.729,47.616,49.508,46.485,46.452,44.53,40.5,38.381,34.604,32.19,28.741,28.166,25.672,23.139,23.737,22.42,22.616,22.537,20.988,19.816,18.29,16.49,15.534,14.258,13.577,12.703,11.666,11.015,10.837,9.395,8.943,7.846,6.672,7.152,6.121,4.877,3.603,2.011,1.271,0.749,0.427,0.264,0.23,0.078,0.098,0.02,0.081,0.02,0,0.028,0,0,0,0
2026-09-02 06:18:00,1,"Normal Scan","Normal Scan",0,"ON",1,1,1,738.1,5,20.3,98.1,49.6,0.0000000686901,0.0000181953,4.97,8954.6,8.8,736.5,1,"Up Scan","Positive",254,0,4.37,1.6,8,8,0,1,1,16.36,24.229,18.739,9.647,1.84,11975.3,46,21.2,NA,0,0,0,0,0,0,0,0,0,0,0,0,0,0,0,0,0,0,0,0,0,0,0,0,0,0,0,0,0,0,0,39917.216,31279.232,25045.568,22935.84,20134.592,19740.128,18375.872,17141.6,16383.552,15665.952,14716.256,13860.032,13948.544,13614.016,13789.28,12785.568,11158.912,9821.472,7884.48,6194.88,5146.304,3895.904,3392.96,2838.816,2387.936,2151.808,2090.016,1775.392,1729.184,1564.928,1359.136,1175.264,968.288,845.952,673.44,625.728,595.712,594.08,558.208,468.64,483.264,511.36,482.272,456.544,472.352,446.528,371.04,275.136,169.536,120.864,74.336,45.76,22.752,14.624,16.832,3.168,8.192,1.696,0,1.792,0,0,0,0,0,0,0,0,0,0,0,0,0,0,0,0,0,0,0,0,0,0,0,0,0,0,0,0,0,0,0,0,0,0,0,12.125,16.27,18.277,19.922,23.751,26.325,31.74,35.457,39.022,43.303,47.492,50.543,53.408,59.815,64.367,71.39,72.188,68.308,65.149,56.392,47.792,42.754,34.968,32.632,29.368,26.411,25.144,25.582,22.793,23.123,21.784,20.106,18.62,16.652,15.222,13.597,13.453,13.14,13.065,12.304,10.797,10.228,9.716,8.473,7.55,7.432,6.772,5.451,4.08,2.441,1.734,1.031,0.632,0.302,0.191,0.213,0.039,0.1,0.02,0,0.02,0,0,0,0,0
2026-09-02 06:23:00,1,"Normal Scan","Normal Scan",0,"ON",1,1,1,738.2,5,20.4,98.1,49.3,0.0000000687199,0.0000182001,4.97,8954.6,8.8,736.5,1,"Up Scan","Positive",254,0,4.37,1.6,8,8,0,1,1,15.457,25.17,18.56,9.647,1.92,9678.45,47,21.2,NA,0,0,0,0,0,0,0,0,0,0,0,0,0,0,0,0,0,0,0,0,0,0,0,0,0,0,0,0,0,0,0,33501.152,27167.008,23396.768,20588.032,18561.792,16254.496,14787.328,14278.208,13609.344,12232.512,11598.944,11147.744,9814.208,8864.224,8194.752,6794.112,6304.512,5755.328,5006.4,4163.776,3878.944,3325.504,3073.984,2864.8,2456.608,2305.6,2008,1956.544,1744.16,1595.584,1385.952,1217.504,984.64,801.952,795.072,651.2,589.792,628.064,595.52,560.064,496.16,522.016,515.776,519.36,503.296,485.952,415.2,288.576,226.528,106.624,64.672,35.68,32.928,13.344,24.448,6.368,9.824,1.696,1.728,0,0,0,0,0,0,0,0,0,0,0,0,0,0,0,0,0,0,0,0,0,0,0,0,0,0,0,0,0,0,0,0,0,0,0,0,10.44,13.556,15.881,18.583,21.283,24.187,26.095,28.503,32.453,35.925,36.983,39.706,42.773,41.978,41.872,42.485,38.631,38.94,38.603,36.375,32.716,32.718,30.19,29.876,29.661,27.246,26.833,24.689,24.862,23.475,22.468,20.409,19.394,16.996,15.296,15.509,14.058,13.43,14.004,13.425,12.395,10.739,10.036,8.958,8.475,7.779,7.412,6.179,4.285,3.291,1.549,0.915,0.483,0.453,0.172,0.31,0.079,0.119,0.02,0.02,0,0.014,0,0,0,0
2026-09-02 06:28:00,1,"Normal Scan","Normal Scan",0,"ON",1,1,1,738.2,5,20.4,98.1,49.9,0.0000000687199,0.0000182001,4.97,8954.6,8.8,736.5,1,"Up Scan","Positive",254,0,4.37,1.6,8,8,0,1,1,17.615,26.106,19.892,9.647,1.882,10738.5,46,21.2,NA,0,0,0,0,0,0,0,0,0,0,0,0,0,0,0,0,0,0,0,0,0,0,0,0,0,0,0,0,0,0,0,28265.088,25360.352,21156.64,19499.136,18030.176,16424.352,16162.688,14973.504,13972.224,14405.92,13907.36,14285.696,13581.6,13473.312,12373.664,11459.872,9873.248,8924.928,8130.528,6923.36,5743.456,4595.168,3663.584,3010.656,2749.792,2415.296,2079.84,1969.216,1921.28,1724.832,1456.992,1268.032,998.912,798.816,813.92,658.336,599.872,563.456,556.128,593.312,473.024,519.424,512.608,508,521.312,463.424,431.456,300.384,236.544,120.224,57.6,46.816,18.784,17.728,21.344,3.136,4.928,5.088,5.248,1.792,0,0,0,0,0,0,0,0,0,0,0,0,0,0,0,0,0,0,0,0,0,0,0,0,0,0,0,0,0,0,0,0,0,0,0,8.197,11.464,14.836,16.808,20.171,23.552,26.44,31.17,34.083,36.95,43.697,47.787,54.971,58.212,63.704,64.258,64.935,60.776,59.427,58.272,53.474,47.662,40.984,35.25,31.222,30.238,28.205,25.557,24.974,25.548,24.079,21.403,19.76,17.035,15.314,15.582,14.199,13.56,13.138,12.956,12.652,10.573,10.119,9.119,8.213,8.128,6.99,6.453,4.471,3.36,1.737,0.842,0.669,0.283,0.23,0.272,0.039,0.06,0.06,0.061,0.02,0.028,0,0,0,0
2026-09-02 06:33:00,1,"Normal Scan","Normal Scan",0,"ON",1,1,1,738,5,20.2,98.1,49.6,0.0000000686603,0.0000181905,4.97,8954.6,8.8,736.5,1,"Up Scan","Positive",254,0,4.37,1.6,8,8,0,1,1,15.962,24.245,18.564,9.647,1.855,11935.2,47,21.1,NA,0,0,0,0,0,0,0,0,0,0,0,0,0,0,0,0,0,0,0,0,0,0,0,0,0,0,0,0,0,0,0,38754.208,33871.552,26829.6,24411.712,21678.272,18734.144,18019.072,18017.696,16134.816,14500.224,14606.176,13677.248,13064.96,13215.296,12205.408,11491.424,10738.944,8986.88,7282.72,5889.216,4966.464,4149.696,3241.92,2765.664,2557.312,2378.624,2050.08,1955.904,1824,1557.28,1473.536,1163.808,1029.28,806.688,683.712,669.28,580.608,626.176,583.648,536.96,515.456,573.024,500.64,484.32,489.312,473.984,389.152,298.848,181.92,119.328,68.672,40.32,21.856,13.312,15.264,9.472,13.056,5.12,0,3.584,0,0,0,0,0,0,0,0,0,0,0,0,0,0,0,0,0,0,0,0,0,0,0,0,0,0,0,0,0,0,0,0,0,0,0,12.63,15.675,19.753,21.275,25.306,28.27,30.163,34.738,41.026,42.667,43.854,50.135,52.696,55.988,62.438,63.218,64.999,65.872,59.628,52.168,45.661,41.452,37.186,31.39,28.817,28.137,27.629,25.159,24.948,24.182,21.861,21.607,18.538,17.777,15.119,13.951,14.591,13.12,13.631,13.153,11.798,11.063,10.578,8.789,7.963,7.667,7.159,5.766,4.448,2.72,1.708,0.984,0.576,0.34,0.172,0.194,0.118,0.159,0.06,0,0.039,0.042,0,0,0,0
2026-09-02 06:38:00,1,"Normal Scan","Normal Scan",0,"ON",1,1,1,738.2,5,20.5,98.1,50,0.0000000687497,0.0000182049,4.97,8954.6,8.8,736.5,1,"Up Scan","Positive",254,0,4.37,1.6,8,8,0,1,1,18.036,28.283,20.889,9.647,1.951,8444.9,47,21.2,NA,0,0,0,0,0,0,0,0,0,0,0,0,0,0,0,0,0,0,0,0,0,0,0,0,0,0,0,0,0,0,0,19112.576,17284.128,15656.288,15128.16,13752.064,13839.584,13180.128,12775.84,12285.728,11532.384,10947.392,10452.832,9749.152,9956.416,9430.912,8995.008,8003.616,6829.632,5817.056,4944.256,4295.712,3982.144,3380.544,3031.712,2792.128,2365.728,2223.424,2113.568,1869.12,1719.168,1426.496,1264.352,1060.096,894.784,689.504,714.272,600.608,592.96,544.608,526.336,593.344,539.072,591.328,515.232,497.664,450.976,400.864,342.944,204.896,125.792,68.32,53.824,30.112,20.704,18.4,12.672,4.896,3.392,0,1.792,0,0,0,0,0,0,0,0,0,0,0,0,0,0,0,0,0,0,0,0,0,0,0,0,0,0,0,0,0,0,0,0,0,0,0,5.523,7.692,10.109,12.459,15.691,17.971,22.221,25.415,29.103,32.451,34.897,37.598,40.263,41.784,47.076,48.914,50.97,49.387,45.65,42.13,38.686,36.161,35.939,32.837,31.347,30.73,27.654,27.084,27.019,24.761,23.818,21.209,19.863,17.959,16.367,14.471,15.069,14.061,13.562,12.564,11.811,12.204,10.445,10.309,8.413,7.897,6.86,5.993,5.07,3.017,1.783,0.951,0.743,0.415,0.268,0.233,0.157,0.06,0.04,0,0.02,0.014,0,0,0,0
2026-09-02 06:43:00,1,"Normal Scan","Normal Scan",0,"ON",1,1,1,737.9,5,20.1,98.1,49.9,0.0000000686305,0.0000181857,4.97,8954.6,8.8,736.5,1,"Up Scan","Positive",254,0,4.37,1.6,8,8,0,1,1,17.183,28.008,20.388,9.647,1.974,8355.38,47,21.1,NA,0,0,0,0,0,0,0,0,0,0,0,0,0,0,0,0,0,0,0,0,0,0,0,0,0,0,0,0,0,0,0,21301.76,18306.304,17384.704,15958.08,14693.216,14405.376,13535.968,12352.448,11371.424,10913.312,10677.12,9932.064,9280.32,8582.848,7982.4,7211.424,6910.624,6419.552,5418.784,4726.304,4148.48,3592.544,3229.664,2819.872,2630.656,2492.352,2234.304,2108.64,1926.816,1707.36,1440.16,1206.272,1067.648,935.136,763.808,747.616,681.344,571.552,604.704,568.864,514.368,572.416,525.888,596.672,529.312,484.192,443.2,312.256,225.888,127.52,74.176,42.4,32.864,19.2,12.224,9.504,4.928,1.696,1.76,0,0,0,0,0,0,0,0,0,0,0,0,0,0,0,0,0,0,0,0,0,0,0,0,0,0,0,0,0,0,0,0,0,0,0,0,5.551,8.65,10.742,13.904,16.506,19.225,23.218,26.148,28.079,30.084,33.036,36.582,38.2,39.819,40.635,41.544,41.008,42.708,42.978,39.259,37.012,35.075,32.659,31.468,29.435,29.167,28.842,27.251,26.914,25.637,24.163,21.584,19.133,18.246,17.034,15.374,15.764,14.973,13.882,13.596,12.621,11.149,11.065,9.225,9.67,8.228,7.38,6.608,4.53,3.28,1.802,1.043,0.576,0.434,0.249,0.155,0.118,0.06,0.02,0.02,0,0,0,0,0,0
2026-09-02 06:48:00,1,"Normal Scan","Normal Scan",0,"ON",1,1,1,738.3,5,20.6,98.1,50.1,0.0000000687795,0.0000182097,4.97,8954.6,8.8,736.5,1,"Up Scan","Positive",254,0,4.37,1.6,8,8,0,1,1,18.176,29.301,21.424,9.647,1.985,8604.23,47,21.2,NA,0,0,0,0,0,0,0,0,0,0,0,0,0,0,0,0,0,0,0,0,0,0,0,0,0,0,0,0,0,0,0,16898.048,16755.968,15810.112,15031.296,14218.688,14136.224,13904.224,13560.256,13690.816,12732.032,11634.368,11063.84,10577.248,9415.264,8733.408,7892.576,6959.552,5978.144,5211.072,4520.864,3873.632,3727.296,3457.536,3344.64,3155.872,3030.912,2966.272,2902.976,2591.744,2527.072,2148.672,1796.96,1387.84,1049.216,888.8,756.992,613.152,656.96,634.144,574.176,600.224,588.704,563.488,513.088,512.384,511.36,406.976,299.04,224.736,119.328,67.744,36.96,22.112,14.784,13.76,6.272,8.128,8.448,5.248,3.584,0,0,0,0,0,0,0,0,0,0,0,0,0,0,0,0,0,0,0,0,0,0,0,0,0,0,0,0,0,0,0,0,0,0,0,4.473,6.883,9.841,12.589,15.633,18.576,22.733,26.877,30.843,36.131,38.49,39.828,42.466,45.164,44.436,45.285,44.717,43.037,40.206,38.076,35.844,33.336,34.577,34.478,35.485,35.718,35.825,36.267,36.485,34.061,34.084,30.418,26.972,22.585,18.885,17.212,16.063,14.076,14.372,14.001,12.883,12.275,10.968,9.723,8.4,7.96,7.687,6.051,4.437,3.248,1.729,0.988,0.548,0.292,0.191,0.175,0.079,0.099,0.101,0.061,0.04,0,0,0,0,0
2026-09-02 06:53:00,1,"Normal Scan","Normal Scan",0,"ON",1,1,1,737.9,5,20,98.1,50.4,0.0000000686007,0.0000181809,4.97,8954.6,8.8,736.5,1,"Up Scan","Positive",254,0,4.37,1.6,8,8,0,1,1,17.196,25.439,19.66,9.647,1.845,13510.9,47,21,NA,0,0,0,0,0,0,0,0,0,0,0,0,0,0,0,0,0,0,0,0,0,0,0,0,0,0,0,0,0,0,0,30946.016,27644.192,22060.8,23151.68,25408.288,25879.68,25569.856,23831.936,22639.232,21020.992,20224.32,19943.2,18315.232,16314.208,13717.248,10964.576,9373.824,7822.208,7066.976,6279.328,5658.464,5526.432,5159.904,4685.92,4100.032,3473.088,3042.944,2826.592,2395.136,2192.704,1915.456,1623.584,1282.304,1034.208,946.176,878.912,758.496,681.344,742.88,676.224,616.992,562.656,554.688,562.656,538.336,502.688,380.352,301.152,222.496,136,75.136,44.832,21.632,19.2,13.728,1.6,6.56,6.816,1.76,5.344,0,0,0,0,0,0,0,0,0,0,0,0,0,0,0,0,0,0,0,0,0,0,0,0,0,0,0,0,0,0,0,0,0,0,0,8.498,12.511,16.227,17.6,24.142,33.248,41.704,49.416,54.289,59.843,63.553,69.216,76.424,78.078,76.805,70.969,62.216,58.069,52.847,51.713,49.552,47.875,49.799,49.647,47.814,44.548,40.048,36.846,35.525,31.848,30.513,27.94,25.019,21.684,19.162,18.378,17.64,16.05,15.106,15.914,14.038,12.235,10.873,9.792,9.214,8.367,7.589,5.7,4.429,3.19,1.955,1.075,0.669,0.321,0.249,0.175,0.02,0.08,0.081,0.02,0.059,0.028,0,0,0,0
2026-09-02 06:58:00,1,"Normal Scan","Normal Scan",0,"ON",1,1,1,738.2,5,20.5,98.1,50,0.0000000687497,0.0000182049,4.97,8954.6,8.8,736.5,1,"Up Scan","Positive",254,0,4.37,1.6,8,8,0,1,1,17.731,25.895,19.898,9.647,1.855,13353.7,47,21.2,NA,0,0,0,0,0,0,0,0,0,0,0,0,0,0,0,0,0,0,0,0,0,0,0,0,0,0,0,0,0,0,0,30384.544,28731.424,26013.664,23282.08,21221.12,20090.752,21604.128,21800.96,21641.184,20483.36,19513.152,19046.4,18375.072,17348.064,16053.056,14152,12386.336,10247.264,8419.328,7442.112,5944.128,4827.328,3964.48,3187.232,3112.864,2706.4,2364.832,2332.864,2090.368,2005.408,2104.832,1746.752,1422.08,1220.704,1122.112,902.016,773.504,802.624,638.336,655.904,678.208,653.824,625.152,666.08,578.528,549.472,440.608,321.344,253.44,135.04,85.568,58.272,40.352,21.984,29.056,7.904,6.496,3.392,1.76,1.792,0,0,0,0,0,0,0,0,0,0,0,0,0,0,0,0,0,0,0,0,0,0,0,0,0,0,0,0,0,0,0,0,0,0,0,8.24,12.312,16.798,20.733,24.116,27.713,32.427,41.747,49.679,57.212,62.037,66.878,73.145,78.467,81.798,83.065,79.912,75.996,68.076,60.341,57.594,49.528,43.213,38.371,33.217,34.666,32.407,29.855,30.398,28.726,28.559,30.468,27.12,23.498,21.733,21.203,18.672,17.003,17.578,14.737,14.423,13.585,12.384,11.053,10.823,9.091,8.402,6.579,4.856,3.668,1.909,1.189,0.818,0.549,0.285,0.369,0.098,0.08,0.04,0.02,0.02,0.014,0,0,0,0
2026-09-02 07:03:00,1,"Normal Scan","Normal Scan",0,"ON",1,1,1,737.9,5,20.1,98.1,50.6,0.0000000686305,0.0000181857,4.97,8954.6,8.8,736.5,1,"Up Scan","Positive",254,0,4.37,1.6,8,8,0,1,1,15.893,24.392,18.719,9.647,1.865,14268.4,47,21,NA,0,0,0,0,0,0,0,0,0,0,0,0,0,0,0,0,0,0,0,0,0,0,0,0,0,0,0,0,0,0,0,48215.072,40097.28,33564,27787.648,25601.12,23548.8,21162.112,19781.92,17481.76,15693.376,14909.984,14895.488,14394.144,15286.304,15283.968,14208.128,13440.32,12289.76,11447.872,8595.168,6099.488,4886.144,4147.52,3696.448,3193.28,3064.512,2622.784,2371.552,2160.544,1989.984,1688.16,1475.2,1275.232,1047.648,931.072,879.2,724.544,764.512,680.64,631.36,605.728,608.192,572.992,570.912,477.408,523.424,390.912,279.104,203.264,125.248,68.704,57.088,21.664,23.584,21.536,6.336,6.592,6.72,5.216,1.792,0,0,0,0,0,0,0,0,0,0,0,0,0,0,0,0,0,0,0,0,0,0,0,0,0,0,0,0,0,0,0,0,0,0,0,13.004,19.545,23.581,26.562,28.734,33.421,37.873,40.811,45.023,46.229,47.579,51.241,57.53,61.906,72.689,79.445,80.383,82.376,81.496,81.762,66.233,51.038,43.915,40.029,38.125,35.195,35.481,32.053,30.356,28.991,28.036,25.022,23.322,21.606,19.004,18.009,17.788,15.76,16.253,14.404,13.74,12.152,11.264,9.92,9.293,7.586,7.911,5.864,4.221,2.943,1.838,0.988,0.799,0.321,0.306,0.272,0.079,0.08,0.081,0.061,0.02,0.028,0,0,0,0
2026-09-02 07:08:00,1,"Normal Scan","Normal Scan",0,"ON",1,1,1,738.3,5,20.6,98.1,50,0.0000000687795,0.0000182097,4.97,8954.6,8.8,736.5,1,"Up Scan","Positive",254,0,4.37,1.6,8,8,0,1,1,17.675,24.217,19.242,9.647,1.783,16148.2,47,21.2,NA,0,0,0,0,0,0,0,0,0,0,0,0,0,0,0,0,0,0,0,0,0,0,0,0,0,0,0,0,0,0,0,41074.592,34462.912,30385.92,28090.784,25149.728,24995.936,23549.504,26064.032,27226.208,26382.816,26125.088,26042.336,24433.824,22895.264,20849.792,17458.88,13463.232,10609.632,9127.072,8595.104,7136.384,5529.216,4450.112,3614.624,2955.392,2819.808,2466.24,2113.696,2007.36,1847.424,1686.08,1483.392,1283.392,1041.248,906.944,801.536,784,723.84,685.536,660.8,670.432,660.32,597.184,542.176,538.624,482.208,382.752,305.536,205.984,129.984,99.552,42.368,30.976,28.032,13.792,11.04,11.392,5.024,1.728,5.152,0,0,0,0,0,0,0,0,0,0,0,0,0,0,0,0,0,0,0,0,0,0,0,0,0,0,0,0,0,0,0,0,0,0,0,11.812,16.618,20.194,24.264,29.051,32.768,40.254,45.578,59.51,72.062,79.931,89.442,99.84,104.187,107.634,107.669,98.456,82.583,70.601,65.492,66.133,59.087,49.186,42.43,37.135,32.618,32.818,30.326,27.529,27.171,25.989,25.051,23.631,21.628,19.158,17.965,17.112,16.701,15.675,14.772,13.962,13.058,12.292,10.365,9.028,8.45,7.38,5.755,4.562,3.048,1.873,1.39,0.604,0.443,0.363,0.175,0.138,0.139,0.06,0.02,0.059,0.014,0,0,0,0
2026-09-02 07:13:00,1,"Normal Scan","Normal Scan",0,"ON",1,1,1,738,5,20.2,98.1,50.6,0.0000000686603,0.0000181905,4.97,8954.6,8.8,736.5,1,"Up Scan","Positive",254,0,4.37,1.6,8,8,0,1,1,16.719,26.067,19.506,9.647,1.915,10886.3,47,21.1,NA,0,0,0,0,0,0,0,0,0,0,0,0,0,0,0,0,0,0,0,0,0,0,0,0,0,0,0,0,0,0,0,33692.512,26735.136,21821.696,20405.728,19085.696,18343.616,16471.84,15668.384,15097.728,14661.536,13753.792,13312.096,12204.16,11390.816,10880.736,9970.752,8964.256,8035.296,6984.32,6157.664,5085.536,4391.232,3880.768,3187.2,2912.416,2533.632,2309.984,2226.208,1982.88,1725.568,1634.496,1395.488,1227.232,1035.136,954.304,820.416,748.896,775.776,693.888,661.568,570.656,637.376,642.272,558.048,552.416,462.72,391.264,287.296,172.032,102.016,51.584,30.656,25.632,13.216,7.616,15.872,6.528,3.328,5.248,5.344,0,0,0,0,0,0,0,0,0,0,0,0,0,0,0,0,0,0,0,0,0,0,0,0,0,0,0,0,0,0,0,0,0,0,0,10.263,13.618,15.642,17.384,21.208,24.967,29.51,31.853,35.686,39.897,44.332,47.158,51.2,52.295,53.872,56.507,56.523,55.276,53.725,50.34,47.856,42.569,39.488,37.498,32.984,32.007,29.76,28.551,28.715,26.869,24.66,24.526,22.373,20.995,19.11,18.245,17.124,16.402,16.408,14.761,13.705,11.595,11.495,10.639,8.86,8.53,7.022,5.793,4.204,2.587,1.47,0.732,0.483,0.34,0.172,0.097,0.197,0.08,0.04,0.061,0.059,0,0,0,0,0
2026-09-02 07:18:00,1,"Normal Scan","Normal Scan",0,"ON",1,1,1,738.2,5,20.5,98.1,50,0.0000000687497,0.0000182049,4.97,8954.6,8.8,736.5,1,"Up Scan","Positive",254,0,4.37,1.6,8,8,0,1,1,16.719,27.125,19.901,9.647,1.959,9643.99,47,21.2,NA,0,0,0,0,0,0,0,0,0,0,0,0,0,0,0,0,0,0,0,0,0,0,0,0,0,0,0,0,0,0,0,25806.72,23283.776,21907.84,18317.216,17735.424,15856.16,14931.328,14730.72,13361.728,12630.528,12146.72,11240.48,10846.112,9881.824,9168.064,8221.376,7424.768,6781.92,5688.032,4896.064,4421.184,3789.792,3229.856,2962.976,2683.68,2543.84,2453.824,2256.864,2104.64,1970.592,1833.984,1538.688,1402.272,1219.552,1023.04,908.416,898.368,715.456,727.744,696.864,606.112,621.6,522.4,542.848,495.648,462.304,370.176,280.576,149.248,116.448,65.376,50.08,24.256,25.12,10.656,9.472,1.632,8.416,4.032,3.008,0,0,0,0,0,0,0,0,0,0,0,0,0,0,0,0,0,0,0,0,0,0,0,0,0,0,0,0,0,0,0,0,0,0,0,7.403,10.407,13.579,17.432,18.99,23.17,25.515,28.831,33.449,35.309,38.216,41.584,43.15,46.413,46.68,47.575,46.666,45.812,45.336,41.231,38.254,37.301,34.577,31.659,31.119,30.159,30.226,30.554,29.628,28.604,28.044,27.353,24.332,23.368,21.459,19.205,18.248,17.694,15.386,15.115,14.041,11.995,11.207,8.99,8.767,7.821,7.012,5.601,4.113,2.18,1.675,0.951,0.706,0.32,0.325,0.136,0.118,0.02,0.101,0.047,0.033,0,0,0,0,0
2026-09-02 07:23:00,1,"Normal Scan","Normal Scan",0,"ON",1,1,1,738.1,5,20.3,98.1,50.6,0.0000000686901,0.0000181953,4.97,8954.6,8.8,736.5,1,"Up Scan","Positive",254,0,4.37,1.6,8,8,0,1,1,16.948,26.69,19.974,9.647,1.926,11010.8,47,21.1,NA,0,0,0,0,0,0,0,0,0,0,0,0,0,0,0,0,0,0,0,0,0,0,0,0,0,0,0,0,0,0,0,27806.112,25386.464,24056.576,22174.336,20044.736,18797.248,16964,16095.328,15394.304,14181.024,13962.976,12541.504,11114.592,10239.424,9765.696,9465.792,9569.12,9765.408,8996.64,7694.24,6355.648,4824.256,3944.384,3306.336,3013.216,2560.416,2436.832,2257.888,2267.104,2070.048,1777.6,1595.2,1378.592,1176.864,1003.168,942.272,815.008,725.024,755.616,619.232,584.864,625.536,571.328,548.096,552.224,483.776,382.72,266.208,177.024,123.168,81.984,35.776,16,22.208,12.224,9.504,3.296,1.696,5.248,3.36,0,0,0,0,0,0,0,0,0,0,0,0,0,0,0,0,0,0,0,0,0,0,0,0,0,0,0,0,0,0,0,0,0,0,0,8.202,11.303,14.885,19.206,22.972,26.166,30.254,32.725,36.62,40.659,42.852,47.79,48.317,47.82,48.82,51.107,54.077,59.1,64.99,64.434,59.4,52.688,43.227,38.235,34.577,33.466,30.459,30.29,29.537,30.558,29.181,26.55,24.851,23.084,20.853,18.895,18.741,16.942,15.593,15.671,13.248,11.85,11.229,9.831,9.007,8.511,7.21,5.779,3.926,2.591,1.733,1.165,0.52,0.245,0.287,0.155,0.118,0.04,0.02,0.061,0.039,0.014,0,0,0,0
2026-09-02 07:28:00,1,"Normal Scan","Normal Scan",0,"ON",1,1,1,738.2,5,20.4,98.1,50.2,0.0000000687199,0.0000182001,4.97,8954.6,8.8,736.5,1,"Up Scan","Positive",254,0,4.37,1.6,8,8,0,1,1,17.031,26.617,19.847,9.647,1.925,10970.9,47,21.1,NA,0,0,0,0,0,0,0,0,0,0,0,0,0,0,0,0,0,0,0,0,0,0,0,0,0,0,0,0,0,0,0,29438.752,25911.072,22921.664,21218.784,18323.968,17934.176,17763.264,16128.608,15424.992,15382.72,14724.512,14014.24,12743.136,11746.432,10644.8,9390.752,8961.056,7723.84,7125.344,6215.84,5331.296,4495.808,3734.816,3265.824,2955.744,2686.336,2469.696,2344.992,2181.408,2015.968,1829.856,1562.176,1408.32,1263.712,1177.696,920.928,883.264,869.824,744.928,683.456,643.2,601.952,541.344,535.744,574.688,441.024,357.664,268.96,198.4,126.72,60.416,39.104,45.888,24.192,16.224,9.472,3.232,6.784,5.248,5.152,0,0,0,0,0,0,0,0,0,0,0,0,0,0,0,0,0,0,0,0,0,0,0,0,0,0,0,0,0,0,0,0,0,0,0,8.857,11.925,15.189,18.282,21.949,23.925,28.837,34.273,36.703,40.761,46.54,50.443,53.934,54.519,55.544,55.295,53.379,55.285,51.666,51.391,48.374,44.613,40.5,36.355,34.071,32.934,31.69,30.903,30.557,29.872,28.957,27.29,25.015,23.688,22.041,21.715,18.318,17.603,17.695,15.629,13.947,12.543,11.122,9.474,8.726,8.879,6.869,5.414,4.058,2.864,1.796,0.892,0.576,0.622,0.314,0.206,0.118,0.04,0.081,0.061,0.059,0,0,0,0,0
2026-09-02 07:33:00,1,"Normal Scan","Normal Scan",0,"ON",1,1,1,738.2,5,20.4,98.1,50.8,0.0000000687199,0.0000182001,4.97,8954.6,8.8,736.5,1,"Up Scan","Positive",254,0,4.37,1.6,8,8,0,1,1,15.068,24.134,18.185,9.647,1.893,12724.8,47,21.2,NA,0,0,0,0,0,0,0,0,0,0,0,0,0,0,0,0,0,0,0,0,0,0,0,0,0,0,0,0,0,0,0,49225.632,41091.584,32770.784,26467.36,22193.952,19973.504,17425.696,15805.44,15612.768,15130.976,13895.008,12921.952,12328.96,11739.104,11475.2,10973.92,10286.656,8692.992,7312.256,6194.336,5216.992,4495.808,3800.256,3118.784,2855.136,2681.728,2391.584,2244.832,2119.008,1907.072,1760.224,1467.04,1308.352,1150.56,1036.16,895.136,798.784,827.296,772.384,702.656,562.848,572.704,538.176,498.592,481.216,441.216,318.144,260.064,190.592,95.648,51.392,41.856,20.96,19.104,7.68,6.304,9.824,3.392,1.76,3.552,0,0,0,0,0,0,0,0,0,0,0,0,0,0,0,0,0,0,0,0,0,0,0,0,0,0,0,0,0,0,0,0,0,0,0,15.463,20.004,23.936,26.047,27.412,28.921,32.021,33.62,35.946,41.236,45.759,47.677,49.77,52.828,55.554,59.611,62.132,63.267,57.946,52.608,48.1,43.723,40.427,36.789,32.563,31.859,31.421,29.707,29.078,28.821,27.33,26.17,23.544,22.184,20.782,19.106,17.672,16.265,16.387,15.812,13.893,10.997,10.488,9.273,7.985,7.47,6.687,4.76,3.831,2.776,1.397,0.731,0.603,0.311,0.249,0.097,0.079,0.119,0.04,0.02,0.039,0.028,0,0,0,0
2026-09-02 07:38:00,1,"Normal Scan","Normal Scan",0,"ON",1,1,1,738,5,20.2,98.1,50.5,0.0000000686603,0.0000181905,4.97,8954.6,8.8,736.5,1,"Up Scan","Positive",254,0,4.37,1.6,8,8,0,1,1,15.683,24.848,18.691,9.647,1.898,11484.7,48,21.1,NA,0,0,0,0,0,0,0,0,0,0,0,0,0,0,0,0,0,0,0,0,0,0,0,0,0,0,0,0,0,0,0,39426.208,32909.504,27268.192,23082.112,21188.608,18579.36,17431.104,16231.776,15386.08,13774.336,12832,12124.992,11305.632,11012,10567.328,9942.464,9414.272,8230.432,7382.496,6147.072,5079.584,4328.288,3534.016,3177.184,2762.144,2387.392,2267.136,2125.088,1955.616,1779.424,1583.168,1370.976,1205.888,1062.656,873.056,862.336,740.128,745.408,708.576,641.024,560.864,521.792,478.656,523.328,489.184,428.288,351.616,274.88,168.352,107.872,60.352,33.152,25.984,19.168,15.296,15.232,5.536,3.392,1.728,1.536,0,0,0,0,0,0,0,0,0,0,0,0,0,0,0,0,0,0,0,0,0,0,0,0,0,0,0,0,0,0,0,0,0,0,0,13.829,15.946,19.3,21.698,23.88,27.667,29.887,33.713,36.913,40.595,41.681,44.02,46.67,48.523,52.184,54.949,56.408,58.004,54.897,53.125,47.68,42.415,38.845,34.295,32.868,30.588,28.192,27.919,27.543,26.571,25.208,23.793,21.927,20.456,19.161,16.892,16.87,15.109,15.677,14.633,13.104,11.267,9.8,8.211,8.476,7.564,6.536,5.263,4.081,2.518,1.549,0.86,0.446,0.377,0.249,0.194,0.189,0.067,0.04,0.02,0.02,0.014,0,0,0,0
2026-09-02 07:43:00,1,"Normal Scan","Normal Scan",0,"ON",1,1,1,738.2,5,20.5,98.1,51,0.0000000687497,0.0000182049,4.97,8954.6,8.8,736.5,1,"Up Scan","Positive",254,0,4.37,1.6,8,8,0,1,1,16.226,25.981,19.331,9.647,1.924,10164.8,48,21.2,NA,0,0,0,0,0,0,0,0,0,0,0,0,0,0,0,0,0,0,0,0,0,0,0,0,0,0,0,0,0,0,0,29724.736,24932.768,24193.536,20629.056,18847.584,17658.56,16246.88,14643.04,13640.8,12736.352,12188,11625.024,10657.088,10121.792,9839.104,8692.832,8111.776,7200.608,6208.832,5142.944,4568.672,3819.52,3483.744,2912.128,2723.968,2433.088,2373.248,2146.272,2041.28,1882.016,1660.16,1402.176,1192.192,954.88,934.592,800.704,730.88,636.352,686.464,655.744,580.128,558.368,553.568,564.32,481.056,387.328,380.896,259.392,160.928,74.944,59.552,31.744,25.568,32.448,12.096,11.04,8.192,3.36,7.04,1.792,0,0,0,0,0,0,0,0,0,0,0,0,0,0,0,0,0,0,0,0,0,0,0,0,0,0,0,0,0,0,0,0,0,0,0,8.614,12.011,14.589,19.227,21.388,24.533,28.412,31.329,33.313,35.973,38.52,41.758,44.707,45.666,47.932,51.033,49.339,49.984,48.137,44.784,40.157,38.389,34.63,33.852,30.624,30.188,28.743,29.214,27.54,27.379,26.58,24.68,21.945,20.115,17.953,17.757,16.209,15.529,14.172,13.994,13.256,11.554,10.316,9.256,8.904,7.451,5.95,5.841,3.812,2.344,1.134,0.842,0.483,0.339,0.421,0.155,0.138,0.099,0.04,0.081,0.02,0,0,0,0,0
2026-09-02 07:48:00,1,"Normal Scan","Normal Scan",0,"ON",1,1,1,737.9,5,20,98.1,51,0.0000000686007,0.0000181809,4.97,8954.6,8.8,736.5,1,"Up Scan","Positive",254,0,4.37,1.6,8,8,0,1,1,16.82,26.199,19.797,9.647,1.898,10829.9,48,21,NA,0,0,0,0,0,0,0,0,0,0,0,0,0,0,0,0,0,0,0,0,0,0,0,0,0,0,0,0,0,0,0,25305.44,24923.008,23642.048,21915.424,20686.624,18852.416,18108.704,16721.792,14766.784,13251.104,12443.712,11955.456,11855.872,11832.448,11349.024,10522.976,9835.36,9030.72,7931.072,6959.84,6010.368,4552.416,3780.416,3098.432,2780.288,2500.416,2384.416,2207.008,1984.256,1790.144,1589.088,1264.896,1126.24,973.856,813.408,770.08,712.704,667.008,618.688,607.808,642.112,542.624,554.208,547.904,523.648,480.736,377.376,250.368,212.8,106.24,73.632,43.072,28.544,16.256,13.792,7.84,4.96,5.024,3.488,0,0,0,0,0,0,0,0,0,0,0,0,0,0,0,0,0,0,0,0,0,0,0,0,0,0,0,0,0,0,0,0,0,0,0,0,6.985,10.344,14.643,18.904,22.754,27.03,30.355,34.949,37.986,39.017,40.135,42.76,46.149,50.935,56.084,59.085,59.835,60.581,60.129,56.903,53.78,49.931,40.927,36.525,32.176,30.756,29.198,29.135,28.102,26.617,25.146,23.53,20.298,19.254,17.9,16.371,15.958,15.349,14.624,13.794,13.014,12.405,10.322,9.447,8.99,8.095,7.329,5.596,3.744,3.028,1.568,1.025,0.595,0.377,0.211,0.175,0.098,0.06,0.06,0.041,0,0,0,0,0,0
2026-09-02 07:53:00,1,"Normal Scan","Normal Scan",0,"ON",1,1,1,738.3,5,20.6,98.1,51,0.0000000687795,0.0000182097,4.97,8954.6,8.8,736.5,1,"Up Scan","Positive",254,0,4.37,1.6,8,8,0,1,1,18.358,28.446,21.003,9.647,1.956,8806.7,48,21.2,NA,0,0,0,0,0,0,0,0,0,0,0,0,0,0,0,0,0,0,0,0,0,0,0,0,0,0,0,0,0,0,0,20970.592,17504.832,15856.8,15996.576,14730.144,13312.32,12502.88,12289.888,12260.864,12905.248,12553.024,11364.704,10700.544,10341.12,9419.296,8727.136,8014.88,7247.552,6512.672,5897.248,4957.888,4164.256,3491.232,3159.84,2737.536,2499.648,2302.432,2094.784,1907.936,1651.808,1458.304,1239.552,993.504,956.608,861.024,724.992,704.032,694.944,793.824,672.128,627.744,657.792,650.496,554.528,476.352,457.184,405.44,325.76,204.864,99.52,76.864,32.736,17.888,19.2,10.624,13.888,1.952,3.424,3.52,0,0,0,0,0,0,0,0,0,0,0,0,0,0,0,0,0,0,0,0,0,0,0,0,0,0,0,0,0,0,0,0,0,0,0,0,6.336,8.451,10.241,12.634,16.561,19.254,21.409,24.17,28.014,32.458,39.072,43.034,43.733,45.833,48.932,49.02,49.619,49.45,48.429,47.04,45.826,41.551,37.446,33.865,32.609,30.068,28.988,28.027,26.659,25.784,23.609,21.85,20.226,18.245,18.068,17.131,15.898,15.787,15.367,15.866,13.722,12.834,12.124,10.883,8.985,7.41,6.843,6.061,4.76,2.988,1.387,1.08,0.473,0.255,0.249,0.136,0.173,0.024,0.04,0.041,0,0.014,0,0,0,0
2026-09-02 07:58:00,1,"Normal Scan","Normal Scan",0,"ON",1,1,1,737.9,5,20,98.1,51.5,0.0000000686007,0.0000181809,4.97,8954.6,8.8,736.5,1,"Up Scan","Positive",254,0,4.37,1.6,8,8,0,1,1,17.553,26.261,19.891,9.647,1.879,10145.2,48,21,NA,0,0,0,0,0,0,0,0,0,0,0,0,0,0,0,0,0,0,0,0,0,0,0,0,0,0,0,0,0,0,0,24167.744,21526.56,19569.728,18048.032,17359.232,16324.256,16266.944,16287.2,15868.48,16095.52,15561.984,14063.776,12980.832,11686.368,10914.4,9818.784,8901.376,7852.544,6796.16,5663.168,4419.136,3753.088,3091.328,2780.768,2530.272,2348.48,2160.48,1911.936,1764.928,1523.264,1341.728,1053.024,946.048,799.264,718.464,696.544,649.888,616.64,575.616,630.944,601.344,604.448,617.408,545.504,526.784,443.456,385.664,308.192,232.192,119.648,85.216,32.16,27.04,22.208,4.544,9.504,6.56,1.696,1.728,5.408,0,0,0,0,0,0,0,0,0,0,0,0,0,0,0,0,0,0,0,0,0,0,0,0,0,0,0,0,0,0,0,0,0,0,0,7.971,9.785,12.647,15.641,18.758,22.64,26.281,31.467,37.143,41.982,48.688,53.277,54.048,55.53,55.252,56.599,55.582,54.731,52.244,48.847,43.961,37.117,33.902,30.012,28.843,27.865,27.064,26.12,24.268,23.658,21.57,20.217,17.398,16.571,15.751,15.014,15.175,14.888,14.036,13.275,13.198,12.065,11.393,10.671,8.955,8.114,6.74,5.786,4.466,3.369,1.717,1.184,0.483,0.358,0.287,0.058,0.118,0.08,0.02,0.02,0.059,0,0,0,0,0
2026-09-02 08:03:00,1,"Normal Scan","Normal Scan",0,"ON",1,1,1,738.3,5,20.6,98.1,51,0.0000000687795,0.0000182097,4.97,8954.6,8.8,736.5,1,"Up Scan","Positive",254,0,4.37,1.6,8,8,0,1,1,19.169,30.412,21.985,9.647,2.012,7283.7,48,21.2,NA,0,0,0,0,0,0,0,0,0,0,0,0,0,0,0,0,0,0,0,0,0,0,0,0,0,0,0,0,0,0,0,16929.44,13444.768,12772.96,12470.176,10777.952,10968.192,10270.112,9743.904,9467.232,9390.592,9164.096,9097.472,8749.344,8459.936,8238.176,8114.496,7331.52,6840.736,5869.824,5001.312,4364.32,3616.672,3249.6,2787.616,2726.272,2473.536,2184.64,2026.752,1811.2,1608.928,1419.392,1133.984,931.104,836.896,686.272,724.736,631.232,681.408,692.704,643.2,648.672,642.016,626.56,553.248,550.048,484.16,408.288,311.424,220.032,119.744,71.424,39.136,18.848,13.344,12.224,9.44,4.928,3.392,3.456,5.376,0,0,0,0,0,0,0,0,0,0,0,0,0,0,0,0,0,0,0,0,0,0,0,0,0,0,0,0,0,0,0,0,0,0,0,4.929,6.86,7.95,10.178,12.891,14.091,17.654,19.82,22.182,25.046,28.48,31.427,35.078,37.581,40.112,42.842,46.055,45.223,45.728,42.366,39.112,36.741,32.783,31.6,28.903,29.9,28.639,26.353,25.767,24.035,22.75,21.22,18.723,16.923,16.351,14.872,15.903,14.802,15.016,15.084,13.608,13.018,11.698,10.847,8.96,8.519,7.266,6.067,4.6,3.168,1.712,1.025,0.576,0.283,0.172,0.155,0.118,0.06,0.04,0.041,0.059,0.028,0,0,0,0
2026-09-02 08:08:00,1,"Normal Scan","Normal Scan",0,"ON",1,1,1,738,5,20.2,98.1,51.7,0.0000000686603,0.0000181905,4.97,8954.6,8.8,736.5,1,"Up Scan","Positive",254,0,4.37,1.6,8,8,0,1,1,18.825,31.002,22.062,9.647,2.046,6627.96,48,21.1,NA,0,0,0,0,0,0,0,0,0,0,0,0,0,0,0,0,0,0,0,0,0,0,0,0,0,0,0,0,0,0,0,15283.36,12660.736,11451.36,11821.792,10599.424,10194.496,9815.648,8914.976,8863.584,8295.904,8410.656,8041.024,7482.048,7631.04,7014.688,6460.32,5912.64,5417.44,4745.472,4292.544,3733.728,3516.032,3079.584,2830.4,2531.584,2440.896,2274.016,2163.488,1885.024,1559.808,1261.728,1109.152,967.264,804.16,728.544,714.24,606.976,648.48,640.192,682.592,655.232,566.624,597.056,569.856,484.832,501.984,372.768,357.248,193.024,132.8,61.248,37.28,23.136,13.216,12.224,11.04,8.224,6.752,1.728,1.536,0,0,0,0,0,0,0,0,0,0,0,0,0,0,0,0,0,0,0,0,0,0,0,0,0,0,0,0,0,0,0,0,0,0,0,4.056,6.189,7.452,9.107,12.304,13.9,16.437,18.938,20.272,23.447,25.132,28.869,30.966,32.108,36.109,36.491,36.774,36.669,36.434,34.584,33.733,31.745,32.005,30.201,29.462,27.813,28.032,27.476,27.23,24.869,22.27,19.165,18.082,17.225,15.927,15.483,15.306,14.168,14.74,13.972,14.065,13.048,10.89,10.243,9.218,7.542,7.604,5.529,5.198,2.823,1.933,0.879,0.502,0.321,0.172,0.155,0.138,0.1,0.081,0.02,0.02,0,0,0,0,0
2026-09-02 08:13:00,1,"Normal Scan","Normal Scan",0,"ON",1,1,1,738.2,5,20.4,98.1,51.2,0.0000000687199,0.0000182001,4.97,8954.6,8.8,736.5,1,"Up Scan","Positive",254,0,4.37,1.6,8,8,0,1,1,19.072,31.954,22.608,9.647,2.065,6638.89,48,21.1,NA,0,0,0,0,0,0,0,0,0,0,0,0,0,0,0,0,0,0,0,0,0,0,0,0,0,0,0,0,0,0,0,13421.28,11634.72,12212.96,10994.528,10980.192,9527.936,10126.496,9665.824,9192.256,8795.168,8102.304,7770.208,7662.144,7233.44,6997.6,6406.304,5745.792,5203.808,4991.168,4465.728,3939.136,3533.28,3354.88,2965.856,2724.32,2621.856,2374.688,2188.128,2038.688,1768.288,1381.152,1140.768,934.848,928.8,808.512,802.848,751.104,735.232,718.336,759.008,632.576,644.832,683.52,590.784,546.56,441.056,459.04,318.272,208.96,134.944,72.608,39.648,24.544,11.776,10.688,4.8,6.528,6.784,6.976,0,0,0,0,0,0,0,0,0,0,0,0,0,0,0,0,0,0,0,0,0,0,0,0,0,0,0,0,0,0,0,0,0,0,0,0,4.04,5.426,6.82,9.744,11.405,14.343,15.347,19.559,22.027,24.294,26.611,27.816,29.928,32.852,34.293,36.423,36.502,35.671,35.136,36.337,35.161,33.47,32.283,32.707,31.022,30.031,30.111,28.574,27.667,27.118,25.031,21.446,18.89,17.372,18.118,16.623,16.951,16.948,16.052,15.394,15.287,12.831,12.059,11.602,9.487,8.471,6.702,6.777,4.634,3.052,1.927,1.079,0.556,0.358,0.153,0.136,0.059,0.08,0.081,0.081,0,0.028,0,0,0,0
2026-09-02 08:18:00,1,"Normal Scan","Normal Scan",0,"ON",1,1,1,738.1,5,20.3,98.1,51.8,0.0000000686901,0.0000181953,4.97,8954.6,8.8,736.5,1,"Up Scan","Positive",254,0,4.37,1.6,8,8,0,1,1,20.121,33.17,23.563,10.366,2.077,6896.27,48,21.1,NA,0,0,0,0,0,0,0,0,0,0,0,0,0,0,0,0,0,0,0,0,0,0,0,0,0,0,0,0,0,0,0,11874.656,12830.016,10135.136,10989.824,10230.656,10256.672,10129.024,9590.08,9520.352,8705.888,8675.072,8276.032,7741.12,7810.144,7319.008,6929.888,6435.456,5644.512,5190.72,4875.168,4533.76,4168.832,3943.904,3495.552,3204.864,3051.296,2870.4,2578.496,2222.912,1973.12,1730.272,1360.192,1248.448,1001.44,938.272,1001.216,829.92,771.392,827.744,800.64,777.408,632.512,638.464,588.416,521.088,513.504,393.088,349.824,209.568,135.968,77.216,42.944,24.544,14.784,21.344,12.64,3.296,6.752,3.456,1.792,0,0,0,0,0,0,0,0,0,0,0,0,0,0,0,0,0,0,0,0,0,0,0,0,0,0,0,0,0,0,0,0,0,0,0,3.466,4.806,7.498,8.088,11.434,13.334,16.548,19.604,21.852,25.165,26.383,29.765,31.903,33.199,37.041,38.152,39.537,39.995,38.24,38.033,38.542,38.576,38.151,38.441,36.287,35.201,35.289,34.668,32.692,29.612,28.246,26.131,22.389,21.707,19.419,19.171,19.835,17.614,16.778,16.925,15.968,14.894,12.069,10.954,9.523,8.114,7.756,5.863,5.213,3.035,1.964,1.116,0.595,0.34,0.191,0.272,0.157,0.04,0.081,0.041,0.02,0.014,0,0,0,0
2026-09-02 08:23:00,1,"Normal Scan","Normal Scan",0,"ON",1,1,1,738,5,20.2,98.1,51.4,0.0000000686603,0.0000181905,4.97,8954.6,8.8,736.5,1,"Up Scan","Positive",254,0,4.37,1.6,8,8,0,1,1,21.447,33.916,24.193,9.647,2.075,7328.32,48,21.1,NA,0,0,0,0,0,0,0,0,0,0,0,0,0,0,0,0,0,0,0,0,0,0,0,0,0,0,0,0,0,0,0,13417.28,11657.728,10971.424,10639.744,9760.352,9689.248,9102.496,8804.8,8754.656,9358.272,9328.256,9841.312,9613.152,9908.64,9479.648,8974.048,7900.96,6381.312,5578.912,5131.392,4469.28,3959.296,3704.8,3458.656,3269.024,3184.736,2971.968,2939.68,2575.552,2240.128,1877.12,1571.36,1394.08,1263.52,1171.232,1078.272,1110.656,977.376,924,846.4,771.456,700.736,734.528,622.592,548.288,471.968,447.36,332.768,217.12,108.704,101.632,51.456,36.224,17.664,16.768,11.072,11.424,13.472,5.216,5.12,0,0,0,0,0,0,0,0,0,0,0,0,0,0,0,0,0,0,0,0,0,0,0,0,0,0,0,0,0,0,0,0,0,0,0,3.449,5.476,6.823,8.715,11.035,12.776,15.618,17.556,20.111,23.192,28.422,32.108,37.982,41.201,46.841,49.179,50.859,48.757,42.925,40.689,40.493,38.166,36.597,36.696,36.395,36.317,37.043,36.305,37.427,34.673,31.944,29.067,26.023,24.289,23.506,22.369,21.219,22.439,19.892,18.341,16.692,15.08,13.037,12.214,10.33,8.663,7.338,6.673,4.927,3.222,1.645,1.464,0.743,0.547,0.23,0.213,0.138,0.139,0.161,0.061,0.059,0.042,0,0,0,0
2026-09-02 08:28:00,1,"Normal Scan","Normal Scan",0,"ON",1,1,1,738.2,5,20.4,98.1,51.9,0.0000000687199,0.0000182001,4.97,8954.6,8.8,736.5,1,"Up Scan","Positive",254,0,4.37,1.6,8,8,0,1,1,20.471,33.387,23.683,9.647,2.083,6877.87,49,21.2,NA,0,0,0,0,0,0,0,0,0,0,0,0,0,0,0,0,0,0,0,0,0,0,0,0,0,0,0,0,0,0,0,13126.496,12339.232,11325.344,9872.768,9965.696,9343.264,9236.512,8893.408,8854.368,8820.096,8744.992,8440.128,8034.4,8082.848,7507.392,7064,6697.76,6035.456,5590.72,4850.4,4449.408,3947.936,3615.776,3374.336,3203.04,3154.4,2963.008,2742.56,2353.056,2012.8,1719.424,1441.472,1157.184,1006.56,915.968,818.528,869.92,855.968,804.032,694.976,755.968,766.656,640.736,601.536,544.384,517.056,454.848,323.68,222.88,154.816,70.944,35.616,18.016,16.16,19.776,9.536,4.928,1.696,5.216,1.536,0,0,0,0,0,0,0,0,0,0,0,0,0,0,0,0,0,0,0,0,0,0,0,0,0,0,0,0,0,0,0,0,0,0,0,4.39,5.365,7.182,9.007,10.269,13.034,15.058,17.895,20.314,23.457,26.735,30.06,32.546,34.504,38.318,39.123,40.249,41.533,40.648,40.756,38.333,38.008,36.343,35.754,35.205,35.318,36.367,35.574,34.457,31.164,28.384,25.744,23.557,20.773,19.123,18.677,18.088,18.488,17.784,16.81,14.91,14.745,13.638,11.246,9.753,8.401,7.737,6.774,4.756,3.236,2.187,1.025,0.493,0.254,0.21,0.252,0.118,0.06,0.02,0.061,0.02,0,0,0,0,0
2026-09-02 08:33:00,1,"Normal Scan","Normal Scan",0,"ON",1,1,1,737.9,5,20.1,98.1,51.8,0.0000000686305,0.0000181857,4.97,8954.6,8.8,736.5,1,"Up Scan","Positive",254,0,4.37,1.6,8,8,0,1,1,22.773,35.939,25.752,9.647,2.097,6551.08,49,21,NA,0,0,0,0,0,0,0,0,0,0,0,0,0,0,0,0,0,0,0,0,0,0,0,0,0,0,0,0,0,0,0,9616.928,9115.136,9265.344,8865.312,8931.296,8374.688,7962.432,7787.04,8001.248,8024.224,7836.032,7761.152,7810.912,7545.248,7021.216,6989.184,6627.808,6132.992,5660.8,5336.096,5182.336,4880.64,4531.968,4607.2,4215.264,4025.056,3563.584,3141.44,2634.784,2184.352,1834.112,1466.24,1246.752,1061.12,1009.664,943.808,925.088,851.648,873.984,846.016,731.232,723.168,602.112,611.616,548.96,439.872,365.12,352.256,232.096,132.576,70.496,55.008,28.448,26.592,6.08,1.568,3.264,3.328,6.944,3.616,0,0,0,0,0,0,0,0,0,0,0,0,0,0,0,0,0,0,0,0,0,0,0,0,0,0,0,0,0,0,0,0,0,0,0,3.145,3.884,5.343,7.39,9.171,11.683,13.5,15.404,17.789,21.178,24.342,26.953,29.943,33.552,35.848,36.736,40.017,41.413,41.673,41.867,42.683,44.466,44.838,44.358,47.281,45.633,45.57,42.408,39.077,34.814,30.757,27.755,24.039,21.878,20.591,19.969,19.443,18.69,18.088,17.578,16.271,14.071,13.458,10.583,9.782,8.604,6.709,5.541,5.087,3.298,1.892,1.025,0.781,0.377,0.344,0.078,0.02,0.04,0.04,0.081,0.039,0,0,0,0,0
2026-09-02 08:38:00,1,"Normal Scan","Normal Scan",0,"ON",1,1,1,738.3,5,20.6,98.1,52,0.0000000687795,0.0000182097,4.97,8954.6,8.8,736.5,1,"Up Scan","Positive",254,0,4.37,1.6,8,8,0,1,1,22.078,34.892,24.985,9.647,2.093,6978.55,49,21.2,NA,0,0,0,0,0,0,0,0,0,0,0,0,0,0,0,0,0,0,0,0,0,0,0,0,0,0,0,0,0,0,0,11822.816,10992.128,10353.824,9864.16,9248.832,9390.72,8834.688,8160.448,8456.576,8191.872,8312.704,8049.728,8253.184,8057.696,8220.224,7565.344,7065.44,6334.624,5967.712,5366.72,4991.04,4679.328,4465.728,4160.224,3970.816,3824,3557.6,3189.664,2886.112,2355.584,2018.592,1592.864,1387.616,1238.144,1194.528,1005.824,936.448,846.752,860.736,778.08,706.4,634.72,610.368,575.904,521.504,506.784,431.264,349.664,197.248,149.76,75.104,36.128,23.04,22.176,7.648,3.136,4.896,1.664,5.216,1.792,0,0,0,0,0,0,0,0,0,0,0,0,0,0,0,0,0,0,0,0,0,0,0,0,0,0,0,0,0,0,0,0,0,0,0,3.29,4.806,6.466,8.223,10.157,12.055,15.132,17.07,18.616,22.404,24.858,28.575,31.099,35.435,38.274,42.797,43.217,43.964,42.961,43.765,42.701,42.828,43.116,43.907,43.432,43.501,43.787,42.651,40.091,38.392,33.256,30.032,25.416,23.914,22.555,22.217,19.874,19.139,17.667,17.332,15.943,13.945,11.757,10.67,9.401,8.035,7.616,6.452,5.067,2.844,2.117,1.061,0.52,0.339,0.287,0.097,0.039,0.06,0.02,0.061,0.02,0.028,0,0,0,0
2026-09-02 08:43:00,1,"Normal Scan","Normal Scan",0,"ON",1,1,1,738.8,5,21.2,98.1,51.6,0.0000000689584,0.0000182384,4.97,8954.6,8.8,736.5,1,"Up Scan","Positive",254,0,4.37,1.6,8,8,0,1,1,20.969,33.335,23.96,9.647,2.064,6812.43,48,21.5,NA,0,0,0,0,0,0,0,0,0,0,0,0,0,0,0,0,0,0,0,0,0,0,0,0,0,0,0,0,0,0,0,12380.256,10981.088,10874.048,10298.496,10281.088,9156.928,8689.664,8739.616,8723.072,8268.32,8332.416,8292.48,7724.224,7907.424,7357.28,7136.48,6511.52,6170.24,5831.136,5375.584,4796.896,4597.984,4314.56,4097.344,3652.896,3324.64,3111.584,2612.384,2358.464,1971.552,1553.472,1231.008,1017.888,930.08,839.552,758.944,830.272,834.176,714.112,671.008,701.472,663.264,599.904,537.888,503.232,522.656,406.144,264.032,200.736,148.448,60.928,52.384,23.872,19.712,15.232,11.008,6.528,8.448,1.728,0,0,0,0,0,0,0,0,0,0,0,0,0,0,0,0,0,0,0,0,0,0,0,0,0,0,0,0,0,0,0,0,0,0,0,0,3.311,5.041,6.451,8.683,10.635,13.421,14.729,16.785,19.892,23.064,25.072,28.606,31.927,33.165,37.515,38.381,40.733,40.587,41.804,42.758,42.494,40.863,41.999,41.769,42.052,39.582,37.718,36.679,32.734,30.906,27.456,23.46,20.636,18.475,17.679,17.138,16.55,17.418,16.92,15.166,14.419,13.463,12.015,10.397,8.833,7.903,7.894,6.079,3.916,2.922,2.138,0.881,0.706,0.351,0.256,0.194,0.137,0.08,0.101,0.02,0,0.028,0,0,0,0
2026-09-02 08:48:00,1,"Normal Scan","Normal Scan",0,"ON",1,1,1,739.5,5,22.2,98.1,51.1,0.0000000692566,0.0000182863,4.97,8954.6,8.8,736.5,1,"Up Scan","Positive",254,0,4.37,1.6,8,8,0,1,1,21.779,35.544,25.115,9.647,2.13,6473.82,47,21.9,NA,0,0,0,0,0,0,0,0,0,0,0,0,0,0,0,0,0,0,0,0,0,0,0,0,0,0,0,0,0,0,0,12319.008,10024.928,10095.456,9527.776,9348.224,7857.856,8296.48,7728.32,8103.712,7230.016,7402.976,7036.96,6933.696,6711.232,6554.368,6036.992,5877.792,5587.872,5140.96,4889.568,4905.088,4726.752,4513.664,4528.224,4157.856,3890.784,3562.336,3161.408,2701.248,2192.288,1858.592,1542.784,1329.888,1165.344,994.752,979.072,974.528,921.472,831.104,718.432,706.304,593.888,600.416,586.88,543.36,468.448,416.352,329.44,224.512,130.848,82.72,40.288,27.168,14.24,17.376,1.6,6.528,5.92,4.352,1.792,0,0,0,0,0,0,0,0,0,0,0,0,0,0,0,0,0,0,0,0,0,0,0,0,0,0,0,0,0,0,0,0,0,0,0,3.31,4.967,5.877,8.036,9.853,12.161,12.6,15.971,17.576,21.376,21.874,25.343,27.085,29.735,31.824,34.235,34.621,36.771,38.078,38.163,39.183,42.19,43.44,44.152,46.585,45.09,44.204,42.375,39.766,35.654,30.625,28.188,25.107,22.999,21.159,19.493,19.188,19.507,18.82,17.018,14.596,13.743,11.535,10.338,9.561,8.401,7.096,6.157,4.84,3.214,1.861,1.198,0.565,0.358,0.184,0.22,0.02,0.079,0.07,0.051,0.02,0,0,0,0,0
2026-09-02 08:53:00,1,"Normal Scan","Normal Scan",0,"ON",1,1,1,739.8,5,22.6,98.1,50.7,0.000000069376,0.0000183054,4.97,8954.6,8.8,736.5,1,"Up Scan","Positive",254,0,4.37,1.6,8,8,0,1,1,21.962,35.516,25.179,9.647,2.126,6340.86,46,22.3,NA,0,0,0,0,0,0,0,0,0,0,0,0,0,0,0,0,0,0,0,0,0,0,0,0,0,0,0,0,0,0,0,12173.344,9955.584,9485.824,9269.792,8941.184,8173.856,7869.856,7627.808,7450.176,7202.912,6999.616,6839.104,6651.104,6683.648,6408.608,6025.344,5571.776,5425.504,5379.232,5241.376,5066.304,4603.488,4410.176,4348.32,4140.352,3776.288,3459.008,3149.344,2768.064,2233.888,1863.84,1511.456,1286.08,1079.328,1016.512,950.56,846.208,817.248,817.536,783.328,640.416,655.04,579.584,548.032,509.312,424.672,409.76,319.232,207.392,120.096,71.648,38.176,28.544,22.176,10.688,9.568,4.896,3.392,1.76,0,0,0,0,0,0,0,0,0,0,0,0,0,0,0,0,0,0,0,0,0,0,0,0,0,0,0,0,0,0,0,0,0,0,0,0,3.083,4.905,5.811,7.559,9.556,11.635,13.114,15.169,17.339,19.686,21.766,23.968,26.28,28.539,31.752,33.49,34.603,34.932,36.985,39.724,41.781,43.385,42.367,43.218,44.942,44.944,42.957,41.257,39.307,36.272,31.33,27.745,24.177,22.223,20.251,19.428,18.934,17.447,16.83,16.586,15.326,12.748,12.236,10.001,8.744,7.911,6.453,6.121,4.625,3.024,1.703,1.004,0.519,0.376,0.286,0.136,0.118,0.06,0.04,0.02,0,0,0,0,0,0
2026-09-02 08:58:00,1,"Normal Scan","Normal Scan",0,"ON",1,1,1,739,5,21.5,98.1,50,0.0000000690479,0.0000182528,4.97,8954.6,8.8,736.5,1,"Up Scan","Positive",254,0,4.37,1.6,8,8,0,1,1,19.875,32.756,23.6,9.647,2.055,6800.56,46,22.2,NA,0,0,0,0,0,0,0,0,0,0,0,0,0,0,0,0,0,0,0,0,0,0,0,0,0,0,0,0,0,0,0,11443.936,11317.856,10125.792,10563.68,9992.288,9833.952,9956.256,10471.04,10536.768,9951.328,8744.64,8285.984,7578.784,7153.216,6523.648,5837.984,5279.424,5134.432,4903.552,4666.944,4598.688,4399.232,4106.368,4122.112,3887.072,3618.208,3367.904,2957.344,2461.536,1972.64,1678.88,1307.936,1086.368,942.656,827.552,810.336,763.84,698.272,633.056,653.6,640.48,579.328,562.016,577.216,488.576,450.24,363.008,282.176,193.824,104.352,59.392,37.344,34.272,22.24,15.296,4.8,3.264,3.392,1.76,0,0,0,0,0,0,0,0,0,0,0,0,0,0,0,0,0,0,0,0,0,0,0,0,0,0,0,0,0,0,0,0,0,0,0,0,3.27,4.68,6.575,8.01,10.976,13.058,15.828,19.239,23.812,27.8,29.996,29.868,31.777,32.445,33.861,34.038,33.484,33.12,34.972,36.307,37.356,39.557,40.586,40.199,42.431,41.972,40.985,39.747,36.51,32.157,27.514,24.854,21.148,18.705,17.629,16.644,16.582,16.097,15.195,13.783,13.378,12.383,10.779,9.661,9.171,7.544,6.869,5.448,4.157,2.787,1.471,0.838,0.52,0.452,0.287,0.194,0.059,0.04,0.04,0.02,0,0,0,0,0,0
2026-09-02 09:03:00,1,"Normal Scan","Normal Scan",0,"ON",1,1,1,738.2,5,20.5,98.1,49.5,0.0000000687497,0.0000182049,4.97,8954.6,8.8,736.5,1,"Up Scan","Positive",254,0,4.37,1.6,8,8,0,1,1,19.783,33.67,23.556,9.647,2.123,5373.3,46,21.9,NA,0,0,0,0,0,0,0,0,0,0,0,0,0,0,0,0,0,0,0,0,0,0,0,0,0,0,0,0,0,0,0,11747.84,10594.304,9365.76,8013.632,7872.096,7820.064,7241.824,7373.088,6570.56,6532.832,6133.792,5615.04,5508.896,5198.688,4982.752,4889.92,4382.784,4252.736,4053.024,3890.304,3548.768,3572.832,3290.88,3201.216,3015.712,2773.216,2544.768,2265.664,1966.08,1627.136,1301.248,1054.784,866.24,706.08,758.336,668.416,658.624,684.16,612.224,627.584,580.064,567.488,549.312,518.752,472.544,418.88,371.968,254.624,182.304,93.408,58.816,35.936,16,16.096,12.448,6.272,3.264,0,0,3.328,0,0,0,0,0,0,0,0,0,0,0,0,0,0,0,0,0,0,0,0,0,0,0,0,0,0,0,0,0,0,0,0,0,0,0,3.738,4.78,6.165,7.481,8.305,10.316,12.593,13.982,16.779,17.402,19.772,21.046,21.621,23.659,24.714,26.054,27.988,27.481,28.953,29.911,30.991,30.564,32.752,32.16,33.093,32.654,31.544,30.228,28.086,25.779,22.899,19.698,17.637,15.635,14.234,15.352,14.416,14.44,14.532,13.237,12.808,11.515,10.357,9.271,8.314,7.323,6.281,5.497,3.789,2.624,1.314,0.805,0.502,0.245,0.209,0.157,0.079,0.04,0,0,0.04,0.014,0,0,0,0
2026-09-02 09:08:00,1,"Normal Scan","Normal Scan",0,"ON",1,1,1,738.5,5,20.9,98.1,49.1,0.000000068869,0.0000182241,4.97,8954.6,8.8,736.5,1,"Up Scan","Positive",254,0,4.37,1.6,8,8,0,1,1,19.756,30.242,22.251,9.647,1.985,7090.68,46,21.9,NA,0,0,0,0,0,0,0,0,0,0,0,0,0,0,0,0,0,0,0,0,0,0,0,0,0,0,0,0,0,0,0,15354.304,13223.392,11967.744,10617.664,9843.936,9998.464,9878.112,9299.072,9515.168,9557.824,9439.936,9021.088,8702.112,8575.52,8573.312,8128.224,7853.184,6829.312,6123.264,5268.704,4526.048,3647.584,3288.256,2981.472,2720.416,2391.904,2388.928,2005.408,1775.52,1400.352,1220.64,944.096,862.496,745.184,764.032,685.536,710.048,695.2,680.672,630.912,585.312,554.496,539.104,457.664,478.208,427.232,367.456,249.664,152.032,89.216,66.88,34.08,28.448,10.272,10.656,9.44,3.296,1.664,1.76,0,0,0,0,0,0,0,0,0,0,0,0,0,0,0,0,0,0,0,0,0,0,0,0,0,0,0,0,0,0,0,0,0,0,0,0,4.909,6.212,7.749,9.529,10.985,12.865,16.098,19.064,21.191,25.149,29.015,32.386,34.807,37.359,40.72,44.624,46.179,48.357,45.677,44.212,41.083,38.038,33.113,31.863,30.672,29.443,27.322,28.46,25.155,23.696,20.199,18.773,16.233,15.909,14.825,15.36,14.534,15.088,14.271,14.262,12.998,11.496,9.955,8.976,7.437,7.394,6.51,5.43,3.648,2.197,1.286,0.925,0.464,0.377,0.134,0.136,0.118,0.04,0.02,0.02,0,0,0,0,0,0
2026-09-02 09:13:00,1,"Normal Scan","Normal Scan",0,"ON",1,1,1,738.4,5,20.7,98.1,49.8,0.0000000688093,0.0000182145,4.97,8954.6,8.8,736.5,1,"Up Scan","Positive",254,0,4.37,1.6,8,8,0,1,1,18.233,31.188,21.938,9.647,2.086,6229.1,46,21.8,NA,0,0,0,0,0,0,0,0,0,0,0,0,0,0,0,0,0,0,0,0,0,0,0,0,0,0,0,0,0,0,0,15924,13548.512,12806.912,10756.896,9931.68,8998.656,8619.328,8396.288,8192.608,7539.936,7441.728,6775.52,6789.44,6073.344,5620.992,5330.848,5063.168,4440.224,4097.728,3808.16,3527.904,3302.272,3057.312,2846.688,2773.088,2564,2406.784,2111.936,1866.944,1588.8,1416.096,1225.344,982.624,911.904,840.704,773.44,747.104,762.784,660.512,753.984,586.272,559.552,510.912,529.44,462.528,398.944,342.752,278.4,165.088,90.976,52,26.208,18.56,17.728,7.68,6.336,1.632,0,0,0,0,0,0,0,0,0,0,0,0,0,0,0,0,0,0,0,0,0,0,0,0,0,0,0,0,0,0,0,0,0,0,0,0,0,0,4.911,6.473,7.896,10.204,11.144,12.958,14.475,16.656,19.113,21.651,22.817,25.499,26.088,29.07,28.787,29.328,30.453,31.461,30.077,30.082,30.229,30.17,30.322,29.934,29.565,30.331,29.648,29.081,26.879,25.136,22.788,21.638,20.032,17.549,17.442,16.703,15.767,15.368,15.761,13.832,14.325,11.546,10.287,8.623,8.396,7.058,5.987,5.084,4.044,2.381,1.279,0.713,0.353,0.245,0.23,0.097,0.079,0.02,0,0,0,0,0,0,0,0
2026-09-02 09:18:00,1,"Normal Scan","Normal Scan",0,"ON",1,1,1,738.1,5,20.3,98.1,49.8,0.0000000686901,0.0000181953,4.97,8954.6,8.8,736.5,1,"Up Scan","Positive",254,0,4.37,1.6,8,8,0,1,1,17.561,30.339,21.34,9.647,2.073,6502.06,47,21.6,NA,0,0,0,0,0,0,0,0,0,0,0,0,0,0,0,0,0,0,0,0,0,0,0,0,0,0,0,0,0,0,0,18785.152,14961.728,11955.2,11700.352,11376,10758.784,9330.048,8460.416,8267.84,7591.968,7740.768,6849.696,6190.944,6271.36,5941.984,5449.824,5018.08,4476.096,4336.768,4060.576,3518.368,3269.824,3183.136,2927.776,2769.952,2547.36,2177.888,2113.792,1785.76,1463.648,1189.28,1138.752,965.76,776.768,797.44,803.2,754.016,686.112,778.304,745.44,637.728,563.008,508.928,524,482.688,378.496,341.472,265.76,179.04,109.664,55.84,41.312,27.328,7.36,13.76,6.336,0,1.696,1.76,3.584,0,0,0,0,0,0,0,0,0,0,0,0,0,0,0,0,0,0,0,0,0,0,0,0,0,0,0,0,0,0,0,0,0,0,0,5.44,7.593,8.795,9.492,12.158,14.85,17.281,18.032,19.254,21.863,22.993,26.536,26.358,26.546,29.723,30.998,31.086,31.217,30.335,31.772,32.159,30.045,29.901,31.036,30.273,30.007,28.955,26.616,26.585,23.999,21.393,18.879,18.737,17.567,15.887,16.213,16.244,15.531,14.665,15.525,14.332,12.176,10.512,8.706,8.377,7.516,5.784,5.01,3.921,2.594,1.541,0.775,0.595,0.377,0.096,0.175,0.079,0,0.02,0.02,0.039,0.014,0,0,0,0
2026-09-02 09:23:00,1,"Normal Scan","Normal Scan",0,"ON",1,1,1,738.4,5,20.7,98.1,50.2,0.0000000688093,0.0000182145,4.97,8954.6,8.8,736.5,1,"Up Scan","Positive",254,0,4.37,1.6,8,8,0,1,1,18.607,29.475,21.383,9.647,2.003,6824.16,47,21.7,NA,0,0,0,0,0,0,0,0,0,0,0,0,0,0,0,0,0,0,0,0,0,0,0,0,0,0,0,0,0,0,0,17716.64,15108.064,12262.24,11348.48,10371.04,9894.4,9365.92,8849.536,8926.08,8728.192,8570.304,8193.984,8532.736,7824.352,7419.904,6887.968,6689.472,6437.856,5846.944,4492.896,3558.272,3012.832,2757.696,2368.384,2378.144,2320.992,1996.96,1906.304,1568.896,1249.344,1042.112,902.912,744.32,717.696,700.704,774.08,812.576,745.376,685.248,687.616,562.624,585.568,511.168,495.488,465.44,408.448,352.48,248.896,151.168,97.568,32.256,22.24,12.8,10.304,7.744,4.768,3.296,1.696,0,1.792,0,0,0,0,0,0,0,0,0,0,0,0,0,0,0,0,0,0,0,0,0,0,0,0,0,0,0,0,0,0,0,0,0,0,0,6.51,7.207,8.833,9.783,11.725,13.506,15.929,18.078,20.161,23.564,26.427,29.41,31.583,36.599,37.143,38.575,39.077,41.167,42.877,41.985,35.107,30.173,27.503,26.92,24.626,25.708,26.374,23.92,24.032,21.122,18.404,17.174,15.94,14.305,14.76,14.386,15.934,16.341,15.186,14.082,13.495,10.979,10.519,8.568,7.743,7.066,6.077,5.188,3.634,2.162,1.387,0.457,0.316,0.17,0.133,0.098,0.059,0.04,0.02,0,0.02,0,0,0,0,0
2026-09-02 09:28:00,1,"Normal Scan","Normal Scan",0,"ON",1,1,1,738,5,20.2,98.1,50.8,0.0000000686603,0.0000181905,4.97,8954.6,8.8,736.5,1,"Up Scan","Positive",254,0,4.37,1.6,8,8,0,1,1,18.442,28.13,20.844,9.647,1.954,7840.75,47,21.5,NA,0,0,0,0,0,0,0,0,0,0,0,0,0,0,0,0,0,0,0,0,0,0,0,0,0,0,0,0,0,0,0,21587.84,17366.208,14636.416,12160,11474.944,10810.176,10699.392,10883.744,10564.608,10802.144,10540.32,10489.568,10217.888,9782.56,9014.72,8450.816,7539.2,6504.704,5502.912,4764.928,3971.2,3458.784,3128.992,2756.864,2584.736,2366.848,2119.616,1763.968,1644.768,1358.976,1175.232,1025.472,817.536,754.272,791.456,773.888,697.728,766.752,690.528,616.928,587.936,548.512,500.256,465.984,468.032,401.632,313.888,223.072,137.376,68.288,46.368,23.776,20.384,14.752,7.648,3.168,3.232,8.416,0,3.584,0,0,0,0,0,0,0,0,0,0,0,0,0,0,0,0,0,0,0,0,0,0,0,0,0,0,0,0,0,0,0,0,0,0,0,6.676,8.824,10.127,11.671,12.608,15.004,17.406,20.708,24.826,27.994,32.751,36.177,40.37,43.755,46.197,46.784,47.843,46.426,43.491,39.783,37.274,33.518,31.339,30.208,28.381,27.996,27.117,25.501,22.455,22.327,19.808,18.489,17.392,15.382,14.908,15.669,15.67,14.549,15.226,14.104,12.268,11.087,9.887,8.31,7.324,7.154,6.095,4.675,3.261,2.031,1.009,0.659,0.353,0.321,0.191,0.097,0.039,0.04,0.101,0,0.039,0.042,0,0,0,0
2026-09-02 09:33:00,1,"Normal Scan","Normal Scan",0,"ON",1,1,1,738.2,5,20.4,98.1,50.4,0.0000000687199,0.0000182001,4.97,8954.6,8.8,736.5,1,"Up Scan","Positive",254,0,4.37,1.6,8,8,0,1,1,18.907,28.684,21.261,9.647,1.96,7559.97,47,21.4,NA,0,0,0,0,0,0,0,0,0,0,0,0,0,0,0,0,0,0,0,0,0,0,0,0,0,0,0,0,0,0,0,19138.208,16229.12,13653.568,11672.384,11540.512,10993.472,10625.536,9448.48,9555.264,9670.08,9528.672,9849.568,9438.944,9538.688,9443.712,8627.296,7791.136,6781.568,6038.752,5159.584,4240.768,3566.88,3116.928,2755.648,2631.072,2306.592,2111.04,1890.816,1543.968,1352.192,1058.912,1027.04,893.184,723.424,682.88,758.624,771.392,703.904,664,593.472,605.344,526.688,461.152,481.792,433.888,371.936,296.224,235.904,141.984,110.368,51.552,25.888,20,13.248,9.184,3.2,6.56,1.664,5.216,0,0,0,0,0,0,0,0,0,0,0,0,0,0,0,0,0,0,0,0,0,0,0,0,0,0,0,0,0,0,0,0,0,0,0,0,6.881,7.693,9.511,10.862,12.112,15.091,17.688,20.54,21.531,25.284,29.347,32.777,37.979,40.496,45.139,49.011,48.902,47.964,45.267,43.535,40.206,35.651,32.211,30.211,28.251,28.441,26.275,25.455,24.027,20.802,19.584,17.089,17.44,16.076,14.225,14.281,15.243,15.304,14.494,13.52,11.813,11.409,9.539,7.971,7.725,6.65,5.638,4.419,3.435,2.056,1.588,0.748,0.353,0.264,0.172,0.116,0.039,0.08,0.02,0.061,0,0,0,0,0,0
2026-09-02 09:38:00,1,"Normal Scan","Normal Scan",0,"ON",1,1,1,738.2,5,20.5,98.1,51,0.0000000687497,0.0000182049,4.97,8954.6,8.8,736.5,1,"Up Scan","Positive",254,0,4.37,1.6,8,8,0,1,1,16.91,27.577,20.052,9.647,1.987,7116.69,47,21.5,NA,0,0,0,0,0,0,0,0,0,0,0,0,0,0,0,0,0,0,0,0,0,0,0,0,0,0,0,0,0,0,0,22695.04,18378.72,15346.08,12841.312,12002.112,10896,9809.728,9332.8,9017.344,8584.448,8425.44,8285.152,8140.672,7571.008,6557.344,6331.84,5564.16,5087.808,4401.696,4150.432,3475.776,3230.112,2942.56,2659.584,2396.864,2066.816,1907.616,1779.552,1393.632,1191.136,1080.704,981.056,790.56,830.784,730.368,718.944,714.848,701.248,652.192,603.936,512.224,510.144,433.952,439.424,431.008,330.496,289.76,201.12,123.488,77.056,34.688,22.144,17.504,16.192,7.712,4.736,4.896,6.784,0,3.36,0,0,0,0,0,0,0,0,0,0,0,0,0,0,0,0,0,0,0,0,0,0,0,0,0,0,0,0,0,0,0,0,0,0,0,7.566,9.186,10.702,12.194,13.302,15.657,17.516,18.945,21.267,23.867,25.983,28.906,31.856,34.853,35.767,34.143,35.971,34.476,34.237,32.096,32.532,29.359,29.232,28.418,27.189,25.838,23.855,23.102,22.694,19.344,17.646,17.015,16.622,14.648,15.684,14.354,14.456,14.165,14.126,13.022,11.659,9.953,8.981,7.346,6.868,6.581,5.038,4.312,2.982,1.808,1.117,0.512,0.316,0.264,0.21,0.097,0.059,0.06,0.081,0,0.04,0.014,0,0,0,0
2026-09-02 09:43:00,1,"Normal Scan","Normal Scan",0,"ON",1,1,1,737.9,5,20.1,98.1,51,0.0000000686305,0.0000181857,4.97,8954.6,8.8,736.5,1,"Up Scan","Positive",254,0,4.37,1.6,8,8,0,1,1,16.498,26.047,19.37,9.647,1.933,7324.64,47,21.3,NA,0,0,0,0,0,0,0,0,0,0,0,0,0,0,0,0,0,0,0,0,0,0,0,0,0,0,0,0,0,0,0,24057.248,20605.536,16182.336,14208.032,12281.568,10636.96,10248.864,9478.72,9215.296,9148.768,8701.408,8387.52,8339.904,7671.232,7748.544,6855.904,6067.904,5478.944,4779.68,4029.92,3263.616,2806.304,2555.968,2229.664,2063.84,1884,1730.048,1457.568,1274.208,1067.808,976.416,780.992,779.264,710.336,682.784,682.336,649.664,571.488,536.224,525.792,419.84,435.84,433.216,427.616,355.712,302.208,255.424,161.696,93.184,57.088,33.472,28.96,8.64,7.392,7.616,6.304,1.632,0,0,0,0,0,0,0,0,0,0,0,0,0,0,0,0,0,0,0,0,0,0,0,0,0,0,0,0,0,0,0,0,0,0,0,0,0,0,8.252,9.697,12.011,12.866,14.713,16.055,17.106,19.833,21.568,24.373,27.732,29.899,32.303,35.751,36.32,40.228,38.845,37.368,36.64,34.492,31.451,27.489,25.477,24.671,22.888,22.403,21.591,20.963,18.801,17.491,15.893,15.645,13.297,13.871,13.475,13.074,13.343,13.116,11.86,10.889,10.151,8.334,7.471,7.047,6.627,5.537,4.494,3.754,2.392,1.363,0.811,0.458,0.39,0.132,0.096,0.097,0.079,0.02,0,0,0,0.014,0,0,0,0
2026-09-02 09:48:00,1,"Normal Scan","Normal Scan",0,"ON",1,1,1,738.3,5,20.6,98.1,50.8,0.0000000687795,0.0000182097,4.97,8954.6,8.8,736.5,1,"Up Scan","Positive",254,0,4.37,1.6,8,8,0,1,1,16.497,28.249,20.217,9.647,2.021,5500.2,47,21.4,NA,0,0,0,0,0,0,0,0,0,0,0,0,0,0,0,0,0,0,0,0,0,0,0,0,0,0,0,0,0,0,0,16328.16,13716.672,12253.184,10699.808,9893.408,9386.4,8462.144,7673.472,7178.656,6804.672,6463.36,5811.232,5074.816,4789.632,4652.256,4214.88,3853.664,3232.064,3112,2940.256,2735.712,2819.84,2701.888,2336.16,2175.808,1910.816,1574.848,1431.648,1313.792,1032.16,991.136,883.2,701.568,749.44,671.84,507.904,513.984,477.472,504.384,424.576,363.808,418.304,445.12,428.096,364.128,316.288,251.072,168.704,89.664,65.664,30.592,15.04,18.816,7.456,3.04,7.936,1.664,5.056,3.488,3.584,0,0,0,0,0,0,0,0,0,0,0,0,0,0,0,0,0,0,0,0,0,0,0,0,0,0,0,0,0,0,0,0,0,0,0,4.7,6.61,8.078,9.72,11.084,12.919,15.091,16.315,17.458,18.94,20.607,22.111,22.311,21.709,22.679,24.233,24.042,24.063,22.057,22.92,23.371,23.291,25.443,25.928,23.943,23.456,21.981,19.251,18.387,17.929,15.135,14.862,14.316,12.629,13.519,12.522,10.786,11.242,10.647,10.368,8.849,7.217,7.355,7.319,6.65,5.547,4.822,3.722,2.461,1.349,0.964,0.457,0.242,0.283,0.096,0.039,0.098,0.02,0.06,0.041,0.04,0.028,0,0,0,0
2026-09-02 09:53:00,1,"Normal Scan","Normal Scan",0,"ON",1,1,1,738.1,5,20.3,98.1,51,0.0000000686901,0.0000181953,4.97,8954.6,8.8,736.5,1,"Up Scan","Positive",254,0,4.37,1.6,8,8,0,1,1,16.401,27.73,19.934,9.647,2.009,5698.37,46,21.3,NA,0,0,0,0,0,0,0,0,0,0,0,0,0,0,0,0,0,0,0,0,0,0,0,0,0,0,0,0,0,0,0,18734.24,14599.168,12200.032,11322.752,9878.688,8870.496,8551.296,8132.416,7775.904,6857.12,6666.848,6131.936,5643.808,5212.736,4825.024,4492.864,3697.664,3577.184,3236.928,3038.048,2734.752,2494.688,2329.248,2231.04,2087.552,1883.04,1699.776,1569.536,1376.512,1090.944,1002.656,907.008,766.336,669.792,643.872,583.872,520.608,460.16,418.976,446.976,446.4,400.288,408.448,385.088,368.8,310.368,219.488,163.232,109.536,69.696,35.136,20.896,23.072,5.888,10.72,1.6,3.264,1.696,0,1.792,0,0,0,0,0,0,0,0,0,0,0,0,0,0,0,0,0,0,0,0,0,0,0,0,0,0,0,0,0,0,0,0,0,0,0,6.07,7.568,8.511,9.722,11.709,12.908,14.248,16.566,18.515,20.496,20.76,22.817,23.572,24.154,24.666,25.117,25.588,23.023,24.167,23.764,24.039,23.342,22.764,22.759,23.083,22.66,21.663,20.798,19.868,18.549,15.918,15.174,14.576,13.109,12.375,12.518,11.864,10.973,10.074,9.409,8.943,8.333,7.237,6.795,6.158,5.609,4.767,3.224,2.426,1.595,0.991,0.494,0.297,0.34,0.077,0.136,0.02,0.04,0.02,0,0.02,0.028,0,0,0,0
2026-09-02 09:58:00,1,"Normal Scan","Normal Scan",0,"ON",1,1,1,737.9,5,20.1,98.1,50.3,0.0000000686305,0.0000181857,4.97,8954.6,8.8,736.5,1,"Up Scan","Positive",254,0,4.37,1.6,8,8,0,1,1,13.275,22.276,16.767,9.647,1.859,7858.84,46,21.2,NA,0,0,0,0,0,0,0,0,0,0,0,0,0,0,0,0,0,0,0,0,0,0,0,0,0,0,0,0,0,0,0,34668.288,30145.28,25506.304,20352.096,16287.104,12329.12,9833.856,8903.776,8118.304,7634.304,7180.224,6761.28,6456.864,7012.8,6182.304,5897.824,4654.208,4074.368,3284.416,2986.72,2441.888,2186.304,1764.96,1683.808,1526.464,1220.832,1094.016,1032.576,997.92,885.568,781.152,738.56,666.336,601.824,636.672,581.408,514.368,434.656,458.496,398.528,352,323.936,337.28,347.328,310.08,288.448,229.184,145.632,89.28,53.984,36.256,24.992,9.984,2.944,7.616,3.168,1.632,1.696,0,1.792,0,0,0,0,0,0,0,0,0,0,0,0,0,0,0,0,0,0,0,0,0,0,0,0,0,0,0,0,0,0,0,0,0,0,0,10.226,14.067,17.611,20.185,21.075,21.192,19.772,18.924,20.246,21.516,23.137,24.678,26.024,27.678,33.108,32.017,33.303,28.654,27.167,23.785,23.289,20.401,19.625,17.087,17.406,16.677,14.434,13.771,13.711,13.96,13.269,12.484,12.158,11.623,11.286,11.747,11.203,10.45,9.295,9.432,8.289,6.786,5.92,5.648,5.486,4.804,4.296,3.373,2.127,1.294,0.757,0.513,0.353,0.132,0.038,0.097,0.039,0.02,0.02,0,0.02,0,0,0,0,0
2026-09-02 10:03:00,1,"Normal Scan","Normal Scan",0,"ON",1,1,1,738.3,5,20.6,98.1,50.2,0.0000000687795,0.0000182097,4.97,8954.6,8.8,736.5,1,"Up Scan","Positive",254,0,4.37,1.6,8,8,0,1,1,16.394,23.931,18.588,9.647,1.821,8053.25,45,21.3,NA,0,0,0,0,0,0,0,0,0,0,0,0,0,0,0,0,0,0,0,0,0,0,0,0,0,0,0,0,0,0,0,24667.904,19464.032,17120.48,15385.312,14145.472,13533.248,13241.056,13181.696,12828.48,12329.504,11516.896,10928.512,9960.032,8656.32,7981.664,7702.784,6622.08,5301.12,4491.136,3593.92,3049.856,2451.232,2135.392,1831.84,1620.192,1435.776,1142.208,1078.208,949.664,882.496,732.576,713.824,686.912,646.688,675.744,578.944,525.408,495.968,466.24,408.736,355.776,375.68,336.576,334.976,319.456,258.24,208.8,141.472,73.024,41.408,28.608,24.896,12.928,10.304,6.112,9.504,0,3.392,1.728,1.792,0,0,0,0,0,0,0,0,0,0,0,0,0,0,0,0,0,0,0,0,0,0,0,0,0,0,0,0,0,0,0,0,0,0,0,7.233,9.959,11.384,13.623,15.973,18.435,21.786,25.56,30.029,33.828,37.255,39.497,41.927,42.531,40.832,41.271,43.474,40.572,35.245,32.241,27.868,25.412,21.901,20.428,18.753,17.569,16.6,14.316,14.227,13.512,13.4,11.82,12.046,12.247,11.704,12.347,11.423,10.545,9.989,9.503,8.058,6.94,6.593,5.459,5.28,4.948,3.911,3.118,2.075,1.116,0.594,0.421,0.353,0.189,0.134,0.078,0.118,0,0.04,0.02,0.02,0.014,0,0,0,0
2026-09-02 10:08:00,1,"Normal Scan","Normal Scan",0,"ON",1,1,1,737.9,5,20.1,98.1,50,0.0000000686305,0.0000181857,4.97,8954.6,8.8,736.5,1,"Up Scan","Positive",254,0,4.37,1.6,8,8,0,1,1,17.289,26.516,19.894,9.647,1.909,5578.52,46,21.2,NA,0,0,0,0,0,0,0,0,0,0,0,0,0,0,0,0,0,0,0,0,0,0,0,0,0,0,0,0,0,0,0,14493.568,12643.488,11782.496,10177.216,9811.904,8857.984,8629.184,8205.152,7881.888,7753.728,7331.584,7014.656,6876.16,6254.016,5875.424,5664.96,5177.6,4609.696,3862.976,3201.024,2640.832,2171.04,1844.352,1577.984,1465.472,1200.32,1109.056,950.752,833.344,764.832,700.96,678.496,581.376,582.72,594.912,523.68,536.96,471.648,401.952,369.216,371.744,341.536,336.544,306.784,281.408,222.016,198.72,125.76,68.544,51.904,29.6,22.08,14.272,11.808,7.584,11.072,3.264,3.392,0,0,0,0,0,0,0,0,0,0,0,0,0,0,0,0,0,0,0,0,0,0,0,0,0,0,0,0,0,0,0,0,0,0,0,0,0,5.242,5.912,7.386,9.364,10.51,12.816,14.259,16.676,18.714,20.845,23.457,25.167,27.031,29.439,29.591,30.538,32.075,31.83,30.657,27.747,24.835,22.001,19.5,17.645,16.148,15.892,14.041,13.816,12.533,11.993,11.684,11.382,11.396,10.526,10.647,11.219,10.295,10.651,9.414,8.309,7.385,7.04,5.964,5.53,4.844,4.405,3.384,3.013,1.848,1.064,0.757,0.421,0.297,0.189,0.153,0.097,0.138,0.04,0.04,0,0,0,0,0,0,0
2026-09-02 10:13:00,1,"Normal Scan","Normal Scan",0,"ON",1,1,1,738.4,5,20.7,98.1,49.6,0.0000000688093,0.0000182145,4.97,8954.6,8.8,736.5,1,"Up Scan","Positive",254,0,4.37,1.6,8,8,0,1,1,16.018,26.732,19.354,9.647,1.978,5599.52,45,21.4,NA,0,0,0,0,0,0,0,0,0,0,0,0,0,0,0,0,0,0,0,0,0,0,0,0,0,0,0,0,0,0,0,18568.416,15404,13321.632,10319.744,10251.936,8790.848,8790.208,7829.024,7927.84,7228.96,6628.416,6083.776,5523.648,4995.68,4555.616,4332.736,3819.264,3490.496,3211.232,2915.904,2581.888,2204.32,2045.472,1872.096,1708.64,1407.072,1298.464,1117.472,986.08,872.576,821.632,775.712,752,713.504,764.448,652.608,596.672,539.264,529.312,367.68,371.488,347.936,339.04,363.904,302.656,243.008,214.944,130.112,84.448,63.2,35.488,31.776,22.784,10.4,7.616,9.504,4.896,1.696,3.456,0,0,0,0,0,0,0,0,0,0,0,0,0,0,0,0,0,0,0,0,0,0,0,0,0,0,0,0,0,0,0,0,0,0,0,0,5.353,7.532,9.018,10.582,10.661,13.387,14.181,16.974,17.811,20.959,21.821,22.702,23.367,23.617,23.654,23.722,24.654,23.644,23.482,23.365,22.855,21.688,19.937,19.664,19.174,18.568,16.459,16.076,15.016,14.26,13.486,13.243,13.07,13.184,12.703,13.599,12.216,11.588,10.913,10.194,7.711,7.037,6.254,5.667,5.8,4.793,3.752,3.221,1.953,1.276,0.9,0.531,0.427,0.302,0.134,0.097,0.118,0.06,0.02,0.041,0,0,0,0,0,0
2026-09-02 10:18:00,1,"Normal Scan","Normal Scan",0,"ON",1,1,1,738,5,20.2,98.1,49.8,0.0000000686603,0.0000181905,4.97,8954.6,8.8,736.5,1,"Up Scan","Positive",254,0,4.37,1.6,8,8,0,1,1,14.641,20.554,16.543,9.647,1.706,10532.5,45,21.3,NA,0,0,0,0,0,0,0,0,0,0,0,0,0,0,0,0,0,0,0,0,0,0,0,0,0,0,0,0,0,0,0,33455.072,30801.376,28133.056,24609.696,22272.992,22881.824,22600.448,19376.128,19564.064,18376.224,16328.672,13428.512,9971.36,7565.248,6101.664,5615.008,4069.216,3328.864,2877.152,2640.416,2565.344,2298.944,1902.368,1715.648,1389.472,1320.768,1183.872,1029.312,887.552,790.368,734.08,721.216,584.896,636.448,626.656,576.832,519.136,424.256,454.144,353.44,343.744,335.904,299.392,277.92,266.4,218.4,194.912,124.48,70.72,70.848,41.888,16.736,25.856,7.392,10.72,9.472,8.128,3.392,1.76,0,0,0,0,0,0,0,0,0,0,0,0,0,0,0,0,0,0,0,0,0,0,0,0,0,0,0,0,0,0,0,0,0,0,0,0,9.838,13.656,18.03,22.401,25.498,29.151,36.906,43.643,43.967,51.575,55.387,55.612,51.207,42.353,35.53,31.529,31.75,25.179,22.364,20.924,20.631,21.496,20.629,18.293,17.49,15.246,15.359,14.745,13.543,12.713,12.092,11.815,11.886,10.488,11.326,11.486,10.931,10.155,8.683,8.869,7.249,6.546,5.953,5.155,4.591,4.157,3.448,2.903,1.893,1.117,1.027,0.586,0.242,0.358,0.096,0.136,0.118,0.1,0.04,0.02,0,0.014,0,0,0,0
2026-09-02 10:23:00,1,"Normal Scan","Normal Scan",0,"ON",1,1,1,738.2,5,20.4,98.1,49.2,0.0000000687199,0.0000182001,4.97,8954.6,8.8,736.5,1,"Up Scan","Positive",254,0,4.37,1.6,8,8,0,1,1,16.848,23.171,18.82,15.963,1.735,9963.17,46,21.3,NA,0,0,0,0,0,0,0,0,0,0,0,0,0,0,0,0,0,0,0,0,0,0,0,0,0,0,0,0,0,0,0,19686.88,18854.016,19791.712,19643.744,19041.408,18402.368,19299.776,20079.552,19730.272,17033.312,14547.456,12751.872,12402.56,11842.656,10986.112,9424.192,8086.496,7295.456,6298.624,5397.184,4563.68,3399.168,2749.568,2204.864,1804.096,1453.696,1221.44,1103.04,1016.64,874.624,835.328,692.96,660.448,652.256,654.464,518.4,466.656,452.48,382.208,359.36,278.88,348.992,297.28,259.36,244.032,201.92,152.576,130.304,67.456,47.936,40.192,31.648,21.568,16.192,9.216,4.736,8.16,0,0,0,0,0,0,0,0,0,0,0,0,0,0,0,0,0,0,0,0,0,0,0,0,0,0,0,0,0,0,0,0,0,0,0,0,0,0,5.211,8.028,11.156,15.809,20.377,24.858,29.603,37.311,45.733,52.046,51.474,49.727,49.04,53.028,55.909,56.9,53.34,49.708,48.455,45.068,41.465,37.48,29.979,25.95,22.286,19.546,16.873,15.037,14.592,14.262,12.948,12.843,11.428,11.392,11.481,11.388,10.138,9.213,8.858,7.685,7.117,5.595,6.047,4.903,4.304,3.905,3.18,2.331,1.965,1.028,0.702,0.55,0.426,0.302,0.21,0.116,0.059,0.1,0,0,0,0.014,0,0,0,0
2026-09-02 10:28:00,1,"Normal Scan","Normal Scan",0,"ON",1,1,1,738.2,5,20.5,98.1,49.6,0.0000000687497,0.0000182049,4.97,8954.6,8.8,736.5,1,"Up Scan","Positive",254,0,4.37,1.6,8,8,0,1,1,18.562,25.778,20.434,9.647,1.809,7514.86,45,21.3,NA,0,0,0,0,0,0,0,0,0,0,0,0,0,0,0,0,0,0,0,0,0,0,0,0,0,0,0,0,0,0,0,14771.968,13641.984,12015.008,11075.008,12431.04,12899.008,12452.512,12456.64,11537.728,12023.648,11272.32,10824.832,10257.152,10065.696,9751.36,9200.48,8240.352,6929.248,5816.384,4863.296,4062.016,3145.376,2527.872,2104.864,1803.008,1615.36,1431.936,1231.36,1008.96,1009.152,880,763.936,737.728,727.904,574.912,570.176,508.512,399.616,348.448,350.624,337.76,301.408,264.512,266.976,275.616,213.344,151.392,98.56,80.192,44.416,46.656,21.504,12.96,10.336,6.08,1.568,8.192,5.024,0,1.792,0,0,0,0,0,0,0,0,0,0,0,0,0,0,0,0,0,0,0,0,0,0,0,0,0,0,0,0,0,0,0,0,0,0,0,4.79,5.962,7.978,9.516,11.496,16.278,20.799,24.104,28.321,30.548,36.415,38.659,41.694,43.948,47.605,50.533,52.064,50.512,45.969,41.614,37.47,33.6,28.047,24.061,21.45,19.644,18.679,17.578,16.139,14.212,14.544,13.589,12.235,12.085,12.406,10.738,10.662,9.592,8.135,7.389,6.942,6.267,5.271,4.467,4.43,4.283,3.294,2.294,1.465,1.17,0.713,0.64,0.306,0.189,0.134,0.078,0.02,0.099,0.06,0,0.02,0.014,0,0,0,0
2026-09-02 10:33:00,1,"Normal Scan","Normal Scan",0,"ON",1,1,1,737.8,5,19.9,98.1,49.5,0.0000000685709,0.0000181761,4.97,8954.6,8.8,736.5,1,"Up Scan","Positive",254,0,4.37,1.6,8,8,0,1,1,17.732,29.616,21.352,9.647,2.027,4127.2,45,21.1,NA,0,0,0,0,0,0,0,0,0,0,0,0,0,0,0,0,0,0,0,0,0,0,0,0,0,0,0,0,0,0,0,9697.184,9144.256,8177.536,7964.032,6735.104,6752.096,6478.912,5880.992,5481.152,5238.336,4849.856,4284.128,4303.072,3966.144,3716.448,3575.2,3189.824,3067.136,2939.136,2536.8,2358.56,2283.776,2098.592,1983.712,1687.008,1582.112,1374.208,1207.296,1004.096,910.72,755.648,641.408,683.072,625.856,523.488,534.4,456.448,465.696,385.92,320.736,326.336,322.272,321.152,292.416,238.784,239.2,154.112,111.104,63.552,39.936,40.096,19.456,7.616,8.832,10.72,1.568,9.792,1.664,0,1.792,0,0,0,0,0,0,0,0,0,0,0,0,0,0,0,0,0,0,0,0,0,0,0,0,0,0,0,0,0,0,0,0,0,0,0,2.978,3.947,5.357,6.551,8.268,8.782,10.855,12.539,13.388,14.516,15.828,16.637,16.492,18.497,18.844,19.403,20.433,19.9,20.776,21.519,20.045,20.073,20.698,20.243,20.231,18.327,18.109,16.636,15.722,13.92,13.249,11.865,10.803,11.624,11.028,9.858,10.308,9.246,9.262,7.683,6.549,6.223,5.509,5.252,4.702,3.766,3.604,2.313,1.678,0.968,0.613,0.549,0.279,0.113,0.115,0.136,0.02,0.119,0.02,0,0.02,0.014,0,0,0,0
2026-09-02 10:38:00,1,"Normal Scan","Normal Scan",0,"ON",1,1,1,738.2,5,20.5,98.1,49.1,0.0000000687497,0.0000182049,4.97,8954.6,8.8,736.5,1,"Up Scan","Positive",254,0,4.37,1.6,8,8,0,1,1,18.332,30.157,21.788,9.647,2.035,4657.69,46,21.3,NA,0,0,0,0,0,0,0,0,0,0,0,0,0,0,0,0,0,0,0,0,0,0,0,0,0,0,0,0,0,0,0,11180.416,10115.936,8755.488,8164.576,8047.328,7192.512,6476.192,6222.72,6028.352,5777.92,5412.64,5132.704,4811.136,4638.56,4092.8,4163.104,3832.672,3486.528,3489.568,3160.928,2979.264,2873.696,2628.64,2369.632,2046.56,1878.016,1607.264,1453.664,1199.552,1097.344,1018.272,854.912,791.936,710.016,601.28,552.896,503.552,437.28,376.48,386.272,375.36,334.56,345.92,329.376,304.256,231.776,179.968,155.744,97.696,55.136,32.512,7.2,7.552,13.312,10.72,1.6,3.296,6.752,0,4.896,0,0,0,0,0,0,0,0,0,0,0,0,0,0,0,0,0,0,0,0,0,0,0,0,0,0,0,0,0,0,0,0,0,0,0,3.259,4.507,5.933,6.941,8.488,10.516,11.527,12.482,14.172,15.918,17.494,18.526,19.713,20.626,22.019,21.426,23.837,23.936,23.708,25.55,24.969,25.242,25.918,25.277,24.12,22.324,21.59,19.682,18.68,16.485,15.719,15.28,13.618,13.169,12.434,11.419,10.715,10.163,9.265,8.089,7.521,7.143,6.06,5.818,5.247,4.56,3.517,2.72,2.342,1.395,0.847,0.457,0.111,0.132,0.172,0.136,0.02,0.04,0.081,0,0.059,0,0,0,0,0
2026-09-02 10:43:00,1,"Normal Scan","Normal Scan",0,"ON",1,1,1,738,5,20.2,98.1,49.6,0.0000000686603,0.0000181905,4.97,8954.6,8.8,736.5,1,"Up Scan","Positive",254,0,4.37,1.6,8,8,0,1,1,17.785,29.206,21.143,9.647,2.003,4628.07,45,21.2,NA,0,0,0,0,0,0,0,0,0,0,0,0,0,0,0,0,0,0,0,0,0,0,0,0,0,0,0,0,0,0,0,10714.72,9296.384,9000.224,8463.616,8082.592,7617.888,7457.504,6566.208,6899.36,6379.296,5994.048,5474.688,5129.888,4914.912,4396.416,4148.448,3782.336,3322.272,3025.536,2705.088,2392.8,2193.984,2100.992,1706.976,1648.864,1480.256,1376.8,1221.792,1139.072,977.888,869.952,793.376,749.312,636.224,575.52,564.544,505.344,448.736,428.704,391.36,360.096,350.016,343.264,326.432,313.472,253.184,200.16,143.936,80.224,59.872,35.168,16.672,10.304,7.328,6.112,4.768,3.872,7.776,0,1.792,0,0,0,0,0,0,0,0,0,0,0,0,0,0,0,0,0,0,0,0,0,0,0,0,0,0,0,0,0,0,0,0,0,0,0,2.905,4.332,5.474,7.154,8.829,10.554,12.239,14.426,14.954,18.217,19.279,20.523,21.045,21.957,23.248,22.891,23.59,23.445,22.389,21.988,21.291,20.284,19.9,20.316,17.773,18.145,17.2,17.061,16.026,15.451,14.39,13.472,12.905,12.604,11.639,11.019,10.99,10.265,9.356,8.94,7.898,6.866,6.149,5.8,5.2,4.797,3.861,2.957,2.111,1.206,0.919,0.494,0.242,0.17,0.096,0.078,0.059,0.047,0.094,0,0.02,0.028,0,0,0,0
2026-09-02 10:48:00,1,"Normal Scan","Normal Scan",0,"ON",1,1,1,737.9,5,20.2,98,49.1,0.0000000687304,0.0000181905,4.97,8954.6,8.8,736.5,1,"Up Scan","Positive",254,0,4.37,1.6,8,8,0,1,1,18.421,29.78,21.652,9.647,2.005,5204.99,46,21.2,NA,0,0,0,0,0,0,0,0,0,0,0,0,0,0,0,0,0,0,0,0,0,0,0,0,0,0,0,0,0,0,0,11013.76,10037.408,8993.632,9461.952,8619.072,8136.288,8079.648,8177.632,7400.384,7114.496,7042.08,6760.672,6037.6,5893.536,5353.536,4837.344,4358.432,3985.056,3298.56,3046.368,2660.352,2518.528,2201.024,2020.896,1876.096,1754.368,1669.312,1477.696,1438.464,1233.056,1076.096,913.728,1050.368,830.624,783.776,650.208,597.888,514.976,512.32,412.416,403.168,388.896,380.288,393.44,275.136,257.408,210.4,152.736,76.96,60.768,28.256,41.056,19.168,8.832,10.72,6.336,3.232,0,1.728,1.6,0,0,0,0,0,0,0,0,0,0,0,0,0,0,0,0,0,0,0,0,0,0,0,0,0,0,0,0,0,0,0,0,0,0,0,3.155,4.457,5.842,7.139,9.836,11.229,13.134,15.601,18.624,19.592,21.581,24.126,26.013,25.873,27.822,27.791,27.478,27.007,26.777,24.047,23.989,22.619,22.976,21.547,21.156,20.875,20.524,20.584,19.677,19.632,18.028,16.575,14.722,17.156,14.57,14.038,12.466,11.885,10.661,10.034,8.062,7.764,6.884,6.246,6.163,4.444,3.938,3.11,2.302,1.161,0.847,0.403,0.552,0.27,0.115,0.136,0.079,0.04,0,0.02,0.02,0,0,0,0,0
2026-09-02 10:53:00,1,"Normal Scan","Normal Scan",0,"ON",1,1,1,738.2,5,20.5,98,49.6,0.0000000688199,0.0000182049,4.97,8954.6,8.8,736.5,1,"Up Scan","Positive",254,0,4.37,1.6,8,8,0,1,1,17.608,29.113,21.019,9.647,2.012,5181.53,46,21.3,NA,0,0,0,0,0,0,0,0,0,0,0,0,0,0,0,0,0,0,0,0,0,0,0,0,0,0,0,0,0,0,0,11808.224,11686.112,10569.472,9295.744,8936.8,8415.808,8061.984,7854.944,7388.928,7328.32,6692.48,6387.264,5583.712,5518.56,4780.992,4353.152,3833.12,3561.504,3067.904,2723.584,2587.264,2201.344,2083.84,1947.488,1789.76,1728.672,1587.712,1468.672,1478.4,1231.04,1100.064,927.904,940.384,864.448,746.592,676.416,582.368,500.256,464.928,403.136,424.544,363.84,338.208,328.064,314.24,235.808,203.84,157.344,104.064,74.688,39.456,29.184,5.216,13.248,4.576,1.568,1.632,3.392,3.456,3.392,0,0,0,0,0,0,0,0,0,0,0,0,0,0,0,0,0,0,0,0,0,0,0,0,0,0,0,0,0,0,0,0,0,0,0,3.397,4.817,6.848,8.457,9.612,11.672,13.555,15.545,17.861,19.527,22.124,22.915,24.531,23.881,26.006,24.836,24.767,23.767,23.927,22.408,21.508,22.038,20.204,20.516,20.522,19.991,20.301,19.641,19.342,20.241,17.86,16.656,15.036,15.435,14.726,13.693,12.691,11.379,10.122,9.532,8.03,7.971,6.533,5.86,5.283,4.873,3.542,3.07,2.314,1.528,1.062,0.585,0.409,0.132,0.172,0.058,0.02,0.02,0.04,0.041,0.04,0.042,0,0,0,0
2026-09-02 10:58:00,1,"Normal Scan","Normal Scan",0,"ON",1,1,1,737.9,5,20,98.1,49.6,0.0000000686007,0.0000181809,4.97,8954.6,8.8,736.5,1,"Up Scan","Positive",254,0,4.37,1.6,8,8,0,1,1,18.126,30.473,21.808,9.647,2.038,5153.82,45,21.1,NA,0,0,0,0,0,0,0,0,0,0,0,0,0,0,0,0,0,0,0,0,0,0,0,0,0,0,0,0,0,0,0,10267.712,10036.768,8834.208,9543.68,8939.264,8375.04,8664.192,8181.984,7810.688,7232.8,6980.544,6447.2,5894.688,5314.208,4831.2,4372.32,3698.144,3461.088,3148.864,2780.64,2736.096,2216.64,2072.736,2137.472,1889.312,1766.144,1675.04,1584.224,1470.912,1410.656,1190.496,1132.416,1069.856,978.976,892.608,772.512,722.4,563.232,532.288,424.864,425.376,417.344,389.408,393.44,321.376,271.456,199.328,138.112,100.608,52.16,50.528,45.056,19.008,11.744,16.832,3.168,9.792,1.696,1.76,0,0,0,0,0,0,0,0,0,0,0,0,0,0,0,0,0,0,0,0,0,0,0,0,0,0,0,0,0,0,0,0,0,0,0,0,3.393,4.158,5.915,7.061,9.924,11.692,13.498,16.731,18.639,20.63,21.883,23.891,24.746,25.193,25.114,25.111,24.918,22.941,23.328,23.07,22.012,23.267,20.432,20.536,22.474,21.28,20.843,21.125,21.105,20.607,20.525,18.32,18.143,17.489,16.644,15.793,14.35,13.685,11.548,10.452,8.638,7.907,7.369,6.409,6.341,5.217,4.179,3.02,2.093,1.514,0.775,0.714,0.613,0.283,0.153,0.213,0.039,0.119,0.02,0.02,0,0.028,0,0,0,0
2026-09-02 11:03:00,1,"Normal Scan","Normal Scan",0,"ON",1,1,1,738.2,5,20.5,98,49,0.0000000688199,0.0000182049,4.97,8954.6,8.8,736.5,1,"Up Scan","Positive",254,0,4.37,1.6,8,8,0,1,1,17.751,29.075,21.18,11.14,1.996,5957.25,45,21.2,NA,0,0,0,0,0,0,0,0,0,0,0,0,0,0,0,0,0,0,0,0,0,0,0,0,0,0,0,0,0,0,0,11811.04,11907.616,12175.744,11512.064,10464.416,9977.376,9869.152,9208.992,8695.968,8605.728,7907.04,7534.144,6794.08,6143.072,5337.568,4913.856,4429.696,4035.008,3526.464,3308.512,2906.624,2588.64,2560.768,2289.056,2301.6,2019.552,1900.192,1770.496,1552.704,1401.12,1216.928,1163.648,1038.88,967.744,903.296,771.168,656.928,621.12,564.8,460.736,460,392.384,385.92,349.696,310.912,277.408,183.776,171.36,97.12,61.504,49.536,19.584,19.68,13.248,9.12,14.176,3.264,0,0,0,0,0,0,0,0,0,0,0,0,0,0,0,0,0,0,0,0,0,0,0,0,0,0,0,0,0,0,0,0,0,0,0,0,0,0,3.851,4.817,6.977,9.745,11.967,13.725,16.036,19.051,20.938,22.97,25.988,27.078,28.889,29.061,29.001,27.75,27.933,27.444,27.218,25.775,26.21,24.776,23.789,25.086,23.892,25.315,23.688,23.472,23.135,21.624,20.491,18.511,18.555,17.27,16.569,16.134,14.248,12.634,12.155,10.957,9.019,8.554,6.982,6.396,5.683,4.837,4.231,2.771,2.574,1.454,0.863,0.677,0.263,0.261,0.172,0.116,0.177,0.04,0,0,0,0,0,0,0,0
2026-09-02 11:08:00,1,"Normal Scan","Normal Scan",0,"ON",1,1,1,738,5,20.3,98,49.5,0.0000000687602,0.0000181953,4.97,8954.6,8.8,736.5,1,"Up Scan","Positive",254,0,4.37,1.6,8,8,0,1,1,17.834,31.361,21.831,9.647,2.093,4655.44,45,21.2,NA,0,0,0,0,0,0,0,0,0,0,0,0,0,0,0,0,0,0,0,0,0,0,0,0,0,0,0,0,0,0,0,10709.472,9549.696,8707.616,8525.28,7734.56,7333.088,7650.944,7144.064,6938.272,6533.376,6073.472,5594.432,4890.592,4388.064,4094.848,3642.72,3235.808,3107.456,2879.68,2508.928,2409.984,2111.456,1973.952,1689.44,1548.736,1419.68,1389.248,1215.168,1134.656,1042.432,1119.52,1095.136,1124.896,1109.92,988.096,902.944,721.728,629.056,598.528,486.528,468.192,429.952,360.8,371.392,377.024,291.392,256,157.12,116.8,83.072,29.824,22.048,20.224,11.776,13.728,6.304,1.632,1.696,1.728,0,0,0,0,0,0,0,0,0,0,0,0,0,0,0,0,0,0,0,0,0,0,0,0,0,0,0,0,0,0,0,0,0,0,0,0,2.96,4.333,5.586,6.963,8.867,10.153,11.811,14.783,16.258,18.311,19.729,20.773,21.476,20.902,20.785,21.311,20.795,20.126,20.956,20.954,19.742,20.358,19.235,19.245,17.621,17.461,17.301,17.957,17.263,16.919,16.609,17.698,17.751,18.627,18.775,17.355,16.47,13.704,12.228,12.062,9.796,8.713,7.644,6.204,5.985,5.769,4.449,3.84,2.359,1.687,1.167,0.439,0.297,0.283,0.153,0.175,0.079,0.02,0.02,0.02,0,0.014,0,0,0,0
2026-09-02 11:13:00,1,"Normal Scan","Normal Scan",0,"ON",1,1,1,737.8,5,20,98,49,0.0000000686707,0.0000181809,4.97,8954.6,8.8,736.5,1,"Up Scan","Positive",254,0,4.37,1.6,8,8,0,1,1,17.744,31.386,21.994,9.647,2.091,5091.73,46,21.1,NA,0,0,0,0,0,0,0,0,0,0,0,0,0,0,0,0,0,0,0,0,0,0,0,0,0,0,0,0,0,0,0,11636.128,10249.792,9532.576,8909.504,8901.472,8068.256,8426.272,8096.544,7973.216,6590.048,6309.76,5356.064,5155.36,4285.216,4060.736,3960.448,3758.88,3502.336,3262.752,2896.832,2637.76,2663.2,2223.712,2121.6,2090.048,1917.44,1757.472,1663.2,1487.648,1333.504,1216.416,1157.664,1162.752,1115.616,972.512,863.424,751.712,638.976,553.792,543.776,464.864,426.176,411.232,402.464,371.968,327.328,251.424,160,104.32,75.776,48.48,24.992,16.736,16.576,12.192,6.336,4.896,1.696,3.52,0,0,0,0,0,0,0,0,0,0,0,0,0,0,0,0,0,0,0,0,0,0,0,0,0,0,0,0,0,0,0,0,0,0,0,0,2.885,4.755,5.972,7.657,9.254,11.616,12.969,16.31,18.462,20.989,19.893,21.576,20.599,22.079,20.371,21.212,22.615,23.443,23.666,23.854,22.998,22.584,24.339,21.908,22.303,23.134,22.602,22.216,22.382,20.982,19.959,19.052,18.768,19.016,18.918,17.336,15.949,14.423,12.722,11.381,10.642,8.867,7.505,6.915,6.549,5.74,4.944,3.809,2.388,1.536,1.071,0.695,0.353,0.222,0.215,0.155,0.079,0.06,0.02,0.041,0,0,0,0,0,0
2026-09-02 11:18:00,1,"Normal Scan","Normal Scan",0,"ON",1,1,1,738.2,5,20.6,98,49.3,0.0000000688497,0.0000182097,4.97,8954.6,8.8,736.5,1,"Up Scan","Positive",254,0,4.37,1.6,8,8,0,1,1,17.793,31.463,21.841,9.647,2.121,4624.75,46,21.3,NA,0,0,0,0,0,0,0,0,0,0,0,0,0,0,0,0,0,0,0,0,0,0,0,0,0,0,0,0,0,0,0,12922.752,11130.08,9578.848,7939.232,7580.16,6792.352,6150.4,6080.128,5830.016,5526.016,5159.552,5161.536,4524.672,4347.104,3859.328,3425.664,3195.168,3134.752,2878.784,2807.936,2666.688,2408,2176.864,2119.104,1865.664,1844.8,1651.744,1474.88,1428.224,1320.928,1167.424,1127.744,994.784,935.392,866.528,739.968,630.272,526.048,529.728,530.048,418.848,459.04,419.552,423.52,338.72,282.592,231.008,137.792,73.376,48.96,36.384,27.68,18.752,14.784,10.688,12.672,4.864,1.696,0,1.632,0,0,0,0,0,0,0,0,0,0,0,0,0,0,0,0,0,0,0,0,0,0,0,0,0,0,0,0,0,0,0,0,0,0,0,3.82,5.24,6.493,7.628,8.171,9.855,10.911,11.874,13.883,15.384,16.72,17.658,19.83,19.378,20.604,20.147,19.643,19.968,21.235,21.159,22.19,22.743,22.032,21.325,22.159,20.894,21.702,20.739,19.647,19.939,19.404,17.888,17.697,16.635,16.53,15.512,14.183,12.65,11.124,10.571,9.995,8.044,7.707,6.879,6.609,5.344,4.301,3.482,2.079,1.163,0.684,0.512,0.371,0.264,0.191,0.136,0.157,0.06,0.02,0,0.02,0,0,0,0,0
2026-09-02 11:23:00,1,"Normal Scan","Normal Scan",0,"ON",1,1,1,737.9,5,20.1,98,49.5,0.0000000687005,0.0000181857,4.97,8954.6,8.8,736.5,1,"Up Scan","Positive",254,0,4.37,1.6,8,8,0,1,1,17.728,33.288,22.398,9.647,2.205,3996.36,45,21.2,NA,0,0,0,0,0,0,0,0,0,0,0,0,0,0,0,0,0,0,0,0,0,0,0,0,0,0,0,0,0,0,0,11904.48,9985.024,8846.912,7543.584,6263.552,5724.672,5089.216,4622.112,4187.616,4189.952,4000.704,3725.824,3578.336,3328.96,2874.592,2807.04,2613.632,2536.96,2579.936,2528.992,2417.728,2273.376,2144.512,1906.752,1870.464,1687.936,1620.544,1442.592,1380.192,1248.8,1151.488,990.592,999.808,903.872,751.872,771.168,662.976,616.096,484.96,532.608,481.312,414.144,446.88,443.008,358.4,290.752,230.976,159.904,107.904,55.584,36.736,19.392,18.592,4.416,12.224,7.872,1.664,1.696,1.728,0,0,0,0,0,0,0,0,0,0,0,0,0,0,0,0,0,0,0,0,0,0,0,0,0,0,0,0,0,0,0,0,0,0,0,0,3.904,4.792,5.788,7.044,7.826,8.181,9.198,9.817,10.52,11.066,12.659,13.72,14.331,15.329,15.814,15.093,16.155,16.434,17.346,19.003,20.081,20.648,20.824,21.014,20.088,20.786,19.994,20.243,19.261,19.241,18.343,17.85,16.34,16.624,16.115,14.373,14.436,13.337,12.603,10.152,10.095,8.981,7.399,7.28,6.903,5.5,4.421,3.397,2.409,1.558,0.793,0.531,0.26,0.245,0.057,0.155,0.098,0.02,0.02,0.02,0,0,0,0,0,0
2026-09-02 11:28:00,1,"Normal Scan","Normal Scan",0,"ON",1,1,1,737.9,5,20.2,98,49.1,0.0000000687304,0.0000181905,4.97,8954.6,8.8,736.5,1,"Up Scan","Positive",254,0,4.37,1.6,8,8,0,1,1,14.661,27.665,19.054,9.647,2.069,4896.46,46,21.2,NA,0,0,0,0,0,0,0,0,0,0,0,0,0,0,0,0,0,0,0,0,0,0,0,0,0,0,0,0,0,0,0,18994.72,13756.448,12176.96,11420.544,10394.496,9357.76,7462.208,6615.68,5902.336,4970.496,4717.088,4104.832,3870.944,3282.816,2970.848,2835.584,2487.488,2353.408,2297.536,2098.528,1985.184,2067.904,1774.208,1771.808,1550.272,1380.192,1367.936,1223.808,1029.536,926.496,836.096,720.192,715.264,723.968,723.904,652.704,615.808,552.128,507.52,501.344,442.816,444.352,427.392,401.28,339.52,317.344,218.592,149.824,96.704,57.376,35.008,18.816,14.4,11.808,3.04,6.336,1.632,1.664,1.76,0,0,0,0,0,0,0,0,0,0,0,0,0,0,0,0,0,0,0,0,0,0,0,0,0,0,0,0,0,0,0,0,0,0,0,0,5.586,7.692,8.056,9.737,11.784,13.504,15.008,14.379,15.071,15.564,15.027,16.161,15.748,16.553,15.571,15.504,16.211,15.607,16.002,16.952,16.679,16.951,18.863,17.374,18.262,16.987,16.199,16.819,16.109,14.716,14.095,13.646,12.6,12.814,13.535,13.647,12.959,12.468,11.387,10.371,9.943,8.179,7.635,6.973,6.327,5.219,4.776,3.267,2.162,1.436,0.816,0.489,0.26,0.207,0.153,0.039,0.079,0.02,0.02,0.02,0,0.014,0,0,0,0
2026-09-02 11:33:00,1,"Normal Scan","Normal Scan",0,"ON",1,1,1,738.2,5,20.5,98,49.5,0.0000000688199,0.0000182049,4.97,8954.6,8.8,736.5,1,"Up Scan","Positive",254,0,4.37,1.6,8,8,0,1,1,15.035,27.913,19.328,9.647,2.058,5363.24,46,21.3,NA,0,0,0,0,0,0,0,0,0,0,0,0,0,0,0,0,0,0,0,0,0,0,0,0,0,0,0,0,0,0,0,17556.256,13787.328,12761.248,10997.216,12163.552,11760.512,10431.52,9069.216,7426.016,6281.024,4885.248,4127.936,3629.536,3144.32,2910.08,2756.608,2745.152,2483.104,2642.368,2517.344,2382.432,2230.816,2138.56,1889.376,1766.592,1522.208,1445.984,1284.832,1118.688,1101.6,996.48,894.656,893.216,862.272,818.304,742.336,701.92,572.64,467.168,481.408,452.416,501.152,404.64,435.52,373.472,341.376,251.232,174.08,116.8,73.088,30.784,23.584,16.096,7.424,10.688,11.072,4.896,5.024,0,3.392,0,0,0,0,0,0,0,0,0,0,0,0,0,0,0,0,0,0,0,0,0,0,0,0,0,0,0,0,0,0,0,0,0,0,0,4.784,7.132,8.131,10.129,11.404,15.907,18.904,20.01,20.553,19.533,18.906,16.677,15.846,15.535,14.963,15.256,15.86,17.215,17.01,19.406,19.965,20.209,20.305,20.712,19.54,19.569,17.894,18.202,17.267,16.16,16.523,15.975,14.977,15.244,15.253,15.075,14.68,13.68,11.963,10.242,9.783,8.628,8.65,6.827,6.865,5.769,5.17,3.713,2.615,1.754,1.08,0.421,0.334,0.245,0.096,0.136,0.138,0.06,0.06,0,0.04,0.014,0,0,0,0
2026-09-02 11:38:00,1,"Normal Scan","Normal Scan",0,"ON",1,1,1,737.8,5,20,98,49.7,0.0000000686707,0.0000181809,4.97,8954.6,8.8,736.5,1,"Up Scan","Positive",254,0,4.37,1.6,8,8,0,1,1,13.868,25.377,17.845,9.647,1.998,6433.99,46,21.2,NA,0,0,0,0,0,0,0,0,0,0,0,0,0,0,0,0,0,0,0,0,0,0,0,0,0,0,0,0,0,0,0,24705.44,21174.56,19523.808,17244.288,13946.336,12069.888,10369.664,8956.352,7791.104,6418.368,5984.032,5182.112,4454.848,3817.728,3403.616,3173.856,2758.304,2684.448,2511.296,2428.416,2238.464,2163.648,1946.336,1851.744,1677.152,1554.144,1374.592,1330.464,1182.592,1066.24,1043.072,961.664,966.528,837.792,823.04,706.304,669.12,608,517.792,507.232,526.592,469.248,459.104,439.232,354.08,308,222.72,181.344,97.984,62.848,48.736,32.992,22.816,11.744,10.624,1.568,4.896,5.12,1.408,2.144,0,0,0,0,0,0,0,0,0,0,0,0,0,0,0,0,0,0,0,0,0,0,0,0,0,0,0,0,0,0,0,0,0,0,0,7.433,9.983,12.399,15.579,17.858,18.184,19.347,19.985,20.351,20.491,19.393,20.454,19.882,19.044,18.076,17.771,18.16,17.243,18.213,18.465,19.24,19.095,19.66,19.131,19.193,18.617,18.464,17.529,17.934,16.689,16.33,16.44,15.903,16.389,15.112,15.567,13.933,13.512,12.508,10.54,10.13,9.631,8.249,7.542,6.975,5.557,4.725,3.35,2.675,1.425,0.901,0.701,0.478,0.302,0.153,0.136,0.02,0.06,0.06,0.016,0.024,0,0,0,0,0
2026-09-02 11:43:00,1,"Normal Scan","Normal Scan",0,"ON",1,1,1,737.7,5,20,97.9,49.4,0.0000000687408,0.0000181809,4.97,8954.6,8.8,736.5,1,"Up Scan","Positive",254,0,4.37,1.6,8,8,0,1,1,14.395,26.159,18.445,9.647,2.01,6508.63,47,21.1,NA,0,0,0,0,0,0,0,0,0,0,0,0,0,0,0,0,0,0,0,0,0,0,0,0,0,0,0,0,0,0,0,23640.384,20762.304,18365.76,15736.032,13689.856,11415.776,10159.008,8182.368,7760.416,7173.28,6606.4,5838.432,5385.696,4747.456,4088.608,3623.744,3268.288,2978.944,2833.696,2736.48,2447.36,2580.96,2339.68,2087.52,1803.712,1684.192,1476.544,1305.408,1219.904,1057.536,1008.416,967.488,970.976,922.368,842.496,805.504,752.736,667.52,557.472,535.936,500.416,466.112,438.016,393.536,399.936,320.096,226.08,165.376,120.576,74.112,36.864,28.768,21.76,20.768,10.688,9.472,6.528,3.392,1.76,5.216,0,0,0,0,0,0,0,0,0,0,0,0,0,0,0,0,0,0,0,0,0,0,0,0,0,0,0,0,0,0,0,0,0,0,0,7.118,9.547,12.179,14.64,16.319,17.87,18.31,19.565,18.627,20.471,21.656,22.586,22.393,23.023,22.443,21.298,20.691,20.456,20.281,20.814,21.644,20.845,23.297,22.564,21.538,19.839,19.688,18.658,17.771,17.452,16.356,16.288,16.365,16.661,16.38,15.726,15.319,14.507,13.225,11.418,10.539,9.254,8.391,7.288,6.292,6.202,4.897,3.485,2.512,1.785,1.081,0.531,0.427,0.321,0.268,0.136,0.118,0.08,0.04,0.02,0.06,0.014,0,0,0,0
2026-09-02 11:48:00,1,"Normal Scan","Normal Scan",0,"ON",1,1,1,738.1,5,20.5,97.9,50,0.0000000688902,0.0000182049,4.97,8954.6,8.8,736.5,1,"Up Scan","Positive",254,0,4.37,1.6,8,8,0,1,1,17.515,32.696,22.041,9.647,2.179,4504.65,47,21.3,NA,0,0,0,0,0,0,0,0,0,0,0,0,0,0,0,0,0,0,0,0,0,0,0,0,0,0,0,0,0,0,0,12933.888,10818.368,9550.048,8621.056,7480.128,6660,6016.832,5793.888,5429.76,4962.08,4736.992,4551.168,4246.112,4041.024,3668.448,3286.176,3025.376,2760.672,2678.176,2526.016,2546.88,2337.024,2257.952,2232.128,2063.264,1620.96,1498.368,1327.936,1197.888,1080.992,1113.728,995.744,1055.072,896.256,965.28,867.232,843.712,687.84,696.832,612.416,550.176,509.504,484.352,450.304,374.592,320,257.696,191.392,124.48,68.544,50.656,22.976,14.432,10.304,13.76,1.568,8.192,6.752,1.728,3.584,0,0,0,0,0,0,0,0,0,0,0,0,0,0,0,0,0,0,0,0,0,0,0,0,0,0,0,0,0,0,0,0,0,0,0,3.758,5.203,6.287,7.616,8.872,9.769,10.702,11.624,13.164,14.304,14.98,16.226,17.474,18.163,19.146,19.138,18.828,18.933,18.838,19.823,20.19,21.572,21.304,21.839,22.873,22.504,19.263,19.12,18.001,17.513,16.998,18.017,17.017,18.23,16.578,17.745,16.591,16.176,13.907,13.351,11.659,10.246,8.979,7.977,7.191,5.775,4.873,3.828,2.871,1.789,1.062,0.724,0.342,0.207,0.134,0.174,0.02,0.099,0.081,0.02,0.04,0.014,0,0,0,0
2026-09-02 11:53:00,1,"Normal Scan","Normal Scan",0,"ON",1,1,1,737.7,5,20,97.9,50.3,0.0000000687408,0.0000181809,4.97,8954.6,8.8,736.5,1,"Up Scan","Positive",254,0,4.37,1.6,8,8,0,1,1,21.597,36.129,25.187,9.647,2.176,4990.9,47,21.1,NA,0,0,0,0,0,0,0,0,0,0,0,0,0,0,0,0,0,0,0,0,0,0,0,0,0,0,0,0,0,0,0,11057.376,8823.68,8477.088,7067.264,6421.888,6307.776,6019.392,6010.784,5548.128,5357.952,5218.816,5184.96,4823.456,4328.192,4294.656,4236.736,4234.464,4141.792,4436.864,4379.968,4210.112,3950.176,3776.704,3444.704,3050.816,2575.776,2302.56,2041.44,1851.68,1654.432,1462.592,1371.264,1261.216,1213.312,1090.528,1049.248,1048.992,879.648,815.584,731.456,592.288,553.504,493.856,461.28,346.048,296.8,286.336,162.528,124.48,69.792,51.456,44.448,24.288,14.752,13.728,7.872,3.264,3.36,3.488,1.792,0,0,0,0,0,0,0,0,0,0,0,0,0,0,0,0,0,0,0,0,0,0,0,0,0,0,0,0,0,0,0,0,0,0,0,3.238,4.519,5.183,6.793,7.294,8.404,10.141,11.614,13.691,14.639,16.231,17.913,20.003,20.745,20.705,22.656,24.499,26.726,28.421,32.723,34.693,35.61,35.66,36.306,35.308,33.279,29.983,28.479,26.992,26.007,24.59,23.351,22.576,21.973,21.559,19.68,19.23,19.266,16.621,14.943,13.452,10.925,9.559,8.175,7.372,5.537,4.583,4.293,2.474,1.797,1.009,0.732,0.632,0.321,0.191,0.175,0.098,0.04,0.04,0.041,0.02,0,0,0,0,0
2026-09-02 11:58:00,1,"Normal Scan","Normal Scan",0,"ON",1,1,1,738,5,20.3,98,50.1,0.0000000687602,0.0000181953,4.97,8954.6,8.8,736.5,1,"Up Scan","Positive",254,0,4.37,1.6,8,8,0,1,1,23.605,40.053,27.439,9.647,2.234,4074.41,47,21.1,NA,0,0,0,0,0,0,0,0,0,0,0,0,0,0,0,0,0,0,0,0,0,0,0,0,0,0,0,0,0,0,0,7406.08,6552.64,4946.272,5141.696,4767.872,4311.008,4601.6,4468.192,4687.744,4828.992,4690.464,4616.384,4511.968,4421.632,3858.4,3731.84,3575.808,3493.088,3298.688,3286.304,3063.232,3164.704,2937.152,2823.488,2462.176,2331.488,2011.872,1949.024,1619.936,1641.28,1397.376,1382.304,1329.12,1228.96,1195.424,1153.344,1157.568,964.48,868.864,718.944,638.688,610.08,497.408,502.08,354.56,338.016,294.784,186.368,115.424,100.224,43.296,30.592,20.096,14.784,9.216,7.84,4.864,10.208,3.488,1.792,0,0,0,0,0,0,0,0,0,0,0,0,0,0,0,0,0,0,0,0,0,0,0,0,0,0,0,0,0,0,0,0,0,0,0,2.325,2.975,3.812,3.979,5.317,6.238,6.96,8.89,10.202,12.415,14.644,16.106,17.784,19.356,21.006,20.229,21.436,22.503,23.892,24.458,26.149,26.264,28.811,28.631,29.201,27.399,27.326,25.497,26.141,23.494,24.834,22.885,23.322,23.192,21.789,21.372,21.157,20.988,18.045,15.882,13.545,11.576,10.593,8.32,7.958,5.577,5.128,4.443,2.804,1.687,1.423,0.69,0.433,0.264,0.191,0.116,0.098,0.06,0.121,0.041,0.02,0,0,0,0,0
2026-09-02 12:03:00,1,"Normal Scan","Normal Scan",0,"ON",1,1,1,738.1,5,20.5,97.9,50.7,0.0000000688902,0.0000182049,4.97,8954.6,8.8,736.5,1,"Up Scan","Positive",254,0,4.37,1.6,8,8,0,1,1,20.459,36.078,24.619,9.647,2.205,4727.45,47,21.2,NA,0,0,0,0,0,0,0,0,0,0,0,0,0,0,0,0,0,0,0,0,0,0,0,0,0,0,0,0,0,0,0,10767.488,9046.112,8584.064,6417.6,6577.44,5731.808,5648.864,5558.336,5627.584,6147.84,5903.872,5554.976,5190.688,4842.112,4312.256,3976,3514.144,3313.312,3070.592,3034.816,2913.984,3009.984,2786.432,2621.376,2489.792,2289.152,2071.936,2042.368,1781.664,1568.704,1433.056,1364.096,1248.704,1211.136,1090.24,1085.216,1033.376,1016.864,925.376,755.616,674.848,615.456,550.944,443.904,347.36,289.536,242.592,194.336,119.936,70.048,50.016,39.584,28.576,22.016,6.048,15.776,4.896,1.664,1.76,0,0,0,0,0,0,0,0,0,0,0,0,0,0,0,0,0,0,0,0,0,0,0,0,0,0,0,0,0,0,0,0,0,0,0,0,3.262,4.369,5.267,6.813,6.652,8.601,9.213,10.917,12.65,14.927,18.611,20.198,21.316,22.228,22.906,22.525,22.75,22.062,22.615,22.785,24.299,25.039,27.556,27.439,27.421,27.487,27.043,25.943,27.014,25.088,23.793,23.031,23.143,22.215,21.767,20.183,20.051,19.341,18.44,16.462,13.766,11.997,10.661,8.997,7.043,5.554,4.522,3.692,2.858,1.807,1.008,0.695,0.539,0.377,0.287,0.078,0.196,0.06,0.02,0.02,0,0,0,0,0,0
2026-09-02 12:08:00,1,"Normal Scan","Normal Scan",0,"ON",1,1,1,737.7,5,20,97.9,51,0.0000000687408,0.0000181809,4.97,8954.6,8.8,736.5,1,"Up Scan","Positive",254,0,4.37,1.6,8,8,0,1,1,21.862,40.258,26.756,9.647,2.297,3574.31,48,21.1,NA,0,0,0,0,0,0,0,0,0,0,0,0,0,0,0,0,0,0,0,0,0,0,0,0,0,0,0,0,0,0,0,6589.792,6164,5204.224,5418.208,4703.072,4726.496,4587.52,4521.504,4374.336,4108.704,3827.424,3460.544,3531.008,3045.376,3057.92,2752.224,2854.432,2598.656,2433.12,2400.288,2371.328,2435.424,2477.984,2265.216,2218.528,1984.704,1797.216,1546.432,1458.72,1291.52,1106.464,1145.472,1072.192,1107.68,1088.48,1138.72,1041.824,1018.624,964.448,793.632,691.936,648.064,533.088,470.816,361.504,281.76,213.92,171.2,113.344,74.496,43.584,36.384,11.392,9.984,4.928,7.872,6.528,8.448,3.488,1.792,0,0,0,0,0,0,0,0,0,0,0,0,0,0,0,0,0,0,0,0,0,0,0,0,0,0,0,0,0,0,0,0,0,0,0,2.348,2.651,3.623,4.164,5.625,6.164,7.599,8.865,10.309,11.555,12.421,13.125,13.337,15.153,14.472,16.011,15.847,17.931,17.884,18.149,19.361,20.518,22.352,24.129,23.542,24.3,23.291,22.447,21.024,21.293,20.488,19.121,20.26,20.029,20.62,20.292,21.051,19.242,18.717,16.938,14.087,12.032,10.891,8.735,7.475,5.702,4.252,3.226,2.515,1.666,1.099,0.666,0.513,0.151,0.129,0.063,0.098,0.08,0.101,0.041,0.02,0,0,0,0,0
2026-09-02 12:13:00,1,"Normal Scan","Normal Scan",0,"ON",1,1,1,738.2,5,20.6,97.9,51,0.00000006892,0.0000182097,4.97,8954.6,8.8,736.5,1,"Up Scan","Positive",254,0,4.37,1.6,8,8,0,1,1,22.473,39.493,26.676,9.647,2.269,3653.43,49,21.3,NA,0,0,0,0,0,0,0,0,0,0,0,0,0,0,0,0,0,0,0,0,0,0,0,0,0,0,0,0,0,0,0,8157.824,5945.216,4880.864,4953.984,5119.168,4500.192,4275.744,4239.296,4201.472,3991.488,3755.968,3646.88,3314.56,3330.752,3447.488,3240.384,2910.336,2780.032,2504.128,2603.264,2568.736,2815.84,2676.576,2505.952,2278.592,2119.872,1938.72,1792.64,1472.96,1345.824,1225.216,1207.392,1104.608,1037.152,1058.528,1056.864,1012.384,937.632,906.688,692.736,635.648,544.48,467.968,407.936,307.648,312.16,229.472,151.232,115.968,58.976,45.792,27.2,17.344,11.744,7.648,7.904,6.528,0,0,0,0,0,0,0,0,0,0,0,0,0,0,0,0,0,0,0,0,0,0,0,0,0,0,0,0,0,0,0,0,0,0,0,0,0,0,2.221,3.298,3.463,3.927,5.141,6.696,7.245,8.261,9.639,11.095,12.074,12.911,14.034,14.236,15.813,18.015,18.602,18.371,19.134,18.752,20.915,22.194,25.807,26.024,25.923,25.034,24.794,24.16,23.712,21.166,20.921,20.419,20.579,20.042,19.023,19.321,19.291,18.394,17.009,15.991,12.697,11.17,9.273,7.634,6.522,4.834,4.755,3.413,2.215,1.733,0.864,0.626,0.367,0.264,0.153,0.097,0.098,0.08,0,0,0,0.028,0,0,0,0
2026-09-02 12:18:00,1,"Normal Scan","Normal Scan",0,"ON",1,1,1,738,5,20.4,97.9,52,0.0000000688603,0.0000182001,4.97,8954.6,8.8,736.5,1,"Up Scan","Positive",254,0,4.37,1.6,8,8,0,1,1,21.615,37.596,25.742,9.647,2.203,4276.59,49,21.3,NA,0,0,0,0,0,0,0,0,0,0,0,0,0,0,0,0,0,0,0,0,0,0,0,0,0,0,0,0,0,0,0,7912.608,7028.288,5902.88,6018.112,5767.776,5810.624,5592.864,5806.88,5372.288,5034.496,4959.456,4626.464,4410.976,4315.744,4113.92,3833.824,3522.944,3486.656,3195.872,3150.4,3188.96,3085.44,2953.536,2709.952,2349.888,2314.816,1947.616,1650.56,1471.776,1317.92,1211.456,1203.264,1110.976,1079.04,1061.12,982.688,1049.408,960.32,802.4,700.576,683.84,631.584,490.112,474.784,392.928,327.648,248.288,205.12,125.568,81.952,72.736,41.12,21.792,16.224,9.12,3.168,4.864,0,1.76,3.488,0,0,0,0,0,0,0,0,0,0,0,0,0,0,0,0,0,0,0,0,0,0,0,0,0,0,0,0,0,0,0,0,0,0,0,2.387,3.174,4.134,4.676,6.262,7.519,9.353,10.804,13.217,14.196,15.238,17.006,17.829,18.941,20.481,21.534,22.018,22.16,23.83,23.677,25.046,27.252,28.018,28.51,27.723,25.737,26.847,24.24,22.098,21.329,20.261,20.129,20.946,19.908,19.695,19.806,18.868,19.244,17.952,15.131,13.116,12.293,10.761,8.219,7.773,6.206,5,3.754,3,1.837,1.152,1.006,0.576,0.32,0.21,0.116,0.039,0.06,0,0.02,0.04,0.014,0,0,0,0
2026-09-02 12:23:00,1,"Normal Scan","Normal Scan",0,"ON",1,1,1,737.6,5,19.9,97.9,52.3,0.000000068711,0.0000181761,4.97,8954.6,8.8,736.5,1,"Up Scan","Positive",254,0,4.37,1.6,8,8,0,1,1,22.066,38.449,26.245,9.647,2.219,4335.97,50,21.2,NA,0,0,0,0,0,0,0,0,0,0,0,0,0,0,0,0,0,0,0,0,0,0,0,0,0,0,0,0,0,0,0,8040.896,6966.944,5972.992,6073.44,5791.488,5129.408,5424.544,5192.128,5326.144,5387.552,5232.448,4888.256,4464.96,4177.888,4096.032,3865.792,3545.248,3565.6,3402.048,3519.808,3186.464,3236.16,2998.496,2880.512,2510.048,2236.8,1990.976,1754.272,1554.624,1472.896,1338.048,1332.448,1294.272,1138.944,1100.736,1028.768,1051.616,891.584,806.08,814.272,703.168,653.504,544.896,461.312,443.584,353.504,284.128,207.648,156.576,100.064,47.232,45.6,21.696,14.816,12.256,7.872,6.496,5.12,0,0,0,0,0,0,0,0,0,0,0,0,0,0,0,0,0,0,0,0,0,0,0,0,0,0,0,0,0,0,0,0,0,0,0,0,0,2.345,3.273,4.074,4.797,6.304,7.595,8.264,10.495,11.801,14.083,16.308,17.974,18.83,19.183,19.862,21.49,22.235,22.362,24.37,25.22,27.906,27.199,29.336,29.014,29.572,27.602,26.219,25.177,23.619,22.416,22.404,21.748,22.598,22.287,21.061,20.598,19.799,19.689,17.023,15.554,15.042,12.735,11.443,9.107,7.508,6.953,5.37,4.266,3.104,2.303,1.407,0.695,0.613,0.321,0.191,0.155,0.098,0.08,0.06,0,0,0.028,0,0,0,0
2026-09-02 12:28:00,1,"Normal Scan","Normal Scan",0,"ON",1,1,1,737.6,5,19.9,97.9,52.7,0.000000068711,0.0000181761,4.97,8954.6,8.8,736.5,1,"Up Scan","Positive",254,0,4.37,1.6,8,8,0,1,1,24.233,40.791,27.868,9.647,2.253,4356.34,51,21.1,NA,0,0,0,0,0,0,0,0,0,0,0,0,0,0,0,0,0,0,0,0,0,0,0,0,0,0,0,0,0,0,0,7143.648,6833.824,6058.048,5896.416,5370.912,4962.08,5224.992,4555.232,4950.656,4528.736,4513.696,4409.856,4108,4026.08,3984.832,3904.672,3664.896,3749.44,3697.632,3546.72,3383.2,3381.248,3527.232,3330.176,3025.184,2825.952,2484.256,2122.304,1969.344,1836.672,1556.64,1542.976,1377.92,1300.896,1207.424,1173.792,1127.168,1053.376,996.608,854.88,758.048,719.584,524.608,512.608,400.448,365.184,287.328,218.656,117.984,104.032,53.248,47.04,25.824,28.032,9.184,4.736,3.744,9.664,3.456,1.792,0,0,0,0,0,0,0,0,0,0,0,0,0,0,0,0,0,0,0,0,0,0,0,0,0,0,0,0,0,0,0,0,0,0,0,2.315,2.875,3.984,4.862,6.116,7.005,8.013,10.099,10.381,13.121,13.724,15.508,16.992,17.693,19.188,20.927,22.484,23.134,25.776,27.518,28.477,29.228,31.082,34.284,34.35,33.259,32.908,30.855,28.251,27.781,27.391,25.157,25.723,24.441,23.526,22.406,22.176,20.688,19.606,18.225,15.622,13.621,12.142,8.96,8.16,6.359,5.617,4.437,3.217,1.719,1.513,0.805,0.65,0.358,0.364,0.116,0.059,0.046,0.115,0.041,0.02,0.014,0,0,0,0
2026-09-02 12:33:00,1,"Normal Scan","Normal Scan",0,"ON",1,1,1,738.1,5,20.5,97.9,53.4,0.0000000688902,0.0000182049,4.97,8954.6,8.8,736.5,1,"Up Scan","Positive",254,0,4.37,1.6,8,8,0,1,1,23.262,40.397,27.359,9.647,2.276,4649.97,51,21.2,NA,0,0,0,0,0,0,0,0,0,0,0,0,0,0,0,0,0,0,0,0,0,0,0,0,0,0,0,0,0,0,0,8730.24,7454.112,7412.96,6345.504,6035.168,5733.312,5455.104,5248.96,5175.296,4803.84,4617.312,4403.616,4164.608,3840.32,4176,3669.568,3832.256,3738.848,3464.512,3509.408,3409.472,3483.904,3403.104,3333.248,3180.832,2913.568,2745.92,2492.128,2115.968,2073.824,1909.696,1618.304,1586.304,1487.36,1343.68,1267.712,1151.936,1168.032,1070.72,890.048,816.544,742.208,595.776,497.888,428.48,328.736,313.632,198.848,128.128,105.312,63.488,40.064,31.84,17.728,9.12,11.04,6.56,3.392,3.456,0,0,0,0,0,0,0,0,0,0,0,0,0,0,0,0,0,0,0,0,0,0,0,0,0,0,0,0,0,0,0,0,0,0,0,0,2.263,3.573,4.333,5.893,6.533,7.88,9.238,10.516,11.96,13.65,14.564,15.836,16.984,17.941,18.327,21.912,21.194,24.144,25.655,25.887,28.305,29.507,32.233,33.507,34.705,35.305,34.325,34.062,32.996,30.057,30.691,29.657,27.348,27.63,26.22,24.704,23.639,21.532,21.175,19.242,16.109,14.396,12.585,9.994,8.015,6.768,5.148,4.715,2.928,1.915,1.528,0.914,0.539,0.471,0.229,0.116,0.138,0.08,0.04,0.041,0,0.042,0,0,0,0
2026-09-02 12:38:00,1,"Normal Scan","Normal Scan",0,"ON",1,1,1,737.8,5,20.1,97.9,54.1,0.0000000687707,0.0000181857,4.97,8954.6,8.8,736.5,1,"Up Scan","Positive",254,0,4.37,1.6,8,8,0,1,1,22.259,38.362,26.318,9.647,2.238,4851.19,50,21.2,NA,0,0,0,0,0,0,0,0,0,0,0,0,0,0,0,0,0,0,0,0,0,0,0,0,0,0,0,0,0,0,0,10465.248,8396.032,7256.192,6860,6441.28,5863.648,5810.752,5886.112,5322.944,5119.648,5124.128,4590.88,4480.48,4201.344,3868.704,4009.408,3789.696,3644.704,3847.2,3708.288,3589.664,3899.264,3592.544,3433.6,3300.192,2902.304,2669.28,2384.16,2077.984,1977.888,1803.008,1594.784,1549.152,1353.28,1344,1210.336,1118.88,1079.168,976.352,915.872,662.304,616.128,527.68,444.32,408.896,296.064,258.336,211.392,142.752,97.184,60.32,19.648,11.424,8.832,1.504,9.408,0,0,0,3.552,0,0,0,0,0,0,0,0,0,0,0,0,0,0,0,0,0,0,0,0,0,0,0,0,0,0,0,0,0,0,0,0,0,0,0,3.217,4.232,4.916,5.751,7.107,8.437,9.438,11.242,13.38,14.07,15.489,17.589,17.666,19.225,20.031,20.377,23.12,24.031,25.132,28.622,29.861,30.906,35.69,35.056,35.544,36.358,34.024,33.159,31.476,29.445,29.402,28.135,26.399,26.501,24.457,23.735,21.975,20.424,19.594,17.613,16.219,11.906,10.634,8.751,7.255,6.244,4.417,3.806,3.104,2.038,1.349,0.825,0.297,0.151,0.115,0.019,0.118,0,0,0,0.04,0,0,0,0,0
2026-09-02 12:43:00,1,"Normal Scan","Normal Scan",0,"ON",1,1,1,737.6,5,19.8,97.9,54.5,0.0000000686811,0.0000181713,4.97,8954.6,8.8,736.5,1,"Up Scan","Positive",254,0,4.37,1.6,8,8,0,1,1,20.62,35.561,24.722,9.647,2.182,4915.01,52,21.1,NA,0,0,0,0,0,0,0,0,0,0,0,0,0,0,0,0,0,0,0,0,0,0,0,0,0,0,0,0,0,0,0,10410.496,9336.16,8224.608,7838.112,7073.92,6422.624,6256.416,6197.024,5898.176,5499.2,5244.96,5093.12,4867.968,4492.8,4320.64,4032.96,3906.144,3552.48,3538.336,3496.992,3479.616,3449.376,3268.512,3000.416,2852.352,2555.552,2281.216,2017.6,1931.68,1719.136,1568.896,1515.136,1427.744,1351.104,1315.072,1118.368,1111.136,924.928,902.304,684.16,610.752,502.976,450.336,375.104,299.296,243.264,208.224,167.232,72.48,52.16,33.472,22.496,18.848,10.336,6.144,9.472,8.192,5.024,5.216,1.632,0,0,0,0,0,0,0,0,0,0,0,0,0,0,0,0,0,0,0,0,0,0,0,0,0,0,0,0,0,0,0,0,0,0,0,2.925,4.246,5.429,6.537,8.11,9.238,10.336,12.05,14.13,15.572,16.62,17.996,19.61,20.881,21.367,22.648,23.232,24.57,24.395,26.239,28.007,29.765,31.46,31.795,31.2,31.401,30.098,28.637,27.242,27.451,25.819,25.02,24.662,24.355,23.043,22.613,19.73,19.566,16.632,15.606,12.177,10.708,8.564,7.254,5.903,4.673,3.788,3.12,2.481,1.135,0.811,0.494,0.316,0.283,0.134,0.078,0.118,0.1,0.06,0.061,0.02,0.014,0,0,0,0
2026-09-02 12:48:00,1,"Normal Scan","Normal Scan",0,"ON",1,1,1,737.5,5,19.7,97.9,54.8,0.0000000686512,0.0000181665,4.97,8954.6,8.8,736.5,1,"Up Scan","Positive",254,0,4.37,1.6,8,8,0,1,1,21.162,32.144,23.81,9.647,2.002,6157.86,52,21,NA,0,0,0,0,0,0,0,0,0,0,0,0,0,0,0,0,0,0,0,0,0,0,0,0,0,0,0,0,0,0,0,10769.664,9177.248,8374.912,7782.688,7741.504,7988.896,8887.584,8694.496,8419.616,8638.336,8663.552,8469.376,8064.704,8062.816,7687.712,7222.016,6856.48,5900.864,5348.064,4819.84,4245.856,3897.504,3362.72,2794.08,2324.128,2049.44,1853.632,1781.376,1564.256,1537.856,1546.464,1359.104,1332.288,1294.688,1184.448,1090.88,971.072,935.968,822.752,629.088,594.432,502.72,404.448,321.728,279.424,249.792,180.896,133.024,77.568,66.656,30.72,13.92,15.936,14.752,7.68,1.6,4.928,0,0,3.392,0,0,0,0,0,0,0,0,0,0,0,0,0,0,0,0,0,0,0,0,0,0,0,0,0,0,0,0,0,0,0,0,0,0,0,3.798,4.394,5.406,6.682,8.088,10.116,12.91,17.205,19.81,22.29,26.229,29.765,32.677,34.627,38.191,40.009,41.091,42.456,39.668,38.726,37.521,35.449,34.884,32.303,28.774,26.023,24.486,23.739,24.327,22.904,23.317,24.161,22.508,22.708,21.937,20.675,19.302,17.207,16.33,14.317,11.352,10.121,8.471,6.723,5.1,4.26,3.827,2.725,1.988,1.111,0.973,0.421,0.204,0.226,0.191,0.097,0.02,0.06,0,0,0.04,0,0,0,0,0
2026-09-02 12:53:00,1,"Normal Scan","Normal Scan",0,"ON",1,1,1,738.1,5,20.5,97.9,55.2,0.0000000688902,0.0000182049,4.97,8954.6,8.8,736.5,1,"Up Scan","Positive",254,0,4.37,1.6,8,8,0,1,1,22.182,36.43,25.768,9.647,2.157,4437.22,52,21.2,NA,0,0,0,0,0,0,0,0,0,0,0,0,0,0,0,0,0,0,0,0,0,0,0,0,0,0,0,0,0,0,0,8238.048,7717.344,6087.488,6387.488,5886.56,5432.832,5529.024,5334.592,4866.56,5363.232,4978.656,4891.744,4642.976,4441.536,3909.888,3895.072,3970.368,3702.816,3592.64,3405.024,3506.56,3357.088,3324.256,3125.216,2864.032,2529.312,2260.96,1936.224,1794.848,1543.232,1497.248,1281.184,1291.552,1178.752,1140.224,1048.128,963.04,875.904,764.768,731.904,545.984,447.328,372.448,321.088,275.552,206.272,163.616,129.536,79.552,53.088,50.816,19.456,16.704,10.304,6.08,3.136,0,0,0,1.792,0,0,0,0,0,0,0,0,0,0,0,0,0,0,0,0,0,0,0,0,0,0,0,0,0,0,0,0,0,0,0,0,0,0,0,2.501,3.324,4.502,4.843,6.607,7.689,8.724,10.653,12.112,12.881,16.238,17.074,18.838,19.917,21.125,20.514,22.439,24.922,25.385,26.665,27.279,29.977,30.614,32.189,32.102,31.289,29.422,28,25.802,25.283,23.2,23.462,21.369,21.757,20.703,19.81,18.265,16.835,15.366,13.471,12.525,9.463,7.518,6.17,5.201,4.277,3.169,2.458,1.9,1.152,0.738,0.695,0.279,0.226,0.134,0.078,0.039,0,0,0,0.02,0.014,0,0,0,0
2026-09-02 12:58:00,1,"Normal Scan","Normal Scan",0,"ON",1,1,1,737.9,5,20.3,97.9,55.7,0.0000000688304,0.0000181953,4.97,8954.6,8.8,736.5,1,"Up Scan","Positive",254,0,4.37,1.6,8,8,0,1,1,23.951,36.887,26.454,9.647,2.131,4156.58,52,21.2,NA,0,0,0,0,0,0,0,0,0,0,0,0,0,0,0,0,0,0,0,0,0,0,0,0,0,0,0,0,0,0,0,6946.592,6397.152,5912.832,5225.824,5435.168,5109.696,4757.152,4547.712,4690.08,4322.784,4150.304,4226.08,4250.56,4263.136,4230.848,4321.888,4260.224,4410.144,4166.368,3888.576,3824.352,3557.248,3281.6,2854.56,2581.28,2343.264,1944.96,1672.128,1520.192,1431.168,1280.864,1198.144,1149.408,1161.536,976.832,979.68,955.552,821.088,801.504,642.016,560.928,409.376,366.688,286.688,206.944,195.584,166.4,136.224,71.232,35.456,20.032,19.328,14.208,11.776,7.648,3.2,1.6,6.688,0,0,0,0,0,0,0,0,0,0,0,0,0,0,0,0,0,0,0,0,0,0,0,0,0,0,0,0,0,0,0,0,0,0,0,0,0,1.981,2.814,3.777,4.691,5.393,7.078,8.211,9.158,10.365,12.432,13.116,14.296,16.329,18.344,20.364,22.252,24.903,26.744,29.94,30.527,30.691,32.333,31.997,31.414,29.287,28.185,27.176,24.235,22.585,21.658,21.527,20.579,20.157,19.823,20.053,17.483,17.016,16.66,14.238,13.498,11.098,9.747,6.946,5.875,4.482,3.228,3.032,2.505,1.99,1.049,0.554,0.274,0.26,0.189,0.153,0.097,0.039,0.02,0.081,0,0,0,0,0,0,0
2026-09-02 13:03:00,1,"Normal Scan","Normal Scan",0,"ON",1,1,1,737.6,5,19.9,97.9,55.8,0.000000068711,0.0000181761,4.97,8954.6,8.8,736.5,1,"Up Scan","Positive",254,0,4.37,1.6,8,8,0,1,1,22.253,38.236,26.222,9.647,2.226,3112.69,52,21.1,NA,0,0,0,0,0,0,0,0,0,0,0,0,0,0,0,0,0,0,0,0,0,0,0,0,0,0,0,0,0,0,0,6197.728,5202.464,4783.456,4024.288,4275.872,3782.048,4040.288,3632.896,3593.28,3676.736,3151.712,3143.904,2866.464,2792.32,2800.64,2766.72,2752.16,2747.584,2538.432,2474.208,2571.616,2455.04,2176.192,2017.984,1790.368,1590.048,1303.744,1277.12,1146.144,968.768,932.864,942.176,936.608,941.28,988.8,860.992,843.264,775.008,730.496,651.424,491.552,433.856,358.176,276.192,204.16,212.864,156.16,121.536,78.24,37.12,26.784,26.208,11.36,19.2,4.64,1.568,3.264,0,0,0,0,0,0,0,0,0,0,0,0,0,0,0,0,0,0,0,0,0,0,0,0,0,0,0,0,0,0,0,0,0,0,0,0,0,0,1.775,2.539,3.078,3.841,4.153,5.612,6.085,7.811,8.238,9.482,11.135,10.813,12.157,12.371,13.325,14.718,15.972,17.321,18.715,18.745,19.669,21.753,22.085,21.068,20.678,19.684,18.65,16.619,17.575,16.924,15.567,15.954,16.354,16.826,16.886,17.336,15.528,14.96,13.534,12.565,11.262,8.533,7.37,5.81,4.401,3.263,3.223,2.402,1.779,1.134,0.522,0.366,0.353,0.151,0.249,0.058,0.02,0.04,0,0,0,0,0,0,0,0
2026-09-02 13:08:00,1,"Normal Scan","Normal Scan",0,"ON",1,1,1,737.5,5,19.7,97.9,55.7,0.0000000686512,0.0000181665,4.97,8954.6,8.8,736.5,1,"Up Scan","Positive",254,0,4.37,1.6,8,8,0,1,1,22.334,38.74,26.372,10.366,2.24,3120.26,51,21,NA,0,0,0,0,0,0,0,0,0,0,0,0,0,0,0,0,0,0,0,0,0,0,0,0,0,0,0,0,0,0,0,5497.632,5623.104,4471.904,4450.912,4256.672,4439.104,3916.544,3643.84,3422.08,3341.088,3295.552,3088.608,3113.44,2818.88,2666.752,2848.256,2767.968,2675.104,2499.616,2518.496,2484.608,2447.104,2260.96,2037.152,1732.896,1535.168,1309.088,1123.392,1114.016,1014.048,909.76,991.68,904.352,879.008,878.624,899.328,879.456,897.12,836.928,663.392,609.184,481.056,358.656,323.424,221.504,206.336,150.464,98.944,82.208,54.112,40.576,22.624,16.512,13.28,6.144,3.136,3.232,3.36,0,0,0,0,0,0,0,0,0,0,0,0,0,0,0,0,0,0,0,0,0,0,0,0,0,0,0,0,0,0,0,0,0,0,0,0,0,1.932,2.253,3.277,3.571,4.61,5.562,7.135,7.564,8.31,9.076,10.158,11.329,11.933,13.395,13.445,14.057,16.428,17.413,18.289,18.49,19.941,21.018,21.996,21.71,20.894,19.073,18.098,16.802,15.55,16.496,16.113,15.832,17.611,16.911,16.311,16.433,16.406,15.525,15.508,14.281,11.374,10.233,8.039,5.95,5.165,3.518,3.173,2.288,1.476,1.206,0.775,0.567,0.305,0.219,0.172,0.078,0.039,0.04,0.04,0,0,0,0,0,0,0
2026-09-02 13:13:00,1,"Normal Scan","Normal Scan",0,"ON",1,1,1,738,5,20.4,97.9,55.5,0.0000000688603,0.0000182001,4.97,8954.6,8.8,736.5,1,"Up Scan","Positive",254,0,4.37,1.6,8,8,0,1,1,19.276,31.983,22.905,9.647,2.057,4835.98,52,21.2,NA,0,0,0,0,0,0,0,0,0,0,0,0,0,0,0,0,0,0,0,0,0,0,0,0,0,0,0,0,0,0,0,9493.824,8939.456,7229.952,7510.976,7101.728,7067.296,7848.192,7454.784,6976.768,7043.072,6572.864,5931.712,5152.704,4477.76,4575.712,4435.744,4259.232,4196.384,3996.544,3745.664,3340.544,3055.776,2614.976,2236.384,1886.688,1670.08,1341.024,1197.024,1047.296,966.4,922.976,875.552,903.744,863.232,837.376,888.032,828.736,827.84,844.192,764.352,568.224,521.248,414.112,331.04,251.808,229.344,169.184,124.768,62.048,58.176,33.472,27.104,9.728,5.888,7.648,7.936,0,3.424,3.488,0,0,0,0,0,0,0,0,0,0,0,0,0,0,0,0,0,0,0,0,0,0,0,0,0,0,0,0,0,0,0,0,0,0,0,0,3.24,3.834,5.26,5.773,7.794,9.27,11.415,15.138,16.959,18.371,21.296,22.508,22.805,22.128,21.35,23.984,25.424,26.579,28.282,28.994,29.186,27.93,27.183,24.864,22.657,20.526,19.465,16.917,16.42,15.523,15.485,15.836,15.921,16.85,16.715,15.79,16.45,15.212,14.739,14.467,13.077,9.873,8.415,6.657,5.328,3.989,3.439,2.537,1.85,0.951,0.81,0.512,0.371,0.132,0.076,0.097,0.098,0,0.04,0.041,0,0.014,0,0,0,0
2026-09-02 13:18:00,1,"Normal Scan","Normal Scan",0,"ON",1,1,1,737.9,5,20.3,97.8,56.1,0.0000000689008,0.0000181953,4.97,8954.6,8.8,736.5,1,"Up Scan","Positive",254,0,4.37,1.6,8,8,0,1,1,20.865,31.737,23.272,9.647,2.003,5134.72,52,21.2,NA,0,0,0,0,0,0,0,0,0,0,0,0,0,0,0,0,0,0,0,0,0,0,0,0,0,0,0,0,0,0,0,10075.84,8725.024,7236.576,6274.912,6342.912,6684.864,6844.128,7105.184,7068.512,7293.6,7046.496,7068.768,7020.672,6662.592,6576.448,6406.016,6093.12,5320.48,4654.528,3981.824,3348.576,2829.952,2542.944,2236.8,1975.776,1582.528,1309.504,1168.16,1065.472,911.968,833.728,807.872,781.12,683.744,779.84,778.624,861.888,795.2,838.848,742.464,612.384,537.6,385.632,328.896,289.344,218.688,187.68,146.848,84.48,58.528,35.296,22.912,14.304,14.688,3.072,3.168,6.528,1.696,1.76,0,0,0,0,0,0,0,0,0,0,0,0,0,0,0,0,0,0,0,0,0,0,0,0,0,0,0,0,0,0,0,0,0,0,0,0,3.248,4.083,5.12,5.786,6.523,8.32,10.783,13.227,16.168,18.682,22.11,24.234,27.25,30.153,31.59,34.199,36.333,37.514,35.542,33.584,30.964,27.897,25.246,24.255,22.641,21.293,18.291,16.392,15.591,15.512,14.421,14.631,14.982,15.197,14.223,15.198,15.144,15.518,14.429,14.593,12.82,10.473,9.058,6.372,5.222,4.493,3.358,2.829,2.125,1.246,0.859,0.494,0.316,0.189,0.191,0.039,0.039,0.08,0.02,0.02,0,0,0,0,0,0
2026-09-02 13:23:00,1,"Normal Scan","Normal Scan",0,"ON",1,1,1,737.6,5,19.9,97.9,56.1,0.000000068711,0.0000181761,4.97,8954.6,8.8,736.5,1,"Up Scan","Positive",254,0,4.37,1.6,8,8,0,1,1,19.701,33.536,23.27,9.647,2.128,4256.78,52,21.1,NA,0,0,0,0,0,0,0,0,0,0,0,0,0,0,0,0,0,0,0,0,0,0,0,0,0,0,0,0,0,0,0,10213.536,8211.648,6735.968,6111.168,5693.76,5824.608,5758.048,5771.968,5762.752,5722.368,5675.072,5868.288,5459.36,4243.776,4005.824,3890.688,3571.68,3222.528,3078.976,2802.528,2591.936,2505.728,2323.872,1990.08,1851.744,1573.44,1275.392,1108.896,1034.976,853.952,804.416,778.88,765.248,818.944,877.152,900.288,872.8,936.064,829.312,790.912,687.904,493.664,425.696,373.088,281.056,232.736,187.872,141.536,119.04,57.728,33.984,25.76,15.68,7.456,10.688,7.904,3.264,1.664,1.76,0,0,0,0,0,0,0,0,0,0,0,0,0,0,0,0,0,0,0,0,0,0,0,0,0,0,0,0,0,0,0,0,0,0,0,0,3.164,4.146,4.826,5.358,6.333,7.451,9.376,11.113,13.19,15.229,17.35,19.463,22.535,23.345,20.12,20.923,22.227,22.259,21.856,22.503,22.126,21.901,22.458,22.189,20.32,19.964,18.201,15.976,15.183,15.485,14.261,14.397,15.12,15.173,16.374,16.946,16.647,16.027,16.571,14.577,13.71,11.556,8.565,7.113,5.865,4.406,3.548,2.811,2.124,1.727,0.838,0.476,0.353,0.207,0.096,0.136,0.098,0.04,0.02,0.02,0,0,0,0,0,0
2026-09-02 13:28:00,1,"Normal Scan","Normal Scan",0,"ON",1,1,1,737.5,5,19.7,97.9,56.1,0.0000000686512,0.0000181665,4.97,8954.6,8.8,736.5,1,"Up Scan","Positive",254,0,4.37,1.6,8,8,0,1,1,22.393,39.205,26.401,9.647,2.265,4132.88,52,21,NA,0,0,0,0,0,0,0,0,0,0,0,0,0,0,0,0,0,0,0,0,0,0,0,0,0,0,0,0,0,0,0,8765.344,7206.592,6264.032,5670.912,5559.264,4963.04,4935.36,4789.952,4613.536,4337.952,4300.608,3956.672,4031.936,3775.328,3635.424,3616.896,3720.288,3562.784,3520.064,3324.96,2975.232,3053.632,2828.448,2527.328,2348.8,2156.544,1912.16,1660.032,1485.344,1401.536,1227.168,1237.152,1203.424,1180.704,1190.624,1147.168,1175.744,1117.408,1138.72,913.344,816.576,679.712,471.008,440.96,357.632,276.896,231.552,172.128,115.84,79.744,60.512,33.472,30.144,19.232,16.832,4.736,4.896,5.056,0,3.584,0,0,0,0,0,0,0,0,0,0,0,0,0,0,0,0,0,0,0,0,0,0,0,0,0,0,0,0,0,0,0,0,0,0,0,2.699,3.523,4.234,4.99,5.875,7.258,8.02,9.506,10.9,12.203,13.146,14.78,15.308,17.378,18.036,19.116,20.803,23.335,24.265,25.882,26.377,25.462,27.719,27.33,26.187,25.844,25.181,24.126,22.68,21.857,22.163,21.072,22.131,22.517,22.254,22.34,21.426,20.756,19.907,19.746,15.93,13.863,11.443,7.923,7.249,5.62,4.363,3.534,2.611,1.707,1.153,0.842,0.483,0.415,0.249,0.213,0.059,0.06,0.06,0,0.04,0.014,0,0,0,0
2026-09-02 13:33:00,1,"Normal Scan","Normal Scan",0,"ON",1,1,1,737.6,5,19.8,97.9,56,0.0000000686811,0.0000181713,4.97,8954.6,8.8,736.5,1,"Up Scan","Positive",254,0,4.37,1.6,8,8,0,1,1,25.451,42.776,29.05,9.647,2.286,3903.31,52,21,NA,0,0,0,0,0,0,0,0,0,0,0,0,0,0,0,0,0,0,0,0,0,0,0,0,0,0,0,0,0,0,0,6120.576,5714.688,5223.424,5142.368,4617.952,4208.288,4158.944,4298.88,4026.72,3731.072,4106.08,3946.176,3655.648,3600.8,3430.72,3097.568,3198.688,3317.76,3363.456,3361.088,3496.736,3476.512,3207.904,3085.6,2830.048,2545.792,2203.424,2122.752,1678.944,1592.16,1427.008,1258.304,1232.576,1276.992,1280.96,1279.424,1286.592,1159.904,1125.408,954.912,864.8,699.872,567.424,460.8,370.528,296.96,234.784,180.992,133.792,67.072,72.768,35.648,23.072,14.784,16.768,6.336,11.456,1.696,0,3.616,0,0,0,0,0,0,0,0,0,0,0,0,0,0,0,0,0,0,0,0,0,0,0,0,0,0,0,0,0,0,0,0,0,0,0,2.096,2.452,3.346,4.188,5.359,6.042,6.784,8.04,9.788,10.658,11.316,14.101,15.224,15.766,17.197,18.062,18.033,20.34,22.855,25.058,26.923,29.932,31.633,31.249,31.636,31.053,29.642,27.233,28.144,24.528,24.811,24.158,22.72,22.978,23.928,23.839,23.498,22.96,20.645,19.718,16.47,14.835,11.993,9.125,7.582,5.862,4.615,3.536,2.738,2.003,1.009,0.997,0.512,0.34,0.191,0.213,0.079,0.139,0.02,0,0.04,0.028,0,0,0,0
2026-09-02 13:38:00,1,"Normal Scan","Normal Scan",0,"ON",1,1,1,737.9,5,20.4,97.8,56.4,0.0000000689307,0.0000182001,4.97,8954.6,8.8,736.5,1,"Up Scan","Positive",254,0,4.37,1.6,8,8,0,1,1,23.625,40.273,27.13,9.647,2.282,3985.87,52,21.2,NA,0,0,0,0,0,0,0,0,0,0,0,0,0,0,0,0,0,0,0,0,0,0,0,0,0,0,0,0,0,0,0,8156.896,7728.512,5809.76,5122.336,4839.36,4724.864,4590.976,3813.504,3911.648,3984.48,3767.808,3712.224,3856.352,3821.248,3754.592,3544.672,3571.712,3669.984,3330.656,3343.136,3170.336,2980.288,2907.488,2788.096,2522.272,2319.584,1963.328,1695.488,1498.656,1196.768,1208.32,1220.768,1180.896,1121.152,1196.704,1245.472,1279.136,1133.152,1016.768,1026.72,768.16,673.6,548.512,476.832,330.784,271.68,237.952,164.576,126.112,89.632,51.296,27.264,15.744,17.792,12.16,4.768,3.296,0,1.76,0,0,0,0,0,0,0,0,0,0,0,0,0,0,0,0,0,0,0,0,0,0,0,0,0,0,0,0,0,0,0,0,0,0,0,0,2.805,3.286,4.532,4.581,5.284,6.319,7.576,8.864,8.702,10.349,12.063,12.986,14.336,16.642,18.209,19.702,20.405,22.423,25.004,24.665,26.616,27.056,27.184,28.064,28.453,27.423,26.792,24.676,22.934,21.893,19.933,21.219,22.044,21.931,21.797,22.327,22.65,22.777,20.2,17.763,17.41,13.286,11.369,9.092,7.605,5.133,4.114,3.62,2.436,1.819,1.265,0.713,0.371,0.207,0.23,0.154,0.059,0.04,0,0.02,0,0,0,0,0,0
2026-09-02 13:43:00,1,"Normal Scan","Normal Scan",0,"ON",1,1,1,738.5,5,21.2,97.8,56,0.0000000691699,0.0000182384,4.97,8954.6,8.8,736.5,1,"Up Scan","Positive",254,0,4.37,1.6,8,8,0,1,1,22.666,39.794,26.656,9.647,2.29,4267.67,52,21.5,NA,0,0,0,0,0,0,0,0,0,0,0,0,0,0,0,0,0,0,0,0,0,0,0,0,0,0,0,0,0,0,0,9045.536,8642.592,6304.384,6524,5365.312,5239.296,4758.56,4445.824,4175.168,4498.016,3963.36,4025.216,3654.752,3732.64,3721.792,3427.328,3409.76,3410.112,3320.64,3285.856,3422.272,3371.552,3246.368,3158.592,2761.056,2472.032,2123.04,2015.712,1657.408,1486.976,1320.64,1276.256,1270.144,1237.792,1168.448,1198.016,1156,1023.264,1074.88,986.624,862.016,695.008,573.632,511.872,388.448,303.232,266.496,196.896,139.552,77.792,61.44,35.2,32.832,14.88,7.584,9.568,7.744,2.112,1.76,0,0,0,0,0,0,0,0,0,0,0,0,0,0,0,0,0,0,0,0,0,0,0,0,0,0,0,0,0,0,0,0,0,0,0,0,2.606,3.597,5.045,5.005,6.698,6.981,8.427,9.173,10.131,11.043,13.587,13.565,15.489,15.722,17.784,19.503,19.843,21.549,23.446,24.775,26.346,29.21,30.642,31.476,32.255,30.081,28.668,26.463,26.688,23.931,23.383,22.203,22.45,23.069,23.401,22.355,22.4,21.279,19.002,19.178,17.027,14.906,11.883,9.45,8.122,6.116,4.728,4.023,2.843,2.093,1.116,0.862,0.479,0.433,0.191,0.097,0.118,0.094,0.025,0.02,0,0,0,0,0,0
2026-09-02 13:48:00,1,"Normal Scan","Normal Scan",0,"ON",1,1,1,739.1,5,22,97.8,55.5,0.0000000694092,0.0000182767,4.97,8954.6,8.8,736.5,1,"Up Scan","Positive",254,0,4.37,1.6,8,8,0,1,1,17.665,34.336,22.714,9.647,2.238,5256.3,51,21.9,NA,0,0,0,0,0,0,0,0,0,0,0,0,0,0,0,0,0,0,0,0,0,0,0,0,0,0,0,0,0,0,0,15388,12477.632,11012.032,9441.632,8531.744,7770.112,7622.208,6702.4,5758.624,5670.528,4981.76,4948.224,4415.904,3982.24,3878.784,3539.744,3491.936,3422.528,3277.152,3134.4,3054.272,2959.168,3084.96,2761.408,2635.328,2197.696,1937.248,1633.12,1494.112,1231.168,1191.584,1142.304,1123.52,1077.44,1083.776,1196.48,1133.6,1165.504,1056.288,992.192,915.456,815.936,650.016,532.32,447.68,359.968,276.288,220.544,150.368,89.568,59.296,22.112,18.496,10.272,10.976,13.888,8.192,1.696,0,0,0,0,0,0,0,0,0,0,0,0,0,0,0,0,0,0,0,0,0,0,0,0,0,0,0,0,0,0,0,0,0,0,0,0,0,5.635,6.236,7.294,8.677,9.76,11.084,12.431,14.649,15.2,15.124,17.083,17.022,18.96,18.906,18.919,20.273,20.356,21.907,23.451,24.255,25.044,26.058,26.895,29.6,28.198,28.457,25.4,24.221,22.106,21.654,19.755,20.851,21.095,21.619,21.332,21.562,23.172,21.511,21.32,19.159,17.57,15.783,13.736,10.638,8.525,6.822,5.438,4.085,3.276,2.193,1.294,0.822,0.297,0.245,0.134,0.139,0.173,0.099,0.02,0,0,0,0,0,0,0
2026-09-02 13:53:00,1,"Normal Scan","Normal Scan",0,"ON",1,1,1,739.4,5,22.3,97.8,55.1,0.000000069499,0.0000182911,4.97,8954.6,8.8,736.5,1,"Up Scan","Positive",254,0,4.37,1.6,8,8,0,1,1,19.047,32.797,22.502,9.647,2.136,5987.61,50,22.2,NA,0,0,0,0,0,0,0,0,0,0,0,0,0,0,0,0,0,0,0,0,0,0,0,0,0,0,0,0,0,0,0,18126.016,12763.584,9904.32,8644.32,8555.2,7970.144,8141.344,7315.168,7318.72,7485.344,7230.176,7160.64,6873.952,6444.448,5967.456,5906.08,5491.936,5020.768,4241.44,3714.432,3408.416,3084.416,2976.544,2638.976,2309.056,2058.72,1727.008,1480.608,1215.904,1212.832,1064.384,1076.96,990.976,1070.656,983.392,1054.112,1054.816,1100.768,1040.096,949.696,918.464,795.008,663.744,556.032,485.216,393.088,294.624,233.408,166.016,116.416,70.016,51.264,23.136,25.056,16.832,6.272,4.864,6.72,0,3.584,0,0,0,0,0,0,0,0,0,0,0,0,0,0,0,0,0,0,0,0,0,0,0,0,0,0,0,0,0,0,0,0,0,0,0,7.462,7.257,7.432,7.814,8.904,11.119,12.767,15.664,16.623,19.273,22.606,24.757,27.511,29.417,30.449,30.995,33.538,33.918,33.728,30.868,29.158,28.757,27.718,28.421,26.722,25.143,23.798,21.475,20.189,18.202,19.172,18.708,19.883,19.775,21.081,20.326,21.158,20.603,20.805,19.272,17.034,16.291,13.576,11.153,8.951,7.665,5.986,4.43,3.539,2.417,1.67,0.967,0.723,0.339,0.325,0.213,0.078,0.06,0.08,0,0.042,0.029,0,0,0,0
2026-09-02 13:58:00,1,"Normal Scan","Normal Scan",0,"ON",1,1,1,738.8,5,21.5,97.8,54.4,0.0000000692597,0.0000182528,4.97,8954.6,8.8,736.5,1,"Up Scan","Positive",254,0,4.37,1.6,8,8,0,1,1,21.639,37.875,25.176,9.647,2.256,4820.69,50,22.1,NA,0,0,0,0,0,0,0,0,0,0,0,0,0,0,0,0,0,0,0,0,0,0,0,0,0,0,0,0,0,0,0,11722.912,9385.888,7921.344,6901.92,6309.792,6072.32,5647.936,5183.168,5417.728,4782.976,4567.552,4524.512,5056.864,5641.472,5342.88,4849.824,4385.6,4132.608,3682.112,3770.464,3431.776,3185.408,2991.648,2704.8,2345.664,2004.416,1747.872,1567.872,1338.976,1196.768,1118.752,1096.128,1092.384,1144.96,1106.016,1097.152,1177.536,1110.56,1140.16,1115.456,988.128,892.48,769.248,638.208,486.592,416.032,335.488,257.12,169.696,119.136,62.752,43.712,22.88,17.696,9.152,11.104,1.664,1.664,5.216,0,0,0,0,0,0,0,0,0,0,0,0,0,0,0,0,0,0,0,0,0,0,0,0,0,0,0,0,0,0,0,0,0,0,0,0,3.726,4.705,5.51,6.273,7.119,8.207,9.751,10.855,11.781,14.318,14.51,15.68,17.448,21.752,26.699,27.859,27.682,27.338,28.01,27.058,29.672,28.885,28.656,28.634,27.594,25.425,23.403,21.929,21.301,20.005,19.531,19.81,20.649,21.632,22.99,22.713,22.417,23.089,21.546,20.79,19.77,17.486,15.098,12.685,10.088,7.625,6.292,5.017,3.725,2.497,1.684,0.899,0.594,0.32,0.229,0.116,0.137,0.02,0.02,0.061,0,0.014,0,0,0,0
2026-09-02 14:03:00,1,"Normal Scan","Normal Scan",0,"ON",1,1,1,738.2,5,20.7,97.8,53.9,0.0000000690204,0.0000182145,4.97,8954.6,8.8,736.5,1,"Up Scan","Positive",254,0,4.37,1.6,8,8,0,1,1,20.122,36.632,24.379,9.647,2.231,5132.61,50,21.9,NA,0,0,0,0,0,0,0,0,0,0,0,0,0,0,0,0,0,0,0,0,0,0,0,0,0,0,0,0,0,0,0,11896.032,9993.088,8110.688,7980.672,7652.96,6667.712,6819.68,6425.28,6273.696,6052.16,6062.368,5771.072,5453.6,5150.432,4850.688,4598.784,4116.96,4004.416,3710.24,3421.376,3335.104,2962.656,2980.128,2717.216,2492.128,2189.056,1936.8,1566.912,1453.152,1291.36,1183.968,1096.576,1051.392,1014.528,1063.296,1038.304,1087.392,1158.304,1086.624,1075.744,1032.864,930.048,740.16,648.32,573.632,419.456,306.88,254.976,179.488,146.528,84.128,43.008,28.704,28.064,12.16,12.608,6.496,1.664,1.728,0,0,0,0,0,0,0,0,0,0,0,0,0,0,0,0,0,0,0,0,0,0,0,0,0,0,0,0,0,0,0,0,0,0,0,0,4.099,4.817,5.851,6.436,8.246,9.96,10.72,13.167,14.606,16.545,18.308,20.752,22.19,23.373,24.438,25.318,26.293,25.679,27.197,27.262,27.151,28.296,26.93,28.639,27.767,27.031,25.374,23.905,21.154,21.172,20.304,20.407,20.7,20.906,21.213,22.374,21.955,21.674,22.353,20.694,19.484,17.866,15.721,12.492,10.491,8.887,6.405,4.707,3.756,2.645,2.069,1.167,0.578,0.396,0.363,0.155,0.157,0.08,0.02,0.02,0,0.014,0,0,0,0
2026-09-02 14:08:00,1,"Normal Scan","Normal Scan",0,"ON",1,1,1,737.8,5,20.2,97.8,54.1,0.0000000688709,0.0000181905,4.97,8954.6,8.8,736.5,1,"Up Scan","Positive",254,0,4.37,1.6,8,8,0,1,1,18.594,35.289,23.289,10.366,2.226,5178.81,51,21.7,NA,0,0,0,0,0,0,0,0,0,0,0,0,0,0,0,0,0,0,0,0,0,0,0,0,0,0,0,0,0,0,0,11653.056,11840.32,9815.072,8578.656,8411.008,7626.912,7624.032,6947.136,6618.24,6221.696,5994.624,5486.496,5015.072,4564.704,4394.656,4025.568,3771.072,3374.016,3317.696,3252.224,2950.464,2953.824,2891.136,2655.872,2296.384,2053.472,1775.52,1556.832,1267.424,1152.768,1039.456,943.968,949.504,1082.464,976.32,1029.152,1036.928,1024.32,1142.496,1086.976,994.368,878.912,726.4,656.16,466.56,453.024,331.2,271.168,198.144,136.672,90.88,42.304,26.08,14.56,3.072,11.104,9.824,3.36,5.312,5.408,0,0,0,0,0,0,0,0,0,0,0,0,0,0,0,0,0,0,0,0,0,0,0,0,0,0,0,0,0,0,0,0,0,0,0,4.202,4.693,6.919,7.798,8.887,10.97,12.263,14.699,15.79,17.488,18.776,20.511,21.086,21.476,21.674,22.935,23.046,23.617,23.074,24.507,25.779,25.127,26.745,27.713,26.994,24.917,23.607,21.947,20.906,18.749,18.721,18.284,18.267,19.512,22.29,20.762,21.597,20.999,20.34,21.08,19.786,17.357,15.308,12.291,10.55,7.393,6.886,4.899,3.987,2.915,1.98,1.244,0.669,0.361,0.189,0.039,0.138,0.119,0.04,0.061,0.061,0.014,0,0,0,0
2026-09-02 14:13:00,1,"Normal Scan","Normal Scan",0,"ON",1,1,1,738.1,5,20.6,97.8,54.2,0.0000000689905,0.0000182097,4.97,8954.6,8.8,736.5,1,"Up Scan","Positive",254,0,4.37,1.6,8,8,0,1,1,19.735,39.236,25.159,9.647,2.332,4340.73,52,21.7,NA,0,0,0,0,0,0,0,0,0,0,0,0,0,0,0,0,0,0,0,0,0,0,0,0,0,0,0,0,0,0,0,9944.416,8279.264,7311.392,7460.736,6809.28,6270.112,5838.272,5727.872,5249.696,4691.104,4348.16,4247.776,3719.36,3607.68,3343.264,3046.272,2976.832,3045.152,2944.128,2866.496,2785.664,2793.536,2680.192,2543.776,2248.448,2060.512,1784.48,1451.328,1279.744,1277.408,1059.424,1097.632,1046.048,1111.84,1053.28,1068.384,1053.888,1049.28,1113.984,1028.992,1048.832,925.44,752.096,657.216,565.92,430.816,383.136,232.736,197.152,184.992,84.704,34.208,37.184,10.272,12.192,12.096,8.832,1.664,5.184,3.616,0,0,0,0,0,0,0,0,0,0,0,0,0,0,0,0,0,0,0,0,0,0,0,0,0,0,0,0,0,0,0,0,0,0,0,2.626,4.07,4.834,5.823,7.695,8.904,10.08,11.256,13.028,13.844,14.146,14.884,16.31,15.974,17.153,17.526,17.536,18.777,20.862,21.823,22.877,23.796,25.404,25.741,26.053,24.541,23.84,22.388,19.783,19.226,20.363,18.746,20.371,20.793,22.278,22.337,22.374,21.495,20.91,20.951,19.16,18.371,15.739,12.951,10.695,8.737,6.64,5.658,3.432,2.904,2.633,1.208,0.494,0.49,0.134,0.155,0.149,0.107,0.02,0.061,0.041,0,0,0,0,0
2026-09-02 14:18:00,1,"Normal Scan","Normal Scan",0,"ON",1,1,1,738.2,5,20.7,97.8,55.2,0.0000000690204,0.0000182145,4.97,8954.6,8.8,736.5,1,"Up Scan","Positive",254,0,4.37,1.6,8,8,0,1,1,21.286,34.915,24.206,9.647,2.135,6158.38,52,21.7,NA,0,0,0,0,0,0,0,0,0,0,0,0,0,0,0,0,0,0,0,0,0,0,0,0,0,0,0,0,0,0,0,12530.24,11186.688,10247.552,9874.976,8907.712,7365.504,7012.256,6928.768,6914.016,7223.328,7014.016,6922.08,6697.568,6561.376,7080.544,7042.016,7127.712,6628.224,6030.112,5545.792,4688,3947.296,3273.44,2957.12,2433.472,2247.808,1834.624,1642.976,1466.656,1411.712,1161.76,1093.664,988.96,1020.192,974.976,1067.168,1097.472,1125.568,1210.848,1123.552,968.96,918.944,770.272,659.744,511.712,427.136,347.808,296.864,209.056,117.248,84.064,47.168,31.328,17.664,18.464,17.344,6.528,5.216,5.024,0,0,0,0,0,0,0,0,0,0,0,0,0,0,0,0,0,0,0,0,0,0,0,0,0,0,0,0,0,0,0,0,0,0,0,0,4.099,5.078,6.511,8.145,10.2,11.597,11.843,13.501,15.795,18.299,21.904,24.106,26.752,28.874,31.309,37.046,40.204,44.102,44.333,43.516,42.951,39.072,35.202,31.275,30.107,26.616,25.875,22.875,21.891,20.983,21.908,20.206,20.676,20.445,21.585,20.831,22.265,22.161,21.954,22.17,20.185,17.381,15.962,12.787,10.689,8.073,6.545,5.178,4.453,3.084,1.673,1.222,0.634,0.415,0.229,0.233,0.216,0.08,0.062,0.059,0,0,0,0,0,0
2026-09-02 14:23:00,1,"Normal Scan","Normal Scan",0,"ON",1,1,1,737.8,5,20.2,97.8,55.7,0.0000000688709,0.0000181905,4.97,8954.6,8.8,736.5,1,"Up Scan","Positive",254,0,4.37,1.6,8,8,0,1,1,18.451,32.771,22.374,9.647,2.138,6361.14,52,21.6,NA,0,0,0,0,0,0,0,0,0,0,0,0,0,0,0,0,0,0,0,0,0,0,0,0,0,0,0,0,0,0,0,17085.856,13880.832,10776.032,9933.984,10212.064,9431.488,9114.24,8838.752,8642.336,7804.992,7660,6846.272,6843.104,6135.072,5807.488,5677.92,5213.536,5003.712,4649.6,4223.328,3905.12,3385.12,3088.32,2838.336,2452.224,2082.112,1809.728,1626.272,1418.528,1203.808,1098.752,1090.688,993.792,932.576,962.368,1030.848,1047.616,1032.544,1215.104,1176.32,987.936,873.184,774.848,653.472,534.016,408.96,325.088,278.976,224.768,141.472,70.144,44.416,24.288,10.336,15.296,3.2,4.896,5.088,5.216,0,0,0,0,0,0,0,0,0,0,0,0,0,0,0,0,0,0,0,0,0,0,0,0,0,0,0,0,0,0,0,0,0,0,0,0,5.678,6.884,8.128,8.546,10.295,13.325,15.157,17.546,20.152,22.836,23.589,26.246,26.35,29.343,29.127,30.32,32.421,32.439,33.745,33.86,33.119,32.755,30.437,29.635,28.91,26.516,24.064,22.643,21.443,20.372,19.323,19.111,20.306,20.441,20.615,20.85,21.464,21.347,20.738,22.362,20.738,17.455,15.177,13.044,10.458,8.307,6.208,4.844,4.083,3.239,2.016,1.018,0.604,0.339,0.134,0.194,0.039,0.06,0.06,0.061,0,0.014,0,0,0,0
2026-09-02 14:28:00,1,"Normal Scan","Normal Scan",0,"ON",1,1,1,737.5,5,19.8,97.8,56,0.0000000687513,0.0000181713,4.97,8954.6,8.8,736.5,1,"Up Scan","Positive",254,0,4.37,1.6,8,8,0,1,1,18.954,35.76,23.721,10.366,2.222,4955.54,53,21.3,NA,0,0,0,0,0,0,0,0,0,0,0,0,0,0,0,0,0,0,0,0,0,0,0,0,0,0,0,0,0,0,0,9911.136,9987.84,8874.4,8910.944,8539.04,7947.488,7370.752,6821.408,5976.832,5664.032,5339.84,5058.816,4818.88,4212.544,4354.848,3973.088,3649.216,3560.128,3391.36,3343.776,3406.752,3068.704,2967.488,2633.44,2456.032,1996.416,1706.176,1415.424,1204.096,1075.648,962.208,952.224,854.144,838.528,885.504,880.032,1030.464,1030.752,1165.664,1036.416,1012.192,899.968,782.88,607.68,526.752,410.656,340.48,248.928,178.176,114.912,76.224,36.032,28.736,10.432,4.64,9.376,8.16,5.056,0,3.456,0,0,0,0,0,0,0,0,0,0,0,0,0,0,0,0,0,0,0,0,0,0,0,0,0,0,0,0,0,0,0,0,0,0,0,3.186,4.021,5.866,7.124,9.221,11.118,12.795,14.242,15.527,15.786,17.12,18.327,19.484,20.674,20.032,22.791,22.851,22.92,24.322,25.034,26.572,28.725,27.654,28.263,26.703,26.228,22.952,20.962,18.937,17.566,17.239,17.184,18.39,18.425,18.761,19.644,19.508,21.148,20.165,21.508,18.888,17.631,15.27,12.867,9.749,8.099,6.286,5.014,3.693,2.559,1.672,1.061,0.502,0.396,0.134,0.058,0.118,0.099,0.06,0,0.04,0,0,0,0,0
2026-09-02 14:33:00,1,"Normal Scan","Normal Scan",0,"ON",1,1,1,737.7,5,20.1,97.8,56.1,0.000000068841,0.0000181857,4.97,8954.6,8.8,736.5,1,"Up Scan","Positive",254,0,4.37,1.6,8,8,0,1,1,18.965,34.302,23.006,9.647,2.18,5376.28,53,21.3,NA,0,0,0,0,0,0,0,0,0,0,0,0,0,0,0,0,0,0,0,0,0,0,0,0,0,0,0,0,0,0,0,13203.328,11049.216,10027.744,8696.992,8408.416,7540.16,7319.84,7316.992,6722.048,6506.432,6221.536,5880.256,5604.576,5183.04,5346.56,5072.896,4692.544,4528.768,3969.856,3790.048,3312.48,2984.576,2644.288,2396.576,2104.736,1716,1489.568,1220.8,1107.84,1059.616,895.104,800.384,894.784,800.224,847.04,899.2,992.064,1117.344,1101.856,1097.664,1048.288,956.64,801.888,666.208,526.784,396.768,345.152,255.392,185.824,124.48,60.608,27.552,38.624,16.992,6.944,7.936,6.528,5.056,0,0,0,0,0,0,0,0,0,0,0,0,0,0,0,0,0,0,0,0,0,0,0,0,0,0,0,0,0,0,0,0,0,0,0,0,0,4.721,5.341,6.461,7.979,8.996,10.97,12.106,14.138,16.641,17.74,19.696,21.392,22.657,24.083,24.627,27.897,28.963,29.158,30.472,28.887,29.665,27.762,26.66,25.21,24.286,22.738,19.868,18.396,16.737,16.393,16.899,16.464,16.499,18.862,18.706,19.416,20.062,20.834,21.709,20.526,19.727,18.113,16.207,13.395,10.492,8.052,6.152,5.126,3.715,2.71,1.783,0.841,0.371,0.509,0.22,0.087,0.098,0.08,0.06,0,0,0,0,0,0,0
2026-09-02 14:38:00,1,"Normal Scan","Normal Scan",0,"ON",1,1,1,737.8,5,20.3,97.7,57.1,0.0000000689713,0.0000181953,4.97,8954.6,8.8,736.5,1,"Up Scan","Positive",254,0,4.37,1.6,8,8,0,1,1,19.251,36.922,24.093,9.647,2.265,4404.42,54,21.3,NA,0,0,0,0,0,0,0,0,0,0,0,0,0,0,0,0,0,0,0,0,0,0,0,0,0,0,0,0,0,0,0,10615.84,8301.152,8092.608,7043.872,6976,6344.032,6291.36,5736.704,5322.016,5319.68,4708.832,4726.592,4437.696,3888.576,3518.72,3458.688,3281.952,3079.04,3112.16,2940.992,2910.112,2887.04,2554.528,2452.384,2043.072,1845.632,1377.152,1222.144,1082.976,928.384,897.6,836.448,812.64,779.872,906.368,888.48,925.6,1021.728,1083.744,1100.672,945.696,855.84,817.888,629.152,502.336,378.752,316.16,270.528,188.608,115.424,68.288,42.688,20.16,16.256,12.224,1.6,4.928,0,1.728,0,0,0,0,0,0,0,0,0,0,0,0,0,0,0,0,0,0,0,0,0,0,0,0,0,0,0,0,0,0,0,0,0,0,0,0,2.979,4.308,4.814,6.449,7.273,9.075,10.209,12.149,13.042,14.036,16.049,16.118,18.157,19.039,18.486,18.447,19.886,20.637,21.006,22.956,23.278,24.628,25.748,24.385,24.733,21.954,21.26,17.178,16.509,16.065,15.407,16.154,16.661,17.543,18.196,19.705,19.21,19.771,20.304,20.138,19.418,16.683,14.651,13.409,10.064,7.77,5.72,4.729,3.944,2.695,1.638,0.951,0.576,0.283,0.21,0.155,0.02,0.06,0,0.02,0,0.014,0,0,0,0
2026-09-02 14:43:00,1,"Normal Scan","Normal Scan",0,"ON",1,1,1,737.6,5,19.9,97.8,57.6,0.0000000687812,0.0000181761,4.97,8954.6,8.8,736.5,1,"Up Scan","Positive",254,0,4.37,1.6,8,8,0,1,1,18.62,36.269,23.636,9.647,2.26,4582.58,54,21.2,NA,0,0,0,0,0,0,0,0,0,0,0,0,0,0,0,0,0,0,0,0,0,0,0,0,0,0,0,0,0,0,0,10537.824,9859.392,8589.888,7721.12,7347.264,7056.288,6587.808,6594.048,5558.528,5576.672,4965.248,4736.064,4290.528,3738.336,3594.368,3414.464,3243.264,3249.728,3035.328,2935.712,2904.256,2790.848,2471.264,2313.664,1984.16,1716.224,1507.68,1302.336,1092.704,1002.752,1034.592,947.84,881.376,858.656,911.712,920.64,1003.488,1040.064,1058.944,1067.616,934.624,853.088,738.304,693.504,538.08,415.744,319.424,244.096,182.08,110.784,64.896,41.792,19.456,14.752,7.648,9.472,3.232,1.696,5.248,1.696,0,0,0,0,0,0,0,0,0,0,0,0,0,0,0,0,0,0,0,0,0,0,0,0,0,0,0,0,0,0,0,0,0,0,0,3.239,4.306,5.771,6.857,8.031,9.571,11.371,12.726,14.962,14.687,16.861,17.007,18.201,18.418,17.772,18.849,19.655,20.363,22.113,22.36,23.238,24.505,25.103,23.684,23.548,21.596,20.033,19.026,17.597,16.205,16.598,17.994,18.147,18.571,18.99,19.754,19.718,20.548,20.781,20.068,19.046,16.571,14.514,12.175,10.949,8.34,6.253,4.763,3.593,2.663,1.541,0.932,0.586,0.292,0.191,0.097,0.118,0.04,0.02,0.061,0.02,0.014,0,0,0,0
2026-09-02 14:48:00,1,"Normal Scan","Normal Scan",0,"ON",1,1,1,737.7,5,20.2,97.7,57.6,0.0000000689414,0.0000181905,4.97,8954.6,8.8,736.5,1,"Up Scan","Positive",254,0,4.37,1.6,8,8,0,1,1,18.043,34.413,22.755,9.647,2.213,4840.31,55,21.2,NA,0,0,0,0,0,0,0,0,0,0,0,0,0,0,0,0,0,0,0,0,0,0,0,0,0,0,0,0,0,0,0,12014.592,10640.96,9942.272,9423.232,7783.808,7136.416,7041.76,6348.608,6118.176,5316.288,5344.288,4759.296,4353.728,4052.256,3954.944,3764.992,3521.44,3270.176,3414.88,3291.776,3101.952,2955.808,2729.44,2388.768,2017.824,1849.024,1480.544,1250.432,993.568,866.496,780.736,780.608,694.88,718.848,869.952,974.112,949.344,1012.576,1073.408,946.464,935.808,804.896,733.408,662.816,478.624,376.064,264.096,241.76,182.208,128.224,72.224,30.592,16.928,7.328,6.08,6.304,0,6.752,5.248,1.792,0,0,0,0,0,0,0,0,0,0,0,0,0,0,0,0,0,0,0,0,0,0,0,0,0,0,0,0,0,0,0,0,0,0,0,3.291,4.879,6.222,7.888,9.735,10.162,11.468,13.573,14.434,16.156,16.078,18.283,18.312,18.657,19.274,20.725,21.638,22.099,22.319,25.044,25.887,26.193,26.459,25.926,23.991,21.587,21.027,18.123,16.583,14.914,14.807,14.559,15.846,16.103,16.591,18.926,20.1,19.604,20.011,19.926,16.844,16.234,13.8,12.29,10.489,7.384,5.657,3.92,3.52,2.604,1.818,1.042,0.448,0.223,0.096,0.078,0.079,0,0.081,0.061,0.021,0,0,0,0,0
2026-09-02 14:53:00,1,"Normal Scan","Normal Scan",0,"ON",1,1,1,737.9,5,20.5,97.7,58.5,0.0000000690312,0.0000182049,4.97,8954.6,8.8,736.5,1,"Up Scan","Positive",254,0,4.37,1.6,8,8,0,1,1,19.062,32.133,22.29,9.647,2.088,5770.18,55,21.3,NA,0,0,0,0,0,0,0,0,0,0,0,0,0,0,0,0,0,0,0,0,0,0,0,0,0,0,0,0,0,0,0,12372.96,11859.456,11329.408,9358.016,8832.704,8592.256,7895.392,7570.176,7471.168,7376.064,7652.672,7482.112,7237.984,6542.976,6149.856,5557.632,5217.376,4715.296,4452.608,3945.632,3511.232,3203.776,2761.504,2325.504,2139.52,1707.936,1280.608,1017.888,887.136,818.432,694.24,731.712,785.728,707.968,753.152,858.528,970.24,982.048,1004.32,1023.328,906.176,785.152,762.176,558.304,523.456,356.832,255.328,224.224,175.104,96.896,77.312,53.952,30.048,20.704,12.256,14.176,6.528,3.424,3.456,3.648,0,0,0,0,0,0,0,0,0,0,0,0,0,0,0,0,0,0,0,0,0,0,0,0,0,0,0,0,0,0,0,0,0,0,0,4.15,5.017,6.947,8.998,9.662,11.492,13.844,15.221,17.223,19.774,22.297,26.232,28.749,30.95,30.957,32.009,31.65,32.34,31.697,32.235,30.807,29.263,28.351,25.937,23.349,22.602,19.416,15.99,14.066,13.344,13.7,13.661,15.082,16.656,16.809,17.155,18.368,19.853,19.094,19.102,17.813,15.812,13.535,12.439,9.065,8.287,5.511,3.891,3.383,2.561,1.379,1.115,0.743,0.415,0.268,0.155,0.177,0.08,0.04,0.041,0.041,0,0,0,0,0
2026-09-02 14:58:00,1,"Normal Scan","Normal Scan",0,"ON",1,1,1,737.6,5,20,97.7,58.8,0.0000000688815,0.0000181809,4.97,8954.6,8.8,736.5,1,"Up Scan","Positive",254,0,4.37,1.6,8,8,0,1,1,19.256,31.792,22.191,9.647,2.07,6403.02,55,21.2,NA,0,0,0,0,0,0,0,0,0,0,0,0,0,0,0,0,0,0,0,0,0,0,0,0,0,0,0,0,0,0,0,14175.744,13424.352,10796.64,9934.944,9679.04,8902.272,8537.088,8684.672,8745.92,8701.472,9235.392,9300.896,8995.712,8235.872,7316.928,6399.104,5647.744,4970.784,4433.568,3885.664,3521.024,3017.344,2778.688,2348.064,2066.048,1795.072,1417.792,1284.512,1104.352,886.208,916.768,764.192,767.68,758.592,843.04,884.352,1123.168,1055.072,1092.192,1120.416,1066.656,931.296,776.864,647.04,519.84,373.696,294.56,245.696,170.464,124.736,73.408,43.36,18.944,14.752,18.304,7.904,4.928,8.448,3.52,3.616,0,0,0,0,0,0,0,0,0,0,0,0,0,0,0,0,0,0,0,0,0,0,0,0,0,0,0,0,0,0,0,0,0,0,0,3.705,5.751,7.821,8.599,10.297,12.6,14.302,16.515,19.819,23.147,26.364,31.621,35.697,38.415,38.849,37.955,36.359,34.894,33.389,32.107,30.309,29.463,26.906,26.468,23.774,22.177,20.545,17.627,17.112,16.189,14.95,16.803,16.351,17.118,17.928,19.366,19.661,22.354,20.554,20.425,19.699,18.181,15.786,12.984,10.317,8.104,5.708,4.422,3.689,2.486,1.83,1.05,0.631,0.302,0.191,0.233,0.098,0.06,0.101,0.041,0.041,0.041,0,0,0,0
2026-09-02 15:03:00,1,"Normal Scan","Normal Scan",0,"ON",1,1,1,737.9,5,20.4,97.7,58.3,0.0000000690013,0.0000182001,4.97,8954.6,8.8,736.5,1,"Up Scan","Positive",254,0,4.37,1.6,8,8,0,1,1,18.735,32.414,22.228,9.647,2.128,5948.44,55,21.2,NA,0,0,0,0,0,0,0,0,0,0,0,0,0,0,0,0,0,0,0,0,0,0,0,0,0,0,0,0,0,0,0,16068.288,13062.112,11533.6,9738.72,8904.864,8146.656,7562.56,7834.688,7324.064,7059.2,7084.288,7077.824,6973.024,6888.736,6192.672,5415.136,4929.504,4576.032,4039.488,3919.456,3498.912,3155.488,2921.696,2729.728,2182.944,1864.576,1602.048,1413.856,1133.12,970.496,953.44,844.768,710.784,799.616,856.128,904.896,956.608,1017.792,1151.072,1105.216,1068.128,984.64,839.136,638.144,491.456,366.528,295.936,203.008,137.216,90.752,55.68,24.48,22.848,13.28,6.144,1.568,1.6,1.696,0,3.552,0,0,0,0,0,0,0,0,0,0,0,0,0,0,0,0,0,0,0,0,0,0,0,0,0,0,0,0,0,0,0,0,0,0,0,5.686,6.473,7.657,9.185,10.074,11.614,13.109,14.618,17.859,19.378,21.417,24.294,27.21,29.824,32.559,32.212,30.877,30.624,30.865,29.532,30.667,29.346,28.281,27.833,27.44,23.371,21.516,19.675,18.443,16.628,15.987,17.023,16.895,16.626,18.387,19.614,20.198,20.264,20,20.651,19.216,18.142,16.059,13.378,10.014,7.458,5.544,4.373,2.989,1.948,1.26,0.778,0.361,0.302,0.172,0.078,0.02,0.02,0.02,0,0.041,0,0,0,0,0
2026-09-02 15:08:00,1,"Normal Scan","Normal Scan",0,"ON",1,1,1,737.9,5,20.5,97.7,59,0.0000000690312,0.0000182049,4.97,8954.6,8.8,736.5,1,"Up Scan","Positive",254,0,4.37,1.6,8,8,0,1,1,18.109,32.062,21.908,9.647,2.129,6181.91,55,21.3,NA,0,0,0,0,0,0,0,0,0,0,0,0,0,0,0,0,0,0,0,0,0,0,0,0,0,0,0,0,0,0,0,18096.32,13827.776,11107.136,10302.304,9602.016,9280.256,8635.104,8664.736,7629.408,7437.088,7353.408,7112.8,6348.608,5866.432,5668.832,5379.2,5179.936,5060.16,4487.136,4117.024,3787.712,3287.328,2974.464,2708.416,2191.168,1763.36,1560.256,1332.992,1013.856,930.464,846.4,850.88,931.456,831.52,868.928,1032.768,1063.936,1038.048,1157.44,1177.952,1096.16,958.08,815.808,727.04,484.96,362.56,275.552,190.112,139.84,99.712,58.624,32.928,26.016,16.224,13.76,3.168,4.864,1.664,3.488,5.472,0,0,0,0,0,0,0,0,0,0,0,0,0,0,0,0,0,0,0,0,0,0,0,0,0,0,0,0,0,0,0,0,0,0,0,6.095,7.22,8.115,8.835,10.657,12.507,14.931,16.677,19.732,20.165,22.494,25.157,27.333,27.247,27.845,29.588,30.742,32.154,34.02,32.653,32.127,31.563,29.308,28.162,27.148,23.404,20.239,19.434,17.978,15.383,15.789,16.074,17.155,19.642,19.346,19.961,21.79,21.677,20.715,20.789,20.319,18.381,15.59,13.249,11.312,7.511,5.553,4.156,2.84,2.036,1.418,0.826,0.482,0.377,0.21,0.174,0.039,0.06,0.02,0.041,0.062,0.014,0,0,0,0
2026-09-02 15:13:00,1,"Normal Scan","Normal Scan",0,"ON",1,1,1,737.6,5,20,97.7,58.9,0.0000000688815,0.0000181809,4.97,8954.6,8.8,736.5,1,"Up Scan","Positive",254,0,4.37,1.6,8,8,0,1,1,17.461,33.664,22.144,9.647,2.229,5334.58,55,21.2,NA,0,0,0,0,0,0,0,0,0,0,0,0,0,0,0,0,0,0,0,0,0,0,0,0,0,0,0,0,0,0,0,18452.608,13602.56,10668.768,9204.608,8040.256,7530.656,6687.008,6668.736,6159.968,5526.816,5219.872,4922.176,4588.352,4475.808,4421.312,4251.776,4046.72,3686.688,3415.808,3129.024,3087.52,2918.72,2768.096,2587.104,2147.936,1840.96,1658.336,1470.88,1258.624,1117.856,1008.192,913.728,977.184,853.28,972,1001.664,979.808,1060.224,1127.264,1137.28,1040.64,939.168,749.504,645.792,474.592,353.696,295.552,178.176,157.536,109.408,78.72,31.776,21.728,11.84,10.624,11.104,1.632,0,3.488,5.376,0,0,0,0,0,0,0,0,0,0,0,0,0,0,0,0,0,0,0,0,0,0,0,0,0,0,0,0,0,0,0,0,0,0,0,6.912,7.446,7.926,8.476,9.478,10.468,12.122,12.907,15.164,16.263,16.7,17.918,18.963,19.716,21.265,23.07,24.34,25.231,25.048,25.135,24.761,26.052,26.392,26.563,26.312,23.271,21.328,20.629,19.762,18.288,18.12,17.914,17.968,19.951,19.312,20.969,21.216,20.129,20.44,20.502,19.776,17.61,15.432,12.236,10.433,7.349,5.359,4.405,2.678,2.327,1.523,1.104,0.483,0.32,0.153,0.136,0.138,0.02,0,0.041,0.061,0.028,0,0,0,0
2026-09-02 15:18:00,1,"Normal Scan","Normal Scan",0,"ON",1,1,1,737.8,5,20.3,97.7,58.4,0.0000000689713,0.0000181953,4.97,8954.6,8.8,736.5,1,"Up Scan","Positive",254,0,4.37,1.6,8,8,0,1,1,17.961,34.449,22.736,9.647,2.231,5820.59,55,21.2,NA,0,0,0,0,0,0,0,0,0,0,0,0,0,0,0,0,0,0,0,0,0,0,0,0,0,0,0,0,0,0,0,17157.92,13325.312,11470.528,10176,9336.416,8465.984,7928.768,7468.832,6964.48,6637.44,5530.56,5447.392,5258.304,5045.376,4765.888,4379.552,4056,4102.24,3887.456,3741.728,3646.688,3500.896,3278.144,2889.76,2581.376,2148.064,1769.344,1546.144,1270.176,1186.688,1070.784,1072.704,1010.72,1089.056,1127.36,1196.896,1284.896,1296.672,1289.344,1229.12,1154.88,1017.888,832.48,734.4,516.32,378.304,302.24,205.92,146.848,139.552,70.592,44.064,38.496,13.248,6.08,12.64,3.264,5.088,1.76,3.616,0,0,0,0,0,0,0,0,0,0,0,0,0,0,0,0,0,0,0,0,0,0,0,0,0,0,0,0,0,0,0,0,0,0,0,6.114,6.909,7.717,9.08,10.54,12.165,13.65,15.294,16.966,18.38,20.041,18.973,20.936,22.565,23.951,24.933,25.174,25.467,27.94,28.594,29.573,30.734,31.345,31.231,29.161,27.722,24.869,22.084,21.037,19.173,19.81,19.84,21.207,21.696,22.937,23.976,24.544,25.036,24.565,23.216,21.268,19.511,16.64,13.712,11.608,8.073,5.889,4.489,3.036,2.166,1.974,1.006,0.631,0.509,0.172,0.078,0.157,0.04,0.06,0.02,0.041,0,0,0,0,0
2026-09-02 15:23:00,1,"Normal Scan","Normal Scan",0,"ON",1,1,1,737.9,5,20.4,97.7,59.1,0.0000000690013,0.0000182001,4.97,8954.6,8.8,736.5,1,"Up Scan","Positive",254,0,4.37,1.6,8,8,0,1,1,18.891,30.322,21.614,9.647,2.04,7623.43,55,21.3,NA,0,0,0,0,0,0,0,0,0,0,0,0,0,0,0,0,0,0,0,0,0,0,0,0,0,0,0,0,0,0,0,23109.984,16684.096,12594.528,11476.8,10363.04,9949.632,9913.184,9593.312,10006.08,10030.464,9268.736,9666.624,9070.944,9318.304,8935.36,8275.648,7619.552,6973.44,6205.312,5177.696,4660.416,3965.408,3317.216,2798.784,2407.552,1931.232,1620.448,1285.792,1217.696,1027.552,990.432,865.792,814.688,878.624,964.096,1045.568,1181.824,1162.048,1102.528,1229.248,1089.824,1047.616,818.656,608.8,490.976,363.04,267.808,181.632,130.496,101.28,64.032,35.52,17.376,8.928,3.072,11.008,3.296,5.088,1.76,0,0,0,0,0,0,0,0,0,0,0,0,0,0,0,0,0,0,0,0,0,0,0,0,0,0,0,0,0,0,0,0,0,0,0,0,7.856,9.312,9.737,10.01,11.85,13.524,16.037,19.148,21.864,26.48,30.377,31.816,37.215,38.939,44.128,46.401,47,47.033,46.566,44.665,40.163,38.647,35.09,31.273,28.19,25.833,22.238,19.912,17.524,17.916,17.143,18.335,18.012,18.112,19.904,21.228,22.443,23.27,21.755,20.181,20.932,18.197,16.849,13.196,9.616,7.585,5.495,3.96,2.669,1.924,1.458,0.914,0.485,0.28,0.115,0.039,0.137,0.04,0.06,0.02,0,0.042,0,0,0,0
2026-09-02 15:28:00,1,"Normal Scan","Normal Scan",0,"ON",1,1,1,737.6,5,20,97.7,59.2,0.0000000688815,0.0000181809,4.97,8954.6,8.8,736.5,1,"Up Scan","Positive",254,0,4.37,1.6,8,8,0,1,1,19.445,31.265,22.236,9.647,2.038,6911.6,55,21.2,NA,0,0,0,0,0,0,0,0,0,0,0,0,0,0,0,0,0,0,0,0,0,0,0,0,0,0,0,0,0,0,0,16597.344,12481.472,10629.472,10052.544,9945.408,10612.832,9969.056,9484.736,9385.92,9283.328,9471.968,9091.648,8860.224,8599.808,8278.976,7823.904,7369.088,6495.168,5841.376,4827.04,4030.592,3276.608,3014.592,2423.328,2108.992,1696.448,1346.912,1101.504,1004.32,937.024,846.848,842.304,833.536,815.264,966.912,1034.624,1126.752,1152.608,1234.112,1197.312,996.096,939.072,747.232,683.04,486.752,334.72,239.008,224.608,140.928,122.88,72.864,26.4,17.216,20.672,7.616,3.2,4.928,8.512,1.728,1.792,0,0,0,0,0,0,0,0,0,0,0,0,0,0,0,0,0,0,0,0,0,0,0,0,0,0,0,0,0,0,0,0,0,0,0,5.637,6.71,7.33,8.426,10.393,13.017,17.065,19.249,21.593,24.83,28.116,32.525,35.002,37.977,40.78,43.009,44.335,45.323,43.354,41.984,37.384,33.414,29.012,28.382,24.34,22.729,19.526,17.04,15.269,15.349,16.168,16.361,17.31,18.557,19.097,20.928,21.598,22,22.258,21.94,20.419,16.927,15.485,12.31,10.86,7.452,5.074,3.669,3.273,2.05,1.75,1.075,0.371,0.245,0.268,0.097,0.039,0.06,0.101,0.02,0.02,0.014,0,0,0,0
2026-09-02 15:33:00,1,"Normal Scan","Normal Scan",0,"ON",1,1,1,737.9,5,20.5,97.7,58.7,0.0000000690312,0.0000182049,4.97,8954.6,8.8,736.5,1,"Up Scan","Positive",254,0,4.37,1.6,8,8,0,1,1,18.127,29.727,21.157,9.647,2.039,7305.81,55,21.3,NA,0,0,0,0,0,0,0,0,0,0,0,0,0,0,0,0,0,0,0,0,0,0,0,0,0,0,0,0,0,0,0,22262.528,16913.952,13435.328,12078.72,10977.216,10434.496,9659.936,9590.976,9396.032,8566.464,8722.624,8496.576,8341.44,7944.896,7901.728,7588.224,7300.064,6231.072,5575.488,5085.376,4351.264,3896.576,3243.04,2744.064,2325.12,1684.832,1359.36,1124.448,929.536,818.08,848.064,854.624,876.352,854.144,967.232,1044.896,1191.424,1222.272,1199.168,1131.264,1064.384,814.08,690.272,590.208,428.096,304.224,185.088,156,147.616,78.528,60.864,35.616,18.432,16.32,9.152,6.272,4.928,1.664,3.488,1.792,0,0,0,0,0,0,0,0,0,0,0,0,0,0,0,0,0,0,0,0,0,0,0,0,0,0,0,0,0,0,0,0,0,0,0,7.255,9.051,9.833,10.617,12.494,14.3,16.81,18.651,21.828,24.839,25.93,29.939,32.738,35.755,37.695,41.12,43.132,45.128,41.707,40.259,39.417,35.96,34.301,30.374,27.281,24.618,19.444,17.294,15.598,14.604,14.766,16.303,18.047,18.741,19.131,20.859,20.963,22.392,22.343,20.952,19.007,17.338,13.383,11.379,9.306,6.624,4.643,2.836,2.352,2.146,1.13,0.859,0.501,0.283,0.21,0.116,0.079,0.06,0.02,0.041,0.021,0.042,0,0,0,0
2026-09-02 15:38:00,1,"Normal Scan","Normal Scan",0,"ON",1,1,1,737.9,5,20.5,97.7,59.4,0.0000000690312,0.0000182049,4.97,8954.6,8.8,736.5,1,"Up Scan","Positive",254,0,4.37,1.6,8,8,0,1,1,17.196,29.716,20.649,9.647,2.075,6655.42,55,21.3,NA,0,0,0,0,0,0,0,0,0,0,0,0,0,0,0,0,0,0,0,0,0,0,0,0,0,0,0,0,0,0,0,24013.184,15190.88,12875.104,11309.824,10602.88,9461.824,9321.248,9205.504,8743.68,8465.696,8263.552,7499.072,6974.88,6749.76,6489.952,6048.8,5167.296,4608.896,4102.72,3730.848,3447.296,3035.424,2877.92,2517.216,2045.984,1673.696,1290.528,1058.272,960.64,875.136,823.936,734.112,905.984,879.68,947.84,985.44,1071.36,1153.408,1119.84,1026.944,1046.208,925.12,697.792,526.976,398.816,303.296,239.264,185.472,135.424,102.112,80.48,29.344,20.16,7.36,10.72,1.568,1.632,0,1.76,3.584,0,0,0,0,0,0,0,0,0,0,0,0,0,0,0,0,0,0,0,0,0,0,0,0,0,0,0,0,0,0,0,0,0,0,0,8.013,9.672,8.888,10.152,11.69,13.804,15.19,17.97,20.948,23.095,25.599,28.298,28.811,29.863,31.912,33.713,34.346,32.005,31.038,29.849,29.18,28.722,26.902,27.126,25.156,21.935,19.221,16.3,14.868,14.97,15.055,15.67,16.058,18.904,18.968,20.402,20.69,20.835,21.028,19.619,17.9,17.357,15.139,11.283,8.653,6.213,4.601,3.505,2.787,1.93,1.418,1.1,0.446,0.283,0.096,0.136,0.02,0.02,0,0.02,0.041,0.014,0,0,0,0
2026-09-02 15:43:00,1,"Normal Scan","Normal Scan",0,"ON",1,1,1,737.6,5,20.1,97.7,59.3,0.0000000689115,0.0000181857,4.97,8954.6,8.8,736.5,1,"Up Scan","Positive",254,0,4.37,1.6,8,8,0,1,1,15.817,30.881,20.419,9.647,2.172,5350.54,55,21.2,NA,0,0,0,0,0,0,0,0,0,0,0,0,0,0,0,0,0,0,0,0,0,0,0,0,0,0,0,0,0,0,0,18420.704,15062.976,12497.92,10731.808,9577.504,8848.544,7840.896,7408.256,7022.08,6231.616,5555.968,5048.832,4683.296,3895.264,3766.336,3273.312,3214.656,2718.496,2765.632,2576.288,2494.4,2350.464,2163.488,1991.168,1730.4,1338.336,1175.68,997.12,860.16,835.744,820.096,790.848,810.176,839.776,843.968,978.528,1106.048,1224.416,1170.912,1073.664,1034.112,860.096,693.888,515.232,394.848,298.4,207.2,170.944,109.088,80.48,41.568,27.648,17.376,16.256,3.04,7.84,1.632,1.696,0,0,0,0,0,0,0,0,0,0,0,0,0,0,0,0,0,0,0,0,0,0,0,0,0,0,0,0,0,0,0,0,0,0,0,0,0,6.456,7.482,8.798,9.89,11.069,12.504,14.227,15.124,16.83,18.507,18.785,19.006,19.368,20.023,18.482,19.639,18.746,20.063,18.517,20.294,20.35,20.922,21.081,20.548,20.119,18.755,15.801,14.961,14.116,13.467,14.54,15.828,16.867,18.029,18.529,18.925,20.194,21.146,21.809,20.423,18.033,17.049,13.978,11.151,8.073,6.049,4.536,3.136,2.511,1.577,1.134,0.585,0.371,0.264,0.21,0.039,0.098,0.02,0.02,0,0,0.028,0,0,0,0
2026-09-02 15:48:00,1,"Normal Scan","Normal Scan",0,"ON",1,1,1,737.5,5,19.9,97.7,59.4,0.0000000688516,0.0000181761,4.97,8954.6,8.8,736.5,1,"Up Scan","Positive",254,0,4.37,1.6,8,8,0,1,1,19.925,32.098,22.866,9.647,2.063,6319.44,55,21.1,NA,0,0,0,0,0,0,0,0,0,0,0,0,0,0,0,0,0,0,0,0,0,0,0,0,0,0,0,0,0,0,0,14084.832,12013.888,9869.344,9685.408,8950.624,9125.76,9008.32,8547.04,8124.192,7528.544,7416.512,7865.696,7516.224,7637.728,7006.624,6479.904,6441.568,5990.912,5494.144,5136.736,4629.856,3988.192,3427.456,2747.264,2184.64,1738.304,1532.48,1170.016,1043.392,1014.208,1044.992,957.088,955.008,941.44,1045.696,1104.992,1028,1183.328,1108.224,1130.56,942.848,848.96,723.488,530.368,334.4,252.672,205.184,168.448,99.584,83.648,41.664,31.904,27.072,8.384,12.672,1.568,3.296,5.056,0,1.792,0,0,0,0,0,0,0,0,0,0,0,0,0,0,0,0,0,0,0,0,0,0,0,0,0,0,0,0,0,0,0,0,0,0,0,4.715,5.688,6.982,7.907,10.003,11.703,14.668,17.415,19.458,21.497,22.804,25.466,30.345,32.285,36.22,36.593,37.077,39.962,40.255,39.7,39.744,38.269,35.199,32.147,27.528,23.561,20.424,19.266,16.496,16.02,17.36,18.496,18.768,19.623,20.143,21.096,21.806,20.136,21.42,18.942,18.642,15.601,13.904,11.527,8.351,5.214,3.966,3.081,2.479,1.414,1.227,0.582,0.446,0.358,0.108,0.161,0.02,0.04,0.06,0,0.02,0,0,0,0,0
2026-09-02 15:53:00,1,"Normal Scan","Normal Scan",0,"ON",1,1,1,737.3,5,19.6,97.7,59.6,0.0000000687619,0.0000181617,4.97,8954.6,8.8,736.5,1,"Up Scan","Positive",254,0,4.37,1.6,8,8,0,1,1,17.849,28.078,20.538,9.647,1.964,7341.57,56,21,NA,0,0,0,0,0,0,0,0,0,0,0,0,0,0,0,0,0,0,0,0,0,0,0,0,0,0,0,0,0,0,0,20341.984,15940.256,13614.048,12023.328,11397.216,10870.336,11027.04,10692.448,11143.904,10064.32,9840.192,9238.24,9229.536,9324.8,8228.544,7824.352,7214.816,5929.536,5331.072,4274.496,3608.448,3047.424,2726.112,2052.416,1732.48,1412.736,1187.808,942.016,827.2,745.024,754.08,702.016,738.592,912.096,876.928,1000.416,1035.104,1114.464,951.872,956.192,911.616,847.36,627.456,457.312,369.568,243.232,186.592,144.384,97.184,74.56,36.32,26.368,12.928,8.768,3.072,4.736,3.232,0,0,1.792,0,0,0,0,0,0,0,0,0,0,0,0,0,0,0,0,0,0,0,0,0,0,0,0,0,0,0,0,0,0,0,0,0,0,0,5.852,8.19,9.319,10.822,12.445,14.895,17.479,21.296,24.366,29.424,30.503,33.723,35.612,39.526,44.083,42.674,44.287,44.328,39.559,38.235,32.999,29.857,26.931,25.568,20.651,18.593,16.394,15.003,13.408,13.175,13.366,14.632,15.122,16.071,18.705,18.571,20.213,19.592,19.882,16.904,15.902,14.993,13.613,10.053,7.169,5.704,3.689,2.74,2.113,1.437,1.041,0.498,0.372,0.189,0.115,0.039,0.059,0.04,0,0,0.02,0.014,0,0,0,0
2026-09-02 15:58:00,1,"Normal Scan","Normal Scan",0,"ON",1,1,1,737.6,5,20.1,97.7,59.5,0.0000000689115,0.0000181857,4.97,8954.6,8.8,736.5,1,"Up Scan","Positive",254,0,4.37,1.6,8,8,0,1,1,19.331,32.232,22.558,9.647,2.088,5314.29,56,21.1,NA,0,0,0,0,0,0,0,0,0,0,0,0,0,0,0,0,0,0,0,0,0,0,0,0,0,0,0,0,0,0,0,12410.4,9630.816,9404.128,8798.784,8338.432,7466.848,7496.064,7024.384,6682.208,6857.44,6282.4,6825.44,6441.568,6431.296,6176.672,5676.608,5149.472,4345.472,3967.264,3573.248,3098.592,2892.32,2608.8,2092.576,1819.424,1537.472,1161.28,981.28,881.472,801.472,820.288,761.6,786.048,811.648,892.096,925.824,1039.616,986.048,1093.664,977.888,926.56,800.16,642.976,551.264,338.816,260.448,190.304,140.928,88,68.864,37.536,26.208,17.472,1.472,4.576,4.8,1.664,3.36,1.76,1.792,0,0,0,0,0,0,0,0,0,0,0,0,0,0,0,0,0,0,0,0,0,0,0,0,0,0,0,0,0,0,0,0,0,0,0,4.029,5.016,5.599,7.486,9.097,10.919,12.01,14.491,15.98,17.666,20.763,21.571,26.275,27.606,30.418,32.074,32.236,31.842,29.253,28.724,27.866,25.861,25.609,24.57,21.069,19.575,17.822,14.82,13.64,13.869,13.893,15.33,15.722,16.943,17.627,18.921,18.895,19.782,18.602,18.598,16.474,15.171,12.933,10.066,8.618,5.241,3.993,2.761,2.059,1.299,1,0.514,0.369,0.264,0.019,0.058,0.059,0.02,0.04,0.02,0.021,0.014,0,0,0,0
2026-09-02 16:03:00,1,"Normal Scan","Normal Scan",0,"ON",1,1,1,737.8,5,20.3,97.7,60.3,0.0000000689713,0.0000181953,4.97,8954.6,8.8,736.5,1,"Up Scan","Positive",254,0,4.37,1.6,8,8,0,1,1,17.353,32.549,21.873,9.647,2.159,4642.41,56,21.1,NA,0,0,0,0,0,0,0,0,0,0,0,0,0,0,0,0,0,0,0,0,0,0,0,0,0,0,0,0,0,0,0,10611.36,10449.376,9401.696,8671.104,8028.448,8249.504,7184.736,7370.944,6707.296,6076.288,5453.888,5094.08,4575.744,4165.6,3743.872,3425.792,3109.92,2781.472,2661.568,2492.8,2233.408,2311.488,2194.816,2035.712,1663.776,1367.648,1115.936,921.856,780.704,726.88,723.68,652.736,717.472,823.904,891.392,925.984,1046.368,1134.496,1086.944,988.096,904.288,775.456,683.232,456.864,311.136,248.896,166.848,119.68,87.232,72.704,39.36,31.808,18.528,16.192,4.64,7.904,4.928,0,8.704,0,0,0,0,0,0,0,0,0,0,0,0,0,0,0,0,0,0,0,0,0,0,0,0,0,0,0,0,0,0,0,0,0,0,0,0,3.26,4.282,6.08,7.464,8.933,10.484,13.22,13.835,16.719,17.677,18.344,18.651,19.571,19.558,19.705,19.473,19.525,19.397,18.944,19.61,19.668,18.857,20.674,20.745,20.439,17.881,15.877,14.075,13.032,12.51,13.137,14.239,14.611,16.287,17.742,18.525,18.734,19.994,19.936,18.533,16.574,14.61,12.428,10.862,7.227,4.887,3.825,2.581,1.777,1.293,1.044,0.605,0.444,0.245,0.21,0.058,0.098,0.06,0,0.102,0,0,0,0,0,0
2026-09-02 16:08:00,1,"Normal Scan","Normal Scan",0,"ON",1,1,1,737.4,5,19.8,97.7,60.4,0.0000000688217,0.0000181713,4.97,8954.6,8.8,736.5,1,"Up Scan","Positive",254,0,4.37,1.6,8,8,0,1,1,17.114,33.036,21.963,11.14,2.181,4485.12,56,21,NA,0,0,0,0,0,0,0,0,0,0,0,0,0,0,0,0,0,0,0,0,0,0,0,0,0,0,0,0,0,0,0,9492.032,9104.992,9706.88,9351.584,8724.928,8552,7504.224,6443.04,6409.632,5470.112,5358.592,4638.08,4157.056,3879.36,3513.632,3066.208,2749.888,2549.376,2448.576,2334.592,2222.144,2167.36,2061.152,1922.24,1611.296,1326.24,1126.976,963.456,812.288,768.544,689.344,716.64,764.48,841.184,861.472,991.52,1103.84,1046.016,1067.808,1006.752,931.296,757.344,589.792,493.6,355.072,229.344,182.624,125.792,107.648,86.816,34.528,39.744,21.376,20.64,4.544,4.768,3.264,6.72,3.52,0,0,0,0,0,0,0,0,0,0,0,0,0,0,0,0,0,0,0,0,0,0,0,0,0,0,0,0,0,0,0,0,0,0,0,0,2.74,3.834,5.337,7.744,9.704,11.422,13.749,14.461,14.65,16.918,16.514,18.329,17.8,17.774,18.342,18.295,17.534,17.191,17.382,18.048,18.467,18.75,19.445,19.64,19.364,17.446,15.393,14.357,13.662,12.967,13.47,14.051,15.404,16.579,18.038,18.383,19.597,20.355,19.084,18.437,16.774,15.177,12.364,9.638,7.732,5.589,3.586,2.85,1.836,1.559,1.273,0.499,0.557,0.283,0.268,0.058,0.059,0.04,0.081,0.041,0,0,0,0,0,0
2026-09-02 16:13:00,1,"Normal Scan","Normal Scan",0,"ON",1,1,1,737.9,5,20.4,97.7,59.9,0.0000000690013,0.0000182001,4.97,8954.6,8.8,736.5,1,"Up Scan","Positive",254,0,4.37,1.6,8,8,0,1,1,18.147,34.238,22.832,9.647,2.196,4449.33,57,21.2,NA,0,0,0,0,0,0,0,0,0,0,0,0,0,0,0,0,0,0,0,0,0,0,0,0,0,0,0,0,0,0,0,9694.336,8843.616,8867.68,7869.056,7325.472,7431.904,7161.92,6481.088,5932.992,5953.12,5188.224,4730.112,4502.848,4023.872,3578.752,3550.976,3194.752,2954.752,2749.888,2626.112,2412.864,2376.032,2255.04,2066.112,1843.456,1472.032,1194.656,913.632,876,819.872,750.784,676.256,793.536,783.552,885.248,1009.184,1070.304,1152.8,1139.328,1032.48,956.736,822.72,692.224,514.272,339.136,268.192,166.336,136.736,107.936,56.992,42.848,34.464,20.064,13.312,9.216,6.304,4.928,0,1.728,0,0,0,0,0,0,0,0,0,0,0,0,0,0,0,0,0,0,0,0,0,0,0,0,0,0,0,0,0,0,0,0,0,0,0,0,2.594,3.933,5.165,7.067,8.133,9.546,11.897,13.811,14.72,15.7,17.968,17.762,18.202,19.277,19.063,18.674,20.297,19.944,20.093,20.246,20.774,20.382,21.229,21.294,20.843,19.807,16.991,15.056,13.068,13.651,14.213,14.945,14.965,17.606,17.521,19.029,20.257,20.432,20.68,19.328,17.45,15.41,13.366,10.927,8.021,5.332,4.108,2.519,2.044,1.601,0.814,0.603,0.464,0.283,0.172,0.116,0.079,0.06,0,0.02,0,0.014,0,0,0,0
2026-09-02 16:18:00,1,"Normal Scan","Normal Scan",0,"ON",1,1,1,737.9,5,20.4,97.7,60.7,0.0000000690013,0.0000182001,4.97,8954.6,8.8,736.5,1,"Up Scan","Positive",254,0,4.37,1.6,8,8,0,1,1,18.761,33.81,23,9.647,2.155,4860.23,57,21.2,NA,0,0,0,0,0,0,0,0,0,0,0,0,0,0,0,0,0,0,0,0,0,0,0,0,0,0,0,0,0,0,0,10028.544,9375.712,8547.584,8044.768,7670.08,7322.976,7400.16,7227.808,7139.008,6876.352,6642.176,5831.392,5356.064,4828.096,4165.376,3896.224,3545.6,3289.856,3269.408,3210.144,2823.936,2717.312,2419.456,2319.232,1969.728,1462.944,1250.4,1019.424,851.36,764.288,875.424,783.328,894.432,881.376,1086.528,1050.976,1166.592,1258.944,1108.16,1050.048,871.392,859.52,632.928,484.704,377.824,254.816,200.896,131.808,90.592,72.672,42.624,27.616,17.824,18.784,6.144,14.272,0,1.664,0,0,0,0,0,0,0,0,0,0,0,0,0,0,0,0,0,0,0,0,0,0,0,0,0,0,0,0,0,0,0,0,0,0,0,0,0,2.886,4.095,5.487,6.771,8.348,10,11.808,14.281,16.433,18.833,20.749,22.692,22.354,22.9,22.832,21.745,22.313,22.152,22.332,23.996,25.193,23.649,24.194,22.894,23.192,21.037,17.216,15.896,14.549,13.887,13.984,16.677,16.93,18.767,18.956,21.279,21.004,21.56,22.007,19.208,17.543,14.482,13.646,10.174,7.601,5.868,3.902,3.049,1.963,1.405,1.026,0.585,0.371,0.27,0.242,0.078,0.177,0,0.02,0,0,0.028,0,0,0,0
2026-09-02 16:23:00,1,"Normal Scan","Normal Scan",0,"ON",1,1,1,737.6,5,20,97.7,60.8,0.0000000688815,0.0000181809,4.97,8954.6,8.8,736.5,1,"Up Scan","Positive",254,0,4.37,1.6,8,8,0,1,1,18.027,32.003,21.98,9.647,2.121,5577.53,57,21.1,NA,0,0,0,0,0,0,0,0,0,0,0,0,0,0,0,0,0,0,0,0,0,0,0,0,0,0,0,0,0,0,0,13632.032,11715.712,10683.776,9248.832,8921.184,8405.248,8353.76,8341.184,8523.52,8056.928,7859.808,7088.48,5835.488,5100.416,4604.8,4308.064,3913.12,3767.616,3530.048,3213.6,3013.568,2829.76,2489.024,2159.328,2004.864,1722.528,1325.76,1151.232,1053.92,888.992,982.624,939.68,873.984,978.24,952,1117.696,1168.704,1238.528,1135.104,1135.936,1017.152,835.872,708.928,458.592,345.024,248.928,167.168,129.152,82.72,82.848,44.96,30.784,20.416,15.744,10.688,4.736,1.6,3.36,6.976,0,0,0,0,0,0,0,0,0,0,0,0,0,0,0,0,0,0,0,0,0,0,0,0,0,0,0,0,0,0,0,0,0,0,0,0,3.363,5.564,6.882,8.473,9.57,11.648,13.551,16.112,18.949,22.453,24.298,26.864,27.186,24.953,24.173,24.008,24.647,24.403,25.453,25.723,25.296,25.337,25.241,23.721,21.895,21.647,20.134,16.917,16.122,16.35,15.584,18.068,18.856,18.893,20.505,20.119,21.823,21.918,21.568,19.447,18.633,16.332,13.413,11.289,7.31,5.4,3.841,2.587,1.952,1.205,1.17,0.658,0.446,0.27,0.204,0.136,0.059,0.02,0.04,0.081,0,0,0,0,0,0
2026-09-02 16:28:00,1,"Normal Scan","Normal Scan",0,"ON",1,1,1,737.4,5,19.8,97.7,61,0.0000000688217,0.0000181713,4.97,8954.6,8.8,736.5,1,"Up Scan","Positive",254,0,4.37,1.6,8,8,0,1,1,18.342,32.064,22.092,9.647,2.114,5891.09,57,21,NA,0,0,0,0,0,0,0,0,0,0,0,0,0,0,0,0,0,0,0,0,0,0,0,0,0,0,0,0,0,0,0,15187.872,11811.712,11193.76,9883.168,8886.528,8965.952,8356.128,8484.64,8333.024,7653.376,7405.44,7121.984,6625.184,6020.384,5772.48,5278.752,4798.912,4348.352,4232.192,3694.816,3169.888,2888.064,2537.152,2359.936,2180.128,1763.2,1408.48,1230.4,1037.344,863.808,880.928,864.16,856.128,927.328,1037.824,1061.312,1181.632,1296.192,1212.224,1120.576,1055.68,938.176,711.008,517.888,409.248,264.832,186.592,145.536,104.096,93.12,44.192,34.848,27.2,22.144,6.144,6.272,9.76,1.664,1.728,3.584,0,0,0,0,0,0,0,0,0,0,0,0,0,0,0,0,0,0,0,0,0,0,0,0,0,0,0,0,0,0,0,0,0,0,0,5.014,6.136,6.932,8.883,10.224,11.616,14.474,16.147,19.342,22.001,23.182,25.362,27.371,28.371,28.549,30.045,30.055,29.763,29.267,30.725,29.01,26.619,25.81,24.221,23.796,23.3,20.33,17.769,16.941,16.133,15.296,16.919,18.084,19.195,19.878,21.698,21.742,22.248,22.961,20.985,18.67,17.128,15.038,11.489,8.188,6.383,4.152,2.87,2.19,1.559,1.333,0.622,0.502,0.358,0.287,0.078,0.079,0.119,0.02,0.02,0.041,0,0,0,0,0
2026-09-02 16:33:00,1,"Normal Scan","Normal Scan",0,"ON",1,1,1,737.4,5,19.8,97.7,61,0.0000000688217,0.0000181713,4.97,8954.6,8.8,736.5,1,"Up Scan","Positive",254,0,4.37,1.6,8,8,0,1,1,17.849,33.184,22.335,9.647,2.172,5357.76,57,21,NA,0,0,0,0,0,0,0,0,0,0,0,0,0,0,0,0,0,0,0,0,0,0,0,0,0,0,0,0,0,0,0,13419.104,10650.56,10637.888,9816.672,9049.28,8911.584,8170.336,7473.984,7316.992,6760.032,6530.432,5805.312,5297.28,4917.92,4344.224,4186.624,3879.744,3544.384,3319.2,3075.488,2815.072,2723.104,2473.376,2314.048,2180.736,1700.448,1520.064,1225.856,1059.232,1010.432,953.536,896.928,899.712,924.288,1088.576,1167.168,1182.784,1291.872,1270.528,1157.12,984.736,932.8,725.088,514.88,368.896,277.056,206.592,146.176,100.832,66.496,49.824,40.416,30.176,13.28,9.184,4.8,8.224,1.696,5.184,0,0,0,0,0,0,0,0,0,0,0,0,0,0,0,0,0,0,0,0,0,0,0,0,0,0,0,0,0,0,0,0,0,0,0,0,4.091,5.49,6.222,8.464,10.17,11.822,14.311,15.755,17.006,19.306,20.407,22.361,22.313,22.683,23.303,22.687,23.899,24.181,24.024,24.354,24.354,23.787,24.508,23.673,23.483,23.453,19.833,19.079,16.98,16.586,17.26,18.006,18.682,19.63,20.221,21.96,23.173,22.441,22.696,21.525,19.377,16.137,15.105,11.46,8.113,5.833,4.352,3.137,2.167,1.49,0.989,0.744,0.544,0.415,0.172,0.116,0.059,0.099,0.02,0.061,0,0.014,0,0,0,0
2026-09-02 16:38:00,1,"Normal Scan","Normal Scan",0,"ON",1,1,1,737.9,5,20.4,97.7,61.3,0.0000000690013,0.0000182001,4.97,8954.6,8.8,736.5,1,"Up Scan","Positive",254,0,4.37,1.6,8,8,0,1,1,18.29,33.073,22.556,9.647,2.147,5252.56,57,21.1,NA,0,0,0,0,0,0,0,0,0,0,0,0,0,0,0,0,0,0,0,0,0,0,0,0,0,0,0,0,0,0,0,11309.344,10698.72,9653.472,9438.272,8505.472,8450.752,8110.944,7766.784,7467.872,7074.944,6529.76,5957.504,5521.472,5085.44,4769.088,4405.152,3949.12,3800.864,3117.184,2970.624,2808.288,2680.896,2526.4,2345.504,2068.096,1708.736,1399.616,1133.984,1098.784,929.28,872.256,948.352,894.048,992.096,1078.016,1158.208,1292.096,1223.936,1111.904,1092.32,948.736,828.224,661.312,488.352,361.216,252.8,166.112,126.976,81.92,66.08,50.112,28.992,13.088,22.08,12.32,7.904,8.128,8.416,3.456,0,0,0,0,0,0,0,0,0,0,0,0,0,0,0,0,0,0,0,0,0,0,0,0,0,0,0,0,0,0,0,0,0,0,0,0,3.166,4.518,6.304,7.704,9.722,11.13,13.544,15.639,17.661,19.698,21.375,22.325,22.861,23.648,24.009,24.801,25.101,24.586,25.678,22.897,23.486,23.731,24.047,23.994,23.786,22.263,19.819,17.812,16.028,16.873,16.49,17.094,19.083,18.703,20.602,21.557,22.371,23.421,21.491,19.123,18.045,15.279,13.31,10.574,7.744,5.638,3.896,2.589,1.937,1.269,1.006,0.733,0.39,0.188,0.287,0.155,0.098,0.099,0.101,0.041,0,0.014,0,0,0,0
2026-09-02 16:43:00,1,"Normal Scan","Normal Scan",0,"ON",1,1,1,737.8,5,20.3,97.7,61.6,0.0000000689713,0.0000181953,4.97,8954.6,8.8,736.5,1,"Up Scan","Positive",254,0,4.37,1.6,8,8,0,1,1,17.9,31.077,21.592,9.647,2.084,5996.13,57,21.1,NA,0,0,0,0,0,0,0,0,0,0,0,0,0,0,0,0,0,0,0,0,0,0,0,0,0,0,0,0,0,0,0,14188.768,12404.064,11258.912,10865.888,10040.544,9835.968,9302.336,9169.216,8225.12,8137.728,7890.72,7628.928,6999.904,6328.896,5710.528,5129.856,4603.808,4043.872,3727.328,3279.04,3030.592,2767.04,2419.68,2263.008,1989.12,1678.912,1504.064,1122.208,927.552,928.128,858.4,865.024,838.176,930.944,1035.136,1038.432,1050.368,1202.208,1153.28,1076.96,994.848,871.232,752.256,531.52,383.232,247.136,185.664,147.936,105.312,60.96,46.016,40.032,23.232,5.856,15.296,1.568,6.528,5.088,0,1.824,0,0,0,0,0,0,0,0,0,0,0,0,0,0,0,0,0,0,0,0,0,0,0,0,0,0,0,0,0,0,0,0,0,0,0,4.05,5.689,7.285,8.973,11.23,13.08,15.754,17.931,20.866,21.727,24.611,27.031,29.284,29.89,29.904,29.646,29.16,28.523,27.229,27.139,25.763,25.453,24.82,23.001,22.85,21.409,19.466,18.67,15.781,14.719,15.882,16.468,17.592,18.373,19.669,21.328,20.924,20.64,21.552,19.8,17.979,16.264,14.063,11.777,8.358,5.999,3.868,2.777,2.229,1.525,0.9,0.658,0.538,0.339,0.076,0.194,0.02,0.08,0.06,0,0.021,0.014,0,0,0,0
2026-09-02 16:48:00,1,"Normal Scan","Normal Scan",0,"ON",1,1,1,737.6,5,20.1,97.7,61.4,0.0000000689115,0.0000181857,4.97,8954.6,8.8,736.5,1,"Up Scan","Positive",254,0,4.37,1.6,8,8,0,1,1,15.551,26.859,19.06,9.647,2.012,8107.47,57,21.1,NA,0,0,0,0,0,0,0,0,0,0,0,0,0,0,0,0,0,0,0,0,0,0,0,0,0,0,0,0,0,0,0,31335.264,24652.928,19376.512,16057.28,13802.752,12143.52,11048.32,10560.224,10524.224,9585.568,9118.016,8445.888,8202.752,7595.648,6987.744,6450.496,5766.208,5068.576,4270.912,3748.8,3375.968,2864.992,2637.312,2398.176,2135.712,1752.608,1476.512,1253.888,1014.432,889.12,793.888,856.224,920.352,1001.408,1071.552,1211.84,1213.728,1304.8,1205.12,1105.28,949.952,836.16,708.352,502.368,373.216,251.008,189.728,140.352,100.992,53.888,44.608,26.208,13.088,10.336,5.312,4.064,1.632,1.696,1.728,0,0,0,0,0,0,0,0,0,0,0,0,0,0,0,0,0,0,0,0,0,0,0,0,0,0,0,0,0,0,0,0,0,0,0,0,10.857,12.623,14.342,15.401,16.586,17.957,19.548,21.334,24.046,27.805,28.921,31.246,32.467,35.079,35.863,36.254,36.571,35.563,33.982,31.022,29.338,28.26,25.701,25.075,24.168,22.818,20.243,18.549,17.363,16.084,15.886,16.109,18,19.787,20.846,21.484,23.132,22.703,22.834,20.493,18.209,15.546,13.428,11.127,7.893,5.721,3.808,2.831,2.058,1.477,0.766,0.64,0.353,0.207,0.134,0.067,0.05,0.02,0.02,0.02,0,0.028,0,0,0,0
2026-09-02 16:53:00,1,"Normal Scan","Normal Scan",0,"ON",1,1,1,737.5,5,19.9,97.7,61.4,0.0000000688516,0.0000181761,4.97,8954.6,8.8,736.5,1,"Up Scan","Positive",254,0,4.37,1.6,8,8,0,1,1,16.191,28.42,19.924,9.647,2.054,7049.21,57,21,NA,0,0,0,0,0,0,0,0,0,0,0,0,0,0,0,0,0,0,0,0,0,0,0,0,0,0,0,0,0,0,0,24920.8,18892.256,16518.624,13419.424,12457.856,10578.144,10021.024,8791.744,8856.032,8151.2,7598.432,7118.528,6973.664,6560.224,6009.312,5741.536,5569.44,4928.096,4465.376,3983.488,3436.544,3008.416,2697.088,2381.568,1994.24,1712.768,1423.104,1144.128,962.528,883.2,886.048,789.184,854.4,875.232,1085.12,1086.688,1144.16,1294.752,1097.184,1080.864,1008.928,839.552,657.856,527.584,341.088,231.648,183.264,120.64,86.976,72.32,29.728,22.304,14.528,20.672,4.608,3.168,0,8.48,6.944,1.792,0,0,0,0,0,0,0,0,0,0,0,0,0,0,0,0,0,0,0,0,0,0,0,0,0,0,0,0,0,0,0,0,0,0,0,8.118,10.073,11.053,13.144,13.893,16.223,16.977,19.327,20.023,23.416,24.651,26.051,27.447,29.888,31.106,31.36,32.699,34.432,33.071,32.346,31.035,28.72,26.821,25.485,23.966,21.479,19.815,17.774,15.945,15.068,15.624,17.021,16.835,18.557,18.833,21.978,21.349,21.449,22.635,18.693,17.891,16.297,13.321,10.512,8.179,5.24,3.542,2.893,1.778,1.276,1.026,0.512,0.334,0.226,0.268,0.058,0.039,0,0.101,0.081,0.02,0.028,0,0,0,0
2026-09-02 16:58:00,1,"Normal Scan","Normal Scan",0,"ON",1,1,1,737.4,5,19.8,97.7,61.4,0.0000000688217,0.0000181713,4.97,8954.6,8.8,736.5,1,"Up Scan","Positive",254,0,4.37,1.6,8,8,0,1,1,17.379,29.374,20.848,9.647,2.035,6787.12,57,20.9,NA,0,0,0,0,0,0,0,0,0,0,0,0,0,0,0,0,0,0,0,0,0,0,0,0,0,0,0,0,0,0,0,17327.808,14969.152,13658.688,12521.76,11382.624,11288.704,10974.368,10095.2,9604.416,9364.288,8898.528,8016.384,7499.456,6751.36,6292.544,6087.232,5377.472,4992.8,4136,3822.144,3255.232,2956.32,2568.064,2498.848,2010.944,1839.936,1363.744,1110.944,1012.128,933.92,907.072,911.296,975.584,970.624,1097.856,1133.344,1165.312,1216.576,1137.76,1108.576,890.464,784.224,660.832,447.552,362.912,226.464,170.464,108.032,99.872,74.848,49.696,28.64,17.216,8.832,9.152,3.2,0,3.424,3.488,3.552,0,0,0,0,0,0,0,0,0,0,0,0,0,0,0,0,0,0,0,0,0,0,0,0,0,0,0,0,0,0,0,0,0,0,0,6.144,6.984,8.781,10.881,13.014,14.866,18.194,21.175,22.956,25.374,28.254,30.48,30.774,32.08,31.952,32.692,34.581,33.278,33.431,30.096,29.864,27.324,26.359,24.356,25.146,21.705,21.285,17.375,15.75,16.043,16.309,17.229,18.373,20.001,20.227,21.545,21.634,21.631,21.098,19.526,18.163,14.483,12.613,10.478,7.179,5.636,3.472,2.576,1.635,1.439,1.039,0.737,0.409,0.245,0.115,0.116,0.039,0,0.04,0.041,0.041,0,0,0,0,0
2026-09-02 17:03:00,1,"Normal Scan","Normal Scan",0,"ON",1,1,1,737.9,5,20.5,97.7,61.2,0.0000000690312,0.0000182049,4.97,8954.6,8.8,736.5,1,"Up Scan","Positive",254,0,4.37,1.6,8,8,0,1,1,16.736,28.333,20.23,9.647,2.014,7219.86,57,21.1,NA,0,0,0,0,0,0,0,0,0,0,0,0,0,0,0,0,0,0,0,0,0,0,0,0,0,0,0,0,0,0,0,19679.84,16048.672,14941.824,14554.176,13421.44,12797.376,11721.952,10914.144,10023.04,9694.624,9937.504,8956.416,8358.176,7184.352,5945.216,5431.136,4727.264,4474.688,3818.016,3477.76,3258.592,2895.36,2689.632,2438.176,2059.168,1806.848,1514.688,1419.2,1203.328,1050.752,1001.44,1020.096,982.848,1025.792,1079.424,1220.768,1169.536,1127.712,1094.24,1012.768,934.272,763.424,597.184,436.032,333.44,247.456,162.368,120.736,92.096,64.256,36.992,26.464,20.128,5.888,0,4.8,3.264,3.904,2.976,1.792,0,0,0,0,0,0,0,0,0,0,0,0,0,0,0,0,0,0,0,0,0,0,0,0,0,0,0,0,0,0,0,0,0,0,0,6.281,7.892,9.376,11.936,15.109,17.5,20.561,22.605,24.815,26.406,29.269,33.939,34.31,35.639,33.876,30.847,30.89,29.32,30.067,27.846,27.301,27.365,26.009,25.766,24.811,22.399,21.106,19.306,19.312,18.221,17.89,18.366,19.583,19.633,20.39,21.5,22.805,21.18,19.75,18.632,16.82,15.123,12.348,9.479,6.801,5.186,3.808,2.417,1.732,1.37,0.911,0.567,0.371,0.283,0.076,0,0.059,0.04,0.046,0.035,0.021,0.014,0,0,0,0
2026-09-02 17:08:00,1,"Normal Scan","Normal Scan",0,"ON",1,1,1,737.8,5,20.3,97.7,61.5,0.0000000689713,0.0000181953,4.97,8954.6,8.8,736.5,1,"Up Scan","Positive",254,0,4.37,1.6,8,8,0,1,1,15.777,26.215,19.097,9.647,1.963,8538.13,56,21.1,NA,0,0,0,0,0,0,0,0,0,0,0,0,0,0,0,0,0,0,0,0,0,0,0,0,0,0,0,0,0,0,0,27276.48,23555.008,19771.712,17271.36,15754.848,15212.928,13627.968,12934.912,12637.504,10972.16,10177.728,8939.616,8467.104,7966.592,6905.248,6444.256,5816.928,5186.528,4526.496,3915.744,3482.016,3029.6,2704.096,2498.56,2209.184,1823.936,1704.096,1378.304,1289.856,1231.936,1105.184,1062.624,1101.28,1037.728,1165.12,1153.696,1176.768,1102.72,1042.976,1012.928,855.072,739.968,535.84,427.552,283.36,213.088,150.656,104.736,70.592,56.192,24.448,26.4,16.352,17.696,4.576,4.736,6.528,3.36,5.216,0,0,0,0,0,0,0,0,0,0,0,0,0,0,0,0,0,0,0,0,0,0,0,0,0,0,0,0,0,0,0,0,0,0,0,0,8.024,11.028,13.732,15.713,17.843,20.498,24.453,26.268,29.411,33.305,33.115,34.794,34.346,36.189,37.612,35.846,36.6,35.908,34.763,32.822,30.652,29.188,27.337,25.889,25.555,24.135,21.494,21.446,19.066,19.375,19.922,19.751,19.879,20.92,20.479,22.146,21.508,20.922,19.239,17.519,16.488,13.823,11.742,8.612,6.571,4.455,3.332,2.344,1.538,1.098,0.846,0.366,0.371,0.264,0.229,0.058,0.059,0.08,0.04,0.061,0,0.042,0,0,0,0
2026-09-02 17:13:00,1,"Normal Scan","Normal Scan",0,"ON",1,1,1,737.6,5,20,97.7,61.2,0.0000000688815,0.0000181809,4.97,8954.6,8.8,736.5,1,"Up Scan","Positive",254,0,4.37,1.6,8,8,0,1,1,15.413,25.315,18.647,9.647,1.935,9060.39,57,21.1,NA,0,0,0,0,0,0,0,0,0,0,0,0,0,0,0,0,0,0,0,0,0,0,0,0,0,0,0,0,0,0,0,30628.736,26392.032,20972.896,19404.128,17900.288,15878.368,13749.184,13373.536,13037.312,11674.752,10687.168,9629.92,8878.048,8435.2,7455.776,6527.328,5718.752,5119.68,4429.728,4154.144,3618.016,3131.2,2624.32,2469.568,2250.848,1955.456,1690.464,1505.952,1328.512,1257.12,1167.616,1132.288,1100.608,1034.432,1216.288,1154.24,1069.28,1039.424,1009.664,863.424,790.816,662.816,456.672,368.256,253.888,207.328,130.048,97.6,81.376,83.456,32.384,17.92,27.584,14.272,12.192,4.736,8.224,8.384,7.04,1.792,0,0,0,0,0,0,0,0,0,0,0,0,0,0,0,0,0,0,0,0,0,0,0,0,0,0,0,0,0,0,0,0,0,0,0,10.222,12.398,15.444,16.632,20.129,23.353,25.477,26.488,30.435,34.388,35.29,36.568,36.983,37.984,39.794,38.72,37.063,35.333,34.287,32.134,32.494,30.359,28.152,25.323,25.311,24.665,22.997,21.484,20.463,19.692,20.442,20.012,20.366,20.555,19.648,22.238,21.042,18.793,18.055,16.797,14.5,12.589,10.766,7.609,5.916,3.942,3.366,2.031,1.534,1.187,1.289,0.483,0.297,0.364,0.185,0.155,0.059,0.099,0.101,0.081,0.02,0,0,0,0,0
2026-09-02 17:18:00,1,"Normal Scan","Normal Scan",0,"ON",1,1,1,737.5,5,19.9,97.7,61.2,0.0000000688516,0.0000181761,4.97,8954.6,8.8,736.5,1,"Up Scan","Positive",254,0,4.37,1.6,8,8,0,1,1,15.342,23.561,18.027,9.647,1.851,10998.2,57,21,NA,0,0,0,0,0,0,0,0,0,0,0,0,0,0,0,0,0,0,0,0,0,0,0,0,0,0,0,0,0,0,0,39154.624,31883.36,25567.552,23292.064,20691.392,19163.136,17303.648,16824.736,15471.52,14103.584,13867.552,13307.68,12028.672,11553.728,10331.648,8665.44,7697.056,6373.152,5475.904,4462.368,3756.16,3085.056,2782.528,2346.88,2078.144,1855.136,1669.856,1345.536,1260.32,1216.96,1091.648,1068.672,1015.648,1127.264,1021.856,1093.568,1065.696,1030.432,853.408,881.376,763.04,613.088,482.688,301.312,230.784,195.712,125.92,96.416,61.184,57.664,47.648,34.08,17.28,16.32,10.688,9.504,8.16,3.424,0,1.792,0,0,0,0,0,0,0,0,0,0,0,0,0,0,0,0,0,0,0,0,0,0,0,0,0,0,0,0,0,0,0,0,0,0,0,13.53,15.798,18.66,20.246,24.09,26.938,30.798,33.366,38.261,40.84,42.623,47.422,51.056,51.39,54.429,53.392,48.944,47.227,42.501,39.372,34.641,31.4,27.731,26.557,24.089,22.779,21.814,20.962,18.615,18.884,19.298,19.105,19.312,18.874,20.746,19.277,19.876,18.824,17.402,14.314,14.605,12.44,9.845,7.739,4.967,3.8,3.053,1.974,1.497,0.974,0.849,0.68,0.477,0.245,0.21,0.136,0.118,0.099,0.04,0,0.02,0.014,0,0,0,0
2026-09-02 17:23:00,1,"Normal Scan","Normal Scan",0,"ON",1,1,1,737.5,5,19.9,97.7,61,0.0000000688516,0.0000181761,4.97,8954.6,8.8,736.5,1,"Up Scan","Positive",254,0,4.37,1.6,8,8,0,1,1,14.56,23.792,17.675,9.647,1.896,9613.27,57,21,NA,0,0,0,0,0,0,0,0,0,0,0,0,0,0,0,0,0,0,0,0,0,0,0,0,0,0,0,0,0,0,0,36536.736,31130.176,25509.28,20884.704,19378.208,17154.304,15638.592,14703.104,13223.616,12126.464,10883.072,10262.912,8890.272,7982.88,6978.272,6256.8,5253.216,4606.272,4046.624,3364.384,2941.696,2647.552,2351.104,2276.064,1957.312,1816.96,1649.632,1463.04,1261.216,1231.456,1065.152,978.08,927.296,1101.376,1072.384,1003.808,1037.312,1016.832,915.328,868.16,781.024,669.568,465.696,380.032,231.072,162.336,143.84,98.08,80.352,71.712,49.696,22.144,21.696,28.096,10.72,3.2,6.56,0,3.456,3.584,0,0,0,0,0,0,0,0,0,0,0,0,0,0,0,0,0,0,0,0,0,0,0,0,0,0,0,0,0,0,0,0,0,0,0,11.731,14.825,18.266,20.215,21.651,25.29,27.575,30.147,33.367,34.822,36.577,37.21,39.292,37.929,37.629,36.124,35.395,32.391,30.844,29.363,26.374,24.892,24.022,22.857,23.414,21.604,21.235,20.601,19.766,18.866,19.606,18.328,18.196,17.961,20.461,20.193,18.894,18.479,17.563,15.34,14.361,12.648,10.777,7.751,6.196,3.639,2.61,2.332,1.517,1.197,1.035,0.713,0.316,0.32,0.363,0.136,0.039,0.08,0,0.041,0.041,0.014,0,0,0,0
2026-09-02 17:28:00,1,"Normal Scan","Normal Scan",0,"ON",1,1,1,738,5,20.6,97.7,61.2,0.0000000690611,0.0000182097,4.97,8954.6,8.8,736.5,1,"Up Scan","Positive",254,0,4.37,1.6,8,8,0,1,1,14.22,23.533,17.427,9.647,1.895,9281.4,57,21.2,NA,0,0,0,0,0,0,0,0,0,0,0,0,0,0,0,0,0,0,0,0,0,0,0,0,0,0,0,0,0,0,0,34475.2,30873.344,25278.656,22642.528,19482.24,17889.344,16012.64,14351.04,13153.216,10978.976,9856.448,9080.288,7735.008,7009.792,6133.824,5292.864,4676.704,4035.264,3403.776,2952.544,2668.224,2507.936,2337.536,2146.624,1902.4,1805.408,1642.112,1394.912,1247.68,1148.32,1020.896,1023.104,1042.56,941.888,1021.856,1055.712,970.592,947.872,904.512,845.696,751.36,620.256,471.84,341.728,267.52,178.528,150.016,79.04,67.2,43.776,41.856,33.856,12.992,16.16,7.648,11.04,6.528,3.36,8.672,1.792,0,0,0,0,0,0,0,0,0,0,0,0,0,0,0,0,0,0,0,0,0,0,0,0,0,0,0,0,0,0,0,0,0,0,0,10.943,14.005,18.007,20.066,23.377,25.349,28.655,30.86,32.56,34.62,33.101,33.644,34.738,33.002,33.01,31.761,29.977,28.896,27.105,24.815,23.287,22.693,22.808,22.608,22.13,20.971,21.084,20.671,18.996,18.3,18.46,17.678,18.484,19.262,18.232,19.271,19.38,17.419,16.448,15.342,13.924,12.236,9.885,7.489,5.56,4.31,2.783,2.348,1.254,1.038,0.672,0.64,0.483,0.188,0.21,0.097,0.137,0.08,0.04,0.102,0.021,0.014,0,0,0,0
2026-09-02 17:33:00,1,"Normal Scan","Normal Scan",0,"ON",1,1,1,737.8,5,20.3,97.7,61.4,0.0000000689713,0.0000181953,4.97,8954.6,8.8,736.5,1,"Up Scan","Positive",254,0,4.37,1.6,8,8,0,1,1,14.052,23.326,17.201,9.647,1.889,9677.29,56,21.2,NA,0,0,0,0,0,0,0,0,0,0,0,0,0,0,0,0,0,0,0,0,0,0,0,0,0,0,0,0,0,0,0,34238.976,32396.32,28610.336,24369.792,21396.96,19428.992,17818.08,15332,13390.944,11836.16,10350.656,9160.256,7960.576,6773.056,5885.696,4957.408,4290.912,3910.944,3096.864,2938.048,2433.824,2340.832,2179.616,1946.432,1865.088,1766.976,1643.232,1484.192,1230.208,1098.816,982.72,963.2,983.232,1046.464,1148.928,1044.48,1092.576,1046.88,952.992,945.344,709.472,585.984,520.16,387.712,318.144,198.112,144.768,121.056,106.88,77.92,53.696,37.44,21.44,16.192,6.08,15.744,3.264,5.024,1.728,3.584,0,0,0,0,0,0,0,0,0,0,0,0,0,0,0,0,0,0,0,0,0,0,0,0,0,0,0,0,0,0,0,0,0,0,0,9.531,13.88,18.915,22.735,25.09,27.822,31.193,34.255,34.808,35.246,35.639,35.342,35.064,33.922,31.875,30.484,28.083,26.543,26.247,22.611,23.147,20.791,21.443,21.294,20.187,20.527,20.664,20.459,20.213,18.51,18.017,17.624,18.191,18.83,20.192,20.992,19.187,19.579,18.372,16.506,15.583,11.851,9.806,8.483,6.421,5.079,3.135,2.25,1.863,1.595,1.134,0.751,0.537,0.302,0.21,0.078,0.196,0.04,0.06,0.02,0.041,0.014,0,0,0,0
2026-09-02 17:38:00,1,"Normal Scan","Normal Scan",0,"ON",1,1,1,737.6,5,20,97.7,61.1,0.0000000688815,0.0000181809,4.97,8954.6,8.8,736.5,1,"Up Scan","Positive",254,0,4.37,1.6,8,8,0,1,1,14.283,23.727,17.483,9.647,1.9,9927.19,57,21.1,NA,0,0,0,0,0,0,0,0,0,0,0,0,0,0,0,0,0,0,0,0,0,0,0,0,0,0,0,0,0,0,0,37023.296,31550.656,26747.52,24924.672,21290.24,18334.08,16483.328,15185.024,14243.936,13209.824,11187.04,9883.136,8586.016,7706.432,6498.752,5582.272,4634.944,4044.32,3568.032,2964.864,2641.408,2483.36,2316.16,2239.936,2109.888,2022.144,1835.968,1524.48,1511.136,1375.936,1161.504,1186.048,1196.448,1160.736,1100.768,1055.104,1006.24,938.08,903.456,796.384,736.288,628.864,447.296,384.96,298.976,202.272,149.344,125.568,122.144,129.76,57.856,64.96,37.472,17.728,16.704,14.208,6.528,8.48,3.456,3.584,0,0,0,0,0,0,0,0,0,0,0,0,0,0,0,0,0,0,0,0,0,0,0,0,0,0,0,0,0,0,0,0,0,0,0,10.203,14.987,18.436,21.277,25.674,27.711,29.412,31.783,34.507,37.569,39.847,38.213,37.816,36.602,36.283,33.574,31.607,28.631,27.179,26.06,23.519,22.679,22.777,22.688,23.445,23.396,23.585,23.193,21.023,21.691,21.492,19.651,20.452,21.307,21.091,20.446,19.512,17.979,16.821,15.868,13.735,12.244,10.655,7.986,6.428,5.102,3.36,2.417,1.926,1.86,1.854,0.878,0.891,0.528,0.229,0.213,0.177,0.08,0.101,0.041,0.041,0.014,0,0,0,0
2026-09-02 17:43:00,1,"Normal Scan","Normal Scan",0,"ON",1,1,1,737.4,5,19.8,97.7,61.2,0.0000000688217,0.0000181713,4.97,8954.6,8.8,736.5,1,"Up Scan","Positive",254,0,4.37,1.6,8,8,0,1,1,15.289,27.394,19.035,9.647,2.017,11816.2,57,21,NA,0,0,0,0,0,0,0,0,0,0,0,0,0,0,0,0,0,0,0,0,0,0,0,0,0,0,0,0,0,0,0,32575.424,29504.608,29100.032,29436.352,26137.6,23118.72,21613.024,18984.384,18172.928,16667.744,14345.984,12222.752,11000.256,9712.192,8612.256,7022.144,5945.664,5333.824,4656.096,4168.576,3641.6,3191.872,2983.616,2712.032,2488.416,2310.912,2277.92,2081.728,1811.328,1725.952,1706.048,2033.056,2160.64,2149.792,1857.536,1664.352,1605.28,1545.056,1504.96,1376.544,1321.632,1203.68,938.176,817.408,581.856,511.424,359.552,244.416,207.648,160.928,116.704,124.288,90.24,69.568,66.976,60.416,35.872,16.864,17.408,14.208,0,0,0,0,0,0,0,0,0,0,0,0,0,0,0,0,0,0,0,0,0,0,0,0,0,0,0,0,0,0,0,0,0,0,0,9.622,13.157,17.293,23.227,30.51,34.093,37.122,41.654,43.093,47.941,50.255,49.001,46.782,46.88,45.759,44.573,39.802,36.742,35.797,33.885,32.759,30.893,29.315,29.172,28.451,28.063,28.158,30.295,30.28,28.486,28.681,29.391,35.067,38.205,38.604,35.181,32.587,30.693,29.023,27.421,24.794,22.895,20.414,16.027,13.668,10.097,8.612,6.004,4.278,3.512,2.575,1.751,1.774,1.392,0.899,0.851,0.751,0.436,0.201,0.204,0.163,0.11,0,0,0,0
2026-09-02 17:48:00,1,"Normal Scan","Normal Scan",0,"ON",1,1,1,737.3,5,19.7,97.7,61.2,0.0000000687918,0.0000181665,4.97,8954.6,8.8,736.5,1,"Up Scan","Positive",254,0,4.37,1.6,8,8,0,1,1,14.912,24.153,18.185,9.647,1.886,13898.2,57,20.9,NA,0,0,0,0,0,0,0,0,0,0,0,0,0,0,0,0,0,0,0,0,0,0,0,0,0,0,0,0,0,0,0,41469.28,39164.704,36832.224,33609.824,31303.04,27161.696,23964.864,21907.808,19943.392,17537.472,15065.92,13019.008,11886.464,10383.52,9536.128,8783.744,8151.328,7425.248,7395.36,6884.128,6527.36,5661.28,4697.728,3908.32,3389.408,2949.504,2427.776,2148.928,2001.408,1801.472,1572.128,1583.648,1528.032,1466.048,1392.48,1470.464,1310.016,1236.704,1140.096,1030.112,907.84,727.68,581.888,463.648,317.312,247.456,185.536,151.424,121.76,93.504,86.976,55.744,37.568,44.32,19.808,14.208,6.528,6.752,1.76,3.584,0,0,0,0,0,0,0,0,0,0,0,0,0,0,0,0,0,0,0,0,0,0,0,0,0,0,0,0,0,0,0,0,0,0,0,12.133,16.841,23.014,29.356,34.773,40.788,43.674,46.252,49.737,52.541,52.886,51.463,50.01,50.81,49.282,49.774,50.319,50.768,50.091,53.624,53.567,54.331,50.251,44.712,39.937,36.825,34.218,30.574,29.16,28.7,28.083,26.317,27.258,27.078,26.565,25.606,26.151,23.331,21.604,19.493,17.489,15.128,12.251,9.822,7.744,5.331,4.04,3.109,2.383,1.878,1.351,1.226,0.799,0.566,0.574,0.252,0.177,0.08,0.081,0.02,0.041,0.055,0,0,0,0
2026-09-02 17:53:00,1,"Normal Scan","Normal Scan",0,"ON",1,1,1,737.9,5,20.4,97.7,61.4,0.0000000690013,0.0000182001,4.97,8954.6,8.8,736.5,1,"Up Scan","Positive",254,0,4.37,1.6,8,8,0,1,1,18.492,25.737,20.211,9.647,1.832,20998.7,57,21.1,NA,0,0,0,0,0,0,0,0,0,0,0,0,0,0,0,0,0,0,0,0,0,0,0,0,0,0,0,0,0,0,0,46806.56,40904.864,38935.392,37923.808,34871.328,31682.336,31366.464,27938.784,29306.688,30910.72,31216.992,30889.056,29609.632,28537.888,27098.912,24353.312,22223.296,19631.36,16769.312,14547.008,11592.16,8971.424,6998.176,5271.84,4275.68,3750.432,3176.448,2813.856,2405.472,2121.216,1727.424,1710.56,1764,1854.88,2353.568,2513.088,2577.792,2175.744,1899.424,1395.04,1104.896,969.024,715.84,578.816,435.392,280.864,224.672,155.936,156.224,122.144,83.36,72.608,52.544,50.176,32,18.912,9.792,10.08,8.704,5.344,0,0,0,0,0,0,0,0,0,0,0,0,0,0,0,0,0,0,0,0,0,0,0,0,0,0,0,0,0,0,0,0,0,0,0,12.819,18.87,23.885,31.073,39.159,45.439,50.964,60.459,63.754,77.581,93.665,107.004,118.808,126.782,134.793,140.498,137.799,136.367,130.135,119.551,111.309,95.253,78.927,65.965,53.38,46.103,43.03,39.514,37.854,36.17,36.158,33.506,33.86,34.479,34.432,40.281,42.404,42.449,36.022,31.424,22.95,18.48,16.042,12.163,9.587,7.162,4.705,3.767,2.544,2.338,1.826,1.217,1.042,0.695,0.65,0.407,0.236,0.119,0.121,0.102,0.062,0,0,0,0,0
2026-09-02 17:58:00,1,"Normal Scan","Normal Scan",0,"ON",1,1,1,737.7,5,20.2,97.7,61.8,0.0000000689414,0.0000181905,4.97,8954.6,8.8,736.5,1,"Up Scan","Positive",254,0,4.37,1.6,8,8,0,1,1,18.172,27.246,20.889,9.647,1.906,21609,57,21.1,NA,0,0,0,0,0,0,0,0,0,0,0,0,0,0,0,0,0,0,0,0,0,0,0,0,0,0,0,0,0,0,0,44775.872,43658.624,40129.984,40840.064,36153.632,34561.088,33294.56,32700.096,31162.24,29741.504,27347.232,26114.24,25111.808,23636.736,22722.976,21252.128,21147.072,19736.704,18334.912,15605.088,13378.464,10972.96,8855.392,7107.52,6211.648,5855.104,5321.664,4887.424,4249.216,4189.632,3960.16,3676.448,3335.232,3014.336,2755.392,2267.392,2009.664,1898.304,1839.168,1632.544,1475.136,1215.52,947.712,685.408,496.448,311.456,277.12,179.136,137.504,82.4,74.88,56.256,27.072,26.592,16.768,9.376,13.088,6.144,4.192,1.792,0,0,0,0,0,0,0,0,0,0,0,0,0,0,0,0,0,0,0,0,0,0,0,0,0,0,0,0,0,0,0,0,0,0,0,11.785,18.111,25.63,31.997,42.207,47.156,55.59,64.184,74.459,82.3,89.892,93.748,100.551,107.824,112.36,118.465,121.156,130.55,131.647,131.511,120.509,111.286,98.077,85.182,73.595,69.198,69.568,66.837,65.06,60.417,61.048,59.875,58.039,55.04,51.487,48.143,40.656,35.852,32.963,30.67,26.74,23.929,19.498,15.068,10.961,7.867,4.893,4.297,2.759,2.073,1.224,1.097,0.78,0.452,0.344,0.213,0.118,0.159,0.072,0.049,0.021,0.077,0,0,0,0
2026-09-02 18:03:00,1,"Normal Scan","Normal Scan",0,"ON",1,1,1,737.5,5,19.9,97.7,61.7,0.0000000688516,0.0000181761,4.97,8954.6,8.8,736.5,1,"Up Scan","Positive",254,0,4.37,1.6,8,8,0,1,1,18.101,23.504,19.577,9.647,1.712,24051.4,57,20.9,NA,0,0,0,0,0,0,0,0,0,0,0,0,0,0,0,0,0,0,0,0,0,0,0,0,0,0,0,0,0,0,0,44070.24,42289.728,43131.52,43141.28,41926.656,41166.112,40466.496,40286.208,39399.04,38707.104,36800.288,35113.792,34005.344,32767.776,30700.032,29360.672,25910.624,23431.232,20992.096,17224.512,13751.648,10192.384,7396.096,4913.792,3550.912,2895.648,2356.512,2295.648,2152.544,2100.544,2075.2,1927.456,1827.968,1579.744,1336.064,1215.616,1122.432,1067.264,957.12,866.944,774.528,597.536,429.344,354.336,226.528,204.032,167.744,115.2,78.848,60.704,43.264,29.216,24.288,21.696,9.664,14.272,9.824,8.448,0,3.584,0,0,0,0,0,0,0,0,0,0,0,0,0,0,0,0,0,0,0,0,0,0,0,0,0,0,0,0,0,0,0,0,0,0,0,12.009,17.91,24.808,34.423,44.775,54.829,66.303,78.141,91.716,104.126,117.115,126.255,135.157,145.758,155.192,159.438,166.134,158.926,155.046,148.81,130.85,111.759,88.553,68.987,49.707,39.101,34.584,30.496,31.207,30.467,30.885,31.492,30.774,29.936,26.986,23.687,21.555,19.477,18.213,16.022,14.514,12.954,9.7,7.055,5.767,3.757,3.258,2.625,1.78,1.254,0.936,0.622,0.427,0.32,0.281,0.123,0.177,0.119,0.101,0,0.041,0,0,0,0,0
2026-09-02 18:08:00,1,"Normal Scan","Normal Scan",0,"ON",1,1,1,737.3,5,19.6,97.7,61.7,0.0000000687619,0.0000181617,4.97,8954.6,8.8,736.5,1,"Up Scan","Positive",254,0,4.37,1.6,8,8,0,1,1,18.155,23.434,19.563,9.647,1.706,21650.3,57,20.8,NA,0,0,0,0,0,0,0,0,0,0,0,0,0,0,0,0,0,0,0,0,0,0,0,0,0,0,0,0,0,0,0,40124.64,37661.568,37767.104,38004.48,38378.08,36274.368,35746.304,36217.088,36424.48,36072.672,34584.864,32463.392,30604.416,29459.488,27698.336,26173.12,23499.296,21345.28,18314.72,14798.624,11523.68,8688.96,6493.152,4880.576,3614.944,2984.512,2577.568,2228.032,1898.688,1861.76,1565.952,1440.928,1394.752,1386.72,1326.912,1151.008,1000.736,919.744,779.808,705.76,583.68,482.048,430.784,292.576,230.144,208.704,141.088,106.144,79.488,64.288,51.456,20.8,20.224,16.448,13.568,15.776,8.16,5.056,1.728,1.792,0,0,0,0,0,0,0,0,0,0,0,0,0,0,0,0,0,0,0,0,0,0,0,0,0,0,0,0,0,0,0,0,0,0,0,11.276,16.394,22.096,30.225,39.445,50.205,58.441,69.142,82.51,96.319,109.271,118.536,124.918,131.208,139.438,143.742,147.969,144.028,141.095,130.223,112.732,94.168,76.054,60.82,48.961,39.152,34.495,31.746,29.487,27.284,27.575,24.602,23.532,23.365,23.349,22.486,19.939,17.677,15.719,13.427,12.105,9.918,8.07,7.11,4.927,3.694,3.306,2.209,1.678,1.258,0.973,0.732,0.297,0.302,0.213,0.172,0.197,0.099,0.06,0.02,0.02,0.027,0,0,0,0
2026-09-02 18:13:00,1,"Normal Scan","Normal Scan",0,"ON",1,1,1,737.7,5,20.2,97.7,61.3,0.0000000689414,0.0000181905,4.97,8954.6,8.8,736.5,1,"Up Scan","Positive",254,0,4.37,1.6,8,8,0,1,1,17.114,22.091,18.617,9.647,1.67,19274.3,57,21,NA,0,0,0,0,0,0,0,0,0,0,0,0,0,0,0,0,0,0,0,0,0,0,0,0,0,0,0,0,0,0,0,37373.632,35960.384,35107.68,36092.288,36910.976,36383.68,36932.256,37027.68,36940.736,36422.112,32075.552,27978.656,24435.36,23925.056,22247.488,20840.128,17895.488,14527.872,11969.12,9976.928,7848.672,6418.464,4634.08,3387.648,2677.408,2286.304,2026.432,1879.264,1621.856,1575.296,1388.416,1264.768,1063.424,1047.456,848.288,880.736,778.336,707.36,623.84,603.232,525.248,418.624,312.992,224.416,194.464,137.984,86.592,77.472,47.776,42.72,34.816,30.592,20,14.752,9.152,9.504,3.232,0,0,1.792,0,0,0,0,0,0,0,0,0,0,0,0,0,0,0,0,0,0,0,0,0,0,0,0,0,0,0,0,0,0,0,0,0,0,0,10.307,15.088,21.119,28.012,37.44,48.175,58.545,71.236,84.233,97.412,109.901,109.744,107.345,104.462,112.755,115.04,117.429,109.48,96.096,85.094,76.181,64.274,56.259,43.778,34.391,29.371,26.631,25.222,24.472,22.507,22.681,21.398,20.095,18.024,17.974,15.351,15.5,13.516,12.12,10.73,9.974,8.529,6.891,5.104,3.693,3.218,2.203,1.394,1.194,0.768,0.596,0.475,0.427,0.264,0.191,0.116,0.118,0.04,0,0,0.021,0,0,0,0,0
2026-09-02 18:18:00,1,"Normal Scan","Normal Scan",0,"ON",1,1,1,737.8,5,20.3,97.7,61.8,0.0000000689713,0.0000181953,4.97,8954.6,8.8,736.5,1,"Up Scan","Positive",254,0,4.37,1.6,8,8,0,1,1,18.524,23.224,19.662,10.366,1.68,19134.4,56,21.1,NA,0,0,0,0,0,0,0,0,0,0,0,0,0,0,0,0,0,0,0,0,0,0,0,0,0,0,0,0,0,0,0,33357.856,33389.408,32036.736,30899.168,31306.72,30293.152,31864.512,32416.608,32608.064,32715.904,31455.648,30142.752,28986.656,27667.36,26257.344,24061.568,22260.192,19520.096,17074.656,13929.088,10642.528,7433.664,5226.144,3694.848,2793.312,2209.184,1838.528,1758.592,1655.392,1467.872,1230.112,1199.36,1131.04,1066.624,1014.592,883.616,854.88,749.44,711.872,600.288,429.856,391.36,245.056,240.288,137.888,101.248,86.816,72.544,53.312,42.528,25.472,19.968,14.528,8.832,9.152,9.44,1.632,0,3.52,3.552,0,0,0,0,0,0,0,0,0,0,0,0,0,0,0,0,0,0,0,0,0,0,0,0,0,0,0,0,0,0,0,0,0,0,0,9.81,13.469,19.577,25.466,31.981,40.903,48.75,61.541,73.944,86.216,98.995,107.825,115.907,124.116,130.818,136.108,136.005,136.068,128.709,120.843,105.778,86.356,64.687,48.93,37.29,30.3,25.626,23.082,23.366,23.2,21.686,19.606,19.415,19.018,18.35,17.081,15.214,14.178,12.705,11.528,9.782,7.153,6.427,4.07,3.866,2.29,1.631,1.359,1.167,0.832,0.594,0.347,0.334,0.226,0.115,0.116,0.118,0.02,0,0.041,0.041,0.028,0,0,0,0
2026-09-02 18:23:00,1,"Normal Scan","Normal Scan",0,"ON",1,1,1,737.6,5,20,97.7,61.4,0.0000000688815,0.0000181809,4.97,8954.6,8.8,736.5,1,"Up Scan","Positive",254,0,4.37,1.6,8,8,0,1,1,17.395,22.52,18.897,11.971,1.691,15368,56,21,NA,0,0,0,0,0,0,0,0,0,0,0,0,0,0,0,0,0,0,0,0,0,0,0,0,0,0,0,0,0,0,0,30473.056,29535.2,30256.128,30493.92,29840.704,27833.76,27232.64,24278.24,23556.192,22962.08,22068.16,22343.168,21226.784,22228.736,21863.712,19371.68,16159.808,13420,10730.528,8151.456,6538.656,4895.168,3753.12,2977.92,2210.208,1819.616,1553.664,1463.488,1486.88,1420.928,1180.16,1113.248,998.016,882.24,807.52,726.592,670.592,629.344,560.832,425.024,330.144,332.832,245.664,169.6,150.144,116.288,90.208,58.72,45.888,25.952,24.928,16.192,4.288,4.416,9.12,6.272,1.6,0,5.216,0,0,0,0,0,0,0,0,0,0,0,0,0,0,0,0,0,0,0,0,0,0,0,0,0,0,0,0,0,0,0,0,0,0,0,0,9.252,12.385,17.297,24.131,31.606,38.996,44.707,52.528,55.231,62.264,69.606,75.824,85.982,90.893,104.87,112.777,108.979,98.6,88.555,76.259,62.237,53.481,42.978,35.451,30.25,24.437,21.511,19.611,19.477,20.613,20.287,18.118,17.643,16.487,14.858,13.576,12.636,11.52,10.586,9.352,7.169,5.614,5.446,3.939,2.819,2.392,1.737,1.389,0.923,0.691,0.36,0.384,0.223,0.057,0.057,0.116,0.079,0.02,0,0.061,0,0,0,0,0,0
2026-09-02 18:28:00,1,"Normal Scan","Normal Scan",0,"ON",1,1,1,737.5,5,19.9,97.7,60.9,0.0000000688516,0.0000181761,4.97,8954.6,8.8,736.5,1,"Up Scan","Positive",254,0,4.37,1.6,8,8,0,1,1,18.797,25.456,20.332,11.14,1.792,15621.2,55,20.9,NA,0,0,0,0,0,0,0,0,0,0,0,0,0,0,0,0,0,0,0,0,0,0,0,0,0,0,0,0,0,0,0,28452.096,27839.456,28723.744,26476.48,26337.28,25017.984,23388.288,23213.056,23039.872,23096.608,23631.232,23313.664,23649.92,22735.68,21273.28,19474.208,17740.288,15152.576,12515.456,10050.144,8040.096,6689.44,5543.136,4646.496,3798.144,2913.696,2341.216,2018.592,1883.456,1607.776,1408.32,1219.072,1106.784,1035.488,1010.88,1006.368,1025.12,1156.864,1225.056,1136.512,979.584,672.768,570.528,324.704,273.824,219.488,206.08,144.992,108,104.416,69.056,69.44,52.8,42.816,36.736,33.184,14.72,6.72,10.464,3.584,0,0,0,0,0,0,0,0,0,0,0,0,0,0,0,0,0,0,0,0,0,0,0,0,0,0,0,0,0,0,0,0,0,0,0,8.179,11.502,16.373,22.913,27.5,34.472,40.217,45.223,52.942,61.031,70.053,81.175,89.783,101.256,107.369,110.103,109.946,108.682,100.53,89.58,77.44,66.292,58.855,52.096,46.613,40.549,33.221,28.678,26.234,26.203,24.168,22.877,22.011,21.533,21.269,20.55,19.25,19.158,19.68,20.252,19.159,16.251,11.446,9.683,5.833,4.855,3.807,3.441,2.479,1.777,1.578,1.04,0.984,0.716,0.555,0.465,0.413,0.179,0.081,0.122,0.041,0.014,0,0,0,0
2026-09-02 18:33:00,1,"Normal Scan","Normal Scan",0,"ON",1,1,1,737.9,5,20.5,97.7,60.4,0.0000000690312,0.0000182049,4.97,8954.6,8.8,736.5,1,"Up Scan","Positive",254,0,4.37,1.6,8,8,0,1,1,17.363,22.728,19.135,15.963,1.649,22970.7,55,21.1,NA,0,0,0,0,0,0,0,0,0,0,0,0,0,0,0,0,0,0,0,0,0,0,0,0,0,0,0,0,0,0,0,32525.28,29644.32,28084.32,30633.664,38169.44,46857.024,61583.456,65238.976,53466.432,43392.832,38217.44,37153.024,35977.312,32681.664,28729.6,23674.496,19408.384,16261.152,14367.68,11996.576,8434.496,5445.952,3163.36,2376.992,1824.704,1531.52,1290.176,1177.44,1033.472,987.52,1557.632,1765.792,1839.424,2173.536,2414.88,2377.792,1901.888,1455.072,914.656,746.016,518.464,369.12,312.16,213.696,204.064,157.984,153.792,147.072,207.84,112.288,85.888,40.704,23.712,14.72,4.64,4.736,5.248,4.736,5.248,0,0,0,0,0,0,0,0,0,0,0,0,0,0,0,0,0,0,0,0,0,0,0,0,0,0,0,0,0,0,0,0,0,0,0,0,8.959,13.207,17.298,22.429,31.858,49.935,75.802,118.948,147.998,140.653,130.852,130.567,142.492,153.203,153.688,148.234,133.199,118.224,106.764,101.321,90.676,68.29,47.239,29.791,24.103,20.477,19.822,19.15,19.482,20.316,21.377,28.515,30.636,29.942,34.027,37.135,36.367,29.779,23.267,15.618,12.658,9.166,7.211,6.056,4.073,3.473,2.595,2.357,2.16,2.993,1.609,1.225,0.568,0.346,0.191,0.058,0.059,0.064,0.056,0.061,0,0.028,0,0,0,0
2026-09-02 18:38:00,1,"Normal Scan","Normal Scan",0,"ON",1,1,1,737.8,5,20.3,97.7,60.3,0.0000000689713,0.0000181953,4.97,8954.6,8.8,736.5,1,"Up Scan","Positive",254,0,4.37,1.6,8,8,0,1,1,19.069,24.324,20.186,9.647,1.724,11498.7,54,21.1,NA,0,0,0,0,0,0,0,0,0,0,0,0,0,0,0,0,0,0,0,0,0,0,0,0,0,0,0,0,0,0,0,22116.608,19661.056,18804.032,18722.816,17120.768,17628.672,17717.856,17160.8,17583.936,18191.168,17508.448,16585.184,16221.504,16633.376,16237.088,15973.952,16192.384,14544.128,12745.376,9512.16,6004.544,3969.888,2652.832,2121.44,1648.8,1274.464,1099.36,1123.552,1136.352,1011.328,1069.856,1039.84,1014.688,878.048,791.648,635.232,549.184,526.72,467.136,394.176,317.536,263.616,246.4,163.392,161.568,134.592,95.136,76.672,58.336,52,35.104,20.704,14.976,11.744,12.288,12.608,3.232,5.056,1.728,1.824,0,0,0,0,0,0,0,0,0,0,0,0,0,0,0,0,0,0,0,0,0,0,0,0,0,0,0,0,0,0,0,0,0,0,0,6.342,8.937,11.537,14.961,19.35,22.372,28.293,34.261,39.089,46.513,55.141,60.132,64.023,69.826,79.007,84.339,90.101,98.59,95.439,89.867,71.985,48.751,34.666,25.15,21.704,18.327,15.624,14.598,15.555,16.237,15.219,16.197,16.255,16.118,14.561,13.325,11.041,9.807,9.105,8.34,6.876,5.734,4.507,4.156,2.918,2.64,2.158,1.487,1.259,0.939,0.756,0.512,0.279,0.226,0.153,0.155,0.157,0.04,0.06,0.02,0.021,0.028,0,0,0,0
2026-09-02 18:43:00,1,"Normal Scan","Normal Scan",0,"ON",1,1,1,737.6,5,20,97.7,59.6,0.0000000688815,0.0000181809,4.97,8954.6,8.8,736.5,1,"Up Scan","Positive",254,0,4.37,1.6,8,8,0,1,1,19.769,25.18,20.664,18.434,1.73,9504.6,53,21,NA,0,0,0,0,0,0,0,0,0,0,0,0,0,0,0,0,0,0,0,0,0,0,0,0,0,0,0,0,0,0,0,15561.12,14696,14927.616,13072.768,12890.656,13068.8,13940.736,15132,15221.792,16337.696,15929.888,15927.456,16300.384,15966.016,15580.192,14608.864,12197.568,10393.184,8591.264,6559.136,4929.6,3561.856,2439.808,1731.552,1323.136,1035.008,1018.944,993.312,1014.336,940.736,853.184,775.776,725.536,597.76,641.344,546.496,530.688,529.28,500.608,473.088,355.36,302.976,277.856,229.152,171.744,144.704,115.456,125.632,80.256,76.192,61.312,34.272,23.808,20.672,19.808,17.408,13.024,5.088,1.76,5.408,0,0,0,0,0,0,0,0,0,0,0,0,0,0,0,0,0,0,0,0,0,0,0,0,0,0,0,0,0,0,0,0,0,0,0,4.473,6.275,8.596,11.904,13.526,16.853,21.063,27.027,34.521,40.323,49.549,54.75,61.349,69.792,75.374,80.483,82.236,74.459,68.388,60.713,49.809,40.062,31.169,23.073,17.845,14.795,12.648,13.028,13.297,14.179,13.919,13.33,12.867,12.71,11.246,11.613,10.105,9.93,9.762,8.974,8.381,6.626,5.51,4.936,4.183,2.989,2.427,1.903,2.012,1.382,1.116,0.878,0.501,0.415,0.268,0.252,0.216,0.159,0.06,0.02,0.061,0.069,0,0,0,0
2026-09-02 18:48:00,1,"Normal Scan","Normal Scan",0,"ON",1,1,1,737.4,5,19.8,97.7,59.2,0.0000000688217,0.0000181713,4.97,8954.6,8.8,736.5,1,"Up Scan","Positive",254,0,4.37,1.6,8,8,0,1,1,22.332,30.926,23.621,28.387,1.939,5843.03,53,20.9,NA,0,0,0,0,0,0,0,0,0,0,0,0,0,0,0,0,0,0,0,0,0,0,0,0,0,0,0,0,0,0,0,9657.952,8812,7731.36,7757.472,7462.24,8438.816,8731.104,8524.16,8192.96,6856.256,5532.864,5018.112,5097.28,5449.568,8468.704,10736.96,10501.344,9108.288,6670.624,5544.096,4402.464,3521.056,2605.568,2157.824,1774.368,1678.176,1440.608,1434.464,1321.024,1386.624,1193.952,1065.088,935.008,975.328,876.736,947.776,941.248,845.248,748.544,554.176,439.904,321.824,209.536,173.632,147.424,147.616,97.6,79.04,73.536,56.608,37.056,19.904,18.752,13.248,9.12,6.304,13.056,8.416,5.248,1.792,0,0,0,0,0,0,0,0,0,0,0,0,0,0,0,0,0,0,0,0,0,0,0,0,0,0,0,0,0,0,0,0,0,0,0,3.186,3.921,5.203,6.163,8.047,9.748,13.609,16.82,19.344,21.638,20.789,19.297,19.775,22.393,26.268,44.251,60.755,64.236,60.12,47.583,42.52,36.415,31.217,25.116,22.406,20,20.066,18.392,19.316,19.001,20.526,19.385,18.265,16.721,16.631,15.241,15.815,15.234,13.762,12.363,9.404,7.45,5.524,3.837,2.973,2.452,2.425,1.572,1.231,1.187,0.882,0.549,0.316,0.283,0.172,0.116,0.079,0.159,0.101,0.061,0.02,0.041,0,0,0,0
2026-09-02 18:53:00,1,"Normal Scan","Normal Scan",0,"ON",1,1,1,737.6,5,20,97.7,58.4,0.0000000688815,0.0000181809,4.97,8954.6,8.8,736.5,1,"Up Scan","Positive",254,0,4.37,1.6,8,8,0,1,1,23.289,28.535,23.054,26.416,1.813,7102.62,53,21,NA,0,0,0,0,0,0,0,0,0,0,0,0,0,0,0,0,0,0,0,0,0,0,0,0,0,0,0,0,0,0,0,12086.912,11361.728,9546.208,9163.712,8269.76,7433.44,6213.536,5980.16,5840.896,6954.528,9366.912,11743.488,13212.224,13683.808,13988.992,13567.424,12711.296,10898.976,8716.576,6775.552,4914.912,3390.688,2384.032,1923.04,1618.208,1381.824,1266.816,1045.536,1045.088,1108.768,1064.16,1107.296,995.04,922.24,925.184,890.144,748.128,623.168,621.824,444.704,323.968,233.152,167.392,174.336,100.832,76.928,65.984,55.2,34.592,23.84,32.352,14.08,14.24,11.776,3.04,1.6,6.592,1.696,5.248,0,0,0,0,0,0,0,0,0,0,0,0,0,0,0,0,0,0,0,0,0,0,0,0,0,0,0,0,0,0,0,0,0,0,0,0,3.507,4.931,6.651,7.606,9.489,10.83,11.938,12.066,13.722,15.674,21.373,32.569,45.573,56.828,64.823,72.438,76.44,77.483,71.668,61.711,51.598,40.237,29.895,22.625,19.854,18.111,16.817,16.579,14.776,15.532,17.243,16.961,17.623,16.647,15.354,15.059,14.257,12.033,10.384,9.9,7.308,5.374,3.922,2.812,2.871,1.651,1.302,1.08,0.81,0.514,0.396,0.476,0.204,0.189,0.153,0.039,0.02,0.08,0.02,0.061,0,0,0,0,0,0
2026-09-02 18:58:00,1,"Normal Scan","Normal Scan",0,"ON",1,1,1,737.9,5,20.4,97.7,58.5,0.0000000690013,0.0000182001,4.97,8954.6,8.8,736.5,1,"Up Scan","Positive",254,0,4.37,1.6,8,8,0,1,1,20.55,25.764,21.258,22.876,1.737,6587.54,53,21.1,NA,0,0,0,0,0,0,0,0,0,0,0,0,0,0,0,0,0,0,0,0,0,0,0,0,0,0,0,0,0,0,0,10620.768,9727.264,8741.76,8016.896,8659.104,8868.704,9504.896,9234.624,9636,10540.96,11836.416,12687.52,13702.048,12043.456,10243.168,9035.104,7752.512,6530.432,5392.384,4593.76,3879.36,3103.488,2397.088,1964.544,1449.728,1238.912,975.584,882.336,775.2,738.272,674.176,576.896,577.152,534.848,512.416,515.392,427.456,444.864,380.256,278.72,227.392,185.152,156.96,110.336,86.368,83.36,61.216,44.896,44.736,23.136,28.256,22.048,11.68,10.304,7.616,0,1.632,1.696,0,0,0,0,0,0,0,0,0,0,0,0,0,0,0,0,0,0,0,0,0,0,0,0,0,0,0,0,0,0,0,0,0,0,0,0,0,2.895,4.296,5.713,6.94,8.329,11.338,14.278,18.382,21.061,25.609,32.075,40.617,48.698,58.381,56.644,52.904,51.006,47.526,43.322,38.569,35.201,31.842,27.22,22.494,19.727,15.72,14.356,12.121,11.643,11.104,11.134,10.495,9.745,9.846,9.111,8.736,8.694,7.358,7.417,6.374,4.783,3.982,3.209,2.608,1.958,1.493,1.351,0.992,0.685,0.667,0.324,0.402,0.297,0.188,0.134,0.097,0,0.02,0.02,0,0,0.028,0,0,0,0
2026-09-02 19:03:00,1,"Normal Scan","Normal Scan",0,"ON",1,1,1,737.6,5,20.1,97.7,58.2,0.0000000689115,0.0000181857,4.97,8954.6,8.8,736.5,1,"Up Scan","Positive",254,0,4.37,1.6,8,8,0,1,1,20.645,25.683,21.481,19.81,1.712,8200.18,52,21.1,NA,0,0,0,0,0,0,0,0,0,0,0,0,0,0,0,0,0,0,0,0,0,0,0,0,0,0,0,0,0,0,0,11141.984,11059.04,10439.36,10914.688,10532.32,10626.496,11844.32,12671.712,13538.336,13642.272,13946.496,13489.792,13918.08,13089.536,12810.816,12417.088,11588.512,10609.856,9062.496,7650.624,6039.84,4124.032,2876.576,1901.888,1318.944,1091.584,964.224,848.544,807.648,750.496,742.272,722.176,650.848,603.264,608.032,539.2,477.056,422.624,392.544,282.56,248.992,191.168,166.688,134.08,115.52,96.64,66.144,61.504,56.608,33.824,18.08,15.104,9.312,7.36,4.608,4.736,4.928,3.424,3.488,5.408,0,0,0,0,0,0,0,0,0,0,0,0,0,0,0,0,0,0,0,0,0,0,0,0,0,0,0,0,0,0,0,0,0,0,0,3.27,4.556,6.458,8.339,11.331,13.803,17.17,22.907,28.92,35.844,41.361,47.926,52.032,59.771,62.041,66.56,70.323,70.9,70.005,64.09,57.94,48.907,35.808,26.796,19.171,14.457,12.965,12.333,11.637,11.607,11.419,11.604,11.596,10.943,10.16,10.188,9.106,8.158,7.325,6.776,5.005,4.346,3.391,2.877,2.233,1.871,1.55,1.064,0.959,0.85,0.504,0.311,0.204,0.188,0.096,0.058,0.059,0.06,0.04,0.041,0.062,0.014,0,0,0,0
2026-09-02 19:08:00,1,"Normal Scan","Normal Scan",0,"ON",1,1,1,737.6,5,20.1,97.7,57.5,0.0000000689115,0.0000181857,4.97,8954.6,8.8,736.5,1,"Up Scan","Positive",254,0,4.37,1.6,8,8,0,1,1,21.268,25.971,21.664,24.582,1.725,7812.6,53,21,NA,0,0,0,0,0,0,0,0,0,0,0,0,0,0,0,0,0,0,0,0,0,0,0,0,0,0,0,0,0,0,0,10281.888,10529.632,10979.744,11235.04,11340.032,10264.576,10243.328,10511.36,10871.2,11313.504,11557.92,12521.408,13515.648,13571.648,13542.432,13084.704,12206.048,10252.64,8638.176,7155.232,5119.808,3617.12,2412.992,1790.336,1519.808,1311.36,1056.608,1068.16,966.784,855.008,834.368,751.84,700.064,576.064,556.896,560.16,510.976,435.424,324.32,308.928,230.304,181.184,158.368,107.36,113.76,78.976,57.344,46.048,26.944,22.528,21.824,17.984,12.672,10.336,6.144,6.304,4.928,3.36,3.456,0,0,0,0,0,0,0,0,0,0,0,0,0,0,0,0,0,0,0,0,0,0,0,0,0,0,0,0,0,0,0,0,0,0,0,0,2.927,4.182,6.137,8.772,11.655,14.763,16.504,19.804,24.038,28.83,34.396,39.851,48.455,58.074,64.232,70.202,73.806,74.47,67.492,61.125,54.372,41.776,31.654,22.866,18.373,16.644,15.345,13.487,14.049,13.374,12.651,12.85,12.017,11.407,9.76,9.367,9.295,8.509,7.246,5.742,5.197,3.966,3.084,2.609,1.838,1.892,1.332,0.926,0.732,0.443,0.378,0.329,0.241,0.17,0.134,0.078,0.079,0.06,0.04,0.041,0,0.014,0,0,0,0
2026-09-02 19:13:00,1,"Normal Scan","Normal Scan",0,"ON",1,1,1,738,5,20.6,97.7,57.4,0.0000000690611,0.0000182097,4.97,8954.6,8.8,736.5,1,"Up Scan","Positive",254,0,4.37,1.6,8,8,0,1,1,19.347,26.409,21.155,10.366,1.821,6094.08,52,21.2,NA,0,0,0,0,0,0,0,0,0,0,0,0,0,0,0,0,0,0,0,0,0,0,0,0,0,0,0,0,0,0,0,11107.648,11154.112,9815.648,9723.296,10121.888,9861.568,9100.416,8600.352,8664.384,8036.768,8362.4,7008.096,6480.608,7263.36,8277.664,8370.272,8062.944,7205.056,6217.504,5310.464,4522.336,3522.4,2755.68,2096.16,1690.528,1340.704,1073.664,936.864,875.648,809.344,737.984,688.704,637.504,623.488,594.912,628.16,518.624,444.192,414.656,329.088,222.816,186.272,142.624,92.16,84.928,75.936,44.384,38.464,31.232,36,15.584,17.984,4.384,7.36,10.784,9.536,1.632,3.392,0,0,0,0,0,0,0,0,0,0,0,0,0,0,0,0,0,0,0,0,0,0,0,0,0,0,0,0,0,0,0,0,0,0,0,0,0,2.989,4.481,6.556,7.788,10.029,13.216,15.876,17.484,19.562,22.846,24.357,28.714,27.137,28.041,34.611,43.111,47.474,49.535,47.812,44.38,40.693,37.026,30.83,25.79,21.08,18.291,15.513,13.469,12.559,12.446,12.345,11.804,11.265,10.853,10.49,9.77,10.254,8.508,7.254,6.832,5.468,3.76,3.099,2.467,1.596,1.474,1.182,0.72,0.645,0.531,0.522,0.238,0.241,0.075,0.096,0.136,0.118,0.02,0.04,0,0,0.014,0,0,0,0
2026-09-02 19:18:00,1,"Normal Scan","Normal Scan",0,"ON",1,1,1,737.8,5,20.3,97.7,57.3,0.0000000689713,0.0000181953,4.97,8954.6,8.8,736.5,1,"Up Scan","Positive",254,0,4.37,1.6,8,8,0,1,1,19.048,26.254,20.737,9.647,1.835,5461.55,52,21.2,NA,0,0,0,0,0,0,0,0,0,0,0,0,0,0,0,0,0,0,0,0,0,0,0,0,0,0,0,0,0,0,0,12478.848,10066.72,9232.384,8895.2,8386.176,7748.512,7698.784,7337.6,7507.008,8507.872,8538.56,7601.728,6583.424,6498.208,6962.144,6935.104,6445.472,6443.744,5875.328,4234.912,2967.712,2370.72,1818.208,1434.816,1164.896,976.608,924,908.032,833.984,769.76,742.624,682.784,645.312,574.528,637.888,584.8,476.096,443.968,374.368,284.032,238.656,181.472,146.944,132.928,80.416,89.792,84.736,51.776,41.984,26.464,23.424,20.704,17.088,8.832,12.192,9.504,6.496,3.424,0,0,0,0,0,0,0,0,0,0,0,0,0,0,0,0,0,0,0,0,0,0,0,0,0,0,0,0,0,0,0,0,0,0,0,0,0,3.385,5.042,5.84,7.319,9.219,10.96,12.468,14.836,16.696,19.846,25.781,29.277,29.303,28.38,30.982,36.2,39.186,39.483,42.579,41.655,32.34,24.416,20.95,17.45,14.753,12.993,11.757,11.792,12.254,11.921,11.789,11.652,11.145,10.817,9.686,10.498,9.656,8.072,7.543,6.307,5.018,4.184,3.289,2.496,2.236,1.476,1.484,1.337,0.836,0.708,0.378,0.347,0.279,0.226,0.115,0.155,0.118,0.08,0.04,0,0,0,0,0,0,0
2026-09-02 19:23:00,1,"Normal Scan","Normal Scan",0,"ON",1,1,1,737.6,5,20,97.7,57,0.0000000688815,0.0000181809,4.97,8954.6,8.8,736.5,1,"Up Scan","Positive",254,0,4.37,1.6,8,8,0,1,1,19.323,24.261,20.164,9.647,1.723,8424.41,52,21.1,NA,0,0,0,0,0,0,0,0,0,0,0,0,0,0,0,0,0,0,0,0,0,0,0,0,0,0,0,0,0,0,0,16831.104,16430.4,13366.4,13045.184,12048,11915.648,11339.008,11917.152,12841.952,13257.504,12758.048,12964.992,13189.888,13340.96,13050.56,11707.104,11059.296,10447.872,8654.752,6065.6,4466.336,3178.016,2154.016,1467.328,1221.504,1044.224,966.24,863.168,901.6,862.4,731.744,651.68,607.328,596.864,531.776,506.272,440.192,387.008,336.384,268.416,219.232,191.872,160.064,132.928,110.304,74.08,59.904,40.96,29.792,35.2,14.4,27.552,28.96,13.28,9.12,4.736,6.56,6.72,1.728,0,0,0,0,0,0,0,0,0,0,0,0,0,0,0,0,0,0,0,0,0,0,0,0,0,0,0,0,0,0,0,0,0,0,0,0,6.03,6.809,9.638,10.589,13.475,15.707,19.207,21.959,27.197,34.068,40.204,43.845,50.024,56.651,63.219,67.487,66.011,67.462,68.665,61.028,46.046,36.376,27.809,20.35,15.22,13.677,12.363,12.148,11.636,12.628,12.556,11.381,10.46,10.042,9.999,8.907,8.589,7.567,6.714,5.827,4.698,3.817,3.343,2.71,2.28,1.908,1.422,1.029,0.645,0.513,0.558,0.238,0.371,0.434,0.172,0.116,0.059,0.08,0.081,0.02,0,0.041,0,0,0,0
2026-09-02 19:28:00,1,"Normal Scan","Normal Scan",0,"ON",1,1,1,737.4,5,19.8,97.7,56.9,0.0000000688217,0.0000181713,4.97,8954.6,8.8,736.5,1,"Up Scan","Positive",254,0,4.37,1.6,8,8,0,1,1,21.154,26.908,22.022,26.416,1.775,6736.42,52,21,NA,0,0,0,0,0,0,0,0,0,0,0,0,0,0,0,0,0,0,0,0,0,0,0,0,0,0,0,0,0,0,0,10113.504,9681.088,9487.168,8391.232,9486.208,9107.136,9202.304,9351.264,9287.712,9953.152,10000.736,9415.04,9934.336,10401.312,11044.992,10743.232,10131.712,8717.536,7570.688,6291.424,4797.056,3595.232,2591.712,1961.088,1597.568,1372.224,1252.416,1126.368,987.904,932.672,826.592,808.48,735.904,727.808,646.464,641.472,504.8,447.072,374.528,275.84,249.6,164.832,122.912,93.664,95.744,76.224,57.792,42.752,39.776,26.496,18.112,13.824,14.368,10.4,9.184,7.904,3.232,1.696,1.728,0,0,0,0,0,0,0,0,0,0,0,0,0,0,0,0,0,0,0,0,0,0,0,0,0,0,0,0,0,0,0,0,0,0,0,0,3.04,4.121,5.654,7.564,8.697,12.393,14.649,17.817,21.313,24.683,30.205,34.473,36.422,42.772,49.403,57.418,60.76,62.061,57.569,53.814,48.005,39.274,31.616,24.562,20.042,17.483,16.136,15.702,14.96,14.053,13.885,12.863,12.872,11.826,11.719,10.609,10.345,8.225,7.37,6.303,4.763,4.169,2.937,2.11,1.686,1.572,1.248,0.96,0.715,0.64,0.371,0.28,0.186,0.207,0.134,0.116,0.098,0.04,0.02,0.02,0,0.014,0,0,0,0
2026-09-02 19:33:00,1,"Normal Scan","Normal Scan",0,"ON",1,1,1,737.3,5,19.7,97.7,57.1,0.0000000687918,0.0000181665,4.97,8954.6,8.8,736.5,1,"Up Scan","Positive",254,0,4.37,1.6,8,8,0,1,1,19.858,26.879,21.427,9.647,1.825,5983.95,53,20.9,NA,0,0,0,0,0,0,0,0,0,0,0,0,0,0,0,0,0,0,0,0,0,0,0,0,0,0,0,0,0,0,0,10386.656,9809.568,8761.12,9040.672,8779.456,9453.824,9258.176,9386.4,8247.456,8272.256,8420.416,9863.744,9834.88,8599.712,7343.52,6719.232,6000.288,6380.608,5777.984,4735.008,3984.32,3215.104,2282.624,1857.152,1571.296,1412.576,1291.552,1268.096,1172.096,1023.584,933.216,838.88,877.504,724.352,671.2,606.912,539.52,390.304,354.432,286.56,233.184,158.4,126.528,136.864,87.168,98.304,52.608,72.384,41.344,26.368,21.184,13.952,14.176,13.568,1.536,6.304,6.528,0,1.728,1.792,0,0,0,0,0,0,0,0,0,0,0,0,0,0,0,0,0,0,0,0,0,0,0,0,0,0,0,0,0,0,0,0,0,0,0,3.081,4.22,5.741,7.058,9.387,11.455,15.198,17.935,21.415,21.857,25.063,28.943,37.954,42.088,40.71,38.22,38.221,37.086,42.354,41.228,36.368,32.853,28.507,21.984,19.237,17.486,16.64,16.338,16.821,16.093,15.051,14.238,13.055,13.665,11.722,10.929,9.853,8.798,6.828,6.01,5.011,4.111,2.852,2.283,2.265,1.448,1.603,0.875,1.087,0.649,0.4,0.307,0.204,0.204,0.176,0.019,0.079,0.08,0,0.02,0.02,0.014,0,0,0,0
2026-09-02 19:38:00,1,"Normal Scan","Normal Scan",0,"ON",1,1,1,737.7,5,20.2,97.7,56.8,0.0000000689414,0.0000181905,4.97,8954.6,8.8,736.5,1,"Up Scan","Positive",254,0,4.37,1.6,8,8,0,1,1,21.768,27.265,22.146,24.582,1.786,6609.42,53,21,NA,0,0,0,0,0,0,0,0,0,0,0,0,0,0,0,0,0,0,0,0,0,0,0,0,0,0,0,0,0,0,0,10575.008,8833.312,9064.032,9003.168,8897.728,9253.024,8727.904,8603.84,8368.128,8446.304,8325.152,9621.312,11196.448,12390.72,10486.56,10530.784,11050.272,9631.968,7289.472,5469.984,4131.456,2983.84,2306.784,1870.176,1495.072,1334.88,1084.64,1049.536,973.312,946.304,882.784,911.616,783.584,734.304,731.968,621.184,572.448,391.392,339.168,330.112,229.216,194.272,162.08,127.936,128.832,80.384,81.056,61.344,55.936,36.8,28.512,21.568,11.968,17.696,9.088,0,4.864,5.056,3.488,1.792,0,0,0,0,0,0,0,0,0,0,0,0,0,0,0,0,0,0,0,0,0,0,0,0,0,0,0,0,0,0,0,0,0,0,0,3.065,4.232,5.2,7.224,9.329,11.653,14.852,16.867,19.666,22.231,25.684,28.76,37.366,48.249,58.506,54.342,59.425,67.369,63.384,51.71,41.78,33.917,26.311,21.972,19.141,16.544,15.905,14.01,14.314,13.965,14.069,13.744,14.135,12.397,11.994,11.935,10.26,9.539,6.894,6,5.728,4.148,3.495,2.9,2.195,2.147,1.359,1.371,0.932,0.877,0.55,0.422,0.323,0.226,0.229,0.116,0,0.06,0.06,0.041,0.021,0.055,0,0,0,0
2026-09-02 19:43:00,1,"Normal Scan","Normal Scan",0,"ON",1,1,1,737.7,5,20.2,97.7,57.4,0.0000000689414,0.0000181905,4.97,8954.6,8.8,736.5,1,"Up Scan","Positive",254,0,4.37,1.6,8,8,0,1,1,20.293,27.375,21.281,9.647,1.863,5599.47,52,21.1,NA,0,0,0,0,0,0,0,0,0,0,0,0,0,0,0,0,0,0,0,0,0,0,0,0,0,0,0,0,0,0,0,12470.752,10951.552,9860.192,9055.36,8130.72,6801.088,7507.968,7122.176,6844.928,6151.936,5717.632,6674.656,6740.8,7041.376,10346.784,10381.696,8736.896,6886.4,5577.472,4232.384,3668.64,2758.08,1952.032,1420.352,1032.992,904.8,795.136,734.88,765.088,703.136,700.512,717.92,667.392,643.36,587.456,533.536,458.464,375.84,313.12,311.04,296.672,251.904,265.92,218.592,203.712,142.24,118.112,98.24,84.48,49.248,26.496,34.848,34.176,25.088,18.24,9.536,9.088,9.184,5.184,5.408,0,0,0,0,0,0,0,0,0,0,0,0,0,0,0,0,0,0,0,0,0,0,0,0,0,0,0,0,0,0,0,0,0,0,0,3.988,5.067,6.378,7.816,9.358,10.609,10.939,14.451,16.234,18.061,18.789,19.908,25.952,29.111,33.564,53.532,58.443,53.309,45.425,39.565,32.267,29.905,24.117,18.39,14.56,11.558,11.035,10.436,10.333,11.139,10.877,11.031,11.536,10.908,10.916,10.462,9.654,8.77,7.435,6.333,6.026,5.437,4.821,4.606,3.62,3.391,2.479,2.011,1.562,1.275,0.81,0.439,0.52,0.452,0.325,0.233,0.118,0.11,0.11,0.061,0.062,0,0,0,0,0
2026-09-02 19:48:00,1,"Normal Scan","Normal Scan",0,"ON",1,1,1,737.4,5,19.8,97.7,57.2,0.0000000688217,0.0000181713,4.97,8954.6,8.8,736.5,1,"Up Scan","Positive",254,0,4.37,1.6,8,8,0,1,1,19.494,26.951,21.237,9.647,1.837,6691.56,52,20.9,NA,0,0,0,0,0,0,0,0,0,0,0,0,0,0,0,0,0,0,0,0,0,0,0,0,0,0,0,0,0,0,0,12610.144,11249.856,11071.36,9475.552,9822.336,8865.312,8626.912,9375.2,11219.552,11606.016,12050.016,11589.44,10192.992,9169.536,7782.144,7344.416,6797.888,5972.928,4830.336,4287.168,3951.424,3513.984,3181.216,2496.928,2254.88,2006.016,1592.256,1279.52,1045.248,911.136,769.216,730.368,611.872,619.168,659.04,628.928,556.576,574.272,554.848,486.432,420.512,314.496,261.12,167.584,153.408,91.52,96.384,48.384,57.792,32.96,28.192,30.688,24.64,4.416,12.192,9.472,4.896,1.696,3.488,3.552,0,0,0,0,0,0,0,0,0,0,0,0,0,0,0,0,0,0,0,0,0,0,0,0,0,0,0,0,0,0,0,0,0,0,0,4.31,5.104,6.588,8.816,9.866,12.858,14.283,16.73,21.436,29.669,35.107,41.205,44.468,43.526,43.264,40.423,41.681,41.956,40.022,34.952,33.44,33.081,31.266,29.949,25.104,24.032,22.623,19.039,16.49,14.656,13.772,12.627,12.41,11.295,11.536,12.114,11.202,10.007,9.734,9.358,8.052,6.972,5.349,4.263,2.823,2.601,1.603,1.458,0.837,0.904,0.504,0.402,0.446,0.358,0.057,0.155,0.118,0.06,0.02,0.041,0.041,0.014,0,0,0,0
2026-09-02 19:53:00,1,"Normal Scan","Normal Scan",0,"ON",1,1,1,737.4,5,19.8,97.7,56.7,0.0000000688217,0.0000181713,4.97,8954.6,8.8,736.5,1,"Up Scan","Positive",254,0,4.37,1.6,8,8,0,1,1,18.755,24.608,20.232,9.647,1.743,5721.12,52,20.9,NA,0,0,0,0,0,0,0,0,0,0,0,0,0,0,0,0,0,0,0,0,0,0,0,0,0,0,0,0,0,0,0,11378.88,9727.744,8829.6,8508.768,8630.656,9142.08,9775.84,9723.168,9243.232,9087.936,8266.656,7500.8,8376.032,8945.664,8220.224,7094.208,6268.608,5662.592,5170.944,4696.352,3715.424,2895.296,1974.24,1355.84,1041.248,758.816,650.688,645.12,576.576,558.272,563.52,527.136,437.76,461.76,367.488,347.328,296.832,276.48,204.384,159.296,162.08,159.072,132.192,126.976,106.112,94.144,53.44,50.784,40.992,31.552,14.24,13.568,9.952,4.48,6.112,1.568,1.632,1.696,1.76,0,0,0,0,0,0,0,0,0,0,0,0,0,0,0,0,0,0,0,0,0,0,0,0,0,0,0,0,0,0,0,0,0,0,0,0,3.248,4.606,5.731,7.072,8.825,11.322,14.702,18.926,22.18,24.49,27.556,28.345,28.917,35.924,42.287,42.693,40.257,38.558,37.524,36.733,35.738,30.174,25.124,18.444,13.698,11.397,9.107,8.332,8.656,8.229,8.311,8.411,8.287,7.212,7.461,6.318,6.191,5.374,5.061,3.906,3.148,2.883,2.848,2.304,2.071,1.705,1.468,0.818,0.803,0.588,0.445,0.207,0.186,0.132,0.057,0.078,0.02,0.02,0.02,0.02,0,0,0,0,0,0
2026-09-02 19:58:00,1,"Normal Scan","Normal Scan",0,"ON",1,1,1,737.9,5,20.4,97.7,56.8,0.0000000690013,0.0000182001,4.97,8954.6,8.8,736.5,1,"Up Scan","Positive",254,0,4.37,1.6,8,8,0,1,1,21.58,24.457,21.544,24.582,1.59,8484.56,52,21.1,NA,0,0,0,0,0,0,0,0,0,0,0,0,0,0,0,0,0,0,0,0,0,0,0,0,0,0,0,0,0,0,0,8155.936,9278.24,10184.736,8849.472,8425.856,8907.008,10810.848,12000.256,13926.528,16073.28,17099.296,17889.632,17423.232,18015.456,17811.904,15874.432,13656.896,11632.192,9089.6,6797.088,5007.136,3431.52,2319.84,1568.672,979.616,703.392,529.184,406.304,463.968,432.96,404.64,414.016,378.016,382.688,331.232,312.832,253.216,180.032,184.512,152.16,138.176,128.992,100.32,81.92,71.744,66.336,46.88,27.232,33.536,22.336,16,15.2,7.136,4.448,3.008,4.704,0,0,0,0,0,0,0,0,0,0,0,0,0,0,0,0,0,0,0,0,0,0,0,0,0,0,0,0,0,0,0,0,0,0,0,0,0,0,0,2.553,3.361,5.439,8.107,9.148,11.006,14.407,20.989,27.453,36.985,48.836,58.801,68.883,74.657,84.965,91.832,89.202,83.127,76.387,64.035,51.285,40.375,29.49,21.25,15.547,10.527,8.188,6.821,5.743,6.738,6.518,6.371,6.427,6.127,6.194,5.633,5.387,4.495,3.314,3.371,2.851,2.406,2.176,1.795,1.385,1.206,1.028,0.74,0.415,0.491,0.31,0.219,0.204,0.094,0.057,0.039,0.059,0,0,0,0,0,0,0,0,0
2026-09-02 20:03:00,1,"Normal Scan","Normal Scan",0,"ON",1,1,1,737.5,5,19.9,97.7,56.8,0.0000000688516,0.0000181761,4.97,8954.6,8.8,736.5,1,"Up Scan","Positive",254,0,4.37,1.6,8,8,0,1,1,20.843,24.821,21.321,21.288,1.652,7010.08,51,21,NA,0,0,0,0,0,0,0,0,0,0,0,0,0,0,0,0,0,0,0,0,0,0,0,0,0,0,0,0,0,0,0,9672.064,7633.472,8279.68,9023.488,8701.184,8962.944,9930.048,10746.912,11633.056,12473.248,12578.72,13138.944,11921.504,11314.752,10950.656,11549.408,11489.824,10236.608,8369.856,6412.032,4656.48,3163.52,2210.528,1394.368,1020.992,677.92,626.016,523.616,508.192,526.656,435.616,423.776,471.968,395.776,307.328,283.36,293.44,220.864,185.568,185.472,150.944,130.432,85.44,83.296,76,66.08,35.008,43.616,20.256,24.416,21.344,17.664,11.392,7.328,6.08,3.136,1.6,3.424,3.488,1.792,0,0,0,0,0,0,0,0,0,0,0,0,0,0,0,0,0,0,0,0,0,0,0,0,0,0,0,0,0,0,0,0,0,0,0,3.354,3.859,4.445,6.605,9.411,11.376,14.475,19.244,24.552,30.837,37.834,43.267,50.699,51.251,53.685,56.936,65.27,70.092,67.276,59.049,48.493,37.583,27.339,20.447,13.998,11.039,7.988,7.989,7.265,7.16,7.646,6.796,6.776,7.414,6.498,5.381,5.028,4.896,3.978,3.405,3.322,2.62,2.262,1.538,1.498,1.319,1.079,0.634,0.662,0.319,0.342,0.348,0.26,0.151,0.096,0.078,0.039,0.02,0.04,0.041,0.02,0,0,0,0,0
2026-09-02 20:08:00,1,"Normal Scan","Normal Scan",0,"ON",1,1,1,737.8,5,20.3,97.7,55.9,0.0000000689713,0.0000181953,4.97,8954.6,8.8,736.5,1,"Up Scan","Positive",254,0,4.37,1.6,8,8,0,1,1,18.824,25.198,20.247,9.647,1.789,3965.66,51,21,NA,0,0,0,0,0,0,0,0,0,0,0,0,0,0,0,0,0,0,0,0,0,0,0,0,0,0,0,0,0,0,0,8866.176,7593.312,6827.296,6233.088,6325.248,6097.088,5778.016,6380.384,5820.352,4548.8,3772.032,4245.312,5586.72,8076.896,8446.848,6613.472,4878.784,3144.48,2590.368,1943.744,1710.528,1406.912,1243.136,1093.632,914.912,668.352,541.888,524.864,487.968,462.336,483.04,400.48,424,372.416,341.792,290.432,276.448,226.08,221.408,182.912,153.952,160.8,111.392,100.064,68.864,66.368,51.424,37.504,29.92,14.016,33.44,9.824,8.544,1.472,1.536,1.568,6.464,0,0,1.792,0,0,0,0,0,0,0,0,0,0,0,0,0,0,0,0,0,0,0,0,0,0,0,0,0,0,0,0,0,0,0,0,0,0,0,2.46,3.585,4.403,5.407,6.475,8.265,9.804,11.168,14.499,15.434,13.899,13.079,16.499,23.953,37.976,43.314,37.072,29.723,20.874,18.603,15.089,14.151,12.461,11.734,11.078,9.993,7.902,6.998,7.163,6.972,6.923,7.394,6.438,6.972,6.304,5.847,5.304,4.878,4.109,3.923,3.231,2.766,2.742,1.802,1.76,1.178,1.045,0.754,0.575,0.478,0.198,0.457,0.149,0.113,0.019,0.019,0.02,0.08,0,0,0.021,0,0,0,0,0
2026-09-02 20:13:00,1,"Normal Scan","Normal Scan",0,"ON",1,1,1,737.8,5,20.2,97.8,56.3,0.0000000688709,0.0000181905,4.97,8954.6,8.8,736.5,1,"Up Scan","Positive",254,0,4.37,1.6,8,8,0,1,1,20.491,26.604,21.709,9.647,1.788,5524.08,51,21.1,NA,0,0,0,0,0,0,0,0,0,0,0,0,0,0,0,0,0,0,0,0,0,0,0,0,0,0,0,0,0,0,0,10246.656,9054.4,7688.832,7149.92,7520.224,7710.848,8365.248,8135.744,7202.048,7589.312,8046.56,8277.856,7098.144,6370.432,6095.968,6151.904,7006.272,8018.272,8694.816,7398.272,5132.48,3425.952,2461.568,1882.624,1308.16,1030.912,745.376,607.968,600.192,641.024,574.784,471.776,567.776,470.72,457.728,435.904,379.392,301.664,236.192,252.8,174.752,141.632,117.312,112.48,95.04,84.096,49.472,53.824,46.88,40.256,14.848,13.792,5.856,10.368,1.504,0,0,1.696,0,0,0,0,0,0,0,0,0,0,0,0,0,0,0,0,0,0,0,0,0,0,0,0,0,0,0,0,0,0,0,0,0,0,0,0,0,2.771,4.134,5.272,6.105,7.411,9.827,12.397,16.202,18.516,19.035,22.966,27.585,31.912,30.672,30.754,32.351,35.356,43.223,53.058,61.59,56.013,41.628,29.658,22.828,18.687,14.13,11.934,9.389,8.515,8.758,9.541,8.99,7.87,9.05,7.939,7.618,7.326,6.421,5.367,4.363,4.418,3.038,2.629,2.149,1.894,1.519,1.29,0.823,0.767,0.673,0.558,0.219,0.186,0.094,0.134,0.019,0,0,0.02,0,0,0.014,0,0,0,0
2026-09-02 20:18:00,1,"Normal Scan","Normal Scan",0,"ON",1,1,1,737.5,5,19.8,97.8,56,0.0000000687513,0.0000181713,4.97,8954.6,8.8,736.5,1,"Up Scan","Positive",254,0,4.37,1.6,8,8,0,1,1,18.768,25.823,20.486,9.647,1.826,5035.43,51,21,NA,0,0,0,0,0,0,0,0,0,0,0,0,0,0,0,0,0,0,0,0,0,0,0,0,0,0,0,0,0,0,0,12361.6,9722.368,9225.504,8551.52,7321.664,7224.448,6104.736,7180.224,7644.992,7129.12,5710.912,6126.464,6129.728,6470.88,7253.216,7317.024,6610.08,5773.984,4846.944,3861.92,3020.448,2432.32,1771.552,1344.288,1018.88,860.864,624.256,674.336,624.672,558.176,576.128,600.064,513.312,572.032,525.056,444.448,405.824,341.984,295.168,234.368,182.016,173.408,140.736,138.848,117.44,99.584,67.552,56.8,41.696,32.416,19.456,24.352,7.136,5.92,6.08,4.704,6.56,0,3.488,0,0,0,0,0,0,0,0,0,0,0,0,0,0,0,0,0,0,0,0,0,0,0,0,0,0,0,0,0,0,0,0,0,0,0,0,3.3,5.028,5.679,7.349,8.895,9.558,11.641,11.815,16.402,20.191,21.661,19.701,23.766,26.416,30.725,37.673,41.346,40.473,38.165,34.427,29.49,24.725,21.233,16.677,13.667,11.141,10.263,8.296,9.297,9.269,8.756,9.237,9.528,8.606,9.363,8.709,7.66,7.014,6.164,5.346,4.295,3.407,3.001,2.427,2.352,1.959,1.549,1.062,0.876,0.62,0.486,0.293,0.334,0.094,0.077,0.078,0.059,0.08,0,0.041,0,0,0,0,0,0
2026-09-02 20:23:00,1,"Normal Scan","Normal Scan",0,"ON",1,1,1,737.7,5,20.1,97.8,55.5,0.000000068841,0.0000181857,4.97,8954.6,8.8,736.5,1,"Up Scan","Positive",254,0,4.37,1.6,8,8,0,1,1,18.598,26.876,20.694,9.647,1.901,4932.43,51,21.1,NA,0,0,0,0,0,0,0,0,0,0,0,0,0,0,0,0,0,0,0,0,0,0,0,0,0,0,0,0,0,0,0,12758.656,11768.672,9669.504,8065.888,7807.392,6810.784,6723.136,6124.032,5743.456,5695.328,5615.392,5747.264,6578.208,6133.632,5971.904,5394.848,5037.088,4669.888,4750.912,4045.28,3276.896,2726.112,2262.048,1825.088,1375.712,1148.064,917.344,829.184,870.592,788.576,729.312,770.368,688.64,623.392,605.696,519.968,474.976,408.352,320.544,260.544,220.096,200.928,148.448,161.344,131.296,134.432,106.336,63.936,48.32,30.784,20.064,12.48,9.952,5.888,7.584,1.568,1.632,0,0,0,0,0,0,0,0,0,0,0,0,0,0,0,0,0,0,0,0,0,0,0,0,0,0,0,0,0,0,0,0,0,0,0,0,0,0,3.716,5.154,6.832,7.683,8.354,10.17,10.924,12.959,13.945,15.197,17.269,19.313,22.202,28.199,29.139,31.122,30.688,31.123,31.229,34.07,31.065,26.993,23.972,21.332,18.484,15.145,13.579,11.855,11.495,12.31,11.866,11.502,12.075,11.099,10.303,10.089,8.993,8.184,7.296,5.851,5.038,3.974,3.503,2.597,2.602,2.058,2.058,1.611,0.959,0.691,0.432,0.274,0.167,0.132,0.077,0.097,0.02,0.02,0,0,0,0,0,0,0,0
2026-09-02 20:28:00,1,"Normal Scan","Normal Scan",0,"ON",1,1,1,737.9,5,20.3,97.8,56,0.0000000689008,0.0000181953,4.97,8954.6,8.8,736.5,1,"Up Scan","Positive",254,0,4.37,1.6,8,8,0,1,1,20.044,27.008,21.335,9.647,1.86,4200.8,51,21.1,NA,0,0,0,0,0,0,0,0,0,0,0,0,0,0,0,0,0,0,0,0,0,0,0,0,0,0,0,0,0,0,0,10566.656,8466.528,7339.808,6366.88,5244.992,4720.864,4285.472,4405.856,4985.44,6173.76,7201.92,6559.84,6070.592,5255.488,4866.624,5090.144,4725.376,4088.704,3841.472,3745.472,3511.552,2909.824,2272.032,1714.656,1306.72,919.904,770.848,674.208,605.088,573.088,574.144,615.744,538.592,558.944,483.616,413.696,373.824,316.288,275.936,219.232,149.44,139.616,87.936,91.68,52.768,69.792,40.16,46.304,23.872,30.752,22.72,13.824,9.984,5.888,6.08,3.168,1.632,0,0,0,0,0,0,0,0,0,0,0,0,0,0,0,0,0,0,0,0,0,0,0,0,0,0,0,0,0,0,0,0,0,0,0,0,0,0,3.425,4.269,4.954,5.821,6.602,6.837,7.598,8.299,10.081,13.215,18.734,24.678,25.232,25.966,24.935,25.466,29.095,29.304,27.43,27.649,28.793,28.687,25.39,21.14,17.12,14.053,10.851,9.892,9.283,8.948,8.834,8.895,9.643,8.748,8.979,7.776,6.912,6.126,5.323,4.673,3.815,2.626,2.406,1.623,1.583,0.946,1.113,0.651,0.697,0.372,0.432,0.311,0.186,0.132,0.076,0.078,0.039,0.02,0,0,0,0,0,0,0,0
2026-09-02 20:33:00,1,"Normal Scan","Normal Scan",0,"ON",1,1,1,737.6,5,19.9,97.8,55.9,0.0000000687812,0.0000181761,4.97,8954.6,8.8,736.5,1,"Up Scan","Positive",254,0,4.37,1.6,8,8,0,1,1,17.249,28.108,20.823,10.366,1.987,2772.13,51,21,NA,0,0,0,0,0,0,0,0,0,0,0,0,0,0,0,0,0,0,0,0,0,0,0,0,0,0,0,0,0,0,0,6740.352,6884.16,5724.224,5448.32,4307.808,4326.976,4131.616,4361.632,4347.904,4005.248,3430.848,2915.136,2526.016,2121.12,1788.768,1581.664,1440.192,1329.6,1586.144,2295.36,2771.584,2313.088,1786.56,1474.56,1075.84,954.304,635.968,580.576,499.008,563.136,486.72,479.296,530.688,472.992,442.464,438.592,373.952,299.968,237.728,202.624,146.656,128.32,102.72,84.48,60.224,74.912,56.064,39.296,23.52,24.736,18.752,14.176,7.2,5.92,0,3.168,0,1.696,0,3.584,0,0,0,0,0,0,0,0,0,0,0,0,0,0,0,0,0,0,0,0,0,0,0,0,0,0,0,0,0,0,0,0,0,0,0,2.141,2.727,3.996,4.559,5.617,5.657,6.951,7.993,9.895,11.456,12.082,11.696,11.155,10.799,10.069,9.522,9.427,9.365,9.35,11.822,17.873,22.817,20.195,16.702,14.731,11.685,10.987,8.297,8.115,7.464,8.513,7.997,7.797,8.522,7.736,7.21,7.194,6.221,5.069,4.116,3.568,2.751,2.098,1.859,1.405,1.062,1.164,0.86,0.59,0.354,0.36,0.256,0.223,0.094,0.077,0,0.039,0,0.02,0,0.04,0,0,0,0,0
2026-09-02 20:38:00,1,"Normal Scan","Normal Scan",0,"ON",1,1,1,737.6,5,19.9,97.8,55.5,0.0000000687812,0.0000181761,4.97,8954.6,8.8,736.5,1,"Up Scan","Positive",254,0,4.37,1.6,8,8,0,1,1,21.117,26.564,22.066,18.434,1.719,6121.92,52,21,NA,0,0,0,0,0,0,0,0,0,0,0,0,0,0,0,0,0,0,0,0,0,0,0,0,0,0,0,0,0,0,0,7552.992,7458.272,7060.672,7189.568,6683.136,7201.824,7387.296,9061.632,10907.84,12015.872,11217.376,11363.328,10630.88,10021.984,9968,9410.336,8912.032,7848.16,6798.624,5616.832,4239.04,3129.216,2277.024,1730.848,1221.12,949.696,702.112,575.04,562.144,529.376,541.376,475.968,528.64,569.984,507.008,488,463.808,357.056,280.096,238.208,226.464,180.288,163.136,146.112,122.144,84.096,70.88,67.968,34.624,41.184,38.848,15.904,12.48,2.944,10.688,3.136,4.896,0,0,3.392,0,0,0,0,0,0,0,0,0,0,0,0,0,0,0,0,0,0,0,0,0,0,0,0,0,0,0,0,0,0,0,0,0,0,0,2.481,3.037,4.38,5.648,7.467,8.763,11.668,14.409,20.762,28.919,36.422,38.51,43.781,45.592,47.509,51.778,53.208,54.529,51.861,48.261,42.72,34.421,27.18,21.109,17.18,13.158,11.017,8.971,8.248,8.482,8.467,8.969,8.117,8.796,9.414,8.667,8.325,7.998,6.445,5.125,4.321,4.106,3.201,2.795,2.575,1.981,1.37,1.077,1.081,0.514,0.594,0.531,0.214,0.197,0.038,0.136,0.039,0.06,0,0,0.04,0,0,0,0,0
2026-09-02 20:43:00,1,"Normal Scan","Normal Scan",0,"ON",1,1,1,737.9,5,20.4,97.8,55.8,0.0000000689307,0.0000182001,4.97,8954.6,8.8,736.5,1,"Up Scan","Positive",254,0,4.37,1.6,8,8,0,1,1,22.703,26.924,22.523,22.876,1.723,5698.32,51,21.1,NA,0,0,0,0,0,0,0,0,0,0,0,0,0,0,0,0,0,0,0,0,0,0,0,0,0,0,0,0,0,0,0,8820.768,7467.424,7024.32,6443.552,5849.088,6314.56,6189.536,6035.936,6298.816,6898.208,8770.784,10703.904,11554.592,11286.4,11075.744,10131.584,9622.4,8185.76,6978.016,5557.024,4605.728,3241.696,2416.864,1723.584,1215.04,837.056,667.136,536.672,539.392,517.28,440.672,438.112,490.976,459.872,435.008,379.008,328.512,335.04,252.896,246.56,202.112,172.512,136.512,121.888,92.832,76.896,66.496,43.552,38.56,20.672,15.168,17.92,7.168,8.864,3.04,1.568,3.232,1.696,0,0,0,0,0,0,0,0,0,0,0,0,0,0,0,0,0,0,0,0,0,0,0,0,0,0,0,0,0,0,0,0,0,0,0,0,0,2.844,3.535,4.363,5.581,6.656,7.633,10.214,11.951,13.829,16.788,21.105,30.3,41.355,49.535,53.385,57.353,57.232,58.833,54.046,49.5,42.24,37.292,28.046,22.301,17.084,12.992,9.704,8.425,7.548,8.016,7.862,7.218,7.382,8.143,7.845,7.478,6.682,5.846,5.836,4.549,4.254,3.592,2.964,2.303,1.959,1.559,1.197,1.049,0.641,0.579,0.293,0.219,0.241,0.094,0.115,0.039,0.02,0.04,0.02,0,0,0,0,0,0,0
2026-09-02 20:48:00,1,"Normal Scan","Normal Scan",0,"ON",1,1,1,737.7,5,20.1,97.8,55.9,0.000000068841,0.0000181857,4.97,8954.6,8.8,736.5,1,"Up Scan","Positive",254,0,4.37,1.6,8,8,0,1,1,21.208,25.787,21.583,24.582,1.685,8694.6,51,21.1,NA,0,0,0,0,0,0,0,0,0,0,0,0,0,0,0,0,0,0,0,0,0,0,0,0,0,0,0,0,0,0,0,10931.392,9974.336,9871.744,9683.648,10357.248,11288.928,12402.592,12696,13569.888,14966.976,15984.128,17171.2,17930.016,18302.24,16996.992,14262.176,12057.184,9900.16,7961.536,6469.12,5112.48,4051.776,2878.624,2002.88,1309.088,958.56,688.768,532.992,512.576,476.736,421.76,439.392,487.936,584.192,581.152,534.464,550.176,531.104,470.976,378.464,359.104,295.584,222.752,231.84,190.496,175.296,106.496,84.96,55.04,53.12,51.264,31.488,26.016,20.608,16.768,9.504,6.56,1.696,3.52,3.52,0,0,0,0,0,0,0,0,0,0,0,0,0,0,0,0,0,0,0,0,0,0,0,0,0,0,0,0,0,0,0,0,0,0,0,3,4.407,5.816,7.868,10.074,13.568,18.231,24.036,29.076,36.072,45.509,54.978,66.11,76.602,86.212,87.687,80.274,73.731,65.382,56.472,49.14,41.426,34.941,26.388,19.676,13.904,10.977,8.738,7.795,8.121,8.22,7.901,8.612,9.285,10.535,10.733,10.002,9.849,9.57,8.667,7.034,6.319,5.22,3.947,3.996,3.152,2.862,1.747,1.38,0.867,0.792,0.713,0.464,0.377,0.268,0.213,0.118,0.08,0.02,0.041,0.041,0.014,0,0,0,0
2026-09-02 20:53:00,1,"Normal Scan","Normal Scan",0,"ON",1,1,1,737.6,5,19.9,97.8,55.8,0.0000000687812,0.0000181761,4.97,8954.6,8.8,736.5,1,"Up Scan","Positive",254,0,4.37,1.6,8,8,0,1,1,21.079,26.802,22.012,21.288,1.75,7583.83,51,21,NA,0,0,0,0,0,0,0,0,0,0,0,0,0,0,0,0,0,0,0,0,0,0,0,0,0,0,0,0,0,0,0,9697.344,9412.96,9363.424,9795.104,10103.424,10160.32,9979.584,11176.288,12281.312,12101.088,12685.856,13247.456,13019.424,12307.712,12356.64,11783.008,11027.936,10334.624,8508.416,6158.304,4339.776,3261.28,2455.136,1871.328,1530.336,1383.68,1181.312,1110.304,908.224,865.664,820.256,806.816,917.568,975.392,845.568,790.816,562.112,477.984,340.384,326.208,256.96,228.544,186.24,177.152,130.272,116.288,84.16,56.096,46.752,37.824,20.448,15.296,18.656,10.336,12.16,3.2,4.896,1.664,3.456,1.792,0,0,0,0,0,0,0,0,0,0,0,0,0,0,0,0,0,0,0,0,0,0,0,0,0,0,0,0,0,0,0,0,0,0,0,3.063,3.959,5.514,7.496,10.203,13.194,16.411,19.321,25.518,32.522,36.764,43.64,51.118,55.904,58.361,64.036,66.443,67.322,68.08,60.247,46.925,35.649,28.742,23.309,19.105,16.742,16.287,15.149,15.417,13.763,13.746,13.226,12.922,14.467,15.394,13.612,12.912,9.613,8.35,6.099,5.841,4.496,3.954,3.155,2.936,2.111,1.893,1.357,0.887,0.727,0.558,0.311,0.223,0.264,0.134,0.155,0.039,0.06,0.02,0.041,0.02,0.014,0,0,0,0
2026-09-02 20:58:00,1,"Normal Scan","Normal Scan",0,"ON",1,1,1,737.4,5,19.7,97.8,55.8,0.0000000687214,0.0000181665,4.97,8954.6,8.8,736.5,1,"Up Scan","Positive",254,0,4.37,1.6,8,8,0,1,1,21.436,27.185,22.125,24.582,1.768,7346.68,52,20.9,NA,0,0,0,0,0,0,0,0,0,0,0,0,0,0,0,0,0,0,0,0,0,0,0,0,0,0,0,0,0,0,0,11951.168,10542.976,8914.752,8768.416,8008.16,8829.408,9565.376,10349.856,11150.272,11330.88,11318.4,11776.128,11995.232,12196.672,11459.68,11390.976,11007.776,10296.608,8979.904,7306.272,5671.744,4174.496,2903.424,2071.936,1488.928,1064.256,857.28,744.416,700.928,676.416,668.288,786.912,683.968,697.76,741.92,624.608,543.04,440.48,389.248,320.032,233.536,203.712,198.016,154.08,141.312,136.896,150.176,121.344,109.696,71.712,51.616,48.128,33.088,14.784,12.224,11.072,4.896,4.16,4.384,0,0,0,0,0,0,0,0,0,0,0,0,0,0,0,0,0,0,0,0,0,0,0,0,0,0,0,0,0,0,0,0,0,0,0,0,3.601,4.854,6.204,7.143,9.058,10.474,14.214,18.527,23.676,29.596,34.393,38.993,45.473,51.634,57.942,59.692,64.582,67.488,68.01,63.663,55.476,45.969,36.127,26.901,20.649,16.049,12.676,11.313,10.525,10.812,10.95,11.045,12.586,11.463,11.567,12.151,10.617,9.646,7.986,7.313,6.164,5.012,4.117,3.842,2.917,2.603,2.342,2.365,1.832,1.671,1.034,0.77,0.648,0.472,0.191,0.155,0.138,0.06,0.05,0.052,0,0.028,0,0,0,0
2026-09-02 21:03:00,1,"Normal Scan","Normal Scan",0,"ON",1,1,1,737.9,5,20.3,97.8,55.6,0.0000000689008,0.0000181953,4.97,8954.6,8.8,736.5,1,"Up Scan","Positive",254,0,4.37,1.6,8,8,0,1,1,17.768,25.237,19.714,9.647,1.833,6394.63,52,21,NA,0,0,0,0,0,0,0,0,0,0,0,0,0,0,0,0,0,0,0,0,0,0,0,0,0,0,0,0,0,0,0,15626.304,13698.816,13287.296,11341.952,11108.32,10457.28,9886.56,8901.504,8180.096,8374.688,8560.992,8824.288,9370.144,8571.808,8267.712,7391.104,6336.64,5456.576,4622.368,3747.136,3028.576,2655.072,2266.144,1797.184,1432.064,1128.192,904.256,827.712,757.184,737.952,657.312,642.72,608.032,587.808,535.168,490.624,442.56,429.568,435.264,390.912,336.736,284.544,235.616,233.952,159.488,142.656,121.888,95.904,70.592,61.12,34.368,22.368,17.312,13.248,10.688,4.736,1.664,8.416,1.728,5.344,0,0,0,0,0,0,0,0,0,0,0,0,0,0,0,0,0,0,0,0,0,0,0,0,0,0,0,0,0,0,0,0,0,0,0,4.495,6.349,8.031,10.558,11.715,14.485,16.827,19.095,20.273,21.671,25.402,29.412,33.961,40.06,40.443,42.745,41.707,38.921,36.308,33.128,28.865,24.998,23.336,21.328,18.11,15.546,13.187,11.485,11.221,10.98,11.062,10.612,10.699,10.609,10.687,9.877,9.215,8.398,8.147,7.917,7.065,6.064,5.019,4.146,3.913,2.586,2.309,1.889,1.496,1.03,0.918,0.512,0.334,0.245,0.172,0.136,0.059,0.02,0.101,0.02,0.061,0,0,0,0,0
2026-09-02 21:08:00,1,"Normal Scan","Normal Scan",0,"ON",1,1,1,737.6,5,20,97.8,56.1,0.0000000688111,0.0000181809,4.97,8954.6,8.8,736.5,1,"Up Scan","Positive",254,0,4.37,1.6,8,8,0,1,1,16.257,24.753,19.126,9.647,1.871,4875.97,52,21,NA,0,0,0,0,0,0,0,0,0,0,0,0,0,0,0,0,0,0,0,0,0,0,0,0,0,0,0,0,0,0,0,15084.96,12404.384,10812.928,10112.832,9018.496,8190.4,7385.312,6787.392,6167.744,5800.8,5577.6,5051.456,5065.344,5241.952,5193.216,4597.984,3955.936,3690.688,3079.552,3013.952,2858.848,2318.272,2008.8,1610.144,1318.176,1040.224,798.048,777.344,663.488,610.144,640.448,614.304,551.84,506.528,521.28,509.792,475.04,369.504,293.728,250.976,204.128,175.616,139.712,135.2,107.264,77.856,63.488,32.768,37.312,30.08,13.408,11.232,8.672,7.392,10.656,3.2,1.632,0,0,1.792,0,0,0,0,0,0,0,0,0,0,0,0,0,0,0,0,0,0,0,0,0,0,0,0,0,0,0,0,0,0,0,0,0,0,0,4.402,6.099,7.283,8.602,10.475,11.757,13.123,14.241,15.428,16.278,17.57,19.137,19.46,21.749,24.786,26.989,26.18,24.501,24.756,22.302,23.341,23.561,20.411,18.943,16.22,14.191,12.23,10.273,10.427,9.704,9.454,10.218,10.01,9.176,8.52,8.728,8.538,7.992,6.419,5.151,4.451,3.459,2.974,2.431,2.183,1.709,1.231,1.012,0.54,0.567,0.432,0.183,0.167,0.132,0.096,0.136,0.039,0.02,0,0,0.02,0.014,0,0,0,0
2026-09-02 21:13:00,1,"Normal Scan","Normal Scan",0,"ON",1,1,1,737.8,5,20.2,97.8,55.5,0.0000000688709,0.0000181905,4.97,8954.6,8.8,736.5,1,"Up Scan","Positive",254,0,4.37,1.6,8,8,0,1,1,14.143,22.72,17.276,9.647,1.856,3929.77,52,21,NA,0,0,0,0,0,0,0,0,0,0,0,0,0,0,0,0,0,0,0,0,0,0,0,0,0,0,0,0,0,0,0,13185.824,12695.712,11825.984,10200.864,8730.272,7772.832,6818.08,6337.6,5332.416,4917.248,4282.144,3888.736,3212.8,2709.408,2256.608,1842.208,1687.872,1600.928,1351.52,1352.544,1267.904,1201.152,1250.048,1205.824,946.848,737.504,607.264,535.616,470.144,519.424,475.84,529.664,530.656,517.344,505.952,439.264,389.888,288.864,276.96,213.952,172.128,145.504,118.528,101.376,75.648,57.888,58.112,30.112,27.712,18.208,14.72,11.04,7.136,2.944,0,0,0,0,0,0,0,0,0,0,0,0,0,0,0,0,0,0,0,0,0,0,0,0,0,0,0,0,0,0,0,0,0,0,0,0,0,0,0,0,0,3.967,5.34,7.438,9.446,10.548,11.36,12.476,13.146,14.359,14.043,14.834,14.602,14.857,13.674,12.757,11.713,10.518,10.525,10.893,10.032,10.72,10.65,10.779,11.873,12.113,10.382,8.832,7.999,7.632,7.321,8.212,7.774,8.504,8.634,8.463,8.28,7.267,6.546,5.023,4.629,3.712,3.016,2.427,1.943,1.65,1.22,0.909,0.857,0.429,0.39,0.252,0.201,0.149,0.094,0.038,0,0,0,0,0,0,0,0,0,0,0
2026-09-02 21:18:00,1,"Normal Scan","Normal Scan",0,"ON",1,1,1,738,5,20.5,97.8,55.9,0.0000000689606,0.0000182049,4.97,8954.6,8.8,736.5,1,"Up Scan","Positive",254,0,4.37,1.6,8,8,0,1,1,14.783,24.456,18.14,9.647,1.922,3551.28,51,21.2,NA,0,0,0,0,0,0,0,0,0,0,0,0,0,0,0,0,0,0,0,0,0,0,0,0,0,0,0,0,0,0,0,12660.704,10536.8,9134.144,8220,7266.56,6604.192,5789.728,5416.672,4820.96,4249.152,4108.32,3627.104,3208.448,2905.632,2459.264,2301.184,2041.536,1916.32,1568.384,1150.24,1030.272,945.952,948.128,984.096,871.776,739.904,708.416,602.08,597.312,618.048,557.664,583.904,581.888,565.472,549.376,525.44,448.64,398.976,318.24,229.184,158.208,134.752,142.944,81.888,71.136,68.736,40.896,49.6,23.776,23.264,21.44,8.32,7.232,8.896,1.536,3.168,4.896,0,0,0,0,0,0,0,0,0,0,0,0,0,0,0,0,0,0,0,0,0,0,0,0,0,0,0,0,0,0,0,0,0,0,0,0,0,0,3.54,5.153,6.184,7.27,8.482,9.472,10.598,11.127,12.291,12.689,12.82,14.041,13.908,13.722,13.692,12.738,13.004,12.558,12.815,11.419,9.153,8.797,8.741,9.203,10.283,9.749,8.988,9.238,8.64,9.002,9.657,9.137,9.507,9.627,9.185,8.799,8.447,7.508,6.555,5.234,3.967,2.743,2.391,2.374,1.42,1.188,1.095,0.659,0.724,0.398,0.342,0.293,0.111,0.113,0.115,0.019,0.039,0.06,0,0,0,0.014,0,0,0,0
2026-09-02 21:23:00,1,"Normal Scan","Normal Scan",0,"ON",1,1,1,737.7,5,20.1,97.8,55.8,0.000000068841,0.0000181857,4.97,8954.6,8.8,736.5,1,"Up Scan","Positive",254,0,4.37,1.6,8,8,0,1,1,14.481,23.003,17.47,9.647,1.856,4146.73,51,21.1,NA,0,0,0,0,0,0,0,0,0,0,0,0,0,0,0,0,0,0,0,0,0,0,0,0,0,0,0,0,0,0,0,13301.888,12885.056,11376.128,10490.944,9111.072,8171.296,7665.952,6989.376,6249.632,5081.024,4832.992,4191.2,3758.368,3240.032,2805.824,2413.184,2025.088,1661.248,1373.088,1185.824,1165.984,1036.704,1003.168,934.432,825.888,812.736,683.36,605.6,629.76,618.624,586.464,601.344,558.176,539.808,529.216,503.744,461.024,385.024,297.248,246.976,191.328,131.552,129.536,68.32,93.28,48.16,53.536,41.76,29.28,23.36,12.224,11.072,8.544,4.448,3.04,4.736,4.896,1.696,0,0,0,0,0,0,0,0,0,0,0,0,0,0,0,0,0,0,0,0,0,0,0,0,0,0,0,0,0,0,0,0,0,0,0,0,0,4.205,5.402,7.485,9.062,10.839,11.869,13.132,14.744,15.903,16.446,15.315,16.487,16.036,16.017,15.221,14.488,13.667,12.489,11.184,10.045,9.402,9.941,9.445,9.774,9.789,9.384,9.761,8.944,8.555,9.386,9.536,9.546,9.84,9.103,8.916,8.68,8.111,7.57,6.3,5.074,4.124,3.262,2.336,2.11,1.216,1.515,0.793,0.823,0.628,0.478,0.342,0.183,0.149,0.113,0.057,0.039,0.059,0.06,0.02,0,0,0,0,0,0,0
2026-09-02 21:28:00,1,"Normal Scan","Normal Scan",0,"ON",1,1,1,737.5,5,19.8,97.8,55.7,0.0000000687513,0.0000181713,4.97,8954.6,8.8,736.5,1,"Up Scan","Positive",254,0,4.37,1.6,8,8,0,1,1,14.649,22.315,17.339,9.647,1.808,4462.31,52,21,NA,0,0,0,0,0,0,0,0,0,0,0,0,0,0,0,0,0,0,0,0,0,0,0,0,0,0,0,0,0,0,0,13500.704,12875.552,11305.088,11062.432,10348.416,9608.448,9320.704,8404.896,7317.696,6078.368,4919.616,4217.536,3713.024,3461.856,2976.512,2502.976,2208.128,1933.088,1757.408,1734.24,1507.904,1208.064,928.928,896.128,713.152,710.368,621.344,628.192,545.408,597.664,484.512,545.408,572.768,544.896,508.928,496.768,459.2,333.44,259.232,200.384,170.24,125.28,101.344,69.92,58.784,56.256,44.32,33.344,41.92,30.688,19.136,12.416,4.256,4.448,9.088,1.6,0,1.696,0,0,0,0,0,0,0,0,0,0,0,0,0,0,0,0,0,0,0,0,0,0,0,0,0,0,0,0,0,0,0,0,0,0,0,0,0,4.253,5.441,7.578,8.994,11.481,13.47,15.448,17.994,19.103,19.269,18.314,16.798,16.159,15.86,16.333,15.468,14.247,13.644,12.924,12.714,13.422,12.583,10.84,9.106,9.335,8.162,8.495,8.248,8.893,8.23,9.303,8.183,8.906,9.139,8.74,8.202,7.929,7.43,5.467,4.392,3.5,2.92,2.209,1.859,1.257,1.003,0.861,0.72,0.523,0.604,0.43,0.274,0.167,0.057,0.057,0.116,0.02,0,0.02,0,0,0,0,0,0,0
2026-09-02 21:33:00,1,"Normal Scan","Normal Scan",0,"ON",1,1,1,737.4,5,19.7,97.8,55.6,0.0000000687214,0.0000181665,4.97,8954.6,8.8,736.5,1,"Up Scan","Positive",254,0,4.37,1.6,8,8,0,1,1,15.95,24.762,18.992,9.647,1.889,3471.65,52,20.9,NA,0,0,0,0,0,0,0,0,0,0,0,0,0,0,0,0,0,0,0,0,0,0,0,0,0,0,0,0,0,0,0,12391.104,8853.568,7676.832,7328.352,6252.48,5826.24,4947.456,4822.976,4563.616,3887.168,3384.224,3049.088,2748.736,3055.776,3542.944,4036,3852.32,3160.992,2423.296,2080.48,1635.136,1383.616,1203.744,908.288,776.16,693.856,541.856,532.96,517.632,488.192,473.888,470.016,480.8,435.296,451.936,412.544,376.352,321.856,227.744,184.544,154.56,120.192,83.168,84.576,58.944,53.792,42.912,20,9.536,18.08,16,8.288,7.168,4.448,0,6.24,4.864,0,0,0,0,0,0,0,0,0,0,0,0,0,0,0,0,0,0,0,0,0,0,0,0,0,0,0,0,0,0,0,0,0,0,0,0,0,0,3.924,5.029,5.18,6.13,7.623,8.175,9.364,9.525,11.007,12.046,11.778,11.684,11.829,11.918,14.55,18.431,22.771,23.598,20.996,17.363,16.031,13.565,12.28,11.409,9.407,8.622,8.232,7.216,7.468,7.631,7.7,7.703,7.773,7.753,7.119,7.333,6.733,6.103,5.295,3.852,3.149,2.656,1.931,1.391,1.445,0.974,0.849,0.657,0.343,0.177,0.252,0.22,0.111,0.094,0.057,0,0.079,0.06,0,0,0,0,0,0,0,0
2026-09-02 21:38:00,1,"Normal Scan","Normal Scan",0,"ON",1,1,1,737.8,5,20.3,97.7,55.8,0.0000000689713,0.0000181953,4.97,8954.6,8.8,736.5,1,"Up Scan","Positive",254,0,4.37,1.6,8,8,0,1,1,14.944,23.301,17.792,9.647,1.852,3577.91,52,21.1,NA,0,0,0,0,0,0,0,0,0,0,0,0,0,0,0,0,0,0,0,0,0,0,0,0,0,0,0,0,0,0,0,11836.832,10812.512,9315.84,9099.328,7196.384,6009.696,5264.992,4696.16,4744.32,5161.28,5020.064,4721.856,3876.672,3341.888,2877.888,2647.264,2198.816,1912.96,1488.512,1117.216,895.264,746.208,733.344,702.72,682.464,644.256,557.76,506.08,463.296,445.344,444.704,475.008,497.344,472.192,470.016,445.056,414.176,343.52,225.44,209.248,178.24,125.632,87.68,83.52,70.112,49.92,37.696,36.128,37.248,25.952,12.096,16.48,3.424,7.392,4.64,0,3.232,0,0,0,0,0,0,0,0,0,0,0,0,0,0,0,0,0,0,0,0,0,0,0,0,0,0,0,0,0,0,0,0,0,0,0,0,0,0,3.239,4.805,6.309,7.389,9.434,9.38,9.644,10.135,10.706,12.533,15.592,17.113,18.057,16.515,15.724,14.839,14.904,13.454,12.693,10.725,8.781,7.646,6.865,7.206,7.368,7.61,7.723,7.348,7.241,7.133,7.189,7.527,8.022,7.996,7.729,7.743,7.245,6.666,5.661,3.942,3.576,3.025,2.211,1.59,1.402,1.196,0.771,0.605,0.558,0.567,0.36,0.166,0.222,0.057,0.096,0.058,0,0.04,0,0,0,0.014,0,0,0,0
2026-09-02 21:43:00,1,"Normal Scan","Normal Scan",0,"ON",1,1,1,737.6,5,19.9,97.8,56.2,0.0000000687812,0.0000181761,4.97,8954.6,8.8,736.5,1,"Up Scan","Positive",254,0,4.37,1.6,8,8,0,1,1,14.978,26.231,18.827,10.366,2,3864.73,52,20.9,NA,0,0,0,0,0,0,0,0,0,0,0,0,0,0,0,0,0,0,0,0,0,0,0,0,0,0,0,0,0,0,0,11998.016,12238.752,9861.6,8753.536,8311.744,6899.456,6315.744,5678.08,5238.56,4985.44,4533.44,4057.632,3467.264,3068.128,2379.648,1874.112,1562.272,1462.912,1167.552,1073.952,1215.2,1224.352,1272.416,1243.808,1225.152,1165.856,1044.992,940.608,956.576,963.424,1045.088,911.648,830.016,741.408,719.84,621.856,480.576,385.184,350.144,271.264,199.072,141.024,150.656,134.208,84.736,91.072,77.728,80.256,44.224,39.68,13.024,18.816,20.128,11.808,7.648,4.8,6.528,5.056,3.488,0,0,0,0,0,0,0,0,0,0,0,0,0,0,0,0,0,0,0,0,0,0,0,0,0,0,0,0,0,0,0,0,0,0,0,0,3.341,4.892,7.171,7.821,8.996,10.815,11.094,12.198,12.887,13.834,15.048,15.482,15.513,14.763,14.423,12.301,10.688,9.783,10.015,8.789,8.837,10.636,11.422,12.591,13.291,13.973,14.326,13.719,12.95,13.773,14.376,15.491,13.855,12.994,11.887,11.456,9.937,8.172,6.777,6.008,4.784,3.798,2.69,2.683,2.233,1.483,1.552,1.269,1.203,0.709,0.612,0.22,0.26,0.283,0.153,0.097,0.059,0.08,0.06,0.041,0,0.014,0,0,0,0
2026-09-02 21:48:00,1,"Normal Scan","Normal Scan",0,"ON",1,1,1,737.6,5,20,97.8,55.7,0.0000000688111,0.0000181809,4.97,8954.6,8.8,736.5,1,"Up Scan","Positive",254,0,4.37,1.6,8,8,0,1,1,14.125,23.038,17.247,9.647,1.876,3987.5,52,20.9,NA,0,0,0,0,0,0,0,0,0,0,0,0,0,0,0,0,0,0,0,0,0,0,0,0,0,0,0,0,0,0,0,14640.992,13092.544,11560.576,9913.536,8455.584,7816.608,6984.896,6373.024,5576,5174.24,4404.448,3765.888,3208.096,2592.96,2080.128,2225.056,2112.672,1894.4,1430.56,1043.456,989.12,937.28,938.272,789.696,748.032,652.896,623.616,714.176,696.864,681.984,615.776,612.032,535.808,528.416,483.776,414.688,373.568,348.992,294.272,260.64,206.464,160.704,145.984,115.776,74.528,105.632,44.896,36.704,29.888,24.544,20.448,13.792,4.448,11.552,4.608,6.272,3.232,5.056,0,0,0,0,0,0,0,0,0,0,0,0,0,0,0,0,0,0,0,0,0,0,0,0,0,0,0,0,0,0,0,0,0,0,0,0,0,4.37,5.937,7.667,9.195,10.232,11.079,12.514,13.462,14.476,14.682,15.604,15.043,14.445,13.71,12.236,10.773,12.595,13.016,12.671,10.374,8.27,8.424,8.585,9.288,8.529,8.673,8.15,8.268,9.711,9.987,10.15,9.556,9.745,8.91,8.819,8.189,7.132,6.489,5.987,5.088,4.621,3.491,2.715,2.433,1.959,1.274,1.623,0.737,0.604,0.467,0.378,0.293,0.186,0.059,0.151,0.058,0.079,0.04,0.06,0,0,0,0,0,0,0
2026-09-02 21:53:00,1,"Normal Scan","Normal Scan",0,"ON",1,1,1,737.9,5,20.4,97.8,56.1,0.0000000689307,0.0000182001,4.97,8954.6,8.8,736.5,1,"Up Scan","Positive",254,0,4.37,1.6,8,8,0,1,1,13.582,21.531,16.362,9.647,1.817,3268.96,52,21.1,NA,0,0,0,0,0,0,0,0,0,0,0,0,0,0,0,0,0,0,0,0,0,0,0,0,0,0,0,0,0,0,0,12238.272,11336.096,10573.536,8367.68,8072.8,7167.968,5834.688,5682.048,4660.64,4065.888,3682.528,2911.552,2482.592,2059.648,1643.616,1371.2,1128.96,777.312,721.536,619.008,567.52,579.072,614.88,553.984,565.312,520.384,532.48,403.968,412.032,415.776,387.072,379.776,414.496,427.328,395.456,368.064,332.384,266.816,202.272,179.488,128.128,90.496,86.784,70.368,55.936,48.768,37.408,36.896,33.728,32.16,30.784,13.856,10.144,8.8,3.072,1.6,1.632,0,0,0,0,0,0,0,0,0,0,0,0,0,0,0,0,0,0,0,0,0,0,0,0,0,0,0,0,0,0,0,0,0,0,0,0,0,0,3.611,4.942,6.6,8.431,8.623,10.499,11.508,11.243,12.904,12.248,12.229,12.53,11.135,10.539,9.653,8.466,7.74,6.969,5.297,5.317,4.992,4.949,5.406,6.055,5.847,6.397,6.284,6.827,5.883,6.308,6.586,6.376,6.335,6.772,6.899,6.417,5.935,5.491,4.507,3.546,3.169,2.312,1.706,1.602,1.361,0.995,0.826,0.603,0.554,0.514,0.45,0.421,0.186,0.151,0.115,0.039,0.02,0.02,0,0,0,0.014,0,0,0,0
2026-09-02 21:58:00,1,"Normal Scan","Normal Scan",0,"ON",1,1,1,737.5,5,19.8,97.8,56.2,0.0000000687513,0.0000181713,4.97,8954.6,8.8,736.5,1,"Up Scan","Positive",254,0,4.37,1.6,8,8,0,1,1,13.228,20.77,16.011,9.647,1.792,3290.9,52,21,NA,0,0,0,0,0,0,0,0,0,0,0,0,0,0,0,0,0,0,0,0,0,0,0,0,0,0,0,0,0,0,0,13757.12,11577.888,10902.144,9886.912,7462.976,6278.272,5691.936,5294.688,4722.688,3937.088,3670.016,2902.048,2502.08,1905.408,1532.736,1197.664,1029.888,877.28,692.704,648.64,596.32,577.6,610.816,622.752,668.608,512.8,468.288,452.736,425.216,324.448,354.816,335.456,311.584,362.336,334.496,344.832,261.984,265.664,219.744,193.12,147.232,90.56,88.064,36.384,49.312,39.136,31.648,31.52,23.104,18.176,9.696,8.512,5.696,2.944,4.576,3.2,0,1.696,1.728,1.792,0,0,0,0,0,0,0,0,0,0,0,0,0,0,0,0,0,0,0,0,0,0,0,0,0,0,0,0,0,0,0,0,0,0,0,4.267,5.601,6.726,8.624,10.224,9.667,10.117,10.941,12.038,12.433,11.871,12.499,11.093,10.629,8.937,7.908,6.784,6.37,5.94,5.151,5.291,5.155,5.366,6.039,6.472,7.287,6.133,6.002,6.118,6.282,5.321,5.805,5.719,5.453,6.05,5.619,5.619,4.401,4.261,3.645,3.186,2.536,1.616,1.459,0.709,0.83,0.624,0.51,0.493,0.354,0.252,0.165,0.13,0.075,0.038,0.058,0.039,0,0.02,0.02,0.02,0,0,0,0,0
2026-09-02 22:03:00,1,"Normal Scan","Normal Scan",0,"ON",1,1,1,737.8,5,20.2,97.8,55.6,0.0000000688709,0.0000181905,4.97,8954.6,8.8,736.5,1,"Up Scan","Positive",254,0,4.37,1.6,8,8,0,1,1,13.687,21.893,16.672,9.647,1.833,3115.48,52,21,NA,0,0,0,0,0,0,0,0,0,0,0,0,0,0,0,0,0,0,0,0,0,0,0,0,0,0,0,0,0,0,0,11712.16,11156.096,9723.136,8151.488,7011.712,6080.736,5197.312,4626.496,4155.328,4077.344,3583.296,2990.88,2626.272,2104.768,1773.76,1474.432,1177.952,986.432,801.12,671.232,644.384,663.328,650.432,716.128,722.208,686.976,501.152,480.992,450.048,391.008,335.136,364.128,428.032,372.8,388.384,331.936,288.48,256.928,160.576,136.896,110.496,92.736,72.224,69.184,70.88,69.856,37.664,35.808,27.488,18.112,13.568,5.504,3.008,2.912,6.112,4.704,1.6,0,1.728,0,0,0,0,0,0,0,0,0,0,0,0,0,0,0,0,0,0,0,0,0,0,0,0,0,0,0,0,0,0,0,0,0,0,0,0,3.839,4.78,6.516,7.75,8.409,9.144,9.745,10.003,10.504,10.956,12.29,12.205,11.417,11.171,9.87,9.162,8.332,7.288,6.679,5.958,5.473,5.69,6.121,6.403,7.448,7.884,7.968,6.444,6.712,6.608,6.186,5.571,5.985,6.739,5.975,6.202,5.49,4.732,4.367,3.019,2.582,1.916,1.728,1.282,1.192,1.12,1.06,0.582,0.586,0.425,0.252,0.201,0.074,0.057,0.038,0.078,0.059,0.02,0,0.02,0,0.014,0,0,0,0
2026-09-02 22:08:00,1,"Normal Scan","Normal Scan",0,"ON",1,1,1,737.8,5,20.2,97.8,56.1,0.0000000688709,0.0000181905,4.97,8954.6,8.8,736.5,1,"Up Scan","Positive",254,0,4.37,1.6,8,8,0,1,1,14.468,21.97,17.051,9.647,1.805,4234.18,52,21,NA,0,0,0,0,0,0,0,0,0,0,0,0,0,0,0,0,0,0,0,0,0,0,0,0,0,0,0,0,0,0,0,15686.016,12349.216,11599.488,10050.304,8956.448,8139.488,8016.032,6777.632,6728.384,6466.048,5266.656,4429.664,4036.576,3491.392,2811.104,2314.496,1858.72,1657.92,1377.888,1122.528,987.424,914.368,903.52,834.944,805.792,766.912,755.392,662.56,560.128,483.232,561.728,504.832,494.496,438.144,451.2,353.824,354.464,291.488,256.352,176.864,129.6,149.216,94.368,68.16,83.168,71.072,47.84,39.04,32.512,28.768,20.032,6.24,11.424,8.864,4.544,0,0,0,0,5.344,0,0,0,0,0,0,0,0,0,0,0,0,0,0,0,0,0,0,0,0,0,0,0,0,0,0,0,0,0,0,0,0,0,0,0,4.358,6.285,7.261,9.232,10.366,11.698,13.083,15.42,15.401,17.726,19.481,17.965,16.915,17.166,16.394,14.498,13.07,11.466,11.121,10.036,8.906,8.478,8.488,8.892,8.756,8.952,9.143,9.557,8.951,8.143,7.501,8.636,8.051,8.089,7.12,7.209,6.16,5.874,4.926,4.459,3.24,2.332,2.567,1.718,1.258,1.303,1.145,0.782,0.61,0.457,0.399,0.274,0.13,0.151,0.115,0.058,0,0,0,0,0.061,0,0,0,0,0
2026-09-02 22:13:00,1,"Normal Scan","Normal Scan",0,"ON",1,1,1,737.6,5,19.9,97.8,55.8,0.0000000687812,0.0000181761,4.97,8954.6,8.8,736.5,1,"Up Scan","Positive",254,0,4.37,1.6,8,8,0,1,1,15.187,22.369,17.5,9.647,1.81,5174.83,52,20.9,NA,0,0,0,0,0,0,0,0,0,0,0,0,0,0,0,0,0,0,0,0,0,0,0,0,0,0,0,0,0,0,0,20452.032,14877.44,12715.232,10593.632,9107.392,8332.672,8479.744,8677.344,8674.4,8054.56,7204.672,6330.944,5216.096,4476.032,4095.808,3513.632,2990.112,2407.36,2112.928,1556.352,1372.128,1277.728,1137.888,1018.048,1025.76,1040.192,964,931.008,815.456,761.92,682.4,595.84,538.176,537.952,474.432,426.528,383.744,312,321.024,245.12,167.328,149.312,119.328,99.552,75.744,67.744,43.904,37.76,19.808,25.504,16.768,17.984,3.424,5.92,3.04,3.168,3.232,3.424,1.728,0,0,0,0,0,0,0,0,0,0,0,0,0,0,0,0,0,0,0,0,0,0,0,0,0,0,0,0,0,0,0,0,0,0,0,0,6.024,8.227,8.636,10.113,10.968,11.853,13.399,16.383,19.731,22.866,24.281,24.608,24.244,22.201,21.092,21.133,19.835,18.375,16.084,15.276,12.304,11.778,11.792,11.307,10.841,11.503,12.25,12.089,12.118,11.419,11.12,10.369,9.373,8.93,8.916,7.826,7.135,6.462,5.398,5.278,4.152,2.93,2.493,2.064,1.645,1.334,1.046,0.72,0.558,0.354,0.362,0.273,0.242,0.075,0.077,0.039,0.039,0.04,0.04,0.02,0,0.028,0,0,0,0
2026-09-02 22:18:00,1,"Normal Scan","Normal Scan",0,"ON",1,1,1,737.9,5,20.4,97.8,55.8,0.0000000689307,0.0000182001,4.97,8954.6,8.8,736.5,1,"Up Scan","Positive",254,0,4.37,1.6,8,8,0,1,1,14.022,20.004,16.205,9.647,1.717,7253.67,52,21.1,NA,0,0,0,0,0,0,0,0,0,0,0,0,0,0,0,0,0,0,0,0,0,0,0,0,0,0,0,0,0,0,0,29315.2,23832.448,19778.816,17847.552,15499.36,14361.504,13741.856,12807.584,11643.488,10314.016,9114.656,7848.864,6691.872,5568.96,4338.432,3363.616,2755.04,2419.808,2291.712,1927.264,1618.432,1387.296,1204.864,1116.864,1085.888,1051.36,1025.376,984.384,843.872,818.304,733.184,649.28,623.616,513.568,497.856,432.128,405.184,331.904,276.288,201.088,178.304,137.248,115.808,85.568,79.488,75.776,44.224,31.36,37.024,19.2,20.032,13.792,4.352,5.92,1.536,1.6,1.632,0,0,1.76,0,0,0,0,0,0,0,0,0,0,0,0,0,0,0,0,0,0,0,0,0,0,0,0,0,0,0,0,0,0,0,0,0,0,0,9.195,11.839,13.911,15.77,18.446,20.228,23.074,26.499,29.123,30.622,31.065,31.081,29.957,28.444,26.142,22.399,19.027,17.001,16.191,16.572,15.102,13.746,12.786,11.963,11.879,12.175,12.473,12.837,12.792,11.733,11.836,10.991,10.282,9.876,8.371,8.077,7.221,6.722,5.495,4.845,3.553,2.953,2.415,1.978,1.46,1.308,1.159,0.686,0.471,0.549,0.27,0.274,0.186,0.057,0.076,0.019,0.02,0.02,0,0,0.02,0,0,0,0,0
2026-09-02 22:23:00,1,"Normal Scan","Normal Scan",0,"ON",1,1,1,737.8,5,20.2,97.8,56,0.0000000688709,0.0000181905,4.97,8954.6,8.8,736.5,1,"Up Scan","Positive",254,0,4.37,1.6,8,8,0,1,1,14.196,19.85,16.267,9.647,1.692,7391.77,52,21,NA,0,0,0,0,0,0,0,0,0,0,0,0,0,0,0,0,0,0,0,0,0,0,0,0,0,0,0,0,0,0,0,26182.176,22798.912,20212.832,18617.472,17049.856,15656.384,14780.864,13872.576,12362.464,10535.84,9492.192,8098.336,6816.192,5639.328,4517.92,3854.208,3314.304,2722.048,2267.808,1761.344,1617.536,1319.52,1213.28,1097.792,1177.408,1081.568,1022.432,880.736,785.12,729.76,684.512,589.28,529.664,467.776,451.616,378.272,367.072,285.312,242.624,196.544,181.024,143.552,102.304,90.432,74.912,71.904,52.864,43.264,36.352,22.336,17.344,6.912,5.856,13.312,0,0,1.632,0,0,1.728,0,0,0,0,0,0,0,0,0,0,0,0,0,0,0,0,0,0,0,0,0,0,0,0,0,0,0,0,0,0,0,0,0,0,0,8.107,10.617,13.326,16.077,19.29,22.255,25.12,28.504,31.531,32.546,31.719,32.38,30.935,28.97,26.508,23.293,21.76,20.342,18.152,16.39,13.916,13.753,12.195,11.908,11.528,13.035,12.648,12.582,11.508,10.841,10.492,10.267,9.276,8.37,7.719,7.559,6.453,6.119,4.956,4.19,3.61,3.103,2.485,1.779,1.547,1.175,1.118,0.878,0.627,0.514,0.324,0.238,0.093,0.094,0.172,0,0,0.02,0,0,0.02,0,0,0,0,0
2026-09-02 22:28:00,1,"Normal Scan","Normal Scan",0,"ON",1,1,1,737.5,5,19.8,97.8,55.9,0.0000000687513,0.0000181713,4.97,8954.6,8.8,736.5,1,"Up Scan","Positive",254,0,4.37,1.6,8,8,0,1,1,14.178,19.259,16.074,9.647,1.655,8379.89,52,20.9,NA,0,0,0,0,0,0,0,0,0,0,0,0,0,0,0,0,0,0,0,0,0,0,0,0,0,0,0,0,0,0,0,29815.488,25504.8,23779.904,20565.824,19030.784,18359.968,17363.008,15809.728,13960.768,11944.896,10793.216,9133.344,7723.328,6519.328,5258.144,4712.544,4056.256,3281.088,2755.776,2193.664,1802.72,1380.352,1187.712,1230.08,1014.432,1017.984,1001.344,891.808,726.56,675.712,605.856,538.88,517.472,440,367.552,356.096,297.568,268.416,230.72,230.144,165.12,109.056,110.208,111.072,75.712,42.72,47.712,41.024,36.48,27.168,10.88,16.512,2.848,8.8,4.704,1.568,0,0,1.728,0,0,0,0,0,0,0,0,0,0,0,0,0,0,0,0,0,0,0,0,0,0,0,0,0,0,0,0,0,0,0,0,0,0,0,0,8.463,12.024,14.998,18.922,21.334,24.818,29.567,33.542,35.9,36.792,36.029,36.808,34.917,32.858,30.633,27.164,26.592,24.832,21.793,19.854,17.042,15.195,12.702,11.666,12.749,11.243,11.838,12.309,11.527,9.935,9.685,9.196,8.314,8.281,7.395,6.374,5.869,5.166,4.822,4.052,3.763,2.946,1.978,1.961,1.785,1.273,0.675,0.767,0.632,0.549,0.378,0.165,0.223,0.038,0.114,0.059,0.02,0,0,0.02,0,0.028,0,0,0,0
2026-09-02 22:33:00,1,"Normal Scan","Normal Scan",0,"ON",1,1,1,737.6,5,20,97.8,55.6,0.0000000688111,0.0000181809,4.97,8954.6,8.8,736.5,1,"Up Scan","Positive",254,0,4.37,1.6,8,8,0,1,1,13.943,19.11,15.903,9.647,1.656,8553.21,52,21,NA,0,0,0,0,0,0,0,0,0,0,0,0,0,0,0,0,0,0,0,0,0,0,0,0,0,0,0,0,0,0,0,30534.72,27649.536,24731.008,21803.616,21008.64,18470.08,16808.48,16094.88,14186.432,12356.96,10302.656,9190.688,7544.832,6411.488,5290.88,4302.24,3570.048,2886.4,2408.16,2013.12,1706.88,1562.144,1260.16,1066.624,1079.168,1083.872,1082.24,913.696,746.464,728.8,723.072,511.552,526.848,472.352,405.696,378.4,337.92,275.328,233.376,188.16,155.104,136.224,112.416,73.312,75.424,77.504,62.016,36.576,40.672,21.408,17.376,23.488,8.256,7.36,3.04,0,4.96,0,0,0,0,0,0,0,0,0,0,0,0,0,0,0,0,0,0,0,0,0,0,0,0,0,0,0,0,0,0,0,0,0,0,0,0,0,0,9.082,12.35,16.258,19.651,22.671,27.415,29.727,32.346,36.542,37.344,37.221,35.12,35.128,32.07,30.123,27.306,24.253,21.936,19.248,17.326,15.752,14.47,14.298,12.393,11.186,12.019,12.689,13.142,11.85,10.372,10.379,10.725,8.13,8.417,7.692,6.699,6.414,5.795,4.685,4.188,3.456,2.813,2.367,1.944,1.314,1.324,1.252,0.962,0.539,0.585,0.342,0.238,0.316,0.113,0.096,0.039,0,0.06,0,0,0,0.014,0,0,0,0
2026-09-02 22:38:00,1,"Normal Scan","Normal Scan",0,"ON",1,1,1,737.9,5,20.3,97.8,56.1,0.0000000689008,0.0000181953,4.97,8954.6,8.8,736.5,1,"Up Scan","Positive",254,0,4.37,1.6,8,8,0,1,1,13.829,19.33,16.031,9.647,1.674,9896.05,52,21,NA,0,0,0,0,0,0,0,0,0,0,0,0,0,0,0,0,0,0,0,0,0,0,0,0,0,0,0,0,0,0,0,36910.4,32420.64,28525.76,26700.608,23872.16,20345.984,18122.784,16373.152,14609.856,13038.304,11334.4,10449.12,9009.344,7974.592,6535.04,5532.672,4515.104,4003.2,3167.616,2746.144,2467.328,2144.832,1747.008,1516.16,1416.864,1457.792,1315.2,1158.112,955.552,825.248,757.088,667.584,615.84,536.544,487.744,381.44,326.176,324.256,269.28,191.744,163.648,143.584,131.808,92.864,90.24,78.528,64.736,39.552,27.712,30.88,13.184,9.792,6.72,4.416,10.72,3.136,4.896,3.392,5.248,0,0,0,0,0,0,0,0,0,0,0,0,0,0,0,0,0,0,0,0,0,0,0,0,0,0,0,0,0,0,0,0,0,0,0,0,11.833,14.925,18.907,22.765,27.501,31.11,32.621,34.966,37.173,38.5,39.22,38.658,39.93,38.37,37.453,33.756,31.257,27.787,26.664,22.872,21.411,20.827,19.45,17.008,15.699,15.595,16.722,15.989,14.753,13.054,11.812,11.047,10.307,9.744,8.623,7.957,6.524,5.753,5.568,4.682,3.52,2.953,2.487,2.252,1.611,1.46,1.231,1.025,0.666,0.443,0.45,0.238,0.149,0.094,0.057,0.136,0.039,0.06,0.04,0.061,0,0.014,0,0,0,0
2026-09-02 22:43:00,1,"Normal Scan","Normal Scan",0,"ON",1,1,1,737.6,5,19.9,97.8,56.1,0.0000000687812,0.0000181761,4.97,8954.6,8.8,736.5,1,"Up Scan","Positive",254,0,4.37,1.6,8,8,0,1,1,14.244,20.221,16.445,9.647,1.713,8691.06,52,20.9,NA,0,0,0,0,0,0,0,0,0,0,0,0,0,0,0,0,0,0,0,0,0,0,0,0,0,0,0,0,0,0,0,32563.872,27170.592,24043.616,20616.128,19000.352,17322.496,16095.872,14566.656,13703.776,12574.976,11245.248,9685.152,8070.56,7252.704,6228.256,4997.984,4421.28,3591.04,2905.728,2456.64,2125.632,1755.648,1544.48,1505.824,1313.6,1259.136,1160.736,1040.832,933.824,764,641.824,696.544,627.648,608.832,510.176,538.432,469.44,362.208,386.688,261.376,215.488,190.048,154.048,136.288,81.376,76.64,50.912,45.536,42.048,26.208,20.032,17.92,11.392,8.864,6.112,7.904,0.992,2.336,0,0,0,0,0,0,0,0,0,0,0,0,0,0,0,0,0,0,0,0,0,0,0,0,0,0,0,0,0,0,0,0,0,0,0,0,0,8.53,13.318,15.962,19.092,21.354,24.776,27.885,31.076,33.126,36.076,37.967,38.342,37.073,34.359,34.065,32.152,28.228,27.101,23.928,21.023,19.231,17.931,15.986,15.117,15.561,14.449,14.556,14.356,13.75,12.87,11.441,10.467,10.926,10.487,10.057,8.62,9.034,7.956,6.329,6.424,4.449,3.782,3.248,2.664,2.205,1.401,1.242,0.806,0.715,0.656,0.396,0.274,0.242,0.151,0.115,0.078,0.098,0.012,0.028,0,0,0,0,0,0,0
2026-09-02 22:48:00,1,"Normal Scan","Normal Scan",0,"ON",1,1,1,738,5,20.5,97.8,55.8,0.0000000689606,0.0000182049,4.97,8954.6,8.8,736.5,1,"Up Scan","Positive",254,0,4.37,1.6,8,8,0,1,1,14.88,21.092,17.047,9.647,1.734,8106.24,52,21.1,NA,0,0,0,0,0,0,0,0,0,0,0,0,0,0,0,0,0,0,0,0,0,0,0,0,0,0,0,0,0,0,0,25518.784,24198.176,21406.368,19009.92,16670.912,15363.84,14911.488,14683.936,13241.504,11777.216,10902.208,9838.272,8504.832,7445.792,6376.96,5401.024,4495.616,3673.952,3060.096,2684.064,2252.064,1787.584,1673.12,1422.624,1376.416,1280.032,1258.72,1107.968,878.72,777.824,745.664,698.816,655.584,587.104,628,503.296,482.016,429.312,329.408,299.072,197.376,168.896,129.792,104.128,92.736,91.808,76.512,46.624,45.216,36.416,17.632,18.176,15.744,8.864,1.536,4.768,3.296,0,0.608,1.152,0,0,0,0,0,0,0,0,0,0,0,0,0,0,0,0,0,0,0,0,0,0,0,0,0,0,0,0,0,0,0,0,0,0,0,8.002,10.333,14.173,16.97,19.679,21.765,24.703,28.741,33.36,34.894,35.534,37.214,37.644,36.222,34.996,32.929,30.483,27.577,24.507,22.057,20.911,18.971,16.362,16.243,14.758,15.117,14.893,15.531,14.491,12.415,11.7,11.678,11.251,10.652,9.863,10.194,8.41,8.029,7.117,5.767,5.205,3.498,3.043,2.337,1.712,1.563,1.51,1.173,0.693,0.677,0.537,0.241,0.26,0.207,0.115,0.019,0.059,0.04,0,0.007,0.013,0,0,0,0,0
2026-09-02 22:53:00,1,"Normal Scan","Normal Scan",0,"ON",1,1,1,737.9,5,20.3,97.8,56.3,0.0000000689008,0.0000181953,4.97,8954.6,8.8,736.5,1,"Up Scan","Positive",254,0,4.37,1.6,8,8,0,1,1,15.022,21.077,17.108,9.647,1.725,7531.34,52,21.1,NA,0,0,0,0,0,0,0,0,0,0,0,0,0,0,0,0,0,0,0,0,0,0,0,0,0,0,0,0,0,0,0,24505.184,21825.664,18064.128,16897.152,15489.856,14905.952,13814.368,13116.544,12694.432,11562.336,10216.992,9411.168,8237.728,7056.928,6376.16,5237.472,4184.992,3483.968,2945.504,2535.488,2054.208,1851.456,1541.472,1354.048,1377.12,1177.216,1080.128,964.384,795.264,699.616,635.328,551.392,550.432,462.144,485.952,480.256,440.8,367.68,291.84,265.152,190.176,158.912,111.584,105.792,88.8,78.016,64.416,45.792,47.072,44.32,22.752,16.672,14.496,13.248,1.536,6.24,3.264,0,0,1.792,0,0,0,0,0,0,0,0,0,0,0,0,0,0,0,0,0,0,0,0,0,0,0,0,0,0,0,0,0,0,0,0,0,0,0,7.348,9.858,12.7,14.407,17.458,20.242,23.944,26.638,29.779,33.43,34.876,34.874,35.986,35.057,33.165,32.895,29.544,25.743,23.215,21.238,19.805,17.298,16.742,14.933,13.971,14.873,13.671,13.151,12.495,11.127,10.389,10.09,9.133,9.097,7.819,8.163,8.03,7.305,6.274,5.091,4.742,3.347,2.83,2.2,1.851,1.473,1.298,1.032,0.732,0.713,0.624,0.313,0.241,0.226,0.172,0.019,0.079,0.04,0,0,0.02,0.028,0,0,0,0
2026-09-02 22:58:00,1,"Normal Scan","Normal Scan",0,"ON",1,1,1,737.6,5,19.9,97.8,56.2,0.0000000687812,0.0000181761,4.97,8954.6,8.8,736.5,1,"Up Scan","Positive",254,0,4.37,1.6,8,8,0,1,1,14.094,20.482,16.496,9.647,1.738,8288.48,52,21,NA,0,0,0,0,0,0,0,0,0,0,0,0,0,0,0,0,0,0,0,0,0,0,0,0,0,0,0,0,0,0,0,33805.824,27048.544,22995.616,20145.216,16840.928,15624.672,14364.8,13039.872,12071.168,10864.8,10099.072,8910.4,7902.304,6970.944,5827.68,4773.76,3991.776,3703.488,3089.088,2739.584,2311.776,2062.432,1708.16,1541.824,1413.792,1319.68,1235.232,1026.368,905.792,794.432,657.344,614.496,596.512,572.032,516,530.624,513.664,379.264,359.936,304.736,224.768,158.72,137.952,104.032,108.352,72.736,59.968,40.768,51.104,32.832,18.88,9.6,12.672,7.968,6.112,4.736,1.632,1.664,1.728,1.696,0,0,0,0,0,0,0,0,0,0,0,0,0,0,0,0,0,0,0,0,0,0,0,0,0,0,0,0,0,0,0,0,0,0,0,10.761,13.718,15.841,18.269,20.755,21.925,25.107,27.756,29.65,31.829,32.75,34.515,34.101,33.664,32.771,30.143,27.015,24.63,24.722,22.348,21.392,19.475,18.635,16.56,15.884,15.464,15.095,15.037,13.493,12.596,11.791,10.659,10.06,9.958,9.671,8.779,8.756,8.46,6.445,6.188,5.134,3.875,2.829,2.462,1.796,1.7,1.208,0.943,0.666,0.758,0.486,0.274,0.13,0.2,0.103,0.078,0.059,0.02,0.02,0.02,0.02,0.014,0,0,0,0
2026-09-02 23:03:00,1,"Normal Scan","Normal Scan",0,"ON",1,1,1,738,5,20.5,97.8,55.8,0.0000000689606,0.0000182049,4.97,8954.6,8.8,736.5,1,"Up Scan","Positive",254,0,4.37,1.6,8,8,0,1,1,14.368,21.404,17.009,9.647,1.774,7305.42,52,21.1,NA,0,0,0,0,0,0,0,0,0,0,0,0,0,0,0,0,0,0,0,0,0,0,0,0,0,0,0,0,0,0,0,26687.584,23168.064,19879.04,17946.4,15002.176,13864.032,12899.712,11219.648,10151.104,9251.968,8353.44,7817.792,6929.44,5959.84,5416.096,4672.256,4240,3794.176,3140.544,2640.544,2583.968,1914.208,1927.84,1627.68,1472.16,1335.488,1257.6,1007.456,756.448,698.752,635.968,607.296,589.344,560.352,552.8,542.368,506.08,425.888,388.64,317.728,231.296,149.344,117.088,122.56,72.672,82.272,52.768,66.56,43.52,19.104,22.848,20.672,7.456,8.864,1.536,4.704,4.928,1.696,0,1.76,0,0,0,0,0,0,0,0,0,0,0,0,0,0,0,0,0,0,0,0,0,0,0,0,0,0,0,0,0,0,0,0,0,0,0,9.258,10.818,13.558,15.761,18.553,19.554,22.287,24.84,25.455,26.731,27.917,28.538,29.965,29.572,28.115,28.027,26.524,26.091,25.39,22.726,20.654,21.669,17.392,18.451,16.507,15.852,15.329,15.292,13.21,10.77,10.85,10.382,10.098,9.965,9.636,9.274,8.85,8.264,7.216,6.349,5.458,3.958,2.8,1.992,2.056,1.271,1.297,0.847,1.002,0.664,0.288,0.329,0.279,0.132,0.115,0.019,0.059,0.06,0.02,0,0.02,0.014,0,0,0,0
2026-09-02 23:08:00,1,"Normal Scan","Normal Scan",0,"ON",1,1,1,737.8,5,20.2,97.8,56.4,0.0000000688709,0.0000181905,4.97,8954.6,8.8,736.5,1,"Up Scan","Positive",254,0,4.37,1.6,8,8,0,1,1,13.229,20.72,16.259,9.647,1.795,7629.63,52,21.1,NA,0,0,0,0,0,0,0,0,0,0,0,0,0,0,0,0,0,0,0,0,0,0,0,0,0,0,0,0,0,0,0,39271.872,29563.584,21810.432,17999.488,15330.432,12659.264,10688.224,9616.672,8945.536,8318.4,7591.104,6664.864,6164.96,5563.744,5040.576,4486.432,3779.232,3455.328,2975.584,2612,2389.024,2015.424,1910.464,1770.496,1557.376,1485.28,1268.896,1108.672,884.544,771.264,683.744,672.608,629.152,644.032,609.76,471.808,573.856,436.32,357.568,322.592,240.736,169.408,112.896,121.28,94.656,62.752,47.232,49.504,44.576,31.456,13.984,18.144,15.808,10.336,3.04,1.6,3.296,3.36,3.488,0,0,0,0,0,0,0,0,0,0,0,0,0,0,0,0,0,0,0,0,0,0,0,0,0,0,0,0,0,0,0,0,0,0,0,0,13.133,15.808,17.138,17.346,18.562,19.926,20.303,20.559,21.867,23.608,25.122,25.97,25.577,26.355,26.266,26.114,25.446,23.356,23.214,21.674,20.509,20.217,18.301,18.424,17.994,16.87,16.924,15.54,14.543,12.628,11.563,10.973,11.234,10.356,10.729,10.15,7.938,9.154,7.366,6.02,5.328,4.075,3.032,2.069,1.938,1.581,1.113,0.789,0.732,0.656,0.486,0.219,0.26,0.226,0.134,0.039,0.02,0.04,0.04,0.041,0,0.014,0,0,0,0
2026-09-02 23:13:00,1,"Normal Scan","Normal Scan",0,"ON",1,1,1,737.6,5,19.9,97.8,56.1,0.0000000687812,0.0000181761,4.97,8954.6,8.8,736.5,1,"Up Scan","Positive",254,0,4.37,1.6,8,8,0,1,1,13.408,20.998,16.359,9.647,1.801,7231.47,52,21,NA,0,0,0,0,0,0,0,0,0,0,0,0,0,0,0,0,0,0,0,0,0,0,0,0,0,0,0,0,0,0,0,33875.808,27308.352,22060.576,17151.424,14481.184,12812.64,10670.944,10183.072,9228.352,8413.216,7572.032,6297.312,5614.72,5114.592,4660.096,3901.856,3380.768,2967.936,2619.712,2355.264,2192.416,1849.728,1721.024,1642.56,1427.456,1416.416,1257.376,1027.328,854.752,729.312,711.776,631.712,540.064,591.456,573.056,597.6,531.232,481.504,420.864,330.112,299.168,204.544,151.392,130.24,92.224,75.552,59.648,38.88,47.2,33.728,24.704,19.04,5.856,4.448,6.112,4.768,6.56,1.664,3.52,0,0,0,0,0,0,0,0,0,0,0,0,0,0,0,0,0,0,0,0,0,0,0,0,0,0,0,0,0,0,0,0,0,0,0,0,10.504,13.718,15.978,17.521,17.688,18.883,20.546,20.524,23.146,24.343,25.379,25.881,24.116,23.969,24.143,24.154,22.161,20.916,19.966,19.092,18.534,18.606,16.88,16.637,16.746,15.558,16.308,15.161,13.437,12.26,11.222,11.544,10.758,9.517,10.221,9.942,9.99,8.818,7.984,7.059,5.548,4.927,3.506,2.647,2.166,1.603,1.198,0.925,0.608,0.744,0.522,0.348,0.279,0.094,0.057,0.078,0.059,0.08,0.02,0.041,0,0.014,0,0,0,0
2026-09-02 23:18:00,1,"Normal Scan","Normal Scan",0,"ON",1,1,1,738,5,20.5,97.8,56.1,0.0000000689606,0.0000182049,4.97,8954.6,8.8,736.5,1,"Up Scan","Positive",254,0,4.37,1.6,8,8,0,1,1,14.299,23.273,17.518,9.647,1.887,5296.24,53,21.2,NA,0,0,0,0,0,0,0,0,0,0,0,0,0,0,0,0,0,0,0,0,0,0,0,0,0,0,0,0,0,0,0,21001.408,17115.904,14285.984,12498.624,11081.92,9122.592,8780.704,8206.784,7043.648,6812.896,5624.512,4915.36,4289.152,3877.056,3358.176,2987.872,2719.904,2360.352,2195.488,1814.464,1782.944,1545.728,1442.528,1458.24,1280.832,1252.768,1044.608,1059.776,886.336,754.08,691.36,603.168,630.336,600.288,666.016,645.216,546.048,527.104,472.928,333.856,273.248,209.152,177.568,120.992,76.192,83.808,75.072,55.136,31.808,20.608,13.536,8.512,4.448,2.944,0,3.168,1.632,3.392,0,1.792,0,0,0,0,0,0,0,0,0,0,0,0,0,0,0,0,0,0,0,0,0,0,0,0,0,0,0,0,0,0,0,0,0,0,0,6.551,8.502,9.969,11.311,12.902,14.459,14.655,16.912,18.639,18.538,20.526,19.203,18.822,18.278,18.285,17.412,16.986,16.818,15.89,16.055,14.403,15.166,14.141,14.208,15.072,14.091,14.447,13.074,13.951,12.703,11.9,11.321,10.505,11.052,10.389,11.088,10.618,9.205,8.593,7.632,5.664,4.612,3.483,2.872,1.922,1.231,1.281,1.114,0.802,0.496,0.306,0.201,0.13,0.075,0.038,0,0.039,0.02,0.04,0,0.02,0.014,0,0,0,0
2026-09-02 23:23:00,1,"Normal Scan","Normal Scan",0,"ON",1,1,1,737.6,5,20,97.8,56.6,0.0000000688111,0.0000181809,4.97,8954.6,8.8,736.5,1,"Up Scan","Positive",254,0,4.37,1.6,8,8,0,1,1,13.517,21.412,16.622,9.647,1.819,6585.7,52,21.1,NA,0,0,0,0,0,0,0,0,0,0,0,0,0,0,0,0,0,0,0,0,0,0,0,0,0,0,0,0,0,0,0,32422.72,22997.248,18740.448,15740,13635.488,10571.136,9855.04,8529.632,7799.456,6848.544,6564.64,6271.648,5418.432,5138.752,4660.032,4042.304,3683.712,3175.488,2932.096,2427.328,2121.408,1852.96,1601.984,1469.056,1251.456,1191.04,963.68,879.136,783.616,699.04,637.344,577.728,593.888,557.76,594.464,583.712,575.776,506.016,424.672,383.2,254.56,186.688,144.384,111.168,82.752,65.44,52.704,43.712,22.368,25.216,22.112,8.192,2.688,8.832,4.608,1.568,3.264,0,0,0,0,0,0,0,0,0,0,0,0,0,0,0,0,0,0,0,0,0,0,0,0,0,0,0,0,0,0,0,0,0,0,0,0,0,0,10.763,13.107,13.418,14.882,16.221,17.751,16.959,19.048,19.367,20.553,20.668,22.477,24.022,23.157,24.261,24.162,22.91,22.729,21.262,21.194,18.932,17.821,16.639,15.444,15,13.703,13.782,12.073,11.803,11.291,10.971,10.667,10.098,10.353,10.002,9.963,9.64,9.37,8.179,6.954,6.145,4.296,3.07,2.399,1.857,1.328,1.006,0.839,0.658,0.35,0.37,0.302,0.11,0.038,0.114,0.059,0.02,0.04,0,0,0,0.014,0,0,0,0
2026-09-02 23:28:00,1,"Normal Scan","Normal Scan",0,"ON",1,1,1,737.7,5,20.2,97.7,56.1,0.0000000689414,0.0000181905,4.97,8954.6,8.8,736.5,1,"Up Scan","Positive",254,0,4.37,1.6,8,8,0,1,1,12.648,19.607,15.566,9.647,1.754,6940.67,53,21.1,NA,0,0,0,0,0,0,0,0,0,0,0,0,0,0,0,0,0,0,0,0,0,0,0,0,0,0,0,0,0,0,0,39032.512,28728.416,23104.736,16871.872,13287.776,10704.992,9664.256,8514.88,7843.232,7102.912,6321.344,5741.28,5441.248,4726.528,4155.36,3743.232,3290.464,2958.528,2491.008,2349.152,2063.392,1584.256,1235.872,1120.992,1103.616,967.52,850.08,618.24,558.816,510.528,513.504,454.944,474.592,542.848,495.552,490.432,496.032,408.96,360.48,273.248,216,183.36,90.56,76.896,62.56,61.92,53.504,37.824,35.264,29.632,18.72,11.072,14.208,4.416,1.536,3.168,1.632,1.696,0,0,0,0,0,0,0,0,0,0,0,0,0,0,0,0,0,0,0,0,0,0,0,0,0,0,0,0,0,0,0,0,0,0,0,0,0,13.859,15.749,16.677,18.262,17.393,17.317,17.194,18.587,19.316,20.707,21.444,21.585,22.035,23.214,22.274,21.57,21.228,20.254,19.694,17.948,18.259,17.15,14.237,11.815,11.437,11.899,11.211,10.438,8.608,8.498,8.272,8.669,8.067,8.404,9.089,8.297,8.239,7.911,6.61,5.856,4.621,3.607,3.106,1.719,1.298,1.052,1.045,0.806,0.558,0.531,0.432,0.256,0.149,0.188,0.057,0.019,0.039,0.02,0.02,0,0,0,0,0,0,0
2026-09-02 23:33:00,1,"Normal Scan","Normal Scan",0,"ON",1,1,1,737.9,5,20.4,97.8,56.6,0.0000000689307,0.0000182001,4.97,8954.6,8.8,736.5,1,"Up Scan","Positive",254,0,4.37,1.6,8,8,0,1,1,12.237,18.521,14.953,9.647,1.708,7432.96,52,21.2,NA,0,0,0,0,0,0,0,0,0,0,0,0,0,0,0,0,0,0,0,0,0,0,0,0,0,0,0,0,0,0,0,45595.616,33461.312,25569.344,18085.6,14649.408,11431.936,10233.28,8479.008,8155.52,7244.256,6528.8,5918.848,5387.936,4844,4262.56,3679.552,2973.216,2689.856,2233.664,1844.32,1683.84,1423.68,1261.312,1129.632,953.024,880.736,762.816,622.912,554.4,466.336,421.248,394.048,357.664,472.224,436.832,486.592,413.728,430.464,356.96,252.128,178.144,155.488,132.384,89.92,59.392,45.984,40.576,27.52,15.296,20.448,13.92,12.448,12.8,7.424,3.008,7.904,0,3.424,0,0,0,0,0,0,0,0,0,0,0,0,0,0,0,0,0,0,0,0,0,0,0,0,0,0,0,0,0,0,0,0,0,0,0,0,0,17.089,18.4,19.383,20.18,18.624,19.052,18.344,19.708,19.28,21.478,21.856,22.3,22.655,22.974,22.809,22.016,20.79,18.31,17.964,16.172,14.392,14.112,12.776,12.049,11.456,10.31,10.121,9.375,8.258,8.307,7.656,7.218,7.228,6.83,8.089,7.295,7.962,6.935,6.928,5.68,4.18,2.953,2.605,2.191,1.481,1.012,0.793,0.686,0.424,0.26,0.288,0.219,0.167,0.17,0.096,0.039,0.098,0,0.04,0,0,0,0,0,0,0
2026-09-02 23:38:00,1,"Normal Scan","Normal Scan",0,"ON",1,1,1,737.5,5,19.9,97.7,56.6,0.0000000688516,0.0000181761,4.97,8954.6,8.8,736.5,1,"Up Scan","Positive",254,0,4.37,1.6,8,8,0,1,1,12.713,19.427,15.477,9.647,1.741,6363.8,52,21,NA,0,0,0,0,0,0,0,0,0,0,0,0,0,0,0,0,0,0,0,0,0,0,0,0,0,0,0,0,0,0,0,36248.256,25535.2,20367.264,15626.496,12691.328,10509.952,9080.032,8057.184,7545.184,6809.568,5949.888,5405.632,4946.208,4357.056,3777.44,3275.712,2801.632,2582.752,2140.704,1707.2,1638.88,1397.152,1153.216,1112.032,1005.952,825.536,733.792,595.84,540.384,449.184,445.568,388.704,396.544,426.592,415.648,441.92,403.776,372.608,345.792,273.856,219.2,150.528,105.792,86.144,83.424,50.304,43.424,33.024,16.416,23.008,18.848,12,7.52,2.944,1.504,3.168,0,3.36,1.728,1.792,0,0,0,0,0,0,0,0,0,0,0,0,0,0,0,0,0,0,0,0,0,0,0,0,0,0,0,0,0,0,0,0,0,0,0,12.539,14.651,14.915,16.149,16.089,16.504,16.839,17.518,18.29,19.881,20.533,20.308,20.717,21.077,20.522,19.537,18.537,17.275,17.228,15.493,13.399,13.702,12.545,11.007,11.314,10.813,9.546,9.054,8.096,7.894,7.27,7.537,6.932,7.287,7.484,7.286,7.35,6.614,6.204,5.697,4.406,3.66,2.424,1.88,1.437,1.361,0.843,0.669,0.488,0.266,0.342,0.274,0.161,0.119,0.038,0.019,0.039,0,0.04,0.02,0.02,0.014,0,0,0,0
2026-09-02 23:43:00,1,"Normal Scan","Normal Scan",0,"ON",1,1,1,737.6,5,20.1,97.7,56.1,0.0000000689115,0.0000181857,4.97,8954.6,8.8,736.5,1,"Up Scan","Positive",254,0,4.37,1.6,8,8,0,1,1,13.156,19.892,15.973,9.647,1.749,7003.16,52,21,NA,0,0,0,0,0,0,0,0,0,0,0,0,0,0,0,0,0,0,0,0,0,0,0,0,0,0,0,0,0,0,0,37901.536,27511.072,20902.432,15432.096,12920.416,10802.496,9845.184,9040.512,8330.144,7408.768,6833.44,6557.056,5954.24,5630.048,4922.656,4497.088,3935.168,3415.84,3048.128,2519.712,2101.312,1766.432,1572.544,1396,1241.984,977.152,926.08,690.912,639.68,565.024,473.44,443.872,484.736,393.248,441.088,466.88,392.704,376.992,297.376,264.8,210.464,121.12,108.48,70.784,53.088,46.016,34.72,35.072,25.6,19.616,22.784,7.04,5.728,4.416,9.12,3.2,1.632,0,0,1.792,0,0,0,0,0,0,0,0,0,0,0,0,0,0,0,0,0,0,0,0,0,0,0,0,0,0,0,0,0,0,0,0,0,0,0,13.274,15.25,16.046,16.604,15.937,16.782,17.287,18.983,20.55,21.946,22.41,23.389,25.151,25.454,26.574,25.513,25.453,24.198,22.807,21.968,19.588,17.523,15.81,14.923,14.117,13.35,11.192,11.359,9.148,9.002,8.804,7.872,7.687,8.211,6.925,7.497,7.524,6.474,6.051,4.877,4.268,3.442,2.146,1.834,1.292,0.88,0.741,0.564,0.559,0.39,0.288,0.311,0.111,0.075,0.057,0.116,0.039,0.02,0,0,0.021,0,0,0,0,0
2026-09-02 23:48:00,1,"Normal Scan","Normal Scan",0,"ON",1,1,1,737.9,5,20.4,97.8,56.5,0.0000000689307,0.0000182001,4.97,8954.6,8.8,736.5,1,"Up Scan","Positive",254,0,4.37,1.6,8,8,0,1,1,13.483,20.266,16.285,9.647,1.758,7022.53,52,21.1,NA,0,0,0,0,0,0,0,0,0,0,0,0,0,0,0,0,0,0,0,0,0,0,0,0,0,0,0,0,0,0,0,36389.728,27568.512,19740,14878.208,12225.984,11139.392,9504.928,8579.168,8301.824,8102.112,7563.52,6952.448,6372.224,5618.88,4957.984,4341.344,3964.64,3854.624,3592.064,3022.4,2571.104,2160.096,1855.968,1522.4,1289.312,1092.48,979.136,781.92,682.048,512.96,470.272,392.352,412,441.312,447.2,439.712,376.672,356.352,272.448,231.264,168.384,140.416,104.512,65.696,58.432,48.192,41.024,22.528,16.192,30.912,11.712,13.984,10.496,8.864,7.648,4.032,4.064,3.328,3.52,0,0,0,0,0,0,0,0,0,0,0,0,0,0,0,0,0,0,0,0,0,0,0,0,0,0,0,0,0,0,0,0,0,0,0,0,12.895,14.738,15.997,15.634,15.378,15.923,17.866,18.32,19.507,21.896,24.459,25.865,26.649,27.243,26.575,25.792,24.682,24.491,25.78,25.83,23.38,21.349,19.202,17.552,15.357,13.728,12.32,11.717,10.228,9.612,8.07,7.754,6.867,7.151,7.393,7.376,7.187,6.208,5.76,4.485,3.875,2.873,2.277,1.831,1.208,1.028,0.843,0.686,0.389,0.277,0.475,0.176,0.204,0.151,0.115,0.097,0.049,0.049,0.04,0.041,0,0.014,0,0,0,0
2026-09-02 23:53:00,1,"Normal Scan","Normal Scan",0,"ON",1,1,1,737.5,5,19.9,97.7,56.7,0.0000000688516,0.0000181761,4.97,8954.6,8.8,736.5,1,"Up Scan","Positive",254,0,4.37,1.6,8,8,0,1,1,12.648,18.694,15.244,9.647,1.7,7337.29,52,21,NA,0,0,0,0,0,0,0,0,0,0,0,0,0,0,0,0,0,0,0,0,0,0,0,0,0,0,0,0,0,0,0,43392.32,29976.864,23182.752,17292.928,14251.936,11562.848,10657.6,9039.2,8590.56,8247.328,7586.144,6757.856,5941.696,5342.016,4828.416,3762.208,3184.736,2601.28,2284.992,1940.256,1569.216,1465.536,1198.304,1180.832,1037.792,879.552,752.544,641.952,604.352,524.064,473.184,475.264,406.72,428.48,412.448,371.712,388.256,305.856,276.704,224.032,188.704,142.24,84.416,68.288,64.64,55.552,35.52,27.68,24.064,19.648,17.44,9.632,3.872,5.92,3.072,0,0,1.696,0,0,0,0,0,0,0,0,0,0,0,0,0,0,0,0,0,0,0,0,0,0,0,0,0,0,0,0,0,0,0,0,0,0,0,0,0,14.195,17.515,17.374,18.289,17.842,18.593,18.578,20.518,20.55,22.667,24.893,25.906,25.87,25.321,25.119,24.943,21.25,19.577,17.371,16.522,15.157,13.214,13.133,11.493,12.076,11.224,10.224,9.34,8.578,8.624,7.981,7.701,7.879,6.96,7.217,6.981,6.305,6.214,5.072,4.622,3.757,3.106,2.319,1.494,1.192,1.062,0.86,0.566,0.422,0.351,0.288,0.238,0.13,0.057,0.077,0.039,0,0,0.02,0,0,0.014,0,0,0,0
2026-09-02 23:58:00,1,"Normal Scan","Normal Scan",0,"ON",1,1,1,737.9,5,20.4,97.7,56,0.0000000690013,0.0000182001,4.97,8954.6,8.8,736.5,1,"Up Scan","Positive",254,0,4.37,1.6,8,8,0,1,1,13.218,19.451,15.851,9.647,1.719,7610.32,52,21.1,NA,0,0,0,0,0,0,0,0,0,0,0,0,0,0,0,0,0,0,0,0,0,0,0,0,0,0,0,0,0,0,0,40473.248,30076.16,22474.336,17094.144,13479.392,11785.76,10435.456,10061.024,9445.984,8924.8,8588.64,7660.384,6800.736,6070.144,5511.648,4652.32,3961.632,3474.688,3146.592,2680.736,2281.088,1891.2,1715.424,1403.616,1140.48,975.456,833.76,663.264,605.216,533.792,488.352,488.224,465.472,435.424,463.68,428.192,356.128,288.896,269.824,272.128,195.136,111.552,92.576,69.504,56.288,50.624,41.856,25.152,19.264,23.36,16.096,7.2,11.424,5.92,0,3.2,0,0,0,3.616,0,0,0,0,0,0,0,0,0,0,0,0,0,0,0,0,0,0,0,0,0,0,0,0,0,0,0,0,0,0,0,0,0,0,0,14.501,16.257,17.507,17.755,17.591,17.481,18.893,20.157,22.882,24.899,26.952,29.297,29.343,29.002,28.627,28.508,26.357,24.409,23.223,22.659,20.725,18.921,16.829,16.171,14.181,12.251,11.221,10.333,8.924,8.708,8.276,7.924,7.861,7.747,7.52,7.682,6.927,5.838,4.791,4.46,4.454,3.234,1.875,1.57,1.208,0.945,0.843,0.651,0.383,0.301,0.324,0.219,0.13,0.151,0.076,0,0.039,0,0,0,0.041,0,0,0,0,0
