"date","Flag","Detector.Status","Classifier.Errors","Communication.Status","Neutralizer.Status","Detector.Inlet.Flow..L.min.","Detector.Counting.Flow..L.min.","Impactor.Flow..L.min.","Impactor.D50..nm.","Sheath.Flow..L.min.","Sheath.Temp..C.","Sheath.Pressure..kPa.","Sheath.Relative.Humidity....","Mean.Free.Path..m.","Gas.Viscosity..Pa.s.","Low.Voltage..V.","High.Voltage..V.","Lower.Size..nm.","Upper.Size..nm.","Wide.Range.Scan.Mode","Scan.Direction","HV.Polarity","DMA.V.Ramping.Up..TUP...s.","DMA.V.Ramping.Down..TDOWN...s.","DMA.Column.transit.time.Tf..s.","DMA.Exit.to.Optical.Detector.Td..s.","DMA.at.Low.Voltage..TLOW...s.","DMA.at.High.Voltage..THIGH...s.","Adjustment..s.","Dilution.Factor","Aerosol.Density..g.cm..","Median..nm.","Mean..nm.","Geo..Mean..nm.","Mode..nm.","Geo..Std..Dev","Total.Concentration....cm..","Aerosol.Humidity....","Aerosol.Temperature..C.","Reserved.1","part_1.04","part_1.11","part_1.20","part_1.29","part_1.38","part_1.49","part_1.60","part_1.72","part_1.84","part_1.98","part_2.13","part_2.29","part_2.46","part_2.64","part_2.84","part_3.05","part_3.28","part_3.52","part_3.79","part_4.07","part_4.37","part_4.70","part_5.05","part_5.42","part_5.83","part_6.26","part_6.73","part_7.23","part_7.77","part_8.35","part_8.98","part_9.65","part_10.37","part_11.14","part_11.97","part_12.86","part_13.82","part_14.86","part_15.96","part_17.15","part_18.43","part_19.81","part_21.29","part_22.88","part_24.58","part_26.42","part_28.39","part_30.51","part_32.78","part_35.23","part_37.86","part_40.68","part_43.71","part_46.98","part_50.48","part_54.25","part_58.29","part_62.64","part_67.32","part_72.34","part_77.74","part_83.54","part_89.77","part_96.47","part_103.66","part_111.40","part_119.71","part_128.64","part_138.24","part_148.55","part_159.63","part_171.54","part_184.34","part_198.10","part_212.88","part_228.76","part_245.82","part_264.16","part_283.87","part_305.05","part_327.81","part_352.27","part_378.55","part_406.79","part_437.14","part_469.76","part_504.81","part_542.47","part_582.94","part_626.43","part_673.17","part_723.39","part_777.37","part_835.36","part_897.69","part_964.66","raw_1.04","raw_1.11","raw_1.20","raw_1.29","raw_1.38","raw_1.49","raw_1.60","raw_1.72","raw_1.84","raw_1.98","raw_2.13","raw_2.29","raw_2.46","raw_2.64","raw_2.84","raw_3.05","raw_3.28","raw_3.52","raw_3.79","raw_4.07","raw_4.37","raw_4.70","raw_5.05","raw_5.42","raw_5.83","raw_6.26","raw_6.73","raw_7.23","raw_7.77","raw_8.35","raw_8.98","raw_9.65","raw_10.37","raw_11.14","raw_11.97","raw_12.86","raw_13.82","raw_14.86","raw_15.96","raw_17.15","raw_18.43","raw_19.81","raw_21.29","raw_22.88","raw_24.58","raw_26.42","raw_28.39","raw_30.51","raw_32.78","raw_35.23","raw_37.86","raw_40.68","raw_43.71","raw_46.98","raw_50.48","raw_54.25","raw_58.29","raw_62.64","raw_67.32","raw_72.34","raw_77.74","raw_83.54","raw_89.77","raw_96.47","raw_103.66","raw_111.40","raw_119.71","raw_128.64","raw_138.24","raw_148.55","raw_159.63","raw_171.54","raw_184.34","raw_198.10","raw_212.88","raw_228.76","raw_245.82","raw_264.16","raw_283.87","raw_305.05","raw_327.81","raw_352.27","raw_378.55","raw_406.79","raw_437.14","raw_469.76","raw_504.81","raw_542.47","raw_582.94","raw_626.43","raw_673.17","raw_723.39","raw_777.37","raw_835.36","raw_897.69","raw_964.66"
2026-09-27,1,"Normal Scan","Normal Scan",0,"ON",1,1,1,735.9,5,17.3,98.2,42.2,0.0000000677274,0.0000180511,4.97,8976.18,8.8,736.5,1,"Up Scan","Positive",254,0,4.37,1.6,8,8,0,1,1,42.096,55.67,43.656,40.679,1.977,9814.42,43,16.2,NA,0,0,0,0,0,0,0,0,0,0,0,0,0,0,0,0,0,0,0,0,0,0,0,0,0,0,0,0,0,0,0,2367.007,2278.879,2483.355,2589.053,2860.238,3325.359,3803.424,4200.25,5188.007,5816.461,6664.909,7442.827,8426.585,9208.149,10244.222,11242.161,12363.264,13321.356,14234.641,14640.08,14841.906,14390.739,13578.426,12600.797,11438.25,10661.056,9699.339,9180.536,8603.11,7959.98,7306.472,6508.997,6100.674,5610.768,5087.325,4619.087,4016.779,3591.431,3027.856,2598.079,2083.316,1719.386,1459.898,1109.421,933.505,631.692,518.217,368.689,270.825,228.247,154.18,118.274,101.217,73.833,62.284,33.489,26.2,20.236,12.176,14.373,0,0,0,0,0,0,0,0,0,0,0,0,0,0,0,0,0,0,0,0,0,0,0,0,0,0,0,0,0,0,0,0,0,0,0,0.623,0.985,1.359,2.02,2.736,3.777,5.429,7.424,9.714,13.899,17.915,23.275,29.257,36.996,44.878,54.99,66.179,79.132,92.302,106.069,117.18,127.14,131.758,133.346,132.205,128.047,126.711,122.159,122.29,120.283,116.277,112.041,103.44,99.307,93.328,85.621,78.266,69.143,61.269,52.214,43.917,35.34,29.132,24.386,18.361,15.166,10.447,8.404,5.803,4.261,3.443,2.275,1.717,1.476,0.96,0.795,0.416,0.319,0.242,0.143,0.165,0.1,0,0,0,0
2026-09-27 00:05:00,1,"Normal Scan","Normal Scan",0,"ON",1,1,1,735.5,5,16.8,98.2,42.3,0.0000000675787,0.000018027,4.97,8976.18,8.8,736.5,1,"Up Scan","Positive",254,0,4.37,1.6,8,8,0,1,1,42.675,56.176,44.221,37.855,1.964,9531.7,44,15.6,NA,0,0,0,0,0,0,0,0,0,0,0,0,0,0,0,0,0,0,0,0,0,0,0,0,0,0,0,0,0,0,0,1675.136,2146.82,2246.6,2285.92,2903.194,2964.327,3816.454,3990.587,4633.484,5257.59,6123.62,6879.908,8018.55,8869.14,9762.505,10872.319,11884.501,12731.237,13849.147,14771.706,14645.887,14351.456,13814.062,12688.375,11669.502,10733.553,9695.263,8657.191,8204.355,7748.871,7364.5,6459.028,5831.022,5522.613,4795.971,4425.244,3860.744,3466.629,2996.539,2437.7,2041.221,1770.198,1424.56,1148.416,892.522,671.821,499.762,358.236,264.139,245.817,160.897,127.358,72.446,84.083,62.441,64.855,33.726,14.109,13.943,12.604,0,0,0,0,0,0,0,0,0,0,0,0,0,0,0,0,0,0,0,0,0,0,0,0,0,0,0,0,0,0,0,0,0,0,0,0.582,0.685,1.289,1.813,2.402,3.862,4.846,7.452,9.209,12.445,16.221,21.435,27.108,35.222,43.27,52.609,64.103,76.276,88.536,103.423,118.33,125.74,131.358,134.837,132.592,130.212,127.543,121.892,115.517,115.193,113.164,111.103,102.806,95.567,91.38,81.342,75.779,66.677,59.762,51.599,42.003,34.819,29.47,24.071,18.96,14.853,10.787,8.156,5.781,4.324,3.72,2.333,1.84,1.01,1.095,0.797,0.808,0.412,0.169,0.163,0.144,0.017,0,0,0,0
2026-09-27 00:10:00,1,"Normal Scan","Normal Scan",0,"ON",1,1,1,735.7,5,17.1,98.2,41.9,0.0000000676679,0.0000180415,4.97,8976.18,8.8,736.5,1,"Up Scan","Positive",254,0,4.37,1.6,8,8,0,1,1,43.275,56.975,44.922,37.855,1.96,9684.83,43,16.1,NA,0,0,0,0,0,0,0,0,0,0,0,0,0,0,0,0,0,0,0,0,0,0,0,0,0,0,0,0,0,0,0,1915.918,1711.292,2114.681,2106.884,2937.067,2780.019,3615.14,4014.444,4453.161,5277.622,5656.721,6611.335,7775.821,9019.95,9670.802,10965.6,11991.331,13325.251,14103.689,15107.859,14806.511,14593.605,14264.047,13071.372,11963.512,10971.843,10062.258,9097.418,8521.405,7969.987,7215.411,6763.898,6289.068,5627.672,5070.293,4607.619,4056.508,3546.823,3177.004,2565.801,2174.128,1818.466,1523.795,1181.91,928.139,740.474,540.958,436.047,268.084,239.111,174.607,133.9,88.948,77.931,71.875,36.368,30.95,21.906,13.999,16.28,0,0,0,0,0,0,0,0,0,0,0,0,0,0,0,0,0,0,0,0,0,0,0,0,0,0,0,0,0,0,0,0,0,0,0,0.322,0.797,1.01,1.697,2.237,3.888,4.552,7.085,9.253,11.959,16.227,19.837,26.06,34.255,43.982,52.125,64.631,76.928,92.575,105.448,121.007,127.067,133.927,139.286,136.695,133.038,130.154,126.747,121.553,119.063,117.169,110.712,106.809,102.322,93.873,86.078,78.911,70.144,61.596,54.517,44.225,37.355,30.525,25.34,19.78,15.302,11.983,8.648,7.006,4.285,3.58,2.534,1.973,1.347,1.017,0.915,0.453,0.379,0.263,0.163,0.186,0.118,0,0,0,0
2026-09-27 00:15:00,1,"Normal Scan","Normal Scan",0,"ON",1,1,1,735.8,5,17.2,98.2,42.4,0.0000000676977,0.0000180463,4.97,8976.18,8.8,736.5,1,"Up Scan","Positive",254,0,4.37,1.6,8,8,0,1,1,43.937,57.095,45.451,43.714,1.931,9629.71,43,16,NA,0,0,0,0,0,0,0,0,0,0,0,0,0,0,0,0,0,0,0,0,0,0,0,0,0,0,0,0,0,0,0,1553.713,1414.135,1708.407,1995.197,2160.292,2757.168,3283.575,3890.508,4403.797,4854.884,5580.678,6277.109,7524.238,8302.287,9650.788,10923.167,11983.006,13307.016,14125.271,14637.909,15158.917,15531.929,15077.201,14164.094,12870.876,11620.231,9939.283,9155,8301.857,7797.182,6993.876,6628.89,6122.44,5521.249,4950.663,4555.319,4040.741,3480.218,3069.895,2658.387,2166.049,1748.843,1438.016,1170.922,927.049,660.277,508.66,400.87,268.552,266.076,169.187,127.493,106.244,66.629,54.877,44.341,26.059,15.267,10.437,3.617,0,0,0,0,0,0,0,0,0,0,0,0,0,0,0,0,0,0,0,0,0,0,0,0,0,0,0,0,0,0,0,0,0,0,0,0.332,0.648,0.841,1.379,2.087,2.875,4.49,6.434,8.985,11.817,14.957,19.577,24.779,33.199,40.646,51.982,64.507,77.2,92.789,106.122,118.033,130.365,141.648,146.663,146.574,142.052,136.292,125.16,121.719,116.491,114.048,107.811,104.82,99.891,92.542,84.137,77.717,69.387,60.25,52.943,44.998,36.812,29.492,24.2,19.498,15.22,10.79,8.155,6.228,4.307,3.834,2.496,1.753,1.473,0.867,0.7,0.552,0.319,0.182,0.123,0.041,0.05,0,0,0,0
2026-09-27 00:20:00,1,"Normal Scan","Normal Scan",0,"ON",1,1,1,735.4,5,16.7,98.2,42.4,0.000000067549,0.0000180222,4.97,8976.18,8.8,736.5,1,"Up Scan","Positive",254,0,4.37,1.6,8,8,0,1,1,44.423,58.089,46.2,43.714,1.936,9438.95,45,15.5,NA,0,0,0,0,0,0,0,0,0,0,0,0,0,0,0,0,0,0,0,0,0,0,0,0,0,0,0,0,0,0,0,1439.804,1122.064,1642.494,1966.443,2279.49,2682.83,3013.23,3451.309,3938.831,4847.83,5334.917,6362.679,6961.364,8084.725,8994.771,10556.31,11606.829,12852.591,13853.032,14280.102,15062.915,15116.238,14111.722,13416.123,12138.589,11025.896,9951.923,9421.458,8702.904,7945.269,7447.259,7000.377,6298.474,5728.523,5123.256,4639.589,4063.727,3608.425,3015.235,2672.466,2171.122,1773.953,1365.535,1234.425,896.148,697.477,539.48,401.67,311.137,211.92,172.816,124.576,106.87,86.352,63.384,37.918,34.29,27.082,19.259,9.014,0,0,0,0,0,0,0,0,0,0,0,0,0,0,0,0,0,0,0,0,0,0,0,0,0,0,0,0,0,0,0,0,0,0,0,0.249,0.585,0.673,1.348,2.073,3.026,4.37,5.927,7.991,10.599,14.94,18.704,25.119,30.762,39.627,48.6,62.457,74.87,89.492,103.846,114.92,129.307,138.26,138.408,140.15,135.096,131.286,125.912,125.466,121.921,116.358,113.868,110.17,101.825,95.442,86.783,79.027,69.407,62.412,52.177,45.479,37.191,30.021,23.185,20.368,14.735,11.48,8.768,6.448,4.821,3.237,2.572,1.84,1.503,1.124,0.807,0.473,0.419,0.323,0.225,0.103,0.051,0,0,0,0
2026-09-27 00:25:00,1,"Normal Scan","Normal Scan",0,"ON",1,1,1,735.8,5,17.2,98.2,42.1,0.0000000676977,0.0000180463,4.97,8976.18,8.8,736.5,1,"Up Scan","Positive",254,0,4.37,1.6,8,8,0,1,1,46.316,59.681,47.69,40.679,1.931,10124.9,44,16.2,NA,0,0,0,0,0,0,0,0,0,0,0,0,0,0,0,0,0,0,0,0,0,0,0,0,0,0,0,0,0,0,0,1224.903,1372.069,1383.075,2024.315,2363.91,2554.683,2977.608,3505.677,4130.02,4832.727,5457.737,6251.766,7368.608,7816.108,9170.575,10691.154,11689.117,13052.56,14079.136,14927.47,15601.372,15216.817,15008.176,14406.996,13376.893,12838.078,11609.975,10818.257,10382.809,9619.441,8955.043,8086.124,7275.521,6816.933,6156.467,5225.68,4421.807,3969.397,3276.087,2704.253,2320.859,1934.675,1535.928,1277.848,1011.8,853.511,646.249,474.999,318.745,274.976,191.523,157.569,87.808,96.369,57.755,44.283,24.407,23.701,15.737,7.151,0,0,0,0,0,0,0,0,0,0,0,0,0,0,0,0,0,0,0,0,0,0,0,0,0,0,0,0,0,0,0,0,0,0,0,0.28,0.498,0.81,1.134,2.112,3.151,4.155,5.855,8.094,11.091,14.896,19.153,24.682,32.478,38.36,49.559,63.316,75.395,91.198,105.926,120.573,134.975,140.899,148.245,151.822,150.656,152.957,146.555,144.105,145.194,139.908,134.417,125.789,116.677,111.039,101.993,88.773,75.92,68.522,56.774,47.552,40.057,32.733,26.021,21.236,16.771,13.541,10.411,7.385,5.038,4.012,2.827,2.256,1.284,1.253,0.737,0.552,0.299,0.283,0.184,0.083,0.117,0,0,0,0
2026-09-27 00:30:00,1,"Normal Scan","Normal Scan",0,"ON",1,1,1,735.7,5,17.1,98.2,42.7,0.0000000676679,0.0000180415,4.97,8976.18,8.8,736.5,1,"Up Scan","Positive",254,0,4.37,1.6,8,8,0,1,1,46.306,59.912,47.94,43.714,1.923,9951.31,44,15.9,NA,0,0,0,0,0,0,0,0,0,0,0,0,0,0,0,0,0,0,0,0,0,0,0,0,0,0,0,0,0,0,0,931.715,1484.288,1375.456,1566.035,2030.13,2269.356,2754.915,3354.239,4005.273,4800.351,5393.73,6252.108,6954.823,8087.637,8768.933,10183.233,11588.004,12541.999,14097.314,14967.46,15580.517,15792.863,15635.756,15017.512,13789.989,12194.981,11308.747,10552.532,9372.155,8870.563,8229.407,7603.066,6941.253,6354.128,5826.946,5089.556,4603.135,4176.603,3593.406,2977.494,2423.505,2073.184,1675.82,1306.67,1008.679,793.997,576.791,427.217,331.938,232.35,183.79,129.665,99.395,99.283,70.798,25.371,29.357,15.211,13.999,7.233,0,0,0,0,0,0,0,0,0,0,0,0,0,0,0,0,0,0,0,0,0,0,0,0,0,0,0,0,0,0,0,0,0,0,0,0.228,0.374,0.891,1.116,1.639,2.7,3.717,5.404,7.742,10.766,14.793,18.9,24.662,30.69,39.624,47.557,60.47,74.929,88.069,106.395,121.104,134.379,145.388,153.205,156.372,153.207,145.024,142.323,140.164,131.934,130.432,125.936,120.758,113.947,105.981,98.293,87.577,79.21,71.524,61.213,50.753,41.086,34.619,27.701,21.726,16.363,12.738,9.384,6.759,5.039,3.433,2.66,1.846,1.369,1.292,0.902,0.315,0.359,0.182,0.163,0.083,0.017,0,0,0,0
2026-09-27 00:35:00,1,"Normal Scan","Normal Scan",0,"ON",1,1,1,735.4,5,16.7,98.2,42.6,0.000000067549,0.0000180222,4.97,8976.18,8.8,736.5,1,"Up Scan","Positive",254,0,4.37,1.6,8,8,0,1,1,45.718,59.7,47.54,43.714,1.935,9155.27,45,15.5,NA,0,0,0,0,0,0,0,0,0,0,0,0,0,0,0,0,0,0,0,0,0,0,0,0,0,0,0,0,0,0,0,1366.503,1308.185,1235.426,1664.83,1749.169,2392.471,2610.602,3071.5,3762.65,4292.392,4899.696,5605.083,6774.787,7345.767,8573.526,9619.473,10760.887,12173.906,13292.86,14083.798,14160.913,14225.852,13738.16,13399.891,11914.746,11115.769,10066.411,9465.771,8776.194,8330.802,7440.977,7017.055,6310.771,5896.075,5302.733,4625.669,4235.547,3806.356,3057.674,2698.605,2255.598,1939.932,1406.342,1226.52,986.582,762.914,562.502,433.869,331.757,251.591,158.827,134.872,85.215,91.822,60.44,25.333,27.855,30.323,8.782,18.015,0,0,0,0,0,0,0,0,0,0,0,0,0,0,0,0,0,0,0,0,0,0,0,0,0,0,0,0,0,0,0,0,0,0,0,0.218,0.56,0.773,1.011,1.737,2.312,3.902,5.117,7.132,10.14,13.251,17.21,22.158,29.913,36.084,46.399,56.998,69.473,84.923,99.939,113.298,122.128,130.99,135.031,140.108,133.507,132.147,127.115,126.298,123.494,121.294,114.283,111.352,102.742,98.084,89.664,80.002,72.297,65.492,53.55,46.385,38.419,32.534,24.277,20.114,16.096,12.217,9.137,6.841,5.006,3.79,2.344,1.996,1.179,1.195,0.769,0.316,0.341,0.362,0.102,0.206,0.017,0,0,0,0
2026-09-27 00:40:00,1,"Normal Scan","Normal Scan",0,"ON",1,1,1,736,5,17.4,98.2,42.5,0.0000000677571,0.0000180559,4.97,8976.18,8.8,736.5,1,"Up Scan","Positive",254,0,4.37,1.6,8,8,0,1,1,47.315,61.208,48.93,43.714,1.927,9467.15,44,16.3,NA,0,0,0,0,0,0,0,0,0,0,0,0,0,0,0,0,0,0,0,0,0,0,0,0,0,0,0,0,0,0,0,868.981,1373.759,1286.547,1373.771,1851.96,2116.106,2680.215,2924.658,3326.455,4380.829,4877.858,5654.941,6300.821,7346.168,8368.76,9417.734,10651.969,12061.295,13293.167,13902.164,14557.479,14589.934,14197.731,13867.815,13125.508,11975.167,11128.302,10447.101,9619.816,8976.577,8197.446,7645.536,6870.817,6331.619,5772.555,5137.746,4643.49,4143.112,3406.106,2803.473,2264.881,1914.293,1597.723,1324.751,1050.147,806.081,657.146,500.586,354.66,266.54,176.921,150.665,99.61,88.753,74.77,39.398,31.03,30.478,14.027,10.741,0,0,0,0,0,0,0,0,0,0,0,0,0,0,0,0,0,0,0,0,0,0,0,0,0,0,0,0,0,0,0,0,0,0,0,0.218,0.349,0.829,1.041,1.437,2.464,3.443,5.265,6.763,8.957,13.482,17.081,22.323,27.869,36.072,45.29,55.955,68.893,84.338,100.185,112.628,125.963,135.029,140.308,145.749,146.834,142.452,140.351,138.89,134.772,131.751,125.142,120.945,111.952,105.099,96.476,87.407,79.596,71.08,59.225,48.604,39.461,32.718,27.01,21.84,17.25,13.018,10.531,7.958,5.449,4.013,2.639,2.186,1.473,1.154,0.953,0.493,0.379,0.363,0.163,0.124,0.133,0,0,0,0
2026-09-27 00:45:00,1,"Normal Scan","Normal Scan",0,"ON",1,1,1,735.7,5,17.1,98.2,43,0.0000000676679,0.0000180415,4.97,8976.18,8.8,736.5,1,"Up Scan","Positive",254,0,4.37,1.6,8,8,0,1,1,48.32,62.44,49.901,43.714,1.937,10076,44,15.8,NA,0,0,0,0,0,0,0,0,0,0,0,0,0,0,0,0,0,0,0,0,0,0,0,0,0,0,0,0,0,0,0,1281.119,1271.37,1387.026,1672.128,1968.398,2425.748,2798.461,3150.497,3492.859,4163.716,4773.187,5442.837,6172.83,7409.026,8414.077,9716.893,11118.321,12350.472,13485.638,14928.071,15149.66,15327.395,15144.477,14357.058,13640.332,12842.609,11917.165,11471.829,10100.837,9908.899,9253.004,8569.82,7668.941,7081.849,6660.51,6041.497,5316.555,4601.965,4031.561,3409.993,2720.253,2235.734,1820.022,1389.717,1075.659,800.904,642.943,447.652,342.387,289.392,210.415,124.79,118.811,74.005,77.891,55.279,29.431,16.965,26.12,14.412,0,0,0,0,0,0,0,0,0,0,0,0,0,0,0,0,0,0,0,0,0,0,0,0,0,0,0,0,0,0,0,0,0,0,0,0.281,0.523,0.773,1.122,1.763,2.612,3.952,5.469,7.27,9.401,12.86,16.751,21.566,27.359,36.386,45.701,57.731,71.936,86.641,101.813,120.751,131.456,142.052,149.96,151.42,153.827,153.84,151.257,153.038,143.447,146.67,142.084,135.747,126.244,118.222,111.957,102.159,90.573,78.167,68.145,57.6,45.877,37.458,30.388,23.168,17.487,13,10.266,7.268,5.406,4.224,3.182,1.864,1.707,0.96,0.992,0.69,0.359,0.202,0.306,0.165,0.112,0,0,0,0
2026-09-27 00:50:00,1,"Normal Scan","Normal Scan",0,"ON",1,1,1,735.5,5,16.8,98.2,42.7,0.0000000675787,0.000018027,4.97,8976.18,8.8,736.5,1,"Up Scan","Positive",254,0,4.37,1.6,8,8,0,1,1,47.792,61.931,49.679,43.714,1.917,8995.72,45,15.6,NA,0,0,0,0,0,0,0,0,0,0,0,0,0,0,0,0,0,0,0,0,0,0,0,0,0,0,0,0,0,0,0,709.455,747.487,945.943,1492.939,1515.916,1810.303,2292.273,2780.111,3431.773,3949.287,4442.514,5106.372,5832.439,6889.006,7779.695,8985.03,10232.286,11423.561,12287.667,13567.539,13906.169,13926.545,13657.778,13154.174,12426.311,11111.423,10437.391,10038.423,9177.734,8720.656,7991.233,7579.925,6699.518,6283.342,5602.608,5127.221,4399.141,3939.792,3373.141,2890.597,2381.164,1995.702,1565.246,1235.462,965.058,786.995,587.65,435.741,313.803,238.654,200.02,125.504,116.686,84.862,41.346,45.877,35.936,30.34,7.013,5.398,0,0,0,0,0,0,0,0,0,0,0,0,0,0,0,0,0,0,0,0,0,0,0,0,0,0,0,0,0,0,0,0,0,0,0,0.156,0.296,0.452,0.761,1.561,2.013,2.95,4.494,6.434,9.236,12.184,15.607,20.207,25.85,33.808,42.252,53.422,66.135,79.985,92.826,109.761,120.077,128.835,135.126,138.345,139.381,133.09,132.626,133.941,129.316,128.039,122.127,119.251,109.536,104.371,94.882,87.483,75.654,67.512,57.819,49.612,40.608,33.453,26.213,20.611,15.797,12.912,9.341,6.741,5.021,3.684,2.865,1.766,1.703,1.102,0.526,0.572,0.439,0.364,0.082,0.062,0.135,0,0,0,0
2026-09-27 00:55:00,1,"Normal Scan","Normal Scan",0,"ON",1,1,1,736,5,17.4,98.2,42.6,0.0000000677571,0.0000180559,4.97,8976.18,8.8,736.5,1,"Up Scan","Positive",254,0,4.37,1.6,8,8,0,1,1,48.384,62.69,50.215,43.714,1.925,9041.88,44,16.3,NA,0,0,0,0,0,0,0,0,0,0,0,0,0,0,0,0,0,0,0,0,0,0,0,0,0,0,0,0,0,0,0,983.016,960.264,1152.557,1279.77,1766.233,1736.376,2217.988,2575.569,3067.481,3811.812,4069.06,4966.668,5920.659,6624.941,7648.252,8650.891,10046.853,11391.231,12428.083,13249.856,13707.762,14176.872,13622.576,13112.888,12269.299,11635.409,10712.612,10111.702,9321.885,8924.116,8381.228,7658.947,6905.315,6340.723,5862.754,5220.291,4650.943,4027.186,3604.362,2869.541,2433.613,2011.777,1665.888,1335.912,1027.463,835.224,666.376,437.509,343.82,253.458,160.775,122,107.393,81.276,74.769,44.067,22.846,21.906,13.981,16.193,0,0,0,0,0,0,0,0,0,0,0,0,0,0,0,0,0,0,0,0,0,0,0,0,0,0,0,0,0,0,0,0,0,0,0,0.249,0.41,0.564,0.934,1.365,2.362,2.85,4.34,5.973,8.233,11.751,14.276,19.659,26.21,32.584,41.486,51.508,65.097,79.793,93.732,107.326,118.925,131.059,134.879,138.115,138.443,139.242,135.787,135.259,131.502,131.279,127.82,121.155,113.135,105.583,98.688,89.077,80.187,69.422,61.694,49.954,41.355,33.851,27.801,21.993,16.561,13.418,10.57,7.12,5.182,3.778,2.345,1.813,1.476,1.055,0.953,0.552,0.279,0.262,0.163,0.186,0.017,0,0,0,0
2026-09-27 01:00:00,1,"Normal Scan","Normal Scan",0,"ON",1,1,1,735.7,5,17,98.2,42.9,0.0000000676382,0.0000180366,4.97,8976.18,8.8,736.5,1,"Up Scan","Positive",254,0,4.37,1.6,8,8,0,1,1,48.852,62.811,50.457,40.679,1.918,9143.46,44,15.8,NA,0,0,0,0,0,0,0,0,0,0,0,0,0,0,0,0,0,0,0,0,0,0,0,0,0,0,0,0,0,0,0,728.56,1040.839,1085.418,1416.032,1540.879,1965.885,2081.491,2453.814,3203.666,3760.852,4078.327,5040.297,5848.829,6724.64,7591.917,8732.962,10213.911,11628.129,12334.839,13460.7,13666.18,13582.985,13660.864,13315.448,12519.528,11903.773,11146.535,10691.426,9987.401,9213.113,8508.568,7663.443,7279.226,6362.423,5883.135,5240.857,4683.782,4229.6,3461.363,3085.833,2415.603,2098.111,1626.27,1336.902,1031.94,800.047,568.612,448.342,326.016,254.321,178.093,116.531,103.164,82.907,41.152,50.542,47.13,13.624,8.739,25.166,0,0,0,0,0,0,0,0,0,0,0,0,0,0,0,0,0,0,0,0,0,0,0,0,0,0,0,0,0,0,0,0,0,0,0,0.228,0.299,0.611,0.886,1.486,2.038,3.208,4.082,5.686,8.618,11.635,14.338,19.958,25.936,33.036,41.24,51.917,65.948,81.313,93.237,109.089,118.798,126.656,135.909,141.044,141.047,142.407,141,142.642,139.176,134.772,129.798,122.032,117.757,106.593,99.248,89.723,80.149,72.476,59.456,52.341,41.037,34.947,27.36,21.928,16.836,12.852,9.067,7.055,5.228,3.72,2.588,1.809,1.435,1.078,0.525,0.631,0.579,0.162,0.102,0.289,0.034,0,0,0,0
2026-09-27 01:05:00,1,"Normal Scan","Normal Scan",0,"ON",1,1,1,735.7,5,17,98.2,42.4,0.0000000676382,0.0000180366,4.97,8976.18,8.8,736.5,1,"Up Scan","Positive",254,0,4.37,1.6,8,8,0,1,1,48.005,62.326,49.628,43.714,1.945,9032.7,44,16,NA,0,0,0,0,0,0,0,0,0,0,0,0,0,0,0,0,0,0,0,0,0,0,0,0,0,0,0,0,0,0,0,1072.036,1269.196,1601.267,1356.128,1611.879,1955.346,2101.743,2648.226,3231.051,3857.979,4813.386,5393.555,6481.704,7169.999,7807.847,8894.458,9910.107,11069.53,11815.309,12837.502,13197.477,13804.627,13511.042,12698.14,12518.693,11606.964,10298.338,9618.991,9131.474,8529.375,8088.238,7539.315,7001.044,6436.659,5861.209,5206.363,4751.083,4147.928,3481.16,2985.575,2434.113,2123.164,1637.324,1315.279,1079.446,810.657,645.14,473.785,321.463,298.24,154.161,131.88,93.577,69.47,47.565,28.139,24.498,25.371,8.711,12.563,0,0,0,0,0,0,0,0,0,0,0,0,0,0,0,0,0,0,0,0,0,0,0,0,0,0,0,0,0,0,0,0,0,0,0,0.322,0.436,0.735,1.296,1.426,2.125,3.205,4.123,6.126,8.712,11.926,16.87,21.277,28.562,35.04,42.265,52.727,64.197,77.615,89.289,104.394,114.767,127.469,133.233,134.192,140.164,138.434,131.318,129.889,129.509,126.261,124.961,119.629,114.693,107.114,98.848,89.557,81.264,71.239,60.33,51.035,41.738,35.6,27.342,21.574,17.369,12.965,10.081,7.296,4.926,4.396,2.292,1.904,1.344,0.904,0.606,0.35,0.299,0.303,0.102,0.144,0.084,0,0,0,0
2026-09-27 01:10:00,1,"Normal Scan","Normal Scan",0,"ON",1,1,1,736,5,17.4,98.2,42.7,0.0000000677571,0.0000180559,4.97,8976.18,8.8,736.5,1,"Up Scan","Positive",254,0,4.37,1.6,8,8,0,1,1,48.024,62.124,49.489,43.714,1.946,9042.37,43,16.3,NA,0,0,0,0,0,0,0,0,0,0,0,0,0,0,0,0,0,0,0,0,0,0,0,0,0,0,0,0,0,0,0,1277.974,1132.774,1446.998,1762.501,1870.247,2084.426,2257.478,2805.548,3167.87,3800.788,4624.782,5269.423,6006.64,6965.587,7688.106,8692.52,9875.441,10928.632,12053.456,13185.776,13461.254,13634.428,13494.861,12725.233,12205.644,11267.639,10675.538,10107.788,9478.213,8750.95,8400.444,7653.388,7103.646,6368.698,5748.453,5080.612,4346.449,4076.422,3483.272,2913.955,2416.868,1966.341,1687.188,1270.912,1052.387,796.037,606.537,448.437,297.915,229.775,197.668,137.815,116.251,75.389,58.104,36.328,32.73,28.711,13.971,12.617,0,0,0,0,0,0,0,0,0,0,0,0,0,0,0,0,0,0,0,0,0,0,0,0,0,0,0,0,0,0,0,0,0,0,0,0.353,0.533,0.676,1.159,1.862,2.464,3.392,4.438,6.497,8.524,11.746,16.23,20.788,26.504,34.149,41.68,51.654,63.936,76.663,90.946,106.745,116.697,126.498,133.698,134.624,137.354,135.659,135.673,135.31,132.955,128.74,127.07,121.034,115.28,105.766,97.062,86.768,75.629,69.91,59.747,49.919,41.292,33.038,27.994,20.984,17.146,13.026,9.598,7.069,4.612,3.561,2.897,1.986,1.64,0.979,0.739,0.453,0.399,0.343,0.163,0.144,0.067,0,0,0,0
2026-09-27 01:15:00,1,"Normal Scan","Normal Scan",0,"ON",1,1,1,735.4,5,16.8,98.1,42.8,0.0000000676476,0.000018027,4.97,8976.18,8.8,736.5,1,"Up Scan","Positive",254,0,4.37,1.6,8,8,0,1,1,49.99,64.235,51.485,43.714,1.928,8976.38,45,15.6,NA,0,0,0,0,0,0,0,0,0,0,0,0,0,0,0,0,0,0,0,0,0,0,0,0,0,0,0,0,0,0,0,993.087,936.001,1236.586,1360.527,1411.05,1762.132,2045.017,2269.526,2845.367,3634.237,3996.36,4730.448,5277.756,6272.561,7174.084,8200.404,9411.884,10557.653,11645.82,12753.194,13266.256,13771.141,13467.54,13269.497,12265.564,11843.378,11245.621,10432.961,9806.916,9493.521,8596.767,8029.149,7458.982,6568.829,5961.201,5276.54,4868.913,4293.591,3564.711,2913.438,2534.608,2171.175,1680.169,1368.397,1111.648,900.669,710.555,474.848,383.906,287.72,206.379,128.709,113.794,73.588,64.088,42.014,31.626,20.219,15.766,16.152,0,0,0,0,0,0,0,0,0,0,0,0,0,0,0,0,0,0,0,0,0,0,0,0,0,0,0,0,0,0,0,0,0,0,0,0.228,0.399,0.554,0.991,1.439,1.875,2.88,3.987,5.246,7.686,11.219,14.03,18.723,23.406,30.841,38.994,48.864,61.171,74.271,88.369,103.64,115.651,128.099,133.932,140.55,139.144,141.909,142.944,139.967,137.778,138.554,131.092,127.46,120.84,108.899,100.955,91.183,83.53,73.86,61.961,51.017,43.375,36.813,28.322,22.755,17.97,14.501,11.1,7.52,5.912,4.272,2.971,1.939,1.628,0.96,0.817,0.525,0.387,0.242,0.184,0.186,0.103,0,0,0,0
2026-09-27 01:20:00,1,"Normal Scan","Normal Scan",0,"ON",1,1,1,735.7,5,17.1,98.1,42.5,0.0000000677369,0.0000180415,4.97,8976.18,8.8,736.5,1,"Up Scan","Positive",254,0,4.37,1.6,8,8,0,1,1,49.238,62.623,50.244,43.714,1.927,9021.59,44,16,NA,0,0,0,0,0,0,0,0,0,0,0,0,0,0,0,0,0,0,0,0,0,0,0,0,0,0,0,0,0,0,0,896.769,992.026,1262.963,1533.193,1698.156,2312.535,2346.098,2964.318,3113.849,3836.022,4063.3,4941.116,5387.065,6579.095,7222.319,8759.389,9507.232,10468.963,11715.565,12407.456,13289.865,13628.436,13578.594,13140.862,12656.081,11724.647,11412.611,10805.619,10251.57,9282.327,8686.197,8168.542,7162.595,6520.077,5873.67,5210.201,4410.959,3856.179,3203.274,2712.213,2089.321,1808.979,1590.326,1388.863,1042.598,861.182,599.182,467.112,303.976,234.248,204.152,153.841,113.091,83.307,45.832,53.594,24.503,22.001,10.423,12.549,0,0,0,0,0,0,0,0,0,0,0,0,0,0,0,0,0,0,0,0,0,0,0,0,0,0,0,0,0,0,0,0,0,0,0,0.166,0.386,0.598,1.022,1.612,2.251,3.771,4.597,6.867,8.368,11.84,14.282,19.52,23.848,32.257,39.162,51.985,61.676,73.736,88.815,101.253,115.779,127.2,135.249,139.66,142.823,140.98,144.528,143.526,142.284,135.365,131.058,126.482,114.567,106.823,97.091,87.796,76.12,67.221,56.267,47.178,36.393,30.871,26.63,22.771,17.167,13.877,9.543,7.334,4.738,3.482,3.011,2.181,1.599,1.084,0.584,0.67,0.299,0.262,0.122,0.144,0.085,0,0,0,0
2026-09-27 01:25:00,1,"Normal Scan","Normal Scan",0,"ON",1,1,1,735.7,5,17.2,98.1,43,0.0000000677667,0.0000180463,4.97,8976.18,8.8,736.5,1,"Up Scan","Positive",254,0,4.37,1.6,8,8,0,1,1,50.11,64.263,51.215,43.714,1.95,9201.48,44,16,NA,0,0,0,0,0,0,0,0,0,0,0,0,0,0,0,0,0,0,0,0,0,0,0,0,0,0,0,0,0,0,0,1347.242,1052.272,1310.595,1615.785,1660.677,2223.545,2367.721,2627.431,3037.214,3615.978,4293.491,4756.019,5625.352,6537.848,7201.103,8470.308,9500.382,10749.679,11788.575,12534.047,13053.099,13536.096,13311.216,13180.201,12527.174,11742.724,11224.538,11000.242,10287.166,9563.772,8916.362,8299.559,7722.842,6898.892,6379.366,5688.699,5000.664,4492.273,3611.83,3107.187,2667.525,2172.632,1736.831,1396.167,1161.455,891.093,662.843,450.942,373.725,275.122,195.374,158.717,128.644,106.409,62.694,56.908,42.441,16.923,19.093,12.631,0,0,0,0,0,0,0,0,0,0,0,0,0,0,0,0,0,0,0,0,0,0,0,0,0,0,0,0,0,0,0,0,0,0,0,0.249,0.545,0.638,1.071,1.691,2.198,3.622,4.634,6.057,8.161,11.159,15.072,18.812,24.884,32.056,39.08,50.308,61.628,75.418,89.348,102.015,113.953,126.19,133.073,140.432,141.861,141.766,143.318,147.302,144.932,140.761,136.397,131.536,124.966,114.21,107.568,96.814,85.77,76.687,62.604,54.038,45.361,36.499,29.267,23.102,19.044,14.421,10.73,7.226,5.819,4.105,2.933,2.237,1.741,1.381,0.798,0.709,0.519,0.202,0.225,0.144,0,0,0,0,0
2026-09-27 01:30:00,1,"Normal Scan","Normal Scan",0,"ON",1,1,1,735.4,5,16.8,98.1,43,0.0000000676476,0.000018027,4.97,8976.18,8.8,736.5,1,"Up Scan","Positive",254,0,4.37,1.6,8,8,0,1,1,51.973,65.644,52.645,46.976,1.939,9534.63,46,15.5,NA,0,0,0,0,0,0,0,0,0,0,0,0,0,0,0,0,0,0,0,0,0,0,0,0,0,0,0,0,0,0,0,1465.945,1171.244,1357.119,1543.702,1673.796,1727.373,2390.325,2442.012,2956.631,3346.353,4031.629,4393.092,5309.94,6170.102,6929,8421.302,9167.03,10431.35,11672.54,12436.275,13347.782,13890.996,13929.895,13836.415,13287.675,13109.517,11967.138,12087.884,11318.071,10935.958,10144.278,9203.537,8385.451,7398.764,6595.554,5952.758,5381.535,4722.639,4015.747,3250.514,2807.442,2303.693,1792.716,1534.665,1174.622,975.565,730.231,529.805,383.155,307.427,181.95,156.844,119.223,97.552,56.547,44.558,60.022,28.711,15.683,9.028,0,0,0,0,0,0,0,0,0,0,0,0,0,0,0,0,0,0,0,0,0,0,0,0,0,0,0,0,0,0,0,0,0,0,0,0.364,0.598,0.686,1.097,1.639,2.212,2.845,4.684,5.664,7.939,10.305,14.167,17.392,23.537,30.353,37.669,50.145,59.76,73.636,88.877,101.939,117.304,130.188,140.049,148.29,151.898,158.42,153.473,161.192,158.128,159.105,153.149,144.883,135.903,122.126,111.361,101.872,91.825,81.19,69.124,56.49,47.827,38.992,30.27,25.204,19.173,15.733,11.615,8.236,6.07,4.7,2.714,2.209,1.732,1.267,0.72,0.556,0.734,0.343,0.184,0.103,0.12,0,0,0,0
2026-09-27 01:35:00,1,"Normal Scan","Normal Scan",0,"ON",1,1,1,735.8,5,17.3,98.1,42.9,0.0000000677964,0.0000180511,4.97,8976.18,8.8,736.5,1,"Up Scan","Positive",254,0,4.37,1.6,8,8,0,1,1,51.216,64.561,51.296,46.976,1.979,9453.12,45,16.2,NA,0,0,0,0,0,0,0,0,0,0,0,0,0,0,0,0,0,0,0,0,0,0,0,0,0,0,0,0,0,0,0,2479.636,2080.448,2400.86,2068.664,1935.113,2308.272,2360.943,2717.993,2718.688,3365.548,3887.078,4371.175,4992.036,5929.192,6869.976,8086.194,9127.622,10391.847,11312.85,12393.663,13232.286,13457.103,13661.087,13299.756,12653.714,12769.07,12048.97,11632.095,10932.025,10451.299,9706.204,9005.346,8236.654,7391.274,6752.476,5967.159,5184.67,4694.615,3851.281,3261.271,2699.419,2159.956,1738.201,1430.181,1139.624,872.956,687.54,460.276,338.615,269.749,196.109,137.459,82.024,91.525,80.998,45.86,34.413,20.264,8.711,19.864,0,0,0,0,0,0,0,0,0,0,0,0,0,0,0,0,0,0,0,0,0,0,0,0,0,0,0,0,0,0,0,0,0,0,0,0.394,1.006,1.199,1.945,2.149,2.563,3.764,4.628,6.253,7.307,10.383,13.637,17.305,22.163,29.167,37.352,48.227,59.326,73.255,86.085,101.233,116.157,126.495,137.023,142.376,144.907,154.219,153.697,156.048,153.756,153.105,147.202,141.626,132.795,121.758,112.834,100.755,88.516,79.741,66.048,55.783,45.926,35.946,29.064,23.647,18.416,13.886,10.956,7.406,5.28,4.11,2.827,1.994,1.287,1.19,1.031,0.571,0.419,0.242,0.102,0.227,0.136,0,0,0,0
2026-09-27 01:40:00,1,"Normal Scan","Normal Scan",0,"ON",1,1,1,735.6,5,17,98.1,43.4,0.0000000677071,0.0000180366,4.97,8976.18,8.8,736.5,1,"Up Scan","Positive",254,0,4.37,1.6,8,8,0,1,1,51.619,65.064,52.043,50.481,1.953,8799.02,45,15.7,NA,0,0,0,0,0,0,0,0,0,0,0,0,0,0,0,0,0,0,0,0,0,0,0,0,0,0,0,0,0,0,0,1654.789,1655.323,1793.216,1454.355,1658.02,2025.014,2150.244,2093.347,2503.451,2945.66,3625.76,4209.642,5047.333,5550.349,6464.051,7347.642,8694.409,9560.927,10855.538,11595.676,12330.159,12747.717,12655.732,12783.199,11826.139,11430.974,11256.194,10852.034,10682.747,10025.812,9597.882,8850.984,7909.981,7096.994,6153.837,5393.767,4620.553,4010.065,3496.859,2956.862,2490.741,2105.131,1699.719,1412.514,1045.181,854.517,645.449,447.718,345.541,282.761,162.504,151.178,98.732,88.42,50.284,53.668,21.231,23.715,17.547,8.987,0,0,0,0,0,0,0,0,0,0,0,0,0,0,0,0,0,0,0,0,0,0,0,0,0,0,0,0,0,0,0,0,0,0,0,0.592,0.685,0.972,1.47,1.526,2.201,3.296,4.196,4.845,6.747,9.092,12.726,16.667,22.334,27.357,35.161,43.914,56.516,67.405,82.594,94.694,107.977,119.62,127.108,137.235,136.253,139.415,144.525,146.198,148.864,145.599,143.237,136.363,126.373,116.317,103.125,92.176,79.861,69.62,60.548,51.103,42.354,35.345,28.622,22.937,17.222,13.683,10.302,7.033,5.355,4.143,2.42,2.209,1.411,1.151,0.642,0.67,0.259,0.283,0.204,0.103,0.102,0,0,0,0
2026-09-27 01:45:00,1,"Normal Scan","Normal Scan",0,"ON",1,1,1,735.5,5,16.9,98.1,43.1,0.0000000676774,0.0000180318,4.97,8976.18,8.8,736.5,1,"Up Scan","Positive",254,0,4.37,1.6,8,8,0,1,1,48.92,63.243,50.092,43.714,1.976,8356.29,45,15.8,NA,0,0,0,0,0,0,0,0,0,0,0,0,0,0,0,0,0,0,0,0,0,0,0,0,0,0,0,0,0,0,0,1369.853,1574.282,1471.056,1740.323,1925.728,2127.177,2290.555,2631.594,2948.799,3363.01,4099.264,4310.45,5318.423,6276.838,7068.786,7880.121,9012.908,10140.504,10689.738,11644.807,11768.764,11847.066,11595.725,11443.876,10861.043,10129.785,9628.748,8937.27,8416.469,8120.225,7879.097,7633.462,7366.81,6729.457,5985.823,5616.42,4698.163,3922.641,3432.54,2710.616,2331.141,1937.171,1545.02,1267.858,903.112,731.74,541.005,386.751,317.326,236.923,178.575,121.186,91.244,67.57,49.2,30.029,21.231,18.552,13.986,3.603,0,0,0,0,0,0,0,0,0,0,0,0,0,0,0,0,0,0,0,0,0,0,0,0,0,0,0,0,0,0,0,0,0,0,0,0.414,0.574,0.935,1.185,1.824,2.564,3.48,4.487,6.089,7.929,10.386,14.327,17.085,23.532,30.739,38.234,46.744,58.071,70.834,80.76,94.33,102.304,110.132,115.385,121.244,123.075,122.974,124.73,123.164,121.213,122.643,122.13,120.344,118.195,109.711,99.564,93.844,79.56,67.264,58.055,46.307,39.419,32.444,25.642,20.875,14.685,11.725,8.593,6.012,4.764,3.506,2.595,1.715,1.212,0.879,0.627,0.375,0.259,0.222,0.163,0.041,0,0,0,0,0
2026-09-27 01:50:00,1,"Normal Scan","Normal Scan",0,"ON",1,1,1,735.8,5,17.3,98.1,43.4,0.0000000677964,0.0000180511,4.97,8976.18,8.8,736.5,1,"Up Scan","Positive",254,0,4.37,1.6,8,8,0,1,1,52.079,65.799,52.681,46.976,1.951,8771.23,45,16.2,NA,0,0,0,0,0,0,0,0,0,0,0,0,0,0,0,0,0,0,0,0,0,0,0,0,0,0,0,0,0,0,0,1700.87,1634.077,1393.727,1580.099,1397.017,1815.992,1923.8,1953.775,2563.756,3089.856,3442.541,3977.882,4974.375,5449.148,6463.256,7299.058,8463.803,9569.536,10289.296,11619.317,12496.902,12691.976,12857.365,12686.722,12266.602,11728.077,11406.219,10841.205,10414.123,9596.761,8994.123,8385.676,7810.501,7083.033,6359.953,5780.717,5107.47,4369.272,3646.633,3201.267,2642.242,2152.308,1751.337,1422.821,1105.877,853.01,706.83,468.192,347.807,270.87,200.901,151.936,79.461,69.245,52.005,19.014,22.874,11.857,10.561,14.412,0,0,0,0,0,0,0,0,0,0,0,0,0,0,0,0,0,0,0,0,0,0,0,0,0,0,0,0,0,0,0,0,0,0,0,0.415,0.697,0.972,1.123,1.674,1.839,2.949,3.753,4.53,6.893,9.544,12.098,15.763,22.029,26.799,35.144,43.66,55.108,67.566,78.562,95.181,109.357,119.352,128.982,135.599,139.459,141.803,145.528,145.79,146.291,141.691,137.74,132.54,125.851,117.481,107.005,97.96,87.486,74.944,62.96,54.637,45.097,36.051,29.104,23.234,17.991,13.388,10.969,7.225,5.214,3.94,2.846,2.217,1.155,0.9,0.664,0.236,0.279,0.141,0.122,0.165,0.068,0,0,0,0
2026-09-27 01:55:00,1,"Normal Scan","Normal Scan",0,"ON",1,1,1,735.4,5,16.8,98.1,43.6,0.0000000676476,0.000018027,4.97,8976.18,8.8,736.5,1,"Up Scan","Positive",254,0,4.37,1.6,8,8,0,1,1,51.621,65.656,52.242,43.714,1.973,8371.72,46,15.6,NA,0,0,0,0,0,0,0,0,0,0,0,0,0,0,0,0,0,0,0,0,0,0,0,0,0,0,0,0,0,0,0,1874.716,2067.723,1469.848,1620.718,1566.047,1955.651,1901.752,2061.374,2485.954,2748.798,3172.284,3954.545,4621.838,5102.605,6055.096,6973.218,8028.379,9062.621,10233.97,11367.175,11967.106,12346.969,12171.606,11484.394,11030.477,10960.583,10284.114,10159.813,9659.623,9334.587,8856.231,8017.706,7424.766,6706.147,6043.349,5406.298,4890.18,4124.113,3757.679,3026.338,2507.982,2129.886,1735.57,1350.338,1064.148,791.165,642.898,495.752,329.738,252.095,162.195,142.911,97.713,73.807,61.122,30.149,16.317,13.569,13.934,7.22,0,0,0,0,0,0,0,0,0,0,0,0,0,0,0,0,0,0,0,0,0,0,0,0,0,0,0,0,0,0,0,0,0,0,0,0.696,0.76,1.227,1.18,1.699,2.063,3.188,3.716,4.771,6.675,8.516,11.145,15.656,20.478,25.172,33.026,41.708,52.344,64.005,77.584,92.567,104.508,115.277,121.921,123.569,126.78,133.357,132.151,136.948,136.53,136.968,134.84,126.866,120.841,111.339,101.937,92.298,83.912,71.237,63.976,51.569,42.993,35.583,28.786,22.034,17.251,12.646,10.147,7.651,5.032,3.625,2.408,2.012,1.41,0.96,0.778,0.375,0.2,0.162,0.163,0.083,0.096,0,0,0,0
2026-09-27 02:00:00,1,"Normal Scan","Normal Scan",0,"ON",1,1,1,735.6,5,17,98.1,43.3,0.0000000677071,0.0000180366,4.97,8976.18,8.8,736.5,1,"Up Scan","Positive",254,0,4.37,1.6,8,8,0,1,1,49.194,62.923,49.308,43.714,2.024,8274.97,45,16,NA,0,0,0,0,0,0,0,0,0,0,0,0,0,0,0,0,0,0,0,0,0,0,0,0,0,0,0,0,0,0,0,2540.356,3387.054,2628.241,2723.506,2230.146,2061.349,2215.676,2265.563,2603.54,3012.44,3723.334,3856.558,4652.154,5293.253,6521.146,7245.662,8030.723,9133.671,10409.512,10944.93,11667.389,12005.591,11793.504,11340.777,10791.82,9991.57,9606.578,9375.408,9098.651,8819.865,8140.784,7713.895,7010.88,6256.78,5742.922,4995.218,4404.351,3894.745,3182.874,2729.789,2174.135,1836.562,1554.793,1236.002,1028.032,804.569,587.707,421.689,323.446,192.975,161.372,151.524,77.826,85.652,45.965,20.54,24.643,11.709,13.999,3.589,0,0,0,0,0,0,0,0,0,0,0,0,0,0,0,0,0,0,0,0,0,0,0,0,0,0,0,0,0,0,0,0,0,0,0,0.863,1.056,1.99,2.103,2.835,2.927,3.333,4.32,5.234,6.993,9.316,13.06,15.277,20.61,26.117,35.349,43.177,52.274,64.324,78.786,89.004,101.373,111.649,117.64,121.126,123.507,121.795,124.005,126.925,128.186,129.035,123.775,120.989,112.402,103.108,95.484,84.758,75.628,66.986,55.083,47.195,37.284,31.014,25.745,20.138,16.731,12.708,9.345,6.501,4.851,2.919,2.321,2.134,1.117,1.113,0.584,0.256,0.3,0.141,0.163,0.041,0.085,0,0,0,0
2026-09-27 02:05:00,1,"Normal Scan","Normal Scan",0,"ON",1,1,1,735.7,5,17.2,98.1,43.8,0.0000000677667,0.0000180463,4.97,8976.18,8.8,736.5,1,"Up Scan","Positive",254,0,4.37,1.6,8,8,0,1,1,48.051,61.082,47.338,43.714,2.062,8751.56,45,16.1,NA,0,0,0,0,0,0,0,0,0,0,0,0,0,0,0,0,0,0,0,0,0,0,0,0,0,0,0,0,0,0,0,4765.708,4028.913,3506.606,3363.473,2888.185,2222.901,2681.701,2391.246,2891.686,3349.305,3968.33,4408.782,5177.147,6138.284,6799.055,7657.825,8459.373,9389.493,10587.906,11403.796,12019.782,12186.251,12176.559,11785.335,11535.661,10457.843,10626.762,9918.742,9522.285,9039.752,8397.397,7776.198,7217.881,6492.381,5590.174,4989.05,4067.554,3525.447,3067.572,2615.944,2258.443,1921.049,1558.542,1277.424,1040.136,735.376,624.335,373.281,304.192,224.381,185.61,115.426,93.023,77.264,57.494,39.465,31.114,18.51,12.246,14.363,0,0,0,0,0,0,0,0,0,0,0,0,0,0,0,0,0,0,0,0,0,0,0,0,0,0,0,0,0,0,0,0,0,0,0,1.328,1.969,2.356,2.83,3.526,3.813,3.613,5.232,5.508,7.781,10.322,13.918,17.412,22.83,30.083,36.823,45.539,54.894,66.118,80.259,92.911,104.686,114.13,121.618,126.204,130.99,127.185,135.189,133.433,133.324,131.476,125.979,119.979,114.632,105.723,93.749,84.922,71.032,61.566,53.473,45.387,38.41,32.124,25.822,21.146,16.766,11.875,9.843,6.026,4.675,3.429,2.644,1.734,1.286,1.005,0.732,0.493,0.379,0.222,0.143,0.165,0.051,0,0,0,0
2026-09-27 02:10:00,1,"Normal Scan","Normal Scan",0,"ON",1,1,1,735.4,5,16.8,98.1,43.8,0.0000000676476,0.000018027,4.97,8976.18,8.8,736.5,1,"Up Scan","Positive",254,0,4.37,1.6,8,8,0,1,1,46.05,58.584,45.605,43.714,2.04,8402.66,46,15.5,NA,0,0,0,0,0,0,0,0,0,0,0,0,0,0,0,0,0,0,0,0,0,0,0,0,0,0,0,0,0,0,0,3830.873,3766.907,3663.315,2908.323,3007.389,2903.227,3029.564,2957.373,3163.221,3625.795,3925.897,4638.07,5384.972,6221.698,6930.087,7738.988,8541.032,9668.367,10872.87,11336.43,11877.435,12039.611,11579.401,11461.739,10853.166,10293.245,9399.999,9462.371,8691.698,8092.813,7632.912,6920.344,6382.175,5799.646,4934.459,4084.326,3789.702,3337.742,2798.507,2337.335,1928.472,1636.792,1253.435,968.896,820.796,653.942,491.406,294.005,229.425,212.492,141.137,97.329,63.609,66.591,50.388,31.711,11.444,19.41,21.816,8.96,0,0,0,0,0,0,0,0,0,0,0,0,0,0,0,0,0,0,0,0,0,0,0,0,0,0,0,0,0,0,0,0,0,0,0,1.173,1.579,2.24,2.948,3.029,3.987,4.682,5.903,6.814,8.487,11.182,13.761,18.3,23.762,30.505,37.462,46,55.354,67.721,82.059,92.098,103.254,111.754,115.59,121.642,122.715,123.641,119.804,125.824,121.225,116.903,113.809,107.536,101.931,94.141,82.146,70.097,64.354,56.465,48.041,40.14,32.469,27.101,21.035,16.107,13.352,10.314,7.949,4.7,3.609,3.114,2.174,1.443,0.946,0.864,0.642,0.394,0.14,0.232,0.256,0.103,0.103,0,0,0,0
2026-09-27 02:15:00,1,"Normal Scan","Normal Scan",0,"ON",1,1,1,735.7,5,17.2,98.1,43.5,0.0000000677667,0.0000180463,4.97,8976.18,8.8,736.5,1,"Up Scan","Positive",254,0,4.37,1.6,8,8,0,1,1,47.125,59.866,47.429,43.714,1.974,7820.14,45,16.2,NA,0,0,0,0,0,0,0,0,0,0,0,0,0,0,0,0,0,0,0,0,0,0,0,0,0,0,0,0,0,0,0,2210.95,1885.075,2164.315,2158.416,2123.564,2414.078,2416.966,2515.04,2817.284,3295.94,3787.411,4279.007,4964.466,5809.474,6519.511,7330.267,8461.025,9544.864,10030.741,11054.468,11567.098,11707.099,11528.98,11079.459,10411.128,10096.665,9589.614,9016.884,8349.39,7785.148,7175.73,6493.233,5784.244,5220.331,4493.668,4023.219,3533.85,3003.85,2607.613,2150.148,1861.863,1509.765,1202.922,1050.612,826.779,620.312,484.558,332.137,250.084,189.671,136.485,104.656,72.995,61.973,47.318,25.305,21.368,15.184,17.505,12.617,0,0,0,0,0,0,0,0,0,0,0,0,0,0,0,0,0,0,0,0,0,0,0,0,0,0,0,0,0,0,0,0,0,0,0,0.498,0.897,1.122,1.734,2.261,2.815,3.938,4.729,5.802,7.589,10.152,13.262,16.925,21.967,28.493,35.333,43.615,54.758,66.848,75.948,89.674,100.661,108.994,114.615,117.421,117.6,120.425,120.6,118.956,115.233,112.312,107.25,100.453,92.761,85.361,75.595,68.407,60.426,52.246,45.203,37.028,31.859,25.352,20.163,17.285,13.373,9.982,7.76,5.239,3.798,2.894,1.999,1.593,1.07,0.806,0.603,0.315,0.259,0.182,0.204,0.144,0.085,0,0,0,0
2026-09-27 02:20:00,1,"Normal Scan","Normal Scan",0,"ON",1,1,1,735.6,5,17.1,98,44,0.000000067806,0.0000180415,4.97,8976.18,8.8,736.5,1,"Up Scan","Positive",254,0,4.37,1.6,8,8,0,1,1,46.536,59.733,47.148,46.976,1.992,7579.86,45,15.9,NA,0,0,0,0,0,0,0,0,0,0,0,0,0,0,0,0,0,0,0,0,0,0,0,0,0,0,0,0,0,0,0,2523.047,2302.59,2553.092,1858.448,2153.676,2044.595,2539.309,2521.631,2905.322,3158.466,3596.302,3991.08,4547.19,5570.212,6235.328,7129.367,8042.533,9027.879,9974.432,11197.266,11481.194,11700.985,11995.592,10974.362,10212.414,9184.196,8304.848,7546.101,6995.411,6596.038,6256.523,6202.085,5789.049,5445.601,4917.071,4440.494,3957.935,3326.102,2989.168,2346.608,1875.532,1356.964,1172.891,921.505,703.943,510.957,396.415,302.072,222.023,143.228,118.148,97.208,62.933,33.992,38.29,22.148,21.327,15.239,5.219,1.808,0,0,0,0,0,0,0,0,0,0,0,0,0,0,0,0,0,0,0,0,0,0,0,0,0,0,0,0,0,0,0,0,0,0,0,0.799,1.06,1.371,2.034,1.939,2.836,3.342,4.939,5.809,7.8,9.728,12.6,15.787,20.145,27.345,33.889,42.452,52.223,63.642,75.517,90.532,99.136,107.654,116.895,114.616,113.75,109.521,106.49,102.61,100.962,99.226,97.686,98.122,94.257,89.471,81.363,72.978,65.88,55.764,49.581,39.002,31.205,22.925,19.034,15.199,11.415,8.223,6.12,4.717,3.394,2.187,1.744,1.328,0.904,0.441,0.486,0.276,0.259,0.182,0.061,0.021,0.069,0,0,0,0
2026-09-27 02:25:00,1,"Normal Scan","Normal Scan",0,"ON",1,1,1,735.4,5,16.8,98,43.5,0.0000000677166,0.000018027,4.97,8976.18,8.8,736.5,1,"Up Scan","Positive",254,0,4.37,1.6,8,8,0,1,1,46.464,59.657,47.218,43.714,1.976,7406.31,45,15.6,NA,0,0,0,0,0,0,0,0,0,0,0,0,0,0,0,0,0,0,0,0,0,0,0,0,0,0,0,0,0,0,0,1812.465,1639.699,1823.038,2197.125,2346.813,2175.449,2388.443,2825.908,2951.343,2988.821,3571.743,4140.835,5010.574,5345.291,6136.731,6907.079,8005.092,8805.926,10141.045,10669.012,11209.334,11707.55,11195.568,10617.973,9937.698,8985.119,8537.868,7802.963,7168.732,6854.83,6390.646,6026.2,5529.242,5132.538,4462.59,3925.496,3395.517,3057.397,2609.935,2095.856,1872.747,1620.172,1208.502,973.535,683.692,560.325,469.208,298.485,219.29,157.811,123.526,87.81,49.865,39.618,42.709,22.101,21.149,13.555,6.944,5.357,0,0,0,0,0,0,0,0,0,0,0,0,0,0,0,0,0,0,0,0,0,0,0,0,0,0,0,0,0,0,0,0,0,0,0,0.603,0.744,0.975,1.469,2.317,3.074,3.526,4.681,6.523,7.909,9.216,12.539,16.373,22.059,26.285,33.3,41.205,51.995,61.946,76.452,86.407,96.861,107.948,110.008,111.417,111.333,107.502,108.282,104.618,101.184,100.719,97.087,94.446,89.288,83.861,74.916,67.299,58.453,52.072,44.191,35.887,31.516,26.528,19.777,16,11.086,8.812,7.287,4.685,3.451,2.32,1.82,1.241,0.779,0.515,0.545,0.276,0.259,0.162,0.082,0.062,0.122,0,0,0,0
2026-09-27 02:30:00,1,"Normal Scan","Normal Scan",0,"ON",1,1,1,735.8,5,17.4,98,43.4,0.0000000678954,0.0000180559,4.97,8976.18,8.8,736.5,1,"Up Scan","Positive",254,0,4.37,1.6,8,8,0,1,1,43.774,57.014,44.854,43.714,1.98,7111.61,44,16.3,NA,0,0,0,0,0,0,0,0,0,0,0,0,0,0,0,0,0,0,0,0,0,0,0,0,0,0,0,0,0,0,0,1855.372,2076.16,2178.943,2122.492,2290.061,2336.582,2494.804,2690.179,2985.087,3278.425,3705.522,4419.303,5113.982,6145.75,6772.552,7603.768,8388.215,9434.256,10128.907,11072.025,11103.655,11157.373,10655.544,10152.932,8983.533,8319.679,7404.458,6940.748,6286.852,5541.147,5324.344,4897.079,4457.973,3945.716,3848.588,3390.876,3052.895,2874.436,2412.21,2158.306,1687.543,1406.858,1146.045,812.452,663.818,481.191,393.731,283.666,165.376,131.186,101.397,75.505,59.576,46.368,29.668,28.468,17.355,17.575,15.697,7.192,0,0,0,0,0,0,0,0,0,0,0,0,0,0,0,0,0,0,0,0,0,0,0,0,0,0,0,0,0,0,0,0,0,0,0,0.54,0.757,1.224,1.758,2.224,3.038,3.802,4.855,6.225,8.006,10.099,12.978,17.437,22.587,30.032,36.628,44.992,54.144,65.731,76.024,88.786,95.262,102.09,104.105,105.372,99.504,98.069,92.908,91.808,88.103,82.115,82.088,78.337,73.932,67.606,65.32,58.216,52.695,48.396,40.584,36.133,28.377,23.143,18.554,13.327,10.694,7.794,6.227,4.434,2.61,2.062,1.548,1.125,0.874,0.602,0.377,0.355,0.211,0.21,0.184,0.082,0.086,0,0,0,0
2026-09-27 02:35:00,1,"Normal Scan","Normal Scan",0,"ON",1,1,1,735.5,5,17,98,43.5,0.0000000677762,0.0000180366,4.97,8976.18,8.8,736.5,1,"Up Scan","Positive",254,0,4.37,1.6,8,8,0,1,1,44.038,57.067,45.036,43.714,1.977,7374.88,45,15.7,NA,0,0,0,0,0,0,0,0,0,0,0,0,0,0,0,0,0,0,0,0,0,0,0,0,0,0,0,0,0,0,0,1920.546,2444.542,2190.966,2428.092,2088.719,2266.06,2724.124,2742.285,2884.768,3402.717,3832.47,4326.136,5228.278,5960.889,6951.457,7650.449,9131.568,9503.793,10537.449,11490.468,11465.184,11674.878,11088.988,10531.14,9617.407,8573.085,7571.135,6746.951,6485.541,5871.117,5547.068,5469.381,4978.032,4559.235,4197.968,3690.451,3310.572,2993.118,2516.285,2001.68,1602.221,1325.659,1070.934,770.631,728.551,557.303,391.387,285.144,182.232,146.319,99.604,58.089,56.751,41.292,30.574,22.155,14.702,1.712,6.933,8.999,0,0,0,0,0,0,0,0,0,0,0,0,0,0,0,0,0,0,0,0,0,0,0,0,0,0,0,0,0,0,0,0,0,0,0,0.497,0.786,1.452,1.764,2.529,2.746,3.689,5.294,6.337,7.743,10.494,13.471,17.162,23.077,29.228,37.648,45.392,58.8,66.392,79.148,92.345,98.454,106.538,107.926,109.364,106.56,101.48,96.231,91.524,91.739,87.765,85.402,86.606,81.096,75.089,69.777,62.26,55.842,50.087,42.705,34.207,26.953,22.007,17.586,12.54,11.463,8.784,6.1,4.4,2.876,2.109,1.45,0.839,0.87,0.537,0.389,0.276,0.18,0.02,0.082,0.103,0.087,0,0,0,0
2026-09-27 02:40:00,1,"Normal Scan","Normal Scan",0,"ON",1,1,1,735.5,5,17,98,43,0.0000000677762,0.0000180366,4.97,8976.18,8.8,736.5,1,"Up Scan","Positive",254,0,4.37,1.6,8,8,0,1,1,42.408,55.562,43.627,40.679,1.984,7279.36,45,15.8,NA,0,0,0,0,0,0,0,0,0,0,0,0,0,0,0,0,0,0,0,0,0,0,0,0,0,0,0,0,0,0,0,2434.553,2086.143,2374.281,2421.102,2176.566,2489.266,2689.2,2989.861,3384.927,3691.468,4032.496,4955.134,5196.397,6177.391,7103.444,8109.337,9382.992,9920.949,10963.405,11541.725,11582.287,11448.797,10954.818,9934.107,9160.063,8176.532,7135.039,6423.427,5760.863,5281.439,5022.553,4531.438,4082.129,3986.588,3797.476,3433.587,3150.122,2902.529,2498.62,2215.009,1734.757,1385.645,1084.964,866.19,654.274,421.355,362.168,233.026,161.342,112.775,87.745,65.048,50.002,41.405,24.471,18.933,11.434,11.76,8.703,5.37,0,0,0,0,0,0,0,0,0,0,0,0,0,0,0,0,0,0,0,0,0,0,0,0,0,0,0,0,0,0,0,0,0,0,0,0.353,1.009,1.24,1.902,2.552,2.873,4.06,5.26,6.879,9.08,11.387,14.17,19.574,22.967,30.323,38.415,47.937,60.202,69.025,81.833,92.433,98.964,104.276,106.183,102.54,100.963,95.923,89.228,85.493,81.712,79.255,78.568,74.259,68.897,68.58,64.816,58.719,53.567,48.873,41.78,36.347,28.652,22.52,17.476,13.823,10.397,6.726,5.658,3.666,2.463,1.699,1.287,0.944,0.681,0.537,0.311,0.236,0.14,0.141,0.102,0.062,0.017,0,0,0,0
2026-09-27 02:45:00,1,"Normal Scan","Normal Scan",0,"ON",1,1,1,735.8,5,17.4,98,43.3,0.0000000678954,0.0000180559,4.97,8976.18,8.8,736.5,1,"Up Scan","Positive",254,0,4.37,1.6,8,8,0,1,1,41.792,53.408,42.311,43.714,1.957,7316.28,44,16.3,NA,0,0,0,0,0,0,0,0,0,0,0,0,0,0,0,0,0,0,0,0,0,0,0,0,0,0,0,0,0,0,0,2027.34,2211.92,2595.368,2636.153,2727.35,2969.067,3037.209,2991.265,3584.602,3884.107,4312.238,5022.152,5609.265,6230.706,7174.918,7892.76,9126.774,9910.205,10964.684,11905.301,11888.675,11914.773,11465.362,10335.052,9356.959,8291.427,7283.592,6838.118,6041.763,5501.562,4825.417,4398.871,3989.011,3584.151,3241.514,3090.205,2726.638,2476.295,2061.608,1648.522,1445.377,1194.876,961.871,705.454,573.431,430.695,285.211,204.886,150.592,89.524,91.35,43.959,36.087,38.281,22.833,30.052,17.905,13.527,8.684,3.589,0,0,0,0,0,0,0,0,0,0,0,0,0,0,0,0,0,0,0,0,0,0,0,0,0,0,0,0,0,0,0,0,0,0,0,0.406,0.847,1.296,2.083,2.765,3.598,4.808,5.903,6.892,9.607,11.946,15.09,19.779,24.719,30.534,38.834,46.78,58.835,69.097,82.001,95.169,101.635,108.289,111.237,106.782,102.638,96.825,90.407,89.219,83.165,80.195,73.813,70.235,65.333,59.825,54.996,52.49,46.382,41.621,34.787,27.886,23.829,19.506,15.333,11.621,9.048,6.774,4.566,3.225,2.424,1.378,1.39,0.634,0.53,0.499,0.292,0.374,0.219,0.161,0.102,0.041,0.051,0,0,0,0
2026-09-27 02:50:00,1,"Normal Scan","Normal Scan",0,"ON",1,1,1,736.4,5,18.1,98,43.1,0.0000000681041,0.0000180896,4.97,8976.18,8.8,736.5,1,"Up Scan","Positive",254,0,4.37,1.6,8,8,0,1,1,40.247,51.423,40.615,40.679,1.964,6505.17,43,17.1,NA,0,0,0,0,0,0,0,0,0,0,0,0,0,0,0,0,0,0,0,0,0,0,0,0,0,0,0,0,0,0,0,2727.676,2727.176,2629.584,2674.935,2694.228,2718.1,2578.593,2853.791,3083.953,3216.535,3690.532,4419.649,5057.507,5735.552,6450.374,7701.279,8503.438,9495.964,10511.605,10946.859,10957.248,10601.951,10092.801,9131.402,8113.595,6995.947,6104.386,5365.06,4783.545,4466.996,3850.381,3457.527,3161.377,2914.954,2709.803,2518.051,2242.046,1955.922,1626.761,1495.429,1153.646,936.48,751.891,597.375,472.604,346.636,238.384,205.022,145.541,122.119,75.588,38.813,41.601,29.563,21.363,14.239,1.643,3.396,5.26,1.795,0,0,0,0,0,0,0,0,0,0,0,0,0,0,0,0,0,0,0,0,0,0,0,0,0,0,0,0,0,0,0,0,0,0,0,0.706,1.121,1.608,2.121,2.775,3.564,4.416,5.042,6.565,8.276,9.901,12.967,17.448,22.337,28.153,34.921,45.47,54.585,65.891,78.129,87.135,93.03,95.9,97.052,93.493,88.618,81.013,75.211,70.242,66.319,64.771,59.605,55.095,52.058,48.904,45.922,42.545,37.969,33.369,27.686,24.967,19.204,15.684,12.451,9.693,7.436,5.474,3.798,3.12,2.172,1.733,1.082,0.559,0.586,0.383,0.272,0.177,0.02,0.04,0.061,0.021,0.034,0,0,0,0
2026-09-27 02:55:00,1,"Normal Scan","Normal Scan",0,"ON",1,1,1,737,5,18.9,98,43.1,0.0000000683426,0.0000181281,4.97,8976.18,8.8,736.5,1,"Up Scan","Positive",254,0,4.37,1.6,8,8,0,1,1,39.773,50.883,40.159,40.679,1.959,6166.19,42,18,NA,0,0,0,0,0,0,0,0,0,0,0,0,0,0,0,0,0,0,0,0,0,0,0,0,0,0,0,0,0,0,0,2618.669,2455.989,2588.118,2641.34,2523.904,2345.937,2290.901,2844.174,2968.602,3393.52,3797.616,4342.327,4937.629,5497.137,6238.768,7325.671,8255.544,9208.499,10021.516,10530.223,10608.925,10188.05,9760.149,8782.827,7635.683,6572.428,5644.23,4847.013,4141.114,3810.774,3439.355,3025.735,2835.28,2620.697,2436.388,2180.25,2145.527,1870.57,1562.765,1348.514,1117.419,941.64,714.21,616.216,411.913,348.976,257.93,157.416,142.052,86.264,66.956,40.242,30.596,27.198,28.303,12.652,9.815,10.063,5.205,10.782,0,0,0,0,0,0,0,0,0,0,0,0,0,0,0,0,0,0,0,0,0,0,0,0,0,0,0,0,0,0,0,0,0,0,0,0.849,1.073,1.428,2.077,2.772,3.331,3.818,4.462,6.563,7.956,10.415,13.285,17.127,21.76,26.945,33.734,43.265,52.892,63.808,74.515,83.697,89.934,91.832,93.214,89.28,82.68,75.755,69.11,63.353,57.82,55.846,52.966,49.477,47.217,44.48,41.498,37.828,36.349,31.924,26.47,22.73,18.42,15.494,11.74,9.893,6.6,5.518,4.03,2.547,2.169,1.335,0.971,0.633,0.472,0.353,0.36,0.157,0.12,0.121,0.061,0.124,0.049,0,0,0,0
2026-09-27 03:00:00,1,"Normal Scan","Normal Scan",0,"ON",1,1,1,737.3,5,19.4,98,42.9,0.0000000684917,0.0000181521,4.97,8976.18,8.8,736.5,1,"Up Scan","Positive",254,0,4.37,1.6,8,8,0,1,1,42.064,54.985,43.195,37.855,1.982,6539.23,41,18.6,NA,0,0,0,0,0,0,0,0,0,0,0,0,0,0,0,0,0,0,0,0,0,0,0,0,0,0,0,0,0,0,0,2275.416,2143.899,2430.757,1942.559,2153.613,2334.525,2611.468,2720.674,2811.001,3174.597,3735.72,4194.45,4852.598,5415.928,6279.921,7162.287,8120.159,9349.216,10170.256,10615.187,10614.395,10474.838,9944.305,8902.74,7904.196,6943.555,6282.002,5673.606,5175.812,4911.787,4610.784,4492.275,4000.051,3457.35,3085.712,2989.404,2611.63,2399.189,2079.902,1791.461,1466.063,1216.194,898.639,724.136,591.394,406.604,312.768,206.113,182.054,131.191,67.405,54.166,33.254,45.751,28.396,18.159,14.77,8.489,3.521,7.193,0,0,0,0,0,0,0,0,0,0,0,0,0,0,0,0,0,0,0,0,0,0,0,0,0,0,0,0,0,0,0,0,0,0,0,0.518,0.935,1.271,1.959,2.035,2.825,3.793,5.079,6.257,7.519,9.726,13.052,16.522,21.416,26.586,33.946,42.331,52.184,64.802,75.557,84.493,90.182,94.957,96.15,91.995,87.408,82.342,79.43,75.801,72.448,72.258,70.809,70.877,65.469,58.539,52.999,51.155,44.472,40.533,35.115,30.001,23.98,20.059,15.031,11.43,9.378,6.369,5.003,3.211,2.787,1.947,0.989,0.818,0.491,0.594,0.36,0.225,0.179,0.101,0.041,0.082,0.047,0,0,0,0
2026-09-27 03:05:00,1,"Normal Scan","Normal Scan",0,"ON",1,1,1,736.7,5,18.5,98,42.6,0.0000000682233,0.0000181089,4.97,8976.18,8.8,736.5,1,"Up Scan","Positive",254,0,4.37,1.6,8,8,0,1,1,42.129,53.685,42.555,40.679,1.952,6368.29,42,17.6,NA,0,0,0,0,0,0,0,0,0,0,0,0,0,0,0,0,0,0,0,0,0,0,0,0,0,0,0,0,0,0,0,2018.857,2367.091,2086.124,2342.879,2344.063,2170.141,2419.81,2777.091,2709.323,3014.459,3344.544,3748.038,4428.506,5302.378,6192.814,7015.724,7781.171,8939.274,9927.944,10367.56,10847.989,10647.345,10220.715,9609.935,8528.238,7601.858,6678.049,5787.759,5179.434,4551.372,4378.583,3823.372,3441.751,3086.188,2655.475,2454.674,2191.031,1905.357,1588.468,1457.48,1168.561,931.338,869.283,743.461,578.14,435.869,292.383,237.93,168.402,111.142,84.642,60.529,36.667,44.2,19.828,18.989,19.588,10.16,12.301,9.028,0,0,0,0,0,0,0,0,0,0,0,0,0,0,0,0,0,0,0,0,0,0,0,0,0,0,0,0,0,0,0,0,0,0,0,0.602,0.834,1.402,1.678,2.451,3.085,3.513,4.709,6.364,7.257,9.274,11.734,14.832,19.632,26.019,33.51,41.621,50.279,62.281,74.324,83.116,92.638,96.748,98.742,98.515,92.994,88.456,82.063,75.568,71.199,65.697,65.827,59.887,55.352,51.59,45.463,41.928,38.253,33.606,28.111,24.903,20.111,15.833,14.255,11.984,9.265,6.884,4.681,3.676,2.643,1.678,1.261,0.935,0.586,0.575,0.253,0.236,0.239,0.121,0.143,0.103,0.066,0,0,0,0
2026-09-27 03:10:00,1,"Normal Scan","Normal Scan",0,"ON",1,1,1,736.1,5,17.8,98,42,0.0000000680146,0.0000180752,4.97,8976.18,8.8,736.5,1,"Up Scan","Positive",254,0,4.37,1.6,8,8,0,1,1,42.434,54.863,43.349,43.714,1.964,6151.16,43,16.7,NA,0,0,0,0,0,0,0,0,0,0,0,0,0,0,0,0,0,0,0,0,0,0,0,0,0,0,0,0,0,0,0,1789.61,1911.525,2051.828,2362.518,1973.147,2057.649,2414.827,2435.609,2660.485,2908.255,3303.252,3718.035,4213.327,5084.224,5750.47,6619.405,7713.432,8585.217,9479.234,10328.344,10265.731,10508.196,9559.055,8759.514,7886.969,6911.575,6037.781,5624.222,4925.46,4445.667,4109.155,3853.882,3641.79,3304.294,3038.147,2765.192,2555.661,2062.456,1838.447,1604.768,1334.019,1023.912,841.188,659.326,512.801,380.587,245.011,202.904,131.226,77.377,102.12,53.847,55.916,53.153,25.903,18.938,27.775,15.115,14.01,3.589,0,0,0,0,0,0,0,0,0,0,0,0,0,0,0,0,0,0,0,0,0,0,0,0,0,0,0,0,0,0,0,0,0,0,0,0.625,0.746,1.143,1.665,2.475,2.626,3.321,4.696,5.586,7.135,8.972,11.56,14.712,18.688,24.967,31.236,39.315,49.82,59.755,70.801,82.469,87.518,95.103,92.541,90.232,86.445,80.854,75.633,74.508,69.194,65.948,63.998,61.435,59.087,55.385,51.407,46.789,43.074,35.184,31.189,26.854,21.933,16.998,13.641,10.862,8.293,6.285,4.131,3.191,2.097,1.336,1.496,0.81,0.775,0.69,0.33,0.236,0.339,0.182,0.163,0.041,0.034,0,0,0,0
2026-09-27 03:15:00,1,"Normal Scan","Normal Scan",0,"ON",1,1,1,735.6,5,17.1,98,41.9,0.000000067806,0.0000180415,4.97,8976.18,8.8,736.5,1,"Up Scan","Positive",254,0,4.37,1.6,8,8,0,1,1,42.393,54.518,43.172,40.679,1.96,5936.79,45,15.9,NA,0,0,0,0,0,0,0,0,0,0,0,0,0,0,0,0,0,0,0,0,0,0,0,0,0,0,0,0,0,0,0,1968.638,1957.731,2106.995,2121.912,2165.286,1973.587,2205.186,2159.534,2423.298,2717.292,3006.863,3515.207,4158.849,4908.8,5588.362,6416.012,7241.78,8296.434,8982.807,9991.932,10445.174,10214.752,9439.727,8790.093,7666.26,6562.114,5973.197,5231.547,4747.328,4343.863,3871.748,3664.698,3493.821,3030.353,2833.993,2571.755,2405.684,2178.445,1763.113,1402.578,1169.662,983.606,778.38,628.703,507.904,421.123,251.275,193.193,163.615,93.748,65.503,41.884,32.893,32.89,22.911,17.297,9.719,10.215,6.999,9.001,0,0,0,0,0,0,0,0,0,0,0,0,0,0,0,0,0,0,0,0,0,0,0,0,0,0,0,0,0,0,0,0,0,0,0,0.61,0.822,1.174,1.709,2.186,2.864,3.188,4.291,4.972,6.507,8.379,10.559,13.899,18.427,24.092,30.393,38.243,46.916,57.865,67.311,79.815,88.676,92.574,91.095,90.209,84.018,76.972,74.166,69.638,66.455,63.98,60.11,58.954,57.157,50.441,47.725,43.773,40.557,36.823,30.049,24.056,19.397,16.393,12.731,10.179,8.015,6.525,4.023,3.093,2.501,1.337,1.014,0.671,0.486,0.428,0.292,0.217,0.12,0.121,0.082,0.103,0.052,0,0,0,0
2026-09-27 03:20:00,1,"Normal Scan","Normal Scan",0,"ON",1,1,1,735.7,5,17.2,98,41.8,0.0000000678358,0.0000180463,4.97,8976.18,8.8,736.5,1,"Up Scan","Positive",254,0,4.37,1.6,8,8,0,1,1,40.876,52.385,41.406,40.679,1.957,5686.71,45,16.1,NA,0,0,0,0,0,0,0,0,0,0,0,0,0,0,0,0,0,0,0,0,0,0,0,0,0,0,0,0,0,0,0,2088.368,2167.4,2083.114,2419.69,2040.522,2235.064,2294.519,2397.535,2530.108,2938.035,2919.193,3498.294,4184.396,4782.528,5714.962,6383.554,7205.412,8516.701,9245.866,9899.713,9913.228,9721.846,9035.45,8370.796,7171.056,6207.259,5372.168,4717.331,4119.808,3883.103,3394.772,3002.876,2848.932,2542.612,2432.494,2223.032,1914.169,1695.123,1601.383,1268.52,1083.466,894.638,756.096,560.583,454.21,356.066,242.252,154.148,125.673,102.553,60.186,51.858,39.576,30.999,38.185,9.476,13.072,13.528,1.753,5.411,0,0,0,0,0,0,0,0,0,0,0,0,0,0,0,0,0,0,0,0,0,0,0,0,0,0,0,0,0,0,0,0,0,0,0,0.746,0.861,1.259,1.672,2.514,2.686,3.642,4.462,5.536,6.786,9.062,10.267,13.867,18.546,23.55,31.019,37.952,46.521,59.146,68.966,78.769,84.095,87.753,86.962,85.246,78.243,71.972,66.176,61.769,57.458,56.702,52.255,48.171,47.326,42.999,41.478,38.125,33.316,29.135,27.29,21.592,18.071,14.683,12.504,9.128,7.271,5.707,3.872,2.537,1.92,1.572,0.881,0.738,0.575,0.403,0.486,0.118,0.16,0.161,0.02,0.062,0.034,0,0,0,0
2026-09-27 03:25:00,1,"Normal Scan","Normal Scan",0,"ON",1,1,1,735.8,5,17.4,97.9,42.5,0.0000000679648,0.0000180559,4.97,8976.18,8.8,736.5,1,"Up Scan","Positive",254,0,4.37,1.6,8,8,0,1,1,41.113,52.346,41.404,40.679,1.96,5463.86,45,16.2,NA,0,0,0,0,0,0,0,0,0,0,0,0,0,0,0,0,0,0,0,0,0,0,0,0,0,0,0,0,0,0,0,2330.66,2115.629,2056.762,2392.348,2015.571,1937.158,2075.083,2400.766,2292.151,2672.615,2932.95,3509.512,3990.644,4639.013,5229.761,5985.64,6952.951,7847.189,8676.813,9265.659,9684.748,9590.767,8512.619,8039.667,7164.176,6049.358,5310.135,4618.379,4109.144,3732.799,3263.055,2990.464,2610.664,2479.33,2269.625,2007.123,1881.542,1721.3,1475.85,1240.314,1033.133,850.486,747.101,564.769,430.692,329.024,242.284,166.058,128.219,90.336,47.233,47.419,30.494,17.757,15.261,3.163,14.674,8.503,3.507,3.603,0,0,0,0,0,0,0,0,0,0,0,0,0,0,0,0,0,0,0,0,0,0,0,0,0,0,0,0,0,0,0,0,0,0,0,0.581,0.934,1.259,1.647,2.51,2.664,3.159,4.056,5.536,6.156,8.221,10.288,13.855,17.673,22.804,28.391,35.657,44.918,54.559,64.856,73.919,82.189,86.54,82.015,82.167,77.787,70.06,65.203,60.224,56.835,54.202,50.147,47.79,43.771,42.019,38.84,34.747,32.802,29.363,25.266,20.993,17.311,14.03,12.075,8.942,6.882,5.166,3.723,2.522,1.922,1.334,0.734,0.685,0.421,0.23,0.194,0.039,0.179,0.101,0.041,0.041,0.017,0,0,0,0
2026-09-27 03:30:00,1,"Normal Scan","Normal Scan",0,"ON",1,1,1,735.5,5,17,98,42.9,0.0000000677762,0.0000180366,4.97,8976.18,8.8,736.5,1,"Up Scan","Positive",254,0,4.37,1.6,8,8,0,1,1,41.339,52.92,41.806,37.855,1.963,5416.92,46,15.7,NA,0,0,0,0,0,0,0,0,0,0,0,0,0,0,0,0,0,0,0,0,0,0,0,0,0,0,0,0,0,0,0,2262.435,2011.379,2154.498,2259.03,1755.547,2082.435,2157.08,2003.602,2493.294,2387.35,2988.535,3298.83,3744.684,4512.208,5211.068,5918.977,6781.151,7779.176,8687.613,9520.923,9421.022,9005.317,8637.621,7976.922,7084.316,6193.748,5459.889,4638.98,4063.533,3690.166,3408.665,3014.256,2677.848,2392.315,2352.232,2175.304,1871.922,1711.229,1480.807,1304.777,986.6,827.024,744.065,558.093,427.607,349.444,224.169,183.188,106.152,99.254,57.69,54.109,50.65,32.375,9.172,19.005,17.987,11.844,6.916,5.398,0,0,0,0,0,0,0,0,0,0,0,0,0,0,0,0,0,0,0,0,0,0,0,0,0,0,0,0,0,0,0,0,0,0,0,0.675,0.922,1.202,1.728,2.35,2.312,3.38,4.2,4.617,6.674,7.366,10.468,13.066,16.63,22.217,28.377,35.233,43.781,54.175,64.876,75.874,80.212,81.686,83.205,81.57,77.041,71.9,66.955,60.533,56.289,54.254,52.08,48.106,44.594,41.167,39.714,37.031,32.571,29.314,25.377,22.069,16.682,13.719,12.272,9.003,6.95,5.736,3.582,2.769,1.739,1.536,0.9,0.764,0.738,0.422,0.117,0.236,0.219,0.141,0.082,0.062,0.052,0,0,0,0
2026-09-27 03:35:00,1,"Normal Scan","Normal Scan",0,"ON",1,1,1,735.3,5,16.8,97.9,43,0.0000000677858,0.000018027,4.97,8976.18,8.8,736.5,1,"Up Scan","Positive",254,0,4.37,1.6,8,8,0,1,1,40.968,51.898,40.256,40.679,2.034,5745.85,47,15.6,NA,0,0,0,0,0,0,0,0,0,0,0,0,0,0,0,0,0,0,0,0,0,0,0,0,0,0,0,0,0,0,0,3089.823,3716.684,3271.424,3239.723,3161.593,2614.254,2673.454,2617.409,2694.93,2742.961,2827.033,3347.599,3503.294,4109.179,5109.643,6075.439,6722.337,7657.211,8423.259,8927.172,9318.04,9043.725,8845.872,7881.285,7238.971,6305.271,5707.243,4951.29,4780.994,4366.707,3890.801,3458.601,3016.112,2610.958,2358.251,2110.129,1984.192,1743.499,1474.483,1316.109,1097.788,916.008,777.612,544.094,470.358,321.984,267.357,155.041,107.043,68.403,52.089,45.916,34.376,16.26,24.394,12.639,9.815,10.201,6.999,1.795,0,0,0,0,0,0,0,0,0,0,0,0,0,0,0,0,0,0,0,0,0,0,0,0,0,0,0,0,0,0,0,0,0,0,0,1.173,1.283,2.217,2.621,3.397,4.164,4.231,5.213,6.004,7.205,8.439,9.929,13.261,15.607,20.271,27.751,36.071,43.413,53.477,63.013,71.533,79.476,82.4,85.553,81.645,79.867,73.814,70.578,65.015,64.889,62.497,58.438,54.272,49.201,44.123,40.38,36.688,34.413,29.74,25.236,22.278,18.189,14.974,12.333,8.748,7.432,5.086,4.136,2.444,1.644,1.041,0.823,0.655,0.473,0.211,0.311,0.158,0.12,0.121,0.082,0.021,0.018,0,0,0,0
2026-09-27 03:40:00,1,"Normal Scan","Normal Scan",0,"ON",1,1,1,735.7,5,17.3,97.9,43.5,0.0000000679349,0.0000180511,4.97,8976.18,8.8,736.5,1,"Up Scan","Positive",254,0,4.37,1.6,8,8,0,1,1,40.694,51.85,40.439,40.679,2.01,5457.55,46,16.1,NA,0,0,0,0,0,0,0,0,0,0,0,0,0,0,0,0,0,0,0,0,0,0,0,0,0,0,0,0,0,0,0,3432.869,2836.511,2454.658,2833.574,2764.948,2189.557,2423.012,2292.841,2516.506,2343.191,2743.418,2925.762,3523.919,4366.178,5087.225,6025.009,6691.119,7631.425,8650.139,9010.595,9404.583,9105.496,8659.551,7737.515,6793.953,6035.463,5163.991,4552.337,4102.288,3582.29,3301.695,2905.979,2622.19,2444.493,2188.853,2101.632,1792.846,1699.881,1558.244,1328.67,1075.755,904.12,733.161,550.764,416.909,354.431,235.459,177.747,117.034,71.096,53.822,22.475,33.206,19.203,18.293,11.144,3.285,5.094,8.739,5.398,0,0,0,0,0,0,0,0,0,0,0,0,0,0,0,0,0,0,0,0,0,0,0,0,0,0,0,0,0,0,0,0,0,0,0,0.968,1.407,1.67,1.971,2.964,3.638,3.533,4.721,5.272,6.717,7.231,9.644,11.601,15.676,21.52,27.659,35.809,43.216,53.151,64.487,71.911,79.875,82.312,83.167,79.344,74.012,69.828,63.666,59.333,56.517,52.589,50.526,46.691,44.106,41.982,37.99,36.437,31.36,29.09,26.397,22.239,17.878,14.804,11.782,8.776,6.488,5.53,3.678,2.715,1.795,1.025,0.812,0.391,0.492,0.249,0.233,0.138,0.04,0.061,0.102,0.062,0.052,0,0,0,0
2026-09-27 03:45:00,1,"Normal Scan","Normal Scan",0,"ON",1,1,1,735.5,5,17,98,43.9,0.0000000677762,0.0000180366,4.97,8976.18,8.8,736.5,1,"Up Scan","Positive",254,0,4.37,1.6,8,8,0,1,1,41.334,52.662,41.506,40.679,1.974,5126.21,47,15.6,NA,0,0,0,0,0,0,0,0,0,0,0,0,0,0,0,0,0,0,0,0,0,0,0,0,0,0,0,0,0,0,0,1889.959,2407.732,2589.991,2035.471,2120.305,1979.569,2174.64,2102.506,1913.466,2303.74,2540.041,2983.143,3628.826,3975.938,4936.611,5464.395,6335.925,7219.012,8203.212,8783.211,9118.818,8964.172,8267.946,7670.195,6640.368,5615.929,4919.745,4433.444,3939.626,3341.692,3006.866,2816.745,2535.7,2254.462,2211.411,1958.542,1840.596,1571.591,1465.884,1269.262,1068.602,869.372,619.504,550.678,437.957,335.538,206.044,150.447,109.03,68.143,55.878,40.209,24.714,28.069,13.752,6.326,8.167,5.052,6.999,3.603,0,0,0,0,0,0,0,0,0,0,0,0,0,0,0,0,0,0,0,0,0,0,0,0,0,0,0,0,0,0,0,0,0,0,0,0.757,0.774,1.427,2.077,2.137,2.801,3.209,4.233,4.832,5.119,7.117,8.934,11.827,16.1,19.661,26.831,32.642,41.064,50.387,61.316,70.044,77.33,80.908,79.729,78.201,72.139,65.045,60.677,57.699,54.345,49.347,46.9,45.045,42.517,38.795,38.217,34.157,31.246,27.247,25.094,21.231,17.635,14.048,10.144,8.773,6.908,5.22,3.305,2.275,1.636,1.03,0.826,0.578,0.378,0.365,0.175,0.079,0.1,0.061,0.082,0.041,0.035,0,0,0,0
2026-09-27 03:50:00,1,"Normal Scan","Normal Scan",0,"ON",1,1,1,735.3,5,16.8,97.9,43.8,0.0000000677858,0.000018027,4.97,8976.18,8.8,736.5,1,"Up Scan","Positive",254,0,4.37,1.6,8,8,0,1,1,42.063,53.538,42.673,40.679,1.941,4938.09,47,15.4,NA,0,0,0,0,0,0,0,0,0,0,0,0,0,0,0,0,0,0,0,0,0,0,0,0,0,0,0,0,0,0,0,1906.025,1978.42,1877.566,1553.394,1476.649,1603.665,1631.067,1738.271,1872.186,2219.186,2394.545,2753.147,3230.827,3975.128,4988.303,5118.076,6221.699,7180.458,8209.023,8663.03,8822.571,8702.93,8110.957,7561.796,6733.699,5889.298,4966.579,4334.273,3803.124,3395.878,3023.224,2773.728,2545.051,2327.926,2010.769,1949.784,1810.726,1537.497,1432.391,1184.574,1057.793,852.934,681.279,523.655,397.14,296.916,198.362,159.762,88.341,78.237,62.039,33.007,16.489,25.156,9.107,12.599,6.549,8.462,3.507,0,0,0,0,0,0,0,0,0,0,0,0,0,0,0,0,0,0,0,0,0,0,0,0,0,0,0,0,0,0,0,0,0,0,0,0,0.602,0.797,1.152,1.503,1.617,1.946,2.608,3.18,4.028,5.038,6.837,8.417,10.94,14.401,19.672,27.063,30.623,40.296,50.056,61.287,69.24,75.189,78.755,78.04,77.132,73.104,67.8,61.23,56.631,52.63,49.606,46.482,44.69,42.413,39.468,35.184,33.863,31.16,26.528,24.186,19.825,17.357,13.805,10.979,8.49,6.24,4.6,3.137,2.405,1.374,1.175,0.9,0.462,0.288,0.326,0.117,0.158,0.08,0.101,0.041,0,0.071,0,0,0,0
2026-09-27 03:55:00,1,"Normal Scan","Normal Scan",0,"ON",1,1,1,735.7,5,17.3,97.9,44.1,0.0000000679349,0.0000180511,4.97,8976.18,8.8,736.5,1,"Up Scan","Positive",254,0,4.37,1.6,8,8,0,1,1,42.751,54.385,43.837,40.679,1.9,4733.17,46,16.1,NA,0,0,0,0,0,0,0,0,0,0,0,0,0,0,0,0,0,0,0,0,0,0,0,0,0,0,0,0,0,0,0,1342.548,1442.512,1100.694,1234.531,1151.117,1229.962,1390.411,1532.248,1705.387,2055.715,2491.038,2716.92,3193.995,3691.94,4632.699,5386.572,6027.652,7167.762,7797.666,8362.636,8569.293,8563.513,8416.912,7203.818,6408.824,5526.545,4856.944,4255.802,4004.313,3505.783,3187.822,2842.136,2430.074,2255.087,2044.267,1849.233,1626.329,1497.922,1280.769,1092.864,985.508,778.91,679.527,513.35,398.195,311.722,201.116,157,97.771,58.825,65.856,48.931,22.028,23.58,9.146,9.516,13.045,10.076,5.205,0,0,0,0,0,0,0,0,0,0,0,0,0,0,0,0,0,0,0,0,0,0,0,0,0,0,0,0,0,0,0,0,0,0,0,0,0.353,0.573,0.86,0.886,1.299,1.514,2.002,2.708,3.54,4.579,6.353,8.757,10.777,14.214,18.301,25.188,32.076,39.038,50.056,58.264,66.761,72.85,77.396,80.739,74.04,69.943,64.367,59.751,55.405,54.828,50.86,47.928,44.845,40.073,38.082,35.225,32.045,28.61,25.751,22.084,18.447,16.492,12.789,10.838,8.31,6.413,4.895,3.148,2.322,1.581,0.945,0.959,0.666,0.359,0.307,0.117,0.118,0.16,0.121,0.061,0,0.07,0,0,0,0
2026-09-27 04:00:00,1,"Normal Scan","Normal Scan",0,"ON",1,1,1,735.4,5,16.9,97.9,44.5,0.0000000678156,0.0000180318,4.97,8976.18,8.8,736.5,1,"Up Scan","Positive",254,0,4.37,1.6,8,8,0,1,1,42.297,54.016,43.423,43.714,1.906,4662.49,47,15.6,NA,0,0,0,0,0,0,0,0,0,0,0,0,0,0,0,0,0,0,0,0,0,0,0,0,0,0,0,0,0,0,0,1295.012,1516.904,1203.315,1080.605,1268.251,1259.824,1346.077,1597.277,1806.361,1830.002,2500.81,2918.259,3426.462,3866.357,4600.611,5458.09,6147.591,6801.26,7769.638,8179.154,8458.479,8483.635,7898.725,7055.794,6163.709,5383.389,4841.923,4230.472,3638.915,3265.635,3034.738,2745.162,2461.167,2230.141,1987.692,1744.9,1607.665,1414.121,1238.25,1101.665,883.796,845.077,667.312,513.113,384.687,320.798,196.179,158.19,125.853,69.75,54.599,32.965,23.055,14.747,21.363,7.874,3.313,8.392,5.218,5.411,0,0,0,0,0,0,0,0,0,0,0,0,0,0,0,0,0,0,0,0,0,0,0,0,0,0,0,0,0,0,0,0,0,0,0,0.394,0.535,0.891,0.965,1.138,1.664,2.049,2.636,3.692,4.848,5.675,8.785,11.567,15.174,19.08,24.998,32.425,39.773,47.495,57.959,65.27,71.806,76.725,75.931,72.294,67.255,62.473,59.571,55.192,50.274,47.453,45.947,43.316,40.392,37.665,33.855,30.913,28.233,24.619,21.534,18.667,14.779,13.825,10.823,8.281,6.027,4.968,3.052,2.485,1.814,1.066,0.808,0.485,0.322,0.192,0.272,0.099,0.04,0.101,0.061,0.062,0,0,0,0,0
2026-09-27 04:05:00,1,"Normal Scan","Normal Scan",0,"ON",1,1,1,735.3,5,16.8,97.9,44.2,0.0000000677858,0.000018027,4.97,8976.18,8.8,736.5,1,"Up Scan","Positive",254,0,4.37,1.6,8,8,0,1,1,41.744,53.22,42.525,40.679,1.927,4643.99,47,15.6,NA,0,0,0,0,0,0,0,0,0,0,0,0,0,0,0,0,0,0,0,0,0,0,0,0,0,0,0,0,0,0,0,1752.222,1682.331,1455.013,1236.893,1445.775,1324.549,1612.05,1506.999,1881.321,2116.291,2505.979,2822.849,3273.306,4010.965,4673.257,5208.759,6124.09,6774.175,7907.002,8004.881,8263.063,8214.988,7695.761,7036.094,6323.029,5223.183,4601.822,4091.487,3661.655,3200.611,2882.304,2520.033,2198.974,2038.3,1925.7,1734.299,1552.397,1444.681,1297.531,1093.43,1006.973,832.939,635.645,488.541,360.672,282.173,204.426,125.383,96.451,71.668,64.075,34.59,28.724,17.747,16.796,6.286,11.43,1.67,1.767,1.822,0,0,0,0,0,0,0,0,0,0,0,0,0,0,0,0,0,0,0,0,0,0,0,0,0,0,0,0,0,0,0,0,0,0,0,0.478,0.697,0.972,1.173,1.288,1.899,2.149,3.15,3.49,5.056,6.529,8.804,11.177,14.534,19.78,25.345,31.014,39.562,47.232,58.949,64.005,70.129,74.264,74.029,71.936,68.599,60.619,56.258,53.047,50.353,46.31,44.08,40.421,37.185,34.961,33.601,30.655,27.199,24.791,21.949,18.722,16.423,13.333,10.333,7.94,5.707,4.439,3.143,1.967,1.441,1.066,0.881,0.485,0.397,0.23,0.214,0.079,0.14,0.02,0.02,0.021,0,0,0,0,0
2026-09-27 04:10:00,1,"Normal Scan","Normal Scan",0,"ON",1,1,1,735.6,5,17.2,97.9,44.5,0.0000000679051,0.0000180463,4.97,8976.18,8.8,736.5,1,"Up Scan","Positive",254,0,4.37,1.6,8,8,0,1,1,41.72,53.377,42.513,40.679,1.936,4554.79,46,16.1,NA,0,0,0,0,0,0,0,0,0,0,0,0,0,0,0,0,0,0,0,0,0,0,0,0,0,0,0,0,0,0,0,2047.407,1616.767,1277.213,1472.113,1240.799,1595.909,1333.487,1520.603,1820.988,1952.179,2540.125,2634.637,3232.449,3814.683,4435.245,5327.738,6020.825,6701.682,7604.205,7872.573,8140.032,7954.644,7381.457,6911.621,5963.644,5294.424,4553.035,3973.616,3495.773,3250.738,2845.669,2429.762,2369.496,2039.539,1951.658,1657.529,1599.195,1386.381,1242.112,1094.39,844.82,766.082,613.066,494.614,447.086,276.951,189.802,132.921,123.223,69.925,58.141,33.509,18.837,29.544,18.357,6.313,9.828,16.868,0,7.192,0,0,0,0,0,0,0,0,0,0,0,0,0,0,0,0,0,0,0,0,0,0,0,0,0,0,0,0,0,0,0,0,0,0,0,0.487,0.836,0.959,1.011,1.538,1.636,2.6,2.612,3.515,4.889,6.026,8.911,10.449,14.347,18.82,24.092,31.632,38.816,46.651,56.705,62.808,69.245,71.926,71.114,70.531,65.056,61.24,55.941,51.733,48.395,46.79,43.521,39.089,38.911,34.938,33.3,29.216,27.605,24.297,21.622,18.252,14.313,12.556,9.972,8.061,7,4.35,3.046,2.116,1.813,1.125,0.857,0.503,0.265,0.384,0.233,0.079,0.12,0.202,0,0.082,0,0,0,0,0
2026-09-27 04:15:00,1,"Normal Scan","Normal Scan",0,"ON",1,1,1,735.4,5,16.9,97.9,44.6,0.0000000678156,0.0000180318,4.97,8976.18,8.8,736.5,1,"Up Scan","Positive",254,0,4.37,1.6,8,8,0,1,1,41.224,52.547,41.496,40.679,1.966,4533.52,47,15.6,NA,0,0,0,0,0,0,0,0,0,0,0,0,0,0,0,0,0,0,0,0,0,0,0,0,0,0,0,0,0,0,0,2374.13,1910.444,1644.224,1565.272,1649.536,1553.792,1819.582,1808.854,1817.68,2141.236,2559.488,2794.209,3351.094,3600.543,4233.792,5239.833,5821.979,6492.329,7041.454,7762.773,8016.84,7763.526,7465.346,6634.453,5862.793,5090.987,4456.132,3834.31,3467.59,3070.639,2700.911,2454.302,2169.931,2023.674,1805.441,1733.107,1503.453,1376.277,1315.559,1060.188,882.932,786.316,632.275,451.966,397.419,270.585,205.7,131.421,76.764,66.286,43.676,34.709,31.653,16.527,13.674,11.051,16.431,5.047,10.418,0,0,0,0,0,0,0,0,0,0,0,0,0,0,0,0,0,0,0,0,0,0,0,0,0,0,0,0,0,0,0,0,0,0,0,0,0.611,0.96,1.134,1.321,1.627,2.176,2.523,3.539,4.168,4.885,6.607,8.993,11.069,14.829,17.729,23.019,31.133,37.589,45.299,52.677,61.936,68.091,70.212,71.707,67.91,63.765,58.826,54.685,50.041,47.7,44.754,41.515,39.298,36.478,34.581,31.406,30.28,26.421,23.816,22.263,17.77,14.738,12.667,10.226,7.229,6.263,4.364,3.231,2.006,1.201,1.086,0.685,0.479,0.452,0.214,0.175,0.138,0.2,0.061,0.122,0,0.035,0,0,0,0
2026-09-27 04:20:00,1,"Normal Scan","Normal Scan",0,"ON",1,1,1,735.1,5,16.6,97.9,44.4,0.0000000677261,0.0000180173,4.97,8976.18,8.8,736.5,1,"Up Scan","Positive",254,0,4.37,1.6,8,8,0,1,1,40.394,51.572,40.233,40.679,2.005,4569.45,47,15.4,NA,0,0,0,0,0,0,0,0,0,0,0,0,0,0,0,0,0,0,0,0,0,0,0,0,0,0,0,0,0,0,0,2647.836,2140.511,2387.972,2133.581,2112.552,2160.936,1841.842,1915.669,1931.32,2412.563,2329.12,2819.044,3434.556,3862.617,4511.558,5013.469,5694.007,6641.978,6910.309,7224.268,7761.333,7726.094,7035.8,6247.174,5727.088,4919.493,4389.183,3663.826,3364.662,2971.997,2705.19,2502.252,2249.679,2078.401,1869.623,1636.258,1529.414,1336.689,1244.597,1005.025,938.8,760.253,612.541,512.789,360.467,293.162,225.558,131.977,77.243,64.942,44.193,30.667,30.691,17.757,16.683,3.375,4.914,0,6.958,0,0,0,0,0,0,0,0,0,0,0,0,0,0,0,0,0,0,0,0,0,0,0,0,0,0,0,0,0,0,0,0,0,0,0,0,0.706,1.071,1.24,1.915,2.241,2.784,3.509,3.594,4.417,5.188,7.421,8.176,11.13,15.195,18.938,24.385,29.802,36.788,46.127,51.536,57.798,65.976,69.856,67.622,64.06,62.364,57.097,54.081,48.24,46.683,43.436,41.353,39.873,37.465,34.97,32.471,28.847,26.753,23.396,21.217,17.229,15.676,12.17,9.839,8.131,5.632,4.616,3.448,2.066,1.138,0.94,0.659,0.427,0.439,0.23,0.211,0.042,0.06,0,0.082,0,0.035,0,0,0,0
2026-09-27 04:25:00,1,"Normal Scan","Normal Scan",0,"ON",1,1,1,735.6,5,17.2,97.9,44.4,0.0000000679051,0.0000180463,4.97,8976.18,8.8,736.5,1,"Up Scan","Positive",254,0,4.37,1.6,8,8,0,1,1,40.214,50.977,39.76,40.679,2.006,4535.87,46,16.1,NA,0,0,0,0,0,0,0,0,0,0,0,0,0,0,0,0,0,0,0,0,0,0,0,0,0,0,0,0,0,0,0,2942.988,2638.146,2311.495,2209.516,2007.186,1905.846,1960.714,1994.103,1972.966,2195.755,2394.317,2818.527,3216.725,3643.275,4350.153,5037.627,5768.782,6370.481,6959.021,7299.382,7973.817,7433.527,7099.613,6569.449,5791.18,4981.523,4316.392,3617.764,3308.563,2929.319,2668.221,2176.937,2155.188,1949.233,1660.814,1630.907,1481.786,1299.715,1202.341,968.559,866.813,687.773,600.113,490.6,350.367,299.249,208.301,121.561,82.16,64.229,50.34,31.875,21.536,17.685,13.851,9.376,13.109,1.698,5.218,0,0,0,0,0,0,0,0,0,0,0,0,0,0,0,0,0,0,0,0,0,0,0,0,0,0,0,0,0,0,0,0,0,0,0,0,0.932,1.198,1.546,1.859,2.311,2.638,3.085,3.819,4.582,5.288,6.779,8.394,11.146,14.249,17.924,23.566,29.973,37.151,44.388,52.011,58.383,67.636,67.303,68.153,66.974,62.815,57.459,52.677,47.314,45.482,42.51,40.744,35.448,35.661,33.14,29.131,28.27,25.958,22.706,20.527,16.706,14.314,11.27,9.563,7.891,5.555,4.646,3.203,1.872,1.284,0.971,0.734,0.447,0.303,0.23,0.176,0.117,0.16,0.02,0.061,0,0.017,0,0,0,0
2026-09-27 04:30:00,1,"Normal Scan","Normal Scan",0,"ON",1,1,1,735.4,5,17,97.9,44.7,0.0000000678454,0.0000180366,4.97,8976.18,8.8,736.5,1,"Up Scan","Positive",254,0,4.37,1.6,8,8,0,1,1,39.666,50.354,38.976,40.679,2.029,4531.11,46,15.7,NA,0,0,0,0,0,0,0,0,0,0,0,0,0,0,0,0,0,0,0,0,0,0,0,0,0,0,0,0,0,0,0,3160.426,2902.938,2817.532,2301.873,2136.737,2166.725,2122.353,2172.968,2105.488,2218.723,2517.43,2860.08,3235.752,3707.636,4094.909,5066.258,5630.736,6286.502,6779.819,7166.151,7693.82,7451.958,6821.437,6203.611,5511.837,4786.836,4201.526,3723.075,3342.258,2999.32,2683.06,2182.429,2091.098,1931.446,1698.909,1591.551,1363.726,1243.78,1149.353,950.082,858.782,669.174,625.922,456.812,419.154,303.247,175.778,114.001,62.945,62.283,50.251,41.629,16.32,20.687,18.24,7.834,6.488,6.722,5.177,1.808,0,0,0,0,0,0,0,0,0,0,0,0,0,0,0,0,0,0,0,0,0,0,0,0,0,0,0,0,0,0,0,0,0,0,0,0.955,1.27,1.689,2.264,2.411,2.827,3.505,4.136,5.007,5.637,6.815,8.841,11.292,14.313,18.222,22.237,30.066,36.317,43.705,50.607,57.28,65.236,67.323,65.754,63.614,60.199,55.327,51.436,48.39,45.842,43.226,40.641,35.219,34.67,32.545,29.803,27.674,24.247,21.835,20.041,16.314,14.156,10.869,9.935,7.371,6.643,4.669,2.805,1.802,1.014,0.922,0.753,0.578,0.284,0.269,0.233,0.099,0.08,0.081,0.061,0.021,0.07,0,0,0,0
2026-09-27 04:35:00,1,"Normal Scan","Normal Scan",0,"ON",1,1,1,735.2,5,16.7,97.9,44.5,0.000000067756,0.0000180222,4.97,8976.18,8.8,736.5,1,"Up Scan","Positive",254,0,4.37,1.6,8,8,0,1,1,39.647,50.478,39.286,40.679,2.007,4445.57,47,15.4,NA,0,0,0,0,0,0,0,0,0,0,0,0,0,0,0,0,0,0,0,0,0,0,0,0,0,0,0,0,0,0,0,2414.888,2143.854,2320.949,2457.156,2248.282,1946.94,2242.529,2131.415,2410.342,2468.259,2768.075,2997.984,3293.441,3838.93,4073.017,4908.546,5520.273,6216.272,6648.705,7130.431,7321.921,7247.219,6801.447,6060.918,5393.64,4880.616,4200.447,3718.739,3201.364,2799.655,2608.437,2191.84,2061.122,1841.64,1633.78,1500.604,1438.459,1314.311,1093.812,922.179,821.895,730.737,558.93,469.551,360.547,294.396,191.372,113.019,95.082,69.794,32.003,22.67,14.737,30.961,9.172,15.869,9.869,0,3.479,1.808,0,0,0,0,0,0,0,0,0,0,0,0,0,0,0,0,0,0,0,0,0,0,0,0,0,0,0,0,0,0,0,0,0,0,0,0.768,0.996,1.284,1.858,2.575,2.95,3.154,4.349,4.905,6.443,7.579,9.684,11.824,14.561,18.807,22.121,29.109,35.588,43.239,49.632,56.902,62.359,65.662,65.413,62.137,58.71,56.249,51.346,48.248,44.033,40.661,39.57,35.478,34.195,31.271,28.456,26.695,25.094,22.695,18.98,16.018,13.519,11.871,9.231,7.323,5.609,4.518,3.069,1.723,1.47,1.067,0.466,0.329,0.208,0.403,0.117,0.197,0.12,0,0.041,0.021,0.018,0,0,0,0
2026-09-27 04:40:00,1,"Normal Scan","Normal Scan",0,"ON",1,1,1,735.6,5,17.2,97.9,44.5,0.0000000679051,0.0000180463,4.97,8976.18,8.8,736.5,1,"Up Scan","Positive",254,0,4.37,1.6,8,8,0,1,1,38.29,48.846,37.372,40.679,2.058,4558.04,46,16.1,NA,0,0,0,0,0,0,0,0,0,0,0,0,0,0,0,0,0,0,0,0,0,0,0,0,0,0,0,0,0,0,0,3714.128,3109.107,3097.341,3028.393,2521.282,2617.378,2405.078,2470.954,2481.51,2558.657,2630.581,2946.638,3521.636,3797.464,4315.556,4943.473,5359.458,6031.964,6809.827,7119.574,7474.273,6917.226,6732.21,5825.391,5308.932,4706.149,4049.018,3472.782,3169.747,2695.992,2503.194,2148.185,2005.194,1757.367,1617.149,1423.931,1383.169,1234.427,1154.351,932.331,793.648,770.994,604.194,472.507,339.735,261.542,204.088,133.609,89.892,55.205,47.639,26.562,27.151,8.891,10.694,3.163,6.516,6.8,3.534,0,0,0,0,0,0,0,0,0,0,0,0,0,0,0,0,0,0,0,0,0,0,0,0,0,0,0,0,0,0,0,0,0,0,0,0,1.037,1.508,1.826,2.488,3.162,3.314,4.242,4.676,5.674,6.637,7.846,9.215,11.611,15.513,18.655,23.326,29.338,34.499,42.017,50.597,56.772,63.444,62.643,64.545,59.819,57.607,54.254,49.497,45.078,43.443,39.298,38.044,34.695,33.605,30.216,28.102,25.767,24.497,21.727,19.689,15.881,13.344,12.506,9.536,7.54,5.287,4.094,3.08,2.02,1.329,0.809,0.697,0.391,0.359,0.115,0.136,0.039,0.08,0.081,0.041,0,0,0,0,0,0
2026-09-27 04:45:00,1,"Normal Scan","Normal Scan",0,"ON",1,1,1,735.3,5,16.9,97.8,44.7,0.000000067885,0.0000180318,4.97,8976.18,8.8,736.5,1,"Up Scan","Positive",254,0,4.37,1.6,8,8,0,1,1,36.688,47.208,35.754,40.679,2.078,4669.04,47,15.6,NA,0,0,0,0,0,0,0,0,0,0,0,0,0,0,0,0,0,0,0,0,0,0,0,0,0,0,0,0,0,0,0,3922.334,3873.402,3160.738,3542.582,3040.621,2931.179,3077.602,2747.407,3098.317,3171.339,3214.246,3498.734,3856.029,4009.342,4322.565,4933.196,5306.584,6136.47,6499.029,6755.204,6844.698,6826.813,6423.158,5996.411,5144.986,4562.424,3909.234,3527.279,3090.538,2758.038,2383.242,2034.2,1839.203,1667.914,1587.314,1389.887,1327.035,1228.804,1094.844,977.085,780.958,720.567,557.15,433.159,344.263,248.238,164.994,124.142,84.621,68.881,50.229,34.859,21.496,20.605,13.341,11.53,8.158,3.368,8.711,0,0,0,0,0,0,0,0,0,0,0,0,0,0,0,0,0,0,0,0,0,0,0,0,0,0,0,0,0,0,0,0,0,0,0,0,0.975,1.57,2.293,2.545,3.688,4.024,4.739,5.971,6.302,8.246,9.688,11.18,13.703,16.933,19.57,23.33,29.107,34.134,42.564,48.52,53.936,58.294,61.828,61.864,61.215,56.08,52.544,47.715,45.435,42.297,39.701,36.483,32.965,31.179,29.085,27.606,24.933,23.298,21.305,18.809,16.492,13.002,11.603,9.008,7.116,5.485,3.878,2.621,1.93,1.297,1.013,0.771,0.485,0.284,0.269,0.169,0.144,0.1,0.04,0.102,0,0,0,0,0,0
2026-09-27 04:50:00,1,"Normal Scan","Normal Scan",0,"ON",1,1,1,735.1,5,16.6,97.8,44.6,0.0000000677954,0.0000180173,4.97,8976.18,8.8,736.5,1,"Up Scan","Positive",254,0,4.37,1.6,8,8,0,1,1,36.267,46.582,35.015,37.855,2.101,4770.19,48,15.2,NA,0,0,0,0,0,0,0,0,0,0,0,0,0,0,0,0,0,0,0,0,0,0,0,0,0,0,0,0,0,0,0,4300.621,4646.652,3775.431,4022.414,3577.791,3211.589,3072.924,3227.715,2848.185,3025.906,3137.156,3351.051,3631.242,4115.072,4519.359,4581.251,5537.145,5915.925,6532.363,7016.384,6916.232,6948.004,6432.007,5857.721,5065.442,4729.858,3944.645,3472.546,3016.928,2785.892,2388.351,2039.848,1835.157,1774.701,1588.674,1451.04,1334.907,1213.676,1091.252,878.634,837.336,709.594,602.745,470.97,394.577,238.629,196.147,117.39,63.74,63.719,43.065,22.801,21.579,13.317,15.329,7.834,3.272,1.67,8.739,1.795,0,0,0,0,0,0,0,0,0,0,0,0,0,0,0,0,0,0,0,0,0,0,0,0,0,0,0,0,0,0,0,0,0,0,0,1.412,1.78,2.744,3.032,4.212,4.699,5.203,5.945,7.394,7.622,9.275,10.906,13.168,15.977,20.072,24.382,27.169,35.582,41.144,48.713,55.841,59.008,62.861,61.877,59.886,55.355,54.409,47.985,44.979,41.568,40.154,36.576,33.218,31.085,30.074,28.057,25.771,23.807,21.278,19.029,15.02,13.819,11.425,9.617,7.443,6.101,3.716,3.024,1.87,0.962,0.922,0.642,0.354,0.322,0.173,0.195,0.099,0.04,0.02,0.102,0.021,0.036,0,0,0,0
2026-09-27 04:55:00,1,"Normal Scan","Normal Scan",0,"ON",1,1,1,735.5,5,17.1,97.8,44.4,0.0000000679447,0.0000180415,4.97,8976.18,8.8,736.5,1,"Up Scan","Positive",254,0,4.37,1.6,8,8,0,1,1,36.209,46.441,35.052,40.679,2.09,4741.91,46,15.9,NA,0,0,0,0,0,0,0,0,0,0,0,0,0,0,0,0,0,0,0,0,0,0,0,0,0,0,0,0,0,0,0,4229.44,4382.952,4266.949,3383.431,3389.852,3080.697,3012.253,3132.668,2895.774,3014.107,3201.714,3404.562,3858.916,4025.319,4722.456,4788.285,5476.131,5997.819,6450.954,6780.499,6940.216,6903.374,6477.251,5727.068,5281.549,4524.714,4106.384,3366.277,3077.37,2695.438,2432.231,2087.394,1904.829,1617.877,1629.518,1369.524,1313.797,1211.725,1074.897,935.585,804.078,625.945,550.902,437.944,339.955,233.957,160.209,106.212,99.602,48.925,38.648,29.023,28.302,22.083,13.778,7.941,14.757,3.368,1.74,1.822,0,0,0,0,0,0,0,0,0,0,0,0,0,0,0,0,0,0,0,0,0,0,0,0,0,0,0,0,0,0,0,0,0,0,0,1.36,1.741,2.576,3.436,3.527,4.463,4.992,5.843,7.192,7.73,9.227,11.145,13.356,16.914,19.647,25.361,28.328,35.199,41.661,48.065,54.16,59.069,62.492,62.297,58.693,57.27,52.202,50.02,43.584,42.2,38.882,36.959,33.666,31.613,28.304,28.281,24.05,23.063,21.049,18.47,15.619,13.277,10.31,8.901,6.917,5.37,3.776,2.53,1.643,1.547,0.777,0.558,0.392,0.408,0.288,0.175,0.098,0.179,0.04,0.02,0.021,0.018,0,0,0,0
2026-09-27 05:00:00,1,"Normal Scan","Normal Scan",0,"ON",1,1,1,735.4,5,17,97.8,44.9,0.0000000679148,0.0000180366,4.97,8976.18,8.8,736.5,1,"Up Scan","Positive",254,0,4.37,1.6,8,8,0,1,1,36.906,46.971,35.882,40.679,2.054,4590.97,47,15.7,NA,0,0,0,0,0,0,0,0,0,0,0,0,0,0,0,0,0,0,0,0,0,0,0,0,0,0,0,0,0,0,0,3858.449,3117.881,3006.449,3191.499,2941.944,2968.28,2823.951,3022.722,3114.597,3106.923,3185.046,3478.231,3679.51,3962.251,4438.546,4843.751,5485.752,5922.026,6416.666,6652.007,7077.217,7060.763,6341.861,6033.636,5383.899,4617.133,3777.463,3384.206,3009.084,2614.726,2345.737,2075.585,1733.312,1588.716,1432.274,1309.03,1207.617,1161.673,1060.599,873.978,820.26,676.473,531.803,461.207,354.422,223.287,173.129,103.639,64.448,50.198,37.919,33.421,28.553,13.28,9.185,9.489,4.873,6.722,0,3.603,0,0,0,0,0,0,0,0,0,0,0,0,0,0,0,0,0,0,0,0,0,0,0,0,0,0,0,0,0,0,0,0,0,0,0,1.038,1.594,1.87,2.408,3.317,3.856,4.8,5.486,6.928,8.296,9.526,11.078,13.644,16.169,19.33,23.902,28.669,35.302,41.12,47.957,53.257,60.144,63.669,61.011,61.47,58.224,52.979,46.106,43.609,40.904,37.516,35.491,33.139,29.399,27.669,25.647,23.485,21.498,20.386,18.174,14.794,13.544,10.875,8.482,7.193,5.617,3.567,2.637,1.592,1.013,0.759,0.532,0.484,0.378,0.173,0.117,0.118,0.06,0.081,0,0.041,0,0,0,0,0
2026-09-27 05:05:00,1,"Normal Scan","Normal Scan",0,"ON",1,1,1,735.1,5,16.7,97.8,44.7,0.0000000678253,0.0000180222,4.97,8976.18,8.8,736.5,1,"Up Scan","Positive",254,0,4.37,1.6,8,8,0,1,1,37.47,47.658,36.665,40.679,2.034,4493.94,47,15.4,NA,0,0,0,0,0,0,0,0,0,0,0,0,0,0,0,0,0,0,0,0,0,0,0,0,0,0,0,0,0,0,0,3145.169,2853.745,2935.642,2728.57,2487.793,2656.59,2873.629,2707.921,2912.326,2891.445,3187.243,3270.677,3801.557,4029.736,4566.577,4721.033,5432.807,5944.804,6474.073,6693.648,6891.677,6773.662,6469.068,6069.555,5456.425,4588.676,3876.403,3434.911,3019.821,2567.936,2297.009,2101.692,1712.722,1614.741,1420,1367.57,1274.312,1170.915,993.73,885.319,742.194,639.256,542.893,415.526,363.669,239.062,178.569,111.582,96.185,54.648,26.631,23.507,21.365,7.394,9.198,10.957,6.557,3.396,8.7,3.617,0,0,0,0,0,0,0,0,0,0,0,0,0,0,0,0,0,0,0,0,0,0,0,0,0,0,0,0,0,0,0,0,0,0,0,1.008,1.292,1.673,2.357,2.85,3.276,4.313,5.582,6.249,7.775,8.863,11.097,12.83,16.676,19.675,24.536,27.966,34.888,41.313,48.414,53.644,58.711,61.236,62.228,61.88,58.848,52.625,47.369,44.156,40.939,37.192,35.011,33.623,28.886,27.819,25.03,24.121,22.533,20.287,17.513,14.908,12.46,10.367,8.815,6.492,5.617,3.713,2.717,1.787,1.405,0.814,0.44,0.373,0.284,0.096,0.117,0.138,0.08,0.04,0.102,0.041,0,0,0,0,0
2026-09-27 05:10:00,1,"Normal Scan","Normal Scan",0,"ON",1,1,1,735.5,5,17.2,97.8,44.7,0.0000000679745,0.0000180463,4.97,8976.18,8.8,736.5,1,"Up Scan","Positive",254,0,4.37,1.6,8,8,0,1,1,38.165,48.363,37.522,43.714,2.012,4451.06,46,16.1,NA,0,0,0,0,0,0,0,0,0,0,0,0,0,0,0,0,0,0,0,0,0,0,0,0,0,0,0,0,0,0,0,2723.837,2866.992,2531.735,2159.677,2295.29,2370.02,2553.428,2447.982,2688.724,2917.932,3169.071,3380.13,3582.896,3918.198,4586.763,4868.854,5484.102,6027.461,6625.182,6745.468,6981.782,7016.12,6599.558,6113.158,5339.715,4630.789,3987.31,3610.477,2952.279,2689.072,2366.338,2035.586,1877.692,1681.047,1558.503,1402.04,1204.443,1129.943,985.476,864.984,733.924,616.321,527.189,436.243,344.144,233.46,172.689,110.316,95.026,58.055,45.596,20.816,15.992,8.903,13.804,9.396,9.815,8.503,1.726,1.822,0,0,0,0,0,0,0,0,0,0,0,0,0,0,0,0,0,0,0,0,0,0,0,0,0,0,0,0,0,0,0,0,0,0,0,0.81,1.121,1.664,2.027,2.263,3.025,3.823,4.985,5.611,7.169,8.952,11.013,13.278,15.737,19.159,24.656,28.772,35.276,41.905,49.425,53.98,59.384,63.442,63.579,62.13,57.911,53.254,48.465,46.492,40.369,38.955,35.703,32.497,30.802,28.825,26.93,24.427,21.394,19.787,17.286,14.592,12.282,10.102,8.541,6.968,5.33,3.617,2.632,1.775,1.413,0.892,0.688,0.282,0.246,0.115,0.175,0.118,0.12,0.101,0.02,0.021,0.018,0,0,0,0
2026-09-27 05:15:00,1,"Normal Scan","Normal Scan",0,"ON",1,1,1,735.3,5,16.9,97.8,44.9,0.000000067885,0.0000180318,4.97,8976.18,8.8,736.5,1,"Up Scan","Positive",254,0,4.37,1.6,8,8,0,1,1,38.95,49.24,38.287,43.714,2.006,4327.29,47,15.6,NA,0,0,0,0,0,0,0,0,0,0,0,0,0,0,0,0,0,0,0,0,0,0,0,0,0,0,0,0,0,0,0,2702.967,2380.139,2347.393,1913.646,2169.084,2285.02,2226.881,2382.4,2535.1,2550.933,2885.451,3186.185,3383.63,3933.949,4275.101,4676.592,5268.724,5795.851,6409.379,6709.736,6917.444,6992.771,6523.215,6170.477,5438.274,4739.563,3978.06,3495.594,3107.401,2647.556,2351.255,2005.562,1826.791,1561.154,1468.681,1414.45,1178.174,1172.802,1000.64,921.562,810.394,627.741,553.692,441.133,330.454,192.801,153.748,127.361,87.192,58.614,34.463,27.413,30.197,11.808,24.47,0,14.798,10.201,3.493,3.617,0,0,0,0,0,0,0,0,0,0,0,0,0,0,0,0,0,0,0,0,0,0,0,0,0,0,0,0,0,0,0,0,0,0,0,0.685,1.108,1.427,1.865,2.013,2.837,3.714,4.329,5.46,6.778,7.837,10.066,12.525,14.887,19.214,23.062,27.717,33.968,40.387,47.99,53.737,59.007,63.192,62.798,62.895,58.747,54.309,48.39,44.897,41.974,38.33,35.619,32.229,30.339,27.339,26.021,24.66,21.122,20.475,17.338,15.211,13.292,10.393,8.913,7.077,5.167,3.203,2.432,2.02,1.295,0.939,0.569,0.41,0.435,0.153,0.311,0,0.18,0.121,0.041,0.041,0.036,0,0,0,0
2026-09-27 05:20:00,1,"Normal Scan","Normal Scan",0,"ON",1,1,1,735.1,5,16.6,97.8,44.8,0.0000000677954,0.0000180173,4.97,8976.18,8.8,736.5,1,"Up Scan","Positive",254,0,4.37,1.6,8,8,0,1,1,40.479,50.586,39.881,43.714,1.971,4241.64,48,15.3,NA,0,0,0,0,0,0,0,0,0,0,0,0,0,0,0,0,0,0,0,0,0,0,0,0,0,0,0,0,0,0,0,2181.919,2065.805,2190.515,1581.445,1728.723,1655.584,1841.819,1722.363,2186.905,2427.217,2607.573,2921.621,3399.745,3749.057,4119.111,4507.951,5314.686,5722.71,6295.696,6676.612,7178.081,7237.04,6933.785,6455.645,5653.23,5001.85,4199.074,3643.206,3181.158,2752.695,2468.014,2034.412,1786.676,1625.676,1511.277,1261.329,1218.859,1099.079,1055.754,870.681,775.346,717.156,546.232,486.227,329.587,258.636,187.12,126.315,80.66,47.776,35.563,24.616,10.933,9.601,10.629,4.724,8.131,3.368,3.493,1.795,0,0,0,0,0,0,0,0,0,0,0,0,0,0,0,0,0,0,0,0,0,0,0,0,0,0,0,0,0,0,0,0,0,0,0,0.706,0.909,1.221,1.758,1.651,2.287,2.704,3.585,3.992,5.853,7.459,9.087,11.512,14.932,18.339,22.255,26.832,34.344,40.053,47.325,53.689,61.284,65.528,66.631,65.701,61.2,57.108,50.84,46.505,43.022,39.428,36.795,32.581,30.105,28.068,26.513,23.114,21.787,19.658,18.217,14.812,13.051,11.411,8.754,7.573,5.151,3.929,2.855,1.892,1.23,0.72,0.514,0.354,0.161,0.124,0.136,0.059,0.1,0.04,0.041,0.021,0.018,0,0,0,0
2026-09-27 05:25:00,1,"Normal Scan","Normal Scan",0,"ON",1,1,1,735.5,5,17.2,97.8,44.7,0.0000000679745,0.0000180463,4.97,8976.18,8.8,736.5,1,"Up Scan","Positive",254,0,4.37,1.6,8,8,0,1,1,40.464,50.623,39.968,43.714,1.968,4313.43,46,16,NA,0,0,0,0,0,0,0,0,0,0,0,0,0,0,0,0,0,0,0,0,0,0,0,0,0,0,0,0,0,0,0,2325.492,2396.785,1851.144,1732.212,1630.58,1457.174,1781.943,1980.091,1937.359,2465.38,2829.226,2858.145,3411.582,3541.408,4242.578,4722.525,5299.74,5931.213,6683.025,7022.341,7136.643,7335.393,7103.069,6364.338,5853.113,5061.689,4244.912,3757.976,3360.479,2782.015,2385.579,2104.308,1916.502,1753.444,1490.402,1351.523,1297.712,1110.392,1030.601,901.33,758.725,672.672,556.741,461.314,291.259,270.687,165.92,131.48,75.474,62.216,47.282,36.237,11.64,16.173,13.752,3.163,6.571,1.698,1.726,3.63,0,0,0,0,0,0,0,0,0,0,0,0,0,0,0,0,0,0,0,0,0,0,0,0,0,0,0,0,0,0,0,0,0,0,0,0.746,0.96,1.421,1.484,1.799,2.177,2.364,3.461,4.544,5.198,7.592,9.86,11.239,15.016,17.417,22.949,28.012,34.261,41.506,49.994,56.375,60.94,66.415,68.326,65.025,63.136,57.746,51.511,48.274,45.231,39.857,36.102,33.405,31.823,29.833,26.13,24.1,22.962,19.639,17.587,15.346,12.745,10.862,8.958,7.36,4.668,4.12,2.563,2.011,1.107,0.916,0.677,0.505,0.17,0.211,0.175,0.039,0.08,0.02,0.02,0.041,0,0,0,0,0
2026-09-27 05:30:00,1,"Normal Scan","Normal Scan",0,"ON",1,1,1,735.3,5,16.9,97.8,45,0.000000067885,0.0000180318,4.97,8976.18,8.8,736.5,1,"Up Scan","Positive",254,0,4.37,1.6,8,8,0,1,1,40.252,50.086,39.283,43.714,1.994,4412.3,47,15.6,NA,0,0,0,0,0,0,0,0,0,0,0,0,0,0,0,0,0,0,0,0,0,0,0,0,0,0,0,0,0,0,0,3273.936,2582.09,2162.212,2108.864,1837.135,1602.366,1733.783,1910.033,2260.156,2374.653,2706.774,2952.882,3312.347,3734.093,4160.815,4879.171,5299.875,5966.256,6461.692,6868.623,7169.524,7280.393,6935.207,6488.865,6082.246,5343.436,4565.573,3930.351,3281.797,2789.839,2493.53,2175.57,1982.281,1716.489,1513.646,1446.662,1333.261,1065.863,975.39,916.08,778.482,639.259,507.889,413.617,334.232,263.772,176.593,95.595,79.754,66.271,52.585,34.629,30.546,11.796,18.318,4.711,4.873,5.066,1.767,0,0,0,0,0,0,0,0,0,0,0,0,0,0,0,0,0,0,0,0,0,0,0,0,0,0,0,0,0,0,0,0,0,0,0,0,0.592,1.382,1.508,1.721,2.202,2.422,2.613,3.364,4.393,6.038,7.305,9.456,11.636,14.601,18.301,22.518,28.875,34.26,41.641,48.588,55.349,61.483,66.291,66.889,66.237,65.393,60.919,55.139,50.268,44.536,40.049,37.6,34.463,32.186,29.368,26.45,25.32,23.129,18.72,17.108,15.686,12.737,10.492,8.273,6.705,5.287,4.207,2.702,1.525,1.223,0.976,0.734,0.485,0.473,0.153,0.233,0.059,0.06,0.061,0.02,0,0.071,0,0,0,0
2026-09-27 05:35:00,1,"Normal Scan","Normal Scan",0,"ON",1,1,1,735.1,5,16.6,97.8,44.8,0.0000000677954,0.0000180173,4.97,8976.18,8.8,736.5,1,"Up Scan","Positive",254,0,4.37,1.6,8,8,0,1,1,40.173,49.657,38.972,46.976,1.994,4549.73,48,15.3,NA,0,0,0,0,0,0,0,0,0,0,0,0,0,0,0,0,0,0,0,0,0,0,0,0,0,0,0,0,0,0,0,3654.241,2548.328,2178.14,2185.553,1955.944,1882.734,1780.427,1959.932,2375.151,2463.475,2771.921,3148.575,3568.68,4062.834,4402.021,4712.058,5593.009,6019.216,6460.568,6813.049,7311.225,7343.031,7389.964,6795.759,6433.889,5591.211,4696.186,4028.963,3353.329,2781.133,2609.64,2190.696,2008.071,1677.413,1533.79,1426.778,1249.359,1137.012,1027.139,922.429,800.68,629.752,591.372,406.436,337.002,235.743,170.357,97.257,85.648,58.416,45.948,29.742,17.593,14.851,9.185,4.738,4.9,1.67,3.534,3.589,0,0,0,0,0,0,0,0,0,0,0,0,0,0,0,0,0,0,0,0,0,0,0,0,0,0,0,0,0,0,0,0,0,0,0,0.737,1.494,1.496,1.747,2.275,2.587,3.067,3.472,4.53,6.359,7.576,9.682,12.405,15.718,19.811,23.747,28.002,36.065,42.172,48.734,55.179,62.828,66.896,71.112,69.171,69.076,63.589,56.722,51.318,45.167,40.068,39.071,34.569,32.998,28.818,26.949,24.877,22.377,19.812,17.705,15.527,13.096,10.309,9.435,6.543,5.282,3.646,2.602,1.532,1.28,0.86,0.632,0.466,0.265,0.192,0.117,0.059,0.06,0.02,0.041,0.041,0.036,0,0,0,0
2026-09-27 05:40:00,1,"Normal Scan","Normal Scan",0,"ON",1,1,1,735.5,5,17.2,97.8,44.7,0.0000000679745,0.0000180463,4.97,8976.18,8.8,736.5,1,"Up Scan","Positive",254,0,4.37,1.6,8,8,0,1,1,40.416,50.098,39.272,43.714,1.995,4487.18,46,16,NA,0,0,0,0,0,0,0,0,0,0,0,0,0,0,0,0,0,0,0,0,0,0,0,0,0,0,0,0,0,0,0,2987.389,2768.631,2339.295,1787.741,2063.699,1969.125,1880.401,1993.734,2235.969,2483.223,2800.832,3103.572,3470.092,3698.481,4330.564,4843.077,5168.823,5746.223,6361.015,6913.99,7267.734,7379.911,7159.251,6890.637,6094.054,5445.915,4689.234,4119.383,3374.051,2851.831,2506.947,2222.816,1909.871,1774.134,1566.298,1417.059,1257.372,1171.436,1018.406,888.922,782.995,682.757,590.717,443.428,329.376,263.79,147.24,121.402,61.677,45.776,58.081,30.222,15.639,23.619,9.159,12.612,9.815,5.052,3.52,1.781,0,0,0,0,0,0,0,0,0,0,0,0,0,0,0,0,0,0,0,0,0,0,0,0,0,0,0,0,0,0,0,0,0,0,0,1.048,1.218,1.648,1.846,1.863,2.711,3.18,3.661,4.594,5.995,7.624,9.772,12.166,15.236,18.1,23.35,28.736,33.496,40.309,48.042,55.74,62.323,67.248,69.117,70.058,65.692,61.975,56.466,52.394,45.553,41.029,37.631,35.194,31.643,30.138,27.164,25.148,22.491,20.443,17.621,15.036,12.917,10.982,9.35,7.165,5.256,4.074,2.347,1.871,0.982,0.724,0.819,0.447,0.208,0.307,0.117,0.158,0.12,0.061,0.041,0.021,0,0,0,0,0
2026-09-27 05:45:00,1,"Normal Scan","Normal Scan",0,"ON",1,1,1,735.4,5,17,97.8,45,0.0000000679148,0.0000180366,4.97,8976.18,8.8,736.5,1,"Up Scan","Positive",254,0,4.37,1.6,8,8,0,1,1,41.216,50.951,40.391,43.714,1.959,4359.65,47,15.6,NA,0,0,0,0,0,0,0,0,0,0,0,0,0,0,0,0,0,0,0,0,0,0,0,0,0,0,0,0,0,0,0,2100.771,2065.635,1768.976,1650.007,1958.636,1639.785,1790.404,1951.983,2383.092,2164.035,2588.533,3081.176,3366.765,3608.3,4168.889,4714.71,5088.992,5773.64,6336.277,6862.137,7054.363,7332.12,7297.067,6844.872,6255.949,5501.764,4689.797,4004.352,3355.416,2926.699,2617.689,2200.104,2000.759,1697.891,1530.437,1364.98,1211.778,1112.366,977.795,858.015,779.178,653.228,577.81,454.48,328.686,234.564,186.039,114.498,73.261,46.048,46.552,36.055,21.939,22.258,9.224,11.002,6.543,1.684,3.479,5.411,0,0,0,0,0,0,0,0,0,0,0,0,0,0,0,0,0,0,0,0,0,0,0,0,0,0,0,0,0,0,0,0,0,0,0,0.561,0.847,1.221,1.422,1.715,2.572,2.679,3.485,4.494,6.37,6.678,9.069,12.123,14.81,17.662,22.53,27.938,33.036,40.555,47.835,55.433,60.703,66.74,70.339,69.73,67.404,62.692,56.538,51.136,45.181,41.643,38.78,34.736,32.52,29.054,26.579,24.15,21.907,19.602,16.937,14.714,12.986,10.571,9.185,7.3,5.226,3.686,2.904,1.819,1.12,0.694,0.671,0.522,0.34,0.288,0.117,0.138,0.08,0.02,0.041,0.062,0.036,0,0,0,0
2026-09-27 05:50:00,1,"Normal Scan","Normal Scan",0,"ON",1,1,1,735.1,5,16.6,97.8,44.9,0.0000000677954,0.0000180173,4.97,8976.18,8.8,736.5,1,"Up Scan","Positive",254,0,4.37,1.6,8,8,0,1,1,41.599,51.537,40.889,43.714,1.957,4372.91,48,15.1,NA,0,0,0,0,0,0,0,0,0,0,0,0,0,0,0,0,0,0,0,0,0,0,0,0,0,0,0,0,0,0,0,1830.186,2026.9,1667.329,1732.275,1864.517,1614.799,1803.378,2018.044,2166.116,2338.8,2631.052,2943.827,3336.991,3708.397,4091.215,4715.199,5091.596,5600.418,6324.439,6871.575,7022.052,7081.385,7041.101,6957.109,6263.535,5706.965,4880.833,4278.455,3609.634,2992.3,2591.72,2333.241,2016.131,1766.855,1580.156,1437.159,1295.997,1151.809,1022.238,942.353,778.528,648.947,543.799,467.607,353.522,215.925,158.539,120.472,78.674,59.95,30.221,23.488,32.563,8.08,13.94,15.691,18.014,10.187,5.191,1.795,0,0,0,0,0,0,0,0,0,0,0,0,0,0,0,0,0,0,0,0,0,0,0,0,0,0,0,0,0,0,0,0,0,0,0,0.675,0.747,1.189,1.34,1.802,2.438,2.628,3.522,4.655,5.806,7.186,9.197,11.588,14.688,18.17,22.15,27.946,32.941,39.345,47.797,55.581,60.604,64.896,68.346,70.989,67.507,65.079,58.73,54.41,48.685,42.405,39.002,36.574,33.12,30.197,27.519,25.153,22.784,20.357,17.711,15.687,12.896,10.658,8.702,7.384,5.55,3.557,2.444,1.89,1.316,0.958,0.532,0.334,0.465,0.105,0.177,0.195,0.219,0.121,0.061,0.021,0.036,0,0,0,0
2026-09-27 05:55:00,1,"Normal Scan","Normal Scan",0,"ON",1,1,1,735.4,5,17,97.8,44.5,0.0000000679148,0.0000180366,4.97,8976.18,8.8,736.5,1,"Up Scan","Positive",254,0,4.37,1.6,8,8,0,1,1,40.929,50.609,39.708,43.714,1.994,4491.37,46,15.8,NA,0,0,0,0,0,0,0,0,0,0,0,0,0,0,0,0,0,0,0,0,0,0,0,0,0,0,0,0,0,0,0,2967.775,2500.647,2068.592,1887.714,2243.956,1843.373,1995.86,2136.501,2314.778,2401.973,2566.809,3091.852,3268.781,3670.469,4236.695,4640.197,5261.387,5703.651,6225.094,6734.498,7229.525,7255.115,7062.961,6873.819,6353.676,5609.351,4833.201,4230.384,3689.308,3099.285,2670.14,2334.777,1990.498,1911.149,1576.081,1403.809,1243.01,1071.933,1028.266,879.395,713.87,643.34,573.615,427.892,367.186,282.252,163.376,114.216,78.061,62.586,62.561,25.81,23.295,26.623,18.279,9.516,9.801,10.09,5.218,0,0,0,0,0,0,0,0,0,0,0,0,0,0,0,0,0,0,0,0,0,0,0,0,0,0,0,0,0,0,0,0,0,0,0,0,0.706,1.23,1.467,1.653,1.954,2.959,2.996,3.894,4.895,6.183,7.394,8.969,12.145,14.401,17.972,22.856,27.559,34.002,39.999,47.138,54.488,62.189,66.326,68.497,70.388,68.494,64.108,58.291,53.868,49.516,43.847,39.879,36.163,32.614,31.865,27.145,24.805,22.239,18.889,18.172,15.125,12.113,10.396,9.323,7,5.769,4.456,2.654,1.777,1.269,0.994,0.918,0.354,0.359,0.345,0.233,0.118,0.12,0.121,0.061,0,0.053,0,0,0,0
2026-09-27 06:00:00,1,"Normal Scan","Normal Scan",0,"ON",1,1,1,735.4,5,17.1,97.7,45,0.0000000680142,0.0000180415,4.97,8976.18,8.8,736.5,1,"Up Scan","Positive",254,0,4.37,1.6,8,8,0,1,1,40.319,49.99,38.833,43.714,2.022,4553.31,46,15.9,NA,0,0,0,0,0,0,0,0,0,0,0,0,0,0,0,0,0,0,0,0,0,0,0,0,0,0,0,0,0,0,0,2870.496,2697.233,2715.477,2472.931,2478.111,2333.286,2197.849,2502.658,2218.33,2530.204,2893.205,3295.524,3361.515,3656.399,4165.867,4373.536,5096.236,5630.6,6273.967,6600.397,6932.34,7219.243,7093.432,6925.167,6205.116,5654.198,4945.498,4139.694,3496.179,2933.286,2600.414,2250.095,2031.793,1757.247,1606.201,1437.423,1309.285,1136.48,1026.461,930.839,803.167,637.183,555.509,506.525,348.103,252.083,158.203,128.557,75.526,65.323,24.488,46.656,26.388,30.544,15.248,9.503,11.403,7.605,7.877,1.822,0,0,0,0,0,0,0,0,0,0,0,0,0,0,0,0,0,0,0,0,0,0,0,0,0,0,0,0,0,0,0,0,0,0,0,0.882,1.156,1.598,2.183,2.56,3.265,3.788,4.28,5.761,5.928,7.766,10.058,12.903,14.778,17.878,22.479,26.013,33.034,39.567,47.435,53.439,59.839,66.12,68.562,70.476,66.902,64.397,59.48,52.745,47.098,42.075,38.981,35.496,33.257,30.073,28.023,25.156,23.005,20.486,17.845,15.607,13.265,10.615,9.019,7.878,5.638,4.016,2.638,1.967,1.226,0.975,0.422,0.652,0.383,0.398,0.194,0.118,0.14,0.091,0.092,0.021,0.018,0,0,0,0
2026-09-27 06:05:00,1,"Normal Scan","Normal Scan",0,"ON",1,1,1,735.1,5,16.6,97.8,44.9,0.0000000677954,0.0000180173,4.97,8976.18,8.8,736.5,1,"Up Scan","Positive",254,0,4.37,1.6,8,8,0,1,1,40.579,50.357,39.089,43.714,2.027,4502.28,47,15.3,NA,0,0,0,0,0,0,0,0,0,0,0,0,0,0,0,0,0,0,0,0,0,0,0,0,0,0,0,0,0,0,0,2804.674,3131.703,2622.459,2381.982,2137.442,2243.303,1923.8,2150.176,2379.879,2697.842,2714.883,2957.147,3582.037,3753.266,4209.299,4473.655,4935.456,5547.203,5935.005,6441.784,6728.824,7129.733,7030.387,6662.569,6157.998,5609.824,4903.637,4304.073,3527.971,3053.196,2638.466,2229.427,2015.929,1749.443,1561.945,1507.834,1314.678,1208.276,1080.862,949.179,806.413,633.999,563.396,451.184,332.72,261.704,173.467,124.894,77.379,71.766,57.644,51.42,17.368,23.579,7.624,9.462,13.045,3.368,1.74,3.589,0,0,0,0,0,0,0,0,0,0,0,0,0,0,0,0,0,0,0,0,0,0,0,0,0,0,0,0,0,0,0,0,0,0,0,0.954,1.135,1.838,2.09,2.485,2.815,3.63,3.76,4.935,6.363,8.284,9.459,11.617,15.723,18.32,22.687,26.522,32.028,38.987,44.966,52.275,58.242,65.366,68.146,68.231,66.527,64.074,59.042,54.587,47.382,43.725,39.651,35.426,33.332,30.074,27.397,26.139,23.324,21.122,18.465,16.194,13.498,10.353,9.244,7.261,5.471,4.081,2.71,1.917,1.237,1.074,0.808,0.727,0.265,0.307,0.097,0.118,0.16,0.04,0.02,0.041,0.036,0,0,0,0
2026-09-27 06:10:00,1,"Normal Scan","Normal Scan",0,"ON",1,1,1,735.3,5,17,97.7,44.6,0.0000000679843,0.0000180366,4.97,8976.18,8.8,736.5,1,"Up Scan","Positive",254,0,4.37,1.6,8,8,0,1,1,40.394,50.034,38.876,43.714,2.023,4554.06,47,15.9,NA,0,0,0,0,0,0,0,0,0,0,0,0,0,0,0,0,0,0,0,0,0,0,0,0,0,0,0,0,0,0,0,2775.401,3414.679,2648.647,2344.272,2049.795,2147.878,2240.538,2315.579,2370.504,2602.042,2743.087,3086.251,3406.298,4062.068,4237.204,4666.429,5135.813,5514.573,6141.687,6328.754,6844.617,7071.362,7059.73,6819.837,6156.478,5746.043,5061.593,4178.154,3673.697,3106.389,2678.617,2347.16,1959.018,1768.525,1585.95,1432.255,1263.472,1152.977,915.474,928.622,798.204,687.331,569.027,460.272,345.879,248.711,161.809,127.991,104.46,76.169,39.321,36.129,26.083,22.108,13.674,12.599,9.897,0,5.191,3.603,0,0,0,0,0,0,0,0,0,0,0,0,0,0,0,0,0,0,0,0,0,0,0,0,0,0,0,0,0,0,0,0,0,0,0,0.862,1.146,1.982,2.107,2.463,2.674,3.486,4.37,5.348,6.34,7.977,9.584,12.119,14.953,19.789,22.791,27.623,33.216,38.791,46.441,51.41,59.243,64.913,68.393,69.863,66.67,65.496,60.744,53.095,49.196,44.057,39.957,36.504,32.072,30.074,27.702,25.389,22.497,20.348,16.329,15.756,13.195,11.383,9.384,7.339,5.483,3.959,2.591,1.993,1.582,1.138,0.587,0.522,0.397,0.288,0.175,0.158,0.12,0,0.061,0.041,0.054,0,0,0,0
2026-09-27 06:15:00,1,"Normal Scan","Normal Scan",0,"ON",1,1,1,735.4,5,17.1,97.7,45.2,0.0000000680142,0.0000180415,4.97,8976.18,8.8,736.5,1,"Up Scan","Positive",254,0,4.37,1.6,8,8,0,1,1,38.086,47.592,36.296,46.976,2.071,4915.55,47,15.9,NA,0,0,0,0,0,0,0,0,0,0,0,0,0,0,0,0,0,0,0,0,0,0,0,0,0,0,0,0,0,0,0,3352.552,3674.445,3736.294,4103.891,3554.49,3163.008,3017.064,3062.657,3217.547,3200.773,3404.918,3742.189,3910.18,4128.849,4478.773,4820.71,5103.97,5561.281,5801.827,6377.678,6837.665,6888.892,7089.876,6904.203,6367.498,5660.52,4942.32,4152.14,3896.788,3036.301,2775.443,2412.681,2144.785,1759.088,1553.183,1498.977,1294.425,1127.912,1013.748,942.91,748.38,661.38,491.804,462.388,364.125,225.699,168.44,117.494,90.892,72.434,35.318,41.257,35.158,14.851,15.272,6.313,16.265,5.107,3.479,9.055,0,0,0,0,0,0,0,0,0,0,0,0,0,0,0,0,0,0,0,0,0,0,0,0,0,0,0,0,0,0,0,0,0,0,0,1.212,1.397,2.15,3.012,4.275,4.689,5.099,5.85,7.03,8.572,9.793,11.821,14.607,17.071,20.025,24.035,28.454,32.948,39.102,44.124,51.825,59.182,63.194,68.786,70.822,68.686,64.758,59.853,53.109,51.555,43.436,41.296,37.464,34.521,30.152,27.012,26.053,22.536,19.954,17.75,15.775,12.548,10.902,8.221,7.237,5.866,3.688,2.649,1.871,1.457,1.065,0.55,0.615,0.548,0.192,0.194,0.079,0.199,0.061,0.041,0.103,0.054,0,0,0,0
2026-09-27 06:20:00,1,"Normal Scan","Normal Scan",0,"ON",1,1,1,735.1,5,16.7,97.7,45.2,0.0000000678947,0.0000180222,4.97,8976.18,8.8,736.5,1,"Up Scan","Positive",254,0,4.37,1.6,8,8,0,1,1,39.282,48.823,37.63,43.714,2.046,4721.66,48,15.4,NA,0,0,0,0,0,0,0,0,0,0,0,0,0,0,0,0,0,0,0,0,0,0,0,0,0,0,0,0,0,0,0,3446.336,2803.855,3272.632,3029.502,2721.264,2779.337,2423.266,2683.868,2845.083,3076.472,3145.828,3668.131,3694.709,4112.914,4284.908,4700.745,5209.4,5395.572,5865.094,6354.791,6684.542,7055.322,6758.983,6789.71,6323.667,5712.426,5002.398,4340.049,3650.642,3178.791,2710.322,2373.15,2049.541,1919.83,1699.609,1453.981,1331.655,1096.46,1023.549,855.247,748.223,626.915,568.645,466.965,347.077,225.601,170.146,114.799,74.197,58.513,39.696,36.001,15.333,18.311,14.409,17.39,8.172,8.42,1.753,9.001,0,0,0,0,0,0,0,0,0,0,0,0,0,0,0,0,0,0,0,0,0,0,0,0,0,0,0,0,0,0,0,0,0,0,0,0.934,1.407,1.651,2.612,3.149,3.59,4.515,4.705,6.162,7.605,9.401,10.944,14.347,16.206,19.962,23.059,27.761,33.641,37.883,44.543,51.67,57.972,64.804,65.815,69.704,68.322,65.225,60.348,55.194,49.464,44.952,40.34,37.156,33.317,31.906,29.008,25.238,23.449,19.593,17.623,14.609,12.428,10.26,9.116,7.428,5.56,3.558,2.64,1.875,1.245,0.921,0.569,0.559,0.288,0.238,0.183,0.217,0.1,0.101,0.02,0.103,0.073,0,0,0,0
2026-09-27 06:25:00,1,"Normal Scan","Normal Scan",0,"ON",1,1,1,735.1,5,16.7,97.7,44.9,0.0000000678947,0.0000180222,4.97,8976.18,8.8,736.5,1,"Up Scan","Positive",254,0,4.37,1.6,8,8,0,1,1,39.728,49.331,38.322,43.714,2.024,4615.69,48,15.5,NA,0,0,0,0,0,0,0,0,0,0,0,0,0,0,0,0,0,0,0,0,0,0,0,0,0,0,0,0,0,0,0,2881.729,2768.252,3056.775,2476.687,2727.611,2252.086,2406.943,2378.14,2567.067,2713.574,2894.813,3265.359,3610.082,4211.989,4576.381,5017.409,5009.703,5804.923,5841.871,6332.681,6724.727,6981.639,6815.969,6547.832,6266.697,5791.083,4820.739,4271.441,3814.943,3093.921,2699.089,2344.709,2010.098,1912.487,1526.061,1422.542,1261.051,1126.899,1031.228,822.765,823.827,666.663,571.171,407.288,367.631,245.015,153.841,83.134,81.805,71.76,43.625,29.148,30.183,16.272,13.778,3.136,1.643,5.038,5.191,1.808,0,0,0,0,0,0,0,0,0,0,0,0,0,0,0,0,0,0,0,0,0,0,0,0,0,0,0,0,0,0,0,0,0,0,0,1.112,1.195,1.626,2.464,2.585,3.589,3.652,4.692,5.473,6.887,8.347,10.107,12.791,15.852,20.439,24.543,29.579,32.412,40.56,44.249,51.493,58.341,63.97,66.445,67.402,67.71,65.881,58.338,54.313,51.047,43.886,40.173,36.569,32.921,31.652,26.893,25.106,22.394,19.589,17.992,14.218,13.262,10.804,9.184,6.647,5.69,3.892,2.424,1.332,1.191,1.048,0.661,0.41,0.435,0.211,0.175,0.039,0.02,0.061,0.061,0.021,0.036,0,0,0,0
2026-09-27 06:30:00,1,"Normal Scan","Normal Scan",0,"ON",1,1,1,735.5,5,17.2,97.7,45.3,0.0000000680441,0.0000180463,4.97,8976.18,8.8,736.5,1,"Up Scan","Positive",254,0,4.37,1.6,8,8,0,1,1,40.114,49.871,38.933,46.976,2.009,4526.12,47,16.1,NA,0,0,0,0,0,0,0,0,0,0,0,0,0,0,0,0,0,0,0,0,0,0,0,0,0,0,0,0,0,0,0,3234.643,2121.645,2112.495,2372.58,2074.82,2131.72,2185.24,2359.811,2486.221,2873.383,3164.263,3469.883,3874.957,4431.066,4389.589,4810.266,5281.582,5344.768,5781.22,6122.8,6212.852,6429.852,6760.484,6565.018,6335.654,5766.845,4939.583,4346.893,3776.45,3184.017,2811.085,2486.909,2069.273,1861.013,1592.257,1470.081,1296.6,1055.365,965.524,821.208,745.17,619.4,519.902,427.062,338.851,252.842,174.605,95.22,64.614,68.53,31.61,31.573,13.597,24.082,20.393,8.519,21.231,0,6.986,1.795,0,0,0,0,0,0,0,0,0,0,0,0,0,0,0,0,0,0,0,0,0,0,0,0,0,0,0,0,0,0,0,0,0,0,0,0.871,1.321,1.246,1.696,2.463,2.753,3.463,4.265,5.421,6.662,8.798,11.008,13.586,16.927,21.433,23.521,28.287,33.891,37.544,43.846,49.957,54.172,59.477,65.829,67.611,68.631,65.934,59.865,55.079,50.557,45.109,41.53,38.189,33.313,30.896,27.38,25.428,22.676,18.67,16.791,14.203,12.359,9.944,8.439,6.881,5.347,3.889,2.803,1.591,1.072,1.041,0.477,0.466,0.208,0.311,0.259,0.107,0.259,0,0.082,0.021,0.036,0,0,0,0
2026-09-27 06:35:00,1,"Normal Scan","Normal Scan",0,"ON",1,1,1,735.2,5,16.9,97.7,45.5,0.0000000679544,0.0000180318,4.97,8976.18,8.8,736.5,1,"Up Scan","Positive",254,0,4.37,1.6,8,8,0,1,1,41.162,50.876,39.854,50.481,1.998,4428.67,48,15.5,NA,0,0,0,0,0,0,0,0,0,0,0,0,0,0,0,0,0,0,0,0,0,0,0,0,0,0,0,0,0,0,0,2104.587,2204.162,2036.186,2251.814,2010.648,2087.426,2071.245,2462.673,2428.335,2566.2,2917.334,3322.674,3746.05,3944.458,4460,4795.841,4866.419,5305.448,5448.482,5834.496,6176.245,6644.755,6636.599,6711.823,6090.764,5672.682,5131.103,4443.224,3768.957,3372.416,2863.814,2542.251,2184.49,1886.291,1668.161,1382.829,1251.452,1130.865,941.082,842.657,769.085,620.199,525.234,434.644,328.463,212.31,158.526,113.967,80.059,69.343,41.351,33.992,38.498,26.523,15.248,17.444,6.488,5.121,10.52,3.576,0,0,0,0,0,0,0,0,0,0,0,0,0,0,0,0,0,0,0,0,0,0,0,0,0,0,0,0,0,0,0,0,0,0,0,0.664,0.872,1.302,1.653,2.338,2.649,3.375,4.029,5.649,6.5,7.87,10.193,12.998,16.365,19.145,23.811,28.193,31.419,37.283,41.546,47.679,53.822,61.412,65.025,68.985,66.431,65.039,62.148,56.558,50.63,47.187,42.151,39.007,34.869,31.309,28.579,24.148,21.97,19.88,16.368,14.318,12.822,10.181,8.567,6.996,5.341,3.486,2.598,1.836,1.298,0.975,0.653,0.548,0.511,0.345,0.194,0.217,0.08,0.061,0.122,0.041,0,0,0,0,0
2026-09-27 06:40:00,1,"Normal Scan","Normal Scan",0,"ON",1,1,1,735,5,16.6,97.7,45.3,0.0000000678648,0.0000180173,4.97,8976.18,8.8,736.5,1,"Up Scan","Positive",254,0,4.37,1.6,8,8,0,1,1,42.359,51.911,40.927,46.976,1.986,4319.35,48,15.3,NA,0,0,0,0,0,0,0,0,0,0,0,0,0,0,0,0,0,0,0,0,0,0,0,0,0,0,0,0,0,0,0,2065.827,2185.968,1761.391,1816.522,1883.906,1808.309,1787.229,2126.18,2105.182,2574.002,2663.749,3107.552,3229.444,3810.279,4113.204,4448.783,4673.09,5208.745,5512.839,5668.942,6220.807,6548.759,6675.908,6655.197,6226.789,6048.561,5208.51,4536.749,3835.069,3341.784,2936.229,2516.986,2182.754,1925.487,1622.734,1378.58,1287.182,1115.666,983.142,856.477,769.794,721.536,552.415,396.892,312.987,250.15,158.834,123.789,72.753,55.251,35.871,22.601,20.311,17.619,15.289,7.931,11.384,1.684,10.478,7.165,0,0,0,0,0,0,0,0,0,0,0,0,0,0,0,0,0,0,0,0,0,0,0,0,0,0,0,0,0,0,0,0,0,0,0,0.841,0.834,1.29,1.416,1.887,2.488,2.942,3.472,4.881,5.631,7.899,9.321,12.156,14.175,18.526,22.033,26.265,30.283,36.635,41.996,46.511,54.584,60.67,65.356,68.602,67.865,69.074,62.811,57.681,51.468,46.774,43.017,38.999,35.005,31.738,28.077,24.73,22.641,19.454,16.778,14.77,12.713,11.682,8.838,6.328,4.972,3.918,2.502,1.952,1.209,0.813,0.551,0.41,0.322,0.23,0.194,0.099,0.14,0.02,0.122,0.083,0.055,0,0,0,0
2026-09-27 06:45:00,1,"Normal Scan","Normal Scan",0,"ON",1,1,1,735.5,5,17.2,97.7,45.4,0.0000000680441,0.0000180463,4.97,8976.18,8.8,736.5,1,"Up Scan","Positive",254,0,4.37,1.6,8,8,0,1,1,42.891,52.653,41.626,50.481,1.977,4272.05,47,16,NA,0,0,0,0,0,0,0,0,0,0,0,0,0,0,0,0,0,0,0,0,0,0,0,0,0,0,0,0,0,0,0,2053.074,1668.171,1664.298,1704.058,1680.634,1775.307,1818.421,1726.368,2044.929,2475.758,2584.646,3102.284,3335.421,3635.13,4150.52,4400.88,4858.257,4976.529,5194.759,5905.118,6151.447,6564.953,6693.794,6775.913,6215.36,5835.07,5015.178,4665.455,3834.205,3374.021,2927.127,2622.776,2222.073,1965.711,1755.419,1430.877,1235.969,1177.215,961.904,916.971,760.629,671.576,560.178,437.862,327.298,267.858,148.437,125.307,69.062,72.488,34.259,43.128,31.814,14.802,15.339,14.214,4.914,1.698,5.219,3.63,0,0,0,0,0,0,0,0,0,0,0,0,0,0,0,0,0,0,0,0,0,0,0,0,0,0,0,0,0,0,0,0,0,0,0,0.571,0.844,0.987,1.36,1.786,2.227,2.89,3.549,3.991,5.472,7.597,9.015,12.157,14.601,17.632,22.265,25.972,31.353,35.127,39.818,48.26,53.807,60.598,65.615,69.814,67.685,66.959,60.919,59.186,51.727,47.451,43.076,40.276,35.502,32.629,29.767,25.266,21.969,20.527,16.896,15.468,12.696,10.964,9.075,6.924,5.303,4.261,2.303,2.003,1.093,1.047,0.514,0.615,0.473,0.192,0.194,0.177,0.06,0.02,0.061,0.041,0.036,0,0,0,0
2026-09-27 06:50:00,1,"Normal Scan","Normal Scan",0,"ON",1,1,1,735.2,5,16.9,97.7,45.7,0.0000000679544,0.0000180318,4.97,8976.18,8.8,736.5,1,"Up Scan","Positive",254,0,4.37,1.6,8,8,0,1,1,41.702,51.253,40.041,50.481,2.012,4348.54,48,15.5,NA,0,0,0,0,0,0,0,0,0,0,0,0,0,0,0,0,0,0,0,0,0,0,0,0,0,0,0,0,0,0,0,2185.787,2504.7,2035.818,2029.513,1913.086,2056.307,1976.906,2364.346,2691.767,2501.787,3022.052,3310.21,3551.217,3861.447,4044.557,4350.091,4790.522,4819.988,5082,5496.509,6001.693,6396.342,6472.853,6524.712,6276.306,5687.995,5104.332,4547.246,3771.138,3306.471,3024.8,2497.573,2274.243,1857.362,1611.402,1532.569,1358.385,1068.609,1015.228,817.327,725.342,586.946,482.226,418.171,354.694,247.359,177.067,116.413,82.924,64.02,36.909,17.458,22.862,36.897,15.248,9.449,1.615,8.42,8.739,5.37,0,0,0,0,0,0,0,0,0,0,0,0,0,0,0,0,0,0,0,0,0,0,0,0,0,0,0,0,0,0,0,0,0,0,0,0.654,0.914,1.459,1.628,2.123,2.527,3.322,3.857,5.447,7.162,7.661,10.502,12.958,15.501,18.695,21.669,25.696,30.889,34.008,38.956,45.266,52.531,59.266,63.516,67.359,68.245,65.425,61.773,57.88,50.421,46.685,44.688,38.357,36.122,31.005,27.459,26.153,23.297,18.881,17.737,14.141,12.015,9.723,8.007,6.695,5.46,3.897,2.948,1.86,1.226,0.958,0.569,0.317,0.303,0.479,0.194,0.118,0.02,0.101,0.102,0.062,0,0,0,0,0
2026-09-27 06:55:00,1,"Normal Scan","Normal Scan",0,"ON",1,1,1,735.1,5,16.7,97.7,45.5,0.0000000678947,0.0000180222,4.97,8976.18,8.8,736.5,1,"Up Scan","Positive",254,0,4.37,1.6,8,8,0,1,1,39.562,48.985,37.494,46.976,2.072,4709.93,49,15.4,NA,0,0,0,0,0,0,0,0,0,0,0,0,0,0,0,0,0,0,0,0,0,0,0,0,0,0,0,0,0,0,0,3336.154,3135.852,3417.114,2976.326,3237.471,2945.145,2702.505,2864.013,3096.72,3018.995,3455.113,3402.107,3996.315,3868.345,4322.657,4429.942,4772.159,4976.87,5222.422,5593.241,5867.852,6615.683,6750.254,6697.719,6525.413,5947.803,5049.694,4461.903,3990.941,3366.553,2970.074,2516.537,2179.51,1916.576,1717.493,1518.99,1248.833,1162.72,1003.587,903.858,758.902,600.636,570.565,454.265,302.424,266.193,178.062,112.629,69.21,59.382,52.821,20.99,20.416,23.679,18.28,11.064,8.172,3.382,3.507,1.808,0,0,0,0,0,0,0,0,0,0,0,0,0,0,0,0,0,0,0,0,0,0,0,0,0,0,0,0,0,0,0,0,0,0,0,0.716,1.357,1.851,2.739,3.089,4.237,4.752,5.282,6.578,8.244,9.252,11.978,13.308,17.391,18.736,23.088,26.076,30.871,35.145,39.991,46.152,51.623,61.094,65.978,69.173,70.855,68.118,61.034,56.943,53.369,47.711,43.562,38.695,35.211,32.101,29.135,26.081,22.312,20.371,17.214,15.47,12.758,9.736,9.196,7.26,4.772,4.143,2.862,1.77,1.12,0.885,0.752,0.317,0.322,0.307,0.233,0.138,0.1,0.04,0.041,0.021,0.054,0,0,0,0
2026-09-27 07:00:00,1,"Normal Scan","Normal Scan",0,"ON",1,1,1,735.5,5,17.2,97.7,45.7,0.0000000680441,0.0000180463,4.97,8976.18,8.8,736.5,1,"Up Scan","Positive",254,0,4.37,1.6,8,8,0,1,1,40.128,49.656,37.91,50.481,2.085,4637,48,16.1,NA,0,0,0,0,0,0,0,0,0,0,0,0,0,0,0,0,0,0,0,0,0,0,0,0,0,0,0,0,0,0,0,3814.404,3586.253,3523.031,2874.952,2973.456,2518.943,2413.36,2508.123,2669.644,2971.862,2885.55,3029.458,3509.687,3912.527,4043.186,4386.991,4794.627,5147.942,5215.091,5685.174,5883.902,6562.989,6654.11,6700.132,6200.231,5726.745,5079.239,4488.243,4016.901,3383.558,3064.765,2732.478,2318.712,1986.488,1691.649,1553.855,1310.12,1150.245,988.428,913.245,710.877,595.669,573.001,410.566,328.95,243.16,177.439,121.68,74.766,59.078,66.243,44.175,35.736,22.121,21.35,14.2,11.457,3.354,0,0,0,0,0,0,0,0,0,0,0,0,0,0,0,0,0,0,0,0,0,0,0,0,0,0,0,0,0,0,0,0,0,0,0,0,0,1.33,1.569,2.094,2.832,3.005,3.894,4.084,4.685,5.739,7.114,9.078,10.032,11.875,15.351,18.974,21.685,25.853,30.97,36.262,39.947,46.545,51.612,60.709,65.127,69.2,67.679,65.946,62.208,57.227,53.815,47.834,45.007,41.581,36.896,32.962,28.577,26.458,23.202,19.997,17.237,15.451,12.072,9.966,9.163,6.781,5.356,3.956,2.796,1.932,1.182,0.911,0.909,0.596,0.473,0.288,0.272,0.177,0.14,0.04,0,0,0,0,0,0,0
2026-09-27 07:05:00,1,"Normal Scan","Normal Scan",0,"ON",1,1,1,735.2,5,16.9,97.7,46.1,0.0000000679544,0.0000180318,4.97,8976.18,8.8,736.5,1,"Up Scan","Positive",254,0,4.37,1.6,8,8,0,1,1,42.012,51.554,39.816,46.976,2.055,4421.47,48,15.6,NA,0,0,0,0,0,0,0,0,0,0,0,0,0,0,0,0,0,0,0,0,0,0,0,0,0,0,0,0,0,0,0,3330.861,2830.966,2549.912,2440.884,2199.807,2124.438,2007.659,2191.762,2341.543,2522.37,2649.276,2883.789,3259.348,3560.922,3875.867,4463.337,4441.339,4909.031,5141.887,5597.866,5786.712,6363.464,6569.643,6385.137,6377.849,5888.604,5312.456,4699.604,4020.402,3548.864,2996.547,2678.724,2271.319,1966.611,1831.126,1426.275,1307.252,1125.205,1029.918,872.132,760.803,668.02,540.095,466.919,350.056,276.575,170.015,127.279,99.302,65.064,42.136,37.271,30.12,29.602,13.689,9.561,11.389,5.094,3.465,0,0,0,0,0,0,0,0,0,0,0,0,0,0,0,0,0,0,0,0,0,0,0,0,0,0,0,0,0,0,0,0,0,0,0,0,0.85,1.371,1.676,2.065,2.548,2.889,3.447,3.919,5.034,6.259,7.712,9.249,11.299,14.274,17.296,20.81,26.246,28.795,34.613,39.313,46.062,50.938,59.256,64.585,66.294,69.737,67.519,64.335,59.933,53.771,49.825,43.951,40.969,36.471,32.578,30.859,25.205,22.945,20.035,18.113,14.875,12.815,11.134,8.831,7.405,5.577,4.366,2.787,1.945,1.543,0.957,0.642,0.503,0.416,0.384,0.174,0.119,0.14,0.061,0.041,0,0.018,0,0,0,0
2026-09-27 07:10:00,1,"Normal Scan","Normal Scan",0,"ON",1,1,1,734.9,5,16.5,97.7,46,0.0000000678349,0.0000180125,4.97,8976.18,8.8,736.5,1,"Up Scan","Positive",254,0,4.37,1.6,8,8,0,1,1,41.29,50.912,38.853,50.481,2.089,4494.64,49,15.3,NA,0,0,0,0,0,0,0,0,0,0,0,0,0,0,0,0,0,0,0,0,0,0,0,0,0,0,0,0,0,0,0,3253.373,3141.208,2856.684,3083.189,2928.902,2848.986,2527.638,2357.557,2394.323,2495.323,2976.43,2894.326,3107.956,3546.965,3978.189,4179.726,4353.379,4583.504,5016.489,5337.461,5870.269,6129.733,6410.687,6467.032,6379.151,5707.644,5274.134,4680.888,4050.691,3423.592,3016.791,2662.01,2337.044,1964.815,1816.779,1619.435,1356.873,1216.078,998.802,910.297,777.767,681.096,538.531,453.173,342.269,252.11,163.486,101.351,85.105,67.205,51.824,30.37,35.918,23.63,15.365,15.786,8.186,15.17,10.437,5.37,0,0,0,0,0,0,0,0,0,0,0,0,0,0,0,0,0,0,0,0,0,0,0,0,0,0,0,0,0,0,0,0,0,0,0,0.872,1.317,1.853,2.302,3.238,3.861,4.615,4.893,5.398,6.396,7.653,10.349,11.34,13.603,17.214,21.316,24.703,28.215,32.47,38.485,44.133,51.462,57.277,63.174,67.133,69.452,65.914,63.915,59.721,54.283,48.596,44.813,40.979,37.347,32.712,30.702,27.961,23.68,21.1,17.455,15.626,12.875,11.048,8.89,7.345,5.413,4.137,2.662,1.662,1.334,1.084,0.844,0.466,0.492,0.307,0.194,0.197,0.1,0.182,0.122,0.062,0.018,0,0,0,0
2026-09-27 07:15:00,1,"Normal Scan","Normal Scan",0,"ON",1,1,1,735.4,5,17.1,97.7,45.8,0.0000000680142,0.0000180415,4.97,8976.18,8.8,736.5,1,"Up Scan","Positive",254,0,4.37,1.6,8,8,0,1,1,41.79,51.296,39.361,50.481,2.075,4422.62,48,16,NA,0,0,0,0,0,0,0,0,0,0,0,0,0,0,0,0,0,0,0,0,0,0,0,0,0,0,0,0,0,0,0,3108.389,3217.761,2996.066,2536.574,2446.374,2522.784,2317.946,2162.181,2272.621,2643.364,2575.666,2843.756,3037.8,3601.107,3735.014,4100.679,4447.458,4916.541,5055.904,5217.335,5814.956,6329.875,6295.233,6508.153,6324.594,5884.213,5129.997,4760.65,4120.229,3457.506,2971.322,2553.799,2233.715,1972.397,1770.672,1499.228,1366.897,1194.511,1019.62,871.986,777.847,670.912,586.814,411.581,355.207,254.694,174.5,88.234,99.403,78.457,54.165,27.73,24.526,20.717,26.046,15.762,6.584,3.34,6.999,5.384,0,0,0,0,0,0,0,0,0,0,0,0,0,0,0,0,0,0,0,0,0,0,0,0,0,0,0,0,0,0,0,0,0,0,0,0.84,1.282,1.909,2.407,2.628,3.212,4.075,4.518,4.946,6.08,8.101,8.975,11.15,13.35,17.47,20.038,24.227,28.784,34.587,38.697,43.228,51.074,58.782,62.257,67.546,68.872,67.523,62.172,60.386,55.128,48.643,43.977,39.562,35.926,32.819,30.001,26.212,24.085,20.578,17.785,15.156,12.745,10.993,9.618,6.846,5.564,4.005,2.76,1.585,1.508,1.174,0.78,0.437,0.359,0.268,0.33,0.197,0.08,0.04,0.082,0.062,0.018,0,0,0,0
2026-09-27 07:20:00,1,"Normal Scan","Normal Scan",0,"ON",1,1,1,735.3,5,17,97.7,46.2,0.0000000679843,0.0000180366,4.97,8976.18,8.8,736.5,1,"Up Scan","Positive",254,0,4.37,1.6,8,8,0,1,1,42.426,51.951,40.004,50.481,2.064,4311.74,48,15.7,NA,0,0,0,0,0,0,0,0,0,0,0,0,0,0,0,0,0,0,0,0,0,0,0,0,0,0,0,0,0,0,0,2583.47,2908.204,2438.32,2407.16,2387.223,2141.223,2504.87,2245.702,2363.877,2530.672,2863.874,2949.127,2891.345,3320.089,3609.373,3970.933,4245.881,4559.159,4739.842,5337.839,5537.748,6218.515,6320.748,6565.644,6159.486,5784.535,5058.217,4508.126,3985.214,3499.35,3037.805,2629.058,2370.693,2044.098,1678.592,1573.147,1240.882,1147.673,1029.976,922.224,759.348,644.368,579.866,435.374,336.691,250.206,199.022,116.644,101.9,49.517,43.356,41.206,24.851,26.547,18.319,7.874,9.787,11.844,3.465,5.466,0,0,0,0,0,0,0,0,0,0,0,0,0,0,0,0,0,0,0,0,0,0,0,0,0,0,0,0,0,0,0,0,0,0,0,0.696,1.046,1.732,1.957,2.503,3.148,3.472,4.859,5.146,6.297,7.75,9.944,11.557,12.666,16.133,19.41,23.434,27.596,32.276,36.534,44.002,48.843,57.76,62.225,68.073,67.316,66.564,61.62,57.758,53.535,49.055,44.648,40.335,37.656,33.948,28.743,27.063,22.329,20.136,17.829,15.732,12.833,10.649,9.369,6.947,5.424,3.988,3.188,1.865,1.535,0.786,0.67,0.558,0.378,0.345,0.233,0.098,0.12,0.141,0.041,0.062,0,0,0,0,0
2026-09-27 07:25:00,1,"Normal Scan","Normal Scan",0,"ON",1,1,1,734.9,5,16.5,97.7,46.2,0.0000000678349,0.0000180125,4.97,8976.18,8.8,736.5,1,"Up Scan","Positive",254,0,4.37,1.6,8,8,0,1,1,41.733,51.042,39.17,50.481,2.078,4310.91,50,15.2,NA,0,0,0,0,0,0,0,0,0,0,0,0,0,0,0,0,0,0,0,0,0,0,0,0,0,0,0,0,0,0,0,3492.746,2568.699,2761.602,2502.538,2640.885,2320.796,2273.592,2486.808,2506.218,2774.408,2681.018,2972.147,3091.861,3286.363,3637.17,3772.553,4373.98,4376.644,4787.513,5065.124,5467.962,5974.356,5973.054,6166.448,6146.712,5684.056,5317.143,4577.375,3984.491,3504.373,3074.719,2598.404,2262.025,2021.695,1636.148,1494.523,1286.565,1173.559,1056.357,819.99,702.255,611.043,524.801,400.28,267.052,236.383,188.376,94.666,86.214,72.697,41.062,37.466,28.562,19.203,18.345,11.05,4.903,1.684,8.67,1.795,0,0,0,0,0,0,0,0,0,0,0,0,0,0,0,0,0,0,0,0,0,0,0,0,0,0,0,0,0,0,0,0,0,0,0,1.173,1.432,1.527,2.226,2.617,3.472,3.772,4.433,5.7,6.646,8.493,9.314,11.649,13.519,15.991,19.532,22.313,28.295,30.963,36.701,41.93,48.268,55.903,59.178,64.164,67.362,65.547,64.204,58.387,53.473,49.008,45.086,39.956,36.323,33.125,27.567,25.671,22.621,20.086,17.779,14.175,11.854,10.047,8.612,6.468,4.378,3.744,2.96,1.538,1.317,1.048,0.642,0.522,0.378,0.249,0.233,0.138,0.06,0.02,0.102,0.021,0,0,0,0,0
2026-09-27 07:30:00,1,"Normal Scan","Normal Scan",0,"ON",1,1,1,735.2,5,16.9,97.7,46,0.0000000679544,0.0000180318,4.97,8976.18,8.8,736.5,1,"Up Scan","Positive",254,0,4.37,1.6,8,8,0,1,1,40.882,50.412,38.35,50.481,2.101,4468.12,48,15.8,NA,0,0,0,0,0,0,0,0,0,0,0,0,0,0,0,0,0,0,0,0,0,0,0,0,0,0,0,0,0,0,0,3809.079,3266.349,3172.663,3194.844,2705.539,2599.339,2467.318,2583.901,2459.971,2603.413,2760.153,3201.357,3223.747,3443.066,3805.936,3872.816,4469.402,4548.961,5049.013,5194.818,5547.795,5939.558,6195.563,6284.68,6168.871,5674.007,5335.989,4658.526,4003.329,3568.766,3094.378,2608.954,2292.475,2048.994,1777.777,1554.393,1378.564,1135.254,975.533,828.033,717.27,608.132,467.168,450.447,318.327,264.364,159.436,150.784,69.259,69.421,46.125,37.244,40.817,22.108,9.159,11.037,9.76,13.541,10.395,1.822,0,0,0,0,0,0,0,0,0,0,0,0,0,0,0,0,0,0,0,0,0,0,0,0,0,0,0,0,0,0,0,0,0,0,0,1.132,1.569,1.932,2.545,3.348,3.568,4.22,4.796,5.938,6.564,7.957,9.613,12.522,14.075,16.74,20.381,22.891,28.837,32.133,38.638,42.905,48.907,55.583,61.209,65.343,67.615,65.522,64.538,59.359,53.82,50.279,45.427,40.009,36.509,33.348,29.863,26.588,23.502,20.12,16.938,14.235,12.298,10.135,7.7,7.257,5.131,4.349,2.592,2.283,1.134,1.066,0.789,0.503,0.605,0.288,0.117,0.138,0.12,0.161,0.122,0.021,0.054,0,0,0,0
2026-09-27 07:35:00,1,"Normal Scan","Normal Scan",0,"ON",1,1,1,735.5,5,17.3,97.7,46.2,0.000000068074,0.0000180511,4.97,8976.18,8.8,736.5,1,"Up Scan","Positive",254,0,4.37,1.6,8,8,0,1,1,39.709,49.351,37.013,50.481,2.143,4586.52,47,16.1,NA,0,0,0,0,0,0,0,0,0,0,0,0,0,0,0,0,0,0,0,0,0,0,0,0,0,0,0,0,0,0,0,4691.846,4435.114,3939.606,3413.227,2941.343,2832.305,2919.095,2853.372,2866.809,2600.702,2732.93,2959.745,3268.856,3547.628,3751.977,4043.154,4119.948,4516.952,4843.941,5273.163,5518.221,5893.595,6140.958,6238.015,5904.961,5740.138,5122.291,4689.524,3959.946,3572.961,3149.049,2681.406,2360.384,1942.251,1857.782,1554.882,1342.335,1182.164,1021.331,883.772,761.295,582.956,483.587,416.538,291.254,236.431,158.473,139.567,88.976,87.835,58.673,55.279,32.989,32.16,17.134,6.286,11.445,0,0,0,0,0,0,0,0,0,0,0,0,0,0,0,0,0,0,0,0,0,0,0,0,0,0,0,0,0,0,0,0,0,0,0,0,0,0,1.441,1.926,2.612,3.155,3.535,3.878,4.581,5.657,6.55,7.647,7.979,9.513,11.552,14.272,17.201,20.125,23.815,26.718,31.927,37.101,43.348,48.659,55.154,60.774,64.788,65.009,66.288,62.467,59.623,53.427,50.096,46.246,41.214,37.442,32.183,31.053,26.436,23.102,20.506,17.452,15.159,12.729,9.919,8.146,6.868,4.819,3.82,2.604,2.143,1.334,1.282,0.807,0.745,0.454,0.417,0.218,0.079,0.14,0,0,0,0.018,0,0,0,0
2026-09-27 07:40:00,1,"Normal Scan","Normal Scan",0,"ON",1,1,1,736.1,5,18.1,97.7,45.9,0.0000000683132,0.0000180896,4.97,8976.18,8.8,736.5,1,"Up Scan","Positive",254,0,4.37,1.6,8,8,0,1,1,39.004,49.092,36.732,50.481,2.144,4658.19,45,17.1,NA,0,0,0,0,0,0,0,0,0,0,0,0,0,0,0,0,0,0,0,0,0,0,0,0,0,0,0,0,0,0,0,4102.613,3919.101,4376.938,3659.658,3188.913,3341.607,3162.54,2984.105,2995.77,3061.186,3117.46,3326.834,3497.254,3764.748,3858.675,4121.064,4252.454,4583.665,4587.479,5124.198,5426.255,5648.114,5913.086,6075.568,5787.926,5701.401,5225.143,4679.238,4181.673,3493.997,3103.319,2865.922,2377.461,2097.785,1814.357,1553.362,1417.34,1162.492,1020.585,873.089,814.432,635.299,519.61,425.888,314.01,283.426,193.822,124.419,70.757,48.358,50.646,46.939,13.367,19.178,15.3,17.351,11.444,10.09,3.479,0,0,0,0,0,0,0,0,0,0,0,0,0,0,0,0,0,0,0,0,0,0,0,0,0,0,0,0,0,0,0,0,0,0,0,0,1.224,1.68,2.291,3.498,3.812,4.16,5.377,6.098,6.831,7.968,9.333,10.787,12.949,15.239,18.132,20.626,24.232,27.423,32.25,35.19,42.179,47.929,53.048,58.665,63.569,63.742,65.928,63.66,59.776,56.071,49.389,45.661,43.53,37.817,34.258,30.864,26.775,24.438,20.263,17.499,15.077,13.766,10.372,8.262,6.922,5.148,4.378,3.023,1.974,1.172,0.794,0.751,0.633,0.246,0.249,0.194,0.216,0.139,0.121,0.041,0,0.07,0,0,0,0
2026-09-27 07:45:00,1,"Normal Scan","Normal Scan",0,"ON",1,1,1,736.7,5,19,97.6,45.5,0.0000000686526,0.0000181329,4.97,8976.18,8.8,736.5,1,"Up Scan","Positive",254,0,4.37,1.6,8,8,0,1,1,35.413,46.171,33.758,50.481,2.192,5166.46,43,18.1,NA,0,0,0,0,0,0,0,0,0,0,0,0,0,0,0,0,0,0,0,0,0,0,0,0,0,0,0,0,0,0,0,6031.142,5910.249,5601.59,4639.442,4983.292,4790.078,4072.637,4035.057,3697.62,3648.03,3618.865,3827.885,3895.69,3730.464,4012.763,4378.777,4285.406,4600.78,5227.099,5235.785,5537.201,5837.705,6234.04,6259.778,5980.298,5649.568,5118.248,4633.051,4225.376,3597.235,3230.778,2796.84,2413.25,2082.591,1783.799,1516.728,1307.659,1157.23,983.803,886.352,755.511,677.074,560.764,468.847,396.752,284.522,252.112,157.524,91.174,68.503,46.548,29.096,24.619,17.517,9.146,11.078,6.502,11.795,1.726,1.795,0,0,0,0,0,0,0,0,0,0,0,0,0,0,0,0,0,0,0,0,0,0,0,0,0,0,0,0,0,0,0,0,0,0,0,1.89,2.428,3.484,4.46,4.822,6.527,7.704,7.868,9.196,9.8,11.076,12.483,14.853,16.912,18.051,21.416,25.662,27.658,32.436,39.74,42.984,48.739,54.601,61.482,65.289,65.807,65.387,62.485,59.122,56.563,50.344,47.054,42.366,38.192,34.257,30.217,26.617,23.25,20.652,17.485,15.488,13.314,11.123,9.011,7.512,6.17,4.447,3.826,2.355,1.409,1.038,0.696,0.409,0.342,0.228,0.116,0.138,0.08,0.141,0.02,0.021,0.017,0,0,0,0
2026-09-27 07:50:00,1,"Normal Scan","Normal Scan",0,"ON",1,1,1,736.7,5,19,97.6,45.4,0.0000000686526,0.0000181329,4.97,8976.18,8.8,736.5,1,"Up Scan","Positive",254,0,4.37,1.6,8,8,0,1,1,39.459,50.393,37.33,50.481,2.166,4727.84,43,18,NA,0,0,0,0,0,0,0,0,0,0,0,0,0,0,0,0,0,0,0,0,0,0,0,0,0,0,0,0,0,0,0,4491.631,3867.795,3764.085,3218.333,3521.994,3430.164,3325.456,2854.381,3287.692,3158.812,3287.397,3139.761,3644.041,3570.154,3986.183,4052.324,4243.5,4575.939,4865.636,4999.564,5510.463,5788.064,5812.35,6102.802,5830.187,5699.47,5213.643,4767.259,4178.305,3736.819,3239.525,2841.367,2554.284,2210.502,1876.207,1582.083,1456.373,1236.119,1044.712,923.37,838.616,729.42,576.267,531.629,436.711,349.267,262.568,183.961,179.404,106.468,62.193,52.481,33.073,23.572,13.726,11.064,6.557,3.41,1.74,0,0,0,0,0,0,0,0,0,0,0,0,0,0,0,0,0,0,0,0,0,0,0,0,0,0,0,0,0,0,0,0,0,0,0,0,1.545,1.82,2.275,3.012,3.312,4.611,5.543,6.438,6.531,8.723,9.627,11.374,12.244,15.822,17.256,21.256,23.848,27.36,32.115,37.15,41.224,48.491,54.332,57.757,63.767,64.508,66.048,63.586,61.386,56.217,52.261,47.756,43.696,40.207,36.327,32.171,28.021,25.708,22.418,19.091,16.459,14.608,12.594,9.847,8.67,6.928,5.439,4.041,2.748,2.615,1.532,0.897,0.706,0.453,0.306,0.175,0.138,0.08,0.04,0.02,0,0.017,0,0,0,0
