"date","Flag","Detector.Status","Classifier.Errors","Communication.Status","Neutralizer.Status","Detector.Inlet.Flow..L.min.","Detector.Counting.Flow..L.min.","Impactor.Flow..L.min.","Impactor.D50..nm.","Sheath.Flow..L.min.","Sheath.Temp..C.","Sheath.Pressure..kPa.","Sheath.Relative.Humidity....","Mean.Free.Path..m.","Gas.Viscosity..Pa.s.","Low.Voltage..V.","High.Voltage..V.","Lower.Size..nm.","Upper.Size..nm.","Wide.Range.Scan.Mode","Scan.Direction","HV.Polarity","DMA.V.Ramping.Up..TUP...s.","DMA.V.Ramping.Down..TDOWN...s.","DMA.Column.transit.time.Tf..s.","DMA.Exit.to.Optical.Detector.Td..s.","DMA.at.Low.Voltage..TLOW...s.","DMA.at.High.Voltage..THIGH...s.","Adjustment..s.","Dilution.Factor","Aerosol.Density..g.cm..","Median..nm.","Mean..nm.","Geo..Mean..nm.","Mode..nm.","Geo..Std..Dev","Total.Concentration....cm..","Aerosol.Humidity....","Aerosol.Temperature..C.","Reserved.1","part_1.04","part_1.11","part_1.20","part_1.29","part_1.38","part_1.49","part_1.60","part_1.72","part_1.84","part_1.98","part_2.13","part_2.29","part_2.46","part_2.64","part_2.84","part_3.05","part_3.28","part_3.52","part_3.79","part_4.07","part_4.37","part_4.70","part_5.05","part_5.42","part_5.83","part_6.26","part_6.73","part_7.23","part_7.77","part_8.35","part_8.98","part_9.65","part_10.37","part_11.14","part_11.97","part_12.86","part_13.82","part_14.86","part_15.96","part_17.15","part_18.43","part_19.81","part_21.29","part_22.88","part_24.58","part_26.42","part_28.39","part_30.51","part_32.78","part_35.23","part_37.86","part_40.68","part_43.71","part_46.98","part_50.48","part_54.25","part_58.29","part_62.64","part_67.32","part_72.34","part_77.74","part_83.54","part_89.77","part_96.47","part_103.66","part_111.40","part_119.71","part_128.64","part_138.24","part_148.55","part_159.63","part_171.54","part_184.34","part_198.10","part_212.88","part_228.76","part_245.82","part_264.16","part_283.87","part_305.05","part_327.81","part_352.27","part_378.55","part_406.79","part_437.14","part_469.76","part_504.81","part_542.47","part_582.94","part_626.43","part_673.17","part_723.39","part_777.37","part_835.36","part_897.69","part_964.66","raw_1.04","raw_1.11","raw_1.20","raw_1.29","raw_1.38","raw_1.49","raw_1.60","raw_1.72","raw_1.84","raw_1.98","raw_2.13","raw_2.29","raw_2.46","raw_2.64","raw_2.84","raw_3.05","raw_3.28","raw_3.52","raw_3.79","raw_4.07","raw_4.37","raw_4.70","raw_5.05","raw_5.42","raw_5.83","raw_6.26","raw_6.73","raw_7.23","raw_7.77","raw_8.35","raw_8.98","raw_9.65","raw_10.37","raw_11.14","raw_11.97","raw_12.86","raw_13.82","raw_14.86","raw_15.96","raw_17.15","raw_18.43","raw_19.81","raw_21.29","raw_22.88","raw_24.58","raw_26.42","raw_28.39","raw_30.51","raw_32.78","raw_35.23","raw_37.86","raw_40.68","raw_43.71","raw_46.98","raw_50.48","raw_54.25","raw_58.29","raw_62.64","raw_67.32","raw_72.34","raw_77.74","raw_83.54","raw_89.77","raw_96.47","raw_103.66","raw_111.40","raw_119.71","raw_128.64","raw_138.24","raw_148.55","raw_159.63","raw_171.54","raw_184.34","raw_198.10","raw_212.88","raw_228.76","raw_245.82","raw_264.16","raw_283.87","raw_305.05","raw_327.81","raw_352.27","raw_378.55","raw_406.79","raw_437.14","raw_469.76","raw_504.81","raw_542.47","raw_582.94","raw_626.43","raw_673.17","raw_723.39","raw_777.37","raw_835.36","raw_897.69","raw_964.66"
2026-09-07,1,"Normal Scan","Normal Scan",0,"ON",1,1,1,738,5,20.5,97.8,49.6,0.0000000689606,0.0000182049,4.97,8976.18,8.8,736.5,1,"Up Scan","Positive",254,0,4.37,1.6,8,8,0,1,1,23.382,39.767,26.848,9.647,2.372,7484.7,47,21.3,NA,0,0,0,0,0,0,0,0,0,0,0,0,0,0,0,0,0,0,0,0,0,0,0,0,0,0,0,0,0,0,0,28301.075,19056.685,14186.47,9947.838,7016.382,5790.972,4915.325,4808.503,5153.144,5346.611,5467.771,5294.961,5661.194,5404.573,5136.935,5088.384,4868.82,4451.357,3935.881,3857.764,3724.407,4065.404,4615.437,5116.371,6084.151,6523.599,6704.611,6640.773,6289.882,5839.148,5280.392,4642.408,3686.884,3179.296,2595.797,1998.325,1539.56,1310.531,1123.413,935.976,793.868,643.101,583.768,435.874,383.073,307.816,240.951,175.9,118.57,69.601,60.042,28.79,27.39,14.727,13.713,9.463,9.829,1.712,3.521,1.822,0,0,0,0,0,0,0,0,0,0,0,0,0,0,0,0,0,0,0,0,0,0,0,0,0,0,0,0,0,0,0,0,0,0,0,10.118,11.382,11.076,11.232,10.232,9.081,9.314,9.464,10.989,13.65,16.191,18.8,20.428,24.328,25.64,26.868,29.128,30.58,30.822,30.201,32.906,35.106,41.222,49.596,57.7,70.592,78.633,83.802,85.232,83.732,79.79,73.922,67.072,55.761,49.206,41.637,33.129,26.701,22.697,19.596,16.388,13.674,10.772,9.602,7.032,5.983,4.776,3.659,2.649,1.754,1.019,0.848,0.409,0.377,0.191,0.175,0.118,0.119,0.02,0.041,0.021,0,0,0,0,0
2026-09-07 00:05:00,1,"Normal Scan","Normal Scan",0,"ON",1,1,1,738.3,5,20.9,97.8,50,0.0000000690802,0.0000182241,4.97,8976.18,8.8,736.5,1,"Up Scan","Positive",254,0,4.37,1.6,8,8,0,1,1,26.341,40.605,28.396,9.647,2.283,7762,47,21.4,NA,0,0,0,0,0,0,0,0,0,0,0,0,0,0,0,0,0,0,0,0,0,0,0,0,0,0,0,0,0,0,0,21455.89,15017.45,12126.915,9601.701,7403.246,6468.792,5946.421,5878.59,5852.054,5758.545,5809.991,6233.95,6764.825,6777.091,7000.634,7324.645,6547.379,5940.916,5693.98,5327.603,4877.604,4840.351,5092.583,5445.732,6283.4,6677.205,6929.862,6617.545,6289.006,5767.157,5277.371,4565.887,3932.978,3269.903,2469.85,2089.292,1635.783,1314.374,1124.725,850.224,791.135,645.6,565.745,505.52,445.239,334.243,243.565,180.939,129.382,88.463,49.964,36.34,25.659,23.593,12.282,11.113,1.656,6.778,3.534,1.795,0,0,0,0,0,0,0,0,0,0,0,0,0,0,0,0,0,0,0,0,0,0,0,0,0,0,0,0,0,0,0,0,0,0,0,7.451,8.615,8.707,9.578,9.872,9.627,10.4,11.464,13.393,15.484,17.493,20.045,24.137,29.106,32.259,36.587,41.824,40.854,40.663,42.585,43.972,44.377,48.01,53.738,60.832,72.678,80.076,86.269,85.586,83.396,79.107,74.089,66.197,58.81,50.303,39.885,34.559,28.014,23.243,20.122,15.175,13.777,10.991,9.379,8.06,6.94,5.147,3.711,2.739,1.906,1.278,0.713,0.538,0.339,0.306,0.155,0.137,0.02,0.081,0.041,0.021,0,0,0,0,0
2026-09-07 00:10:00,1,"Normal Scan","Normal Scan",0,"ON",1,1,1,737.9,5,20.3,97.8,50.1,0.0000000689008,0.0000181953,4.97,8976.18,8.8,736.5,1,"Up Scan","Positive",254,0,4.37,1.6,8,8,0,1,1,36.73,48.906,35.292,9.647,2.269,5813.54,47,21.3,NA,0,0,0,0,0,0,0,0,0,0,0,0,0,0,0,0,0,0,0,0,0,0,0,0,0,0,0,0,0,0,0,8370.166,6966.911,5876.908,5394.183,4857.065,4532.159,4142.521,4510.077,4365.144,4283.878,4533.054,4357.348,4282.771,4597.88,4395.064,4645.133,4335.604,4326.268,3971.795,3937.947,3890.278,4194.515,4655.157,5479.713,6287.142,6963.312,6941.997,7072.86,6504.328,6102.282,5420.792,4689.44,3972.224,3312.822,2590.851,1962.13,1732.764,1376.786,1195.674,1012.524,840.619,670.758,525.466,481.957,360.374,316.35,265.351,173.527,151.126,75.604,27.032,36.387,23.192,13.293,6.141,7.821,6.53,1.67,3.465,7.22,0,0,0,0,0,0,0,0,0,0,0,0,0,0,0,0,0,0,0,0,0,0,0,0,0,0,0,0,0,0,0,0,0,0,0,2.388,3.35,4.073,4.674,5.567,6.359,7.272,8.003,10.261,11.582,12.997,15.59,16.855,18.515,21.92,23.096,26.708,27.402,30.043,30.679,33.607,36.814,42.628,50.422,61.49,73.148,83.623,86.497,90.77,86.552,83.123,76.146,68.135,59.507,51.816,41.771,32.859,29.207,23.86,20.614,17.507,14.449,11.434,8.807,7.492,5.655,4.859,3.957,2.637,2.181,1.097,0.402,0.539,0.339,0.172,0.078,0.098,0.08,0.02,0.041,0.082,0.015,0,0,0,0
2026-09-07 00:15:00,1,"Normal Scan","Normal Scan",0,"ON",1,1,1,738.3,5,20.9,97.8,49.9,0.0000000690802,0.0000182241,4.97,8976.18,8.8,736.5,1,"Up Scan","Positive",254,0,4.37,1.6,8,8,0,1,1,30.789,43.349,31.802,9.647,2.172,7361.08,48,21.4,NA,0,0,0,0,0,0,0,0,0,0,0,0,0,0,0,0,0,0,0,0,0,0,0,0,0,0,0,0,0,0,0,10467.703,9040.571,7744.022,7241.377,6239.432,6260.19,6243.553,6284.069,6431.992,6354.766,5975.992,5779.028,6030.664,6479.767,7217.926,8413.687,9119.241,8927.158,7389.028,6296.55,5516.819,5139.372,5232.437,5598.796,6402.621,6849.8,7059.142,6783.171,6581.267,6038.425,5378.579,4621.635,3954.671,3138.254,2488.711,1969.188,1584.518,1296.122,1103.215,904.614,814.23,671.612,563.202,445.287,372.67,335.471,254.034,183.18,105.618,88.906,56.264,27.624,24.283,11.809,7.676,6.286,6.584,1.712,0,0,0,0,0,0,0,0,0,0,0,0,0,0,0,0,0,0,0,0,0,0,0,0,0,0,0,0,0,0,0,0,0,0,0,0,0,3.415,4.242,5.283,6.17,7.478,8.123,10.058,12.048,14.305,17.013,19.264,20.672,22.552,26.291,31.106,37.911,48.083,56.469,60.103,54.448,51.3,49.623,50.616,55.355,62.538,74.097,82.309,87.524,87.381,86.815,82.077,75.04,66.972,58.995,48.463,40.244,32.998,27.206,22.617,19.333,16.006,13.976,11.268,9.276,7.159,5.751,5.142,3.764,2.713,1.511,1.296,0.786,0.371,0.32,0.153,0.097,0.079,0.08,0.02,0,0,0,0,0,0,0
2026-09-07 00:20:00,1,"Normal Scan","Normal Scan",0,"ON",1,1,1,738,5,20.5,97.8,50.6,0.0000000689606,0.0000182049,4.97,8976.18,8.8,736.5,1,"Up Scan","Positive",254,0,4.37,1.6,8,8,0,1,1,27.174,39.793,28.955,9.647,2.166,8612.87,47,21.4,NA,0,0,0,0,0,0,0,0,0,0,0,0,0,0,0,0,0,0,0,0,0,0,0,0,0,0,0,0,0,0,0,18029.659,13744.51,10265.464,8505.894,6952.75,6752.085,7091.045,7256.659,7534.827,8100.925,7861.284,7920.447,8836.249,9723.27,10489.185,9996.089,9807.043,8849.27,7900.077,7104.509,6284.795,5617.423,5381.216,5678.707,6133.806,6776.741,6996.938,7001.321,6505.521,5868.094,5402.353,4804.308,3819.092,3177.745,2615.058,1986.642,1497.56,1351.879,1118.238,934.816,728.227,645.609,551.552,464.072,397.998,315.52,247.618,193.124,142.508,86.857,44.659,32.019,42.487,14.714,16.787,7.871,1.615,3.382,1.726,0,0,0,0,0,0,0,0,0,0,0,0,0,0,0,0,0,0,0,0,0,0,0,0,0,0,0,0,0,0,0,0,0,0,0,0,5.854,7.309,8.034,8.143,8.794,9.083,10.877,13.709,16.597,19.998,24.66,27.121,30.78,38.14,46.241,54.723,56.965,60.731,59.643,58.104,57.118,55.746,54.69,56.789,63.232,71.357,81.795,86.974,89.648,86.127,80.204,75.403,69.055,57.38,49.396,41.606,33.035,25.943,23.505,19.765,16.355,12.948,11.091,9.175,7.464,6.185,4.988,3.737,2.897,2.067,1.224,0.64,0.43,0.563,0.191,0.213,0.098,0.02,0.04,0.02,0,0,0,0,0,0
2026-09-07 00:25:00,1,"Normal Scan","Normal Scan",0,"ON",1,1,1,738,5,20.5,97.8,50.2,0.0000000689606,0.0000182049,4.97,8976.18,8.8,736.5,1,"Up Scan","Positive",254,0,4.37,1.6,8,8,0,1,1,26.491,39.206,28.482,9.647,2.167,8812.05,48,21.3,NA,0,0,0,0,0,0,0,0,0,0,0,0,0,0,0,0,0,0,0,0,0,0,0,0,0,0,0,0,0,0,0,20469.494,14894.288,10578.912,8221.186,7487.537,6358.901,6476.351,6904.752,7403.242,8097.839,8809.587,9345.052,9807.348,10633.217,10557.975,10131.783,9630.532,8964.515,7906.521,6566.59,5582.771,5230.67,5280.545,6046.082,6531.764,6821.999,7436.964,6874.399,6714.127,6051.454,5439.288,4525.646,3846.447,3101.258,2414.293,2001.771,1560.704,1299.16,1049.1,876.174,812.209,641.187,569.867,484.216,438.914,356.587,244.557,176.464,110.208,76.76,39.515,31.057,24.416,14.839,4.554,9.463,4.901,6.806,5.232,3.589,0,0,0,0,0,0,0,0,0,0,0,0,0,0,0,0,0,0,0,0,0,0,0,0,0,0,0,0,0,0,0,0,0,0,0,7.18,8.244,8.625,8.378,8.482,9.767,10.263,12.561,15.776,19.686,24.681,30.395,36.193,42.292,50.468,54.885,57.577,59.592,60.38,58.341,53.392,50.175,51.769,55.818,66.966,75.516,81.905,91.441,88.126,88.25,82.054,76.065,65.412,57.479,48.133,39.255,33.313,26.959,22.832,18.911,15.861,13.852,10.805,9.345,7.563,6.784,5.443,3.737,2.596,1.63,1.116,0.622,0.464,0.339,0.191,0.058,0.118,0.06,0.081,0.061,0.041,0.015,0,0,0,0
2026-09-07 00:30:00,1,"Normal Scan","Normal Scan",0,"ON",1,1,1,738.2,5,20.8,97.8,50.8,0.0000000690503,0.0000182193,4.97,8976.18,8.8,736.5,1,"Up Scan","Positive",254,0,4.37,1.6,8,8,0,1,1,26.963,42.25,29.074,9.647,2.354,6897.52,48,21.5,NA,0,0,0,0,0,0,0,0,0,0,0,0,0,0,0,0,0,0,0,0,0,0,0,0,0,0,0,0,0,0,0,23617.387,14921.818,9585.102,7212.243,5669.917,4879.663,4590.974,4766.154,4879.849,5010.027,5253.585,5089.051,5290.708,5386.632,5469.892,5166.973,5083.547,4588.136,4321.812,3754.614,3697.606,3968.693,4346.38,5107.956,5987.216,6887.415,7012.545,6855.563,6489.263,5821.844,5316.817,4614.4,3921.688,3060.624,2527.247,1960.571,1485.183,1263.189,1089.106,814.522,813.986,674.311,539.846,473.956,380.095,317.421,245.226,168.296,128.949,71.875,40.174,34.564,22.948,20.675,3.019,9.517,8.172,1.684,0,0,0,0,0,0,0,0,0,0,0,0,0,0,0,0,0,0,0,0,0,0,0,0,0,0,0,0,0,0,0,0,0,0,0,0,0,8.157,9.513,8.629,7.586,7.447,7.363,7.855,8.879,10.884,12.948,15.225,18.059,19.71,22.764,25.631,28.517,29.573,31.84,31.593,32.869,32.076,35.221,40.632,47.462,57.846,69.87,82.398,86.988,87.939,85.615,79.43,74.098,66.399,58.648,47.186,40.621,32.818,25.717,22.169,19.022,14.698,13.856,11.448,8.842,7.437,5.966,4.892,3.716,2.429,1.914,1.062,0.549,0.464,0.32,0.268,0.039,0.118,0.099,0.02,0,0,0.014,0,0,0,0
2026-09-07 00:35:00,1,"Normal Scan","Normal Scan",0,"ON",1,1,1,737.7,5,20.2,97.7,51,0.0000000689414,0.0000181905,4.97,8976.18,8.8,736.5,1,"Up Scan","Positive",254,0,4.37,1.6,8,8,0,1,1,28.899,43.326,29.956,9.647,2.35,6722.84,48,21.3,NA,0,0,0,0,0,0,0,0,0,0,0,0,0,0,0,0,0,0,0,0,0,0,0,0,0,0,0,0,0,0,0,19049.407,13460.4,8864.65,7864.176,6947.459,6289.161,5194.742,4761.999,5061.599,4687.795,4469.948,4434.164,4345.324,4151.245,4556.163,4678.886,5120.454,4928.545,4621.018,4250.697,3951.731,3983.712,4395.438,5253.183,5969.547,6978.247,7152.929,7010.956,6580.305,6231.537,5325.03,4590.708,3757.824,3120.668,2468.824,1861.361,1470.185,1194.291,1126.732,915.276,765.4,678.091,559.543,472.114,423.352,365.24,262.429,184.885,105.556,79.417,56.42,49.662,17.122,13.33,13.727,4.752,1.643,0,1.726,0,0,0,0,0,0,0,0,0,0,0,0,0,0,0,0,0,0,0,0,0,0,0,0,0,0,0,0,0,0,0,0,0,0,0,0,8.428,7.66,7.791,7.024,8.071,9.059,10.073,10.013,10.852,13.351,14.201,15.386,17.199,18.807,19.928,23.955,26.929,32.085,33.83,35.027,35.814,37.307,41.005,48.009,59.51,69.857,83.648,88.38,89.334,86.918,84.043,74.151,65.852,56.51,48.532,39.845,31.611,25.592,21.369,19.953,16.364,13.466,11.429,9.065,7.636,6.675,5.477,3.95,2.726,1.517,1.116,0.787,0.669,0.226,0.172,0.175,0.059,0.02,0,0.02,0,0,0,0,0,0
2026-09-07 00:40:00,1,"Normal Scan","Normal Scan",0,"ON",1,1,1,738.3,5,20.9,97.8,50.7,0.0000000690802,0.0000182241,4.97,8976.18,8.8,736.5,1,"Up Scan","Positive",254,0,4.37,1.6,8,8,0,1,1,25.697,37.189,27.685,9.647,2.082,10174.6,48,21.4,NA,0,0,0,0,0,0,0,0,0,0,0,0,0,0,0,0,0,0,0,0,0,0,0,0,0,0,0,0,0,0,0,19415.197,13577.968,11294.656,9548.942,8996.458,9548.61,9582.657,10592.073,10258.698,10523.465,11285.348,12124.619,12063.871,12675.189,12594.159,12737.438,12331.98,11517.045,10321.196,8386.409,7127.819,6477.365,5895.348,5801.794,6555.01,6983.457,7293.089,7098.847,6751.228,6141.503,5329.378,4732,3984.028,2991.774,2433.673,1840.889,1533.991,1315.287,1097.778,865.781,807.004,662.511,556.726,460.865,387.635,328.116,252.088,178.226,110.725,89.727,46.903,26.615,14.397,11.821,13.7,6.326,1.615,0,3.493,1.795,0,0,0,0,0,0,0,0,0,0,0,0,0,0,0,0,0,0,0,0,0,0,0,0,0,0,0,0,0,0,0,0,0,0,0,7.005,7.833,7.862,8.913,9.864,11.715,15.342,18.579,24.156,27.191,31.985,38.882,46.876,52.028,60.285,65.563,72.366,76.17,77.095,75.038,66.978,62.483,62.184,61.561,64.758,75.72,83.464,90.406,90.793,88.388,82.911,74.358,68.198,59.464,46.451,39.367,31.153,26.466,22.924,19.207,15.654,13.693,11.151,9.112,7.38,5.994,4.908,3.791,2.649,1.636,1.246,0.668,0.38,0.207,0.153,0.174,0.079,0.02,0,0.041,0.021,0.014,0,0,0,0
2026-09-07 00:45:00,1,"Normal Scan","Normal Scan",0,"ON",1,1,1,737.9,5,20.5,97.7,51.4,0.0000000690312,0.0000182049,4.97,8976.18,8.8,736.5,1,"Up Scan","Positive",254,0,4.37,1.6,8,8,0,1,1,27.191,40.689,29.409,9.647,2.19,8029.04,48,21.4,NA,0,0,0,0,0,0,0,0,0,0,0,0,0,0,0,0,0,0,0,0,0,0,0,0,0,0,0,0,0,0,0,19600.222,11718.51,8258.78,6782.015,6004.816,5951.413,6075.114,6736.589,7406.997,7432.631,8202.158,8277.252,8713.756,9216.607,9096.926,8705.287,8322.549,7702.723,6848.081,6172.671,5235.108,4923.837,5025.412,5230.466,6158.876,6772.493,6927.78,6749.101,6906.813,6050.022,5257.928,4363.283,3922.637,3088.269,2317.542,1934.238,1528.398,1279.036,1042.591,956.292,745.564,699.049,539.917,495.931,410.792,343.215,232.323,176.802,136.668,83.079,46.357,39.853,21.769,17.745,16.745,7.848,4.901,6.75,5.246,3.63,0,0,0,0,0,0,0,0,0,0,0,0,0,0,0,0,0,0,0,0,0,0,0,0,0,0,0,0,0,0,0,0,0,0,0,7.359,7.831,6.743,6.555,6.967,7.837,9.612,11.8,15.413,19.667,22.619,28.25,31.961,37.513,43.715,47.416,49.548,51.591,52.056,50.525,50.217,47.319,48.695,53.466,59.672,71.534,81.088,85.817,86.823,90.147,81.674,73.546,63.439,58.406,48.007,37.716,32.695,26.222,22.646,18.776,16.806,13.024,11.823,8.941,7.889,6.417,5.258,3.583,2.695,1.99,1.224,0.677,0.576,0.32,0.229,0.213,0.098,0.06,0.081,0.061,0.041,0.015,0,0,0,0
2026-09-07 00:50:00,1,"Normal Scan","Normal Scan",0,"ON",1,1,1,737.9,5,20.4,97.7,51.1,0.0000000690013,0.0000182001,4.97,8976.18,8.8,736.5,1,"Up Scan","Positive",254,0,4.37,1.6,8,8,0,1,1,26.988,42.109,30.953,9.647,2.137,7691.78,48,21.3,NA,0,0,0,0,0,0,0,0,0,0,0,0,0,0,0,0,0,0,0,0,0,0,0,0,0,0,0,0,0,0,0,12530.091,8455.359,5918.694,5183.437,4690.723,4899.712,5650.237,7165.201,8033.256,9094.156,10086.432,11421.519,12000.797,10851.558,9058.543,7708.967,7262.04,6232.779,5847.232,4951.383,4436.345,4272.124,4801.907,5415.48,6279.095,7007.859,7178.354,7176.949,6624.789,6003.61,5227.398,4503.375,3636.966,2989.014,2489.292,1935.219,1550.561,1289.035,1132.075,1000.342,818.469,659.104,561.486,499.155,433.21,341.121,243.415,185.321,140.63,76.746,55.638,40.087,29.968,17.659,12.22,12.666,11.335,5.08,1.767,0,0,0,0,0,0,0,0,0,0,0,0,0,0,0,0,0,0,0,0,0,0,0,0,0,0,0,0,0,0,0,0,0,0,0,0,4.328,5.042,4.95,4.701,5.377,6.147,7.934,10.994,16.387,21.346,27.619,34.614,43.884,51.24,51.149,46.917,43.831,45.004,42.421,43.656,41.213,41.168,43.539,51.758,60.956,72.802,83.418,88.775,90.877,87.127,81.526,73.26,65.245,54.956,47.063,40.488,32.537,26.815,22.794,20.168,17.406,14.355,11.17,9.309,7.975,6.856,5.28,3.67,2.772,2.178,1.095,0.786,0.557,0.415,0.229,0.155,0.157,0.139,0.06,0.02,0,0.015,0,0,0,0
2026-09-07 00:55:00,1,"Normal Scan","Normal Scan",0,"ON",1,1,1,738.2,5,20.8,97.7,51.5,0.000000069121,0.0000182193,4.97,8976.18,8.8,736.5,1,"Up Scan","Positive",254,0,4.37,1.6,8,8,0,1,1,42.37,52.419,38.775,62.643,2.216,5077.53,48,21.4,NA,0,0,0,0,0,0,0,0,0,0,0,0,0,0,0,0,0,0,0,0,0,0,0,0,0,0,0,0,0,0,0,6209.801,5100.964,4124.929,3358.872,2885.439,2768.301,2894.873,3117.495,3067.401,3339.031,3498.179,3610.579,3871.99,4256.313,4463.89,4610.763,4340.787,4318.028,3880.494,3707.062,3608.964,3754.539,4102.159,4986.387,5786.35,6646.357,7078.502,6806.031,6433.031,5996.29,5269.484,4625.919,3747.174,3067.707,2335.223,1932.939,1554.494,1263.463,1048.28,931.573,805.445,694.425,555.807,506.873,404.005,332.846,267.645,182.188,120.817,79.787,37.268,13.67,24.224,7.42,15.288,7.888,9.815,3.354,10.446,1.781,0,0,0,0,0,0,0,0,0,0,0,0,0,0,0,0,0,0,0,0,0,0,0,0,0,0,0,0,0,0,0,0,0,0,0,2.504,2.515,2.944,3.268,3.46,3.763,4.466,5.574,7.13,8.172,10.145,12.087,14.001,16.738,20.296,23.412,26.457,27.296,29.728,29.725,31.618,34.299,39.013,45.043,56.806,67.847,79.916,87.79,87.002,84.731,81.037,73.801,66.816,56.121,47.755,38.168,32.561,26.873,22.508,18.675,16.343,13.874,11.694,9.128,8,6.107,5.112,3.994,2.755,1.779,1.199,0.585,0.223,0.32,0.096,0.194,0.098,0.119,0.04,0.122,0.021,0,0,0,0,0
2026-09-07 01:00:00,1,"Normal Scan","Normal Scan",0,"ON",1,1,1,737.7,5,20.2,97.7,51.7,0.0000000689414,0.0000181905,4.97,8976.18,8.8,736.5,1,"Up Scan","Positive",254,0,4.37,1.6,8,8,0,1,1,36.797,48.759,34.687,9.647,2.323,5620.93,48,21.2,NA,0,0,0,0,0,0,0,0,0,0,0,0,0,0,0,0,0,0,0,0,0,0,0,0,0,0,0,0,0,0,0,13408.903,8991.582,6153.482,4560.731,3599.876,3144.571,3111.918,3084.689,3324.842,3273.909,3266.916,3716.688,3901.019,4197.874,4219.757,4610.87,4555.72,4323.953,4118.455,3935.757,3665.077,3783.709,4192.844,5042.683,5970.626,7064.286,7128.727,7138.668,6731.928,6056.739,5261.661,4511.459,3803.486,2975.385,2404.186,1809.14,1529.152,1283.703,1035.186,911.836,799.888,683.92,527.917,477.173,394.857,354.465,269.697,181.933,137.061,80.454,61.577,27.894,20.48,17.777,9.134,4.792,6.571,5.011,3.493,3.63,0,0,0,0,0,0,0,0,0,0,0,0,0,0,0,0,0,0,0,0,0,0,0,0,0,0,0,0,0,0,0,0,0,0,0,5.603,5.402,5.19,4.857,4.706,4.669,5.057,6.006,7.055,8.832,9.971,11.295,14.428,16.893,20.078,22.219,26.47,28.612,29.788,31.456,33.449,35.052,39.351,46.36,57.66,69.735,84.373,87.857,90.937,88.255,81.668,73.438,65.319,56.655,46.448,39.107,30.846,26.358,22.604,18.518,16.361,13.972,11.482,8.964,7.605,6.1,5.416,4.09,2.675,2.015,1.199,0.872,0.409,0.321,0.23,0.116,0.059,0.08,0.06,0.041,0.041,0.031,0,0,0,0
2026-09-07 01:05:00,1,"Normal Scan","Normal Scan",0,"ON",1,1,1,738.2,5,20.8,97.7,51.4,0.000000069121,0.0000182193,4.97,8976.18,8.8,736.5,1,"Up Scan","Positive",254,0,4.37,1.6,8,8,0,1,1,29.28,43.185,31.454,9.647,2.187,7378.97,48,21.4,NA,0,0,0,0,0,0,0,0,0,0,0,0,0,0,0,0,0,0,0,0,0,0,0,0,0,0,0,0,0,0,0,15155.331,10067.117,6964.758,5649.24,4877.129,4645.337,4629.342,4693.56,5463.998,6159.789,7236.033,8108.95,8822.992,8905.644,8808.416,8571.728,7999.891,7058.706,6571.255,5621.064,4964.317,4591.917,5004.373,5154.688,6209.459,6928.624,7288.532,7191.333,6644.781,5988.414,5310.016,4419.391,3905.073,3037.231,2390.212,1915.731,1567.059,1341.035,1163.989,886.033,803.297,719.177,548.905,482.997,443.957,357.506,308.34,164.385,131.99,89.565,56.365,39.246,18.545,11.821,7.611,15.749,8.2,5.066,1.753,0,0,0,0,0,0,0,0,0,0,0,0,0,0,0,0,0,0,0,0,0,0,0,0,0,0,0,0,0,0,0,0,0,0,0,0,6.498,6.074,5.858,5.522,5.836,6.341,7.5,8.98,10.767,14.541,18.763,24.938,31.313,37.894,42.249,45.845,48.715,49.554,47.859,48.555,46.164,45.273,46.227,53.693,58.412,72.136,82.815,89.81,91.494,87.454,81.11,74.206,64.383,58.601,47.34,38.926,32.603,27.091,23.509,20.729,15.895,14.138,12.096,9.16,7.705,6.958,5.416,4.583,2.446,1.968,1.315,0.806,0.535,0.245,0.153,0.097,0.196,0.099,0.06,0.02,0,0,0,0,0,0
2026-09-07 01:10:00,1,"Normal Scan","Normal Scan",0,"ON",1,1,1,738.5,5,21.2,97.7,51.3,0.0000000692407,0.0000182384,4.97,8976.18,8.8,736.5,1,"Up Scan","Positive",254,0,4.37,1.6,8,8,0,1,1,31.773,45.277,32.707,9.647,2.234,6649.46,48,21.5,NA,0,0,0,0,0,0,0,0,0,0,0,0,0,0,0,0,0,0,0,0,0,0,0,0,0,0,0,0,0,0,0,13426.642,8984.62,6823.723,5020.363,4969.949,4424.644,4335.865,4840.507,4997.211,5251.31,5471.838,6064.474,5949.642,6136.256,6489.995,6452.686,6409.034,6213.799,5570.553,5356.551,4706.551,4586.985,4804.926,5429.488,6166.313,6837.799,7194.542,7159.891,6673.636,6041.192,5263.916,4560.276,3839.73,3041.362,2277.87,1913.57,1530.558,1335.429,1088.018,928.691,826.428,680.591,609.743,491.126,398.567,349.369,303.646,212.25,142.88,81.952,33.411,19.214,15.956,19.154,3.045,6.353,8.182,3.368,5.26,1.781,0,0,0,0,0,0,0,0,0,0,0,0,0,0,0,0,0,0,0,0,0,0,0,0,0,0,0,0,0,0,0,0,0,0,0,5.46,5.392,5.216,5.406,5.15,6.46,7.112,8.364,11.05,13.273,15.952,18.863,23.475,25.662,29.229,33.981,36.942,39.966,42.284,41.726,44.112,43.219,46.131,51.828,60.989,71.842,81.769,88.985,90.978,87.224,81.824,73.62,65.926,57.518,47.503,37.542,32.316,26.965,23.404,19.261,16.65,14.531,11.584,10.04,7.652,6.08,5.302,4.552,3.076,2.108,1.201,0.495,0.297,0.245,0.248,0.039,0.079,0.099,0.04,0.061,0.021,0.028,0,0,0,0
2026-09-07 01:15:00,1,"Normal Scan","Normal Scan",0,"ON",1,1,1,739.1,5,22.1,97.7,51,0.0000000695102,0.0000182815,4.97,8976.18,8.8,736.5,1,"Up Scan","Positive",254,0,4.37,1.6,8,8,0,1,1,30.359,44.834,31.881,9.647,2.275,6622.88,48,21.9,NA,0,0,0,0,0,0,0,0,0,0,0,0,0,0,0,0,0,0,0,0,0,0,0,0,0,0,0,0,0,0,0,15519.643,9751.19,7491.501,5790.261,4775.623,4527.206,4628.243,4972.78,5162.235,5161.628,5432.1,5811.79,5690.479,6316.814,6188.145,6360.632,5744.832,5294.262,4689.459,4265.515,4110.168,4286.811,4544.872,5118.592,6118.997,6946.267,7214.961,7141.514,6801.206,6097.593,5317.527,4672.295,3697.324,3003.324,2419.964,1821.774,1597.519,1206.385,1100.918,849.349,830.349,710.717,562.54,532.77,416.835,340.913,277.254,213.099,136.308,98.725,56.541,55.16,17.633,11.809,15.262,7.902,4.873,0,0,1.781,0,0,0,0,0,0,0,0,0,0,0,0,0,0,0,0,0,0,0,0,0,0,0,0,0,0,0,0,0,0,0,0,0,0,0,5.522,6.175,5.621,5.902,5.953,6.219,7.26,8.971,11.307,13.673,15.643,18.697,22.427,24.466,29.96,32.245,36.226,35.864,36.205,35.398,35.975,38.478,43.573,49.568,58.173,71.415,82.985,89.095,90.531,88.944,82.377,74.107,67.138,55.597,46.598,39.505,31.092,27.556,22.025,19.477,15.478,14.425,12.23,9.336,8.486,6.673,5.158,4.118,3.174,2.049,1.379,0.772,0.755,0.301,0.153,0.194,0.098,0.06,0,0,0.021,0.056,0,0,0,0
2026-09-07 01:20:00,1,"Normal Scan","Normal Scan",0,"ON",1,1,1,739.7,5,22.9,97.7,50.4,0.0000000697499,0.0000183197,4.97,8976.18,8.8,736.5,1,"Up Scan","Positive",254,0,4.37,1.6,8,8,0,1,1,33.424,47.043,34.128,9.647,2.234,6241.91,47,22.4,NA,0,0,0,0,0,0,0,0,0,0,0,0,0,0,0,0,0,0,0,0,0,0,0,0,0,0,0,0,0,0,0,12540.98,7761.726,5221.232,4265.746,3986.606,3840.012,3839.753,4177.722,4302.457,4467.084,4939.135,5501.567,6180.238,6144.569,6324.209,6092.531,5984.8,5701.276,4905.848,4607.451,4299.917,4299.228,4743.094,5267.832,6107.967,6928.232,7237.906,7268.651,6758.191,6026.65,5500.447,4569.143,3778.754,2828.318,2455.502,1766.753,1569.536,1260.697,1056.717,957.21,792.126,703.117,628.808,476.299,402.599,361.749,320.765,200.005,152.328,75.587,55.307,29.276,22.861,20.613,10.682,7.888,6.571,1.712,3.451,3.576,0,0,0,0,0,0,0,0,0,0,0,0,0,0,0,0,0,0,0,0,0,0,0,0,0,0,0,0,0,0,0,0,0,0,0,4.524,4.971,4.494,4.107,4.383,5.198,6.198,7.411,9.527,11.413,13.596,17.004,21.232,26.57,29.126,32.945,34.782,37.3,38.916,36.993,38.428,40.043,43.729,51.263,59.606,71.31,82.864,89.243,91.901,88.109,81.369,76.214,66.045,56.386,44.758,39.659,30.428,27.582,22.28,18.972,17.111,14.089,12.016,10.249,7.62,6.226,5.505,4.821,2.969,2.195,1.095,0.803,0.426,0.301,0.267,0.135,0.098,0.079,0.02,0.041,0.043,0,0,0,0,0
2026-09-07 01:25:00,1,"Normal Scan","Normal Scan",0,"ON",1,1,1,739.1,5,22,97.7,50.2,0.0000000694803,0.0000182767,4.97,8976.18,8.8,736.5,1,"Up Scan","Positive",254,0,4.37,1.6,8,8,0,1,1,31.932,45.837,31.945,9.647,2.352,6233.95,46,22.4,NA,0,0,0,0,0,0,0,0,0,0,0,0,0,0,0,0,0,0,0,0,0,0,0,0,0,0,0,0,0,0,0,18035.361,11389.781,8305.956,5275.407,4808.217,3773.134,3709.916,3706.059,3775.973,3950.027,4070.792,4216.233,4494.506,4790.661,5000.338,4933.966,4926.368,4749.207,4366.245,4124.986,3937.476,4094.72,4505.836,5169.743,5918.611,6729.142,7022.868,7057.339,6511.3,6014.908,5232.368,4582.92,3777.885,3001.463,2419.42,1858.422,1552.776,1260.116,1106.523,958.997,891.419,669.321,631.408,515.468,434.232,355.247,264.884,229.004,138.748,89.309,50.078,39.959,27.223,13.206,7.651,1.588,6.544,3.382,1.726,0,0,0,0,0,0,0,0,0,0,0,0,0,0,0,0,0,0,0,0,0,0,0,0,0,0,0,0,0,0,0,0,0,0,0,0,6.175,7.244,6.624,6.534,5.41,6.225,6.051,7.138,8.452,10.005,11.993,14.029,16.313,19.404,22.84,26.191,28.305,30.875,32.666,33.171,34.807,36.923,41.827,48.939,58.522,69.189,80.685,86.906,89.783,85.658,81.22,73.108,66.059,56.89,47.032,39.812,31.558,27.278,22.621,20.006,16.864,15.344,11.572,10.273,8.201,6.771,5.476,3.937,3.306,2.003,1.29,0.712,0.538,0.376,0.172,0.097,0.02,0.079,0.04,0.02,0,0.014,0,0,0,0
2026-09-07 01:30:00,1,"Normal Scan","Normal Scan",0,"ON",1,1,1,738.4,5,21.1,97.7,49.6,0.0000000692108,0.0000182337,4.97,8976.18,8.8,736.5,1,"Up Scan","Positive",254,0,4.37,1.6,8,8,0,1,1,38.785,50.023,35.063,9.647,2.372,5438.56,46,22.1,NA,0,0,0,0,0,0,0,0,0,0,0,0,0,0,0,0,0,0,0,0,0,0,0,0,0,0,0,0,0,0,0,12274.732,8662.235,6795.648,5305.186,4245.567,3948.492,3405.006,3010.507,2985.87,3286.139,2941.614,3080.917,2740.928,3200.255,3358.485,3808.765,3860.174,3589.704,3652.064,3480.452,3496.238,3611.671,4257.78,5129.075,5753.48,6569.518,7064.313,7036.737,6754.991,6013.044,5316.329,4655.707,3781.231,3111.644,2492.172,1927.382,1582.398,1334.892,1095.379,949.942,877.18,728.258,597.37,546.966,433.71,336.142,303.865,204.955,165.369,103.641,63.87,29.773,23.14,19.199,9.172,9.476,3.258,5.126,3.349,3.576,0,0,0,0,0,0,0,0,0,0,0,0,0,0,0,0,0,0,0,0,0,0,0,0,0,0,0,0,0,0,0,0,0,0,0,3.705,4.916,5.032,5.32,5.464,5.475,6.341,6.569,6.824,7.899,9.955,10.168,11.962,11.897,15.369,17.714,21.973,24.352,25.089,28.179,29.95,33.35,37.785,46.91,58.276,67.69,79.209,87.612,89.774,88.863,81.376,74.514,67.39,56.964,48.614,40.708,32.84,27.634,23.87,19.675,17.154,15.23,12.434,10.03,8.804,6.716,5.157,4.56,3.037,2.43,1.499,0.906,0.435,0.339,0.248,0.116,0.118,0.04,0.062,0.039,0.042,0.028,0,0,0,0
2026-09-07 01:35:00,1,"Normal Scan","Normal Scan",0,"ON",1,1,1,738.3,5,21,97.7,49.2,0.0000000691809,0.0000182289,4.97,8976.18,8.8,736.5,1,"Up Scan","Positive",254,0,4.37,1.6,8,8,0,1,1,47.231,54.471,39.542,9.647,2.303,4756.73,47,22,NA,0,0,0,0,0,0,0,0,0,0,0,0,0,0,0,0,0,0,0,0,0,0,0,0,0,0,0,0,0,0,0,8828.325,5859.629,4119.039,2935.815,2913.029,2562.465,2575.32,2551.788,2301.342,2500.844,2324.251,2605.165,2466.287,2769.351,3234.617,3368.418,3384.653,3412.476,3314.983,3273.498,3104.431,3389.252,4149.177,4723.235,6001.718,6743.87,7053.55,6965.053,6554.731,6006.78,5192.15,4601.706,3755.553,3075.396,2419.414,1885.062,1701.265,1285.802,1056.649,983.521,797.563,686.089,571.275,524.508,440.731,332.313,284.075,215.493,162.949,80.601,58.574,38.659,24.61,17.633,10.643,4.765,6.53,5.121,3.465,0,0,0,0,0,0,0,0,0,0,0,0,0,0,0,0,0,0,0,0,0,0,0,0,0,0,0,0,0,0,0,0,0,0,0,0,2.843,3.464,3.389,3.23,3.045,3.8,4.099,4.965,5.793,6.126,7.625,8.042,10.125,10.74,13.316,17.052,19.451,21.439,23.872,25.698,28.5,30.345,35.853,45.72,54.324,69.993,80.813,87.268,88.807,86.617,81.06,73.25,66.635,56.164,48.23,39.416,31.999,29.054,23.114,19.119,17.326,14.067,11.986,9.419,8.382,6.881,5.116,4.312,3.124,2.39,1.151,0.877,0.52,0.358,0.229,0.136,0.059,0.08,0.06,0.041,0,0.027,0,0,0,0
2026-09-07 01:40:00,1,"Normal Scan","Normal Scan",0,"ON",1,1,1,738.5,5,21.2,97.7,50,0.0000000692407,0.0000182384,4.97,8976.18,8.8,736.5,1,"Up Scan","Positive",254,0,4.37,1.6,8,8,0,1,1,51.329,57.564,43.356,67.317,2.196,4335.4,47,22,NA,0,0,0,0,0,0,0,0,0,0,0,0,0,0,0,0,0,0,0,0,0,0,0,0,0,0,0,0,0,0,0,4284.939,3649.665,3158.068,2362.87,2442.047,2387.227,2126.097,1968.657,2200.714,2048.027,2139.06,2290.957,2436.112,2563.194,2840.883,3266.854,3496.831,3541.201,3266.413,3136.23,3129.193,3333.471,3939.495,4693.999,5573.701,6431.188,6991.332,7172.65,6586.422,5858.085,5285.678,4279.273,3591.289,2958.398,2340.478,1888.02,1549.626,1344.982,1113.257,918.387,851.096,669.063,579.106,497.642,414.026,331.302,239.018,187.956,110.441,82.771,65.605,42.932,21.355,23.582,12.126,3.163,11.43,3.382,0,1.808,0,0,0,0,0,0,0,0,0,0,0,0,0,0,0,0,0,0,0,0,0,0,0,0,0,0,0,0,0,0,0,0,0,0,0,1.162,1.742,2.128,2.486,2.447,3.181,3.824,4.098,4.475,5.837,6.216,7.404,8.933,10.632,12.356,15.021,18.895,22.091,24.627,25.289,27.198,30.356,35.352,44.119,53.95,65.553,77.548,86.017,90.772,86.408,79.476,73.789,62.327,54.59,46.1,38.544,31.84,26.81,23.61,19.728,16.224,14.621,11.318,9.446,8.01,6.517,5.084,3.685,2.745,1.63,1.221,0.914,0.594,0.282,0.306,0.155,0.039,0.139,0.04,0,0.021,0,0,0,0,0
2026-09-07 01:45:00,1,"Normal Scan","Normal Scan",0,"ON",1,1,1,738,5,20.6,97.7,50.3,0.0000000690611,0.0000182097,4.97,8976.18,8.8,736.5,1,"Up Scan","Positive",254,0,4.37,1.6,8,8,0,1,1,52.431,58.563,44.077,67.317,2.197,4274.58,47,21.7,NA,0,0,0,0,0,0,0,0,0,0,0,0,0,0,0,0,0,0,0,0,0,0,0,0,0,0,0,0,0,0,0,4421.389,3173.238,2856.575,2412.626,2170.347,2116.704,2007.778,1967.392,2093.05,2311.653,2145.676,2280.373,2351.817,2690.28,2836.508,3198.704,3336.771,3302.902,3138.625,3068.579,2967.57,3305.132,3699.794,4443.376,5614.366,6372.89,6945.139,7039.881,6555.91,5916.304,5375.259,4477.714,3648.986,2940.228,2359.67,1885.094,1545.681,1296.588,1148.624,969.833,858.255,716.468,590.139,506.784,438.936,340.419,310.676,208.329,162.273,89.122,47.397,44.768,25.975,10.363,19.867,11.024,8.145,3.355,1.753,3.576,0,0,0,0,0,0,0,0,0,0,0,0,0,0,0,0,0,0,0,0,0,0,0,0,0,0,0,0,0,0,0,0,0,0,0,1.172,1.791,1.847,2.259,2.463,2.825,3.402,3.889,4.488,5.56,7.026,7.427,8.877,10.246,12.907,15.001,18.473,21.127,22.981,24.308,26.706,29.076,35.042,41.871,51.537,66.245,77.064,85.948,89.396,85.964,80.332,75.054,65.016,55.328,46.232,38.958,32.169,27.046,23.183,20.583,17.139,15.173,12.249,9.828,8.099,6.914,5.225,4.595,3.193,2.388,1.3,0.66,0.642,0.343,0.134,0.252,0.137,0.099,0.04,0.02,0.041,0,0,0,0,0
2026-09-07 01:50:00,1,"Normal Scan","Normal Scan",0,"ON",1,1,1,738.4,5,21,97.8,50.1,0.0000000691101,0.0000182289,4.97,8976.18,8.8,736.5,1,"Up Scan","Positive",254,0,4.37,1.6,8,8,0,1,1,53.787,59.76,45.492,67.317,2.17,4168.69,48,21.8,NA,0,0,0,0,0,0,0,0,0,0,0,0,0,0,0,0,0,0,0,0,0,0,0,0,0,0,0,0,0,0,0,3482.832,3366.407,2571.031,2238.067,1924.083,1970.396,1893.859,1953.12,1735.521,1696.662,1999.403,1989.699,2076.581,2262.286,2644.504,3069.323,3420.345,3354.702,3283.312,3195.504,3044.6,3259.427,3712.125,4564.954,5461.43,6600.821,6989.427,7071.466,6486.187,5915.594,5262.874,4492.248,3746.599,2974.468,2385.48,1885.203,1570.97,1321.808,1049.603,1031.262,892.824,720.759,614.716,564.965,436.204,354.017,274.304,219.329,127.213,82.329,63.49,29.219,27.209,13.243,12.347,4.761,0,5.066,1.767,0,0,0,0,0,0,0,0,0,0,0,0,0,0,0,0,0,0,0,0,0,0,0,0,0,0,0,0,0,0,0,0,0,0,0,0,1.433,1.406,1.933,2.033,2.297,2.505,3.167,3.647,4.456,4.609,5.178,6.919,7.784,9.067,10.953,14.043,17.774,21.605,23.341,25.352,27.606,29.79,34.794,41.917,52.63,64.55,79.392,86.551,89.907,85.259,80.06,73.905,65.309,56.189,47.011,39.674,32.159,27.483,23.834,18.993,18.068,15.547,12.225,9.903,9.024,6.702,5.441,4.055,3.255,1.845,1.166,0.896,0.408,0.377,0.172,0.155,0.059,0,0.06,0.02,0,0.014,0,0,0,0
2026-09-07 01:55:00,1,"Normal Scan","Normal Scan",0,"ON",1,1,1,738.2,5,20.8,97.7,50.9,0.000000069121,0.0000182193,4.97,8976.18,8.8,736.5,1,"Up Scan","Positive",254,0,4.37,1.6,8,8,0,1,1,54.528,60.683,46.697,62.643,2.134,3985.36,48,21.7,NA,0,0,0,0,0,0,0,0,0,0,0,0,0,0,0,0,0,0,0,0,0,0,0,0,0,0,0,0,0,0,0,2970.972,2561.339,2018.159,2037.279,1951.92,1819.679,1830.019,1682.525,1594.722,1624.929,1633.125,1908.146,1900.191,2368.07,2462.173,2854.222,3220.982,3233.295,3159.312,3084.557,3224.031,3344.796,3695.332,4635.695,5325.963,6194.045,6835.573,6723.864,6383.162,5764.973,5315.621,4485.561,3685.469,2816.977,2306.601,1832.878,1503.195,1256.682,1084.257,982.813,798.86,693.752,586.202,483.682,412.977,356.654,279.808,204.233,129.516,84.069,75.689,45.775,20.088,11.664,10.779,11.011,4.896,5.08,1.726,1.795,0,0,0,0,0,0,0,0,0,0,0,0,0,0,0,0,0,0,0,0,0,0,0,0,0,0,0,0,0,0,0,0,0,0,0,0.727,1.195,1.494,1.623,2.11,2.535,2.918,3.534,3.842,4.231,4.953,5.671,7.482,8.34,11.419,13.111,16.619,20.429,22.552,24.505,26.687,30.856,35.262,41.532,53.201,63.098,75.052,84.741,85.71,83.827,78.059,74.002,64.871,55.482,44.686,37.702,31.308,26.323,22.373,19.469,17.271,14.23,11.778,9.56,7.907,6.568,5.415,4.178,3.04,1.914,1.208,1.076,0.631,0.283,0.151,0.137,0.137,0.06,0.06,0.02,0.021,0.014,0,0,0,0
2026-09-07 02:00:00,1,"Normal Scan","Normal Scan",0,"ON",1,1,1,737.9,5,20.4,97.8,50.7,0.0000000689307,0.0000182001,4.97,8976.18,8.8,736.5,1,"Up Scan","Positive",254,0,4.37,1.6,8,8,0,1,1,49.132,57.607,44.5,62.643,2.085,4445.71,48,21.5,NA,0,0,0,0,0,0,0,0,0,0,0,0,0,0,0,0,0,0,0,0,0,0,0,0,0,0,0,0,0,0,0,2557.224,2080.471,1553.668,2092.987,2109.496,2160.653,1985.133,2026.145,2512.113,2358.979,2432.499,2652.088,2745.402,3379.459,4408.155,4885.232,4670.364,4568.729,4197.015,3853.122,3507.911,3720.446,4156.5,4667.013,5600.491,6459.839,6661.516,6591.463,6400.212,5698.5,5133.243,4391.175,3678.751,2983.084,2330.45,1891.768,1525.185,1263.2,1114.776,925.06,823.352,715.035,582.305,518.036,427.983,354.084,275.239,211.769,143.045,94.456,59.353,34.917,30.119,26.623,13.713,9.463,1.615,5.08,1.767,5.398,0,0,0,0,0,0,0,0,0,0,0,0,0,0,0,0,0,0,0,0,0,0,0,0,0,0,0,0,0,0,0,0,0,0,0,0.602,1.044,1.21,1.235,2.16,2.764,3.479,3.845,4.614,6.686,7.24,8.487,10.394,12.016,16.307,23.177,27.964,29.24,31.384,31.775,32.573,33.39,38.273,45.445,53.521,65.611,77.684,82.799,84.458,84.337,77.52,71.82,63.779,55.528,46.754,38.155,32.287,26.691,22.664,19.873,16.734,14.345,12.382,9.755,8.273,6.667,5.452,4.226,3.198,2.083,1.332,0.841,0.52,0.415,0.344,0.175,0.118,0.02,0.06,0.02,0.062,0,0,0,0,0
2026-09-07 02:05:00,1,"Normal Scan","Normal Scan",0,"ON",1,1,1,738.3,5,20.9,97.8,51.1,0.0000000690802,0.0000182241,4.97,8976.18,8.8,736.5,1,"Up Scan","Positive",254,0,4.37,1.6,8,8,0,1,1,29.877,39.976,32.684,26.416,1.8,10574.8,48,21.6,NA,0,0,0,0,0,0,0,0,0,0,0,0,0,0,0,0,0,0,0,0,0,0,0,0,0,0,0,0,0,0,0,1438.879,2202.201,2379.299,2666.384,2766.122,4292.557,6574.894,8798.654,10747.374,12632.07,14134.536,16883.735,18984.716,19821.557,20607.04,20245.638,20486.549,19400.212,16803.233,14154.871,11659.647,9265.581,7644.065,6629.177,6486.253,6494.198,6775.12,6574.869,6314.283,5747.317,4964.979,4432.049,3529.943,2777.884,2243.298,1800.332,1506.191,1207.486,1079.27,864.569,824.091,709.942,565.435,554.12,445.515,363.217,302.298,209,147.77,100.538,40.106,41.424,27.315,14.752,10.718,7.89,4.887,5.094,1.74,0,0,0,0,0,0,0,0,0,0,0,0,0,0,0,0,0,0,0,0,0,0,0,0,0,0,0,0,0,0,0,0,0,0,0,0,0.509,0.585,1.291,1.927,2.768,3.65,6.991,12.89,20.234,28.699,38.632,48.971,65.571,81.965,94.312,107.422,115.078,126.086,128.931,120.544,109.937,98.145,85.317,76.451,71.992,74.235,77.82,83.876,83.699,82.745,77.793,69.329,64.187,53.164,43.837,37.072,31.031,26.387,22.083,19.585,15.868,14.485,12.108,9.517,8.714,6.907,5.576,4.511,3.113,2.156,1.426,0.603,0.557,0.396,0.191,0.135,0.099,0.06,0.06,0.02,0,0.027,0,0,0,0
2026-09-07 02:10:00,1,"Normal Scan","Normal Scan",0,"ON",1,1,1,737.9,5,20.3,97.8,51.5,0.0000000689008,0.0000181953,4.97,8976.18,8.8,736.5,1,"Up Scan","Positive",254,0,4.37,1.6,8,8,0,1,1,29.046,40.256,31.828,24.582,1.901,9407.44,48,21.4,NA,0,0,0,0,0,0,0,0,0,0,0,0,0,0,0,0,0,0,0,0,0,0,0,0,0,0,0,0,0,0,0,2794.001,3236.588,3834.686,4338.27,5752.1,6478.099,7476.411,8695.041,10346.627,11485.744,12968.618,14128.795,15165.638,16281.396,15476.059,14997.661,15235.679,14689.782,13186.73,10652.059,8770.983,7225.927,5996.271,5891.192,6069.812,6352.388,6699.984,6672.751,6124.839,5578.436,4848.863,4121.849,3637.902,2758.677,2185.553,1831.04,1558.021,1260.933,989.899,901.714,808.289,676.245,578.31,482.11,471.535,397.162,303.244,224.718,129.118,107.257,60.594,37.742,20.598,15.804,13.778,9.468,0,0,5.232,0,0,0,0,0,0,0,0,0,0,0,0,0,0,0,0,0,0,0,0,0,0,0,0,0,0,0,0,0,0,0,0,0,0,0,0,0.695,1.145,1.902,3.087,4.519,7.551,10.476,14.551,19.927,27.567,35.04,44.751,54.746,65.471,77.472,80.705,85.359,93.921,97.772,95.003,83.573,75.115,67.999,61.889,64.65,69.991,76.015,82.652,84.921,80.507,75.745,68.301,60.198,54.529,43.534,36.24,31.277,27.162,22.631,18.48,16.484,14.449,11.488,9.706,7.812,7.346,5.988,4.548,3.33,1.896,1.489,0.865,0.52,0.288,0.205,0.175,0.118,0,0,0.061,0,0.015,0,0,0,0
2026-09-07 02:15:00,1,"Normal Scan","Normal Scan",0,"ON",1,1,1,738.2,5,20.9,97.7,51.2,0.0000000691509,0.0000182241,4.97,8976.18,8.8,736.5,1,"Up Scan","Positive",254,0,4.37,1.6,8,8,0,1,1,36.438,47.615,37.62,35.227,1.95,6857.75,49,21.5,NA,0,0,0,0,0,0,0,0,0,0,0,0,0,0,0,0,0,0,0,0,0,0,0,0,0,0,0,0,0,0,0,2123.017,2528.671,2325.127,2524.513,3343.337,4096.746,4233.029,4733.276,5091.448,5221.034,5571.585,6206.433,6871.535,7461.841,7872.72,8731.102,9458.433,10544.61,11242.461,10979.063,9998.985,8238.26,7057.893,6276.483,6359.147,6527.086,6695.399,6689.889,6291.94,5616.785,4861.104,4293.969,3531.232,2690.813,2175.89,1747.005,1445.302,1284.203,1154.077,927.277,800.508,691.476,634.969,505.641,418.81,412.429,304.548,206.941,162.756,123.839,60.221,35.986,16.527,13.33,10.682,14.308,3.272,3.396,0,5.6,0,0,0,0,0,0,0,0,0,0,0,0,0,0,0,0,0,0,0,0,0,0,0,0,0,0,0,0,0,0,0,0,0,0,0,0.654,0.86,1.47,1.86,2.633,4.388,6.611,8.187,10.825,13.513,15.956,19.289,24.226,30.003,36.191,42.053,50.83,59.427,71.323,81.685,86.197,84.987,76.473,71.41,68.458,72.84,77.609,83.085,84.776,82.255,75.784,68.234,62.426,53.722,42.814,35.994,30.253,25.942,22.892,20.76,17.042,14.144,11.96,10.705,8.174,6.557,6.203,4.542,3.07,2.447,1.753,0.841,0.501,0.301,0.172,0.136,0.177,0.04,0.04,0,0.062,0.042,0,0,0,0
2026-09-07 02:20:00,1,"Normal Scan","Normal Scan",0,"ON",1,1,1,737.9,5,20.5,97.7,52,0.0000000690312,0.0000182049,4.97,8976.18,8.8,736.5,1,"Up Scan","Positive",254,0,4.37,1.6,8,8,0,1,1,45.714,55.738,42.287,67.317,2.124,4544.6,49,21.4,NA,0,0,0,0,0,0,0,0,0,0,0,0,0,0,0,0,0,0,0,0,0,0,0,0,0,0,0,0,0,0,0,2144.627,2092.72,2410.791,2046.511,2285.763,2860.258,3255.981,2892.695,2917.407,2869.254,3005.835,3307.238,4221.285,4604.913,4134.721,4045.398,4182.89,4066.972,3850.717,3745.112,3783.204,3563.631,3908.632,4390.043,5309.84,6195.945,6297.267,6519.236,6316.937,5492.062,4861.389,4223.095,3511.764,2820.859,2176.043,1830.238,1598.237,1128.522,1109.502,965.181,833.557,700.964,575.828,576.272,491.783,369.596,282.284,219.905,163.073,83.58,59.541,37.584,31.386,26.637,9.199,4.765,6.571,6.778,1.753,3.589,0,0,0,0,0,0,0,0,0,0,0,0,0,0,0,0,0,0,0,0,0,0,0,0,0,0,0,0,0,0,0,0,0,0,0,0.541,0.847,1.221,1.923,2.133,2.992,4.589,6.295,6.59,7.756,8.742,10.406,12.856,18.229,21.922,21.729,23.354,26.3,28.022,29.224,31.625,35.257,36.705,43.108,50.732,62.401,74.134,78.44,83.183,82.641,74.522,68.682,61.262,53.049,44.921,36.406,31.402,27.752,21.186,20.241,17.244,14.701,12.22,9.592,9.184,7.592,5.722,4.337,3.233,2.338,1.242,0.855,0.543,0.415,0.344,0.116,0.059,0.08,0.081,0.02,0.041,0,0,0,0,0
2026-09-07 02:25:00,1,"Normal Scan","Normal Scan",0,"ON",1,1,1,737.9,5,20.5,97.7,51.6,0.0000000690312,0.0000182049,4.97,8976.18,8.8,736.5,1,"Up Scan","Positive",254,0,4.37,1.6,8,8,0,1,1,36.609,50.375,38.073,30.505,2.101,5537.66,49,21.4,NA,0,0,0,0,0,0,0,0,0,0,0,0,0,0,0,0,0,0,0,0,0,0,0,0,0,0,0,0,0,0,0,3903.398,3037.875,2425.578,2747.479,2812.674,3086.501,4045.308,4329.09,4466.792,4453.893,5087.273,5436.148,5521.866,5933.72,6138.764,6253.832,6579.346,6287.335,5921.23,5417.359,4966.249,4440.174,4277.121,4413.637,5200.72,6073.468,6472.989,6539.674,6272.056,5689.262,4929.596,4233.541,3594.412,2847.854,2297.503,1736.89,1588.129,1235.051,1122.203,866.897,882.215,718.13,597.491,496.423,481.303,415.903,278.442,225.828,153.383,106.317,57.726,37.465,31.35,13.318,12.152,7.874,0,3.354,0,3.589,0,0,0,0,0,0,0,0,0,0,0,0,0,0,0,0,0,0,0,0,0,0,0,0,0,0,0,0,0,0,0,0,0,0,0,1.152,1.569,1.745,1.933,2.852,3.692,4.999,7.83,9.891,11.862,13.581,17.572,21.109,23.899,28.374,32.229,35.885,40.965,42.582,43.642,44.031,44.649,44.285,46.285,50.922,61.637,73.113,80.323,83.522,82.553,77.027,69.088,61.818,54.369,44.747,38.156,30.341,27.633,22.303,20.606,16.011,15.464,12.297,9.882,8.069,7.434,6.355,4.165,3.346,2.196,1.506,0.792,0.539,0.415,0.172,0.155,0.098,0,0.04,0,0.041,0,0,0,0,0
2026-09-07 02:30:00,1,"Normal Scan","Normal Scan",0,"ON",1,1,1,738.2,5,20.8,97.7,52.1,0.000000069121,0.0000182193,4.97,8976.18,8.8,736.5,1,"Up Scan","Positive",254,0,4.37,1.6,8,8,0,1,1,44.874,55.578,42.631,62.643,2.098,4688.01,49,21.5,NA,0,0,0,0,0,0,0,0,0,0,0,0,0,0,0,0,0,0,0,0,0,0,0,0,0,0,0,0,0,0,0,4509.345,2426.145,2333.702,2079.194,1951.741,1563.215,1666.245,2063,2130.235,2265.384,2780.496,3421.714,3695.701,4300.063,4092.043,4410.81,4901.756,5173.094,5333.178,5197.358,4818.873,4579.723,4672.545,4732.705,5345.453,6053.664,6615.82,6522.401,6134.546,5509.85,5067.116,4203.801,3519.041,2837.468,2141.686,1876.668,1433.422,1214.505,1010.335,908.039,885.973,653.385,636.138,534.475,477.88,376.431,296.586,216.584,155.357,113.461,47.394,46.63,28.991,14.715,9.186,12.613,9.856,5.094,3.479,0,0,0,0,0,0,0,0,0,0,0,0,0,0,0,0,0,0,0,0,0,0,0,0,0,0,0,0,0,0,0,0,0,0,0,0,1.402,1.805,1.408,1.837,2.119,2.541,2.527,3.232,4.738,5.69,6.942,9.66,13.34,16.115,20.707,21.768,25.638,30.92,35.494,39.723,42.364,43.477,45.549,49.806,53.701,62.761,73.238,81.715,83.235,80.603,74.858,70.649,61.075,53.046,44.676,36.057,31.762,25.816,22.179,18.726,16.698,15.396,11.402,10.619,8.531,7.49,5.815,4.434,3.209,2.286,1.657,0.712,0.627,0.4,0.191,0.116,0.157,0.119,0.06,0.041,0,0.014,0,0,0,0
2026-09-07 02:35:00,1,"Normal Scan","Normal Scan",0,"ON",1,1,1,737.8,5,20.3,97.7,52.1,0.0000000689713,0.0000181953,4.97,8976.18,8.8,736.5,1,"Up Scan","Positive",254,0,4.37,1.6,8,8,0,1,1,56.806,63.58,50.141,62.643,2.042,3649.52,49,21.3,NA,0,0,0,0,0,0,0,0,0,0,0,0,0,0,0,0,0,0,0,0,0,0,0,0,0,0,0,0,0,0,0,1134.253,1761.546,1155.278,1223.815,1323.407,1135.784,1231.076,1345.5,1689.868,1936.177,1764.391,1674.188,1897.295,2056.207,2322.989,2643.113,2990.888,3232.019,3037.837,3124.265,3071.639,3278.823,3458.007,4218.384,4931.385,5908.261,6553.94,6459.315,6156.712,5608.26,4890.488,4110.482,3578.303,2725.314,2159.028,1805.687,1492.469,1151.353,1115.927,939.013,851.502,708.086,623.564,566.432,441.443,374.692,277.182,228.968,178.27,89.3,57.762,37.417,19.956,10.288,9.147,9.503,3.285,1.712,3.493,0,0,0,0,0,0,0,0,0,0,0,0,0,0,0,0,0,0,0,0,0,0,0,0,0,0,0,0,0,0,0,0,0,0,0,0,0.394,0.461,1.022,0.923,1.266,1.737,1.836,2.386,3.075,4.496,5.871,6.119,6.567,8.319,9.971,12.387,15.421,19.046,22.416,23.444,26.748,29.437,34.46,39.037,48.944,58.704,71.337,80.934,82.601,80.405,76.224,68.604,59.768,54.049,43.437,36.171,31.168,26.486,21.408,20.263,16.775,14.92,12.361,10.346,8.939,6.865,5.66,4.114,3.361,2.57,1.273,0.823,0.52,0.264,0.134,0.116,0.118,0.04,0.02,0.041,0,0,0,0,0,0
2026-09-07 02:40:00,1,"Normal Scan","Normal Scan",0,"ON",1,1,1,738.2,5,20.9,97.7,52,0.0000000691509,0.0000182241,4.97,8976.18,8.8,736.5,1,"Up Scan","Positive",254,0,4.37,1.6,8,8,0,1,1,52.158,59.224,44.747,67.317,2.172,4020.9,49,21.5,NA,0,0,0,0,0,0,0,0,0,0,0,0,0,0,0,0,0,0,0,0,0,0,0,0,0,0,0,0,0,0,0,1660.976,2181.409,2722.17,2679.536,2574.385,2505.955,2503.837,2675.882,2390.829,2124.737,2104.002,2128.888,2061.573,2147.428,2668.098,2758.232,3106.723,3314.635,3300.026,3260.672,3111.749,3035.828,3447.707,4100.85,4843.759,5841.551,6448.428,6536.037,6168.841,5649.928,4849.425,4168.925,3519.848,2832.791,2163.92,1787.212,1385.278,1254.121,1114.018,958.193,794.49,763.746,674.464,579.678,488.701,390.94,290.933,195.266,168.665,79.794,61.973,23.854,23.661,18.472,7.598,7.928,1.656,5.038,3.534,0,0,0,0,0,0,0,0,0,0,0,0,0,0,0,0,0,0,0,0,0,0,0,0,0,0,0,0,0,0,0,0,0,0,0,0,0.519,0.685,1.279,2.175,2.782,3.332,4.037,4.844,6.074,6.331,6.463,7.264,8.3,9.017,10.405,14.167,16.072,19.659,22.952,25.211,27.658,29.713,32.31,39.021,47.699,57.93,70.612,79.841,83.357,80.883,76.485,67.973,60.592,53.423,45.098,36.011,31.166,25.339,22.978,20.397,17.156,14.003,12.963,10.988,9.174,7.469,5.947,4.373,2.858,2.451,1.155,0.859,0.353,0.329,0.239,0.097,0.098,0.02,0.06,0.041,0,0.014,0,0,0,0
2026-09-07 02:45:00,1,"Normal Scan","Normal Scan",0,"ON",1,1,1,737.9,5,20.5,97.7,52.6,0.0000000690312,0.0000182049,4.97,8976.18,8.8,736.5,1,"Up Scan","Positive",254,0,4.37,1.6,8,8,0,1,1,54.954,62.394,48.77,67.317,2.067,3717.86,49,21.4,NA,0,0,0,0,0,0,0,0,0,0,0,0,0,0,0,0,0,0,0,0,0,0,0,0,0,0,0,0,0,0,0,1386.178,1361.639,1607.397,1589.59,1885.259,1573.45,1492.227,1636.596,1556.541,1464.209,1586.65,1626.221,1757.683,1903.492,2269.408,2845.95,3412.498,3713.56,3761.287,3447.673,3392.267,3369.343,3563.487,4060.331,4861.58,5697.576,6242.572,6374.064,5974.045,5216.234,4857.627,4099.186,3544.555,2766.002,2133.561,1757.012,1518.698,1179.822,1071.495,905.757,818.81,704.078,592.999,577.519,451.078,416.444,327.697,223.429,161.804,90.05,52.161,34.563,22.04,13.318,4.58,6.273,3.313,3.34,0,5.439,0,0,0,0,0,0,0,0,0,0,0,0,0,0,0,0,0,0,0,0,0,0,0,0,0,0,0,0,0,0,0,0,0,0,0,0.311,0.573,0.81,1.272,1.653,2.458,2.529,2.881,3.734,4.121,4.464,5.512,6.409,7.786,9.353,12.194,16.631,21.597,25.591,28.413,29.079,31.834,34.948,39.726,47.241,57.548,68.983,77.575,81.527,78.671,70.989,68.175,59.743,53.464,43.693,35.735,30.476,26.738,22.011,19.616,16.783,14.663,12.021,9.882,9.043,6.976,6.318,4.852,3.288,2.326,1.314,0.713,0.483,0.358,0.172,0.058,0.079,0.04,0.04,0,0.062,0.03,0,0,0,0
2026-09-07 02:50:00,1,"Normal Scan","Normal Scan",0,"ON",1,1,1,738,5,20.6,97.7,52.2,0.0000000690611,0.0000182097,4.97,8976.18,8.8,736.5,1,"Up Scan","Positive",254,0,4.37,1.6,8,8,0,1,1,54.124,61.358,47.444,67.317,2.098,3815.36,50,21.4,NA,0,0,0,0,0,0,0,0,0,0,0,0,0,0,0,0,0,0,0,0,0,0,0,0,0,0,0,0,0,0,0,1650.077,1637.66,1760.772,1603.192,1983.742,1822.596,1711.627,1661.121,1811.177,1953.345,1835.272,2038.346,2281.594,2392.919,2634.161,2867.077,3104.017,3391.657,3325.076,3111.586,3186.481,3235.255,3551.443,4218.866,5052.599,5866.347,6253.021,6266.086,5976.316,5555.592,4910.419,4143.006,3416.466,2833.891,2210.323,1709.282,1440.471,1189.613,1114.788,889.42,823.531,716.649,613.119,524.295,427.303,377.208,314.269,236.909,153.058,118.32,61.147,45.519,32.978,20.478,10.806,12.653,3.231,1.684,1.74,0,0,0,0,0,0,0,0,0,0,0,0,0,0,0,0,0,0,0,0,0,0,0,0,0,0,0,0,0,0,0,0,0,0,0,0,0.415,0.685,0.972,1.397,1.661,2.593,2.925,3.307,3.822,4.797,5.94,6.349,7.939,9.965,11.554,13.962,16.662,19.72,23.514,25.49,26.679,30.271,33.754,39.694,48.68,59.839,70.915,77.729,80.014,78.69,75.345,68.553,60.277,51.953,44.615,36.62,29.788,25.773,21.814,20.007,16.414,14.709,12.475,10.349,8.446,6.729,5.812,4.748,3.459,2.282,1.661,0.854,0.613,0.452,0.265,0.138,0.157,0.04,0.02,0.02,0,0.015,0,0,0,0
2026-09-07 02:55:00,1,"Normal Scan","Normal Scan",0,"ON",1,1,1,738.1,5,20.7,97.7,52.9,0.0000000690911,0.0000182145,4.97,8976.18,8.8,736.5,1,"Up Scan","Positive",254,0,4.37,1.6,8,8,0,1,1,58.715,65.711,52.011,67.317,2.038,3356.75,49,21.5,NA,0,0,0,0,0,0,0,0,0,0,0,0,0,0,0,0,0,0,0,0,0,0,0,0,0,0,0,0,0,0,0,1446.327,1277.966,1338.445,1112.776,1152.007,960.534,1159.347,1038.485,1038.167,1076.489,1149.066,1277.773,1589.145,1613.533,2034.935,2429.827,2719.233,2802.147,3085.442,2798.619,2771.809,3011.028,3239.486,3770.675,4543.406,5618.479,6129.162,6272.65,6050.955,5327.736,4582.25,4006.041,3285.949,2690.322,2122.762,1802.295,1410.579,1268.698,1059.646,898.914,777.962,694.751,632.654,503.867,470.369,396.322,304.826,233.815,164.91,100.994,68.088,38.523,28.505,13.913,8.507,4.738,3.258,3.424,3.479,0,0,0,0,0,0,0,0,0,0,0,0,0,0,0,0,0,0,0,0,0,0,0,0,0,0,0,0,0,0,0,0,0,0,0,0,0.343,0.598,0.735,1.06,1.149,1.5,1.539,2.23,2.367,2.76,3.308,4.02,5.043,6.977,7.923,10.864,14.16,17.301,19.544,23.548,24.05,26.817,31.786,36.849,44.377,54.314,67.929,75.883,79.945,79.178,72.314,64.835,58.457,50.141,42.737,35.205,30.969,25.52,22.78,19.503,16.516,14.208,11.891,10.557,8.16,7.304,6.024,4.587,3.39,2.361,1.418,0.994,0.52,0.377,0.18,0.109,0.059,0.04,0.04,0.041,0,0,0,0,0,0
2026-09-07 03:00:00,1,"Normal Scan","Normal Scan",0,"ON",1,1,1,737.9,5,20.4,97.7,52.7,0.0000000690013,0.0000182001,4.97,8976.18,8.8,736.5,1,"Up Scan","Positive",254,0,4.37,1.6,8,8,0,1,1,54.723,61.815,46.875,67.317,2.174,3525.53,50,21.3,NA,0,0,0,0,0,0,0,0,0,0,0,0,0,0,0,0,0,0,0,0,0,0,0,0,0,0,0,0,0,0,0,3227.339,2077.422,1980.82,2033.175,1849.756,1506.605,1388.488,1298.324,1319.647,1344.597,1452.581,1615.881,1743.304,1874.657,2211.789,2350.536,2865.875,3045.714,3054.783,2989.13,2753.987,2914.102,3018.283,3803.627,4452.109,5421.125,5935.145,6078.271,5591.771,5113.196,4382.647,3802.871,3142.462,2576.77,2028.966,1600.168,1350.039,1163.31,1015.522,858.68,810.87,759.859,612.128,551.702,475.461,365.664,330.102,218.643,150.267,107.792,68.883,48.229,33.172,22.097,7.611,12.586,1.629,5.08,1.74,0,0,0,0,0,0,0,0,0,0,0,0,0,0,0,0,0,0,0,0,0,0,0,0,0,0,0,0,0,0,0,0,0,0,0,0,0.716,1.281,1.223,1.572,2.092,2.41,2.411,2.682,2.956,3.492,4.113,5.045,6.344,7.638,9.134,11.795,13.719,18.177,21.059,23.367,25.406,26.456,30.84,34.526,44.177,53.081,65.291,73.525,77.266,73.395,69.395,61.573,55.511,48.091,41.048,34.101,28.522,24.521,21.572,18.755,15.993,14.575,13.072,10.159,8.95,7.451,5.659,4.97,3.248,2.181,1.52,0.988,0.647,0.456,0.287,0.097,0.157,0.02,0.06,0.02,0,0.015,0,0,0,0
2026-09-07 03:05:00,1,"Normal Scan","Normal Scan",0,"ON",1,1,1,738.2,5,20.9,97.7,52.8,0.0000000691509,0.0000182241,4.97,8976.18,8.8,736.5,1,"Up Scan","Positive",254,0,4.37,1.6,8,8,0,1,1,51.209,58.974,43.27,67.317,2.269,3698.35,50,21.5,NA,0,0,0,0,0,0,0,0,0,0,0,0,0,0,0,0,0,0,0,0,0,0,0,0,0,0,0,0,0,0,0,3560.756,3978.909,3218.106,2500.11,2562.067,2166.652,1818.92,1619.204,1671.053,1606.881,1573.658,1664.427,1708.326,1873.263,2087.922,2451.287,2850.565,2938.271,2902.086,2879.766,2993.579,2742.559,3203.494,3813.019,4602.946,5196.76,5713.606,5752.786,5466.096,4988.599,4374.892,3741.32,3067.514,2418.096,2085.231,1632.331,1355.769,1111.313,1014.398,875.972,793.389,708.071,569.392,547.434,454.71,393.731,354.268,251.977,183.982,109.781,73.159,45.568,37.942,17.013,4.541,6.286,4.901,3.354,3.479,1.781,0,0,0,0,0,0,0,0,0,0,0,0,0,0,0,0,0,0,0,0,0,0,0,0,0,0,0,0,0,0,0,0,0,0,0,0.976,1.432,2.338,2.562,2.56,3.298,3.472,3.506,3.703,4.413,4.889,5.459,6.513,7.483,9.093,11.154,14.324,18.023,20.419,22.312,24.608,28.201,29.104,35.884,43.892,54.519,62.944,70.685,73.395,71.853,67.878,61.661,54.444,46.831,39.052,34.743,28.724,24.48,20.904,18.8,16.397,14.633,12.514,9.735,8.755,7.18,6.102,5.277,3.662,2.632,1.575,1.026,0.638,0.499,0.22,0.058,0.079,0.06,0.04,0.041,0.021,0,0,0,0,0
2026-09-07 03:10:00,1,"Normal Scan","Normal Scan",0,"ON",1,1,1,737.9,5,20.4,97.8,53.1,0.0000000689307,0.0000182001,4.97,8976.18,8.8,736.5,1,"Up Scan","Positive",254,0,4.37,1.6,8,8,0,1,1,52.691,60.068,44.614,62.643,2.233,3643.86,50,21.3,NA,0,0,0,0,0,0,0,0,0,0,0,0,0,0,0,0,0,0,0,0,0,0,0,0,0,0,0,0,0,0,0,3608.154,2598.86,2423.909,2749.093,2232.122,1929.28,1840.852,1778.623,1605.326,1588.364,1567.558,1532.293,1734.316,1820.214,2191.721,2577.602,2842.111,3109.855,3000.291,2831.526,2734.028,2748.403,3068.063,3791.12,4753.099,5382.525,5945,5870.589,5463.689,4833.616,4303.748,3821.58,3080.23,2456.153,1986.648,1697.088,1365.185,1145.488,1014.317,910.352,837.105,684.719,676.311,558.139,465.766,436.85,294.615,250.542,164.437,119.663,67.776,50.77,18.689,16.224,10.656,6.312,4.848,0,5.207,1.795,0,0,0,0,0,0,0,0,0,0,0,0,0,0,0,0,0,0,0,0,0,0,0,0,0,0,0,0,0,0,0,0,0,0,0,0.976,1.444,1.534,1.936,2.831,2.913,3.105,3.557,4.056,4.25,4.821,5.442,6.013,7.614,8.868,11.678,14.977,17.967,21.475,22.99,24.397,26.341,29.37,34.556,43.98,55.626,64.87,73.574,74.525,71.862,65.943,60.971,55.933,47.092,39.594,33.786,29.68,25.069,21.453,18.974,16.966,14.966,12.02,11.203,9.018,7.333,6.562,4.443,3.693,2.357,1.693,0.969,0.706,0.264,0.21,0.136,0.079,0.059,0,0.061,0.021,0.015,0,0,0,0
2026-09-07 03:15:00,1,"Normal Scan","Normal Scan",0,"ON",1,1,1,738.2,5,20.9,97.7,52.6,0.0000000691509,0.0000182241,4.97,8976.18,8.8,736.5,1,"Up Scan","Positive",254,0,4.37,1.6,8,8,0,1,1,52.122,59.446,44.071,67.317,2.239,3766.34,50,21.5,NA,0,0,0,0,0,0,0,0,0,0,0,0,0,0,0,0,0,0,0,0,0,0,0,0,0,0,0,0,0,0,0,3718.234,3068.212,2911.137,2715.342,2202.011,2165.252,1799.948,1631.65,1726.935,1621.851,1699.898,1677.098,1759.249,2111.096,2280.519,2536.362,2962.267,3080.228,3076.643,3076.387,2955.441,2859.921,3158.49,3714.182,4619.715,5360.84,6048.195,6165.451,5875.425,5132.945,4438.992,3888.792,3164.407,2607.998,1965.179,1581.712,1327.245,1147.842,1052.074,954.443,843.714,698.174,675.279,557.277,459.015,439.725,332.242,247.215,170.068,98.518,55.624,30.53,23.128,20.638,12.269,6.353,6.557,3.34,1.74,1.795,0,0,0,0,0,0,0,0,0,0,0,0,0,0,0,0,0,0,0,0,0,0,0,0,0,0,0,0,0,0,0,0,0,0,0,1.089,1.52,1.782,2.295,2.79,2.863,3.479,3.473,3.702,4.546,4.945,5.882,6.579,7.704,10.215,12.165,14.759,18.733,21.317,23.469,26.097,28.108,30.443,35.859,43.735,54.664,64.928,74.77,78.227,76.795,69.432,62.185,56.754,48.375,41.879,33.482,28.08,24.622,21.48,19.437,17.693,14.835,12.379,11.077,8.935,7.079,6.676,4.969,3.645,2.49,1.431,0.776,0.427,0.339,0.268,0.155,0.079,0.08,0.04,0.02,0.021,0.027,0,0,0,0
2026-09-07 03:20:00,1,"Normal Scan","Normal Scan",0,"ON",1,1,1,738,5,20.6,97.7,53.3,0.0000000690611,0.0000182097,4.97,8976.18,8.8,736.5,1,"Up Scan","Positive",254,0,4.37,1.6,8,8,0,1,1,34.985,49.008,34.338,9.647,2.339,5168.99,50,21.4,NA,0,0,0,0,0,0,0,0,0,0,0,0,0,0,0,0,0,0,0,0,0,0,0,0,0,0,0,0,0,0,0,10733.924,8096.111,7384.774,4680.054,3556.462,3561.592,2813.904,2911.95,2754.371,2647.604,2946.784,3202.801,3279.273,3421.031,3839.161,4441.563,5047.786,5429.32,5059.376,4298.836,3914.875,3567.673,3528.071,3891.247,4676.071,5280.58,5891.123,5971.883,5640.581,5372.837,4545.381,3963.655,3275.506,2695.485,2209.746,1681.453,1393.923,1209.63,980.301,910.455,803.634,735.223,600.434,559.587,488.887,421.981,311.679,282.182,191.181,115.873,62.503,35.173,42.052,14.742,10.617,6.326,8.159,5.052,3.479,1.822,0,0,0,0,0,0,0,0,0,0,0,0,0,0,0,0,0,0,0,0,0,0,0,0,0,0,0,0,0,0,0,0,0,0,0,3.02,4.295,4.735,5.851,4.835,4.61,5.71,5.436,6.66,7.297,8.067,10.205,12.513,14.367,16.566,20.316,25.619,31.492,36.704,37.404,35.227,35.627,36.255,39.014,45.106,55.742,64.196,73.332,76.355,74.609,72.827,63.951,58.067,49.452,42.759,36.644,29.774,25.105,22.665,18.361,16.976,14.525,13.226,10.205,8.998,7.559,6.589,4.696,4.085,2.787,1.683,0.896,0.479,0.607,0.191,0.136,0.079,0.099,0.06,0.041,0.021,0.03,0,0,0,0
2026-09-07 03:25:00,1,"Normal Scan","Normal Scan",0,"ON",1,1,1,737.7,5,20.2,97.7,52.9,0.0000000689414,0.0000181905,4.97,8976.18,8.8,736.5,1,"Up Scan","Positive",254,0,4.37,1.6,8,8,0,1,1,22.785,39.039,26.025,9.647,2.379,7262.07,50,21.3,NA,0,0,0,0,0,0,0,0,0,0,0,0,0,0,0,0,0,0,0,0,0,0,0,0,0,0,0,0,0,0,0,29229.714,21153.762,13779.688,9689.93,7132.604,5280.282,4724.895,4179.627,4305.644,4923.478,4697.375,4928.888,5077.988,5339.104,5088.062,5542.534,5406.393,5523.215,5114.571,4351.067,4002.143,3521.972,3676.351,4006.343,4496.781,5469.025,5954.894,6228.208,6001.488,5500.102,4696.141,4097.355,3394.438,2840.752,2155.858,1740.798,1418.606,1187.277,1043.546,918.181,812.999,687.648,673.381,604.84,446.213,355.86,314.048,240.313,147.074,116.632,57.464,40.149,28.736,19.168,3.084,9.503,4.887,1.684,1.767,1.808,0,0,0,0,0,0,0,0,0,0,0,0,0,0,0,0,0,0,0,0,0,0,0,0,0,0,0,0,0,0,0,0,0,0,0,10.524,11.713,12.287,10.858,9.965,9.271,8.46,9.15,9.544,11.433,14.948,16.194,19.092,21.979,25.498,26.71,31.729,33.66,37.38,37.804,35.602,36.42,36.013,40.64,46.785,54.168,66.377,74.384,79.623,79.036,74.49,66.076,59.551,51.49,44.808,36.058,30.042,25.881,22.281,18.949,16.726,14.581,12.046,11.025,9.608,7.009,5.463,4.681,3.499,2.169,1.649,0.787,0.573,0.38,0.249,0.039,0.118,0.06,0.02,0.02,0.021,0,0,0,0,0
2026-09-07 03:30:00,1,"Normal Scan","Normal Scan",0,"ON",1,1,1,738.1,5,20.7,97.7,53,0.0000000690911,0.0000182145,4.97,8976.18,8.8,736.5,1,"Up Scan","Positive",254,0,4.37,1.6,8,8,0,1,1,28.043,43.411,29.804,9.647,2.345,6321.06,50,21.4,NA,0,0,0,0,0,0,0,0,0,0,0,0,0,0,0,0,0,0,0,0,0,0,0,0,0,0,0,0,0,0,0,18992.418,12891.612,9040.763,6184.083,4368.346,4241.715,4396.61,4036.746,4398.178,4950.912,5195.379,5399.113,4990.537,5162.082,5202.884,5375.894,5359.288,5249.028,5141.199,4580.642,4056.462,3644.365,3515.147,4098.795,4709.147,5272.975,6026.725,6174.001,5833.256,5373.123,4768.321,4120.137,3404.153,2785.737,2216.819,1803.235,1438.403,1260.636,1118.924,937.399,814.169,678.105,637.011,546.427,470.273,397.692,339.816,225.637,163.114,96.4,80.32,40.033,21.636,13.281,18.371,4.765,8.241,0,1.726,1.822,0,0,0,0,0,0,0,0,0,0,0,0,0,0,0,0,0,0,0,0,0,0,0,0,0,0,0,0,0,0,0,0,0,0,0,6.976,7.655,7.497,7.148,6.369,5.7,6.82,8.511,9.201,11.648,15.022,17.851,20.874,21.546,24.675,27.312,30.823,33.348,35.554,38.049,37.364,36.788,37.035,39.174,47.233,56.132,64.597,75.385,78.972,77.03,73.143,67.002,59.922,52.18,44.153,36.696,31.001,26.008,22.908,20.448,17.299,14.549,11.884,10.54,8.879,7.309,6.032,5.059,3.345,2.355,1.404,1.115,0.538,0.302,0.172,0.233,0.059,0.099,0,0.02,0.021,0,0,0,0,0
2026-09-07 03:35:00,1,"Normal Scan","Normal Scan",0,"ON",1,1,1,737.8,5,20.3,97.7,53.3,0.0000000689713,0.0000181953,4.97,8976.18,8.8,736.5,1,"Up Scan","Positive",254,0,4.37,1.6,8,8,0,1,1,26.038,40.517,28.09,9.647,2.288,7240.04,49,21.2,NA,0,0,0,0,0,0,0,0,0,0,0,0,0,0,0,0,0,0,0,0,0,0,0,0,0,0,0,0,0,0,0,20481.532,15288.531,11208.587,7750.425,6501.931,5797.377,5762.998,5409.508,5752.836,5902.646,6184.909,6193.205,6035.854,5812.447,6208.844,6528.724,6831.477,6580.08,6279.081,5681.302,4986.429,4549.072,4008.928,4238.228,4798.041,5376.689,5912.946,6081.23,6080.84,5415.746,4657.303,4101.433,3439.665,2648.72,2247.06,1793.372,1373.852,1188.119,1018.837,907.188,835.75,736.171,626.002,576.927,488.954,440.697,326.486,233.78,129.374,89.528,61.638,41.756,21.547,20.588,19.828,4.751,6.543,5.108,0,0,0,0,0,0,0,0,0,0,0,0,0,0,0,0,0,0,0,0,0,0,0,0,0,0,0,0,0,0,0,0,0,0,0,0,0,6.9,8.243,8.889,8.893,8.038,8.509,9.296,11.112,12.325,15.22,17.921,21.304,23.995,26.083,27.844,32.63,37.471,42.511,44.365,46.069,45.651,44.237,44.547,43.515,49.06,56.891,65.603,73.9,77.842,79.815,73.754,65.325,59.668,51.89,42.298,37.341,31.271,25.003,22.079,19.004,16.992,14.849,12.617,10.302,9.203,7.601,6.672,4.915,3.48,1.896,1.296,0.874,0.561,0.302,0.268,0.252,0.059,0.08,0.06,0,0,0.015,0,0,0,0
2026-09-07 03:40:00,1,"Normal Scan","Normal Scan",0,"ON",1,1,1,738.1,5,20.7,97.7,52.8,0.0000000690911,0.0000182145,4.97,8976.18,8.8,736.5,1,"Up Scan","Positive",254,0,4.37,1.6,8,8,0,1,1,24.209,37.331,26.056,9.647,2.244,8642.65,50,21.3,NA,0,0,0,0,0,0,0,0,0,0,0,0,0,0,0,0,0,0,0,0,0,0,0,0,0,0,0,0,0,0,0,29333.397,19322.586,15586.022,10327.067,7668.889,7092.13,5863.859,6074.586,6184.629,6804.215,6779.151,7313.436,7745.63,8074.131,8538.816,8652.428,8716.01,8501.087,7834.769,7234.469,6174.604,5249.397,4867.999,4578.53,4750.844,5546.132,5951.349,6110.461,5861.835,5428.946,4645.434,4231.626,3368.247,2890.571,2264.77,1843.613,1410.381,1233.039,1038.974,890.533,777.36,671.697,654.072,547.559,476.262,379.177,326.424,260.322,187.968,116.827,68.993,36.781,26.58,14.034,19.854,7.874,1.615,3.396,1.753,1.822,0,0,0,0,0,0,0,0,0,0,0,0,0,0,0,0,0,0,0,0,0,0,0,0,0,0,0,0,0,0,0,0,0,0,0,9.571,11.799,11.217,12.283,10.644,9.968,11.391,11.351,13.863,16.393,20.706,23.434,28.368,33.501,38.579,44.788,49.502,54.03,57.144,57.016,57.286,53.749,50.59,51.11,51.916,56.542,67.325,74.52,78.367,77.593,73.988,65.388,61.295,51.176,45.42,37.147,31.57,25.607,22.699,19.403,16.41,14.147,12.03,10.965,8.893,7.392,5.79,4.86,3.893,2.708,1.639,0.969,0.501,0.367,0.182,0.252,0.098,0.02,0.04,0.02,0.021,0,0,0,0,0
2026-09-07 03:45:00,1,"Normal Scan","Normal Scan",0,"ON",1,1,1,738,5,20.6,97.7,53.3,0.0000000690611,0.0000182097,4.97,8976.18,8.8,736.5,1,"Up Scan","Positive",254,0,4.37,1.6,8,8,0,1,1,24.61,40.648,27.729,9.647,2.325,6819.42,50,21.3,NA,0,0,0,0,0,0,0,0,0,0,0,0,0,0,0,0,0,0,0,0,0,0,0,0,0,0,0,0,0,0,0,19507.705,14956.084,11420.398,8204.81,6859.136,5783.574,5845.481,5704.458,5542.408,5929.077,5830.757,5672.601,5374.045,4984.239,5024.151,5387.914,5727.421,5919,5366.729,4473.704,3889.267,3468.363,3595.338,3813.232,4232.114,5163.23,5796.949,5980.242,5927.19,5357.264,4741.747,3791.899,3374.221,2735.801,2270.158,1661.385,1350.767,1125.058,901.754,906.304,758.18,679.052,674.221,563.06,493.28,434.617,332.51,255.587,172.761,104.6,62.079,38.482,24.303,11.797,6.141,4.711,1.615,5.066,1.726,1.795,0,0,0,0,0,0,0,0,0,0,0,0,0,0,0,0,0,0,0,0,0,0,0,0,0,0,0,0,0,0,0,0,0,0,0,7.452,7.914,8.645,9.043,8.472,8.9,9.312,11.287,12.96,14.65,17.963,20.021,21.887,23.209,23.883,26.416,30.808,35.539,39.932,39.426,36.301,35.354,35.371,39.656,44.744,51.387,63.289,72.057,76.735,78.019,72.699,66.156,55.448,50.355,43.427,37.243,29.025,24.996,21.285,17.457,16.97,13.731,12.056,11.192,8.926,7.642,6.558,4.918,3.717,2.467,1.485,0.882,0.534,0.32,0.153,0.078,0.059,0.02,0.06,0.02,0.021,0,0,0,0,0
2026-09-07 03:50:00,1,"Normal Scan","Normal Scan",0,"ON",1,1,1,737.9,5,20.4,97.7,52.9,0.0000000690013,0.0000182001,4.97,8976.18,8.8,736.5,1,"Up Scan","Positive",254,0,4.37,1.6,8,8,0,1,1,43.948,54.237,38.376,67.317,2.355,4297.39,50,21.3,NA,0,0,0,0,0,0,0,0,0,0,0,0,0,0,0,0,0,0,0,0,0,0,0,0,0,0,0,0,0,0,0,6204.449,5227.099,4676.713,4060.046,3348.898,3471.332,3041.264,2841.698,2745.213,2741.806,2302.592,2112.527,2129.458,2345.986,2322.666,2450.96,2836.987,3084.407,3146.777,3135.502,2929.282,2882.027,3178.559,3660.579,4482.876,5167.654,5713.071,6276.003,5920.291,5284.903,4797.467,4062.497,3436.971,2730.611,2156.981,1622.067,1313.18,1157.006,1004.986,881.309,843.093,608.05,621.254,541.429,507.696,445.601,358.972,247.683,175.904,123.552,71.058,31.738,14.24,14.768,12.204,6.246,3.258,5.066,0,0,0,0,0,0,0,0,0,0,0,0,0,0,0,0,0,0,0,0,0,0,0,0,0,0,0,0,0,0,0,0,0,0,0,0,0,2.055,2.512,3.081,3.734,4.195,4.35,5.555,5.892,6.459,7.255,8.301,7.923,8.203,9.269,11.333,12.384,14.324,18.005,21.37,23.905,26.499,27.719,30.402,36.27,43.211,53.756,63.6,71.688,80.121,77.786,71.575,66.807,58.947,51.715,43.142,36.052,28.244,24.251,21.449,19.292,16.651,15.207,10.921,10.53,8.785,7.784,6.639,5.344,3.65,2.5,1.758,0.983,0.427,0.188,0.191,0.155,0.079,0.04,0.06,0,0,0,0,0,0,0
2026-09-07 03:55:00,1,"Normal Scan","Normal Scan",0,"ON",1,1,1,738.2,5,20.9,97.7,53.2,0.0000000691509,0.0000182241,4.97,8976.18,8.8,736.5,1,"Up Scan","Positive",254,0,4.37,1.6,8,8,0,1,1,40.867,52.773,37.246,67.317,2.343,4424.08,50,21.4,NA,0,0,0,0,0,0,0,0,0,0,0,0,0,0,0,0,0,0,0,0,0,0,0,0,0,0,0,0,0,0,0,5024.274,5283.01,4640.93,4315.808,4286.794,4368.523,3840.778,3485.989,3276.401,2978.456,2756.427,2799.367,2652.151,2242.418,2435.78,2690.51,2810.824,2964.5,3155.306,3100.506,3070.365,2874.264,3132.855,3594.794,4175.456,5087.535,5864.806,6041.862,5924.683,5393.572,4634.477,3991.114,3305.243,2697.44,2166.974,1678.806,1313.762,1104.119,963.072,856.207,797.194,681.309,575.305,582.151,509.937,406.041,327.396,279.161,167.112,90.376,83.264,31.788,26.324,12.536,6.089,7.901,4.887,1.698,0,0,0,0,0,0,0,0,0,0,0,0,0,0,0,0,0,0,0,0,0,0,0,0,0,0,0,0,0,0,0,0,0,0,0,0,0,1.549,2.015,3.104,3.667,4.486,5.593,7.017,7.396,7.895,8.623,8.97,9.449,10.823,11.468,10.824,12.962,15.648,17.82,20.544,23.938,26.003,28.863,30.388,35.548,42.761,50.579,62.505,73.042,77.249,77.777,73.033,64.597,57.826,49.796,42.679,35.951,29.279,23.873,21.084,18.386,16.05,14.455,12.166,9.593,9.349,7.84,6.169,4.838,4.041,2.419,1.278,1.152,0.427,0.348,0.163,0.078,0.098,0.06,0.02,0,0,0,0,0,0,0
2026-09-07 04:00:00,1,"Normal Scan","Normal Scan",0,"ON",1,1,1,737.8,5,20.3,97.7,53.2,0.0000000689713,0.0000181953,4.97,8976.18,8.8,736.5,1,"Up Scan","Positive",254,0,4.37,1.6,8,8,0,1,1,33.297,48.629,33.722,9.647,2.351,5072.74,50,21.2,NA,0,0,0,0,0,0,0,0,0,0,0,0,0,0,0,0,0,0,0,0,0,0,0,0,0,0,0,0,0,0,0,6754.796,6457.191,6129.332,6395.177,5812.528,5295.216,4977.134,4913.124,4317.27,4047.852,3956.324,3507.928,3289.891,3192.968,3123.471,3181.603,3333.83,3537.06,3571.485,3449.539,3102.295,3031.739,3090.049,3610.828,4182.007,5141.345,5841.867,5812.552,5851.634,5321.296,4827.46,4127.914,3335.43,2832.942,2203.116,1665.283,1442.736,1140.726,1010.995,898.723,795.235,717.011,629.096,584.6,444.447,435.529,293.275,251.92,159.84,127.157,63.613,38.918,25.683,18.315,8.609,9.449,1.643,5.094,3.507,0,0,0,0,0,0,0,0,0,0,0,0,0,0,0,0,0,0,0,0,0,0,0,0,0,0,0,0,0,0,0,0,0,0,0,0,1.744,2.747,3.776,4.857,6.605,7.563,8.476,9.607,11.139,11.387,12.238,13.55,13.552,14.194,15.324,16.524,18.425,21.035,24.256,26.859,28.62,29.115,31.667,35.064,42.755,50.88,63.365,73.014,74.919,77.232,72.17,67.574,59.862,50.592,44.516,36.567,29.307,25.918,21.54,18.681,16.81,14.289,12.522,10.558,9.408,6.932,6.592,4.44,3.694,2.292,1.8,0.914,0.539,0.339,0.236,0.11,0.118,0.02,0.06,0.041,0,0,0,0,0,0
2026-09-07 04:05:00,1,"Normal Scan","Normal Scan",0,"ON",1,1,1,738.2,5,20.9,97.7,52.8,0.0000000691509,0.0000182241,4.97,8976.18,8.8,736.5,1,"Up Scan","Positive",254,0,4.37,1.6,8,8,0,1,1,29.743,46.019,31.99,11.971,2.32,5572.38,50,21.4,NA,0,0,0,0,0,0,0,0,0,0,0,0,0,0,0,0,0,0,0,0,0,0,0,0,0,0,0,0,0,0,0,6723.299,7246.143,7070.487,7355.157,6584.234,6528.915,6658.289,6114.259,5641.017,5147.257,4603.284,4274.517,4095.718,3593.848,3429.475,3595.456,3679.419,3915.587,3973.55,3484.603,3362.756,3235.21,3216.839,3694.142,4357.605,5217.07,5878.823,6300.162,6013.891,5428.896,4851.012,4091.694,3378.656,2764.54,2088.891,1718.662,1365.381,1220.821,1058.392,934.857,851.331,659.023,600.055,504.836,425.095,442.335,311.078,221.693,145.327,101.518,68.911,36.062,14.409,16.273,10.721,6.34,4.942,1.67,0,1.781,0,0,0,0,0,0,0,0,0,0,0,0,0,0,0,0,0,0,0,0,0,0,0,0,0,0,0,0,0,0,0,0,0,0,0,2.492,2.724,4.252,5.663,7.588,8.584,10.489,12.815,13.863,14.876,15.549,15.757,16.475,17.643,17.209,18.077,20.753,23.151,26.741,29.691,29.029,31.204,33.5,36.654,43.612,52.788,64.055,73.396,80.51,78.706,73.632,67.667,59.516,51.352,43.746,35.054,29.717,24.728,21.899,19.373,17.171,15.11,11.377,10.045,8.151,6.617,6.605,4.63,3.277,2.097,1.471,0.941,0.501,0.207,0.21,0.136,0.079,0.06,0.02,0,0.021,0.014,0,0,0,0
2026-09-07 04:10:00,1,"Normal Scan","Normal Scan",0,"ON",1,1,1,737.9,5,20.4,97.7,53.4,0.0000000690013,0.0000182001,4.97,8976.18,8.8,736.5,1,"Up Scan","Positive",254,0,4.37,1.6,8,8,0,1,1,28.22,45.17,31.087,9.647,2.335,5710.18,50,21.3,NA,0,0,0,0,0,0,0,0,0,0,0,0,0,0,0,0,0,0,0,0,0,0,0,0,0,0,0,0,0,0,0,8653.66,7473.133,8109.628,7476.381,7354.797,7275.039,6212.672,5967.764,5810.908,5149.126,4518.23,4418.55,4030.705,3926.092,3516.781,3673.854,3785.184,3985.028,3827.883,3570.509,3418.565,3168.465,3161.165,3662.383,4563.984,4993.373,5927.148,6082.949,5807.664,5425.908,4775.837,4067.47,3311.225,2791.81,2056.995,1632.741,1436.996,1108.537,1029.093,920.778,843.82,719.291,641.211,541.461,486.336,399.957,311.282,238.306,166.853,97.962,74.939,46.501,32.11,16.227,7.676,9.449,6.543,3.368,3.465,0,0,0,0,0,0,0,0,0,0,0,0,0,0,0,0,0,0,0,0,0,0,0,0,0,0,0,0,0,0,0,0,0,0,0,0,1.993,3.509,4.396,6.501,7.721,9.6,11.677,11.984,13.549,15.318,15.531,15.514,17.026,17.382,18.726,18.531,21.192,23.744,27.19,28.682,29.738,31.56,32.978,35.892,43.17,54.731,61.762,73.871,77.642,76.58,73.134,67.074,58.855,50.235,44.14,34.744,28.796,25.944,20.852,19.078,16.965,15.142,12.494,10.617,8.816,7.617,6.172,4.646,3.504,2.44,1.413,1.07,0.625,0.459,0.21,0.097,0.118,0.08,0.04,0.041,0,0.031,0,0,0,0
2026-09-07 04:15:00,1,"Normal Scan","Normal Scan",0,"ON",1,1,1,738,5,20.6,97.7,52.7,0.0000000690611,0.0000182097,4.97,8976.18,8.8,736.5,1,"Up Scan","Positive",254,0,4.37,1.6,8,8,0,1,1,21.704,39.147,26.454,9.647,2.326,7090.65,50,21.3,NA,0,0,0,0,0,0,0,0,0,0,0,0,0,0,0,0,0,0,0,0,0,0,0,0,0,0,0,0,0,0,0,19371.731,17094.004,11780.064,10381.892,8810.193,7771.822,7366.068,7114.33,6987,6237.762,6281.668,5644.251,5389.191,4963.796,4866.364,4903.703,4828.08,4524.936,4199.258,4091.239,3460.626,3343.145,3373.389,3828.377,4596.847,5274.975,5889.927,6166.643,5929.925,5173.76,4643.42,4037.124,3241.642,2667.819,2036.701,1664.162,1362.694,1113.839,994.779,857.484,800.029,761.012,619.729,566.321,451.65,430.648,303.443,235.233,189.079,123.463,54.876,30.045,18.858,25.118,12.217,9.476,1.615,1.67,1.726,0,0,0,0,0,0,0,0,0,0,0,0,0,0,0,0,0,0,0,0,0,0,0,0,0,0,0,0,0,0,0,0,0,0,0,0,7.069,7.731,9.922,9.358,10.702,11.458,12.471,14.156,16.155,18.439,18.818,21.519,21.712,23.138,23.629,25.497,28.035,30.096,30.756,31.335,33.666,32.061,34.372,37.9,44.881,54.585,64.456,73.321,78.604,77.471,70.253,65.036,58.409,49.214,42.024,34.341,29.525,24.718,21.113,18.68,15.982,14.216,13.291,10.617,8.953,6.982,6.453,4.596,3.486,2.727,1.731,0.765,0.405,0.249,0.325,0.155,0.118,0.02,0.02,0.02,0,0,0,0,0,0
2026-09-07 04:20:00,1,"Normal Scan","Normal Scan",0,"ON",1,1,1,738,5,20.6,97.7,53.4,0.0000000690611,0.0000182097,4.97,8976.18,8.8,736.5,1,"Up Scan","Positive",254,0,4.37,1.6,8,8,0,1,1,23.411,40.784,27.745,9.647,2.325,6546.06,50,21.4,NA,0,0,0,0,0,0,0,0,0,0,0,0,0,0,0,0,0,0,0,0,0,0,0,0,0,0,0,0,0,0,0,14433.653,12698.967,11330.141,9808.645,8373.831,7771.242,7088.953,6686.32,6448.304,5597.776,5373.811,5268.028,4780.481,4743.792,4434.475,4323.393,4443.722,4398.551,4365.669,4160.039,3645.995,3302.724,3400.835,3706.76,4328.051,5305.554,5699.207,5845.699,5818.781,5186.438,4476.681,3842.822,3273.354,2625.166,2074.798,1644.972,1289.611,1114.374,998.167,875.158,784.127,600.218,649.333,562.711,469.585,414.027,316.106,244.945,169.85,99.933,68.136,39.954,31.4,10.325,12.165,7.888,4.86,3.354,0,0,0,0,0,0,0,0,0,0,0,0,0,0,0,0,0,0,0,0,0,0,0,0,0,0,0,0,0,0,0,0,0,0,0,0,0,4.671,5.803,7.475,9.012,10.156,10.89,12.484,13.671,15.165,16.995,16.935,18.412,20.284,20.576,22.623,23.329,24.832,27.762,29.957,32.458,34.048,33.444,33.872,37.781,43.575,51.954,64.303,71.125,74.744,76.258,70.321,62.716,55.879,49.556,41.656,34.62,28.333,23.847,21.036,18.663,16.411,14.178,10.803,10.69,9.043,7.329,6.338,4.676,3.578,2.496,1.422,0.933,0.538,0.433,0.134,0.155,0.098,0.06,0.04,0,0,0.015,0,0,0,0
2026-09-07 04:25:00,1,"Normal Scan","Normal Scan",0,"ON",1,1,1,737.7,5,20.2,97.7,53.1,0.0000000689414,0.0000181905,4.97,8976.18,8.8,736.5,1,"Up Scan","Positive",254,0,4.37,1.6,8,8,0,1,1,20.361,36.628,25.116,9.647,2.257,7927.76,50,21.2,NA,0,0,0,0,0,0,0,0,0,0,0,0,0,0,0,0,0,0,0,0,0,0,0,0,0,0,0,0,0,0,0,19906.427,16424.31,15096.805,14515.996,11274.26,10651.446,9216.798,8612.57,7947.344,7327.589,6761.085,6679.084,6654.854,5992.343,5536.115,5477.902,5322.678,5268.281,5432.091,5213.625,4602.478,3905.278,3682.368,3794.484,4533.044,5206.561,5785.485,5946.136,5592.604,5045.175,4381.25,3718.642,3127.361,2548.561,2052.256,1636.549,1290.468,1116.819,1000.354,883.691,796.944,702.514,606.32,552.333,439.896,405.133,300.259,250.644,176.267,120.562,68.13,51.224,22.947,13.268,12.269,1.602,3.285,1.698,0,1.795,0,0,0,0,0,0,0,0,0,0,0,0,0,0,0,0,0,0,0,0,0,0,0,0,0,0,0,0,0,0,0,0,0,0,0,6.237,8.061,9.547,12.024,15.014,14.681,17.082,17.766,19.588,20.998,22.16,23.191,25.731,28.621,28.551,29.112,31.504,33.225,35.735,39.941,41.985,41.085,39.068,40.281,44.013,53.824,62.965,71.781,75.693,73.48,68.704,61.461,54.192,47.759,40.665,34.336,28.804,23.688,20.968,18.382,16.529,14.322,12.405,10.322,8.922,6.947,6.128,4.433,3.694,2.52,1.698,0.945,0.706,0.321,0.172,0.155,0.02,0.04,0.02,0,0.021,0.016,0,0,0,0
2026-09-07 04:30:00,1,"Normal Scan","Normal Scan",0,"ON",1,1,1,738.2,5,20.8,97.7,53.3,0.000000069121,0.0000182193,4.97,8976.18,8.8,736.5,1,"Up Scan","Positive",254,0,4.37,1.6,8,8,0,1,1,20.85,33.234,23.821,9.647,2.124,10399.5,50,21.4,NA,0,0,0,0,0,0,0,0,0,0,0,0,0,0,0,0,0,0,0,0,0,0,0,0,0,0,0,0,0,0,0,31031.602,21193.778,17609.014,14259.979,13112.132,12111.698,11378.774,11166.727,11053.287,10642.418,10771.552,10463.919,10709.72,10461.524,10288.344,10269.199,10099.332,9909.77,9022.396,7892.008,6801.825,5525.693,4684.849,4444.623,4806.373,5103.353,5663.63,5715.2,5486.084,4947.767,4353.389,3727.544,3054.643,2520.136,2059.086,1609.963,1301.811,1108.836,985.577,906.898,766.185,685.779,606.997,535.629,462.147,408.595,333.331,253.95,184.412,111.931,68.437,44.289,19.968,17.657,15.197,6.34,4.928,0,1.767,1.808,0,0,0,0,0,0,0,0,0,0,0,0,0,0,0,0,0,0,0,0,0,0,0,0,0,0,0,0,0,0,0,0,0,0,0,9.745,12.463,12.284,13.915,14.689,17.092,19.459,21.949,25.392,29.22,32.239,36.971,40.449,46.107,49.816,53.799,58.576,62.434,66.221,65.244,62.09,58.467,52.484,49.174,49.944,56.397,61.913,70.085,73.041,72.248,67.333,61.214,54.183,46.684,40.358,34.344,28.277,23.881,20.822,18.436,16.877,14.076,12.073,10.303,8.629,7.262,6.163,4.981,3.745,2.651,1.589,0.935,0.628,0.264,0.229,0.194,0.079,0.06,0,0.02,0.021,0,0,0,0,0
2026-09-07 04:35:00,1,"Normal Scan","Normal Scan",0,"ON",1,1,1,737.8,5,20.3,97.7,53.6,0.0000000689713,0.0000181953,4.97,8976.18,8.8,736.5,1,"Up Scan","Positive",254,0,4.37,1.6,8,8,0,1,1,21.191,35.9,24.716,9.647,2.246,8034.7,50,21.2,NA,0,0,0,0,0,0,0,0,0,0,0,0,0,0,0,0,0,0,0,0,0,0,0,0,0,0,0,0,0,0,0,26832.327,20455.778,13959.924,10818.522,9108.552,7896.801,7898.503,7775.479,7324.045,6923.648,6664.211,6917.926,7073.287,6894.254,6690.903,6717.818,6765.339,6400.38,6146.004,5899.681,4988.641,4386.086,4037.147,3886.869,4279.673,4766.355,5261.472,5244.425,5393.308,4817.692,4011.908,3492.417,2964.78,2355.915,1870.984,1488.142,1305.186,1002.827,913.291,892.961,795.552,651.424,617.304,587.303,502.754,435.31,315.513,245.585,152.716,102.979,72.617,43.122,21.247,19.191,4.567,7.941,4.901,5.108,0,1.808,0,0,0,0,0,0,0,0,0,0,0,0,0,0,0,0,0,0,0,0,0,0,0,0,0,0,0,0,0,0,0,0,0,0,0,8.832,10.793,11.85,11.046,11.17,11.845,12.684,15.268,17.723,19.388,20.963,22.893,26.729,30.453,32.848,35.136,38.464,42.045,43.2,44.907,46.956,43.718,42.57,42.702,44.627,50.738,57.727,65.452,67.327,70.542,65.088,56.772,51.093,45.073,38.145,31.93,26.478,23.95,19.556,17.756,16.646,14.438,11.425,10.305,9.315,7.845,6.554,4.748,3.542,2.239,1.472,1.025,0.598,0.283,0.249,0.058,0.098,0.06,0.06,0,0.021,0,0,0,0,0
2026-09-07 04:40:00,1,"Normal Scan","Normal Scan",0,"ON",1,1,1,738.1,5,20.7,97.7,53.1,0.0000000690911,0.0000182145,4.97,8976.18,8.8,736.5,1,"Up Scan","Positive",254,0,4.37,1.6,8,8,0,1,1,18.387,36.206,24.284,9.647,2.29,7488.44,50,21.3,NA,0,0,0,0,0,0,0,0,0,0,0,0,0,0,0,0,0,0,0,0,0,0,0,0,0,0,0,0,0,0,0,20250.846,17371.379,14818.219,13503.63,12420.156,11176.656,10100.124,8675.751,8303.061,7162.912,6492.825,5768.117,5416.966,5040.422,4489.898,4117.443,4048.597,4086.852,3989.631,3892.608,3623.238,3206.278,3346.502,3488.366,4071.007,4667.341,5245.509,5422.288,5127.947,4638.328,4097.247,3594.387,2964.116,2518.102,1945.195,1608.964,1315.824,1133.253,1041.467,865.238,794.544,675.119,586.932,528.368,455.975,428.919,360.103,267.875,172.447,124.173,83.644,40.433,35.334,5.886,12.1,4.612,0.127,3.354,3.493,0,0,0,0,0,0,0,0,0,0,0,0,0,0,0,0,0,0,0,0,0,0,0,0,0,0,0,0,0,0,0,0,0,0,0,0,6.174,8.2,10.154,11.739,13.983,16.149,17.926,19.449,19.721,21.84,21.6,22.2,22.13,23.211,23.951,23.539,23.703,25.355,27.906,29.69,31.806,32.823,32.569,36.614,40.548,48.588,56.837,65.493,69.518,67.83,63.417,57.959,52.755,45.716,40.067,32.993,28.311,24.013,21.084,19.39,16.518,14.658,11.942,10.024,8.634,7.111,6.57,5.324,3.877,2.453,1.757,1.172,0.549,0.466,0.076,0.155,0.057,0.002,0.04,0.041,0,0,0,0,0,0
2026-09-07 04:45:00,1,"Normal Scan","Normal Scan",0,"ON",1,1,1,738,5,20.6,97.7,53.7,0.0000000690611,0.0000182097,4.97,8976.18,8.8,736.5,1,"Up Scan","Positive",254,0,4.37,1.6,8,8,0,1,1,22.307,40.821,27.405,9.647,2.348,6333.48,50,21.3,NA,0,0,0,0,0,0,0,0,0,0,0,0,0,0,0,0,0,0,0,0,0,0,0,0,0,0,0,0,0,0,0,13768.612,12637.636,11814.523,10029.125,8713.569,7930.781,7501.962,6899.184,5900.799,5668.485,5024.896,4850.139,4357.193,4126.548,3884.683,3996.116,3720.396,3936.193,4025.73,3658.114,3380.887,3241.986,3448.569,3775.989,4226.456,4882.386,5394.435,5470.398,5315.557,4835.47,4159.485,3772.795,3024.672,2438.542,2090.409,1599.711,1343.937,1159.971,1049.934,912.751,804.406,725.177,606.334,570.873,486.551,401.73,326.84,273.847,172.597,142.871,74.021,48.5,20.173,11.734,15.299,7.928,4.914,5.052,3.507,0,0,0,0,0,0,0,0,0,0,0,0,0,0,0,0,0,0,0,0,0,0,0,0,0,0,0,0,0,0,0,0,0,0,0,0,4.266,5.548,7.343,9.326,10.344,11.357,12.765,14.424,15.659,15.597,17.109,17.197,18.674,18.766,19.697,20.441,22.979,23.404,26.954,30.084,30.219,31.08,32.937,37.809,43.384,50.472,59.456,67.271,69.978,70.248,66.086,58.777,55.247,46.335,39.555,35.09,28.392,24.539,21.892,19.454,16.982,14.795,12.613,10.474,9.279,7.629,6.084,4.832,4.048,2.52,2.043,1.042,0.668,0.283,0.153,0.194,0.098,0.06,0.06,0.041,0,0.015,0,0,0,0
2026-09-07 04:50:00,1,"Normal Scan","Normal Scan",0,"ON",1,1,1,737.8,5,20.3,97.7,53.4,0.0000000689713,0.0000181953,4.97,8976.18,8.8,736.5,1,"Up Scan","Positive",254,0,4.37,1.6,8,8,0,1,1,18.266,36.728,24.563,9.647,2.305,7617.31,51,21.2,NA,0,0,0,0,0,0,0,0,0,0,0,0,0,0,0,0,0,0,0,0,0,0,0,0,0,0,0,0,0,0,0,19137.927,17079.86,15726.188,14764.366,13068.016,11988.471,10911.065,9038.243,7833.401,6553.4,6285.579,5371.898,4892.777,4369.015,4233.066,4053.157,4172.55,4221.53,4026.947,3708.873,3485.375,3157.114,3321.988,3769.207,4562.009,5453.021,5742.243,5964.246,5621.002,5055.943,4284.072,3706.457,2978.946,2464.459,1959.782,1599.163,1291.009,1225.109,1017.318,951.227,757.891,654.383,613.572,528.459,528.15,417.573,354.745,304.169,213.335,121.985,99.064,37.929,33.691,20.627,12.295,3.19,3.231,0,1.74,1.808,0,0,0,0,0,0,0,0,0,0,0,0,0,0,0,0,0,0,0,0,0,0,0,0,0,0,0,0,0,0,0,0,0,0,0,5.675,7.632,9.995,12.542,15.268,17.005,19.223,21.003,20.516,20.616,19.781,21.502,20.669,21.029,20.835,22.202,23.338,26.113,28.792,30.136,30.823,32.304,32.73,36.985,43.956,54.002,65.391,71.061,75.663,73.514,68.57,60.345,54.389,45.73,40.031,33.038,28.148,23.854,22.673,19.314,17.893,14.154,12.221,10.454,8.87,8.17,6.396,5.287,4.444,3.065,1.692,1.372,0.526,0.446,0.268,0.155,0.039,0.04,0,0.02,0.021,0,0,0,0,0
2026-09-07 04:55:00,1,"Normal Scan","Normal Scan",0,"ON",1,1,1,738.2,5,20.8,97.7,53.7,0.000000069121,0.0000182193,4.97,8976.18,8.8,736.5,1,"Up Scan","Positive",254,0,4.37,1.6,8,8,0,1,1,25.407,43.484,29.486,9.647,2.352,6079.77,51,21.4,NA,0,0,0,0,0,0,0,0,0,0,0,0,0,0,0,0,0,0,0,0,0,0,0,0,0,0,0,0,0,0,0,10830.58,10463.103,9490.042,8643.645,7724.585,7478.427,7068.492,6400.023,6074.096,5386.43,4740.245,4597.046,4508.622,4084.165,4111.031,3934.199,3938.356,3777.66,3797.76,3566.356,3350.117,3303.579,3352.892,3839.158,4368.027,5112.755,5796.276,5927.042,5750.09,5149.303,4499.638,4022.22,3266.698,2658.303,2111.336,1754.118,1516.347,1224.937,1137.779,971.884,851.771,766.568,650.087,583.754,479.89,346.063,344.272,270.041,187.186,139.588,76.676,42.789,26.063,25.115,13.778,6.3,3.272,6.75,3.465,1.822,0,0,0,0,0,0,0,0,0,0,0,0,0,0,0,0,0,0,0,0,0,0,0,0,0,0,0,0,0,0,0,0,0,0,0,3.163,4.382,6.079,7.532,8.95,10.075,11.993,13.604,14.554,15.987,16.265,16.257,17.728,19.382,19.473,21.568,22.641,24.739,25.9,28.536,29.656,30.975,33.979,37.367,44.705,52.355,62.375,72.38,75.926,75.737,70.153,63.84,58.856,50.178,42.742,35.655,30.73,27.238,22.85,20.691,17.677,15.414,13.405,11.182,9.478,7.499,5.338,5.193,4.01,2.693,1.999,1.096,0.575,0.377,0.325,0.174,0.079,0.04,0.08,0.041,0.021,0.014,0,0,0,0
2026-09-07 05:00:00,1,"Normal Scan","Normal Scan",0,"ON",1,1,1,737.8,5,20.3,97.7,54,0.0000000689713,0.0000181953,4.97,8976.18,8.8,736.5,1,"Up Scan","Positive",254,0,4.37,1.6,8,8,0,1,1,27.117,45.413,30.872,9.647,2.362,6022.16,51,21.2,NA,0,0,0,0,0,0,0,0,0,0,0,0,0,0,0,0,0,0,0,0,0,0,0,0,0,0,0,0,0,0,0,9618.913,9093.538,8226.135,7571.125,7576.383,7825.346,6786.138,6333.284,6050.849,5713.904,5402.681,4744.463,4168.785,4062.262,3740.363,3684.569,3710.857,3737.517,3789.571,3499.087,3365.122,3019.325,3406.609,3741.512,4566.992,5379.282,6046.028,6218.297,5963.854,5460.584,4816.956,4338.132,3580.091,2937.079,2391.994,1943.169,1554.308,1277.065,1203.854,1046.424,899.02,735.22,666.77,672.056,468.531,427.126,357.881,301.202,204.794,148.985,85.047,63.094,30.703,25.905,10.682,7.915,6.543,1.684,3.493,0,0,0,0,0,0,0,0,0,0,0,0,0,0,0,0,0,0,0,0,0,0,0,0,0,0,0,0,0,0,0,0,0,0,0,0,2.533,3.909,5.346,6.507,7.853,9.866,12.588,13.105,14.38,15.981,17.227,18.489,18.24,17.934,19.4,19.68,21.247,23.282,25.686,28.423,29.291,31.273,31.932,38.169,44.213,54.933,65.887,76.01,80.123,78.975,74.974,68.207,63.346,54.646,46.958,39.935,33.383,28.052,24.239,21.881,19.292,16.438,13.194,11.45,10.803,7.559,6.54,5.411,4.392,2.959,2.124,1.189,0.854,0.405,0.335,0.136,0.098,0.08,0.02,0.041,0,0,0,0,0,0
2026-09-07 05:05:00,1,"Normal Scan","Normal Scan",0,"ON",1,1,1,738.2,5,20.9,97.7,53.7,0.0000000691509,0.0000182241,4.97,8976.18,8.8,736.5,1,"Up Scan","Positive",254,0,4.37,1.6,8,8,0,1,1,24.166,39.471,27.231,9.647,2.272,8125.87,51,21.4,NA,0,0,0,0,0,0,0,0,0,0,0,0,0,0,0,0,0,0,0,0,0,0,0,0,0,0,0,0,0,0,0,18398.939,17184.55,12920.097,11396.167,10230.136,8412.395,7634.673,7131.132,6849.413,6898.876,6645.071,7132.71,7307.139,7581.852,7271.044,7111.112,7274.238,7130.492,6524.926,5713.421,5238.427,4320.177,4007.815,4433.118,4934.158,5451.577,6175.083,6450.26,6185.216,5508.809,4913.698,4173.933,3647.447,2949.479,2369.695,2069.963,1583.457,1432.841,1215.166,1047.154,896.31,755.921,708.24,585.622,525.598,414.14,372.314,300.494,216.927,153.89,101.193,65.505,41.507,13.355,6.076,3.15,3.272,6.764,0,1.795,0,0,0,0,0,0,0,0,0,0,0,0,0,0,0,0,0,0,0,0,0,0,0,0,0,0,0,0,0,0,0,0,0,0,0,5.107,7.45,10.004,10.282,11.766,13.329,13.49,14.717,16.23,18.12,20.94,22.874,27.543,31.503,36.122,38.037,40.702,45.067,47.915,47.823,45.94,46.306,43.006,43.784,50.995,58.683,66.706,77.174,82.797,81.732,75.73,69.585,61.716,55.76,47.246,39.524,35.308,28.718,26.006,22.398,19.236,16.428,13.566,12.238,9.644,8.385,6.422,5.519,4.336,3.08,2.187,1.41,0.898,0.546,0.172,0.078,0.039,0.04,0.08,0,0.021,0,0,0,0,0
2026-09-07 05:10:00,1,"Normal Scan","Normal Scan",0,"ON",1,1,1,737.9,5,20.5,97.7,54.2,0.0000000690312,0.0000182049,4.97,8976.18,8.8,736.5,1,"Up Scan","Positive",254,0,4.37,1.6,8,8,0,1,1,23.836,40.241,27.538,9.647,2.303,7731.84,51,21.3,NA,0,0,0,0,0,0,0,0,0,0,0,0,0,0,0,0,0,0,0,0,0,0,0,0,0,0,0,0,0,0,0,18568.459,14671.925,12186.223,11249.048,9652.815,9213.689,8492.825,7365.228,6814.797,6706.895,6305.151,6212.57,5925.135,5703.413,5632.168,5546.533,5467.201,5818.712,5932.853,5851.286,5467.064,4609.927,4278.581,4510.015,4879.944,5670.08,6167.908,6464.806,5976.755,5611.03,4913.242,4239.74,3605.886,2981.663,2474.204,1909.577,1664.893,1384.849,1175.399,992.596,869.702,829.984,676.918,608.817,478.791,431.652,350.58,263.728,223.557,156.361,92.516,46.033,24.152,29.405,16.849,9.463,4.901,3.34,5.177,1.795,0,0,0,0,0,0,0,0,0,0,0,0,0,0,0,0,0,0,0,0,0,0,0,0,0,0,0,0,0,0,0,0,0,0,0,6.236,7.457,8.522,9.662,11.651,12.57,14.773,16.391,16.728,17.985,20.257,21.652,23.945,25.54,27.3,29.742,32.065,34.327,39.555,43.77,47.04,48.29,45.393,46.232,51.508,58.257,69.064,77.045,83.041,79.455,76.874,69.601,62.397,55.044,47.462,40.683,33.554,29.614,25.269,21.715,18.148,16.073,14.546,11.621,10.098,7.555,6.583,5.306,3.935,3.218,2.232,1.312,0.636,0.32,0.382,0.213,0.118,0.06,0.04,0.061,0.021,0,0,0,0,0
2026-09-07 05:15:00,1,"Normal Scan","Normal Scan",0,"ON",1,1,1,738.1,5,20.7,97.7,53.6,0.0000000690911,0.0000182145,4.97,8976.18,8.8,736.5,1,"Up Scan","Positive",254,0,4.37,1.6,8,8,0,1,1,19.821,38.186,25.503,9.647,2.337,8069.09,51,21.3,NA,0,0,0,0,0,0,0,0,0,0,0,0,0,0,0,0,0,0,0,0,0,0,0,0,0,0,0,0,0,0,0,23323.584,18607.978,15714.061,13406.624,11875.553,10215.522,9744.607,8280.665,7794.114,7021.178,6372.488,5681.341,5223.648,5056.889,4927.521,4733.963,4942.01,4943.571,4813.41,4232.982,4098.817,3780.664,3827.013,4063.161,4683.905,5565.587,6105.357,6498.681,6114.419,5814.686,5188.993,4276.633,3595.315,3111.117,2435.402,1840.769,1611.089,1428.268,1166.484,1097.9,888.598,776.394,680.963,552.051,492.375,428.417,339.991,250.949,207.821,141.65,78.289,48.456,37.282,27.119,17.81,4.725,8.213,8.146,5.529,0,0,0,0,0,0,0,0,0,0,0,0,0,0,0,0,0,0,0,0,0,0,0,0,0,0,0,0,0,0,0,0,0,0,0,0,7.184,9.423,10.908,12.507,13.828,15.445,16.394,18.722,18.764,20.53,21.215,21.801,21.884,22.492,24.148,25.836,27.254,30.903,33.629,35.74,34.814,37.338,38.327,42.337,47.504,56.839,68.341,76.338,83.375,81.263,79.141,73.072,62.798,55.124,49.099,40.486,32.278,28.686,25.647,21.675,19.614,15.961,13.816,11.561,9.073,7.711,6.665,5.159,3.758,2.991,2.071,1.134,0.668,0.509,0.352,0.225,0.059,0.099,0.097,0.065,0,0.015,0,0,0,0
2026-09-07 05:20:00,1,"Normal Scan","Normal Scan",0,"ON",1,1,1,738.3,5,21,97.7,53.7,0.0000000691809,0.0000182289,4.97,8976.18,8.8,736.5,1,"Up Scan","Positive",254,0,4.37,1.6,8,8,0,1,1,22.222,40.882,27.386,9.647,2.361,7298.58,50,21.5,NA,0,0,0,0,0,0,0,0,0,0,0,0,0,0,0,0,0,0,0,0,0,0,0,0,0,0,0,0,0,0,0,17897.636,14709.057,12989.528,10698.068,10841.014,8955.379,7942.162,7836.257,7040.142,6370.689,5632.781,5455.513,4808.084,4652.496,4452.8,4557.913,4376.211,4466.308,4379.781,4173.127,4130.707,3723.658,3821.469,4133.884,4553.468,5343.452,5952.001,6497.393,6101.991,5638.664,5089.197,4287.51,3765.903,3008.816,2614.395,2032.987,1631.722,1440.31,1270.031,1126.96,947.285,853.081,656.31,599.466,517.752,465.809,354.25,261.749,174.653,156.109,69.076,35.418,29.998,13.318,6.089,6.273,1.643,1.684,5.219,0,0,0,0,0,0,0,0,0,0,0,0,0,0,0,0,0,0,0,0,0,0,0,0,0,0,0,0,0,0,0,0,0,0,0,0,5.576,7.242,8.606,10.289,11.087,14.127,14.362,15.273,17.784,18.564,19.196,19.276,20.975,20.699,22.191,23.395,26.257,27.497,30.563,32.738,34.255,37.439,37.708,42.188,48.242,55.119,65.854,75.099,83.483,81.417,77.404,72.241,63.198,57.667,48.222,43.276,35.373,29.045,26.006,23.029,20.696,16.761,14.498,11.312,9.648,7.926,7.052,5.254,3.809,2.477,2.2,0.987,0.483,0.396,0.172,0.078,0.079,0.02,0.02,0.061,0,0,0,0,0,0
2026-09-07 05:25:00,1,"Normal Scan","Normal Scan",0,"ON",1,1,1,738.9,5,21.8,97.7,53.1,0.0000000694204,0.0000182672,4.97,8976.18,8.8,736.5,1,"Up Scan","Positive",254,0,4.37,1.6,8,8,0,1,1,21.972,41.747,27.789,9.647,2.382,6951.21,49,21.8,NA,0,0,0,0,0,0,0,0,0,0,0,0,0,0,0,0,0,0,0,0,0,0,0,0,0,0,0,0,0,0,0,15154.451,13076.442,12479.378,11404.097,10291.457,9767.585,8613.86,7937.334,6624.625,6177.135,5412.775,4610.37,4172.596,3949.482,3723.804,3821.011,3852.826,3857.812,3776.108,4006.032,3615.156,3321.189,3580.745,3929.014,4441.818,5386.16,5977.364,6355.313,5988.287,5761.046,4994.309,4384.597,3706.964,3146.301,2488.544,2046.641,1749.604,1415.583,1233.424,1097.299,929.731,748.772,702.109,582.195,543.309,425.278,343.883,286.4,202.717,129.751,87.479,36.169,34.681,19.229,18.294,6.34,6.557,1.698,1.767,3.886,0,0,0,0,0,0,0,0,0,0,0,0,0,0,0,0,0,0,0,0,0,0,0,0,0,0,0,0,0,0,0,0,0,0,0,4.276,6.212,7.603,9.896,11.749,13.369,15.61,16.559,17.986,17.441,18.621,18.488,17.717,17.948,18.813,19.653,22.042,24.18,26.509,28.415,32.95,33.344,34.369,39.895,46.037,54.024,66.245,75.434,82.072,79.933,78.776,71.148,64.501,56.352,50.246,41.354,34.927,30.904,25.718,22.628,19.934,16.402,13.469,11.819,9.538,8.394,6.533,5.176,4.231,2.927,1.84,1.208,0.519,0.489,0.248,0.232,0.078,0.079,0.02,0.02,0.042,0.014,0,0,0,0
2026-09-07 05:30:00,1,"Normal Scan","Normal Scan",0,"ON",1,1,1,739.6,5,22.7,97.7,52.3,0.00000006969,0.0000183102,4.97,8976.18,8.8,736.5,1,"Up Scan","Positive",254,0,4.37,1.6,8,8,0,1,1,22.116,41.026,27.499,9.647,2.361,7116.57,48,22.3,NA,0,0,0,0,0,0,0,0,0,0,0,0,0,0,0,0,0,0,0,0,0,0,0,0,0,0,0,0,0,0,0,16004.204,13698.692,13255.468,11017.909,10555.431,9615.384,8522.635,7308.623,7062.756,6163.322,5546.291,5020.959,4489.478,4409.332,4414.292,4035.356,3878.947,4280.003,4060.361,4144.241,3817.7,3703.081,3716.216,4166.747,4609.548,5368.293,6278.669,6339.082,6108.846,5609.942,4887.912,4264.554,3700.855,2912.318,2397.57,1999.844,1618.336,1445.547,1217.159,1061.391,921.961,836.362,736.157,548.801,466.965,390.317,322.694,278.019,173.715,137.989,75.743,52.801,31.404,14.715,13.792,7.875,4.887,3.396,1.726,3.59,0,0,0,0,0,0,0,0,0,0,0,0,0,0,0,0,0,0,0,0,0,0,0,0,0,0,0,0,0,0,0,0,0,0,0,4.255,6.447,7.955,10.467,11.394,13.647,15.336,16.368,16.57,18.545,18.572,18.951,19.262,19.279,20.981,23.147,23.273,24.459,29.248,30.517,34.076,34.962,37.681,41.099,48.377,55.485,65.778,78.388,81.565,80.578,76.774,69.383,62.851,56.427,46.579,39.979,34.623,29.092,25.73,21.833,19.045,16.524,14.4,12.218,8.976,7.388,5.986,4.786,4.124,2.498,1.946,1.064,0.741,0.415,0.191,0.174,0.098,0.06,0.04,0.02,0.043,0,0,0,0,0
2026-09-07 05:35:00,1,"Normal Scan","Normal Scan",0,"ON",1,1,1,739.3,5,22.3,97.7,52,0.0000000695701,0.0000182911,4.97,8976.18,8.8,736.5,1,"Up Scan","Positive",254,0,4.37,1.6,8,8,0,1,1,18.586,36.789,24.37,9.647,2.343,8478.42,47,22.4,NA,0,0,0,0,0,0,0,0,0,0,0,0,0,0,0,0,0,0,0,0,0,0,0,0,0,0,0,0,0,0,0,29366.193,23381.23,18716.195,14837.137,11862.255,10019.481,8664.418,7827.56,7153.726,6414.173,5757.607,5428.387,5050.953,5161.7,5197.413,5160.648,5079.232,5190.753,5265.714,4901.531,4188.469,4245.489,3943.217,4328.243,4653.301,5376.616,5994.613,6128.017,6085.824,5453.238,4900.325,4191.978,3573.457,2903.788,2459.116,2029.5,1678.934,1353.908,1236.832,1018.04,909.254,794.004,674.888,589.547,530.912,459.032,330.364,301.062,215.289,123.506,66.187,43.728,34.342,28.033,10.695,7.901,9.788,0,1.753,0,0,0,0,0,0,0,0,0,0,0,0,0,0,0,0,0,0,0,0,0,0,0,0,0,0,0,0,0,0,0,0,0,0,0,0,9.29,11.814,13.544,14.82,15.239,15.362,15.995,16.647,17.714,18.824,19.337,19.709,20.893,21.765,24.64,27.304,29.577,31.835,35.286,38.95,39.723,37.863,42.06,43.053,49.79,55.684,65.857,75.075,78.98,80.573,75.08,69.474,61.639,55.027,46.247,40.793,35.075,29.608,24.861,22.792,18.782,16.25,14.161,11.394,9.471,8.256,7.014,5.02,4.357,3.159,1.742,0.915,0.594,0.47,0.363,0.136,0.098,0.119,0,0.02,0,0.014,0,0,0,0
2026-09-07 05:40:00,1,"Normal Scan","Normal Scan",0,"ON",1,1,1,738.5,5,21.2,97.7,51.2,0.0000000692407,0.0000182384,4.97,8976.18,8.8,736.5,1,"Up Scan","Positive",254,0,4.37,1.6,8,8,0,1,1,19.857,39.958,26.144,9.647,2.408,6984.59,48,22.1,NA,0,0,0,0,0,0,0,0,0,0,0,0,0,0,0,0,0,0,0,0,0,0,0,0,0,0,0,0,0,0,0,20980.134,17380.945,14420.245,11347.537,10625.511,8868.467,7442.578,6623.572,6078.956,5460.405,4903.362,4211.247,3859.256,3511.417,3315.868,3607.024,3651.746,3787.191,3973.522,3719.484,3542.234,3443.185,3492.364,3853.911,4301.072,4912.276,5640.478,5939.36,5688.036,5123.676,4662.85,4087.205,3529.438,2847.273,2405.935,1979.303,1710.998,1330.246,1245.34,1027.285,879.328,840.873,634.003,619.623,485.821,418.999,315.509,252.025,179.035,136.806,82.468,41.496,31.63,19.141,21.338,7.848,3.272,5.08,0,1.808,0,0,0,0,0,0,0,0,0,0,0,0,0,0,0,0,0,0,0,0,0,0,0,0,0,0,0,0,0,0,0,0,0,0,0,6.512,8.451,10.141,11.361,11.682,13.785,14.188,14.34,14.995,15.985,16.43,16.773,16.215,16.614,16.83,17.54,20.863,23.046,26.009,29.742,30.669,32.44,34.968,38.619,44.807,51.709,60.802,70.931,76.767,75.677,71.008,66.768,60.375,54.136,45.64,40.017,34.421,29.874,24.583,22.386,18.683,15.579,14.553,10.81,10.11,7.542,6.438,4.75,3.802,2.584,1.941,1.153,0.575,0.471,0.248,0.271,0.098,0.04,0.06,0,0.021,0.041,0,0,0,0
2026-09-07 05:45:00,1,"Normal Scan","Normal Scan",0,"ON",1,1,1,738.3,5,21,97.7,50.6,0.0000000691809,0.0000182289,4.97,8976.18,8.8,736.5,1,"Up Scan","Positive",254,0,4.37,1.6,8,8,0,1,1,18.93,35.306,23.877,9.647,2.268,8629,48,22,NA,0,0,0,0,0,0,0,0,0,0,0,0,0,0,0,0,0,0,0,0,0,0,0,0,0,0,0,0,0,0,0,27830.274,21766.353,18796.82,13737.353,12367.21,10662.193,10084.374,8699.854,7907.665,7263.387,6832.545,6841.158,6483.601,6651.564,6550.879,6174.131,5817.87,5724.773,5410.567,5161.552,4722.405,4043.052,3737.159,4119.948,4567.989,5326.506,5901.546,5493.658,5532.538,4698.123,4227.428,3598.128,3140.733,2524.698,2016.838,1727.412,1543.657,1332.736,1182.808,981.503,913.739,690.287,684.988,552.826,528.273,406.151,358.245,245.424,215.209,110.468,86.062,48.493,47.206,17.69,13.389,12.975,3.272,5.011,1.74,3.589,0,0,0,0,0,0,0,0,0,0,0,0,0,0,0,0,0,0,0,0,0,0,0,0,0,0,0,0,0,0,0,0,0,0,0,8.862,11.252,12.687,14.804,14.163,16.062,17.057,19.399,19.787,20.927,21.951,23.46,26.373,27.869,31.618,34.223,35.374,36.238,38.701,39.889,41.682,42.021,40.147,40.273,46.999,53.595,64.04,72.824,70.578,72.846,64.645,60.378,53.91,48.652,41.039,34.746,30.132,27.85,24.211,21.762,18.127,16.534,12.313,11.471,9.082,8.346,6.383,5.32,3.697,3.106,1.597,1.188,0.687,0.641,0.229,0.17,0.162,0.04,0.06,0.02,0.042,0.014,0,0,0,0
2026-09-07 05:50:00,1,"Normal Scan","Normal Scan",0,"ON",1,1,1,738.4,5,21.1,97.7,51.4,0.0000000692108,0.0000182337,4.97,8976.18,8.8,736.5,1,"Up Scan","Positive",254,0,4.37,1.6,8,8,0,1,1,20.543,40.945,26.878,9.647,2.404,8642.49,49,22,NA,0,0,0,0,0,0,0,0,0,0,0,0,0,0,0,0,0,0,0,0,0,0,0,0,0,0,0,0,0,0,0,21707.634,19200.873,16702.974,14544.176,12771.364,10697.828,9690.674,9020.307,8358.589,8173.804,7442.034,6624.956,6134.589,5199.76,4871.693,4214.978,4126.82,4185.182,3898.362,3759.901,3737.787,3769.483,4100.234,4722.888,5400.051,6134.597,6708.927,7108.352,7255.332,6500.758,6372.236,5399.95,4675.174,3712.901,3196.635,2838.173,2320.55,1956.193,1687.261,1431.439,1152.255,996.921,841.486,743.55,586.04,526.747,408.95,315.395,223.592,142.014,105.075,61.349,39.967,19.229,16.91,4.738,9.761,6.75,3.479,0,0,0,0,0,0,0,0,0,0,0,0,0,0,0,0,0,0,0,0,0,0,0,0,0,0,0,0,0,0,0,0,0,0,0,0,6.873,8.751,11.183,13.206,14.996,16.582,17.117,18.627,20.454,22.054,24.651,25.391,25.392,26.252,24.672,25.45,24.272,26.007,28.881,29.68,31.752,35.001,38.933,45.658,55.375,65.297,76.795,85.933,93.012,96.909,91.206,91.339,80.367,71.836,60.19,52.718,47.816,40.225,34.688,29.872,25.369,20.544,17.198,14.054,12.031,9.271,8.07,6.09,4.641,3.25,2.041,1.483,0.824,0.527,0.248,0.213,0.059,0.119,0.08,0.041,0,0,0,0,0,0
2026-09-07 05:55:00,1,"Normal Scan","Normal Scan",0,"ON",1,1,1,738,5,20.6,97.7,51.9,0.0000000690611,0.0000182097,4.97,8976.18,8.8,736.5,1,"Up Scan","Positive",254,0,4.37,1.6,8,8,0,1,1,20.247,39.657,26.385,9.647,2.352,7259.06,50,21.7,NA,0,0,0,0,0,0,0,0,0,0,0,0,0,0,0,0,0,0,0,0,0,0,0,0,0,0,0,0,0,0,0,17754.325,14762.765,13168.424,11753.537,11163.808,10145.152,9257.158,8499.437,7569.026,7201.825,6172.33,5457.718,5211.647,4550.402,4075.206,3954.685,3601.596,3626.984,3537.119,3521.589,3630.937,3712.502,3734.412,3959.798,4534.52,5243.291,5663.415,5866.061,5807.405,5459.198,4784.684,4098.753,3354.964,2759.108,2344.195,1997.135,1632.215,1385.237,1240.871,1072.478,923.403,802.942,632.733,545.403,520.41,388.093,357.889,257.888,212.825,128.177,103.508,52.786,37.275,17.665,15.262,12.639,4.901,6.75,1.767,1.781,0,0,0,0,0,0,0,0,0,0,0,0,0,0,0,0,0,0,0,0,0,0,0,0,0,0,0,0,0,0,0,0,0,0,0,4.65,7.207,8.698,10.474,12.177,14.535,16.247,17.799,19.279,19.931,21.711,21.098,20.929,22.307,21.589,21.361,22.806,22.793,25.079,26.771,29.386,33.322,37.373,40.678,46.145,54.551,64.355,70.987,75.697,77.081,74.795,68.247,60.421,51.907,44.822,39.171,34.518,28.856,24.89,22.692,19.451,16.671,13.926,10.979,9.046,8.252,6.037,5.348,3.835,3.117,1.836,1.444,0.743,0.509,0.229,0.194,0.157,0.06,0.081,0.02,0.021,0.015,0,0,0,0
2026-09-07 06:00:00,1,"Normal Scan","Normal Scan",0,"ON",1,1,1,738.4,5,21.1,97.7,52.1,0.0000000692108,0.0000182337,4.97,8976.18,8.8,736.5,1,"Up Scan","Positive",254,0,4.37,1.6,8,8,0,1,1,21.209,39.853,26.646,9.647,2.338,6519.92,50,21.8,NA,0,0,0,0,0,0,0,0,0,0,0,0,0,0,0,0,0,0,0,0,0,0,0,0,0,0,0,0,0,0,0,14389.279,13238.375,12359.135,10855.782,10139.243,8867.771,7650.41,7447.524,6207.331,5587.849,5431.06,4977.177,4442.804,3808.764,3774.17,3801.445,3833.985,4201.994,4228.322,4150.239,4190.963,3885.406,3716.48,3938.245,4079.943,4401.312,4816.696,4980.426,4843.024,4348.331,3907.354,3392.187,2793.21,2359.706,2048.92,1780.801,1470.986,1284.131,1088.715,1033.651,880.999,710.705,648.64,579.542,486.305,393.212,363.875,289.885,222.182,114.25,78.789,50.22,25.804,14.765,10.68,9.462,0,3.386,1.726,0,0,0,0,0,0,0,0,0,0,0,0,0,0,0,0,0,0,0,0,0,0,0,0,0,0,0,0,0,0,0,0,0,0,0,0,4.223,5.802,7.695,9.854,11.187,13.209,14.201,14.731,16.876,16.354,16.86,18.575,19.119,19.109,18.238,19.939,22.073,24.252,28.788,31.544,33.701,37.117,37.854,39.514,44.172,48.083,53.87,60.43,64.173,64.27,60.577,56.422,50.825,43.829,39.039,34.971,30.93,26.614,23.787,20.242,18.643,16.06,12.95,10.862,9.461,7.648,5.982,5.376,4.26,3.179,1.599,1.11,0.676,0.358,0.191,0.136,0.118,0,0.04,0.02,0,0.014,0,0,0,0
2026-09-07 06:05:00,1,"Normal Scan","Normal Scan",0,"ON",1,1,1,738.1,5,20.7,97.7,53.1,0.0000000690911,0.0000182145,4.97,8976.18,8.8,736.5,1,"Up Scan","Positive",254,0,4.37,1.6,8,8,0,1,1,21.004,40.58,26.897,9.647,2.358,6276.48,51,21.7,NA,0,0,0,0,0,0,0,0,0,0,0,0,0,0,0,0,0,0,0,0,0,0,0,0,0,0,0,0,0,0,0,14099.984,12238.572,11286.976,9536.037,9591.394,8530.997,7674.264,7130.895,6559.299,6276.916,5911.644,5339.509,4657.099,3903.899,3752.369,3774.416,3569.788,3346.452,3420.376,3244.537,3308.612,3267.713,3288.544,3540.503,3836.578,4328.911,4820.534,5015.665,4771.862,4359.764,4049.429,3427.017,2785.14,2298.07,2026.424,1783.68,1440.54,1311.708,1180.918,1057.262,880.251,795.68,719.557,615.648,445.78,426.384,352.703,312.374,204.348,126.417,98.017,48.728,37.11,19.199,4.593,6.316,6.505,1.712,1.753,0,0,0,0,0,0,0,0,0,0,0,0,0,0,0,0,0,0,0,0,0,0,0,0,0,0,0,0,0,0,0,0,0,0,0,0,3.726,5.675,7.177,8.976,9.878,12.521,13.661,14.812,16.161,17.292,18.961,20.195,20.49,19.939,18.581,19.661,21.731,22.491,23.087,25.723,26.843,30.039,32.577,35.713,40.65,45.688,53.257,60.554,64.428,63.535,60.557,58.287,51.28,44.352,38.374,34.648,31.498,26.735,24.289,21.452,19.343,16.074,14.175,12.174,9.94,7.06,6.553,5.256,4.505,2.963,1.778,1.367,0.661,0.49,0.249,0.058,0.079,0.08,0.02,0.02,0,0,0,0,0,0
2026-09-07 06:10:00,1,"Normal Scan","Normal Scan",0,"ON",1,1,1,738.1,5,20.7,97.7,53,0.0000000690911,0.0000182145,4.97,8976.18,8.8,736.5,1,"Up Scan","Positive",254,0,4.37,1.6,8,8,0,1,1,22.516,43.413,28.411,10.366,2.42,5380.37,51,21.6,NA,0,0,0,0,0,0,0,0,0,0,0,0,0,0,0,0,0,0,0,0,0,0,0,0,0,0,0,0,0,0,0,10084.373,11082.719,9836.09,8953.484,7972.039,7616.07,6665.649,5501.113,5264.159,4603.711,4057.489,3632.434,3099.584,2923.097,2879.042,2588.247,2725.476,2801.215,2887.804,2959.078,3112.498,3135.595,3155.53,3285.394,3749.915,4284.632,4537.376,4807.661,4522.985,4013.914,3677.38,3223.314,2714.352,2227.78,1873.547,1624.537,1417.448,1372.842,1173.514,1053.438,901.517,766.442,634.038,569.037,494.764,460.269,350.87,313.816,230.65,130.119,97.359,54.139,21.778,22.135,10.643,6.273,8.159,1.67,0,1.781,0,0,0,0,0,0,0,0,0,0,0,0,0,0,0,0,0,0,0,0,0,0,0,0,0,0,0,0,0,0,0,0,0,0,0,3.248,4.109,6.46,7.844,9.3,10.411,12.218,12.831,12.471,13.841,13.889,13.884,13.96,13.322,13.956,15.189,15.108,17.398,19.48,21.927,24.671,28.363,31.185,34.229,37.664,44.349,52.175,56.929,61.872,60.381,55.802,53.201,48.93,43.32,37.362,32.712,29.198,25.753,25.171,21.736,19.367,16.472,13.831,10.879,9.403,7.846,6.969,5.283,4.56,3.345,1.859,1.331,0.743,0.339,0.287,0.136,0.079,0.099,0.02,0,0.021,0.044,0,0,0,0
2026-09-07 06:15:00,1,"Normal Scan","Normal Scan",0,"ON",1,1,1,738.2,5,20.9,97.7,53.8,0.0000000691509,0.0000182241,4.97,8976.18,8.8,736.5,1,"Up Scan","Positive",254,0,4.37,1.6,8,8,0,1,1,18.738,38.399,25.409,9.647,2.33,6590.81,51,21.6,NA,0,0,0,0,0,0,0,0,0,0,0,0,0,0,0,0,0,0,0,0,0,0,0,0,0,0,0,0,0,0,0,13518.134,13289.886,12479.589,12226.458,11921.768,10824.035,9545.807,8697.698,7951.33,7030.666,6108.927,5093.116,4219.697,3724.172,3202.692,3106.453,3161.077,2957.271,3192.51,3369.762,3330.974,3340.877,3372.626,3508.182,3844.605,4302.237,4565.031,4689.027,4759.626,4213.821,3621.327,3216.93,2747.469,2223.733,2007.306,1619.618,1511.358,1312.556,1209.718,989.108,868.241,822.573,662.664,551.493,483.291,401.746,333.904,245.253,166.228,130.992,80.258,64.394,34.197,14.69,10.734,12.586,3.258,1.684,8.767,1.808,0,0,0,0,0,0,0,0,0,0,0,0,0,0,0,0,0,0,0,0,0,0,0,0,0,0,0,0,0,0,0,0,0,0,0,3.415,5.477,7.834,9.926,12.603,15.528,17.339,18.356,19.706,20.904,21.179,20.841,19.509,18.065,17.691,16.881,18.006,20.05,20.59,24.122,27.776,30.154,32.933,36.065,40.112,45.64,52.05,57.455,60.434,63.311,58.603,52.642,48.824,43.721,36.972,34.312,29.282,27.201,23.812,21.89,18.084,15.664,13.997,11.292,8.981,7.779,6.188,4.955,3.669,2.418,1.843,1.133,0.928,0.452,0.191,0.136,0.157,0.04,0.02,0.102,0.021,0,0,0,0,0
2026-09-07 06:20:00,1,"Normal Scan","Normal Scan",0,"ON",1,1,1,737.8,5,20.3,97.7,54.1,0.0000000689713,0.0000181953,4.97,8976.18,8.8,736.5,1,"Up Scan","Positive",254,0,4.37,1.6,8,8,0,1,1,20.274,39.099,26.205,9.647,2.314,6722.44,51,21.4,NA,0,0,0,0,0,0,0,0,0,0,0,0,0,0,0,0,0,0,0,0,0,0,0,0,0,0,0,0,0,0,0,13446.704,13301.462,11689.871,11259.599,10739.482,10256.725,9579.78,8385.001,7553.224,6449.561,6066.063,5381.618,4526.162,3883.925,3888.472,3943.152,4102.915,4001.047,4239.711,4392.875,3991.163,3797.736,3544.054,3714.379,3916.673,4432.901,4661.518,5056.613,4601.74,4391.004,3746.013,3215.371,2720.319,2337.717,1997.106,1678.885,1596.224,1444.718,1063.233,1053.138,963.819,835.247,683.368,564.207,532.331,398.612,293.58,251.844,202.997,134.577,95.518,39.041,28.516,17.659,7.702,9.476,4.846,1.67,5.26,0,0,0,0,0,0,0,0,0,0,0,0,0,0,0,0,0,0,0,0,0,0,0,0,0,0,0,0,0,0,0,0,0,0,0,0,3.932,5.458,7.788,9.259,11.66,14.025,16.472,18.452,19.048,19.892,19.471,20.752,20.683,19.434,18.593,20.563,22.863,25.863,27.446,31.517,35.47,35.507,36.993,37.855,42.085,46.488,53.749,58.407,65,61.598,60.83,54.622,49.356,43.173,38.627,34.824,30.186,28.532,25.853,20.135,18.812,16.989,14.409,11.646,9.25,8.303,6.08,4.373,3.708,2.962,1.886,1.321,0.557,0.377,0.229,0.097,0.118,0.06,0.02,0.061,0,0,0,0,0,0
2026-09-07 06:25:00,1,"Normal Scan","Normal Scan",0,"ON",1,1,1,738.2,5,20.8,97.7,54.1,0.000000069121,0.0000182193,4.97,8976.18,8.8,736.5,1,"Up Scan","Positive",254,0,4.37,1.6,8,8,0,1,1,18.085,36.658,24.465,11.14,2.283,7203.92,51,21.6,NA,0,0,0,0,0,0,0,0,0,0,0,0,0,0,0,0,0,0,0,0,0,0,0,0,0,0,0,0,0,0,0,13653.906,14071.269,14741.11,14356.9,13618.936,12114.944,11425.673,10633.198,8940.618,7782.129,7259.199,5831.148,5005.797,4353.396,4041.807,3544.713,3420.217,3362.247,3412.213,3532.258,3328.926,3360.336,3495.124,3503.959,3819.679,4265.968,4602.152,4785.048,4609,4225.628,3755.601,3074.655,2662.137,2200.89,1924.032,1688.016,1491.558,1407.596,1190.802,1109.634,896.727,812.238,656.721,527.363,488.919,390.489,309.314,308.553,186.365,125.947,82.583,46.22,32.906,29.566,7.624,6.273,8.173,1.67,5.219,0,0,0,0,0,0,0,0,0,0,0,0,0,0,0,0,0,0,0,0,0,0,0,0,0,0,0,0,0,0,0,0,0,0,0,0,4.068,5.546,8.301,11.751,14.821,17.749,19.438,21.968,24.115,23.517,23.449,24.762,22.33,21.425,20.643,21.191,20.455,21.627,23.243,25.643,28.933,30.102,33.207,37.285,39.848,45.336,51.945,57.315,61.754,61.221,58.76,54.628,47.16,42.663,37.081,33.422,30.16,26.84,25.236,21.687,19.641,16.236,14.236,11.191,8.696,7.606,6.018,4.745,4.497,2.692,1.799,1.173,0.628,0.452,0.382,0.097,0.079,0.099,0.02,0.061,0,0.014,0,0,0,0
2026-09-07 06:30:00,1,"Normal Scan","Normal Scan",0,"ON",1,1,1,737.9,5,20.5,97.7,54.7,0.0000000690312,0.0000182049,4.97,8976.18,8.8,736.5,1,"Up Scan","Positive",254,0,4.37,1.6,8,8,0,1,1,17.152,34.577,23.155,10.366,2.249,8131.48,51,21.5,NA,0,0,0,0,0,0,0,0,0,0,0,0,0,0,0,0,0,0,0,0,0,0,0,0,0,0,0,0,0,0,0,17005.455,19692.774,17383.241,16409.95,15322.521,13814.635,12917.544,12277.679,11004.055,9440.817,7834.543,6778.881,5977.365,4950.579,4142.306,3758.585,3571.463,3408.881,3521.839,3534.513,3496.01,3472.613,3511.995,3810.079,4024.913,4466.903,4703.944,5058.015,4656.021,4316.215,3758.792,3283.768,2754.607,2252.581,1870.804,1687.122,1498.427,1476.095,1231.366,1109.772,952.132,777.238,656.38,588.936,463.091,383.603,346.541,281.298,206.273,129.488,63.145,77.377,30.494,23.581,10.63,12.613,1.615,11.866,3.521,0,0,0,0,0,0,0,0,0,0,0,0,0,0,0,0,0,0,0,0,0,0,0,0,0,0,0,0,0,0,0,0,0,0,0,0,5.074,6.92,11.459,13.804,16.96,19.972,22.186,24.888,27.84,28.931,28.412,26.729,25.982,25.515,23.456,21.71,21.701,22.562,23.575,26.585,29.088,31.612,34.246,37.661,43.009,47.354,54.471,58.752,64.821,62.122,59.629,54.64,50.023,44.256,37.952,32.905,29.98,27.063,26.581,22.183,19.776,17.037,13.786,11.265,9.399,7.573,5.941,5.272,4.13,3.012,1.835,0.946,1.063,0.452,0.306,0.136,0.157,0.02,0.141,0.041,0,0.045,0,0,0,0
2026-09-07 06:35:00,1,"Normal Scan","Normal Scan",0,"ON",1,1,1,737.9,5,20.5,97.7,54.4,0.0000000690312,0.0000182049,4.97,8976.18,8.8,736.5,1,"Up Scan","Positive",254,0,4.37,1.6,8,8,0,1,1,18.471,27.51,21.325,17.154,1.871,18683.5,51,21.4,NA,0,0,0,0,0,0,0,0,0,0,0,0,0,0,0,0,0,0,0,0,0,0,0,0,0,0,0,0,0,0,0,27743.663,27723.57,28088.161,28304.84,29809.361,30327.085,34857.642,37263.263,37462.478,34048.203,30232.678,28026.514,24437.586,21553.689,19199.636,18010.368,15562.673,12933.066,11319.576,9970.286,9141.372,7722.795,7133.965,6141.536,5862.223,5670.036,5842.967,5578.254,5482.582,4955.009,4158.193,3556.584,2927.666,2474.326,2051.204,1815.556,1636.972,1478.482,1263.472,1124.979,941.338,764.154,692.983,602.685,474.434,409.089,320.245,227.911,180.241,130.585,86.964,54.062,36.953,25.256,15.379,7.901,6.571,1.67,0,0,0,0,0,0,0,0,0,0,0,0,0,0,0,0,0,0,0,0,0,0,0,0,0,0,0,0,0,0,0,0,0,0,0,0,0,7.095,11.291,16.266,22.412,29.42,38.883,48.857,67.361,84.731,98.608,102.558,103.284,107.423,104.184,101.556,99.522,102.046,95.922,86.713,82.023,78.289,77.511,71.255,70.797,66.01,66.696,67.525,71.854,71.274,72.303,68.06,60.151,54.018,46.452,41.058,35.35,31.812,29.211,26.464,22.643,20.002,16.559,13.352,11.626,9.876,7.547,6.319,4.826,3.409,2.61,1.866,1.19,0.729,0.489,0.326,0.194,0.098,0.08,0.02,0,0,0,0,0,0,0
2026-09-07 06:40:00,1,"Normal Scan","Normal Scan",0,"ON",1,1,1,738.2,5,20.8,97.7,54.8,0.000000069121,0.0000182193,4.97,8976.18,8.8,736.5,1,"Up Scan","Positive",254,0,4.37,1.6,8,8,0,1,1,17.033,30.362,21.702,9.647,2.08,12358.6,51,21.5,NA,0,0,0,0,0,0,0,0,0,0,0,0,0,0,0,0,0,0,0,0,0,0,0,0,0,0,0,0,0,0,0,29407.744,26600.522,24343.33,24728.74,23851.57,23442.625,21120.189,18132.447,15928.558,14670.272,12589.148,10660.15,8962.302,7995.656,8384.023,8596.808,8397.623,7698.007,8282.136,8576.48,7716.919,6841.405,5609.985,5051.464,4530.932,5126.176,5685.928,5985.413,5308.819,4782.847,4045.036,3474.939,2858.092,2256.293,1949.241,1720.023,1551.671,1298.417,1204.018,1087.804,958.927,785.02,657.079,583.41,486.232,407.465,330.436,267.894,207.753,131.979,75.828,52.114,23.244,10.332,12.191,12.599,6.516,5.066,6.93,1.822,0,0,0,0,0,0,0,0,0,0,0,0,0,0,0,0,0,0,0,0,0,0,0,0,0,0,0,0,0,0,0,0,0,0,0,8.197,11.835,15.612,19.411,25.646,31.081,37.596,40.62,41.056,41.899,44.226,43.042,41.004,38.513,38.231,44.227,49.539,52.56,52.23,60.388,67.031,65.805,63.657,57.512,55.432,53.22,61.548,70.051,75.401,69.702,65.555,58.251,52.244,45.116,38.044,33.954,30.575,27.738,23.881,22.074,19.494,16.869,13.824,11.118,9.562,7.688,6.196,4.934,3.955,3.053,1.884,1.117,0.702,0.358,0.134,0.155,0.157,0.08,0.06,0.081,0.021,0.028,0,0,0,0
2026-09-07 06:45:00,1,"Normal Scan","Normal Scan",0,"ON",1,1,1,737.9,5,20.4,97.8,54.8,0.0000000689307,0.0000182001,4.97,8976.18,8.8,736.5,1,"Up Scan","Positive",254,0,4.37,1.6,8,8,0,1,1,18.422,33.898,23.742,9.647,2.173,10487.5,51,21.4,NA,0,0,0,0,0,0,0,0,0,0,0,0,0,0,0,0,0,0,0,0,0,0,0,0,0,0,0,0,0,0,0,21007.685,20925.531,20690.717,19363.077,18463.383,16367.992,16272.579,15081.825,13683.813,12564.718,10861.715,9471.847,8571.568,7219.165,6182.054,5404.934,5188.079,4790.493,4566.205,4650.732,6318.222,8336.249,8698.248,7283.574,6184.174,5690.306,6115.134,6125.685,5921.909,5046.367,4387.869,3833.542,3138.759,2570.792,2226.247,1882.359,1721.68,1446.642,1229.065,1074.064,976.644,877.872,724.819,614.825,455.803,415.136,294.01,222.15,174.869,92.599,72.745,42.846,24.578,25.127,12.193,0,3.258,5.066,3.465,3.63,0,0,0,0,0,0,0,0,0,0,0,0,0,0,0,0,0,0,0,0,0,0,0,0,0,0,0,0,0,0,0,0,0,0,0,5.553,8.538,12.197,16.495,20.113,24.016,26.348,31.366,34.245,36.03,37.858,37.051,36.29,36.57,34.149,32.305,31.548,33.879,34.574,35.549,38.803,55.16,76.87,85.523,77.289,70.101,68.25,75.451,78.101,77.729,69.596,63.365,57.628,49.234,42.144,37.882,33.349,30.519,25.955,21.979,19.139,16.84,14.988,11.859,9.784,7.142,6.314,4.506,3.261,2.494,1.332,1.043,0.594,0.358,0.325,0.155,0,0.04,0.06,0.041,0.041,0.015,0,0,0,0
2026-09-07 06:50:00,1,"Normal Scan","Normal Scan",0,"ON",1,1,1,738.2,5,20.9,97.7,54.6,0.0000000691509,0.0000182241,4.97,8976.18,8.8,736.5,1,"Up Scan","Positive",254,0,4.37,1.6,8,8,0,1,1,16.686,28.078,20.442,9.647,2.002,11616.7,51,21.5,NA,0,0,0,0,0,0,0,0,0,0,0,0,0,0,0,0,0,0,0,0,0,0,0,0,0,0,0,0,0,0,0,27461.597,27108.769,24821.444,24181.89,22433.734,21039.167,19390.347,17719.327,16616.01,15380.831,14471.371,12376.741,11551.323,10340.274,10196.351,9211.014,7896.751,6677.296,6077.147,5243.774,4512.843,4341.464,3872.888,3908.536,3789.291,3919.811,4020.588,3957.606,3729.587,3567.564,2952.127,2688.205,2286.823,1905.994,1725.517,1453.179,1399.561,1325.867,1133.805,886.585,781.523,666.356,550.692,496.191,376.05,329.699,298.632,211.288,149.578,110.492,66.4,48.458,21.916,13.331,12.23,14.214,4.901,3.382,0,5.559,0,0,0,0,0,0,0,0,0,0,0,0,0,0,0,0,0,0,0,0,0,0,0,0,0,0,0,0,0,0,0,0,0,0,0,7.596,11.101,15.858,19.656,24.928,29.177,33.747,37.306,40.216,43.747,46.412,49.413,47.452,49.361,48.829,52.797,52.1,48.789,44.894,44.383,41.664,39.183,40.814,39.603,42.361,43.813,47.005,50.021,51.301,50.267,49.802,43.668,41.762,37.162,31.92,29.613,25.694,24.778,23.334,19.945,15.966,14.123,11.435,9.389,8.062,6.067,5.04,4.456,3.163,2.254,1.575,0.923,0.687,0.358,0.172,0.155,0.177,0.06,0.04,0,0.063,0.041,0,0,0,0
2026-09-07 06:55:00,1,"Normal Scan","Normal Scan",0,"ON",1,1,1,737.9,5,20.5,97.7,55.1,0.0000000690312,0.0000182049,4.97,8976.18,8.8,736.5,1,"Up Scan","Positive",254,0,4.37,1.6,8,8,0,1,1,17.455,29.402,21.429,9.647,2.033,11426.3,51,21.4,NA,0,0,0,0,0,0,0,0,0,0,0,0,0,0,0,0,0,0,0,0,0,0,0,0,0,0,0,0,0,0,0,27411.076,25369.825,22264.397,22732.599,21258.022,18956.03,17505.833,16443.387,14998.819,12792.564,10886.554,9975.713,12374.737,13114.693,11229.423,8857.111,8003.828,7270.781,6679.46,6128.102,5675.914,5446.595,5512.995,5281.029,5338.794,5130.436,4906.731,4557.071,4127.44,3701.192,3156.325,2636.598,2291.579,1870.696,1628.021,1475.8,1334.732,1201.541,1092.153,898.707,812.721,648.086,574.366,471.802,406.042,338.049,272.635,189.515,145.588,87.199,61.667,42.452,27.192,16.236,13.726,7.888,4.873,3.382,1.753,0,0,0,0,0,0,0,0,0,0,0,0,0,0,0,0,0,0,0,0,0,0,0,0,0,0,0,0,0,0,0,0,0,0,0,0,8.065,11.041,14.889,17.802,23.479,27.75,30.435,33.684,37.374,39.577,38.687,37.284,38.462,52.981,61.787,58.222,50.453,49.814,49.414,49.345,49.237,49.407,50.998,54.935,55.838,59.393,59.93,59.618,57.858,54.709,51.343,46.101,40.745,36.764,31.633,28.412,25.934,23.917,21.483,19.29,16.325,13.993,11.271,9.452,7.645,6.427,5.201,4.114,2.823,2.143,1.236,0.865,0.576,0.377,0.21,0.174,0.098,0.06,0.04,0.02,0,0.015,0,0,0,0
2026-09-07 07:00:00,1,"Normal Scan","Normal Scan",0,"ON",1,1,1,737.9,5,20.4,97.7,54.5,0.0000000690013,0.0000182001,4.97,8976.18,8.8,736.5,1,"Up Scan","Positive",254,0,4.37,1.6,8,8,0,1,1,16.431,29.84,21.078,9.647,2.095,10435.3,51,21.3,NA,0,0,0,0,0,0,0,0,0,0,0,0,0,0,0,0,0,0,0,0,0,0,0,0,0,0,0,0,0,0,0,28556.418,23495.527,24483.764,22294.413,19818.043,18395.845,16826.548,14728.682,13555.225,12589.145,10655.089,9267.855,8493.511,7614.001,6910.553,6344.15,5919.03,5440.328,5228.195,5033.237,4997.002,4638.854,4596.825,4596.201,4493.389,4573.417,4725.781,4707.474,4232.654,3695.38,3348.492,2896.508,2429.176,2091.614,1769.947,1548.955,1400.739,1240.996,1115.643,954.91,846.807,654.276,541.013,483.468,435.474,355.451,254.959,196.787,161.312,110.805,59.221,55.286,19.178,19.154,18.332,11.051,3.259,1.698,0,0,0,0,0,0,0,0,0,0,0,0,0,0,0,0,0,0,0,0,0,0,0,0,0,0,0,0,0,0,0,0,0,0,0,0,0,6.962,11.574,13.752,19.443,23.015,25.85,29.5,32.381,33.446,35.692,37.99,36.429,35.567,36.332,36.099,36.098,36.395,37.023,37.175,38.853,40.592,43.574,44.041,46.841,49.675,51.115,54.513,58.326,59.884,56.593,51.75,48.682,44.324,38.783,34.792,30.707,27.107,24.597,22.12,20.152,16.965,14.728,11.375,9.181,7.903,6.954,5.403,3.859,2.969,2.401,1.548,0.823,0.743,0.302,0.249,0.233,0.138,0.04,0.02,0,0,0.046,0,0,0,0
2026-09-07 07:05:00,1,"Normal Scan","Normal Scan",0,"ON",1,1,1,738.2,5,20.7,97.8,54.9,0.0000000690204,0.0000182145,4.97,8976.18,8.8,736.5,1,"Up Scan","Positive",254,0,4.37,1.6,8,8,0,1,1,16.806,28.293,20.841,9.647,2,12698.6,51,21.4,NA,0,0,0,0,0,0,0,0,0,0,0,0,0,0,0,0,0,0,0,0,0,0,0,0,0,0,0,0,0,0,0,27811.401,26358.91,25591.667,25466.889,26397.703,24288.428,22532.279,21034.354,18489.246,17217.211,14962.996,14174.774,13046.948,11243.033,9335.129,7664.576,6154.627,5294.622,4697.399,4695.661,5398.186,6288.109,7492.299,7480.315,6578.546,5800.984,5240.772,4845.297,4483.234,3906.694,3448.574,2873.851,2502.192,2153.53,1762.36,1626.697,1318.371,1166.022,958.515,845.733,786.203,571.562,524.586,421.451,324.62,271.043,221.592,182.613,151.943,97.449,79.555,38.239,23.343,9.861,7.637,6.353,6.502,1.67,1.753,0,0,0,0,0,0,0,0,0,0,0,0,0,0,0,0,0,0,0,0,0,0,0,0,0,0,0,0,0,0,0,0,0,0,0,0,7.048,11.198,15.396,20.419,26.335,34.436,39.025,43.407,47.766,48.672,51.963,51.092,54.168,55.461,52.785,48.309,43.81,39.012,37.397,36.546,39.327,47.695,58.512,73.066,77.158,72.189,67.377,63.748,61.863,59.599,54.071,49.768,43.548,38.977,34.929,29.848,27.446,23.136,20.458,16.951,15.065,13.459,9.935,8.892,7.031,5.23,4.179,3.297,2.666,2.232,1.386,1.097,0.52,0.307,0.128,0.097,0.079,0.08,0.02,0.02,0,0,0,0,0,0
2026-09-07 07:10:00,1,"Normal Scan","Normal Scan",0,"ON",1,1,1,737.8,5,20.2,97.8,55,0.0000000688709,0.0000181905,4.97,8976.18,8.8,736.5,1,"Up Scan","Positive",254,0,4.37,1.6,8,8,0,1,1,16.155,26.205,19.485,9.647,1.937,10774.5,51,21.2,NA,0,0,0,0,0,0,0,0,0,0,0,0,0,0,0,0,0,0,0,0,0,0,0,0,0,0,0,0,0,0,0,25878.813,25364.788,23901.239,22230.031,20624.782,21807.313,20065.51,19303.179,18226.744,16301.378,14696.139,12745.461,10787.782,8867.236,7389.381,6285.27,5452.28,5158.974,4782.995,4283.702,4216.338,3843.126,3592.61,3287.656,3127.808,3113.008,3135.01,3087.587,2992.012,2759.525,2476.215,2147.486,1799.1,1605.415,1418.625,1186.515,1067.831,969.437,864.693,710.482,565.852,551.427,483.599,376.871,304.799,271.43,213.349,140.524,113.242,63.201,58.826,19.053,25.072,11.822,13.778,3.123,4.928,3.34,1.726,5.452,0,0,0,0,0,0,0,0,0,0,0,0,0,0,0,0,0,0,0,0,0,0,0,0,0,0,0,0,0,0,0,0,0,0,0,7.237,10.576,14.938,19.029,23.08,26.929,35.026,38.624,43.807,48.036,49.153,50.126,48.739,45.962,41.811,38.382,35.86,34.008,34.946,35.035,34.092,36.161,35.762,35.965,35.464,35.892,37.605,39.22,40.056,40.543,38.759,36.301,32.873,29.155,26.71,23.875,20.998,19.194,17.268,15.276,12.67,10.182,9.378,7.91,6.196,4.665,4.246,3.189,2.181,1.641,0.941,0.823,0.275,0.396,0.153,0.175,0.039,0.06,0.04,0.02,0.062,0.031,0,0,0,0
2026-09-07 07:15:00,1,"Normal Scan","Normal Scan",0,"ON",1,1,1,738.2,5,20.8,97.8,54.6,0.0000000690503,0.0000182193,4.97,8976.18,8.8,736.5,1,"Up Scan","Positive",254,0,4.37,1.6,8,8,0,1,1,19.061,25.833,20.794,9.647,1.817,14654.1,51,21.4,NA,0,0,0,0,0,0,0,0,0,0,0,0,0,0,0,0,0,0,0,0,0,0,0,0,0,0,0,0,0,0,0,30750.362,27600.681,27335.91,25432.573,24089.624,22878.244,21263.282,19896.413,18572.802,17449.291,15610.748,16110.093,19343.441,20069.843,19259.71,18736.571,17450.961,16324.678,13793.251,12469.464,10904.651,9145.501,7047.871,5530.937,4391.123,3629.81,3175.569,2730.931,2611.454,2225.184,1853.316,1730.064,1407.198,1225.301,1019.76,822.362,777.945,643.655,602.346,500.805,445.526,415.945,288.091,276.658,232.377,209.874,194.372,149.691,99.86,59.036,52.465,27.33,25.289,17.67,7.625,7.888,3.244,3.396,0,1.795,0,0,0,0,0,0,0,0,0,0,0,0,0,0,0,0,0,0,0,0,0,0,0,0,0,0,0,0,0,0,0,0,0,0,0,8.269,12.483,16.215,21.733,26.363,31.357,36.718,40.961,45.297,49.139,52.891,53.797,62.399,83.211,95.106,100.227,106.547,107.754,108.699,98.907,95.862,89.667,80.366,66.473,55.926,47.346,41.703,38.598,34.753,34.523,30.815,27.024,25.86,22.374,20.062,17.396,14.881,13.758,11.793,10.94,9.355,8.139,7.413,5.026,4.615,3.762,3.328,2.979,2.21,1.496,0.84,0.732,0.383,0.365,0.229,0.097,0.098,0.04,0.04,0,0.021,0.027,0,0,0,0
2026-09-07 07:20:00,1,"Normal Scan","Normal Scan",0,"ON",1,1,1,738.2,5,20.7,97.8,55,0.0000000690204,0.0000182145,4.97,8976.18,8.8,736.5,1,"Up Scan","Positive",254,0,4.37,1.6,8,8,0,1,1,14.792,22.737,17.55,9.647,1.824,10575.8,51,21.4,NA,0,0,0,0,0,0,0,0,0,0,0,0,0,0,0,0,0,0,0,0,0,0,0,0,0,0,0,0,0,0,0,32553.948,29722.365,27541.206,26055.922,22827.005,22027.507,20038.561,18591.281,16805.423,14777.725,13321.334,11533.167,9916.821,8562.147,6941.866,5851.619,4853.651,4111.87,3531.645,3411.532,3374.073,3180.953,2957.978,2679.841,2476.52,2017.767,1931.279,1903.137,1786.13,1580.765,1486.251,1244.751,1223.415,1038.201,889.933,799.626,670.419,588.531,532.639,506.74,442.302,419.911,323.945,320.622,309.335,199.051,182.998,140.697,72.792,62.872,31.507,23.622,14.212,13.356,1.509,1.562,6.543,8.406,3.451,0,0,0,0,0,0,0,0,0,0,0,0,0,0,0,0,0,0,0,0,0,0,0,0,0,0,0,0,0,0,0,0,0,0,0,0,8.75,13.141,17.389,21.906,27.023,29.762,35.39,38.565,42.19,44.209,44.515,45.422,44.09,42.175,40.198,35.932,33.227,30.148,27.851,26.001,27.071,28.515,28.824,28.843,27.912,27.526,24.018,24.058,25.164,24.265,22.587,22.153,19.456,19.596,17.549,15.735,14.56,12.441,11.383,10.156,9.22,8.07,7.144,5.47,5.135,4.765,3.101,2.788,2.021,1.063,0.972,0.475,0.318,0.205,0.172,0.019,0.02,0.08,0.101,0.041,0,0.014,0,0,0,0
2026-09-07 07:25:00,1,"Normal Scan","Normal Scan",0,"ON",1,1,1,737.9,5,20.3,97.8,54.9,0.0000000689008,0.0000181953,4.97,8976.18,8.8,736.5,1,"Up Scan","Positive",254,0,4.37,1.6,8,8,0,1,1,17.604,23.563,19.432,9.647,1.742,15518.8,51,21.3,NA,0,0,0,0,0,0,0,0,0,0,0,0,0,0,0,0,0,0,0,0,0,0,0,0,0,0,0,0,0,0,0,35811.836,30655.048,30109.744,28704.183,27580.998,26337.493,25668.951,24167.05,22779.612,21805.226,19190.706,18813.479,17430.621,18515.888,19119.907,18879.94,17759.143,16677.415,15228.997,12976.731,9795.718,7711.541,5667.99,4006.358,3002.949,2227.48,1798.225,1652.352,1368.472,1335.677,1121.812,1131.429,890.037,870.662,750.94,629.381,603.854,500.126,477.743,459.617,406.414,355.905,319.256,284.501,246.909,215.786,154.764,126.543,94.181,73.453,30.638,30.472,12.963,10.375,6.102,3.123,4.86,8.476,0,1.781,0,0,0,0,0,0,0,0,0,0,0,0,0,0,0,0,0,0,0,0,0,0,0,0,0,0,0,0,0,0,0,0,0,0,0,9.231,14.496,17.925,24.001,29.684,35.988,42.29,49.522,55.02,60.193,66.027,65.989,72.633,75.151,88.1,99.683,107.104,109.201,110.482,108.188,98.735,79.701,66.941,52.63,39.99,32.126,25.569,22.287,21.428,18.802,19.108,17.014,17.565,14.841,14.946,13.514,11.837,11.326,9.854,9.134,8.564,7.354,6.307,5.484,4.607,3.963,3.299,2.34,1.9,1.382,1.057,0.463,0.427,0.189,0.134,0.078,0.039,0.06,0.101,0,0.021,0.015,0,0,0,0
2026-09-07 07:30:00,1,"Normal Scan","Normal Scan",0,"ON",1,1,1,737.9,5,20.3,97.8,54.8,0.0000000689008,0.0000181953,4.97,8976.18,8.8,736.5,1,"Up Scan","Positive",254,0,4.37,1.6,8,8,0,1,1,18.75,24.563,20.173,9.647,1.746,13432.2,52,21.2,NA,0,0,0,0,0,0,0,0,0,0,0,0,0,0,0,0,0,0,0,0,0,0,0,0,0,0,0,0,0,0,0,25963.805,22991.945,23161.57,21376.415,20999.906,21204.641,21673.928,21362.105,21132.86,20897.086,21039.142,20161.628,19270.302,17779.185,17195.833,16296.001,15245.103,13889.888,12866.729,10622.73,8219.452,6216.633,4687.854,3577.273,2921.442,2260.754,2007.546,1686.233,1613.089,1408.159,1283.638,1184.459,994.315,864.429,749.012,669.271,506.043,517.014,448.585,403.553,371.042,406.156,336.221,288.777,243.895,192.338,198.534,142.003,88.477,71.71,43.473,30.107,17.428,16.273,9.133,9.53,8.213,2.137,3.023,1.808,0,0,0,0,0,0,0,0,0,0,0,0,0,0,0,0,0,0,0,0,0,0,0,0,0,0,0,0,0,0,0,0,0,0,0,6.932,10.584,13.455,18.502,22.11,27.397,34.146,41.881,48.656,55.875,63.236,72.131,77.573,82.663,84.301,89.442,92.376,93.556,92.006,91.519,81.142,67.176,54.51,44.062,36.056,31.559,26.239,24.642,21.955,21.726,20.011,18.765,18.167,16.163,14.701,13.269,12.634,10.189,10.033,8.71,7.883,7.066,7.175,5.684,4.829,3.928,3.021,3.035,2.127,1.364,1.062,0.622,0.427,0.264,0.21,0.116,0.118,0.099,0.025,0.035,0.021,0.03,0,0,0,0
2026-09-07 07:35:00,1,"Normal Scan","Normal Scan",0,"ON",1,1,1,738.2,5,20.8,97.8,55.2,0.0000000690503,0.0000182193,4.97,8976.18,8.8,736.5,1,"Up Scan","Positive",254,0,4.37,1.6,8,8,0,1,1,19.449,24.993,20.565,9.647,1.75,12612.7,52,21.4,NA,0,0,0,0,0,0,0,0,0,0,0,0,0,0,0,0,0,0,0,0,0,0,0,0,0,0,0,0,0,0,0,22865.143,22184.076,21149.65,19354.304,19236.626,18830.581,18972.71,18330.234,18629.493,17889.456,19037.022,19094.644,19298.598,18451.699,17677.824,16529.422,15437.717,13984.961,12235.705,10269.049,8287.397,6036.714,4725.444,3582.109,2943.212,2288.456,1864.687,1738.46,1554.843,1439.01,1400.177,1149.806,1035.488,874.754,717.966,549.661,504.039,455.712,404.49,337.278,363.527,334.729,296.271,272.845,223.914,196.88,164.133,128.548,71.761,78.389,42.934,29.391,11.821,10.35,9.121,9.463,4.86,3.354,3.493,1.795,0,0,0,0,0,0,0,0,0,0,0,0,0,0,0,0,0,0,0,0,0,0,0,0,0,0,0,0,0,0,0,0,0,0,0,6.694,9.259,13.008,16.875,20.065,25.08,30.295,36.618,41.754,49.301,54.156,65.346,73.524,82.707,87.33,91.771,93.689,94.645,92.592,87.058,78.462,67.74,52.912,44.397,36.117,31.754,26.714,23.078,22.404,21.114,20.046,19.973,17.462,16.408,14.348,12.705,10.534,9.782,8.972,7.96,6.779,6.827,5.858,5.147,4.547,3.634,3.029,2.494,1.95,1.128,1.123,0.604,0.427,0.207,0.134,0.116,0.118,0.06,0.04,0.041,0.021,0.041,0,0,0,0
2026-09-07 07:40:00,1,"Normal Scan","Normal Scan",0,"ON",1,1,1,738,5,20.5,97.8,55.4,0.0000000689606,0.0000182049,4.97,8976.18,8.8,736.5,1,"Up Scan","Positive",254,0,4.37,1.6,8,8,0,1,1,16.81,24.129,19.006,9.647,1.815,8448.15,51,21.3,NA,0,0,0,0,0,0,0,0,0,0,0,0,0,0,0,0,0,0,0,0,0,0,0,0,0,0,0,0,0,0,0,23520.583,20179.818,17720.883,16132.113,14836.783,13770.89,13475.219,12926.879,12824.332,11629.281,11210.324,10724.321,10339.171,10210.894,9868.584,9197.281,7885.194,6179.528,4908.344,3996.008,3329.78,3157.838,3058.233,2490.509,2021.649,1665.138,1323.865,1238.902,1143.41,1097.316,968.742,873.672,858.449,685.569,565.437,562.152,492.17,420.06,337.452,373.515,342.494,313.13,285.81,241.883,232.027,191.252,163.969,124.739,91.927,54.328,36.195,26.307,10.129,11.809,4.58,4.778,3.231,0,0,1.808,0,0,0,0,0,0,0,0,0,0,0,0,0,0,0,0,0,0,0,0,0,0,0,0,0,0,0,0,0,0,0,0,0,0,0,6.089,9.479,11.801,14.049,16.696,19.381,22.168,25.988,29.402,33.867,35.167,38.424,41.267,44.213,48.108,50.905,51.797,48.392,41.26,35.448,31.081,27.818,28.08,28.875,25.265,22.004,19.376,16.578,16.338,15.657,15.811,14.474,13.858,13.674,11.848,10.517,10.573,9.535,8.24,7.081,7.211,6.337,5.717,4.851,3.931,3.725,2.887,2.459,1.83,1.382,0.756,0.494,0.371,0.151,0.153,0.058,0.059,0.04,0,0,0.021,0.015,0,0,0,0
2026-09-07 07:45:00,1,"Normal Scan","Normal Scan",0,"ON",1,1,1,737.7,5,20.1,97.8,55.3,0.000000068841,0.0000181857,4.97,8976.18,8.8,736.5,1,"Up Scan","Positive",254,0,4.37,1.6,8,8,0,1,1,18.782,24.591,20.175,9.647,1.749,12108.5,52,21.2,NA,0,0,0,0,0,0,0,0,0,0,0,0,0,0,0,0,0,0,0,0,0,0,0,0,0,0,0,0,0,0,0,22938.256,22067.956,21321.287,20598.284,19294.904,19406.104,18896.745,18285.893,18186.166,17120.752,16362.658,16154.775,15371.507,15936.212,17912.695,18624.978,17296.061,14853.161,11293.838,8106.53,6093.227,4737.908,3910.872,3072.359,2712.126,1974.447,1720.635,1453.766,1364.269,1127.378,1074.486,978.718,936.582,845.643,697.061,641.394,539.845,468.993,453.154,354.751,334.617,330.574,314.917,274.993,235.179,218.027,182.03,101.906,101.681,64.761,35.885,25.686,25.658,11.759,12.282,4.738,3.272,0,1.726,5.398,0,0,0,0,0,0,0,0,0,0,0,0,0,0,0,0,0,0,0,0,0,0,0,0,0,0,0,0,0,0,0,0,0,0,0,6.54,9.232,12.969,17.021,21.344,25.188,31.186,36.553,41.61,48.171,51.966,56.42,62.595,66.28,75.703,92.727,104.813,105.487,97.905,80.264,62.168,50.065,41.744,36.795,31.05,28.944,22.859,21.201,19.137,18.637,16.581,16.157,15.298,15.205,14.185,12.39,11.756,10.498,9.176,8.686,7.228,6.429,5.801,5.475,4.535,3.717,3.435,2.724,1.607,1.472,0.919,0.508,0.395,0.339,0.153,0.155,0.059,0.04,0,0.02,0.062,0,0,0,0,0
2026-09-07 07:50:00,1,"Normal Scan","Normal Scan",0,"ON",1,1,1,738.2,5,20.7,97.8,54.9,0.0000000690204,0.0000182145,4.97,8976.18,8.8,736.5,1,"Up Scan","Positive",254,0,4.37,1.6,8,8,0,1,1,18.585,25.683,20.308,9.647,1.844,9435.95,52,21.4,NA,0,0,0,0,0,0,0,0,0,0,0,0,0,0,0,0,0,0,0,0,0,0,0,0,0,0,0,0,0,0,0,23924.611,21302.354,19132.606,16784.514,15529.497,12815.992,12360.125,11486.47,11278.248,10680.6,11332.056,11102.568,12094.947,12433.945,12224.569,11820.302,10729.116,10559.838,8654.925,6948.339,5832.035,4585.956,3625.479,3242.45,2792.767,2454.487,2210.178,1814.218,1608.894,1384.924,1197.881,1007.829,904.002,791.338,708.447,672.665,513.693,493.486,421.827,389.848,298.065,309.01,294.751,253.787,230.277,177.264,180.581,124.953,80.498,53.428,35.796,25.732,17.26,2.943,3.057,3.123,4.887,1.698,3.493,1.822,0,0,0,0,0,0,0,0,0,0,0,0,0,0,0,0,0,0,0,0,0,0,0,0,0,0,0,0,0,0,0,0,0,0,0,6.703,9.737,12.474,15.193,17.386,20.222,20.561,23.874,26.122,29.839,32.451,39.022,42.967,52.05,58.89,63.466,66.929,65.893,69.984,61.929,53.647,48.374,40.824,34.732,32.914,30.078,28.016,26.44,23.204,21.534,19.647,17.658,15.64,14.728,13.511,12.272,11.979,9.937,9.485,8.075,7.462,5.81,5.584,4.872,4.156,3.633,2.754,2.651,1.847,1.167,0.759,0.529,0.353,0.245,0.038,0.039,0.039,0.06,0.02,0.041,0.021,0,0,0,0,0
2026-09-07 07:55:00,1,"Normal Scan","Normal Scan",0,"ON",1,1,1,738.2,5,20.7,97.8,55.4,0.0000000690204,0.0000182145,4.97,8976.18,8.8,736.5,1,"Up Scan","Positive",254,0,4.37,1.6,8,8,0,1,1,17.466,23.154,19.102,9.647,1.724,11496,51,21.4,NA,0,0,0,0,0,0,0,0,0,0,0,0,0,0,0,0,0,0,0,0,0,0,0,0,0,0,0,0,0,0,0,25094.31,24581.884,22279.082,20237.147,20952.115,19833.899,19388.399,18381.931,17965.732,16658.008,15236.52,14899.47,14944.526,15440.81,16531.331,15244.91,12953.777,11401.382,8852.612,6906.785,5089.483,3867.861,2904.313,2518.081,1870.583,1480.491,1356.49,1158.804,1031.807,969.112,925.922,856.754,798.602,643.059,609.685,480.812,504.796,382.195,390.629,320.177,242.685,295.052,246.2,231.564,229.835,187.446,151.074,112.137,68.355,59.685,45.988,9.852,14.252,13.293,9.134,6.353,0,3.382,0,1.781,0,0,0,0,0,0,0,0,0,0,0,0,0,0,0,0,0,0,0,0,0,0,0,0,0,0,0,0,0,0,0,0,0,0,0,6.559,10.16,14.441,17.739,20.919,27.337,31.891,37.339,41.831,47.455,50.471,52.376,57.442,64.148,72.938,85.382,85.737,79.049,75.099,62.937,52.667,41.7,34.001,27.419,25.375,20.306,17.339,16.864,15.37,14.228,14.097,13.925,13.404,12.884,11.127,10.567,9.242,9.421,7.636,7.69,6.357,4.875,5.208,4.257,3.885,3.548,2.875,2.325,1.673,1.007,0.848,0.64,0.149,0.188,0.172,0.116,0.079,0,0.04,0,0.021,0,0,0,0,0
2026-09-07 08:00:00,1,"Normal Scan","Normal Scan",0,"ON",1,1,1,737.9,5,20.4,97.8,55.2,0.0000000689307,0.0000182001,4.97,8976.18,8.8,736.5,1,"Up Scan","Positive",254,0,4.37,1.6,8,8,0,1,1,16.248,23.144,18.566,9.647,1.771,11970.2,51,21.3,NA,0,0,0,0,0,0,0,0,0,0,0,0,0,0,0,0,0,0,0,0,0,0,0,0,0,0,0,0,0,0,0,28058.495,26386.779,26936.945,25526.522,24422.5,23767.895,21702.313,20178.512,18652.093,18241.993,16747.702,16167.511,14513.97,12855.496,10926.4,9256.257,8286.163,7596.827,6762.455,6127.681,5738.241,4991.446,4105.439,3501.031,2976.042,2402.8,2112.63,1746.171,1532.604,1266.405,1030.3,950.945,944.445,839.172,794.925,679.587,646.069,532.866,447.723,417.626,341.415,336.577,272.998,264.297,246.591,193.998,180.538,134.155,69.724,70.534,49.768,34.944,28.556,14.783,15.236,7.941,6.516,3.424,0,3.603,0,0,0,0,0,0,0,0,0,0,0,0,0,0,0,0,0,0,0,0,0,0,0,0,0,0,0,0,0,0,0,0,0,0,0,8.396,11.403,15.545,21.464,26.438,31.853,38.192,41.866,45.86,49.24,55.054,57.196,61.935,61.928,60.647,56.706,52.708,51.31,50.97,48.944,47.646,47.656,44.195,38.803,35.288,31.755,27.138,25.514,22.4,20.843,18.48,15.997,15.338,15.368,14.161,13.828,12.364,11.728,10.13,8.664,7.976,6.673,6.017,4.723,4.531,4.012,3.104,2.806,2.022,1.081,1.008,0.713,0.502,0.377,0.191,0.194,0.098,0.08,0.04,0,0.041,0,0,0,0,0
2026-09-07 08:05:00,1,"Normal Scan","Normal Scan",0,"ON",1,1,1,737.9,5,20.3,97.8,54.8,0.0000000689008,0.0000181953,4.97,8976.18,8.8,736.5,1,"Up Scan","Positive",254,0,4.37,1.6,8,8,0,1,1,14.662,23.082,17.735,9.647,1.843,8172.06,51,21.2,NA,0,0,0,0,0,0,0,0,0,0,0,0,0,0,0,0,0,0,0,0,0,0,0,0,0,0,0,0,0,0,0,27079.695,23647.077,21191.323,19894.389,18163.065,16487.87,14244.036,13242.053,11412.492,9940.429,8752.265,8081.972,6656.264,5838.243,5272.345,4785.664,4524.222,4144.026,3986.964,4228.412,4025.142,3640.774,3323.561,2601.09,1895.838,1574.366,1379.651,1186.91,1050.788,1003.384,915.727,848.814,763.156,693.835,605.031,554.014,533.034,467.318,422.559,349.464,301.132,278.438,286.74,245.235,213.711,184.342,156.934,141.217,91.634,67.131,52.385,30.176,15.796,8.891,3.045,6.367,1.629,3.368,5.274,5.357,0,0,0,0,0,0,0,0,0,0,0,0,0,0,0,0,0,0,0,0,0,0,0,0,0,0,0,0,0,0,0,0,0,0,0,7.902,11.003,13.792,16.859,20.586,23.69,26.494,27.43,30.065,30.015,29.956,29.891,30.986,28.441,27.634,27.602,27.495,28.34,28.216,29.091,32.793,33.325,32.175,31.176,26.155,20.531,18.413,17.088,15.628,14.781,14.55,14.053,13.622,12.675,11.988,10.807,10.202,10.172,9.03,8.076,6.856,5.982,5.227,4.893,4.196,3.535,2.851,2.367,2.089,1.37,0.953,0.744,0.489,0.226,0.115,0.039,0.079,0.02,0.04,0.061,0.062,0.015,0,0,0,0
2026-09-07 08:10:00,1,"Normal Scan","Normal Scan",0,"ON",1,1,1,738.3,5,20.9,97.8,55,0.0000000690802,0.0000182241,4.97,8976.18,8.8,736.5,1,"Up Scan","Positive",254,0,4.37,1.6,8,8,0,1,1,16.401,24.992,19.377,9.647,1.869,7529.65,51,21.4,NA,0,0,0,0,0,0,0,0,0,0,0,0,0,0,0,0,0,0,0,0,0,0,0,0,0,0,0,0,0,0,0,20897.775,19714.564,16421.343,15750.78,13214.327,12998.569,12215.394,10736.613,9644.193,8212.648,7494.691,7270.613,7766.954,8282.619,8862.253,7702.643,6711.601,5359.824,4767.022,4550.697,4029.758,3589.877,3507.787,3229.1,2852.058,2161.658,1691.42,1329.054,1154.114,980.91,925.299,829.852,831.533,743.51,633.495,536.926,484.825,430.305,334.97,286.124,282.86,242.548,211.951,199.523,184.318,172.953,150.385,125.918,97.379,54.725,30.866,30.634,7.803,3.285,5.757,1.575,1.615,3.368,1.74,1.808,0,0,0,0,0,0,0,0,0,0,0,0,0,0,0,0,0,0,0,0,0,0,0,0,0,0,0,0,0,0,0,0,0,0,0,6.086,8.457,11.467,13.024,16.23,17.175,20.849,23.521,24.364,25.469,24.896,25.749,28.046,33.326,39.15,45.933,43.657,41.431,36.166,34.92,35.768,33.714,32.022,32.986,32.185,30.114,24.444,20.473,17.376,15.932,14.442,13.81,13.152,13.128,12.234,10.928,9.7,8.92,8.106,6.705,5.729,5.435,4.676,3.803,3.271,3.007,2.612,2.226,1.842,1.404,0.792,0.439,0.427,0.113,0.042,0.073,0.02,0.02,0.04,0.02,0.021,0.008,0,0,0,0
2026-09-07 08:15:00,1,"Normal Scan","Normal Scan",0,"ON",1,1,1,738.1,5,20.6,97.8,55.1,0.0000000689905,0.0000182097,4.97,8976.18,8.8,736.5,1,"Up Scan","Positive",254,0,4.37,1.6,8,8,0,1,1,14.625,23.287,17.664,9.647,1.858,8246.1,51,21.4,NA,0,0,0,0,0,0,0,0,0,0,0,0,0,0,0,0,0,0,0,0,0,0,0,0,0,0,0,0,0,0,0,25456.456,24260.342,21489.78,20725.622,17990.585,17354.994,17441.822,15556.368,12629.745,10378.523,8567.52,6615.728,5955.297,4926.008,4628.583,4344.618,3987.148,3578.418,3441.001,3433.16,3389.844,3219.125,3288.655,2741.696,2325.086,1774.045,1469.496,1421.045,1178.95,1130.216,1079.392,1020.6,832.694,670.554,630.711,586.147,474.523,469.71,492.339,444.393,391.489,388.438,330.601,307.79,245.857,247.333,174.226,110.758,83.711,66.266,42.001,22.171,11.466,13.28,16.797,6.33,3.258,3.382,1.74,7.247,0,0,0,0,0,0,0,0,0,0,0,0,0,0,0,0,0,0,0,0,0,0,0,0,0,0,0,0,0,0,0,0,0,0,0,6.689,10.291,14.238,17.074,21.407,23.429,27.832,33.634,35.239,33.193,31.246,29.234,25.367,25.431,23.337,24.191,24.919,24.993,24.528,25.386,27.129,28.391,28.741,31.089,27.69,25.086,20.787,18.406,18.335,16.196,16.346,16.092,15.859,14.123,12.236,11.821,11.44,9.682,9.455,9.374,8.57,7.145,6.728,5.623,5.052,3.869,3.758,2.675,1.743,1.24,0.954,0.604,0.316,0.189,0.172,0.213,0.079,0.04,0.04,0.02,0.082,0,0,0,0,0
2026-09-07 08:20:00,1,"Normal Scan","Normal Scan",0,"ON",1,1,1,737.8,5,20.2,97.8,55,0.0000000688709,0.0000181905,4.97,8976.18,8.8,736.5,1,"Up Scan","Positive",254,0,4.37,1.6,8,8,0,1,1,14.242,22.725,17.217,9.647,1.849,10074.9,51,21.3,NA,0,0,0,0,0,0,0,0,0,0,0,0,0,0,0,0,0,0,0,0,0,0,0,0,0,0,0,0,0,0,0,33154.023,31055.1,28375.151,25563.97,23264.009,21925.876,20030.505,17855.319,15376.442,12963.937,11059.289,9253.007,7910.083,6201.056,5221.876,4602.312,3798.339,3556.588,3278.304,3024.831,2943.56,2829.898,2790.097,2613.87,2487.474,2310.501,2030.781,1895.311,1775.516,1668.49,1442.252,1219.818,1139.669,1030.465,888.048,800.534,688.502,627.519,539.414,495.517,418.733,374.466,334.35,341.539,281.058,262.22,194.031,141.597,120.468,84.947,61.182,23.296,16.194,17.657,9.153,15.816,4.887,5.024,1.767,1.795,0,0,0,0,0,0,0,0,0,0,0,0,0,0,0,0,0,0,0,0,0,0,0,0,0,0,0,0,0,0,0,0,0,0,0,10.339,13.441,18.196,22.569,26.401,30.321,35.291,38.569,40.436,40.453,38.98,37.675,35.378,33.658,29.236,27.117,26.246,23.734,24.226,24.204,24.207,25.303,25.989,27.281,27.424,27.588,27.036,25.131,24.744,24.238,23.711,21.561,19.192,18.644,17.4,15.638,14.503,12.805,12.057,10.504,9.609,7.818,6.844,5.87,5.672,4.493,4.019,2.966,2.146,1.819,1.247,0.837,0.347,0.213,0.23,0.116,0.197,0.06,0.06,0.02,0.021,0,0,0,0,0
2026-09-07 08:25:00,1,"Normal Scan","Normal Scan",0,"ON",1,1,1,737.8,5,20.2,97.8,54.9,0.0000000688709,0.0000181905,4.97,8976.18,8.8,736.5,1,"Up Scan","Positive",254,0,4.37,1.6,8,8,0,1,1,14.647,24.099,17.962,9.647,1.905,7413.58,52,21.2,NA,0,0,0,0,0,0,0,0,0,0,0,0,0,0,0,0,0,0,0,0,0,0,0,0,0,0,0,0,0,0,0,24790.44,22113.868,19155.777,18854.453,15528.632,14402.726,13127.189,11827.16,10426.077,9406.155,8413.548,7271.151,6933.627,5442.058,4308.697,3741.737,3217.649,3019.018,2824.762,2421.918,2494.877,2710.804,2524.498,2455.07,2204.748,1841.158,1563.63,1434.417,1272.14,1181.153,1199.085,1137.993,1046.491,976.407,928.977,821.179,757.37,579.551,453.647,383.798,323.237,261.928,215.137,291.897,214.632,179.761,151.687,139.736,97.357,80.483,39.192,9.35,12.652,9.156,3.058,3.163,3.285,0,5.246,0,0,0,0,0,0,0,0,0,0,0,0,0,0,0,0,0,0,0,0,0,0,0,0,0,0,0,0,0,0,0,0,0,0,0,0,7.265,10.034,12.887,15.298,19.518,20.233,23.085,25.28,26.863,27.46,28.364,28.69,27.79,29.504,25.628,22.355,21.349,20.18,20.618,20.98,19.486,21.389,24.46,24.388,25.134,24.079,21.757,19.908,19.36,18.274,17.836,18.579,17.927,16.695,15.919,15.491,13.855,12.854,10.941,8.621,7.275,6.112,4.924,4.132,4.685,3.286,2.757,2.291,2.022,1.418,1.139,0.563,0.149,0.185,0.119,0.039,0.039,0.04,0,0.061,0,0.015,0,0,0,0
2026-09-07 08:30:00,1,"Normal Scan","Normal Scan",0,"ON",1,1,1,738.2,5,20.8,97.8,55.4,0.0000000690503,0.0000182193,4.97,8976.18,8.8,736.5,1,"Up Scan","Positive",254,0,4.37,1.6,8,8,0,1,1,15.996,23.453,18.448,10.366,1.811,8983.99,52,21.4,NA,0,0,0,0,0,0,0,0,0,0,0,0,0,0,0,0,0,0,0,0,0,0,0,0,0,0,0,0,0,0,0,23613.759,23970.807,20923.171,18984.621,17537.154,16130.982,14981.936,14884.301,13707.814,13230.323,12733.385,11722.679,10365.276,9456.212,7926.195,6505.593,5826.652,4901.935,4610.964,4063.214,3466.671,3308.825,3008.329,2754.755,2513.511,2056.45,1735.693,1378.547,1289.618,1099.019,1043.77,927.502,891.359,793.616,764.018,601.669,594.94,531.274,424.291,332.771,314.457,289.552,232.056,232.463,191.427,160.881,117.939,108.988,74.998,63.242,44.084,33.119,14.264,7.407,6.102,1.602,1.643,0,0,0,0,0,0,0,0,0,0,0,0,0,0,0,0,0,0,0,0,0,0,0,0,0,0,0,0,0,0,0,0,0,0,0,0,0,0,7.153,9.462,14.039,16.576,19.641,22.84,25.868,28.898,33.909,36.144,39.903,43.454,44.817,44.156,44.492,40.984,36.902,36.027,32.991,33.558,31.919,29.262,29.629,28.624,27.875,26.96,23.623,21.198,18.164,17.935,16.1,15.903,14.74,14.508,13.229,12.962,10.809,10.556,9.759,7.935,6.279,5.801,5.121,4.131,3.886,3.12,2.482,1.783,1.584,1.069,0.894,0.603,0.446,0.188,0.096,0.078,0.02,0.02,0,0,0,0,0,0,0,0
2026-09-07 08:35:00,1,"Normal Scan","Normal Scan",0,"ON",1,1,1,738.1,5,20.6,97.8,55.5,0.0000000689905,0.0000182097,4.97,8976.18,8.8,736.5,1,"Up Scan","Positive",254,0,4.37,1.6,8,8,0,1,1,18.324,25.005,19.995,9.647,1.784,10835.7,51,21.4,NA,0,0,0,0,0,0,0,0,0,0,0,0,0,0,0,0,0,0,0,0,0,0,0,0,0,0,0,0,0,0,0,21858.432,21734.218,18773.79,18459.006,17267.684,16988.727,17297.507,17121.183,17355.04,16320.25,15391.902,14904.585,14903.715,15069.927,14388.262,13800.581,12484.293,11108.766,9734.312,7623.243,5843.557,4290.263,3180.512,2418.489,1808.761,1588.892,1435.72,1193.121,1090.324,1047.113,992.19,777.452,749.025,768.074,702.964,759.721,713.366,637.702,624.882,566.264,532.382,433.617,357.5,321.904,293.293,226.552,232.987,184.779,135.983,90.843,51.516,38.923,34.54,10.592,7.598,11.051,1.656,0,1.753,0,0,0,0,0,0,0,0,0,0,0,0,0,0,0,0,0,0,0,0,0,0,0,0,0,0,0,0,0,0,0,0,0,0,0,0,6.585,8.858,12.735,14.919,19.185,22.494,27.301,33.425,39.051,45.865,49.398,52.822,57.409,63.94,71.353,74.562,77.957,76.391,73.349,69.012,58.066,47.777,37.674,29.917,24.502,19.79,18.563,17.685,15.865,15.467,15.925,16.051,13.81,13.728,14.294,13.652,14.283,13.481,12.221,11.805,10.52,9.842,7.95,6.359,5.363,4.709,3.641,3.462,2.721,1.984,1.278,0.715,0.53,0.474,0.138,0.097,0.138,0.02,0,0.02,0,0.014,0,0,0,0
2026-09-07 08:40:00,1,"Normal Scan","Normal Scan",0,"ON",1,1,1,737.9,5,20.3,97.8,55.4,0.0000000689008,0.0000181953,4.97,8976.18,8.8,736.5,1,"Up Scan","Positive",254,0,4.37,1.6,8,8,0,1,1,17.343,24.064,19.16,9.647,1.787,7885.21,52,21.3,NA,0,0,0,0,0,0,0,0,0,0,0,0,0,0,0,0,0,0,0,0,0,0,0,0,0,0,0,0,0,0,0,18516.146,16847.674,16278.483,14686.46,14050.322,13082.939,13315.181,11920.537,11768.837,11840.398,11671.617,12102.047,12057.689,11982.022,10328.218,7980.393,5751.384,4173.294,4055.57,4034.081,3494.486,2990.385,2385.702,1895.511,1754.969,1493.386,1275.986,1045.103,1024.11,830.31,798.327,758.837,743.536,672.458,677.444,579.585,491.681,434.507,408.689,327.724,291.117,267.85,249.71,197.385,171.873,150.483,138.596,88.95,77.42,47.318,41.485,27.691,17.169,11.834,12.178,6.273,3.258,0,0,0,0,0,0,0,0,0,0,0,0,0,0,0,0,0,0,0,0,0,0,0,0,0,0,0,0,0,0,0,0,0,0,0,0,0,0,5.405,7.557,9.827,12.899,15.187,18.362,21.015,25.726,27.181,31.152,35.88,39.981,46.342,51.228,56.252,53.266,45.036,35.429,28.006,29.29,31.215,29.044,26.485,22.657,19.429,18.944,17.233,15.916,13.974,14.438,12.696,12.361,12.296,12.427,11.47,11.545,10.321,9.211,8.061,7.556,6.179,5.54,4.8,4.297,3.336,2.818,2.358,2.125,1.382,1.134,0.666,0.567,0.372,0.226,0.153,0.155,0.079,0.04,0,0,0,0,0,0,0,0
2026-09-07 08:45:00,1,"Normal Scan","Normal Scan",0,"ON",1,1,1,737.6,5,20,97.8,55.4,0.0000000688111,0.0000181809,4.97,8976.18,8.8,736.5,1,"Up Scan","Positive",254,0,4.37,1.6,8,8,0,1,1,21.583,27.5,22.382,22.876,1.784,9159.65,52,21.2,NA,0,0,0,0,0,0,0,0,0,0,0,0,0,0,0,0,0,0,0,0,0,0,0,0,0,0,0,0,0,0,0,14139.387,13162.288,12281.66,11420.019,11544.096,11830.066,11413.14,11545.435,12731.667,13200.191,13834.027,14009.532,14635.074,13854.253,12015.209,11363.736,12972.642,14092.35,12975.694,10785.271,8405.178,5798.274,4395.185,3190.08,2163.626,1724.199,1372.684,1071.436,1057.017,917.102,924.958,776.294,857.704,813.76,739.707,777.945,673.452,599.346,512.461,418.608,393.518,277.113,281.598,272.993,190.402,175.067,149.951,113.602,80.191,57.63,32.031,27.646,16.051,14.757,6.141,4.752,4.942,3.382,5.232,7.151,0,0,0,0,0,0,0,0,0,0,0,0,0,0,0,0,0,0,0,0,0,0,0,0,0,0,0,0,0,0,0,0,0,0,0,4.329,5.737,7.682,9.824,11.803,15.059,19.055,22.131,26.42,33.74,40.056,47.509,54.109,63.08,66.072,63.062,65.052,79.906,93.234,92.035,81.88,68.226,50.33,40.684,31.656,23.202,19.93,17.068,14.726,15.258,14.226,14.961,13.279,14.474,14.064,13.169,13.303,12.076,11.085,9.077,7.769,7.117,5.031,4.894,4.456,3.083,2.77,2.316,1.736,1.196,0.865,0.494,0.446,0.264,0.191,0.078,0.059,0.06,0.04,0.061,0.082,0.047,0,0,0,0
2026-09-07 08:50:00,1,"Normal Scan","Normal Scan",0,"ON",1,1,1,738,5,20.5,97.8,55.1,0.0000000689606,0.0000182049,4.97,8976.18,8.8,736.5,1,"Up Scan","Positive",254,0,4.37,1.6,8,8,0,1,1,18.568,33.951,23.429,9.647,2.176,5752.22,52,21.2,NA,0,0,0,0,0,0,0,0,0,0,0,0,0,0,0,0,0,0,0,0,0,0,0,0,0,0,0,0,0,0,0,12038.568,11868.581,11371.104,10822.091,9860.349,8882.886,8474.166,7977.26,6994.367,6428.193,5662.835,5340.938,5255.654,4785.047,4511.17,4435.535,4180.23,3983.083,3476.515,3358.906,3113.395,2792.195,2671.193,2544.555,2375.708,2463.968,2763.316,3088.233,3161.658,3044.983,2610.897,2067.828,1577.936,1316.755,1144.661,1111.14,964.583,874.656,815.336,625.262,597.053,443.223,416.337,368.367,295.99,227.156,215.78,182.738,122.279,115.738,79.847,48.508,45.903,25.115,16.878,12.693,13.114,3.354,3.469,1.781,0,0,0,0,0,0,0,0,0,0,0,0,0,0,0,0,0,0,0,0,0,0,0,0,0,0,0,0,0,0,0,0,0,0,0,3.092,4.919,6.969,9.059,11.196,12.892,14.254,16.31,18.13,18.436,19.394,19.396,20.578,22.56,22.673,23.543,25.36,26.002,26.925,25.564,26.662,26.871,26.61,27.867,28.71,28.849,30.709,34.852,39.325,41.59,41.517,37.508,31.507,25.816,22.264,20.158,19.289,17.438,15.899,14.589,11.594,10.882,8.089,7.433,6.329,4.936,3.834,3.349,2.771,1.878,1.721,1.123,0.669,0.641,0.325,0.213,0.157,0.159,0.04,0.041,0.021,0.029,0,0,0,0
2026-09-07 08:55:00,1,"Normal Scan","Normal Scan",0,"ON",1,1,1,738.2,5,20.7,97.8,55.6,0.0000000690204,0.0000182145,4.97,8976.18,8.8,736.5,1,"Up Scan","Positive",254,0,4.37,1.6,8,8,0,1,1,16.208,28.956,20.299,9.647,2.047,6856.1,50,21.3,NA,0,0,0,0,0,0,0,0,0,0,0,0,0,0,0,0,0,0,0,0,0,0,0,0,0,0,0,0,0,0,0,17255.814,16957.651,16103.394,13594.566,13634.452,12431.318,12254.784,10745.045,9689.198,8448.419,7675.445,6714.426,6121.315,5413.975,5029.724,4709.939,4379.126,4089.168,3811.371,3636.733,3504.145,3154.822,2945.916,2627.383,2457.459,2225.878,1857.737,1578.711,1457.494,1328.318,1231.099,1139.285,1041.625,1061.487,1035.592,992.369,952.38,874.905,726.087,688.544,632.226,526.093,445.321,378.025,352.142,301.766,201.415,237.088,211.366,181.272,107.757,95.143,57.656,42.797,19.792,12.592,4.942,1.712,3.465,5.466,0,0,0,0,0,0,0,0,0,0,0,0,0,0,0,0,0,0,0,0,0,0,0,0,0,0,0,0,0,0,0,0,0,0,0,4.836,6.983,9.921,12.804,14.087,17.793,19.983,23.613,24.376,25.525,25.496,26.235,25.772,26.183,25.653,26.254,26.933,27.311,27.728,27.925,28.745,29.624,28.51,28.311,26.971,26.797,25.787,23.094,21.313,20.889,20.331,20.085,19.586,18.498,19.201,18.996,18.364,17.626,16.336,14.199,13.017,11.761,10.045,8.673,6.846,6.133,5.015,3.326,3.595,3.042,2.562,1.52,1.281,0.827,0.555,0.252,0.157,0.06,0.02,0.041,0.062,0.014,0,0,0,0
2026-09-07 09:00:00,1,"Normal Scan","Normal Scan",0,"ON",1,1,1,737.9,5,20.4,97.8,55,0.0000000689307,0.0000182001,4.97,8976.18,8.8,736.5,1,"Up Scan","Positive",254,0,4.37,1.6,8,8,0,1,1,19.344,36.917,24.517,9.647,2.276,6232.51,49,21.3,NA,0,0,0,0,0,0,0,0,0,0,0,0,0,0,0,0,0,0,0,0,0,0,0,0,0,0,0,0,0,0,0,15406.963,13339.457,11449.479,10327.754,9568.683,8479.372,8524.07,7730.743,7343.24,6549.715,6426.235,5662.79,5225.663,4956.536,4875.239,4679.243,4315.548,4119.852,3978.531,3939.194,3865.358,3446.258,3134.724,2681.045,2367.986,2219.98,2570.502,3235.304,3118.545,2861.204,2561.927,2453.272,2319.705,2387.242,2133.241,1941.443,1713.486,1435.872,1143.084,937.56,690.302,567.591,399.855,332.314,284.067,286.514,281.998,226.28,233.099,201.982,166.276,133.31,73.778,52.972,28.054,15.26,17.949,5.08,8.739,8.946,0,0,0,0,0,0,0,0,0,0,0,0,0,0,0,0,0,0,0,0,0,0,0,0,0,0,0,0,0,0,0,0,0,0,0,4.1,6.198,7.772,9.168,10.731,12.501,13.6,16.412,17.581,19.402,19.788,22.011,21.766,22.418,23.582,25.526,26.877,27.033,28.004,29.138,30.972,32.663,31.932,32.117,29.998,28.694,28.76,34.167,43.968,44.544,42.906,40.185,39.462,37.466,38.267,34.708,31.879,28.291,24.293,19.841,17.124,13.318,11.032,8.113,6.748,5.615,5.013,4.593,3.56,3.451,2.92,2.36,1.885,1.043,0.689,0.356,0.19,0.218,0.06,0.102,0.103,0.045,0,0,0,0
2026-09-07 09:05:00,1,"Normal Scan","Normal Scan",0,"ON",1,1,1,737.9,5,20.3,97.8,54,0.0000000689008,0.0000181953,4.97,8976.18,8.8,736.5,1,"Up Scan","Positive",254,0,4.37,1.6,8,8,0,1,1,15.739,25.985,18.973,9.647,1.946,9480.33,49,21.2,NA,0,0,0,0,0,0,0,0,0,0,0,0,0,0,0,0,0,0,0,0,0,0,0,0,0,0,0,0,0,0,0,33257.771,26060.631,23807.647,19905.876,17157.645,14974.378,13062.316,12072.374,11847.494,11615.314,11904.438,10759.243,9576.065,8741.978,7396.683,6552.358,6031.598,5525.623,5537.518,5382.891,5020.514,4581.764,4209.701,3803.917,3194.565,2746.176,2355.093,1965.641,1578.607,1200.619,1087.919,935.481,855.284,709.351,741.885,708.22,662.072,641.192,563.11,555.476,498.072,446.679,411.823,312.709,366.253,296.747,266.683,315.912,303.569,261.283,212.168,151.061,97.817,60.087,27.453,23.664,11.43,6.778,10.479,3.576,0,0,0,0,0,0,0,0,0,0,0,0,0,0,0,0,0,0,0,0,0,0,0,0,0,0,0,0,0,0,0,0,0,0,0,9.679,13.422,15.238,18.904,20.612,22.31,24.046,25.196,27.494,31.261,35.128,40.668,41.305,40.913,41.345,38.584,37.547,37.689,37.555,40.575,42.252,42.174,40.993,40.018,38.174,33.766,30.892,27.909,24.78,21.19,17.71,16.952,15.787,14.891,13.729,14.229,14.036,13.589,13.169,12.318,11.675,11.011,9.937,9.238,6.822,6.99,5.342,4.498,4.779,4.485,3.715,3.012,2.079,1.344,0.779,0.349,0.295,0.139,0.081,0.122,0.041,0.046,0,0,0,0
2026-09-07 09:10:00,1,"Normal Scan","Normal Scan",0,"ON",1,1,1,738.3,5,20.8,97.9,53.8,0.0000000689798,0.0000182193,4.97,8976.18,8.8,736.5,1,"Up Scan","Positive",254,0,4.37,1.6,8,8,0,1,1,19.466,31.585,22.734,9.647,2.03,8465.35,48,21.4,NA,0,0,0,0,0,0,0,0,0,0,0,0,0,0,0,0,0,0,0,0,0,0,0,0,0,0,0,0,0,0,0,16696.272,15069.622,14968.521,14170.215,12596.775,12106.401,12356.187,11991.567,11859.266,11249.879,9872.24,8928.577,9221.027,8769.024,9917.445,8721.718,7895.102,7144.235,5973.385,5502.736,5412.214,5201.564,5112.523,4817.064,4808.433,4607,4209.458,3295.74,2361.935,1863.044,1585.422,1348.832,1130.009,1106.722,925.837,777.916,696.227,678.813,565.806,457.427,462.859,495.321,444.846,387.127,435.155,428.303,382.903,375.832,351.905,339.048,273.901,219.044,134.499,90.034,42.7,30.003,9.815,6.736,1.767,7.179,0,0,0,0,0,0,0,0,0,0,0,0,0,0,0,0,0,0,0,0,0,0,0,0,0,0,0,0,0,0,0,0,0,0,0,4.545,6.784,8.848,11.903,14.674,16.442,19.452,23.831,27.262,31.289,34.087,33.842,34.446,39.569,41.529,51.525,49.654,49.118,48.418,44.142,44.205,46.863,48.053,49.527,48.749,51.032,51.206,48.99,40.645,31.238,26.194,23.368,21.027,19.067,18.62,16.833,15.747,14.775,14.556,13.608,11.806,11.278,11.535,10.427,8.588,8.757,7.638,6.34,5.791,5.203,4.807,3.757,3.028,1.829,1.167,0.543,0.373,0.119,0.081,0.02,0.082,0.041,0,0,0,0
2026-09-07 09:15:00,1,"Normal Scan","Normal Scan",0,"ON",1,1,1,737.9,5,20.2,97.9,53.4,0.0000000688006,0.0000181905,4.97,8976.18,8.8,736.5,1,"Up Scan","Positive",254,0,4.37,1.6,8,8,0,1,1,24.026,39.719,27.785,9.647,2.228,8083.02,48,21.2,NA,0,0,0,0,0,0,0,0,0,0,0,0,0,0,0,0,0,0,0,0,0,0,0,0,0,0,0,0,0,0,0,14960.172,12589.797,11900.515,11694.759,11108.455,10400.608,9610.669,8841.243,8121.801,8368.078,7323.275,6881.42,6491.507,6185.387,5508.087,5546.071,5236.012,5055.704,4870.345,4282.749,3478.256,3495.531,4795.726,8012.589,9443.872,10582.726,10117.958,9292,7615.212,6023.549,4710.609,3310.777,2237.772,1431.001,993.216,738.428,569.015,526.924,555.297,519.101,472.029,460.688,479.152,377.692,434.151,436.092,391.655,396.461,386.788,352.417,355.141,258.723,191.261,112.541,63.982,37.816,6.475,6.736,5.271,5.398,0,0,0,0,0,0,0,0,0,0,0,0,0,0,0,0,0,0,0,0,0,0,0,0,0,0,0,0,0,0,0,0,0,0,0,3.862,6.052,7.412,9.448,12.074,14.512,16.673,18.547,20.134,21.467,25.264,25.119,26.484,27.855,29.425,28.817,31.649,32.627,34.997,38.301,38.382,36.322,39.57,54.193,86.215,103.666,119.026,116.881,110.388,93.482,76.569,62.34,45.794,33.193,23.424,17.968,15,13.377,12.633,13.508,13.147,12.049,11.497,11.262,9.299,9.155,8.26,6.67,6.307,5.699,4.95,4.892,3.542,2.565,1.462,0.815,0.472,0.08,0.081,0.061,0.062,0.015,0,0,0,0
2026-09-07 09:20:00,1,"Normal Scan","Normal Scan",0,"ON",1,1,1,738.2,5,20.7,97.9,52.6,0.0000000689499,0.0000182145,4.97,8976.18,8.8,736.5,1,"Up Scan","Positive",254,0,4.37,1.6,8,8,0,1,1,18.85,30.495,21.4,9.647,2.021,11169.2,48,21.3,NA,0,0,0,0,0,0,0,0,0,0,0,0,0,0,0,0,0,0,0,0,0,0,0,0,0,0,0,0,0,0,0,25512.078,22754.764,20127.435,17807.589,17773.94,17365.015,15667.536,14306.252,13741.978,17168.522,19627.059,17962.924,15561.797,12466.279,10645.431,10471.49,9828.554,8974.85,8404.685,6700.75,5901.562,5293.054,4809.274,4367.299,3893.617,3154.801,2457.301,2035.351,1406.727,975.527,704.605,770.592,626.554,576.503,798.847,1578.72,1842.069,1888.802,1806.716,1579.321,1277.049,1084.698,920.196,683.548,571.082,514.864,491.446,493.211,424.185,448.319,399.097,285.947,205.692,121.096,79.436,28.536,29.746,13.238,5.274,1.781,0,0,0,0,0,0,0,0,0,0,0,0,0,0,0,0,0,0,0,0,0,0,0,0,0,0,0,0,0,0,0,0,0,0,0,9.033,10.354,13.361,16.029,18.459,23.199,27.984,30.237,32.536,36.388,52.024,67.075,68.834,66.425,58.975,55.384,59.502,60.758,60.182,60.806,52.487,49.453,47.106,45.292,43.219,40.227,34.584,28.883,25.602,19.816,17.546,18.039,20.122,18.949,18.671,20.575,31.163,34.713,34.594,33.075,29.58,24.813,21.402,18.603,14.339,11.43,9.621,8.261,7.681,6.266,6.47,5.532,3.892,2.715,1.568,1.009,0.354,0.362,0.158,0.061,0.02,0,0,0,0,0
2026-09-07 09:25:00,1,"Normal Scan","Normal Scan",0,"ON",1,1,1,738.2,5,20.6,97.9,52.9,0.00000006892,0.0000182097,4.97,8976.18,8.8,736.5,1,"Up Scan","Positive",254,0,4.37,1.6,8,8,0,1,1,18.498,25.032,20.33,18.434,1.726,29381,48,21.3,NA,0,0,0,0,0,0,0,0,0,0,0,0,0,0,0,0,0,0,0,0,0,0,0,0,0,0,0,0,0,0,0,33422.533,33472.143,34652.988,37533.675,43242.899,47949.498,53463.485,66075.295,78534.585,78719.118,72284.8,62540.222,54167.608,42770.799,30683.172,23285.209,17510.632,12110.521,8039.962,5900.338,4783.191,4354.534,4417.244,7247.761,13551.086,14858.742,11814.884,8172.676,5234.001,4000.699,3557.582,3209.901,2528.256,2040.233,1988.649,1730.499,1619.895,1293.264,913.255,667.388,571.45,593.13,539.991,487.997,455.029,396.101,424.205,418.302,410.826,405.292,408.332,285.043,198.957,124.509,61.033,29.923,17.971,3.396,13.852,3.589,0,0,0,0,0,0,0,0,0,0,0,0,0,0,0,0,0,0,0,0,0,0,0,0,0,0,0,0,0,0,0,0,0,0,0,7.971,13.534,19.655,27.642,39.085,56.718,77.612,103.568,150.794,207.333,236.955,246.158,238.491,229.455,199.535,157.032,130.183,106.547,80.367,60.218,53.197,49.856,47.81,48.572,75.928,141.648,162.126,135.933,99.362,68.368,55.891,51.846,48.7,39.352,32.861,32.404,29.809,28.736,24.567,18.873,15.596,13.934,13.768,12.433,11.533,9.697,7.772,7.337,6.54,6.022,5.726,5.726,3.873,2.661,1.614,0.776,0.373,0.219,0.04,0.163,0.041,0.027,0,0,0,0
2026-09-07 09:30:00,1,"Normal Scan","Normal Scan",0,"ON",1,1,1,737.9,5,20.2,97.9,52.6,0.0000000688006,0.0000181905,4.97,8976.18,8.8,736.5,1,"Up Scan","Positive",254,0,4.37,1.6,8,8,0,1,1,18.219,22.447,19.513,15.963,1.552,47479.6,49,21.2,NA,0,0,0,0,0,0,0,0,0,0,0,0,0,0,0,0,0,0,0,0,0,0,0,0,0,0,0,0,0,0,0,38613.551,34949.172,33478.187,35606.732,55583.469,87516.802,129273.545,156663.346,149465.154,120444.221,108279.267,114618.765,107726.606,79952.276,57664.882,43982.353,34556.271,23088.032,14049.922,9233.798,7353.712,6315.466,5844.764,7505.446,7775.212,6754.916,5731.955,5204.686,4447.619,3200.76,3395.447,3282.106,2490.901,1724.419,1224.102,1170.963,1144.577,1224.956,1191.996,924.521,815.185,747.414,629.049,498.942,455.637,408.983,440.481,482.198,501.684,480.027,452.846,312.891,226.102,107.678,65.522,42.536,9.788,8.476,1.726,3.603,0,0,0,0,0,0,0,0,0,0,0,0,0,0,0,0,0,0,0,0,0,0,0,0,0,0,0,0,0,0,0,0,0,0,0,9.974,15.751,20.483,26.787,37.409,73.419,142.159,250.9,357.226,393.711,362.703,369.683,438.155,456.329,372.771,294.867,245.669,209.527,152.003,101.799,73.904,63.927,58.996,58.777,77.225,82.862,77.563,69.83,65.282,57.424,44.128,48.169,48.604,40.479,30.006,23.472,23.078,22.776,23.831,23.651,19.628,18.102,16.736,14.558,12.008,10.078,8.191,7.405,7.487,7.318,6.744,6.252,4.241,2.989,1.397,0.834,0.531,0.119,0.101,0.02,0.041,0,0,0,0,0
2026-09-07 09:35:00,1,"Normal Scan","Normal Scan",0,"ON",1,1,1,738.2,5,20.7,97.9,52.4,0.0000000689499,0.0000182145,4.97,8976.18,8.8,736.5,1,"Up Scan","Positive",254,0,4.37,1.6,8,8,0,1,1,19.878,26.298,20.827,9.647,1.808,18173,49,21.4,NA,0,0,0,0,0,0,0,0,0,0,0,0,0,0,0,0,0,0,0,0,0,0,0,0,0,0,0,0,0,0,0,39917.134,36825.652,35030.134,26387.328,22340.449,17985.341,15652.456,20866.929,27923.075,31876.168,30131.52,25477.741,26282.191,31704.308,30751.632,25531.048,21378.602,19303.417,17132.771,14080.637,10732.759,8148.368,6111.246,5206.407,4143.3,3382.306,3120.291,3086.789,2820.157,2358.722,1949.267,1415.421,1136.376,939.506,846.792,759.515,712.578,774.331,730.626,632.979,674.249,656.106,568.996,528.292,478.13,496.462,453.581,434.654,390.865,363.427,362.144,237.292,121.606,94.311,39.271,24.075,8.186,11.802,5.219,0,0,0,0,0,0,0,0,0,0,0,0,0,0,0,0,0,0,0,0,0,0,0,0,0,0,0,0,0,0,0,0,0,0,0,0,11.293,16.172,21.47,27.794,27.308,29.105,28.949,30.247,47.914,74.12,96.639,103.267,98.041,112.941,149.724,159.039,144.099,130.957,127.712,122.111,107.688,88.112,72.026,58.487,53.176,45.102,38.95,37.217,38.004,36.58,32.027,28.07,22.676,19.915,17.811,17.146,16.834,16.144,17.062,16.497,15.183,15.258,14.33,12.51,11.38,9.52,8.562,7.379,6.601,5.637,5.18,5.021,3.197,1.64,1.224,0.498,0.301,0.099,0.141,0.061,0,0.027,0,0,0,0
2026-09-07 09:40:00,1,"Normal Scan","Normal Scan",0,"ON",1,1,1,738,5,20.4,97.9,52.7,0.0000000688603,0.0000182001,4.97,8976.18,8.8,736.5,1,"Up Scan","Positive",254,0,4.37,1.6,8,8,0,1,1,17.117,23.844,19.356,14.855,1.702,21489.4,48,21.2,NA,0,0,0,0,0,0,0,0,0,0,0,0,0,0,0,0,0,0,0,0,0,0,0,0,0,0,0,0,0,0,0,28761.386,22121.723,20391.238,19147.034,20464.666,54068.751,76014.534,72253.53,67707.793,58600.137,41656.822,31446.275,24523.825,23344.473,19733.943,14325.199,9593.427,6622.732,5205.808,4970.133,5499.565,5669.061,6677.857,6211.63,5724.493,4769.693,3675.09,2935.057,2634.353,2067.999,1599.846,1392.268,1385.007,1692.623,2132.525,2034.015,1849.585,1417.374,1307.02,1076.737,995.139,849.773,603.368,444.618,399.946,338.362,282.905,262.825,202.01,190.56,135.974,90.721,59.826,45.765,18.346,11.131,8.172,6.764,3.465,5.398,0,0,0,0,0,0,0,0,0,0,0,0,0,0,0,0,0,0,0,0,0,0,0,0,0,0,0,0,0,0,0,0,0,0,0,9.406,11.657,12.957,16.315,19.966,27.187,88.111,146.734,163.841,178.263,176.062,141.627,119.82,104.06,109.217,101.305,80.619,59.398,45.63,39.501,40.79,47.568,51.534,63.271,62.513,60.401,53.094,43.969,38.144,38.052,33.684,28.866,26.226,26.219,30.067,36.472,35.213,31.557,24.805,22.942,19.258,17.615,14.929,10.933,8.129,6.837,5.599,4.528,3.905,3.031,2.71,1.922,1.254,0.877,0.593,0.233,0.138,0.099,0.081,0.041,0.062,0.058,0,0,0,0
2026-09-07 09:45:00,1,"Normal Scan","Normal Scan",0,"ON",1,1,1,738.1,5,20.5,97.9,52.1,0.0000000688902,0.0000182049,4.97,8976.18,8.8,736.5,1,"Up Scan","Positive",254,0,4.37,1.6,8,8,0,1,1,14.844,21.885,17.539,13.824,1.759,36445.5,49,21.2,NA,0,0,0,0,0,0,0,0,0,0,0,0,0,0,0,0,0,0,0,0,0,0,0,0,0,0,0,0,0,0,0,95064.521,79907.782,75793.709,75098.707,100341.114,111064.096,97263.943,79787.695,62575.779,47743.155,37231.426,33637.715,27041.637,24497.533,21695.251,17934.031,13786.556,12054.507,11122.083,12068.314,14374.26,15678.036,15428.2,13028.951,11106.519,9786.373,8588.742,7018.182,4926.808,3354.111,2609.49,2318.587,2234.804,2332.424,2451.298,2649.209,2649.018,2246.294,1719.748,1313.971,985.721,800.707,586.243,527.263,406.233,349.959,261.936,204.819,175.002,129.947,94.643,68.228,42.147,38.241,19.983,12.653,13.155,5.135,3.534,5.398,0,0,0,0,0,0,0,0,0,0,0,0,0,0,0,0,0,0,0,0,0,0,0,0,0,0,0,0,0,0,0,0,0,0,0,23.405,38.484,46.77,60.239,78.249,131.331,178.349,186.922,180.753,164.248,143.674,127.045,128.506,115.14,115.301,112.567,102.866,87.777,84.388,84.259,97.306,122.369,140.964,145.997,129.732,115.939,107.513,99.652,86.895,66.655,51.296,44.7,41.839,39.781,40.16,41.063,43.473,42.758,36.826,28.746,22.503,17.127,13.655,10.2,8.902,6.684,5.598,4.134,3.178,2.604,1.902,1.344,0.985,0.624,0.495,0.252,0.157,0.159,0.06,0.041,0.062,0.043,0,0,0,0
2026-09-07 09:50:00,1,"Normal Scan","Normal Scan",0,"ON",1,1,1,738.3,5,20.8,97.9,52.3,0.0000000689798,0.0000182193,4.97,8976.18,8.8,736.5,1,"Up Scan","Positive",254,0,4.37,1.6,8,8,0,1,1,17.441,35.325,23.376,9.647,2.308,9177.43,48,21.4,NA,0,0,0,0,0,0,0,0,0,0,0,0,0,0,0,0,0,0,0,0,0,0,0,0,0,0,0,0,0,0,0,26366.949,24554.793,22172.317,17860.423,15321.259,13465.261,11185.921,9713.757,8685.251,8530.947,7969.003,7683.872,7090.064,6212.722,5785.042,5280.246,4861.435,4716.119,4755.16,4405.755,4256.005,4096.21,4487.592,4183.514,3397.061,3024.275,3192.16,3001.501,3282.118,4941.26,6136.818,5651.739,5196.037,4461.9,3867.904,3027.9,2258.631,1823.334,1471.818,1051.039,872.726,741.7,606.617,489.459,369.271,272.72,230.805,182.562,133.08,102.649,73.281,53.514,34.646,42.897,13.752,12.626,6.502,6.778,5.233,1.781,0,0,0,0,0,0,0,0,0,0,0,0,0,0,0,0,0,0,0,0,0,0,0,0,0,0,0,0,0,0,0,0,0,0,0,8.597,10.675,14.27,17.591,18.403,19.945,21.544,21.568,22.048,22.905,25.811,27.252,29.491,30.37,29.461,30.259,30.313,30.54,32.415,35.266,35.119,36.451,38.046,44.247,45.416,43.788,44.876,48.4,48.15,52.924,73.025,88.189,82.694,77.476,67.621,59.623,48.123,37.108,30.412,24.706,17.947,14.959,12.484,10.268,8.081,5.979,4.37,3.747,2.763,2.021,1.476,1.079,0.743,0.509,0.555,0.175,0.157,0.08,0.081,0.061,0.02,0.041,0,0,0,0
2026-09-07 09:55:00,1,"Normal Scan","Normal Scan",0,"ON",1,1,1,737.9,5,20.3,97.9,52.2,0.0000000688304,0.0000181953,4.97,8976.18,8.8,736.5,1,"Up Scan","Positive",254,0,4.37,1.6,8,8,0,1,1,16.093,21.98,18,9.647,1.744,25080.8,48,21.2,NA,0,0,0,0,0,0,0,0,0,0,0,0,0,0,0,0,0,0,0,0,0,0,0,0,0,0,0,0,0,0,0,79737.744,74005.535,65674.987,48694.668,40310.838,36482.194,34789.104,36308.111,35673.916,32440.017,29976.04,27092.652,27955.367,31179.817,36708.435,32543.762,23547.081,19610.994,15131.748,11076.103,8136.779,6150.139,5728.074,5667.991,5277.029,4511.561,4056.394,3452.159,2848.978,2307.271,1841.575,1570.795,1396.176,1235.307,1162.397,1130.781,1143.172,1034.489,926.317,805.166,695.653,532.576,500.354,359.65,294.87,241.174,176.591,143.306,105.598,63.57,53.041,37.359,13.023,14.606,15.384,6.273,1.643,6.75,1.74,1.781,0,0,0,0,0,0,0,0,0,0,0,0,0,0,0,0,0,0,0,0,0,0,0,0,0,0,0,0,0,0,0,0,0,0,0,22.553,32.332,43.351,52.182,50.235,52.563,58.643,67.165,82.702,94.281,98.422,103.185,104.531,119.89,147.131,189.064,182.287,143.412,129.607,108.309,86.027,68.283,56.026,55.402,57.521,56.393,50.753,47.951,43.221,37.889,32.862,28.523,25.935,24.125,22.12,20.993,20.168,20.234,18.042,16.11,13.85,11.761,9.206,8.053,5.923,4.703,3.693,2.726,2.184,1.524,0.937,0.769,0.52,0.189,0.19,0.196,0.079,0.02,0.081,0.02,0.021,0.015,0,0,0,0
2026-09-07 10:00:00,1,"Normal Scan","Normal Scan",0,"ON",1,1,1,738.2,5,20.7,97.9,51.5,0.0000000689499,0.0000182145,4.97,8976.18,8.8,736.5,1,"Up Scan","Positive",254,0,4.37,1.6,8,8,0,1,1,16.395,27.16,20.067,9.647,1.974,8949.22,48,21.3,NA,0,0,0,0,0,0,0,0,0,0,0,0,0,0,0,0,0,0,0,0,0,0,0,0,0,0,0,0,0,0,0,25402.916,21690.813,20681.57,17675.215,17580.263,15757.786,14014.95,12114.481,11331.431,9962.72,8690.187,8102.233,7712.487,7941.526,8560.962,8325.962,7728.069,6676.654,5694.871,5513.74,5178.495,4677.385,4105.033,3596.453,3031.908,2621.449,2195.689,1818.455,1538.608,1664.224,1560.655,1450.643,1407.658,1266.349,1224.746,1127.297,1043.21,1000.641,910.364,781.953,663.367,510.234,465.089,368.092,254.82,227.537,135.167,122.14,83.573,51.578,33.714,29.226,22.837,23.618,7.637,5.332,4.261,1.684,5.205,0,0,0,0,0,0,0,0,0,0,0,0,0,0,0,0,0,0,0,0,0,0,0,0,0,0,0,0,0,0,0,0,0,0,0,0,7.797,10.255,12.654,16.426,18.259,22.92,25.306,27.044,27.501,29.856,30.136,29.855,31.254,33.198,37.717,44.594,47.452,47.908,44.951,41.523,43.081,43.31,41.713,38.938,36.444,33.142,30.648,27.584,24.73,22.655,25.094,24.719,24.181,23.942,22.399,21.693,19.775,18.498,17.456,15.439,13.278,11.082,8.556,7.481,5.821,4.075,3.54,2.178,1.83,1.24,0.738,0.502,0.4,0.302,0.306,0.097,0.066,0.052,0.02,0.061,0,0,0,0,0,0
2026-09-07 10:05:00,1,"Normal Scan","Normal Scan",0,"ON",1,1,1,738.3,5,20.8,97.9,51.8,0.0000000689798,0.0000182193,4.97,8976.18,8.8,736.5,1,"Up Scan","Positive",254,0,4.37,1.6,8,8,0,1,1,23.938,27.666,22.286,26.416,1.833,13638.3,48,21.4,NA,0,0,0,0,0,0,0,0,0,0,0,0,0,0,0,0,0,0,0,0,0,0,0,0,0,0,0,0,0,0,0,26379.878,23448.015,21988.892,21472.655,20161.798,18677.267,16193.817,15308.769,12609.36,11785.261,10136.409,8849.349,8251.311,24972.914,37959.368,28029.651,25351.835,20005.184,13097.16,9966.72,8537.276,7258.441,6298.992,5307.401,4461.422,3651.054,2853.592,2517.291,2792.366,2830.402,2578.388,2118.429,1706.051,1310.532,1098.419,949.103,923.729,782.149,695.872,629.213,510.834,421.139,330.236,283.146,236.348,199.936,144.928,86.219,85.095,64.666,29.369,19.164,21.6,8.866,12.242,9.503,4.887,3.401,5.288,1.753,0,0,0,0,0,0,0,0,0,0,0,0,0,0,0,0,0,0,0,0,0,0,0,0,0,0,0,0,0,0,0,0,0,0,0,7.35,10.608,13.721,17.488,22.176,26.161,29.96,31.201,34.762,33.542,36.514,35.701,35.277,36.711,118.723,194.931,157.269,154.676,132.117,93.851,77.225,70.84,64.193,59.569,54.488,49.206,43.109,36.022,33.01,37.074,38.504,36.661,31.704,26.79,21.823,18.897,16.671,15.927,13.691,12.214,10.841,8.624,7.126,5.625,4.616,3.712,3.136,2.194,1.38,1.293,0.918,0.439,0.297,0.302,0.115,0.155,0.118,0.06,0.04,0.061,0.02,0,0,0,0,0
2026-09-07 10:10:00,1,"Normal Scan","Normal Scan",0,"ON",1,1,1,738,5,20.4,97.9,51.6,0.0000000688603,0.0000182001,4.97,8976.18,8.8,736.5,1,"Up Scan","Positive",254,0,4.37,1.6,8,8,0,1,1,15.807,22.347,17.979,9.647,1.753,11669.4,48,21.3,NA,0,0,0,0,0,0,0,0,0,0,0,0,0,0,0,0,0,0,0,0,0,0,0,0,0,0,0,0,0,0,0,29656.726,28897.595,25309.804,24837.554,24228.551,23368.676,22569.584,22647.328,20947.132,19189.53,17404.346,14775.646,12473.332,10503.376,9482.876,7902.248,7300.096,6439.188,5510.771,4921.963,4426.076,3933.665,3588.343,3111.742,2667.822,2220.338,1766.032,1538.21,1320.548,1107.115,973.381,846.981,795.489,749.269,727.963,693.648,690.062,663.89,652.403,592.607,431.814,353.724,247.111,212.159,159.455,139.598,108.378,106.555,51.681,53.654,35.585,24.393,21.51,13.206,7.624,11.064,1.615,6.75,1.753,0,0,0,0,0,0,0,0,0,0,0,0,0,0,0,0,0,0,0,0,0,0,0,0,0,0,0,0,0,0,0,0,0,0,0,0,7.731,12.027,16.899,20.189,25.696,31.61,37.583,43.553,51.476,55.192,57.889,59.338,56.499,53.207,49.502,49.178,44.876,45.076,43.231,40.022,38.462,37.004,35.01,33.924,31.335,28.472,25.081,21.408,19.887,18.208,16.461,15.676,14.484,14.336,13.843,13.228,12.421,11.905,11.455,10.998,9.937,7.442,5.978,4.303,3.501,2.657,2.275,1.694,1.604,0.815,0.792,0.512,0.334,0.283,0.172,0.097,0.138,0.02,0.081,0.02,0,0,0,0,0,0
2026-09-07 10:15:00,1,"Normal Scan","Normal Scan",0,"ON",1,1,1,737.8,5,20.1,97.9,51.5,0.0000000687707,0.0000181857,4.97,8976.18,8.8,736.5,1,"Up Scan","Positive",254,0,4.37,1.6,8,8,0,1,1,15.728,22.997,18.289,9.647,1.798,10420.3,48,21.2,NA,0,0,0,0,0,0,0,0,0,0,0,0,0,0,0,0,0,0,0,0,0,0,0,0,0,0,0,0,0,0,0,29974.496,27754.026,24715.231,21763.19,20560.282,19297.243,17881.931,17220.912,15494.062,14291.509,12851.625,12183.73,10820.403,10022.85,9073.777,8122.953,7025.879,6482.183,5874.887,5537.638,5223.285,4605.89,3726.758,3064.351,2575.404,2144.268,1788.576,1667.619,1421.715,1281.468,1133.647,1024.316,835.82,697.988,680.677,685.562,602.036,588.359,541.635,493.795,391.02,266.576,257.358,190.633,153.336,113.933,108.521,53.286,51.4,35.182,29.29,19.244,11.539,8.879,4.58,6.326,6.571,3.41,3.521,1.781,0,0,0,0,0,0,0,0,0,0,0,0,0,0,0,0,0,0,0,0,0,0,0,0,0,0,0,0,0,0,0,0,0,0,0,8.493,12.187,16.218,19.612,22.59,26.883,31.068,34.478,39.186,40.836,43.187,43.984,46.77,46.273,47.363,47.218,46.331,43.718,43.544,42.538,43.013,43.294,40.715,35.337,31.062,27.831,24.64,21.969,21.216,19.17,18.556,17.282,16.299,14.302,12.621,12.186,11.774,10.675,10.004,9.285,8.271,6.625,4.483,4.233,3.12,2.501,1.813,1.679,0.821,0.798,0.54,0.439,0.297,0.17,0.115,0.058,0.079,0.08,0.04,0.041,0.021,0.015,0,0,0,0
2026-09-07 10:20:00,1,"Normal Scan","Normal Scan",0,"ON",1,1,1,738.2,5,20.7,97.9,51.2,0.0000000689499,0.0000182145,4.97,8976.18,8.8,736.5,1,"Up Scan","Positive",254,0,4.37,1.6,8,8,0,1,1,15.007,21.967,17.492,9.647,1.775,8352.75,49,21.3,NA,0,0,0,0,0,0,0,0,0,0,0,0,0,0,0,0,0,0,0,0,0,0,0,0,0,0,0,0,0,0,0,28041.559,22881.521,21803.386,18948.821,16800.022,15965.469,14749.905,13716.261,12436.553,11581.859,10360.491,9204.113,8349.79,7506.45,6881.537,5702.322,5153.906,4672.937,4140.309,3573.209,3180.439,2957.907,2618.343,2226.301,1765.954,1506.927,1219.573,985.179,803.759,683.4,606.579,616.087,561.751,586.061,554.941,563.971,562.427,489.835,467.524,394.488,314.139,267.627,195.046,173.766,129.93,97.806,77.99,53.186,46.525,23.31,30.821,19.706,7.993,8.866,4.577,6.273,3.231,1.712,1.753,1.808,0,0,0,0,0,0,0,0,0,0,0,0,0,0,0,0,0,0,0,0,0,0,0,0,0,0,0,0,0,0,0,0,0,0,0,8.449,11.416,13.322,17.288,19.591,21.896,25.652,28.393,31.173,32.796,34.922,35.381,35.288,35.658,35.431,35.657,32.369,31.877,31.367,29.995,27.797,26.51,26.186,24.619,22.236,18.745,17.032,14.85,12.988,11.528,10.756,10.174,10.648,10.086,10.664,9.91,9.954,9.638,8.448,7.97,6.65,5.299,4.493,3.209,2.857,2.15,1.516,1.227,0.837,0.726,0.324,0.448,0.288,0.132,0.115,0.058,0.079,0.04,0.02,0.02,0.02,0.022,0,0,0,0
2026-09-07 10:25:00,1,"Normal Scan","Normal Scan",0,"ON",1,1,1,738.6,5,21.2,97.9,51.5,0.0000000690993,0.0000182384,4.97,8976.18,8.8,736.5,1,"Up Scan","Positive",254,0,4.37,1.6,8,8,0,1,1,14.946,23.751,18.099,9.647,1.868,7968.25,48,21.5,NA,0,0,0,0,0,0,0,0,0,0,0,0,0,0,0,0,0,0,0,0,0,0,0,0,0,0,0,0,0,0,0,26165.516,23163.053,19875.83,19187.215,16876.378,14685.895,13291.04,11705.635,10724.475,9756.925,8916.203,8128.986,7431.881,6513.842,6110.052,5197.828,4516.051,4461.76,4175.954,3658.012,3532.145,3334.985,2989.438,2578.23,2287.151,1868.754,1560.451,1300.672,1216.961,1020.848,996.415,872.743,812.143,633.166,579.832,568.43,480.208,477.886,586.355,509.739,457.982,343.058,300.937,250.802,204.764,150.795,133.067,121.96,96.262,47.842,43.449,30.505,17.33,11.846,7.65,6.286,1.615,3.382,3.451,1.808,0,0,0,0,0,0,0,0,0,0,0,0,0,0,0,0,0,0,0,0,0,0,0,0,0,0,0,0,0,0,0,0,0,0,0,8.896,10.542,13.553,15.75,19.799,21.959,23.576,25.565,26.578,28.255,29.414,30.473,31.122,31.766,30.791,31.69,29.659,28.159,30.152,30.428,28.728,29.586,29.743,28.357,26.104,24.543,21.51,19.236,16.894,16.546,14.884,15.069,14.001,14,12.105,11.336,10.773,9.354,9.189,10.325,8.93,7.989,6.111,5.116,4.153,3.341,2.377,2.061,1.835,1.424,0.683,0.64,0.427,0.264,0.153,0.097,0.079,0.02,0.04,0.041,0.021,0.028,0,0,0,0
2026-09-07 10:30:00,1,"Normal Scan","Normal Scan",0,"ON",1,1,1,739.4,5,22.2,97.9,51,0.0000000693981,0.0000182863,4.97,8976.18,8.8,736.5,1,"Up Scan","Positive",254,0,4.37,1.6,8,8,0,1,1,14.319,20.81,16.815,9.647,1.738,9087.64,47,22,NA,0,0,0,0,0,0,0,0,0,0,0,0,0,0,0,0,0,0,0,0,0,0,0,0,0,0,0,0,0,0,0,32099.519,27779.566,24889.035,22606.346,20242.907,18158.431,16323.486,14325.77,13027.324,11819.647,10983.822,9693.723,8513.988,7462.289,6571.791,5630.535,5086.947,4289.456,3950.402,3377.637,3000.595,2642.84,2418.48,2184.424,1864.843,1565.802,1301.779,985.437,889.041,742.725,674.199,651.899,526.97,525.426,499.805,538.47,458.131,444.653,409.798,376.299,303.057,223.26,191.599,126.966,122.884,85.042,56.826,47.507,34.139,16.758,15.476,10.773,9.034,7.382,6.05,1.588,6.502,0,5.246,0,0,0,0,0,0,0,0,0,0,0,0,0,0,0,0,0,0,0,0,0,0,0,0,0,0,0,0,0,0,0,0,0,0,0,0,9.971,12.861,16.292,19.808,23.294,26.281,29.082,31.342,32.388,34.265,35.568,37.439,37.074,36.262,35.135,33.992,31.899,31.361,28.779,28.585,26.369,25.081,23.57,22.851,21.857,19.787,17.825,15.683,12.824,12.271,11.191,10.865,10.804,9.41,9.497,8.992,9.265,7.994,7.458,7.037,6.169,4.936,3.725,3.096,2.021,1.955,1.347,0.933,0.705,0.548,0.252,0.237,0.167,0.132,0.096,0.077,0.02,0.079,0,0.061,0,0.014,0,0,0,0
2026-09-07 10:35:00,1,"Normal Scan","Normal Scan",0,"ON",1,1,1,740,5,23.1,97.9,50.1,0.0000000696672,0.0000183293,4.97,8976.18,8.8,736.5,1,"Up Scan","Positive",254,0,4.37,1.6,8,8,0,1,1,13.95,20.279,16.394,9.647,1.73,9408.31,46,22.5,NA,0,0,0,0,0,0,0,0,0,0,0,0,0,0,0,0,0,0,0,0,0,0,0,0,0,0,0,0,0,0,0,38032.539,31169.198,26027.683,22454.274,21280.423,19005.479,17266.197,14926.588,13070.151,11719.179,9983.054,9058.207,8118.726,7442.88,6647.202,5714.894,4996.335,4208.408,3648.707,3208.141,2624.455,2502.38,2352.496,2097.717,1802.652,1506.724,1206.863,970.819,827.827,729.149,652.285,649.212,595.693,545.91,518.723,515.427,494.875,407.903,426.511,360.445,307.898,233.108,168.513,160.845,109.682,91.211,51.559,51.219,40.254,25.396,22.299,8.741,7.103,4.464,7.612,4.725,3.285,0,0,1.781,0,0,0,0,0,0,0,0,0,0,0,0,0,0,0,0,0,0,0,0,0,0,0,0,0,0,0,0,0,0,0,0,0,0,0,12.547,15.162,18.08,20.562,23.103,27.527,30.343,33.073,33.75,34.29,35.268,34.026,34.636,34.55,35.017,34.331,32.249,30.733,28.187,26.492,25.073,22.045,22.308,22.216,20.968,19.217,17.038,14.844,12.711,11.643,11.018,10.49,10.765,10.308,9.658,9.339,9.02,8.4,7.203,7.081,6.042,5.032,3.877,2.776,2.609,1.735,1.397,0.804,0.8,0.607,0.371,0.305,0.135,0.094,0.057,0.097,0.059,0.04,0,0,0.021,0,0,0,0,0
2026-09-07 10:40:00,1,"Normal Scan","Normal Scan",0,"ON",1,1,1,739.7,5,22.6,97.9,49.5,0.0000000695177,0.0000183054,4.97,8976.18,8.8,736.5,1,"Up Scan","Positive",254,0,4.37,1.6,8,8,0,1,1,13.695,20.018,16.158,9.647,1.728,9658.83,44,22.6,NA,0,0,0,0,0,0,0,0,0,0,0,0,0,0,0,0,0,0,0,0,0,0,0,0,0,0,0,0,0,0,0,41154.48,32879.524,28986.703,23578.604,21310.736,18783.306,17250.867,15366.549,13492.079,11713.908,10294.951,9097.15,7804.657,7199.66,6146.566,5370.529,4601.109,4122.257,3410.074,2968.81,2767.289,2379.248,2258.585,2137.994,1915.187,1652.185,1272.049,1035.387,856.028,753.247,687.772,651.721,625.709,558.473,506.256,509.103,428.776,433.343,373.527,350.753,316.436,257.885,192.782,154.113,133.44,79.744,82.219,55.336,30.441,25.483,11.817,22.992,12.865,7.333,3.097,6.312,1.629,3.41,0,0,0,0,0,0,0,0,0,0,0,0,0,0,0,0,0,0,0,0,0,0,0,0,0,0,0,0,0,0,0,0,0,0,0,0,0,13.871,16.477,19.082,22.921,24.228,27.612,30.013,33.133,34.771,35.432,35.234,35.079,34.755,33.263,33.843,31.766,30.388,28.36,27.628,24.844,23.379,23.26,21.346,21.41,21.42,20.361,18.66,15.463,13.526,11.957,11.293,10.93,10.697,10.545,9.895,9.176,9.04,7.709,7.471,6.525,5.909,5.333,4.225,3.151,2.422,2.186,1.296,1.249,0.835,0.477,0.359,0.19,0.308,0.169,0.095,0.039,0.078,0.02,0.04,0,0,0,0,0,0,0
2026-09-07 10:45:00,1,"Normal Scan","Normal Scan",0,"ON",1,1,1,738.9,5,21.6,97.9,48.3,0.0000000692188,0.0000182576,4.97,8976.18,8.8,736.5,1,"Up Scan","Positive",254,0,4.37,1.6,8,8,0,1,1,13.717,19.871,16.088,9.647,1.716,10456,44,22.4,NA,0,0,0,0,0,0,0,0,0,0,0,0,0,0,0,0,0,0,0,0,0,0,0,0,0,0,0,0,0,0,0,43562.805,37348.172,30082.574,26051.694,22694.84,20144.658,18098.55,16296.198,15309.19,13459.66,11782.99,10810.037,8995.322,7990.174,6668.72,5730.387,4967.178,4128.715,3453.259,3179.389,2860.49,2483.777,2265.798,2133.178,1694.157,1545.168,1216.982,1116.287,852.064,760.37,690.649,604.876,594.828,571.762,535.651,539.855,555.933,477.607,457.912,359.636,338.707,268.983,216.567,150.564,106.947,110.967,80.352,58.841,60.931,31.689,24.286,31.655,4.657,8.909,7.585,6.326,3.258,3.354,1.74,3.72,0,0,0,0,0,0,0,0,0,0,0,0,0,0,0,0,0,0,0,0,0,0,0,0,0,0,0,0,0,0,0,0,0,0,0,13.453,17.573,21.753,23.828,26.934,29.588,32.228,34.83,36.989,40.278,40.559,40.133,41.323,38.256,37.515,34.471,32.442,30.624,27.677,25.12,24.823,24.006,22.195,21.575,21.374,18.202,17.473,14.832,14.478,12.103,11.527,11.178,10.58,10.54,10.127,9.708,9.643,9.672,8.202,7.65,6.356,5.69,4.538,3.642,2.528,1.906,1.719,1.268,0.923,0.938,0.486,0.347,0.427,0.113,0.115,0.097,0.079,0.04,0.04,0.02,0.041,0.028,0,0,0,0
2026-09-07 10:50:00,1,"Normal Scan","Normal Scan",0,"ON",1,1,1,738.5,5,21,97.9,47.8,0.0000000690395,0.0000182289,4.97,8976.18,8.8,736.5,1,"Up Scan","Positive",254,0,4.37,1.6,8,8,0,1,1,13.36,19.678,15.856,9.647,1.719,10000.2,45,22.2,NA,0,0,0,0,0,0,0,0,0,0,0,0,0,0,0,0,0,0,0,0,0,0,0,0,0,0,0,0,0,0,0,43855.501,35973.88,30919.743,25898.956,23032.091,19678.216,17360.156,14852.97,13157.119,12028.821,10641.82,9508.242,8054.849,6810.082,5936.284,5016.316,4524.788,4069.391,3455.058,2985.061,2696.907,2201.669,2076.654,1839.725,1580.025,1354.269,1162.815,910.057,759.507,722.547,649.374,660.193,648.516,598.671,510.658,493.255,500.975,469.349,429.207,442.102,356.486,279.696,212.436,177.838,124.787,105.574,68.781,57.093,31.915,21.154,33.466,16.673,13.513,14.752,7.663,9.463,3.272,1.684,0,3.587,0,0,0,0,0,0,0,0,0,0,0,0,0,0,0,0,0,0,0,0,0,0,0,0,0,0,0,0,0,0,0,0,0,0,0,12.841,17.775,21.17,24.579,26.725,29.947,31.539,33.442,33.666,34.586,36.215,36.284,36.376,34.302,32.089,30.718,28.493,27.889,27.246,24.997,23.325,22.546,19.742,19.624,18.559,16.972,15.591,14.268,12.336,10.865,10.928,10.672,11.14,11.151,10.899,9.539,9.055,8.797,8.227,7.393,7.31,5.941,4.589,3.434,2.994,2.05,1.72,1.114,0.937,0.535,0.324,0.457,0.241,0.207,0.191,0.097,0.118,0.04,0.02,0,0.041,0.028,0,0,0,0
2026-09-07 10:55:00,1,"Normal Scan","Normal Scan",0,"ON",1,1,1,738.1,5,20.5,97.9,48.1,0.0000000688902,0.0000182049,4.97,8976.18,8.8,736.5,1,"Up Scan","Positive",254,0,4.37,1.6,8,8,0,1,1,14.179,20.868,16.741,9.647,1.747,10755.5,45,21.9,NA,0,0,0,0,0,0,0,0,0,0,0,0,0,0,0,0,0,0,0,0,0,0,0,0,0,0,0,0,0,0,0,38697.066,33432.376,30610.538,27064.996,24582.064,21104.459,18149.284,16271.082,15309.264,14143.476,12984.723,11420.292,10177.629,9007.774,7656.338,6810.89,5664.843,4989.358,4375.303,3777.103,3435.255,2928.827,2623.984,2303.532,2136.464,1739.905,1404.136,1257.244,1026.254,921.244,805.609,819.159,803.48,692.936,712.652,612.379,561.974,533.66,479.444,425.094,366.933,322.556,238.733,187.956,149.495,130.244,85.752,60.088,58.643,32.569,29.772,22.236,12.879,7.407,6.167,6.3,0,1.67,3.465,1.795,0,0,0,0,0,0,0,0,0,0,0,0,0,0,0,0,0,0,0,0,0,0,0,0,0,0,0,0,0,0,0,0,0,0,0,11.281,15.726,19.586,24.296,27.964,32.035,33.844,34.911,36.913,40.363,42.7,44.353,43.74,43.402,42.468,39.644,38.603,34.951,33.438,31.672,29.542,28.719,26.169,24.993,23.252,22.837,19.966,17.364,16.541,14.666,13.9,12.908,13.39,13.603,12.197,12.412,11.107,9.958,9.253,8.321,7.355,6.147,5.346,3.923,3.12,2.438,2.024,1.321,0.959,0.851,0.468,0.439,0.316,0.17,0.096,0.078,0.079,0,0.02,0.041,0.021,0,0,0,0,0
2026-09-07 11:00:00,1,"Normal Scan","Normal Scan",0,"ON",1,1,1,737.9,5,20.3,97.9,48.5,0.0000000688304,0.0000181953,4.97,8976.18,8.8,736.5,1,"Up Scan","Positive",254,0,4.37,1.6,8,8,0,1,1,14.249,20.142,16.571,9.647,1.699,10947.6,45,21.7,NA,0,0,0,0,0,0,0,0,0,0,0,0,0,0,0,0,0,0,0,0,0,0,0,0,0,0,0,0,0,0,0,38527.008,33096.711,30932.023,27265.868,25486.274,21827.991,18887.224,17255.637,15514.752,14635.573,13611.583,12356.741,10960.334,9622.996,8290.661,7148.998,6087.846,5376.131,4615.255,3959.826,3501.511,3019.4,2514.425,2159.638,1956.968,1582.123,1282.16,951.228,792.16,671.621,577.791,574.068,566.697,577.491,505.99,524.771,477.273,468.459,417.471,352.622,320.318,253.066,230.298,141.81,120.709,94.661,68.113,52.456,32.952,27.118,14.885,9.992,7.102,7.395,4.593,0,0,1.712,1.767,1.795,0,0,0,0,0,0,0,0,0,0,0,0,0,0,0,0,0,0,0,0,0,0,0,0,0,0,0,0,0,0,0,0,0,0,0,10.503,15.569,19.423,24.65,28.231,33.297,34.982,36.398,39.259,40.93,44.181,46.476,47.291,46.785,45.348,42.888,40.507,37.493,35.883,33.285,30.793,29.109,26.772,23.653,21.579,20.603,17.71,15.49,12.632,11.239,10.347,9.642,9.898,10.11,10.147,9.197,9.288,8.58,7.969,7.043,6.026,5.213,4.203,3.691,2.26,1.877,1.45,1.063,0.799,0.465,0.377,0.22,0.167,0.094,0.096,0.058,0,0,0.02,0.02,0.021,0,0,0,0,0
2026-09-07 11:05:00,1,"Normal Scan","Normal Scan",0,"ON",1,1,1,737.9,5,20.2,97.9,48.8,0.0000000688006,0.0000181905,4.97,8976.18,8.8,736.5,1,"Up Scan","Positive",254,0,4.37,1.6,8,8,0,1,1,14.229,20.782,16.74,9.647,1.736,10144.5,46,21.6,NA,0,0,0,0,0,0,0,0,0,0,0,0,0,0,0,0,0,0,0,0,0,0,0,0,0,0,0,0,0,0,0,35054.785,30297.316,27397.024,26456.31,23856.435,21642.823,17808.464,15744.465,14662.432,13443.821,12058.01,10896.859,9805.163,8713.66,7518.894,6477.311,5329.114,4670.63,4046.853,3658.421,3039.424,2526.911,2507.267,2098.414,1703.089,1501.751,1208.427,938.064,855.716,843.039,729.16,729.208,762.439,761.306,681.039,623.631,565.896,538.613,445.684,424.92,318.478,327.782,257.74,159.707,155.139,104.844,83.92,70.561,43.603,27.74,15.987,7.027,10.412,5.873,4.606,0,1.622,1.67,0,3.603,0,0,0,0,0,0,0,0,0,0,0,0,0,0,0,0,0,0,0,0,0,0,0,0,0,0,0,0,0,0,0,0,0,0,0,10.505,14.165,17.727,21.817,27.317,31.143,34.777,34.347,35.76,38.689,40.565,41.192,41.673,41.823,41.047,38.944,36.648,32.824,31.323,29.269,28.406,25.389,22.544,23.607,21.125,18.443,17.265,15.137,12.983,12.636,12.965,11.874,12.382,12.899,13.106,11.699,11.171,10.04,9.18,7.831,7.07,5.402,5.399,4.114,2.543,2.357,1.654,1.252,1.07,0.642,0.403,0.22,0.111,0.17,0.077,0.058,0,0.02,0.02,0,0.041,0.015,0,0,0,0
2026-09-07 11:10:00,1,"Normal Scan","Normal Scan",0,"ON",1,1,1,738.3,5,20.8,97.9,49.5,0.0000000689798,0.0000182193,4.97,8976.18,8.8,736.5,1,"Up Scan","Positive",254,0,4.37,1.6,8,8,0,1,1,14.507,20.796,16.859,9.647,1.725,8796.39,46,21.7,NA,0,0,0,0,0,0,0,0,0,0,0,0,0,0,0,0,0,0,0,0,0,0,0,0,0,0,0,0,0,0,0,28693.238,25495.019,22972.839,21730.292,19991.459,19245.505,16710.709,15006.24,13130.833,11594.225,10523.835,9813.676,8819.297,7785.005,6589.098,6021.541,5088.196,4431.027,3819.748,3268.28,2819.58,2356.997,1913.422,1420.302,1228.948,1010.665,809.262,817.622,750.128,678.346,711.295,780.751,692.905,623.536,616.543,562.701,455.891,458.472,382.124,368.673,293.436,222.138,207.485,152.8,121.098,92.426,64.637,51.357,23.68,19.351,14.696,17.938,4.18,2.955,3.044,0,1.629,1.684,0,1.753,0,0,0,0,0,0,0,0,0,0,0,0,0,0,0,0,0,0,0,0,0,0,0,0,0,0,0,0,0,0,0,0,0,0,0,8.974,11.607,14.949,18.271,22.499,26.091,30.932,32.157,34.042,34.617,34.97,35.953,37.58,37.577,36.639,34.102,34.068,31.317,29.521,27.339,25.186,23.258,20.717,18.17,14.498,13.534,12.14,10.774,11.241,11.087,10.628,11.281,12.543,11.548,10.765,10.607,9.617,8.095,7.897,6.479,6.168,4.926,3.617,3.257,2.43,1.936,1.418,0.957,0.77,0.372,0.288,0.201,0.241,0.094,0.038,0.039,0,0.02,0.02,0,0.02,0.027,0,0,0,0
2026-09-07 11:15:00,1,"Normal Scan","Normal Scan",0,"ON",1,1,1,738.1,5,20.5,97.9,49.8,0.0000000688902,0.0000182049,4.97,8976.18,8.8,736.5,1,"Up Scan","Positive",254,0,4.37,1.6,8,8,0,1,1,15.313,21.748,17.632,9.647,1.736,9576.45,46,21.6,NA,0,0,0,0,0,0,0,0,0,0,0,0,0,0,0,0,0,0,0,0,0,0,0,0,0,0,0,0,0,0,0,25356.025,23491.496,22862.181,23697.199,20974.766,19900.163,18616.709,16526.882,15388.503,13509.113,12479.24,11364.369,10389.685,9585.309,8629.343,7544.927,6584.39,5837.865,4911.803,4050.521,3369.093,2840.593,2220.217,1897.191,1630.184,1383.875,1120.211,923.797,844.983,862.971,753.88,742.124,681.09,647.576,687.529,589.22,571.08,526.252,494.487,441.485,348.112,277.696,234.762,188.818,137.58,109.284,68.722,48.324,29.584,22.009,12.171,6.883,13.057,11.602,6.115,1.602,0,0,1.74,0,0,0,0,0,0,0,0,0,0,0,0,0,0,0,0,0,0,0,0,0,0,0,0,0,0,0,0,0,0,0,0,0,0,0,0,7.559,10.291,13.77,18.205,24.537,27.401,31.974,35.897,37.52,40.556,40.754,42.647,43.562,44.396,45.177,44.656,42.663,40.461,38.764,35.202,31.293,27.916,25.104,21.011,19.211,17.748,16.024,14.101,12.576,12.275,13.236,12.268,12.367,11.959,11.648,11.981,10.359,9.978,9.089,8.274,7.349,5.641,4.525,3.733,2.967,2.084,1.727,1.08,0.744,0.431,0.306,0.183,0.093,0.172,0.151,0.078,0.02,0,0,0.02,0,0,0,0,0,0
2026-09-07 11:20:00,1,"Normal Scan","Normal Scan",0,"ON",1,1,1,737.9,5,20.2,97.9,49.9,0.0000000688006,0.0000181905,4.97,8976.18,8.8,736.5,1,"Up Scan","Positive",254,0,4.37,1.6,8,8,0,1,1,15.024,21.731,17.53,9.647,1.751,10094.9,46,21.4,NA,0,0,0,0,0,0,0,0,0,0,0,0,0,0,0,0,0,0,0,0,0,0,0,0,0,0,0,0,0,0,0,29497.984,25423.789,25416.976,23255.726,23147.337,22158.354,19721.137,16981.259,15606.181,13327.087,12525.428,10967.278,9792.614,8760.222,8422.218,7164.875,6577.872,5903.745,5127.72,4757.486,4384.823,3718.709,2906.002,2262.705,1726.705,1386.251,1090.061,857.843,798.797,701.731,737.134,812.65,880.916,829.468,885.617,858.076,682.665,594.257,514.812,460.559,387.412,287.354,235.443,142.518,121.607,75.118,52.154,28.761,22.599,11.675,8.658,13.998,4.316,8.879,4.593,0,1.629,3.41,0,1.795,0,0,0,0,0,0,0,0,0,0,0,0,0,0,0,0,0,0,0,0,0,0,0,0,0,0,0,0,0,0,0,0,0,0,0,7.752,12.022,14.915,20.375,24.098,30.272,35.587,38.078,38.625,41.063,40.212,42.794,42.094,41.873,41.364,43.717,40.817,40.723,39.48,36.876,36.656,36.013,32.482,27.101,22.575,18.477,16.201,14.221,12.356,12.41,12.06,12.751,13.744,14.753,14.08,14.865,14.109,11.428,9.719,8.388,7.347,6.147,4.479,3.649,2.205,1.932,1.149,0.838,0.465,0.33,0.169,0.146,0.204,0.057,0.115,0.058,0,0.02,0.04,0,0.021,0,0,0,0,0
2026-09-07 11:25:00,1,"Normal Scan","Normal Scan",0,"ON",1,1,1,737.8,5,20.1,97.9,50.1,0.0000000687707,0.0000181857,4.97,8976.18,8.8,736.5,1,"Up Scan","Positive",254,0,4.37,1.6,8,8,0,1,1,14.59,20.084,16.714,9.647,1.674,11004.7,46,21.3,NA,0,0,0,0,0,0,0,0,0,0,0,0,0,0,0,0,0,0,0,0,0,0,0,0,0,0,0,0,0,0,0,32628.96,29637.834,28620.57,27478.769,27098.291,25137.891,23380.385,20795.798,17710.388,15197.825,12731.283,10641.099,9708.772,8679.87,8129.919,7846.904,7287.038,6596.213,5806.532,4563.474,3719.554,2739.833,2266.156,1756.343,1408.642,1145.831,962.9,690.6,658.56,563.008,592.845,622.43,610.65,630.375,628.076,494.236,536.893,490.36,413.086,327.12,295.151,267.257,188.239,134.859,85.976,89.293,38.734,19.996,20.648,26.692,12.051,12.461,5.715,5.886,3.057,3.176,1.643,5.024,0,0,0,0,0,0,0,0,0,0,0,0,0,0,0,0,0,0,0,0,0,0,0,0,0,0,0,0,0,0,0,0,0,0,0,0,0,8.624,13.261,17.4,22.825,28.533,35.375,40.385,45.008,47.161,46.624,45.765,43.512,40.884,41.583,41.127,42.209,44.423,44.696,43.734,41.374,34.968,30.525,24.076,21.152,17.563,15.079,13.34,12.06,9.786,10.018,9.168,9.819,10.66,10.657,10.736,10.609,8.909,9.047,8.085,6.786,5.452,4.705,4.135,3.102,2.107,1.395,1.401,0.6,0.314,0.319,0.432,0.165,0.167,0.075,0.077,0.039,0.039,0.02,0.06,0,0,0,0,0,0,0
2026-09-07 11:30:00,1,"Normal Scan","Normal Scan",0,"ON",1,1,1,737.7,5,20,97.9,50.1,0.0000000687408,0.0000181809,4.97,8976.18,8.8,736.5,1,"Up Scan","Positive",254,0,4.37,1.6,8,8,0,1,1,14.111,19.251,16.002,9.647,1.65,10228.6,46,21.2,NA,0,0,0,0,0,0,0,0,0,0,0,0,0,0,0,0,0,0,0,0,0,0,0,0,0,0,0,0,0,0,0,30428.31,29247.145,29076.944,27917.833,27408.944,25393.015,24355.026,21418.539,18464.089,15058.706,12077.976,9274.057,7247.253,6139.248,5274.196,4364.755,4028.275,3728.871,3507.04,3072.246,2568.165,2370.081,2051.078,1558.868,1234.218,1065.374,889.923,662.562,592.053,513.932,580.559,611.847,572.486,578.887,578.001,538.552,505.38,400.87,420.051,331.054,262.289,240.685,177.373,139.648,86.996,83.855,59.175,45.405,27.281,26.14,12.297,16.144,6.681,8.878,4.619,4.738,3.272,0,1.753,0,0,0,0,0,0,0,0,0,0,0,0,0,0,0,0,0,0,0,0,0,0,0,0,0,0,0,0,0,0,0,0,0,0,0,0,8.638,12.357,17.218,23.246,28.91,35.742,40.806,46.903,48.579,48.545,45.32,41.126,35.453,30.875,28.985,27.413,24.841,24.945,25.023,25.245,23.744,21.317,20.885,19.2,15.583,13.33,12.38,11.279,9.288,9.07,8.545,9.621,10.23,9.996,10.058,9.855,9.321,8.61,6.979,6.856,5.536,4.389,3.934,2.919,2.22,1.469,1.3,0.944,0.698,0.443,0.383,0.179,0.223,0.094,0.115,0.058,0.059,0.04,0,0.02,0,0.015,0,0,0,0
2026-09-07 11:35:00,1,"Normal Scan","Normal Scan",0,"ON",1,1,1,737.6,5,19.9,97.9,50.3,0.000000068711,0.0000181761,4.97,8976.18,8.8,736.5,1,"Up Scan","Positive",254,0,4.37,1.6,8,8,0,1,1,13.872,18.58,15.573,9.647,1.628,10769.9,46,21.1,NA,0,0,0,0,0,0,0,0,0,0,0,0,0,0,0,0,0,0,0,0,0,0,0,0,0,0,0,0,0,0,0,38529.383,33735.402,30445.554,28265.578,27389.624,26298.653,25609.934,23486.167,19591.848,15322.375,11935.534,9498.403,7507.567,6110.184,5180.494,4293.586,3741.866,3236.867,3074.51,2689.892,2348.482,2022.244,1736.244,1449.435,1373.798,1057.244,866.165,688.288,569.723,539.533,534.627,563.404,554.423,547.716,549.791,509.211,505.224,435.362,371.455,330.465,271.844,213.4,169.361,130.607,93.934,91.909,43.35,32.297,27.716,16.869,18.812,8.47,7.114,5.961,6.063,0,0,0,0,1.795,0,0,0,0,0,0,0,0,0,0,0,0,0,0,0,0,0,0,0,0,0,0,0,0,0,0,0,0,0,0,0,0,0,0,0,10.535,15.683,19.773,24.243,29.325,35.725,42.271,49.339,53.328,51.489,46.087,40.605,36.274,31.949,28.798,26.856,24.401,23.123,21.691,22.173,20.956,19.542,17.922,16.369,14.584,14.644,12.279,10.885,9.515,8.672,8.76,9.153,9.743,9.463,9.619,9.425,8.812,8.526,7.289,6.192,5.601,4.403,3.4,2.75,2.088,1.498,1.401,0.704,0.506,0.39,0.234,0.256,0.13,0.094,0.077,0.078,0,0,0,0,0.021,0,0,0,0,0
2026-09-07 11:40:00,1,"Normal Scan","Normal Scan",0,"ON",1,1,1,737.6,5,19.8,97.9,50.3,0.0000000686811,0.0000181713,4.97,8976.18,8.8,736.5,1,"Up Scan","Positive",254,0,4.37,1.6,8,8,0,1,1,13.03,17.066,14.51,9.647,1.571,11267.1,45,21,NA,0,0,0,0,0,0,0,0,0,0,0,0,0,0,0,0,0,0,0,0,0,0,0,0,0,0,0,0,0,0,0,50399.321,43644.343,36209.904,30747.433,29157.749,27870.785,26583.602,23317.02,19621.345,14797.86,10545.163,7511.261,5967.634,4285.41,3561.88,3078.958,2618.809,2296.003,2045.656,1775.058,1587.053,1455.95,1249.921,1094.909,968.686,832.258,731.574,551.164,470.83,394.076,364.19,415.835,420.917,505.409,501.316,494.583,413.237,343.364,315.234,258.493,209.839,178.562,153.644,144.603,104.127,66.623,75.419,53.394,33.362,30.143,32.229,20.402,9.082,11.797,6.115,1.594,3.285,5.071,0,3.589,0,0,0,0,0,0,0,0,0,0,0,0,0,0,0,0,0,0,0,0,0,0,0,0,0,0,0,0,0,0,0,0,0,0,0,13.55,20.548,25.608,28.766,31.806,38.07,44.791,51.196,52.862,51.528,44.431,35.856,28.683,25.351,20.184,18.452,17.464,16.211,15.429,14.822,13.876,13.299,13.039,11.846,11.033,10.366,9.565,9.148,7.667,7.338,6.791,6.674,7.264,7.48,8.535,8.579,8.334,7.208,6.224,5.42,4.59,3.82,3.008,2.653,2.453,1.762,1.094,1.218,0.82,0.497,0.469,0.458,0.308,0.121,0.153,0.078,0.02,0.04,0.06,0,0.041,0,0,0,0,0
2026-09-07 11:45:00,1,"Normal Scan","Normal Scan",0,"ON",1,1,1,737.5,5,19.7,97.9,50,0.0000000686512,0.0000181665,4.97,8976.18,8.8,736.5,1,"Up Scan","Positive",254,0,4.37,1.6,8,8,0,1,1,12.999,17.648,14.798,9.647,1.61,11072.6,44,20.9,NA,0,0,0,0,0,0,0,0,0,0,0,0,0,0,0,0,0,0,0,0,0,0,0,0,0,0,0,0,0,0,0,47924.853,43722.132,36544.138,31509.681,27807.908,25701.368,24258.238,20585.344,16719.926,12828.166,9558.698,7561.799,6684.218,5796.398,4955.486,4718.778,4176.619,3376.711,2475.661,1920.95,1523.489,1393.875,1314.312,1124.31,992.211,900.308,693.006,621.343,591.06,446.653,472.421,486.266,522.915,576.573,619.467,568.588,471.993,417.864,312.863,292.792,221.61,194.3,153.896,119.727,105.914,73.613,74.3,57.956,28.958,26.385,24.295,20.777,7.658,10.339,12.191,6.313,4.914,6.681,1.74,0.926,0,0,0,0,0,0,0,0,0,0,0,0,0,0,0,0,0,0,0,0,0,0,0,0,0,0,0,0,0,0,0,0,0,0,0,14.119,19.423,25.581,29.077,32.688,36.229,41.283,46.702,46.661,43.983,38.588,32.586,29.028,28.502,27.266,25.579,26.552,25.533,22.415,17.827,15.001,12.845,12.481,12.511,11.461,10.779,10.466,8.936,8.76,9.021,7.813,8.343,8.511,8.996,9.61,10.172,9.495,8.058,7.057,5.47,5.093,3.948,3.302,2.629,2.085,1.788,1.219,1.219,0.925,0.479,0.451,0.348,0.279,0.113,0.134,0.155,0.079,0.06,0.081,0.02,0.01,0.023,0,0,0,0
2026-09-07 11:50:00,1,"Normal Scan","Normal Scan",0,"ON",1,1,1,737.5,5,19.7,97.9,49.6,0.0000000686512,0.0000181665,4.97,8976.18,8.8,736.5,1,"Up Scan","Positive",254,0,4.37,1.6,8,8,0,1,1,12.814,16.833,14.395,9.647,1.562,12315.9,44,20.9,NA,0,0,0,0,0,0,0,0,0,0,0,0,0,0,0,0,0,0,0,0,0,0,0,0,0,0,0,0,0,0,0,51948.089,46883.93,42949.609,39981.272,35687.399,30454.125,26168.24,23889.763,19119.958,15199.05,10975.332,8055.12,6027.09,4948.137,4033.269,3257.956,2686.725,2345.646,1968.984,1861.797,1452.205,1427.136,1357.084,1131.784,1083.601,994.214,915.276,632.215,650.924,566.098,525.656,449.681,530.392,533.975,510.527,492.465,444.863,369.109,297.494,247.214,213.209,177.678,152.138,135.534,94.042,80.112,55.303,46.829,22.266,17.308,12.015,11.146,10.533,5.886,7.663,0,4.912,3.424,1.726,3.603,0,0,0,0,0,0,0,0,0,0,0,0,0,0,0,0,0,0,0,0,0,0,0,0,0,0,0,0,0,0,0,0,0,0,0,14.614,21.139,27.534,34.198,41.396,46.412,48.917,50.386,54.129,50.275,45.653,37.318,30.719,25.634,23.275,20.863,18.413,16.603,15.771,14.316,14.597,12.365,12.951,12.943,11.654,11.808,11.476,11.264,8.891,9.46,8.907,8.725,7.811,8.936,8.858,8.664,8.283,7.606,6.393,5.151,4.233,3.754,2.894,2.461,2.222,1.508,1.312,0.884,0.75,0.355,0.27,0.201,0.167,0.189,0.077,0.097,0,0.06,0.04,0.02,0.041,0.031,0,0,0,0
