"date","Flag","Detector.Status","Classifier.Errors","Communication.Status","Neutralizer.Status","Detector.Inlet.Flow..L.min.","Detector.Counting.Flow..L.min.","Impactor.Flow..L.min.","Impactor.D50..nm.","Sheath.Flow..L.min.","Sheath.Temp..C.","Sheath.Pressure..kPa.","Sheath.Relative.Humidity....","Mean.Free.Path..m.","Gas.Viscosity..Pa.s.","Low.Voltage..V.","High.Voltage..V.","Lower.Size..nm.","Upper.Size..nm.","Wide.Range.Scan.Mode","Scan.Direction","HV.Polarity","DMA.V.Ramping.Up..TUP...s.","DMA.V.Ramping.Down..TDOWN...s.","DMA.Column.transit.time.Tf..s.","DMA.Exit.to.Optical.Detector.Td..s.","DMA.at.Low.Voltage..TLOW...s.","DMA.at.High.Voltage..THIGH...s.","Adjustment..s.","Dilution.Factor","Aerosol.Density..g.cm..","Median..nm.","Mean..nm.","Geo..Mean..nm.","Mode..nm.","Geo..Std..Dev","Total.Concentration....cm..","Aerosol.Humidity....","Aerosol.Temperature..C.","Reserved.1","part_1.04","part_1.11","part_1.20","part_1.29","part_1.38","part_1.49","part_1.60","part_1.72","part_1.84","part_1.98","part_2.13","part_2.29","part_2.46","part_2.64","part_2.84","part_3.05","part_3.28","part_3.52","part_3.79","part_4.07","part_4.37","part_4.70","part_5.05","part_5.42","part_5.83","part_6.26","part_6.73","part_7.23","part_7.77","part_8.35","part_8.98","part_9.65","part_10.37","part_11.14","part_11.97","part_12.86","part_13.82","part_14.86","part_15.96","part_17.15","part_18.43","part_19.81","part_21.29","part_22.88","part_24.58","part_26.42","part_28.39","part_30.51","part_32.78","part_35.23","part_37.86","part_40.68","part_43.71","part_46.98","part_50.48","part_54.25","part_58.29","part_62.64","part_67.32","part_72.34","part_77.74","part_83.54","part_89.77","part_96.47","part_103.66","part_111.40","part_119.71","part_128.64","part_138.24","part_148.55","part_159.63","part_171.54","part_184.34","part_198.10","part_212.88","part_228.76","part_245.82","part_264.16","part_283.87","part_305.05","part_327.81","part_352.27","part_378.55","part_406.79","part_437.14","part_469.76","part_504.81","part_542.47","part_582.94","part_626.43","part_673.17","part_723.39","part_777.37","part_835.36","part_897.69","part_964.66","raw_1.04","raw_1.11","raw_1.20","raw_1.29","raw_1.38","raw_1.49","raw_1.60","raw_1.72","raw_1.84","raw_1.98","raw_2.13","raw_2.29","raw_2.46","raw_2.64","raw_2.84","raw_3.05","raw_3.28","raw_3.52","raw_3.79","raw_4.07","raw_4.37","raw_4.70","raw_5.05","raw_5.42","raw_5.83","raw_6.26","raw_6.73","raw_7.23","raw_7.77","raw_8.35","raw_8.98","raw_9.65","raw_10.37","raw_11.14","raw_11.97","raw_12.86","raw_13.82","raw_14.86","raw_15.96","raw_17.15","raw_18.43","raw_19.81","raw_21.29","raw_22.88","raw_24.58","raw_26.42","raw_28.39","raw_30.51","raw_32.78","raw_35.23","raw_37.86","raw_40.68","raw_43.71","raw_46.98","raw_50.48","raw_54.25","raw_58.29","raw_62.64","raw_67.32","raw_72.34","raw_77.74","raw_83.54","raw_89.77","raw_96.47","raw_103.66","raw_111.40","raw_119.71","raw_128.64","raw_138.24","raw_148.55","raw_159.63","raw_171.54","raw_184.34","raw_198.10","raw_212.88","raw_228.76","raw_245.82","raw_264.16","raw_283.87","raw_305.05","raw_327.81","raw_352.27","raw_378.55","raw_406.79","raw_437.14","raw_469.76","raw_504.81","raw_542.47","raw_582.94","raw_626.43","raw_673.17","raw_723.39","raw_777.37","raw_835.36","raw_897.69","raw_964.66"
2026-09-03 00:03:00,1,"Normal Scan","Normal Scan",0,"ON",1,1,1,737.7,5,20.2,97.7,56.6,0.0000000689414,0.0000181905,4.97,8954.6,8.8,736.5,1,"Up Scan","Positive",254,0,4.37,1.6,8,8,0,1,1,13.291,19.246,15.857,9.647,1.701,8299.92,52,21.1,NA,0,0,0,0,0,0,0,0,0,0,0,0,0,0,0,0,0,0,0,0,0,0,0,0,0,0,0,0,0,0,0,43982.176,32288.064,24808.096,17654.848,14913.792,12107.648,11176.512,10785.92,10034.912,10104.672,9547.712,8991.264,8101.92,7279.744,6286.112,5197.344,4740.128,4009.792,3514.656,3153.12,2409.056,2088.704,1784.288,1364.864,1167.456,960.128,808.096,691.104,586.368,590.368,452.544,467.2,433.312,393.12,446.976,370.752,335.328,341.792,272.032,231.744,173.248,139.168,94.048,83.328,57.248,35.04,30.4,26.528,21.536,13.344,14.88,13.76,8.576,1.472,1.536,4.704,1.664,1.664,1.728,0,0,0,0,0,0,0,0,0,0,0,0,0,0,0,0,0,0,0,0,0,0,0,0,0,0,0,0,0,0,0,0,0,0,0,0,15.352,17.726,18.788,19.632,18.202,19.378,19.457,21.521,24.545,26.508,30.477,32.619,34.435,34.527,34.294,32.538,29.373,29.159,26.722,25.188,24.281,19.915,18.436,16.811,13.757,12.655,11.02,9.957,9.113,8.423,8.781,7.385,7.686,7.384,6.822,7.366,6.205,5.529,5.624,4.456,3.728,2.833,2.32,1.575,1.404,0.979,0.607,0.463,0.418,0.319,0.216,0.219,0.186,0.113,0.019,0.019,0.059,0.02,0.02,0.02,0,0,0,0,0,0
2026-09-03 00:08:00,1,"Normal Scan","Normal Scan",0,"ON",1,1,1,737.5,5,19.9,97.7,56.2,0.0000000688516,0.0000181761,4.97,8954.6,8.8,736.5,1,"Up Scan","Positive",254,0,4.37,1.6,8,8,0,1,1,13.57,19.466,16.018,9.647,1.705,8376.52,52,21,NA,0,0,0,0,0,0,0,0,0,0,0,0,0,0,0,0,0,0,0,0,0,0,0,0,0,0,0,0,0,0,0,43674.176,31665.152,23279.296,17897.568,14740.608,12179.712,11281.088,10931.328,10782.816,10420.832,9972.48,9800.448,8810.112,7937.76,6779.456,5821.344,4660.288,4120.256,3282.56,2788.704,2379.296,1922.112,1737.984,1410.368,1236.064,1109.248,856.224,691.072,622.304,482.624,478.304,439.488,452.704,478.368,448.032,409.376,377.984,362.176,300.416,268.448,199.392,126.944,106.912,72.416,62.72,48.032,39.296,26.432,30.144,16.256,10.016,6.432,2.688,2.912,4.608,1.6,0,1.696,1.76,0,0,0,0,0,0,0,0,0,0,0,0,0,0,0,0,0,0,0,0,0,0,0,0,0,0,0,0,0,0,0,0,0,0,0,0,15.321,17.614,18.477,18.45,18.442,19.225,19.561,21.786,24.87,28.52,31.529,34.127,37.557,37.559,37.309,35.022,32.863,28.631,27.416,23.593,21.626,19.792,17.073,16.394,14.205,13.195,12.58,10.502,9.273,8.987,7.628,7.838,7.523,7.803,8.135,7.555,6.718,6.256,5.871,4.877,4.366,3.265,2.193,1.767,1.175,1.012,0.745,0.598,0.418,0.452,0.242,0.146,0.093,0.038,0.038,0.058,0.02,0,0.02,0.02,0,0.014,0,0,0,0
2026-09-03 00:13:00,1,"Normal Scan","Normal Scan",0,"ON",1,1,1,737.9,5,20.5,97.7,56.2,0.0000000690312,0.0000182049,4.97,8954.6,8.8,736.5,1,"Up Scan","Positive",254,0,4.37,1.6,8,8,0,1,1,13.923,20.165,16.438,9.647,1.736,8259.21,52,21.2,NA,0,0,0,0,0,0,0,0,0,0,0,0,0,0,0,0,0,0,0,0,0,0,0,0,0,0,0,0,0,0,0,40248.864,30780.864,23425.312,17063.616,13722.944,11863.584,10588.736,10432.8,10494.688,10300.352,10424,10110.016,9548.832,8254.24,6479.168,5582.336,4435.872,3995.648,3339.904,2918.272,2597.28,2157.952,1919.36,1709.152,1527.104,1337.6,1110.176,1060.16,936.672,772.352,666.176,605.632,526.944,534.976,448,405.312,415.296,326.24,285.952,237.44,184.288,123.2,88.736,79.584,52.128,35.232,32.512,28.192,19.008,24.352,8.16,7.072,7.104,7.328,4.576,0,0,0,1.728,1.792,0,0,0,0,0,0,0,0,0,0,0,0,0,0,0,0,0,0,0,0,0,0,0,0,0,0,0,0,0,0,0,0,0,0,0,12.5,16.244,17.878,18.494,17.578,17.847,19.063,20.446,23.76,27.732,31.119,35.629,38.663,40.635,38.748,33.488,31.541,27.308,26.694,24.144,22.745,21.726,19.371,18.473,17.446,16.542,15.3,13.574,13.663,12.738,11.05,10.311,9.589,8.661,8.635,7.503,6.597,6.637,5.358,4.603,3.836,3.021,2.118,1.51,1.322,0.829,0.59,0.541,0.443,0.269,0.339,0.128,0.111,0.094,0.096,0.058,0,0,0,0.02,0.021,0,0,0,0,0
2026-09-03 00:18:00,1,"Normal Scan","Normal Scan",0,"ON",1,1,1,737.6,5,20,97.7,56.5,0.0000000688815,0.0000181809,4.97,8954.6,8.8,736.5,1,"Up Scan","Positive",254,0,4.37,1.6,8,8,0,1,1,14.103,19.57,16.252,9.647,1.691,7822.54,52,21.1,NA,0,0,0,0,0,0,0,0,0,0,0,0,0,0,0,0,0,0,0,0,0,0,0,0,0,0,0,0,0,0,0,38744.96,26981.632,21784.352,16569.76,12533.504,11211.904,10431.872,10333.248,10335.68,11108.192,10734.72,10278.976,8942.048,8103.424,6537.088,5503.136,4457.952,3889.504,3171.552,2758.208,2328.896,2064.992,1734.784,1313.504,1139.456,927.68,761.152,642.24,538.56,476.992,446.24,433.408,345.984,309.088,356.96,333.504,309.984,279.776,271.808,203.456,172.544,123.392,99.52,62.08,57.12,29.568,34.688,19.904,19.648,23.328,14.656,11.072,9.952,5.92,3.072,4.736,0,0,0,0,0,0,0,0,0,0,0,0,0,0,0,0,0,0,0,0,0,0,0,0,0,0,0,0,0,0,0,0,0,0,0,0,0,0,0,12.213,15.624,15.67,17.239,17.114,16.332,18,20.162,23.521,27.343,33.529,36.674,39.343,38.066,38.069,33.733,31.06,27.417,25.938,22.757,21.341,19.247,18.221,16.292,13.199,12.17,10.632,9.313,8.292,7.607,7.291,6.99,7.119,6.085,5.542,6.131,5.576,5.216,4.584,4.39,3.396,2.853,2.035,1.703,1.094,0.962,0.523,0.549,0.331,0.301,0.324,0.201,0.149,0.132,0.076,0.039,0.059,0,0,0,0,0,0,0,0,0
2026-09-03 00:23:00,1,"Normal Scan","Normal Scan",0,"ON",1,1,1,737.9,5,20.5,97.7,55.8,0.0000000690312,0.0000182049,4.97,8954.6,8.8,736.5,1,"Up Scan","Positive",254,0,4.37,1.6,8,8,0,1,1,13.895,19.139,15.942,9.647,1.67,7123.74,52,21.2,NA,0,0,0,0,0,0,0,0,0,0,0,0,0,0,0,0,0,0,0,0,0,0,0,0,0,0,0,0,0,0,0,32859.232,25995.104,19989.376,15799.776,13135.36,11199.328,10315.456,10438.432,10432.992,10885.024,10104.512,9459.936,7991.424,6473.184,5177.952,4039.136,3350.112,2796.608,2281.056,2046.56,1667.52,1459.776,1198.784,1091.168,984.8,770.112,692.224,585.28,540.128,430.656,383.456,351.136,348.384,342.304,341.28,315.808,310.944,253.44,257.024,208.8,159.488,126.016,100.096,60.64,59.584,42.976,18.72,22.272,17.6,9.248,20.096,4.128,4.256,2.976,3.04,1.568,1.664,1.664,0,0,0,0,0,0,0,0,0,0,0,0,0,0,0,0,0,0,0,0,0,0,0,0,0,0,0,0,0,0,0,0,0,0,0,0,0,11.214,13.219,15.087,15.865,16.287,17.043,18.025,19.903,23.739,27.496,32.833,34.476,36.124,33.938,30.385,26.679,22.791,20.586,18.607,16.457,15.902,13.895,13.003,11.474,11.081,10.495,8.886,8.451,7.735,7.587,6.571,6.236,6.012,6.037,5.937,5.834,5.369,5.149,4.209,4.244,3.385,2.591,2.054,1.591,1.081,0.933,0.682,0.308,0.348,0.248,0.144,0.274,0.056,0.057,0.038,0.039,0.02,0.02,0.02,0,0,0,0,0,0,0
2026-09-03 00:28:00,1,"Normal Scan","Normal Scan",0,"ON",1,1,1,738.3,5,20.9,97.8,55.9,0.0000000690802,0.0000182241,4.97,8954.6,8.8,736.5,1,"Up Scan","Positive",254,0,4.37,1.6,8,8,0,1,1,14.127,19.166,16.015,9.647,1.664,6603.23,52,21.4,NA,0,0,0,0,0,0,0,0,0,0,0,0,0,0,0,0,0,0,0,0,0,0,0,0,0,0,0,0,0,0,0,29347.776,24961.632,18108.8,13772.64,11464.576,10166.112,10024,9738.336,10248.256,9876.416,9859.168,9305.952,7563.232,6450.304,4962.176,3784.256,3119.968,2682.464,2137.824,1785.92,1475.328,1388.032,1158.304,977.792,821.76,781.76,563.36,514.912,418.368,343.264,357.824,293.632,344.896,312.096,321.312,307.008,306.112,278.656,230.688,200.448,145.888,93.888,87.648,62.4,21.312,27.552,24.16,16.448,23.808,8.928,7.488,7.04,8.544,4.416,0,1.568,0,5.056,0,1.792,0,0,0,0,0,0,0,0,0,0,0,0,0,0,0,0,0,0,0,0,0,0,0,0,0,0,0,0,0,0,0,0,0,0,0,9.934,11.839,14.448,14.32,14.205,14.913,16.331,19.31,22.166,27.013,29.781,33.582,35.482,32.124,30.228,25.519,21.294,19.169,17.857,15.395,13.845,12.35,12.315,10.958,9.85,8.792,8.881,6.977,6.875,6.075,5.503,5.858,5.264,5.901,5.457,5.433,4.998,5.029,4.483,3.64,3.177,2.404,1.575,1.461,1.011,0.386,0.501,0.394,0.261,0.335,0.146,0.128,0.111,0.113,0.057,0,0.02,0,0.06,0,0.021,0,0,0,0,0
2026-09-03 00:33:00,1,"Normal Scan","Normal Scan",0,"ON",1,1,1,738.8,5,21.7,97.7,55.4,0.0000000693904,0.0000182624,4.97,8954.6,8.8,736.5,1,"Up Scan","Positive",254,0,4.37,1.6,8,8,0,1,1,14.074,19.197,15.99,9.647,1.666,6271.27,51,21.7,NA,0,0,0,0,0,0,0,0,0,0,0,0,0,0,0,0,0,0,0,0,0,0,0,0,0,0,0,0,0,0,0,28621.408,21637.024,17025.536,14314.816,11426.176,9970.368,9525.312,9526.528,9478.24,9855.552,9226.368,8581.728,7502.272,6088.032,4576.768,3532.8,2771.264,2325.088,1854.784,1531.168,1297.216,1185.824,983.904,900.16,846.4,657.504,557.12,501.184,437.76,366.656,384.224,346.368,353.12,319.872,302.24,323.552,283.904,251.744,210.912,207.296,171.68,114.688,76.384,54.656,37.088,42.688,13.088,17.408,20.128,11.04,14.208,7.072,1.44,5.92,0,0,0,3.36,0,1.792,0,0,0,0,0,0,0,0,0,0,0,0,0,0,0,0,0,0,0,0,0,0,0,0,0,0,0,0,0,0,0,0,0,0,0,9.986,11.489,12.548,13.459,14.731,14.793,15.963,18.358,21.633,24.966,29.683,31.422,32.727,31.775,28.461,23.513,19.859,16.997,15.468,13.381,11.953,10.858,10.561,9.419,9.165,9.073,7.665,6.973,6.744,6.243,5.794,6.158,5.883,5.876,5.573,5.343,5.382,4.61,4.074,3.48,3.321,2.733,1.835,1.303,0.927,0.615,0.659,0.237,0.261,0.283,0.168,0.194,0.111,0.019,0.076,0,0,0,0.04,0,0.021,0,0,0,0,0
2026-09-03 00:38:00,1,"Normal Scan","Normal Scan",0,"ON",1,1,1,739.4,5,22.5,97.7,54.6,0.00000006963,0.0000183006,4.97,8954.6,8.8,736.5,1,"Up Scan","Positive",254,0,4.37,1.6,8,8,0,1,1,15.352,20.4,16.963,9.647,1.68,5480.62,50,22.2,NA,0,0,0,0,0,0,0,0,0,0,0,0,0,0,0,0,0,0,0,0,0,0,0,0,0,0,0,0,0,0,0,18330.112,15731.264,13020.672,11373.408,11027.264,9056.864,9667.488,9450.976,9288.352,9190.592,8916.992,8560.896,7168.768,5884.32,4763.808,3574.88,2795.168,2496.864,1956.608,1574.88,1428.768,1277.408,1059.936,981.728,833.44,691.168,594.112,487.168,370.176,369.376,366.144,294.72,321.152,363.584,332.32,297.184,282.368,261.248,213.856,177.792,143.488,99.072,64.864,46.656,35.424,38.752,30.048,23.264,13.056,14.24,14.656,16.576,2.88,1.472,0,0,1.6,0,0,0,0,0,0,0,0,0,0,0,0,0,0,0,0,0,0,0,0,0,0,0,0,0,0,0,0,0,0,0,0,0,0,0,0,0,0,6.081,7.307,9.098,10.279,11.704,14.322,14.52,18.57,21.466,24.376,27.663,30.323,32.582,30.417,27.54,24.468,20.121,17.179,16.616,14.125,12.261,11.896,11.396,10.048,9.794,8.983,7.929,7.279,6.56,5.578,5.781,5.931,5.15,5.508,5.991,5.535,4.931,4.56,4.151,3.474,2.972,2.381,1.701,1.081,0.807,0.677,0.59,0.445,0.33,0.194,0.198,0.201,0.222,0.038,0.019,0,0,0.02,0,0,0,0,0,0,0,0
2026-09-03 00:43:00,1,"Normal Scan","Normal Scan",0,"ON",1,1,1,739.1,5,22,97.7,54.3,0.0000000694803,0.0000182767,4.97,8954.6,8.8,736.5,1,"Up Scan","Positive",254,0,4.37,1.6,8,8,0,1,1,14.694,19.801,16.497,9.647,1.664,5493.59,49,22.3,NA,0,0,0,0,0,0,0,0,0,0,0,0,0,0,0,0,0,0,0,0,0,0,0,0,0,0,0,0,0,0,0,18856.448,16122.848,14113.632,13308.608,11737.184,10665.696,9332.288,9303.84,9128.064,8296.96,8647.04,8079.008,6771.584,5793.088,4378.816,3226.816,2440.064,2004.096,1665.024,1438.112,1222.368,1057.056,992.192,833.056,683.904,658.08,489.376,454.464,382.304,374.24,311.232,339.136,301.792,354.624,302.72,319.264,270.912,235.616,206.336,164.384,139.808,91.008,69.76,42.752,43.68,19.968,20.704,28.608,11.968,14.176,6.88,12,10.56,7.328,1.536,3.136,1.632,1.696,1.728,3.552,0,0,0,0,0,0,0,0,0,0,0,0,0,0,0,0,0,0,0,0,0,0,0,0,0,0,0,0,0,0,0,0,0,0,0,5.99,7.594,9.362,11.217,13.687,15.302,17.075,17.965,21.115,24.025,24.969,29.41,30.803,28.704,27.076,22.5,18.164,14.954,13.376,12.019,11.162,10.258,9.41,9.407,8.434,7.458,7.55,6.174,6.209,5.662,5.813,5.23,5.633,5.138,5.826,5.101,5.167,4.397,3.814,3.341,2.647,2.305,1.606,1.207,0.732,0.78,0.421,0.359,0.472,0.193,0.216,0.11,0.185,0.151,0.095,0.019,0.039,0.02,0.02,0.02,0.042,0.014,0,0,0,0
2026-09-03 00:48:00,1,"Normal Scan","Normal Scan",0,"ON",1,1,1,738.3,5,21,97.7,53.6,0.0000000691809,0.0000182289,4.97,8954.6,8.8,736.5,1,"Up Scan","Positive",254,0,4.37,1.6,8,8,0,1,1,14.386,19.381,16.272,9.647,1.656,5884.48,49,22.1,NA,0,0,0,0,0,0,0,0,0,0,0,0,0,0,0,0,0,0,0,0,0,0,0,0,0,0,0,0,0,0,0,24149.856,17388.96,15868.16,13830.976,12367.712,10110.432,9959.488,9020.992,8292.448,8294.24,8096.032,8097.856,7961.856,6692.672,5098.368,3949.632,2857.984,2311.136,1985.568,1545.344,1358.592,1158.016,938.112,889.024,743.968,544.96,534.08,464.16,356.48,343.776,280.384,259.328,302.72,294.72,299.712,293.6,244.48,249.728,179.296,185.088,133.088,107.424,63.424,45.216,52.32,22.112,22.72,14.56,8.8,6.496,8.064,5.44,4.256,1.472,1.504,1.568,0,3.328,0,1.792,0,0,0,0,0,0,0,0,0,0,0,0,0,0,0,0,0,0,0,0,0,0,0,0,0,0,0,0,0,0,0,0,0,0,0,7.773,9.709,10.063,12.599,14.268,16.115,16.231,19.157,20.514,21.929,25.005,27.619,30.915,33.772,31.296,26.189,22.188,17.534,15.357,14.284,12.006,11.267,10.309,8.947,8.893,8.022,6.285,6.509,6.238,5.283,5.402,4.739,4.591,5.129,5.117,5.022,4.891,3.987,3.999,2.97,2.938,2.172,1.7,1.011,0.75,0.845,0.395,0.352,0.226,0.159,0.108,0.11,0.074,0.057,0.019,0.019,0.02,0,0.04,0,0.021,0.028,0,0,0,0
2026-09-03 00:53:00,1,"Normal Scan","Normal Scan",0,"ON",1,1,1,737.9,5,20.4,97.7,53.3,0.0000000690013,0.0000182001,4.97,8954.6,8.8,736.5,1,"Up Scan","Positive",254,0,4.37,1.6,8,8,0,1,1,14.418,19.313,16.236,9.647,1.646,5748.22,50,21.8,NA,0,0,0,0,0,0,0,0,0,0,0,0,0,0,0,0,0,0,0,0,0,0,0,0,0,0,0,0,0,0,0,20873.792,17406.592,15381.216,13623.392,12211.68,11708.416,10475.808,9331.04,9133.408,8674.56,8360.768,7992.896,6865.824,5798.464,4953.344,3397.728,2712.32,1993.152,1583.04,1481.024,1191.744,1041.632,954.336,727.808,687.648,545.536,453.056,459.584,340.544,399.008,333.344,314.048,306.56,307.936,292.544,279.392,265.088,209.92,202.08,150.432,133.984,90.304,75.712,63.52,42.848,31.328,13.792,24.608,15.04,3.872,9.536,2.752,5.728,5.92,1.536,0,0,0,1.728,0,0,0,0,0,0,0,0,0,0,0,0,0,0,0,0,0,0,0,0,0,0,0,0,0,0,0,0,0,0,0,0,0,0,0,0,5.834,8.452,10.208,12.242,14.052,15.952,18.759,20.188,21.197,24.098,26.144,28.497,30.52,29.134,27.115,25.443,19.122,16.61,13.305,11.408,11.477,9.912,9.278,9.081,7.429,7.5,6.414,5.769,6.147,5.104,5.994,5.421,5.214,5.282,5.127,4.92,4.623,4.365,3.537,3.28,2.448,2.206,1.504,1.188,1.028,0.663,0.506,0.223,0.366,0.213,0.054,0.146,0.037,0.075,0.076,0.019,0,0,0,0.02,0,0,0,0,0,0
2026-09-03 00:58:00,1,"Normal Scan","Normal Scan",0,"ON",1,1,1,737.5,5,19.9,97.7,53.6,0.0000000688516,0.0000181761,4.97,8954.6,8.8,736.5,1,"Up Scan","Positive",254,0,4.37,1.6,8,8,0,1,1,14.601,19.392,16.362,9.647,1.639,5825.52,50,21.5,NA,0,0,0,0,0,0,0,0,0,0,0,0,0,0,0,0,0,0,0,0,0,0,0,0,0,0,0,0,0,0,0,19678.24,16859.072,15517.28,14352.48,12812.288,11284.128,11052.928,9396.384,8913.888,8657.728,8643.552,8184.128,7610.24,6410.464,5207.808,3950.88,2747.936,2305.952,1686.528,1452,1196.288,978.016,792.768,793.984,624.672,558.144,494.336,408.672,405.024,364.256,297.184,289.376,271.232,271.424,271.104,294.016,263.2,215.936,207.744,164.64,138.24,106.24,79.808,51.072,42.304,28.384,20.256,11.936,12.928,10.368,8.64,5.088,3.296,4.416,4.576,1.568,0,0,1.76,0,0,0,0,0,0,0,0,0,0,0,0,0,0,0,0,0,0,0,0,0,0,0,0,0,0,0,0,0,0,0,0,0,0,0,0,5.48,8.004,9.827,12.325,14.835,16.695,18.144,21.34,21.4,23.532,26.181,29.51,31.285,32.314,30.018,26.757,22.188,16.823,15.286,12.153,11.232,9.976,8.753,7.622,8.12,6.792,6.472,6.161,5.483,5.782,5.587,4.923,5.019,4.768,4.724,4.672,4.918,4.343,3.527,3.383,2.672,2.218,1.702,1.301,0.873,0.677,0.451,0.343,0.227,0.195,0.144,0.128,0.074,0.057,0.057,0.058,0.02,0,0,0.02,0,0.014,0,0,0,0
2026-09-03 01:03:00,1,"Normal Scan","Normal Scan",0,"ON",1,1,1,738,5,20.6,97.7,53.8,0.0000000690611,0.0000182097,4.97,8954.6,8.8,736.5,1,"Up Scan","Positive",254,0,4.37,1.6,8,8,0,1,1,15.365,20.095,16.959,9.647,1.647,5522.73,51,21.6,NA,0,0,0,0,0,0,0,0,0,0,0,0,0,0,0,0,0,0,0,0,0,0,0,0,0,0,0,0,0,0,0,16659.264,14411.264,13757.568,11761.728,11606.048,10379.2,10205.76,9636.384,8813.792,8592.448,8388.544,8386.336,7885.056,6774.4,5835.04,4477.312,3184.416,2357.792,1935.36,1649.504,1400.768,1208.096,966.56,794.304,636.384,546.176,450.56,394.24,373.12,359.616,275.04,333.12,254.848,251.2,230.848,265.664,228.768,194.848,140.832,151.264,122.4,97.152,84.832,58.944,42.688,50.592,28.928,23.232,22.272,13.024,12.032,4.16,0,7.36,4.576,1.568,0,0,0,0,0,0,0,0,0,0,0,0,0,0,0,0,0,0,0,0,0,0,0,0,0,0,0,0,0,0,0,0,0,0,0,0,0,0,0,5.159,6.771,8.45,10.963,12.14,15.117,16.63,19.725,21.906,23.295,25.955,28.659,32.046,33.431,31.71,29.945,25.132,19.479,15.665,13.878,12.729,11.566,10.671,9.121,8.062,6.936,6.31,5.672,5.318,5.218,5.452,4.548,5.25,4.374,4.376,4.04,4.508,3.949,3.284,2.466,2.685,2.071,1.617,1.409,1.027,0.68,0.758,0.48,0.366,0.336,0.18,0.165,0.056,0,0.096,0.058,0.02,0,0,0,0,0.014,0,0,0,0
2026-09-03 01:08:00,1,"Normal Scan","Normal Scan",0,"ON",1,1,1,737.8,5,20.3,97.7,54.6,0.0000000689713,0.0000181953,4.97,8954.6,8.8,736.5,1,"Up Scan","Positive",254,0,4.37,1.6,8,8,0,1,1,19.935,23.126,20.027,22.876,1.634,6600.69,50,21.4,NA,0,0,0,0,0,0,0,0,0,0,0,0,0,0,0,0,0,0,0,0,0,0,0,0,0,0,0,0,0,0,0,11058.08,11454.528,10102.88,9625.728,9075.808,8973.824,8832.704,8971.168,9513.792,11023.84,12240.288,12061.056,12678.624,12517.536,10691.616,9612.288,8444.384,8228.256,6777.76,5197.888,3685.952,2494.624,1623.936,1004.032,674.24,506.208,433.92,385.312,305.536,254.496,221.792,224.288,256.064,239.456,210.752,233.248,219.392,191.648,168.608,165.152,164.864,78.752,73.568,82.752,66.144,58.816,23.904,28.48,23.872,13.056,4.992,4.128,5.696,7.392,1.504,1.568,0,1.696,0,0,0,0,0,0,0,0,0,0,0,0,0,0,0,0,0,0,0,0,0,0,0,0,0,0,0,0,0,0,0,0,0,0,0,0,0,3.748,4.431,6.708,8.042,9.975,11.858,14.48,17.08,20.502,25.242,33.498,42.008,46.364,54.295,59.059,55.33,54.183,51.548,54.02,47.712,39.212,29.723,21.515,14.965,9.922,7.13,5.747,5.384,5.13,4.438,4.001,3.939,3.951,4.342,4.327,4.056,3.972,3.745,3.458,3,2.893,2.679,1.423,1.221,1.338,1.008,0.909,0.429,0.423,0.337,0.18,0.073,0.056,0.075,0.096,0.019,0.02,0,0.02,0,0,0,0,0,0,0
2026-09-03 01:13:00,1,"Normal Scan","Normal Scan",0,"ON",1,1,1,737.7,5,20.2,97.7,54.3,0.0000000689414,0.0000181905,4.97,8954.6,8.8,736.5,1,"Up Scan","Positive",254,0,4.37,1.6,8,8,0,1,1,21.744,24.997,21.466,26.416,1.664,5486.38,51,21.3,NA,0,0,0,0,0,0,0,0,0,0,0,0,0,0,0,0,0,0,0,0,0,0,0,0,0,0,0,0,0,0,0,8772.288,7302.176,7250.816,6815.584,6553.728,6687.296,6381.28,6914.112,7387.584,7892.256,8687.296,9154.016,9862.272,10558.688,10669.664,9625.216,8656.64,7666.976,6909.408,5796.192,4445.088,2930.592,1880.032,1250.592,856.8,564.64,442.4,320.96,270.368,225.152,252.576,210.56,230.336,278.816,204.448,236.768,210.24,184.768,164.96,145.952,153.92,106.816,94.08,87.904,70.784,57.76,39.584,30.464,34.144,15.488,10.72,5.504,4.256,0,1.504,1.6,0,0,0,0,0,0,0,0,0,0,0,0,0,0,0,0,0,0,0,0,0,0,0,0,0,0,0,0,0,0,0,0,0,0,0,0,0,0,0,2.678,3.523,4.268,5.751,7.074,8.577,10.795,12.371,15.776,19.623,24.046,29.968,35.368,42.365,49.981,55.353,54.429,52.946,50.483,48.797,43.762,35.774,25.158,17.206,12.188,8.961,6.383,5.436,4.424,4.053,3.645,4.216,3.809,4.042,4.82,3.922,4.195,3.794,3.434,3.03,2.636,2.528,1.925,1.586,1.391,1.111,0.877,0.583,0.436,0.496,0.216,0.146,0.074,0.057,0,0.019,0.02,0,0,0,0,0,0,0,0,0
2026-09-03 01:18:00,1,"Normal Scan","Normal Scan",0,"ON",1,1,1,738,5,20.6,97.7,54.8,0.0000000690611,0.0000182097,4.97,8954.6,8.8,736.5,1,"Up Scan","Positive",254,0,4.37,1.6,8,8,0,1,1,21.275,24.379,20.942,24.582,1.66,6684.18,50,21.4,NA,0,0,0,0,0,0,0,0,0,0,0,0,0,0,0,0,0,0,0,0,0,0,0,0,0,0,0,0,0,0,0,10995.104,10805.088,10169.792,9426.08,7956.128,7378.816,7407.84,7466.72,8437.344,9885.728,11175.456,12332.8,12806.08,13058.528,12445.824,11456.864,10243.2,8830.304,7795.552,6049.376,4628.352,3330.976,2217.696,1561.728,916.608,660.768,428.832,370.56,320.544,253.568,273.984,236.928,227.808,212.544,235.328,251.328,225.984,190.4,203.904,153.984,135.648,155.936,93.536,99.808,77.44,87.744,70.752,50.464,33.184,24.352,17.376,12.448,4.288,0,4.576,0,1.632,0,0,0,0,0,0,0,0,0,0,0,0,0,0,0,0,0,0,0,0,0,0,0,0,0,0,0,0,0,0,0,0,0,0,0,0,0,0,3.061,4.457,6.324,8.12,9.769,10.387,11.877,14.336,17.097,22.423,30.085,38.492,47.519,54.861,61.728,64.396,64.655,62.55,58.157,55.084,45.706,37.299,28.562,20.268,15.177,9.575,7.44,5.298,4.922,4.557,4.124,4.585,4.091,4.255,4.01,4.36,4.763,4.129,3.672,3.67,3.008,2.637,2.688,1.638,1.647,1.277,1.315,1.028,0.749,0.478,0.342,0.238,0.167,0.057,0,0.058,0,0.02,0,0,0,0,0,0,0,0
2026-09-03 01:23:00,1,"Normal Scan","Normal Scan",0,"ON",1,1,1,737.6,5,20.1,97.7,54.9,0.0000000689115,0.0000181857,4.97,8954.6,8.8,736.5,1,"Up Scan","Positive",254,0,4.37,1.6,8,8,0,1,1,21.556,24.818,21.392,22.876,1.649,6152.94,50,21.3,NA,0,0,0,0,0,0,0,0,0,0,0,0,0,0,0,0,0,0,0,0,0,0,0,0,0,0,0,0,0,0,0,9014.4,7537.088,8138.496,7579.296,7160.608,7542.368,7937.728,8107.68,8913.984,9237.44,10123.968,10891.264,11744,11575.808,11656.032,10928.672,9828.64,8466.944,7336.48,6056.736,4663.264,3201.28,2159.456,1354.912,886.24,608.832,390.72,351.968,230.72,264.992,229.44,273.504,244.32,219.584,232.256,244.032,224.16,185.568,194.112,168.96,140.96,113.44,105.856,90.112,83.616,48.48,71.2,45.504,24.416,21.12,10.752,9.664,6.208,10.336,1.536,0,3.264,1.664,0,0,0,0,0,0,0,0,0,0,0,0,0,0,0,0,0,0,0,0,0,0,0,0,0,0,0,0,0,0,0,0,0,0,0,0,0,2.296,3.585,4.443,6.528,7.852,9.366,12.181,15.381,18.53,23.682,28.123,34.905,42.027,50.389,54.835,60.428,61.748,60.059,55.751,51.79,45.738,37.563,27.43,19.731,13.162,9.256,6.868,5.008,4.694,3.509,4.209,4.076,4.603,4.352,4.09,4.356,4.343,4.135,3.511,3.496,3.055,2.633,2.024,1.831,1.423,1.34,0.793,1.114,0.662,0.372,0.324,0.146,0.13,0.094,0.134,0.019,0,0.04,0.02,0,0,0.014,0,0,0,0
2026-09-03 01:28:00,1,"Normal Scan","Normal Scan",0,"ON",1,1,1,737.3,5,19.6,97.7,54.8,0.0000000687619,0.0000181617,4.97,8954.6,8.8,736.5,1,"Up Scan","Positive",254,0,4.37,1.6,8,8,0,1,1,21.155,25.608,21.382,24.582,1.699,4002.78,50,21,NA,0,0,0,0,0,0,0,0,0,0,0,0,0,0,0,0,0,0,0,0,0,0,0,0,0,0,0,0,0,0,0,5678.912,5138.976,5201.344,5037.44,5233.76,5461.92,5673.088,5686.976,5825.6,6323.168,6109.536,6755.36,7417.088,7606.336,7464.352,6752.768,6252.608,5319.168,4408.128,3395.552,2474.624,1827.232,1283.648,803.552,503.04,396.992,338.208,286.304,243.872,198.24,228.736,190.656,186.944,216.512,229.024,248.064,176.768,226.08,203.04,181.824,139.936,109.216,131.616,116.352,85.216,70.048,68.768,57.952,42.752,32.512,16.576,12.224,8.16,7.392,0,3.136,0,0,1.76,0,0,0,0,0,0,0,0,0,0,0,0,0,0,0,0,0,0,0,0,0,0,0,0,0,0,0,0,0,0,0,0,0,0,0,0,1.692,2.29,3.013,4.161,5.217,6.884,8.823,10.988,12.983,15.469,19.214,21.06,26.12,31.83,35.993,38.596,38.029,38.17,35.03,31.119,25.651,20.016,15.77,11.834,7.931,5.364,4.619,4.247,3.846,3.683,3.484,3.857,3.632,3.73,4.227,4.278,4.456,3.659,4.312,3.755,3.394,2.634,2.139,2.238,1.985,1.361,1.097,1.063,0.854,0.603,0.45,0.238,0.171,0.109,0.096,0,0.039,0,0,0.02,0,0,0,0,0,0
2026-09-03 01:33:00,1,"Normal Scan","Normal Scan",0,"ON",1,1,1,737.5,5,19.9,97.7,54.4,0.0000000688516,0.0000181761,4.97,8954.6,8.8,736.5,1,"Up Scan","Positive",254,0,4.37,1.6,8,8,0,1,1,18.151,28.092,20.568,9.647,1.945,1779.22,51,21,NA,0,0,0,0,0,0,0,0,0,0,0,0,0,0,0,0,0,0,0,0,0,0,0,0,0,0,0,0,0,0,0,3863.456,3632.704,3825.952,3024.864,3163.808,2745.536,2601.696,2340.512,2564.512,2625.12,2609.344,2608.8,2272.928,2302.496,2127.68,1902.528,1656.832,1493.056,1140.288,1060.864,951.36,799.904,602.976,473.408,369.728,301.728,260.96,221.92,169.824,194.272,186.048,210.304,211.68,187.616,219.264,235.488,165.472,195.04,196.704,166.304,173.408,156.16,144.096,111.04,102.688,96.768,86.592,56.608,48.224,20.032,22.72,20.64,7.136,2.944,3.04,0,0,0,0,0,0,0,0,0,0,0,0,0,0,0,0,0,0,0,0,0,0,0,0,0,0,0,0,0,0,0,0,0,0,0,0,0,0,0,0,1.36,1.593,2.131,3.015,3.145,4.122,4.43,5.03,5.334,6.789,7.941,8.938,10.014,9.731,10.837,11.039,10.79,10.204,9.933,8.187,8.164,7.803,7.016,5.671,4.738,4.027,3.606,3.404,3.131,2.814,3.298,3.358,3.785,4.084,3.771,4.347,4.608,3.647,3.812,3.852,3.34,3.272,2.816,2.362,1.885,1.701,1.467,1.286,0.823,0.679,0.278,0.311,0.279,0.094,0.038,0.039,0,0,0,0,0,0,0,0,0,0
2026-09-03 01:38:00,1,"Normal Scan","Normal Scan",0,"ON",1,1,1,737.6,5,20,97.7,55,0.0000000688815,0.0000181809,4.97,8954.6,8.8,736.5,1,"Up Scan","Positive",254,0,4.37,1.6,8,8,0,1,1,21.359,30.116,22.511,9.647,1.936,1832.58,50,21,NA,0,0,0,0,0,0,0,0,0,0,0,0,0,0,0,0,0,0,0,0,0,0,0,0,0,0,0,0,0,0,0,3722.592,3095.776,2766.336,2487.616,2613.408,2275.808,2259.584,2178.112,2204.832,2044.544,2346.528,2508.704,2662.24,2715.424,2755.008,2848.64,2849.536,2388.672,2095.744,1559.296,1326.432,965.824,705.568,544.48,331.36,317.728,278.592,247.168,199.488,223.68,187.552,182.784,176.64,205.632,220.704,183.52,255.808,211.872,204.704,176.736,186.912,197.44,138.176,116.672,126.72,96.992,70.528,55.072,33.984,41.536,28.128,9.664,7.104,5.92,1.504,1.568,0,0,0,0,0,0,0,0,0,0,0,0,0,0,0,0,0,0,0,0,0,0,0,0,0,0,0,0,0,0,0,0,0,0,0,0,0,0,0,1.307,1.481,1.807,2.207,2.584,3.415,3.657,4.353,4.969,5.866,6.235,8.12,9.731,11.467,12.909,14.325,16.127,17.436,15.784,14.872,11.86,10.803,8.421,6.643,5.423,3.701,3.732,3.523,3.418,3.231,3.566,3.456,3.649,3.766,4.032,4.486,4.136,4.863,4.181,4.028,3.454,3.41,3.311,2.406,2.051,1.974,1.473,1.08,0.802,0.478,0.576,0.384,0.13,0.094,0.076,0.019,0.02,0,0,0,0,0,0,0,0,0
2026-09-03 01:43:00,1,"Normal Scan","Normal Scan",0,"ON",1,1,1,737.4,5,19.8,97.7,54.6,0.0000000688217,0.0000181713,4.97,8954.6,8.8,736.5,1,"Up Scan","Positive",254,0,4.37,1.6,8,8,0,1,1,20.893,27.586,21.609,9.647,1.823,2570.28,50,20.9,NA,0,0,0,0,0,0,0,0,0,0,0,0,0,0,0,0,0,0,0,0,0,0,0,0,0,0,0,0,0,0,0,5054.176,4049.44,3810.752,3237.824,3168.448,3006.272,3252.832,3163.328,3536.064,3876.544,3981.632,4388.704,4586.112,4391.104,4495.424,4272.928,3678.336,3269.152,2274.208,1751.68,1402.016,1066.944,910.4,612.032,496.352,364.704,299.52,245.312,205.44,245.184,183.872,191.68,198.432,209.632,218.464,233.984,217.76,202.688,207.328,194.24,173.248,155.552,118.016,126.528,120.544,105.856,85.888,68.096,54.432,38.592,16.384,13.792,4.256,5.92,6.08,3.136,0,1.696,0,0,0,0,0,0,0,0,0,0,0,0,0,0,0,0,0,0,0,0,0,0,0,0,0,0,0,0,0,0,0,0,0,0,0,0,0,1.537,2.079,2.367,3.039,3.336,4.121,4.846,6.289,7.228,9.425,11.798,13.716,16.958,19.689,20.737,23.189,24.037,22.438,21.552,16.146,13.371,11.447,9.325,8.449,6.093,5.378,4.202,3.788,3.437,3.286,3.918,3.436,3.62,4.009,4.131,4.391,4.671,4.275,4.062,4.226,3.783,3.248,2.843,2.245,2.086,1.888,1.587,1.303,1.029,0.78,0.54,0.238,0.186,0.057,0.077,0.078,0.039,0,0.02,0,0,0,0,0,0,0
2026-09-03 01:48:00,1,"Normal Scan","Normal Scan",0,"ON",1,1,1,737.7,5,20.2,97.7,54.8,0.0000000689414,0.0000181905,4.97,8954.6,8.8,736.5,1,"Up Scan","Positive",254,0,4.37,1.6,8,8,0,1,1,24.195,29.665,23.017,9.647,1.906,2642.01,50,21,NA,0,0,0,0,0,0,0,0,0,0,0,0,0,0,0,0,0,0,0,0,0,0,0,0,0,0,0,0,0,0,0,6494.272,5585.76,4270.176,3593.92,2801.92,2527.584,2406.464,2222.88,2153.28,1994.368,2193.216,2590.752,2672.832,2902.816,4045.376,5031.68,5039.808,4765.088,4037.344,3542.112,2802.08,2309.44,1731.872,1215.072,827.136,502.88,315.232,306.688,238.528,191.008,192.384,202.528,208.352,204.096,210.176,208.32,204.096,242.464,216.768,202.368,169.12,156.704,184.384,136.32,121.024,94.944,75.52,57.088,55.712,29.952,17.344,15.168,11.392,7.392,9.184,0,0,0,0,0,0,0,0,0,0,0,0,0,0,0,0,0,0,0,0,0,0,0,0,0,0,0,0,0,0,0,0,0,0,0,0,0,0,0,0,1.878,2.651,3.259,3.389,3.712,3.628,4.061,4.654,5.073,5.708,6.128,7.689,10.195,11.721,14.043,21.299,28.603,31.041,31.617,28.739,26.947,22.661,19.841,15.868,11.805,8.568,5.638,4.005,4.142,3.576,3.274,3.484,3.876,4.159,4.335,4.26,4.223,4.435,4.733,4.207,3.807,3.187,2.901,3.116,2.203,1.908,1.484,1.16,0.886,0.786,0.416,0.238,0.204,0.151,0.096,0.116,0,0,0,0,0,0,0,0,0,0
2026-09-03 01:53:00,1,"Normal Scan","Normal Scan",0,"ON",1,1,1,737.4,5,19.8,97.7,54.8,0.0000000688217,0.0000181713,4.97,8954.6,8.8,736.5,1,"Up Scan","Positive",254,0,4.37,1.6,8,8,0,1,1,22.332,27.193,22.391,28.387,1.743,4026.92,50,20.9,NA,0,0,0,0,0,0,0,0,0,0,0,0,0,0,0,0,0,0,0,0,0,0,0,0,0,0,0,0,0,0,0,6340.576,5585.504,4695.52,4471.712,4512.384,4633.856,5045.088,4651.072,5085.312,5581.504,6237.568,6539.552,6927.2,6960.256,7035.264,7122.592,6560.576,6051.392,5292.96,4403.104,3610.112,2818.336,1855.552,1312.928,772.352,476.544,336.288,220.576,244.512,205.312,203.36,200.512,228,223.168,195.904,203.52,193.664,186.304,214.464,192.16,175.456,155.744,163.648,169.376,137.888,131.648,87.616,70.336,54.048,32.16,17.344,23.392,7.136,2.912,1.504,4.768,0,0,0,0,0,0,0,0,0,0,0,0,0,0,0,0,0,0,0,0,0,0,0,0,0,0,0,0,0,0,0,0,0,0,0,0,0,0,0,1.672,2.539,3.256,3.724,4.669,5.906,7.461,9.756,10.659,13.53,17.018,21.514,25.287,29.819,33.063,36.603,40.397,40.309,39.977,37.533,33.351,29.109,24.117,16.874,12.788,8.022,5.434,4.223,3.177,3.692,3.362,3.583,3.738,4.303,4.483,4.205,4.254,4.255,4.163,4.423,3.853,3.382,2.809,2.871,2.676,2.251,1.988,1.29,1.011,0.799,0.448,0.238,0.316,0.094,0.038,0.019,0.059,0,0,0,0,0,0,0,0,0
2026-09-03 01:58:00,1,"Normal Scan","Normal Scan",0,"ON",1,1,1,737.8,5,20.3,97.7,54.2,0.0000000689713,0.0000181953,4.97,8954.6,8.8,736.5,1,"Up Scan","Positive",254,0,4.37,1.6,8,8,0,1,1,21.497,25.661,21.817,21.288,1.654,5217.51,50,21,NA,0,0,0,0,0,0,0,0,0,0,0,0,0,0,0,0,0,0,0,0,0,0,0,0,0,0,0,0,0,0,0,5957.92,4776.384,5666.624,5896.96,5952.064,6826.304,6936.48,7845.28,8901.12,9019.808,9436.32,10127.104,9953.312,9818.784,9544.864,9187.968,8227.68,7594.144,6480.8,4772.512,3638.848,2531.968,1522.752,991.392,611.2,436.608,316.384,242.816,181.76,199.424,184.544,199.296,222.304,246.848,216.736,222.784,238.72,227.968,208.128,217.504,206.08,151.616,142.848,136.288,132.576,131.36,77.984,65.984,44.128,35.04,25.408,12.448,5.728,4.416,3.072,4.672,0,0,0,0,0,0,0,0,0,0,0,0,0,0,0,0,0,0,0,0,0,0,0,0,0,0,0,0,0,0,0,0,0,0,0,0,0,0,0,1.785,2.377,2.813,4.516,6.119,7.797,11.012,13.453,17.897,23.636,27.384,32.475,39.036,42.7,46.505,49.465,51.808,50.232,49.843,45.619,35.987,29.293,21.678,13.902,9.643,6.432,5.024,3.982,3.455,3.054,3.426,3.46,3.887,4.324,4.795,4.604,4.533,4.705,4.513,4.173,4.359,3.685,2.763,2.518,2.282,2.075,1.958,1.163,1.011,0.62,0.486,0.347,0.167,0.075,0.057,0.039,0.059,0,0,0,0,0,0,0,0,0
2026-09-03 02:03:00,1,"Normal Scan","Normal Scan",0,"ON",1,1,1,737.6,5,20,97.8,54.6,0.0000000688111,0.0000181809,4.97,8954.6,8.8,736.5,1,"Up Scan","Positive",254,0,4.37,1.6,8,8,0,1,1,22.935,27.87,22.988,28.387,1.733,3941.84,50,20.9,NA,0,0,0,0,0,0,0,0,0,0,0,0,0,0,0,0,0,0,0,0,0,0,0,0,0,0,0,0,0,0,0,4883.296,4171.648,4239.552,4563.84,4211.424,4546.592,4725.248,4670.912,5278.528,5339.488,6158.72,6631.264,7041.504,7268.768,7345.92,7385.312,6651.68,6189.024,5528.224,4467.936,3707.968,2484.768,1796.544,1130.08,745.984,474.176,348.992,225.216,214.4,203.04,178.688,214.72,221.984,258.688,211.488,208.96,259.392,232.448,214.336,206.176,189.568,180.064,144.224,175.936,158.208,142.72,92.192,73.792,64.512,38.752,13.6,11.008,3.872,8.864,1.536,1.568,0,1.696,0,0,0,0,0,0,0,0,0,0,0,0,0,0,0,0,0,0,0,0,0,0,0,0,0,0,0,0,0,0,0,0,0,0,0,0,0,1.453,1.992,2.427,3.374,4.748,5.499,7.367,9.151,10.705,14.033,16.285,21.29,25.666,30.341,34.536,38.208,41.858,40.755,40.868,39.097,33.833,29.861,21.302,16.363,11.002,7.774,5.368,4.406,3.336,3.361,3.455,3.391,4.206,4.327,4.998,4.54,4.55,5.087,4.911,4.544,4.131,3.615,3.3,2.614,2.739,2.439,2.13,1.402,1.081,0.921,0.54,0.201,0.149,0.057,0.115,0.019,0.02,0,0.02,0,0,0.014,0,0,0,0
2026-09-03 02:08:00,1,"Normal Scan","Normal Scan",0,"ON",1,1,1,737.9,5,20.4,97.7,53.8,0.0000000690013,0.0000182001,4.97,8954.6,8.8,736.5,1,"Up Scan","Positive",254,0,4.37,1.6,8,8,0,1,1,21.819,25.505,21.786,24.582,1.641,5955.64,50,21,NA,0,0,0,0,0,0,0,0,0,0,0,0,0,0,0,0,0,0,0,0,0,0,0,0,0,0,0,0,0,0,0,6941.248,6113.248,6553.376,6395.968,6757.056,7140.704,7055.648,7299.36,9052.416,10271.2,11797.248,11962.784,11921.056,12730.4,12439.04,11570.048,10245.344,8748.128,6650.208,4894.56,3484.448,2405.216,1492.032,986.368,622.816,416.384,304.096,227.616,184.576,217.28,199.424,161.472,239.2,230.464,249.792,240.608,270.624,288.576,243.488,202.88,221.792,198.656,195.744,160.832,156.384,126.944,103.712,70.112,50.816,24.64,25.472,12.8,7.296,8.896,3.072,1.6,0,0,3.52,1.856,0,0,0,0,0,0,0,0,0,0,0,0,0,0,0,0,0,0,0,0,0,0,0,0,0,0,0,0,0,0,0,0,0,0,0,1.795,2.838,3.61,5.232,6.647,8.871,11.528,13.655,16.743,24.079,31.286,40.592,46.071,51.159,60.081,64.161,64.963,62.304,57.295,46.818,36.904,28.018,20.615,13.596,9.628,6.586,4.731,3.838,3.416,3.117,3.712,3.732,3.69,4.817,4.629,5.242,5.098,5.505,5.583,4.918,4.135,3.971,3.587,3.23,2.636,2.432,1.936,1.577,1.045,0.744,0.342,0.366,0.188,0.13,0.115,0.039,0.02,0,0,0.041,0.021,0.014,0,0,0,0
2026-09-03 02:13:00,1,"Normal Scan","Normal Scan",0,"ON",1,1,1,737.7,5,20.2,97.7,54.2,0.0000000689414,0.0000181905,4.97,8954.6,8.8,736.5,1,"Up Scan","Positive",254,0,4.37,1.6,8,8,0,1,1,22.118,26.265,22.216,28.387,1.676,5663.12,49,21,NA,0,0,0,0,0,0,0,0,0,0,0,0,0,0,0,0,0,0,0,0,0,0,0,0,0,0,0,0,0,0,0,6584.16,6509.952,6477.376,5997.632,6832.736,6324.736,6780.512,7740.832,8134.4,9407.84,9424.896,10173.12,10062.752,10318.88,10287.136,10393.44,9898.784,8799.808,7598.368,6168.384,4547.488,3338.496,2195.84,1275.328,712.896,483.008,267.232,228.288,217.408,232.576,231.936,262.944,296.928,230.272,302.336,215.552,271.552,253.568,190.848,225.152,167.904,210.848,168.16,151.616,146.656,132.512,101.312,83.136,53.632,35.584,31.392,16.512,10.048,7.36,4.576,3.168,0,0,0,0,0,0,0,0,0,0,0,0,0,0,0,0,0,0,0,0,0,0,0,0,0,0,0,0,0,0,0,0,0,0,0,0,0,0,0,2.158,2.652,3.82,5.152,6.237,8.915,10.227,13.128,17.71,21.587,28.559,32.504,39.328,43.316,49.001,53.519,58.784,60.54,57.938,53.576,46.462,36.532,28.467,19.923,12.37,7.521,5.551,3.666,3.45,3.525,3.904,4.202,4.83,5.3,4.63,5.712,4.792,5.363,5.137,4.127,4.385,3.461,3.691,2.94,2.532,2.337,2.023,1.526,1.22,0.779,0.496,0.429,0.223,0.132,0.096,0.058,0.039,0,0,0,0,0,0,0,0,0
2026-09-03 02:18:00,1,"Normal Scan","Normal Scan",0,"ON",1,1,1,737.6,5,20,97.7,53.5,0.0000000688815,0.0000181809,4.97,8954.6,8.8,736.5,1,"Up Scan","Positive",254,0,4.37,1.6,8,8,0,1,1,21.818,25.536,21.807,24.582,1.652,6533.28,49,21,NA,0,0,0,0,0,0,0,0,0,0,0,0,0,0,0,0,0,0,0,0,0,0,0,0,0,0,0,0,0,0,0,7958.56,7683.904,7108.384,7803.136,7160.48,7539.36,8225.76,8847.296,9965.568,10887.008,11454.624,11957.792,12184.736,12288.736,12151.136,12056.192,11425.44,10162.176,8310.336,6705.152,4912.32,3245.28,2074.56,1152.192,716.992,446.784,265.536,244.896,223.328,189.888,230.24,179.712,220.832,250.688,225.76,249.76,268.512,255.936,223.648,208.288,232.608,195.488,168.32,149.024,137.984,141.536,123.744,74.464,71.232,39.104,22.88,22.112,9.92,4.416,1.504,6.304,0,3.392,0,0,0,0,0,0,0,0,0,0,0,0,0,0,0,0,0,0,0,0,0,0,0,0,0,0,0,0,0,0,0,0,0,0,0,0,0,2.347,3.273,4.473,5.666,8.143,9.367,12.159,15.946,20.249,26.481,33.068,39.462,46.23,52.417,58.21,63.1,68.057,69.678,66.748,58.475,50.492,39.389,27.691,18.829,11.221,7.515,5.114,3.429,3.526,3.547,3.432,4.162,3.854,4.361,4.956,4.9,5.199,5.44,5.029,4.627,4.441,4.337,3.559,2.936,2.513,2.229,2.162,1.842,1.098,1.027,0.558,0.329,0.297,0.132,0.057,0.019,0.079,0,0.04,0,0,0,0,0,0,0
2026-09-03 02:23:00,1,"Normal Scan","Normal Scan",0,"ON",1,1,1,737.9,5,20.4,97.7,53.6,0.0000000690013,0.0000182001,4.97,8954.6,8.8,736.5,1,"Up Scan","Positive",254,0,4.37,1.6,8,8,0,1,1,21.527,26.566,21.757,26.416,1.737,4317.68,49,21.1,NA,0,0,0,0,0,0,0,0,0,0,0,0,0,0,0,0,0,0,0,0,0,0,0,0,0,0,0,0,0,0,0,6621.248,5503.168,5768.96,5758.688,5400.768,4977.216,5785.824,5535.776,6251.744,6326.368,6712.064,6960.448,7770.112,7599.488,7826.304,7240.704,6870.784,6348.128,5531.296,4291.968,3179.072,2057.184,1313.152,939.776,551.328,390.464,290.912,218.464,221.28,185.152,197.952,222.336,214.528,236.8,242.592,255.168,236.864,237.056,238.08,247.168,196.448,185.76,193.952,185.344,159.232,144.896,79.424,92.704,60.32,28.576,32.064,20.864,11.488,13.28,3.072,0,0,0,1.76,0,0,0,0,0,0,0,0,0,0,0,0,0,0,0,0,0,0,0,0,0,0,0,0,0,0,0,0,0,0,0,0,0,0,0,0,2.076,2.652,3.224,4.591,5.944,7.056,8.02,11.191,12.641,16.573,19.245,23.147,26.885,33.387,36.054,40.602,40.927,41.919,41.698,39.004,32.342,25.573,17.642,12.047,9.195,5.837,4.526,3.729,3.219,3.554,3.322,3.735,4.253,4.401,4.921,5.072,5.241,5.005,5.15,4.895,4.75,3.77,3.452,3.237,3.065,2.536,2.223,1.251,1.359,0.85,0.396,0.439,0.297,0.151,0.172,0.039,0,0,0,0.02,0,0,0,0,0,0
2026-09-03 02:28:00,1,"Normal Scan","Normal Scan",0,"ON",1,1,1,737.5,5,19.9,97.7,53.7,0.0000000688516,0.0000181761,4.97,8954.6,8.8,736.5,1,"Up Scan","Positive",254,0,4.37,1.6,8,8,0,1,1,17.676,28.477,20.465,9.647,1.976,2036.86,49,21,NA,0,0,0,0,0,0,0,0,0,0,0,0,0,0,0,0,0,0,0,0,0,0,0,0,0,0,0,0,0,0,0,5351.392,4327.584,3825.856,3662.112,3294.144,3016.544,3168.832,3101.92,3143.392,2958.4,2879.392,3011.392,2592.704,2161.12,1603.328,1711.872,1809.152,1701.664,1756.512,1593.056,1222.688,934.88,699.2,538.624,375.2,281.76,210.4,208.224,195.008,210.048,175.104,195.936,272.256,198.336,256.256,255.232,269.984,245.632,223.552,191.84,193.568,182.24,182.272,176.032,138.592,148.224,106.944,57.376,60.512,37.888,26.912,11.232,9.952,5.888,1.536,4.736,0,1.696,1.728,1.792,0,0,0,0,0,0,0,0,0,0,0,0,0,0,0,0,0,0,0,0,0,0,0,0,0,0,0,0,0,0,0,0,0,0,0,1.494,2.166,2.564,3.033,3.775,4.285,4.846,6.155,7.056,8.302,8.919,9.856,11.581,11.082,10.261,8.446,9.819,11.183,11.309,12.522,12.128,9.952,8.114,6.496,5.422,4.12,3.338,2.902,3.152,3.15,3.691,3.552,3.943,5.04,4.203,5.096,5.195,5.534,4.996,4.592,4.096,3.62,3.259,3.125,2.931,2.174,2.251,1.606,0.852,0.886,0.54,0.384,0.167,0.132,0.077,0.019,0.059,0,0.02,0.02,0.02,0,0,0,0,0
2026-09-03 02:33:00,1,"Normal Scan","Normal Scan",0,"ON",1,1,1,737.9,5,20.4,97.7,53.2,0.0000000690013,0.0000182001,4.97,8954.6,8.8,736.5,1,"Up Scan","Positive",254,0,4.37,1.6,8,8,0,1,1,17.012,33.198,21.473,9.647,2.198,1286.63,49,21.1,NA,0,0,0,0,0,0,0,0,0,0,0,0,0,0,0,0,0,0,0,0,0,0,0,0,0,0,0,0,0,0,0,3582.56,2981.92,2554.848,2562.816,2297.472,2191.264,1866.528,1913.12,1731.552,1532.48,1500.384,1386.752,1433.28,1183.936,1032.704,1050.816,1051.936,846.976,754.752,746.752,661.376,575.712,436.16,318.656,234.4,233.632,204.736,188.096,167.296,204.352,180.704,240.288,195.2,220.032,246.368,227.104,265.376,214.784,241.248,237.088,211.968,234.496,202.976,187.104,153.504,151.872,93.408,82.976,58.624,39.136,30.752,17.888,4.288,1.472,1.536,3.168,0,1.696,0,0,0,0,0,0,0,0,0,0,0,0,0,0,0,0,0,0,0,0,0,0,0,0,0,0,0,0,0,0,0,0,0,0,0,0,0,1.11,1.456,1.757,2.02,2.655,2.992,3.489,3.596,4.342,4.571,4.626,5.141,5.358,6.138,5.597,5.382,5.98,6.51,5.665,5.422,5.731,5.446,5.082,4.132,3.276,2.709,2.915,2.848,2.772,2.849,3.568,3.547,4.438,4.211,4.715,5.144,5.155,5.499,4.752,4.952,4.715,4.032,4.063,3.349,3.102,2.446,2.261,1.352,1.202,0.85,0.558,0.42,0.241,0.057,0.019,0.019,0.039,0,0.02,0,0,0,0,0,0,0
2026-09-03 02:38:00,1,"Normal Scan","Normal Scan",0,"ON",1,1,1,737.6,5,20.1,97.7,53.6,0.0000000689115,0.0000181857,4.97,8954.6,8.8,736.5,1,"Up Scan","Positive",254,0,4.37,1.6,8,8,0,1,1,21.127,30.824,22.777,10.366,1.941,2111.73,49,21.1,NA,0,0,0,0,0,0,0,0,0,0,0,0,0,0,0,0,0,0,0,0,0,0,0,0,0,0,0,0,0,0,0,3669.536,3795.648,2736.512,2755.936,2719.328,2032.736,2200.384,2559.552,2969.856,3392.128,3607.072,3574.976,3580.768,3257.344,3226.592,2764.416,2571.072,2390.176,1976.16,1802.624,1709.088,1406.464,938.976,617.312,424.384,287.744,222.72,198.272,173.344,182.112,216.48,200.16,238.528,212.832,234.496,251.2,229.152,199.328,245.888,265.344,215.2,216.128,218.272,191.392,175.872,138.4,115.936,79.456,54.016,55.872,25.28,26.368,11.424,10.304,3.04,0,0,1.664,0,0,0,0,0,0,0,0,0,0,0,0,0,0,0,0,0,0,0,0,0,0,0,0,0,0,0,0,0,0,0,0,0,0,0,0,0,1.079,1.506,2.218,2.17,2.864,3.551,3.272,4.284,5.874,7.871,10.276,12.374,13.752,15.336,15.401,16.75,15.749,15.871,15.88,14.084,13.748,13.834,12.096,8.649,6.097,4.583,3.47,3.027,2.96,2.892,3.303,3.981,3.877,4.746,4.773,5.032,5.372,5.186,4.583,5.148,5.19,4.097,3.822,3.781,3.118,2.804,2.142,1.766,1.15,0.762,0.792,0.347,0.353,0.151,0.134,0.039,0,0,0.02,0,0,0,0,0,0,0
2026-09-03 02:43:00,1,"Normal Scan","Normal Scan",0,"ON",1,1,1,737.8,5,20.3,97.7,52.9,0.0000000689713,0.0000181953,4.97,8954.6,8.8,736.5,1,"Up Scan","Positive",254,0,4.37,1.6,8,8,0,1,1,23.571,32.416,24.225,9.647,1.961,2354.59,49,21.1,NA,0,0,0,0,0,0,0,0,0,0,0,0,0,0,0,0,0,0,0,0,0,0,0,0,0,0,0,0,0,0,0,4381.568,3629.6,3690.464,3024.48,2787.744,2149.312,2116.896,2131.68,2260.832,2860.992,2964,3023.648,2934.688,2669.28,2868.832,3412.096,3974.208,3637.536,3182.208,3346.304,3140,2353.184,1703.136,1141.056,704.416,456.992,265.344,190.528,195.008,196.768,176.672,169.472,210.752,234.016,238.368,234.528,252.928,256.384,229.632,252.096,258.752,224.032,197.216,228.928,187.264,174.464,136.832,90.592,75.072,37.696,29.6,27.648,15.68,4.384,3.072,3.168,1.6,1.664,1.728,0,0,0,0,0,0,0,0,0,0,0,0,0,0,0,0,0,0,0,0,0,0,0,0,0,0,0,0,0,0,0,0,0,0,0,0,1.162,1.718,2.13,2.948,3.139,3.638,3.453,4.097,4.881,5.99,8.685,10.234,11.735,12.707,12.827,15.214,19.684,24.615,24.272,22.765,25.396,25.327,20.143,15.479,11.038,7.39,5.154,3.392,2.899,3.211,3.478,3.499,3.66,4.423,5.085,5.362,5.3,5.501,5.61,5.201,5.087,4.956,4.166,3.381,3.634,3.036,2.697,2.01,1.324,1.098,0.54,0.421,0.371,0.207,0.057,0.039,0.039,0.02,0.02,0.02,0,0,0,0,0,0
2026-09-03 02:48:00,1,"Normal Scan","Normal Scan",0,"ON",1,1,1,737.8,5,20.3,97.7,53.3,0.0000000689713,0.0000181953,4.97,8954.6,8.8,736.5,1,"Up Scan","Positive",254,0,4.37,1.6,8,8,0,1,1,22.358,27.269,22.48,26.416,1.721,4846.34,49,21.1,NA,0,0,0,0,0,0,0,0,0,0,0,0,0,0,0,0,0,0,0,0,0,0,0,0,0,0,0,0,0,0,0,5799.552,5711.936,5530.976,5460.992,5524.96,5593.984,5849.44,5979.008,6257.472,7151.616,8239.456,8889.344,9268.96,9426.944,9914.88,9413.312,8160.32,6382.592,5157.152,4394.368,3967.328,3129.408,2165.536,1334.208,839.136,457.6,306.432,255.616,207.328,215.936,217.248,202.336,216.288,198.496,240.832,267.232,245.952,276.672,257.76,271.552,264.96,237.856,246.784,202.784,164.192,165.792,141.056,96.192,55.008,36.224,30.912,29.28,9.984,5.856,6.08,4.736,3.264,0,0.992,0.8,0,0,0,0,0,0,0,0,0,0,0,0,0,0,0,0,0,0,0,0,0,0,0,0,0,0,0,0,0,0,0,0,0,0,0,1.746,2.377,3.307,4.408,5.65,7.217,9.021,11.325,13.657,16.669,21.826,28.447,34.334,39.746,44.515,51.266,53.158,49.991,42.207,36.604,33.31,31.927,26.75,19.661,12.907,8.754,5.246,3.873,3.616,3.303,3.73,4.082,4.212,4.737,4.596,5.404,5.795,5.682,5.822,5.308,5.294,5.146,4.217,4.096,3.264,2.75,2.533,2.091,1.429,0.815,0.522,0.421,0.408,0.132,0.076,0.078,0.059,0.04,0,0.011,0.009,0,0,0,0,0
2026-09-03 02:53:00,1,"Normal Scan","Normal Scan",0,"ON",1,1,1,737.6,5,20.1,97.7,52.8,0.0000000689115,0.0000181857,4.97,8954.6,8.8,736.5,1,"Up Scan","Positive",254,0,4.37,1.6,8,8,0,1,1,22.724,26.812,22.934,22.876,1.636,6208.95,49,21,NA,0,0,0,0,0,0,0,0,0,0,0,0,0,0,0,0,0,0,0,0,0,0,0,0,0,0,0,0,0,0,0,4974.272,4767.776,5026.08,5066.272,5911.584,7315.104,7451.52,8634.272,9480.96,11111.264,11885.024,12721.248,12825.632,12808.192,12408.448,11595.296,11167.04,10349.12,8506.528,6744.128,5048.288,3423.328,2103.968,1283.552,635.296,412.192,241.952,233.568,179.424,172.032,211.456,215.168,209.216,284,264.352,279.84,266.304,276.352,318.592,257.28,232.608,243.456,225.504,195.04,204.576,132.096,125.536,87.168,59.968,46.88,30.624,9.696,8.544,5.888,3.04,3.136,4.896,1.664,0,0,0,0,0,0,0,0,0,0,0,0,0,0,0,0,0,0,0,0,0,0,0,0,0,0,0,0,0,0,0,0,0,0,0,0,0,1.754,2.004,2.798,3.98,5.301,7.765,11.815,14.479,19.77,25.19,33.797,40.911,49.092,55.077,60.665,64.373,65.547,68.178,67.956,59.878,50.698,40.45,29.154,19.113,12.363,6.645,4.823,3.216,3.394,3.12,3.412,4.074,4.369,4.718,5.815,5.583,5.989,5.79,5.75,6.254,5.079,4.395,4.302,3.846,3.212,3.116,2.024,1.869,1.272,0.886,0.685,0.419,0.13,0.113,0.076,0.039,0.039,0.06,0.02,0,0,0,0,0,0,0
2026-09-03 02:58:00,1,"Normal Scan","Normal Scan",0,"ON",1,1,1,737.9,5,20.5,97.7,52.8,0.0000000690312,0.0000182049,4.97,8954.6,8.8,736.5,1,"Up Scan","Positive",254,0,4.37,1.6,8,8,0,1,1,21.09,25.997,21.475,24.582,1.703,5224.76,48,21.2,NA,0,0,0,0,0,0,0,0,0,0,0,0,0,0,0,0,0,0,0,0,0,0,0,0,0,0,0,0,0,0,0,6565.536,6149.184,6537.504,6444.672,6701.536,6935.008,7863.232,7542.656,7905.696,8523.616,9115.04,9376.768,9633.952,10350.656,9899.072,9144.128,8066.944,6689.312,5504.832,4368,3226.112,2159.616,1477.888,919.104,539.264,411.008,282.624,240.448,202.752,193.568,187.968,200.16,233.376,233.312,242.144,263.072,256.96,305.088,256.192,267.2,253.664,266.24,236.544,243.456,178.112,182.336,133.984,97.824,57.824,57.312,28.096,20.64,8.608,4.448,1.536,3.136,3.264,0,0,0,0,0,0,0,0,0,0,0,0,0,0,0,0,0,0,0,0,0,0,0,0,0,0,0,0,0,0,0,0,0,0,0,0,0,0,1.661,2.664,3.583,5.187,6.705,8.783,11.165,15.237,17.249,21.018,25.914,31.362,36.151,41.305,48.85,51.169,51.464,49.129,43.974,38.818,32.924,25.957,18.524,13.49,8.975,5.709,4.748,3.645,3.481,3.342,3.52,3.685,4.292,4.972,5.168,5.39,5.964,5.755,6.466,5.481,5.425,4.803,4.663,3.983,3.893,2.859,2.739,1.972,1.419,0.85,0.81,0.384,0.278,0.113,0.057,0.019,0.039,0.04,0,0,0,0,0,0,0,0
2026-09-03 03:03:00,1,"Normal Scan","Normal Scan",0,"ON",1,1,1,737.6,5,20.1,97.7,52.9,0.0000000689115,0.0000181857,4.97,8954.6,8.8,736.5,1,"Up Scan","Positive",254,0,4.37,1.6,8,8,0,1,1,21.35,26.525,21.943,21.288,1.709,5339.95,48,21.1,NA,0,0,0,0,0,0,0,0,0,0,0,0,0,0,0,0,0,0,0,0,0,0,0,0,0,0,0,0,0,0,0,5873.632,6666.016,6121.824,6255.136,6474.144,6764.16,7877.024,7408.704,8602.272,9045.44,9191.36,9864.256,9742.304,9265.088,8786.048,8213.984,8022.656,7524.032,6951.968,5489.792,4169.664,3148.832,1976.8,1201.376,709.056,423.968,279.136,208.32,196.32,200,186.688,195.456,244,187.168,239.552,242.72,268.544,284.768,290.624,313.152,286.592,271.168,250.08,229.056,181.152,145.152,116.256,85.792,74.272,50.272,26.912,24.64,14.24,8.8,3.072,3.168,1.632,0,0,0,0,0,0,0,0,0,0,0,0,0,0,0,0,0,0,0,0,0,0,0,0,0,0,0,0,0,0,0,0,0,0,0,0,0,0,1.723,2.389,3.91,4.9,6.517,8.491,10.897,15.231,16.934,22.833,27.456,31.586,38.022,41.815,43.949,45.683,46.575,49.236,49.617,49.03,41.387,33.501,26.883,17.932,11.636,7.421,4.868,3.614,3.086,3.173,3.562,3.748,4.24,5.141,4.751,5.565,5.636,6,6.033,5.861,5.834,5.265,4.766,4.316,3.663,2.913,2.259,1.733,1.255,1.081,0.702,0.368,0.332,0.188,0.115,0.039,0.039,0.02,0,0,0,0,0,0,0,0
2026-09-03 03:08:00,1,"Normal Scan","Normal Scan",0,"ON",1,1,1,738,5,20.6,97.7,52.3,0.0000000690611,0.0000182097,4.97,8954.6,8.8,736.5,1,"Up Scan","Positive",254,0,4.37,1.6,8,8,0,1,1,23.173,27.299,23.069,28.387,1.668,5808.09,48,21.2,NA,0,0,0,0,0,0,0,0,0,0,0,0,0,0,0,0,0,0,0,0,0,0,0,0,0,0,0,0,0,0,0,5155.712,5663.232,4994.08,5376.64,5854.592,6252.896,7051.328,8114.176,8733.824,9148.288,9680.192,9754.08,10793.28,10749.344,11167.424,12513.504,11430.112,10317.28,8607.36,6703.488,4844.576,3353.728,2195.68,1210.976,743.872,429.952,277.76,187.104,218.304,176.864,167.328,169.92,184,257.472,191.328,256.128,275.424,338.848,300.288,247.68,285.568,260.608,252.32,233.024,166.72,186.368,120.896,67.648,67.584,45.568,26.656,19.488,19.968,8.768,0,6.272,1.632,0,0,1.792,0,0,0,0,0,0,0,0,0,0,0,0,0,0,0,0,0,0,0,0,0,0,0,0,0,0,0,0,0,0,0,0,0,0,0,1.723,2.116,3.322,3.987,5.575,7.683,10.066,13.666,18.557,23.183,27.793,33.469,37.84,46.481,51.12,58.073,70.574,69.699,67.8,60.541,50.401,38.838,28.581,19.877,11.73,7.721,4.866,3.49,2.881,3.501,3.227,3.453,4.111,4.438,5.384,4.864,5.831,6.112,6.79,5.93,5.27,5.076,4.506,4.263,3.736,2.653,2.914,1.801,1.014,0.97,0.648,0.366,0.278,0.264,0.115,0,0.079,0.02,0,0,0.021,0,0,0,0,0
2026-09-03 03:13:00,1,"Normal Scan","Normal Scan",0,"ON",1,1,1,737.6,5,20.1,97.7,52.7,0.0000000689115,0.0000181857,4.97,8954.6,8.8,736.5,1,"Up Scan","Positive",254,0,4.37,1.6,8,8,0,1,1,22.46,26.711,22.477,24.582,1.67,5658.72,48,21.1,NA,0,0,0,0,0,0,0,0,0,0,0,0,0,0,0,0,0,0,0,0,0,0,0,0,0,0,0,0,0,0,0,5681.824,5932.256,5736.992,5837.696,6141.792,6080.8,6702.272,6938.4,8050.976,9539.04,10355.52,10951.04,11288.064,11554.88,11505.76,11096.48,9908.032,9049.888,7361.632,6025.632,4112.48,2663.264,1666.016,1053.056,587.104,319.232,260.288,236.32,160.832,171.648,149.952,166.176,173.024,196.96,257.088,267.776,257.152,262.176,287.648,298.208,267.456,266.656,251.008,229.024,179.072,191.2,139.008,88.288,63.904,46.816,26.848,26.336,4.256,8.832,1.536,0,0,1.664,1.728,0,0,0,0,0,0,0,0,0,0,0,0,0,0,0,0,0,0,0,0,0,0,0,0,0,0,0,0,0,0,0,0,0,0,0,0,1.609,2.315,3.481,4.551,6.105,8.037,9.829,13.003,15.953,21.404,29.058,35.678,42.255,48.54,54.761,59.659,62.563,60.379,59.359,51.787,45.308,32.94,22.758,15.17,10.167,6.143,3.723,3.296,3.364,2.742,3.244,3.32,3.726,4.196,4.823,5.734,6.052,5.88,5.747,5.875,5.902,5.102,4.672,4.169,3.663,2.85,2.848,2.077,1.273,0.902,0.666,0.384,0.353,0.057,0.115,0.019,0,0,0.02,0.02,0,0,0,0,0,0
2026-09-03 03:18:00,1,"Normal Scan","Normal Scan",0,"ON",1,1,1,737.8,5,20.3,97.7,52,0.0000000689713,0.0000181953,4.97,8954.6,8.8,736.5,1,"Up Scan","Positive",254,0,4.37,1.6,8,8,0,1,1,23.168,27.213,23.068,24.582,1.664,6081.54,48,21.2,NA,0,0,0,0,0,0,0,0,0,0,0,0,0,0,0,0,0,0,0,0,0,0,0,0,0,0,0,0,0,0,0,5279.296,6303.264,5738.336,5969.28,5446.912,6095.104,6925.184,8047.936,8870.656,9440.352,10244.064,11253.152,11660.192,12336.992,12188.672,12022.944,10603.36,10257.952,9203.904,7237.152,5564.256,3807.296,2418.656,1428.544,800.128,425.216,306.304,246.176,205.152,143.072,203.84,202.176,213.984,211.776,204.608,231.008,261.056,278.272,263.392,288.256,284.288,260.736,255.104,208.064,224.416,156.896,117.344,78.176,50.336,59.52,29.504,26.432,5.664,4.416,7.648,6.272,4.896,0,0,1.792,0,0,0,0,0,0,0,0,0,0,0,0,0,0,0,0,0,0,0,0,0,0,0,0,0,0,0,0,0,0,0,0,0,0,0,1.651,2.154,3.7,4.574,6.205,7.144,9.861,13.447,18.394,23.566,28.785,35.368,43.443,50.199,58.582,63.383,67.998,64.911,67.528,64.862,54.488,44.563,32.458,21.924,13.762,8.272,4.855,3.905,3.495,3.262,2.768,3.917,4.215,4.657,4.995,5.117,5.415,5.885,5.896,5.528,5.654,5.215,4.53,4.254,3.49,3.564,2.355,1.741,1.22,0.749,0.84,0.402,0.371,0.075,0.057,0.097,0.079,0.06,0,0,0.021,0,0,0,0,0
2026-09-03 03:23:00,1,"Normal Scan","Normal Scan",0,"ON",1,1,1,737.8,5,20.3,97.7,52.6,0.0000000689713,0.0000181953,4.97,8954.6,8.8,736.5,1,"Up Scan","Positive",254,0,4.37,1.6,8,8,0,1,1,23.431,26.814,23.012,24.582,1.632,6330.45,48,21.2,NA,0,0,0,0,0,0,0,0,0,0,0,0,0,0,0,0,0,0,0,0,0,0,0,0,0,0,0,0,0,0,0,5765.28,5372.608,5196.96,5355.872,6022.336,6478.336,7698.336,8078.656,9224.32,9770.048,10014.4,11575.872,13107.616,14475.712,14215.488,13678.816,12342.24,11066.304,8816.736,6859.168,5211.648,3261.472,2100.928,1154.592,644.608,383.04,264.16,209.664,182.24,180.64,166.464,159.008,201.888,195.808,176.672,234.72,264.608,261.984,251.296,274.176,250.784,301.888,207.104,194.624,182.368,157.312,94.72,85.504,69.12,43.072,37.44,30.304,7.136,8.8,4.576,3.136,1.632,0,0,0,0,0,0,0,0,0,0,0,0,0,0,0,0,0,0,0,0,0,0,0,0,0,0,0,0,0,0,0,0,0,0,0,0,0,0,1.432,2.327,3.125,4.152,5.576,7.898,10.468,14.933,18.466,24.561,29.801,34.641,44.876,56.436,68.506,73.572,77.08,75.18,72.598,61.973,51.554,41.741,27.784,19.032,11.187,6.715,4.332,3.389,3.04,2.921,3.232,3.319,3.731,4.357,4.651,4.463,5.673,5.56,5.598,5.225,5.392,4.628,5.181,3.525,3.279,2.965,2.364,1.44,1.289,0.974,0.612,0.512,0.408,0.094,0.115,0.058,0.039,0.02,0,0,0,0,0,0,0,0
2026-09-03 03:28:00,1,"Normal Scan","Normal Scan",0,"ON",1,1,1,737.6,5,20.1,97.7,52.1,0.0000000689115,0.0000181857,4.97,8954.6,8.8,736.5,1,"Up Scan","Positive",254,0,4.37,1.6,8,8,0,1,1,22.554,26.723,22.561,22.876,1.675,5846.07,48,21.1,NA,0,0,0,0,0,0,0,0,0,0,0,0,0,0,0,0,0,0,0,0,0,0,0,0,0,0,0,0,0,0,0,6471.04,6916.832,5649.248,5828.608,5908.448,6417.12,7009.248,7290.08,8396.544,9556.064,10172.832,10724.032,11157.76,11066.496,10900.16,10583.936,10407.776,9503.328,8334.624,6873.44,5029.024,3578.176,2099.36,1280.192,731.616,447.232,309.184,186.368,195.712,192,142.688,174.24,193.056,190.976,208,221.248,222.112,234.72,274.016,303.488,280.224,262.016,249.312,216.128,169.728,126.464,125.536,70.592,71.712,45.76,29.44,19.296,8.608,4.448,9.152,1.568,3.296,0,0,0,0,0,0,0,0,0,0,0,0,0,0,0,0,0,0,0,0,0,0,0,0,0,0,0,0,0,0,0,0,0,0,0,0,0,0,1.899,2.601,4.034,4.492,6.057,7.714,10.386,13.559,16.708,22.303,29.063,35.05,41.482,47.999,52.537,56.752,59.951,63.689,62.487,58.724,51.728,40.369,30.501,19.016,12.38,7.574,5.036,3.843,2.74,3.192,3.265,3.025,3.753,4.381,4.637,5.115,5.261,5.278,5.194,5.592,5.527,5.172,4.56,4.188,3.562,2.669,1.937,1.869,1.081,1.01,0.666,0.402,0.26,0.113,0.057,0.116,0.02,0.04,0,0,0,0,0,0,0,0
2026-09-03 03:33:00,1,"Normal Scan","Normal Scan",0,"ON",1,1,1,737.9,5,20.5,97.7,52.4,0.0000000690312,0.0000182049,4.97,8954.6,8.8,736.5,1,"Up Scan","Positive",254,0,4.37,1.6,8,8,0,1,1,21.527,26.533,22.085,21.288,1.69,5187.43,48,21.2,NA,0,0,0,0,0,0,0,0,0,0,0,0,0,0,0,0,0,0,0,0,0,0,0,0,0,0,0,0,0,0,0,5658.048,5565.472,5348.448,5509.824,5519.04,6587.328,7140.928,7891.072,8488.224,9131.904,9687.744,10143.136,9748.864,9288.608,8774.4,9076.192,8585.728,7473.152,6172.704,4990.592,3809.92,2638.016,1805.152,1116.064,714.528,409.376,227.584,181.28,162.496,187.936,143.712,149.312,187.936,167.488,194.72,205.952,231.296,311.392,283.84,299.648,303.904,283.392,257.696,206.272,196.064,160.192,130.848,89.408,49.184,39.008,37.408,9.632,5.728,7.392,7.68,3.136,1.632,0,0,0,0,0,0,0,0,0,0,0,0,0,0,0,0,0,0,0,0,0,0,0,0,0,0,0,0,0,0,0,0,0,0,0,0,0,0,1.774,2.266,3.262,4.272,5.705,7.237,10.624,13.849,18.037,22.481,27.647,33.281,39.114,41.844,43.999,45.572,51.289,52.431,49.192,43.548,37.671,30.595,22.484,16.367,10.796,7.405,4.613,2.901,2.739,2.697,3.23,3.017,3.73,4.436,4.439,4.964,5.246,5.478,6.361,5.818,5.692,5.565,4.798,4.209,3.437,2.983,2.393,1.945,1.359,0.708,0.558,0.512,0.13,0.075,0.096,0.097,0.039,0.02,0,0,0,0,0,0,0,0
2026-09-03 03:38:00,1,"Normal Scan","Normal Scan",0,"ON",1,1,1,737.6,5,20,97.7,52.4,0.0000000688815,0.0000181809,4.97,8954.6,8.8,736.5,1,"Up Scan","Positive",254,0,4.37,1.6,8,8,0,1,1,22.794,26.914,22.83,24.582,1.659,5694.73,48,21.1,NA,0,0,0,0,0,0,0,0,0,0,0,0,0,0,0,0,0,0,0,0,0,0,0,0,0,0,0,0,0,0,0,5086.56,5525.344,5109.888,5475.84,5631.488,6291.392,6888.096,8000.416,8027.616,9147.104,10062.08,11003.712,11250.88,11401.12,11232.192,10671.2,10691.936,9372.608,7699.808,6360.672,4952.032,3241.536,2059.488,1279.232,771.296,413.408,256.512,206.72,158.048,142.208,181.952,145.408,152.48,170.048,184.224,241.344,243.968,266.208,291.232,284.256,296.16,207.552,244.448,199.264,178.176,151.04,117.312,89.824,76.32,41.408,22.752,19.36,7.136,1.472,1.536,6.272,0,0,0,0,0,0,0,0,0,0,0,0,0,0,0,0,0,0,0,0,0,0,0,0,0,0,0,0,0,0,0,0,0,0,0,0,0,0,0,1.494,2.066,3.259,4.067,5.697,7.407,10.177,13.377,18.262,21.338,27.845,34.688,42.557,48.407,54.035,58.32,60.412,65.319,61.622,54.261,47.935,39.706,27.627,18.669,12.288,7.933,4.695,3.257,2.863,2.619,2.753,3.601,3.518,3.763,4.392,4.806,5.271,5.607,5.594,5.818,5.447,5.283,3.949,4.13,3.18,2.806,2.261,1.696,1.325,1.098,0.576,0.311,0.26,0.094,0.019,0.019,0.079,0,0,0,0,0,0,0,0,0
2026-09-03 03:43:00,1,"Normal Scan","Normal Scan",0,"ON",1,1,1,738,5,20.6,97.7,52.2,0.0000000690611,0.0000182097,4.97,8954.6,8.8,736.5,1,"Up Scan","Positive",254,0,4.37,1.6,8,8,0,1,1,21.197,25.808,21.414,24.582,1.699,5428.79,48,21.2,NA,0,0,0,0,0,0,0,0,0,0,0,0,0,0,0,0,0,0,0,0,0,0,0,0,0,0,0,0,0,0,0,7544.8,7220.48,7228.064,6402.56,6485.12,6714.816,7262.304,7802.368,7558.304,8998.08,9362.368,10118.464,10071.136,10203.2,10011.328,9765.024,8518.08,7287.616,5972.384,4732.064,3628.544,2589.024,1627.744,963.264,601.632,336.512,234.816,195.52,139.52,147.904,150.24,196.672,166.4,136.928,205.12,215.808,259.84,294.016,339.84,315.328,303.04,269.216,228.992,199.904,155.04,146.368,107.584,102.496,70.592,47.744,31.264,20.8,9.984,13.312,1.536,4.736,0,1.696,1.728,1.792,0,0,0,0,0,0,0,0,0,0,0,0,0,0,0,0,0,0,0,0,0,0,0,0,0,0,0,0,0,0,0,0,0,0,0,2.272,3.05,4.264,5.763,6.626,8.453,10.862,14.036,17.826,20.089,27.357,32.261,39.017,43.175,48.193,51.782,54.993,51.985,47.912,42.076,35.654,29.101,22.068,14.788,9.321,6.261,3.858,3.075,2.717,2.497,2.773,3.302,4.166,4.267,4.191,5.043,5.268,5.672,6.061,6.423,5.936,5.473,4.755,3.921,3.312,2.486,2.225,1.681,1.501,1.024,0.666,0.457,0.297,0.132,0.172,0.019,0.059,0,0.02,0.02,0.021,0,0,0,0,0
2026-09-03 03:48:00,1,"Normal Scan","Normal Scan",0,"ON",1,1,1,737.6,5,20.1,97.7,52.6,0.0000000689115,0.0000181857,4.97,8954.6,8.8,736.5,1,"Up Scan","Positive",254,0,4.37,1.6,8,8,0,1,1,21.368,26.601,21.518,22.876,1.743,4172.04,48,21.1,NA,0,0,0,0,0,0,0,0,0,0,0,0,0,0,0,0,0,0,0,0,0,0,0,0,0,0,0,0,0,0,0,7193.216,5976.896,5466.336,4627.968,4342.08,4595.872,4770.272,4836.8,5687.936,6507.712,7837.344,9181.216,9763.904,9167.456,7681.952,6678.24,5394.464,4420.704,4248.16,3345.408,2364.864,1722.432,1278.88,838.496,587.68,338.432,196.832,196.512,162.272,167.936,146.4,187.392,158.144,193.76,226.144,176.576,258.464,246.752,251.168,304.704,303.328,271.68,236,208.736,175.968,165.824,129.76,92.512,72.064,51.84,30.816,12.384,8.512,10.336,4.64,3.2,0,0,0,0,0,0,0,0,0,0,0,0,0,0,0,0,0,0,0,0,0,0,0,0,0,0,0,0,0,0,0,0,0,0,0,0,0,0,0,2.159,2.9,3.486,4.339,4.793,5.674,7.405,9.275,11.126,15.161,19.801,26.953,35.304,41.6,43.15,39.652,37.619,32.968,29.179,30.034,25.314,19.074,14.771,11.683,8.163,6.151,3.887,2.639,2.793,2.705,3.024,3.073,4.044,3.888,4.725,5.414,4.762,5.779,5.392,5.303,5.893,5.564,4.771,4.009,3.427,2.734,2.496,1.952,1.362,1.045,0.72,0.421,0.167,0.113,0.134,0.058,0.039,0,0,0,0,0,0,0,0,0
2026-09-03 03:53:00,1,"Normal Scan","Normal Scan",0,"ON",1,1,1,737.9,5,20.4,97.7,52,0.0000000690013,0.0000182001,4.97,8954.6,8.8,736.5,1,"Up Scan","Positive",254,0,4.37,1.6,8,8,0,1,1,22.338,26.411,22.159,26.416,1.69,5956.99,49,21.1,NA,0,0,0,0,0,0,0,0,0,0,0,0,0,0,0,0,0,0,0,0,0,0,0,0,0,0,0,0,0,0,0,8465.888,6589.952,6810.528,6467.136,6149.28,6788.64,7620.32,8389.248,8990.656,9177.024,8846.944,9424.128,10243.2,10973.568,11866.112,11371.68,11244.16,9627.296,7809.44,6147.808,4671.968,3347.36,2221.376,1358.432,749.056,439.808,268.352,194.016,199.008,164.256,168.352,193.12,178.208,177.248,202.976,217.376,214.784,306.432,258.24,302.432,309.504,261.568,304.704,196.928,192.448,166.688,97.408,89.92,57.696,34.944,25.44,15.36,7.168,8.832,4.512,9.568,3.296,0,1.76,0,0,0,0,0,0,0,0,0,0,0,0,0,0,0,0,0,0,0,0,0,0,0,0,0,0,0,0,0,0,0,0,0,0,0,0,2.783,3.412,3.847,5.407,6.695,8.059,10.921,14.754,19.133,23.793,27.889,30.56,36.576,44.158,52.036,61.538,64.21,68.584,63.291,55.086,46.308,37.507,28.516,20.11,13.1,7.754,5.005,3.404,2.769,3.182,3.055,3.244,4.281,4.211,4.615,5.125,5.245,5.419,6.238,5.448,5.705,5.477,4.532,4.918,3.161,3.045,2.509,1.508,1.307,0.903,0.504,0.347,0.223,0.094,0.115,0.058,0.118,0.04,0,0.02,0,0,0,0,0,0
2026-09-03 03:58:00,1,"Normal Scan","Normal Scan",0,"ON",1,1,1,737.8,5,20.3,97.7,52.5,0.0000000689713,0.0000181953,4.97,8954.6,8.8,736.5,1,"Up Scan","Positive",254,0,4.37,1.6,8,8,0,1,1,22.231,25.782,21.942,24.582,1.657,6947.28,48,21.2,NA,0,0,0,0,0,0,0,0,0,0,0,0,0,0,0,0,0,0,0,0,0,0,0,0,0,0,0,0,0,0,0,8843.456,8453.664,7754.4,7648.32,7302.784,8280.448,8518.432,8792.8,9470.88,10339.424,11414.784,13134.88,13299.488,13881.792,13570.144,13172.576,12334.88,11451.072,9595.744,7691.04,5265.952,3193.824,1996.704,1122.4,629.152,376.224,255.456,215.008,201.12,184.768,187.936,171.136,139.968,190.688,184.256,182.624,237.632,225.248,276.128,271.936,295.232,301.952,282.976,240.064,176.96,152.8,127.296,100.608,64.928,50.752,8.032,13.792,19.968,4.416,6.08,3.2,3.232,1.696,0,0,0,0,0,0,0,0,0,0,0,0,0,0,0,0,0,0,0,0,0,0,0,0,0,0,0,0,0,0,0,0,0,0,0,0,0,2.418,3.635,4.976,6.187,7.915,9.554,13.358,16.516,20.101,25.182,31.54,39.375,50.738,57.243,65.816,70.463,74.324,75.12,75.08,67.403,57.761,42.154,27.213,18.087,10.914,6.565,4.315,3.256,2.948,3.193,3.148,3.528,3.662,3.788,4.702,4.766,5.016,5.783,5.231,5.637,5.302,5.314,5.372,4.709,3.703,2.746,2.418,1.885,1.464,0.974,0.72,0.11,0.186,0.264,0.057,0.078,0.039,0.04,0.02,0,0,0,0,0,0,0
2026-09-03 04:03:00,1,"Normal Scan","Normal Scan",0,"ON",1,1,1,737.8,5,20.3,97.7,52.1,0.0000000689713,0.0000181953,4.97,8954.6,8.8,736.5,1,"Up Scan","Positive",254,0,4.37,1.6,8,8,0,1,1,19.794,25.423,20.647,22.876,1.72,4717.47,49,21.1,NA,0,0,0,0,0,0,0,0,0,0,0,0,0,0,0,0,0,0,0,0,0,0,0,0,0,0,0,0,0,0,0,7411.744,6656.096,5935.52,4987.456,6027.392,6970.432,7269.568,8066.72,8863.936,8803.808,9521.568,9283.936,9777.632,9120.064,7761.184,6279.968,4989.216,4128.672,3647.072,2945.44,2337.472,1901.664,1433.376,948.288,558.176,317.024,294.208,204.192,179.936,166.688,175.456,176.224,187.808,202.912,179.2,258.176,262.752,245.888,302.112,360.576,299.2,270.784,273.152,229.28,220.992,141.92,112.768,73.536,66.944,32.16,33.44,23.424,17.6,8.8,9.12,4.736,0,1.664,0,0,0,0,0,0,0,0,0,0,0,0,0,0,0,0,0,0,0,0,0,0,0,0,0,0,0,0,0,0,0,0,0,0,0,0,0,2.429,3,3.924,4.706,5.193,7.894,11.218,14.06,18.426,23.496,26.673,32.605,35.609,41.681,42.802,39.996,35.367,30.56,27.322,25.903,22.308,18.841,16.367,13.044,9.247,5.819,3.719,3.739,2.951,2.871,3.094,3.704,3.844,4.428,5.257,4.876,5.854,6.01,5.505,6.158,6.645,5.305,4.75,4.469,3.712,3.488,2.255,1.719,1.114,0.981,0.462,0.457,0.316,0.245,0.115,0.116,0.059,0,0.02,0,0,0.014,0,0,0,0
2026-09-03 04:08:00,1,"Normal Scan","Normal Scan",0,"ON",1,1,1,737.9,5,20.5,97.7,52.5,0.0000000690312,0.0000182049,4.97,8954.6,8.8,736.5,1,"Up Scan","Positive",254,0,4.37,1.6,8,8,0,1,1,21.98,26.124,21.69,26.416,1.712,5999.24,48,21.2,NA,0,0,0,0,0,0,0,0,0,0,0,0,0,0,0,0,0,0,0,0,0,0,0,0,0,0,0,0,0,0,0,10001.312,8006.56,7417.984,7107.264,7569.984,7754.528,7730.752,7637.92,7892.224,8184.992,8406.144,8865.6,9218.848,10768.928,12104,12084.672,11275.424,9928.32,7795.552,6052.416,4287.168,2843.52,1753.6,1050.08,650.848,375.008,263.232,234.976,237.696,227.04,202.656,195.008,174.976,184.992,213.888,215.36,256.416,261.184,345.152,297.856,289.152,290.464,301.6,243.68,178.112,192.768,125.92,103.552,49.056,40,37.44,26.208,7.136,10.336,3.04,3.168,0,0,0,0,0,0,0,0,0,0,0,0,0,0,0,0,0,0,0,0,0,0,0,0,0,0,0,0,0,0,0,0,0,0,0,0,0,0,0,2.894,4.022,4.679,5.923,7.36,9.89,12.461,14.929,17.429,20.922,24.923,29.125,34.436,39.867,51.154,62.755,68.022,68.598,65.049,54.809,45.522,34.362,24.256,16.013,10.231,6.872,4.365,3.387,3.257,3.598,3.811,3.855,4.22,4.511,4.717,5.217,5.475,6.136,5.874,6.685,5.86,5.391,5.024,4.851,3.965,2.887,2.872,1.911,1.494,0.716,0.554,0.512,0.353,0.094,0.134,0.039,0.039,0,0,0,0,0,0,0,0,0
2026-09-03 04:13:00,1,"Normal Scan","Normal Scan",0,"ON",1,1,1,737.6,5,20,97.7,52.3,0.0000000688815,0.0000181809,4.97,8954.6,8.8,736.5,1,"Up Scan","Positive",254,0,4.37,1.6,8,8,0,1,1,19.076,23.901,19.722,22.876,1.696,6144.73,49,21.1,NA,0,0,0,0,0,0,0,0,0,0,0,0,0,0,0,0,0,0,0,0,0,0,0,0,0,0,0,0,0,0,0,11223.584,11128.256,9385.408,9167.072,9290.784,8777.088,9243.648,9530.56,10236.992,10705.92,11266.784,11377.664,11625.44,11142.176,10008.512,7969.312,6581.792,5497.664,4884.64,3789.568,2942.848,2296.416,1423.52,941.824,563.04,444.384,279.072,249.088,185.92,203.616,209.152,173.376,207.936,182.72,212.192,260.896,277.824,269.216,315.584,310.528,293.312,292.544,251.872,240.192,205.312,170.016,130.4,96.992,60.928,36.896,22.24,17.088,11.552,10.336,3.072,1.6,1.664,3.36,0,0,0,0,0,0,0,0,0,0,0,0,0,0,0,0,0,0,0,0,0,0,0,0,0,0,0,0,0,0,0,0,0,0,0,0,0,3.301,4.581,6.483,7.444,9.484,12.124,14.149,17.878,21.778,27.125,32.456,38.645,43.673,49.56,52.447,51.575,44.902,40.22,36.209,34.518,28.627,23.75,19.664,13.035,9.206,5.939,5.104,3.585,3.463,3.044,3.563,4.136,3.928,4.758,4.772,5.255,6.046,6.17,6.013,6.239,6.042,5.351,5.051,4.194,3.802,3.169,2.623,1.962,1.412,0.885,0.558,0.304,0.229,0.17,0.134,0.039,0.02,0.02,0.04,0,0,0.014,0,0,0,0
2026-09-03 04:18:00,1,"Normal Scan","Normal Scan",0,"ON",1,1,1,737.9,5,20.5,97.7,52.2,0.0000000690312,0.0000182049,4.97,8954.6,8.8,736.5,1,"Up Scan","Positive",254,0,4.37,1.6,8,8,0,1,1,21.134,25.097,21.149,28.387,1.681,7350.72,49,21.2,NA,0,0,0,0,0,0,0,0,0,0,0,0,0,0,0,0,0,0,0,0,0,0,0,0,0,0,0,0,0,0,0,10812.256,10689.888,9997.408,10247.712,9504.16,9371.04,9397.472,9973.12,10901.792,10791.584,11440.128,11734.336,12441.152,12884.416,13213.824,13498.784,12508.064,10870.528,9139.008,7112.512,5331.392,3590.592,2125.6,1277.376,732.544,450.336,331.488,198.112,201.888,203.36,164.448,184.448,199.296,225.408,246.976,229.408,265.632,285.184,322.56,276.128,345.888,258.816,260.672,221.472,193.952,165.92,124.448,88.608,63.36,46.176,35.648,17.824,8.672,2.944,7.648,6.304,0,3.392,0,0,0,0,0,0,0,0,0,0,0,0,0,0,0,0,0,0,0,0,0,0,0,0,0,0,0,0,0,0,0,0,0,0,0,0,0,2.688,4.382,6.251,7.95,10.664,12.408,15.105,18.17,22.793,28.897,32.815,39.445,45.418,53.567,61.149,68.522,76.177,76.265,71.354,64.322,53.524,42.732,30.606,19.254,12.389,7.617,5.099,4.144,2.924,3.33,3.603,3.408,4.164,4.629,5.203,5.884,5.476,6.014,6.027,6.366,5.533,6.072,4.576,4.38,3.643,3.052,2.502,1.842,1.341,0.938,0.648,0.512,0.241,0.132,0.038,0.097,0.079,0,0.04,0,0,0.014,0,0,0,0
2026-09-03 04:23:00,1,"Normal Scan","Normal Scan",0,"ON",1,1,1,737.6,5,20.1,97.7,52.7,0.0000000689115,0.0000181857,4.97,8954.6,8.8,736.5,1,"Up Scan","Positive",254,0,4.37,1.6,8,8,0,1,1,20.122,24.811,20.687,9.647,1.701,6909.9,49,21.1,NA,0,0,0,0,0,0,0,0,0,0,0,0,0,0,0,0,0,0,0,0,0,0,0,0,0,0,0,0,0,0,0,11809.088,11007.744,9624,10100.768,8797.024,9244.512,10220.992,10281.632,10685.28,10742.688,11480.704,11303.648,11392.32,10950.304,11050.624,10821.76,9793.92,8593.216,7429.44,6313.568,4872.32,3737.6,2488.896,1651.392,905.536,558.24,355.52,286.976,216.192,217.44,205.92,214.432,189.888,225.76,171.808,262.624,237.824,276.064,327.776,271.136,315.904,264.384,250.144,209.6,187.68,162.976,135.904,76.352,68.096,46.816,40.16,22.624,8.096,1.472,1.536,1.568,1.664,0,0,5.344,0,0,0,0,0,0,0,0,0,0,0,0,0,0,0,0,0,0,0,0,0,0,0,0,0,0,0,0,0,0,0,0,0,0,0,3.27,4.805,6.488,7.698,10.469,11.529,14.907,19.746,23.475,28.266,32.589,39.485,43.625,48.902,51.908,57.435,61.224,59.976,56.719,52.583,47.692,39.166,31.918,22.598,15.907,9.382,6.261,4.471,3.869,3.404,3.74,3.908,4.385,4.606,5.078,4.81,5.886,5.607,5.802,6.442,5.432,5.72,4.603,4.183,3.441,3.016,2.461,1.971,1.153,0.973,0.666,0.549,0.353,0.113,0.019,0.019,0.02,0.02,0,0,0.062,0.014,0,0,0,0
2026-09-03 04:28:00,1,"Normal Scan","Normal Scan",0,"ON",1,1,1,738,5,20.5,97.8,52.3,0.0000000689606,0.0000182049,4.97,8954.6,8.8,736.5,1,"Up Scan","Positive",254,0,4.37,1.6,8,8,0,1,1,21.152,25.518,21.227,24.582,1.706,6537.73,49,21.2,NA,0,0,0,0,0,0,0,0,0,0,0,0,0,0,0,0,0,0,0,0,0,0,0,0,0,0,0,0,0,0,0,9732.896,9424,9523.328,9309.952,8471.52,8685.76,8689.536,8497.6,9032.672,9203.488,9917.248,10454.208,11396.8,12248.8,11916.8,11245.952,10271.104,8987.84,7667.904,6027.232,4575.712,3336.768,2246.112,1442.944,906.432,515.904,381.856,269.44,238.848,221.504,229.44,242.496,223.616,229.568,248.416,230.336,281.792,269.92,285.024,268.16,320.416,275.744,223.456,239.904,184.32,182.112,132.416,107.52,60.416,40.032,24.896,19.04,18.56,8.832,9.184,3.168,1.632,3.392,1.76,1.792,0,0,0,0,0,0,0,0,0,0,0,0,0,0,0,0,0,0,0,0,0,0,0,0,0,0,0,0,0,0,0,0,0,0,0,2.947,3.933,5.531,7.586,9.651,11.069,13.973,16.801,19.433,23.991,28.009,34.22,40.429,49.011,57.979,61.756,63.482,62.744,59.179,54.131,45.511,36.81,28.539,20.438,13.955,9.433,5.906,4.777,3.831,3.728,3.823,4.174,4.844,4.887,5.179,5.774,5.589,6.11,5.981,5.735,5.511,5.819,4.873,3.829,3.825,2.924,2.839,2.005,1.621,0.886,0.576,0.366,0.279,0.245,0.115,0.116,0.039,0.02,0.04,0.02,0.02,0,0,0,0,0
2026-09-03 04:33:00,1,"Normal Scan","Normal Scan",0,"ON",1,1,1,737.9,5,20.3,97.8,52.8,0.0000000689008,0.0000181953,4.97,8954.6,8.8,736.5,1,"Up Scan","Positive",254,0,4.37,1.6,8,8,0,1,1,16.679,24.119,18.768,9.647,1.815,4826.82,49,21.1,NA,0,0,0,0,0,0,0,0,0,0,0,0,0,0,0,0,0,0,0,0,0,0,0,0,0,0,0,0,0,0,0,13931.808,12197.408,10081.312,9503.552,8560.288,7949.888,7334.048,6952.736,7399.328,6872.128,6383.712,5948.608,5646.528,5620.032,5183.072,5149.152,4681.664,4385.376,3682.56,2991.168,2363.136,1835.168,1357.408,1034.304,800,607.456,441.792,406.112,359.744,265.056,238.432,250.624,255.36,242.336,272.48,254.336,251.392,283.2,340.096,311.328,274.144,306.656,266.784,220.128,179.136,147.36,136.704,110.432,74.304,52.96,27.168,12.448,8.768,4.416,4.512,4.736,0,1.696,0,1.76,0,0,0,0,0,0,0,0,0,0,0,0,0,0,0,0,0,0,0,0,0,0,0,0,0,0,0,0,0,0,0,0,0,0,0,3.967,5.614,7.121,7.995,9.836,11.177,12.77,14.136,15.841,19.552,20.778,21.91,22.873,24.223,26.607,26.948,29.123,28.683,28.987,26.173,22.818,19.28,15.946,12.63,10.269,8.435,6.875,5.494,5.417,5.188,4.519,4.437,4.787,5.52,5.614,5.979,6.015,5.859,6.115,6.474,5.995,5.197,5.35,4.501,3.586,2.752,2.245,2.04,1.621,1.063,0.738,0.384,0.167,0.132,0.057,0.058,0.059,0,0.02,0,0.02,0,0,0,0,0
2026-09-03 04:38:00,1,"Normal Scan","Normal Scan",0,"ON",1,1,1,737.9,5,20.4,97.7,52.4,0.0000000690013,0.0000182001,4.97,8954.6,8.8,736.5,1,"Up Scan","Positive",254,0,4.37,1.6,8,8,0,1,1,17.405,24.356,19.198,9.647,1.796,5270.12,49,21.1,NA,0,0,0,0,0,0,0,0,0,0,0,0,0,0,0,0,0,0,0,0,0,0,0,0,0,0,0,0,0,0,0,13498.464,11520.48,11175.04,9734.816,9573.184,8479.168,7262.464,7626.432,7961.696,7542.4,7251.936,6388.768,6463.552,6772.672,7285.984,6734.08,6080.384,4867.84,4236.224,3136.16,2580.64,1934.304,1531.36,1094.176,888.032,699.36,579.584,413.6,384.896,328.992,287.488,247.68,257.696,250.176,242.88,304.832,225.472,279.616,295.872,291.744,304.832,293.984,293.728,247.52,172.128,151.264,143.168,115.872,81.184,43.616,24.128,28.96,14.304,2.944,7.648,0,4.928,1.696,1.728,0,0,0,0,0,0,0,0,0,0,0,0,0,0,0,0,0,0,0,0,0,0,0,0,0,0,0,0,0,0,0,0,0,0,0,0,3.934,5.464,6.762,8.908,10.118,12.49,13.577,14.005,17.384,21.044,22.883,24.894,24.708,27.741,32.039,37.668,37.947,37.136,32.184,30.048,23.955,21.068,16.896,14.247,10.868,9.379,7.929,6.911,5.52,5.447,5.36,4.945,4.848,5.38,5.682,5.676,6.638,5.735,6.232,5.859,5.782,5.706,5.182,4.888,3.934,2.785,2.362,2.109,1.711,1.158,0.652,0.347,0.39,0.188,0.038,0.097,0,0.06,0.02,0.02,0,0,0,0,0,0
2026-09-03 04:43:00,1,"Normal Scan","Normal Scan",0,"ON",1,1,1,738.1,5,20.7,97.7,52.6,0.0000000690911,0.0000182145,4.97,8954.6,8.8,736.5,1,"Up Scan","Positive",254,0,4.37,1.6,8,8,0,1,1,14.065,20.445,16.197,9.647,1.726,6208.21,49,21.3,NA,0,0,0,0,0,0,0,0,0,0,0,0,0,0,0,0,0,0,0,0,0,0,0,0,0,0,0,0,0,0,0,24074.336,20348.832,17680.416,15445.664,13219.392,11818.496,11953.12,11269.824,10196.416,8819.68,7565.664,6379.552,5606.624,4740.48,4286.592,3726.176,3135.04,2590.496,1904.8,1558.912,1198.272,1218.112,1077.344,951.232,786.368,702.464,562.496,454.688,413.184,354.56,294.24,293.184,302.24,262.112,234.688,231.2,268.832,298.784,302.88,320.256,278.08,288.96,257.824,208.48,205.44,148.16,112.544,101.184,92.576,48.32,22.848,20.768,17.28,5.888,1.536,0,1.632,1.664,1.728,0,0,0,0,0,0,0,0,0,0,0,0,0,0,0,0,0,0,0,0,0,0,0,0,0,0,0,0,0,0,0,0,0,0,0,0,6.945,9.747,11.861,14.017,15.959,17.207,18.968,23.033,25.613,26.836,26.538,25.783,24.405,23.881,22.287,22.08,20.951,19.209,17.246,13.764,12.139,10.088,10.823,10.183,9.576,8.453,7.979,6.854,6.089,5.85,5.384,5.093,5.521,6,5.772,5.525,5.613,5.994,6.224,6.264,5.999,5.123,5.169,4.372,3.352,3.194,2.347,1.674,1.456,1.317,0.702,0.329,0.278,0.245,0.076,0.019,0,0.02,0.02,0.02,0,0.014,0,0,0,0
2026-09-03 04:48:00,1,"Normal Scan","Normal Scan",0,"ON",1,1,1,738.8,5,21.5,97.8,52.2,0.0000000692597,0.0000182528,4.97,8954.6,8.8,736.5,1,"Up Scan","Positive",254,0,4.37,1.6,8,8,0,1,1,12.949,19.129,15.137,9.647,1.697,6288.22,49,21.6,NA,0,0,0,0,0,0,0,0,0,0,0,0,0,0,0,0,0,0,0,0,0,0,0,0,0,0,0,0,0,0,0,27483.36,24598.272,20272.608,19177.28,15817.76,13521.952,12525.664,10784.864,8658.88,7154.88,6327.808,4879.424,4052.32,3209.856,2668.384,2417.536,2051.776,1658.496,1404.832,1241.088,1077.248,1003.872,909.568,770.88,728.32,633.504,561.376,460.832,383.2,339.616,264.416,256.992,272.416,274.176,243.68,236.256,264.96,244.48,298.08,297.472,287.84,251.392,240.608,208.256,203.808,180.416,112.864,95.776,84.448,41.6,30.72,16.736,14.176,14.72,6.144,1.6,1.664,0,0,1.792,0,0,0,0,0,0,0,0,0,0,0,0,0,0,0,0,0,0,0,0,0,0,0,0,0,0,0,0,0,0,0,0,0,0,0,7.612,11.04,14.351,16.099,19.753,20.508,21.635,24.022,24.386,22.737,21.513,21.509,18.614,17.196,15.069,13.783,13.64,12.623,11.117,10.185,9.737,9.067,9.026,8.686,7.828,7.828,7.175,6.869,5.974,5.502,5.288,4.669,4.876,5.493,5.758,5.722,5.496,5.88,5.43,6.141,5.847,5.284,4.531,4.149,3.375,3.155,2.767,1.741,1.433,1.203,0.593,0.42,0.241,0.188,0.191,0.077,0.02,0.02,0,0,0.021,0,0,0,0,0
2026-09-03 04:53:00,1,"Normal Scan","Normal Scan",0,"ON",1,1,1,739.4,5,22.4,97.7,51.6,0.0000000696001,0.0000182958,4.97,8954.6,8.8,736.5,1,"Up Scan","Positive",254,0,4.37,1.6,8,8,0,1,1,13.074,19.618,15.326,9.647,1.719,5826.88,47,22,NA,0,0,0,0,0,0,0,0,0,0,0,0,0,0,0,0,0,0,0,0,0,0,0,0,0,0,0,0,0,0,0,24532.736,21814.976,19049.696,16904.448,15412.288,13176.192,11066.304,9398.016,8323.584,7256.096,5932.224,4939.712,3975.36,3237.216,2455.488,2136.416,1806.688,1484.832,1328.928,1159.072,1047.392,898.432,863.552,846.816,689.12,532.8,475.52,426.976,353.088,342.4,293.952,265.504,266.56,253.824,256.352,284.16,280.288,291.168,313.536,285.632,272.576,235.712,202.848,227.616,170.272,166.368,154.72,130.624,84,60.512,36.224,30.336,15.616,5.856,1.504,4.736,1.632,0,1.728,0,0,0,0,0,0,0,0,0,0,0,0,0,0,0,0,0,0,0,0,0,0,0,0,0,0,0,0,0,0,0,0,0,0,0,0,7.622,9.896,12.659,15.075,17.412,19.982,21.033,21.213,21.202,21.82,21.764,20.15,18.807,16.85,15.189,12.68,12.067,11.114,9.974,9.683,9.075,8.768,8.043,8.244,8.514,7.43,6.2,5.865,5.714,5.145,5.357,5.154,5.088,5.56,5.499,5.702,6.048,6.025,6.253,6.227,5.801,5.269,4.517,3.705,3.7,2.809,2.57,2.284,1.873,1.22,0.844,0.511,0.408,0.207,0.076,0.019,0.059,0.02,0,0.02,0,0,0,0,0,0
2026-09-03 04:58:00,1,"Normal Scan","Normal Scan",0,"ON",1,1,1,739.2,5,22.2,97.7,51.3,0.0000000695402,0.0000182863,4.97,8954.6,8.8,736.5,1,"Up Scan","Positive",254,0,4.37,1.6,8,8,0,1,1,13.275,20.13,15.681,9.647,1.734,5273.57,46,22.3,NA,0,0,0,0,0,0,0,0,0,0,0,0,0,0,0,0,0,0,0,0,0,0,0,0,0,0,0,0,0,0,0,19792.576,18509.44,18152.64,15555.424,13360.224,11597.824,9871.04,8813.664,7648.384,6893.824,5552.384,4166.336,3578.4,3002.048,2571.52,2134.848,1758.464,1703.552,1769.696,1639.584,1375.136,1090.304,847.328,782.464,592.896,454.464,387.296,357.632,316.768,303.808,210.912,197.92,207.296,211.008,231.296,267.936,231.744,279.584,288.736,290.976,292.32,254.56,247.104,196.8,185.024,163.712,131.296,75.072,71.744,45.504,26.112,22.368,20.032,8.896,4.576,1.568,3.296,3.424,3.52,0,0,0,0,0,0,0,0,0,0,0,0,0,0,0,0,0,0,0,0,0,0,0,0,0,0,0,0,0,0,0,0,0,0,0,0,5.908,7.979,10.77,14.349,15.982,17.326,18.561,18.923,19.898,20.089,20.662,18.851,15.878,15.177,14.164,13.354,12.165,10.897,11.375,12.734,12.59,11.287,9.592,8.012,7.853,6.359,5.202,4.792,4.725,4.617,4.801,3.975,4.243,4.556,4.997,5.472,5.869,5.456,5.732,5.886,5.702,5.372,4.439,4.202,3.222,2.924,2.579,2.008,1.123,1.008,0.665,0.402,0.315,0.263,0.115,0.058,0.02,0.04,0.04,0.041,0,0,0,0,0,0
2026-09-03 05:03:00,1,"Normal Scan","Normal Scan",0,"ON",1,1,1,738.5,5,21.2,97.8,50.5,0.0000000691699,0.0000182384,4.97,8954.6,8.8,736.5,1,"Up Scan","Positive",254,0,4.37,1.6,8,8,0,1,1,13.548,20.624,15.783,9.647,1.754,4684.5,46,22.1,NA,0,0,0,0,0,0,0,0,0,0,0,0,0,0,0,0,0,0,0,0,0,0,0,0,0,0,0,0,0,0,0,17854.752,16079.456,14073.312,13244.96,11453.632,10959.264,9702.336,8788.48,7267.008,6357.44,5488.704,4430.336,3378.656,2838.848,2146.144,1739.936,1499.488,1252.224,991.392,874.432,764.576,733.856,733.728,558.208,543.808,437.76,394.784,354.048,323.68,231.936,228.032,213.536,200.416,212.48,250.496,269.504,293.888,277.76,323.808,327.68,287.168,254.528,240.928,242.208,172.832,146.56,140.064,103.744,91.552,44.928,32.128,19.296,13.056,7.392,3.072,3.2,4.928,1.664,0,0,0,0,0,0,0,0,0,0,0,0,0,0,0,0,0,0,0,0,0,0,0,0,0,0,0,0,0,0,0,0,0,0,0,0,0,5.304,7.232,9.392,11.176,13.709,14.93,17.533,18.665,19.873,19.124,19.088,18.659,16.895,14.342,13.302,11.059,9.818,9.228,8.42,7.203,6.853,6.445,6.578,7.021,5.724,5.823,5.047,4.913,4.666,4.681,4.11,4.29,4.536,4.681,5.227,5.739,5.909,6.373,6.101,6.262,6.291,5.357,4.697,4.081,3.92,2.739,2.309,2.075,1.507,1.345,0.683,0.439,0.26,0.207,0.096,0.039,0.039,0.06,0.02,0,0,0.028,0,0,0,0
2026-09-03 05:08:00,1,"Normal Scan","Normal Scan",0,"ON",1,1,1,738.2,5,20.7,97.8,49.9,0.0000000690204,0.0000182145,4.97,8954.6,8.8,736.5,1,"Up Scan","Positive",254,0,4.37,1.6,8,8,0,1,1,13.898,20.275,15.859,9.647,1.715,5287.98,47,21.9,NA,0,0,0,0,0,0,0,0,0,0,0,0,0,0,0,0,0,0,0,0,0,0,0,0,0,0,0,0,0,0,0,17835.68,16258.144,16172.064,13906.112,13115.808,13142.944,11767.264,11121.44,9687.712,8015.84,6581.632,5192.992,3906.272,2952.864,2539.2,1844.96,1523.936,1228.48,1181.536,1046.24,996.672,814.848,789.76,734.848,547.744,507.008,390.4,397.344,345.056,284.256,273.696,257.984,243.552,198.368,218.88,249.376,232.64,255.296,298.88,311.104,290.784,233.376,249.44,221.248,205.824,163.648,138.496,116.416,84.128,46.624,36.192,27.648,11.392,10.336,4.576,3.168,3.264,0,0,0,0,0,0,0,0,0,0,0,0,0,0,0,0,0,0,0,0,0,0,0,0,0,0,0,0,0,0,0,0,0,0,0,0,0,0,5.21,7.145,9.526,12.918,14.36,17.107,21.1,22.636,25.147,25.519,24.069,22.379,19.786,16.553,13.85,13.094,10.464,9.417,8.286,8.605,8.152,8.345,7.266,7.562,7.43,5.957,5.858,4.949,5.204,4.926,4.507,4.825,4.854,5.081,4.973,5.303,5.623,5.502,5.747,6.265,5.912,5.563,4.439,4.234,3.604,3.332,2.511,2.082,1.693,1.222,0.666,0.494,0.371,0.151,0.134,0.058,0.039,0.04,0,0,0,0,0,0,0,0
2026-09-03 05:13:00,1,"Normal Scan","Normal Scan",0,"ON",1,1,1,738.5,5,21.1,97.8,50.2,0.00000006914,0.0000182337,4.97,8954.6,8.8,736.5,1,"Up Scan","Positive",254,0,4.37,1.6,8,8,0,1,1,14.232,20.557,16.238,9.647,1.717,5815.78,47,22,NA,0,0,0,0,0,0,0,0,0,0,0,0,0,0,0,0,0,0,0,0,0,0,0,0,0,0,0,0,0,0,0,20416.384,16933.344,17018.784,14601.728,13429.856,11935.264,11991.584,10864.864,9952.032,9225.44,7814.048,6609.856,5511.104,4368.8,3671.328,3225.472,2584.544,1964.096,1623.936,1420.128,1207.424,1035.968,772.768,774.656,638.72,440,454.304,372.32,323.168,324.256,286.4,269.024,283.552,245.76,210.496,280.384,254.848,280.8,291.168,306.336,297.76,268.544,258.176,219.232,184.512,196.096,140.16,104.544,78.528,58.016,23.296,24.736,10.112,8.8,7.648,3.136,1.632,3.392,1.728,0,0,0,0,0,0,0,0,0,0,0,0,0,0,0,0,0,0,0,0,0,0,0,0,0,0,0,0,0,0,0,0,0,0,0,0,6.043,8.228,9.926,13.52,15.09,17.462,19.135,23.086,24.595,26.172,27.724,26.616,25.235,23.423,20.488,18.946,18.16,15.823,13.054,11.709,10.992,9.967,9.23,7.354,7.817,6.917,5.185,5.671,5.081,4.727,5.055,5.018,5.12,5.759,5.507,5.255,6.274,5.902,6.01,6.045,6.09,5.582,4.862,4.411,3.587,2.934,2.983,2.092,1.577,1.14,0.827,0.347,0.334,0.151,0.115,0.097,0.039,0.02,0.04,0.02,0,0.014,0,0,0,0
2026-09-03 05:18:00,1,"Normal Scan","Normal Scan",0,"ON",1,1,1,737.9,5,20.5,97.7,50.7,0.0000000690312,0.0000182049,4.97,8954.6,8.8,736.5,1,"Up Scan","Positive",254,0,4.37,1.6,8,8,0,1,1,13.531,20.517,15.793,9.647,1.745,5040.1,47,21.7,NA,0,0,0,0,0,0,0,0,0,0,0,0,0,0,0,0,0,0,0,0,0,0,0,0,0,0,0,0,0,0,0,18865.92,17146.272,15308.288,14018.528,13110.208,11641.792,10216.8,9397.12,7818.784,6642.656,5496.48,4549.088,4066.592,3051.584,2484.672,2105.696,1645.024,1451.84,1155.072,1085.632,900.288,802.976,767.36,637.12,606.976,459.904,400.96,319.04,298.752,308.48,235.136,244.48,281.344,238.24,241.632,256.576,274.624,312.352,281.696,306.24,276.032,229.76,230.464,193.984,208.224,194.912,165.504,99.84,93.12,61.504,37.632,16.512,19.936,7.36,4.608,4.736,3.296,1.664,1.728,0,0,0,0,0,0,0,0,0,0,0,0,0,0,0,0,0,0,0,0,0,0,0,0,0,0,0,0,0,0,0,0,0,0,0,0,5.72,7.618,10.061,12.2,14.491,17.042,18.692,19.64,21.308,20.505,19.986,18.696,17.359,17.249,14.322,12.817,11.894,10.123,9.726,8.379,8.471,7.546,7.176,7.261,6.484,6.552,5.325,5.045,4.499,4.466,4.889,4.356,4.968,5.568,5.37,5.58,5.778,6.064,6.287,6.179,6.239,5.305,4.435,4.029,3.277,3.249,3.042,2.468,1.481,1.328,0.9,0.53,0.223,0.264,0.096,0.058,0.059,0.04,0.02,0.02,0,0,0,0,0,0
2026-09-03 05:23:00,1,"Normal Scan","Normal Scan",0,"ON",1,1,1,738,5,20.6,97.7,50.4,0.0000000690611,0.0000182097,4.97,8954.6,8.8,736.5,1,"Up Scan","Positive",254,0,4.37,1.6,8,8,0,1,1,14.067,22.032,16.795,9.647,1.806,4865.6,47,21.7,NA,0,0,0,0,0,0,0,0,0,0,0,0,0,0,0,0,0,0,0,0,0,0,0,0,0,0,0,0,0,0,0,16960.48,16179.2,13912.448,12403.36,11415.136,9612.128,9297.088,8150.08,7098.432,5735.904,5483.872,4482.496,3834.176,3098.592,2677.536,2597.632,2684.16,2485.696,2266.56,2154.656,1928,1664.384,1331.712,1023.424,780.928,537.664,416.544,344.672,325.888,316.736,251.072,265.472,260.096,253.152,230.624,258.592,284.384,248.64,319.936,279.84,281.632,255.424,222.56,232.704,196.416,145.696,148.544,122.016,78.592,46.784,44.064,26.688,18.56,11.808,4.544,4.736,1.664,0,0,5.472,0,0,0,0,0,0,0,0,0,0,0,0,0,0,0,0,0,0,0,0,0,0,0,0,0,0,0,0,0,0,0,0,0,0,0,5.366,6.847,9.388,11.04,12.844,14.834,15.425,17.87,18.474,18.623,17.264,18.688,17.184,16.366,14.691,14.025,14.88,16.655,16.663,16.314,16.57,15.761,14.456,12.349,10.148,8.301,6.178,5.238,4.713,4.808,4.973,4.662,4.965,5.399,5.524,5.445,5.794,6.109,5.776,6.404,5.473,5.574,4.672,3.927,3.816,3.167,2.309,2.262,1.812,1.133,0.666,0.603,0.392,0.262,0.153,0.058,0.059,0.02,0,0,0.062,0,0,0,0,0
2026-09-03 05:28:00,1,"Normal Scan","Normal Scan",0,"ON",1,1,1,738.2,5,20.7,97.8,51.2,0.0000000690204,0.0000182145,4.97,8954.6,8.8,736.5,1,"Up Scan","Positive",254,0,4.37,1.6,8,8,0,1,1,15.056,23.066,17.729,9.647,1.818,5054.59,48,21.7,NA,0,0,0,0,0,0,0,0,0,0,0,0,0,0,0,0,0,0,0,0,0,0,0,0,0,0,0,0,0,0,0,17218.24,14495.168,12275.744,11888.8,9952.992,9447.2,8348.832,7604.352,7468.704,6403.712,5610.144,5042.016,4793.856,4408.608,4322.016,4452.512,4412.576,3888.576,3327.904,2783.36,2230.24,1712.16,1271.424,971.712,754.176,502.56,416.48,371.68,334.72,298.944,238.048,237.056,271.424,240.032,243.616,310.4,328.896,337.376,319.52,327.68,283.52,236.832,273.344,223.072,208.416,153.504,149.856,115.072,85.472,54.624,38.752,25.024,15.904,8.832,4.576,0,3.296,1.696,0,1.792,0,0,0,0,0,0,0,0,0,0,0,0,0,0,0,0,0,0,0,0,0,0,0,0,0,0,0,0,0,0,0,0,0,0,0,5.064,6.983,8.467,9.748,12.243,12.987,15.163,16.097,17.271,19.682,19.29,19.193,19.421,20.58,20.928,22.498,25.256,27.063,25.741,23.659,21.252,18.134,14.873,11.829,9.677,8.007,5.759,5.214,5.105,4.885,4.885,4.755,4.875,5.752,5.599,5.711,6.406,7.068,6.919,6.531,6.283,5.524,4.424,4.624,3.705,3.317,2.417,2.239,1.683,1.229,0.792,0.53,0.353,0.226,0.115,0.058,0,0.04,0.02,0,0.021,0.014,0,0,0,0
2026-09-03 05:33:00,1,"Normal Scan","Normal Scan",0,"ON",1,1,1,737.7,5,20.1,97.8,51.4,0.000000068841,0.0000181857,4.97,8954.6,8.8,736.5,1,"Up Scan","Positive",254,0,4.37,1.6,8,8,0,1,1,15.414,22.369,17.701,9.647,1.761,6023.42,48,21.4,NA,0,0,0,0,0,0,0,0,0,0,0,0,0,0,0,0,0,0,0,0,0,0,0,0,0,0,0,0,0,0,0,18053.856,15608.928,14943.104,13601.6,12688.64,11170.688,10270.144,9624.416,9211.904,7753.76,6931.264,7264.544,7270.784,6735.04,5840.832,5402.176,5080.704,4588.928,3823.136,2978.976,2345.952,1767.84,1264.896,931.488,748.224,576.928,455.296,381.792,337.632,333.376,285.408,262.048,270.048,240.096,252.384,300.864,324.64,323.04,355.456,339.872,287.616,226.72,215.552,216.32,179.872,152.256,153.664,112.384,104.8,47.68,50.016,23.648,12.896,4.448,10.688,1.6,1.632,1.696,3.456,1.792,0,0,0,0,0,0,0,0,0,0,0,0,0,0,0,0,0,0,0,0,0,0,0,0,0,0,0,0,0,0,0,0,0,0,0,5.262,7.319,9.142,11.938,14.098,16.571,17.975,19.819,21.912,24.321,23.44,23.786,27.962,31.126,31.788,30.305,30.555,31.077,30.305,27.127,22.688,19.138,15.388,11.782,9.323,8.005,6.651,5.645,5.221,5.008,5.322,5.225,5.162,5.791,5.631,5.711,6.339,6.677,6.619,6.991,6.37,5.61,4.405,3.813,3.702,2.911,2.342,2.315,1.676,1.504,0.666,0.732,0.334,0.17,0.057,0.136,0.02,0.02,0.02,0.041,0.02,0,0,0,0,0
2026-09-03 05:38:00,1,"Normal Scan","Normal Scan",0,"ON",1,1,1,738.2,5,20.7,97.8,51.2,0.0000000690204,0.0000182145,4.97,8954.6,8.8,736.5,1,"Up Scan","Positive",254,0,4.37,1.6,8,8,0,1,1,18.727,23.529,19.652,9.647,1.701,9547.15,48,21.5,NA,0,0,0,0,0,0,0,0,0,0,0,0,0,0,0,0,0,0,0,0,0,0,0,0,0,0,0,0,0,0,0,19892.448,19112.064,16753.568,15431.264,15637.856,13754.4,14294.944,14414.368,13792.704,13760.288,13515.936,13397.408,13133.696,14000.512,14210.528,14283.712,12957.76,11013.888,10006.592,8994.016,6238.752,4230.592,2667.296,1541.28,991.616,658.336,538.752,425.44,405.408,368.16,369.408,287.52,323.904,246.144,268.032,266.144,340.704,368.384,341.536,336.704,315.328,277.952,259.456,221.6,186.176,170.816,147.264,101.504,87.584,61.248,45.12,20.32,15.808,8.832,3.04,6.24,1.632,3.392,3.488,0,0,0,0,0,0,0,0,0,0,0,0,0,0,0,0,0,0,0,0,0,0,0,0,0,0,0,0,0,0,0,0,0,0,0,0,6.082,8.004,11.16,13.243,15.975,20.412,22.108,27.628,32.803,36.472,41.743,46.461,51.822,56.431,66.449,73.956,80.706,79.192,72.454,70.543,67.693,50.096,36.252,24.386,15.126,10.499,7.636,6.671,5.68,5.838,5.83,6.201,5.783,6.451,5.851,6.093,6.149,7.142,7.368,6.718,6.509,5.844,5.064,4.499,3.751,2.96,2.663,2.235,1.519,1.246,0.882,0.658,0.278,0.226,0.115,0.039,0.079,0.02,0.04,0.041,0,0.014,0,0,0,0
2026-09-03 05:43:00,1,"Normal Scan","Normal Scan",0,"ON",1,1,1,737.9,5,20.3,97.8,51.9,0.0000000689008,0.0000181953,4.97,8954.6,8.8,736.5,1,"Up Scan","Positive",254,0,4.37,1.6,8,8,0,1,1,17.823,24.442,19.475,10.366,1.772,10654.6,48,21.4,NA,0,0,0,0,0,0,0,0,0,0,0,0,0,0,0,0,0,0,0,0,0,0,0,0,0,0,0,0,0,0,0,21152.8,21206.24,20364.128,19170.912,18406.08,18166.752,17198.176,17395.904,17051.232,16982.976,16392.704,16058.144,15227.168,14751.744,14409.504,13176.16,11323.232,9264.128,7571.552,5874.72,4855.808,3462.432,2371.648,1534.56,1140.096,1155.712,1389.632,1429.12,1373.44,1168.992,1071.52,850.272,727.904,667.68,578.112,496.416,550.304,565.12,583.008,523.904,496.16,489.952,408.896,411.168,327.904,317.312,255.456,203.36,111.392,92.448,64.16,34.56,28.864,22.112,12.16,4.704,4.864,3.36,13.952,3.552,0,0,0,0,0,0,0,0,0,0,0,0,0,0,0,0,0,0,0,0,0,0,0,0,0,0,0,0,0,0,0,0,0,0,0,6.113,8.59,12.461,16.188,19.826,24.013,29.274,33.215,39.561,45.02,51.435,56.203,61.75,65.151,69.579,74.415,74.227,69.074,61.024,53.53,44.584,39.607,30.679,23.006,16.486,13.354,14.124,17.212,18.371,18.455,16.625,16.204,14.113,13.488,12.922,11.937,11.093,11.614,11.913,11.409,10.36,9.717,8.736,7.07,6.79,5.22,4.931,3.974,3.028,1.634,1.332,0.968,0.521,0.415,0.287,0.155,0.059,0.06,0.04,0.163,0.041,0.014,0,0,0,0
2026-09-03 05:48:00,1,"Normal Scan","Normal Scan",0,"ON",1,1,1,737.7,5,20.2,97.7,51.6,0.0000000689414,0.0000181905,4.97,8954.6,8.8,736.5,1,"Up Scan","Positive",254,0,4.37,1.6,8,8,0,1,1,19.233,24.953,20.355,9.647,1.752,12394.3,48,21.3,NA,0,0,0,0,0,0,0,0,0,0,0,0,0,0,0,0,0,0,0,0,0,0,0,0,0,0,0,0,0,0,0,23463.328,22153.216,20780.448,18969.152,18429.952,18299.52,17642.016,18544.64,18998.56,19496.032,19689.664,19386.56,19296.992,19215.008,17571.456,16309.888,14574.304,13636.224,11367.968,9337.504,7524.128,5665.984,4226.56,3043.968,2204.48,1650.72,1305.76,1258.304,1151.36,1028.864,891.648,870.848,840.064,820.416,732,726.816,686.688,659.488,730.816,717.92,538.08,426.368,360.928,310.496,245.664,213.792,182.88,108.352,93.056,72.224,60,30.432,20.192,17.792,13.824,3.136,9.76,3.424,7.04,1.792,0,0,0,0,0,0,0,0,0,0,0,0,0,0,0,0,0,0,0,0,0,0,0,0,0,0,0,0,0,0,0,0,0,0,0,7.236,9.523,12.987,16.486,19.624,24.087,29.503,34.152,42.308,50.318,59.079,67.584,74.593,82.75,90.779,91.086,92.234,89.373,90.201,80.734,71.08,61.128,49.186,39.319,30.487,23.692,19.137,16.567,16.738,16.41,15.771,14.668,15.141,15.193,15.771,14.209,13.593,12.914,12.194,12.839,12.515,9.39,7.359,6.133,5.294,3.946,3.339,2.846,1.708,1.399,1.044,0.878,0.464,0.302,0.229,0.174,0.039,0.119,0.04,0.081,0.021,0.028,0,0,0,0
2026-09-03 05:53:00,1,"Normal Scan","Normal Scan",0,"ON",1,1,1,738,5,20.5,97.8,52.1,0.0000000689606,0.0000182049,4.97,8954.6,8.8,736.5,1,"Up Scan","Positive",254,0,4.37,1.6,8,8,0,1,1,17.208,22.883,18.844,9.647,1.717,11264.7,48,21.4,NA,0,0,0,0,0,0,0,0,0,0,0,0,0,0,0,0,0,0,0,0,0,0,0,0,0,0,0,0,0,0,0,26266.4,24110.208,22399.552,21951.744,20263.456,19100.64,18825.024,18073.408,17588.672,15155.808,15275.36,15336.32,14330.88,13723.648,14307.168,14271.84,13209.696,11769.984,9883.168,8161.344,6431.744,3990.272,2640.64,1652.96,1046.368,848.704,670.592,681.184,758.88,726.944,589.536,536.544,500.096,479.584,424.992,430.016,425.408,412.256,430.176,332.352,411.872,316.48,310.688,323.84,275.424,215.52,165.536,119.84,119.616,73.792,42.88,30.24,17.28,19.168,3.04,11.072,0,1.664,0,0,0,0,0,0,0,0,0,0,0,0,0,0,0,0,0,0,0,0,0,0,0,0,0,0,0,0,0,0,0,0,0,0,0,0,0,8.034,10.668,14.155,17.788,22.703,26.367,30.676,36.294,41.128,46.413,45.902,52.486,59.118,61.565,65.124,74.336,80.682,80.653,77.357,69.685,61.595,51.826,34.412,24.478,16.711,11.713,10.053,8.678,9.217,10.545,10.852,9.499,9.359,9.282,9.215,8.965,8.892,8.853,8.662,8.77,6.895,7.465,5.839,5.474,5.219,4.398,3.315,2.554,1.767,1.756,1.041,0.585,0.408,0.245,0.249,0.039,0.137,0,0.02,0,0,0.014,0,0,0,0
2026-09-03 05:58:00,1,"Normal Scan","Normal Scan",0,"ON",1,1,1,737.6,5,20,97.8,52.2,0.0000000688111,0.0000181809,4.97,8954.6,8.8,736.5,1,"Up Scan","Positive",254,0,4.37,1.6,8,8,0,1,1,18.617,23.138,19.251,9.647,1.692,9853.12,48,21.2,NA,0,0,0,0,0,0,0,0,0,0,0,0,0,0,0,0,0,0,0,0,0,0,0,0,0,0,0,0,0,0,0,20290.112,19310.848,19294.688,17155.872,15774.752,14653.664,14016.288,14423.04,13498.56,14893.76,16190.464,16573.728,17274.944,16297.92,15901.248,14199.744,11827.04,9378.496,7769.568,6180.832,4281.952,2840.928,1908.32,1313.056,948.96,729.824,666.464,574.048,574.016,546.464,495.584,380.576,369.152,328.928,336.032,367.36,413.312,459.744,402.784,381.664,349.824,288.448,230.368,231.488,232.128,173.376,165.44,115.616,80.448,75.328,46.272,26.208,22.816,10.336,6.08,11.072,4.928,3.424,1.728,0,0,0,0,0,0,0,0,0,0,0,0,0,0,0,0,0,0,0,0,0,0,0,0,0,0,0,0,0,0,0,0,0,0,0,0,6.768,8.277,11.383,15.346,17.8,20.623,23.583,27.116,32.912,35.79,45.306,55.676,63.792,73.847,76.807,82.084,79.774,71.932,61.638,54.807,46.701,34.643,24.691,17.804,13.236,10.367,8.673,8.204,7.639,8.146,8.198,8.312,7.37,7.423,7.06,7.44,7.618,8.145,8.761,7.866,7.404,6.459,5.303,4.191,3.919,3.747,2.757,2.517,1.708,1.223,1.08,0.677,0.353,0.301,0.134,0.078,0.138,0.06,0.04,0.02,0,0,0,0,0,0
2026-09-03 06:03:00,1,"Normal Scan","Normal Scan",0,"ON",1,1,1,738,5,20.6,97.7,51.9,0.0000000690611,0.0000182097,4.97,8954.6,8.8,736.5,1,"Up Scan","Positive",254,0,4.37,1.6,8,8,0,1,1,15.079,24.056,17.777,9.647,1.867,6062.19,48,21.3,NA,0,0,0,0,0,0,0,0,0,0,0,0,0,0,0,0,0,0,0,0,0,0,0,0,0,0,0,0,0,0,0,18930.592,17199.648,14942.208,13546.56,13111.2,11967.104,10550.208,10285.984,10100.864,9685.12,8601.664,6482.304,5568.896,4857.216,4297.184,3880.768,3424.576,3146.304,2962.144,2487.872,2031.584,1675.744,1417.568,1207.232,1004.416,781.504,685.44,596.384,453.408,409.216,407.104,384.832,474.304,531.36,595.232,577.312,560.64,496.512,443.488,386.336,390.944,364.48,321.376,309.024,302.912,265.344,238.24,193.28,136.576,87.936,84.864,39.584,36.064,31.008,10.72,11.072,8.16,6.72,1.76,1.888,0,0,0,0,0,0,0,0,0,0,0,0,0,0,0,0,0,0,0,0,0,0,0,0,0,0,0,0,0,0,0,0,0,0,0,5.369,7.718,9.955,11.835,13.98,17.124,19.263,20.298,23.356,26.614,29.161,29.277,24.815,23.772,22.916,22.308,22.02,21.108,20.972,21.244,19.195,16.78,14.839,13.409,12.079,10.696,9.089,8.694,8.392,7.396,7.486,7.79,7.827,9.255,10.13,11.444,11.366,11.06,10.164,9.395,8.306,7.921,6.98,5.852,5.448,4.909,4.277,3.704,2.899,2.047,1.295,1.179,0.548,0.509,0.401,0.136,0.137,0.099,0.08,0.02,0.021,0.014,0,0,0,0
2026-09-03 06:08:00,1,"Normal Scan","Normal Scan",0,"ON",1,1,1,737.8,5,20.2,97.8,52.4,0.0000000688709,0.0000181905,4.97,8954.6,8.8,736.5,1,"Up Scan","Positive",254,0,4.37,1.6,8,8,0,1,1,19.034,24.132,19.519,9.647,1.74,7667.86,48,21.2,NA,0,0,0,0,0,0,0,0,0,0,0,0,0,0,0,0,0,0,0,0,0,0,0,0,0,0,0,0,0,0,0,18076,15512.896,14786.592,13295.936,11657.376,10186.784,9680.576,9203.968,10083.84,10923.52,12471.552,12806.592,13368.704,13501.824,12814.912,11616.064,9574.528,7806.848,6430.432,4593.856,3264.672,2045.44,1505.568,1000.16,787.84,668.288,530.048,524.64,429.728,443.68,368.192,337.024,338.272,363.552,335.584,327.232,353.024,350.144,316.992,293.28,327.808,261.12,258.08,280.384,287.392,232.16,191.264,176.256,110.976,91.456,57.056,29.6,29.184,14.528,16.768,11.072,4.864,10.176,0,5.344,0,0,0,0,0,0,0,0,0,0,0,0,0,0,0,0,0,0,0,0,0,0,0,0,0,0,0,0,0,0,0,0,0,0,0,5.575,7.319,9.114,11.763,13.701,15.161,16.442,18.707,21.065,26.757,33.281,42.894,49.347,57.188,63.633,66.057,65.222,58.184,51.261,45.31,34.768,26.481,17.835,14.063,10.114,8.648,7.718,6.716,6.925,6.425,6.934,6.304,6.473,6.598,7.199,7.396,7.151,7.592,7.792,7.293,6.47,6.583,5.322,4.803,4.828,4.618,3.706,2.948,2.68,1.707,1.299,0.85,0.418,0.436,0.189,0.213,0.138,0.06,0.121,0,0.061,0.028,0,0,0,0
2026-09-03 06:13:00,1,"Normal Scan","Normal Scan",0,"ON",1,1,1,737.9,5,20.3,97.8,51.9,0.0000000689008,0.0000181953,4.97,8954.6,8.8,736.5,1,"Up Scan","Positive",254,0,4.37,1.6,8,8,0,1,1,15.484,22.993,18.028,9.647,1.794,6830.14,48,21.2,NA,0,0,0,0,0,0,0,0,0,0,0,0,0,0,0,0,0,0,0,0,0,0,0,0,0,0,0,0,0,0,0,20007.616,18692.928,16747.328,15457.376,14000.832,12223.072,11449.664,10759.84,9583.648,8606.112,7862.784,7569.408,7070.752,6522.624,6366.016,6147.648,5933.12,5488.704,4870.432,4306.432,3251.648,2741.28,1862.112,1442.08,1035.296,814.944,592,560.64,430.4,403.296,426.976,361.024,317.344,333.696,363.008,315.072,355.936,366.048,394.016,334.88,335.84,319.744,310.624,255.488,205.792,224.256,164.672,121.344,95.808,48.032,38.688,33.312,19.936,14.848,3.072,1.568,1.6,0,0,1.792,0,0,0,0,0,0,0,0,0,0,0,0,0,0,0,0,0,0,0,0,0,0,0,0,0,0,0,0,0,0,0,0,0,0,0,6.478,8.102,10.946,13.292,16.025,18.285,19.629,22.071,24.452,25.324,26.03,26.942,29.148,30.339,30.973,33.204,34.885,36.494,36.367,34.711,32.793,26.518,23.741,17.327,14.241,11.053,9.341,7.407,7.351,6.455,6.443,7.106,6.809,6.732,7.06,7.61,7.195,7.78,7.553,7.83,6.719,6.318,5.831,5.217,4.176,3.362,3.444,2.499,1.781,1.364,0.666,0.529,0.465,0.264,0.191,0.039,0.02,0.02,0,0,0.02,0,0,0,0,0
2026-09-03 06:18:00,1,"Normal Scan","Normal Scan",0,"ON",1,1,1,737.9,5,20.4,97.7,52.4,0.0000000690013,0.0000182001,4.97,8954.6,8.8,736.5,1,"Up Scan","Positive",254,0,4.37,1.6,8,8,0,1,1,19.755,25.705,20.704,9.647,1.77,9425.64,48,21.3,NA,0,0,0,0,0,0,0,0,0,0,0,0,0,0,0,0,0,0,0,0,0,0,0,0,0,0,0,0,0,0,0,18027.616,16002.976,14217.28,13282.176,13781.216,13762.688,13009.408,13464.96,13631.584,14943.296,15057.792,15183.072,15585.44,15113.984,14246.528,14203.2,12851.168,10768.544,8878.496,7035.808,5405.888,3641.6,2593.696,1934.24,1298.144,950.944,698.688,691.264,716.256,705.344,858.24,983.2,950.88,857.536,741.568,622.304,612.032,638.208,514.176,474.944,453.088,353.664,349.056,280.288,316.512,235.904,201.344,154.688,109.856,82.4,52.512,31.424,20.192,16.288,6.08,11.008,6.56,1.664,1.76,0,0,0,0,0,0,0,0,0,0,0,0,0,0,0,0,0,0,0,0,0,0,0,0,0,0,0,0,0,0,0,0,0,0,0,0,5.254,7.282,9.325,11.264,13.781,18.007,22.105,25.165,30.768,36.154,45.348,51.762,58.546,66.813,71.447,73.794,80.086,78.32,70.848,62.792,53.321,43.732,31.48,24.085,19.4,14.385,11.797,10.233,10.498,11.356,11.541,13.661,16.132,15.852,14.995,13.794,11.858,11.875,11.837,10.294,9.13,8.484,6.318,6.195,4.739,4.974,3.674,3.066,2.3,1.625,1.21,0.723,0.436,0.302,0.21,0.078,0.137,0.08,0.02,0.02,0,0.028,0,0,0,0
2026-09-03 06:23:00,1,"Normal Scan","Normal Scan",0,"ON",1,1,1,737.8,5,20.2,97.8,52.1,0.0000000688709,0.0000181905,4.97,8954.6,8.8,736.5,1,"Up Scan","Positive",254,0,4.37,1.6,8,8,0,1,1,16.978,24.502,18.998,9.647,1.813,8570.32,48,21.2,NA,0,0,0,0,0,0,0,0,0,0,0,0,0,0,0,0,0,0,0,0,0,0,0,0,0,0,0,0,0,0,0,21932.096,19485.664,17309.984,15977.312,14941.376,14308.96,14094.304,14139.936,14536.224,14478.336,13968.064,11706.24,9416.224,8039.456,7513.12,8223.68,8470.752,7879.744,6707.424,5618.368,4410.24,3317.344,2420.16,1906.176,1477.28,1098.336,858.752,699.296,707.2,593.856,597.856,401.984,358.144,218.816,193.12,280.512,399.808,433.216,541.088,748,706.656,582.24,575.328,507.136,404.48,297.152,223.552,185.312,119.872,90.848,41.056,20.8,31.872,7.392,13.696,12.576,9.824,6.752,3.52,1.792,0,0,0,0,0,0,0,0,0,0,0,0,0,0,0,0,0,0,0,0,0,0,0,0,0,0,0,0,0,0,0,0,0,0,0,6.269,8.888,11.307,13.778,16.591,19.51,23.028,27.255,32.171,38.338,43.733,47.726,44.993,40.421,38.213,39.273,46.691,51.977,52.085,47.717,42.878,35.959,28.868,22.48,19.019,15.757,12.559,10.33,8.929,9.174,8.743,9.742,8.164,8.38,8.014,8.13,8.665,10.422,10.593,11.147,13.576,12.329,10.052,9.527,8.046,6.177,4.701,3.353,2.808,1.81,1.357,0.604,0.297,0.471,0.096,0.175,0.157,0.119,0.081,0.041,0.02,0.042,0,0,0,0
2026-09-03 06:28:00,1,"Normal Scan","Normal Scan",0,"ON",1,1,1,738.1,5,20.6,97.8,52.3,0.0000000689905,0.0000182097,4.97,8954.6,8.8,736.5,1,"Up Scan","Positive",254,0,4.37,1.6,8,8,0,1,1,17.344,23.83,18.989,9.647,1.758,8058.76,48,21.3,NA,0,0,0,0,0,0,0,0,0,0,0,0,0,0,0,0,0,0,0,0,0,0,0,0,0,0,0,0,0,0,0,18628.448,15887.04,14967.616,15061.088,14469.76,14099.072,14036.096,13536.416,12987.52,13252.832,11961.44,11879.584,11710.304,11124.576,10148.032,9569.6,8471.552,7039.36,5577.44,4230.784,2932.256,2079.904,1577.696,1170.24,988.16,828.672,701.248,598.656,529.376,529.728,547.968,509.248,506.624,480.896,441.92,429.184,426.784,424.544,424.864,442.24,402.432,397.056,328,297.728,278.976,263.296,204.32,170.368,116.352,66.368,50.784,28.928,24.224,22.08,6.112,11.072,3.264,0,0,0,0,0,0,0,0,0,0,0,0,0,0,0,0,0,0,0,0,0,0,0,0,0,0,0,0,0,0,0,0,0,0,0,0,0,0,4.795,7.518,9.276,11.891,15.648,18.893,22.681,27.083,30.788,34.298,40.074,40.969,45.695,50.075,52.425,52.395,53.756,51.57,46.316,39.432,32.192,23.976,18.254,14.871,11.87,10.793,9.794,8.988,8.29,7.989,8.368,9.079,9.099,9.558,9.655,9.27,9.441,9.072,8.955,8.758,8.813,7.725,7.261,5.637,4.959,4.438,4.077,3.122,2.509,1.718,0.936,0.695,0.39,0.32,0.287,0.078,0.137,0.04,0,0,0,0,0,0,0,0
2026-09-03 06:33:00,1,"Normal Scan","Normal Scan",0,"ON",1,1,1,737.6,5,20,97.8,52.4,0.0000000688111,0.0000181809,4.97,8954.6,8.8,736.5,1,"Up Scan","Positive",254,0,4.37,1.6,8,8,0,1,1,15.207,19.044,16.337,11.14,1.576,18189.4,48,21.1,NA,0,0,0,0,0,0,0,0,0,0,0,0,0,0,0,0,0,0,0,0,0,0,0,0,0,0,0,0,0,0,0,39847.52,44172.896,48134.752,46645.376,41406.336,40430.464,37475.264,41269.888,46162.816,42145.44,31395.52,21925.632,15520.928,12553.984,10906.592,9262.784,7961.184,7165.024,6745.984,5809.696,5094.176,3948.544,2366.208,1746.592,1276.384,935.808,794.272,658.24,579.552,511.616,484.096,450.048,508.896,455.36,419.488,443.776,472.544,461.792,431.456,410.496,376.672,377.152,293.92,326.432,291.04,290.816,206.72,183.424,107.264,65.344,42.72,44.384,26.112,13.216,8.704,9.952,1.632,3.36,0,3.488,0,0,0,0,0,0,0,0,0,0,0,0,0,0,0,0,0,0,0,0,0,0,0,0,0,0,0,0,0,0,0,0,0,0,0,8.804,16.28,26.01,38.434,48.295,54.138,64.982,72.382,93.932,121.601,126.65,106.654,83.63,66.084,59.209,56.534,52.585,49.055,47.442,47.889,44.19,41.293,34.159,21.93,17.383,13.61,10.779,9.874,9.037,8.505,8.169,8.354,8.511,9.654,9.132,8.886,9.576,9.548,9.791,8.877,8.586,7.303,7.045,5.164,5.282,4.709,4.525,3.096,2.756,1.566,0.954,0.585,0.613,0.377,0.172,0.11,0.124,0.02,0.04,0,0.041,0.014,0,0,0,0
2026-09-03 06:38:00,1,"Normal Scan","Normal Scan",0,"ON",1,1,1,738.1,5,20.6,97.8,52,0.0000000689905,0.0000182097,4.97,8954.6,8.8,736.5,1,"Up Scan","Positive",254,0,4.37,1.6,8,8,0,1,1,14.183,17.992,15.553,13.824,1.542,20181.1,49,21.3,NA,0,0,0,0,0,0,0,0,0,0,0,0,0,0,0,0,0,0,0,0,0,0,0,0,0,0,0,0,0,0,0,41935.936,54702.56,60162.976,53856.256,59886.88,62090.176,58029.184,49301.152,34550.272,25928.512,26390.208,22236.384,17764.16,13960.544,11010.624,9490.368,8035.712,6580.832,5227.168,4068.928,3092.64,2283.84,1689.568,1270.784,1003.712,795.232,719.168,743.904,664.256,626.56,562.56,498.944,580.992,526.496,534.752,537.664,418.624,416.512,414.912,430.4,417.056,382.56,306.4,340.064,330.432,256.576,228.256,146.592,114.912,74.848,45.984,38.816,31.52,17.728,12.224,7.84,8.224,10.144,1.728,1.792,0,0,0,0,0,0,0,0,0,0,0,0,0,0,0,0,0,0,0,0,0,0,0,0,0,0,0,0,0,0,0,0,0,0,0,7.451,17.265,32.141,47.828,55.85,78.208,99.727,111.552,111.478,90.561,78.166,89.864,84.807,75.439,65.466,56.736,53.345,49.003,43.382,37.058,31.019,25.233,20.032,16.008,13.039,11.043,9.522,9.226,10.249,9.634,9.917,9.446,8.957,10.42,10.214,10.805,10.831,8.97,9.048,8.933,8.639,8.035,6.98,5.464,5.57,5.249,4.111,3.481,2.247,1.668,1.154,0.69,0.538,0.433,0.229,0.155,0.098,0.099,0.121,0.02,0.02,0.014,0,0,0,0
2026-09-03 06:43:00,1,"Normal Scan","Normal Scan",0,"ON",1,1,1,737.9,5,20.3,97.8,52.5,0.0000000689008,0.0000181953,4.97,8954.6,8.8,736.5,1,"Up Scan","Positive",254,0,4.37,1.6,8,8,0,1,1,16.488,24.565,18.811,9.647,1.838,7282.54,48,21.2,NA,0,0,0,0,0,0,0,0,0,0,0,0,0,0,0,0,0,0,0,0,0,0,0,0,0,0,0,0,0,0,0,19890.944,17829.888,16739.552,15370.816,14301.376,11752.32,11047.776,10217.696,9530.048,9923.936,9276.48,9757.696,9490.144,8924.416,8146.784,7541.056,6426.304,5779.776,5219.392,4067.168,3220.864,2483.648,2129.568,1537.664,1175.36,911.968,702.592,671.52,616.032,557.088,530.528,483.488,492.288,486.016,424.928,478.272,430.304,493.44,492.48,487.36,431.968,410.432,386.944,366.72,318.688,267.744,231.424,170.368,143.936,92.832,55.36,44.352,28.992,23.68,10.688,4.736,6.56,3.392,0,3.552,0,0,0,0,0,0,0,0,0,0,0,0,0,0,0,0,0,0,0,0,0,0,0,0,0,0,0,0,0,0,0,0,0,0,0,5.417,8.092,10.44,13.346,15.877,18.589,18.889,21.347,23.292,25.214,29.993,31.799,37.509,40.582,42.139,42.203,42.598,39.405,38.363,37.149,31.097,26.333,21.701,19.92,15.398,12.664,10.671,8.93,9.135,9.056,8.807,9.001,9.06,9.774,10.09,9.402,10.272,9.7,10.341,10.261,9.56,8.391,7.575,6.849,6.092,5.125,4.229,3.549,2.566,2.095,1.341,0.773,0.613,0.434,0.306,0.136,0.059,0.08,0.04,0,0.041,0.028,0,0,0,0
2026-09-03 06:48:00,1,"Normal Scan","Normal Scan",0,"ON",1,1,1,737.8,5,20.2,97.8,52.1,0.0000000688709,0.0000181905,4.97,8954.6,8.8,736.5,1,"Up Scan","Positive",254,0,4.37,1.6,8,8,0,1,1,15.728,23.833,18.118,9.647,1.845,6657.67,49,21.2,NA,0,0,0,0,0,0,0,0,0,0,0,0,0,0,0,0,0,0,0,0,0,0,0,0,0,0,0,0,0,0,0,25098.08,19070.144,15989.216,12737.792,11515.296,9999.072,9460.576,9554.976,9185.472,7855.008,7774.048,8200.576,8190.016,8108.064,7226.016,6268.288,5647.232,4906.176,4358.528,3606.176,2576.704,1923.52,1494.208,1345.6,978.784,788.864,650.24,635.232,531.872,488.384,442.848,440.48,421.696,361.856,383.04,425.92,392.384,395.904,381.984,417.44,385.216,396.736,358.752,333.12,311.84,288.064,223.776,178.592,115.712,78.56,50.976,35.968,13.184,16.32,7.616,4.704,6.528,6.72,3.488,1.728,0,0,0,0,0,0,0,0,0,0,0,0,0,0,0,0,0,0,0,0,0,0,0,0,0,0,0,0,0,0,0,0,0,0,0,7.803,10.108,11.123,12.724,13.158,15.007,16.11,18.28,21.742,24.256,23.779,26.727,31.542,35.043,38.236,37.449,35.373,34.548,32.447,31.061,27.515,21.133,16.931,14.134,13.511,10.594,9.183,8.195,8.498,7.67,7.767,7.641,8.157,8.18,7.933,8.554,9.422,8.919,8.745,8.573,8.505,7.745,7.076,6.29,5.493,4.964,4.372,3.415,2.632,1.698,1.173,0.713,0.501,0.207,0.21,0.097,0.059,0.08,0.081,0.041,0.02,0.014,0,0,0,0
2026-09-03 06:53:00,1,"Normal Scan","Normal Scan",0,"ON",1,1,1,738,5,20.5,97.8,52.5,0.0000000689606,0.0000182049,4.97,8954.6,8.8,736.5,1,"Up Scan","Positive",254,0,4.37,1.6,8,8,0,1,1,15.083,24.278,18.173,9.647,1.874,6629.17,49,21.3,NA,0,0,0,0,0,0,0,0,0,0,0,0,0,0,0,0,0,0,0,0,0,0,0,0,0,0,0,0,0,0,0,22448.608,18556.096,16279.36,14834.464,13523.776,12669.312,11150.368,9487.84,8095.552,7293.632,6835.68,6577.92,5809.728,5697.664,6133.28,6478.816,6505.952,5659.936,4885.216,3703.584,2837.92,2033.984,1582.624,1260.736,968.256,750.976,691.424,572.256,573.472,457.152,459.008,417.472,422.208,477.536,504.288,536.224,519.328,549.888,549.76,525.952,388.512,380.544,361.92,301.184,309.568,259.648,238.176,180.576,126.88,84.896,84.512,35.904,33.056,10.336,10.688,3.2,3.296,3.392,0,0,0,0,0,0,0,0,0,0,0,0,0,0,0,0,0,0,0,0,0,0,0,0,0,0,0,0,0,0,0,0,0,0,0,0,0,6.125,9.049,10.769,12.933,15.317,17.577,20.295,21.473,21.541,21.347,22.057,23.471,25.431,25.02,27.13,31.905,36.633,39.744,37.37,34.686,28.259,23.194,17.883,14.864,12.733,10.469,8.887,8.618,8.041,8.604,7.923,8.433,8.308,9.014,10.172,10.268,10.873,10.744,10.847,10.796,10.164,8.023,7.015,6.334,5.236,4.957,4.123,3.532,2.663,1.842,1.224,1.17,0.483,0.471,0.134,0.136,0.039,0.04,0.04,0,0,0.028,0,0,0,0
2026-09-03 06:58:00,1,"Normal Scan","Normal Scan",0,"ON",1,1,1,737.7,5,20.1,97.8,52.4,0.000000068841,0.0000181857,4.97,8954.6,8.8,736.5,1,"Up Scan","Positive",254,0,4.37,1.6,8,8,0,1,1,15.86,21.684,17.7,9.647,1.706,12055.4,49,21.1,NA,0,0,0,0,0,0,0,0,0,0,0,0,0,0,0,0,0,0,0,0,0,0,0,0,0,0,0,0,0,0,0,30471.104,29521.856,27934.848,25221.824,25123.232,23610.176,22551.168,21532.224,20961.92,20049.184,18158.592,16711.52,14472.736,12175.2,10672.032,9110.784,8459.424,7992,7180.384,5899.936,4770.72,4083.936,3374.688,2519.296,1827.04,1260.768,892.8,669.12,593.728,598.656,531.008,513.824,490.048,464.416,434.112,396.896,422.528,404.608,407.488,409.12,384.064,365.088,358.528,384.48,316.832,298.432,244.384,187.584,127.68,88.128,60.192,37.312,18.016,15.264,4.576,3.168,3.232,0,0,0,0,0,0,0,0,0,0,0,0,0,0,0,0,0,0,0,0,0,0,0,0,0,0,0,0,0,0,0,0,0,0,0,0,0,0,9.063,12.325,17.242,22.202,26.137,32.719,37.998,43.439,48.972,55.296,60.501,61.944,64.017,61.841,57.481,55.357,51.662,52.138,53.205,51.307,45.164,38.939,35.397,30.99,24.727,19.222,14.271,11.037,9.032,8.597,9.234,8.821,9.065,9.209,9.366,9.314,8.949,9.32,9.348,8.96,8.538,7.792,6.899,6.27,6.256,5.064,4.519,3.65,2.704,1.859,1.224,0.823,0.502,0.238,0.198,0.058,0.039,0.04,0,0,0,0,0,0,0,0
2026-09-03 07:03:00,1,"Normal Scan","Normal Scan",0,"ON",1,1,1,738.2,5,20.7,97.8,52.2,0.0000000690204,0.0000182145,4.97,8954.6,8.8,736.5,1,"Up Scan","Positive",254,0,4.37,1.6,8,8,0,1,1,14.613,23.195,17.47,9.647,1.842,6726.65,48,21.3,NA,0,0,0,0,0,0,0,0,0,0,0,0,0,0,0,0,0,0,0,0,0,0,0,0,0,0,0,0,0,0,0,24031.008,20029.568,17777.6,15980.736,14100.32,12897.92,11004,10697.472,9608.832,8492.48,7538.112,6665.984,5834.24,4830.784,4731.904,5065.344,4824.864,4608.704,4337.888,3691.488,2919.68,2180.576,1648.256,1152.192,886.752,675.904,615.712,590.144,443.872,425.6,417.408,358.912,324.736,355.968,356.768,425.184,453.536,418.112,458.496,439.392,452.512,420.096,378.56,331.072,309.504,301.28,235.232,161.664,115.616,71.264,63.328,45.152,22.784,22.144,4.544,7.872,3.296,5.12,3.488,1.792,0,0,0,0,0,0,0,0,0,0,0,0,0,0,0,0,0,0,0,0,0,0,0,0,0,0,0,0,0,0,0,0,0,0,0,7.203,9.733,11.707,14.152,16.475,18.353,20.65,21.182,24.294,25.304,25.625,25.768,25.626,24.986,23.01,24.749,28.804,29.673,30.539,30.818,28.113,23.784,19.036,15.406,11.539,9.592,7.946,7.653,7.781,6.629,6.983,7.618,7.251,7.285,8.135,8.439,9.608,9.921,9.08,9.578,9.071,8.588,7.544,6.505,5.539,5.031,4.614,3.639,2.373,1.671,1.026,0.932,0.631,0.301,0.287,0.058,0.098,0.04,0.06,0.041,0.021,0,0,0,0,0
2026-09-03 07:08:00,1,"Normal Scan","Normal Scan",0,"ON",1,1,1,737.8,5,20.2,97.8,52.5,0.0000000688709,0.0000181905,4.97,8954.6,8.8,736.5,1,"Up Scan","Positive",254,0,4.37,1.6,8,8,0,1,1,16.371,25.484,19.124,9.647,1.883,6176.81,48,21.2,NA,0,0,0,0,0,0,0,0,0,0,0,0,0,0,0,0,0,0,0,0,0,0,0,0,0,0,0,0,0,0,0,17373.568,16321.952,13769.92,12380.384,11181.664,10913.76,9443.392,8897.888,7958.208,7281.728,7011.328,6903.648,6787.104,6622.4,6489.024,6395.584,6235.552,5674.048,5181.6,4354.528,3427.008,2568.192,1736.832,1334.208,1098.432,780.64,673.568,500.864,486.976,410.912,408.896,437.952,472.384,511.2,504.416,446.752,449.6,469.92,428.672,396.288,449.856,372.192,379.584,336.896,306.688,297.76,209.888,162.848,128.736,101.856,53.952,44.736,27.424,14.848,21.472,9.472,3.264,5.056,8.736,1.792,0,0,0,0,0,0,0,0,0,0,0,0,0,0,0,0,0,0,0,0,0,0,0,0,0,0,0,0,0,0,0,0,0,0,0,5.191,7.083,9.575,11.014,12.833,14.583,17.546,18.214,20.232,21,22.035,24.076,26.657,29.214,31.477,33.853,36.302,38.272,37.516,36.827,33.181,27.901,22.336,16.147,13.335,11.701,9.105,8.498,7.291,7.626,7.043,7.401,8.357,9.25,10.018,10.432,9.684,9.79,9.836,9.33,8.304,8.525,6.903,6.784,5.706,4.971,4.634,3.227,2.553,1.902,1.462,0.813,0.641,0.396,0.191,0.271,0.118,0.04,0.06,0.102,0.02,0.028,0,0,0,0
2026-09-03 07:13:00,1,"Normal Scan","Normal Scan",0,"ON",1,1,1,738.2,5,20.6,97.9,52,0.00000006892,0.0000182097,4.97,8954.6,8.8,736.5,1,"Up Scan","Positive",254,0,4.37,1.6,8,8,0,1,1,19.068,26.422,20.728,9.647,1.828,10421.6,49,21.3,NA,0,0,0,0,0,0,0,0,0,0,0,0,0,0,0,0,0,0,0,0,0,0,0,0,0,0,0,0,0,0,0,23232.992,19118.72,16574.016,15382.656,15994.016,15416.896,15963.008,15952.864,15152.992,14551.392,14473.44,14361.568,13845.984,13515.552,13941.824,13751.872,13034.688,11374.464,9857.696,8078.432,6129.664,5241.024,4251.104,3315.456,2648.96,2198.56,1957.984,1658.496,1344.128,1285.472,896.928,781.312,641.536,578.112,554.912,529.536,493.28,536.224,503.584,469.312,501.152,501.28,474.336,443.808,427.584,376.16,345.92,222.368,190.528,118.944,86.112,71.456,54.368,33.984,20.768,16.384,6.56,8.448,0,0,0,0,0,0,0,0,0,0,0,0,0,0,0,0,0,0,0,0,0,0,0,0,0,0,0,0,0,0,0,0,0,0,0,0,0,6.424,9.398,11.175,13.229,15.933,20.862,24.851,30.858,36.301,40.053,44.099,49.786,55.452,59.484,64.093,72.465,77.774,79.984,75.495,70.398,61.989,50.584,46.185,40.058,33.207,28.421,24.72,23.153,20.757,17.848,18.072,13.826,13.225,11.958,11.49,11.91,11.963,11.558,11.923,11.48,10.545,10.115,9.509,8.546,7.57,6.984,6.067,5.314,3.398,2.808,1.74,1.208,0.961,0.754,0.44,0.264,0.204,0.08,0.101,0,0,0.028,0,0,0,0
2026-09-03 07:18:00,1,"Normal Scan","Normal Scan",0,"ON",1,1,1,738.1,5,20.6,97.8,52.4,0.0000000689905,0.0000182097,4.97,8954.6,8.8,736.5,1,"Up Scan","Positive",254,0,4.37,1.6,8,8,0,1,1,18.68,25.28,19.934,9.647,1.79,8171.83,48,21.3,NA,0,0,0,0,0,0,0,0,0,0,0,0,0,0,0,0,0,0,0,0,0,0,0,0,0,0,0,0,0,0,0,17765.824,14598.624,15020.48,13882.24,12694.784,12686.656,12077.28,11851.904,11919.648,12367.072,13114.816,13427.552,12838.688,12203.232,11230.944,11005.312,9663.872,8149.184,6776,5166.048,3972.768,2867.04,1965.216,1489.44,1128.928,921.12,767.488,704.992,629.056,565.088,474.336,468.288,420.224,479.488,488.48,543.296,549.6,491.392,485.088,456.672,464.096,421.568,423.584,402.336,336.032,311.904,214.496,190.944,138.048,109.088,66.656,34.592,26.208,23.776,13.76,3.2,3.296,1.664,5.216,0,0,0,0,0,0,0,0,0,0,0,0,0,0,0,0,0,0,0,0,0,0,0,0,0,0,0,0,0,0,0,0,0,0,0,0,5.157,7.182,8.592,11.912,14.39,16.582,20.418,23.346,26.99,31.553,37.525,45.024,51.623,54.934,57.598,58.078,61.985,58.981,53.642,47.966,39.264,32.359,24.964,18.461,14.965,12.156,10.721,9.582,9.414,9.276,9.168,8.637,9.069,8.844,9.963,10.466,11.38,11.555,10.752,10.295,9.463,8.681,7.764,7.489,6.723,5.286,4.82,3.36,2.822,2.022,1.55,0.946,0.482,0.397,0.306,0.174,0.039,0.04,0.02,0.061,0,0.042,0,0,0,0
2026-09-03 07:23:00,1,"Normal Scan","Normal Scan",0,"ON",1,1,1,737.8,5,20.2,97.8,52.3,0.0000000688709,0.0000181905,4.97,8954.6,8.8,736.5,1,"Up Scan","Positive",254,0,4.37,1.6,8,8,0,1,1,20.32,25.499,20.797,24.582,1.724,8263.1,48,21.3,NA,0,0,0,0,0,0,0,0,0,0,0,0,0,0,0,0,0,0,0,0,0,0,0,0,0,0,0,0,0,0,0,13248.928,12771.936,11499.072,10793.248,10990.24,11046.496,11125.6,12044.544,13457.312,13567.392,13887.808,15374.784,15518.208,15756.064,15025.568,13440.192,11431.424,9383.168,7306.336,5647.52,3951.84,2775.52,2062.56,1541.504,1087.936,852.576,702.752,576.096,466.784,438.272,399.744,362.912,340.416,303.808,313.6,387.648,346.4,399.488,388.192,407.552,435.872,393.76,419.52,346.496,331.776,299.168,237.408,170.816,111.072,117.056,39.328,38.304,23.072,14.784,6.08,6.304,1.664,3.392,1.76,0,0,0,0,0,0,0,0,0,0,0,0,0,0,0,0,0,0,0,0,0,0,0,0,0,0,0,0,0,0,0,0,0,0,0,0,3.584,5.389,7.511,9.16,11.154,14.386,17.85,21.564,27.525,35.718,41.216,47.819,59.185,66.401,74.193,77.485,75.482,69.532,61.686,51.659,42.827,32.101,24.166,19.118,15.284,11.561,9.71,8.561,7.646,6.707,6.932,6.962,7.1,7.349,7.185,7.849,8.971,8.676,8.97,8.667,8.723,8.215,7.223,7.295,5.717,5.224,4.604,3.59,2.486,1.63,1.656,0.567,0.52,0.339,0.191,0.078,0.079,0.02,0.04,0.02,0,0.028,0,0,0,0
2026-09-03 07:28:00,1,"Normal Scan","Normal Scan",0,"ON",1,1,1,737.6,5,19.9,97.9,52.1,0.000000068711,0.0000181761,4.97,8954.6,8.8,736.5,1,"Up Scan","Positive",254,0,4.37,1.6,8,8,0,1,1,18.666,25.111,19.921,9.647,1.786,8238.79,48,21.1,NA,0,0,0,0,0,0,0,0,0,0,0,0,0,0,0,0,0,0,0,0,0,0,0,0,0,0,0,0,0,0,0,18773.92,17316.8,14276.256,12252.992,12099.712,11830.976,11535.2,12977.44,12476.48,12616.384,12857.344,12804.704,12605.696,12205.984,11877.056,10500.928,9764.864,8159.84,6915.616,5609.76,4194.976,3131.168,2409.792,1903.52,1402.368,956.096,730.688,650.72,592.384,541.28,545.568,534.72,489.312,476.384,510.272,448.48,438.784,403.2,439.808,451.328,378.208,374.592,369.056,378.304,322.88,283.776,256.64,192.864,129.472,79.008,58.368,34.048,30.048,16.288,7.648,6.368,6.528,3.36,5.216,0,0,0,0,0,0,0,0,0,0,0,0,0,0,0,0,0,0,0,0,0,0,0,0,0,0,0,0,0,0,0,0,0,0,0,0,4.691,7.63,10.173,11.373,12.74,15.852,19.088,22.353,29.61,33.084,38.279,44.155,49.311,53.99,57.64,61.479,59.295,59.665,53.944,49.174,42.77,34.117,27.198,22.401,18.828,14.953,11.155,9.357,8.932,8.695,8.768,9.043,9.471,9.396,9.741,10.336,9.616,9.761,9.259,9.353,9.254,7.799,7.03,6.384,6.237,5.139,4.445,3.886,2.816,1.905,1.163,0.842,0.465,0.396,0.21,0.097,0.079,0.08,0.04,0.061,0,0,0,0,0,0
2026-09-03 07:33:00,1,"Normal Scan","Normal Scan",0,"ON",1,1,1,738.2,5,20.6,97.9,52.1,0.00000006892,0.0000182097,4.97,8954.6,8.8,736.5,1,"Up Scan","Positive",254,0,4.37,1.6,8,8,0,1,1,19.741,25.812,20.723,9.647,1.768,8842.79,48,21.3,NA,0,0,0,0,0,0,0,0,0,0,0,0,0,0,0,0,0,0,0,0,0,0,0,0,0,0,0,0,0,0,0,17829.312,14419.744,12700.288,11874.048,12024.064,11976.224,12716.128,13924.864,13894.912,14018.496,14075.296,13857.376,13708.16,14713.12,14425.76,13228.96,12326.912,10361.952,7681.152,6226.336,4847.52,3739.744,2754.144,2053.696,1566.72,1186.304,938.976,693.664,650.304,552.128,514.112,465.12,489.824,449.312,491.424,523.104,526.816,474.976,452.608,493.76,423.328,374.24,399.392,390.304,419.392,301.536,240.352,187.424,138.848,98.272,52,29.024,30.048,22.112,9.152,1.568,3.264,0,1.728,0,0,0,0,0,0,0,0,0,0,0,0,0,0,0,0,0,0,0,0,0,0,0,0,0,0,0,0,0,0,0,0,0,0,0,0,4.515,7.207,8.457,10.104,12.284,15.687,19.347,24.61,31.731,36.787,42.538,48.41,53.449,58.85,69.451,74.56,74.511,75.247,68.254,54.58,47.436,39.48,32.508,25.482,20.352,16.554,13.478,11.504,9.361,9.399,9.03,9.093,8.93,9.437,9.738,10.462,10.823,11.114,10.522,10.059,10.005,8.293,7.141,6.904,6.443,6.448,4.689,3.668,2.736,1.994,1.38,0.728,0.39,0.415,0.287,0.116,0.02,0.04,0,0.02,0,0.014,0,0,0,0
2026-09-03 07:38:00,1,"Normal Scan","Normal Scan",0,"ON",1,1,1,737.9,5,20.2,97.9,52.6,0.0000000688006,0.0000181905,4.97,8954.6,8.8,736.5,1,"Up Scan","Positive",254,0,4.37,1.6,8,8,0,1,1,21.705,27.653,22.137,26.416,1.772,11020.4,48,21.2,NA,0,0,0,0,0,0,0,0,0,0,0,0,0,0,0,0,0,0,0,0,0,0,0,0,0,0,0,0,0,0,0,15860.352,14490.336,13048.128,13827.296,13186.144,13008.928,14248.128,15651.488,15690.208,16204.608,17276.16,18337.28,19197.312,20685.728,21290.752,21067.328,18458.752,14729.728,11465.568,8436.256,6695.936,5072.8,3498.944,2424.928,1749.984,1112.896,937.856,822.656,1321.472,1410.272,989.6,651.52,454.336,577.664,660.48,781.696,839.2,814.688,833.536,616.384,579.2,552.096,478.112,409.824,370.624,374.048,391.232,307.104,226.592,137.184,105.76,79.968,55.136,47.264,42.816,18.912,21.312,13.44,13.952,1.792,0,0,0,0,0,0,0,0,0,0,0,0,0,0,0,0,0,0,0,0,0,0,0,0,0,0,0,0,0,0,0,0,0,0,0,4.163,6.422,8.492,10.328,14.326,17.265,21.026,27.576,35.761,41.651,49.324,59.66,70.999,82.469,97.773,109.994,118.546,112.514,96.865,81.056,64.023,54.218,43.83,32.45,24.999,19.627,13.42,11.873,10.981,18.01,20.512,16.451,12.963,11.08,12.53,13.751,15.749,16.718,16.102,15.806,13.075,12.156,10.703,9.001,7.451,6.346,6.18,6.199,4.787,3.438,2.132,1.566,1.133,0.849,0.612,0.543,0.236,0.259,0.161,0.163,0.02,0.097,0,0,0,0
2026-09-03 07:43:00,1,"Normal Scan","Normal Scan",0,"ON",1,1,1,738.1,5,20.5,97.9,52,0.0000000688902,0.0000182049,4.97,8954.6,8.8,736.5,1,"Up Scan","Positive",254,0,4.37,1.6,8,8,0,1,1,25.221,34.301,26.581,24.582,1.905,11303.5,48,21.3,NA,0,0,0,0,0,0,0,0,0,0,0,0,0,0,0,0,0,0,0,0,0,0,0,0,0,0,0,0,0,0,0,10302.72,10135.904,10111.936,11196.832,12014.368,11485.152,10616.736,10663.104,11926.272,12084.704,14510.72,17243.424,19818.528,22242.72,22160.576,19991.136,16508.864,14193.376,12006.048,10727.552,10547.968,10676.352,9690.464,7846.272,6098.464,4485.408,3558.72,2623.584,2201.76,1810.112,1630.784,1225.856,1306.528,1278.144,1284.352,1438.432,2208.224,2762.08,2168.256,1599.808,1215.616,882.272,729.28,570.272,501.12,390.464,296.224,228.384,145.088,113.248,77.632,69.312,19.36,28.544,23.84,11.04,6.56,3.392,13.888,3.488,0,0,0,0,0,0,0,0,0,0,0,0,0,0,0,0,0,0,0,0,0,0,0,0,0,0,0,0,0,0,0,0,0,0,0,3.334,4.171,5.942,8.065,11.609,15.704,18.479,20.603,24.454,31.822,37.044,50.233,66.708,85.111,105.094,114.779,113.38,102.567,95.953,87.633,83.902,87.633,93.769,89.859,77.174,63.796,49.989,42.147,34.252,31.584,28.718,29.482,29.275,30.348,27.724,26.524,27.102,37.427,44.652,35.991,26.87,20.477,14.71,12.069,9.418,8.055,5.976,4.668,3.479,2.172,1.636,1.189,0.966,0.358,0.37,0.304,0.138,0.08,0.04,0.163,0.04,0.07,0,0,0,0
2026-09-03 07:48:00,1,"Normal Scan","Normal Scan",0,"ON",1,1,1,738.2,5,20.6,97.9,52.3,0.00000006892,0.0000182097,4.97,8954.6,8.8,736.5,1,"Up Scan","Positive",254,0,4.37,1.6,8,8,0,1,1,21.132,26.869,21.707,26.416,1.76,9921.43,48,21.3,NA,0,0,0,0,0,0,0,0,0,0,0,0,0,0,0,0,0,0,0,0,0,0,0,0,0,0,0,0,0,0,0,14319.68,12820.992,13753.888,13261.6,12838.144,12987.616,13615.648,13795.52,14662.464,14980.256,15519.84,16262.304,17190.496,17509.28,17892.992,16923.04,15955.84,12978.176,10401.824,8184.224,6485.792,4387.168,3177.568,2107.264,1383.232,1067.616,842.336,749.504,660.064,628.672,601.28,629.12,757.536,696.704,666.272,757.536,727.968,639.616,604.128,569.632,539.584,455.2,465.152,404.768,409.952,310.848,293.44,196.64,144.832,78.72,74.304,44.32,27.264,19.072,12.16,0.512,10.88,3.392,0,1.792,0,0,0,0,0,0,0,0,0,0,0,0,0,0,0,0,0,0,0,0,0,0,0,0,0,0,0,0,0,0,0,0,0,0,0,4.941,5.813,7.47,10.974,13.751,16.794,20.967,26.362,31.475,38.903,45.571,53.444,62.924,73.801,82.798,92.606,95.405,97.27,85.426,73.502,61.953,52.431,37.883,29.372,20.857,14.936,12.566,10.945,10.832,10.391,10.683,11.114,11.946,14,13.589,13.564,14.612,14.617,12.992,12.31,11.269,10.353,8.401,7.908,6.645,6.488,4.847,4.404,2.892,2.118,1.142,1.042,0.613,0.377,0.249,0.155,0.006,0.133,0.04,0,0.02,0.014,0,0,0,0
2026-09-03 07:53:00,1,"Normal Scan","Normal Scan",0,"ON",1,1,1,737.8,5,20.1,97.9,52.2,0.0000000687707,0.0000181857,4.97,8954.6,8.8,736.5,1,"Up Scan","Positive",254,0,4.37,1.6,8,8,0,1,1,22.051,28.632,22.934,24.582,1.805,11397.5,48,21.2,NA,0,0,0,0,0,0,0,0,0,0,0,0,0,0,0,0,0,0,0,0,0,0,0,0,0,0,0,0,0,0,0,15070.944,14358.016,13092.704,13742.176,13401.248,14355.936,14220.096,14886.464,15769.888,16186.56,17701.952,19978.848,20552.128,20821.568,19712.608,18111.488,16177.344,14108.896,11842.688,9569.696,7651.584,6126.912,4753.92,4051.488,3341.216,2844.384,2565.216,2167.584,1985.856,1797.664,1625.76,1315.84,1138.368,1007.136,1015.456,879.2,759.168,824.128,734.176,690.176,574.272,579.04,559.36,446.592,386.912,372.32,261.76,189.76,145.824,85.632,69.184,39.68,20.192,22.112,10.752,7.872,6.496,1.696,1.76,1.792,0,0,0,0,0,0,0,0,0,0,0,0,0,0,0,0,0,0,0,0,0,0,0,0,0,0,0,0,0,0,0,0,0,0,0,4.14,6.163,8.389,10.483,14.235,17.528,23.16,27.57,34.052,41.894,49.306,61.035,77.069,88.114,98.424,102.134,102.315,99.13,93.482,84.613,73.622,63.191,54.349,45.237,41.129,36.434,32.856,31.124,27.857,27,25.991,24.168,21.528,19.829,18.582,18.641,17.179,15.579,15.865,14.178,13.215,10.814,10.071,9.322,7.274,6.187,5.64,3.978,2.825,2.18,1.205,0.971,0.557,0.302,0.287,0.136,0.098,0.08,0.02,0.02,0.02,0.028,0,0,0,0
2026-09-03 07:58:00,1,"Normal Scan","Normal Scan",0,"ON",1,1,1,738.2,5,20.6,97.9,51.8,0.00000006892,0.0000182097,4.97,8954.6,8.8,736.5,1,"Up Scan","Positive",254,0,4.37,1.6,8,8,0,1,1,20.431,28.081,21.604,9.647,1.859,8569.08,48,21.3,NA,0,0,0,0,0,0,0,0,0,0,0,0,0,0,0,0,0,0,0,0,0,0,0,0,0,0,0,0,0,0,0,15694.496,13627.584,13001.44,12564.864,12101.248,11819.328,11763.36,12000.48,11408.384,11753.696,12388.992,13211.776,13651.072,13745.952,13779.072,13356.192,11834.752,10512,8561.92,6701.536,4870.592,3500.384,2412.64,1612.608,1255.168,985.6,936.064,858.688,813.536,786.112,860.064,814.528,812.832,959.808,1148.544,1075.2,941.888,817.12,774.656,664.064,587.616,571.392,488.416,418.24,430.144,350.656,282.56,211.648,122.752,112.768,93.536,52.48,31.776,27.904,15.264,12.64,4.864,3.392,8.768,5.312,0,0,0,0,0,0,0,0,0,0,0,0,0,0,0,0,0,0,0,0,0,0,0,0,0,0,0,0,0,0,0,0,0,0,0,4.536,6.348,7.983,10.311,12.997,15.822,19.004,22.715,27.401,30.273,35.773,42.721,51.047,58.599,65.054,71.336,75.256,72.225,69.142,60.465,50.783,39.554,30.494,22.655,16.463,14.045,12.202,12.501,12.553,13.429,14.256,15.457,15.056,15.72,17.857,20.473,19.913,17.891,15.606,15.025,13.013,11.188,10.017,8.49,7.159,6.891,5.448,4.371,3.222,1.842,1.602,1.335,0.78,0.452,0.363,0.194,0.157,0.06,0.04,0.102,0.061,0.014,0,0,0,0
2026-09-03 08:03:00,1,"Normal Scan","Normal Scan",0,"ON",1,1,1,738.2,5,20.6,97.9,52.2,0.00000006892,0.0000182097,4.97,8954.6,8.8,736.5,1,"Up Scan","Positive",254,0,4.37,1.6,8,8,0,1,1,19.28,25.759,20.452,9.647,1.772,7907.52,48,21.3,NA,0,0,0,0,0,0,0,0,0,0,0,0,0,0,0,0,0,0,0,0,0,0,0,0,0,0,0,0,0,0,0,13958.496,13120.576,11193.92,10761.312,11657.888,13077.568,12828.256,12863.264,12805.184,12863.2,12524.96,13141.888,13345.984,13143.392,13345.984,12882.944,10297.184,7965.184,5867.392,4622.048,3339.936,2062.4,1477.44,1091.936,892.224,689.888,602.208,656.608,626.848,648.064,645.856,645.216,564.96,578.24,541.024,530.912,514.144,549.632,544.672,507.264,408.768,457.184,389.952,381.024,343.808,324.416,236.256,154.016,112.928,97.184,48.896,50.336,14.816,13.312,10.656,14.688,1.088,1.696,3.488,0,0,0,0,0,0,0,0,0,0,0,0,0,0,0,0,0,0,0,0,0,0,0,0,0,0,0,0,0,0,0,0,0,0,0,0,3.861,5.689,7.692,8.925,11.167,15.28,21.063,24.795,29.359,33.943,39.042,43.094,50.638,57.055,61.888,68.822,72.239,62.47,52.223,41.433,35.06,27.115,18.05,14.028,11.279,10.111,8.555,8.234,9.219,9.54,10.195,10.763,11.389,11.083,11.48,11.021,11.339,10.895,11.239,11.105,10.198,8.08,7.969,6.795,6.202,5.56,4.873,3.566,2.333,1.701,1.35,0.713,0.683,0.23,0.172,0.136,0.183,0.013,0.02,0.041,0,0.028,0,0,0,0
2026-09-03 08:08:00,1,"Normal Scan","Normal Scan",0,"ON",1,1,1,737.8,5,20.1,97.9,52.1,0.0000000687707,0.0000181857,4.97,8954.6,8.8,736.5,1,"Up Scan","Positive",254,0,4.37,1.6,8,8,0,1,1,22.154,26.952,21.854,28.387,1.761,9148.78,48,21.2,NA,0,0,0,0,0,0,0,0,0,0,0,0,0,0,0,0,0,0,0,0,0,0,0,0,0,0,0,0,0,0,0,14864.032,14327.072,13219.904,12428.704,10986.24,10738.048,9485.856,10424.992,11499.168,11720.032,12228.192,13766.656,15729.824,17579.04,18235.68,18389.024,16897.44,13181.184,10549.696,8540,6311.392,4256.096,2799.2,1747.168,1163.296,907.648,655.264,545.984,515.04,504.128,475.296,468.128,546.72,553.344,494.368,562.496,550.368,535.232,482.208,551.008,525.056,468.48,396.064,423.456,370.112,344.448,225.536,195.264,153.888,94.176,64.384,30.272,17.376,10.368,9.184,7.872,3.264,3.392,1.728,1.664,0,0,0,0,0,0,0,0,0,0,0,0,0,0,0,0,0,0,0,0,0,0,0,0,0,0,0,0,0,0,0,0,0,0,0,3.956,6.037,8.396,10.532,12.877,14.345,17.337,18.405,23.898,30.621,35.787,42.434,53.568,67.753,83.185,94.439,103.626,102.881,86.612,74.398,64.5,50.934,36.582,25.716,17.292,12.475,10.508,8.463,8.052,8.036,8.492,8.682,9.36,10.605,11.322,11.079,12.048,11.48,11.424,10.605,10.828,9.844,8.49,6.917,6.985,5.768,5.202,3.371,2.898,2.242,1.339,0.915,0.409,0.264,0.134,0.116,0.098,0.04,0.04,0.02,0.02,0.014,0,0,0,0
2026-09-03 08:13:00,1,"Normal Scan","Normal Scan",0,"ON",1,1,1,738,5,20.4,97.9,51.6,0.0000000688603,0.0000182001,4.97,8954.6,8.8,736.5,1,"Up Scan","Positive",254,0,4.37,1.6,8,8,0,1,1,18.04,28.768,20.745,9.647,1.997,5472.69,48,21.2,NA,0,0,0,0,0,0,0,0,0,0,0,0,0,0,0,0,0,0,0,0,0,0,0,0,0,0,0,0,0,0,0,15678.4,12267.072,10955.84,9711.2,8678.048,8158.016,7309.088,7160.928,6371.456,6872.928,7032.992,7075.648,6729.632,6511.36,6222.72,5940.8,5053.696,4206.656,3662.88,2845.984,2675.488,2632.64,2474.112,2194.432,1883.008,1585.696,1247.776,984,939.488,743.904,680.032,679.008,686.56,594.912,608.896,573.472,596.096,545.856,559.456,513.216,491.968,450.048,438.784,397.632,356.16,286.528,276.832,172.256,136.64,96.16,63.232,50.784,25.856,17.76,10.72,4.736,3.264,1.664,1.76,0,0,0,0,0,0,0,0,0,0,0,0,0,0,0,0,0,0,0,0,0,0,0,0,0,0,0,0,0,0,0,0,0,0,0,0,4.339,6.298,7.226,8.723,10.076,11.299,13.079,14.115,16.344,16.894,20.826,24.161,27.202,28.81,30.735,32.196,33.61,31.203,28.303,26.629,22.452,22.572,23.467,23.383,22.054,20.074,17.989,15.401,13.14,13.361,11.618,11.546,11.981,12.685,11.88,12.326,11.973,12.52,11.433,11.246,10.339,9.456,8.183,7.516,6.615,5.751,4.448,4.148,2.56,1.996,1.368,0.865,0.7,0.377,0.229,0.136,0.059,0.04,0.02,0.02,0,0.028,0,0,0,0
2026-09-03 08:18:00,1,"Normal Scan","Normal Scan",0,"ON",1,1,1,738.2,5,20.7,97.9,52,0.0000000689499,0.0000182145,4.97,8954.6,8.8,736.5,1,"Up Scan","Positive",254,0,4.37,1.6,8,8,0,1,1,19.054,25.791,20.652,17.154,1.767,10450.7,48,21.4,NA,0,0,0,0,0,0,0,0,0,0,0,0,0,0,0,0,0,0,0,0,0,0,0,0,0,0,0,0,0,0,0,14584.864,13866.464,15343.648,16726.08,17709.696,17323.616,17966.144,17778.4,18574.816,18271.744,18241.088,17839.424,16897.408,15738.72,14057.28,12620.288,11755.648,10150.272,8394.016,6686.272,5254.08,3963.968,3218.144,2847.232,2296.608,1660.992,1181.248,879.616,776.128,742.656,769.312,919.584,878.304,834.816,825.536,860.512,748.576,651.136,680.16,600.544,519.296,431.712,430.432,394.08,355.552,305.536,241.216,199.392,160.832,95.936,66.304,37.76,24,22.144,7.584,6.336,1.664,3.36,3.52,1.792,0,0,0,0,0,0,0,0,0,0,0,0,0,0,0,0,0,0,0,0,0,0,0,0,0,0,0,0,0,0,0,0,0,0,0,4.223,5.938,8.073,12.257,17.341,23.177,27.892,34.778,40.498,49.147,55.317,62.416,68.522,72.228,74.248,72.746,71.212,71.891,67.131,59.999,51.319,43.064,34.639,29.866,28.099,24.276,19.104,15.334,12.615,12.193,12.55,13.509,15.757,15.707,15.475,15.575,15.947,14.545,12.985,13.373,11.309,9.767,8.127,7.595,6.454,5.677,4.702,3.712,2.914,2.316,1.368,0.928,0.549,0.334,0.287,0.097,0.079,0.02,0.04,0.041,0.02,0.014,0,0,0,0
2026-09-03 08:23:00,1,"Normal Scan","Normal Scan",0,"ON",1,1,1,737.9,5,20.3,97.9,52,0.0000000688304,0.0000181953,4.97,8954.6,8.8,736.5,1,"Up Scan","Positive",254,0,4.37,1.6,8,8,0,1,1,20.312,28.514,21.626,9.647,1.872,7056.91,48,21.3,NA,0,0,0,0,0,0,0,0,0,0,0,0,0,0,0,0,0,0,0,0,0,0,0,0,0,0,0,0,0,0,0,12541.6,11099.616,9803.264,9501.952,10193.696,9970.528,10271.328,10227.68,10106.112,10012.288,11009.184,11824.352,11950.464,12192.352,11167.04,10476.064,9608.32,7956.928,6348.864,4718.912,3582.016,2577.056,1848.384,1275.712,1029.344,830.144,725.44,678.144,660.064,607.136,674.144,725.92,774.816,822.752,743.2,698.208,682.08,640.64,616.64,608.352,523.104,546.72,520.608,547.872,530.72,423.744,298.88,191.872,144.384,96.192,72.736,47.136,41.44,11.712,12.224,11.072,13.088,1.696,3.488,1.792,0,0,0,0,0,0,0,0,0,0,0,0,0,0,0,0,0,0,0,0,0,0,0,0,0,0,0,0,0,0,0,0,0,0,0,3.911,5.104,6.476,7.818,9.866,13.337,16.057,19.889,23.345,26.81,30.426,37.916,45.596,51.221,57.509,57.755,58.99,58.561,52.328,44.9,35.839,29.17,22.508,17.423,13.022,11.479,10.218,9.906,10.187,10.551,10.617,11.938,13.184,14.269,15.676,14.98,14.681,14.347,14.183,13.415,12.405,10.118,9.835,8.714,8.869,8.352,6.606,4.442,2.864,2.163,1.404,1.043,0.65,0.547,0.153,0.155,0.138,0.159,0.02,0.041,0.02,0,0,0,0,0
2026-09-03 08:28:00,1,"Normal Scan","Normal Scan",0,"ON",1,1,1,737.7,5,20,97.9,52,0.0000000687408,0.0000181809,4.97,8954.6,8.8,736.5,1,"Up Scan","Positive",254,0,4.37,1.6,8,8,0,1,1,20.399,27.569,21.409,9.647,1.834,7588.29,48,21.2,NA,0,0,0,0,0,0,0,0,0,0,0,0,0,0,0,0,0,0,0,0,0,0,0,0,0,0,0,0,0,0,0,14553.44,11848.96,11146.08,10670.272,10583.008,10271.584,8814.976,9382.912,10559.488,11584.064,13400.416,13541.984,13294.816,12631.232,12269.44,11586.976,10100.64,8463.424,6815.264,5222.336,4060.448,2783.04,2121.408,1535.712,1363.2,1060.576,871.808,790.304,726.112,672.64,758.336,718.144,752.32,701.472,665.344,658.464,590.56,573.728,608,563.296,557.728,508.32,463.04,427.488,381.984,324.256,224.224,182.048,135.264,109.024,67.392,43.2,21.472,28.096,12.224,6.336,6.528,5.024,3.488,1.792,0,0,0,0,0,0,0,0,0,0,0,0,0,0,0,0,0,0,0,0,0,0,0,0,0,0,0,0,0,0,0,0,0,0,0,4.089,5.9,6.928,8.899,11.056,13.886,16.542,17.04,21.474,28.078,35.199,46.071,52.15,56.957,59.597,63.436,65.289,61.591,55.742,48.25,39.87,33.145,24.425,19.952,15.595,14.79,12.79,11.424,11.209,11.097,11.054,12.678,12.644,13.913,13.681,13.572,13.526,12.443,12.129,12.337,11.07,10.152,9.066,8.13,7.039,6.08,4.988,3.52,2.71,1.985,1.585,0.951,0.613,0.302,0.363,0.155,0.079,0.08,0.06,0.041,0.02,0.014,0,0,0,0
2026-09-03 08:33:00,1,"Normal Scan","Normal Scan",0,"ON",1,1,1,737.9,5,20.2,97.9,51.7,0.0000000688006,0.0000181905,4.97,8954.6,8.8,736.5,1,"Up Scan","Positive",254,0,4.37,1.6,8,8,0,1,1,18.996,27.89,20.876,9.647,1.9,5469.88,49,21.1,NA,0,0,0,0,0,0,0,0,0,0,0,0,0,0,0,0,0,0,0,0,0,0,0,0,0,0,0,0,0,0,0,12286.56,11017.536,9382.304,8242.944,8063.392,7424.16,7719.2,8192.384,8005.28,7938.944,8130.624,7623.008,7677.12,7396.352,7122.24,7109.824,6612.64,5625.728,4810.144,3986.976,3117.184,2430.272,1818.24,1293.216,1036.96,846.912,690.4,582.176,579.776,452.448,497.152,440.064,473.184,500.352,467.52,477.056,459.04,478.112,444.768,447.456,420.768,402.176,421.28,396.512,365.376,301.984,245.344,176.864,116.992,97.152,56.672,43.104,30.112,16.256,18.336,15.712,1.632,6.752,1.76,1.792,0,0,0,0,0,0,0,0,0,0,0,0,0,0,0,0,0,0,0,0,0,0,0,0,0,0,0,0,0,0,0,0,0,0,0,3.922,4.954,6.438,7.437,8.567,10.533,11.947,14.938,18.669,21.186,24.062,27.885,29.425,32.926,35.043,36.981,40.228,40.54,37.224,34.2,30.427,25.483,21.241,16.965,13.044,11.216,9.845,8.752,8.199,8.55,7.651,8.636,8.521,9.216,10.191,10.073,10.282,10.348,10.499,9.752,9.241,8.322,7.393,7.159,6.647,5.838,4.709,3.738,2.747,1.737,1.387,0.805,0.613,0.415,0.21,0.233,0.196,0.02,0.081,0.02,0.02,0.014,0,0,0,0
2026-09-03 08:38:00,1,"Normal Scan","Normal Scan",0,"ON",1,1,1,738.2,5,20.7,97.9,52.1,0.0000000689499,0.0000182145,4.97,8954.6,8.8,736.5,1,"Up Scan","Positive",254,0,4.37,1.6,8,8,0,1,1,18.636,27.042,20.51,9.647,1.865,6109.15,48,21.3,NA,0,0,0,0,0,0,0,0,0,0,0,0,0,0,0,0,0,0,0,0,0,0,0,0,0,0,0,0,0,0,0,12660.256,10517.44,11117.376,10156.576,9797.056,9559.232,9401.6,8948.352,9310.016,9907.104,9796.64,8826.656,8280.992,8247.104,7802.048,7673.472,7244.288,6559.872,5098.816,3984.416,3007.744,2186.496,1648.288,1370.368,1031.84,810.176,700.448,624.928,573.472,506.624,520.416,551.904,462.88,496.224,457.088,489.376,441.984,502.08,474.976,486.592,456.512,439.904,432.064,396.32,376.672,295.648,265.408,194.464,139.072,88.352,60.288,49.888,27.808,14.816,6.144,11.104,0,1.696,0,3.488,0,0,0,0,0,0,0,0,0,0,0,0,0,0,0,0,0,0,0,0,0,0,0,0,0,0,0,0,0,0,0,0,0,0,0,3.778,5.116,6.147,8.883,10.483,12.769,15.395,18.169,20.356,24.61,29.977,33.589,34.002,35.559,38.994,40.456,43.308,44.231,43.182,36.192,30.376,24.584,19.16,15.497,13.8,11.196,9.63,8.97,8.625,8.546,8.222,9.056,9.933,9.321,10.44,10.058,10.693,10.255,10.895,10.277,9.742,9.083,7.942,7.537,6.497,6.061,4.6,3.945,2.886,2.061,1.242,0.823,0.687,0.433,0.191,0.078,0.137,0,0.02,0,0.041,0.042,0,0,0,0
2026-09-03 08:43:00,1,"Normal Scan","Normal Scan",0,"ON",1,1,1,737.9,5,20.3,97.9,52.1,0.0000000688304,0.0000181953,4.97,8954.6,8.8,736.5,1,"Up Scan","Positive",254,0,4.37,1.6,8,8,0,1,1,19.507,27.209,20.983,9.647,1.842,6503.54,48,21.2,NA,0,0,0,0,0,0,0,0,0,0,0,0,0,0,0,0,0,0,0,0,0,0,0,0,0,0,0,0,0,0,0,11633.024,11356.288,11128.64,9486.752,9896.896,9114.208,9077.952,9514.304,9436.256,10626.208,10322.944,10716.8,10609.344,9906.176,9600,8532.352,7308.64,6158.816,5307.392,4462.752,3575.328,2743.904,2348.832,1820.288,1470.432,1138.336,969.28,845.536,642.752,547.168,548.8,487.392,493.152,490.56,425.792,457.376,450.336,464.736,460.512,440.288,447.872,390.016,371.648,389.6,338.208,295.456,203.84,197.92,143.296,108.256,71.072,47.52,26.912,26.496,13.728,6.272,8.16,5.024,3.488,1.792,0,0,0,0,0,0,0,0,0,0,0,0,0,0,0,0,0,0,0,0,0,0,0,0,0,0,0,0,0,0,0,0,0,0,0,3.261,4.692,6.643,8.829,9.857,12.939,14.669,17.543,21.662,25.029,32.233,35.451,41.189,45.333,46.783,49.686,48.133,44.786,40.91,37.933,34.246,29.376,24.157,22.007,18.144,15.63,13.02,11.836,11.079,9.331,8.659,9.172,9.063,9.655,9.811,9.633,9.909,9.814,10.301,9.833,9.24,8.558,7.409,6.735,6.596,5.444,4.651,3.211,2.946,2.095,1.599,1.006,0.656,0.39,0.344,0.175,0.079,0.099,0.06,0.041,0.02,0.028,0,0,0,0
2026-09-03 08:48:00,1,"Normal Scan","Normal Scan",0,"ON",1,1,1,737.7,5,20,97.9,52,0.0000000687408,0.0000181809,4.97,8954.6,8.8,736.5,1,"Up Scan","Positive",254,0,4.37,1.6,8,8,0,1,1,20.257,31.4,22.913,19.81,1.977,7519.36,48,21.1,NA,0,0,0,0,0,0,0,0,0,0,0,0,0,0,0,0,0,0,0,0,0,0,0,0,0,0,0,0,0,0,0,11578.112,10973.792,10122.752,10311.36,10226.912,10478.144,10583.648,11540.704,11826.944,12539.04,12731.072,12556.672,11400.224,9449.6,9552.96,9646.528,8691.168,7005.792,6012.544,4932.512,3895.968,3008.256,2412,2102.016,1924.448,1872.928,1958.944,1803.136,1926.016,1709.888,1462.496,1437.696,1635.584,1538.656,1257.792,1007.584,727.968,675.008,583.296,630.528,561.952,567.36,646.176,645.344,592.928,469.504,387.712,292.096,218.144,144.224,92.288,88.416,57.568,53.12,19.872,23.616,9.824,11.84,5.216,1.632,0,0,0,0,0,0,0,0,0,0,0,0,0,0,0,0,0,0,0,0,0,0,0,0,0,0,0,0,0,0,0,0,0,0,0,3.706,4.706,6.398,8.066,10.71,13.393,16.933,20.506,26.3,31.265,38.011,43.699,48.296,48.769,44.734,49.554,54.471,53.169,46.435,43.029,38.098,32.556,27.418,23.887,22.745,22.218,22.754,25.216,25.175,27.485,25.157,22.479,22.453,25.888,25.855,22.494,19.397,16.293,15.61,13.867,13.625,11.711,10.843,11.467,10.62,9.616,7.497,6.106,4.444,3.246,2.111,1.354,1.208,0.811,0.689,0.252,0.295,0.119,0.141,0.061,0.02,0.028,0,0,0,0
2026-09-03 08:53:00,1,"Normal Scan","Normal Scan",0,"ON",1,1,1,737.8,5,20.1,97.9,51.8,0.0000000687707,0.0000181857,4.97,8954.6,8.8,736.5,1,"Up Scan","Positive",254,0,4.37,1.6,8,8,0,1,1,17.787,33.489,22.423,9.647,2.163,3532.15,49,21.1,NA,0,0,0,0,0,0,0,0,0,0,0,0,0,0,0,0,0,0,0,0,0,0,0,0,0,0,0,0,0,0,0,8651.872,7160.32,6364.096,5960.224,6054.4,5902.976,5807.168,5619.104,5024.064,4176.928,3752.928,3708.512,3317.984,2998.624,2522.112,2274.304,2434.56,2930.048,2932.832,2856.544,2672.096,2142.272,1757.312,1519.552,1217.824,1010.304,876.192,711.232,648.96,666.944,640.608,602.304,653.76,731.904,644.512,596.8,585.44,564.768,456.32,489.952,445.184,438.592,466.912,398.592,415.36,322.816,260.16,196.576,141.44,88.704,77.952,41.664,33.888,22.208,18.304,4.768,3.296,8.512,3.488,1.792,0,0,0,0,0,0,0,0,0,0,0,0,0,0,0,0,0,0,0,0,0,0,0,0,0,0,0,0,0,0,0,0,0,0,0,2.584,3.523,4.184,5.042,6.183,7.862,9.51,11.207,12.8,13.219,12.59,12.823,14.268,14.294,14.324,13.34,13.26,15.327,19.753,21.204,22.095,22.112,18.972,16.61,15.374,13.338,11.983,11.175,10.235,10.133,10.721,11.013,11.023,11.913,13.581,12.775,12.312,12.446,11.908,10.263,10.031,8.893,8.16,8.006,6.694,6.561,5.049,4.029,2.947,2.062,1.271,1.154,0.583,0.465,0.287,0.233,0.059,0.04,0.101,0.041,0.02,0.014,0,0,0,0
2026-09-03 08:58:00,1,"Normal Scan","Normal Scan",0,"ON",1,1,1,738.1,5,20.5,97.9,52.2,0.0000000688902,0.0000182049,4.97,8954.6,8.8,736.5,1,"Up Scan","Positive",254,0,4.37,1.6,8,8,0,1,1,17.764,26.883,19.862,9.647,1.911,6154.29,48,21.2,NA,0,0,0,0,0,0,0,0,0,0,0,0,0,0,0,0,0,0,0,0,0,0,0,0,0,0,0,0,0,0,0,16678.208,14927.712,11513.568,10781.152,9826.688,9403.744,8758.784,8246.112,8545.216,8461.696,8290.592,8656,8394.432,8732.576,8338.368,7500.704,6286.176,5248.832,4652.992,3704.032,2541.056,1777.344,1340.64,1114.144,908.128,745.888,614.016,505.504,597.984,543.296,526.656,522.4,545.088,537.44,619.712,609.024,633.504,650.368,608.352,528.608,534.048,519.616,474.688,435.136,400.032,303.2,273.6,202.56,113.216,95.968,51.456,39.232,24.256,16.224,9.152,7.904,8.224,6.72,0,5.216,0,0,0,0,0,0,0,0,0,0,0,0,0,0,0,0,0,0,0,0,0,0,0,0,0,0,0,0,0,0,0,0,0,0,0,4.461,6.76,8.758,9.18,11.198,12.81,15.083,16.903,18.786,22.643,25.681,28.464,33.282,35.943,41.229,43.118,42.215,38.326,34.589,33.008,28.209,20.81,15.633,12.675,11.403,10,8.953,8.144,7.559,9.279,9.345,9.741,10.437,11.314,11.342,12.751,12.946,13.265,13.238,12.303,10.57,10.066,9.179,7.996,7.094,6.282,4.752,4.086,3.004,1.683,1.449,0.704,0.544,0.371,0.21,0.116,0.098,0.099,0.081,0,0.061,0.014,0,0,0,0
2026-09-03 09:03:00,1,"Normal Scan","Normal Scan",0,"ON",1,1,1,737.9,5,20.3,97.9,52.2,0.0000000688304,0.0000181953,4.97,8954.6,8.8,736.5,1,"Up Scan","Positive",254,0,4.37,1.6,8,8,0,1,1,18.394,26.058,19.844,9.647,1.863,6244.38,48,21.2,NA,0,0,0,0,0,0,0,0,0,0,0,0,0,0,0,0,0,0,0,0,0,0,0,0,0,0,0,0,0,0,0,18009.856,14262.336,12301.568,10573.248,9151.968,8454.048,8272.736,7814.816,7640.256,7594.88,8386.112,8594.464,8909.376,9156.448,9243.488,8820.384,8289.984,6855.136,5146.048,3703.2,2834.4,2081.12,1425.536,1143.136,841.664,664.096,572.192,499.84,477.088,488.448,446.528,473.504,439.264,471.04,455.776,436.896,472.096,437.472,459.84,428.384,465.088,412.928,409.536,407.68,361.92,313.344,239.712,161.632,101.632,74.336,44.256,32.16,17.504,15.264,14.816,7.936,4.896,5.088,1.76,0,0,0,0,0,0,0,0,0,0,0,0,0,0,0,0,0,0,0,0,0,0,0,0,0,0,0,0,0,0,0,0,0,0,0,0,4.868,7.295,8.307,9.797,10.914,11.938,13.602,15.995,17.838,20.264,23.072,28.918,33.234,38.277,43.269,47.76,49.632,50.484,45.052,36.41,28.151,23.086,18.155,13.391,11.483,9.268,7.977,7.43,7.164,7.348,7.931,8.039,8.728,8.958,9.744,10.036,9.828,10.401,10.028,9.698,8.937,8.657,7.479,6.867,6.547,5.66,4.771,3.631,2.447,1.542,1.08,0.637,0.449,0.283,0.197,0.188,0.098,0.06,0.06,0.02,0,0.042,0,0,0,0
2026-09-03 09:08:00,1,"Normal Scan","Normal Scan",0,"ON",1,1,1,737.7,5,20,97.9,51.9,0.0000000687408,0.0000181809,4.97,8954.6,8.8,736.5,1,"Up Scan","Positive",254,0,4.37,1.6,8,8,0,1,1,18.662,26.581,20.406,9.647,1.856,6160.22,48,21.1,NA,0,0,0,0,0,0,0,0,0,0,0,0,0,0,0,0,0,0,0,0,0,0,0,0,0,0,0,0,0,0,0,13833.6,12972.544,10955.168,10563.84,9431.04,9511.264,9123.552,8441.312,8042.624,8707.392,8361.024,8152.128,8141.92,8218.944,8034.144,7759.68,7270.528,6491.776,6077.792,5047.392,4126.304,3099.008,2164.288,1604.672,1121.6,788.832,586.176,491.264,486.176,427.968,390.816,429.6,393.536,444.16,398.016,443.744,414.304,427.904,411.104,400.512,390.176,385.472,377.44,410.08,354.784,298.816,221.088,151.232,103.36,79.936,47.008,40.032,27.072,30.976,12.192,4.768,3.264,1.696,0,0,0,0,0,0,0,0,0,0,0,0,0,0,0,0,0,0,0,0,0,0,0,0,0,0,0,0,0,0,0,0,0,0,0,0,0,4.579,5.601,7.58,8.709,10.931,12.326,15.27,17.64,19.238,21.331,26.371,28.73,31.455,35.019,39.018,41.843,44.061,44.713,43.027,43.198,38.398,33.445,26.772,20.004,15.88,11.897,9.129,7.514,6.913,7.309,7.072,7.189,7.981,8.057,9.128,8.901,9.671,9.351,9.667,9.066,8.447,7.706,6.914,6.554,6.561,5.624,4.618,3.48,2.239,1.522,1.119,0.659,0.539,0.358,0.402,0.155,0.059,0.04,0.02,0,0,0,0,0,0,0
2026-09-03 09:13:00,1,"Normal Scan","Normal Scan",0,"ON",1,1,1,737.7,5,20,97.9,52,0.0000000687408,0.0000181809,4.97,8954.6,8.8,736.5,1,"Up Scan","Positive",254,0,4.37,1.6,8,8,0,1,1,20.743,26.803,21.293,22.876,1.776,6344.81,48,21.1,NA,0,0,0,0,0,0,0,0,0,0,0,0,0,0,0,0,0,0,0,0,0,0,0,0,0,0,0,0,0,0,0,11861.12,9110.592,8689.024,7971.808,7393.248,7034.912,7427.2,8231.968,9432.288,10937.568,11843.904,12456.672,13230.528,12421.696,11750.464,10284.832,8476.416,6400.064,5120.352,4062.496,3226.912,2353.408,1726.432,1184.512,897.984,646.944,554.048,509.6,481.056,438.208,418.016,407.52,428.8,395.776,432.96,435.04,436.544,362.208,377.632,382.176,356.928,354.4,333.632,368.384,334.496,287.84,240.192,169.76,134.848,78.528,53.92,32.736,19.904,13.216,7.616,7.904,0,5.024,1.76,0,0,0,0,0,0,0,0,0,0,0,0,0,0,0,0,0,0,0,0,0,0,0,0,0,0,0,0,0,0,0,0,0,0,0,0,3.352,4.818,5.308,6.931,8.251,9.681,11.364,14.432,18.855,25.079,33.254,40.712,47.937,56.509,58.415,60.585,57.864,51.676,42.208,36.268,30.891,26.204,20.457,16.081,11.877,9.725,7.685,7.213,7.099,7.096,7.306,7.421,7.521,8.325,8.239,9.161,9.32,9.467,8.564,8.539,8.179,7.232,6.611,5.899,6.057,5.253,4.419,3.583,2.501,1.948,1.137,0.739,0.457,0.264,0.172,0.097,0.098,0,0.06,0.02,0,0,0,0,0,0
2026-09-03 09:18:00,1,"Normal Scan","Normal Scan",0,"ON",1,1,1,737.6,5,19.9,97.9,52.1,0.000000068711,0.0000181761,4.97,8954.6,8.8,736.5,1,"Up Scan","Positive",254,0,4.37,1.6,8,8,0,1,1,18.703,33.629,22.393,9.647,2.168,2999.99,48,21,NA,0,0,0,0,0,0,0,0,0,0,0,0,0,0,0,0,0,0,0,0,0,0,0,0,0,0,0,0,0,0,0,8466.56,6980.032,5925.312,4914.112,4958.272,4595.072,3801.92,3357.056,3046.208,2858.144,2405.12,2455.072,2810.88,2935.808,3144.704,3597.152,4297.952,3915.296,2891.424,2069.984,1380.896,1129.6,1070.464,955.488,848.416,1018.944,950.72,725.472,592.32,515.36,426.688,457.44,481.312,480.928,437.696,433.472,397.504,335.68,372.32,346.24,377.632,369.504,417.568,401.408,423.264,316.256,240.96,211.296,148.544,101.76,70.624,46.56,21.472,28.064,13.728,14.176,3.264,3.36,3.488,3.616,0,0,0,0,0,0,0,0,0,0,0,0,0,0,0,0,0,0,0,0,0,0,0,0,0,0,0,0,0,0,0,0,0,0,0,2.667,3.398,4.071,4.696,5.101,6.472,7.396,7.327,7.646,8.052,8.69,8.331,9.619,12.248,14.036,16.402,20.328,26.242,25.851,20.644,16.005,11.815,10.504,10.415,9.914,9.352,11.579,11.63,9.658,8.777,8.026,7.488,8.196,8.824,9.568,9.365,9.657,9.439,8.705,9.077,8.006,7.763,7.187,7.412,6.747,6.712,4.838,3.752,3.226,2.171,1.451,1.006,0.669,0.302,0.364,0.175,0.177,0.04,0.04,0.041,0.04,0.014,0,0,0,0
2026-09-03 09:23:00,1,"Normal Scan","Normal Scan",0,"ON",1,1,1,737.5,5,19.7,97.9,52.2,0.0000000686512,0.0000181665,4.97,8954.6,8.8,736.5,1,"Up Scan","Positive",254,0,4.37,1.6,8,8,0,1,1,20.915,32.736,22.843,9.647,2.064,2980.5,48,21,NA,0,0,0,0,0,0,0,0,0,0,0,0,0,0,0,0,0,0,0,0,0,0,0,0,0,0,0,0,0,0,0,6961.632,6381.792,4719.936,4245.12,3444.064,3471.776,3308.48,3244.736,3319.776,3698.912,3944.864,3956.32,4208.224,4564.256,4061.632,3863.968,3751.072,3616.288,3084.128,2582.368,1886.688,1475.104,1045.12,909.824,738.432,574.848,402.944,427.104,413.696,360.256,370.336,369.152,411.392,410.88,417.952,433.76,401.216,369.408,343.648,364.288,360.896,340.704,349.76,367.552,332.896,278.912,229.888,183.616,121.728,88.832,71.168,41.472,17.632,11.808,13.728,3.136,0,1.696,3.52,1.6,0,0,0,0,0,0,0,0,0,0,0,0,0,0,0,0,0,0,0,0,0,0,0,0,0,0,0,0,0,0,0,0,0,0,0,2.345,2.825,3.733,3.772,4.415,4.517,5.603,6.426,7.419,8.823,11.253,13.612,15.303,18.121,21.646,21.137,21.9,23.026,23.905,21.981,19.759,15.447,12.889,9.877,9.215,8.045,6.818,5.445,6.175,6.392,6.214,6.799,6.981,7.967,8.422,8.877,9.247,8.98,8.716,8.031,7.972,7.347,6.485,6.009,6.266,5.315,4.252,3.465,2.745,1.759,1.233,1.006,0.576,0.283,0.153,0.175,0.039,0,0.02,0.041,0.02,0.028,0,0,0,0
2026-09-03 09:28:00,1,"Normal Scan","Normal Scan",0,"ON",1,1,1,737.5,5,19.7,97.9,52.4,0.0000000686512,0.0000181665,4.97,8954.6,8.8,736.5,1,"Up Scan","Positive",254,0,4.37,1.6,8,8,0,1,1,19.169,28.522,21.07,9.647,1.919,4094.77,48,20.9,NA,0,0,0,0,0,0,0,0,0,0,0,0,0,0,0,0,0,0,0,0,0,0,0,0,0,0,0,0,0,0,0,9275.36,7385.728,6843.84,6846.816,5854.272,5394.176,5415.008,5930.464,6093.504,6274.336,6181.632,6013.536,5611.808,5411.488,5557.44,5580.416,5063.264,4657.952,3813.696,2993.728,2172.576,1522.528,1130.08,805.312,610.4,540.8,469.536,385.056,394.368,406.848,362.272,347.328,382.496,355.744,375.808,404.768,407.328,366.336,360.544,318.464,356.032,321.728,368.928,357.28,327.232,254.432,247.456,142.656,101.856,92.32,47.008,30.592,17.056,16.128,12.16,12.608,4.928,1.696,3.52,0,0,0,0,0,0,0,0,0,0,0,0,0,0,0,0,0,0,0,0,0,0,0,0,0,0,0,0,0,0,0,0,0,0,0,0,3.156,3.734,4.33,5.447,7.103,7.634,8.679,10.487,13.552,16.139,19.033,21.255,23.208,24.13,25.682,28.865,31.509,30.909,30.659,26.985,22.744,17.734,13.311,10.607,8.215,6.814,6.415,6.118,5.592,6.003,6.655,6.604,6.791,7.47,7.419,8.351,8.631,9.218,8.432,8.16,7.13,6.99,6.03,6.375,5.918,5.155,3.925,3.752,2.156,1.501,1.333,0.659,0.427,0.226,0.21,0.155,0.157,0.06,0.02,0.041,0,0,0,0,0,0
2026-09-03 09:33:00,1,"Normal Scan","Normal Scan",0,"ON",1,1,1,737.4,5,19.6,97.9,52.7,0.0000000686214,0.0000181617,4.97,8954.6,8.8,736.5,1,"Up Scan","Positive",254,0,4.37,1.6,8,8,0,1,1,22.137,29.574,22.891,26.416,1.843,4656.4,49,20.8,NA,0,0,0,0,0,0,0,0,0,0,0,0,0,0,0,0,0,0,0,0,0,0,0,0,0,0,0,0,0,0,0,7601.76,6323.456,5907.36,4697.536,4604.224,4476.544,5191.296,5916.576,7237.152,7298.432,7440.832,7521.184,8445.696,8487.2,8726.592,7700.128,6676.384,6080.768,5583.52,4732.48,3659.264,2523.232,1620.896,1143.168,815.808,613.312,440.768,438.688,389.696,318.432,317.504,352.096,331.584,358.816,394.432,431.072,360.064,364.48,407.776,390.4,312.864,355.552,365.952,325.856,279.2,275.936,224.224,186.784,116.576,83.744,48.576,44.16,24.544,16.16,7.648,7.904,3.232,1.696,0,3.392,0,0,0,0,0,0,0,0,0,0,0,0,0,0,0,0,0,0,0,0,0,0,0,0,0,0,0,0,0,0,0,0,0,0,0,2.335,3.075,3.679,4.698,4.894,6.041,7.255,10.088,13.595,19.218,22.241,25.644,29.063,36.293,40.231,45.314,43.629,40.915,40.135,39.562,35.866,29.599,21.769,15.078,11.322,8.688,7.16,5.783,6.1,5.991,5.667,6.06,6.756,7.073,7.764,8.27,9.248,8.445,8.307,8.701,8.12,6.707,6.656,6.327,5.359,4.59,4.27,3.391,2.755,1.739,1.171,0.677,0.613,0.358,0.211,0.097,0.098,0.04,0.02,0,0.04,0.014,0,0,0,0
2026-09-03 09:38:00,1,"Normal Scan","Normal Scan",0,"ON",1,1,1,737.4,5,19.6,97.9,52.8,0.0000000686214,0.0000181617,4.97,8954.6,8.8,736.5,1,"Up Scan","Positive",254,0,4.37,1.6,8,8,0,1,1,18.462,26.099,20.055,9.647,1.837,5548.35,48,20.8,NA,0,0,0,0,0,0,0,0,0,0,0,0,0,0,0,0,0,0,0,0,0,0,0,0,0,0,0,0,0,0,0,12193.76,10705.184,10382.24,9925.504,9788.832,8394.336,7863.424,7887.68,7747.84,7724.256,7897.824,7996.864,7855.008,8052.736,7948.512,7661.888,6869.088,5887.936,4620.896,3680.448,2805.472,1891.456,1326.368,973.472,767.712,600.16,479.04,405.536,398.752,337.952,365.696,335.168,359.488,397.728,370.4,375.104,375.168,389.312,397.984,392.416,358.496,372.32,359.36,356.096,290.176,288.352,228.096,144.768,107.392,69.792,34.848,45.216,27.2,10.304,3.072,7.904,4.928,8.48,1.76,0,0,0,0,0,0,0,0,0,0,0,0,0,0,0,0,0,0,0,0,0,0,0,0,0,0,0,0,0,0,0,0,0,0,0,0,3.789,4.966,6.256,8.325,10.32,12.761,13.561,15.224,17.975,20.538,23.453,27.197,30.922,33.764,38.088,41.135,43.175,41.911,38.763,32.703,27.959,22.804,16.448,12.386,9.798,8.304,7.04,6.136,5.78,6.168,5.92,6.524,6.511,7.557,8.411,8.152,8.522,8.666,8.748,8.522,8.175,7.139,6.728,6.143,5.708,4.688,4.51,3.395,2.113,1.578,1.045,0.531,0.612,0.36,0.134,0.039,0.098,0.06,0.101,0.02,0,0,0,0,0,0
2026-09-03 09:43:00,1,"Normal Scan","Normal Scan",0,"ON",1,1,1,737.4,5,19.6,97.9,52.7,0.0000000686214,0.0000181617,4.97,8954.6,8.8,736.5,1,"Up Scan","Positive",254,0,4.37,1.6,8,8,0,1,1,19.75,29.994,21.654,9.647,1.937,5504.69,48,20.8,NA,0,0,0,0,0,0,0,0,0,0,0,0,0,0,0,0,0,0,0,0,0,0,0,0,0,0,0,0,0,0,0,10707.968,8574.272,8079.136,7730.816,7926.08,8019.552,8316.768,8362.336,7989.472,8388.192,9045.952,8926.688,8405.92,8288.672,7605.952,7204.544,6626.56,5882.112,4917.184,4056.384,3242.432,2233.408,1607.424,1335.744,964.384,774.944,570.176,527.52,466.976,454.272,424.352,459.52,416.288,418.72,424.32,457.376,466.432,482.112,665.44,596.256,563.488,467.456,377.088,357.824,359.328,319.84,210.4,244.896,265.568,284.416,229.152,143.008,93.792,69.024,55.328,15.808,19.68,8.416,12.256,10.528,0,0,0,0,0,0,0,0,0,0,0,0,0,0,0,0,0,0,0,0,0,0,0,0,0,0,0,0,0,0,0,0,0,0,0,3.091,4.333,5.022,6.468,8.079,10.405,12.918,16.097,19.085,21.206,25.476,31.063,34.405,36.043,39.231,39.513,40.752,40.551,38.849,34.939,30.911,26.396,19.471,15.027,13.341,10.393,9.079,7.424,7.268,7.227,7.668,7.887,8.925,9.298,10.002,10.28,10.705,10.38,11.029,13.738,12.578,11.152,9.941,8.719,7.853,6.885,5.731,3.824,3.974,3.962,4.137,3.224,2.063,1.339,0.894,0.705,0.197,0.239,0.101,0.143,0.119,0.069,0,0,0,0
2026-09-03 09:48:00,1,"Normal Scan","Normal Scan",0,"ON",1,1,1,737.4,5,19.6,97.9,52.8,0.0000000686214,0.0000181617,4.97,8954.6,8.8,736.5,1,"Up Scan","Positive",254,0,4.37,1.6,8,8,0,1,1,14.769,23.187,17.589,9.647,1.827,7264.43,49,20.7,NA,0,0,0,0,0,0,0,0,0,0,0,0,0,0,0,0,0,0,0,0,0,0,0,0,0,0,0,0,0,0,0,24726.432,16501.824,21065.6,17581.376,16315.264,14530.016,13720.896,12617.696,10013.248,8251.072,7026.272,6568.544,6113.472,6189.824,6175.744,6580.608,6338.624,5679.648,4689.216,3525.728,2437.152,1796.896,1470.016,1060.992,944.896,721.856,645.984,562.368,503.712,484.992,428.288,475.84,465.76,531.872,487.36,486.368,477.728,402.592,406.88,424.32,429.376,379.072,373.856,361.024,363.84,328.192,205.408,167.808,137.184,88.864,66.912,39.008,28.832,26.656,12.224,7.904,6.496,3.328,5.216,3.616,0,0,0,0,0,0,0,0,0,0,0,0,0,0,0,0,0,0,0,0,0,0,0,0,0,0,0,0,0,0,0,0,0,0,0,11.629,9.872,9.701,16.828,18.308,21.237,23.363,26.481,28.627,26.381,24.959,24.137,25.385,26.343,29.435,32.131,37.134,38.727,37.458,33.239,26.959,19.963,15.808,13.874,10.775,10.277,8.551,8.33,7.902,7.783,8.028,7.868,8.674,8.849,10.458,10.287,10.39,10.177,9.197,9.373,8.873,8.219,7.179,6.521,6.067,5.821,5.087,3.254,2.528,2.06,1.281,0.948,0.576,0.415,0.344,0.155,0.098,0.08,0.04,0.061,0.04,0.028,0,0,0,0
2026-09-03 09:53:00,1,"Normal Scan","Normal Scan",0,"ON",1,1,1,737.4,5,19.6,97.9,53,0.0000000686214,0.0000181617,4.97,8954.6,8.8,736.5,1,"Up Scan","Positive",254,0,4.37,1.6,8,8,0,1,1,20.815,28.689,22.14,9.647,1.883,6998.52,49,20.7,NA,0,0,0,0,0,0,0,0,0,0,0,0,0,0,0,0,0,0,0,0,0,0,0,0,0,0,0,0,0,0,0,15175.264,11071.776,9346.88,9851.168,9299.584,8801.472,9157.056,9314.528,9267.968,9141.28,9842.688,9817.184,10293.952,10139.136,10174.752,10142.624,10006.048,8716.544,7363.072,5554.976,3923.072,2734.24,2001.92,1913.952,2185.472,2521.632,2855.104,2386.688,1552.128,1078.816,821.76,598.016,530.848,519.808,561.6,507.104,466.56,445.056,405.344,415.872,316.096,431.36,398.176,410.848,357.408,319.232,273.216,195.84,98.112,83.136,54.464,42.848,24.256,21.696,5.088,7.904,3.232,3.392,3.488,0,0,0,0,0,0,0,0,0,0,0,0,0,0,0,0,0,0,0,0,0,0,0,0,0,0,0,0,0,0,0,0,0,0,0,0,4.879,6.086,6.469,7.486,10.215,12.159,14.199,17.709,21.272,24.61,27.814,33.951,38.031,44.304,48.154,52.829,57.239,61.088,57.437,52.339,42.946,33.319,25.984,20.547,20.175,23.525,27.85,32.601,28.654,20.264,15.25,12.769,10.273,10.101,10.197,10.788,10.894,10.396,10.057,9.1,8.837,7.091,7.741,6.774,6.635,5.701,4.901,4.148,2.863,1.46,1.176,0.794,0.576,0.321,0.281,0.064,0.098,0.04,0.04,0.041,0,0,0,0,0,0
2026-09-03 09:58:00,1,"Normal Scan","Normal Scan",0,"ON",1,1,1,737.4,5,19.6,97.9,53.1,0.0000000686214,0.0000181617,4.97,8954.6,8.8,736.5,1,"Up Scan","Positive",254,0,4.37,1.6,8,8,0,1,1,27.254,29.951,24.442,30.505,1.788,7608.98,48,20.6,NA,0,0,0,0,0,0,0,0,0,0,0,0,0,0,0,0,0,0,0,0,0,0,0,0,0,0,0,0,0,0,0,13229.888,10339.712,8509.984,8122.848,6889.568,6811.104,6419.424,6291.168,6048.416,6383.84,7416.128,7624.736,8492.128,9100.256,10913.792,16010.784,25096.96,22560.416,15368.96,10433.632,6845.92,5090.56,4034.752,2770.176,1712.288,1238.112,789.696,678.944,558.208,464.8,483.008,417.248,441.536,459.488,470.016,428.832,398.272,421.6,381.184,388.064,381.376,354.528,415.2,389.792,337.344,316.544,234.624,172.224,122.528,62.464,52.352,31.904,18.496,22.208,19.808,9.472,4.896,1.664,3.488,0,0,0,0,0,0,0,0,0,0,0,0,0,0,0,0,0,0,0,0,0,0,0,0,0,0,0,0,0,0,0,0,0,0,0,0,3.756,5.341,6.025,6.756,8.416,9.009,10.959,12.431,14.372,16.11,19.538,25.957,30.677,38.031,44.396,57.534,90.826,152.836,147.931,108.369,78.901,55.429,43.836,36.965,26.898,17.91,13.914,9.724,9.119,8.262,7.669,8.152,7.81,8.651,9.31,9.76,9.336,9.378,9.466,8.754,8.288,7.69,6.592,7.022,6.294,5.349,4.805,3.649,2.601,1.826,0.901,0.742,0.437,0.245,0.287,0.252,0.118,0.06,0.02,0.041,0,0,0,0,0,0
2026-09-03 10:03:00,1,"Normal Scan","Normal Scan",0,"ON",1,1,1,737.3,5,19.5,97.9,53,0.0000000685915,0.0000181569,4.97,8954.6,8.8,736.5,1,"Up Scan","Positive",254,0,4.37,1.6,8,8,0,1,1,18.738,26.294,20.124,9.647,1.856,5736.36,48,20.6,NA,0,0,0,0,0,0,0,0,0,0,0,0,0,0,0,0,0,0,0,0,0,0,0,0,0,0,0,0,0,0,0,16319.2,13040.512,10382.208,8292.128,7349.76,7554.336,6963.328,7757.184,8122.24,8441.92,8245.792,8317.312,8114.016,7887.744,7353.344,7389.824,6994.368,6816.16,5799.552,4632.992,3447.712,2273.792,1448.384,952.416,778.24,550.048,496.416,441.632,356,383.168,350.496,397.312,402.336,376.16,396.032,398.56,410.88,385.152,384.128,356.352,379.68,338.752,333.152,366.016,346.4,283.84,218.656,166.08,152.672,77.312,47.136,27.712,23.072,7.392,18.208,3.168,3.264,5.12,3.488,3.392,0,0,0,0,0,0,0,0,0,0,0,0,0,0,0,0,0,0,0,0,0,0,0,0,0,0,0,0,0,0,0,0,0,0,0,4.763,6.636,7.585,8.296,8.551,9.637,12.194,13.483,17.718,21.577,25.644,28.342,32.08,34.942,37.487,38.316,41.839,42.789,44.837,40.956,35.074,27.872,19.711,13.506,9.558,8.422,6.581,6.449,6.263,5.708,6.373,6.537,7.409,7.958,7.993,8.646,8.795,8.996,8.839,8.837,7.752,7.32,6.565,5.921,6.004,5.353,4.374,3.326,2.504,2.184,1.108,0.711,0.39,0.321,0.096,0.233,0.039,0.04,0.06,0.041,0.04,0,0,0,0,0
2026-09-03 10:08:00,1,"Normal Scan","Normal Scan",0,"ON",1,1,1,737.4,5,19.6,97.9,53,0.0000000686214,0.0000181617,4.97,8954.6,8.8,736.5,1,"Up Scan","Positive",254,0,4.37,1.6,8,8,0,1,1,14.301,29.659,19.006,9.647,2.172,2704.98,49,20.6,NA,0,0,0,0,0,0,0,0,0,0,0,0,0,0,0,0,0,0,0,0,0,0,0,0,0,0,0,0,0,0,0,13893.792,8997.376,6453.92,5598.208,4540.416,3946.912,3222.496,3004,2648.256,2262.304,2063.2,2445.408,2651.136,2437.792,2160.032,2218.56,1955.52,1598.56,1308.896,1075.904,948.448,853.536,665.28,612.256,600.736,529.408,419.36,355.232,333.376,297.568,311.456,306.816,382.24,375.68,449.6,441.92,432.704,446.688,310.08,333.984,318.624,335.648,345.536,298.592,348,304.32,234.048,163.424,101.568,69.952,59.36,34.496,19.936,19.232,6.144,6.336,1.632,1.696,1.728,0,0,0,0,0,0,0,0,0,0,0,0,0,0,0,0,0,0,0,0,0,0,0,0,0,0,0,0,0,0,0,0,0,0,0,0,4.721,5.577,5.283,5.105,5.788,5.95,6.342,6.202,6.851,6.977,6.86,7.12,9.436,11.36,11.508,11.202,12.553,12.02,10.65,9.44,8.418,7.967,7.623,6.412,6.279,6.547,6.268,5.506,5.28,5.475,5.528,6.084,6.44,7.413,7.728,9.105,9.303,9.392,9.331,7.606,7.515,6.733,6.133,5.894,5.022,5.485,4.631,3.548,2.409,1.472,0.991,0.842,0.465,0.264,0.249,0.078,0.079,0.02,0.02,0.02,0,0,0,0,0,0
2026-09-03 10:13:00,1,"Normal Scan","Normal Scan",0,"ON",1,1,1,737.3,5,19.5,97.9,53,0.0000000685915,0.0000181569,4.97,8954.6,8.8,736.5,1,"Up Scan","Positive",254,0,4.37,1.6,8,8,0,1,1,22.607,28.158,22.14,9.647,1.832,7578.5,48,20.6,NA,0,0,0,0,0,0,0,0,0,0,0,0,0,0,0,0,0,0,0,0,0,0,0,0,0,0,0,0,0,0,0,17302.336,14205.344,10922.4,8838.08,7408.192,7526.464,7161.28,6127.488,5961.408,7505.568,10122.56,13135.296,15788.224,16231.328,15705.344,14510.688,13139.616,11044.096,7733.6,5404,4322.4,3420.256,2420.896,1765.44,1309.28,1209.248,921.92,834.656,733.664,669.6,548.8,557.632,608.384,658.08,616.32,639.328,609.152,558.528,530.112,513.024,448.96,444.192,479.072,367.84,412.352,304.64,255.36,186.112,118.752,96.288,52.256,32.288,37.856,17.728,9.184,17.376,4.896,5.024,1.728,0,0,0,0,0,0,0,0,0,0,0,0,0,0,0,0,0,0,0,0,0,0,0,0,0,0,0,0,0,0,0,0,0,0,0,0,4.868,7.034,8.293,8.71,9.187,9.683,12.161,13.905,14.083,16.025,23.145,35.155,50.957,67.809,76.526,80.974,81.599,80.124,72.651,54.745,41.211,35.378,29.862,22.652,17.756,14.205,13.838,11.625,11.527,11.014,10.701,10.148,10.421,11.707,12.619,12.382,12.903,12.78,11.584,11.242,10.323,8.684,8.11,8.039,6.174,6.444,4.823,3.849,2.783,1.812,1.393,0.732,0.435,0.501,0.23,0.116,0.216,0.06,0.06,0.02,0,0,0,0,0,0
2026-09-03 10:18:00,1,"Normal Scan","Normal Scan",0,"ON",1,1,1,737.6,5,19.8,98,52.6,0.000000068611,0.0000181713,4.97,8954.6,8.8,736.5,1,"Up Scan","Positive",254,0,4.37,1.6,8,8,0,1,1,15.681,23.969,17.831,9.647,1.86,6172.38,49,20.7,NA,0,0,0,0,0,0,0,0,0,0,0,0,0,0,0,0,0,0,0,0,0,0,0,0,0,0,0,0,0,0,0,22316.448,19202.4,13639.712,11806.432,10232.544,9562.016,9676.16,9828.544,10704,10964,10521.088,8672.032,6728.544,5526.464,4714.464,4148.672,3806.4,3361.024,2726.752,2292.224,1796.64,1478.528,1224.224,951.872,891.136,663.616,691.328,572.064,512.448,483.072,500.768,489.856,518.144,520.224,483.456,466.272,530.624,479.968,425.312,435.584,382.08,381.28,393.696,401.376,385.696,279.776,247.68,168.928,112,63.552,50.272,30.528,24.352,17.664,7.648,11.008,4.896,1.696,5.184,1.792,0,0,0,0,0,0,0,0,0,0,0,0,0,0,0,0,0,0,0,0,0,0,0,0,0,0,0,0,0,0,0,0,0,0,0,6.662,9.063,11.18,10.85,12.209,13.386,15.403,18.726,22.416,28.246,33.091,35.917,33.204,28.701,26.078,24.454,23.459,23.368,22.3,19.513,17.691,14.826,13.219,11.627,9.812,9.761,8.053,8.829,8.171,7.932,8.005,8.827,9.13,9.755,10.41,10.104,9.985,11.112,10.545,9.476,8.779,7.658,7.042,6.631,6.447,6.027,4.329,3.759,2.549,1.664,0.902,0.751,0.428,0.34,0.23,0.097,0.138,0.06,0.02,0.061,0.02,0.014,0,0,0,0
2026-09-03 10:23:00,1,"Normal Scan","Normal Scan",0,"ON",1,1,1,738.2,5,20.7,97.9,52.6,0.0000000689499,0.0000182145,4.97,8954.6,8.8,736.5,1,"Up Scan","Positive",254,0,4.37,1.6,8,8,0,1,1,15.545,24.979,18.394,9.647,1.915,6482.51,48,21,NA,0,0,0,0,0,0,0,0,0,0,0,0,0,0,0,0,0,0,0,0,0,0,0,0,0,0,0,0,0,0,0,25719.392,20739.136,15976.096,11737.056,10306.624,9316.16,8931.904,8391.744,7944.384,7970.848,7363.936,6901.6,7084.512,6838.688,6295.008,5973.76,5871.936,5503.296,4577.376,3477.088,2596.928,1877.76,1580.288,1243.136,1027.392,812.48,807.008,725.472,670.432,646.528,629.344,554.976,542.24,567.2,557.216,527.584,546.176,505.312,466.336,494.176,431.936,411.872,392.384,429.344,405.664,309.984,222.656,172.736,133.696,58.08,58.72,44.928,31.328,17.696,7.584,6.304,1.6,3.424,1.76,0,0,0,0,0,0,0,0,0,0,0,0,0,0,0,0,0,0,0,0,0,0,0,0,0,0,0,0,0,0,0,0,0,0,0,0,7.285,10.344,12.075,12.708,12.083,13.424,14.954,17.206,19.126,20.979,24.111,25.222,26.591,30.445,32.384,32.686,33.752,35.912,36.352,32.533,26.574,21.336,16.662,15.052,12.734,11.365,9.924,10.195,9.864,10.083,10.221,10.615,10.189,10.344,11.382,11.36,11.067,11.368,11.004,10.378,9.805,8.364,7.487,6.654,6.903,6.423,4.812,3.404,2.519,1.931,0.81,0.841,0.613,0.415,0.229,0.097,0.079,0.02,0.04,0.02,0,0,0,0,0,0
2026-09-03 10:28:00,1,"Normal Scan","Normal Scan",0,"ON",1,1,1,738,5,20.4,97.9,52.7,0.0000000688603,0.0000182001,4.97,8954.6,8.8,736.5,1,"Up Scan","Positive",254,0,4.37,1.6,8,8,0,1,1,14.761,22.228,17.28,9.647,1.797,8039.38,48,21,NA,0,0,0,0,0,0,0,0,0,0,0,0,0,0,0,0,0,0,0,0,0,0,0,0,0,0,0,0,0,0,0,30542.912,25746.56,21339.04,18241.696,14898.752,12843.552,12728.032,11593.536,10922.08,9981.6,9771.232,9589.728,8738.624,7338.432,6807.616,5867.136,5722.976,5364.96,4524.096,3902.048,3295.264,2772.512,2017.696,1505.312,1118.56,899.328,651.936,570.592,525.536,441.664,424.32,493.152,489.344,447.904,451.968,441.408,441.472,416.064,386.208,383.712,334.848,378.912,311.712,346.24,335.072,261.44,218.272,136.224,108.224,73.76,48.288,20.64,18.592,10.016,6.336,4.704,4.928,1.696,1.728,0,0,0,0,0,0,0,0,0,0,0,0,0,0,0,0,0,0,0,0,0,0,0,0,0,0,0,0,0,0,0,0,0,0,0,0,8.129,12.41,15,16.944,18.859,19.368,20.643,24.549,26.336,28.798,30.153,33.425,36.821,37.372,34.67,35.352,33.33,35.254,35.618,32.293,29.86,26.922,24.08,18.75,15.003,11.926,10.345,8.397,7.974,7.912,7.227,7.532,8.784,9.222,8.919,9.23,9.508,9.23,9.058,8.533,7.903,6.647,6.78,5.455,5.627,5.137,4.031,3.248,2.006,1.547,1.086,0.677,0.279,0.264,0.13,0.081,0.059,0.06,0.02,0.02,0,0.014,0,0,0,0
2026-09-03 10:33:00,1,"Normal Scan","Normal Scan",0,"ON",1,1,1,737.7,5,20,97.9,52.2,0.0000000687408,0.0000181809,4.97,8954.6,8.8,736.5,1,"Up Scan","Positive",254,0,4.37,1.6,8,8,0,1,1,15.911,24.14,18.197,9.647,1.868,5969.75,47,21,NA,0,0,0,0,0,0,0,0,0,0,0,0,0,0,0,0,0,0,0,0,0,0,0,0,0,0,0,0,0,0,0,25949.792,18006.592,14355.2,11116.992,8767.2,7406.176,6901.76,6908.672,6450.624,7073.696,7448.352,7659.68,7428.608,7374.496,7326.4,6414.816,5840.32,5076.064,4037.824,3245.44,2437.152,1839.936,1363.584,978.976,836.576,531.456,517.184,406.528,378.08,372.896,371.008,356.16,379.264,375.36,442.56,398.432,446.624,387.2,408.64,369.664,343.328,345.376,368.352,345.12,315.136,255.936,210.496,154.272,96.064,51.104,57.824,49.728,14.528,11.84,10.688,7.936,4.928,0,1.728,1.792,0,0,0,0,0,0,0,0,0,0,0,0,0,0,0,0,0,0,0,0,0,0,0,0,0,0,0,0,0,0,0,0,0,0,0,7.412,10.494,10.574,11.374,11.462,11.419,11.914,13.326,15.717,17.102,21.507,25.618,29.517,31.826,34.842,37.911,36.14,35.681,33.481,28.632,24.751,19.824,16.034,12.743,9.843,8.966,6.373,6.648,5.874,6,6.315,6.789,7.059,7.677,8.037,9.025,8.723,9.641,8.654,8.66,7.7,6.869,6.384,6.057,5.678,5.14,3.908,3.177,2.291,1.436,0.755,0.807,0.687,0.226,0.153,0.136,0.098,0.06,0,0.02,0.02,0.028,0,0,0,0
2026-09-03 10:38:00,1,"Normal Scan","Normal Scan",0,"ON",1,1,1,737.6,5,19.8,97.9,51.9,0.0000000686811,0.0000181713,4.97,8954.6,8.8,736.5,1,"Up Scan","Positive",254,0,4.37,1.6,8,8,0,1,1,14.025,25.932,18.448,9.647,2.013,5678.7,47,20.9,NA,0,0,0,0,0,0,0,0,0,0,0,0,0,0,0,0,0,0,0,0,0,0,0,0,0,0,0,0,0,0,0,27721.056,21440.608,16373.664,11878.464,9012.384,6483.328,5794.24,4898.24,4027.296,4106.784,4006.848,4188.064,4762.432,5605.056,5530.944,4784.928,4313.856,3720.032,3472.256,3355.968,3952.192,3688.928,2744.512,1891.104,1431.328,1179.616,1009.696,870.08,756.8,679.104,676.352,628.512,569.184,498.368,521.184,501.216,467.232,438.272,468.704,353.76,420.224,362.496,414.88,357.568,345.12,296,202.56,153.824,105.184,81.824,64.416,38.624,12.768,10.336,28.928,12.608,3.264,3.392,1.728,0,0,0,0,0,0,0,0,0,0,0,0,0,0,0,0,0,0,0,0,0,0,0,0,0,0,0,0,0,0,0,0,0,0,0,0,8.222,11.202,12.478,12.994,12.229,11.701,10.404,11.176,11.145,10.685,12.512,13.83,16.225,20.471,26.538,28.785,27.512,27.06,25.224,25.149,26.004,32.439,32.194,25.638,18.937,15.476,13.749,12.53,11.665,10.791,10.419,10.821,10.742,10.649,9.598,10.689,10.376,10.227,9.67,9.658,7.782,8.095,6.592,6.913,6.15,5.483,4.45,3.104,2.428,1.56,1.171,0.915,0.52,0.17,0.134,0.369,0.157,0.04,0.04,0.02,0,0,0,0,0,0
2026-09-03 10:43:00,1,"Normal Scan","Normal Scan",0,"ON",1,1,1,737.6,5,19.8,97.9,51.7,0.0000000686811,0.0000181713,4.97,8954.6,8.8,736.5,1,"Up Scan","Positive",254,0,4.37,1.6,8,8,0,1,1,14.507,24.221,17.886,9.647,1.908,6571.41,47,20.9,NA,0,0,0,0,0,0,0,0,0,0,0,0,0,0,0,0,0,0,0,0,0,0,0,0,0,0,0,0,0,0,0,26470.08,24519.104,19473.152,14505.536,10890.048,8174.048,7086.944,6494.688,6408.288,6185.536,6176.544,7110.688,7735.008,7577.28,7455.744,6577.088,5745.088,5055.168,3783.872,2947.488,2340.224,1921.376,1449.856,1207.328,1057.76,852.384,766.336,721.984,632.544,577.888,578.112,612.672,560.704,617.536,633.344,526.24,542.208,564.064,544.992,411.52,343.456,413.088,353.024,353.728,309.824,302.816,235.744,160.096,93.696,81.536,47.776,33.184,25.696,11.84,6.112,11.104,4.928,5.056,1.76,0,0,0,0,0,0,0,0,0,0,0,0,0,0,0,0,0,0,0,0,0,0,0,0,0,0,0,0,0,0,0,0,0,0,0,0,8.104,10.718,14.315,15.478,15.024,14.179,13.121,13.687,14.817,17.007,18.818,21.275,27.446,33.126,35.746,38.525,37.063,35.11,33.382,26.999,22.662,19.318,17.03,13.83,12.386,11.577,10.267,9.92,9.947,9.826,9.483,9.943,11.059,10.859,11.512,11.788,10.971,11.02,11.259,10.844,8.66,6.987,7.262,6.109,5.733,4.944,4.688,3.503,2.37,1.418,1.199,0.667,0.465,0.34,0.153,0.078,0.138,0.06,0.06,0.02,0,0,0,0,0,0
2026-09-03 10:48:00,1,"Normal Scan","Normal Scan",0,"ON",1,1,1,737.4,5,19.6,97.9,51.7,0.0000000686214,0.0000181617,4.97,8954.6,8.8,736.5,1,"Up Scan","Positive",254,0,4.37,1.6,8,8,0,1,1,12.707,24.908,17.163,9.647,2.008,4713.11,47,20.8,NA,0,0,0,0,0,0,0,0,0,0,0,0,0,0,0,0,0,0,0,0,0,0,0,0,0,0,0,0,0,0,0,22880.736,21283.328,16571.104,12142.016,8107.616,6085.536,4565.248,3811.264,3637.952,3427.808,3419.872,3668.512,3752.128,3809.408,3626.88,3443.456,3261.088,2606.656,2359.456,2014.048,1667.392,1477.44,1201.44,1065.216,866.752,673.888,535.008,421.088,413.088,426.688,470.624,437.92,508.576,498.4,490.496,458.656,469.376,484.256,417.504,414.464,400.768,398.304,376.768,398.4,340.448,293.44,247.232,158.56,109.952,67.744,56.16,29.024,21.76,20.768,7.648,1.6,6.496,11.84,0,0,0,0,0,0,0,0,0,0,0,0,0,0,0,0,0,0,0,0,0,0,0,0,0,0,0,0,0,0,0,0,0,0,0,0,0,6.198,9.286,12.461,13.151,12.512,10.525,9.738,8.803,8.695,9.652,10.41,11.774,14.168,16.084,18.041,18.849,19.52,20.077,17.401,16.995,15.602,13.841,13.022,11.293,10.718,9.478,8.065,7.088,6.458,6.661,7.253,8.301,8.349,9.527,10.118,10.166,9.972,10.172,10.482,9.081,8.564,8.024,7.148,6.377,6.482,5.344,4.553,3.781,2.323,1.649,1.009,0.824,0.39,0.34,0.268,0.097,0.02,0.08,0.141,0,0,0.041,0,0,0,0
2026-09-03 10:53:00,1,"Normal Scan","Normal Scan",0,"ON",1,1,1,738,5,20.4,97.9,51.3,0.0000000688603,0.0000182001,4.97,8954.6,8.8,736.5,1,"Up Scan","Positive",254,0,4.37,1.6,8,8,0,1,1,17.933,27.905,20.136,9.647,2.002,5182.17,47,21,NA,0,0,0,0,0,0,0,0,0,0,0,0,0,0,0,0,0,0,0,0,0,0,0,0,0,0,0,0,0,0,0,19419.36,16455.008,11065.856,8538.56,6864.48,5747.712,5298.4,4432.832,4564.032,5044.288,5520.192,6163.456,6152.096,6384.096,6265.248,6125.952,5685.152,5604.8,5144.256,4025.312,3050.88,2397.44,1576.48,1208.64,891.52,756.96,720.64,643.232,627.808,534.528,614.592,648.672,596.736,642.976,613.312,642.784,614.56,619.168,555.392,511.68,456.672,384.288,398.848,370.976,358.464,274.688,208.416,130.56,95.616,55.712,41.888,29.984,15.648,14.752,9.152,6.336,4.864,1.696,1.76,0,0,0,0,0,0,0,0,0,0,0,0,0,0,0,0,0,0,0,0,0,0,0,0,0,0,0,0,0,0,0,0,0,0,0,0,6.091,7.867,9.598,8.755,8.821,8.931,9.219,10.203,10.14,12.115,15.356,19.029,23.81,26.503,30.363,32.628,34.714,34.924,37.017,36.482,30.595,24.894,21.003,14.912,12.344,9.923,9.311,9.538,9.213,9.729,9.317,10.85,11.749,11.479,12.4,12.198,12.423,12.191,12.101,11.112,9.835,8.286,6.83,6.581,5.948,5.572,4.17,3.154,1.948,1.406,0.804,0.585,0.409,0.207,0.191,0.116,0.079,0.06,0.02,0.02,0,0,0,0,0,0
2026-09-03 10:58:00,1,"Normal Scan","Normal Scan",0,"ON",1,1,1,738.2,5,20.7,97.9,51.6,0.0000000689499,0.0000182145,4.97,8954.6,8.8,736.5,1,"Up Scan","Positive",254,0,4.37,1.6,8,8,0,1,1,20.109,27.451,21.142,9.647,1.875,5861.6,47,21.2,NA,0,0,0,0,0,0,0,0,0,0,0,0,0,0,0,0,0,0,0,0,0,0,0,0,0,0,0,0,0,0,0,17420.448,13085.568,9504.608,6313.12,5303.744,5565.696,7063.296,7316.8,7759.2,8478.72,8635.968,8448.416,8652.704,8276.352,8620.064,8075.424,7154.304,6820.672,6350.72,5243.104,4296.512,3131.072,2404.96,1845.184,1302.592,1015.104,760.608,645.344,578.464,528.384,435.52,441.504,449.824,493.76,474.432,476.992,476.32,399.072,387.776,358.24,331.616,344.96,334.72,358.016,298.4,246.208,203.52,153.216,96.768,64.736,52.448,37.184,15.968,13.248,6.08,3.2,6.528,10.144,1.728,1.728,0,0,0,0,0,0,0,0,0,0,0,0,0,0,0,0,0,0,0,0,0,0,0,0,0,0,0,0,0,0,0,0,0,0,0,5.897,6.984,7.567,7.574,6.496,6.92,8.998,13.655,16.706,20.552,25.749,29.648,32.577,37.147,39.318,44.809,45.797,43.969,45.212,45.191,39.921,34.986,27.177,22.302,18.291,13.881,11.551,9.449,8.832,8.518,8.545,7.867,7.993,8.555,9.566,9.396,9.721,9.876,8.845,8.212,7.465,6.782,6.219,5.63,5.883,4.77,3.809,3.086,2.24,1.435,0.972,0.786,0.501,0.245,0.172,0.078,0.039,0.08,0.121,0.02,0.02,0.014,0,0,0,0
2026-09-03 11:03:00,1,"Normal Scan","Normal Scan",0,"ON",1,1,1,737.9,5,20.2,97.9,51,0.0000000688006,0.0000181905,4.97,8954.6,8.8,736.5,1,"Up Scan","Positive",254,0,4.37,1.6,8,8,0,1,1,16.526,24.999,18.883,9.647,1.87,7877.94,45,21.1,NA,0,0,0,0,0,0,0,0,0,0,0,0,0,0,0,0,0,0,0,0,0,0,0,0,0,0,0,0,0,0,0,25552.032,21272.256,17073.504,14258.464,12753.312,12048.32,12052.352,11361.696,11932.128,10935.36,10023.648,9495.84,9270.272,8560.448,7644.608,7078.048,7120.928,6956.64,6371.776,5285.184,4065.952,2855.04,2138.72,1463.808,1181.632,868.768,740.256,650.912,641.408,730.016,788.512,878.08,862.048,837.024,640.928,563.712,549.472,487.456,407.36,404.32,393.408,390.624,404.352,369.728,400.928,365.152,259.328,205.344,158.784,102.752,75.296,43.52,24.8,29.344,21.664,6.336,11.456,16.896,10.432,1.792,0,0,0,0,0,0,0,0,0,0,0,0,0,0,0,0,0,0,0,0,0,0,0,0,0,0,0,0,0,0,0,0,0,0,0,7.337,10.406,12.411,13.551,14.725,16.625,19.404,23.286,25.889,31.463,33.054,34.365,36.581,39.761,40.621,39.864,40.262,43.714,45.99,45.177,40.151,33.063,24.858,19.992,14.875,13.156,10.926,10.243,9.982,10.221,11.257,12.686,14.157,14.316,14.689,12.166,11.643,11.631,10.539,9.818,9.122,8.114,7.431,7.179,6.46,6.393,5.693,4.166,3.096,2.353,1.571,1.196,0.625,0.396,0.379,0.276,0.079,0.139,0.201,0.122,0.02,0.056,0,0,0,0
2026-09-03 11:08:00,1,"Normal Scan","Normal Scan",0,"ON",1,1,1,737.7,5,20,97.9,50.5,0.0000000687408,0.0000181809,4.97,8954.6,8.8,736.5,1,"Up Scan","Positive",254,0,4.37,1.6,8,8,0,1,1,14.978,21.918,17.303,9.647,1.776,9090.89,45,21,NA,0,0,0,0,0,0,0,0,0,0,0,0,0,0,0,0,0,0,0,0,0,0,0,0,0,0,0,0,0,0,0,35392.896,30787.648,24412.8,18911.68,15008.576,13467.936,12509.888,11926.976,12247.104,11585.024,11220.288,10432.8,10078.848,9551.872,8939.136,8733.76,7909.056,6508.192,5549.888,4482.4,3583.136,2730.336,2030.56,1544.16,1105.056,940.16,738.944,577.632,541.92,512,462.176,444.896,425.568,465.184,462.464,413.888,452.576,388.608,408.928,382.592,401.984,363.968,346.496,345.12,300.608,247.36,207.744,128.384,98.336,77.952,50.24,22.272,14.464,11.776,12.192,1.568,1.632,3.36,5.216,0,0,0,0,0,0,0,0,0,0,0,0,0,0,0,0,0,0,0,0,0,0,0,0,0,0,0,0,0,0,0,0,0,0,0,0,8.573,14.401,17.92,19.373,19.556,19.603,21.633,24.199,27.174,32.371,35.065,38.472,40.205,43.187,45.14,46.346,49.374,48.376,43.022,39.453,34.182,29.261,23.796,18.897,15.371,11.92,10.837,9.186,8.048,7.991,8.21,7.907,8.233,8.395,9.241,9.601,8.96,9.568,8.694,8.483,7.85,7.566,6.423,5.999,5.666,4.65,3.775,3.137,1.943,1.398,1.119,0.732,0.316,0.207,0.153,0.155,0.02,0.02,0.04,0.061,0,0.014,0,0,0,0
2026-09-03 11:13:00,1,"Normal Scan","Normal Scan",0,"ON",1,1,1,737.6,5,19.9,97.9,50.2,0.000000068711,0.0000181761,4.97,8954.6,8.8,736.5,1,"Up Scan","Positive",254,0,4.37,1.6,8,8,0,1,1,13.979,21.089,16.641,9.647,1.755,8656.81,46,21,NA,0,0,0,0,0,0,0,0,0,0,0,0,0,0,0,0,0,0,0,0,0,0,0,0,0,0,0,0,0,0,0,31491.648,28242.112,25936.8,23061.984,19136.576,16690.24,14952.032,12789.312,11116.896,9380.288,8614.176,7854.72,7215.552,6647.648,6624.032,6989.152,6677.888,5846.144,4949.824,4149.024,3151.616,2420.32,1743.488,1419.104,1057.408,717.92,573.568,421.088,400.32,397.504,371.104,308.576,367.168,398.72,366.112,406.592,437.056,397.952,372.064,398.848,330.272,346.432,312.832,345.28,323.616,246.304,197.92,147.488,103.168,54.752,45.696,27.776,14.24,10.336,9.184,3.168,1.632,0,5.216,0,0,0,0,0,0,0,0,0,0,0,0,0,0,0,0,0,0,0,0,0,0,0,0,0,0,0,0,0,0,0,0,0,0,0,0,8.483,12.821,16.575,20.57,23.787,24.95,26.799,28.773,29.074,29.299,28.36,29.603,30.266,31.021,31.558,34.499,39.555,40.919,38.671,35.227,31.625,25.65,21.021,16.117,14.015,11.226,8.288,7.155,5.98,6.244,6.537,6.813,6.434,7.404,8.274,7.975,8.813,9.07,8.855,8.235,7.871,6.66,6.208,5.288,5.596,5.028,3.731,2.957,2.205,1.482,0.774,0.659,0.39,0.189,0.134,0.116,0.039,0.02,0,0.061,0,0,0,0,0,0
2026-09-03 11:18:00,1,"Normal Scan","Normal Scan",0,"ON",1,1,1,737.8,5,20.1,97.9,50.2,0.0000000687707,0.0000181857,4.97,8954.6,8.8,736.5,1,"Up Scan","Positive",254,0,4.37,1.6,8,8,0,1,1,15.517,22.354,17.622,9.647,1.771,8752.79,47,21,NA,0,0,0,0,0,0,0,0,0,0,0,0,0,0,0,0,0,0,0,0,0,0,0,0,0,0,0,0,0,0,0,29159.904,24233.824,22071.584,18792.224,14838.112,14376.352,15081.92,15910.88,14079.296,12353.152,11359.424,9980.8,9176.896,8250.528,7794.592,7571.808,7021.696,6440.48,5808.448,4838.752,3798.624,2766.08,1961.088,1494.656,975.136,768.672,671.84,542.88,454.592,379.712,419.968,393.44,433.696,453.312,470.624,486.752,438.272,479.968,410.112,404.864,328.16,346.88,384.224,373.536,326.752,283.232,225.952,176.192,109.056,58.592,42.848,29.728,17.184,14.72,10.656,4.128,3.872,1.696,7.008,0,0,0,0,0,0,0,0,0,0,0,0,0,0,0,0,0,0,0,0,0,0,0,0,0,0,0,0,0,0,0,0,0,0,0,0,7.663,11.85,14.166,17.573,19.398,19.375,23.192,29.079,36.217,37.104,37.259,38.855,38.347,39.347,39.092,40.573,42.917,43.059,42.548,41.239,36.776,30.835,24.02,18.215,14.791,10.428,8.969,8.406,7.51,7.129,6.779,7.539,7.711,8.581,9.293,9.462,9.969,9.725,10.196,8.965,8.201,6.833,6.431,6.474,5.964,5.12,4.311,3.429,2.616,1.576,0.846,0.622,0.427,0.226,0.191,0.136,0.052,0.047,0.02,0.081,0,0,0,0,0,0
2026-09-03 11:23:00,1,"Normal Scan","Normal Scan",0,"ON",1,1,1,737.9,5,20.3,97.9,50.5,0.0000000688304,0.0000181953,4.97,8954.6,8.8,736.5,1,"Up Scan","Positive",254,0,4.37,1.6,8,8,0,1,1,14.692,24.336,18.239,9.647,1.891,6618.97,47,21.1,NA,0,0,0,0,0,0,0,0,0,0,0,0,0,0,0,0,0,0,0,0,0,0,0,0,0,0,0,0,0,0,0,23407.712,19338.272,19002.784,16086.464,13728.032,11248.8,9393.216,6810.208,5824.992,6096.48,6111.104,5859.168,5900.256,6589.184,6711.968,6769.024,6137.952,5849.856,5199.424,4214.272,3283.744,2501.696,1952.544,1537.216,1297.408,939.2,799.424,593.184,532.352,459.04,514.976,482.336,550.56,476.256,547.424,542.88,437.536,450.368,432.576,418.336,390.4,353.632,401.216,390.176,338.24,278.4,210.752,141.184,91.84,74.56,36.128,29.216,17.216,13.28,7.648,3.168,0,0,1.76,0,0,0,0,0,0,0,0,0,0,0,0,0,0,0,0,0,0,0,0,0,0,0,0,0,0,0,0,0,0,0,0,0,0,0,0,6.673,9.437,11.432,15.083,16.603,17.857,18.012,18.056,15.44,15.434,18.542,21.067,22.675,25.483,31.329,34.932,38.346,37.694,38.741,37.023,32.268,26.87,21.901,18.235,15.3,13.763,10.927,10.053,8.378,8.166,7.921,8.861,8.819,10.134,9.779,10.784,10.862,9.752,9.786,9.235,8.58,7.319,6.369,6.667,6.155,5.286,4.214,3.157,2.092,1.337,1.036,0.494,0.409,0.245,0.172,0.097,0.039,0,0,0.02,0,0.014,0,0,0,0
2026-09-03 11:28:00,1,"Normal Scan","Normal Scan",0,"ON",1,1,1,738,5,20.4,97.9,50.6,0.0000000688603,0.0000182001,4.97,8954.6,8.8,736.5,1,"Up Scan","Positive",254,0,4.37,1.6,8,8,0,1,1,16.009,27.389,19.244,9.647,2.005,5067.34,47,21.2,NA,0,0,0,0,0,0,0,0,0,0,0,0,0,0,0,0,0,0,0,0,0,0,0,0,0,0,0,0,0,0,0,17813.024,15053.92,11058.368,9849.248,8367.04,7918.656,7297.888,7126.816,6705.6,6832.544,6423.776,5669.44,4622.848,4272.128,4254.496,4205.152,4293.408,3932.864,3666.208,3090.88,2597.152,1864.608,1550.432,1194.272,972.608,760.192,586.4,482.048,407.968,321.6,296.384,385.888,477.44,585.952,603.392,591.744,757.376,655.2,579.616,529.984,543.808,531.744,492.288,404.896,439.776,318.528,225.632,180.832,136.064,83.52,42.016,31.264,35.808,10.272,7.584,9.472,4.928,0,1.76,0,0,0,0,0,0,0,0,0,0,0,0,0,0,0,0,0,0,0,0,0,0,0,0,0,0,0,0,0,0,0,0,0,0,0,0,5.405,7.208,8.801,8.773,10.193,10.911,12.701,14.062,16.215,17.694,20.648,21.974,21.785,19.841,20.357,22.204,23.968,26.381,26.127,26.149,23.698,21.264,16.326,14.46,11.861,10.35,8.613,7.651,7.335,7.071,6.552,7.161,8.903,10.182,11.903,12.753,12.778,14.911,13.268,12.228,10.267,9.926,9.383,8.16,6.556,6.816,5.003,3.369,2.63,2.014,1.188,0.585,0.427,0.49,0.134,0.097,0.118,0.06,0,0.02,0,0.014,0,0,0,0
2026-09-03 11:33:00,1,"Normal Scan","Normal Scan",0,"ON",1,1,1,738.1,5,20.5,97.9,50.6,0.0000000688902,0.0000182049,4.97,8954.6,8.8,736.5,1,"Up Scan","Positive",254,0,4.37,1.6,8,8,0,1,1,12.941,23.405,16.667,9.647,1.932,5829.64,47,21.3,NA,0,0,0,0,0,0,0,0,0,0,0,0,0,0,0,0,0,0,0,0,0,0,0,0,0,0,0,0,0,0,0,26748.096,25762.144,19153.44,15183.168,11364.544,9401.856,7557.664,6172.512,5480.288,5113.152,5067.264,4985.248,4580.192,4338.4,4002.08,3558.848,3389.184,3005.12,2446.752,1919.456,1537.472,1249.504,1158.432,981.536,885.856,796.576,687.744,662.432,546.656,561.472,449.92,490.816,556.576,601.696,627.968,579.2,552.864,513.44,482.336,433.6,433.6,427.264,407.264,378.24,352.064,273.824,213.152,148.896,107.968,78.72,35.584,32.448,25.696,19.2,7.648,9.504,1.632,5.12,3.52,1.792,0,0,0,0,0,0,0,0,0,0,0,0,0,0,0,0,0,0,0,0,0,0,0,0,0,0,0,0,0,0,0,0,0,0,0,8.532,10.792,15.085,15.168,15.634,14.766,15.047,14.549,14.034,14.458,15.48,17.321,19.176,19.621,20.47,20.715,20.103,20.761,19.959,17.542,14.898,12.873,11.228,11.209,10.099,9.793,9.426,8.879,9.304,8.776,9.25,8.543,9.428,10.556,11.458,12.282,11.707,11.422,10.757,10.137,8.657,8.064,7.557,6.902,6.1,5.508,4.244,3.291,2.22,1.579,1.114,0.549,0.464,0.339,0.249,0.097,0.118,0.02,0.06,0.041,0.02,0,0,0,0,0
2026-09-03 11:38:00,1,"Normal Scan","Normal Scan",0,"ON",1,1,1,738.2,5,20.6,97.9,50.6,0.00000006892,0.0000182097,4.97,8954.6,8.8,736.5,1,"Up Scan","Positive",254,0,4.37,1.6,8,8,0,1,1,15.796,24.877,18.821,9.647,1.887,6851.9,47,21.3,NA,0,0,0,0,0,0,0,0,0,0,0,0,0,0,0,0,0,0,0,0,0,0,0,0,0,0,0,0,0,0,0,22693.216,20117.888,18297.856,15711.296,12005.952,10395.616,8091.104,6890.528,6256.832,6190.144,6129.248,6194.112,7798.816,8757.6,9034.464,8169.312,7628.96,6415.008,5281.92,4190.208,3455.296,2682.432,2036.576,1791.936,1452.416,1166.784,944.256,803.072,645.632,572.64,491.168,513.248,483.808,508.192,484.672,526.304,490.944,383.936,374.144,382.176,397.792,358.176,357.504,384.512,347.904,261.76,233.568,149.408,128.704,80,50.912,33.024,7.232,11.776,9.216,3.136,1.6,5.024,0,0,0,0,0,0,0,0,0,0,0,0,0,0,0,0,0,0,0,0,0,0,0,0,0,0,0,0,0,0,0,0,0,0,0,0,0,6.777,9.225,11.761,14.464,16.172,15.611,16.655,15.613,15.704,16.589,18.863,21.19,24.075,33.564,41.398,46.738,46.117,46.688,42.436,37.75,32.19,28.418,23.577,19.192,17.898,15.451,13.202,11.653,10.691,9.429,9.015,8.764,9.028,8.986,9.897,9.978,10.621,10.318,8.856,8.713,7.692,7.876,6.472,6.237,6.264,5.436,3.929,3.447,2.233,1.849,1.146,0.709,0.446,0.113,0.153,0.116,0.039,0.02,0.06,0,0,0.014,0,0,0,0
2026-09-03 11:43:00,1,"Normal Scan","Normal Scan",0,"ON",1,1,1,738.2,5,20.7,97.9,50.5,0.0000000689499,0.0000182145,4.97,8954.6,8.8,736.5,1,"Up Scan","Positive",254,0,4.37,1.6,8,8,0,1,1,14.121,24.065,17.93,10.366,1.898,6608.1,47,21.4,NA,0,0,0,0,0,0,0,0,0,0,0,0,0,0,0,0,0,0,0,0,0,0,0,0,0,0,0,0,0,0,0,22875.936,22925.536,19994.176,17560.384,13778.24,11004.704,8269.664,6458.816,5827.904,5726.4,5409.824,5797.408,5791.2,5652.704,5403.2,5797.152,6169.44,5735.168,5089.504,4582.112,3446.816,2581.344,1854.304,1495.936,1166.528,1003.456,790.336,698.688,606.048,477.184,458.432,497.472,495.648,520.384,489.504,564.064,464.16,458.272,400.928,360.096,375.776,367.904,382.528,381.504,342.528,280.704,197.664,152.992,114.4,56.864,57.6,19.712,18.688,7.36,10.624,6.336,1.6,3.424,1.728,0,0,0,0,0,0,0,0,0,0,0,0,0,0,0,0,0,0,0,0,0,0,0,0,0,0,0,0,0,0,0,0,0,0,0,0,6.626,9.224,13.383,15.863,18.082,17.926,17.659,15.902,14.675,15.39,17.344,18.643,22.471,24.981,26.974,28.318,33.031,37.923,37.961,36.259,34.912,28.212,22.611,17.435,15.017,12.456,11.521,9.936,9.512,9.012,8.056,8.306,9.028,9.245,10.036,9.907,11.221,9.924,10.041,8.768,7.635,7.144,6.713,6.43,6.149,5.296,4.261,2.958,2.254,1.696,0.792,0.836,0.265,0.264,0.096,0.136,0.079,0.02,0.04,0.02,0,0.014,0,0,0,0
2026-09-03 11:48:00,1,"Normal Scan","Normal Scan",0,"ON",1,1,1,738.3,5,20.8,97.9,50.3,0.0000000689798,0.0000182193,4.97,8954.6,8.8,736.5,1,"Up Scan","Positive",254,0,4.37,1.6,8,8,0,1,1,13.317,20.841,16.069,9.647,1.78,8827.1,46,21.5,NA,0,0,0,0,0,0,0,0,0,0,0,0,0,0,0,0,0,0,0,0,0,0,0,0,0,0,0,0,0,0,0,37812.16,32051.392,27792.512,23362.592,20824.16,19635.392,15687.136,12572.224,9683.936,8628.256,7592.096,6990.912,6497.056,6037.632,5657.216,5319.136,4776.896,4236.576,3667.264,3141.568,2632.192,2242.208,1819.104,1486.08,1218.208,1070.048,872.096,652.96,534.752,420.576,416.032,438.976,462.304,484.48,514.368,482.016,523.168,481.728,468.576,410.272,415.712,413.536,407.872,354.912,334.976,273.344,214.4,118.912,119.776,73.856,56.288,30.56,19.936,17.696,6.112,6.272,3.264,1.696,0,1.792,0,0,0,0,0,0,0,0,0,0,0,0,0,0,0,0,0,0,0,0,0,0,0,0,0,0,0,0,0,0,0,0,0,0,0,10.553,15.299,18.75,22.125,24.158,27.127,31.482,30.113,28.463,25.485,26.043,26.016,26.85,27.778,28.516,29.358,30.111,29.445,28.241,26.33,24.23,21.783,19.8,17.037,14.805,12.887,12.116,10.726,8.975,8.028,7.387,7.743,8.529,9.229,9.742,10.534,10.296,11.008,10.136,9.706,8.401,7.764,7.254,6.9,5.859,5.237,4.182,3.238,1.8,1.718,1.044,0.786,0.427,0.264,0.229,0.078,0.079,0.04,0.02,0,0.02,0,0,0,0,0
2026-09-03 11:53:00,1,"Normal Scan","Normal Scan",0,"ON",1,1,1,738.4,5,20.9,97.9,50.3,0.0000000690097,0.0000182241,4.97,8954.6,8.8,736.5,1,"Up Scan","Positive",254,0,4.37,1.6,8,8,0,1,1,13.366,21.243,16.212,9.647,1.797,8004.27,47,21.6,NA,0,0,0,0,0,0,0,0,0,0,0,0,0,0,0,0,0,0,0,0,0,0,0,0,0,0,0,0,0,0,0,34183.648,31313.728,24434.24,20884.352,16925.344,14621.824,12644.992,11184.8,10471.328,8981.888,7599.072,6909.248,6093.152,6059.936,6146.912,5545.44,4725.664,4014.528,3161.184,2416,2055.584,1676.032,1277.76,1071.872,947.872,810.176,724.576,596.96,545.6,481.728,442.4,455.904,493.792,504.416,518.432,498.528,536.992,432.288,409.504,417.568,381.76,406.016,405.184,412.704,369.664,284.32,221.632,161.92,82.016,79.744,36,35.904,15.648,11.808,9.152,4.704,1.664,0,1.728,0,0,0,0,0,0,0,0,0,0,0,0,0,0,0,0,0,0,0,0,0,0,0,0,0,0,0,0,0,0,0,0,0,0,0,0,10.378,13.818,18.341,19.369,21.496,21.997,23.426,24.28,25.366,27.599,27.125,25.999,26.537,26.084,28.598,31.723,31.25,28.907,26.554,22.551,18.641,17.008,14.894,12.125,10.955,10.305,9.458,9.158,8.315,8.361,8.033,8.128,8.644,9.486,9.911,10.525,10.499,11.196,9.878,9.041,8.557,7.402,7.095,6.662,6.693,5.743,4.299,3.317,2.395,1.169,1.118,0.509,0.483,0.207,0.153,0.116,0.059,0.02,0,0.02,0,0,0,0,0,0
2026-09-03 11:58:00,1,"Normal Scan","Normal Scan",0,"ON",1,1,1,738.4,5,20.9,97.9,50,0.0000000690097,0.0000182241,4.97,8954.6,8.8,736.5,1,"Up Scan","Positive",254,0,4.37,1.6,8,8,0,1,1,14.152,23.33,17.349,9.647,1.877,6998.84,45,21.6,NA,0,0,0,0,0,0,0,0,0,0,0,0,0,0,0,0,0,0,0,0,0,0,0,0,0,0,0,0,0,0,0,30265.76,25879.456,20511.808,15346.4,11891.136,9965.696,8596.16,8337.92,7776.672,7554.336,7568.576,6978.688,6683.392,6330.976,6499.84,6451.424,5681.408,5044.544,4108.192,3403.488,2742.944,1866.336,1386.304,1082.048,920.672,793.728,729.536,660.352,503.52,461.664,449.984,423.072,473.76,515.392,518.464,483.296,518.208,481.76,444.928,480.256,460.864,447.424,436.128,407.424,371.296,331.488,227.616,160.896,106.528,64.352,43.072,26.112,22.88,17.728,10.688,7.968,4.896,1.696,1.728,0,0,0,0,0,0,0,0,0,0,0,0,0,0,0,0,0,0,0,0,0,0,0,0,0,0,0,0,0,0,0,0,0,0,0,0,8.45,12.223,15.135,16.232,15.82,15.43,15.967,16.567,18.972,20.504,22.887,25.953,26.882,28.671,29.976,33.704,36.441,34.711,33.251,29.188,25.981,22.444,16.492,13.199,10.974,9.961,9.312,9.189,9.044,7.885,7.767,8.257,8.362,9.353,10.583,11.004,10.659,11.207,10.585,9.653,9.745,8.585,7.818,7.285,6.45,5.765,5.068,3.468,2.36,1.603,0.928,0.611,0.353,0.32,0.229,0.136,0.098,0.06,0.02,0.02,0,0.014,0,0,0,0
2026-09-03 12:03:00,1,"Normal Scan","Normal Scan",0,"ON",1,1,1,738.3,5,20.8,97.9,49.6,0.0000000689798,0.0000182193,4.97,8954.6,8.8,736.5,1,"Up Scan","Positive",254,0,4.37,1.6,8,8,0,1,1,14.945,26.54,18.548,9.647,2.009,6279.19,45,21.6,NA,0,0,0,0,0,0,0,0,0,0,0,0,0,0,0,0,0,0,0,0,0,0,0,0,0,0,0,0,0,0,0,24676.544,22078.496,17846.56,13787.296,10160.608,7970.016,6974.688,6672.608,6778.464,6527.52,6550.688,7015.424,7003.008,6709.536,6280.8,5853.216,5378.752,4507.488,3045.472,2389.6,2159.04,1730.208,1335.2,1158.048,1026.4,931.52,834.08,859.168,809.248,846.656,856.704,851.392,675.968,588.672,549.28,612.896,706.336,753.216,787.264,716.512,587.392,559.04,537.12,533.12,472.384,350.176,262.976,208.32,112.544,102.72,64.832,46.752,19.232,32.576,13.728,9.472,9.76,8.512,3.488,5.344,0,0,0,0,0,0,0,0,0,0,0,0,0,0,0,0,0,0,0,0,0,0,0,0,0,0,0,0,0,0,0,0,0,0,0,6.269,9.995,12.914,14.168,14.207,13.227,12.842,13.472,15.224,17.919,19.766,22.485,27.02,29.99,31.582,32.396,32.998,32.883,29.77,21.813,18.489,17.952,15.481,13.004,12.236,11.757,11.579,11.108,11.834,11.765,13.107,14.312,15.083,14.005,13.017,12.501,13.406,14.696,15.49,15.377,13.463,11.13,9.669,9.147,8.573,7.461,5.368,4.15,3.129,1.743,1.486,0.969,0.668,0.339,0.421,0.174,0.118,0.119,0.101,0.041,0.061,0.056,0,0,0,0
2026-09-03 12:08:00,1,"Normal Scan","Normal Scan",0,"ON",1,1,1,738.1,5,20.5,97.9,49.5,0.0000000688902,0.0000182049,4.97,8954.6,8.8,736.5,1,"Up Scan","Positive",254,0,4.37,1.6,8,8,0,1,1,16.982,24.38,18.813,9.647,1.837,8088.61,46,21.6,NA,0,0,0,0,0,0,0,0,0,0,0,0,0,0,0,0,0,0,0,0,0,0,0,0,0,0,0,0,0,0,0,24902.72,22365.568,20927.136,15661.44,12382.656,10115.808,9599.968,9668.224,11067.008,10635.968,10794.336,10799.584,10833.408,10209.216,9985.44,9354.56,7802.816,6744.096,5787.744,4888.736,4184.608,3131.04,2325.856,1596.992,1231.84,941.024,789.504,697.696,577.92,507.36,447.904,583.232,544,600.512,543.136,558.56,482.464,467.648,511.872,425.92,446.912,469.952,449.92,433.248,369.728,301.184,238.496,145.472,96.416,67.68,45.504,27.84,20.064,22.176,9.12,7.872,4.928,0,1.76,1.792,0,0,0,0,0,0,0,0,0,0,0,0,0,0,0,0,0,0,0,0,0,0,0,0,0,0,0,0,0,0,0,0,0,0,0,6.972,10.034,13.034,16.678,16.15,16.12,16.326,18.589,22.071,29.293,32.258,37.058,41.534,46.326,48.208,51.694,52.856,47.878,44.669,41.135,37.292,34.056,27.232,21.647,15.922,13.194,10.957,10.103,9.707,8.83,8.576,8.294,10.312,10.553,11.579,11.191,11.793,10.85,10.372,10.528,8.871,8.435,8.139,7.434,6.85,5.757,4.596,3.657,2.181,1.421,0.972,0.622,0.409,0.283,0.287,0.116,0.098,0.06,0,0.02,0.02,0.014,0,0,0,0
2026-09-03 12:13:00,1,"Normal Scan","Normal Scan",0,"ON",1,1,1,737.9,5,20.3,97.9,49.6,0.0000000688304,0.0000181953,4.97,8954.6,8.8,736.5,1,"Up Scan","Positive",254,0,4.37,1.6,8,8,0,1,1,16.208,26.13,19.446,9.647,1.944,7293.3,47,21.5,NA,0,0,0,0,0,0,0,0,0,0,0,0,0,0,0,0,0,0,0,0,0,0,0,0,0,0,0,0,0,0,0,23006.784,21705.312,20884.8,17109.76,12411.68,9284.256,7487.584,6913.024,6664.576,7354.08,7252.736,7096.704,7000.192,6647.072,6759.424,7294.272,7014.656,6269.984,6417.536,6086.08,5136.416,4365.44,3619.328,2867.008,2152.704,1802.08,1361.056,1095.072,836.288,706.208,677.312,614.752,658.048,652.288,542.624,519.84,531.68,503.488,471.104,487.872,469.536,439.872,445.856,387.104,362.912,318.848,213.728,149.664,120.864,73.152,52.288,30.016,18.24,10.24,9.184,7.872,8.224,1.696,1.728,3.584,0,0,0,0,0,0,0,0,0,0,0,0,0,0,0,0,0,0,0,0,0,0,0,0,0,0,0,0,0,0,0,0,0,0,0,5.842,9.349,12.707,16.595,17.652,16.177,14.894,14.445,15.72,17.673,22.313,24.965,27.435,30.135,31.765,35.526,41.715,43.55,42.147,46.214,46.832,42.265,38.261,33.671,28.274,22.73,20.15,16.45,14.549,12.058,10.822,11.096,11.081,11.991,12.413,11.268,11.163,11.355,10.739,10.033,9.733,8.548,7.965,7.375,6.355,5.656,4.885,3.173,2.269,1.757,1.095,0.732,0.437,0.258,0.134,0.116,0.098,0.099,0.02,0.02,0.04,0.014,0,0,0,0
2026-09-03 12:18:00,1,"Normal Scan","Normal Scan",0,"ON",1,1,1,737.9,5,20.3,97.9,49.9,0.0000000688304,0.0000181953,4.97,8954.6,8.8,736.5,1,"Up Scan","Positive",254,0,4.37,1.6,8,8,0,1,1,13.166,24.103,17.058,10.366,1.948,6239.03,46,21.5,NA,0,0,0,0,0,0,0,0,0,0,0,0,0,0,0,0,0,0,0,0,0,0,0,0,0,0,0,0,0,0,0,22613.696,23038.528,22023.232,18997.376,16280.352,12437.888,9041.28,7074.496,5812.448,4811.04,4436.896,3943.808,3825.152,3900.928,3700.256,3781.152,3698.208,3610.208,3566.816,2846.752,2192.768,1792,1410.528,1153.696,924.416,855.168,745.536,646.56,591.456,560.8,567.52,574.176,617.248,662.432,585.152,657.696,658.144,576.928,549.952,526.656,555.36,424.448,443.904,413.184,392.352,331.712,218.432,164.896,139.616,106.336,57.6,42.784,18.72,20.544,15.232,7.904,3.264,2.56,0.832,0,0,0,0,0,0,0,0,0,0,0,0,0,0,0,0,0,0,0,0,0,0,0,0,0,0,0,0,0,0,0,0,0,0,0,0,5.656,9.2,13.549,17.528,19.648,21.172,19.936,17.369,16.028,15.311,14.533,15.231,15.236,16.516,18.614,19.356,21.508,22.798,24.004,25.43,21.831,18.151,15.883,13.443,11.774,10.267,10.174,9.727,9.444,9.251,9.481,10.402,10.988,11.803,12.797,12.446,13.082,13.252,12.087,11.466,10.52,10.109,7.672,7.768,6.812,6.186,5.055,3.331,2.491,2.039,1.513,0.805,0.576,0.264,0.268,0.194,0.098,0.04,0.03,0.01,0,0.014,0,0,0,0
2026-09-03 12:23:00,1,"Normal Scan","Normal Scan",0,"ON",1,1,1,738,5,20.4,97.9,50.1,0.0000000688603,0.0000182001,4.97,8954.6,8.8,736.5,1,"Up Scan","Positive",254,0,4.37,1.6,8,8,0,1,1,14.961,23.377,17.943,10.366,1.828,8422.1,46,21.5,NA,0,0,0,0,0,0,0,0,0,0,0,0,0,0,0,0,0,0,0,0,0,0,0,0,0,0,0,0,0,0,0,23917.696,25697.024,24378.88,22039.936,17658.016,14553.504,11207.744,9434.016,8206.784,8453.088,9709.408,10244.224,10316.416,10140.96,9696.672,8653.792,7547.072,6222.016,5135.52,4093.536,3088.544,2260.704,1799.552,1381.024,1131.168,974.496,926.688,772.768,635.2,651.488,548.352,603.968,609.728,578.848,576.416,473.056,570.24,469.248,547.68,446.816,469.952,444.032,415.744,378.912,369.696,303.872,244.704,163.712,119.424,76.64,72.704,32.928,22.688,16.256,10.688,6.272,3.232,1.696,1.76,0,0,0,0,0,0,0,0,0,0,0,0,0,0,0,0,0,0,0,0,0,0,0,0,0,0,0,0,0,0,0,0,0,0,0,0,6.891,9.684,15.085,19.46,22.785,22.96,23.302,21.598,21.511,21.786,25.736,33.349,39.406,44.134,47.824,50.103,48.753,46.056,41.059,36.504,31.292,25.359,20.006,17.004,14.067,12.388,11.424,11.675,10.625,9.627,10.264,9.514,10.785,11.489,11.369,11.714,10.53,11.832,10.251,11.12,9.414,8.751,8.014,7.011,6.339,5.778,4.643,3.689,2.46,1.724,1.068,1.012,0.459,0.302,0.21,0.136,0.079,0.04,0.02,0.02,0,0,0,0,0,0
2026-09-03 12:28:00,1,"Normal Scan","Normal Scan",0,"ON",1,1,1,737.9,5,20.3,97.9,50.3,0.0000000688304,0.0000181953,4.97,8954.6,8.8,736.5,1,"Up Scan","Positive",254,0,4.37,1.6,8,8,0,1,1,16.866,25.264,19.415,10.366,1.861,9330.15,46,21.5,NA,0,0,0,0,0,0,0,0,0,0,0,0,0,0,0,0,0,0,0,0,0,0,0,0,0,0,0,0,0,0,0,22849.92,24294.144,23211.808,20679.808,18861.92,14743.264,11653.312,10597.856,9619.392,9117.28,9335.168,9708.16,10199.936,11625.216,12122.176,11671.008,11075.936,9940.448,8483.328,7174.56,5889.76,4144.64,2967.072,2104.16,1651.776,1384.192,1293.056,1003.104,793.92,602.848,608.096,585.44,581.568,643.168,688.288,648.832,644.416,597.024,557.408,504.128,516.128,555.648,490.72,476.864,430.528,339.776,282.432,190.912,150.592,112.928,61.408,34.688,24.672,17.76,10.688,4.736,0,3.392,1.728,1.792,0,0,0,0,0,0,0,0,0,0,0,0,0,0,0,0,0,0,0,0,0,0,0,0,0,0,0,0,0,0,0,0,0,0,0,6.05,9.285,14.25,18.49,21.43,24.591,23.706,22.476,24.077,25.499,27.794,32.238,37.67,44.038,55.233,63.062,66.185,67.867,65.668,60.209,54.627,48.032,36.236,27.719,21.012,17.54,15.809,15.647,13.399,11.723,10.305,10.778,11.156,11.535,12.615,13.799,13.74,13.623,12.84,11.828,10.565,9.75,9.848,8.524,7.719,6.684,5.178,4.267,2.826,2.146,1.585,0.872,0.483,0.327,0.23,0.136,0.059,0,0.04,0.02,0.02,0,0,0,0,0
2026-09-03 12:33:00,1,"Normal Scan","Normal Scan",0,"ON",1,1,1,737.9,5,20.2,97.9,50.4,0.0000000688006,0.0000181905,4.97,8954.6,8.8,736.5,1,"Up Scan","Positive",254,0,4.37,1.6,8,8,0,1,1,17.028,27.043,19.612,9.647,1.928,5343.22,47,21.4,NA,0,0,0,0,0,0,0,0,0,0,0,0,0,0,0,0,0,0,0,0,0,0,0,0,0,0,0,0,0,0,0,12026.08,11167.904,11330.656,11039.52,10105.856,9382.528,8756.608,8461.216,8480.608,8858.048,8607.68,7493.152,6582.304,5650.272,5291.872,5465.056,4973.312,4236.672,3024.992,2429.696,1792.416,1308.32,1051.456,902.944,781.856,658.496,573.056,523.584,481.856,477.984,429.408,532.832,566.464,636.992,658.24,605.536,583.392,534.24,543.04,553.664,527.136,510.976,460.416,405.696,379.392,315.872,280.16,180.864,117.376,80.768,62.336,42.72,22.848,8.832,16.768,4.704,6.528,0,0,0,0,0,0,0,0,0,0,0,0,0,0,0,0,0,0,0,0,0,0,0,0,0,0,0,0,0,0,0,0,0,0,0,0,0,0,3.073,4.879,6.561,9.044,11.434,13.166,15.08,16.942,19.267,22.408,26.786,29.44,28.8,28.156,26.64,27.387,30.772,30.31,27.911,21.542,18.649,14.793,11.621,10.113,9.254,8.653,7.928,7.746,7.963,7.949,8.476,8.512,10.167,11.236,12.591,13.218,12.865,12.443,11.291,11.341,10.971,9.928,8.956,7.649,6.712,6.01,4.822,4.132,2.738,1.71,1.141,0.853,0.576,0.302,0.115,0.213,0.059,0.08,0,0,0,0,0,0,0,0
2026-09-03 12:38:00,1,"Normal Scan","Normal Scan",0,"ON",1,1,1,737.8,5,20.1,97.9,50.6,0.0000000687707,0.0000181857,4.97,8954.6,8.8,736.5,1,"Up Scan","Positive",254,0,4.37,1.6,8,8,0,1,1,20.106,32.966,22.762,9.647,2.099,3816.74,47,21.3,NA,0,0,0,0,0,0,0,0,0,0,0,0,0,0,0,0,0,0,0,0,0,0,0,0,0,0,0,0,0,0,0,9172.096,7988.448,6357.024,5427.52,4821.344,5285.056,4903.488,4795.072,4551.136,4440.992,4821.568,5334.848,4964.256,5396.832,5019.552,4622.848,4276.192,3411.232,2876.512,2249.12,1766.208,1437.568,1346.272,1338.912,1548.992,1384.32,1207.232,980.224,658.976,649.376,579.552,530.208,629.696,632.416,598.592,651.84,540.672,528.512,550.144,438.24,477.056,458.944,439.584,414.688,369.12,331.136,300.448,211.776,144.8,103.648,51.712,42.272,25.92,19.136,6.112,11.072,3.296,10.112,1.76,0,0,0,0,0,0,0,0,0,0,0,0,0,0,0,0,0,0,0,0,0,0,0,0,0,0,0,0,0,0,0,0,0,0,0,0,2.719,3.71,4.686,5.028,5.609,6.274,8.517,9.48,10.916,12.054,13.507,16.603,20.567,21.298,25.481,25.984,26.087,26.156,22.696,20.747,17.775,15.187,13.324,13.192,13.622,16.595,15.652,14.757,13.076,10.092,10.599,10.044,10.1,11.83,12.075,12.251,13.165,11.768,11.515,11.269,9.665,9.305,8.648,7.581,6.754,5.884,5.138,4.526,3.088,2.142,1.547,0.733,0.576,0.377,0.249,0.078,0.138,0.04,0.121,0.02,0,0.028,0,0,0,0
2026-09-03 12:43:00,1,"Normal Scan","Normal Scan",0,"ON",1,1,1,737.8,5,20.1,97.9,50.8,0.0000000687707,0.0000181857,4.97,8954.6,8.8,736.5,1,"Up Scan","Positive",254,0,4.37,1.6,8,8,0,1,1,17.495,39.227,23.299,9.647,2.455,2186.42,47,21.3,NA,0,0,0,0,0,0,0,0,0,0,0,0,0,0,0,0,0,0,0,0,0,0,0,0,0,0,0,0,0,0,0,8181.184,6449.056,4591.744,3641.824,2895.808,2678.4,2425.312,2457.632,2193.12,2458.688,2300.704,1999.616,2018.624,1666.4,1591.36,1393.952,1392.704,1231.84,1080.064,976.736,910.08,906.368,877.536,824.768,841.088,726.56,612.736,546.048,512.384,463.744,470.4,496.48,524.384,598.976,639.232,597.984,632.16,592.704,511.296,623.264,568.608,471.008,432.8,422.176,412.512,278.784,255.168,196.896,142.944,96.896,52.256,40.064,24.288,20.704,7.712,3.136,4.928,0,1.728,0,0,0,0,0,0,0,0,0,0,0,0,0,0,0,0,0,0,0,0,0,0,0,0,0,0,0,0,0,0,0,0,0,0,0,0,2.719,3.298,3.76,3.64,3.753,3.782,4.298,4.678,5.598,5.792,7.431,7.873,7.682,8.644,7.892,8.277,7.948,8.671,8.356,7.955,7.828,7.821,8.28,8.543,8.571,9.24,8.744,8.018,8.08,8.406,8.256,9.034,9.982,10.476,12.451,13.316,12.48,12.925,12.44,10.814,11.84,10.558,8.507,7.591,6.8,6.439,4.307,3.872,2.895,2.025,1.381,0.732,0.539,0.321,0.268,0.097,0.039,0.06,0,0.02,0,0,0,0,0,0
2026-09-03 12:48:00,1,"Normal Scan","Normal Scan",0,"ON",1,1,1,737.7,5,20,97.9,51,0.0000000687408,0.0000181809,4.97,8954.6,8.8,736.5,1,"Up Scan","Positive",254,0,4.37,1.6,8,8,0,1,1,17.839,31.491,21.478,11.14,2.075,3777.42,46,21.2,NA,0,0,0,0,0,0,0,0,0,0,0,0,0,0,0,0,0,0,0,0,0,0,0,0,0,0,0,0,0,0,0,6951.904,6719.68,6990.464,6378.208,6782.88,6947.168,6555.968,6312.864,6597.696,5939.872,5817.6,5304.16,5056.832,4337.376,3782.912,3427.904,3133.568,2483.616,1751.648,1616.8,1395.744,1199.552,1017.984,896.16,772.064,792.928,671.264,559.584,526.624,492.32,531.904,569.856,705.472,712.512,704.416,717.728,591.456,588.448,528.096,540.576,526.4,511.584,434.176,448.256,399.136,296.096,271.616,207.488,135.296,94.368,49.088,31.648,34.24,13.184,4.576,6.304,3.232,1.696,5.248,0,0,0,0,0,0,0,0,0,0,0,0,0,0,0,0,0,0,0,0,0,0,0,0,0,0,0,0,0,0,0,0,0,0,0,0,2.252,2.837,3.987,5.554,6.624,8.879,11.18,12.655,14.38,17.427,17.957,19.927,20.365,21.558,20.392,19.559,19.352,19.229,16.511,12.661,12.599,11.761,10.78,9.83,9.281,8.657,9.543,8.917,8.651,8.758,9.087,9.943,10.689,12.971,13.656,14.025,14.402,12.362,12.491,11.248,10.561,9.943,9.249,7.472,7.213,6.188,4.65,4.041,3.034,1.967,1.315,0.714,0.446,0.453,0.172,0.058,0.079,0.04,0.02,0.061,0,0,0,0,0,0
2026-09-03 12:53:00,1,"Normal Scan","Normal Scan",0,"ON",1,1,1,737.6,5,19.9,97.9,51,0.000000068711,0.0000181761,4.97,8954.6,8.8,736.5,1,"Up Scan","Positive",254,0,4.37,1.6,8,8,0,1,1,19.898,38.983,24.941,9.647,2.287,2395.77,47,21.2,NA,0,0,0,0,0,0,0,0,0,0,0,0,0,0,0,0,0,0,0,0,0,0,0,0,0,0,0,0,0,0,0,4847.264,4099.04,3514.08,3550.144,2768.096,3372.832,3871.904,3473.12,3786.56,3205.792,3388.736,3081.44,2438.912,2101.984,1730.208,1950.688,2180,2323.808,2070.624,1789.408,1400.608,1284.384,983.36,826.624,731.04,724.96,647.104,617.088,555.52,510.656,427.776,530.048,550.208,558.144,605.888,596.032,585.088,503.296,496.288,512.736,492.576,492.48,431.52,467.168,405.088,331.616,256.384,203.456,124.896,102.368,71.232,46.912,21.536,11.808,6.048,4.704,1.632,1.696,0,0,0,0,0,0,0,0,0,0,0,0,0,0,0,0,0,0,0,0,0,0,0,0,0,0,0,0,0,0,0,0,0,0,0,0,0,1.546,1.954,2.367,2.793,3.691,3.625,5.464,7.481,7.899,10.005,9.68,11.584,11.857,10.514,10.048,9.134,11.173,13.554,15.487,14.847,13.862,11.724,11.513,9.599,8.622,8.226,8.585,8.485,8.859,8.749,8.757,8.391,9.919,10.547,11.666,12.414,12.605,12.371,11.4,10.737,10.38,9.552,8.764,7.466,7.662,6.382,5.057,3.822,2.951,1.787,1.441,0.988,0.632,0.302,0.153,0.078,0.059,0.02,0.02,0,0,0.014,0,0,0,0
2026-09-03 12:58:00,1,"Normal Scan","Normal Scan",0,"ON",1,1,1,737.6,5,19.8,97.9,51.4,0.0000000686811,0.0000181713,4.97,8954.6,8.8,736.5,1,"Up Scan","Positive",254,0,4.37,1.6,8,8,0,1,1,21.349,33.842,23.587,9.647,2.086,3773.81,47,21.1,NA,0,0,0,0,0,0,0,0,0,0,0,0,0,0,0,0,0,0,0,0,0,0,0,0,0,0,0,0,0,0,0,8168.096,6320.064,5599.552,5234.912,5362.784,4552.384,4636.992,4247.2,4198.528,4396.8,4800.16,5485.92,5278.912,5403.392,5231.808,5216.576,4528.864,3909.856,3649.92,3112.032,2581.504,2075.296,1688.288,1205.888,957.6,852.544,791.52,631.744,611.808,534.4,461.888,526.688,604.736,671.424,663.072,684.288,594.56,601.856,582.528,561.312,583.84,470.72,466.144,431.04,382.208,323.904,261.728,202.368,153.024,118.016,44.16,45.728,24.448,16.256,7.616,9.472,0,1.696,1.76,0,0,0,0,0,0,0,0,0,0,0,0,0,0,0,0,0,0,0,0,0,0,0,0,0,0,0,0,0,0,0,0,0,0,0,0,2.388,3.298,3.676,4.464,5.439,7.008,7.358,8.975,9.702,11.157,13.397,16.557,21.166,22.667,25.616,27.202,29.565,27.907,26.065,26.084,23.858,21.263,18.334,15.894,12.29,10.489,10.067,10.11,9.245,9.667,9.386,9.093,10.316,11.8,13.219,13.679,13.768,12.694,12.604,11.919,11.105,10.859,8.588,8.206,6.929,6.061,4.967,3.929,2.983,2.22,1.657,0.604,0.632,0.34,0.21,0.097,0.118,0,0.02,0.02,0,0.014,0,0,0,0
2026-09-03 13:03:00,1,"Normal Scan","Normal Scan",0,"ON",1,1,1,737.5,5,19.7,97.9,51.7,0.0000000686512,0.0000181665,4.97,8954.6,8.8,736.5,1,"Up Scan","Positive",254,0,4.37,1.6,8,8,0,1,1,24.979,31.078,24.902,26.416,1.803,7369.74,47,21,NA,0,0,0,0,0,0,0,0,0,0,0,0,0,0,0,0,0,0,0,0,0,0,0,0,0,0,0,0,0,0,0,10040.768,7216.576,6885.472,6436.416,5922.016,6366.304,6877.28,7097.6,8118.688,8052.832,8814.144,10687.744,13584.512,16729.216,17338.752,16029.952,13342.336,11331.616,9880.864,8252.96,6751.84,5475.712,4388.064,3136.544,2305.376,1586.624,1243.488,927.488,782.336,656.384,638.112,606.848,661.088,665.536,604.096,566.368,593.472,623.808,526.528,548.736,521.568,519.872,486.592,421.664,391.552,326.816,244.928,190.592,149.472,90.016,63.168,64,23.872,17.696,13.76,1.568,3.264,5.056,1.728,0,0,0,0,0,0,0,0,0,0,0,0,0,0,0,0,0,0,0,0,0,0,0,0,0,0,0,0,0,0,0,0,0,0,0,0,3.146,4.059,4.246,5.478,6.669,7.73,10.309,13.348,16.298,21.724,24.78,30.715,41.607,58.511,79.242,89.819,90.567,81.953,75.284,70.484,63.025,55.012,47.512,40.373,30.76,24.059,17.904,15.241,12.63,11.589,10.566,11.05,11.294,12.493,13.086,12.537,12.365,12.723,12.744,11.303,10.774,10.168,9.147,8.233,6.962,6.347,5.024,3.73,2.819,2.145,1.297,0.897,0.862,0.332,0.23,0.175,0.02,0.04,0.06,0.02,0,0.014,0,0,0,0
2026-09-03 13:08:00,1,"Normal Scan","Normal Scan",0,"ON",1,1,1,737.4,5,19.7,97.8,51.7,0.0000000687214,0.0000181665,4.97,8954.6,8.8,736.5,1,"Up Scan","Positive",254,0,4.37,1.6,8,8,0,1,1,19.039,39.045,24.337,9.647,2.352,2391.24,47,20.9,NA,0,0,0,0,0,0,0,0,0,0,0,0,0,0,0,0,0,0,0,0,0,0,0,0,0,0,0,0,0,0,0,6893.184,5156.544,4065.088,3495.36,3160.032,3022.336,2957.408,3177.696,3363.072,3166.112,2745.344,2587.04,2268.48,1964.576,1975.552,1693.504,1471.712,1630.624,1840.32,1760.288,1571.392,1368,1179.36,964.448,841.056,798.464,739.328,629.6,544.704,529.984,447.104,480.064,552.96,579.264,575.648,505.728,572.096,554.944,575.968,602.816,544.768,524.128,453.856,441.664,363.584,320.224,240.704,176.288,135.136,109.632,66.592,46.688,36.992,22.112,15.296,7.872,1.632,1.696,1.76,1.792,0,0,0,0,0,0,0,0,0,0,0,0,0,0,0,0,0,0,0,0,0,0,0,0,0,0,0,0,0,0,0,0,0,0,0,1.569,2.813,2.987,3.22,3.604,4.128,4.873,5.743,7.268,8.87,9.558,9.406,9.895,9.721,9.389,10.379,9.766,9.282,11.071,13.341,13.694,13.184,12.268,11.325,9.954,9.333,9.373,9.42,8.936,8.619,8.917,8.45,9.571,11.155,12.064,12.354,11.501,12.217,11.863,11.7,11.639,10.156,9.338,7.888,7.311,5.833,5.027,3.679,2.68,1.95,1.531,0.933,0.65,0.49,0.287,0.194,0.098,0.02,0.02,0.02,0.02,0,0,0,0,0
2026-09-03 13:13:00,1,"Normal Scan","Normal Scan",0,"ON",1,1,1,737.4,5,19.6,97.9,51.8,0.0000000686214,0.0000181617,4.97,8954.6,8.8,736.5,1,"Up Scan","Positive",254,0,4.37,1.6,8,8,0,1,1,19.095,30.218,21.265,22.876,1.989,4169.24,48,20.9,NA,0,0,0,0,0,0,0,0,0,0,0,0,0,0,0,0,0,0,0,0,0,0,0,0,0,0,0,0,0,0,0,7440.608,7145.792,6426.336,5988.512,6403.68,6397.056,6868.832,7070.688,6705.44,6392.032,7797.856,9054.176,9286.208,8023.712,5582.944,3747.648,2524.768,1502.784,1171.456,1012.672,909.28,884.48,914.784,913.792,880.96,800.032,759.84,622.912,548.16,496.16,493.952,547.168,549.056,571.776,492,561.824,536.192,572.256,575.296,605.952,565.664,545.216,526.144,452.608,400.064,315.072,242.048,186.464,128.768,92.256,67.552,42.048,33.088,17.696,12.224,6.304,1.664,0,1.728,0,0,0,0,0,0,0,0,0,0,0,0,0,0,0,0,0,0,0,0,0,0,0,0,0,0,0,0,0,0,0,0,0,0,0,0,2.449,3.038,4.227,5.172,6.233,8.379,10.352,13.337,16.14,17.79,19.415,26.673,34.642,39.357,37.369,28.56,20.989,15.438,10.108,8.651,8.124,7.882,8.231,8.948,9.499,9.644,9.536,9.738,8.832,8.585,8.421,9.068,10.474,11.274,12.077,11.285,12.476,12.122,12.277,11.833,11.718,10.367,9.643,8.78,7.426,6.298,4.914,3.669,2.772,1.864,1.297,0.943,0.567,0.453,0.23,0.155,0.079,0.02,0,0.02,0,0.014,0,0,0,0
2026-09-03 13:18:00,1,"Normal Scan","Normal Scan",0,"ON",1,1,1,737.4,5,19.6,97.9,51.9,0.0000000686214,0.0000181617,4.97,8954.6,8.8,736.5,1,"Up Scan","Positive",254,0,4.37,1.6,8,8,0,1,1,17.686,27.949,20.004,9.647,1.966,4957.88,47,20.8,NA,0,0,0,0,0,0,0,0,0,0,0,0,0,0,0,0,0,0,0,0,0,0,0,0,0,0,0,0,0,0,0,12712.32,11488.128,9825.856,8859.52,8120.992,7177.088,6940.864,7257.76,7608.224,7866.624,8243.712,7508.288,7586.784,7869.12,6607.2,4775.808,3566.24,2746.88,2134.144,1608.16,1263.872,1074.336,883.52,1005.152,971.808,920.128,755.776,666.304,612.576,582.464,557.472,585.6,658.656,642.4,684.736,616.032,565.888,610.944,584.48,598.432,555.104,488.32,474.4,421.792,332.416,274.976,236.768,179.04,105.408,85.632,71.392,42.816,7.584,14.784,9.184,1.6,4.928,1.696,0,0,0,0,0,0,0,0,0,0,0,0,0,0,0,0,0,0,0,0,0,0,0,0,0,0,0,0,0,0,0,0,0,0,0,0,0,3.966,5.19,6.698,7.804,9.196,10.604,11.586,13.432,16.579,20.178,23.849,28.215,28.774,32.326,36.891,33.916,26.799,21.776,18.2,15.401,12.647,10.786,9.867,8.719,10.457,10.742,10.902,9.898,9.649,9.67,9.832,10.106,11.078,12.497,13.042,13.787,12.66,12.121,12.559,11.425,11.238,10.264,8.452,7.93,7.001,5.312,4.115,3.563,2.614,1.527,1.236,0.977,0.576,0.113,0.191,0.116,0.02,0.06,0.02,0,0,0.014,0,0,0,0
2026-09-03 13:23:00,1,"Normal Scan","Normal Scan",0,"ON",1,1,1,737.4,5,19.6,97.9,51.8,0.0000000686214,0.0000181617,4.97,8954.6,8.8,736.5,1,"Up Scan","Positive",254,0,4.37,1.6,8,8,0,1,1,20.652,27.93,21.87,18.434,1.805,6760.07,47,20.8,NA,0,0,0,0,0,0,0,0,0,0,0,0,0,0,0,0,0,0,0,0,0,0,0,0,0,0,0,0,0,0,0,10478.24,8607.456,9050.336,7899.168,7453.44,7709.504,7918.752,8712.992,12236.736,13698.784,13506.72,13110.944,12494.624,11960.16,11421.152,10528.832,8980.672,7816.64,6070.592,4982.56,3355.584,2352.384,1628.928,1240.416,939.52,878.208,699.52,663.008,593.344,453.216,505.952,488.384,542.56,564.16,549.472,536.416,576.288,511.04,617.28,568.672,531.552,538.4,452.832,415.744,343.616,318.432,252.544,169.056,134.976,92.96,70.112,42.848,24.256,11.872,9.152,7.872,1.664,1.696,0,0,0,0,0,0,0,0,0,0,0,0,0,0,0,0,0,0,0,0,0,0,0,0,0,0,0,0,0,0,0,0,0,0,0,0,0,2.782,4.244,5.069,7.223,8.181,9.766,12.479,15.374,19.972,32.531,41.534,46.399,50.461,53.533,56.429,59.063,59.231,54.724,51.394,42.953,37.8,27.389,20.606,15.375,12.599,10.21,10.256,9.109,9.238,8.999,8.121,9.199,9.597,10.966,11.9,11.82,11.961,12.221,10.972,12.175,11.239,10.018,9.327,7.767,6.817,5.479,4.859,3.77,2.53,1.933,1.308,0.977,0.576,0.321,0.153,0.116,0.098,0.02,0.02,0,0,0,0,0,0,0
2026-09-03 13:28:00,1,"Normal Scan","Normal Scan",0,"ON",1,1,1,737.4,5,19.6,97.9,51.8,0.0000000686214,0.0000181617,4.97,8954.6,8.8,736.5,1,"Up Scan","Positive",254,0,4.37,1.6,8,8,0,1,1,17.343,27.206,19.943,9.647,1.912,5420.45,47,20.7,NA,0,0,0,0,0,0,0,0,0,0,0,0,0,0,0,0,0,0,0,0,0,0,0,0,0,0,0,0,0,0,0,11645.472,10673.44,10507.36,9719.744,9156.32,9745.024,9991.744,9759.776,8715.104,8504.288,7435.04,7344.16,7033.12,6711.488,6508.288,6003.648,5384.448,4877.056,3663.84,2641.568,1771.776,1240.224,1065.12,898.336,823.584,713.344,632.576,577.248,488.192,456.8,445.536,444.608,542.24,540.032,554.944,497.92,556.736,554.944,549.824,605.536,541.344,536.16,493.888,426.24,387.072,345.536,211.296,169.056,129.12,87.104,51.2,45.056,14.272,20.192,8.096,0,3.232,3.424,1.76,0,0,0,0,0,0,0,0,0,0,0,0,0,0,0,0,0,0,0,0,0,0,0,0,0,0,0,0,0,0,0,0,0,0,0,0,3.581,4.743,6.312,8.381,10.106,12.021,15.698,19.284,22.224,23.075,25.689,25.522,28.296,30.17,31.715,33.62,33.732,32.786,32.077,25.992,20.243,14.673,11.119,10.231,9.279,9.009,8.463,8.238,8.269,7.785,7.943,8.48,9.126,10.91,11.555,12.029,11.57,12.083,11.64,11.676,11.669,9.861,9.119,8.335,6.85,6.129,5.194,3.252,2.476,1.845,1.218,0.739,0.613,0.189,0.262,0.103,0,0.04,0.04,0.02,0,0,0,0,0,0
2026-09-03 13:33:00,1,"Normal Scan","Normal Scan",0,"ON",1,1,1,737.4,5,19.6,97.9,51.6,0.0000000686214,0.0000181617,4.97,8954.6,8.8,736.5,1,"Up Scan","Positive",254,0,4.37,1.6,8,8,0,1,1,19.236,35.081,23.086,9.647,2.205,3359.64,46,20.7,NA,0,0,0,0,0,0,0,0,0,0,0,0,0,0,0,0,0,0,0,0,0,0,0,0,0,0,0,0,0,0,0,8376.896,7114.592,5815.424,6160.192,5338.624,4972.384,4338.656,4124.128,3658.88,3576.864,3475.392,3592.544,3869.024,3739.488,3374.112,3033.664,2663.52,2913.824,3130.304,3309.888,2618.432,1958.432,1434.368,1099.52,947.936,764.864,689.856,576.352,526.496,484.192,462.176,509.568,611.328,620.704,613.536,603.168,554.016,585.216,664.992,600.864,672.8,612.832,530.208,502.08,410.368,357.312,285.472,220.992,135.328,117.024,50.24,34.08,24.64,23.424,12.256,3.168,6.528,0,5.216,0,0,0,0,0,0,0,0,0,0,0,0,0,0,0,0,0,0,0,0,0,0,0,0,0,0,0,0,0,0,0,0,0,0,0,0,2.947,3.398,4.174,4.585,6.358,6.971,7.985,8.391,9.402,9.691,10.839,11.952,13.854,16.604,17.806,17.778,17.458,16.625,19.494,22.395,25.334,21.456,17.236,13.539,11.2,10.344,9.046,9.03,8.539,8.542,8.714,8.772,10.158,12.435,12.965,13.681,13.513,12.63,12.834,13.322,12.019,12.236,10.659,9.191,8.027,6.359,5.517,4.334,3.248,1.97,1.674,0.732,0.463,0.36,0.306,0.155,0.039,0.08,0,0.061,0,0.028,0,0,0,0
2026-09-03 13:38:00,1,"Normal Scan","Normal Scan",0,"ON",1,1,1,737.4,5,19.6,97.9,51.4,0.0000000686214,0.0000181617,4.97,8954.6,8.8,736.5,1,"Up Scan","Positive",254,0,4.37,1.6,8,8,0,1,1,20.973,31.024,22.942,18.434,1.929,5386.91,46,20.7,NA,0,0,0,0,0,0,0,0,0,0,0,0,0,0,0,0,0,0,0,0,0,0,0,0,0,0,0,0,0,0,0,7592.8,6935.84,6644.48,7174.592,6331.808,6721.184,7594.272,8201.088,8820,8896.544,8838.88,8819.328,8517.76,8605.408,8792.896,8277.792,7674.88,6527.52,4893.088,3470.56,2735.168,2153.344,1671.968,1364.8,1098.112,945.408,769.344,754.208,652.992,589.376,623.808,598.912,617.376,645.888,652.736,604.96,563.84,653.632,620.704,666.56,619.456,612.16,556.512,529.536,469.12,362.88,293.312,194.624,153.024,82.56,64.256,53.408,34.24,11.84,15.36,3.136,4.896,3.392,3.488,0,0,0,0,0,0,0,0,0,0,0,0,0,0,0,0,0,0,0,0,0,0,0,0,0,0,0,0,0,0,0,0,0,0,0,0,2.161,3.062,4.071,5.303,7.456,8.312,10.857,14.776,18.722,23.389,27.028,30.436,34.033,36.608,40.712,45.41,46.622,46.876,43.042,34.799,26.608,22.516,18.979,15.914,13.859,12.046,11.217,10.059,10.413,10.291,9.919,10.977,11.559,12.169,13.749,14.145,13.584,12.976,13.983,13.019,12.902,11.652,10.661,9.275,8.561,7.425,5.619,4.366,2.914,2.201,1.187,0.915,0.725,0.453,0.153,0.194,0.039,0.06,0.04,0.041,0,0,0,0,0,0
2026-09-03 13:43:00,1,"Normal Scan","Normal Scan",0,"ON",1,1,1,737.4,5,19.6,97.9,51.3,0.0000000686214,0.0000181617,4.97,8954.6,8.8,736.5,1,"Up Scan","Positive",254,0,4.37,1.6,8,8,0,1,1,21.222,39.138,25.242,9.647,2.285,2578.86,46,20.7,NA,0,0,0,0,0,0,0,0,0,0,0,0,0,0,0,0,0,0,0,0,0,0,0,0,0,0,0,0,0,0,0,5818.624,4111.328,4410.752,4071.968,3020.896,3012.448,2939.008,3366.144,3270.464,3126.784,2838.464,2901.056,3188.96,3169.6,2867.68,2731.904,2583.776,2318.464,2035.552,1684.096,1617.536,1366.656,1262.112,991.616,970.88,909.184,718.336,671.808,630.72,591.072,522.912,574.08,523.328,599.712,532.832,560.96,547.424,508.864,566.432,579.616,623.936,583.2,518.912,464.192,434.176,352.896,252.416,187.552,137.504,112.48,74.816,30.336,21.664,4.416,4.576,4.704,1.632,0,0,0,0,0,0,0,0,0,0,0,0,0,0,0,0,0,0,0,0,0,0,0,0,0,0,0,0,0,0,0,0,0,0,0,0,0,0,1.868,2.34,2.411,3.489,4.198,3.979,4.822,5.692,7.694,8.671,9.491,9.794,11.207,13.696,15.039,14.913,15.553,15.988,15.555,14.725,13.213,13.6,12.294,12.137,10.349,10.683,10.701,9.368,9.415,9.476,9.678,9.442,10.749,10.85,12.316,12.243,12.773,12.258,11.576,11.928,11.529,11.396,10.086,8.728,7.702,6.691,5.344,3.672,2.754,1.973,1.565,1.025,0.407,0.304,0.057,0.058,0.059,0.02,0,0,0,0.014,0,0,0,0
2026-09-03 13:48:00,1,"Normal Scan","Normal Scan",0,"ON",1,1,1,737.4,5,19.6,97.9,51.1,0.0000000686214,0.0000181617,4.97,8954.6,8.8,736.5,1,"Up Scan","Positive",254,0,4.37,1.6,8,8,0,1,1,21.106,30.756,22.927,19.81,1.897,5318.45,46,20.7,NA,0,0,0,0,0,0,0,0,0,0,0,0,0,0,0,0,0,0,0,0,0,0,0,0,0,0,0,0,0,0,0,6060.736,6240.704,5725.568,6342.144,6458.368,7314.688,7606.432,8325.216,8276.384,8922.336,10221.92,9901.184,10217.76,9719.776,9094.4,8223.232,7163.328,5616.672,4226.72,3116.544,2681.344,1990.688,1608.704,1184.896,1008.896,860.896,720.576,573.056,572.448,555.2,538.912,498.176,558.432,592.672,525.056,528.064,531.808,563.104,540.288,553.088,624.256,607.456,585.792,540.896,440.48,429.568,311.52,245.024,173.376,106.08,85.984,33.28,18.56,11.776,7.648,3.168,3.264,1.696,0,0,0,0,0,0,0,0,0,0,0,0,0,0,0,0,0,0,0,0,0,0,0,0,0,0,0,0,0,0,0,0,0,0,0,0,0,1.558,2.452,3.685,4.575,6.578,8.475,11.818,14.772,19.077,21.969,27.114,35.101,38.152,43.688,45.772,46.903,46.274,43.688,37.062,30.067,23.895,22.029,17.529,15.152,12.078,11.024,10.155,9.261,8.305,8.865,9.255,9.492,9.924,11.387,12.248,12.304,12.687,12.653,13.079,11.858,11.858,11.657,11.049,9.767,8.867,6.818,6.454,4.596,3.557,2.487,1.504,1.178,0.446,0.245,0.153,0.097,0.039,0.04,0.02,0,0,0,0,0,0,0
2026-09-03 13:53:00,1,"Normal Scan","Normal Scan",0,"ON",1,1,1,737.3,5,19.6,97.8,50.9,0.0000000686915,0.0000181617,4.97,8954.6,8.8,736.5,1,"Up Scan","Positive",254,0,4.37,1.6,8,8,0,1,1,20.128,29.498,22.339,17.154,1.853,7003.68,46,20.7,NA,0,0,0,0,0,0,0,0,0,0,0,0,0,0,0,0,0,0,0,0,0,0,0,0,0,0,0,0,0,0,0,6063.808,7543.968,7832.16,8132.32,8856.608,10202.208,11924.128,13483.136,14709.504,13768.8,13529.536,12243.872,12037.152,11502.656,10757.92,10293.216,8660.224,7433.888,5851.072,4379.904,3272.736,2168.704,1636.096,1216.448,1024.704,853.696,737.952,721.856,618.144,658.656,778.72,904.896,921.824,805.92,724.832,636.352,589.12,541.952,609.344,646.144,680.096,700.224,658.944,634.688,556.896,435.104,389.728,245.088,208.896,119.04,62.464,35.808,46.24,21.952,15.264,9.504,9.76,5.024,5.216,3.584,0,0,0,0,0,0,0,0,0,0,0,0,0,0,0,0,0,0,0,0,0,0,0,0,0,0,0,0,0,0,0,0,0,0,0,1.774,2.489,4.43,6.279,8.446,11.663,16.534,23.063,30.766,38.893,41.699,46.411,47.065,51.526,54.314,55.585,57.932,52.765,48.896,41.403,33.362,26.738,19.054,15.552,12.505,11.488,10.8,10.404,10.836,9.982,11.104,12.918,15.347,16.45,15.945,15.643,14.888,14.329,13.344,13.79,13.346,13.015,12.617,11.267,10.066,8.626,6.845,5.865,3.626,3.121,1.729,0.897,0.52,0.662,0.285,0.194,0.118,0.119,0.06,0.061,0.04,0.041,0,0,0,0
2026-09-03 13:58:00,1,"Normal Scan","Normal Scan",0,"ON",1,1,1,737.3,5,19.6,97.8,50.8,0.0000000686915,0.0000181617,4.97,8954.6,8.8,736.5,1,"Up Scan","Positive",254,0,4.37,1.6,8,8,0,1,1,25.081,38.438,26.783,30.505,2.109,3478.43,46,20.7,NA,0,0,0,0,0,0,0,0,0,0,0,0,0,0,0,0,0,0,0,0,0,0,0,0,0,0,0,0,0,0,0,4984.64,4351.296,3813.504,3447.36,3545.088,3762.496,3838.144,3673.792,3860.512,3993.344,4039.648,4195.168,4258.976,5095.744,5150.592,5625.568,5759.456,5560.832,4479.072,4000.832,3227.072,2462.816,1937.664,1471.68,1230.304,946.976,748.512,635.136,508.928,503.04,443.808,546.336,602.08,570.688,662.24,603.552,546.336,514.176,585.888,588.736,642.88,602.4,641.12,637.76,539.936,421.6,323.648,274.24,162.912,128.032,58.4,46.08,25.792,24.8,1.536,1.6,3.232,0,1.76,0,0,0,0,0,0,0,0,0,0,0,0,0,0,0,0,0,0,0,0,0,0,0,0,0,0,0,0,0,0,0,0,0,0,0,0,1.38,2.054,2.551,3.046,3.579,4.621,6.056,7.423,8.396,10.265,12.163,13.972,16.344,18.527,24.341,26.981,32.049,35.442,36.848,32.008,30.673,26.422,21.55,18.134,14.681,13.169,10.949,9.727,9.101,8.328,8.853,8.572,10.476,11.931,12.452,14.565,13.824,13.416,12.969,13.117,12.327,12.206,10.952,10.905,9.946,8.388,6.414,4.851,3.926,2.341,1.783,0.81,0.627,0.342,0.323,0.019,0.02,0.04,0,0.02,0,0,0,0,0,0
2026-09-03 14:03:00,1,"Normal Scan","Normal Scan",0,"ON",1,1,1,737.3,5,19.5,97.8,50.8,0.0000000686617,0.0000181569,4.97,8954.6,8.8,736.5,1,"Up Scan","Positive",254,0,4.37,1.6,8,8,0,1,1,23.596,37.273,25.958,24.582,2.101,3507.12,47,20.6,NA,0,0,0,0,0,0,0,0,0,0,0,0,0,0,0,0,0,0,0,0,0,0,0,0,0,0,0,0,0,0,0,5159.264,4640.192,4677.504,3638.656,3569.056,3538.976,3385.536,3633.088,3809.632,4391.392,5152.384,5544.224,5411.136,5751.424,5523.872,5032.16,4896.704,4509.568,3843.104,3502.688,2886.848,2169.312,1589.6,1235.872,1076.512,866.048,751.264,692.672,609.216,587.008,532.224,583.68,544.224,571.008,622.784,618.4,601.504,600.512,610.976,690.368,627.36,576.416,588.128,561.696,496.096,371.744,288.864,254.464,164.608,95.552,59.2,34.656,24.16,16.224,1.536,3.168,4.928,5.056,1.728,1.792,0,0,0,0,0,0,0,0,0,0,0,0,0,0,0,0,0,0,0,0,0,0,0,0,0,0,0,0,0,0,0,0,0,0,0,1.442,2.092,2.738,3.732,3.778,4.7,5.708,6.57,8.329,10.138,13.397,17.755,21.443,23.288,27.234,28.761,28.62,30.156,29.914,27.431,26.846,23.666,19.114,15.036,12.618,11.795,10.242,9.721,9.661,9.494,9.973,9.911,11.221,11.291,12.677,13.944,13.636,13.725,13.57,13.078,13.327,11.892,10.418,9.85,8.822,7.654,5.671,4.321,3.663,2.362,1.392,0.842,0.483,0.321,0.21,0.019,0.039,0.06,0.06,0.02,0.02,0,0,0,0,0
2026-09-03 14:08:00,1,"Normal Scan","Normal Scan",0,"ON",1,1,1,737.3,5,19.5,97.8,50.9,0.0000000686617,0.0000181569,4.97,8954.6,8.8,736.5,1,"Up Scan","Positive",254,0,4.37,1.6,8,8,0,1,1,21.397,30.394,22.817,24.582,1.904,5722.11,46,20.6,NA,0,0,0,0,0,0,0,0,0,0,0,0,0,0,0,0,0,0,0,0,0,0,0,0,0,0,0,0,0,0,0,8572.512,7454.784,7583.68,7305.504,7183.936,6625.632,7147.264,7592.832,8582.528,9024.256,9223.808,9498.688,10062.432,10919.68,10599.392,9555.744,7200.192,5866.528,5568.32,4383.712,2907.36,2048.608,1408.64,1000.192,769.696,687.68,909.568,1304.864,1180.352,928.704,738.496,679.872,619.68,572.672,587.552,620.672,546.528,566.976,630.656,600.864,608.544,548.448,539.84,490.336,406.304,361.888,300.224,220.768,121.024,86.752,58.08,46.912,18.624,17.76,6.112,6.304,0,1.664,5.184,1.792,0,0,0,0,0,0,0,0,0,0,0,0,0,0,0,0,0,0,0,0,0,0,0,0,0,0,0,0,0,0,0,0,0,0,0,2.221,3.484,4.344,6.075,7.56,9.4,10.697,13.874,17.406,22.829,27.473,31.773,36.631,43.086,51.539,54.778,53.685,43.882,38.652,39.352,33.214,23.725,18.382,14.211,11.114,9.213,8.714,11.675,16.667,16.156,14.066,12.251,12.241,12.184,12.259,13.007,13.39,12.551,12.512,12.899,11.77,11.577,9.532,9.072,7.797,6.435,5.463,4.519,3.235,1.746,1.225,0.842,0.65,0.264,0.23,0.078,0.079,0,0.02,0.061,0.02,0.014,0,0,0,0
2026-09-03 14:13:00,1,"Normal Scan","Normal Scan",0,"ON",1,1,1,737.3,5,19.5,97.8,50.7,0.0000000686617,0.0000181569,4.97,8954.6,8.8,736.5,1,"Up Scan","Positive",254,0,4.37,1.6,8,8,0,1,1,20.987,27.774,22.086,22.876,1.778,6888.18,46,20.6,NA,0,0,0,0,0,0,0,0,0,0,0,0,0,0,0,0,0,0,0,0,0,0,0,0,0,0,0,0,0,0,0,8550.208,7399.648,8047.104,8115.84,9116.768,9192.448,9871.68,10949.312,11330.432,11795.84,12346.496,12221.92,12595.648,12210.4,11786.688,10910.4,10050.72,8442.4,7306.784,5506.72,4238.656,2876.736,1983.168,1355.008,977.856,703.264,626.048,594.976,512.448,437.664,491.712,513.664,551.008,602.72,533.984,556.736,485.888,462.848,459.712,488.448,500.8,444.032,470.528,421.952,370.848,299.456,210.976,168.768,126.048,70.592,47.808,33.376,18.496,22.176,7.552,3.168,1.632,1.696,1.76,0,0,0,0,0,0,0,0,0,0,0,0,0,0,0,0,0,0,0,0,0,0,0,0,0,0,0,0,0,0,0,0,0,0,0,0,2.272,3.474,4.33,6.437,8.434,11.95,14.826,19.162,25.045,30.096,35.884,42.479,47.138,53.996,57.756,61.035,61.567,61.35,55.603,51.607,41.731,34.312,24.936,18.477,13.568,10.576,8.484,8.219,8.551,8.158,7.723,8.825,9.5,10.461,11.827,11.363,11.692,10.95,10.473,9.74,9.729,9.04,8.152,7.856,6.688,5.77,4.564,3.278,2.424,1.808,1.013,0.655,0.465,0.245,0.287,0.097,0.039,0.02,0.02,0.02,0,0,0,0,0,0
2026-09-03 14:18:00,1,"Normal Scan","Normal Scan",0,"ON",1,1,1,737.3,5,19.5,97.8,50.7,0.0000000686617,0.0000181569,4.97,8954.6,8.8,736.5,1,"Up Scan","Positive",254,0,4.37,1.6,8,8,0,1,1,22.323,29.586,22.802,28.387,1.866,5770.74,46,20.6,NA,0,0,0,0,0,0,0,0,0,0,0,0,0,0,0,0,0,0,0,0,0,0,0,0,0,0,0,0,0,0,0,9218.496,8152.16,8339.04,7268.704,6751.776,7005.76,7441.632,7152.704,7491.712,7455.808,7539.872,7435.616,7365.6,8229.984,11612.544,12440.832,11095.36,9080.992,6809.504,5084.352,3423.328,2454.752,1694.432,1164.064,1028.64,792.576,698.656,615.424,534.624,524.512,527.456,528.32,598.624,612.928,570.688,556.352,541.6,473.792,546.592,561.792,534.144,496.896,471.488,393.76,359.904,278.496,242.88,147.712,106.624,78.752,48.384,42.848,10.272,5.888,9.152,6.304,1.632,3.392,1.728,1.792,0,0,0,0,0,0,0,0,0,0,0,0,0,0,0,0,0,0,0,0,0,0,0,0,0,0,0,0,0,0,0,0,0,0,0,2.978,3.748,4.806,6.696,7.594,8.83,11.255,14.394,16.338,19.894,22.774,26.195,28.985,31.989,39.274,60.187,69.862,67.508,59.583,48.06,38.58,27.9,21.437,15.921,11.789,11.206,9.516,9.083,8.838,8.513,8.989,9.331,9.909,11.495,12.323,12.122,11.92,11.726,10.397,10.911,10.682,9.787,8.595,7.818,6.356,5.685,4.18,3.598,2.215,1.55,1.127,0.695,0.595,0.17,0.077,0.116,0.079,0.02,0.04,0.02,0.02,0.027,0,0,0,0
2026-09-03 14:23:00,1,"Normal Scan","Normal Scan",0,"ON",1,1,1,737.3,5,19.5,97.8,50.8,0.0000000686617,0.0000181569,4.97,8954.6,8.8,736.5,1,"Up Scan","Positive",254,0,4.37,1.6,8,8,0,1,1,18.731,26.271,20.167,9.647,1.831,6564.13,47,20.6,NA,0,0,0,0,0,0,0,0,0,0,0,0,0,0,0,0,0,0,0,0,0,0,0,0,0,0,0,0,0,0,0,14692,11620.704,10225.088,9590.592,9883.424,10125.632,10002.432,10310.176,10862.72,10931.008,10649.184,11244.96,11932.896,11752.16,10692.288,8313.696,6585.696,4896.064,3616.576,2914.816,2065.472,1657.088,1294.56,1050.048,911.456,803.136,748,633.696,610.624,599.52,550.208,579.04,552,659.712,601.92,589.088,519.328,537.056,550.4,554.368,497.568,489.12,486.528,367.84,345.312,236.544,215.488,152.032,102.944,96,50.368,27.744,25.792,19.232,6.112,7.872,4.896,6.752,3.456,1.792,0,0,0,0,0,0,0,0,0,0,0,0,0,0,0,0,0,0,0,0,0,0,0,0,0,0,0,0,0,0,0,0,0,0,0,4.576,5.952,6.792,8.118,9.99,12.942,16.279,19.407,23.564,28.772,33.155,36.566,43.198,50.859,55.181,54.956,46.571,40.123,32.257,25.755,22.348,17.099,14.745,12.395,10.837,10.178,9.627,9.684,9.114,9.549,9.884,9.645,10.675,11.071,12.805,12.296,12.218,11.432,11.098,10.858,10.382,9.172,8.43,8.212,6.016,5.413,3.73,3.303,2.276,1.525,1.387,0.75,0.39,0.358,0.249,0.078,0.098,0.06,0.081,0.041,0.02,0.014,0,0,0,0
2026-09-03 14:28:00,1,"Normal Scan","Normal Scan",0,"ON",1,1,1,737.3,5,19.5,97.8,50.9,0.0000000686617,0.0000181569,4.97,8954.6,8.8,736.5,1,"Up Scan","Positive",254,0,4.37,1.6,8,8,0,1,1,18.915,25.272,20.123,9.647,1.772,8666.51,47,20.6,NA,0,0,0,0,0,0,0,0,0,0,0,0,0,0,0,0,0,0,0,0,0,0,0,0,0,0,0,0,0,0,0,17590.016,15102.304,13223.648,12341.696,12572.928,12437.92,13579.52,14448.48,14316.736,15459.648,15611.2,15216.704,15640,14203.36,12659.2,10381.408,8827.488,7415.936,6303.104,5230.688,4006.848,2755.264,2043.552,1433.408,1154.368,1062.464,1000.32,916.96,693.568,684.8,596.544,678.56,650.432,677.44,656.48,614.496,476.544,550.272,500.736,541.632,484.64,492.384,455.392,347.424,322.112,251.264,228.224,152.672,110.912,76.576,59.2,27.776,29.984,7.392,7.648,6.368,6.528,3.392,0,1.792,0,0,0,0,0,0,0,0,0,0,0,0,0,0,0,0,0,0,0,0,0,0,0,0,0,0,0,0,0,0,0,0,0,0,0,5.908,7.132,8.833,10.53,12.762,16.445,20.106,26.299,32.966,37.937,46.939,53.568,58.45,66.763,66.863,65.364,58.579,53.91,48.97,44.71,39.798,32.747,24.284,19.366,14.588,12.696,12.525,12.705,12.35,10.724,11.024,10.218,11.8,12.088,12.949,12.926,12.612,10.675,11.081,10.132,10.244,9.024,8.517,7.592,5.764,5.046,3.962,3.369,2.25,1.652,1.114,0.824,0.39,0.396,0.096,0.097,0.079,0.08,0.04,0,0.02,0,0,0,0,0
2026-09-03 14:33:00,1,"Normal Scan","Normal Scan",0,"ON",1,1,1,737.3,5,19.5,97.8,51.1,0.0000000686617,0.0000181569,4.97,8954.6,8.8,736.5,1,"Up Scan","Positive",254,0,4.37,1.6,8,8,0,1,1,18.486,26.406,20.434,9.647,1.834,7162.03,47,20.6,NA,0,0,0,0,0,0,0,0,0,0,0,0,0,0,0,0,0,0,0,0,0,0,0,0,0,0,0,0,0,0,0,15168.704,13240.384,10332.224,9744.224,11132.992,11760.8,11956.48,12434.976,12694.176,11762.816,10685.152,9664.832,10031.456,10721.312,10437.248,9135.104,7840.576,6401.92,5480,4479.424,3460.288,2721.664,1983.52,1480.064,1154.592,1019.008,828,819.648,792.736,703.552,634.752,716.672,642.368,625.856,669.408,554.08,533.088,588.352,553.056,580.864,492.576,477.44,466.528,347.2,302.752,209.792,217.088,166.368,112.576,75.68,59.296,33.408,17.248,13.248,9.216,4.672,8.128,1.696,0,3.584,0,0,0,0,0,0,0,0,0,0,0,0,0,0,0,0,0,0,0,0,0,0,0,0,0,0,0,0,0,0,0,0,0,0,0,5.45,6.123,7.752,8.246,10.165,14.6,18.989,23.13,28.326,33.574,35.593,36.677,37.286,42.972,50.636,53.998,51.522,47.963,42.33,38.97,34.189,28.37,23.852,18.757,15.207,12.734,12.077,10.878,11.284,11.653,11.353,10.747,12.509,12.103,12.527,13.138,11.644,11.453,11.641,10.656,10.521,9.142,8.508,7.711,5.732,4.854,3.26,3.243,2.486,1.675,1.081,0.824,0.483,0.245,0.172,0.117,0.058,0.1,0.02,0,0.04,0.014,0,0,0,0
2026-09-03 14:38:00,1,"Normal Scan","Normal Scan",0,"ON",1,1,1,737.3,5,19.5,97.8,51.4,0.0000000686617,0.0000181569,4.97,8954.6,8.8,736.5,1,"Up Scan","Positive",254,0,4.37,1.6,8,8,0,1,1,16.174,26.446,19.04,9.647,1.962,5669.66,48,20.6,NA,0,0,0,0,0,0,0,0,0,0,0,0,0,0,0,0,0,0,0,0,0,0,0,0,0,0,0,0,0,0,0,20375.776,16055.84,12692.608,10778.88,9025.28,8348.096,8037.152,8118.848,7563.776,7508.608,7588.064,7154.656,6684.288,6322.752,5421.216,4831.328,4154.272,3603.072,3115.968,2747.168,2191.168,1887.2,1576.48,1238.624,1112.608,972.288,853.696,742.176,731.2,655.008,667.136,705.152,711.296,686.784,618.88,593.696,575.296,602.752,540.928,490.624,551.2,489.44,424.64,373.312,327.36,253.888,237.824,126.592,112.256,61.248,66.4,39.264,18.496,13.28,15.296,11.008,13.056,5.024,7.04,1.792,0,0,0,0,0,0,0,0,0,0,0,0,0,0,0,0,0,0,0,0,0,0,0,0,0,0,0,0,0,0,0,0,0,0,0,7.351,8.191,9.396,10.08,11.134,11.754,13.439,15.528,18.499,20.016,22.758,25.985,27.488,28.564,29.821,28.112,27.337,25.576,24.006,22.363,21.233,18.219,16.804,15.066,12.791,12.303,11.688,11.202,10.522,11.086,10.679,11.202,12.583,13.049,12.855,12.751,12.318,11.969,11.825,10.77,9.581,9.951,8.461,7.103,6.228,5.293,3.936,3.578,2.014,1.697,0.95,0.925,0.595,0.245,0.172,0.194,0.138,0.159,0.06,0.081,0.02,0,0,0,0,0
2026-09-03 14:43:00,1,"Normal Scan","Normal Scan",0,"ON",1,1,1,737.2,5,19.4,97.8,51.7,0.0000000686318,0.0000181521,4.97,8954.6,8.8,736.5,1,"Up Scan","Positive",254,0,4.37,1.6,8,8,0,1,1,17.625,28,20.23,9.647,2.003,5542.86,49,20.6,NA,0,0,0,0,0,0,0,0,0,0,0,0,0,0,0,0,0,0,0,0,0,0,0,0,0,0,0,0,0,0,0,20824.096,15183.712,11810.304,9389.92,7441.984,6771.936,6456.864,5864.992,5727.36,5789.696,5782.688,6365.568,6430.016,6447.744,6396.384,6232.96,6026.848,5561.472,4844.96,3987.744,2800.928,2375.584,1866.464,1449.92,1284.64,1093.216,1047.808,899.552,839.52,815.552,793.824,752.224,709.024,713.024,693.952,673.216,554.88,567.296,565.312,587.616,478.496,418.08,455.104,377.92,299.648,250.912,201.056,164.544,95.328,67.808,58.88,38.784,14.592,10.368,6.112,4.704,4.928,3.36,0,0,0,0,0,0,0,0,0,0,0,0,0,0,0,0,0,0,0,0,0,0,0,0,0,0,0,0,0,0,0,0,0,0,0,0,0,7.339,8.34,8.872,9.402,9.685,9.723,10.894,12.522,13.352,15.175,17.616,19.932,24.633,27.712,30.631,33.29,35.28,37.01,36.873,34.556,30.582,23.194,21.124,17.81,15.023,14.188,13.155,13.369,12.431,12.586,12.675,12.981,12.986,13.113,13.712,13.345,13.066,11.74,11.401,10.943,10.817,8.779,7.498,7.438,6.149,4.814,3.861,2.983,2.426,1.416,1.009,0.805,0.522,0.244,0.134,0.078,0.059,0.06,0.04,0,0,0.041,0,0,0,0
2026-09-03 14:48:00,1,"Normal Scan","Normal Scan",0,"ON",1,1,1,737.2,5,19.4,97.8,51.9,0.0000000686318,0.0000181521,4.97,8954.6,8.8,736.5,1,"Up Scan","Positive",254,0,4.37,1.6,8,8,0,1,1,19.883,27.163,20.698,9.647,1.878,6320.61,47,20.5,NA,0,0,0,0,0,0,0,0,0,0,0,0,0,0,0,0,0,0,0,0,0,0,0,0,0,0,0,0,0,0,0,15557.248,13923.456,11551.424,10449.76,9017.632,7945.92,7258.08,7447.456,7122.048,7064.8,7105.152,9615.136,10549.184,11449.248,10988.8,8964.992,8003.904,6747.712,5641.568,4451.36,3302.4,2495.296,1774.784,1222.944,864.128,766.016,644.352,570.848,482.784,416.288,463.936,610.848,562.88,633.504,676.544,670.944,657.152,495.2,524.96,565.056,492.288,475.52,452.224,385.056,287.2,225.856,185.024,167.936,118.016,68.352,48.512,36.608,32.736,7.36,6.112,6.496,1.44,0,6.944,0,0,0,0,0,0,0,0,0,0,0,0,0,0,0,0,0,0,0,0,0,0,0,0,0,0,0,0,0,0,0,0,0,0,0,0,5.688,6.325,8.177,9.22,10.905,11.783,12.77,14.071,17.057,18.955,21.594,24.569,37.218,45.22,54.028,56.777,50.553,48.926,44.505,39.953,33.781,26.896,21.738,16.587,12.304,9.436,9.15,8.648,8.446,7.972,7.975,9.256,10.99,10.824,12.531,13.277,13.232,13.123,10.557,10.178,10.363,8.888,8.458,7.536,6.169,4.632,3.595,2.771,2.477,1.72,0.951,0.712,0.509,0.451,0.096,0.078,0.081,0.018,0,0.081,0,0.014,0,0,0,0
2026-09-03 14:53:00,1,"Normal Scan","Normal Scan",0,"ON",1,1,1,737.2,5,19.4,97.8,51.8,0.0000000686318,0.0000181521,4.97,8954.6,8.8,736.5,1,"Up Scan","Positive",254,0,4.37,1.6,8,8,0,1,1,20.682,29.011,21.934,9.647,1.9,5747.78,47,20.5,NA,0,0,0,0,0,0,0,0,0,0,0,0,0,0,0,0,0,0,0,0,0,0,0,0,0,0,0,0,0,0,0,12523.264,8786.912,8782.464,7507.68,7257.184,7024.448,7370.624,7311.328,7698.272,8281.152,8604.896,9389.952,10154.304,9769.76,8913.408,7683.008,7163.488,6398.208,5424.288,4427.712,3438.912,2676,1877.248,1382.624,1087.04,949.92,820.512,727.904,678.176,597.12,579.872,591.808,619.648,637.312,634.08,616.736,510.688,566.496,573.792,585.408,528.288,586.592,532.96,421.568,358.176,263.872,194.336,131.136,89.312,71.328,45.44,21.056,22.784,14.784,6.112,9.44,6.528,1.696,0,0,0,0,0,0,0,0,0,0,0,0,0,0,0,0,0,0,0,0,0,0,0,0,0,0,0,0,0,0,0,0,0,0,0,0,0,4.338,5.067,5.137,7.042,7.789,9.509,11.342,14.261,16.717,20.468,25.195,29.604,36.198,43.535,46.171,46.196,43.467,43.911,42.321,38.543,33.766,28.15,23.419,17.697,14.123,11.91,11.221,10.589,10.081,10.366,10.143,10.156,10.905,12.137,12.807,12.917,13.251,11.591,11.678,11.339,10.778,9.412,9.652,8.678,6.759,5.502,4.071,2.93,1.971,1.34,1.013,0.639,0.285,0.302,0.191,0.078,0.118,0.08,0.02,0,0,0,0,0,0,0
2026-09-03 14:58:00,1,"Normal Scan","Normal Scan",0,"ON",1,1,1,737.2,5,19.4,97.8,51.5,0.0000000686318,0.0000181521,4.97,8954.6,8.8,736.5,1,"Up Scan","Positive",254,0,4.37,1.6,8,8,0,1,1,16.797,25.432,19.145,9.647,1.86,5603.08,46,20.5,NA,0,0,0,0,0,0,0,0,0,0,0,0,0,0,0,0,0,0,0,0,0,0,0,0,0,0,0,0,0,0,0,14426.368,11913.6,10484.672,10234.4,10079.072,10793.28,10425.92,9556.032,9006.176,8275.2,7615.744,7149.376,7893.088,8505.472,7551.04,6121.728,4879.84,3579.168,2578.176,1853.44,1431.648,1113.984,1041.664,895.808,882.848,776.256,692.224,594.112,509.504,528.288,535.424,524.992,536.064,537.44,589.248,519.232,526.752,537.184,498.112,466.848,432.48,440.8,346.816,300.832,270.912,218.368,210.08,131.616,102.112,64.736,38.528,27.136,28.864,4.448,6.144,3.168,1.632,5.056,3.488,1.824,0,0,0,0,0,0,0,0,0,0,0,0,0,0,0,0,0,0,0,0,0,0,0,0,0,0,0,0,0,0,0,0,0,0,0,5.079,5.801,6.953,8.342,10.593,13.205,17.376,20.119,21.775,23.856,25.07,26.137,27.548,33.722,39.844,38.756,34.331,29.685,23.633,18.431,14.387,12.06,10.08,10.09,9.255,9.804,9.304,8.963,8.391,8.079,8.948,9.318,9.9,10.231,10.661,11.481,10.798,10.573,10.444,9.711,8.87,8.057,7.533,5.943,4.932,4.245,3.49,3.101,1.938,1.475,0.95,0.567,0.372,0.415,0.057,0.078,0.039,0.02,0.06,0.041,0.021,0.014,0,0,0,0
2026-09-03 15:03:00,1,"Normal Scan","Normal Scan",0,"ON",1,1,1,737.4,5,19.7,97.8,51,0.0000000687214,0.0000181665,4.97,8954.6,8.8,736.5,1,"Up Scan","Positive",254,0,4.37,1.6,8,8,0,1,1,16.656,24.195,18.751,9.647,1.802,7275.74,47,20.5,NA,0,0,0,0,0,0,0,0,0,0,0,0,0,0,0,0,0,0,0,0,0,0,0,0,0,0,0,0,0,0,0,18276.128,16113.696,13673.664,12834.368,12518.368,14295.872,14269.312,13471.424,12139.296,11112.064,11191.136,11063.168,10998.688,9293.12,7866.592,6438.816,5428.544,4622.272,3929.28,3628.8,2988.8,1976.384,1372.672,1002.816,856.704,775.392,618.848,554.464,580.608,581.6,460.608,511.232,625.024,658.624,573.728,573.472,592,562.176,477.056,478.336,482.208,466.88,382.016,339.52,305.248,247.104,163.744,149.056,86.496,77.92,51.008,37.376,20.512,10.304,10.72,3.136,0,1.696,1.728,1.792,0,0,0,0,0,0,0,0,0,0,0,0,0,0,0,0,0,0,0,0,0,0,0,0,0,0,0,0,0,0,0,0,0,0,0,5.532,7.369,9.476,10.906,13.36,16.389,23.038,27.539,30.656,32.058,33.615,38.305,42.451,46.858,43.662,40.728,36.426,33.243,30.541,27.937,27.672,24.394,17.332,13,10.363,9.577,9.15,8.25,8.353,9.018,9.714,8.547,10.044,11.55,12.319,11.574,11.886,11.645,11.044,9.785,9.024,8.663,7.962,6.462,5.595,4.861,3.801,2.489,2.232,1.241,1.084,0.729,0.52,0.283,0.134,0.136,0.039,0,0.02,0.02,0.02,0.014,0,0,0,0
2026-09-03 15:08:00,1,"Normal Scan","Normal Scan",0,"ON",1,1,1,738.2,5,20.8,97.8,50.8,0.0000000690503,0.0000182193,4.97,8954.6,8.8,736.5,1,"Up Scan","Positive",254,0,4.37,1.6,8,8,0,1,1,16.629,26.173,19.132,9.647,1.926,5298.36,46,20.9,NA,0,0,0,0,0,0,0,0,0,0,0,0,0,0,0,0,0,0,0,0,0,0,0,0,0,0,0,0,0,0,0,17631.68,12838.784,10800.64,8609.856,8420.48,8146.592,9225.12,8616.8,8513.824,9432.128,8837.76,7157.216,5633.408,4736.832,4210.304,4453.408,4297.952,3847.136,3275.328,2450.72,1847.264,1590.624,1258.144,1071.136,875.968,802.944,721.408,660.928,602.368,572.288,583.776,528.608,610.016,645.184,593.088,583.808,540.416,523.04,452.544,499.584,473.664,444.544,420.48,365.152,291.936,230.048,168,136,117.28,76.128,47.872,21.12,12.864,10.304,18.24,4.736,4.928,0,0,5.376,0,0,0,0,0,0,0,0,0,0,0,0,0,0,0,0,0,0,0,0,0,0,0,0,0,0,0,0,0,0,0,0,0,0,0,5.636,7.035,7.435,8.579,8.933,10.976,13.147,17.787,19.57,22.44,28.484,30.2,27.439,24.101,22.428,21.864,25.148,26.315,25.465,23.348,18.854,15.371,14.157,12.073,11.017,9.793,9.654,9.374,9.488,9.358,9.561,10.007,9.835,11.26,12.341,11.805,11.815,11.251,10.602,9.173,9.329,8.371,7.805,7.154,5.907,4.552,3.488,2.559,2.093,1.69,1.093,0.654,0.334,0.17,0.134,0.233,0.059,0.06,0,0,0.062,0,0,0,0,0
2026-09-03 15:13:00,1,"Normal Scan","Normal Scan",0,"ON",1,1,1,738,5,20.6,97.7,50.8,0.0000000690611,0.0000182097,4.97,8954.6,8.8,736.5,1,"Up Scan","Positive",254,0,4.37,1.6,8,8,0,1,1,16.569,25.043,18.59,9.647,1.872,5174.48,46,21,NA,0,0,0,0,0,0,0,0,0,0,0,0,0,0,0,0,0,0,0,0,0,0,0,0,0,0,0,0,0,0,0,16926.752,12391.296,9690.72,9508.544,8611.008,8578.048,8251.04,8762.656,8744.512,8882.496,8960.96,8333.12,7711.168,6806.944,5423.936,4107.168,3283.232,2414.656,1935.36,1527.584,1202.592,943.104,836.864,790.56,711.296,606.912,567.104,544.096,512.896,438.976,422.848,498.4,571.104,566.464,583.2,478.592,489.344,421.344,448.032,417.888,429.696,405.152,381.888,353.792,311.584,236.736,178.656,106.816,92.544,53.152,48.864,22.336,13.696,8.768,15.264,3.2,9.856,5.024,1.76,1.792,0,0,0,0,0,0,0,0,0,0,0,0,0,0,0,0,0,0,0,0,0,0,0,0,0,0,0,0,0,0,0,0,0,0,0,5.668,6.871,7.206,7.708,9.831,11.209,13.816,15.944,19.915,23.118,26.836,30.538,31.852,32.754,31.855,27.832,23.033,20.01,15.99,13.898,11.843,10.081,8.531,8.164,8.248,7.867,7.426,7.56,7.929,8.196,7.553,7.825,9.029,10.447,10.833,11.413,10.136,10.166,9.135,9.045,8.253,7.757,6.874,6.237,5.821,4.822,3.676,2.675,1.637,1.381,0.852,0.67,0.334,0.207,0.115,0.194,0.039,0.119,0.06,0.02,0.021,0.028,0,0,0,0
2026-09-03 15:18:00,1,"Normal Scan","Normal Scan",0,"ON",1,1,1,737.8,5,20.3,97.7,49.9,0.0000000689713,0.0000181953,4.97,8954.6,8.8,736.5,1,"Up Scan","Positive",254,0,4.37,1.6,8,8,0,1,1,17.509,34.714,22.483,9.647,2.268,3387.31,45,21,NA,0,0,0,0,0,0,0,0,0,0,0,0,0,0,0,0,0,0,0,0,0,0,0,0,0,0,0,0,0,0,0,11420.928,9620.48,7140.544,5774.688,4945.728,4211.904,3979.392,3836.704,4248.928,3687.2,3272.896,2785.824,2314.752,2324.192,2264.928,2191.456,2202.656,1971.712,2115.552,2574.88,2917.6,2846.368,2463.68,1923.072,1434.528,1097.536,885.248,779.392,788.704,688.032,657.952,603.744,543.84,539.712,506.816,458.72,411.584,537.92,638.24,758.464,788.16,794.272,641.92,448.384,387.776,303.104,197.856,142.848,114.304,80.352,35.168,37.216,28.448,10.4,9.12,3.552,1.216,3.392,0,0,0,0,0,0,0,0,0,0,0,0,0,0,0,0,0,0,0,0,0,0,0,0,0,0,0,0,0,0,0,0,0,0,0,0,0,3.944,4.643,5.604,5.669,5.967,6.437,6.744,7.661,8.741,11.222,11.125,11.185,10.703,9.944,11.096,12.011,12.859,14.111,13.795,15.71,20.155,24.113,24.962,23.042,19.298,15.494,12.839,11.178,10.499,11.276,10.708,10.954,11.09,11.673,12.456,12.656,12.472,10.904,11.435,12.764,13.396,13.294,12.916,10.344,7.079,6.048,4.678,2.982,2.104,1.634,1.134,0.494,0.501,0.377,0.134,0.116,0.044,0.015,0.04,0,0,0,0,0,0,0
2026-09-03 15:23:00,1,"Normal Scan","Normal Scan",0,"ON",1,1,1,737.7,5,20.2,97.7,49.4,0.0000000689414,0.0000181905,4.97,8954.6,8.8,736.5,1,"Up Scan","Positive",254,0,4.37,1.6,8,8,0,1,1,20.092,25.592,20.56,24.582,1.752,7401.5,45,21,NA,0,0,0,0,0,0,0,0,0,0,0,0,0,0,0,0,0,0,0,0,0,0,0,0,0,0,0,0,0,0,0,12426.56,12369.504,11770.112,9971.136,10560.192,10565.024,10934.432,10171.296,10594.688,10955.136,11916.128,13405.312,14746.4,14901.984,14137.248,12186.688,9580.32,7729.12,5639.648,4223.52,2681.28,1955.776,1336.064,941.12,815.392,712.704,577.728,522.144,455.808,424.384,437.248,438.016,526.624,510.464,566.24,544.032,518.496,492.832,447.2,463.264,382.176,434.848,382.752,388.224,284.992,248.672,154.208,128.192,84.576,63.744,45.568,33.088,22.784,17.728,10.688,3.136,8.128,3.36,0,0,0,0,0,0,0,0,0,0,0,0,0,0,0,0,0,0,0,0,0,0,0,0,0,0,0,0,0,0,0,0,0,0,0,0,0,3.977,5.054,7.224,9.367,10.368,13.769,17.009,21.148,23.248,28.108,33.354,41.027,51.571,63.02,69.98,72.708,68.208,58.161,50.644,39.765,32.013,21.866,17.104,12.576,9.596,8.932,8.423,7.595,7.583,7.424,7.506,8.1,8.489,10.097,10.277,10.995,11.212,10.602,10.236,9.227,8.647,7.017,7.566,6.373,6.224,4.547,3.874,2.371,1.928,1.258,0.936,0.622,0.446,0.302,0.229,0.136,0.039,0.099,0.04,0,0,0,0,0,0,0
2026-09-03 15:28:00,1,"Normal Scan","Normal Scan",0,"ON",1,1,1,737.6,5,20,97.8,49.4,0.0000000688111,0.0000181809,4.97,8954.6,8.8,736.5,1,"Up Scan","Positive",254,0,4.37,1.6,8,8,0,1,1,16.178,25.496,18.869,9.647,1.903,5346.94,45,21,NA,0,0,0,0,0,0,0,0,0,0,0,0,0,0,0,0,0,0,0,0,0,0,0,0,0,0,0,0,0,0,0,16647.712,14114.176,11983.456,10302.176,9249.6,8583.936,8773.824,8813.952,8220.512,8134.272,7039.072,6202.784,5187.072,4736.608,4117.472,4359.136,5220.416,4547.648,3822.144,3540.512,2633.504,1784.608,1349.536,994.048,759.904,654.976,544.16,477.984,440.832,378.528,380.608,452.352,479.616,519.744,480.224,570.432,502.816,440.288,447.68,466.4,476.928,410.144,411.648,335.232,290.272,227.744,184.352,134.176,84.544,80.416,43.264,20.864,18.624,16.16,0,7.904,1.632,1.696,0,1.792,0,0,0,0,0,0,0,0,0,0,0,0,0,0,0,0,0,0,0,0,0,0,0,0,0,0,0,0,0,0,0,0,0,0,0,5.227,6.736,8.252,9.512,10.655,12.052,13.824,16.958,20.022,21.657,24.565,24.06,23.884,22.308,22.506,21.587,24.842,31.963,30.047,27.165,26.884,21.493,15.603,12.669,10.054,8.277,7.705,7.281,7.001,7.092,6.841,7.479,8.552,9.4,10.365,10.25,11.44,10.6,9.251,9.062,8.901,8.587,6.98,6.856,5.457,4.514,3.519,2.785,1.946,1.247,1.134,0.604,0.297,0.245,0.21,0,0.098,0.02,0.02,0,0.02,0,0,0,0,0
2026-09-03 15:33:00,1,"Normal Scan","Normal Scan",0,"ON",1,1,1,737.6,5,19.9,97.8,49.3,0.0000000687812,0.0000181761,4.97,8954.6,8.8,736.5,1,"Up Scan","Positive",254,0,4.37,1.6,8,8,0,1,1,17.924,24.581,19.25,9.647,1.797,7210.94,45,21,NA,0,0,0,0,0,0,0,0,0,0,0,0,0,0,0,0,0,0,0,0,0,0,0,0,0,0,0,0,0,0,0,18902.464,16648.16,13411.232,12363.424,11882.432,10972.576,10148.544,10029.568,10058.912,9809.536,10924.224,12136.352,11712.896,10384.064,9736.896,9407.008,8433.696,6901.984,5370.784,3907.392,2815.296,1938.176,1315.264,991.488,740.8,596.064,487.936,405.312,402.624,357.792,356.64,429.504,508.64,503.488,524.096,474.048,468.96,478.56,449.952,473.6,425.696,461.76,459.872,343.136,313.472,253.664,186.176,135.744,97.952,72.544,43.296,42.464,21.472,10.336,10.72,1.6,8.192,0,1.76,0,0,0,0,0,0,0,0,0,0,0,0,0,0,0,0,0,0,0,0,0,0,0,0,0,0,0,0,0,0,0,0,0,0,0,0,5.898,7.569,9.76,10.704,12.808,15.501,17.634,19.645,22.897,26.652,29.768,37.621,46.698,50.084,48.994,50.291,52.878,51.263,45.278,37.936,29.609,22.854,16.88,12.288,9.966,8.032,7.155,6.505,6.256,6.585,6.626,6.917,8.306,9.82,10.38,10.668,10.418,10.499,9.856,9.371,9.016,7.922,7.98,7.616,5.548,5.001,3.918,2.792,2.022,1.427,1.054,0.604,0.576,0.283,0.134,0.136,0.02,0.099,0,0.02,0,0,0,0,0,0
2026-09-03 15:38:00,1,"Normal Scan","Normal Scan",0,"ON",1,1,1,737.6,5,19.9,97.8,49.2,0.0000000687812,0.0000181761,4.97,8954.6,8.8,736.5,1,"Up Scan","Positive",254,0,4.37,1.6,8,8,0,1,1,16.542,26.751,19.367,9.647,1.945,6234.84,45,21,NA,0,0,0,0,0,0,0,0,0,0,0,0,0,0,0,0,0,0,0,0,0,0,0,0,0,0,0,0,0,0,0,19029.28,16396.192,13920.512,12290.304,10530.368,9679.36,9293.568,8748.256,8477.504,7544.256,7399.04,7347.84,6905.536,6339.168,6659.648,7350.656,6638.24,5830.688,4647.36,3634.144,2875.872,1988.32,1416.832,1061.024,804.256,736.8,589.952,579.84,523.136,523.328,483.584,548.192,582.784,556.352,554.976,548.896,687.84,591.84,594.784,682.656,645.12,611.2,516.64,499.776,402.368,351.968,288.896,194.336,136.224,80.608,69.856,45.568,17.824,14.72,19.904,4.736,11.456,5.024,3.456,1.696,0,0,0,0,0,0,0,0,0,0,0,0,0,0,0,0,0,0,0,0,0,0,0,0,0,0,0,0,0,0,0,0,0,0,0,5.907,7.73,9.578,11.085,12.754,13.752,15.572,17.872,19.893,22.411,22.859,25.489,28.365,29.678,30.127,34.593,41.474,40.54,38.384,32.96,27.658,23.47,17.406,13.393,10.847,8.979,8.77,8.024,8.442,8.336,8.837,9.391,10.846,11.71,12.367,12.753,12.821,14.307,12.908,12.23,13.067,11.823,10.653,8.639,8.135,6.394,5.406,4.313,2.961,2.056,1.225,0.988,0.613,0.321,0.191,0.252,0.059,0.139,0.06,0.041,0.02,0.055,0,0,0,0
2026-09-03 15:43:00,1,"Normal Scan","Normal Scan",0,"ON",1,1,1,737.6,5,19.9,97.8,49.3,0.0000000687812,0.0000181761,4.97,8954.6,8.8,736.5,1,"Up Scan","Positive",254,0,4.37,1.6,8,8,0,1,1,20.514,26.736,20.781,9.647,1.825,7087.88,45,21,NA,0,0,0,0,0,0,0,0,0,0,0,0,0,0,0,0,0,0,0,0,0,0,0,0,0,0,0,0,0,0,0,17278.912,13044.672,12076.192,9921.856,8947.616,8556.896,7992.96,7634.496,8643.968,9382.976,10172.96,11924.64,13513.984,13310.112,12676.512,12095.04,10844.256,8694.496,5965.568,4307.008,3058.88,2132.416,1499.872,1133.856,846.176,673.088,607.936,442.368,469.056,505.056,495.232,448.224,525.728,570.304,566.08,516.832,509.12,471.648,443.328,419.36,520.672,506.496,475.424,434.656,377.024,322.144,252.672,192.768,119.36,101.728,85.312,23.456,27.264,11.776,15.328,9.472,4.896,5.056,5.248,1.792,0,0,0,0,0,0,0,0,0,0,0,0,0,0,0,0,0,0,0,0,0,0,0,0,0,0,0,0,0,0,0,0,0,0,0,5.066,7.069,7.66,9.589,10.215,11.714,13.795,15.47,17.486,23.045,28.572,35.171,46.12,57.898,62.682,65.35,67.881,65.892,57.035,42.107,32.677,24.869,18.615,14.009,11.413,9.365,8.12,7.912,6.736,7.774,8.368,8.754,8.839,10.188,11.024,11.916,11.616,11.439,10.651,9.815,9.118,9.844,8.903,8.042,7.341,5.91,4.995,3.783,2.912,1.781,1.468,1.207,0.353,0.377,0.153,0.194,0.118,0.06,0.06,0.061,0.02,0.014,0,0,0,0
2026-09-03 15:48:00,1,"Normal Scan","Normal Scan",0,"ON",1,1,1,737.5,5,19.8,97.8,49.3,0.0000000687513,0.0000181713,4.97,8954.6,8.8,736.5,1,"Up Scan","Positive",254,0,4.37,1.6,8,8,0,1,1,19.882,27.707,21.257,9.647,1.848,6800.17,45,20.9,NA,0,0,0,0,0,0,0,0,0,0,0,0,0,0,0,0,0,0,0,0,0,0,0,0,0,0,0,0,0,0,0,13767.776,10683.136,9221.888,8860.16,8854.592,9318.624,10086.24,10751.328,10376.576,11037.408,10970.912,11228.8,11516.96,10989.024,10582.112,9565.6,8648.96,7473.792,6051.392,5016.16,3629.248,2535.168,1757.44,1252.224,944.48,741.632,612.608,495.136,477.536,471.648,467.68,569.536,656.768,695.136,625.824,628.192,628.864,614.496,617.056,587.584,617.664,530.112,501.504,462.208,381.184,288.8,209.92,194.016,126.848,93.824,68.128,44.8,23.808,25.184,18.304,4.768,4.864,0,0,0,0,0,0,0,0,0,0,0,0,0,0,0,0,0,0,0,0,0,0,0,0,0,0,0,0,0,0,0,0,0,0,0,0,0,0,4.425,5.539,6.302,7.349,9.196,11.598,15.053,19.538,24.554,27.486,33.463,37.694,43.265,49.343,51.882,54.776,53.966,52.798,49.176,42.835,38.024,29.469,22.064,16.303,12.611,10.287,8.938,8.296,7.76,8.111,8.496,9.151,11.027,12.661,13.85,13.38,13.196,13.192,12.916,12.361,11.088,11.143,9.395,8.364,7.592,6.107,4.449,3.294,2.878,1.9,1.308,0.932,0.602,0.339,0.325,0.233,0.059,0.06,0,0,0,0.028,0,0,0,0
2026-09-03 15:53:00,1,"Normal Scan","Normal Scan",0,"ON",1,1,1,737.5,5,19.8,97.8,49.2,0.0000000687513,0.0000181713,4.97,8954.6,8.8,736.5,1,"Up Scan","Positive",254,0,4.37,1.6,8,8,0,1,1,19.051,30.835,22.249,9.647,2.026,5870.67,45,20.9,NA,0,0,0,0,0,0,0,0,0,0,0,0,0,0,0,0,0,0,0,0,0,0,0,0,0,0,0,0,0,0,0,13239.936,11228.448,9578.272,8912.512,8641.664,8633.536,8307.744,8573.12,8268.512,9029.056,8049.344,6836,6641.76,5908.48,5972.128,6114.976,5948.48,5529.344,5340.832,4325.408,3402.496,2728.64,2244.288,2005.472,2088.256,2028.032,1821.6,1614.112,1370.816,1266.88,1304.032,1224.704,1010.656,870.848,827.936,725.408,716.032,617.76,672.064,658.464,611.744,566.912,503.424,499.328,356,290.176,234.976,160.032,126.784,80.832,32.768,53.856,21.504,13.312,14.72,6.912,3.296,6.784,0,0,0,0,0,0,0,0,0,0,0,0,0,0,0,0,0,0,0,0,0,0,0,0,0,0,0,0,0,0,0,0,0,0,0,0,0,4.173,5.427,6.523,7.629,9.242,11.316,13.858,16.05,19.541,21.88,27.307,27.629,26.366,28.54,28.158,31.21,34.772,36.641,36.793,38.319,33.65,28.71,24.954,21.998,21.03,23.124,23.922,22.732,21.091,19.248,18.773,20.004,19.637,17.651,16.441,16.161,14.767,14.507,13.027,12.854,12.213,11.11,9.644,8.36,7.828,5.738,4.468,3.549,2.425,1.813,1.188,0.476,0.725,0.283,0.172,0.187,0.086,0.04,0.081,0,0,0,0,0,0,0
2026-09-03 15:58:00,1,"Normal Scan","Normal Scan",0,"ON",1,1,1,737.4,5,19.7,97.8,49.3,0.0000000687214,0.0000181665,4.97,8954.6,8.8,736.5,1,"Up Scan","Positive",254,0,4.37,1.6,8,8,0,1,1,21.706,29.5,22.496,26.416,1.88,5370.46,45,20.9,NA,0,0,0,0,0,0,0,0,0,0,0,0,0,0,0,0,0,0,0,0,0,0,0,0,0,0,0,0,0,0,0,10661.504,8176.576,7333.408,5760.096,6018.4,6073.664,6041.088,6929.824,7800.288,7927.968,7727.392,7254.848,7699.648,10164.576,10820.256,9311.008,7560.8,6551.776,5999.488,5127.744,3765.92,2464.032,1728,1189.184,861.984,714.176,575.872,507.36,443.328,385.472,411.776,471.456,486.528,509.248,527.936,521.376,486.656,553.792,576.544,554.688,499.424,480.064,468.96,404.704,339.2,264.64,215.232,145.472,137.344,68.672,69.376,27.808,20.096,13.28,7.584,3.168,0,3.392,7.04,3.616,0,0,0,0,0,0,0,0,0,0,0,0,0,0,0,0,0,0,0,0,0,0,0,0,0,0,0,0,0,0,0,0,0,0,0,3.995,4.344,4.804,5.817,5.954,7.88,9.79,11.709,15.828,20.715,24.131,26.654,28.079,33.158,48.164,56.003,52.535,46.209,43.249,42.452,38.836,30.502,21.412,16.096,11.897,9.315,8.422,7.594,7.367,7.156,7.096,7.877,9.212,10.228,10.79,11.348,11.299,10.891,11.524,11.389,10.463,9.094,8.461,7.831,6.628,5.348,4.074,3.257,2.169,1.973,0.973,0.988,0.446,0.283,0.172,0.097,0.039,0,0.04,0.081,0.04,0.014,0,0,0,0
2026-09-03 16:03:00,1,"Normal Scan","Normal Scan",0,"ON",1,1,1,737.4,5,19.7,97.8,49.4,0.0000000687214,0.0000181665,4.97,8954.6,8.8,736.5,1,"Up Scan","Positive",254,0,4.37,1.6,8,8,0,1,1,22.907,30.663,23.177,28.387,1.913,7412.81,45,20.8,NA,0,0,0,0,0,0,0,0,0,0,0,0,0,0,0,0,0,0,0,0,0,0,0,0,0,0,0,0,0,0,0,13391.808,12130.368,9752.16,8947.84,8658.528,9236.864,9060.896,9052.16,8421.888,7996.736,7984.256,8894.08,10138.688,11536.448,12865.472,13897.44,13845.888,12485.728,10236.48,7507.328,4902.688,3293.6,2543.232,2036.416,1524.8,1308.992,1130.592,928.128,834.08,745.216,709.6,711.136,670.56,616.32,648.032,616.544,724.448,742.432,752.96,859.008,899.68,750.88,651.776,543.776,501.344,429.28,323.84,228.416,178.176,129.984,85.76,40.736,34.304,21.248,22.912,12.64,6.56,1.696,5.312,1.792,0,0,0,0,0,0,0,0,0,0,0,0,0,0,0,0,0,0,0,0,0,0,0,0,0,0,0,0,0,0,0,0,0,0,0,4.684,5.402,7.098,7.786,9.279,11.313,14.893,17.524,20.661,22.329,24.401,27.81,34.805,44.011,55.086,66.913,78.355,84.307,82.021,72.378,56.988,40.012,28.963,23.947,20.407,16.509,15.224,14.19,12.692,12.212,11.899,12.816,13.929,13.812,14.35,15.606,14.838,15.979,15.65,15.351,16.413,15.823,13.205,11.071,8.991,7.872,6.623,4.887,3.534,2.641,1.855,1.189,0.613,0.521,0.275,0.291,0.157,0.08,0.02,0.061,0.02,0.055,0,0,0,0
2026-09-03 16:08:00,1,"Normal Scan","Normal Scan",0,"ON",1,1,1,737.9,5,20.4,97.8,49.1,0.0000000689307,0.0000182001,4.97,8954.6,8.8,736.5,1,"Up Scan","Positive",254,0,4.37,1.6,8,8,0,1,1,19.501,28.091,21.404,9.647,1.878,6887.25,45,21,NA,0,0,0,0,0,0,0,0,0,0,0,0,0,0,0,0,0,0,0,0,0,0,0,0,0,0,0,0,0,0,0,13199.808,12157.536,10250.656,9546.368,9219.584,9459.712,9755.072,10620.736,11248.8,11447.712,12366.848,11061.408,9441.6,8580.192,7729.664,8138.048,7381.856,7859.136,8029.504,6513.344,4628.352,3192.608,2113.76,1459.84,1072.192,897.952,671.744,633.504,627.264,661.728,659.104,660.384,711.616,739.296,718.24,763.104,755.84,669.568,640.192,633.664,594.368,569.056,518.432,467.008,351.456,267.808,213.76,140.576,116.608,80.224,61.472,24.352,31.488,10.336,7.648,3.168,6.528,6.752,1.76,1.76,0,0,0,0,0,0,0,0,0,0,0,0,0,0,0,0,0,0,0,0,0,0,0,0,0,0,0,0,0,0,0,0,0,0,0,4.264,5.292,7.061,8.167,9.871,12.091,15.23,18.852,24.237,29.698,34.631,42.364,42.493,40.552,40.911,40.499,46.228,45.359,51.912,56.71,49.289,37.539,27.643,19.71,14.75,11.906,10.809,9.163,9.571,10.056,11.357,12.096,12.349,13.707,14.528,14.502,15.273,15.118,13.478,12.298,11.633,10.526,9.657,8.595,7.474,5.488,4.22,3.206,2.076,1.706,1.17,0.878,0.334,0.434,0.134,0.097,0.039,0.08,0.081,0.02,0.02,0,0,0,0,0
2026-09-03 16:13:00,1,"Normal Scan","Normal Scan",0,"ON",1,1,1,738.3,5,20.9,97.8,49.3,0.0000000690802,0.0000182241,4.97,8954.6,8.8,736.5,1,"Up Scan","Positive",254,0,4.37,1.6,8,8,0,1,1,21.203,28.431,22.459,18.434,1.796,6914.87,45,21.3,NA,0,0,0,0,0,0,0,0,0,0,0,0,0,0,0,0,0,0,0,0,0,0,0,0,0,0,0,0,0,0,0,9181.504,8501.536,7186.88,7129.504,7340.064,8354.752,9430.944,10595.04,12193.568,12912.96,12622.112,12159.872,11323.68,11601.632,12245.664,12161.088,10861.824,8781.6,7000.64,5181.12,4077.504,3110.496,2134.912,1592.8,1158.464,943.744,735.52,649.92,584.992,541.632,572.896,588.416,528.16,553.472,551.168,521.248,587.552,512.608,564.96,570.368,559.008,544.608,497.216,456.096,333.728,276.32,232.448,196.736,101.92,80.8,60.96,34.56,25.568,14.72,4.576,1.6,4.864,3.392,0,0,0,0,0,0,0,0,0,0,0,0,0,0,0,0,0,0,0,0,0,0,0,0,0,0,0,0,0,0,0,0,0,0,0,0,0,2.906,3.722,4.943,5.713,7.408,9.599,13.457,18.266,24.138,32.265,39.159,43.365,46.907,48.598,54.809,63.278,68.411,66.222,57.779,49.528,39.361,33.167,26.99,19.923,15.914,12.501,11.105,9.535,9.167,8.852,9.046,10.173,10.755,10.815,11.653,11.941,11.707,12.58,11.341,11.075,10.842,10.386,9.403,8.174,7.254,5.315,4.281,3.48,2.835,1.487,1.145,0.847,0.464,0.339,0.191,0.058,0.02,0.06,0.04,0,0,0,0,0,0,0
2026-09-03 16:18:00,1,"Normal Scan","Normal Scan",0,"ON",1,1,1,737.9,5,20.4,97.8,49,0.0000000689307,0.0000182001,4.97,8954.6,8.8,736.5,1,"Up Scan","Positive",254,0,4.37,1.6,8,8,0,1,1,18.661,30.801,21.872,9.647,2.025,4139.28,45,21.2,NA,0,0,0,0,0,0,0,0,0,0,0,0,0,0,0,0,0,0,0,0,0,0,0,0,0,0,0,0,0,0,0,8235.264,7869.888,6543.936,6728.064,7046.944,6409.824,6597.536,6495.04,6255.296,6195.968,5748.608,5443.168,4864.96,4358.208,4362.048,4227.488,3920.16,3645.504,3290.496,2983.392,2483.328,2242.592,1701.952,1345.088,1155.392,918.848,816.992,770.688,665.6,609.024,533.568,577.12,470.656,543.808,484.128,516.64,523.68,498.592,538.592,578.4,557.152,551.872,465.792,372.704,335.68,292.704,209.088,150.208,125.76,78.08,57.568,23.52,20,5.856,6.144,1.6,1.632,1.696,1.728,1.792,0,0,0,0,0,0,0,0,0,0,0,0,0,0,0,0,0,0,0,0,0,0,0,0,0,0,0,0,0,0,0,0,0,0,0,2.526,3.286,4.577,5.192,6.995,9.2,10.276,12.746,14.789,16.53,18.694,19.699,20.944,20.855,20.707,22.741,24.065,24.274,24.324,23.614,23.017,20.502,19.795,16.173,13.687,12.561,10.765,10.4,10.331,9.793,9.645,9.483,10.537,9.941,11.358,10.906,11.706,11.432,10.417,10.945,10.783,10.019,9.348,7.823,6.073,5.19,4.449,3.083,2.198,1.796,1.092,0.816,0.334,0.264,0.076,0.078,0.02,0.02,0.02,0.02,0.02,0,0,0,0,0
2026-09-03 16:23:00,1,"Normal Scan","Normal Scan",0,"ON",1,1,1,737.7,5,20.1,97.8,48.6,0.000000068841,0.0000181857,4.97,8954.6,8.8,736.5,1,"Up Scan","Positive",254,0,4.37,1.6,8,8,0,1,1,24.199,35.293,25.952,24.582,2.002,5047.6,44,21.2,NA,0,0,0,0,0,0,0,0,0,0,0,0,0,0,0,0,0,0,0,0,0,0,0,0,0,0,0,0,0,0,0,6773.984,5737.888,5813.472,5612.64,5582.688,4814.752,5151.904,4303.584,4682.112,5445.696,6884.8,8109.824,9308.416,9574.624,8924.192,7306.432,5979.52,5706.496,5759.776,5994.176,5411.936,4355.136,2806.08,2080.416,1759.584,1390.528,1147.04,1014.4,896.672,837.12,853.504,991.712,893.792,830.112,807.36,765.856,777.44,750.656,760.64,736.512,715.296,688.16,621.44,554.912,433.76,304.864,267.648,172.352,133.088,105.664,71.456,35.264,34.976,19.2,15.296,6.368,3.296,3.392,3.456,0,0,0,0,0,0,0,0,0,0,0,0,0,0,0,0,0,0,0,0,0,0,0,0,0,0,0,0,0,0,0,0,0,0,0,0,2.45,2.726,3.364,4.619,5.855,7.296,7.724,9.976,9.88,12.531,16.696,23.761,31.225,39.898,45.325,46.469,41.806,37.215,38.164,41.232,45.9,44.175,37.925,26.347,21.023,19.065,16.47,14.994,14.259,13.618,13.714,14.732,17.057,16.906,16.634,16.616,16.191,16.286,15.371,14.72,13.56,12.868,11.649,10.258,8.972,6.775,4.797,4.062,2.582,1.931,1.512,1.024,0.474,0.462,0.249,0.194,0.079,0.04,0.04,0.041,0,0,0,0,0,0
2026-09-03 16:28:00,1,"Normal Scan","Normal Scan",0,"ON",1,1,1,737.6,5,19.9,97.8,48.6,0.0000000687812,0.0000181761,4.97,8954.6,8.8,736.5,1,"Up Scan","Positive",254,0,4.37,1.6,8,8,0,1,1,22.043,30.402,23.263,22.876,1.894,5969.86,45,21.1,NA,0,0,0,0,0,0,0,0,0,0,0,0,0,0,0,0,0,0,0,0,0,0,0,0,0,0,0,0,0,0,0,8875.392,8196.608,7786.624,7103.84,7562.624,7067.424,7779.904,7966.432,8049.792,8018.176,8213.44,9130.272,9991.52,9575.328,9974.624,9230.848,8113.856,7252.64,6390.848,5440.48,4560.896,3453.856,2669.6,2059.136,1618.912,1364.096,1211.968,981.44,935.904,802.368,754.336,760.128,729.952,639.872,597.952,552.512,608.96,576.192,603.104,539.648,525.664,535.936,482.272,426.208,318.976,300.352,202.624,177.888,128.448,67.616,42.048,31.872,21.504,16.288,6.048,0,1.664,5.056,1.728,1.792,0,0,0,0,0,0,0,0,0,0,0,0,0,0,0,0,0,0,0,0,0,0,0,0,0,0,0,0,0,0,0,0,0,0,0,2.709,3.585,4.779,6.195,7.361,9.875,11.39,15.087,18.2,21.335,24.429,28.352,35.273,42.888,45.419,51.805,52.278,49.849,48.129,45.567,41.664,37.412,30.39,25.083,20.879,17.513,15.866,15.161,13.253,13.324,12.422,12.436,13.25,13.457,12.697,12.39,12.14,12.703,11.975,11.672,10.411,9.545,9.401,7.954,6.721,4.994,4.614,3.093,2.58,1.825,0.991,0.604,0.446,0.302,0.21,0.078,0,0.02,0.06,0.02,0.02,0.014,0,0,0,0
2026-09-03 16:33:00,1,"Normal Scan","Normal Scan",0,"ON",1,1,1,737.5,5,19.8,97.8,48.6,0.0000000687513,0.0000181713,4.97,8954.6,8.8,736.5,1,"Up Scan","Positive",254,0,4.37,1.6,8,8,0,1,1,22.032,28.982,22.999,24.582,1.801,7170.93,44,21,NA,0,0,0,0,0,0,0,0,0,0,0,0,0,0,0,0,0,0,0,0,0,0,0,0,0,0,0,0,0,0,0,7923.264,7267.2,8782.048,7418.368,8681.824,9109.12,9987.168,10299.872,10738.848,11363.712,11550.24,11998.432,12700.512,13123.296,13065.952,12608.48,10942.912,9582.304,7943.808,6135.296,4558.944,3353.024,2521.632,1877.472,1498.272,1327.584,1049.312,964.864,814.976,728.48,732.032,728.736,739.744,631.424,599.52,622.208,575.264,562.72,559.2,553.44,574.304,493.408,505.856,418.912,300.896,249.568,195.68,147.968,139.456,63.04,61.408,41.536,18.752,13.248,9.152,1.568,6.528,3.36,1.76,1.696,0,0,0,0,0,0,0,0,0,0,0,0,0,0,0,0,0,0,0,0,0,0,0,0,0,0,0,0,0,0,0,0,0,0,0,2.625,3.236,4.321,6.986,7.723,11.382,14.734,19.351,23.571,28.517,34.61,39.893,46.36,54.555,62.11,67.652,71.039,66.823,63.174,56.309,46.779,37.307,29.372,23.798,18.936,16.189,15.465,13.313,13.136,11.807,11.613,12.29,12.848,13.355,12.634,12.568,12.763,12.361,11.59,10.927,10.364,10.103,8.723,8.338,6.807,4.839,3.862,2.95,2.203,1.996,0.937,0.842,0.576,0.264,0.172,0.116,0.02,0.08,0.04,0.02,0.02,0,0,0,0,0
2026-09-03 16:38:00,1,"Normal Scan","Normal Scan",0,"ON",1,1,1,737.3,5,19.7,97.7,48.7,0.0000000687918,0.0000181665,4.97,8954.6,8.8,736.5,1,"Up Scan","Positive",254,0,4.37,1.6,8,8,0,1,1,19.43,26.54,20.741,9.647,1.816,6973.88,45,20.9,NA,0,0,0,0,0,0,0,0,0,0,0,0,0,0,0,0,0,0,0,0,0,0,0,0,0,0,0,0,0,0,0,12972.32,11274.912,11609.888,10672.224,10197.12,10909.888,10491.392,10429.408,10462.944,10316.096,10415.648,10769.888,10993.248,11114.336,11153.248,10331.264,9679.872,7834.112,5761.312,4225.312,3274.208,2256,1734.208,1312.352,1034.4,872.672,808.032,691.136,591.136,564.64,566.592,552,497.984,540.608,540.128,526.368,554.08,517.76,562.08,522.112,512.128,454.816,460.864,374.752,314.112,245.376,188.832,172.992,100.608,71.072,51.68,28.576,18.56,13.312,12.16,4.736,1.632,1.696,3.488,0,0,0,0,0,0,0,0,0,0,0,0,0,0,0,0,0,0,0,0,0,0,0,0,0,0,0,0,0,0,0,0,0,0,0,0,3.56,5.265,6.601,9.269,11.077,13.334,17.542,20.239,23.822,27.7,31.3,35.821,41.568,47.168,52.466,57.538,58.114,58.893,51.516,40.825,32.196,26.757,19.902,16.322,13.274,11.337,10.396,10.2,9.551,8.952,9.304,9.789,10.278,10.238,11.185,11.434,11.124,11.729,10.799,10.82,9.792,9.386,7.892,7.664,6.066,4.937,3.751,2.892,2.563,1.453,0.995,0.746,0.39,0.245,0.172,0.155,0.059,0.02,0.02,0.041,0,0,0,0,0,0
2026-09-03 16:43:00,1,"Normal Scan","Normal Scan",0,"ON",1,1,1,737.3,5,19.6,97.8,48.9,0.0000000686915,0.0000181617,4.97,8954.6,8.8,736.5,1,"Up Scan","Positive",254,0,4.37,1.6,8,8,0,1,1,19.867,32.874,22.617,21.288,2.055,7635.05,45,20.9,NA,0,0,0,0,0,0,0,0,0,0,0,0,0,0,0,0,0,0,0,0,0,0,0,0,0,0,0,0,0,0,0,13589.632,11781.728,10784.416,9963.168,10458.208,10400.224,10446.688,11422.912,12779.136,13413.024,13642.816,13694.304,12996.352,11991.04,11377.376,10200.256,7457.184,5923.84,4756.512,3574.4,2877.824,2242.624,1652.064,1230.048,1068.8,786.784,588.864,554.112,815.936,1077.6,1160.928,1238.592,1248.576,1463.904,1274.176,1414.624,1377.344,1441.92,1439.36,1232.896,1286.752,1180.896,1058.816,907.168,709.088,528.928,407.232,317.984,254.4,208.352,189.824,125.216,104.96,75.232,41.312,39.488,11.424,11.744,17.472,5.248,0,0,0,0,0,0,0,0,0,0,0,0,0,0,0,0,0,0,0,0,0,0,0,0,0,0,0,0,0,0,0,0,0,0,0,3.965,5.478,6.887,8.616,10.398,13.701,16.754,20.238,26.146,33.836,40.657,46.824,52.619,55.425,56.377,58.596,57.271,45.507,39.101,33.805,27.363,23.551,19.589,15.563,13.087,12.779,10.841,9.918,10.588,14.904,19.196,21.695,24.247,25.847,28.78,27.264,29.274,28.41,28.631,27.346,23.161,23.078,20.516,18.213,15.478,11.913,8.818,6.671,5.039,3.941,3.023,2.713,1.78,1.491,0.974,0.524,0.491,0.139,0.141,0.204,0.06,0.069,0,0,0,0
