"date","Flag","Detector.Status","Classifier.Errors","Communication.Status","Neutralizer.Status","Detector.Inlet.Flow..L.min.","Detector.Counting.Flow..L.min.","Impactor.Flow..L.min.","Impactor.D50..nm.","Sheath.Flow..L.min.","Sheath.Temp..C.","Sheath.Pressure..kPa.","Sheath.Relative.Humidity....","Mean.Free.Path..m.","Gas.Viscosity..Pa.s.","Low.Voltage..V.","High.Voltage..V.","Lower.Size..nm.","Upper.Size..nm.","Wide.Range.Scan.Mode","Scan.Direction","HV.Polarity","DMA.V.Ramping.Up..TUP...s.","DMA.V.Ramping.Down..TDOWN...s.","DMA.Column.transit.time.Tf..s.","DMA.Exit.to.Optical.Detector.Td..s.","DMA.at.Low.Voltage..TLOW...s.","DMA.at.High.Voltage..THIGH...s.","Adjustment..s.","Dilution.Factor","Aerosol.Density..g.cm..","Median..nm.","Mean..nm.","Geo..Mean..nm.","Mode..nm.","Geo..Std..Dev","Total.Concentration....cm..","Aerosol.Humidity....","Aerosol.Temperature..C.","Reserved.1","part_1.04","part_1.11","part_1.20","part_1.29","part_1.38","part_1.49","part_1.60","part_1.72","part_1.84","part_1.98","part_2.13","part_2.29","part_2.46","part_2.64","part_2.84","part_3.05","part_3.28","part_3.52","part_3.79","part_4.07","part_4.37","part_4.70","part_5.05","part_5.42","part_5.83","part_6.26","part_6.73","part_7.23","part_7.77","part_8.35","part_8.98","part_9.65","part_10.37","part_11.14","part_11.97","part_12.86","part_13.82","part_14.86","part_15.96","part_17.15","part_18.43","part_19.81","part_21.29","part_22.88","part_24.58","part_26.42","part_28.39","part_30.51","part_32.78","part_35.23","part_37.86","part_40.68","part_43.71","part_46.98","part_50.48","part_54.25","part_58.29","part_62.64","part_67.32","part_72.34","part_77.74","part_83.54","part_89.77","part_96.47","part_103.66","part_111.40","part_119.71","part_128.64","part_138.24","part_148.55","part_159.63","part_171.54","part_184.34","part_198.10","part_212.88","part_228.76","part_245.82","part_264.16","part_283.87","part_305.05","part_327.81","part_352.27","part_378.55","part_406.79","part_437.14","part_469.76","part_504.81","part_542.47","part_582.94","part_626.43","part_673.17","part_723.39","part_777.37","part_835.36","part_897.69","part_964.66","raw_1.04","raw_1.11","raw_1.20","raw_1.29","raw_1.38","raw_1.49","raw_1.60","raw_1.72","raw_1.84","raw_1.98","raw_2.13","raw_2.29","raw_2.46","raw_2.64","raw_2.84","raw_3.05","raw_3.28","raw_3.52","raw_3.79","raw_4.07","raw_4.37","raw_4.70","raw_5.05","raw_5.42","raw_5.83","raw_6.26","raw_6.73","raw_7.23","raw_7.77","raw_8.35","raw_8.98","raw_9.65","raw_10.37","raw_11.14","raw_11.97","raw_12.86","raw_13.82","raw_14.86","raw_15.96","raw_17.15","raw_18.43","raw_19.81","raw_21.29","raw_22.88","raw_24.58","raw_26.42","raw_28.39","raw_30.51","raw_32.78","raw_35.23","raw_37.86","raw_40.68","raw_43.71","raw_46.98","raw_50.48","raw_54.25","raw_58.29","raw_62.64","raw_67.32","raw_72.34","raw_77.74","raw_83.54","raw_89.77","raw_96.47","raw_103.66","raw_111.40","raw_119.71","raw_128.64","raw_138.24","raw_148.55","raw_159.63","raw_171.54","raw_184.34","raw_198.10","raw_212.88","raw_228.76","raw_245.82","raw_264.16","raw_283.87","raw_305.05","raw_327.81","raw_352.27","raw_378.55","raw_406.79","raw_437.14","raw_469.76","raw_504.81","raw_542.47","raw_582.94","raw_626.43","raw_673.17","raw_723.39","raw_777.37","raw_835.36","raw_897.69","raw_964.66"
2026-09-01 00:03:00,1,"Normal Scan","Normal Scan",0,"ON",1,1,1,738.3,5,20.5,98.2,40.9,0.0000000686797,0.0000182049,4.97,8954.6,8.8,736.5,1,"Up Scan","Positive",254,0,4.37,1.6,8,8,0,1,1,29.503,33.105,28.132,35.227,1.72,11169.2,38,21.4,NA,0,0,0,0,0,0,0,0,0,0,0,0,0,0,0,0,0,0,0,0,0,0,0,0,0,0,0,0,0,0,0,7334.752,8290.08,8068.224,7404.96,7651.776,7683.872,8413.312,8865.504,9360.704,10211.008,11147.584,12987.36,14791.296,16740.128,18757.92,20417.856,22370.624,23229.888,23396.192,21508.032,19245.28,16587.296,13232.8,10209.472,7377.888,4813.568,3116.416,2120.896,1331.744,1056.512,831.168,727.52,691.104,729.44,715.488,654.464,679.36,676.768,638.656,560,462.272,482.816,387.232,319.392,283.04,229.888,208.64,141.76,90.272,51.648,39.872,24,14.56,11.776,12.192,4.736,8.224,1.696,8.704,3.584,0,0,0,0,0,0,0,0,0,0,0,0,0,0,0,0,0,0,0,0,0,0,0,0,0,0,0,0,0,0,0,0,0,0,0,1.94,3,4.844,6.434,7.702,10.017,12.415,16.32,20.363,24.96,31.322,38.862,50.973,64.721,81.029,99.54,118.072,139.836,156.128,168.39,165.19,156.948,143.206,120.816,98.33,75.029,51.831,35.74,26.347,18.302,15.775,13.728,13.224,13.137,13.831,13.42,13.004,13.067,12.601,11.652,10.175,8.591,8.279,6.357,5.18,4.454,3.54,3.176,2.163,1.347,0.775,0.622,0.372,0.226,0.153,0.155,0.059,0.1,0.02,0.102,0.039,0.028,0,0,0,0
2026-09-01 00:08:00,1,"Normal Scan","Normal Scan",0,"ON",1,1,1,738.2,5,20.4,98.2,41.4,0.0000000686499,0.0000182001,4.97,8954.6,8.8,736.5,1,"Up Scan","Positive",254,0,4.37,1.6,8,8,0,1,1,30.644,33.941,28.885,35.227,1.719,10662.6,38,21.3,NA,0,0,0,0,0,0,0,0,0,0,0,0,0,0,0,0,0,0,0,0,0,0,0,0,0,0,0,0,0,0,0,7525.536,6656.288,6262.048,7315.232,7742.336,7488.384,7290.848,7365.152,8021.408,8490.816,9676.64,11134.624,12746.88,14774.08,16597.376,19515.936,22001.248,23678.432,23948.736,22897.92,19969.952,17121.312,13610.112,10329.984,7059.872,4669.888,3111.552,2051.36,1422.464,1072.064,861.984,835.68,730.176,764.576,709.376,658.432,645.088,577.664,593.312,459.904,450.656,464.608,364.032,356.32,289.28,221.856,196.608,143.616,81.92,55.68,51.968,44.192,25.056,20.064,10.72,15.776,9.76,1.664,8.672,5.408,0,0,0,0,0,0,0,0,0,0,0,0,0,0,0,0,0,0,0,0,0,0,0,0,0,0,0,0,0,0,0,0,0,0,0,1.888,3.075,3.916,5.005,7.598,10.15,12.106,14.148,16.886,21.421,26.065,33.82,43.878,56.15,71.97,88.779,113.167,137.815,159.24,172.313,175.378,162.606,147.702,124.158,99.507,71.932,50.454,35.837,25.645,19.507,15.941,13.899,14.092,13.401,13.914,13.294,12.892,12.403,11.414,11.04,8.952,8.365,7.963,6.078,5.877,4.759,3.515,3.072,2.232,1.304,0.819,0.787,0.651,0.347,0.26,0.136,0.197,0.119,0.02,0.102,0.059,0.014,0,0,0,0
2026-09-01 00:13:00,1,"Normal Scan","Normal Scan",0,"ON",1,1,1,738.2,5,20.4,98.2,41,0.0000000686499,0.0000182001,4.97,8954.6,8.8,736.5,1,"Up Scan","Positive",254,0,4.37,1.6,8,8,0,1,1,30.743,33.961,29.054,35.227,1.702,11940.8,38,21.3,NA,0,0,0,0,0,0,0,0,0,0,0,0,0,0,0,0,0,0,0,0,0,0,0,0,0,0,0,0,0,0,0,7374.368,7409.728,7223.104,8069.056,7329.152,7886.496,8104.992,7825.152,8433.856,9054.464,10320.544,12512.448,14983.456,16895.424,20208.448,22472.48,25326.208,27128.832,28113.792,26139.936,23632.448,19203.52,14573.376,10741.664,7351.264,4868.448,3292.928,2214.848,1514.272,1129.536,966.784,838.016,858.464,860.416,804.192,807.296,757.44,699.68,638.304,581.056,487.52,474.624,382.656,362.144,290.272,220.256,200.16,136.32,106.88,83.904,52.224,36.16,28.928,35.264,13.728,15.776,9.792,10.112,8.736,5.088,0,0,0,0,0,0,0,0,0,0,0,0,0,0,0,0,0,0,0,0,0,0,0,0,0,0,0,0,0,0,0,0,0,0,0,2.271,2.977,4.385,5.782,8.363,9.579,12.759,15.721,17.972,22.56,27.896,36.171,49.332,65.981,82.392,107.766,130.463,158.409,182.093,201.533,199.795,191.946,165.47,132.962,103.543,74.944,52.729,38.082,27.756,20.92,17.167,15.794,14.79,15.412,15.613,14.988,15.087,14.169,13.253,11.81,10.729,8.898,8.282,6.731,6.008,4.716,3.621,3.24,2.139,1.667,1.279,0.805,0.539,0.434,0.459,0.175,0.197,0.119,0.121,0.102,0.059,0.028,0,0,0,0
2026-09-01 00:18:00,1,"Normal Scan","Normal Scan",0,"ON",1,1,1,738,5,20.1,98.2,41.6,0.0000000685606,0.0000181857,4.97,8954.6,8.8,736.5,1,"Up Scan","Positive",254,0,4.37,1.6,8,8,0,1,1,29.905,33.647,28.544,35.227,1.715,11639.4,38,21.2,NA,0,0,0,0,0,0,0,0,0,0,0,0,0,0,0,0,0,0,0,0,0,0,0,0,0,0,0,0,0,0,0,6192.96,7148.192,6627.36,7552.768,8169.408,8852.16,9113.056,10013.568,10308.384,11364.064,12121.024,13147.872,14390.368,16319.168,18979.264,21060.416,23320.352,24362.88,25164.576,23482.112,20912.704,17567.264,14132.416,10717.408,7540.512,5140.544,3367.424,2144.48,1531.264,1224.96,895.072,869.664,805.408,772.992,706.016,695.264,682.272,697.824,651.104,566.848,536.608,437.376,430.944,335.2,289.536,268.064,192.096,158.016,108.704,92.704,65.088,55.456,47.488,29.504,24.384,26.848,14.688,20.256,13.92,3.584,0,0,0,0,0,0,0,0,0,0,0,0,0,0,0,0,0,0,0,0,0,0,0,0,0,0,0,0,0,0,0,0,0,0,0,1.847,2.49,4.203,5.309,7.817,10.709,14.309,17.727,22.903,27.45,34.777,42.21,51.62,63.158,79.377,100.985,122.021,145.862,163.877,180.911,180.128,170.439,151.668,128.93,103.463,76.958,55.39,38.883,26.729,20.766,17.96,14.618,15.166,14.706,14.451,13.82,13.467,13.376,13.117,12.397,10.66,9.758,8.072,7.585,5.732,4.949,4.508,3.227,2.496,1.808,1.478,1.062,0.799,0.679,0.383,0.31,0.334,0.179,0.242,0.163,0.039,0.042,0,0,0,0
2026-09-01 00:23:00,1,"Normal Scan","Normal Scan",0,"ON",1,1,1,738.2,5,20.4,98.2,41.2,0.0000000686499,0.0000182001,4.97,8954.6,8.8,736.5,1,"Up Scan","Positive",254,0,4.37,1.6,8,8,0,1,1,30.298,34.301,29.042,35.227,1.717,11627.4,38,21.2,NA,0,0,0,0,0,0,0,0,0,0,0,0,0,0,0,0,0,0,0,0,0,0,0,0,0,0,0,0,0,0,0,6226.336,6216.032,6920.352,7206.112,7968.16,8064.48,8449.76,8553.28,10038.464,10060.928,11170.496,12526.72,14400.736,16980.384,20136,21839.456,23927.136,25101.664,25416.96,23629.12,21504.352,17911.328,14327.968,10845.408,7812.992,5219.872,3341.472,2225.952,1536.928,1219.872,1013.472,856.864,860.672,776.8,791.584,770.88,670.688,706.56,639.616,606.688,579.136,479.104,500.96,401.696,396.288,304.352,227.616,159.136,116.224,101.632,89.824,51.52,38.304,42.24,39.392,33.472,17.984,10.208,6.976,9.024,0,0,0,0,0,0,0,0,0,0,0,0,0,0,0,0,0,0,0,0,0,0,0,0,0,0,0,0,0,0,0,0,0,0,0,1.443,2.527,3.638,5.537,7.518,10.425,13.013,16.416,19.637,26.725,30.939,39.036,49.287,63.322,82.421,106.925,126.397,149.567,168.714,182.753,181.311,175.283,154.509,130.82,104.578,79.69,56.387,38.57,27.747,21.039,18.145,16.262,15.032,15.465,15.051,15.394,15.024,13.776,13.813,12.859,11.781,10.612,8.61,8.535,7.23,6.521,4.941,3.795,2.744,1.95,1.513,1.354,0.799,0.593,0.547,0.501,0.416,0.219,0.121,0.081,0.098,0.07,0,0,0,0
2026-09-01 00:28:00,1,"Normal Scan","Normal Scan",0,"ON",1,1,1,738,5,20.1,98.2,41.6,0.0000000685606,0.0000181857,4.97,8954.6,8.8,736.5,1,"Up Scan","Positive",254,0,4.37,1.6,8,8,0,1,1,29.892,33.816,28.458,32.781,1.737,11642.2,38,21.1,NA,0,0,0,0,0,0,0,0,0,0,0,0,0,0,0,0,0,0,0,0,0,0,0,0,0,0,0,0,0,0,0,7786.912,8333.216,7312.64,7753.472,8208.096,8333.536,8800.16,9261.408,10090.304,10902.336,11543.2,12198.048,14626.624,16108.096,18639.2,21568.224,23728.064,24758.048,24482.688,23412.384,20596.928,17539.36,13911.904,10634.432,7474.816,4974.272,3401.184,2215.904,1642.272,1184.8,980.352,774.688,826.912,765.632,694.496,727.232,710.208,690.496,652.768,599.264,632.672,550.592,498.016,436.96,393.952,338.592,213.12,170.752,121.6,77.952,52.864,43.072,35.296,36.96,33.6,28.448,13.088,10.112,10.464,8.352,0,0,0,0,0,0,0,0,0,0,0,0,0,0,0,0,0,0,0,0,0,0,0,0,0,0,0,0,0,0,0,0,0,0,0,2.325,3.161,4.884,5.882,8.08,10.775,13.452,17.082,21.225,26.878,33.379,40.236,48.06,64.179,78.26,99.25,124.767,148.325,166.448,176.177,179.572,167.853,151.517,127.102,102.7,76.281,53.7,39.109,27.628,21.923,17.646,15.881,14.15,15.099,14.747,14.475,14.823,14.339,13.764,13,11.662,11.249,9.648,8.487,7.31,6.376,5.415,3.524,2.827,1.986,1.207,0.824,0.669,0.566,0.479,0.427,0.354,0.159,0.121,0.122,0.097,0.056,0,0,0,0
2026-09-01 00:33:00,1,"Normal Scan","Normal Scan",0,"ON",1,1,1,738.2,5,20.4,98.2,41.1,0.0000000686499,0.0000182001,4.97,8954.6,8.8,736.5,1,"Up Scan","Positive",254,0,4.37,1.6,8,8,0,1,1,29.462,33.514,28.366,32.781,1.712,11133.1,38,21.1,NA,0,0,0,0,0,0,0,0,0,0,0,0,0,0,0,0,0,0,0,0,0,0,0,0,0,0,0,0,0,0,0,6555.232,6527.328,6414.176,6716.096,6702.272,8498.944,8564.928,9600.192,9829.312,10889.888,11688.736,13478.016,14918.4,17296,19218.08,21061.856,23065.824,23918.944,23575.52,22178.816,18969.952,15650.56,12412.448,9401.28,6915.456,4585.024,3107.136,2050.4,1389.952,930.656,886.72,669.952,724.384,651.776,699.776,673.088,599.008,653.472,558.976,602.72,515.872,530.08,435.648,387.168,381.792,267.168,198.464,152.384,110.24,123.2,77.632,55.392,57.952,38.368,32.064,28.384,14.656,5.056,6.944,8.672,0,0,0,0,0,0,0,0,0,0,0,0,0,0,0,0,0,0,0,0,0,0,0,0,0,0,0,0,0,0,0,0,0,0,0,1.609,2.676,3.844,5.106,7.045,8.771,13.708,16.636,22.009,26.223,33.345,40.728,52.86,65.343,83.653,101.995,121.529,143.659,160.277,169.193,169.951,154.525,135.245,113.518,90.648,70.333,49.491,35.646,25.276,19.042,14.119,14.355,12.271,13.446,12.952,13.856,13.726,12.304,12.976,11.537,11.372,9.554,9.327,7.755,6.851,6.322,4.549,3.303,2.547,1.844,1.802,1.135,0.818,0.849,0.498,0.407,0.354,0.179,0.06,0.081,0.098,0.056,0,0,0,0
2026-09-01 00:38:00,1,"Normal Scan","Normal Scan",0,"ON",1,1,1,737.9,5,20,98.2,41.6,0.0000000685308,0.0000181809,4.97,8954.6,8.8,736.5,1,"Up Scan","Positive",254,0,4.37,1.6,8,8,0,1,1,30.449,34.111,29.065,35.227,1.706,10440.1,38,21,NA,0,0,0,0,0,0,0,0,0,0,0,0,0,0,0,0,0,0,0,0,0,0,0,0,0,0,0,0,0,0,0,6364.992,6182.336,5975.072,6729.856,6061.408,6791.552,7321.12,7104.512,7653.6,8770.656,9974.528,11487.968,13404.384,15148.896,17441.184,20560.064,22052.832,23165.504,23380.544,21936.704,19060.96,16017.856,13072.256,9671.296,7022.912,4718.912,3086.816,2048.192,1388.448,1054.976,831.136,767.008,755.872,672.16,637.92,592.48,589.184,581.408,490.4,491.488,467.104,442.656,449.824,343.872,305.632,283.616,196.224,122.112,100.96,89.184,67.808,35.84,12.128,38.432,22.944,15.776,9.792,5.088,5.28,10.08,0,0,0,0,0,0,0,0,0,0,0,0,0,0,0,0,0,0,0,0,0,0,0,0,0,0,0,0,0,0,0,0,0,0,0,1.735,2.627,3.647,4.796,6.97,7.915,10.983,14.193,16.29,20.467,26.965,34.913,45.244,58.94,73.671,92.909,118.834,137.744,155.673,168.029,168.256,155.424,138.406,119.375,93.316,71.524,50.873,35.518,25.475,18.71,15.469,13.411,13.173,13.328,12.776,12.437,12.059,12.209,11.435,9.894,9.739,8.579,7.661,7.674,5.955,4.965,4.362,3.223,2.047,1.579,1.32,0.966,0.576,0.226,0.498,0.291,0.197,0.119,0.06,0.061,0.116,0.028,0,0,0,0
2026-09-01 00:43:00,1,"Normal Scan","Normal Scan",0,"ON",1,1,1,738.3,5,20.5,98.2,41.2,0.0000000686797,0.0000182049,4.97,8954.6,8.8,736.5,1,"Up Scan","Positive",254,0,4.37,1.6,8,8,0,1,1,28.98,32.399,27.925,32.781,1.671,12353.8,38,21.1,NA,0,0,0,0,0,0,0,0,0,0,0,0,0,0,0,0,0,0,0,0,0,0,0,0,0,0,0,0,0,0,0,6549.536,7383.264,6718.08,7361.696,8062.752,8218.304,9433.472,10048.416,11224.096,12458.784,14151.488,15519.776,18651.712,20671.392,21781.344,25172.32,25940.672,27018.4,26215.104,23955.552,20877.376,17123.328,13177.024,9788.16,6914.432,4656.384,2949.504,1970.496,1325.12,991.776,787.008,724.96,659.104,589.216,531.168,565.92,558.528,576.064,547.392,516.32,526.24,498.048,435.52,326.688,297.536,242.112,176.16,115.104,75.264,58.688,56.928,30.784,21.792,14.752,21.344,18.944,17.952,15.232,1.728,5.376,0,0,0,0,0,0,0,0,0,0,0,0,0,0,0,0,0,0,0,0,0,0,0,0,0,0,0,0,0,0,0,0,0,0,0,1.786,2.701,4.346,5.378,7.677,10.559,13.245,18.333,23.09,29.983,38.172,49.33,60.799,81.42,99.686,115.296,144.804,161.413,180.782,187.719,183.255,169.695,147.575,120.166,94.222,70.32,50.112,33.9,24.344,17.682,14.54,12.626,12.783,12.276,11.719,11.243,11.9,11.501,11.164,10.561,9.68,9.246,8.345,7.186,5.51,4.833,3.854,2.781,1.866,1.312,0.928,0.887,0.465,0.34,0.191,0.272,0.235,0.219,0.181,0.02,0.059,0.042,0,0,0,0
2026-09-01 00:48:00,1,"Normal Scan","Normal Scan",0,"ON",1,1,1,737.9,5,20,98.2,41.6,0.0000000685308,0.0000181809,4.97,8954.6,8.8,736.5,1,"Up Scan","Positive",254,0,4.37,1.6,8,8,0,1,1,28.497,31.733,27.553,32.781,1.649,13173.2,38,20.9,NA,0,0,0,0,0,0,0,0,0,0,0,0,0,0,0,0,0,0,0,0,0,0,0,0,0,0,0,0,0,0,0,6597.6,7219.648,6967.872,7570.88,8320.544,9058.944,10038.4,11216.512,12918.624,13957.088,15769.088,18042.56,20612.8,22604.512,25259.68,27300.832,28881.44,29015.52,27507.136,25187.072,21302.624,16981.824,13093.568,9458.976,6642.336,4470.24,2766.4,1928.896,1261.6,965.952,750.048,667.136,516.544,534.944,587.392,521.792,556.416,583.328,532.16,513.472,486.4,458.784,419.84,376.832,281.696,244.864,172.128,112.608,91.968,54.208,43.744,33.184,11.968,22.976,16.768,7.904,6.528,11.808,1.76,5.344,0,0,0,0,0,0,0,0,0,0,0,0,0,0,0,0,0,0,0,0,0,0,0,0,0,0,0,0,0,0,0,0,0,0,0,2.034,2.713,4.259,5.581,7.884,10.923,14.637,19.535,25.801,34.535,42.86,54.947,70.641,89.964,108.893,133.309,156.787,179.099,193.736,196.632,192.363,172.976,146.212,119.333,91.081,67.606,48.066,31.756,23.552,16.931,14.204,12.192,11.854,10.509,10.847,11.872,11.013,11.407,11.561,10.28,9.539,8.606,7.793,6.909,6.135,4.516,3.788,2.731,1.773,1.372,0.865,0.641,0.502,0.159,0.299,0.213,0.098,0.08,0.141,0.02,0.058,0,0,0,0,0
2026-09-01 00:53:00,1,"Normal Scan","Normal Scan",0,"ON",1,1,1,738.3,5,20.5,98.2,41.3,0.0000000686797,0.0000182049,4.97,8954.6,8.8,736.5,1,"Up Scan","Positive",254,0,4.37,1.6,8,8,0,1,1,27.854,30.754,26.848,32.781,1.642,14988,38,21.1,NA,0,0,0,0,0,0,0,0,0,0,0,0,0,0,0,0,0,0,0,0,0,0,0,0,0,0,0,0,0,0,0,8807.776,9064.672,9013.6,9853.664,10205.184,11086.72,11962.368,12712.352,14483.84,16133.472,18382.048,21410.336,24000.256,26543.648,29312.896,30879.232,31739.296,32333.184,30619.072,27032.544,23104.288,18830.912,14785.824,10699.552,7156.896,4565.344,2813.952,1816.512,1226.272,921.024,724.192,595.552,570.528,567.936,490.4,559.68,520.544,522.144,493.664,433.92,499.328,448,352.064,323.072,280.864,214.016,150.176,95.648,68.864,51.552,29.664,21.504,23.168,25.152,16.8,18.976,6.528,6.72,1.76,5.344,0,0,0,0,0,0,0,0,0,0,0,0,0,0,0,0,0,0,0,0,0,0,0,0,0,0,0,0,0,0,0,0,0,0,0,2.553,3.573,5.355,7.19,10.269,13.392,17.914,23.249,29.226,38.678,49.501,63.952,83.601,104.58,127.65,154.305,176.972,196.931,215.799,218.869,206.22,187.464,161.871,134.396,102.71,72.587,48.959,32.135,22.419,16.383,13.555,11.66,10.724,10.904,10.85,10.429,11.392,10.368,10.22,9.568,8.19,8.542,7.494,5.927,5.176,4.458,3.419,2.436,1.552,1.17,0.793,0.429,0.345,0.358,0.325,0.213,0.236,0.08,0.081,0.02,0.059,0.042,0,0,0,0
2026-09-01 00:58:00,1,"Normal Scan","Normal Scan",0,"ON",1,1,1,737.9,5,20,98.2,41.5,0.0000000685308,0.0000181809,4.97,8954.6,8.8,736.5,1,"Up Scan","Positive",254,0,4.37,1.6,8,8,0,1,1,27.915,30.519,26.834,32.781,1.623,15574.6,38,20.9,NA,0,0,0,0,0,0,0,0,0,0,0,0,0,0,0,0,0,0,0,0,0,0,0,0,0,0,0,0,0,0,0,8012.992,8140.384,9315.488,9923.296,10656.448,11031.36,11904.384,14228.64,16308,18413.504,19545.632,22157.216,24395.488,27040.608,29982.368,32407.072,33647.84,33827.04,32724.288,29069.952,25021.312,19658.592,14749.984,10532.288,6809.568,4584.992,2817.6,1867.84,1259.584,937.984,626.72,591.776,474.912,497.312,483.04,430.592,517.728,513.216,478.336,391.584,420.48,386.912,348.992,287.008,232.704,214.56,174.752,78.912,70.944,64.064,33.792,26.816,18.72,14.816,9.12,6.304,6.528,8.416,3.52,3.264,0,0,0,0,0,0,0,0,0,0,0,0,0,0,0,0,0,0,0,0,0,0,0,0,0,0,0,0,0,0,0,0,0,0,0,2.304,3.273,4.789,7.429,10.338,14.01,17.877,23.198,32.665,43.621,56.386,68.033,86.64,106.338,130.24,158.078,185.97,208.634,225.607,233.582,221.361,202.724,168.89,134.117,101.253,69.119,49.01,32.104,22.702,16.684,13.403,10.262,10.543,9.47,9.599,9.889,9.127,10.394,9.8,8.99,7.695,7.55,6.432,5.911,4.64,3.729,3.368,2.712,1.232,1.053,0.991,0.494,0.39,0.264,0.191,0.116,0.079,0.08,0.101,0.041,0.039,0,0,0,0,0
2026-09-01 01:03:00,1,"Normal Scan","Normal Scan",0,"ON",1,1,1,738.3,5,20.5,98.2,41.4,0.0000000686797,0.0000182049,4.97,8954.6,8.8,736.5,1,"Up Scan","Positive",254,0,4.37,1.6,8,8,0,1,1,26.547,29.28,25.868,28.387,1.606,18041.3,38,21.1,NA,0,0,0,0,0,0,0,0,0,0,0,0,0,0,0,0,0,0,0,0,0,0,0,0,0,0,0,0,0,0,0,10695.04,9591.104,10044.576,11483.168,12579.68,14044.256,15951.776,17754.688,19834.976,23140.672,26288.288,29498.912,31855.008,35132.256,37699.04,39047.04,38250.368,36455.648,33455.488,29386.048,24977.664,19517.376,14777.536,10250.048,6755.04,4438.72,2833.824,1762.24,1210.496,907.232,707.648,554.496,551.008,478.176,510.56,550.88,510.112,468.864,504.896,452.032,408.416,397.376,371.648,313.344,268.128,190.112,165.472,90.272,47.104,49.664,32.224,28.864,16,5.856,7.68,7.872,4.896,5.088,0,3.296,0,0,0,0,0,0,0,0,0,0,0,0,0,0,0,0,0,0,0,0,0,0,0,0,0,0,0,0,0,0,0,0,0,0,0,2.23,4.395,5.645,8.064,11.949,16.522,22.763,31.03,40.751,52.97,70.766,91.217,114.845,138.156,167.9,197.418,222.834,236.131,242.549,238.528,223.563,202.27,167.63,134.252,98.481,68.517,47.617,32.299,21.632,16.03,13.46,11.487,9.902,10.434,9.789,10.229,10.929,10.301,9.44,9.473,8.335,7.258,6.547,5.955,5.02,4.269,2.967,2.44,1.413,0.744,0.739,0.457,0.39,0.245,0.077,0.097,0.098,0.06,0.06,0,0.039,0.014,0,0,0,0
2026-09-01 01:08:00,1,"Normal Scan","Normal Scan",0,"ON",1,1,1,737.9,5,20,98.2,41.4,0.0000000685308,0.0000181809,4.97,8954.6,8.8,736.5,1,"Up Scan","Positive",254,0,4.37,1.6,8,8,0,1,1,27.322,30.107,26.302,32.781,1.642,14846.2,38,20.9,NA,0,0,0,0,0,0,0,0,0,0,0,0,0,0,0,0,0,0,0,0,0,0,0,0,0,0,0,0,0,0,0,8280.768,9451.616,9680.352,10422.112,11506.176,12420.512,13458.08,14178.624,15342.496,17160.512,19328.608,20862.08,23083.552,25919.584,27609.376,29692.928,30415.936,30976.736,29405.376,26862.912,22709.088,17968.8,13643.744,9872.16,6526.56,4309.44,2880.96,1789.184,1088.32,826.368,682.528,562.912,484.064,486.784,481.984,468.672,460.416,482.048,480.032,479.84,392.576,400.704,384.512,299.424,240.672,180.32,132.768,101.312,54.624,29.984,29.856,24.832,17.632,17.792,7.616,11.072,3.264,5.12,0,1.472,0,0,0,0,0,0,0,0,0,0,0,0,0,0,0,0,0,0,0,0,0,0,0,0,0,0,0,0,0,0,0,0,0,0,0,2.21,3.41,5.604,7.721,10.839,15.075,20.085,26.115,32.544,40.97,52.508,67.171,81.455,100.576,124.596,145.646,170.319,188.695,206.676,210.078,204.706,184.099,154.649,124.148,94.725,66.218,46.212,32.761,21.788,14.664,12.203,10.852,10.019,9.537,9.972,9.715,9.714,9.622,9.409,8.985,8.681,6.869,6.693,6.097,4.72,3.858,2.831,2.12,1.522,0.893,0.451,0.439,0.335,0.283,0.23,0.097,0.138,0.04,0.06,0,0.019,0.028,0,0,0,0
2026-09-01 01:13:00,1,"Normal Scan","Normal Scan",0,"ON",1,1,1,738.2,5,20.4,98.2,41.5,0.0000000686499,0.0000182001,4.97,8954.6,8.8,736.5,1,"Up Scan","Positive",254,0,4.37,1.6,8,8,0,1,1,27.218,30.168,25.877,32.781,1.697,13118.8,38,21,NA,0,0,0,0,0,0,0,0,0,0,0,0,0,0,0,0,0,0,0,0,0,0,0,0,0,0,0,0,0,0,0,10133.856,11033.76,10669.312,11994.624,12953.088,12895.104,12498.72,12157.312,12264.192,12942.944,14559.104,16248.16,18044.384,20914.784,22801.696,24017.312,26447.648,26561.28,25092.864,22694.208,19903.296,16415.84,12718.336,9359.936,6345.248,4093.664,2718.912,1760.544,1256.064,870.944,675.488,578.656,429.6,488.8,441.376,468.48,494.56,477.088,507.744,451.904,450.208,377.344,345.472,343.712,237.888,197.184,150.496,117.568,55.264,45.504,25.152,20.448,8.416,14.816,6.112,7.904,9.824,1.696,7.008,0,0,0,0,0,0,0,0,0,0,0,0,0,0,0,0,0,0,0,0,0,0,0,0,0,0,0,0,0,0,0,0,0,0,0,0,2.605,4.132,6.476,8.545,12.487,16.903,20.801,24.234,27.825,32.719,39.635,50.671,63.628,78.797,100.663,120.358,138.078,164.281,177.517,179.708,173.424,161.563,141.345,115.806,90.114,64.485,43.917,30.972,21.437,16.384,12.774,10.923,10.292,8.851,9.865,9.526,9.606,9.94,9.747,9.369,8.304,7.835,6.453,5.593,5.4,3.746,2.988,2.351,1.762,0.886,0.685,0.403,0.297,0.113,0.191,0.078,0.098,0.119,0.02,0.081,0,0.014,0,0,0,0
2026-09-01 01:18:00,1,"Normal Scan","Normal Scan",0,"ON",1,1,1,737.9,5,20,98.2,41.3,0.0000000685308,0.0000181809,4.97,8954.6,8.8,736.5,1,"Up Scan","Positive",254,0,4.37,1.6,8,8,0,1,1,26.879,30.537,25.977,30.505,1.712,11498.8,38,20.9,NA,0,0,0,0,0,0,0,0,0,0,0,0,0,0,0,0,0,0,0,0,0,0,0,0,0,0,0,0,0,0,0,9268.224,8530.848,9176.288,8889.28,9851.264,10941.76,11373.568,12837.12,13981.92,14000.704,14059.04,15240.992,15681.6,16814.528,18384.672,20566.656,21736.576,21506.88,20637.824,19173.984,16630.944,13766.432,11470.464,8765.664,6085.568,4311.808,2868.256,1843.808,1192.736,897.536,638.624,589.888,491.52,421.024,474.368,426.24,483.872,467.36,506.432,457.312,424.32,456.512,348.416,325.92,302.624,203.712,157.472,100.352,52.576,36.48,36.352,30.336,8.544,14.72,10.656,4.736,0,3.392,1.728,0,0,0,0,0,0,0,0,0,0,0,0,0,0,0,0,0,0,0,0,0,0,0,0,0,0,0,0,0,0,0,0,0,0,0,0,2.572,3.798,5.038,7.303,9.247,12.928,17.702,22.063,29.371,37.162,42.649,48.775,59.453,68.391,80.995,97.224,118.288,135.074,144.252,148.446,147.099,135.733,119.107,104.744,84.445,61.943,46.168,32.679,22.328,15.711,13.059,10.299,10.383,9.836,8.963,9.878,9.595,9.804,9.398,9.876,8.39,7.598,7.423,5.568,5.238,4.723,3.072,2.451,1.497,0.771,0.523,0.531,0.409,0.113,0.191,0.136,0.059,0,0.04,0.02,0,0,0,0,0,0
2026-09-01 01:23:00,1,"Normal Scan","Normal Scan",0,"ON",1,1,1,738.2,5,20.3,98.2,41.5,0.0000000686201,0.0000181953,4.97,8954.6,8.8,736.5,1,"Up Scan","Positive",254,0,4.37,1.6,8,8,0,1,1,30.902,34.102,28.3,35.227,1.807,8273.09,38,21,NA,0,0,0,0,0,0,0,0,0,0,0,0,0,0,0,0,0,0,0,0,0,0,0,0,0,0,0,0,0,0,0,9971.84,8302.688,7275.36,7513.728,6571.04,6120.224,5768.896,5556.288,5408.576,5447.264,5935.488,6746.08,7764.16,9517.696,11192.16,13370.656,14951.808,16539.872,17229.536,17033.472,15930.016,13836.544,11367.68,8799.584,6464.512,4601.152,3262.976,2134.144,1324.992,995.776,790.56,593.984,484.736,431.456,523.84,471.84,436.768,525.6,505.504,508.032,492.256,427.52,402.208,304.608,251.584,208.544,138.496,96.736,61.664,43.648,30.56,18.016,18.688,8.896,10.72,4.768,4.896,5.088,3.456,0,0,0,0,0,0,0,0,0,0,0,0,0,0,0,0,0,0,0,0,0,0,0,0,0,0,0,0,0,0,0,0,0,0,0,0,2.948,4.046,4.856,5.781,7.764,8.608,9.819,11.144,12.73,14.436,16.747,20.803,26.672,34.403,46.637,60.185,78.121,94.312,112.013,124.681,131.255,130.385,120.064,104.143,84.897,65.807,49.526,36.908,25.622,17.335,14.313,12.409,10.591,9.807,9.28,10.866,10.039,9.418,10.123,9.512,9.098,8.37,7.094,6.462,4.885,3.892,3.234,2.127,1.466,0.94,0.649,0.476,0.242,0.245,0.115,0.136,0.059,0.06,0.06,0.041,0,0,0,0,0,0
2026-09-01 01:28:00,1,"Normal Scan","Normal Scan",0,"ON",1,1,1,738,5,20.1,98.2,41.4,0.0000000685606,0.0000181857,4.97,8954.6,8.8,736.5,1,"Up Scan","Positive",254,0,4.37,1.6,8,8,0,1,1,31.375,34.368,28.493,35.227,1.814,8353.13,39,20.9,NA,0,0,0,0,0,0,0,0,0,0,0,0,0,0,0,0,0,0,0,0,0,0,0,0,0,0,0,0,0,0,0,9825.984,8885.536,7729.76,7484.992,6948.864,5974.304,5609.152,5488.928,5403.52,5320.896,5840.448,6264.576,7439.008,9259.744,10680.32,12304.032,15021.664,16593.92,17803.584,17211.776,16549.6,14309.728,12194.272,9261.184,6898.72,4959.072,3338.304,2192.576,1509.152,1151.552,817.344,605.216,529.408,440.544,458.08,495.808,474.272,512.352,535.488,520.928,440.32,412.8,363.52,325.376,233.536,201.856,155.456,92.192,67.296,50.048,27.52,22.368,14.528,13.376,10.688,6.336,6.528,6.752,1.76,3.264,0,0,0,0,0,0,0,0,0,0,0,0,0,0,0,0,0,0,0,0,0,0,0,0,0,0,0,0,0,0,0,0,0,0,0,2.523,4.007,5.19,6.15,7.738,9.08,9.596,10.817,12.517,14.433,16.368,20.439,24.852,33.059,45.502,57.576,72.382,94.949,112.666,128.935,132.968,135.658,124.126,111.687,89.539,70.391,53.25,37.785,26.388,19.478,16.152,12.819,10.758,10.28,9.6,9.703,10.245,9.806,9.99,9.794,9.404,7.697,6.872,6.002,5.15,3.704,3.123,2.386,1.449,1.049,0.753,0.413,0.325,0.226,0.172,0.136,0.079,0.08,0.081,0.02,0.039,0.014,0,0,0,0
2026-09-01 01:33:00,1,"Normal Scan","Normal Scan",0,"ON",1,1,1,738,5,20.1,98.2,41.9,0.0000000685606,0.0000181857,4.97,8954.6,8.8,736.5,1,"Up Scan","Positive",254,0,4.37,1.6,8,8,0,1,1,31.472,34.745,28.854,37.855,1.805,8315.21,39,20.9,NA,0,0,0,0,0,0,0,0,0,0,0,0,0,0,0,0,0,0,0,0,0,0,0,0,0,0,0,0,0,0,0,8217.504,8174.88,7333.856,6437.216,6465.856,6367.712,5935.552,6047.36,5713.472,5890.144,6378.784,6739.616,7772.64,9083.776,10747.296,12459.168,14402.464,16103.072,17281.216,17343.936,16151.136,14170.272,12147.392,9831.776,7209.728,5084.256,3697.664,2312.128,1479.712,1026.944,803.616,610.304,537.088,532.896,502.144,480.416,521.312,488.128,498.528,471.168,487.808,434.752,398.816,329.056,283.808,207.936,125.536,114.24,81.472,40.768,44.096,21.984,21.408,13.28,6.048,3.136,8.224,5.088,5.248,1.792,0,0,0,0,0,0,0,0,0,0,0,0,0,0,0,0,0,0,0,0,0,0,0,0,0,0,0,0,0,0,0,0,0,0,0,2.646,3.323,4.816,5.821,6.685,8.443,10.235,11.494,13.841,15.246,18.049,22.277,26.638,34.422,44.615,57.927,73.095,91.176,109.532,125.581,134.113,132.568,123.263,111.415,94.826,73.332,54.503,41.686,27.95,19.321,14.66,12.74,10.828,10.276,10.694,10.522,10.215,10.63,9.854,9.578,8.625,8.402,7.348,6.426,5.353,4.418,3.286,1.997,1.692,1.17,0.649,0.659,0.335,0.283,0.172,0.078,0.039,0.1,0.06,0.061,0.019,0,0,0,0,0
2026-09-01 01:38:00,1,"Normal Scan","Normal Scan",0,"ON",1,1,1,738.1,5,20.2,98.2,41.7,0.0000000685904,0.0000181905,4.97,8954.6,8.8,736.5,1,"Up Scan","Positive",254,0,4.37,1.6,8,8,0,1,1,31.823,34.949,28.96,37.855,1.816,8246.24,39,20.9,NA,0,0,0,0,0,0,0,0,0,0,0,0,0,0,0,0,0,0,0,0,0,0,0,0,0,0,0,0,0,0,0,8535.328,7773.536,7569.824,7132.288,6480.48,6604.064,5994.112,6104.256,5762.848,5241.152,5721.312,6127.392,6832.352,8127.072,10162.08,12128.096,14407.488,16196.416,16786.08,17233.856,16677.632,14514.752,12296.864,9856.384,7607.776,5237.376,3580.672,2299.008,1552.416,1115.072,832.256,675.424,550.752,509.728,492.128,479.04,528.576,505.728,508.992,506.752,492.544,447.104,392.96,346.048,255.616,221.216,161.184,117.12,56.544,49.248,26.304,20.224,7.456,10.336,13.728,7.904,0,3.424,1.76,1.472,0,0,0,0,0,0,0,0,0,0,0,0,0,0,0,0,0,0,0,0,0,0,0,0,0,0,0,0,0,0,0,0,0,0,0,2.171,3.472,4.577,6.044,7.41,8.455,10.632,11.593,13.935,15.318,16.091,20.002,24.308,30.437,40.09,54.962,71.407,91.321,110.157,122.169,133.539,136.816,126.116,112.707,95.231,77.364,56.203,40.532,27.712,20.24,15.689,12.976,11.832,10.585,10.476,10.504,10.268,10.771,10.179,9.53,9.266,8.618,7.325,6.334,5.493,3.957,3.316,2.482,1.796,0.851,0.685,0.403,0.279,0.132,0.134,0.175,0.098,0,0.04,0.02,0.019,0.014,0,0,0,0
2026-09-01 01:43:00,1,"Normal Scan","Normal Scan",0,"ON",1,1,1,738,5,20.1,98.2,42.2,0.0000000685606,0.0000181857,4.97,8954.6,8.8,736.5,1,"Up Scan","Positive",254,0,4.37,1.6,8,8,0,1,1,31.798,34.872,28.944,37.855,1.811,7993.84,39,20.8,NA,0,0,0,0,0,0,0,0,0,0,0,0,0,0,0,0,0,0,0,0,0,0,0,0,0,0,0,0,0,0,0,8290.944,7973.376,7210.912,6756.224,6500.928,6143.2,5631.552,5532.128,5027.616,5086.016,5388.864,5788.352,6737.248,8343.2,10152.288,12045.088,14270.24,15589.056,16791.968,17262.784,15929.696,14222.24,11537.536,9520.576,6864.32,5284.16,3463.424,2189.664,1518.592,991.04,768.352,628.672,511.008,480.288,436.896,495.488,533.92,490.112,446.72,483.936,434.272,406.56,357.568,341.728,275.36,196.8,142.176,103.296,63.904,45.248,44.352,22.528,18.976,11.808,4.576,3.168,3.264,0,5.248,3.232,0,0,0,0,0,0,0,0,0,0,0,0,0,0,0,0,0,0,0,0,0,0,0,0,0,0,0,0,0,0,0,0,0,0,0,2.19,3.398,4.685,5.749,7.022,8.484,9.902,10.879,12.645,13.399,15.609,18.889,23.014,29.985,41.102,54.885,70.815,90.347,105.944,122.059,133.35,130.92,123.568,105.825,91.931,69.838,56.516,39.182,26.461,19.437,14.188,12.353,10.972,9.777,9.88,9.448,10.219,10.534,9.893,8.9,8.616,7.677,6.751,5.894,5.454,4.318,3.073,2.182,1.551,0.944,0.645,0.632,0.343,0.283,0.153,0.058,0.039,0.04,0,0.061,0.039,0.014,0,0,0,0
2026-09-01 01:48:00,1,"Normal Scan","Normal Scan",0,"ON",1,1,1,738.2,5,20.3,98.2,41.8,0.0000000686201,0.0000181953,4.97,8954.6,8.8,736.5,1,"Up Scan","Positive",254,0,4.37,1.6,8,8,0,1,1,31.866,34.977,29.116,37.855,1.801,7899.83,39,20.9,NA,0,0,0,0,0,0,0,0,0,0,0,0,0,0,0,0,0,0,0,0,0,0,0,0,0,0,0,0,0,0,0,7191.488,7026.784,6659.04,6522.08,6606.848,6144.928,6050.976,5918.432,5401.28,5280.864,5661.088,6165.632,6729.6,8362.56,9621.76,11838.272,13731.776,15744,16213.248,16775.104,15749.088,13936.448,11728.672,9537.312,7140.64,5106.304,3504.16,2330.08,1520.096,1000.768,680.512,645.312,560.64,483.456,459.744,440.736,482.56,475.744,478.592,452.704,434.496,389.152,358.912,324.576,254.944,191.232,147.84,105.92,61.056,68.576,24.16,22.816,22.784,8.864,3.04,4.736,3.232,1.696,5.28,1.792,0,0,0,0,0,0,0,0,0,0,0,0,0,0,0,0,0,0,0,0,0,0,0,0,0,0,0,0,0,0,0,0,0,0,0,1.994,2.962,4.11,5.31,6.762,8.616,9.889,11.734,13.494,14.369,16.182,19.813,24.398,29.975,41.112,52.068,69.573,86.97,107.015,117.955,129.754,129.363,121.169,107.558,92.166,72.494,54.567,39.661,28.033,19.597,14.229,10.999,11.048,10.432,9.843,9.684,9.312,9.875,9.591,9.09,8.273,7.618,6.53,6.073,5.045,4.019,2.992,2.244,1.568,0.924,0.955,0.357,0.363,0.302,0.115,0.039,0.059,0.04,0.02,0.061,0.019,0,0,0,0,0
2026-09-01 01:53:00,1,"Normal Scan","Normal Scan",0,"ON",1,1,1,737.9,5,20,98.2,42.3,0.0000000685308,0.0000181809,4.97,8954.6,8.8,736.5,1,"Up Scan","Positive",254,0,4.37,1.6,8,8,0,1,1,31.64,34.884,28.92,37.855,1.812,7784.03,39,20.8,NA,0,0,0,0,0,0,0,0,0,0,0,0,0,0,0,0,0,0,0,0,0,0,0,0,0,0,0,0,0,0,0,7996.544,7432.064,6762.112,6552.544,6461.344,5850.464,5640.096,5274.528,5446.24,5525.568,5725.856,6020.192,6677.216,8438.816,9672.512,11671.104,13418.944,15181.952,15937.312,16343.968,14893.504,13595.456,11565.28,9253.92,6847.84,5027.488,3449.376,2152.832,1520.672,1141.536,756.128,623.232,477.504,442.944,405.76,407.168,492.64,487.936,472.896,528.096,497.504,438.016,378.56,299.36,236.288,229.184,131.904,79.936,84.832,41.344,34.72,19.488,12.8,16.224,7.68,4.704,3.2,0.064,1.76,0,0,0,0,0,0,0,0,0,0,0,0,0,0,0,0,0,0,0,0,0,0,0,0,0,0,0,0,0,0,0,0,0,0,0,0,2.283,3.224,4.355,5.369,6.816,8.445,9.417,10.89,12.055,14.486,16.912,19.996,23.828,29.678,41.432,52.288,68.466,85.074,103.301,115.937,126.455,122.474,118.271,106.005,89.503,69.815,53.799,38.959,25.914,19.536,15.671,11.974,11.01,9.391,9.493,9.375,9.213,10.003,9.531,9.106,9.456,8.355,7.312,6.178,4.786,3.668,3.48,2.047,1.237,1.224,0.595,0.476,0.279,0.17,0.211,0.097,0.059,0.039,0.001,0.02,0,0,0,0,0,0
2026-09-01 01:58:00,1,"Normal Scan","Normal Scan",0,"ON",1,1,1,738.3,5,20.5,98.2,41.8,0.0000000686797,0.0000182049,4.97,8954.6,8.8,736.5,1,"Up Scan","Positive",254,0,4.37,1.6,8,8,0,1,1,32.393,35.114,29.401,35.227,1.787,8245.73,39,21,NA,0,0,0,0,0,0,0,0,0,0,0,0,0,0,0,0,0,0,0,0,0,0,0,0,0,0,0,0,0,0,0,8109.088,7072.48,6919.968,6201.664,6055.744,6048.064,6009.728,5295.072,5484.16,5344,5660.992,6000.16,6745.92,8086.944,9382.656,12055.84,15662.08,18264.992,18649.024,18606.112,17284.96,15073.824,12085.28,9589.888,7093.632,5023.36,3462.56,2268.576,1582.944,1034.496,793.696,594.656,517.536,435.488,471.168,426.976,465.856,509.472,440.48,526.72,444.704,425.728,417.952,317.408,250.304,197.92,157.248,104.928,66.56,46.176,27.36,25.184,11.104,8.8,4.576,11.008,4.896,0,1.76,3.552,0,0,0,0,0,0,0,0,0,0,0,0,0,0,0,0,0,0,0,0,0,0,0,0,0,0,0,0,0,0,0,0,0,0,0,2.459,3.286,4.141,5.525,6.404,7.905,9.762,11.609,12.102,14.597,16.334,19.798,23.874,30.254,40.136,51.184,71.137,99.017,123.439,134.973,143.462,141.499,130.746,110.786,92.672,72.066,53.874,39.124,27.153,20.417,14.541,12.376,10.533,9.888,9.537,9.906,9.375,9.968,9.923,8.592,9.407,7.846,7.095,6.711,5.02,3.97,3.046,2.344,1.613,1.081,0.658,0.375,0.388,0.21,0.115,0.058,0.138,0.06,0,0.02,0.039,0.07,0,0,0,0
2026-09-01 02:03:00,1,"Normal Scan","Normal Scan",0,"ON",1,1,1,737.9,5,19.9,98.2,42.3,0.0000000685011,0.0000181761,4.97,8954.6,8.8,736.5,1,"Up Scan","Positive",254,0,4.37,1.6,8,8,0,1,1,32.464,35.393,30,35.227,1.75,8388.04,39,20.8,NA,0,0,0,0,0,0,0,0,0,0,0,0,0,0,0,0,0,0,0,0,0,0,0,0,0,0,0,0,0,0,0,7297.856,6056.32,5904.064,6066.784,5537.696,5272.096,5393.888,4914.688,4833.824,4956.8,5206.784,5901.088,6834.56,8978.4,11535.616,14885.504,17953.152,19206.56,19765.28,19753.952,17795.104,14926.816,12178.72,9419.872,7131.296,4917.28,3230.624,2343.296,1460.064,1100.096,728.128,619.424,480.32,473.088,459.872,494.976,478.144,492.64,497.888,480.224,417.568,396.416,353.984,341.536,266.24,212.704,156.192,91.296,71.648,50.24,34.656,20.8,12.864,5.92,12.192,0,1.632,6.752,0,1.792,0,0,0,0,0,0,0,0,0,0,0,0,0,0,0,0,0,0,0,0,0,0,0,0,0,0,0,0,0,0,0,0,0,0,0,1.837,2.938,3.576,4.73,6.316,7.224,8.483,10.441,11.266,12.887,15.288,18.407,23.704,30.761,44.458,62.447,87.048,112.779,129.68,142.773,152.037,145.48,129.398,111.608,90.967,72.563,52.747,36.577,28.034,18.994,15.514,11.662,10.823,9.479,9.803,9.683,10.176,9.78,9.9,9.468,8.786,7.401,6.68,5.795,5.412,4.123,3.255,2.36,1.379,1.011,0.753,0.499,0.298,0.17,0.077,0.155,0,0.02,0.081,0,0.019,0,0,0,0,0
2026-09-01 02:08:00,1,"Normal Scan","Normal Scan",0,"ON",1,1,1,738.2,5,20.4,98.2,41.9,0.0000000686499,0.0000182001,4.97,8954.6,8.8,736.5,1,"Up Scan","Positive",254,0,4.37,1.6,8,8,0,1,1,31.544,34.096,29.252,35.227,1.711,10300.4,38,21,NA,0,0,0,0,0,0,0,0,0,0,0,0,0,0,0,0,0,0,0,0,0,0,0,0,0,0,0,0,0,0,0,6870.432,6929.792,6530.848,7405.088,7060.896,6652.96,6826.912,6617.696,6800.224,8299.552,9473.856,10265.856,11764.832,13303.776,15049.952,16810.816,19000.32,20988.832,23587.712,23570.944,22184.416,19076.48,14792.864,10875.488,7696.576,5241.344,3435.68,2171.808,1564.736,1056.768,762.944,599.52,540.32,440.48,411.424,482.72,486.592,551.264,463.2,495.584,449.024,445.728,376.768,305.728,267.168,191.008,130.496,83.328,68.736,43.968,35.232,18.08,17.376,12.096,10.4,1.568,4.864,3.392,3.52,1.504,0,0,0,0,0,0,0,0,0,0,0,0,0,0,0,0,0,0,0,0,0,0,0,0,0,0,0,0,0,0,0,0,0,0,0,1.805,2.801,4.068,5.223,7.651,9.254,10.726,13.241,15.173,18.211,25.465,33.003,40.341,51.728,65.039,80.97,98.663,120.308,142.26,170.126,180.939,180.712,164.549,134.877,104.794,78.109,56.075,38.8,26.155,20.173,14.768,12.164,10.704,10.261,9.441,9.163,10.206,9.975,10.446,8.869,8.887,7.701,7.334,6.133,4.91,4.151,2.954,2.048,1.285,1.011,0.631,0.512,0.26,0.245,0.157,0.132,0.02,0.06,0.04,0.041,0.02,0,0,0,0,0
2026-09-01 02:13:00,1,"Normal Scan","Normal Scan",0,"ON",1,1,1,737.9,5,19.9,98.2,42,0.0000000685011,0.0000181761,4.97,8954.6,8.8,736.5,1,"Up Scan","Positive",254,0,4.37,1.6,8,8,0,1,1,29.438,32.279,27.79,35.227,1.694,12170.1,38,20.8,NA,0,0,0,0,0,0,0,0,0,0,0,0,0,0,0,0,0,0,0,0,0,0,0,0,0,0,0,0,0,0,0,7394.624,8011.104,8679.968,8465.536,8820.608,10405.408,10824.032,10380.96,10349.856,10913.088,11712.096,13229.536,15517.376,18041.248,19564.064,22503.008,23843.072,24934.336,25437.696,24850.24,22222.72,18731.392,14751.36,11020.256,7749.248,5077.792,3423.488,2260.384,1489.184,1047.264,751.328,612.864,544.544,500.992,474.784,448.672,494.176,505.856,463.104,464.8,494.496,432.992,382.176,305.952,259.872,215.968,115.808,106.944,71.04,46.592,27.04,17.952,19.968,13.44,3.072,11.04,1.632,3.392,1.728,0,0,0,0,0,0,0,0,0,0,0,0,0,0,0,0,0,0,0,0,0,0,0,0,0,0,0,0,0,0,0,0,0,0,0,0,2.231,3.036,4.739,6.967,8.793,11.573,16.785,21.019,23.767,27.621,33.443,40.879,51.953,68.005,87.399,104.295,130.356,149.422,167.855,183.063,190.523,180.873,161.681,134.613,106.1,78.671,54.356,38.791,27.235,19.348,14.797,11.863,10.931,10.378,9.939,10.233,9.751,10.078,9.894,8.925,8.487,8.334,7.359,6.169,4.836,4.035,3.357,1.798,1.6,1.082,0.658,0.412,0.242,0.281,0.174,0.039,0.138,0.02,0.04,0.02,0,0.014,0,0,0,0
2026-09-01 02:18:00,1,"Normal Scan","Normal Scan",0,"ON",1,1,1,738.2,5,20.4,98.2,41.6,0.0000000686499,0.0000182001,4.97,8954.6,8.8,736.5,1,"Up Scan","Positive",254,0,4.37,1.6,8,8,0,1,1,27.923,30.908,27.18,30.505,1.621,15360.4,38,20.9,NA,0,0,0,0,0,0,0,0,0,0,0,0,0,0,0,0,0,0,0,0,0,0,0,0,0,0,0,0,0,0,0,6246.016,7389.152,7847.232,8947.936,10107.872,11381.184,12202.4,13869.856,15669.408,17408.896,20412.896,23170.08,26334.784,27204.544,29606.624,31258.208,32408.192,31937.856,30978.784,28257.408,24208.8,19521.6,15068.128,11017.216,7897.184,5108.32,3497.056,2196.096,1466.496,1059.2,824.928,607.04,505.984,525.824,432.896,463.936,474.976,500.352,550.176,471.648,495.616,456.672,372.512,294.912,269.696,203.584,125.408,93.248,62.784,31.552,30.208,14.752,12.864,4.448,7.68,3.168,8.192,3.328,5.216,0,0,0,0,0,0,0,0,0,0,0,0,0,0,0,0,0,0,0,0,0,0,0,0,0,0,0,0,0,0,0,0,0,0,0,0,1.733,2.539,4.38,6.32,9.378,13.309,18.379,23.73,31.89,41.863,53.377,70.864,90.319,114.386,130.664,155.979,179.348,201.106,213.472,221.66,215.885,196.623,168.295,137.303,105.989,80.156,54.776,39.494,26.488,18.992,15.031,12.773,10.764,10.177,10.484,9.601,10.079,9.702,9.81,10.057,8.595,8.274,7.471,5.871,4.764,4.133,3.131,1.879,1.401,0.943,0.514,0.457,0.204,0.17,0.057,0.097,0.039,0.1,0.04,0.061,0,0,0,0,0,0
2026-09-01 02:23:00,1,"Normal Scan","Normal Scan",0,"ON",1,1,1,737.8,5,19.8,98.2,41.5,0.0000000684713,0.0000181713,4.97,8954.6,8.8,736.5,1,"Up Scan","Positive",254,0,4.37,1.6,8,8,0,1,1,28.302,31.401,27.199,32.781,1.67,13052.3,38,20.8,NA,0,0,0,0,0,0,0,0,0,0,0,0,0,0,0,0,0,0,0,0,0,0,0,0,0,0,0,0,0,0,0,8826.912,8984.864,9474.848,8646.144,8699.04,8655.904,9669.152,10348.128,11535.072,12688.736,14459.232,17199.52,20246.784,23189.28,24510.848,26581.088,27591.904,27631.264,26209.312,23941.824,20324.96,17044.832,13207.904,9904.16,7178.624,4895.68,3314.144,2075.776,1487.488,1116.16,799.616,667.968,514.368,529.856,472.032,507.04,576.192,506.688,549.92,478.336,476.128,415.232,372.672,312.864,244.128,180.736,126.208,103.392,66.912,30.4,28.384,23.776,17.184,10.304,6.08,4.704,3.264,1.696,1.728,5.376,0,0,0,0,0,0,0,0,0,0,0,0,0,0,0,0,0,0,0,0,0,0,0,0,0,0,0,0,0,0,0,0,0,0,0,2.501,3.622,5.274,7.586,8.997,11.406,13.988,18.798,23.811,30.853,39.001,50.474,67.424,88.338,111.494,129.319,152.538,171.357,184.817,187.881,183.344,165.631,147.302,120.609,95.583,73.021,52.638,37.634,25.152,19.498,15.696,12.837,11.702,10.148,10.626,10.038,10.363,11.185,9.966,9.924,8.521,8.16,6.911,5.958,4.963,3.848,2.819,1.932,1.567,0.978,0.453,0.405,0.37,0.226,0.134,0.078,0.059,0.04,0.02,0.02,0.058,0,0,0,0,0
2026-09-01 02:28:00,1,"Normal Scan","Normal Scan",0,"ON",1,1,1,738.2,5,20.3,98.2,41.4,0.0000000686201,0.0000181953,4.97,8954.6,8.8,736.5,1,"Up Scan","Positive",254,0,4.37,1.6,8,8,0,1,1,30.181,33.514,28.574,35.227,1.72,9491.94,38,20.9,NA,0,0,0,0,0,0,0,0,0,0,0,0,0,0,0,0,0,0,0,0,0,0,0,0,0,0,0,0,0,0,0,6956.672,6399.84,6775.968,6632.608,6342.368,6450.912,6614.112,7248.352,7247.904,7808.96,8148.288,9300.832,10993.024,13495.776,16658.4,18180.224,19778.688,20424.32,20505.952,19268.608,16791.936,14178.528,11420.512,8958.432,6630.464,4755.84,3273.376,2258.4,1489.248,1068.512,826.528,627.68,508.96,463.2,480.096,390.752,481.216,506.4,429.12,496.864,471.52,435.552,358.24,320.544,290.24,198.528,139.232,84.288,49.472,40.064,29.6,11.168,12.832,7.328,10.656,4.736,6.528,1.696,0,1.792,0,0,0,0,0,0,0,0,0,0,0,0,0,0,0,0,0,0,0,0,0,0,0,0,0,0,0,0,0,0,0,0,0,0,0,2.023,2.85,3.774,5.385,6.898,8.285,10.379,12.831,16.6,19.373,24.016,28.574,36.761,48.452,65.558,88.431,104.98,123.502,137.283,147.555,148.136,137.36,122.994,104.811,86.581,67.675,51.11,37.084,27.149,19.242,14.966,12.796,10.954,9.708,9.637,10.238,8.923,9.77,9.978,8.56,8.81,7.954,7.125,5.709,5.082,4.421,3.032,2.094,1.307,0.764,0.577,0.421,0.167,0.17,0.096,0.136,0.059,0.08,0.02,0,0.019,0,0,0,0,0
2026-09-01 02:33:00,1,"Normal Scan","Normal Scan",0,"ON",1,1,1,737.8,5,19.8,98.2,41.2,0.0000000684713,0.0000181713,4.97,8954.6,8.8,736.5,1,"Up Scan","Positive",254,0,4.37,1.6,8,8,0,1,1,29.836,33.477,28.436,35.227,1.727,9081.37,38,20.7,NA,0,0,0,0,0,0,0,0,0,0,0,0,0,0,0,0,0,0,0,0,0,0,0,0,0,0,0,0,0,0,0,6068.704,6340.928,6192.096,6219.2,6166.88,6352.416,6848.224,6871.328,8032.896,8367.776,8961.728,10295.712,11874.272,12974.496,14429.184,16203.136,17493.6,18348.192,18568.768,17965.312,16132.224,13897.344,11143.968,8326.88,6175.424,4424.992,3343.68,2154.144,1479.84,1073.984,845.472,671.872,534.944,559.2,538.624,475.648,457.888,515.712,494.368,434.816,433.952,430.432,380.096,272.96,274.528,164.736,114.624,75.776,59.808,44.608,29.76,12.928,14.368,8.864,13.76,1.6,6.528,3.36,1.76,3.552,0,0,0,0,0,0,0,0,0,0,0,0,0,0,0,0,0,0,0,0,0,0,0,0,0,0,0,0,0,0,0,0,0,0,0,1.888,2.478,3.725,4.988,6.485,8.108,10.26,13.315,15.765,21.412,25.65,31.243,40.411,51.997,62.929,76.843,93.892,109.709,123.702,133.779,138.159,132.006,120.651,102.248,80.673,63.051,47.834,38.047,26.016,19.497,15.329,12.875,11.633,10.251,10.752,10.684,9.977,9.549,9.698,9.334,7.832,7.276,7.029,6.203,4.356,4.197,2.575,1.732,1.241,0.905,0.667,0.421,0.223,0.208,0.115,0.175,0.02,0.08,0.04,0.02,0.039,0.014,0,0,0,0
2026-09-01 02:38:00,1,"Normal Scan","Normal Scan",0,"ON",1,1,1,738.1,5,20.2,98.2,41.2,0.0000000685904,0.0000181905,4.97,8954.6,8.8,736.5,1,"Up Scan","Positive",254,0,4.37,1.6,8,8,0,1,1,28.789,31.849,27.4,35.227,1.691,11978.8,37,20.8,NA,0,0,0,0,0,0,0,0,0,0,0,0,0,0,0,0,0,0,0,0,0,0,0,0,0,0,0,0,0,0,0,9706.688,8894.592,8706.944,7474.528,7800.864,7713.216,8428.576,8997.728,10817.824,12208.224,13753.12,15774.24,17957.376,18688.704,20138.24,21515.072,23428.704,25661.952,26138.016,23532.928,20558.432,16349.76,12807.584,9360.32,6597.088,4542.656,3096.96,2066.432,1435.136,1089.792,782.528,665.056,572.896,490.304,461.472,456.864,557.408,562.688,531.648,549.248,457.088,437.696,399.136,305.344,257.184,177.6,131.456,86.304,53.856,36.576,28.576,28.544,18.496,7.328,10.688,4.736,3.232,3.36,3.488,0,0,0,0,0,0,0,0,0,0,0,0,0,0,0,0,0,0,0,0,0,0,0,0,0,0,0,0,0,0,0,0,0,0,0,0,2.503,3.945,5.206,6.974,7.785,10.224,12.514,16.383,20.729,28.907,37.4,47.777,61.683,78.365,90.45,106.932,124.401,146.156,171.789,187.069,179.83,167.15,141.167,116.91,90.461,67.289,48.831,35.316,25.078,18.742,15.39,12.464,11.876,11.009,10.28,9.821,9.832,11.078,10.629,9.805,9.52,7.815,7.208,6.314,4.858,4.063,2.788,2.005,1.308,0.816,0.541,0.421,0.39,0.245,0.096,0.136,0.059,0.04,0.04,0.041,0,0,0,0,0,0
2026-09-01 02:43:00,1,"Normal Scan","Normal Scan",0,"ON",1,1,1,737.9,5,19.9,98.2,41,0.0000000685011,0.0000181761,4.97,8954.6,8.8,736.5,1,"Up Scan","Positive",254,0,4.37,1.6,8,8,0,1,1,26.7,29.935,25.918,30.505,1.665,13989.4,38,20.7,NA,0,0,0,0,0,0,0,0,0,0,0,0,0,0,0,0,0,0,0,0,0,0,0,0,0,0,0,0,0,0,0,8211.264,8841.312,10066.656,11386.752,11947.168,13405.152,14231.648,14348.864,15365.312,16567.648,17611.232,19715.2,22214.304,23816.512,25513.312,27457.632,27579.808,26884.128,25792.032,22978.976,19803.52,16013.76,12444.256,9380.736,6448.32,4345.344,2956.96,2031.904,1412.16,1071.456,796.16,592.32,534.4,515.2,461.952,473.536,585.952,524.928,486.72,496.576,473.056,438.176,335.456,293.6,268.32,172.224,135.552,78.272,47.264,38.08,18.72,11.36,15.744,4.416,9.12,3.168,3.296,1.664,0,3.584,0,0,0,0,0,0,0,0,0,0,0,0,0,0,0,0,0,0,0,0,0,0,0,0,0,0,0,0,0,0,0,0,0,0,0,2.159,3.372,5.271,8.076,11.833,15.711,21.682,27.624,32.942,40.953,50.634,61.266,76.862,96.531,114.287,134.204,157.266,170.99,179.627,184.675,175.678,161.029,138.245,113.728,90.538,65.893,46.67,33.645,24.799,18.486,15.069,12.722,10.828,10.358,10.291,9.885,9.99,11.058,10.027,9.163,8.748,7.873,7.15,5.373,4.541,4.091,2.687,2.026,1.187,0.692,0.577,0.256,0.186,0.208,0.057,0.116,0.039,0.04,0.02,0,0.039,0,0,0,0,0
2026-09-01 02:48:00,1,"Normal Scan","Normal Scan",0,"ON",1,1,1,737.9,5,20,98.2,41.3,0.0000000685308,0.0000181809,4.97,8954.6,8.8,736.5,1,"Up Scan","Positive",254,0,4.37,1.6,8,8,0,1,1,27.11,30.269,26.158,30.505,1.672,13410.2,38,20.8,NA,0,0,0,0,0,0,0,0,0,0,0,0,0,0,0,0,0,0,0,0,0,0,0,0,0,0,0,0,0,0,0,9326.944,8269.76,9567.328,10457.76,11044.896,11816.736,12620.448,13434.112,14351.008,15072.768,16765.248,18657.472,20356.864,21932.992,24677.248,26626.496,27214.304,26192.32,25545.12,22633.248,19893.408,15857.6,12343.616,8793.248,6217.536,4256.16,2887.456,1999.712,1459.36,970.592,750.496,602.272,544.992,410.88,486.752,484.128,563.776,577.248,604.16,515.648,469.92,471.648,374.464,271.616,241.856,163.936,106.368,74.048,45.248,40.928,20.832,20.192,11.456,14.72,4.544,1.6,4.864,0,3.488,1.472,0,0,0,0,0,0,0,0,0,0,0,0,0,0,0,0,0,0,0,0,0,0,0,0,0,0,0,0,0,0,0,0,0,0,0,1.807,3.808,4.917,7.679,10.879,14.468,19.074,24.569,30.787,38.198,46.133,58.273,72.844,88.599,105.502,129.925,152.677,168.799,175.059,182.643,172.945,161.722,136.882,112.709,84.988,63.381,45.821,32.874,24.253,18.865,14.136,12.095,11,10.969,9.187,10.192,10.308,10.92,10.619,10.712,8.865,7.825,7.455,6.002,4.262,3.78,2.524,1.694,1.087,0.692,0.577,0.311,0.279,0.151,0.191,0.058,0.02,0.06,0,0.041,0.019,0,0,0,0,0
2026-09-01 02:53:00,1,"Normal Scan","Normal Scan",0,"ON",1,1,1,737.9,5,19.9,98.2,41,0.0000000685011,0.0000181761,4.97,8954.6,8.8,736.5,1,"Up Scan","Positive",254,0,4.37,1.6,8,8,0,1,1,26.262,29.299,25.485,30.505,1.651,15569.8,38,20.7,NA,0,0,0,0,0,0,0,0,0,0,0,0,0,0,0,0,0,0,0,0,0,0,0,0,0,0,0,0,0,0,0,10210.752,10567.04,11330.656,12304.48,12655.488,14780.096,15251.648,16617.44,18030.944,19518.304,20920.032,23185.824,24889.472,27073.472,29376.768,30723.712,31016.448,30488.992,28663.968,25405.728,21319.616,16560.032,12623.808,9159.04,6193.952,4336.128,2846.016,1924.608,1353.248,1016.16,740.48,617.568,533.952,490.72,487.776,492.992,533.056,516.032,539.968,569.312,489.952,382.912,357.696,312.736,244.256,168.832,140.992,85.28,60.352,43.296,25.504,22.048,14.336,2.944,9.152,3.2,1.632,0,0,1.44,0,0,0,0,0,0,0,0,0,0,0,0,0,0,0,0,0,0,0,0,0,0,0,0,0,0,0,0,0,0,0,0,0,0,0,2.437,4.133,6.219,9.081,12.812,16.657,23.924,29.659,38.089,48.071,59.674,72.565,90.36,108.122,129.924,154.408,175.747,191.91,203.101,204.552,193.65,173.131,142.776,115.156,88.375,63.139,46.658,32.501,23.443,17.75,14.653,11.982,11.034,10.399,10.406,10.356,9.999,10.54,9.959,9.877,9.691,8.304,6.41,5.815,4.866,3.834,2.601,2.082,1.286,0.893,0.607,0.348,0.298,0.189,0.038,0.116,0.039,0.02,0,0,0.019,0,0,0,0,0
2026-09-01 02:58:00,1,"Normal Scan","Normal Scan",0,"ON",1,1,1,738.1,5,20.2,98.2,41.2,0.0000000685904,0.0000181905,4.97,8954.6,8.8,736.5,1,"Up Scan","Positive",254,0,4.37,1.6,8,8,0,1,1,25.532,28.446,24.866,28.387,1.637,17870.4,38,20.8,NA,0,0,0,0,0,0,0,0,0,0,0,0,0,0,0,0,0,0,0,0,0,0,0,0,0,0,0,0,0,0,0,11165.856,12315.616,13555.68,15099.168,16444.544,17570.432,19885.888,20026.176,21855.52,23798.24,25245.088,27128.608,29724.992,31528.672,33968.768,35458.976,34746.912,34011.168,31575.232,27309.824,23174.528,18017.76,13024.32,9500.352,6360.992,4358.336,2712.416,1958.176,1362.272,1024.448,770.368,649.312,575.936,504.8,482.016,564.864,529.504,530.656,494.272,491.392,499.616,394.336,344.192,293.824,239.648,166.88,119.456,87.648,66.304,44.16,45.504,12.576,14.848,6.976,8.96,1.6,0,1.664,0,1.792,0,0,0,0,0,0,0,0,0,0,0,0,0,0,0,0,0,0,0,0,0,0,0,0,0,0,0,0,0,0,0,0,0,0,0,3.217,4.579,7.278,10.778,15.714,21.579,28.435,38.565,45.88,58.174,72.634,87.552,105.622,128.941,150.959,178.054,202.511,214.688,226.006,224.93,207.948,187.758,154.935,118.768,91.643,64.81,46.902,31.127,23.939,17.945,14.701,12.491,11.379,10.871,10.134,10.305,11.005,10.33,10.075,9.184,8.62,8.48,6.451,5.639,4.756,3.681,2.578,1.799,1.325,0.949,0.631,0.622,0.186,0.196,0.091,0.113,0.02,0,0.02,0,0.019,0,0,0,0,0
2026-09-01 03:03:00,1,"Normal Scan","Normal Scan",0,"ON",1,1,1,738.7,5,21,98.2,40.8,0.0000000688286,0.0000182289,4.97,8954.6,8.8,736.5,1,"Up Scan","Positive",254,0,4.37,1.6,8,8,0,1,1,25.28,28.437,24.648,30.505,1.659,15959.1,37,21.1,NA,0,0,0,0,0,0,0,0,0,0,0,0,0,0,0,0,0,0,0,0,0,0,0,0,0,0,0,0,0,0,0,11971.008,12575.904,12596.8,14307.2,15292.608,16867.232,17321.952,18763.584,19528.288,20851.168,21928.768,23646.688,25664.8,27424.352,28927.232,30487.104,30738.592,29214.624,27723.648,24629.504,20340.672,15791.424,11755.552,8162.848,5587.744,3909.792,2711.52,1845.44,1320.832,936.928,790.624,628.192,561.088,522.752,433.28,444.736,534.56,535.424,480.16,519.04,517.056,421.024,366.08,306.912,265.888,194.208,130.336,64.48,52.064,28.672,20.224,12.768,8.928,11.872,9.216,0,1.632,1.664,4.96,0.32,0,0,0,0,0,0,0,0,0,0,0,0,0,0,0,0,0,0,0,0,0,0,0,0,0,0,0,0,0,0,0,0,0,0,0,3.135,4.842,7.345,10.032,14.915,20.052,27.197,33.568,42.915,51.934,63.579,75.935,92.017,111.144,131.307,151.809,174.128,189.769,194.269,197.356,187.38,164.87,136.021,107.246,78.813,57.091,42.228,31.055,22.643,17.277,13.45,12.454,11.357,10.564,10.403,9.866,9.567,10.518,10.247,9.033,9.025,8.591,6.818,5.737,4.784,4.032,2.942,1.999,1.011,0.748,0.429,0.293,0.204,0.132,0.153,0.116,0,0.02,0.02,0.058,0.003,0.014,0,0,0,0
2026-09-01 03:08:00,1,"Normal Scan","Normal Scan",0,"ON",1,1,1,739.4,5,21.9,98.2,40.4,0.0000000690967,0.0000182719,4.97,8954.6,8.8,736.5,1,"Up Scan","Positive",254,0,4.37,1.6,8,8,0,1,1,24.391,28.383,24.119,32.781,1.713,13567.8,37,21.5,NA,0,0,0,0,0,0,0,0,0,0,0,0,0,0,0,0,0,0,0,0,0,0,0,0,0,0,0,0,0,0,0,13707.008,13514.976,12629.6,13940.32,15079.072,15382.688,16835.936,16780.128,17753.216,17775.104,19223.584,18542.688,18819.776,19002.464,19860.736,21490.24,23041.632,24345.536,23052.032,20227.872,17463.936,13802.176,10479.232,7750.592,5399.456,3888.224,2678.016,1799.2,1259.904,905.856,725.696,586.848,521.28,515.008,506.176,499.872,515.552,518.112,525.056,488.48,479.776,424,365.568,301.408,250.528,166.88,123.776,65.696,51.36,33.216,14.592,19.424,11.616,5.856,10.784,1.568,0,6.816,0,3.456,0,0,0,0,0,0,0,0,0,0,0,0,0,0,0,0,0,0,0,0,0,0,0,0,0,0,0,0,0,0,0,0,0,0,0,3.374,5.539,7.943,10.063,14.458,19.719,24.83,32.509,38.233,46.997,54.022,66.236,72.016,81.612,91.362,104.743,123.382,142.776,162.197,164.451,154.278,141.923,119.133,95.705,74.837,55.129,41.875,30.568,21.974,16.73,13.262,11.768,10.531,10.197,10.423,10.503,10.2,10.217,9.846,9.678,8.502,7.993,6.733,5.748,4.664,3.874,2.561,1.868,1.062,0.726,0.468,0.256,0.278,0.17,0.076,0.136,0.02,0,0.08,0,0.04,0,0,0,0,0
2026-09-01 03:13:00,1,"Normal Scan","Normal Scan",0,"ON",1,1,1,739.2,5,21.7,98.2,40.2,0.0000000690371,0.0000182624,4.97,8954.6,8.8,736.5,1,"Up Scan","Positive",254,0,4.37,1.6,8,8,0,1,1,27.099,30.247,25.717,32.781,1.725,12238.2,36,21.7,NA,0,0,0,0,0,0,0,0,0,0,0,0,0,0,0,0,0,0,0,0,0,0,0,0,0,0,0,0,0,0,0,11778.176,11572.896,11764.928,11666.304,11758.592,10917.856,11095.2,11874.208,11927.712,12168.224,12893.952,14182.112,16171.904,18197.6,21222.912,21639.168,23191.328,23545.792,23484.224,21761.984,18590.304,15387.392,11529.344,8290.304,6127.904,4052.16,2903.424,1856.288,1301.696,894.08,749.92,638.592,574.72,449.248,549.344,489.216,508.832,542.976,573.408,487.744,399.008,432.48,402.496,296.896,265.12,142.208,124.832,90.496,41.568,29.344,32.224,13.792,15.776,4.416,9.184,4.736,3.264,0,1.728,0,0,0,0,0,0,0,0,0,0,0,0,0,0,0,0,0,0,0,0,0,0,0,0,0,0,0,0,0,0,0,0,0,0,0,0,3.178,4.792,6.81,9.347,12.089,15.352,17.58,21.486,27.125,31.737,37.216,44.743,55.435,70.569,87.735,111.989,124.495,144.189,157.386,167.901,166.178,150.998,132.701,105.19,79.967,62.354,43.656,33.126,22.676,17.096,13.29,11.957,11.333,10.979,9.687,10.696,10.08,10.347,10.338,10.22,8.495,6.832,7.012,6.252,4.733,4.056,2.225,1.868,1.359,0.655,0.414,0.457,0.186,0.226,0.057,0.116,0.059,0.04,0,0.02,0,0.014,0,0,0,0
2026-09-01 03:18:00,1,"Normal Scan","Normal Scan",0,"ON",1,1,1,738.4,5,20.6,98.2,39.5,0.0000000687095,0.0000182097,4.97,8954.6,8.8,736.5,1,"Up Scan","Positive",254,0,4.37,1.6,8,8,0,1,1,24.58,28.59,24.018,35.227,1.75,13188.6,36,21.5,NA,0,0,0,0,0,0,0,0,0,0,0,0,0,0,0,0,0,0,0,0,0,0,0,0,0,0,0,0,0,0,0,14603.072,15304.544,15823.904,16609.696,16896.192,15424.512,14666.208,14801.696,14603.04,14034.624,15856.928,16794.24,16709.664,18492.256,19593.984,20025.696,20618.944,20734.848,21600.16,20956.512,18449.024,14928.992,11611.776,8243.776,5906.56,3883.616,2654.24,1954.688,1417.44,1052.512,749.056,667.648,514.048,460.192,457.184,505.92,510.464,545.184,525.12,472.384,452.128,405.056,363.872,288.416,258.528,179.808,147.584,89.152,60.416,47.84,31.328,20.448,10.176,7.424,4.576,3.136,0,0,3.52,1.504,0,0,0,0,0,0,0,0,0,0,0,0,0,0,0,0,0,0,0,0,0,0,0,0,0,0,0,0,0,0,0,0,0,0,0,3.519,5.938,8.95,12.671,17.264,22.114,24.818,28.377,33.777,38.764,42.836,54.856,65.229,72.52,88.887,103.604,115.607,128.704,139.185,154.876,160.2,149.809,128.812,106.13,79.758,60.348,41.985,30.474,23.585,18.505,14.998,11.95,11.667,10.114,9.73,9.563,10.337,10.296,10.295,9.705,8.471,7.753,6.712,5.889,4.544,3.999,2.725,2.216,1.34,0.869,0.666,0.439,0.297,0.151,0.096,0.058,0.039,0,0,0.041,0.02,0,0,0,0,0
2026-09-01 03:23:00,1,"Normal Scan","Normal Scan",0,"ON",1,1,1,738.6,5,20.9,98.2,39.3,0.0000000687988,0.0000182241,4.97,8954.6,8.8,736.5,1,"Up Scan","Positive",254,0,4.37,1.6,8,8,0,1,1,25.233,28.394,24.554,28.387,1.671,16670.9,36,21.6,NA,0,0,0,0,0,0,0,0,0,0,0,0,0,0,0,0,0,0,0,0,0,0,0,0,0,0,0,0,0,0,0,15579.776,13728.192,14630.304,14931.424,16189.344,17061.76,17371.392,18491.328,19918.336,21002.752,23101.056,24892.512,25859.04,28228.576,29335.36,30705.984,30547.168,30519.488,28425.92,25834.848,21639.936,17342.4,13227.648,9269.824,6444.16,4218.752,2872.128,1961.024,1418.336,1004,757.28,582.816,470.368,456.448,492.832,512.064,498.368,564.896,523.488,470.4,470.56,406.912,386.304,318.144,234.88,185.312,121.024,81.12,61.344,38.976,22.432,14.752,9.984,12.992,6.528,6.368,4.896,1.696,1.76,0,0,0,0,0,0,0,0,0,0,0,0,0,0,0,0,0,0,0,0,0,0,0,0,0,0,0,0,0,0,0,0,0,0,0,0,3.987,6.361,8.072,11.679,15.545,21.199,27.513,33.7,42.281,52.935,64.013,79.929,96.723,112.176,135.078,154.073,175.642,189.096,203.36,202.847,196.901,175.495,149.233,120.617,89.426,65.543,45.423,32.662,23.61,18.625,14.445,11.953,10.725,9.681,9.481,10.309,10.389,10.129,10.661,9.679,8.308,7.839,6.731,6.198,4.906,3.644,2.813,1.877,1.214,0.939,0.576,0.329,0.204,0.132,0.168,0.082,0.079,0.06,0.02,0.02,0,0,0,0,0,0
2026-09-01 03:28:00,1,"Normal Scan","Normal Scan",0,"ON",1,1,1,738.1,5,20.2,98.2,39.6,0.0000000685904,0.0000181905,4.97,8954.6,8.8,736.5,1,"Up Scan","Positive",254,0,4.37,1.6,8,8,0,1,1,25.107,28.508,24.252,30.505,1.719,14834.8,37,21.3,NA,0,0,0,0,0,0,0,0,0,0,0,0,0,0,0,0,0,0,0,0,0,0,0,0,0,0,0,0,0,0,0,16997.376,16478.848,15309.056,15972.064,15756.48,15560.736,16056,16571.904,16739.168,17049.504,17553.6,19001.408,20961.472,22298.08,24054.592,25139.616,26539.872,26376.032,25225.568,22165.376,19608.896,15923.104,12194.304,9090.976,6496.864,4247.968,2980.448,2039.104,1474.784,962.976,748.256,635.2,573.76,499.744,433.76,552.032,525.696,486.208,534.464,521.216,497.632,393.12,399.2,302.848,228.608,175.232,133.376,84.448,38.464,49.216,28.288,17.92,9.952,10.24,4.576,1.568,1.6,1.696,0,0,0,0,0,0,0,0,0,0,0,0,0,0,0,0,0,0,0,0,0,0,0,0,0,0,0,0,0,0,0,0,0,0,0,0,0,4.244,6.933,9.626,12.244,16.597,20.537,25.063,31.138,37.853,44.494,52.036,60.89,74.062,91.136,107.126,126.61,144.388,164.718,176.15,180.572,169.54,159.484,137.404,111.543,87.791,66.171,45.677,34.015,24.839,19.114,13.933,12.111,11.182,10.893,10.392,9.597,10.849,10.66,9.515,9.535,9.132,8.334,6.412,6.33,4.81,3.547,2.662,2.013,1.239,0.567,0.685,0.403,0.242,0.132,0.134,0.058,0.02,0.02,0.02,0,0,0,0,0,0,0
2026-09-01 03:33:00,1,"Normal Scan","Normal Scan",0,"ON",1,1,1,738.5,5,20.7,98.2,39.6,0.0000000687393,0.0000182145,4.97,8954.6,8.8,736.5,1,"Up Scan","Positive",254,0,4.37,1.6,8,8,0,1,1,24.705,28.287,23.994,30.505,1.724,14234.3,37,21.4,NA,0,0,0,0,0,0,0,0,0,0,0,0,0,0,0,0,0,0,0,0,0,0,0,0,0,0,0,0,0,0,0,16682.592,15941.664,15827.584,14723.904,15829.344,16643.488,16311.584,16045.984,16744.576,16695.264,16866.72,18235.52,19551.52,21129.76,22794.368,24028.352,24743.968,24204.864,23283.712,20742.24,18861.28,15044.192,11614.848,8121.472,5912.16,4096.928,2839.296,1843.168,1341.088,1012.16,758.304,677.472,502.976,509.12,465.504,473.472,553.888,489.28,516.16,507.84,432.768,453.056,409.152,265.376,240.288,182.144,126.08,68.384,38.88,29.792,27.808,17.44,14.4,4.416,7.648,1.6,4.896,3.36,1.728,0,0,0,0,0,0,0,0,0,0,0,0,0,0,0,0,0,0,0,0,0,0,0,0,0,0,0,0,0,0,0,0,0,0,0,0,4.454,6.808,9.424,12.613,15.27,20.714,26.875,31.558,36.701,44.414,50.901,58.416,71.017,84.9,101.442,119.923,137.921,153.532,161.744,166.432,158.58,153.303,129.801,106.081,78.557,60.38,44.208,32.374,22.519,17.599,14.413,12.151,11.693,10.058,10.348,9.67,10.064,10.995,9.336,9.294,9.016,7.278,7.225,6.288,4.271,3.718,2.812,1.875,1.046,0.603,0.45,0.41,0.234,0.207,0.057,0.097,0.02,0.06,0.04,0.02,0,0.014,0,0,0,0
2026-09-01 03:38:00,1,"Normal Scan","Normal Scan",0,"ON",1,1,1,738.1,5,20.2,98.2,40,0.0000000685904,0.0000181905,4.97,8954.6,8.8,736.5,1,"Up Scan","Positive",254,0,4.37,1.6,8,8,0,1,1,23.672,27.651,23.764,30.505,1.676,16043.5,37,21.2,NA,0,0,0,0,0,0,0,0,0,0,0,0,0,0,0,0,0,0,0,0,0,0,0,0,0,0,0,0,0,0,0,15053.152,14104.928,14176.224,15247.136,14574.24,17450.368,21531.232,23618.432,23168.352,24025.792,24786.24,25301.952,24503.776,24930.688,25206.176,26519.008,28472.448,27771.52,24543.872,21119.424,18232.224,14476.544,11240.224,8226.944,5825.472,4174.112,2788.96,1933.856,1437.728,1028.032,749.92,570.624,528.032,510.784,482.272,558.08,560.768,522.592,523.648,519.104,455.712,440.096,377.056,287.424,245.92,192.64,120.672,100.096,57.472,31.648,24.384,15.232,18.624,11.808,7.648,3.136,1.664,3.328,3.456,0,0,0,0,0,0,0,0,0,0,0,0,0,0,0,0,0,0,0,0,0,0,0,0,0,0,0,0,0,0,0,0,0,0,0,0,4.349,6.188,8.329,11.387,15.794,19.183,28.244,41.795,53.965,61.495,73.061,85.48,98.146,106.103,119.215,132.229,151.719,175.863,184.873,175.287,161.431,148.378,125.044,102.892,79.636,59.506,45.008,31.783,23.628,18.756,14.813,12.243,10.514,10.297,10.434,10.027,11.288,10.97,9.962,9.53,9.236,7.759,7.209,6.043,4.51,3.77,3.017,1.858,1.509,0.843,0.487,0.366,0.204,0.264,0.153,0.097,0.039,0.02,0.04,0.041,0,0.014,0,0,0,0
2026-09-01 03:43:00,1,"Normal Scan","Normal Scan",0,"ON",1,1,1,738.4,5,20.6,98.2,40.2,0.0000000687095,0.0000182097,4.97,8954.6,8.8,736.5,1,"Up Scan","Positive",254,0,4.37,1.6,8,8,0,1,1,24.501,27.525,23.87,28.387,1.66,18026.1,37,21.3,NA,0,0,0,0,0,0,0,0,0,0,0,0,0,0,0,0,0,0,0,0,0,0,0,0,0,0,0,0,0,0,0,14646.336,15321.216,18243.808,19205.824,20112.48,20883.936,20485.504,21578.112,21160.512,23112.416,24718.592,26731.648,28720.768,30958.752,32510.272,34135.008,33075.136,32651.296,29800.352,25547.36,21122.56,16516.832,12253.952,8596.16,5808.032,4097.472,2773.984,1874.88,1427.936,985.792,783.392,569.408,542.048,502.688,468.96,558.496,526.176,533.824,506.56,490.656,497.568,376.832,341.056,314.944,236.864,179.776,107.936,72.48,58.944,28.704,24.192,17.824,5.856,9.728,10.72,6.304,3.264,0,1.728,1.504,0,0,0,0,0,0,0,0,0,0,0,0,0,0,0,0,0,0,0,0,0,0,0,0,0,0,0,0,0,0,0,0,0,0,0,3.77,5.949,9.056,14.663,20.002,26.291,33.665,39.706,49.371,56.265,70.587,85.529,103.922,124.439,147.959,170.252,194.555,204.131,216.885,212.075,194.356,171.283,142.177,111.809,83.092,59.319,44.168,31.622,22.92,18.645,14.264,12.636,10.357,10.318,10.229,10.112,10.761,10.31,10.135,9.32,8.583,8.19,6.127,5.486,4.958,3.681,2.713,1.659,1.154,0.918,0.414,0.348,0.242,0.14,0.126,0.136,0.079,0.04,0,0.02,0.02,0.042,0,0,0,0
2026-09-01 03:48:00,1,"Normal Scan","Normal Scan",0,"ON",1,1,1,737.7,5,19.7,98.2,40.6,0.0000000684415,0.0000181665,4.97,8954.6,8.8,736.5,1,"Up Scan","Positive",254,0,4.37,1.6,8,8,0,1,1,24.078,27.376,23.574,28.387,1.679,17797.2,37,21,NA,0,0,0,0,0,0,0,0,0,0,0,0,0,0,0,0,0,0,0,0,0,0,0,0,0,0,0,0,0,0,0,18778.528,19198.72,18010.176,18030.88,18820.576,19894.784,20653.376,21758.848,22830.08,23160.128,24419.488,26256.704,27287.648,28676.768,30582.432,31717.824,31695.36,30548.064,28858.88,25477.984,20829.536,16180.096,11942.496,8538.56,5915.2,4124.096,2777.152,2037.76,1446.4,1027.904,849.792,625.056,565.152,486.528,478.016,531.84,573.824,494.528,537.44,555.008,454.24,409.536,380.448,303.168,257.76,151.904,110.336,80.768,69.344,23.808,20.032,25.664,10.016,12,4.576,3.136,6.56,5.024,0,7.168,0,0,0,0,0,0,0,0,0,0,0,0,0,0,0,0,0,0,0,0,0,0,0,0,0,0,0,0,0,0,0,0,0,0,0,4.794,7.706,11.257,14.413,18.794,24.762,32.142,40.109,49.84,60.715,70.606,84.601,102.15,118.269,137.374,160.5,181.173,195.807,203.222,205.596,194.113,169.037,139.474,109.224,82.601,60.545,44.508,31.825,24.832,18.788,14.791,13.529,11.045,10.875,10.236,10.156,10.618,11.108,9.63,9.814,9.359,7.678,6.783,6.031,4.726,4.068,2.365,1.7,1.257,1.029,0.415,0.275,0.409,0.149,0.155,0.058,0.039,0.08,0.06,0,0.077,0.014,0,0,0,0
2026-09-01 03:53:00,1,"Normal Scan","Normal Scan",0,"ON",1,1,1,737.9,5,19.9,98.2,40.4,0.0000000685011,0.0000181761,4.97,8954.6,8.8,736.5,1,"Up Scan","Positive",254,0,4.37,1.6,8,8,0,1,1,22.438,26.849,22.597,28.387,1.733,14901,38,20.9,NA,0,0,0,0,0,0,0,0,0,0,0,0,0,0,0,0,0,0,0,0,0,0,0,0,0,0,0,0,0,0,0,19668.768,21184.416,18692.896,20378.112,19110.144,18719.264,18520.256,18954.176,18857.056,20030.592,19295.04,20524.96,20692,21785.632,22695.936,22892.448,22774.56,21536.672,20513.024,18494.912,15743.2,13293.472,10278.912,7513.824,5507.392,3975.072,2796.8,2007.552,1367.104,1063.232,808.736,647.968,536.128,508.064,477.12,508.96,512.16,557.76,538.24,534.72,469.088,422.624,357.12,316.032,218.016,189.984,118.432,68.384,41.376,43.904,28.352,23.456,14.24,8.96,6.112,1.6,3.232,1.664,0,1.44,0,0,0,0,0,0,0,0,0,0,0,0,0,0,0,0,0,0,0,0,0,0,0,0,0,0,0,0,0,0,0,0,0,0,0,5.43,8.004,12.454,14.945,21.199,25.031,30.146,35.848,43.35,50.067,60.972,66.627,79.639,89.507,104.101,118.994,130.871,141.164,143.985,146.883,141.617,128.395,115.111,94.315,72.869,56.477,42.971,31.978,24.39,17.994,15.18,12.805,11.453,10.527,10.592,10.012,10.395,10.188,10.453,9.688,9.364,7.809,6.871,5.702,4.978,3.423,2.929,1.801,1.03,0.656,0.627,0.389,0.316,0.226,0.115,0.078,0.02,0.04,0.02,0,0.019,0.028,0,0,0,0
2026-09-01 03:58:00,1,"Normal Scan","Normal Scan",0,"ON",1,1,1,737.9,5,19.9,98.2,41.2,0.0000000685011,0.0000181761,4.97,8954.6,8.8,736.5,1,"Up Scan","Positive",254,0,4.37,1.6,8,8,0,1,1,20.226,26.527,21.646,9.647,1.804,12619.3,38,20.9,NA,0,0,0,0,0,0,0,0,0,0,0,0,0,0,0,0,0,0,0,0,0,0,0,0,0,0,0,0,0,0,0,23819.072,20828.256,21363.2,20057.408,19280.704,18308.128,17690.464,17713.248,16294.72,15005.44,14923.936,14157.984,14022.976,14338.432,14379.04,14934.272,15326.848,15517.76,15498.816,14600.064,13102.88,11110.112,9141.952,7342.976,5390.656,4096.416,2828.96,2052.032,1462.112,1119.264,847.712,674.208,542.208,561.12,509.312,500.832,505.504,516.224,530.752,481.152,484.64,427.808,416.48,320.736,240.896,187.776,116.416,87.36,60,20.224,24.48,13.856,4.832,7.392,6.048,6.272,9.824,5.088,0,0,0,0,0,0,0,0,0,0,0,0,0,0,0,0,0,0,0,0,0,0,0,0,0,0,0,0,0,0,0,0,0,0,0,0,0,6.516,9.673,12.257,17.108,20.82,25.169,29.509,34.198,40.372,43.134,45.574,51.421,54.884,60.744,68.835,75.969,86.143,95.77,104.462,111.814,112.506,107.477,96.7,84.135,71.457,55.351,44.299,32.489,24.896,19.176,15.906,13.248,11.756,10.502,11.124,10.566,10.35,10.401,9.979,9.718,8.489,8.167,6.972,6.454,5.019,3.709,2.839,1.803,1.312,0.901,0.361,0.366,0.186,0.075,0.096,0.078,0.079,0.119,0.06,0,0,0.014,0,0,0,0
2026-09-01 04:03:00,1,"Normal Scan","Normal Scan",0,"ON",1,1,1,738,5,20.1,98.2,41,0.0000000685606,0.0000181857,4.97,8954.6,8.8,736.5,1,"Up Scan","Positive",254,0,4.37,1.6,8,8,0,1,1,19.011,26.04,21.106,9.647,1.814,12773.6,38,20.9,NA,0,0,0,0,0,0,0,0,0,0,0,0,0,0,0,0,0,0,0,0,0,0,0,0,0,0,0,0,0,0,0,24520.576,23858.08,23539.552,21928.224,21534.656,20253.6,19178.4,18307.488,17191.872,15352.928,14035.84,12712.544,12745.344,12287.84,13361.664,14152.224,14928.576,14824.384,15212.192,13784.928,12523.136,10993.696,9214.272,6967.936,5423.968,4034.272,2896.864,2097.952,1562.016,1114.272,848.8,643.872,522.624,600.064,453.312,494.944,587.68,550.432,556.416,494.592,535.744,434.72,371.68,296.768,222.848,186.112,124.192,89.216,61.6,37.728,33.408,28.928,17.152,7.392,9.12,3.168,3.264,1.664,0,0,0,0,0,0,0,0,0,0,0,0,0,0,0,0,0,0,0,0,0,0,0,0,0,0,0,0,0,0,0,0,0,0,0,0,0,6.89,9.946,14.031,18.788,22.75,28.155,32.636,37.038,41.661,45.444,46.547,48.302,49.383,55.271,59.212,70.624,81.582,93.282,100.01,109.662,106.435,102.86,95.744,84.946,67.958,55.738,43.599,33.133,25.497,20.403,15.754,13.41,11.493,10.464,11.573,10.072,10.278,11.369,10.422,9.94,8.779,8.983,7.137,5.953,4.737,3.571,2.893,1.882,1.326,0.904,0.559,0.458,0.39,0.226,0.096,0.116,0.039,0.04,0.02,0,0,0,0,0,0,0
2026-09-01 04:08:00,1,"Normal Scan","Normal Scan",0,"ON",1,1,1,737.8,5,19.8,98.2,41.6,0.0000000684713,0.0000181713,4.97,8954.6,8.8,736.5,1,"Up Scan","Positive",254,0,4.37,1.6,8,8,0,1,1,21.167,27.522,22.328,9.647,1.824,11839.5,38,20.8,NA,0,0,0,0,0,0,0,0,0,0,0,0,0,0,0,0,0,0,0,0,0,0,0,0,0,0,0,0,0,0,0,21014.816,18805.472,18578.56,18204.896,18086.08,16580.288,16741.696,14912.8,14536.544,13666.496,13313.504,12376.608,12740.032,12544.448,13283.072,14275.264,15072.864,15706.176,15668.512,14902.336,13509.952,11314.528,9672.416,7286.24,5649.664,4183.136,3086.496,2115.232,1542.592,1122.432,855.072,702.528,582.112,527.104,515.424,487.232,516.928,545.856,569.248,481.856,484.448,443.872,395.904,346.048,269.312,216,151.648,96.832,51.232,41.792,28.608,20.8,17.504,4.448,3.072,6.336,4.928,3.392,0,0,0,0,0,0,0,0,0,0,0,0,0,0,0,0,0,0,0,0,0,0,0,0,0,0,0,0,0,0,0,0,0,0,0,0,0,5.137,8.575,11.045,14.869,18.908,23.601,26.737,32.363,34.025,38.5,41.501,45.897,48.123,55.341,60.478,70.459,82.563,94.287,105.949,113.018,114.939,110.882,98.607,89.1,70.918,57.999,45.299,35.253,25.716,20.163,15.984,13.219,12.145,11.394,10.662,10.722,10.348,10.656,10.578,10.517,8.813,8.34,7.301,6.294,5.388,4.205,3.366,2.24,1.414,0.82,0.631,0.403,0.279,0.283,0.057,0.039,0.079,0.06,0.04,0,0,0.042,0,0,0,0
2026-09-01 04:13:00,1,"Normal Scan","Normal Scan",0,"ON",1,1,1,738.1,5,20.2,98.2,41.2,0.0000000685904,0.0000181905,4.97,8954.6,8.8,736.5,1,"Up Scan","Positive",254,0,4.37,1.6,8,8,0,1,1,22.467,28.365,23.087,9.647,1.824,11430.3,38,20.8,NA,0,0,0,0,0,0,0,0,0,0,0,0,0,0,0,0,0,0,0,0,0,0,0,0,0,0,0,0,0,0,0,17912.448,17672.16,15988.768,16362.688,16430.592,15370.336,14989.984,14305.216,13682.688,13250.528,11960.8,12165.856,11940.672,12235.872,13082.88,13719.648,15115.52,16555.744,16623.84,15611.168,14339.008,11937.28,10029.632,8026.176,5964.832,4263.52,3158.016,2286.176,1604.96,1122.176,797.568,686.24,519.392,479.968,458.752,508.96,505.472,522.176,524.544,481.184,511.04,468.032,375.744,322.88,259.36,194.656,152.448,85.024,54.816,49.12,20.8,33.28,9.056,8.832,9.152,9.472,0,5.088,1.728,4.736,0,0,0,0,0,0,0,0,0,0,0,0,0,0,0,0,0,0,0,0,0,0,0,0,0,0,0,0,0,0,0,0,0,0,0,4.629,7.307,10.398,12.725,17.006,21.416,24.715,28.964,32.6,36.227,40.246,41.266,47.303,52.027,59.177,69.488,79.58,94.734,111.639,120.039,120.384,117.502,103.972,92.411,77.966,61.068,46.034,35.916,27.446,20.79,15.81,12.585,11.991,10.229,9.938,10.042,10.743,10.324,10.081,9.7,8.875,8.583,7.631,6.113,5.057,4.135,2.962,2.309,1.361,0.833,0.703,0.33,0.465,0.17,0.115,0.116,0.118,0,0.06,0.02,0.058,0.014,0,0,0,0
2026-09-01 04:18:00,1,"Normal Scan","Normal Scan",0,"ON",1,1,1,737.7,5,19.7,98.2,41.6,0.0000000684415,0.0000181665,4.97,8954.6,8.8,736.5,1,"Up Scan","Positive",254,0,4.37,1.6,8,8,0,1,1,23.49,27.95,23.377,32.781,1.755,13842.8,38,20.7,NA,0,0,0,0,0,0,0,0,0,0,0,0,0,0,0,0,0,0,0,0,0,0,0,0,0,0,0,0,0,0,0,18310.976,17148.576,17734.688,17169.984,17343.712,16814.784,16076.928,16285.888,16112.224,16739.296,17289.984,18344.192,18843.648,20603.968,20348.864,21006.016,21010.816,21116.384,20115.328,18573.984,16415.36,13565.664,10876.48,8173.472,5970.56,4447.328,3249.952,2257.28,1553.184,1188.928,868.8,739.616,620.96,498.24,475.584,538.048,496.96,506.336,523.008,544.896,463.072,424.288,408.864,315.2,257.184,165.408,139.008,96.192,60.768,33.76,41.792,17.92,9.92,14.752,6.08,7.904,1.6,3.36,0,0,0,0,0,0,0,0,0,0,0,0,0,0,0,0,0,0,0,0,0,0,0,0,0,0,0,0,0,0,0,0,0,0,0,0,0,4.794,7.468,10.125,14.133,17.836,22.764,27.154,31.202,37.191,42.838,50.976,59.725,71.287,81.732,98.617,107.056,120.62,130.707,141.531,144.504,142.567,134.234,117.819,99.998,79.367,61.238,48.025,37.195,27.316,20.097,16.767,13.532,12.572,11.511,10.51,10.059,10.865,10.332,9.887,9.651,9.484,7.976,7.014,6.457,5.101,3.99,2.525,2.141,1.447,0.916,0.487,0.586,0.242,0.132,0.191,0.078,0.098,0.02,0.04,0,0,0,0,0,0,0
2026-09-01 04:23:00,1,"Normal Scan","Normal Scan",0,"ON",1,1,1,738.1,5,20.2,98.2,41.1,0.0000000685904,0.0000181905,4.97,8954.6,8.8,736.5,1,"Up Scan","Positive",254,0,4.37,1.6,8,8,0,1,1,22.969,27.004,23.03,28.387,1.692,15931.9,38,20.8,NA,0,0,0,0,0,0,0,0,0,0,0,0,0,0,0,0,0,0,0,0,0,0,0,0,0,0,0,0,0,0,0,17440.256,16761.184,17445.856,18028.992,18342.528,18991.584,19278.656,20259.744,21852,23207.584,24311.84,24767.36,26418.048,27020.448,27229.44,27788.704,26686.4,23677.632,20360.96,18301.376,15623.712,12616.224,10057.888,7615.232,5566.752,4223.52,3145.696,2123.616,1429.28,1087.68,830.848,682.784,576.64,489.056,483.104,487.328,542.208,541.632,561.664,482.464,497.984,429.376,383.424,305.696,264.192,200,136.64,62.24,52.352,33.856,29.632,31.872,19.936,13.248,6.144,9.504,1.6,3.392,1.76,0,0,0,0,0,0,0,0,0,0,0,0,0,0,0,0,0,0,0,0,0,0,0,0,0,0,0,0,0,0,0,0,0,0,0,0,4.869,7.171,9.916,13.948,18.723,24.004,30.711,37.431,46.41,58.067,70.662,83.88,96.016,113.844,128.475,142.046,158.01,164.47,157.69,145.839,140.177,127.697,109.626,92.48,73.867,57.051,45.682,35.829,25.71,18.635,15.465,13.178,11.886,11.163,10.039,10.353,10.223,10.786,10.332,10.275,8.668,8.374,6.956,6.134,4.824,4.24,3.118,2.081,0.977,0.816,0.487,0.421,0.446,0.264,0.172,0.078,0.118,0.02,0.04,0.02,0,0,0,0,0,0
2026-09-01 04:28:00,1,"Normal Scan","Normal Scan",0,"ON",1,1,1,737.7,5,19.7,98.2,41.5,0.0000000684415,0.0000181665,4.97,8954.6,8.8,736.5,1,"Up Scan","Positive",254,0,4.37,1.6,8,8,0,1,1,19.003,26.236,21.166,10.366,1.829,13046.5,38,20.7,NA,0,0,0,0,0,0,0,0,0,0,0,0,0,0,0,0,0,0,0,0,0,0,0,0,0,0,0,0,0,0,0,25572.608,26282.56,23672.224,23349.504,22547.392,21126.464,19491.36,17733.824,15779.104,14483.2,13299.616,12548.448,12084.832,12221.888,12663.712,13364.16,14934.976,15655.456,15762.336,15112.992,13859.904,12122.4,10145.408,7681.44,5513.216,4088.032,3039.04,2209.792,1579.936,1140.128,824.768,679.712,579.584,569.504,423.424,535.104,521.824,579.936,527.328,557.28,532.608,469.024,382.848,321.568,300.736,219.52,109.056,87.008,46.784,32.928,42.848,25.152,21.536,13.28,6.08,3.168,4.864,3.36,0,1.792,0,0,0,0,0,0,0,0,0,0,0,0,0,0,0,0,0,0,0,0,0,0,0,0,0,0,0,0,0,0,0,0,0,0,0,7.256,10.404,15.427,18.887,24.245,29.554,33.988,37.63,40.427,41.696,43.953,45.807,48.774,52.547,59.003,67.265,77.613,93.743,105.744,113.89,116.429,113.614,105.465,93.31,74.776,56.641,44.24,34.715,26.807,20.464,16.106,13.173,12.082,11.14,11.436,9.807,11.227,10.423,11.026,10.114,9.858,8.777,7.647,6.079,5.118,4.733,3.437,1.708,1.292,0.735,0.497,0.586,0.353,0.302,0.172,0.078,0.039,0.06,0.04,0,0.019,0.014,0,0,0,0
2026-09-01 04:33:00,1,"Normal Scan","Normal Scan",0,"ON",1,1,1,738.2,5,20.3,98.2,41.1,0.0000000686201,0.0000181953,4.97,8954.6,8.8,736.5,1,"Up Scan","Positive",254,0,4.37,1.6,8,8,0,1,1,18.255,25.596,20.616,9.647,1.825,13095.3,38,20.8,NA,0,0,0,0,0,0,0,0,0,0,0,0,0,0,0,0,0,0,0,0,0,0,0,0,0,0,0,0,0,0,0,28217.152,27071.072,26711.456,24951.776,21686.304,21273.76,19403.648,18119.904,16863.872,15046.208,13941.184,12813.344,12430.08,11882.368,12576.864,13020.288,14031.488,14336.096,14808.768,14209.184,13020.416,11036.8,8954.496,7229.696,5236.512,3962.752,3052.544,2129.152,1542.304,1164.352,910.112,711.36,563.68,517.824,473.344,499.36,544.896,466.816,555.296,514.208,533.856,448.832,349.696,321.056,268.256,219.008,121.088,106.304,49.632,36.48,32.768,24.096,14.56,5.856,12.192,9.44,9.792,3.36,0,3.616,0,0,0,0,0,0,0,0,0,0,0,0,0,0,0,0,0,0,0,0,0,0,0,0,0,0,0,0,0,0,0,0,0,0,0,8.106,11.501,15.885,21.377,25.889,28.317,34.19,37.466,41.231,44.516,45.605,47.947,49.62,53.856,57.242,66.643,75.416,87.841,96.722,106.982,109.464,106.785,96.255,82.561,70.473,53.996,43.001,34.917,25.79,19.972,16.498,14.055,12.138,10.853,10.564,10.424,10.595,10.585,9.467,10.206,9.266,9.04,7.357,5.567,5.113,4.255,3.386,1.836,1.654,0.819,0.577,0.448,0.344,0.226,0.077,0.155,0.118,0.119,0.04,0,0.039,0.028,0,0,0,0
2026-09-01 04:38:00,1,"Normal Scan","Normal Scan",0,"ON",1,1,1,737.7,5,19.7,98.2,41.3,0.0000000684415,0.0000181665,4.97,8954.6,8.8,736.5,1,"Up Scan","Positive",254,0,4.37,1.6,8,8,0,1,1,18.879,26.175,21.007,9.647,1.838,12379.9,38,20.7,NA,0,0,0,0,0,0,0,0,0,0,0,0,0,0,0,0,0,0,0,0,0,0,0,0,0,0,0,0,0,0,0,27546.912,26012.064,23357.088,21712.192,19828.704,18224.384,17317.024,16985.728,15581.888,14094.496,12924.48,12391.776,11625.504,11783.68,12364.512,12835.168,13764.832,14381.888,14474.304,13910.4,12849.12,10769.664,8902.048,7041.056,5363.744,4070.656,2936.832,2122.656,1498.368,1123.008,854.304,626.72,588.224,511.648,464.576,530.656,571.488,569.056,511.328,552.288,503.584,442.656,366.016,345.472,251.968,238.528,127.904,87.904,62.432,41.728,20.672,31.456,11.936,22.176,10.688,9.472,3.264,1.664,1.76,1.792,0,0,0,0,0,0,0,0,0,0,0,0,0,0,0,0,0,0,0,0,0,0,0,0,0,0,0,0,0,0,0,0,0,0,0,7.589,11.19,15.318,18.619,22.587,25.93,29.34,33.485,38.726,41.192,42.737,44.456,48.038,50.5,56.811,65.59,74.423,86.226,97.001,104.636,107.387,105.54,93.901,82.159,68.599,55.135,44.004,33.588,25.814,19.541,16.044,13.48,11.367,11.202,10.664,10.109,11.021,11.176,10.968,9.633,9.873,8.496,7.232,6.048,5.365,4.032,3.631,2.06,1.385,0.952,0.613,0.293,0.446,0.17,0.287,0.136,0.118,0.04,0.02,0.02,0.019,0.014,0,0,0,0
2026-09-01 04:43:00,1,"Normal Scan","Normal Scan",0,"ON",1,1,1,738.2,5,20.3,98.2,41.1,0.0000000686201,0.0000181953,4.97,8954.6,8.8,736.5,1,"Up Scan","Positive",254,0,4.37,1.6,8,8,0,1,1,18.521,25.927,20.802,9.647,1.837,12835.4,38,20.8,NA,0,0,0,0,0,0,0,0,0,0,0,0,0,0,0,0,0,0,0,0,0,0,0,0,0,0,0,0,0,0,0,28204.672,27625.184,23877.344,23709.76,22219.552,20294.656,18575.456,16978.368,15957.664,14468.288,13777.568,12488.288,12239.744,12281.28,12090.272,13124.448,13744.256,14123.008,14389.536,13606.752,12938.72,11130.208,9088.352,7329.728,5604.096,4202.208,3119.2,2220.608,1597.376,1140.256,817.664,744.128,586.208,555.904,552.736,525.568,550.88,549.504,565.92,564.992,493.344,437.408,400.416,317.376,271.744,210.08,145.024,106.56,63.008,26.56,20.704,23.68,10.944,10.336,7.648,1.568,17.984,0,6.912,1.792,0,0,0,0,0,0,0,0,0,0,0,0,0,0,0,0,0,0,0,0,0,0,0,0,0,0,0,0,0,0,0,0,0,0,0,7.277,11.464,16.211,19.108,24.589,28.922,32.604,35.888,38.637,42.149,43.836,47.366,48.405,53.048,59.072,64.075,75.967,86.17,95.383,104.122,105.18,106.261,97.081,83.942,71.403,57.506,45.454,35.695,26.911,20.979,16.115,13.2,12.745,11.308,11.437,11.276,10.872,11.074,10.553,10.52,9.882,8.473,7.297,6.339,4.959,4.245,3.253,2.229,1.603,0.995,0.468,0.348,0.335,0.189,0.134,0.097,0.02,0.219,0,0.081,0.019,0.042,0,0,0,0
2026-09-01 04:48:00,1,"Normal Scan","Normal Scan",0,"ON",1,1,1,737.8,5,19.8,98.2,41.3,0.0000000684713,0.0000181713,4.97,8954.6,8.8,736.5,1,"Up Scan","Positive",254,0,4.37,1.6,8,8,0,1,1,20.494,27.081,21.904,9.647,1.829,12033.8,38,20.7,NA,0,0,0,0,0,0,0,0,0,0,0,0,0,0,0,0,0,0,0,0,0,0,0,0,0,0,0,0,0,0,0,22620.704,21577.664,20403.712,19243.008,18325.76,18019.648,16276.864,15488.32,14353.28,13685.792,13047.616,13334.08,12176.416,12566.304,13090.496,13511.008,14852.992,15127.264,15198.944,14681.696,13512.32,11373.376,9351.904,7437.888,5519.904,4118.176,3106.24,2159.04,1555.872,1117.024,792.288,632.256,612.096,514.08,488.288,543.808,527.872,487.04,544.384,502.944,466.304,486.496,419.968,359.264,250.4,231.424,136.512,76.192,49.248,50.592,23.008,17.92,6.176,7.392,9.12,7.904,1.6,1.664,3.456,0,0,0,0,0,0,0,0,0,0,0,0,0,0,0,0,0,0,0,0,0,0,0,0,0,0,0,0,0,0,0,0,0,0,0,0,6.071,9.184,12.671,16.313,20,23.95,29.051,31.486,35.261,37.998,41.503,45.033,51.734,52.89,60.49,69.356,78.262,92.95,102.101,109.794,113.172,110.865,99.144,86.249,72.359,56.698,44.471,35.364,26.255,20.17,15.997,12.603,11.126,11.622,10.634,10.235,11.386,10.952,9.786,10.001,9.123,7.97,7.72,6.745,5.586,3.881,3.439,2.092,1.165,0.767,0.721,0.348,0.242,0.094,0.096,0.116,0.098,0.02,0.02,0.041,0,0.014,0,0,0,0
2026-09-01 04:53:00,1,"Normal Scan","Normal Scan",0,"ON",1,1,1,738.1,5,20.2,98.2,41.3,0.0000000685904,0.0000181905,4.97,8954.6,8.8,736.5,1,"Up Scan","Positive",254,0,4.37,1.6,8,8,0,1,1,22.244,27.794,22.763,9.647,1.806,12475.9,38,20.8,NA,0,0,0,0,0,0,0,0,0,0,0,0,0,0,0,0,0,0,0,0,0,0,0,0,0,0,0,0,0,0,0,20963.744,18835.232,18862.24,17986.368,16751.264,15978.048,15650.016,15301.376,14431.296,14831.808,14254.368,14345.472,14417.984,14577.216,15196.096,16350.08,17307.008,17572.512,17297.216,16559.104,14926.88,12836.16,10194.336,7403.808,5750.24,4316.96,3023.968,2147.904,1519.808,1148.448,861.728,749.28,574.368,482.432,529.952,555.84,522.592,583.264,570.08,523.872,473.632,431.36,385.504,375.712,259.904,205.312,149.728,80.32,50.688,32.16,32.256,19.872,11.168,11.808,6.112,4.736,3.232,1.696,0,1.696,0,0,0,0,0,0,0,0,0,0,0,0,0,0,0,0,0,0,0,0,0,0,0,0,0,0,0,0,0,0,0,0,0,0,0,5.648,8.49,11.055,15.006,18.67,21.925,25.697,30.247,34.928,38.232,44.979,49.177,55.716,62.609,70.123,80.421,94.399,108.156,118.212,124.467,127.341,122.212,111.397,93.761,72.013,59.012,46.66,34.609,26.129,19.813,16.485,13.486,12.874,11.247,10.221,10.934,11.214,10.608,11.289,10.358,9.361,8.15,7.04,6.077,5.837,4.057,3.101,2.287,1.221,0.78,0.451,0.458,0.279,0.17,0.153,0.078,0.059,0.04,0.02,0,0.019,0.014,0,0,0,0
2026-09-01 04:58:00,1,"Normal Scan","Normal Scan",0,"ON",1,1,1,737.8,5,19.8,98.2,41.2,0.0000000684713,0.0000181713,4.97,8954.6,8.8,736.5,1,"Up Scan","Positive",254,0,4.37,1.6,8,8,0,1,1,23.576,28.65,23.403,9.647,1.817,11876.1,38,20.7,NA,0,0,0,0,0,0,0,0,0,0,0,0,0,0,0,0,0,0,0,0,0,0,0,0,0,0,0,0,0,0,0,19503.904,17078.848,17043.872,15702.4,15039.296,15653.408,14755.296,13590.88,12997.6,12550.944,11792.576,12359.808,13170.368,13998.752,15296.384,16574.464,17589.76,18232.32,17575.968,16816.832,15418.368,12453.344,10056.48,7665.824,5897.92,4288.8,3229.472,2276.864,1613.024,1145.152,936.448,656.864,591.136,588.704,460.16,510.688,546.112,599.04,580.256,577.504,489.824,490.624,392.16,352.736,253.952,183.936,133.024,104.832,59.328,44.192,27.136,23.424,17.12,14.784,15.296,0.32,7.808,3.328,3.488,1.792,0,0,0,0,0,0,0,0,0,0,0,0,0,0,0,0,0,0,0,0,0,0,0,0,0,0,0,0,0,0,0,0,0,0,0,5.461,7.917,10.046,13.607,16.336,19.705,25.182,28.485,31.003,34.485,38.206,40.823,48.232,57.434,67.54,81.06,95.807,109.778,122.496,126.558,129.401,126.142,108.396,92.664,74.665,60.539,46.456,36.77,27.668,20.919,16.21,14.568,11.87,11.642,11.702,10.158,10.874,10.893,11.538,10.545,9.999,8.368,8.07,6.253,5.617,3.981,2.882,2.109,1.602,0.891,0.667,0.405,0.333,0.226,0.191,0.194,0.004,0.096,0.04,0.041,0.019,0,0,0,0,0
2026-09-01 05:03:00,1,"Normal Scan","Normal Scan",0,"ON",1,1,1,738,5,20.1,98.2,41.2,0.0000000685606,0.0000181857,4.97,8954.6,8.8,736.5,1,"Up Scan","Positive",254,0,4.37,1.6,8,8,0,1,1,23.781,29.114,23.708,10.366,1.829,11385.3,37,20.8,NA,0,0,0,0,0,0,0,0,0,0,0,0,0,0,0,0,0,0,0,0,0,0,0,0,0,0,0,0,0,0,0,17051.328,17314.88,16242.432,15755.136,14474.592,13751.552,13414.976,13098.592,12047.104,12312.704,11983.264,11842.24,12490.336,13103.808,13964.832,14918.912,16258.272,16574.688,16472.704,16619.712,14828.064,12884.288,10672.448,8308.288,6119.936,4541.888,3278.56,2391.552,1670.4,1237.984,940.448,747.04,616.96,504.8,526.336,552.768,561.728,531.968,595.2,537.952,478.976,473.28,407.168,341.792,227.68,198.56,151.936,113.824,49.408,46.72,28.288,35.968,6.816,5.856,7.616,9.472,1.6,0,3.488,0,0,0,0,0,0,0,0,0,0,0,0,0,0,0,0,0,0,0,0,0,0,0,0,0,0,0,0,0,0,0,0,0,0,0,0,4.609,6.922,10.165,12.997,16.345,18.96,22.165,25.939,29.872,31.927,37.431,41.397,46.117,54.39,63.194,74.199,86.422,101.875,111.957,119.108,127.975,121.613,112.179,98.22,80.797,62.825,49.092,37.568,28.828,21.537,17.542,14.649,12.808,11.836,10.613,10.91,11.368,11.251,10.499,10.619,9.529,8.309,7.791,6.458,5.386,3.747,2.978,2.266,1.711,0.779,0.649,0.403,0.5,0.096,0.077,0.097,0.118,0.02,0,0.041,0,0.014,0,0,0,0
2026-09-01 05:08:00,1,"Normal Scan","Normal Scan",0,"ON",1,1,1,737.8,5,19.8,98.2,40.9,0.0000000684713,0.0000181713,4.97,8954.6,8.8,736.5,1,"Up Scan","Positive",254,0,4.37,1.6,8,8,0,1,1,24.179,29.078,23.752,35.227,1.819,11711.7,37,20.6,NA,0,0,0,0,0,0,0,0,0,0,0,0,0,0,0,0,0,0,0,0,0,0,0,0,0,0,0,0,0,0,0,17997.312,17191.136,15176.16,15731.488,15447.456,14693.472,13136.96,12630.24,12550.848,11652.416,12211.776,12036.128,13269.664,14418.688,15858.336,16721.44,17647.36,17912.8,18097.28,16946.976,14776.768,12868.192,10308,8020.288,5899.168,4287.36,3216.608,2222.752,1583.456,1255.904,895.232,809.472,669.024,498.048,523.424,522.144,595.808,550.784,624.48,585.888,552.896,500.224,372.8,370.112,266.912,240.704,139.488,86.08,62.912,46.784,22.784,11.328,20.192,14.784,4.576,6.336,8.128,0,0,5.024,0,0,0,0,0,0,0,0,0,0,0,0,0,0,0,0,0,0,0,0,0,0,0,0,0,0,0,0,0,0,0,0,0,0,0,4.887,7.357,10.068,12.108,16.359,20.186,23.668,25.369,28.829,33.33,35.54,42.326,46.997,57.766,69.525,83.898,96.453,110.206,120.515,130.341,130.394,121.093,111.886,94.871,77.995,60.648,46.442,36.98,27.062,20.571,17.66,14.257,13.79,12.618,10.746,11.303,11.279,11.552,10.884,11.408,10.291,9.32,8.151,6.034,5.722,4.098,3.724,2.146,1.309,0.976,0.685,0.311,0.186,0.283,0.191,0.058,0.079,0.1,0,0,0.058,0,0,0,0,0
2026-09-01 05:13:00,1,"Normal Scan","Normal Scan",0,"ON",1,1,1,737.9,5,19.9,98.2,41.1,0.0000000685011,0.0000181761,4.97,8954.6,8.8,736.5,1,"Up Scan","Positive",254,0,4.37,1.6,8,8,0,1,1,23.662,29.354,23.792,9.647,1.838,11289.9,37,20.7,NA,0,0,0,0,0,0,0,0,0,0,0,0,0,0,0,0,0,0,0,0,0,0,0,0,0,0,0,0,0,0,0,17051.488,16944.224,15891.744,14957.952,13935.296,13875.552,13876.576,13253.664,12913.6,12402.112,11874.72,11871.904,12288.608,12770.24,13608.384,14566.528,15890.4,16424.48,16065.376,14925.472,14295.584,12839.52,10804.352,8573.408,6572.032,4903.456,3288.32,2393.824,1765.728,1273.504,997.856,812.928,626.24,523.04,579.808,544.64,562.432,627.712,604.96,540.128,545.824,476.096,426.304,339.808,282.144,206.656,168.64,90.208,71.808,42.752,26.752,22.048,24.32,12.736,12.8,3.168,3.264,3.36,0,0,0,0,0,0,0,0,0,0,0,0,0,0,0,0,0,0,0,0,0,0,0,0,0,0,0,0,0,0,0,0,0,0,0,0,0,4.94,6.945,9.948,12.674,15.499,18.233,22.353,26.82,30.248,34.256,37.738,40.999,46.229,53.56,61.612,72.08,84.413,99.723,111.007,116.434,115.693,117.652,111.747,99.499,83.467,67.41,52.993,37.695,29.006,22.808,18.036,15.445,13.957,12.079,11.028,12,11.402,11.47,11.86,11.013,9.897,9.207,7.813,6.812,5.363,4.387,3.265,2.575,1.382,1.049,0.643,0.366,0.296,0.322,0.165,0.163,0.039,0.04,0.04,0,0,0,0,0,0,0
2026-09-01 05:18:00,1,"Normal Scan","Normal Scan",0,"ON",1,1,1,737.7,5,19.7,98.2,40.6,0.0000000684415,0.0000181665,4.97,8954.6,8.8,736.5,1,"Up Scan","Positive",254,0,4.37,1.6,8,8,0,1,1,23.028,29.218,23.516,9.647,1.851,10839,37,20.6,NA,0,0,0,0,0,0,0,0,0,0,0,0,0,0,0,0,0,0,0,0,0,0,0,0,0,0,0,0,0,0,0,16959.904,15884.736,16157.28,15866.976,15257.696,13965.92,13191.808,12851.84,12604.032,11599.136,11411.072,11052.8,11520.128,11558.112,12306.24,13516.032,14148.512,14972.32,15159.392,14485.6,14083.744,12089.344,9858.24,7941.568,5987.2,4418.816,3389.28,2378.528,1732.256,1305.984,1007.872,791.072,644.768,559.648,588.544,546.24,556.768,609.472,573.824,548.192,537.536,469.376,433.472,344.928,282.24,214.624,147.232,98.784,69.472,41.856,40.768,19.296,14.272,20.672,13.792,9.536,3.296,5.056,1.728,0,0,0,0,0,0,0,0,0,0,0,0,0,0,0,0,0,0,0,0,0,0,0,0,0,0,0,0,0,0,0,0,0,0,0,0,4.555,6.972,9.399,12.91,16.444,19.953,22.514,25.553,29.322,33.394,35.275,39.459,43.036,50.144,55.819,65.403,78.485,89.01,101.231,109.872,112.02,115.65,105.526,91.041,77.436,61.698,48.016,38.715,28.935,22.445,18.518,15.482,13.61,12.242,11.469,12.105,11.361,11.404,11.546,10.714,9.844,9.258,7.644,7.019,5.546,4.381,3.315,2.331,1.525,1.058,0.646,0.589,0.26,0.189,0.268,0.175,0.118,0.04,0.06,0.02,0,0,0,0,0,0
2026-09-01 05:23:00,1,"Normal Scan","Normal Scan",0,"ON",1,1,1,737.9,5,19.9,98.2,40.9,0.0000000685011,0.0000181761,4.97,8954.6,8.8,736.5,1,"Up Scan","Positive",254,0,4.37,1.6,8,8,0,1,1,23.143,29.899,23.795,10.366,1.878,10237.2,37,20.6,NA,0,0,0,0,0,0,0,0,0,0,0,0,0,0,0,0,0,0,0,0,0,0,0,0,0,0,0,0,0,0,0,16170.752,16470.176,13964.16,14231.04,13915.648,13375.584,12823.84,12119.552,11869.344,10909.376,10679.968,10450.624,10577.184,10848.448,11347.84,12041.216,12831.84,13560.224,13685.44,13768.384,12860.896,11438.432,9820.192,7989.088,6087.616,4657.664,3460.384,2558.816,1942.816,1402.816,1021.6,778.976,680.224,625.728,586.048,633.28,587.584,605.408,590.048,597.376,577.216,523.936,449.088,351.648,324.96,251.68,183.2,120.832,50.368,51.904,42.752,30.624,16.096,14.656,12.16,7.904,9.728,1.664,0,3.584,0,0,0,0,0,0,0,0,0,0,0,0,0,0,0,0,0,0,0,0,0,0,0,0,0,0,0,0,0,0,0,0,0,0,0,4.992,6.561,9.722,11.207,14.772,18.236,21.545,24.764,27.635,31.407,33.16,36.864,40.643,45.995,52.363,60.349,70.004,80.858,92.028,99.584,106.766,106.073,100.106,90.89,78.142,62.741,50.517,39.625,30.98,25.21,19.679,15.913,13.643,12.92,12.557,12.381,13.07,12.044,11.767,11.21,10.882,10.011,8.52,7.21,5.668,5.145,3.885,2.78,1.85,0.869,0.757,0.586,0.446,0.264,0.191,0.155,0.098,0.119,0.02,0,0.039,0.042,0,0,0,0
2026-09-01 05:28:00,1,"Normal Scan","Normal Scan",0,"ON",1,1,1,737.8,5,19.8,98.2,40.4,0.0000000684713,0.0000181713,4.97,8954.6,8.8,736.5,1,"Up Scan","Positive",254,0,4.37,1.6,8,8,0,1,1,22.749,30.011,23.732,9.647,1.892,10269.7,37,20.6,NA,0,0,0,0,0,0,0,0,0,0,0,0,0,0,0,0,0,0,0,0,0,0,0,0,0,0,0,0,0,0,0,17145.248,15525.728,15435.584,14781.056,14200.384,12883.392,13245.024,12483.072,11856.992,11162.272,11021.44,10435.904,10220.864,10359.264,10663.104,11575.264,12310.144,13163.936,13602.016,13428.224,12781.504,11407.744,9785.12,7774.56,6258.56,4807.488,3557.376,2587.488,2148.16,1549.344,1105.888,916.544,814.656,738.336,609.92,639.232,682.688,682.656,667.072,613.728,580.128,468.256,429.92,402.24,306.4,232.704,197.952,107.456,79.808,52.16,31.584,26.336,25.888,19.2,12.672,10.624,4.928,5.12,3.456,5.024,0,0,0,0,0,0,0,0,0,0,0,0,0,0,0,0,0,0,0,0,0,0,0,0,0,0,0,0,0,0,0,0,0,0,0,4.608,7.02,9.15,12.34,15.345,18.568,20.791,25.613,28.405,31.4,33.891,38.002,40.555,44.45,50.069,56.791,67.392,77.628,89.499,98.895,104.297,105.592,99.955,90.652,76.423,64.723,52.241,40.993,31.671,27.863,21.703,17.174,15.836,14.851,14.311,12.75,12.788,13.333,13.173,12.214,11.009,10.057,7.962,6.993,6.335,4.819,3.682,3.073,1.689,1.21,0.775,0.494,0.391,0.359,0.249,0.161,0.132,0.06,0.06,0.041,0.058,0,0,0,0,0
2026-09-01 05:33:00,1,"Normal Scan","Normal Scan",0,"ON",1,1,1,737.7,5,19.7,98.2,40.9,0.0000000684415,0.0000181665,4.97,8954.6,8.8,736.5,1,"Up Scan","Positive",254,0,4.37,1.6,8,8,0,1,1,22.726,30.405,23.897,11.14,1.905,10321.1,37,20.6,NA,0,0,0,0,0,0,0,0,0,0,0,0,0,0,0,0,0,0,0,0,0,0,0,0,0,0,0,0,0,0,0,15446.112,16020.992,16187.168,14766.144,13866.912,13857.536,13068.32,12879.776,12180.96,11296.992,11058.208,10448.96,10369.824,10538.016,10538.912,11029.568,12698.208,12555.552,13159.104,13097.824,12426.88,11558.336,9739.104,8028.832,6306.272,4972.448,3933.76,2900.16,2139.744,1674.976,1261.856,1072.544,911.52,790.976,760,755.68,715.232,632.32,706.432,677.504,575.872,528.576,478.816,433.92,330.56,244.416,201.696,156.896,94.912,52,39.008,36.416,25.696,17.696,7.616,6.336,3.264,3.392,1.76,5.408,0,0,0,0,0,0,0,0,0,0,0,0,0,0,0,0,0,0,0,0,0,0,0,0,0,0,0,0,0,0,0,0,0,0,0,4.786,6.324,9.397,12.877,15.313,18.17,22.322,25.255,29.341,32.237,34.299,38.077,40.603,45.032,50.801,56.148,64.263,80.078,85.518,95.945,101.915,102.919,101.58,90.57,78.805,65.451,54.353,45.456,35.516,28.043,23.58,19.55,17.668,16.506,15.395,14.91,14.85,14.138,12.82,13.069,11.976,10.377,8.899,7.763,6.821,5.274,3.834,3.074,2.362,1.395,0.757,0.549,0.558,0.34,0.23,0.097,0.079,0.04,0.04,0.02,0.058,0,0,0,0,0
2026-09-01 05:38:00,1,"Normal Scan","Normal Scan",0,"ON",1,1,1,737.9,5,19.9,98.2,40.5,0.0000000685011,0.0000181761,4.97,8954.6,8.8,736.5,1,"Up Scan","Positive",254,0,4.37,1.6,8,8,0,1,1,22.45,30.432,23.667,9.647,1.93,10586.1,38,20.6,NA,0,0,0,0,0,0,0,0,0,0,0,0,0,0,0,0,0,0,0,0,0,0,0,0,0,0,0,0,0,0,0,19570.688,17995.936,16330.048,16105.984,14845.728,14150.08,12455.552,12130.432,11611.968,11253.088,10461.248,10186.112,10205.44,10256.928,10367.872,11176.384,11759.392,12888.544,13512.48,13383.744,12861.952,11933.024,10248.512,8459.008,6438.944,5277.888,3839.52,2939.04,2192.864,1734.464,1368.384,1083.424,916.128,828.864,787.648,772,692.896,787.04,675.68,687.584,615.552,564.544,564.16,450.688,352.768,315.104,247.168,140.992,109.888,56.064,37.472,33.024,15.68,13.28,16.768,15.84,9.76,16.832,3.488,3.552,0,0,0,0,0,0,0,0,0,0,0,0,0,0,0,0,0,0,0,0,0,0,0,0,0,0,0,0,0,0,0,0,0,0,0,5.343,8.03,10.594,13.074,16.7,19.408,22.743,24.044,27.601,30.762,34.145,36.049,39.516,44.329,49.574,55.265,65.188,74.523,87.893,98.6,104.139,106.558,104.711,95.212,82.974,66.758,57.798,44.357,36.039,28.792,24.448,20.981,18.27,16.673,15.959,15.714,15.432,14.492,15.115,12.966,12.735,10.9,9.636,9.048,7.143,5.623,4.843,3.755,2.197,1.717,0.937,0.568,0.483,0.208,0.172,0.213,0.197,0.119,0.201,0.041,0.039,0,0,0,0,0
2026-09-01 05:43:00,1,"Normal Scan","Normal Scan",0,"ON",1,1,1,737.6,5,19.6,98.2,41,0.0000000684117,0.0000181617,4.97,8954.6,8.8,736.5,1,"Up Scan","Positive",254,0,4.37,1.6,8,8,0,1,1,22.986,30.588,23.838,9.647,1.933,10770.1,38,20.5,NA,0,0,0,0,0,0,0,0,0,0,0,0,0,0,0,0,0,0,0,0,0,0,0,0,0,0,0,0,0,0,0,21243.584,17299.744,17243.808,15622.144,15044.512,14389.632,11984.736,11537.664,11651.68,10796.192,9966.624,10007.616,10085.888,10224.576,10849.312,11485.92,12534.336,13239.68,14244.8,14022.496,13407.584,12143.904,10608.576,8865.184,6998.496,5345.952,4179.456,3218.528,2353.408,1857.184,1349.536,1119.456,1017.472,857.28,838.528,818.592,706.912,732.032,675.488,665.376,581.536,512.992,471.488,432.096,385.152,292.192,216.352,170.336,101.92,60.512,47.68,43.904,24.352,20.736,19.84,6.304,6.496,6.816,6.976,1.792,0,0,0,0,0,0,0,0,0,0,0,0,0,0,0,0,0,0,0,0,0,0,0,0,0,0,0,0,0,0,0,0,0,0,0,5.562,8.65,10.146,13.768,16.257,19.71,23.161,23.192,26.307,30.867,32.771,34.414,38.864,43.909,49.488,57.924,67.105,79.284,90.39,103.968,109.267,111.04,106.77,98.82,87.052,72.574,58.468,48.245,39.408,30.817,26.152,20.614,18.503,17.896,16.311,16.083,15.805,14.08,14.37,13.051,12.177,10.421,9.014,7.754,7.007,6.118,4.514,3.406,2.617,1.508,0.865,0.769,0.614,0.321,0.268,0.252,0.079,0.08,0.081,0.082,0.019,0,0,0,0,0
2026-09-01 05:48:00,1,"Normal Scan","Normal Scan",0,"ON",1,1,1,737.9,5,20,98.2,40.7,0.0000000685308,0.0000181809,4.97,8954.6,8.8,736.5,1,"Up Scan","Positive",254,0,4.37,1.6,8,8,0,1,1,22.004,30.22,23.535,9.647,1.928,11409.3,38,20.6,NA,0,0,0,0,0,0,0,0,0,0,0,0,0,0,0,0,0,0,0,0,0,0,0,0,0,0,0,0,0,0,0,21901.344,19236.992,17460.288,16844.224,15825.952,15699.072,13911.552,13481.184,12995.296,12571.968,11808.128,11392.16,11060.928,10613.408,10819.072,11925.376,12672.672,13156.128,13662.432,13849.184,13680.256,12673.76,10754.208,9053.44,7350.112,5681.344,4239.36,3323.648,2515.04,1839.072,1470.112,1291.808,1137.824,949.472,827.2,836.224,845.76,735.68,696.64,710.24,680.64,538.496,521.536,415.712,393.408,330.048,210.496,163.936,97.952,67.264,55.904,36.352,25.792,20.64,13.728,11.072,4.896,6.72,5.28,0,0,0,0,0,0,0,0,0,0,0,0,0,0,0,0,0,0,0,0,0,0,0,0,0,0,0,0,0,0,0,0,0,0,0,0,6.144,8.901,11.286,13.944,17.473,20.706,25.269,26.878,30.782,34.387,38.105,40.649,44.211,47.952,51.224,57.654,69.508,80.216,89.796,100.027,108.158,113.443,111.344,100.12,89.087,76.072,62.187,49.289,40.894,32.862,25.872,22.727,21.076,19.463,17.783,16.52,16.277,16.365,14.268,13.523,13.143,11.8,9.2,8.623,6.745,6.18,5.113,3.248,2.489,1.492,1.017,0.783,0.521,0.359,0.268,0.175,0.138,0.06,0.081,0.061,0,0.014,0,0,0,0
2026-09-01 05:53:00,1,"Normal Scan","Normal Scan",0,"ON",1,1,1,737.7,5,19.6,98.3,41.3,0.0000000683421,0.0000181617,4.97,8954.6,8.8,736.5,1,"Up Scan","Positive",254,0,4.37,1.6,8,8,0,1,1,25.69,31.59,25.03,30.505,1.891,12822.9,38,20.5,NA,0,0,0,0,0,0,0,0,0,0,0,0,0,0,0,0,0,0,0,0,0,0,0,0,0,0,0,0,0,0,0,20477.12,18534.624,17087.808,15649.28,14507.808,13394.784,12782.272,12307.552,12340.96,11422.336,11760.032,12656.64,14270.656,16230.368,17438.976,20087.008,20955.136,20115.392,19032,17601.568,15741.44,13545.472,11512.128,9305.696,7372.96,5758.56,4335.968,3235.008,2502.368,2101.76,1826.944,1559.392,1446.656,1258.272,1144.928,1106.688,969.6,873.28,903.136,804.384,776.384,745.856,659.68,546.912,423.552,381.44,260.672,170.4,106.112,91.008,58.08,42.592,25.984,33.984,18.272,12.64,11.424,3.36,5.248,1.792,0,0,0,0,0,0,0,0,0,0,0,0,0,0,0,0,0,0,0,0,0,0,0,0,0,0,0,0,0,0,0,0,0,0,0,5.873,8.389,10.849,13.65,16.234,19.029,21.631,24.787,28.128,32.786,34.911,40.97,49.636,62.319,78.087,92.081,115.504,130.408,135.254,137.609,136.217,129.918,118.737,107.074,91.492,76.944,63.795,51.044,40.984,33.737,30.239,28.011,25.461,24.776,22.793,21.8,21.419,19.288,17.093,16.974,14.858,13.709,12.271,10.834,8.809,6.721,5.872,4.118,2.6,1.685,1.335,0.824,0.614,0.378,0.441,0.233,0.157,0.139,0.04,0.061,0.019,0.028,0,0,0,0
2026-09-01 05:58:00,1,"Normal Scan","Normal Scan",0,"ON",1,1,1,738.1,5,20.1,98.3,41,0.0000000684909,0.0000181857,4.97,8954.6,8.8,736.5,1,"Up Scan","Positive",254,0,4.37,1.6,8,8,0,1,1,21.874,29.891,23.231,9.647,1.925,11900,38,20.6,NA,0,0,0,0,0,0,0,0,0,0,0,0,0,0,0,0,0,0,0,0,0,0,0,0,0,0,0,0,0,0,0,23246.208,20168.832,20564.672,17548.48,17206.272,15639.904,14726.304,13904.64,12375.072,12209.472,12530.816,11892.032,11642.752,12011.872,12725.664,13537.696,13679.232,14196.928,14412.096,14101.408,13307.2,12116.704,10420.16,8805.12,7085.248,5578.848,4158.976,3118.656,2410.464,1855.84,1424.48,1299.2,1089.472,1008.16,875.264,825.056,862.624,716.768,762.24,758.336,724.32,629.344,559.84,511.104,445.856,323.52,252.576,167.776,107.744,90.4,58.272,34.176,18.752,27.968,10.688,17.344,8.192,8.448,1.76,1.792,0,0,0,0,0,0,0,0,0,0,0,0,0,0,0,0,0,0,0,0,0,0,0,0,0,0,0,0,0,0,0,0,0,0,0,5.896,9.412,11.824,16.394,18.196,22.452,25.156,28.432,31.705,32.756,37.113,43.221,46.112,50.54,57.879,67.44,78.403,86.144,96.469,105.101,109.878,110.363,106.471,96.991,86.568,73.463,61.149,48.315,38.604,31.896,26.099,22.204,21.244,19.294,18.908,17.696,16.709,17.027,14.63,14.79,14.016,12.694,10.648,9.312,8.217,6.969,4.994,3.913,2.547,1.665,1.345,0.85,0.483,0.283,0.364,0.136,0.216,0.1,0.101,0.02,0.019,0.028,0,0,0,0
2026-09-01 06:03:00,1,"Normal Scan","Normal Scan",0,"ON",1,1,1,737.6,5,19.6,98.2,41.6,0.0000000684117,0.0000181617,4.97,8954.6,8.8,736.5,1,"Up Scan","Positive",254,0,4.37,1.6,8,8,0,1,1,21.742,29.09,23.104,9.647,1.864,13592.4,39,20.5,NA,0,0,0,0,0,0,0,0,0,0,0,0,0,0,0,0,0,0,0,0,0,0,0,0,0,0,0,0,0,0,0,21037.92,19069.312,19771.968,19016.512,19678.496,20976.48,20208.416,17460.512,16914.72,15903.008,15587.744,15227.552,15451.392,15909.696,15865.024,16570.912,16743.52,16903.552,16325.504,15432.768,14298.944,12525.152,10762.656,8905.216,7147.232,5426.208,4200.576,3313.568,2536.416,1931.04,1624.448,1305.504,1030.816,935.616,898.176,905.504,824.64,895.424,784.736,782.56,669.12,616.576,612.992,447.552,397.472,327.296,267.584,158.848,114.816,81.408,38.976,16.512,37.728,19.136,16.768,14.176,13.12,8.512,1.76,6.784,0,0,0,0,0,0,0,0,0,0,0,0,0,0,0,0,0,0,0,0,0,0,0,0,0,0,0,0,0,0,0,0,0,0,0,5.501,8.602,11.176,15.854,19.827,25.833,33.874,39.063,39.815,44.82,48.271,53.765,59.062,66.921,76.257,83.698,95.53,104.79,114.111,118.476,119.856,118.158,110.085,100.193,87.711,74.429,59.662,48.865,40.723,33.109,27.445,24.723,21.782,18.773,18.15,17.542,17.697,16.819,16.752,14.892,14.263,12.008,10.401,9.954,7.288,6.084,5.218,4.076,2.513,1.757,1.226,0.604,0.279,0.547,0.249,0.214,0.177,0.159,0.101,0.02,0.077,0.028,0,0,0,0
2026-09-01 06:08:00,1,"Normal Scan","Normal Scan",0,"ON",1,1,1,738.1,5,20.2,98.2,41.3,0.0000000685904,0.0000181905,4.97,8954.6,8.8,736.5,1,"Up Scan","Positive",254,0,4.37,1.6,8,8,0,1,1,21.824,29.617,23.17,9.647,1.897,13895.3,39,20.6,NA,0,0,0,0,0,0,0,0,0,0,0,0,0,0,0,0,0,0,0,0,0,0,0,0,0,0,0,0,0,0,0,23968.224,22553.184,21538.336,20929.856,18754.944,17458.944,17181.504,16406.784,16310.304,16640.704,16405.792,17042.976,16645.632,16839.008,16535.296,16530.24,16502.336,16370.528,15947.392,15468.288,14162.976,12626.464,10883.008,9020.608,7092.16,5709.28,4387.84,3451.392,2681.664,2245.76,1765.216,1665.632,1358.208,1184.896,1078.08,1080.352,1052,926.656,876.672,867.68,756.384,711.52,609.856,560.512,442.976,404.8,289.024,226.144,129.12,84.576,78.592,55.424,39.264,35.488,38.272,17.376,13.056,6.784,3.456,1.792,0,0,0,0,0,0,0,0,0,0,0,0,0,0,0,0,0,0,0,0,0,0,0,0,0,0,0,0,0,0,0,0,0,0,0,6.321,9.708,13.311,17.184,21.646,24.532,28.114,33.256,37.386,43.232,50.55,56.496,65.881,71.871,80.438,87.053,95.171,103.266,110.759,115.802,120.086,117.213,111.157,101.443,89.035,74.226,63.144,51.784,43.1,35.583,31.935,27.339,26.879,23.771,21.893,20.891,21.03,20.164,18.26,16.783,16.006,13.786,12.352,10.151,9.247,7.15,6.376,4.57,3.585,2.019,1.274,1.135,0.762,0.585,0.459,0.485,0.216,0.159,0.081,0.041,0.019,0.056,0,0,0,0
2026-09-01 06:13:00,1,"Normal Scan","Normal Scan",0,"ON",1,1,1,737.7,5,19.6,98.3,42,0.0000000683421,0.0000181617,4.97,8954.6,8.8,736.5,1,"Up Scan","Positive",254,0,4.37,1.6,8,8,0,1,1,21.428,30.265,23.35,9.647,1.925,13379.9,39,20.5,NA,0,0,0,0,0,0,0,0,0,0,0,0,0,0,0,0,0,0,0,0,0,0,0,0,0,0,0,0,0,0,0,21995.488,20584.48,21033.344,20234.112,18128.704,18534.56,18059.904,17072.16,16845.664,16513.696,16299.904,15306.592,15378.592,14435.584,14647.712,14633.312,14504.448,14830.496,14904.416,14508.512,13486.56,12344.128,10753.472,9209.504,7202.112,5803.424,4580.256,3605.44,2686.176,2085.792,1807.104,1578.464,1535.648,1333.792,1289.216,1189.568,1147.456,1057.952,1049.76,1004.288,900.16,781.696,668.128,638.624,520.448,390.24,304.8,212.576,155.424,105.312,64.064,56.224,46.4,39.808,24.448,14.016,8.416,15.68,8.16,1.792,0,0,0,0,0,0,0,0,0,0,0,0,0,0,0,0,0,0,0,0,0,0,0,0,0,0,0,0,0,0,0,0,0,0,0,6.112,8.974,12.147,16.856,21.043,23.786,29.911,34.966,38.986,44.622,50.088,56.093,59.198,66.43,69.223,77.287,84.534,91.257,100.757,108.701,113.081,112.076,108.922,100.513,90.857,75.335,64.132,53.871,45.253,36.516,30.753,28.428,26.594,26.892,24.919,24.798,23.072,22.052,20.619,19.751,18.153,15.982,13.342,11.322,10.242,8.242,6.27,4.845,3.263,2.396,1.587,1.009,0.78,0.699,0.517,0.311,0.174,0.103,0.187,0.096,0.019,0.069,0,0,0,0
2026-09-01 06:18:00,1,"Normal Scan","Normal Scan",0,"ON",1,1,1,738,5,20.1,98.2,41.8,0.0000000685606,0.0000181857,4.97,8954.6,8.8,736.5,1,"Up Scan","Positive",254,0,4.37,1.6,8,8,0,1,1,20.879,29.616,22.972,9.647,1.914,13254.6,40,20.7,NA,0,0,0,0,0,0,0,0,0,0,0,0,0,0,0,0,0,0,0,0,0,0,0,0,0,0,0,0,0,0,0,23042.272,21461.056,20159.008,20231.136,20515.136,18486.368,18793.728,17683.04,16850.688,16287.04,15472.928,14324.128,13566.112,13379.808,13758.336,14298.72,14718.72,14869.056,15259.872,14476.128,13437.6,11966.56,10594.592,8887.776,7182.72,5641.216,4351.712,3356,2721.376,2184.16,1763.456,1520.832,1310.304,1250.144,1112,1024.16,1043.968,958.24,871.2,884.96,803.52,734.944,579.712,512.544,507.904,343.168,260.608,207.328,147.008,86.4,79.456,34.016,40.288,26.016,28.032,23.712,13.152,11.744,6.944,5.376,0,0,0,0,0,0,0,0,0,0,0,0,0,0,0,0,0,0,0,0,0,0,0,0,0,0,0,0,0,0,0,0,0,0,0,6.24,9.372,12.667,16.175,20.977,26.826,29.764,36.311,40.256,44.619,49.376,53.145,55.43,58.744,64.276,72.732,82.671,92.323,100.862,110.984,112.733,111.461,105.454,98.826,87.865,75.191,62.27,51.062,42.055,36.096,31.304,27.213,25.178,23.064,22.887,21.514,20.285,19.796,18.38,16.906,15.999,14.294,12.476,9.786,8.542,7.966,5.51,4.119,3.229,2.277,1.38,1.153,0.521,0.566,0.338,0.356,0.295,0.159,0.141,0.081,0.058,0.028,0,0,0,0
2026-09-01 06:23:00,1,"Normal Scan","Normal Scan",0,"ON",1,1,1,737.7,5,19.6,98.3,42.7,0.0000000683421,0.0000181617,4.97,8954.6,8.8,736.5,1,"Up Scan","Positive",254,0,4.37,1.6,8,8,0,1,1,18.678,27.369,21.232,9.647,1.902,15557.2,41,20.5,NA,0,0,0,0,0,0,0,0,0,0,0,0,0,0,0,0,0,0,0,0,0,0,0,0,0,0,0,0,0,0,0,35496.736,32667.008,30984.16,28310.848,24523.52,23203.392,21685.728,20934.08,19389.344,17602.336,17036.16,16513.92,15403.168,14661.536,15185.6,14682.08,15250.912,15302.592,15161.824,14919.488,13971.84,12699.584,11203.648,9314.112,7370.304,5789.376,4484.096,3507.36,2709.856,2093.76,1699.584,1522.72,1241.472,1209.024,1121.44,980.896,865.024,843.616,914.4,862.24,736.096,723.968,649.76,553.952,486.336,398.752,308.256,194.688,122.784,88.224,65.664,51.296,30.816,23.2,26.016,20.512,9.824,11.84,3.456,4.928,0,0,0,0,0,0,0,0,0,0,0,0,0,0,0,0,0,0,0,0,0,0,0,0,0,0,0,0,0,0,0,0,0,0,0,9.806,14.489,19.189,24.716,29.442,32.11,37.379,41.974,47.702,51.298,53.425,58.582,63.869,66.532,70.299,80.119,84.964,95.803,103.967,110.545,116.234,115.8,111.905,104.504,91.75,76.857,63.765,52.61,43.331,36.025,30.112,25.879,24.689,22.158,22.399,21.369,19.665,17.859,17.043,17.449,16.009,13.403,12.246,10.689,8.984,7.768,6.224,4.691,3.108,1.934,1.323,1.002,0.726,0.476,0.303,0.33,0.256,0.12,0.141,0.041,0.057,0.042,0,0,0,0
2026-09-01 06:28:00,1,"Normal Scan","Normal Scan",0,"ON",1,1,1,738,5,20.1,98.2,43.1,0.0000000685606,0.0000181857,4.97,8954.6,8.8,736.5,1,"Up Scan","Positive",254,0,4.37,1.6,8,8,0,1,1,21.205,28.215,22.35,9.647,1.869,16903.5,42,20.7,NA,0,0,0,0,0,0,0,0,0,0,0,0,0,0,0,0,0,0,0,0,0,0,0,0,0,0,0,0,0,0,0,34186.336,31131.008,28695.008,24693.312,22456.544,21626.72,19972.928,20549.12,20083.2,19245.472,19438.496,19558.016,19394.432,20188.576,20414.752,20922.784,21277.568,21623.488,20696.928,18729.92,16769.856,14315.904,11734.496,9811.84,7537.92,5988.256,4495.84,3553.568,2874.88,2162.528,1863.392,1673.472,1353.632,1232.8,1211.744,1188.32,1093.056,1000.768,854.592,820.992,778.944,676.256,625.888,576,436.384,381.472,319.104,195.616,148.928,102.56,56,52.768,36.32,20.704,23.04,26.816,16.32,6.784,1.728,6.848,0,0,0,0,0,0,0,0,0,0,0,0,0,0,0,0,0,0,0,0,0,0,0,0,0,0,0,0,0,0,0,0,0,0,0,9.384,13.804,18.38,22.814,25.522,29.346,34.851,38.645,46.862,53.229,58.477,67.039,75.824,84.033,96.768,107.403,120.217,132.553,145.17,149.344,144.689,138.249,125.469,109.269,96.666,78.631,66.221,52.998,44.343,38.301,31.324,28.696,27.276,23.669,22.575,22.605,22.298,21.004,19.14,16.445,15.535,13.805,11.986,10.429,9.247,7.092,5.982,4.837,3.121,2.38,1.51,0.824,0.761,0.549,0.268,0.291,0.334,0.199,0.081,0.02,0.078,0.042,0,0,0,0
2026-09-01 06:33:00,1,"Normal Scan","Normal Scan",0,"ON",1,1,1,737.6,5,19.6,98.2,43.9,0.0000000684117,0.0000181617,4.97,8954.6,8.8,736.5,1,"Up Scan","Positive",254,0,4.37,1.6,8,8,0,1,1,19.65,27.102,21.504,9.647,1.852,17947.2,43,20.5,NA,0,0,0,0,0,0,0,0,0,0,0,0,0,0,0,0,0,0,0,0,0,0,0,0,0,0,0,0,0,0,0,35931.776,33591.712,31607.648,29561.408,28477.28,26264.896,25554.816,24284.352,22653.344,21698.752,20345.504,19987.808,20099.68,19648.928,20123.2,20768.512,20732.032,20843.712,20271.456,18129.536,15850.944,14076.512,11554.464,9664.512,7807.424,5944.224,4566.176,3521.28,2711.104,2187.392,1798.944,1497.184,1281.408,1124.416,1054.752,968,910.496,905.92,893.824,789.472,790.752,683.328,639.424,555.872,505.696,377.6,300.928,228.576,155.264,117.376,68.384,54.144,34.752,35.552,19.808,22.176,11.456,10.112,10.464,3.2,0,0,0,0,0,0,0,0,0,0,0,0,0,0,0,0,0,0,0,0,0,0,0,0,0,0,0,0,0,0,0,0,0,0,0,10.33,14.638,19.728,25.21,30.75,37.273,42.294,49.425,55.433,60.002,65.812,70.184,77.472,86.896,94.185,105.913,119.176,129.222,140.13,146.415,140.419,130.909,123.507,107.621,95.174,81.297,65.566,53.22,43.66,35.96,30.914,27.296,24.63,22.424,21.136,20.658,19.26,18.506,17.957,17.282,15.121,14.211,12.077,10.873,9.081,8.111,5.952,4.768,3.456,2.448,1.749,1.044,0.763,0.529,0.46,0.252,0.275,0.139,0.121,0.122,0.039,0.041,0,0,0,0
2026-09-01 06:38:00,1,"Normal Scan","Normal Scan",0,"ON",1,1,1,738.1,5,20.1,98.3,44.4,0.0000000684909,0.0000181857,4.97,8954.6,8.8,736.5,1,"Up Scan","Positive",254,0,4.37,1.6,8,8,0,1,1,18.952,27.169,21.107,9.647,1.904,17290.4,43,20.7,NA,0,0,0,0,0,0,0,0,0,0,0,0,0,0,0,0,0,0,0,0,0,0,0,0,0,0,0,0,0,0,0,48803.648,38913.792,32963.968,28747.328,25617.216,23139.2,22407.904,19914.784,19975.2,18534.144,18754.752,17488.096,17917.216,17730.144,17705.632,16817.728,17807.712,17579.52,17837.92,17561.312,16052.48,14399.872,12111.84,10113.376,7986.048,6234.208,4863.008,3744.8,2898.592,2238.496,1786.784,1503.616,1328.704,1184.256,1133.728,1006.912,985.44,959.84,890.624,823.648,770.144,713.824,708.448,608.192,503.424,410.528,317.856,233.536,139.84,120.64,83.296,62.4,49.056,28.128,30.528,15.04,10.496,6.752,8.736,10.016,0,0,0,0,0,0,0,0,0,0,0,0,0,0,0,0,0,0,0,0,0,0,0,0,0,0,0,0,0,0,0,0,0,0,0,14.271,19.769,22.765,26.224,29.782,33.409,37.289,43.336,45.382,52.851,56.33,64.525,67.761,77.384,84.867,93.437,97.282,111.732,119.043,129.635,136.295,132.753,126.521,112.867,99.621,83.042,68.593,56.629,46.344,38.254,31.728,27.4,25.008,23.426,22.089,21.621,20.058,20.035,19.135,17.33,15.772,14.199,12.416,11.884,9.963,8.113,6.51,4.93,3.697,2.129,1.759,1.198,0.948,0.698,0.364,0.388,0.188,0.128,0.081,0.102,0.115,0.014,0,0,0,0
2026-09-01 06:43:00,1,"Normal Scan","Normal Scan",0,"ON",1,1,1,738.5,5,20.7,98.3,44.4,0.0000000686693,0.0000182145,4.97,8954.6,8.8,736.5,1,"Up Scan","Positive",254,0,4.37,1.6,8,8,0,1,1,17.449,25.302,19.768,9.647,1.879,21529.4,43,20.9,NA,0,0,0,0,0,0,0,0,0,0,0,0,0,0,0,0,0,0,0,0,0,0,0,0,0,0,0,0,0,0,0,75863.616,58358.496,46721.408,38480.256,32778.4,27010.56,25087.04,23695.712,22869.536,22649.472,22856.928,22581.728,21999.872,22106.208,21262.56,22006.176,21904.672,21100.768,19963.808,18714.08,16577.696,14400.608,12662.912,10262.816,7981.6,6613.92,5229.024,4103.744,3078.304,2470.24,2068.608,1706.72,1441.056,1320.448,1142.592,1036.416,1040.928,979.552,856.96,875.168,814.208,731.904,661.088,680.736,558.528,449.44,306.784,239.584,191.552,122.144,91.712,64.224,27.616,42.496,26.944,20.224,18.016,11.744,12.224,9.792,0,0,0,0,0,0,0,0,0,0,0,0,0,0,0,0,0,0,0,0,0,0,0,0,0,0,0,0,0,0,0,0,0,0,0,23.297,30.597,34.026,37.093,39.746,42.662,43.437,48.53,53.992,60.539,68.721,78.589,87.295,94.874,105.464,111.678,126.153,136.26,142.08,144.454,144.974,137.206,126.822,118.115,101.359,83.438,73.071,60.903,50.77,40.665,34.652,31.064,27.73,24.841,24.137,22.229,20.815,20.582,19.822,17.515,16.638,14.767,13.012,11.384,11.189,8.962,7.021,4.927,3.757,2.929,1.895,1.354,0.955,0.516,0.551,0.342,0.252,0.219,0.141,0.143,0.116,0.084,0,0,0,0
2026-09-01 06:48:00,1,"Normal Scan","Normal Scan",0,"ON",1,1,1,739.2,5,21.6,98.3,44.4,0.0000000689371,0.0000182576,4.97,8954.6,8.8,736.5,1,"Up Scan","Positive",254,0,4.37,1.6,8,8,0,1,1,19.036,27.848,21.516,9.647,1.913,16874.8,42,21.3,NA,0,0,0,0,0,0,0,0,0,0,0,0,0,0,0,0,0,0,0,0,0,0,0,0,0,0,0,0,0,0,0,39845.152,34463.296,30915.232,28449.728,26542.976,24781.312,23154.208,22331.36,20769.824,20039.904,19015.04,18233.984,16871.52,16482.56,16739.424,16356.064,16659.744,16060.512,16462.976,16232.864,15213.472,13913.248,12060.672,10203.104,8405.184,6626.848,5234.016,4034.656,3190.688,2576.224,2149.888,1700.576,1531.808,1328.384,1105.664,1162.784,1051.84,1151.392,948,941.952,845.408,758.976,749.92,590.752,502.336,447.296,329.44,241.44,157.376,103.52,94.976,58.752,30.976,37.248,30.304,28.448,22.848,10.144,8.8,5.088,0,0,0,0,0,0,0,0,0,0,0,0,0,0,0,0,0,0,0,0,0,0,0,0,0,0,0,0,0,0,0,0,0,0,0,11.172,16.144,20.185,24.606,29.438,34.599,39.849,44.648,50.762,54.862,60.61,65.253,70.353,72.687,78.805,88.14,94.391,104.493,109.089,119.988,126.488,126.321,122.61,112.72,100.828,87.836,73.251,60.956,50.13,42.033,36.133,32.435,28.194,26.641,24.554,21.663,22.752,21.197,21.674,18.436,17.553,15.4,13.229,12.359,9.882,8.17,6.963,5.186,3.772,2.604,1.584,1.371,0.873,0.528,0.481,0.385,0.354,0.278,0.121,0.102,0.059,0.086,0,0,0,0
2026-09-01 06:53:00,1,"Normal Scan","Normal Scan",0,"ON",1,1,1,739.7,5,22.2,98.3,44.3,0.0000000691157,0.0000182863,4.97,8954.6,8.8,736.5,1,"Up Scan","Positive",254,0,4.37,1.6,8,8,0,1,1,19.324,28.171,21.821,9.647,1.906,15973.8,41,21.7,NA,0,0,0,0,0,0,0,0,0,0,0,0,0,0,0,0,0,0,0,0,0,0,0,0,0,0,0,0,0,0,0,31251.104,29647.072,29546.496,28070.4,25640.384,23354.336,23081.504,21542.272,20945.152,19931.2,18156.768,17646.144,16625.024,16451.136,15647.104,15279.264,15831.456,15859.488,15906.496,15168.096,14727.776,13230.528,11817.664,9698.72,7931.424,6094.752,5167.456,3830.912,3085.76,2445.44,1890.688,1672.384,1464.128,1288.192,1201.536,1166.464,971.392,1036.48,950.272,941.024,804.768,786.56,716.16,563.456,537.28,443.552,320.352,227.168,155.808,114.016,84.544,64.576,38.368,30.88,21.024,25.248,16.384,3.36,8.736,4.992,0,0,0,0,0,0,0,0,0,0,0,0,0,0,0,0,0,0,0,0,0,0,0,0,0,0,0,0,0,0,0,0,0,0,0,8.76,12.66,17.267,23.45,28.975,33.34,37.523,44.535,49.033,55.223,60.232,62.258,68.111,71.579,78.535,82.368,88.214,99.287,107.633,115.865,118.245,122.038,116.723,110.241,95.829,82.765,67.358,60.369,47.396,40.854,34.704,29.041,27.238,25.451,24.066,22.992,22.811,19.808,20.029,18.458,17.471,14.554,13.636,11.969,9.305,8.675,6.937,4.967,3.488,2.461,1.691,1.219,0.915,0.607,0.401,0.267,0.314,0.199,0.04,0.102,0.06,0.058,0,0,0,0
2026-09-01 06:58:00,1,"Normal Scan","Normal Scan",0,"ON",1,1,1,738.8,5,21,98.3,43.9,0.0000000687586,0.0000182289,4.97,8954.6,8.8,736.5,1,"Up Scan","Positive",254,0,4.37,1.6,8,8,0,1,1,20.514,29.335,22.735,10.366,1.912,14259.8,40,21.6,NA,0,0,0,0,0,0,0,0,0,0,0,0,0,0,0,0,0,0,0,0,0,0,0,0,0,0,0,0,0,0,0,24253.856,24553.6,22183.328,22486.112,21345.056,20785.216,20683.648,19938.304,17810.624,17440.256,17091.84,16168.032,15546.656,14961.92,14996.608,14644.416,14594.528,14916.448,14702.72,14515.968,14083.648,12740.256,11281.152,9614.528,7815.584,6296.384,4903.392,3823.36,2950.496,2388.128,1926.592,1580.832,1340.544,1234.336,1157.76,966.24,1029.76,1031.296,891.744,895.104,771.36,712.672,644.32,558.08,499.456,436.864,313.376,235.36,174.656,109.92,86.752,56.352,23.136,41.28,22.816,11.008,26.144,5.024,8.736,4.768,0,0,0,0,0,0,0,0,0,0,0,0,0,0,0,0,0,0,0,0,0,0,0,0,0,0,0,0,0,0,0,0,0,0,0,6.735,9.883,14.42,17.723,23.375,27.829,33.432,39.943,45.415,47.095,52.772,58.681,62.423,66.983,71.521,79.022,84.647,91.785,101.38,107.485,113.395,117.143,112.464,105.434,95.001,81.763,69.334,57.189,47.285,39.081,33.497,29.189,26.209,23.537,22.95,22.103,19.511,20.282,19.779,17.54,16.88,14.143,12.42,10.993,9.245,7.971,6.741,4.975,3.573,2.643,1.711,1.251,0.795,0.355,0.536,0.291,0.138,0.318,0.06,0.102,0.058,0.014,0,0,0,0
2026-09-01 07:03:00,1,"Normal Scan","Normal Scan",0,"ON",1,1,1,738.7,5,20.9,98.3,42.9,0.0000000687288,0.0000182241,4.97,8954.6,8.8,736.5,1,"Up Scan","Positive",254,0,4.37,1.6,8,8,0,1,1,19.313,28.11,21.777,9.647,1.911,16228.4,40,21.5,NA,0,0,0,0,0,0,0,0,0,0,0,0,0,0,0,0,0,0,0,0,0,0,0,0,0,0,0,0,0,0,0,37314.912,31194.752,28215.168,25302.208,25050.432,23661.952,22480.576,22179.744,21260.448,20466.336,18888.896,18078.464,16438.72,16340.416,15442.688,15895.68,16069.216,16127.136,15936.384,15428.224,14681.184,13110.72,11690.784,9798.4,8233.28,6600.128,5244.928,4194.72,3228.064,2763.616,2185.888,1893.696,1534.976,1336.576,1252.704,1118.912,1062.592,925.984,1040.448,932.448,809.632,733.568,620.16,602.208,502.624,385.088,275.264,254.464,146.592,114.752,68.928,53.088,45.888,38.752,15.36,10.912,17.6,5.664,5.28,1.472,0,0,0,0,0,0,0,0,0,0,0,0,0,0,0,0,0,0,0,0,0,0,0,0,0,0,0,0,0,0,0,0,0,0,0,11.233,15.137,18.187,22.468,26.214,32.735,38.068,43.4,50.566,56.212,61.867,64.884,69.752,70.903,78.114,81.45,91.79,100.752,109.432,116.131,120.548,122.118,115.943,109.614,97.15,86.439,73.131,61.528,51.92,42.652,38.465,33.016,29.874,26.434,24.664,23.635,21.772,20.436,18.72,19.25,17.068,14.575,12.82,10.595,9.676,7.982,6.176,4.318,3.796,2.244,1.752,0.965,0.743,0.674,0.502,0.194,0.135,0.214,0.068,0.061,0.019,0.042,0,0,0,0
2026-09-01 07:08:00,1,"Normal Scan","Normal Scan",0,"ON",1,1,1,738.5,5,20.6,98.3,43.3,0.0000000686396,0.0000182097,4.97,8954.6,8.8,736.5,1,"Up Scan","Positive",254,0,4.37,1.6,8,8,0,1,1,21.168,30.092,23.267,11.14,1.921,12952.1,40,21.5,NA,0,0,0,0,0,0,0,0,0,0,0,0,0,0,0,0,0,0,0,0,0,0,0,0,0,0,0,0,0,0,0,18910.336,20179.488,21569.12,20003.712,19511.744,18786.304,18220.064,17101.632,16409.472,15678.048,15065.824,14356.96,13986.688,13475.968,13309.344,13515.616,13824.48,14292.864,14320.672,13994.56,13454.944,12039.136,10367.072,9071.456,7254.464,5806.784,4771.072,3768.96,2796.512,2324.352,1751.616,1524.928,1416.512,1114.976,1138.432,1125.664,978.784,956.512,861.728,850.528,795.136,686.016,586.24,548.512,496.192,386.144,293.408,210.656,140.544,101.024,109.952,60.48,56.256,46.88,16.832,19.04,13.056,3.392,8.704,1.792,0,0,0,0,0,0,0,0,0,0,0,0,0,0,0,0,0,0,0,0,0,0,0,0,0,0,0,0,0,0,0,0,0,0,0,6.091,7.656,11.857,17.131,20.791,25.509,30.275,35.169,39.035,43.406,47.542,51.772,55.515,60.401,64.564,70.306,78.269,86.981,96.999,104.529,109.161,111.761,106.468,97.14,89.671,75.87,64.12,55.771,46.563,37.046,32.863,27.313,25.103,24.201,21.077,21.877,21.476,19.077,18.755,16.704,15.96,14.392,11.981,9.995,9.218,8.043,6.221,4.687,3.192,2.216,1.477,1.592,0.836,0.778,0.608,0.213,0.236,0.159,0.04,0.102,0.019,0.028,0,0,0,0
2026-09-01 07:13:00,1,"Normal Scan","Normal Scan",0,"ON",1,1,1,738.5,5,20.6,98.3,42.9,0.0000000686396,0.0000182097,4.97,8954.6,8.8,736.5,1,"Up Scan","Positive",254,0,4.37,1.6,8,8,0,1,1,21.557,30.39,23.434,9.647,1.932,12564.9,40,21.4,NA,0,0,0,0,0,0,0,0,0,0,0,0,0,0,0,0,0,0,0,0,0,0,0,0,0,0,0,0,0,0,0,21992.288,19793.696,19217.568,18182.752,18536.384,17310.464,16741.024,16497.12,15527.008,14386.976,14102.656,13307.392,12852.032,13024,13145.152,13928.416,13842.176,13988.896,14370.688,14121.216,13122.272,12255.584,10699.36,8580.32,7152.576,5890.08,4489.44,3560.704,2818.816,2276.448,1927.04,1706.976,1326.816,1235.232,1044.608,970.528,949.152,966.592,881.504,813.024,712.096,682.336,621.856,511.2,512.96,405.664,300.608,234.464,163.168,109.664,84.384,63.616,35.04,33.792,16.896,25.248,11.456,8.544,10.432,0,0,0,0,0,0,0,0,0,0,0,0,0,0,0,0,0,0,0,0,0,0,0,0,0,0,0,0,0,0,0,0,0,0,0,0,5.667,8.925,11.623,15.407,18.819,24.204,27.858,32.402,37.586,41.024,43.631,48.575,51.472,55.595,62.515,69.531,80.499,87.124,95.155,104.689,110.051,109.148,108.016,99.961,85.15,74.903,65.253,52.736,44.289,37.337,32.125,28.869,27.377,23.294,22.506,20.044,19.422,18.86,18.661,17.188,15.558,13.275,11.988,10.474,8.614,8.292,6.331,4.702,3.575,2.529,1.586,1.3,0.885,0.497,0.44,0.213,0.315,0.139,0.101,0.122,0,0.028,0,0,0,0
2026-09-01 07:18:00,1,"Normal Scan","Normal Scan",0,"ON",1,1,1,738.5,5,20.6,98.3,43.5,0.0000000686396,0.0000182097,4.97,8954.6,8.8,736.5,1,"Up Scan","Positive",254,0,4.37,1.6,8,8,0,1,1,22.189,30.016,23.53,9.647,1.891,13775.5,41,21.4,NA,0,0,0,0,0,0,0,0,0,0,0,0,0,0,0,0,0,0,0,0,0,0,0,0,0,0,0,0,0,0,0,21649.408,21140.544,19081.824,19597.376,17968.128,18117.792,17429.248,17154.528,16467.328,16956.064,17243.232,16555.84,16123.52,16423.968,16580.224,16829.632,16985.312,16559.392,16675.712,15882.656,14399.168,12996.896,11118.4,9156.032,7235.744,5639.84,4247.744,3280.8,2625.44,2137.536,1815.456,1515.328,1353.632,1175.936,1045.632,1012.64,1068.928,959.552,998.688,909.632,752.544,762.944,699.904,586.72,470.56,386.72,313.696,210.176,152.192,95.648,65.44,51.616,40.416,44.288,21.408,14.592,11.04,11.872,5.216,3.584,0,0,0,0,0,0,0,0,0,0,0,0,0,0,0,0,0,0,0,0,0,0,0,0,0,0,0,0,0,0,0,0,0,0,0,6.033,8.789,12.381,15.288,20.348,23.465,29.179,33.701,39.105,43.62,51.506,59.318,64.084,69.696,78.672,87.348,96.91,106.254,112.029,120.974,123.16,119.104,114.042,103.44,90.265,75.496,62.412,50.032,40.965,35.071,30.486,28.003,25.143,24.202,22.229,20.486,20.293,21.102,18.817,18.698,16.7,13.781,12.99,11.742,9.474,7.472,6.114,4.985,3.251,2.287,1.441,0.988,0.743,0.566,0.574,0.272,0.182,0.134,0.141,0.061,0.039,0.028,0,0,0,0
2026-09-01 07:23:00,1,"Normal Scan","Normal Scan",0,"ON",1,1,1,738.3,5,20.4,98.3,43.4,0.0000000685801,0.0000182001,4.97,8954.6,8.8,736.5,1,"Up Scan","Positive",254,0,4.37,1.6,8,8,0,1,1,18.472,26.468,20.649,9.647,1.884,16850.8,41,21.3,NA,0,0,0,0,0,0,0,0,0,0,0,0,0,0,0,0,0,0,0,0,0,0,0,0,0,0,0,0,0,0,0,44282.976,39772.48,35153.088,29591.392,27975.68,23311.232,21471.392,19653.088,18921.76,18558.24,18411.84,18167.872,18045.376,17764.064,17744.64,17708.256,17458.176,17227.616,16616.544,15545.376,14171.904,12465.856,10734.528,8651.712,6914.048,5345.6,4019.264,3219.584,2549.888,2043.84,1702.304,1492.16,1274.752,1097.28,997.76,966.752,953.696,944.992,862.336,823.232,848.192,708.288,603.936,542.464,510.176,383.04,293.504,203.616,167.2,113.76,51.712,48.992,42.048,29.504,19.872,9.44,4.896,13.504,8.736,8.608,0,0,0,0,0,0,0,0,0,0,0,0,0,0,0,0,0,0,0,0,0,0,0,0,0,0,0,0,0,0,0,0,0,0,0,12.191,17.874,23.304,28.004,30.673,36.492,37.496,41.473,44.817,50.02,56.326,63.407,70.241,77.856,84.836,93.207,101.746,108.959,116.184,120.354,120.53,117.044,109.347,99.818,85.409,72.15,59.117,47.393,40.166,33.808,29.122,26.186,24.631,22.651,20.683,20.109,19.419,18.881,18.39,16.955,15.383,14.72,12.418,10.553,8.645,8.005,6.068,4.603,3.151,2.465,1.676,0.818,0.749,0.623,0.383,0.252,0.118,0.06,0.161,0.102,0.097,0.042,0,0,0,0
2026-09-01 07:28:00,1,"Normal Scan","Normal Scan",0,"ON",1,1,1,738.5,5,20.6,98.3,44,0.0000000686396,0.0000182097,4.97,8954.6,8.8,736.5,1,"Up Scan","Positive",254,0,4.37,1.6,8,8,0,1,1,16.039,24.577,19.036,9.647,1.885,17809,41,21.4,NA,0,0,0,0,0,0,0,0,0,0,0,0,0,0,0,0,0,0,0,0,0,0,0,0,0,0,0,0,0,0,0,67487.776,51918.496,43284.544,36104.128,29449.536,24890.496,21045.824,19637.152,19003.584,18220.96,18057.536,16614.4,16635.488,16408.032,15850.368,15505.088,15417.824,15364.704,14757.472,13928.8,12797.504,11607.648,9765.472,8288.768,6379.488,4944.096,3907.648,3173.504,2396.544,1964.896,1615.36,1418.368,1175.2,997.92,1108.512,950.432,966.208,900.064,864.736,800.992,672.672,712.512,607.712,527.52,483.456,364,280.32,189.472,152.32,77.504,60.736,43.968,23.456,17.728,19.904,12.608,14.752,11.84,5.216,3.552,0,0,0,0,0,0,0,0,0,0,0,0,0,0,0,0,0,0,0,0,0,0,0,0,0,0,0,0,0,0,0,0,0,0,0,19.792,27.211,30.372,34.371,37.258,38.344,40.044,40.659,44.683,50.269,55.253,62.038,64.183,71.719,78.302,83.263,89.146,96.412,103.75,107.089,108.09,105.787,102.045,91.069,81.73,66.718,54.738,45.929,39.392,32.067,28.184,25.098,23.52,20.948,19.479,20.555,19.089,19.003,17.442,16.721,14.768,12.37,12.079,10.047,8.587,7.598,5.675,4.263,2.948,2.302,1.241,0.917,0.632,0.396,0.23,0.252,0.157,0.179,0.141,0.061,0.039,0.07,0,0,0,0
2026-09-01 07:33:00,1,"Normal Scan","Normal Scan",0,"ON",1,1,1,738.2,5,20.2,98.3,43.9,0.0000000685206,0.0000181905,4.97,8954.6,8.8,736.5,1,"Up Scan","Positive",254,0,4.37,1.6,8,8,0,1,1,19.109,26.312,20.8,9.647,1.852,16550.7,41,21.2,NA,0,0,0,0,0,0,0,0,0,0,0,0,0,0,0,0,0,0,0,0,0,0,0,0,0,0,0,0,0,0,0,40626.944,36651.168,32342.88,26907.584,25269.376,22129.92,20968.896,20555.232,19945.696,19607.456,19573.76,19459.776,19158.976,19683.264,19145.248,19466.112,18662.368,18533.856,17106.464,15639.872,13941.824,11724.576,9601.728,7776.928,5985.792,4453.984,3560.224,2798.848,2146.784,1757.952,1469.248,1252,1120.32,984.832,969.344,1006.176,841.536,876.288,765.088,763.552,745.888,693.952,603.872,534.24,447.584,376.096,301.952,169.728,160.768,84.032,80.32,52.928,40.096,33.92,18.368,12.64,9.824,10.176,3.488,10.368,0,0,0,0,0,0,0,0,0,0,0,0,0,0,0,0,0,0,0,0,0,0,0,0,0,0,0,0,0,0,0,0,0,0,0,12.551,16.491,21.495,25.755,27.9,32.983,35.651,40.545,46.897,52.854,59.54,67.407,75.286,82.659,93.848,100.341,111.455,115.978,124.226,123.279,120.622,114.623,102.589,89.271,76.512,62.494,49.337,41.889,34.965,28.904,25.556,22.963,21.125,20.022,18.811,19.039,19.785,17.261,17.153,15.155,14.505,13.373,12.049,10.085,8.779,7.196,5.949,4.737,2.651,2.404,1.264,1.188,0.804,0.58,0.44,0.233,0.157,0.119,0.121,0.041,0.115,0.028,0,0,0,0
2026-09-01 07:38:00,1,"Normal Scan","Normal Scan",0,"ON",1,1,1,738.5,5,20.6,98.3,44.3,0.0000000686396,0.0000182097,4.97,8954.6,8.8,736.5,1,"Up Scan","Positive",254,0,4.37,1.6,8,8,0,1,1,17.81,25.369,20.048,9.647,1.835,11948.6,41,21.3,NA,0,0,0,0,0,0,0,0,0,0,0,0,0,0,0,0,0,0,0,0,0,0,0,0,0,0,0,0,0,0,0,30185.184,26524.512,24231.392,22293.984,20428.064,18153.44,17540.896,16598.848,15052.896,14562.464,13102.688,12956.224,12586.656,12636.16,13164.192,13664.032,13430.272,13202.144,12239.584,10780.864,8969.856,7195.552,5841.92,4665.376,3654.368,2738.88,2125.984,1626.016,1260.672,1036.736,847.424,719.872,638.848,610.976,563.776,673.408,637.248,621.056,643.584,637.472,562.016,496.992,507.072,467.616,330.304,245.408,207.104,146.272,100.128,68.928,49.952,41.824,21.952,21.728,15.328,12.672,6.496,1.664,5.248,3.584,0,0,0,0,0,0,0,0,0,0,0,0,0,0,0,0,0,0,0,0,0,0,0,0,0,0,0,0,0,0,0,0,0,0,0,8.823,12.198,15.548,19.319,23.109,26.613,29.248,33.897,37.792,39.816,44.153,45.133,50.188,54.368,60.441,69.058,78.052,83.067,88.049,87.743,82.834,73.523,62.947,54.152,45.862,38.046,30.304,24.911,20.421,17.101,15.397,14.103,12.844,12.408,13.012,12.184,13.427,13.297,12.911,11.998,11.596,10.084,8.607,8.302,7.493,5.368,3.833,3.202,2.25,1.56,0.991,0.714,0.613,0.306,0.282,0.194,0.157,0.08,0.02,0.061,0.039,0.014,0,0,0,0
2026-09-01 07:43:00,1,"Normal Scan","Normal Scan",0,"ON",1,1,1,738.1,5,20.1,98.3,44.3,0.0000000684909,0.0000181857,4.97,8954.6,8.8,736.5,1,"Up Scan","Positive",254,0,4.37,1.6,8,8,0,1,1,19.32,28.018,21.492,9.647,1.911,9977.85,41,21.1,NA,0,0,0,0,0,0,0,0,0,0,0,0,0,0,0,0,0,0,0,0,0,0,0,0,0,0,0,0,0,0,0,22186.432,20129.984,18652.064,17598.272,15119.744,14446.08,13907.744,13107.36,11814.688,11159.04,10950.816,10302.88,10336.8,10610.048,11174.08,11929.792,11899.52,11445.472,11005.344,9952.512,8740.8,7082.048,5706.144,4615.328,3570.368,2852.064,2216.096,1895.264,1464.384,1243.072,1129.856,945.536,825.664,804.64,783.616,789.376,828.864,802.656,769.44,774.944,644.928,580.736,575.168,413.92,410.912,283.008,236.64,178.176,104.32,82.304,72.608,43.264,33.248,25.056,12.224,11.008,8.16,1.696,3.52,1.408,0,0,0,0,0,0,0,0,0,0,0,0,0,0,0,0,0,0,0,0,0,0,0,0,0,0,0,0,0,0,0,0,0,0,0,6.091,9.074,11.886,14.843,18.227,19.743,23.217,26.912,29.864,31.291,33.905,37.765,39.977,44.745,50.822,58.739,68.393,73.883,76.624,79.142,76.633,71.83,62.167,53.233,45.763,37.711,32.003,26.507,24.015,20.334,18.572,18.337,16.672,15.952,16.205,15.761,15.88,16.476,15.432,14.546,13.86,11.667,10.097,9.317,6.938,6.511,4.521,3.659,2.687,1.598,1.197,1.014,0.595,0.51,0.325,0.155,0.138,0.1,0.02,0.041,0.019,0.042,0,0,0,0
2026-09-01 07:48:00,1,"Normal Scan","Normal Scan",0,"ON",1,1,1,738.5,5,20.7,98.3,44.4,0.0000000686693,0.0000182145,4.97,8954.6,8.8,736.5,1,"Up Scan","Positive",254,0,4.37,1.6,8,8,0,1,1,20.292,28.498,21.93,9.647,1.908,9555.8,41,21.3,NA,0,0,0,0,0,0,0,0,0,0,0,0,0,0,0,0,0,0,0,0,0,0,0,0,0,0,0,0,0,0,0,22006.24,18266.048,16433.856,15276.544,13507.776,12975.712,12320.16,11592.736,11635.008,10537.504,10167.84,10605.536,10621.12,10751.168,11063.2,11461.76,11611.616,11698.144,11320.512,10456.896,9021.504,7746.272,6234.368,4731.584,3641.568,2824.384,2250.752,1638.912,1298.432,1119.168,862.848,792.16,642.944,674.912,624.352,670.976,647.744,709.408,702.528,680.928,644.928,633.696,597.376,466.624,451.744,330.016,238.688,156.832,123.296,98.72,67.744,46.144,29.632,38.304,18.432,3.168,8.128,3.424,3.488,0,0,0,0,0,0,0,0,0,0,0,0,0,0,0,0,0,0,0,0,0,0,0,0,0,0,0,0,0,0,0,0,0,0,0,0,5.728,8.963,10.742,13.081,15.799,17.65,20.848,23.799,26.421,30.796,31.98,35.065,41.106,46.01,51.543,58.245,65.813,72.284,78.44,81.346,80.432,74.057,67.628,57.772,46.558,38.072,31.253,26.416,20.66,17.753,16.543,14.294,14.233,13.233,14.115,13.603,14.581,14.13,14.317,14.03,12.919,11.419,10.817,10.052,7.683,7.112,5.177,3.789,2.39,1.886,1.394,0.974,0.635,0.477,0.498,0.233,0.039,0.1,0.04,0.041,0,0.07,0,0,0,0
2026-09-01 07:53:00,1,"Normal Scan","Normal Scan",0,"ON",1,1,1,738,5,20,98.3,44.6,0.0000000684611,0.0000181809,4.97,8954.6,8.8,736.5,1,"Up Scan","Positive",254,0,4.37,1.6,8,8,0,1,1,20.753,29.136,22.305,9.647,1.921,9942.33,41,21.1,NA,0,0,0,0,0,0,0,0,0,0,0,0,0,0,0,0,0,0,0,0,0,0,0,0,0,0,0,0,0,0,0,21241.76,18329.344,16909.824,16122.624,14816.192,13999.104,12661.952,11382.752,10771.008,10873.952,10581.632,10423.264,10781.312,11164.576,11873.408,12078.656,12220.512,12120.064,12123.712,11240.896,10050.048,8360.768,6438.208,5308.448,4011.776,3053.376,2359.776,1977.216,1521.216,1257.376,1075.072,896.736,832.96,722.08,764.768,712.096,735.68,756.32,615.264,699.168,706.592,648.864,524.288,544.544,512.608,361.728,274.24,159.904,141.088,101.184,71.904,61.344,46.048,48.8,32.16,14.112,14.752,15.136,7.008,3.584,0,0,0,0,0,0,0,0,0,0,0,0,0,0,0,0,0,0,0,0,0,0,0,0,0,0,0,0,0,0,0,0,0,0,0,6.165,8.616,10.749,13.461,16.795,19.374,22.562,24.497,25.971,28.567,33.063,36.519,40.474,46.734,53.581,62.635,69.538,76.146,81.363,87.275,86.512,82.439,73.104,59.964,52.359,41.956,34.03,27.962,24.942,20.627,18.5,17.301,15.951,15.509,14.721,16.074,15.43,15.195,15.52,13.332,13.419,12.717,11.284,9.077,9.047,8.193,5.86,4.442,2.686,2.113,1.594,1.06,0.893,0.661,0.632,0.408,0.177,0.179,0.181,0.082,0.038,0.042,0,0,0,0
2026-09-01 07:58:00,1,"Normal Scan","Normal Scan",0,"ON",1,1,1,738.5,5,20.6,98.3,44.2,0.0000000686396,0.0000182097,4.97,8954.6,8.8,736.5,1,"Up Scan","Positive",254,0,4.37,1.6,8,8,0,1,1,22.176,30.412,23.255,9.647,1.938,8715.52,41,21.2,NA,0,0,0,0,0,0,0,0,0,0,0,0,0,0,0,0,0,0,0,0,0,0,0,0,0,0,0,0,0,0,0,16941.824,14944.32,13585.152,13767.744,12154.4,11030.72,10355.584,9870.976,9029.76,9101.76,8899.616,9235.712,9251.392,9623.072,10717.408,11069.856,11347.744,11145.088,11602.464,10551.04,9535.712,7867.648,6568.48,5082.592,3932.832,2935.008,2328.256,1905.44,1515.232,1232.064,1031.456,892.032,790.016,728.704,707.392,734.752,722.688,711.808,734.048,729.184,696.096,588.448,620.992,503.328,414.016,304.384,248.032,168.992,119.36,101.28,63.424,43.744,31.68,22.176,16.736,17.376,9.792,5.12,7.008,3.616,0,0,0,0,0,0,0,0,0,0,0,0,0,0,0,0,0,0,0,0,0,0,0,0,0,0,0,0,0,0,0,0,0,0,0,5.459,6.897,8.807,10.789,14.263,15.897,17.793,19.994,22.501,23.906,27.671,30.806,35.938,40.131,46.313,56.553,63.786,70.769,75.01,83.497,81.306,78.269,68.76,61.052,50.147,41.234,32.682,27.561,24.021,20.51,18.232,16.735,15.712,15.105,15.171,15.045,15.208,15.417,14.519,14.256,13.451,12.313,10.172,10.328,8.178,6.621,4.789,3.854,2.617,1.876,1.463,0.933,0.654,0.468,0.287,0.213,0.216,0.119,0.06,0.081,0.039,0.042,0,0,0,0
2026-09-01 08:03:00,1,"Normal Scan","Normal Scan",0,"ON",1,1,1,738.1,5,20.1,98.3,44.6,0.0000000684909,0.0000181857,4.97,8954.6,8.8,736.5,1,"Up Scan","Positive",254,0,4.37,1.6,8,8,0,1,1,19.874,28.812,21.904,9.647,1.924,10516.9,41,21.1,NA,0,0,0,0,0,0,0,0,0,0,0,0,0,0,0,0,0,0,0,0,0,0,0,0,0,0,0,0,0,0,0,21389.6,19614.752,19578.432,18392.288,16520.896,15369.76,14622.816,13211.136,12084.96,11538.08,11276.192,11118.816,11310.88,11488.352,11833.44,12289.248,12668.96,12443.36,12070.208,10928,9217.92,8260.992,6475.68,5207.744,4111.616,3257.12,2540.8,2071.232,1480.192,1267.456,1077.952,896.672,833.248,687.456,764.384,655.552,733.984,794.784,825.376,773.888,767.488,700.928,699.264,548.8,493.568,457.28,321.088,247.136,189.024,134.304,84.48,53.92,60.224,19.136,35.168,15.84,16.352,8.416,3.456,1.792,0,0,0,0,0,0,0,0,0,0,0,0,0,0,0,0,0,0,0,0,0,0,0,0,0,0,0,0,0,0,0,0,0,0,0,6.269,8.786,11.478,15.628,19.055,21.594,24.748,28.242,30.074,31.951,35.039,38.911,43.134,49.009,55.097,62.331,70.483,78.872,83.471,86.899,84.269,75.962,72.34,60.389,51.325,43.063,36.075,29.904,25.923,20.144,18.853,17.206,16.274,16.452,14.942,16.547,15.176,16.448,16.504,16.5,15.293,14.243,12.584,11.857,9.174,7.918,7.333,4.893,3.823,2.873,2.012,1.216,0.744,0.849,0.249,0.446,0.197,0.199,0.101,0.041,0.019,0.042,0,0,0,0
2026-09-01 08:08:00,1,"Normal Scan","Normal Scan",0,"ON",1,1,1,738.5,5,20.6,98.3,44.1,0.0000000686396,0.0000182097,4.97,8954.6,8.8,736.5,1,"Up Scan","Positive",254,0,4.37,1.6,8,8,0,1,1,22.162,32.903,23.949,9.647,2.031,10338.7,41,21.2,NA,0,0,0,0,0,0,0,0,0,0,0,0,0,0,0,0,0,0,0,0,0,0,0,0,0,0,0,0,0,0,0,19652.544,19092.256,15808.224,15031.872,13864.032,13522.048,12381.984,11566.016,11127.744,11145.76,10952.704,10738.88,11001.248,11451.264,11549.312,12176.512,12657.024,12505.12,12463.776,11767.84,10547.264,8970.624,7471.424,5910.112,4721.568,3742.4,3165.824,2504.192,2170.784,1818.816,1563.872,1367.744,1396.032,1085.184,1149.472,1072.576,1165.44,1168.832,1152.384,1169.472,1078.368,962.112,909.952,828.288,758.912,620.864,460.416,417.216,270.368,205.6,168.8,122.144,76.384,62.016,45.824,36.352,21.248,8.416,10.4,5.024,0,0,0,0,0,0,0,0,0,0,0,0,0,0,0,0,0,0,0,0,0,0,0,0,0,0,0,0,0,0,0,0,0,0,0,5.823,8.042,11.189,12.628,15.574,18.076,21.79,23.964,26.323,29.469,33.795,37.787,41.663,47.676,54.964,60.947,70.143,78.932,84.14,89.937,90.934,86.969,78.986,69.86,58.964,50.138,42.14,38.148,32.366,29.722,27.06,25.515,24.51,25.983,23.13,24.473,23.481,24.633,24.538,23.919,22.541,20.457,17.692,16.042,14.126,12.579,9.935,7.29,6.433,4.178,3.025,2.414,1.695,1.094,0.804,0.582,0.452,0.259,0.101,0.122,0.058,0.056,0,0,0,0
2026-09-01 08:13:00,1,"Normal Scan","Normal Scan",0,"ON",1,1,1,738.2,5,20.3,98.3,44.5,0.0000000685503,0.0000181953,4.97,8954.6,8.8,736.5,1,"Up Scan","Positive",254,0,4.37,1.6,8,8,0,1,1,25.081,36.146,26.271,11.14,2.053,8551.09,40,21.1,NA,0,0,0,0,0,0,0,0,0,0,0,0,0,0,0,0,0,0,0,0,0,0,0,0,0,0,0,0,0,0,0,11907.296,10975.552,11918.176,10565.728,10627.008,9879.584,9205.12,9156.448,9359.168,9063.84,8907.296,8704.128,9373.152,9396.96,10017.472,10623.616,11179.68,11487.68,11544.256,11050.432,9888.512,8678.176,7138.624,5613.792,4595.904,3741.76,3079.072,2648.768,2198.912,1814.784,1505.088,1301.536,1251.168,1092.768,1237.984,1100.832,1136.96,1257.824,1226.272,1180.736,1033.792,1052.448,1027.424,829.728,713.344,562.24,453.408,382.592,234.656,207.04,164.928,117.632,67.52,55.264,48.16,15.808,21.28,5.056,5.248,5.408,0,0,0,0,0,0,0,0,0,0,0,0,0,0,0,0,0,0,0,0,0,0,0,0,0,0,0,0,0,0,0,0,0,0,0,3.354,4.854,6.43,9.518,10.982,13.903,15.954,17.796,20.892,24.774,27.587,30.736,33.888,40.72,45.287,53.049,61.383,70.011,77.487,83.422,85.487,81.699,76.48,67.076,56.272,48.695,42.206,36.823,33.818,30.434,27.254,24.762,23.872,24.595,23.462,25.425,24.167,24.826,25.785,24.364,22.23,19.744,18.686,17.576,14.034,11.791,8.993,7.101,5.882,3.533,3.035,2.297,1.655,0.943,0.717,0.612,0.197,0.259,0.06,0.061,0.058,0.042,0,0,0,0
2026-09-01 08:18:00,1,"Normal Scan","Normal Scan",0,"ON",1,1,1,738.3,5,20.4,98.3,43.8,0.0000000685801,0.0000182001,4.97,8954.6,8.8,736.5,1,"Up Scan","Positive",254,0,4.37,1.6,8,8,0,1,1,28.783,38.069,28.287,35.227,2.043,7621.88,41,21.1,NA,0,0,0,0,0,0,0,0,0,0,0,0,0,0,0,0,0,0,0,0,0,0,0,0,0,0,0,0,0,0,0,10750.528,9815.104,9342.176,8016.16,6880,7172.576,6706.016,6328.032,6378.752,5940.864,6440.8,7099.264,7480.16,8039.936,9015.488,9686.272,11180.128,11550.496,11752.032,11637.856,10817.056,9396.608,8056.544,6365.696,5146.592,4132.736,3509.568,3002.624,2419.968,2018.528,1764.512,1460.864,1245.504,1202.4,1149.44,1098.304,1058.784,968.928,1074.88,969.792,908.16,849.536,818.976,690.528,613.568,492.48,409.824,311.52,230.336,137.312,103.808,100.128,54.688,29.472,25.888,18.88,18.016,8.448,5.248,1.44,0,0,0,0,0,0,0,0,0,0,0,0,0,0,0,0,0,0,0,0,0,0,0,0,0,0,0,0,0,0,0,0,0,0,0,3.166,4.381,5.763,7.418,8.297,8.975,11.576,12.972,14.435,16.976,18.163,22.357,27.766,32.724,38.972,48.03,56.439,70.245,78.297,85.228,90.242,89.449,82.954,75.674,63.65,54.57,46.607,41.84,37.814,32.808,29.548,27.358,24.842,23.18,23.674,22.963,22.515,22.298,20.194,21.105,18.67,16.947,15.349,13.852,11.404,10.066,7.837,6.254,4.714,3.417,2.072,1.498,1.36,0.792,0.383,0.33,0.236,0.219,0.101,0.061,0.019,0.042,0,0,0,0
2026-09-01 08:23:00,1,"Normal Scan","Normal Scan",0,"ON",1,1,1,738.4,5,20.5,98.3,44.2,0.0000000686098,0.0000182049,4.97,8954.6,8.8,736.5,1,"Up Scan","Positive",254,0,4.37,1.6,8,8,0,1,1,28.075,37.405,27.598,9.647,2.051,7082.23,41,21.2,NA,0,0,0,0,0,0,0,0,0,0,0,0,0,0,0,0,0,0,0,0,0,0,0,0,0,0,0,0,0,0,0,11845.856,9391.2,9009.44,7798.944,7154.912,6723.264,6019.616,5816,5826.368,5557.312,5673.376,6356.384,6766.464,7787.52,8500.064,9384.128,10080.768,10840.96,10873.6,10621.12,10113.056,8304.96,7068.832,5918.144,4718.176,3688.224,3119.296,2267.232,2036.352,1519.008,1420.736,1162.784,1113.76,951.104,971.104,968.448,898.048,922.144,930.304,876.832,849.952,807.072,799.968,690.688,567.648,528.384,377.792,291.52,215.136,153.472,110.912,69.536,53.088,39.2,31.424,17.344,6.56,11.808,10.496,3.616,0,0,0,0,0,0,0,0,0,0,0,0,0,0,0,0,0,0,0,0,0,0,0,0,0,0,0,0,0,0,0,0,0,0,0,3.457,4.755,5.536,7.171,8.076,9.35,10.851,11.618,13.289,15.5,16.953,19.726,24.864,29.63,37.711,45.226,54.548,63.295,73.243,78.855,82.35,83.552,73.237,65.987,58.745,49.554,41.417,36.929,28.851,27.668,22.752,22.556,20.457,20.746,19.49,20.153,20.467,19.716,19.395,18.84,17.488,15.75,14.533,13.576,11.614,9.116,8.257,5.901,4.514,3.147,2.232,1.613,1.017,0.703,0.507,0.398,0.216,0.08,0.141,0.122,0.039,0,0,0,0,0
2026-09-01 08:28:00,1,"Normal Scan","Normal Scan",0,"ON",1,1,1,738.2,5,20.2,98.3,43.8,0.0000000685206,0.0000181905,4.97,8954.6,8.8,736.5,1,"Up Scan","Positive",254,0,4.37,1.6,8,8,0,1,1,26.686,36.647,26.732,9.647,2.07,8047.78,40,21.1,NA,0,0,0,0,0,0,0,0,0,0,0,0,0,0,0,0,0,0,0,0,0,0,0,0,0,0,0,0,0,0,0,12714.144,12382.688,10647.136,10467.232,9899.072,8473.28,7912.096,7732.352,6882.048,6886.08,6769.376,6785.696,7696.736,8082.56,8715.296,10191.968,10806.112,11312.032,11468.096,11316.192,10313.536,9157.44,7632.224,6213.504,4784.736,4056.096,3238.624,2696.128,2173.248,1886.112,1573.92,1408.128,1250.88,1173.664,1130.432,1086.4,1120.672,1134.688,1155.968,992.64,958.56,932.544,892.384,696.576,629.216,546.4,396.832,324.704,225.088,161.408,133.568,89.76,67.648,55.936,29.088,31.488,19.552,8.384,8.704,1.792,0,0,0,0,0,0,0,0,0,0,0,0,0,0,0,0,0,0,0,0,0,0,0,0,0,0,0,0,0,0,0,0,0,0,0,3.592,5.229,7.258,8.498,10.87,12.877,13.595,15.303,17.66,18.256,20.989,23.496,26.567,33.616,39.164,46.501,59.119,67.919,76.541,83.165,87.708,85.361,80.652,71.611,61.798,50.81,45.562,38.803,34.332,29.987,27.884,25.198,24.794,24.09,23.261,23.109,22.984,23.584,22.644,22.636,19.351,17.885,16.624,15.233,11.804,10.316,8.69,6.306,4.997,3.486,2.362,1.918,1.231,0.929,0.723,0.369,0.393,0.239,0.101,0.102,0.019,0.028,0,0,0,0
2026-09-01 08:33:00,1,"Normal Scan","Normal Scan",0,"ON",1,1,1,738.5,5,20.6,98.3,43.8,0.0000000686396,0.0000182097,4.97,8954.6,8.8,736.5,1,"Up Scan","Positive",254,0,4.37,1.6,8,8,0,1,1,26.016,36.438,26.617,9.647,2.061,8387.49,40,21.2,NA,0,0,0,0,0,0,0,0,0,0,0,0,0,0,0,0,0,0,0,0,0,0,0,0,0,0,0,0,0,0,0,12418.016,11476.896,11535.872,10522.08,10381.888,9179.36,9111.456,8855.008,8290.112,8201.056,7574.528,7646.624,8075.552,8483.456,9011.616,10140.256,10603.328,11387.04,11416,11109.536,10403.808,9425.6,7691.808,6716.416,5308.768,4082.272,3368.448,2907.936,2335.712,1872.384,1669.408,1495.232,1349.728,1242.88,1133.824,1228.032,1109.824,1141.408,1050.944,1110.272,957.536,900.8,862.624,739.072,662.24,519.712,493.344,318.304,249.344,178.976,143.232,86.56,69.696,36.928,39.68,26.816,26.24,15.168,5.28,3.584,0,0,0,0,0,0,0,0,0,0,0,0,0,0,0,0,0,0,0,0,0,0,0,0,0,0,0,0,0,0,0,0,0,0,0,3.351,5.08,6.785,9.193,10.913,13.551,14.748,17.624,20.193,21.954,24.926,26.209,29.775,35.267,40.987,47.91,58.874,66.76,77.105,83.078,86.349,86.141,83.074,72.196,66.861,55.992,46.037,40.448,37.119,31.87,27.923,26.902,25.778,24.834,24.616,23.486,24.832,23.471,23.293,21.122,21.231,18.351,16.348,14.814,12.536,10.776,8.414,7.514,4.963,3.756,2.75,2.032,1.231,0.939,0.478,0.504,0.334,0.318,0.181,0.061,0.039,0.014,0,0,0,0
2026-09-01 08:38:00,1,"Normal Scan","Normal Scan",0,"ON",1,1,1,738,5,20,98.3,43.8,0.0000000684611,0.0000181809,4.97,8954.6,8.8,736.5,1,"Up Scan","Positive",254,0,4.37,1.6,8,8,0,1,1,22.092,34.021,24.324,9.647,2.087,9591,40,21,NA,0,0,0,0,0,0,0,0,0,0,0,0,0,0,0,0,0,0,0,0,0,0,0,0,0,0,0,0,0,0,0,19068.544,16695.392,16796.16,15684.832,13786.784,13341.28,11674.24,10611.616,9807.552,9035.872,8577.92,8321.728,8453.312,8763.84,9415.712,9804.352,10284.96,11027.392,11180.256,10749.312,10258.912,8890.4,7709.888,6367.232,5224.48,4262.528,3654.784,2950.72,2406.208,2153.824,1786.048,1567.552,1343.968,1301.568,1229.44,1164.96,1206.432,1165.76,1169.888,1140.448,1069.76,1014.432,872.256,804.768,717.408,575.488,469.76,330.24,273.792,212.224,146.496,108.416,75.008,69.472,38.112,31.584,32.608,11.84,10.432,11.808,0,0,0,0,0,0,0,0,0,0,0,0,0,0,0,0,0,0,0,0,0,0,0,0,0,0,0,0,0,0,0,0,0,0,0,4.763,7.717,9.823,13.409,16.247,18.035,21.502,22.555,24.132,25.964,27.444,29.613,32.339,36.803,42.316,49.945,56.918,64.687,74.778,81.291,83.699,85.116,78.818,72.57,63.629,55.65,48.129,43.614,37.569,33.096,31.575,28.532,26.944,25.437,25.911,25.393,24.833,25.01,23.934,23.773,22.195,19.94,18.019,15.599,13.741,11.835,9.277,7.545,5.134,4.268,3.133,2.142,1.563,1.076,0.9,0.485,0.393,0.398,0.141,0.122,0.134,0.042,0,0,0,0
2026-09-01 08:43:00,1,"Normal Scan","Normal Scan",0,"ON",1,1,1,738.5,5,20.7,98.3,43.5,0.0000000686693,0.0000182145,4.97,8954.6,8.8,736.5,1,"Up Scan","Positive",254,0,4.37,1.6,8,8,0,1,1,22.659,32.684,24.363,11.14,1.994,11393.4,40,21.2,NA,0,0,0,0,0,0,0,0,0,0,0,0,0,0,0,0,0,0,0,0,0,0,0,0,0,0,0,0,0,0,0,17071.232,17381.984,17556.64,17013.152,16497.472,15370.848,13925.536,13135.296,12554.592,12563.072,11982.432,12797.76,12690.944,12826.08,13279.264,13464.544,13323.104,13067.488,13202.336,12753.312,11706.368,10445.664,9031.648,7697.6,6126.496,5057.312,3846.88,3166.08,2651.296,2067.584,1838.176,1703.84,1551.04,1527.968,1351.872,1319.072,1274.4,1252.704,1138.336,1024.768,1011.744,1013.184,843.808,732.704,643.52,517.536,412.32,299.104,233.984,160.16,136.48,94.848,79.456,41.44,36.576,33.28,27.68,15.168,10.464,8.96,0,0,0,0,0,0,0,0,0,0,0,0,0,0,0,0,0,0,0,0,0,0,0,0,0,0,0,0,0,0,0,0,0,0,0,5.625,6.982,10.198,13.983,17.625,21.58,24.703,26.919,29.959,33.21,38.179,41.342,49.571,54.866,61.446,69.958,77.583,83.43,88.498,96.048,99.222,97.212,92.121,84.652,76.417,64.542,56.619,46.185,40.623,36.55,30.786,29.422,29.247,28.112,28.14,26.568,26.746,25.416,24.586,22.418,19.822,18.632,17.865,14.522,12.316,10.682,8.405,6.468,4.643,3.701,2.432,1.968,1.391,1.068,0.536,0.466,0.413,0.338,0.181,0.122,0.097,0.014,0,0,0,0
2026-09-01 08:48:00,1,"Normal Scan","Normal Scan",0,"ON",1,1,1,738.1,5,20.1,98.3,43.8,0.0000000684909,0.0000181857,4.97,8954.6,8.8,736.5,1,"Up Scan","Positive",254,0,4.37,1.6,8,8,0,1,1,22.491,33.503,24.435,9.647,2.042,9429.35,40,21.1,NA,0,0,0,0,0,0,0,0,0,0,0,0,0,0,0,0,0,0,0,0,0,0,0,0,0,0,0,0,0,0,0,16431.936,15409.376,14937.504,14556.192,13150.016,12839.904,12114.656,11195.936,10012.192,9774.432,9082.816,9189.376,8764.992,8928.8,9770.336,10276.768,11059.552,11529.088,11657.056,10651.84,10354.944,9166.368,7367.008,5951.52,5020.832,4011.104,3325.92,2635.008,2333.792,1887.936,1627.36,1480.096,1310.752,1117.12,1008,1190.688,1164.48,1158.112,1079.104,1070.208,983.648,917.696,800.736,693.248,633.792,503.328,424.736,337.696,222.752,179.872,121.312,103.648,59.072,57.44,41.344,11.008,26.08,15.2,8.704,4.992,0,0,0,0,0,0,0,0,0,0,0,0,0,0,0,0,0,0,0,0,0,0,0,0,0,0,0,0,0,0,0,0,0,0,0,4.442,6.709,9.088,11.885,15.099,17.163,20.694,23.408,25.522,26.483,29.687,31.333,35.706,38.141,43.143,51.742,59.61,69.445,77.896,84.43,82.849,85.648,80.796,69.176,59.559,53.216,45.199,39.827,33.679,31.615,28.025,26.245,25.651,24.444,22.783,21.752,24.277,23.616,23.148,21.457,20.38,18.638,16.217,13.973,11.818,10.413,8.089,6.72,5.248,3.338,2.683,1.791,1.45,0.83,0.747,0.524,0.138,0.319,0.181,0.102,0.058,0.028,0,0,0,0
2026-09-01 08:53:00,1,"Normal Scan","Normal Scan",0,"ON",1,1,1,738.5,5,20.6,98.3,43.2,0.0000000686396,0.0000182097,4.97,8954.6,8.8,736.5,1,"Up Scan","Positive",254,0,4.37,1.6,8,8,0,1,1,21.43,31.353,23.336,9.647,2.002,9109.06,40,21.2,NA,0,0,0,0,0,0,0,0,0,0,0,0,0,0,0,0,0,0,0,0,0,0,0,0,0,0,0,0,0,0,0,19454.368,16878.848,15161.44,14352.544,13073.856,12628.608,11472.64,10315.264,9452.704,9337.632,8620.736,8687.616,8740.064,9006.624,9273.664,9784.96,10484.992,10524.544,10915.616,10471.552,9590.816,8407.584,6970.496,5805.856,4661.536,3789.248,3111.104,2414.848,1962.784,1611.392,1231.232,1167.552,1138.688,979.776,841.472,881.12,947.328,977.12,860.384,810.112,792.48,771.168,671.808,562.496,478.464,362.816,291.232,213.952,148.896,122.944,78.176,58.88,27.328,36.96,19.904,28.448,4.928,8.288,7.136,5.024,0,0,0,0,0,0,0,0,0,0,0,0,0,0,0,0,0,0,0,0,0,0,0,0,0,0,0,0,0,0,0,0,0,0,0,5.572,7.905,9.942,12.084,14.892,17.059,20.324,22.169,23.467,25.03,28.345,29.725,33.765,37.93,43.36,49.137,56.669,65.743,71.152,79.115,81.227,79.388,74.106,65.224,57.713,49.047,42.036,36.804,30.825,26.375,23.554,20.219,20.386,20.848,19.123,17.673,18.576,19.094,18.941,16.759,15.108,14.315,13.244,11.296,9.262,7.743,5.63,4.557,3.349,2.341,1.793,1.118,0.859,0.411,0.478,0.252,0.354,0.06,0.099,0.083,0.058,0.028,0,0,0,0
2026-09-01 08:58:00,1,"Normal Scan","Normal Scan",0,"ON",1,1,1,738.4,5,20.5,98.3,43.5,0.0000000686098,0.0000182049,4.97,8954.6,8.8,736.5,1,"Up Scan","Positive",254,0,4.37,1.6,8,8,0,1,1,21.32,30.34,23,9.647,1.958,9538.47,39,21.2,NA,0,0,0,0,0,0,0,0,0,0,0,0,0,0,0,0,0,0,0,0,0,0,0,0,0,0,0,0,0,0,0,18426.4,17504.768,17406.56,14736.576,14125.216,12789.984,11840.736,11716.8,10525.216,9739.072,9206.88,9138.144,8976.672,9836.832,10469.888,11302.272,11742.72,11443.2,11582.336,10951.264,9951.04,8725.92,7017.12,5757.312,4795.68,3740.224,3041.376,2346.048,1915.68,1460.8,1257.632,1023.904,862.624,891.072,842.048,845.824,772.768,806.304,759.744,660.064,683.872,659.808,611.712,536.256,461.888,344.32,256.416,193.184,127.296,130.528,91.008,62.592,38.4,25.344,22.848,22.048,7.264,11.136,8.704,1.792,0,0,0,0,0,0,0,0,0,0,0,0,0,0,0,0,0,0,0,0,0,0,0,0,0,0,0,0,0,0,0,0,0,0,0,5.399,7.479,10.314,13.897,15.341,18.416,20.566,22.876,26.71,27.862,29.573,31.822,35.519,39.026,47.332,55.302,65.179,73.348,77.15,83.751,84.83,82.241,76.724,65.645,57.073,50.105,41.583,35.541,29.324,25.742,21.552,19.693,17.829,16.619,16.953,16.932,17.281,16.144,16.349,15.001,12.821,12.519,11.379,10.344,8.967,7.534,5.477,4.03,3.017,1.955,1.928,1.355,0.874,0.542,0.33,0.291,0.275,0.088,0.133,0.102,0.019,0.028,0,0,0,0
2026-09-01 09:03:00,1,"Normal Scan","Normal Scan",0,"ON",1,1,1,738.2,5,20.3,98.3,42.9,0.0000000685503,0.0000181953,4.97,8954.6,8.8,736.5,1,"Up Scan","Positive",254,0,4.37,1.6,8,8,0,1,1,20.083,28.821,22.18,9.647,1.921,10503.8,39,21.1,NA,0,0,0,0,0,0,0,0,0,0,0,0,0,0,0,0,0,0,0,0,0,0,0,0,0,0,0,0,0,0,0,21850.368,20091.264,17396.608,18220.832,16237.76,15173.472,13403.904,13350.144,12368.48,12027.52,11780.928,11253.792,11136,10484.384,10725.056,11249.632,11528.576,11646.176,11341.408,11359.328,10680.256,9061.088,7620.128,6226.048,4984.448,3856.896,3052.352,2344.544,1903.872,1501.504,1199.648,984,813.408,789.504,755.552,792.832,767.168,780.224,809.184,718.016,618.752,619.04,600.064,476.48,402.752,331.232,249.28,171.456,113.376,80.608,58.368,35.328,25.984,26.624,16.832,13.664,7.104,5.056,3.488,0,0,0,0,0,0,0,0,0,0,0,0,0,0,0,0,0,0,0,0,0,0,0,0,0,0,0,0,0,0,0,0,0,0,0,0,6.101,8.825,11.844,13.836,18.861,21.204,24.421,25.92,30.391,32.735,36.477,40.596,43.57,48.121,50.3,56.71,65.012,72.208,78.709,82.251,88.07,88.077,79.646,70.987,61.453,52.085,42.627,35.604,29.109,25.391,21.668,19.04,16.993,15.976,15.884,15.346,16.152,15.896,15.298,15.311,13.272,11.287,10.482,9.822,7.74,6.347,5.122,3.871,2.615,1.759,1.171,0.842,0.483,0.377,0.345,0.213,0.17,0.087,0.06,0.041,0,0.028,0,0,0,0
2026-09-01 09:08:00,1,"Normal Scan","Normal Scan",0,"ON",1,1,1,738.5,5,20.6,98.3,43,0.0000000686396,0.0000182097,4.97,8954.6,8.8,736.5,1,"Up Scan","Positive",254,0,4.37,1.6,8,8,0,1,1,20.13,28.743,22.099,9.647,1.922,10479.1,39,21.2,NA,0,0,0,0,0,0,0,0,0,0,0,0,0,0,0,0,0,0,0,0,0,0,0,0,0,0,0,0,0,0,0,22898.624,19924.416,18008.352,17543.936,16596.8,14983.616,14086.208,12469.312,12082.592,11456.704,10771.232,10321.408,10739.52,10926.784,11719.872,12024.32,12277.408,12567.584,11987.712,11218.08,9929.952,8652.224,7102.048,5661.344,4431.872,3581.152,3039.008,2387.072,1857.504,1486.272,1272.256,1045.344,943.84,963.392,805.536,766.688,817.792,735.776,684.128,674.208,708.608,632.512,533.984,477.216,389.312,319.2,237.76,173.216,115.84,56.864,56.768,62.592,35.456,31.04,13.76,25.376,8.224,5.088,3.488,1.792,0,0,0,0,0,0,0,0,0,0,0,0,0,0,0,0,0,0,0,0,0,0,0,0,0,0,0,0,0,0,0,0,0,0,0,6.24,9.348,11.654,14.342,18.221,21.62,24.064,27.181,28.389,31.987,34.792,37.162,40.08,46.58,52.457,61.776,69.167,76.55,84.485,86.506,86.614,81.908,76.171,66.387,56.108,46.55,39.876,35.706,29.92,25.145,21.49,19.976,17.993,16.981,17.862,16.423,15.832,16.155,14.771,13.351,12.497,12.577,10.809,8.831,7.646,6.426,5.064,3.724,2.651,1.808,0.901,0.805,0.877,0.468,0.402,0.175,0.315,0.099,0.061,0.041,0.019,0,0,0,0,0
2026-09-01 09:13:00,1,"Normal Scan","Normal Scan",0,"ON",1,1,1,738.1,5,20.1,98.3,42.9,0.0000000684909,0.0000181857,4.97,8954.6,8.8,736.5,1,"Up Scan","Positive",254,0,4.37,1.6,8,8,0,1,1,19.255,27.187,21.383,9.647,1.868,10726.7,40,21.1,NA,0,0,0,0,0,0,0,0,0,0,0,0,0,0,0,0,0,0,0,0,0,0,0,0,0,0,0,0,0,0,0,22190.784,20470.08,18151.2,18327.616,17491.104,16974.016,15528.288,13893.632,14071.488,13298.848,13196.096,12515.104,11716.224,11379.584,11323.488,11406.208,11594.976,11424.192,11152.864,10427.296,9393.536,8199.936,6842.592,5492.8,4504.864,3637.6,2832.512,2298.496,1870.432,1374.144,1123.552,873.888,771.488,687.776,679.04,631.328,589.088,608.384,577.888,632.544,560.192,515.584,441.408,443.904,326.336,256.896,175.264,116.064,87.328,48,36.64,27.776,23.008,16.224,7.616,6.272,1.664,5.12,0,3.2,0,0,0,0,0,0,0,0,0,0,0,0,0,0,0,0,0,0,0,0,0,0,0,0,0,0,0,0,0,0,0,0,0,0,0,5.708,9.035,12.004,14.479,19.022,22.892,27.373,30.018,31.7,37.269,40.322,45.39,48.352,50.622,54.448,59.604,65.603,72.317,76.957,80.613,80.774,77.708,72.146,63.999,54.405,47.096,40.042,33.091,28.303,24.387,19.635,17.276,14.629,14.257,13.629,13.703,12.962,12.11,12.244,11.275,11.288,9.7,8.647,7.136,6.945,5.063,3.981,2.715,1.76,1.259,0.685,0.549,0.39,0.321,0.211,0.097,0.079,0.02,0.06,0,0.038,0,0,0,0,0
2026-09-01 09:18:00,1,"Normal Scan","Normal Scan",0,"ON",1,1,1,738.5,5,20.7,98.3,42.8,0.0000000686693,0.0000182145,4.97,8954.6,8.8,736.5,1,"Up Scan","Positive",254,0,4.37,1.6,8,8,0,1,1,20.475,28.063,22.058,9.647,1.871,10324.5,39,21.3,NA,0,0,0,0,0,0,0,0,0,0,0,0,0,0,0,0,0,0,0,0,0,0,0,0,0,0,0,0,0,0,0,19760.544,19108.576,17497.632,15593.792,14654.016,13758.752,12852.928,12875.552,12728.224,13508.992,13556.64,13781.088,13080.576,12246.592,12032.32,11976.416,11567.424,11319.904,11032.16,10508.224,9440.544,8113.376,6840.672,5599.392,4535.68,3678.272,2830.336,2331.2,1703.168,1357.696,1106.24,832.384,759.904,693.92,679.84,661.312,627.168,636.512,650.88,577.152,555.872,512.032,486.368,426.592,347.936,328.896,183.616,127.296,102.176,67.776,44.384,26.272,27.072,23.616,6.112,11.008,6.496,3.392,1.728,0,0,0,0,0,0,0,0,0,0,0,0,0,0,0,0,0,0,0,0,0,0,0,0,0,0,0,0,0,0,0,0,0,0,0,0,6.354,8.004,11.224,13.94,16.157,19.141,22.145,24.869,29.329,33.752,41.034,46.608,53.168,56.258,58.402,63.211,68.744,72.123,76.292,79.79,81.365,78.024,71.414,63.953,55.239,47.289,40.556,32.927,28.694,22.516,19.447,17.064,14.549,14.328,13.419,13.737,13.554,12.952,12.729,12.63,10.948,9.803,8.631,8.027,6.795,5.419,5.072,2.867,1.925,1.525,0.973,0.641,0.353,0.358,0.306,0.078,0.138,0.08,0.04,0.02,0,0,0,0,0,0
2026-09-01 09:23:00,1,"Normal Scan","Normal Scan",0,"ON",1,1,1,738.2,5,20.2,98.3,43.1,0.0000000685206,0.0000181905,4.97,8954.6,8.8,736.5,1,"Up Scan","Positive",254,0,4.37,1.6,8,8,0,1,1,21.287,27.22,22.135,9.647,1.794,12367.9,39,21.2,NA,0,0,0,0,0,0,0,0,0,0,0,0,0,0,0,0,0,0,0,0,0,0,0,0,0,0,0,0,0,0,0,19549.12,18857.024,18593.568,17766.208,17115.84,16320.352,16561.664,16523.488,16416.992,16169.12,15796.032,17049.696,16948.032,17582.208,17547.744,17222.272,17167.232,16229.184,14794.912,12862.432,10666.624,9046.88,7289.76,5737.312,4598.368,3492.032,2866.528,2186.304,1664.608,1282.048,1040.448,871.776,728.224,660.416,617.728,599.744,591.872,600.224,571.008,593.6,520.256,520.224,456.352,354.016,297.664,245.824,170.624,119.104,84.256,63.904,30.528,31.328,14.656,26.176,18.272,7.872,16.32,11.872,1.76,4.64,0,0,0,0,0,0,0,0,0,0,0,0,0,0,0,0,0,0,0,0,0,0,0,0,0,0,0,0,0,0,0,0,0,0,0,5.562,7.944,11.039,14.934,18.43,22.381,26.313,32.065,37.69,43.535,49.181,54.473,66.011,73.149,83.756,91.749,98.218,106.081,108.322,106.117,99.044,87.682,79.258,67.853,56.499,47.804,38.421,33.339,26.944,21.986,18.213,16.126,14.762,13.365,13.036,12.61,12.492,12.058,11.765,10.916,10.63,9.172,8.692,7.528,5.747,4.744,3.848,2.766,1.882,1.306,0.998,0.494,0.446,0.212,0.34,0.233,0.098,0.199,0.141,0.02,0.058,0,0,0,0,0
2026-09-01 09:28:00,1,"Normal Scan","Normal Scan",0,"ON",1,1,1,738.5,5,20.7,98.3,42.5,0.0000000686693,0.0000182145,4.97,8954.6,8.8,736.5,1,"Up Scan","Positive",254,0,4.37,1.6,8,8,0,1,1,19.253,27.087,21.265,9.647,1.875,9409.36,39,21.3,NA,0,0,0,0,0,0,0,0,0,0,0,0,0,0,0,0,0,0,0,0,0,0,0,0,0,0,0,0,0,0,0,21664.48,19964.864,17037.152,15343.808,14991.104,13367.648,12209.664,12400.608,11371.328,11244.896,10415.712,10398.912,10086.496,10337.664,9980.96,10529.216,10372.864,10575.008,10042.24,9487.264,8408.064,7111.776,6001.408,5036.48,3792.768,3071.616,2375.552,1941.504,1492.608,1161.088,878.048,742.752,658.976,641.408,553.728,527.2,522.976,527.616,597.536,500.416,507.776,471.136,406.72,372.832,277.184,239.488,151.104,98.528,62.592,45.216,27.456,20.864,17.376,10.336,7.648,7.904,4.928,3.424,0,1.792,0,0,0,0,0,0,0,0,0,0,0,0,0,0,0,0,0,0,0,0,0,0,0,0,0,0,0,0,0,0,0,0,0,0,0,5.7,8.787,11.638,13.592,15.948,19.641,21.502,23.597,28.268,30.063,34.075,35.879,40.202,43.607,49.436,52.564,60.475,64.627,71.121,72.616,73.281,69.357,62.443,56.001,49.648,39.609,33.8,27.716,23.857,19.842,16.551,13.749,12.74,12.322,12.306,11.471,11.158,10.755,10.658,11.002,9.149,8.799,7.639,6.572,5.771,4.329,3.692,2.297,1.489,0.957,0.667,0.403,0.297,0.245,0.134,0.097,0.098,0.06,0.04,0,0.019,0.014,0,0,0,0
2026-09-01 09:33:00,1,"Normal Scan","Normal Scan",0,"ON",1,1,1,738.4,5,20.5,98.3,42.9,0.0000000686098,0.0000182049,4.97,8954.6,8.8,736.5,1,"Up Scan","Positive",254,0,4.37,1.6,8,8,0,1,1,19.887,28.074,21.861,9.647,1.898,8272.43,39,21.3,NA,0,0,0,0,0,0,0,0,0,0,0,0,0,0,0,0,0,0,0,0,0,0,0,0,0,0,0,0,0,0,0,18128.544,16240.8,14203.392,13584.48,12209.12,11094.272,11213.824,10787.68,9926.624,9983.904,9297.184,9270.112,9145.888,8705.536,8984.928,8945.6,9091.168,9266.304,8819.776,8643.072,7613.984,6606.144,5513.6,4683.264,3830.336,3142.24,2509.024,1904.096,1463.776,1106.176,880.832,737.952,677.568,537.728,553.152,585.824,514.208,571.072,578.592,544.544,515.04,415.072,414.176,362.912,257.024,218.496,138.208,83.04,64.288,53.184,28.192,22.592,11.488,11.84,1.504,14.208,3.232,0,3.488,3.584,0,0,0,0,0,0,0,0,0,0,0,0,0,0,0,0,0,0,0,0,0,0,0,0,0,0,0,0,0,0,0,0,0,0,0,4.992,7.343,9.51,11.345,14.092,15.983,17.869,21.693,24.587,26.262,30.32,31.96,35.858,39.542,41.687,47.344,51.482,56.792,62.432,63.92,67.027,63.057,58.272,51.603,46.271,39.906,34.494,29.174,23.487,19.248,16.044,13.78,12.833,12.476,11.148,11.513,11.556,10.636,11.099,10.561,9.846,8.616,6.848,6.716,5.69,4.053,3.304,2.111,1.273,1.028,0.74,0.403,0.353,0.17,0.153,0.019,0.177,0.04,0,0.041,0.039,0.014,0,0,0,0
2026-09-01 09:38:00,1,"Normal Scan","Normal Scan",0,"ON",1,1,1,738.3,5,20.4,98.3,42.3,0.0000000685801,0.0000182001,4.97,8954.6,8.8,736.5,1,"Up Scan","Positive",254,0,4.37,1.6,8,8,0,1,1,20.522,26.155,21.555,11.14,1.757,12518.6,39,21.3,NA,0,0,0,0,0,0,0,0,0,0,0,0,0,0,0,0,0,0,0,0,0,0,0,0,0,0,0,0,0,0,0,19140.416,17511.936,19256.864,18036.8,18716.8,18299.52,17529.984,17587.104,17822.752,18673.504,18051.264,18628.448,19026.368,18714.912,18118.144,16998.656,15475.2,14742.08,12808,10965.44,9741.696,8796.416,7334.304,5681.376,4223.936,3133.568,2451.84,1972.192,1440,1060.768,941.184,694.816,580.928,565.536,561.664,554.784,500.896,532.256,560.8,554.4,468.256,456.8,415.808,339.488,300.192,222.784,115.744,89.696,69.088,24.448,24.288,17.216,21.184,8.864,12.256,4.736,4.96,5.024,1.728,3.584,0,0,0,0,0,0,0,0,0,0,0,0,0,0,0,0,0,0,0,0,0,0,0,0,0,0,0,0,0,0,0,0,0,0,0,5.564,7.767,10.358,15.297,18.736,24.517,29.521,33.979,40.153,47.279,56.706,62.056,71.87,81.807,88.755,94.325,96.657,95.807,98.647,92.181,84.576,80.028,76.841,67.959,55.554,43.846,34.5,28.389,24.135,19.008,15.394,14.47,12.079,11.255,11.526,11.37,11.452,10.358,10.385,10.651,9.7,7.99,7.506,6.538,5.334,4.603,3.513,1.757,1.424,1.011,0.432,0.348,0.265,0.297,0.115,0.155,0.059,0.06,0.06,0.02,0.039,0.014,0,0,0,0
2026-09-01 09:43:00,1,"Normal Scan","Normal Scan",0,"ON",1,1,1,738.7,5,20.9,98.3,42.4,0.0000000687288,0.0000182241,4.97,8954.6,8.8,736.5,1,"Up Scan","Positive",254,0,4.37,1.6,8,8,0,1,1,20.708,27.983,21.907,9.647,1.884,9462.96,38,21.4,NA,0,0,0,0,0,0,0,0,0,0,0,0,0,0,0,0,0,0,0,0,0,0,0,0,0,0,0,0,0,0,0,20920.8,19466.688,17606.528,14657.6,12944.864,12127.488,11376,10715.168,10049.632,10187.328,10277.12,10341.888,10585.248,10756.224,11221.312,11962.112,12118.592,12481.6,11652.672,10687.072,9260.032,7737.184,6290.976,4705.344,3686.656,3027.968,2352.16,1804.32,1440.448,1174.784,960.448,754.4,582.08,591.264,510.272,400.544,482.752,498.176,530.976,535.168,542.304,548.48,534.56,414.272,373.12,308.032,179.328,151.456,84.96,60.416,49.792,30.56,25.728,19.232,9.12,7.904,6.56,1.664,3.456,1.792,0,0,0,0,0,0,0,0,0,0,0,0,0,0,0,0,0,0,0,0,0,0,0,0,0,0,0,0,0,0,0,0,0,0,0,5.596,8.476,11.398,14.05,15.149,16.9,19.469,21.966,24.399,26.634,30.967,35.408,40.136,45.902,51.611,59.069,68.666,75.304,83.558,83.611,82.167,76.125,67.692,58.413,46.465,38.645,33.401,27.339,22.212,19.05,16.453,14.407,12.768,11.309,11.94,11.326,10.134,11.134,10.736,10.916,10.178,9.655,9.183,8.685,6.664,5.817,4.776,2.787,2.25,1.276,0.901,0.714,0.427,0.358,0.249,0.116,0.098,0.08,0.02,0.041,0.019,0.014,0,0,0,0
2026-09-01 09:48:00,1,"Normal Scan","Normal Scan",0,"ON",1,1,1,738.2,5,20.2,98.3,42.4,0.0000000685206,0.0000181905,4.97,8954.6,8.8,736.5,1,"Up Scan","Positive",254,0,4.37,1.6,8,8,0,1,1,19.143,27.384,21.195,9.647,1.906,9875.08,39,21.3,NA,0,0,0,0,0,0,0,0,0,0,0,0,0,0,0,0,0,0,0,0,0,0,0,0,0,0,0,0,0,0,0,25108.704,21903.2,19862.368,17706.752,14746.56,13299.84,12567.552,11475.52,10701.728,10479.68,10086.976,10304.736,10770.816,10331.136,10665.792,11353.92,10737.984,10902.144,10409.632,9561.408,8531.232,7603.424,6229.76,5201.088,4043.136,3390.432,2686.944,2175.232,1691.328,1333.28,1098.976,864.384,774.688,621.184,620.032,585.44,607.904,578.624,609.312,553.056,565.664,559.776,514.592,419.296,324.768,253.568,180.832,133.856,59.584,65.76,40.672,37.312,16.288,14.752,10.656,11.104,6.528,1.696,5.216,4.608,0,0,0,0,0,0,0,0,0,0,0,0,0,0,0,0,0,0,0,0,0,0,0,0,0,0,0,0,0,0,0,0,0,0,0,7.288,10.194,12.841,15.896,18.335,19.286,21.424,24.298,26.164,28.312,31.861,34.786,39.932,46.55,49.484,56.083,65.097,66.986,73.305,75.271,74.038,70.615,66.939,58.337,51.506,42.444,37.46,31.391,26.82,22.27,18.843,16.841,14.694,14.19,12.607,12.819,12.584,12.778,11.774,11.681,10.112,10.008,9.103,8.237,6.784,5.182,3.894,2.78,2.049,0.976,0.937,0.623,0.521,0.264,0.191,0.136,0.138,0.08,0.02,0.061,0.058,0.014,0,0,0,0
2026-09-01 09:53:00,1,"Normal Scan","Normal Scan",0,"ON",1,1,1,738.6,5,20.8,98.3,42,0.0000000686991,0.0000182193,4.97,8954.6,8.8,736.5,1,"Up Scan","Positive",254,0,4.37,1.6,8,8,0,1,1,19.358,28.112,21.668,9.647,1.926,8865.9,39,21.4,NA,0,0,0,0,0,0,0,0,0,0,0,0,0,0,0,0,0,0,0,0,0,0,0,0,0,0,0,0,0,0,0,22261.248,18092.32,16428.512,14795.968,14257.696,12397.696,11976.576,10979.424,9983.2,9242.848,8679.264,8998.816,8673.92,8794.368,8905.12,9128.544,9488.832,9320.192,9207.872,9193.984,8312.48,7497.216,6401.536,5172.672,4286.912,3534.784,2871.808,2219.232,1681.92,1323.072,1046.24,774.304,776.704,640.704,518.816,589.824,637.888,559.04,566.944,501.216,565.088,483.872,420.192,408.416,354.656,256.864,157.536,121.152,87.456,46.72,35.936,9.664,11.424,17.728,7.68,4.736,0,0,0,0,0,0,0,0,0,0,0,0,0,0,0,0,0,0,0,0,0,0,0,0,0,0,0,0,0,0,0,0,0,0,0,0,0,0,0,6.719,9.11,10.621,13.087,15.278,18.574,19.918,23.104,24.985,26.442,27.999,29.869,34.849,37.519,42.111,46.999,52.653,59.448,63.065,66.877,71.382,68.973,66.187,59.853,51.247,44.78,38.885,33.285,27.293,21.854,18.644,16.194,13.518,13.849,12.37,11.453,12.226,12.59,11.454,11.077,9.431,9.45,8.196,6.778,6.457,5.309,3.848,2.416,1.814,1.258,0.649,0.494,0.13,0.151,0.23,0.097,0.059,0,0,0,0,0,0,0,0,0
2026-09-01 09:58:00,1,"Normal Scan","Normal Scan",0,"ON",1,1,1,738.4,5,20.5,98.3,42.5,0.0000000686098,0.0000182049,4.97,8954.6,8.8,736.5,1,"Up Scan","Positive",254,0,4.37,1.6,8,8,0,1,1,20.321,26.209,21.434,9.647,1.774,12947,39,21.4,NA,0,0,0,0,0,0,0,0,0,0,0,0,0,0,0,0,0,0,0,0,0,0,0,0,0,0,0,0,0,0,0,23120.576,19915.68,19301.408,18696.224,17768.608,18079.744,18764.512,17875.296,18576.896,18569.568,19615.584,19451.2,19098.144,18780.736,18504.384,17045.376,15930.944,14560.64,13219.264,11411.232,9960.96,8081.824,6924.832,5379.84,4408.448,3497.536,2837.792,2306.784,1763.52,1351.84,1132,827.936,680.192,611.296,537.696,591.072,578.72,575.392,573.376,508.32,528.704,446.176,449.76,354.08,323.552,254.496,189.216,115.648,75.52,47.2,26.208,23.168,14.4,11.872,7.648,9.472,3.264,5.088,1.76,0,0,0,0,0,0,0,0,0,0,0,0,0,0,0,0,0,0,0,0,0,0,0,0,0,0,0,0,0,0,0,0,0,0,0,0,7.057,9.348,11.645,15.399,19.415,23.308,29.129,36.364,40.802,49.246,56.39,67.46,75.059,82.091,89.106,96.335,97.019,98.353,97.253,95.001,88.008,82.093,71.066,64.689,53.263,46.081,38.619,32.862,28.101,22.985,18.831,17.203,14.098,12.589,12.128,11.376,11.986,11.882,11.374,11.023,9.588,9.041,7.562,7.234,5.526,5.033,3.878,2.862,1.744,1.157,0.703,0.384,0.316,0.208,0.153,0.097,0.118,0.04,0.06,0.02,0,0.014,0,0,0,0
2026-09-01 10:03:00,1,"Normal Scan","Normal Scan",0,"ON",1,1,1,738.4,5,20.5,98.3,42.2,0.0000000686098,0.0000182049,4.97,8954.6,8.8,736.5,1,"Up Scan","Positive",254,0,4.37,1.6,8,8,0,1,1,20.453,26.987,21.606,9.647,1.834,11968.6,39,21.3,NA,0,0,0,0,0,0,0,0,0,0,0,0,0,0,0,0,0,0,0,0,0,0,0,0,0,0,0,0,0,0,0,25368.064,22109.472,20100.096,18113.152,17612.896,16198.272,15438.24,15223.936,14019.008,14388.64,13857.28,14146.88,15352.16,15348.8,15579.168,15605.728,15278.24,14520.992,13583.232,12251.904,10687.936,8603.008,7098.272,5763.456,4697.216,3543.68,2942.88,2292.512,1817.28,1393.216,1046.528,862.208,738.592,604.768,605.824,638.912,686.624,682.656,554.144,642.176,597.216,516.32,400.896,407.008,300.16,238.176,171.04,103.872,68.672,67.68,25.248,28.032,17.6,14.848,9.088,12.64,8.192,5.088,5.216,1.792,0,0,0,0,0,0,0,0,0,0,0,0,0,0,0,0,0,0,0,0,0,0,0,0,0,0,0,0,0,0,0,0,0,0,0,7.607,10.295,12.96,16.078,18.791,22.999,26.06,29.788,34.768,37.156,43.736,47.853,54.822,66.271,73.233,81.581,89.204,94.574,97.152,97.641,94.499,87.88,75.562,66.236,56.989,48.924,39.026,34.119,28.192,23.564,19.739,16.561,14.964,13.618,12.427,12.835,13.008,13.188,13.131,10.535,11.394,10.161,8.468,6.726,6.337,4.753,3.713,2.677,1.583,1.121,1.009,0.403,0.409,0.302,0.191,0.116,0.157,0.1,0.06,0.061,0.019,0.056,0,0,0,0
2026-09-01 10:08:00,1,"Normal Scan","Normal Scan",0,"ON",1,1,1,738.6,5,20.8,98.3,42.7,0.0000000686991,0.0000182193,4.97,8954.6,8.8,736.5,1,"Up Scan","Positive",254,0,4.37,1.6,8,8,0,1,1,18.267,27.417,21.139,9.647,1.92,9613.51,40,21.5,NA,0,0,0,0,0,0,0,0,0,0,0,0,0,0,0,0,0,0,0,0,0,0,0,0,0,0,0,0,0,0,0,23702.4,21690.304,18975.456,17351.616,15575.072,14790.592,13731.008,12456.96,11831.744,10432.672,9526.432,9505.472,9041.536,8793.408,8526.368,8454.848,8707.872,9034.72,9188.544,9224.512,8688.992,8215.648,7173.76,5880.928,4863.872,3905.152,3048.864,2310.144,1829.696,1338.592,1057.472,867.104,793.472,690.08,651.296,590.56,610.976,583.008,625.376,544.096,522.112,464.896,425.44,367.232,269.792,222.272,187.2,103.872,78.528,55.136,28.224,32.992,27.424,5.92,12.224,6.272,1.664,5.056,1.76,3.584,0,0,0,0,0,0,0,0,0,0,0,0,0,0,0,0,0,0,0,0,0,0,0,0,0,0,0,0,0,0,0,0,0,0,0,7.061,9.597,12.678,15.088,17.987,20.308,23.822,26.539,28.292,31.235,31.544,32.699,36.69,39.087,42.121,45.118,48.987,54.966,61.551,67.116,71.965,72.277,72.411,66.903,58.11,50.556,42.796,35.308,28.431,23.997,18.955,16.417,14.626,14.24,13.333,12.893,11.922,12.279,11.416,11.363,9.986,9.11,7.742,6.961,5.771,4.307,3.522,2.789,1.64,1.156,0.806,0.421,0.483,0.396,0.077,0.155,0.079,0.02,0.06,0.02,0.039,0.028,0,0,0,0
2026-09-01 10:13:00,1,"Normal Scan","Normal Scan",0,"ON",1,1,1,738.2,5,20.2,98.3,42.7,0.0000000685206,0.0000181905,4.97,8954.6,8.8,736.5,1,"Up Scan","Positive",254,0,4.37,1.6,8,8,0,1,1,19.313,29.114,22.051,9.647,1.977,8976.72,39,21.3,NA,0,0,0,0,0,0,0,0,0,0,0,0,0,0,0,0,0,0,0,0,0,0,0,0,0,0,0,0,0,0,0,22005.568,19883.392,18996.864,14785.44,14879.584,12410.624,11385.792,9842.368,9396.864,8947.104,8154.784,8286.4,7816.736,7709.472,7622.144,7841.664,8509.664,9146.048,9471.2,9426.368,8883.68,8340.448,7283.168,6209.984,5043.936,4097.408,3224.64,2640.768,2028.32,1654.56,1305.12,1155.296,910.336,786.912,752.256,690.336,712.736,637.536,678.784,594.304,579.392,507.872,485.44,408.064,328.448,265.12,142.976,115.616,95.744,45.28,32.736,31.904,7.296,22.176,10.688,7.904,11.456,6.784,1.728,0,0,0,0,0,0,0,0,0,0,0,0,0,0,0,0,0,0,0,0,0,0,0,0,0,0,0,0,0,0,0,0,0,0,0,0,6.893,8.938,11.75,15.118,15.346,19.39,20.008,21.985,22.395,24.829,27.155,28.065,32.081,33.94,37.153,40.571,45.712,53.854,62.388,69.278,73.642,74.014,73.725,68.297,61.576,52.835,45.422,37.753,32.527,26.77,23.21,19.961,18.661,16.207,15.009,14.745,13.847,14.061,12.434,12.696,10.753,9.78,8.517,7.851,6.449,5.166,4.023,2.296,1.753,1.448,0.728,0.493,0.429,0.113,0.287,0.136,0.098,0.139,0.081,0.02,0,0.014,0,0,0,0
2026-09-01 10:18:00,1,"Normal Scan","Normal Scan",0,"ON",1,1,1,738.4,5,20.5,98.3,42.1,0.0000000686098,0.0000182049,4.97,8954.6,8.8,736.5,1,"Up Scan","Positive",254,0,4.37,1.6,8,8,0,1,1,20.936,30.203,23.02,9.647,1.977,8551.6,39,21.3,NA,0,0,0,0,0,0,0,0,0,0,0,0,0,0,0,0,0,0,0,0,0,0,0,0,0,0,0,0,0,0,0,19304.64,17417.28,15741.088,13338.784,12280.096,11268.992,10097.792,10046.88,9447.648,8027.584,7946.528,7558.528,7682.752,7837.632,7860.736,7930.624,8343.68,8692.064,9466.464,9399.296,9300.48,8959.968,8090.88,6592.096,5718.752,4458.336,3485.792,2734.144,2133.792,1730.816,1304.384,972.704,922.24,777.44,703.52,618.88,628.192,658.752,617.216,531.264,573.216,516.032,422.72,371.776,351.68,261.12,147.488,113.792,63.936,74.4,39.2,16.704,17.344,14.784,13.696,9.504,6.496,5.056,1.728,1.792,0,0,0,0,0,0,0,0,0,0,0,0,0,0,0,0,0,0,0,0,0,0,0,0,0,0,0,0,0,0,0,0,0,0,0,5.907,7.793,10.237,12.526,13.848,16.012,18.125,19.479,22.872,25.018,24.355,27.381,29.285,33.292,37.719,41.746,46.295,53.05,59.681,69.457,73.887,77.578,79.214,75.7,65.207,59.683,49.043,40.283,33.552,27.859,23.913,19.416,16.355,16.223,14.354,13.956,12.924,12.34,12.593,11.971,9.737,9.794,8.472,6.997,5.967,5.435,4.008,2.3,1.74,1.033,1.081,0.567,0.242,0.245,0.191,0.175,0.118,0.08,0.06,0.02,0.019,0.014,0,0,0,0
2026-09-01 10:23:00,1,"Normal Scan","Normal Scan",0,"ON",1,1,1,738.5,5,20.7,98.2,42.5,0.0000000687393,0.0000182145,4.97,8954.6,8.8,736.5,1,"Up Scan","Positive",254,0,4.37,1.6,8,8,0,1,1,20.081,29.92,22.627,9.647,2.001,7975.9,39,21.4,NA,0,0,0,0,0,0,0,0,0,0,0,0,0,0,0,0,0,0,0,0,0,0,0,0,0,0,0,0,0,0,0,20988.576,18388.256,14811.136,13543.808,11861.536,10567.04,9663.136,8689.44,7555.776,7164.768,6519.36,6395.872,6006.048,6274.656,6362.528,6502.24,7513.984,8167.456,8914.912,8767.552,8838.464,8532.256,7632.576,6514.336,5346.784,4233.472,3186.176,2479.232,1898.4,1608.096,1284.384,1102.048,987.488,763.328,670.048,605.76,588.128,546.048,494.24,505.952,543.264,437.76,396.544,347.84,296.896,242.656,172.16,124.096,54.08,45.12,39.936,21.632,16.096,7.328,3.072,1.6,0,1.696,1.76,0,0,0,0,0,0,0,0,0,0,0,0,0,0,0,0,0,0,0,0,0,0,0,0,0,0,0,0,0,0,0,0,0,0,0,0,6.695,8.576,10.743,11.784,13.972,15.509,16.94,18.658,19.785,19.965,21.747,22.413,24.769,26.102,30.362,34.014,38.264,47.884,56.127,65.524,68.904,73.63,75.306,71.187,64.251,55.843,46.639,37.355,30.751,24.877,22.196,19.189,17.541,16.339,13.817,13.256,12.116,11.648,10.895,9.722,9.203,9.328,7.387,6.286,5.505,4.613,3.72,2.55,1.796,0.815,0.63,0.567,0.297,0.264,0.096,0.039,0.02,0,0.02,0.02,0,0.042,0,0,0,0
2026-09-01 10:28:00,1,"Normal Scan","Normal Scan",0,"ON",1,1,1,738.2,5,20.3,98.2,42.3,0.0000000686201,0.0000181953,4.97,8954.6,8.8,736.5,1,"Up Scan","Positive",254,0,4.37,1.6,8,8,0,1,1,18.01,28.085,21.289,9.647,1.977,8408.75,38,21.3,NA,0,0,0,0,0,0,0,0,0,0,0,0,0,0,0,0,0,0,0,0,0,0,0,0,0,0,0,0,0,0,0,25410.528,21277.824,18200.224,14941.632,13142.24,11822.848,10753.632,9562.208,8249.184,7250.4,6772.64,6506.432,6253.056,6273.216,6828.896,6906.08,7663.04,8396.96,8700.224,8825.472,8634.656,8197.248,6879.168,5657.824,4638.528,3529.376,2704.608,2139.776,1695.712,1466.912,1156.288,986.624,850.464,759.584,629.504,617.12,599.36,496.64,556.544,560.16,509.024,454.784,429.28,327.616,274.784,204.192,129.92,79.936,62.496,26.304,28.768,18.88,7.328,14.88,7.68,6.336,3.296,0,1.76,0,0,0,0,0,0,0,0,0,0,0,0,0,0,0,0,0,0,0,0,0,0,0,0,0,0,0,0,0,0,0,0,0,0,0,0,6.87,10.356,12.384,14.456,15.4,17.104,19.024,20.701,21.756,21.773,21.98,23.352,25.243,27.238,30.36,36.385,40.431,48.667,57.304,63.612,68.902,71.56,72.009,64.138,55.877,48.518,39.174,31.822,26.662,22.414,20.529,17.521,16.059,14.639,14.068,12.44,12.287,11.811,9.907,10.243,9.774,8.578,7.395,6.719,5.121,4.267,3.083,2.008,1.221,0.957,0.396,0.403,0.26,0.13,0.193,0.097,0.079,0.04,0,0.02,0,0.028,0,0,0,0
2026-09-01 10:33:00,1,"Normal Scan","Normal Scan",0,"ON",1,1,1,737.9,5,20,98.2,42.1,0.0000000685308,0.0000181809,4.97,8954.6,8.8,736.5,1,"Up Scan","Positive",254,0,4.37,1.6,8,8,0,1,1,18.583,28.033,21.376,9.647,1.968,7334.15,38,21.2,NA,0,0,0,0,0,0,0,0,0,0,0,0,0,0,0,0,0,0,0,0,0,0,0,0,0,0,0,0,0,0,0,21875.872,18879.2,15488.48,13613.536,11709.952,10211.456,8894.976,7212.96,6174.72,5532.256,5625.12,5244.608,6090.112,6371.616,6170.816,6627.04,7219.296,7448.672,8006.944,8299.808,8182.4,7437.312,5958.368,5001.792,3800.288,2913.248,2228.384,1787.104,1409.28,1132.032,927.808,798.72,741.92,588.16,503.968,507.488,502.688,441.248,440.512,453.696,486.176,356.96,352.992,296.352,234.24,188.48,115.68,81.152,53.44,28.256,13.312,11.552,2.848,5.92,1.536,1.568,3.232,0,5.216,0,0,0,0,0,0,0,0,0,0,0,0,0,0,0,0,0,0,0,0,0,0,0,0,0,0,0,0,0,0,0,0,0,0,0,0,5.898,8.875,11.117,12.346,14.093,15.271,16.38,17.161,16.425,16.345,16.813,19.399,20.466,26.458,30.736,32.947,38.764,45.802,50.791,58.405,64.475,67.489,65.085,55.471,49.23,39.685,32.209,26.292,22.172,18.639,15.972,14.099,13.147,12.628,11.112,10.445,10.107,9.918,8.699,8.43,8.091,7.951,5.912,5.54,4.551,3.553,2.776,1.747,1.192,0.78,0.397,0.22,0.167,0.038,0.077,0.019,0.02,0.04,0,0.061,0,0,0,0,0,0
2026-09-01 10:38:00,1,"Normal Scan","Normal Scan",0,"ON",1,1,1,738.1,5,20.2,98.2,41.8,0.0000000685904,0.0000181905,4.97,8954.6,8.8,736.5,1,"Up Scan","Positive",254,0,4.37,1.6,8,8,0,1,1,18.393,25.536,20.332,9.647,1.83,10071.3,38,21.2,NA,0,0,0,0,0,0,0,0,0,0,0,0,0,0,0,0,0,0,0,0,0,0,0,0,0,0,0,0,0,0,0,24177.44,20241.312,19939.232,17689.92,17257.248,15215.008,14436.576,13779.424,12514.624,13053.568,12883.904,12676.48,13045.888,12948.128,11787.264,10064.992,8726.208,8208.192,8235.072,8253.056,7948.928,7175.904,6129.6,4987.712,3796.928,2730.112,2126.656,1663.776,1311.808,1048.896,882.528,787.936,690.976,530.88,558.88,486.88,469.536,455.072,507.616,468.384,421.28,414.912,398.144,317.344,223.232,176.128,133.568,76.384,66.368,45.984,28.736,31.296,11.456,11.968,14.976,7.904,4.864,3.328,1.76,0,0,0,0,0,0,0,0,0,0,0,0,0,0,0,0,0,0,0,0,0,0,0,0,0,0,0,0,0,0,0,0,0,0,0,0,6.678,9.834,11.916,15.971,18.39,22.55,24.506,27.89,31.416,33.175,39.597,44.236,48.847,55.919,61.341,61.509,57.769,54.748,55.775,59.969,64.081,65.43,62.789,56.814,48.969,39.525,30.266,25.026,20.739,17.485,15.066,13.529,12.719,12.384,10.597,10.939,10.049,9.802,9.172,9.276,8.348,7.321,6.856,6.382,5.087,3.614,2.718,2.094,1.186,1.011,0.685,0.403,0.428,0.151,0.156,0.191,0.098,0.06,0.04,0.02,0,0,0,0,0,0
2026-09-01 10:43:00,1,"Normal Scan","Normal Scan",0,"ON",1,1,1,738.5,5,20.8,98.2,41.8,0.000000068769,0.0000182193,4.97,8954.6,8.8,736.5,1,"Up Scan","Positive",254,0,4.37,1.6,8,8,0,1,1,20.183,28.972,22.169,9.647,1.961,6779.27,37,21.4,NA,0,0,0,0,0,0,0,0,0,0,0,0,0,0,0,0,0,0,0,0,0,0,0,0,0,0,0,0,0,0,0,17845.664,14742.304,12905.312,12111.68,9977.056,8913.696,7765.728,7039.072,6575.232,6055.136,6102.464,6246.656,6210.304,6102.528,6608.928,6903.328,7017.888,7573.184,7422.752,7237.312,7295.36,6597.568,5863.424,4811.104,3731.392,2722.432,2135.36,1689.152,1334.464,1099.904,965.248,784.416,755.072,619.392,594.144,546.176,483.616,486.688,451.936,437.44,433.952,381.376,338.304,288.8,229.504,167.168,121.12,70.08,38.656,25.856,24.8,17.568,14.912,5.92,3.072,4.768,1.6,5.056,1.76,1.792,0,0,0,0,0,0,0,0,0,0,0,0,0,0,0,0,0,0,0,0,0,0,0,0,0,0,0,0,0,0,0,0,0,0,0,4.912,7.194,8.639,10.255,12.521,13.03,14.31,14.999,15.997,17.382,18.379,21.053,24.224,26.943,29.363,34.983,40.071,44.301,51.526,54.179,56.381,60.249,57.933,54.459,47.332,39.015,30.315,25.11,21.333,17.89,15.782,14.576,12.966,12.924,11.418,11.418,10.617,9.55,9.346,8.438,7.753,7.331,6.134,5.267,4.516,3.581,2.595,1.817,1.046,0.608,0.391,0.366,0.26,0.207,0.077,0.039,0.059,0.02,0.06,0.02,0.02,0.008,0,0,0,0
2026-09-01 10:48:00,1,"Normal Scan","Normal Scan",0,"ON",1,1,1,739.3,5,21.8,98.2,41,0.0000000690669,0.0000182672,4.97,8954.6,8.8,736.5,1,"Up Scan","Positive",254,0,4.37,1.6,8,8,0,1,1,21.408,30.043,22.936,9.647,1.982,6542.49,36,21.8,NA,0,0,0,0,0,0,0,0,0,0,0,0,0,0,0,0,0,0,0,0,0,0,0,0,0,0,0,0,0,0,0,16682.56,14128.992,10922.432,10736.768,9916.8,8703.68,7764.32,7185.408,6280.352,5141.568,4606.72,4657.92,5295.232,5856.352,6315.712,6742.08,6838.144,7129.408,7528.736,7876.416,7892.192,7149.408,6520.064,5338.944,3982.496,2922.208,2132.704,1785.184,1497.888,1320.352,1112.32,889.888,752.192,643.872,574.592,513.632,471.264,496.224,475.328,451.04,415.2,356.544,371.968,286.368,222.464,146.72,116.896,77.6,44.896,18.56,21.728,12.544,5.824,2.08,7.072,6.336,4.928,6.752,1.728,1.792,0,0,0,0,0,0,0,0,0,0,0,0,0,0,0,0,0,0,0,0,0,0,0,0,0,0,0,0,0,0,0,0,0,0,0,5.15,6.709,8.153,8.666,11.11,12.891,13.947,15.001,16.309,16.577,15.617,15.92,18.165,23.058,28.225,33.581,39.3,43.35,48.884,55.172,61.307,65.037,62.52,60.523,52.548,41.741,32.659,25.269,22.339,19.882,18.313,16.363,14.322,12.874,11.966,10.991,9.981,9.591,9.417,8.609,7.891,6.953,5.824,5.786,4.455,3.431,2.242,1.732,1.184,0.708,0.306,0.329,0.186,0.094,0.026,0.09,0.079,0.06,0.08,0.02,0.02,0.014,0,0,0,0
2026-09-01 10:53:00,1,"Normal Scan","Normal Scan",0,"ON",1,1,1,740.2,5,23,98.2,40.1,0.0000000694245,0.0000183245,4.97,8954.6,8.8,736.5,1,"Up Scan","Positive",254,0,4.37,1.6,8,8,0,1,1,19.164,25.78,20.793,9.647,1.812,10451.4,36,22.3,NA,0,0,0,0,0,0,0,0,0,0,0,0,0,0,0,0,0,0,0,0,0,0,0,0,0,0,0,0,0,0,0,23285.088,20063.264,18350.368,16732.224,16686.24,15527.456,15448.928,13958.048,13615.232,13155.36,13636.32,13505.248,13319.008,12820.768,12410.688,11463.232,11002.368,10901.408,10615.648,9598.784,8685.12,7520.896,6257.632,4932.832,3659.136,2732.352,2196.448,1620.928,1335.072,1229.216,1050.912,869.536,692.064,632.064,534.368,450.72,401.6,421.888,430.176,448.512,406.336,435.008,374.944,287.04,233.504,178.496,129.184,60.8,37.472,29.792,14.848,18.016,11.36,5.888,7.616,6.304,4.896,1.696,0,3.552,0,0,0,0,0,0,0,0,0,0,0,0,0,0,0,0,0,0,0,0,0,0,0,0,0,0,0,0,0,0,0,0,0,0,0,7.194,9.336,11.617,14.547,17.316,21.723,24.848,29.701,31.753,35.922,39.788,46.69,51.918,57.135,60.923,64.829,65.591,68.394,73.167,76.375,73.887,71.232,65.602,57.841,48.524,38.377,30.541,25.899,20.25,17.788,17.003,15.383,13.673,12.155,11.459,10.495,9.624,8.629,8.365,8.029,8.032,6.871,6.898,5.858,4.443,3.61,2.727,1.934,0.957,0.584,0.431,0.219,0.26,0.151,0.076,0.097,0.078,0.06,0.02,0,0.041,0,0,0,0,0
2026-09-01 10:58:00,1,"Normal Scan","Normal Scan",0,"ON",1,1,1,740.3,5,23.1,98.2,39.5,0.0000000694544,0.0000183293,4.97,8954.6,8.8,736.5,1,"Up Scan","Positive",254,0,4.37,1.6,8,8,0,1,1,16.644,25.339,19.822,9.647,1.884,9612.65,34,22.7,NA,0,0,0,0,0,0,0,0,0,0,0,0,0,0,0,0,0,0,0,0,0,0,0,0,0,0,0,0,0,0,0,30146.016,23986.272,20974.752,19567.968,17041.76,15730.528,13410.912,12177.088,11071.264,9947.84,8626.016,7845.408,7344.992,7223.584,7813.632,9248.8,9743.104,9531.904,8853.28,8588.512,7887.264,7036.576,6261.536,5336.8,4180.832,3137.824,2426.24,1892.992,1559.52,1224.32,1003.36,826.784,632.352,567.456,418.592,480.864,426.976,452.032,452.672,399.968,409.472,379.808,327.2,287.2,214.688,167.52,124.416,63.296,35.36,24.128,22.496,27.68,14.464,7.392,3.072,7.904,3.296,6.72,0,0,0,0,0,0,0,0,0,0,0,0,0,0,0,0,0,0,0,0,0,0,0,0,0,0,0,0,0,0,0,0,0,0,0,0,0,8.567,12.149,13.943,16.595,20.177,22.06,25.159,25.763,27.593,29.119,29.961,29.607,30.378,31.81,34.707,41.307,53.162,60.687,64.291,64.375,66.703,65.133,61.736,58.264,52.504,43.507,34.557,28.318,23.258,20.027,16.892,14.8,13.259,11.306,10.512,8.797,9.672,8.721,8.716,8.315,7.253,6.88,6.142,5.108,4.466,3.418,2.643,1.848,0.952,0.56,0.424,0.31,0.371,0.207,0.095,0.039,0.098,0.04,0.08,0,0,0.015,0,0,0,0
2026-09-01 11:03:00,1,"Normal Scan","Normal Scan",0,"ON",1,1,1,739.4,5,22,98.2,38.4,0.0000000691265,0.0000182767,4.97,8954.6,8.8,736.5,1,"Up Scan","Positive",254,0,4.37,1.6,8,8,0,1,1,16.645,24.172,19.27,9.647,1.823,10685.2,34,22.6,NA,0,0,0,0,0,0,0,0,0,0,0,0,0,0,0,0,0,0,0,0,0,0,0,0,0,0,0,0,0,0,0,30420.736,26206.112,22944.352,20220.864,18464.352,18020.992,17176.992,16476,14892.704,14031.552,12911.968,11557.76,10708.928,9966.08,9200.416,8898.304,8916.672,8520.128,7945.568,7692,7382.752,6779.168,5821.088,5006.24,4064.448,2925.504,2452.512,1852.192,1494.048,1262.016,1090.4,872.32,613.536,593.184,464.672,451.68,397.056,413.056,383.04,409.216,367.776,357.44,267.072,293.76,200.256,170.656,115.968,72.896,50.592,44.224,21.76,22.112,11.776,11.744,4.608,4.704,3.264,3.424,0,1.632,0,0,0,0,0,0,0,0,0,0,0,0,0,0,0,0,0,0,0,0,0,0,0,0,0,0,0,0,0,0,0,0,0,0,0,9.708,12.286,15.234,18.17,20.885,24.051,28.882,33.042,37.34,39.241,42.317,44.213,44.464,45.917,47.33,48.206,51.087,55.695,57.565,57.878,60,61.024,59.636,54.302,49.346,42.54,32.585,28.496,22.907,19.345,17.286,15.901,13.413,10.815,10.791,9.189,9.184,7.936,8.224,7.326,7.371,6.314,5.894,4.445,4.603,3.15,2.629,1.782,1.115,0.761,0.63,0.329,0.297,0.188,0.153,0.058,0.059,0.04,0.04,0,0.02,0.014,0,0,0,0
2026-09-01 11:08:00,1,"Normal Scan","Normal Scan",0,"ON",1,1,1,738.7,5,21,98.2,38,0.0000000688286,0.0000182289,4.97,8954.6,8.8,736.5,1,"Up Scan","Positive",254,0,4.37,1.6,8,8,0,1,1,16.079,24.364,19.089,9.647,1.866,9665.51,35,22.3,NA,0,0,0,0,0,0,0,0,0,0,0,0,0,0,0,0,0,0,0,0,0,0,0,0,0,0,0,0,0,0,0,34013.056,26847.264,21737.792,19693.472,16590.464,14860.128,13828.608,12150.784,11174.944,10523.2,9841.184,8973.664,8712.352,8453.536,8357.632,8149.696,8202.56,8309.696,7623.2,7017.248,6686.496,6252.352,5592.928,4638.688,3789.12,2881.76,2262.464,1724.128,1473.824,1293.536,1013.856,832.352,671.936,581.056,444.64,452.416,422.336,424.576,414.528,377.152,398.688,345.376,318.944,249.184,171.648,166.56,120.384,75.296,39.84,31.168,17.92,20.704,17.184,5.888,12.16,3.136,6.528,1.696,3.456,0,0,0,0,0,0,0,0,0,0,0,0,0,0,0,0,0,0,0,0,0,0,0,0,0,0,0,0,0,0,0,0,0,0,0,0,11.336,13.655,15.675,17.258,20.377,21.61,23.866,26.614,27.604,29.502,31.835,33.734,34.621,37.536,40.285,43.813,46.849,51.299,56.198,55.547,54.776,55.531,54.992,52.187,45.954,39.722,31.997,26.559,21.471,19.121,17.665,14.953,13.103,11.618,10.559,8.993,9.067,8.62,8.063,7.576,6.925,6.712,5.729,5.085,3.935,2.721,2.615,1.852,1.151,0.602,0.483,0.278,0.279,0.226,0.077,0.155,0.039,0.08,0.02,0.041,0,0,0,0,0,0
2026-09-01 11:13:00,1,"Normal Scan","Normal Scan",0,"ON",1,1,1,738.3,5,20.5,98.2,38.2,0.0000000686797,0.0000182049,4.97,8954.6,8.8,736.5,1,"Up Scan","Positive",254,0,4.37,1.6,8,8,0,1,1,14.904,24.749,18.779,9.647,1.937,7564.25,35,22,NA,0,0,0,0,0,0,0,0,0,0,0,0,0,0,0,0,0,0,0,0,0,0,0,0,0,0,0,0,0,0,0,32797.152,25113.376,20121.376,14867.264,13445.216,10107.36,8674.432,8236.896,7654.816,7046.624,5935.456,5773.056,5485.856,4831.616,4941.024,4925.376,5329.92,5454.848,5995.392,5857.632,5745.6,5263.68,4863.264,4221.408,3561.504,2800.128,2128.064,1577.536,1405.44,1101.056,923.84,712.064,566.208,471.04,386.016,365.312,373.952,349.216,383.328,354.848,363.808,331.264,295.456,270.752,177.504,160.32,109.888,70.848,34.464,20.864,17.696,14.08,7.296,5.92,4.544,9.536,4.928,1.696,1.728,5.056,0,0,0,0,0,0,0,0,0,0,0,0,0,0,0,0,0,0,0,0,0,0,0,0,0,0,0,0,0,0,0,0,0,0,0,11.209,13.22,14.674,16.007,15.337,17.495,16.218,16.732,18.766,20.169,21.277,20.373,22.302,23.691,23.302,26.223,28.747,33.729,37.4,44.008,46.035,47.909,46.614,45.437,41.824,37.234,30.959,24.808,19.492,18.003,15.06,13.545,11.269,10.019,8.878,8.05,7.724,7.726,7.132,7.077,6.478,6.198,5.368,4.668,4.189,2.789,2.428,1.683,1.081,0.567,0.324,0.275,0.223,0.113,0.077,0.058,0.118,0.06,0.02,0.02,0.059,0,0,0,0,0
2026-09-01 11:18:00,1,"Normal Scan","Normal Scan",0,"ON",1,1,1,738.4,5,20.6,98.2,38.3,0.0000000687095,0.0000182097,4.97,8954.6,8.8,736.5,1,"Up Scan","Positive",254,0,4.37,1.6,8,8,0,1,1,14.213,23.256,17.897,9.647,1.887,8626.23,36,21.9,NA,0,0,0,0,0,0,0,0,0,0,0,0,0,0,0,0,0,0,0,0,0,0,0,0,0,0,0,0,0,0,0,37799.136,30668.8,23768.192,19512.32,15174.016,12705.984,11047.456,9925.504,9217.184,8633.664,7591.36,6706.848,6195.2,5595.136,5801.44,5218.208,5158.112,5315.296,5524.416,5397.184,5424.192,5171.936,4878.272,4280.608,3544.512,2862.72,2134.816,1730.912,1408.48,1086.88,858.56,667.456,467.744,466.048,382.4,373.376,395.456,349.792,363.584,350.08,347.456,320,298.432,254.72,214.848,116.288,113.504,66.88,49.312,28.384,25.824,16.544,11.776,1.472,7.584,6.336,1.632,3.392,1.728,0,0,0,0,0,0,0,0,0,0,0,0,0,0,0,0,0,0,0,0,0,0,0,0,0,0,0,0,0,0,0,0,0,0,0,0,12.315,15.187,17.84,18.862,20.08,19.695,20.433,21.334,22.529,24.304,26.074,26.016,25.805,26.656,26.756,30.528,30.256,32.652,36.494,40.749,42.573,45.408,45.859,45.694,42.383,37.037,31.449,24.721,21.052,18.052,14.875,12.767,10.744,8.607,8.719,7.989,7.726,8.037,7.081,7.003,6.141,6.041,5.325,4.734,4.015,3.373,1.827,1.693,1.015,0.777,0.414,0.384,0.223,0.189,0.019,0.097,0.079,0.02,0.04,0.02,0,0.028,0,0,0,0
2026-09-01 11:23:00,1,"Normal Scan","Normal Scan",0,"ON",1,1,1,739.1,5,21.5,98.2,38.6,0.0000000689776,0.0000182528,4.97,8954.6,8.8,736.5,1,"Up Scan","Positive",254,0,4.37,1.6,8,8,0,1,1,12.387,21.408,16.437,9.647,1.867,9783.48,35,22.1,NA,0,0,0,0,0,0,0,0,0,0,0,0,0,0,0,0,0,0,0,0,0,0,0,0,0,0,0,0,0,0,0,54664.032,45651.04,33244.512,23828.832,16916.352,11969.216,10143.456,8846.432,7789.728,7302.816,6734.4,5981.504,5459.008,5194.848,5033.92,5157.984,4974.464,5182.656,5439.936,5251.136,5212.672,4757.408,4537.792,4170.624,3495.232,2856.608,2263.488,1814.592,1330.88,1146.56,878.88,710.336,555.648,441.472,432.512,348.736,399.648,319.36,310.912,396,375.712,335.936,305.824,258.752,188.608,177.408,86.016,75.104,42.528,22.816,8.576,16.512,10.208,8.832,3.072,3.168,1.632,3.424,0,1.6,0,0,0,0,0,0,0,0,0,0,0,0,0,0,0,0,0,0,0,0,0,0,0,0,0,0,0,0,0,0,0,0,0,0,0,17.281,22.157,26.597,26.227,24.443,21.981,19.151,19.472,20.075,20.538,22.007,23.077,23.046,23.506,24.845,26.572,29.892,31.4,35.477,40.075,41.446,43.705,42.435,42.748,41.271,36.605,31.509,26.207,22.041,17.191,15.61,12.948,11.249,9.539,8.626,8.761,7.597,8.018,6.721,6.21,6.938,6.322,5.483,4.798,3.925,2.931,2.702,1.32,1.115,0.637,0.324,0.146,0.223,0.151,0.115,0.039,0.039,0.02,0.04,0,0.02,0,0,0,0,0
2026-09-01 11:28:00,1,"Normal Scan","Normal Scan",0,"ON",1,1,1,739.3,5,21.8,98.2,38.2,0.0000000690669,0.0000182672,4.97,8954.6,8.8,736.5,1,"Up Scan","Positive",254,0,4.37,1.6,8,8,0,1,1,12.541,20.638,16.184,9.647,1.816,11753.9,33,22.2,NA,0,0,0,0,0,0,0,0,0,0,0,0,0,0,0,0,0,0,0,0,0,0,0,0,0,0,0,0,0,0,0,63855.232,52644.512,38682.016,29965.312,21866.656,15965.984,12604.256,11200.576,10607.296,10085.408,9253.024,8132.928,7390.816,6695.904,6479.488,6055.424,5962.08,6304.256,6384.288,6025.568,5693.632,5458.304,4776.576,4149.728,3513.12,2816.544,2288.672,1695.296,1416.832,1089.056,923.808,749.824,631.648,466.048,413.12,413.472,346.784,399.168,346.592,380.224,350.272,342.432,318.624,267.808,236.896,168.992,115.136,62.144,39.648,28.704,13.856,16.512,12.8,4.448,3.04,9.472,3.36,1.696,0,0,0,0,0,0,0,0,0,0,0,0,0,0,0,0,0,0,0,0,0,0,0,0,0,0,0,0,0,0,0,0,0,0,0,0,0,19.467,25.644,30.636,30.593,30.791,28.295,25.506,24.205,25.446,27.945,30.442,31.653,31.264,31.756,31.948,34.074,34.949,37.545,42.875,46.634,47.174,47.56,48.317,44.78,41.101,36.754,31.088,26.686,20.85,18.221,15.018,13.546,11.842,10.813,8.928,8.436,8.552,7.489,7.924,6.756,6.98,6.019,5.593,4.999,4.076,3.695,2.596,1.698,0.926,0.633,0.432,0.201,0.223,0.17,0.057,0.039,0.117,0.04,0.02,0,0,0,0,0,0,0
2026-09-01 11:33:00,1,"Normal Scan","Normal Scan",0,"ON",1,1,1,739.4,5,21.9,98.2,37.7,0.0000000690967,0.0000182719,4.97,8954.6,8.8,736.5,1,"Up Scan","Positive",254,0,4.37,1.6,8,8,0,1,1,13.767,23.894,17.937,9.647,1.935,10146.4,34,22.2,NA,0,0,0,0,0,0,0,0,0,0,0,0,0,0,0,0,0,0,0,0,0,0,0,0,0,0,0,0,0,0,0,41777.152,37670.816,29374.56,25275.168,21176.384,16611.84,12795.552,11342.464,10107.584,9186.816,8049.472,7070.656,6410.72,5926.016,5379.52,5377.76,4933.952,5282.4,5707.232,6081.92,5722.848,5460.992,5081.536,4452.896,4092.512,3431.552,3219.712,2685.472,2408.704,1996.544,1671.936,1354.208,1077.248,863.872,741.056,571.648,513.44,514.368,462.144,443.68,462.432,393.632,396.192,311.84,260.896,187.168,146.432,64.224,53.536,31.456,33.408,12.352,10.368,4.416,3.04,4.736,0,3.328,0,1.632,0,0,0,0,0,0,0,0,0,0,0,0,0,0,0,0,0,0,0,0,0,0,0,0,0,0,0,0,0,0,0,0,0,0,0,12.859,16.842,21.926,23.273,26.073,27.411,26.557,24.583,25.717,26.624,27.69,27.493,27.132,27.529,28.268,28.456,31.179,31.381,36.331,42.089,48.035,48.366,49.314,48.732,45.453,44.005,39.031,38.139,33.254,31.163,26.884,23.633,20.375,17.309,14.903,13.602,11.178,10.459,9.835,8.837,8.101,7.783,6.358,6.206,4.922,3.965,2.848,2.153,0.958,0.797,0.468,0.457,0.167,0.17,0.057,0.039,0.059,0,0.04,0,0.02,0.014,0,0,0,0
2026-09-01 11:38:00,1,"Normal Scan","Normal Scan",0,"ON",1,1,1,739.4,5,21.9,98.2,37.4,0.0000000690967,0.0000182719,4.97,8954.6,8.8,736.5,1,"Up Scan","Positive",254,0,4.37,1.6,8,8,0,1,1,13.048,20.851,16.478,9.647,1.8,12587.3,34,22.2,NA,0,0,0,0,0,0,0,0,0,0,0,0,0,0,0,0,0,0,0,0,0,0,0,0,0,0,0,0,0,0,0,55575.616,49708.928,41681.536,34461.984,29334.08,22582.24,15912.832,12936.544,11413.792,10448.832,9089.152,8253.952,8330.976,8117.6,8233.856,7739.232,7427.328,6749.248,6638.144,6572.736,6251.008,5416.128,4848.768,4302.272,3418.56,2755.744,2106.592,1799.584,1535.072,1286.496,977.088,926.048,655.136,622.528,523.2,444.192,456.96,388.32,435.488,378.976,399.328,367.36,295.36,283.36,221.088,144.928,115.84,81.44,45.632,32.768,21.376,15.232,12.832,5.92,3.072,7.872,3.296,0,0,0,0,0,0,0,0,0,0,0,0,0,0,0,0,0,0,0,0,0,0,0,0,0,0,0,0,0,0,0,0,0,0,0,0,0,0,16.62,22.431,28.852,33.005,35.498,38.025,36.018,30.51,29.296,30.003,31.544,31.152,31.82,35.789,38.597,43.052,44.362,46.33,45.713,48.466,51.255,51.89,47.877,45.569,42.787,36.046,30.731,25.005,22.325,19.996,17.669,14.568,14.273,11.451,11.219,10.042,9.099,8.974,7.797,8.119,6.715,6.823,6.034,4.772,4.39,3.406,2.247,1.715,1.211,0.69,0.486,0.292,0.204,0.17,0.076,0.039,0.098,0.04,0,0,0,0,0,0,0,0
2026-09-01 11:43:00,1,"Normal Scan","Normal Scan",0,"ON",1,1,1,739.4,5,21.9,98.2,37,0.0000000690967,0.0000182719,4.97,8954.6,8.8,736.5,1,"Up Scan","Positive",254,0,4.37,1.6,8,8,0,1,1,14.21,22.851,17.489,9.647,1.848,12465,34,22.1,NA,0,0,0,0,0,0,0,0,0,0,0,0,0,0,0,0,0,0,0,0,0,0,0,0,0,0,0,0,0,0,0,44443.136,40621.536,35192.224,30352.384,28780.448,23053.888,18710.912,16289.472,14451.296,13209.376,13494.208,13214.976,11663.04,10497.312,9110.016,7884.736,6467.424,6430.976,6415.488,5914.912,5408.384,4627.552,4101.6,3460.32,2734.912,2252.16,1873.088,1667.488,1469.312,1749.76,1820.704,1569.088,1361.344,1166.272,935.584,778.784,604.8,584.288,618.048,553.92,547.488,541.568,473.888,393.6,334.624,283.072,196.352,149.952,93.952,79.904,70.912,49.728,32.448,29.504,18.336,14.208,18.016,10.176,3.52,3.424,0,0,0,0,0,0,0,0,0,0,0,0,0,0,0,0,0,0,0,0,0,0,0,0,0,0,0,0,0,0,0,0,0,0,0,13.396,17.899,23.788,27.873,31.423,37.396,36.949,36.001,36.968,38.075,39.865,46.147,50.597,49.778,49.596,47.399,44.968,40.266,43.353,46.47,45.877,44.836,41.011,38.714,35.017,30.395,27.258,24.125,22.562,20.942,24.753,26.178,23.544,22.124,19.805,17.047,15.305,12.6,11.85,11.961,10.513,9.89,9.325,8.001,6.587,5.503,4.562,3.146,2.346,1.51,1.241,1.043,0.699,0.496,0.382,0.233,0.177,0.219,0.121,0.041,0.04,0.043,0,0,0,0
2026-09-01 11:48:00,1,"Normal Scan","Normal Scan",0,"ON",1,1,1,739.4,5,22,98.2,36.6,0.0000000691265,0.0000182767,4.97,8954.6,8.8,736.5,1,"Up Scan","Positive",254,0,4.37,1.6,8,8,0,1,1,14.18,22.8,17.467,9.647,1.861,10038.9,34,22.1,NA,0,0,0,0,0,0,0,0,0,0,0,0,0,0,0,0,0,0,0,0,0,0,0,0,0,0,0,0,0,0,0,38625.12,32468.16,27895.328,24133.184,21461.088,19101.472,16607.488,14784.736,13777.28,11902.112,9905.376,8507.712,7000.256,5987.296,5114.016,4725.76,4674.304,4622.24,4870.72,4919.616,4902.272,4781.408,4423.968,3980,3325.472,2544.192,2081.664,1711.104,1383.04,1327.52,1273.472,1099.072,862.304,792.064,689.728,610.528,582.816,506.016,464.416,434.72,416.704,378.784,333.344,322.176,272.96,199.904,137.92,123.392,57.632,57.856,24.128,12.544,12.736,14.688,0.352,5.952,4.864,1.664,5.184,3.456,0,0,0,0,0,0,0,0,0,0,0,0,0,0,0,0,0,0,0,0,0,0,0,0,0,0,0,0,0,0,0,0,0,0,0,12.236,15.585,18.956,22.106,24.878,27.851,30.651,31.914,33.56,36.21,35.838,33.712,32.548,29.933,28.421,26.907,27.386,29.572,31.79,35.986,38.812,41.046,42.486,41.598,39.69,35.383,29.086,25.23,21.827,18.843,18.873,18.721,17.214,14.454,13.778,12.83,11.625,11.039,10.133,8.9,7.938,7.492,6.318,5.551,5.013,4.185,3.077,2.124,1.811,0.885,0.834,0.377,0.186,0.188,0.191,0.005,0.074,0.06,0.02,0.061,0.04,0.014,0,0,0,0
2026-09-01 11:53:00,1,"Normal Scan","Normal Scan",0,"ON",1,1,1,739.5,5,22.1,98.2,36.4,0.0000000691563,0.0000182815,4.97,8954.6,8.8,736.5,1,"Up Scan","Positive",254,0,4.37,1.6,8,8,0,1,1,16.228,23.238,18.548,9.647,1.791,11616.6,34,22.2,NA,0,0,0,0,0,0,0,0,0,0,0,0,0,0,0,0,0,0,0,0,0,0,0,0,0,0,0,0,0,0,0,31963.008,29605.504,25454.72,22977.856,22031.36,20409.856,19952.96,18918.016,18700.576,18028.288,15905.952,14230.848,12386.016,11065.856,10066.944,9528.928,8548.928,7721.6,7101.152,6593.76,5713.792,4959.2,4482.112,3867.52,3066.816,2438.528,1962.528,1569.024,1518.624,1331.36,1223.424,1049.792,935.392,768.48,770.4,608.384,515.232,450.336,484.928,434.816,408.576,423.264,392.928,331.488,237.536,176.768,134.272,112.128,66.304,23.328,31.36,15.456,12.8,4.544,6.112,3.168,1.664,1.696,1.728,3.616,0,0,0,0,0,0,0,0,0,0,0,0,0,0,0,0,0,0,0,0,0,0,0,0,0,0,0,0,0,0,0,0,0,0,0,10.264,12.896,17.288,20.177,23.746,28.699,32.762,38.413,42.939,49.24,54.313,54.279,54.505,52.935,52.322,52.394,54.177,52.917,51.88,51.417,51.13,47.392,43.857,42.02,38.736,32.815,27.902,23.895,20.325,20.441,19.109,18.048,16.289,15.318,13.659,13.776,11.804,10.388,9.262,9.009,7.794,7.21,6.944,6.2,5.18,3.678,2.698,2.002,1.672,0.956,0.342,0.457,0.241,0.168,0.059,0.077,0.039,0.02,0.02,0.02,0.04,0,0,0,0,0
2026-09-01 11:58:00,1,"Normal Scan","Normal Scan",0,"ON",1,1,1,739.5,5,22.1,98.2,36.4,0.0000000691563,0.0000182815,4.97,8954.6,8.8,736.5,1,"Up Scan","Positive",254,0,4.37,1.6,8,8,0,1,1,15.897,23.061,18.244,9.647,1.799,10021.6,35,22.2,NA,0,0,0,0,0,0,0,0,0,0,0,0,0,0,0,0,0,0,0,0,0,0,0,0,0,0,0,0,0,0,0,29551.072,25288.992,21612.288,19970.592,19354.944,18377.408,18428.64,18288.48,18428.896,17303.168,14658.976,11820.416,9472.768,7421.088,6638.048,6124.16,5899.552,5662.112,5518.272,5251.232,5063.36,4417.28,3713.504,3194.176,2438.272,2039.072,1663.52,1399.008,1361.216,1242.656,1134.176,1066.88,854.848,778.304,668.736,575.168,579.072,427.488,466.08,404.256,348.032,399.232,284.16,274.016,246.624,198.816,133.888,83.648,55.392,42.784,18.304,10.816,12.832,10.304,3.008,3.136,1.664,1.696,3.488,1.792,0,0,0,0,0,0,0,0,0,0,0,0,0,0,0,0,0,0,0,0,0,0,0,0,0,0,0,0,0,0,0,0,0,0,0,8.814,11.951,14.686,17.152,20.634,25.202,29.487,35.483,41.482,48.48,52.031,49.873,45.18,40.411,35.152,34.713,35.173,36.829,38.229,40.059,40.758,41.895,38.985,34.985,32.13,26.364,23.621,20.61,18.423,18.408,17.63,17.043,16.358,14.172,13.458,11.979,11.197,10.679,8.415,8.808,7.515,6.113,6.569,4.681,4.246,3.721,3.033,2.056,1.236,0.78,0.61,0.292,0.167,0.17,0.134,0.039,0.039,0.02,0.02,0.041,0.02,0,0,0,0,0
2026-09-01 12:08:00,1,"Normal Scan","Normal Scan",0,"ON",1,1,1,739.2,5,21.7,98.2,36.8,0.0000000690371,0.0000182624,4.97,8954.6,8.8,736.5,1,"Up Scan","Positive",254,0,4.37,1.6,8,8,0,1,1,16.626,22.651,18.52,9.647,1.735,13650.2,35,22.3,NA,0,0,0,0,0,0,0,0,0,0,0,0,0,0,0,0,0,0,0,0,0,0,0,0,0,0,0,0,0,0,0,34350.784,28901.536,26251.008,23754.528,24765.088,25600.704,26418.624,26827.008,28049.664,25531.008,22711.04,18355.136,14833.184,11825.888,10573.856,9088.864,9812.384,9823.776,9261.12,8096.224,6817.76,5610.592,4684.576,3549.92,2820.064,2297.312,1784.544,1473.824,1373.344,1470.592,1367.104,1244.832,1061.888,924.736,744.736,658.592,593.728,471.424,395.264,370.048,405.696,346.592,317.184,321.44,286.08,208.448,119.52,85.984,50.112,31.232,22.624,16.192,14.432,11.872,6.08,4.736,3.264,5.088,3.488,0,0,0,0,0,0,0,0,0,0,0,0,0,0,0,0,0,0,0,0,0,0,0,0,0,0,0,0,0,0,0,0,0,0,0,0,11.401,13.904,16.834,20.829,24.661,32.363,41.196,50.977,60.916,73.784,76.847,77.387,70.226,63.411,56.116,55.229,52.043,60.738,65.607,66.348,62.239,56.049,49.156,43.648,35.69,30.619,26.8,22.364,19.694,19.03,20.686,19.997,18.971,16.697,15.163,13.431,12.178,11.093,9.385,7.977,7.005,6.987,5.731,5.119,5.012,4.371,3.193,1.885,1.272,0.761,0.468,0.366,0.223,0.207,0.153,0.078,0.059,0.04,0.06,0.041,0,0.014,0,0,0,0
2026-09-01 12:13:00,1,"Normal Scan","Normal Scan",0,"ON",1,1,1,738.8,5,21,98.3,37.2,0.0000000687586,0.0000182289,4.97,8954.6,8.8,736.5,1,"Up Scan","Positive",254,0,4.37,1.6,8,8,0,1,1,16.713,23.853,18.961,15.963,1.777,10985.5,36,22.2,NA,0,0,0,0,0,0,0,0,0,0,0,0,0,0,0,0,0,0,0,0,0,0,0,0,0,0,0,0,0,0,0,22553.536,19872.352,18862.848,19005.696,20453.248,21459.968,24444.96,25909.888,25640.992,22734.112,19191.712,15003.616,11608.96,9247.68,7550.784,6089.216,5830.944,5778.432,5730.176,5544.896,5274.112,4638.784,4037.216,3260.16,2650.912,2098.24,1598.464,1342.976,1279.552,1263.072,1376.416,1333.376,1226.176,1048.96,981.856,815.296,624.416,593.248,486.08,483.872,432.512,392.384,368.352,349.248,304.384,251.04,165.504,125.12,68.768,51.104,29.536,21.632,9.984,10.336,10.656,3.168,1.632,6.784,6.944,0,0,0,0,0,0,0,0,0,0,0,0,0,0,0,0,0,0,0,0,0,0,0,0,0,0,0,0,0,0,0,0,0,0,0,0,6.994,9.135,11.652,14.998,19.718,26.796,34.575,47.224,58.888,67.458,68.463,65.341,57.275,49.435,43.698,39.391,35.045,36.531,39.121,41.625,43.091,43.652,40.811,37.836,32.743,28.76,24.831,20.727,18.557,18.635,18.982,20.606,20.45,19.511,17.565,16.995,14.824,12.007,11.412,9.726,9.103,7.629,6.751,6.031,5.537,4.691,3.777,2.575,1.848,0.992,0.756,0.494,0.297,0.132,0.134,0.136,0.039,0.02,0.081,0.081,0,0,0,0,0,0
2026-09-01 12:18:00,1,"Normal Scan","Normal Scan",0,"ON",1,1,1,738.5,5,20.7,98.2,37.8,0.0000000687393,0.0000182145,4.97,8954.6,8.8,736.5,1,"Up Scan","Positive",254,0,4.37,1.6,8,8,0,1,1,17.563,23.354,19.332,17.154,1.694,11692.3,37,22.1,NA,0,0,0,0,0,0,0,0,0,0,0,0,0,0,0,0,0,0,0,0,0,0,0,0,0,0,0,0,0,0,0,17139.648,16813.376,16280.8,17596.128,20745.728,22055.04,25777.376,27579.68,28396.736,27067.776,24007.744,20773.056,16414.24,12886.624,10009.856,7993.44,6608.992,6168.896,6511.904,6769.184,6185.024,5095.552,3950.112,3178.848,2528.672,1969.792,1486.112,1215.968,1062.912,1009.6,988.96,957.248,857.76,854.816,644.064,570.048,484.992,477.44,377.792,405.984,337.216,331.616,367.072,316.128,267.84,221.6,157.76,80.864,58.784,38.176,26.304,16.896,11.584,10.336,4.608,1.6,3.232,0,5.28,0,0,0,0,0,0,0,0,0,0,0,0,0,0,0,0,0,0,0,0,0,0,0,0,0,0,0,0,0,0,0,0,0,0,0,0,4.961,6.982,9.864,13.012,18.32,27.249,35.584,49.925,62.778,74.874,81.485,81.86,79.297,69.793,60.702,52.14,45.783,41.277,41.625,47.05,52.17,50.786,44.558,36.845,31.657,26.962,22.714,18.539,16.282,15.102,14.775,14.943,14.945,14.069,14.475,11.73,10.791,9.959,9.451,7.705,7.779,6.054,5.571,5.848,4.958,4.138,3.345,2.384,1.203,0.886,0.53,0.376,0.26,0.17,0.134,0.058,0.02,0.04,0,0.061,0,0.014,0,0,0,0
2026-09-01 12:23:00,1,"Normal Scan","Normal Scan",0,"ON",1,1,1,738.4,5,20.6,98.2,38.7,0.0000000687095,0.0000182097,4.97,8954.6,8.8,736.5,1,"Up Scan","Positive",254,0,4.37,1.6,8,8,0,1,1,16.956,23.271,18.826,17.154,1.734,10142.8,36,22,NA,0,0,0,0,0,0,0,0,0,0,0,0,0,0,0,0,0,0,0,0,0,0,0,0,0,0,0,0,0,0,0,19706.56,16643.296,15462.016,16449.952,17302.976,19091.104,22562.496,26217.216,27514.88,25040.544,21683.2,15938.688,11601.312,7855.104,5700.096,4405.696,4070.528,3993.92,4132.384,4347.296,4638.432,4382.784,3845.792,3149.76,2604.8,2146.88,1598.72,1274.72,1190.208,1028.512,954.432,963.808,924.416,845.44,706.72,597.408,514.976,442.784,415.328,363.648,351.072,354.88,337.92,320.48,255.264,219.456,167.712,104.352,58.336,29.888,19.296,9.632,8.128,7.456,3.04,4.736,1.6,5.056,1.728,0,0,0,0,0,0,0,0,0,0,0,0,0,0,0,0,0,0,0,0,0,0,0,0,0,0,0,0,0,0,0,0,0,0,0,0,5.689,7.905,9.744,12.357,17.093,22.713,30.882,43.657,59.62,72.406,75.306,73.707,60.672,49.234,37.007,29.764,25.565,25.833,27.477,30.446,34.183,38.633,38.671,35.947,31.503,27.798,24.427,19.85,17.07,16.625,15.217,14.673,15.012,14.987,14.178,12.601,11.349,10.212,8.998,8.209,6.939,6.53,6.016,5.353,4.919,3.874,3.297,2.51,1.514,0.886,0.45,0.293,0.13,0.113,0.096,0.039,0.059,0.02,0.06,0.02,0,0.014,0,0,0,0
2026-09-01 12:28:00,1,"Normal Scan","Normal Scan",0,"ON",1,1,1,738.4,5,20.6,98.2,39.2,0.0000000687095,0.0000182097,4.97,8954.6,8.8,736.5,1,"Up Scan","Positive",254,0,4.37,1.6,8,8,0,1,1,16.612,22.738,18.39,17.154,1.729,10797.5,37,21.9,NA,0,0,0,0,0,0,0,0,0,0,0,0,0,0,0,0,0,0,0,0,0,0,0,0,0,0,0,0,0,0,0,22032.16,19565.792,18521.28,18586.368,19418.912,21860.768,24546.944,27000,28642.528,26656.128,23324.32,16636.416,11386.368,7294.08,4950.976,3844.064,3499.712,3729.184,4117.632,4524.64,4551.296,4443.52,3846.688,3195.872,2553.76,1974.144,1632.224,1345.44,1132.032,1106.624,1043.584,1149.344,1004.992,914.08,764.512,620.832,520.576,438.976,418.304,423.712,387.008,381.792,348.032,319.36,250.624,220.192,162.016,71.264,45.856,35.168,26.624,17.888,10.4,8.832,9.088,1.6,1.6,1.664,0,1.504,0,0,0,0,0,0,0,0,0,0,0,0,0,0,0,0,0,0,0,0,0,0,0,0,0,0,0,0,0,0,0,0,0,0,0,6.548,8.937,11.524,14.772,19.34,25.48,35.27,47.48,61.395,75.39,80.058,79.19,63.278,48.307,34.371,25.988,22.404,22.446,25.762,30.365,35.456,37.844,39.203,36.095,31.913,27.343,23.003,20.461,18.069,16.282,16.236,15.823,17.524,16.091,15.299,13.589,11.81,10.333,8.896,8.194,8.011,6.749,6.182,5.526,5.013,3.857,3.333,2.453,1.064,0.691,0.504,0.366,0.242,0.17,0.115,0.116,0.02,0.02,0.02,0,0.02,0.014,0,0,0,0
2026-09-01 12:33:00,1,"Normal Scan","Normal Scan",0,"ON",1,1,1,738.4,5,20.6,98.2,39.7,0.0000000687095,0.0000182097,4.97,8954.6,8.8,736.5,1,"Up Scan","Positive",254,0,4.37,1.6,8,8,0,1,1,17.044,23.097,18.751,17.154,1.724,10516.5,37,21.9,NA,0,0,0,0,0,0,0,0,0,0,0,0,0,0,0,0,0,0,0,0,0,0,0,0,0,0,0,0,0,0,0,18724.672,17992.576,17734.656,17079.424,17889.856,19186.752,22364.832,26156.896,28339.968,26664.736,24027.296,18524.16,13083.52,8190.816,5637.504,4184.64,3756.224,3833.152,4310.784,4348.352,4367.744,4142.336,3867.936,3077.952,2451.488,1939.936,1554.464,1278.432,1191.328,1153.184,1131.136,1113.472,999.648,947.232,737.824,609.568,507.648,452.864,368.576,391.008,347.104,338.688,307.584,304.448,259.072,216.608,139.104,118.816,63.584,37.376,30.144,22.176,3.872,8.864,9.12,1.568,1.632,0,3.488,0,0,0,0,0,0,0,0,0,0,0,0,0,0,0,0,0,0,0,0,0,0,0,0,0,0,0,0,0,0,0,0,0,0,0,0,5.616,7.542,10.552,14.144,17.763,23.47,30.936,43.323,59.584,74.647,80.249,81.66,70.521,55.402,38.563,29.455,24.277,23.894,26.449,31.637,34.069,36.325,36.595,36.242,30.854,26.502,22.684,19.603,17.357,16.83,16.756,16.861,16.917,15.85,15.634,13.065,11.387,9.86,9.155,7.483,7.47,6.32,5.849,4.915,4.88,4.018,3.206,2.144,1.744,0.922,0.522,0.439,0.304,0.069,0.115,0.116,0.02,0.02,0,0.041,0,0.014,0,0,0,0
2026-09-01 12:38:00,1,"Normal Scan","Normal Scan",0,"ON",1,1,1,738.4,5,20.6,98.2,40.2,0.0000000687095,0.0000182097,4.97,8954.6,8.8,736.5,1,"Up Scan","Positive",254,0,4.37,1.6,8,8,0,1,1,17.652,23.788,19.258,18.434,1.734,10524.7,37,21.8,NA,0,0,0,0,0,0,0,0,0,0,0,0,0,0,0,0,0,0,0,0,0,0,0,0,0,0,0,0,0,0,0,19504.032,17492.736,15203.552,15084,15605.312,17285.376,20041.248,24423.232,26848.32,27130.816,25992.256,21134.912,15794.88,10724.384,7221.152,5001.024,4189.12,4101.344,4073.472,4270.848,4280.672,4205.248,3853.952,3169.152,2528,2082.176,1649.824,1416.448,1275.136,1210.016,1091.744,1173.472,1134.72,905.824,792.768,671.456,549.44,460.544,396.576,396.864,361.248,344.288,367.04,331.808,260.352,224.288,190.048,107.808,94.528,51.712,28,20.768,15.744,13.28,7.648,3.136,0,0,0,1.792,0,0,0,0,0,0,0,0,0,0,0,0,0,0,0,0,0,0,0,0,0,0,0,0,0,0,0,0,0,0,0,0,0,0,0,5.628,7.916,10.215,12.137,15.694,20.508,27.982,38.869,55.684,70.823,81.664,88.357,80.495,66.935,50.277,37.453,28.779,26.521,28.174,30.028,33.534,35.728,37.162,36.262,31.88,27.331,24.145,20.901,19.097,17.905,17.66,16.578,17.935,17.646,15.251,13.863,12.375,10.994,9.364,8.171,7.814,6.6,6.112,6.095,5.189,4.021,3.416,2.857,1.622,1.347,0.721,0.384,0.297,0.207,0.172,0.097,0.039,0,0,0,0.02,0,0,0,0,0
2026-09-01 12:43:00,1,"Normal Scan","Normal Scan",0,"ON",1,1,1,738.3,5,20.5,98.2,40.5,0.0000000686797,0.0000182049,4.97,8954.6,8.8,736.5,1,"Up Scan","Positive",254,0,4.37,1.6,8,8,0,1,1,17.705,23.319,19.235,17.154,1.699,11680.1,38,21.7,NA,0,0,0,0,0,0,0,0,0,0,0,0,0,0,0,0,0,0,0,0,0,0,0,0,0,0,0,0,0,0,0,20406.432,18257.184,16250.016,16166.336,17556,20633.696,22839.296,27115.904,29799.52,29667.52,27470.336,22576.224,17102.816,12382.848,9111.168,7310.688,6319.616,5876.544,5576,5353.44,5150.848,4775.392,3849.408,3026.304,2455.232,1960.64,1559.968,1345.824,1068.16,1117.056,1123.072,1112.224,1021.44,919.424,868.768,665.536,568.448,464.32,408.128,370.464,331.456,339.68,316.224,263.168,237.632,215.936,148.384,97.44,70.112,34.848,35.136,27.648,11.488,10.368,6.112,7.872,3.264,3.392,0,0,0,0,0,0,0,0,0,0,0,0,0,0,0,0,0,0,0,0,0,0,0,0,0,0,0,0,0,0,0,0,0,0,0,0,0,6.635,8.238,10.705,12.931,16.83,23.045,33.291,44.325,61.736,78.606,89.435,93.459,86.025,72.598,58.224,47.334,41.786,39.482,39.696,40.445,41.579,42.588,41.955,36.086,30.228,26.529,22.802,19.804,18.131,15.619,16.634,16.954,17.068,16.199,15.205,14.616,12.178,10.773,9.021,7.959,7.184,6.193,5.765,5.132,4.256,3.78,3.274,2.26,1.448,1.05,0.522,0.494,0.372,0.151,0.134,0.078,0.098,0.04,0.04,0,0,0,0,0,0,0
2026-09-01 12:48:00,1,"Normal Scan","Normal Scan",0,"ON",1,1,1,738.2,5,20.3,98.2,40.7,0.0000000686201,0.0000181953,4.97,8954.6,8.8,736.5,1,"Up Scan","Positive",254,0,4.37,1.6,8,8,0,1,1,18.216,23.89,19.83,17.154,1.697,11949.8,37,21.6,NA,0,0,0,0,0,0,0,0,0,0,0,0,0,0,0,0,0,0,0,0,0,0,0,0,0,0,0,0,0,0,0,19361.824,16005.376,15829.024,16672.512,17780.032,19930.048,23526.24,25802.624,27666.88,27164.096,24628.224,21023.104,17514.464,14893.76,12295.072,11027.392,10267.136,9698.048,8218.624,7219.584,6044.224,4863.424,3864.608,3002.24,2378.944,1757.888,1363.456,1196.128,1062.336,1054.784,992.352,1010.4,965.024,853.28,742.592,625.216,565.984,430.848,406.496,348.672,384.832,352.64,331.392,333.536,264.128,227.36,154.688,105.664,54.592,36.864,31.328,21.792,3.424,10.368,9.12,7.904,4.896,1.664,1.76,1.792,0,0,0,0,0,0,0,0,0,0,0,0,0,0,0,0,0,0,0,0,0,0,0,0,0,0,0,0,0,0,0,0,0,0,0,5.857,7.829,9.439,12.701,17.367,23.28,32.227,45.565,58.827,73.07,81.918,84.021,80.521,74.814,70.36,63.897,62.633,63.281,64.531,58.845,55.386,49.538,42.483,36.066,29.996,25.524,20.544,17.365,16.347,15.283,15.522,15.207,15.776,15.453,14.234,13.319,11.687,10.894,9.007,8.045,6.948,6.936,6,5.321,5.24,4.139,3.38,2.364,1.586,0.853,0.559,0.439,0.316,0.057,0.134,0.116,0.098,0.06,0.02,0.02,0.019,0.014,0,0,0,0
2026-09-01 12:53:00,1,"Normal Scan","Normal Scan",0,"ON",1,1,1,738.2,5,20.3,98.2,41,0.0000000686201,0.0000181953,4.97,8954.6,8.8,736.5,1,"Up Scan","Positive",254,0,4.37,1.6,8,8,0,1,1,16.978,23.774,18.951,17.154,1.76,8509.13,38,21.5,NA,0,0,0,0,0,0,0,0,0,0,0,0,0,0,0,0,0,0,0,0,0,0,0,0,0,0,0,0,0,0,0,16189.44,14954.848,13536.16,13734.112,14846.656,16500.736,18940.48,20318.816,21008.768,20002.656,17443.712,13497.696,9774.88,7303.168,5979.2,4751.872,4191.328,4123.072,3525.216,3541.152,3323.072,3161.6,2765.28,2326.176,1915.488,1522.304,1216.032,1027.2,882.4,877.12,941.6,999.808,986.144,899.168,729.76,605.056,567.968,409.376,366.752,373.248,327.296,332.384,331.584,289.76,272.384,217.248,176.192,103.136,74.56,41.568,32.16,13.76,9.984,5.888,3.072,1.6,0,0,0,0,0,0,0,0,0,0,0,0,0,0,0,0,0,0,0,0,0,0,0,0,0,0,0,0,0,0,0,0,0,0,0,0,0,0,0,5.127,6.636,8.782,10.786,14.338,19.474,26.692,36.554,46.244,55.403,60.244,59.35,51.435,41.56,34.385,31.067,27.166,26.208,27.885,25.782,27.703,27.671,27.972,25.937,23.399,20.728,17.931,15.846,14.499,13.17,13.267,14.606,15.479,15.525,14.929,12.858,11.238,10.98,8.403,7.597,7.314,6.189,5.597,5.428,4.601,4.162,3.253,2.588,1.501,1.064,0.577,0.439,0.186,0.132,0.077,0.039,0.02,0,0,0,0,0,0,0,0,0
2026-09-01 12:58:00,1,"Normal Scan","Normal Scan",0,"ON",1,1,1,738.2,5,20.3,98.2,41.3,0.0000000686201,0.0000181953,4.97,8954.6,8.8,736.5,1,"Up Scan","Positive",254,0,4.37,1.6,8,8,0,1,1,16.498,23.233,18.555,15.963,1.752,8999.76,38,21.5,NA,0,0,0,0,0,0,0,0,0,0,0,0,0,0,0,0,0,0,0,0,0,0,0,0,0,0,0,0,0,0,0,18460.224,15895.744,14946.944,15475.52,16416.032,19230.944,21891.616,22883.872,22806.272,20304.64,16690.784,12601.056,8812.544,6500.448,5662.464,4987.008,4474.688,3892.512,3549.696,3544.288,3484.512,3335.52,2907.616,2263.072,1926.56,1522.848,1240.928,1117.472,976.544,907.008,987.968,981.12,1031.424,902.336,757.216,643.712,559.584,490.336,439.936,357.824,352.608,336.384,310.688,282.912,231.68,198.752,144.992,86.88,63.456,41.312,28.16,15.136,12.384,7.392,9.12,4.736,1.632,1.696,0,1.472,0,0,0,0,0,0,0,0,0,0,0,0,0,0,0,0,0,0,0,0,0,0,0,0,0,0,0,0,0,0,0,0,0,0,0,5.781,7.481,9.362,11.96,16.124,21.536,31.071,42.3,52.013,60.057,61.143,56.792,48.103,37.49,30.684,29.484,28.543,27.95,26.417,25.935,27.698,28.999,29.448,27.425,22.855,20.92,17.965,16.155,15.554,14.408,13.946,15.084,15.519,16.339,15.015,13.196,11.814,10.599,9.4,8.395,6.942,6.28,5.699,5.072,4.461,3.596,3.04,2.177,1.324,0.959,0.595,0.384,0.204,0.208,0.096,0.116,0.059,0.02,0.02,0,0.019,0.022,0,0,0,0
2026-09-01 13:03:00,1,"Normal Scan","Normal Scan",0,"ON",1,1,1,738.2,5,20.3,98.2,41.4,0.0000000686201,0.0000181953,4.97,8954.6,8.8,736.5,1,"Up Scan","Positive",254,0,4.37,1.6,8,8,0,1,1,15.717,22.241,17.644,15.963,1.747,8374.35,38,21.5,NA,0,0,0,0,0,0,0,0,0,0,0,0,0,0,0,0,0,0,0,0,0,0,0,0,0,0,0,0,0,0,0,20313.376,18025.664,16220.736,16056,17062.56,19038.144,21367.008,22035.52,20557.408,18005.664,14018.752,10728.832,7431.008,5274.944,3849.536,3040.64,2724.8,2524.288,2569.536,2624.768,2677.984,2705.376,2225.28,1990.368,1491.072,1285.856,1027.552,896.608,731.04,764.736,848.32,939.776,901.344,876.416,705.344,617.312,507.296,484.8,399.264,391.424,345.344,309.632,282.752,269.344,232.032,184.896,161.376,103.68,56.704,38.592,20,13.952,8.704,4.448,3.072,4.8,1.632,0,1.76,0,0,0,0,0,0,0,0,0,0,0,0,0,0,0,0,0,0,0,0,0,0,0,0,0,0,0,0,0,0,0,0,0,0,0,0,5.44,8.252,10.611,12.965,16.715,22.403,30.694,41.27,50.011,54.077,54.133,47.633,40.835,31.542,24.838,20.065,17.515,17.242,17.293,18.947,20.549,22.36,23.902,21.02,19.942,16.373,15.318,13.542,12.878,11.397,12.01,13.254,14.759,14.703,14.556,12.457,11.256,9.716,9.271,7.856,7.249,6.303,5.256,4.617,4.175,3.575,2.787,2.365,1.519,0.869,0.541,0.275,0.204,0.132,0.057,0.039,0.059,0.02,0,0.02,0,0.014,0,0,0,0
2026-09-01 13:08:00,1,"Normal Scan","Normal Scan",0,"ON",1,1,1,738.1,5,20.2,98.2,41.5,0.0000000685904,0.0000181905,4.97,8954.6,8.8,736.5,1,"Up Scan","Positive",254,0,4.37,1.6,8,8,0,1,1,15.428,22.806,17.754,14.855,1.786,7761.04,38,21.4,NA,0,0,0,0,0,0,0,0,0,0,0,0,0,0,0,0,0,0,0,0,0,0,0,0,0,0,0,0,0,0,0,18197.152,16816.224,15725.76,15573.6,17784.256,19542.336,20213.344,19810.944,17322.272,15460.064,12233.696,8327.392,5713.152,4351.552,3150.784,2601.344,2522.912,2466.592,2599.104,2667.808,2810.752,2629.664,2327.232,2030.784,1621.248,1307.744,1029.408,898.656,831.232,755.52,885.184,855.392,916.608,853.056,787.072,689.28,597.568,509.184,471.616,416.48,337.984,276.8,314.368,284.768,250.752,188.8,131.52,103.36,63.52,22.304,14.144,19.072,5.696,7.328,13.76,3.136,1.728,4.928,3.488,1.792,0,0,0,0,0,0,0,0,0,0,0,0,0,0,0,0,0,0,0,0,0,0,0,0,0,0,0,0,0,0,0,0,0,0,0,5.574,7.42,9.843,12.561,16.195,23.253,31.485,39.015,44.9,45.58,46.488,41.563,31.741,24.297,20.526,16.5,15.101,15.991,16.96,19.147,20.983,23.434,23.251,21.999,20.435,17.629,15.576,13.569,12.876,12.607,12.314,13.928,14.027,14.959,14.693,13.501,12.097,11.141,9.748,8.835,7.693,6.044,4.838,4.998,4.428,3.869,2.839,2.005,1.605,0.922,0.36,0.22,0.279,0.075,0.096,0.175,0.039,0.021,0.059,0.041,0.019,0,0,0,0,0
2026-09-01 13:13:00,1,"Normal Scan","Normal Scan",0,"ON",1,1,1,738,5,20.1,98.2,41.5,0.0000000685606,0.0000181857,4.97,8954.6,8.8,736.5,1,"Up Scan","Positive",254,0,4.37,1.6,8,8,0,1,1,16.074,23.156,18.392,14.855,1.763,9450.21,38,21.3,NA,0,0,0,0,0,0,0,0,0,0,0,0,0,0,0,0,0,0,0,0,0,0,0,0,0,0,0,0,0,0,0,19289.792,17155.552,17435.072,18425.088,20079.808,22092.256,23782.496,22368,20798.144,18041.888,14620.448,11074.432,8585.152,7709.152,7242.048,6574.048,5974.656,4539.776,4122.08,3751.872,3438.56,2887.968,2406.144,1909.664,1736.32,1530.048,1383.552,1185.344,1155.712,1090.304,1059.072,1115.072,1144.384,972.704,762.496,728.864,626.272,490.016,458.56,412.416,370.176,343.552,347.04,295.264,244.896,194.112,160.48,102.848,55.68,31.584,24.416,35.936,9.952,8.864,13.728,6.304,3.296,1.696,1.728,0,0,0,0,0,0,0,0,0,0,0,0,0,0,0,0,0,0,0,0,0,0,0,0,0,0,0,0,0,0,0,0,0,0,0,0,5.657,7.791,10.107,13.949,19.157,26.427,35.631,45.915,50.812,54.823,54.344,49.89,42.432,36.634,36.374,37.568,37.313,36.837,30.427,29.78,29.166,28.607,25.783,23.09,19.82,19.315,18.294,17.88,16.689,16.67,16.157,16.444,17.491,18.087,16.102,13.42,13.05,11.799,9.605,8.766,7.659,6.771,5.77,5.503,4.709,3.936,2.955,2.437,1.589,0.815,0.469,0.366,0.483,0.132,0.115,0.175,0.079,0.04,0.02,0.02,0,0,0,0,0,0
2026-09-01 13:18:00,1,"Normal Scan","Normal Scan",0,"ON",1,1,1,737.9,5,20,98.2,41.8,0.0000000685308,0.0000181809,4.97,8954.6,8.8,736.5,1,"Up Scan","Positive",254,0,4.37,1.6,8,8,0,1,1,15.719,21.864,17.6,15.963,1.714,9404.25,38,21.3,NA,0,0,0,0,0,0,0,0,0,0,0,0,0,0,0,0,0,0,0,0,0,0,0,0,0,0,0,0,0,0,0,19564.544,19437.024,19436.352,19049.504,20669.248,22686.624,23327.712,23358.24,21310.848,18594.848,15479.712,12099.68,9937.728,8002.464,6324.992,4831.904,3841.312,3658.304,3178.528,2995.616,2584.64,2482.816,1969.856,1662.496,1334.624,1110.144,902.4,795.904,733.056,738.976,809.6,848.928,840.768,831.072,723.616,642.304,561.856,546.304,437.44,386.208,371.584,326.944,309.216,311.168,261.44,184.32,156.032,111.84,72.288,35.232,24.768,9.664,11.36,2.944,3.04,7.872,3.232,3.36,1.728,0,0,0,0,0,0,0,0,0,0,0,0,0,0,0,0,0,0,0,0,0,0,0,0,0,0,0,0,0,0,0,0,0,0,0,0,5.719,8.041,11.414,15.546,19.857,27.155,36.66,45.078,53.131,56.182,56.019,52.69,46.22,42.252,37.624,32.753,27.427,23.863,24.535,23.039,23.229,21.495,21.894,18.612,16.884,14.67,13.471,12.018,11.615,11.381,11.69,13.052,13.909,14.1,14.132,12.873,11.767,10.665,10.516,8.509,7.231,6.653,5.771,4.918,4.869,4.015,2.802,2.301,1.645,1.091,0.509,0.366,0.13,0.151,0.038,0.039,0.098,0.04,0.04,0.02,0,0,0,0,0,0
2026-09-01 13:23:00,1,"Normal Scan","Normal Scan",0,"ON",1,1,1,737.9,5,20,98.2,42,0.0000000685308,0.0000181809,4.97,8954.6,8.8,736.5,1,"Up Scan","Positive",254,0,4.37,1.6,8,8,0,1,1,14.827,22.884,17.301,14.855,1.818,7767.51,39,21.2,NA,0,0,0,0,0,0,0,0,0,0,0,0,0,0,0,0,0,0,0,0,0,0,0,0,0,0,0,0,0,0,0,18619.456,17252.096,17777.76,18769.248,19980.224,21692.896,22333.984,20140.64,17377.28,13103.84,9520.416,6600.608,4385.568,3276.576,2545.408,2373.696,2245.984,1985.536,2144.16,2071.008,2289.984,2222.08,2033.696,1727.904,1327.2,1091.296,899.712,748.544,753.568,696.544,772.192,863.36,953.184,968,928.832,801.728,784.576,660.544,578.72,452,467.488,455.648,426.912,381.44,335.136,280.512,167.424,118.656,64.736,35.392,26.496,18.048,8.544,5.92,4.544,3.168,6.528,0,1.728,1.792,0,0,0,0,0,0,0,0,0,0,0,0,0,0,0,0,0,0,0,0,0,0,0,0,0,0,0,0,0,0,0,0,0,0,0,5.347,7.581,10.168,14.24,19.502,26.223,34.949,43.153,45.673,45.623,39.389,32.339,25.215,18.653,15.502,13.335,13.72,14.208,13.699,15.857,16.322,19.137,19.685,19.214,17.437,14.585,13.297,12.173,11.426,12.282,11.97,13.506,15,16.425,16.536,16.473,15.084,14.673,12.686,11.259,8.599,8.202,7.593,6.744,5.91,5.11,4.182,2.49,1.739,0.964,0.527,0.38,0.26,0.113,0.077,0.058,0.039,0.08,0,0.02,0.019,0,0,0,0,0
2026-09-01 13:28:00,1,"Normal Scan","Normal Scan",0,"ON",1,1,1,737.9,5,20,98.2,42.3,0.0000000685308,0.0000181809,4.97,8954.6,8.8,736.5,1,"Up Scan","Positive",254,0,4.37,1.6,8,8,0,1,1,15.353,23.405,18.178,13.824,1.803,8650.54,39,21.1,NA,0,0,0,0,0,0,0,0,0,0,0,0,0,0,0,0,0,0,0,0,0,0,0,0,0,0,0,0,0,0,0,17689.44,16380.288,17058.752,20407.264,22233.472,23870.208,21923.2,20666.72,16229.984,12910.176,9701.184,7890.272,7119.712,6616.928,5958.528,5400.384,4722.688,4346.464,4026.688,3612.736,3195.008,2777.856,2395.744,2013.44,1736.832,1394.56,1164.064,1022.528,971.84,1050.72,994.752,1102.976,1012.352,887.52,863.712,770.784,685.952,607.04,531.872,457.6,398.24,350.624,379.456,332.032,296.224,215.328,150.56,102.784,69.792,44.352,33.472,9.76,11.424,3.008,7.616,1.568,3.264,1.696,0,3.584,0,0,0,0,0,0,0,0,0,0,0,0,0,0,0,0,0,0,0,0,0,0,0,0,0,0,0,0,0,0,0,0,0,0,0,5.005,7.17,9.641,13.67,21.286,29.132,38.408,42.271,46.915,42.624,38.898,33.16,30.328,30.477,31.295,31.016,30.745,29.272,29.201,29.133,28.114,26.583,24.614,22.773,20.595,19.151,16.841,15.455,14.438,14.701,16.119,15.819,17.679,16.676,15.433,15.136,13.809,12.88,11.519,10.106,8.481,7.066,6.002,6.08,5.275,4.461,3.25,2.214,1.553,1.007,0.639,0.472,0.149,0.151,0.038,0.097,0.02,0.04,0.02,0,0.039,0,0,0,0,0
2026-09-01 13:33:00,1,"Normal Scan","Normal Scan",0,"ON",1,1,1,737.9,5,19.9,98.2,42.5,0.0000000685011,0.0000181761,4.97,8954.6,8.8,736.5,1,"Up Scan","Positive",254,0,4.37,1.6,8,8,0,1,1,14.244,21.496,16.614,12.864,1.765,8036.5,39,21.1,NA,0,0,0,0,0,0,0,0,0,0,0,0,0,0,0,0,0,0,0,0,0,0,0,0,0,0,0,0,0,0,0,18267.904,19790.656,20258.88,23142.24,24849.664,24633.856,22751.168,19369.408,15580.64,11420.288,8146.592,5569.056,4039.904,3428.896,3189.408,2923.424,2485.504,2165.024,2040,1854.304,1879.488,1897.568,1632.128,1488.512,1187.424,1018.56,855.84,662.336,604.352,613.216,708.96,819.168,849.504,904.48,827.936,732.992,726.624,629.536,491.232,405.888,408.512,375.808,302.144,322.176,272.864,229.28,128.8,90.848,75.52,38.944,32.032,12.576,14.464,8.832,4.576,1.568,1.6,1.664,1.76,1.44,0,0,0,0,0,0,0,0,0,0,0,0,0,0,0,0,0,0,0,0,0,0,0,0,0,0,0,0,0,0,0,0,0,0,0,5.336,7.492,11.652,16.196,24.08,32.507,39.579,43.854,43.926,40.889,34.285,27.705,21.307,17.251,16.212,16.571,16.688,15.547,14.727,14.987,14.612,15.793,16.858,15.5,15.048,13.04,12.321,11.527,10.224,10.188,10.732,12.358,14.028,14.597,15.169,14.555,13.412,12.949,11.726,9.532,7.636,7.035,6.375,4.991,5.051,4.148,3.505,1.931,1.361,1.082,0.559,0.439,0.186,0.208,0.115,0.058,0.02,0.02,0.02,0.02,0.019,0,0,0,0,0
2026-09-01 13:38:00,1,"Normal Scan","Normal Scan",0,"ON",1,1,1,737.9,5,20,98.2,42.8,0.0000000685308,0.0000181809,4.97,8954.6,8.8,736.5,1,"Up Scan","Positive",254,0,4.37,1.6,8,8,0,1,1,14.285,21.641,16.856,12.864,1.77,8239.75,40,21,NA,0,0,0,0,0,0,0,0,0,0,0,0,0,0,0,0,0,0,0,0,0,0,0,0,0,0,0,0,0,0,0,19896.736,21070.528,21425.056,22975.296,23981.696,23791.552,21020.032,18738.304,14517.664,10549.952,7517.12,5589.6,4739.68,4279.36,3905.248,3833.248,3647.648,3554.912,3268.096,3156.96,2601.376,2314.976,1893.12,1499.008,1163.584,1079.808,809.184,726.368,664.736,682.912,662.72,757.824,829.216,725.792,763.52,693.216,676.992,547.456,488.736,395.008,393.568,331.808,340.064,297.888,268.064,205.12,133.728,120.16,67.36,38.976,17.376,5.504,8.736,3.008,4.608,0,0,1.664,0,0,0,0,0,0,0,0,0,0,0,0,0,0,0,0,0,0,0,0,0,0,0,0,0,0,0,0,0,0,0,0,0,0,0,0,0,5.833,8.03,12.397,17.199,23.945,31.299,38.199,40.526,42.45,38.136,31.702,25.677,21.474,20.342,20.337,20.442,21.919,22.694,23.841,23.561,24.358,21.56,20.413,17.896,15.156,12.876,12.815,10.95,10.705,10.531,11.232,11.504,13.044,14.14,12.745,13.61,12.564,12.408,10.527,9.28,7.388,6.819,5.803,5.473,4.581,3.99,3.081,1.957,1.756,0.964,0.559,0.238,0.074,0.132,0.038,0.058,0,0,0.02,0,0,0.014,0,0,0,0
2026-09-01 13:43:00,1,"Normal Scan","Normal Scan",0,"ON",1,1,1,737.9,5,19.9,98.2,43.1,0.0000000685011,0.0000181761,4.97,8954.6,8.8,736.5,1,"Up Scan","Positive",254,0,4.37,1.6,8,8,0,1,1,13.946,21.099,16.339,12.864,1.761,7695.36,39,21,NA,0,0,0,0,0,0,0,0,0,0,0,0,0,0,0,0,0,0,0,0,0,0,0,0,0,0,0,0,0,0,0,18874.976,20776.992,21620.992,23986.656,24116.192,22716.992,20834.4,17261.408,13229.376,10008.448,7171.584,4891.808,3827.584,2983.104,2719.392,2407.68,2313.056,2198.56,2207.584,1987.904,1910.368,1769.344,1653.984,1415.232,1178.912,1030.08,835.68,655.744,643.296,610.528,718.272,767.264,752.768,663.072,678.144,769.216,557.984,541.504,475.04,420.576,321.472,289.024,300.288,284.128,244.064,216.832,148.64,103.552,51.232,37.184,24.064,10.56,7.456,2.944,7.68,11.008,3.264,3.36,1.76,1.44,0,0,0,0,0,0,0,0,0,0,0,0,0,0,0,0,0,0,0,0,0,0,0,0,0,0,0,0,0,0,0,0,0,0,0,5.106,7.692,12.204,17.389,24.939,31.512,36.462,40.188,39.123,34.744,30.102,24.419,18.699,16.363,14.171,14.2,13.811,14.488,14.941,16.125,15.613,16.044,15.78,15.647,14.416,12.939,12.355,11.067,9.772,9.971,10.395,12.083,12.826,12.939,12.002,12.049,13.334,10.588,10.112,9,7.878,5.961,4.971,4.846,4.481,3.738,3.27,2.193,1.6,0.798,0.554,0.352,0.149,0.132,0.038,0.097,0.138,0.04,0.04,0.02,0.019,0.014,0,0,0,0
2026-09-01 13:48:00,1,"Normal Scan","Normal Scan",0,"ON",1,1,1,737.9,5,19.9,98.2,43.3,0.0000000685011,0.0000181761,4.97,8954.6,8.8,736.5,1,"Up Scan","Positive",254,0,4.37,1.6,8,8,0,1,1,14.383,21.656,16.969,11.971,1.764,9268.01,40,20.9,NA,0,0,0,0,0,0,0,0,0,0,0,0,0,0,0,0,0,0,0,0,0,0,0,0,0,0,0,0,0,0,0,23664.16,22132.256,24019.328,26499.264,26247.552,24776,23413.248,19508.992,15075.936,11959.136,9296.544,7088.864,5883.712,4861.376,4636.064,5047.456,5387.2,4851.616,4205.696,3735.232,3105.376,2496.192,2038.048,1730.72,1397.664,1219.808,1012.864,837.76,746.048,669.152,710.08,759.584,743.904,772.8,674.176,720.928,646.688,605.44,513.632,416.8,377.6,383.328,352.96,350.944,278.208,235.04,178.336,110.016,80.8,49.472,19.456,14.08,4.416,7.36,12.256,4.736,3.232,5.056,0,1.792,0,0,0,0,0,0,0,0,0,0,0,0,0,0,0,0,0,0,0,0,0,0,0,0,0,0,0,0,0,0,0,0,0,0,0,5.858,9.619,13.026,19.258,27.529,34.356,39.789,45.133,44.244,39.656,36.029,31.746,27.28,25.282,23.174,24.309,28.796,33.19,32.315,30.219,28.81,25.692,22.125,19.289,17.476,15.225,14.325,13.035,11.944,11.318,11.135,12.171,13.058,13.218,13.659,12.411,13.309,12.282,11.641,9.857,8.011,6.87,6.504,5.871,5.428,4.258,3.507,2.652,1.693,1.212,0.729,0.279,0.205,0.075,0.096,0.155,0.059,0.04,0.06,0,0.019,0.014,0,0,0,0
2026-09-01 13:53:00,1,"Normal Scan","Normal Scan",0,"ON",1,1,1,737.9,5,19.9,98.2,43.5,0.0000000685011,0.0000181761,4.97,8954.6,8.8,736.5,1,"Up Scan","Positive",254,0,4.37,1.6,8,8,0,1,1,14.624,25.691,18.405,11.14,1.963,9112.14,40,20.9,NA,0,0,0,0,0,0,0,0,0,0,0,0,0,0,0,0,0,0,0,0,0,0,0,0,0,0,0,0,0,0,0,21880.64,22163.456,24407.68,24043.744,24398.688,23431.2,20588.16,17661.792,14131.424,10870.176,8389.024,6771.072,5066.464,4189.44,4494.912,4156.288,4463.36,3907.072,3875.04,3924.832,3696.576,3308.608,3020.288,2529.952,2348.32,2029.024,1592.608,1342.752,1240.064,1352.544,1269.088,1374.08,1412.512,1407.04,1330.336,1239.008,1278.944,1125.504,954.272,863.712,731.2,637.44,570.144,523.936,451.424,322.944,265.152,206.016,106.048,77.568,54.368,45.696,18.816,23.648,7.584,4.736,3.264,5.088,0,3.584,0,0,0,0,0,0,0,0,0,0,0,0,0,0,0,0,0,0,0,0,0,0,0,0,0,0,0,0,0,0,0,0,0,0,0,5.25,8.912,13.107,19.531,25.061,31.884,37.661,39.613,40.077,37.15,32.785,28.652,25.993,21.762,20.025,23.626,23.976,27.909,26.593,28.348,30.849,31.052,29.572,28.728,25.879,25.827,24.206,21.016,19.605,19.743,21.793,21.93,23.989,24.812,25.072,24.057,22.589,23.032,20.677,17.692,15.365,13.068,10.858,9.39,8.296,7.109,4.923,4.067,3.005,1.557,1.113,0.773,0.651,0.264,0.306,0.097,0.059,0.04,0.06,0,0.039,0.014,0,0,0,0
2026-09-01 13:58:00,1,"Normal Scan","Normal Scan",0,"ON",1,1,1,737.7,5,19.7,98.2,43.6,0.0000000684415,0.0000181665,4.97,8954.6,8.8,736.5,1,"Up Scan","Positive",254,0,4.37,1.6,8,8,0,1,1,14.062,23.429,17.286,11.971,1.885,7299.72,40,20.9,NA,0,0,0,0,0,0,0,0,0,0,0,0,0,0,0,0,0,0,0,0,0,0,0,0,0,0,0,0,0,0,0,18690.688,19565.952,21096.608,21877.76,21457.28,19563.008,17424.672,14271.744,11430.464,8888.416,6812.224,4956.512,3637.92,3054.24,2609.856,2312.512,2088.704,2302.336,2200.704,2276.32,2333.184,2207.84,2116.384,1753.536,1799.36,1588.032,1407.552,1185.792,1055.552,977.856,976.704,884.16,923.776,913.856,929.6,940.704,828.448,758.208,554.144,534.016,397.888,390.464,352.736,322.848,302.688,200.192,156.288,87.936,75.456,36.032,22.112,11.2,18.848,5.888,9.344,6.08,0,0,5.216,3.232,0,0,0,0,0,0,0,0,0,0,0,0,0,0,0,0,0,0,0,0,0,0,0,0,0,0,0,0,0,0,0,0,0,0,0,4.35,7.605,11.607,16.952,22.742,28.085,31.446,33.565,32.375,30.063,26.717,23.218,18.965,15.568,14.52,13.713,13.406,13.264,15.798,16.28,18.209,19.899,20.035,20.445,18.151,19.691,18.719,17.759,16.41,15.719,15.588,16.385,15.527,15.939,16.007,16.073,16.431,14.778,13.528,10.543,9.46,7.045,6.605,5.681,5.05,4.569,3.101,2.347,1.389,1.1,0.502,0.351,0.167,0.283,0.077,0.119,0.076,0,0,0.061,0.039,0.014,0,0,0,0
2026-09-01 14:03:00,1,"Normal Scan","Normal Scan",0,"ON",1,1,1,737.6,5,19.6,98.2,43.9,0.0000000684117,0.0000181617,4.97,8954.6,8.8,736.5,1,"Up Scan","Positive",254,0,4.37,1.6,8,8,0,1,1,14.987,22.763,17.633,12.864,1.789,7764.52,40,20.8,NA,0,0,0,0,0,0,0,0,0,0,0,0,0,0,0,0,0,0,0,0,0,0,0,0,0,0,0,0,0,0,0,16290.176,18214.976,18779.104,19747.616,20724.672,19431.712,18245.76,16359.456,13079.552,11359.072,9108.64,7953.984,6522.784,6058.368,5382.656,5010.208,4887.808,4044.16,3204.576,2618.784,2248.992,2089.376,1805.088,1484.352,1213.856,986.368,817.12,756.416,693.536,620.032,621.344,724.64,721.728,668.96,695.648,726.24,611.136,557.376,488.256,473.024,391.744,352.704,343.456,358.272,281.824,232.736,175.904,95.84,76.16,36.128,27.584,16.672,9.088,12.768,9.152,3.136,3.232,1.664,7.008,1.792,0,0,0,0,0,0,0,0,0,0,0,0,0,0,0,0,0,0,0,0,0,0,0,0,0,0,0,0,0,0,0,0,0,0,0,4.171,6.66,10.753,15.082,20.525,27.094,31.261,35.263,37.09,34.472,34.252,31.154,30.574,27.923,28.65,27.865,28.386,30.07,26.99,23.087,20.353,18.702,18.494,17.123,15.082,13.205,11.811,10.81,10.922,10.565,10.508,10.893,12.647,12.672,12.461,12.756,13.204,11.758,10.944,9.396,8.855,7.042,6.07,5.595,5.567,4.367,3.492,2.684,1.5,1.102,0.523,0.403,0.279,0.12,0.165,0.116,0.039,0.04,0.02,0.082,0.019,0,0,0,0,0
2026-09-01 14:08:00,1,"Normal Scan","Normal Scan",0,"ON",1,1,1,737.9,5,19.9,98.2,43.7,0.0000000685011,0.0000181761,4.97,8954.6,8.8,736.5,1,"Up Scan","Positive",254,0,4.37,1.6,8,8,0,1,1,14.447,27.764,18.863,11.971,2.06,7029.76,41,20.8,NA,0,0,0,0,0,0,0,0,0,0,0,0,0,0,0,0,0,0,0,0,0,0,0,0,0,0,0,0,0,0,0,16447.072,17878.08,19171.616,20639.872,19571.488,17270.624,14889.92,12914.848,9540.608,7608.384,5626.752,4416.384,3842.048,3461.792,3227.584,3264.64,3084.992,2894.528,2818.336,2764.576,2599.36,2784.096,2620.096,2221.408,1923.936,1630.464,1480.512,1325.984,1018.784,1019.52,1100.224,1113.632,1058.848,1026.464,993.056,898.912,963.584,1006.784,993.12,984.736,953.152,792.832,717.28,591.584,475.616,324.928,264.896,216.864,154.944,109.568,62.24,59.744,42.944,38.304,13.76,17.344,6.528,3.36,5.216,3.584,0,0,0,0,0,0,0,0,0,0,0,0,0,0,0,0,0,0,0,0,0,0,0,0,0,0,0,0,0,0,0,0,0,0,0,4.526,6.736,10.579,15.326,21.482,25.556,27.755,28.649,29.284,25.083,22.913,19.23,16.961,16.474,16.482,16.935,18.767,19.465,19.867,20.808,21.897,22.044,25.039,25.038,22.591,21.04,19.472,19.069,18.234,15.868,16.77,18.7,20.109,20.32,20.719,20.734,18.873,19.548,19.674,18.323,17.635,16.351,13.523,11.968,9.565,7.631,5.201,4.178,3.286,2.332,1.574,0.916,0.837,0.585,0.498,0.175,0.216,0.08,0.04,0.061,0.039,0.014,0,0,0,0
2026-09-01 14:13:00,1,"Normal Scan","Normal Scan",0,"ON",1,1,1,738.5,5,20.8,98.2,43.9,0.000000068769,0.0000182193,4.97,8954.6,8.8,736.5,1,"Up Scan","Positive",254,0,4.37,1.6,8,8,0,1,1,14.22,22.203,17.121,11.14,1.8,8412.76,41,21.2,NA,0,0,0,0,0,0,0,0,0,0,0,0,0,0,0,0,0,0,0,0,0,0,0,0,0,0,0,0,0,0,0,20794.432,22807.264,24921.344,24084.864,23461.056,21057.056,18265.696,14918.272,12444.8,10219.424,8023.328,6794.944,6278.72,5829.088,5228.8,4675.936,4176.512,3934.016,3681.696,3351.008,3037.088,2542.688,2181.248,1685.856,1280.896,1237.728,988.032,769.792,693.216,685.664,643.776,746.304,745.536,753.12,783.392,789.952,660.032,619.84,556.352,397.248,396.416,387.84,361.536,336.064,270.816,244.288,172.768,99.488,76.768,50.88,24.768,7.84,15.584,7.392,3.072,0,1.632,3.392,1.76,0,0,0,0,0,0,0,0,0,0,0,0,0,0,0,0,0,0,0,0,0,0,0,0,0,0,0,0,0,0,0,0,0,0,0,0,4.814,8.489,13.441,19.916,24.919,30.618,33.781,35.175,33.816,32.759,30.811,27.404,26.09,26.862,27.612,27.244,26.669,25.906,26.402,26.509,25.891,25.148,22.467,20.515,16.996,13.969,14.52,12.71,11.093,10.925,11.563,11.475,13.074,13.316,13.274,14.004,14.263,12.518,11.652,10.419,7.838,7.107,6.493,5.966,5.224,4.041,3.712,2.572,1.448,1.081,0.738,0.366,0.111,0.207,0.096,0.039,0,0.02,0.04,0.02,0,0,0,0,0,0
2026-09-01 14:18:00,1,"Normal Scan","Normal Scan",0,"ON",1,1,1,738.3,5,20.5,98.2,44,0.0000000686797,0.0000182049,4.97,8954.6,8.8,736.5,1,"Up Scan","Positive",254,0,4.37,1.6,8,8,0,1,1,14.805,21.463,17.217,11.14,1.734,10351.4,39,21.2,NA,0,0,0,0,0,0,0,0,0,0,0,0,0,0,0,0,0,0,0,0,0,0,0,0,0,0,0,0,0,0,0,26101.216,26095.488,27434.304,26178.592,25482.368,24316.896,23002.304,20115.936,16561.024,14043.712,11437.024,9840.736,8977.056,8417.376,8210.304,7563.744,6552.64,5842.56,5239.648,4762.08,3924.064,3088.288,2233.024,1769.888,1413.824,1157.152,949.664,774.304,665.568,565.472,650.048,678.112,718.08,666.432,689.376,695.072,615.552,539.232,552.832,425.408,384.224,375.52,342.368,304.864,281.856,192.384,129.856,104.768,64.32,27.136,27.232,28.992,14.24,8.96,4.576,3.168,0,3.392,0,0,0,0,0,0,0,0,0,0,0,0,0,0,0,0,0,0,0,0,0,0,0,0,0,0,0,0,0,0,0,0,0,0,0,0,0,6.341,10.555,15.305,21.915,27.155,33.132,39.119,44.321,45.658,43.628,42.375,39.116,37.835,38.468,39.867,42.69,42.926,40.351,38.821,37.443,36.476,32.153,27.068,20.952,17.717,15.184,13.492,12.252,10.927,10.335,9.886,11.16,11.866,12.834,12.166,12.596,12.783,11.566,10.354,10.347,7.713,6.795,6.361,5.456,4.742,4.425,2.945,1.971,1.539,0.922,0.396,0.384,0.39,0.189,0.115,0.058,0.039,0,0.04,0,0,0,0,0,0,0
2026-09-01 14:23:00,1,"Normal Scan","Normal Scan",0,"ON",1,1,1,737.9,5,20,98.2,43.6,0.0000000685308,0.0000181809,4.97,8954.6,8.8,736.5,1,"Up Scan","Positive",254,0,4.37,1.6,8,8,0,1,1,14.51,20.681,16.812,11.14,1.7,11341.4,40,21.1,NA,0,0,0,0,0,0,0,0,0,0,0,0,0,0,0,0,0,0,0,0,0,0,0,0,0,0,0,0,0,0,0,27561.696,30026.784,30572.96,30196.032,30559.008,28421.824,25840.288,21662.56,18419.552,14808.992,12388.096,10422.528,9406.624,9014.976,8605.44,8002.24,7469.056,6352.288,5246.368,4261.888,3391.968,2779.424,2219.712,1709.28,1305.088,1074.016,879.328,793.312,627.232,588.64,596.416,621.088,652.384,709.536,665.664,665.472,654.56,607.712,504.832,403.232,388.16,380.96,330.304,252,272.704,198.4,148.64,90.112,51.296,46.816,24.064,16.608,12.768,8.864,9.184,4.768,0,1.664,0,0,0,0,0,0,0,0,0,0,0,0,0,0,0,0,0,0,0,0,0,0,0,0,0,0,0,0,0,0,0,0,0,0,0,0,0,6.622,11.253,17.66,24.504,31.376,39.833,45.704,49.799,49.24,48.523,44.745,42.408,40.097,40.331,42.631,44.596,45.24,45.807,42.102,37.434,32.664,27.864,24.381,20.826,17.063,14.159,12.559,11.276,11.159,9.946,9.877,10.77,11.3,11.893,12.608,12.2,12.374,12.084,11.054,9.517,7.539,6.837,6.246,5.416,4.016,4.174,3.018,2.231,1.372,0.751,0.667,0.33,0.223,0.17,0.115,0.116,0.059,0,0.02,0,0,0,0,0,0,0
2026-09-01 14:28:00,1,"Normal Scan","Normal Scan",0,"ON",1,1,1,737.8,5,19.8,98.2,43.5,0.0000000684713,0.0000181713,4.97,8954.6,8.8,736.5,1,"Up Scan","Positive",254,0,4.37,1.6,8,8,0,1,1,15.467,22.001,17.989,12.864,1.724,12845.4,40,21,NA,0,0,0,0,0,0,0,0,0,0,0,0,0,0,0,0,0,0,0,0,0,0,0,0,0,0,0,0,0,0,0,28524.768,29421.408,30182.016,30749.056,31172.704,28591.616,25738.592,22933.632,19227.968,15221.92,12936.096,12202.784,12749.344,13972.352,13306.624,11977.792,10927.392,9716.448,10091.072,9021.6,7165.568,4983.328,3361.952,2208.032,1605.056,1262.944,959.744,851.264,664.352,610.4,558.912,644.896,701.76,670.208,731.776,803.424,737.952,549.056,557.376,458.144,421.472,327.424,322.048,304.512,240.288,224.96,151.52,100.416,58.336,51.712,34.272,18.016,21.472,11.84,3.04,6.336,3.264,0,0,0,0,0,0,0,0,0,0,0,0,0,0,0,0,0,0,0,0,0,0,0,0,0,0,0,0,0,0,0,0,0,0,0,0,0,0,6.498,11.65,17.267,24.169,32.046,40.746,45.94,49.611,52.181,50.782,46.115,44.49,47.168,54.813,66.389,69.403,68.168,67.275,64.442,71.574,68.371,58.034,43.076,31.089,21.923,17.08,14.452,12.358,11.796,10.387,10.742,10.553,11.661,12.493,12.494,13.299,14.139,13.258,10.471,10.242,8.622,7.253,5.762,5.255,4.86,3.743,3.484,2.295,1.466,0.887,0.727,0.471,0.242,0.283,0.153,0.039,0.079,0.04,0,0,0,0,0,0,0,0
2026-09-01 14:33:00,1,"Normal Scan","Normal Scan",0,"ON",1,1,1,737.7,5,19.7,98.2,43.7,0.0000000684415,0.0000181665,4.97,8954.6,8.8,736.5,1,"Up Scan","Positive",254,0,4.37,1.6,8,8,0,1,1,15.66,23.021,18.52,9.647,1.783,12573.4,40,20.9,NA,0,0,0,0,0,0,0,0,0,0,0,0,0,0,0,0,0,0,0,0,0,0,0,0,0,0,0,0,0,0,0,31724.512,30140.992,31452.8,29552.992,27668.864,25287.904,21189.248,19072.64,16260.768,14229.312,12506.752,11556.224,11307.936,10233.472,10289.952,10995.872,13939.584,13803.168,12356.064,9748.864,7712.544,5453.472,3658.272,2810.72,2247.904,1970.912,1874.304,1493.472,1331.2,1131.072,963.04,884.576,756.096,828.608,757.216,663.264,614.496,618.688,544.64,412.064,418.112,352.864,338.912,322.912,255.232,208.512,166.848,81.504,60.128,28.512,28.16,18.048,5.696,0,7.616,6.304,0,1.696,1.76,0,0,0,0,0,0,0,0,0,0,0,0,0,0,0,0,0,0,0,0,0,0,0,0,0,0,0,0,0,0,0,0,0,0,0,0,8.294,12.919,17.765,25.108,30.619,36.203,40.663,40.844,43.345,42.943,43.055,43.016,44.887,49.11,49.252,54.202,63.02,85.638,91.196,87.624,74.247,62.999,47.944,34.576,28.466,24.342,22.561,22.565,19.412,18.551,16.821,14.95,14.75,13.386,14.446,13.671,12.219,11.648,11.493,10.046,7.744,7.401,5.807,5.359,5.076,3.947,3.084,2.442,1.239,0.887,0.397,0.403,0.26,0.076,0,0.097,0.079,0,0.02,0.02,0,0,0,0,0,0
2026-09-01 14:38:00,1,"Normal Scan","Normal Scan",0,"ON",1,1,1,737.6,5,19.6,98.2,43.9,0.0000000684117,0.0000181617,4.97,8954.6,8.8,736.5,1,"Up Scan","Positive",254,0,4.37,1.6,8,8,0,1,1,15.977,22.188,18.16,11.14,1.722,14562,41,20.8,NA,0,0,0,0,0,0,0,0,0,0,0,0,0,0,0,0,0,0,0,0,0,0,0,0,0,0,0,0,0,0,0,32871.808,33873.6,35415.552,32156.704,30787.392,28583.072,26923.456,25073.6,21746.112,18835.84,18007.424,16654.688,16693.856,16789.824,16850.464,15951.392,14641.216,11892.544,8805.056,7322.976,5898.208,4792.416,3553.888,2982.176,2432.928,2081.312,1733.376,1379.104,1107.776,893.76,662.4,593.792,685.248,808.672,726.944,743.52,667.296,623.04,539.008,454.08,414.624,405.088,357.632,323.488,358.304,280.416,189.888,129.024,93.12,59.744,49.056,24.672,13.856,17.76,7.616,11.104,3.264,5.088,1.728,2.72,0,0,0,0,0,0,0,0,0,0,0,0,0,0,0,0,0,0,0,0,0,0,0,0,0,0,0,0,0,0,0,0,0,0,0,8.74,13.441,19.974,28.243,33.401,40.34,46.014,51.949,57.041,57.466,57.128,61.951,64.296,71.708,79.328,87.235,90.067,89.498,78.628,62.952,56.29,48.623,42.244,33.436,29.809,25.702,23.167,20.582,17.979,15.908,13.906,11.68,11.055,12.696,14.186,13.501,13.974,12.599,12.019,10.888,8.895,7.66,7.074,6.06,5.301,5.581,4.281,2.941,1.92,1.473,0.865,0.717,0.35,0.264,0.23,0.097,0.138,0.04,0.06,0.02,0.032,0.06,0,0,0,0
2026-09-01 14:43:00,1,"Normal Scan","Normal Scan",0,"ON",1,1,1,737.6,5,19.5,98.2,44.2,0.000000068382,0.0000181569,4.97,8954.6,8.8,736.5,1,"Up Scan","Positive",254,0,4.37,1.6,8,8,0,1,1,14.866,21.359,17.409,10.366,1.725,13532.6,41,20.7,NA,0,0,0,0,0,0,0,0,0,0,0,0,0,0,0,0,0,0,0,0,0,0,0,0,0,0,0,0,0,0,0,36079.072,36678.144,35621.76,34925.632,31779.616,29178.912,24890.912,21557.376,17705.376,15531.936,13861.664,13618.304,13441.664,13446.176,13303.936,12435.84,12032.608,10791.424,8675.808,7011.168,5208.288,3604.928,2623.84,2140.288,1748.16,1484.928,1445.056,1239.392,939.648,816.864,791.072,704.704,785.376,802.528,755.264,726.592,629.728,620.064,617.216,472.064,426.08,359.424,350.496,277.152,253.408,233.664,140.8,103.392,61.152,39.744,30.656,17.984,4.32,8.832,3.04,1.6,3.296,3.36,0,0,0,0,0,0,0,0,0,0,0,0,0,0,0,0,0,0,0,0,0,0,0,0,0,0,0,0,0,0,0,0,0,0,0,0,0,8.522,14.724,21.534,28.565,36.251,41.635,46.948,48.018,49.013,46.794,47.113,47.694,52.667,57.857,63.795,69.073,70.315,73.542,71.14,61.593,53.483,42.705,31.88,24.958,21.589,18.925,17.201,17.743,16.54,13.868,13.124,13.116,12.461,14.188,14.216,13.684,13.248,11.859,11.347,11.106,8.736,7.39,6.073,5.678,4.414,3.886,3.487,2.113,1.493,0.888,0.603,0.421,0.242,0.057,0.115,0.039,0.02,0.04,0.04,0,0,0,0,0,0,0
2026-09-01 14:48:00,1,"Normal Scan","Normal Scan",0,"ON",1,1,1,737.6,5,19.5,98.2,44.5,0.000000068382,0.0000181569,4.97,8954.6,8.8,736.5,1,"Up Scan","Positive",254,0,4.37,1.6,8,8,0,1,1,13.041,19.371,15.134,11.14,1.712,8045.04,41,20.7,NA,0,0,0,0,0,0,0,0,0,0,0,0,0,0,0,0,0,0,0,0,0,0,0,0,0,0,0,0,0,0,0,27487.488,26733.152,29282.912,27511.52,26324.512,23201.6,19634.464,15177.888,11666.944,8081.792,5495.776,3802.176,3075.072,2630.912,2160.448,2069.792,1841.248,1850.88,1628.48,1416.608,1336.448,1232.48,1171.584,1077.248,1037.216,820.096,723.712,588.384,536.544,414.336,361.28,447.456,609.216,648.416,608.288,544.96,560.032,524,519.104,442.464,377.728,355.072,315.616,305.024,228.672,207.008,120.928,102.56,52.768,21.696,19.712,14.912,9.088,7.36,3.008,6.304,6.56,6.72,3.52,0,0,0,0,0,0,0,0,0,0,0,0,0,0,0,0,0,0,0,0,0,0,0,0,0,0,0,0,0,0,0,0,0,0,0,0,6.935,11.226,15.763,23.419,28.631,34.426,37.234,37.781,34.367,30.663,24.247,18.741,14.576,13.141,12.455,11.263,11.808,11.468,12.483,11.932,11.239,11.326,11.164,11.202,10.936,11.105,9.478,9.271,8.651,8.648,7.548,7.349,8.595,11.27,12.025,11.367,10.559,10.576,10.046,9.445,8.104,6.66,5.952,4.983,4.712,3.54,3.179,1.849,1.499,0.825,0.397,0.293,0.223,0.151,0.096,0.039,0.079,0.08,0.081,0.041,0,0.028,0,0,0,0
2026-09-01 14:53:00,1,"Normal Scan","Normal Scan",0,"ON",1,1,1,737.6,5,19.5,98.2,44.6,0.000000068382,0.0000181569,4.97,8954.6,8.8,736.5,1,"Up Scan","Positive",254,0,4.37,1.6,8,8,0,1,1,12.838,19.461,15.039,9.647,1.736,8048.83,41,20.6,NA,0,0,0,0,0,0,0,0,0,0,0,0,0,0,0,0,0,0,0,0,0,0,0,0,0,0,0,0,0,0,0,30992.48,28014.528,29516.832,28630.848,25600.576,23347.456,18208.224,14643.328,10494.752,7252.96,5173.6,3560.096,2496.736,2042.272,1584.832,1482.4,1501.28,1420.16,1482.816,1454.72,1581.28,1594.848,1543.744,1274.4,1188.128,1007.968,836.8,761.408,598.368,527.68,476.416,542.304,567.136,606.592,625.984,643.136,609.504,543.84,497.888,498.944,390.528,377.12,284.32,276.608,240.32,164.96,129.344,108.928,61.088,33.408,20.64,17.952,9.984,2.944,9.184,4.704,0,1.696,1.728,0,0,0,0,0,0,0,0,0,0,0,0,0,0,0,0,0,0,0,0,0,0,0,0,0,0,0,0,0,0,0,0,0,0,0,0,8.478,12.672,16.528,23.593,29.756,33.476,37.468,34.973,33.149,27.537,21.778,17.614,13.613,10.654,9.687,8.329,8.616,9.551,9.863,11.007,11.652,13.403,14.37,14.709,12.922,12.81,11.631,10.643,10.484,9.42,9.136,8.968,10.17,10.607,11.566,11.681,12.007,11.067,10.191,9.262,8.74,6.874,6.317,4.599,4.334,3.708,2.5,1.918,1.656,0.879,0.469,0.311,0.242,0.132,0.038,0.116,0.059,0,0.02,0.02,0,0,0,0,0,0
2026-09-01 14:58:00,1,"Normal Scan","Normal Scan",0,"ON",1,1,1,737.5,5,19.4,98.2,44.8,0.0000000683522,0.0000181521,4.97,8954.6,8.8,736.5,1,"Up Scan","Positive",254,0,4.37,1.6,8,8,0,1,1,13.77,20.035,16.089,9.647,1.706,10000.7,41,20.6,NA,0,0,0,0,0,0,0,0,0,0,0,0,0,0,0,0,0,0,0,0,0,0,0,0,0,0,0,0,0,0,0,30255.168,29518.24,29559.456,30189.088,28944.928,26971.872,23466.432,18281.248,14080.576,10831.84,8524.704,7255.104,6662.88,6437.6,5977.536,5671.584,5066.016,4663.392,3881.6,3391.232,2736.896,2204.416,1676.256,1522.048,1212.864,1042.88,833.12,725.76,570.912,427.904,423.52,457.76,461.312,547.456,607.008,588.256,567.84,548.96,547.296,484.896,418.688,373.984,319.68,287.904,240.128,173.024,160.096,84.576,47.648,38.688,20.032,11.072,8.896,7.456,3.072,4.736,3.232,1.664,0,1.408,0,0,0,0,0,0,0,0,0,0,0,0,0,0,0,0,0,0,0,0,0,0,0,0,0,0,0,0,0,0,0,0,0,0,0,8.104,12.347,17.41,23.677,31.399,37.908,43.368,45.216,41.479,37.1,32.723,29.192,27.905,28.594,30.485,31.092,32.17,31.179,30.976,27.85,26.125,22.642,19.439,15.89,15.2,12.854,11.97,10.288,9.837,8.952,7.811,8.187,8.926,9.529,10.744,11.624,11.258,10.797,10.296,9.848,8.661,7.257,6.218,5.093,4.52,3.648,2.628,2.378,1.275,0.73,0.557,0.275,0.149,0.151,0.096,0.039,0.059,0.04,0.02,0,0.019,0.014,0,0,0,0
2026-09-01 15:03:00,1,"Normal Scan","Normal Scan",0,"ON",1,1,1,737.4,5,19.3,98.2,44.9,0.0000000683224,0.0000181473,4.97,8954.6,8.8,736.5,1,"Up Scan","Positive",254,0,4.37,1.6,8,8,0,1,1,13.844,21.119,16.455,11.14,1.765,9600.76,42,20.5,NA,0,0,0,0,0,0,0,0,0,0,0,0,0,0,0,0,0,0,0,0,0,0,0,0,0,0,0,0,0,0,0,29112.032,28360.288,29418.816,27718.688,26733.824,24422.656,21074.336,17911.744,13167.456,10779.072,8148.064,7336.32,6390.848,5559.712,5224.928,4982.528,4920.768,4860.064,4226.432,3621.12,2930.112,2364.576,2025.248,1660.896,1354.208,1167.136,1008.096,804.768,700.704,567.712,459.2,517.152,571.552,545.728,628.832,692.704,623.264,602.72,669.376,573.856,519.136,455.584,408.8,398.656,279.232,232.576,163.936,103.52,75.104,47.68,23.936,25.664,23.008,11.84,1.536,0,6.464,1.696,6.944,1.408,0,0,0,0,0,0,0,0,0,0,0,0,0,0,0,0,0,0,0,0,0,0,0,0,0,0,0,0,0,0,0,0,0,0,0,7.96,11.922,16.703,23.644,28.786,35.059,39.32,40.63,40.676,34.683,32.509,27.891,28.218,27.439,26.42,27.274,28.412,30.379,32.391,30.355,27.921,24.28,20.989,19.096,16.71,14.498,13.25,12.532,11.003,10.403,9.87,9.1,10.201,11.422,11.607,12.702,13.332,12.321,11.905,11.958,10.456,8.922,7.589,6.613,6.183,4.367,3.608,2.519,1.505,1.118,0.667,0.403,0.353,0.321,0.153,0.019,0,0.08,0.02,0.082,0.019,0,0,0,0,0
2026-09-01 15:08:00,1,"Normal Scan","Normal Scan",0,"ON",1,1,1,737.3,5,19.2,98.2,45.3,0.0000000682927,0.0000181425,4.97,8954.6,8.8,736.5,1,"Up Scan","Positive",254,0,4.37,1.6,8,8,0,1,1,13.441,20.669,15.937,9.647,1.767,8908.36,42,20.4,NA,0,0,0,0,0,0,0,0,0,0,0,0,0,0,0,0,0,0,0,0,0,0,0,0,0,0,0,0,0,0,0,30265.984,29536.448,28307.2,26369.344,25740.992,23626.592,20016.512,16125.76,12442.304,9540.576,7193.216,5609.536,5255.008,4722.176,4155.808,4043.84,3553.408,2864.288,2464.352,2164.352,1869.6,1759.968,1600.064,1444.928,1349.984,1126.976,998.304,814.496,632.928,547.968,514.176,498.784,611.04,622.88,708.704,695.328,627.456,723.2,660.608,637.76,564.032,457.184,372.672,345.408,256.224,231.296,126.272,94.688,72.224,32.544,15.52,26.144,2.208,10.368,1.536,4.736,4.928,1.696,3.456,1.376,0,0,0,0,0,0,0,0,0,0,0,0,0,0,0,0,0,0,0,0,0,0,0,0,0,0,0,0,0,0,0,0,0,0,0,8.148,12.374,17.359,22.593,27.404,33.734,37.988,38.522,36.599,32.761,28.746,24.594,21.551,22.449,22.305,21.565,22.932,21.937,19.269,17.946,17.04,15.815,15.848,15.337,14.607,14.415,12.987,12.363,11.306,9.951,9.724,9.888,10.289,12.044,12.872,13.913,13.365,12.022,13.203,11.674,11.202,9.335,7.463,5.994,5.29,4.047,3.439,1.942,1.382,1.101,0.487,0.257,0.354,0.076,0.134,0.019,0.059,0.06,0.02,0.041,0.019,0.028,0,0,0,0
2026-09-01 15:13:00,1,"Normal Scan","Normal Scan",0,"ON",1,1,1,737.6,5,19.5,98.2,45.3,0.000000068382,0.0000181569,4.97,8954.6,8.8,736.5,1,"Up Scan","Positive",254,0,4.37,1.6,8,8,0,1,1,12.937,21.295,15.861,9.647,1.834,7554.7,42,20.5,NA,0,0,0,0,0,0,0,0,0,0,0,0,0,0,0,0,0,0,0,0,0,0,0,0,0,0,0,0,0,0,0,32125.568,29368.256,25724.064,22663.744,19611.456,17056.8,13643.68,10730.912,8369.12,7196.576,6138.688,5454.144,4568.16,3888.704,3264.768,2724.672,2326.656,2086.816,2024.608,1939.712,1772.192,1731.648,1727.232,1468.736,1306.624,1214.592,983.04,768.352,587.68,553.856,454.24,507.2,510.272,575.968,588.928,706.208,659.264,706.944,653.664,606.56,632.416,431.456,427.616,357.792,278.336,230.272,143.52,114.624,56.512,33.44,15.072,16.544,8.64,5.888,4.576,1.6,0,1.696,0,0,0,0,0,0,0,0,0,0,0,0,0,0,0,0,0,0,0,0,0,0,0,0,0,0,0,0,0,0,0,0,0,0,0,0,0,8.739,13.142,17.191,20.53,23.487,25.588,27.414,26.318,24.359,22.051,21.717,20.958,20.879,19.479,18.345,16.995,15.537,14.558,14.247,14.898,15.384,15.056,15.626,16.349,14.821,13.984,13.715,12.128,10.584,9.162,9.702,9.101,10.443,11,11.983,12.611,13.407,12.834,13.132,11.721,10.633,10.451,7.195,6.718,5.453,4.236,3.45,2.124,1.673,0.825,0.469,0.22,0.223,0.132,0.077,0.058,0.02,0,0.02,0,0,0.014,0,0,0,0
2026-09-01 15:18:00,1,"Normal Scan","Normal Scan",0,"ON",1,1,1,737.9,5,20,98.2,45.6,0.0000000685308,0.0000181809,4.97,8954.6,8.8,736.5,1,"Up Scan","Positive",254,0,4.37,1.6,8,8,0,1,1,12.475,21.829,15.694,9.647,1.885,7131.6,42,20.6,NA,0,0,0,0,0,0,0,0,0,0,0,0,0,0,0,0,0,0,0,0,0,0,0,0,0,0,0,0,0,0,0,32103.584,30606.752,27256.608,22965.184,18762.08,14027.776,11468.384,9263.392,7356.096,5579.84,5169.376,4609.664,3816.416,2937.312,2384.352,1941.216,1728.448,1611.968,1407.136,1499.68,1632.768,1655.84,1651.104,1544.736,1478.208,1206.528,1042.848,849.088,675.936,576.16,557.312,435.584,580.384,548.768,624.704,729.792,725.472,734.048,680.992,668.448,603.552,518.272,433.856,371.648,326.464,286.24,214.784,131.168,91.488,48.64,30.528,23.712,11.552,8.864,1.536,3.168,6.496,1.664,1.728,1.792,0,0,0,0,0,0,0,0,0,0,0,0,0,0,0,0,0,0,0,0,0,0,0,0,0,0,0,0,0,0,0,0,0,0,0,9.843,13.043,17.951,21.75,23.714,24.44,22.505,22.052,20.995,19.359,16.783,17.626,17.609,16.258,13.852,12.405,11.15,10.934,11.122,10.637,12.155,14.008,15.046,15.77,15.603,15.744,13.804,12.732,11.541,10.218,10.174,10.618,9.76,12.039,11.91,13.215,14.501,14.029,13.713,12.643,12.265,10.356,8.755,7.035,5.795,5.06,4.299,3.19,1.901,1.372,0.707,0.435,0.335,0.17,0.115,0.019,0.039,0.08,0.02,0.02,0.019,0.014,0,0,0,0
2026-09-01 15:23:00,1,"Normal Scan","Normal Scan",0,"ON",1,1,1,737.7,5,19.7,98.2,45.6,0.0000000684415,0.0000181665,4.97,8954.6,8.8,736.5,1,"Up Scan","Positive",254,0,4.37,1.6,8,8,0,1,1,13.243,25.792,17.747,9.647,2.053,8190.46,42,20.6,NA,0,0,0,0,0,0,0,0,0,0,0,0,0,0,0,0,0,0,0,0,0,0,0,0,0,0,0,0,0,0,0,33249.536,30975.232,27704.896,22752.16,18357.056,14862.464,12463.232,9644.928,7858.688,6364.544,6005.696,5318.368,4708.576,4388.768,3886.496,3447.456,3342.24,3087.104,2859.296,2635.904,2464.8,2431.072,2535.488,2805.472,2942.752,2770.144,2572.16,2003.552,1492.224,1113.216,1053.76,1009.472,975.2,975.872,1036.128,1142.592,1173.824,1344.672,1221.184,1099.488,981.824,777.152,611.04,452.512,364.48,275.744,180.736,128.224,92.192,50.496,31.424,22.4,14.24,4.384,9.216,9.408,3.232,3.36,5.216,1.792,0,0,0,0,0,0,0,0,0,0,0,0,0,0,0,0,0,0,0,0,0,0,0,0,0,0,0,0,0,0,0,0,0,0,0,8.876,13.543,18.147,22.084,23.483,23.935,23.918,24.031,21.897,20.741,19.237,20.535,20.44,20.183,20.821,20.291,19.752,20.891,21.105,21.439,21.622,21.891,23.072,25.009,28.638,31.305,31.234,30.671,25.997,21.656,18.415,19.175,20.021,20.393,20.55,20.989,21.947,21.563,22.96,20.754,18.34,15.844,12.516,9.707,7.036,5.625,4.163,2.673,1.982,1.364,0.723,0.476,0.335,0.189,0.057,0.116,0.118,0.04,0.04,0.061,0.019,0,0,0,0,0
2026-09-01 15:28:00,1,"Normal Scan","Normal Scan",0,"ON",1,1,1,737.6,5,19.5,98.2,45.6,0.000000068382,0.0000181569,4.97,8954.6,8.8,736.5,1,"Up Scan","Positive",254,0,4.37,1.6,8,8,0,1,1,12.59,22.32,16.008,9.647,1.907,7706.82,42,20.5,NA,0,0,0,0,0,0,0,0,0,0,0,0,0,0,0,0,0,0,0,0,0,0,0,0,0,0,0,0,0,0,0,35620.384,31539.776,27891.808,24674.24,19261.856,14842.048,12162.624,9267.072,7626.912,6776.16,5705.6,4692.128,4495.424,3553.44,3167.2,2446.336,2183.36,2023.488,1835.136,1738.176,1858.272,1993.184,1937.376,1747.072,1667.296,1442.368,1172.064,1069.568,883.616,787.168,683.616,653.088,668.768,652.8,778.848,720.896,794.112,755.904,705.664,741.216,667.616,697.568,530.048,407.712,330.08,269.44,151.392,119.456,80.768,37.92,29.856,30.336,10.048,16.16,7.584,4.704,8.192,3.392,0,0,0,0,0,0,0,0,0,0,0,0,0,0,0,0,0,0,0,0,0,0,0,0,0,0,0,0,0,0,0,0,0,0,0,0,0,10.043,14.455,18.53,22.233,25.593,25.082,23.799,23.406,21.075,20.101,20.468,19.488,18.013,19.169,16.765,16.433,14.042,13.783,13.935,13.712,14.084,15.961,18.037,18.633,17.862,17.915,16.613,14.525,14.318,13.24,12.954,12.269,13.025,13.594,13.789,15.677,15.368,15.463,14.237,13.008,12.843,11.263,11.152,8.381,6.349,5.16,4.099,2.353,1.763,1.189,0.595,0.421,0.409,0.151,0.211,0.097,0.059,0.1,0.04,0,0,0.014,0,0,0,0
2026-09-01 15:33:00,1,"Normal Scan","Normal Scan",0,"ON",1,1,1,737.5,5,19.4,98.2,45.8,0.0000000683522,0.0000181521,4.97,8954.6,8.8,736.5,1,"Up Scan","Positive",254,0,4.37,1.6,8,8,0,1,1,12.965,23.892,16.796,9.647,1.975,7256.24,43,20.5,NA,0,0,0,0,0,0,0,0,0,0,0,0,0,0,0,0,0,0,0,0,0,0,0,0,0,0,0,0,0,0,0,32458.368,28259.52,23859.456,21085.632,17664.768,13995.616,11053.056,8700.32,7429.024,6635.872,6121.376,5197.216,4387.328,3842.848,2884.576,2400.96,2092.608,2001.056,1841.92,1997.28,1892.512,2028.096,2142.56,1941.728,1986.56,1695.552,1434.88,1220.448,1052.704,1019.36,934.784,960,918.88,876.544,871.648,880.32,814.464,816.224,785.504,702.592,677.568,620.224,533.568,381.6,326.656,240.544,183.36,120.8,76,56.352,30.336,19.04,10.112,11.84,6.112,7.872,3.264,3.424,6.976,0,0,0,0,0,0,0,0,0,0,0,0,0,0,0,0,0,0,0,0,0,0,0,0,0,0,0,0,0,0,0,0,0,0,0,0,9.019,13.208,16.575,19.026,21.816,23.099,22.493,21.3,19.777,19.614,20.075,20.932,19.918,18.719,18.122,15.045,13.786,13.256,13.873,13.869,16.211,16.442,18.639,20.685,19.97,21.596,19.776,18.135,16.673,15.809,16.015,16.06,16.953,17.185,16.765,16.902,17.136,15.842,14.879,14.181,12.309,11.413,10.078,8.456,6.091,5.011,3.625,2.807,1.817,1.135,0.802,0.486,0.279,0.151,0.153,0.078,0.098,0.04,0.04,0.082,0,0.014,0,0,0,0
2026-09-01 15:38:00,1,"Normal Scan","Normal Scan",0,"ON",1,1,1,737.9,5,19.9,98.2,45.8,0.0000000685011,0.0000181761,4.97,8954.6,8.8,736.5,1,"Up Scan","Positive",254,0,4.37,1.6,8,8,0,1,1,13.573,25.058,17.586,9.647,2.001,6811.33,43,20.6,NA,0,0,0,0,0,0,0,0,0,0,0,0,0,0,0,0,0,0,0,0,0,0,0,0,0,0,0,0,0,0,0,26614.016,24973.376,21440.608,18563.872,14572.064,12216.256,10404.896,8987.328,8218.144,7360.768,6708.064,5572.736,4778.784,3968.192,3205.312,2595.84,2205.76,2130.368,2007.456,2028.096,2099.072,2168.384,2049.28,2122.784,2106.752,1861.056,1710.688,1450.944,1215.456,1087.2,980.64,866.4,861.728,761.92,884.192,832.704,811.488,799.04,822.848,764.704,644.544,575.584,453.536,411.488,307.072,224.16,193.472,102.368,69.376,44.416,35.136,20.544,18.496,13.344,15.264,7.904,8.096,3.36,1.76,3.584,0,0,0,0,0,0,0,0,0,0,0,0,0,0,0,0,0,0,0,0,0,0,0,0,0,0,0,0,0,0,0,0,0,0,0,8.749,10.757,14.654,17.096,19.221,19.061,19.623,20.063,20.428,21.696,22.235,22.878,21.318,20.377,18.723,16.679,14.939,13.959,14.666,15.14,16.524,18.222,20.067,20.128,21.851,22.86,21.48,21.02,19.066,17.303,17.027,16.448,15.705,16.433,15.414,16.936,16.147,15.291,14.845,14.494,13.056,10.931,9.424,7.218,6.485,4.825,3.449,2.963,1.613,1.1,0.64,0.503,0.316,0.245,0.172,0.194,0.098,0.1,0.04,0.02,0.039,0,0,0,0,0
2026-09-01 15:43:00,1,"Normal Scan","Normal Scan",0,"ON",1,1,1,738.1,5,20.2,98.2,46.2,0.0000000685904,0.0000181905,4.97,8954.6,8.8,736.5,1,"Up Scan","Positive",254,0,4.37,1.6,8,8,0,1,1,14.4,28.169,19.033,9.647,2.112,7050.34,43,20.8,NA,0,0,0,0,0,0,0,0,0,0,0,0,0,0,0,0,0,0,0,0,0,0,0,0,0,0,0,0,0,0,0,24908.864,24248.8,21020.032,16467.264,13675.84,11902.752,10277.088,9374.56,8852.64,7946.72,6998.688,6144.48,4687.808,4003.968,3705.248,3072,2806.08,2493.664,2577.6,2510.848,2428.16,2690.24,2695.552,2618.624,2549.728,2380.48,2281.856,1896,1626.08,1423.488,1357.152,1256.576,1112.64,1108.768,1170.368,1053.76,1059.136,1054.08,1041.504,852.576,801.216,770.432,672.096,496.8,392.992,341.376,225.728,157.92,119.136,82.976,85.888,38.816,24.352,30.976,7.616,15.776,6.464,5.088,1.728,1.792,0,0,0,0,0,0,0,0,0,0,0,0,0,0,0,0,0,0,0,0,0,0,0,0,0,0,0,0,0,0,0,0,0,0,0,7.34,10.182,14.223,16.737,17.051,17.83,19.126,19.825,21.304,23.346,23.947,23.865,23.487,20.023,18.945,19.328,17.639,17.73,17.278,19.374,20.435,21.288,25.014,26.471,27.147,27.865,27.789,28.052,24.981,23.314,22.201,22.247,22.036,21.266,21.158,22.021,20.754,20.462,19.403,18.581,15.442,13.71,12.681,10.96,8.251,6.239,5.226,3.559,2.39,1.826,1.171,1.227,0.539,0.34,0.402,0.097,0.197,0.08,0.06,0.02,0.019,0.014,0,0,0,0
2026-09-01 15:48:00,1,"Normal Scan","Normal Scan",0,"ON",1,1,1,737.9,5,19.9,98.2,46.2,0.0000000685011,0.0000181761,4.97,8954.6,8.8,736.5,1,"Up Scan","Positive",254,0,4.37,1.6,8,8,0,1,1,14.459,26.933,18.698,9.647,2.051,6000.42,43,20.7,NA,0,0,0,0,0,0,0,0,0,0,0,0,0,0,0,0,0,0,0,0,0,0,0,0,0,0,0,0,0,0,0,21591.2,18823.904,17278.016,14314.72,12229.888,10699.584,9558.464,8240.224,7710.784,7012.864,6019.808,5223.328,4391.008,3705.568,3141.024,2737.952,2469.92,2293.664,2275.456,2249.152,2307.616,2275.264,2321.024,2348.832,2223.936,2040.576,1709.696,1445.28,1154.528,1032.576,907.616,849.728,783.84,791.264,770.08,758.592,793.824,782.496,772.768,721.12,658.752,549.568,487.008,407.968,332.288,296.032,177.408,120.256,76.096,48.544,29.984,16.928,15.84,10.336,7.68,6.272,6.592,5.088,1.76,1.792,0,0,0,0,0,0,0,0,0,0,0,0,0,0,0,0,0,0,0,0,0,0,0,0,0,0,0,0,0,0,0,0,0,0,0,6.973,8.802,11.103,13.775,14.831,15.997,17.17,18.438,18.736,20.35,21.133,20.56,20.007,18.74,17.548,16.399,15.752,15.572,15.859,17.122,18.261,20.023,20.985,22.498,23.927,23.919,23.218,20.771,18.906,16.6,15.861,15.468,15.298,15.295,15.54,15.569,15.041,15.249,14.578,14.024,12.95,11.038,9.103,7.729,6.412,5.075,4.505,2.679,1.839,1.118,0.739,0.439,0.26,0.226,0.134,0.097,0.079,0.08,0.06,0.02,0.019,0.014,0,0,0,0
2026-09-01 15:53:00,1,"Normal Scan","Normal Scan",0,"ON",1,1,1,737.7,5,19.7,98.2,46.1,0.0000000684415,0.0000181665,4.97,8954.6,8.8,736.5,1,"Up Scan","Positive",254,0,4.37,1.6,8,8,0,1,1,14.618,27.598,18.952,9.647,2.074,5512.14,43,20.7,NA,0,0,0,0,0,0,0,0,0,0,0,0,0,0,0,0,0,0,0,0,0,0,0,0,0,0,0,0,0,0,0,20096.704,17014.784,15182.944,12792.96,11738.72,9215.008,8272.32,7809.44,6972.608,6303.36,5518.656,4929.344,4141.536,3442.944,3118.56,2592.16,2417.792,2169.536,2094.24,2170.944,2328.832,2135.68,2158.08,2124.928,2062.592,1756.992,1553.6,1278.24,1104.48,963.744,873.088,763.168,717.792,818.464,793.312,697.408,835.936,785.856,741.152,649.376,661.824,605.152,439.744,410.336,320.672,235.104,210.144,106.336,58.208,54.656,41.344,23.168,24.64,14.752,12.224,8.928,8.704,5.056,1.728,8.576,0,0,0,0,0,0,0,0,0,0,0,0,0,0,0,0,0,0,0,0,0,0,0,0,0,0,0,0,0,0,0,0,0,0,0,5.657,8.263,9.967,12.095,13.261,15.373,14.845,15.961,17.746,18.398,19.036,18.845,18.909,17.673,16.306,16.261,14.938,15.236,14.978,15.725,17.533,19.997,19.604,20.9,21.701,22.217,20.147,18.913,16.969,16.109,15,14.714,14.457,14.209,15.627,15.771,14.442,15.613,14.602,13.43,11.621,11.318,9.751,7.131,6.557,5.032,3.712,3.189,1.697,0.946,0.811,0.598,0.379,0.359,0.191,0.155,0.111,0.107,0.06,0.02,0.096,0.014,0,0,0,0
2026-09-01 15:58:00,1,"Normal Scan","Normal Scan",0,"ON",1,1,1,737.6,5,19.5,98.2,46.2,0.000000068382,0.0000181569,4.97,8954.6,8.8,736.5,1,"Up Scan","Positive",254,0,4.37,1.6,8,8,0,1,1,15.487,27.909,19.494,9.647,2.05,5819.56,44,20.6,NA,0,0,0,0,0,0,0,0,0,0,0,0,0,0,0,0,0,0,0,0,0,0,0,0,0,0,0,0,0,0,0,18822.88,15692.672,15008.352,13329.28,11363.296,9497.92,8838.72,8269.952,7658.528,7240.224,6599.968,5888.032,5445.92,4649.952,4078.24,3098.72,3137.664,2811.936,2704.352,2580.512,2478.08,2390.4,2214.336,2288.672,1962.848,1803.552,1638.624,1351.808,1098.464,1034.88,885.792,788.32,847.104,756.512,777.952,798.496,800.896,780.512,731.52,746.592,703.584,605.472,473.312,393.664,304.256,249.6,182.656,128.608,79.904,48.128,54.208,35.968,27.2,10.272,10.656,11.04,6.528,3.392,1.728,3.2,0,0,0,0,0,0,0,0,0,0,0,0,0,0,0,0,0,0,0,0,0,0,0,0,0,0,0,0,0,0,0,0,0,0,0,5.023,7.729,9.219,11.958,13.787,14.785,15.282,17.082,18.789,20.21,21.914,22.561,22.59,23.264,21.988,21.258,17.799,19.63,19.2,20.039,20.581,21.184,21.86,21.451,23.318,21.28,20.709,20.119,17.826,15.753,16.103,15.171,14.783,15.986,14.999,15.935,15.855,15.287,14.563,13.362,12.882,11.988,9.953,7.713,6.274,4.921,3.936,2.753,1.985,1.207,0.721,0.769,0.502,0.378,0.134,0.136,0.138,0.08,0.04,0.02,0.038,0,0,0,0,0
2026-09-01 16:03:00,1,"Normal Scan","Normal Scan",0,"ON",1,1,1,738.2,5,20.3,98.2,46.2,0.0000000686201,0.0000181953,4.97,8954.6,8.8,736.5,1,"Up Scan","Positive",254,0,4.37,1.6,8,8,0,1,1,15.551,26.806,19.183,9.647,1.998,6908.06,44,20.8,NA,0,0,0,0,0,0,0,0,0,0,0,0,0,0,0,0,0,0,0,0,0,0,0,0,0,0,0,0,0,0,0,21805.408,19728.192,17041.728,15210.304,13863.616,11408.224,10233.472,10029.504,9095.328,8938.432,8184.832,7282.208,6630.88,6056.864,5317.472,4839.232,4091.328,3505.472,2976.384,2749.76,2619.328,2498.688,2464.512,2387.136,2276.032,2108.96,1874.848,1523.232,1310.912,1119.552,1130.624,968.288,832.16,820.48,816.896,807.808,783.168,844.192,781.344,759.264,638.976,592.192,494.464,402.944,358.848,238.88,210.08,136.192,74.56,53.728,51.872,18.784,22.016,19.264,4.576,6.336,11.488,3.36,1.76,1.472,0,0,0,0,0,0,0,0,0,0,0,0,0,0,0,0,0,0,0,0,0,0,0,0,0,0,0,0,0,0,0,0,0,0,0,6.363,8.825,11.536,13.599,15.737,18.099,18.321,19.765,22.809,24.019,27.025,27.997,27.969,28.323,28.561,27.573,27.477,25.378,23.77,21.99,22.041,22.519,23.022,23.897,24.491,24.622,24.364,22.855,19.945,18.502,17.19,18.278,16.918,15.947,16.33,16.11,15.969,15.2,15.6,14.196,13.235,11.168,9.735,7.915,6.493,5.524,3.775,3.225,1.99,1.172,0.845,0.732,0.26,0.358,0.249,0.058,0.079,0.139,0.04,0.02,0.019,0.042,0,0,0,0
2026-09-01 16:08:00,1,"Normal Scan","Normal Scan",0,"ON",1,1,1,738.5,5,20.7,98.2,46.5,0.0000000687393,0.0000182145,4.97,8954.6,8.8,736.5,1,"Up Scan","Positive",254,0,4.37,1.6,8,8,0,1,1,15.275,27.281,19.117,9.647,2.042,6290.19,43,21.1,NA,0,0,0,0,0,0,0,0,0,0,0,0,0,0,0,0,0,0,0,0,0,0,0,0,0,0,0,0,0,0,0,24716.32,18894.144,15735.264,13119.296,10654.528,9923.68,8687.52,8279.2,7947.712,8013.824,6990.208,6365.344,5941.056,5363.584,4526.048,3834.656,3481.408,2913.632,2583.104,2564.544,2410.72,2320.256,2395.936,2326.24,2249.312,2018.784,1757.216,1463.744,1196.384,1128.864,977.792,865.248,734.688,792.672,786.592,731.648,817.888,842.784,866.368,743.296,658.976,563.328,481.216,355.52,364.576,246.688,212.416,141.344,79.328,68.8,51.52,30.144,27.616,17.696,15.36,4.736,0,0,3.488,1.792,0,0,0,0,0,0,0,0,0,0,0,0,0,0,0,0,0,0,0,0,0,0,0,0,0,0,0,0,0,0,0,0,0,0,0,8.222,10.019,11.049,12.483,13.54,13.922,15.98,16.729,18.903,20.958,24.202,23.896,24.385,25.329,25.273,23.494,21.859,21.658,19.879,19.224,20.61,20.822,21.349,23.184,23.77,24.38,23.011,21.282,19.103,17.13,17.123,16.299,15.67,14.983,15.914,15.749,14.665,15.679,15.383,15.457,13.093,11.502,9.336,7.924,5.795,5.67,3.883,3.22,2.185,1.185,0.957,0.732,0.427,0.415,0.23,0.194,0.059,0,0,0.041,0.02,0.042,0,0,0,0
2026-09-01 16:13:00,1,"Normal Scan","Normal Scan",0,"ON",1,1,1,738.2,5,20.4,98.2,46.5,0.0000000686499,0.0000182001,4.97,8954.6,8.8,736.5,1,"Up Scan","Positive",254,0,4.37,1.6,8,8,0,1,1,15.324,27.928,19.438,9.647,2.06,6054.69,43,21.1,NA,0,0,0,0,0,0,0,0,0,0,0,0,0,0,0,0,0,0,0,0,0,0,0,0,0,0,0,0,0,0,0,19946.304,18166.048,15412.32,13319.968,11893.76,10207.264,8612.352,7874.4,7563.52,7006.976,6848.064,6483.552,6001.952,5214.272,4429.184,3563.52,3062.72,2631.968,2365.92,2315.328,2149.728,2184.8,2258.752,2194.432,2084.096,1813.728,1743.744,1485.536,1441.44,1339.712,1261.472,1095.52,901.696,834.112,863.552,734.016,752.64,764.128,780.224,717.504,630.752,605.824,498.304,434.272,369.984,289.92,191.776,143.648,96.384,48.864,35.616,22.112,18.528,14.816,10.656,4.704,4.896,1.696,6.944,0,0,0,0,0,0,0,0,0,0,0,0,0,0,0,0,0,0,0,0,0,0,0,0,0,0,0,0,0,0,0,0,0,0,0,0,5.957,8.067,10.657,12.245,13.773,15.513,16.422,16.602,17.934,19.926,21.17,23.387,24.855,25.577,24.545,22.972,20.273,19.106,17.996,17.64,18.626,18.661,20.181,22.103,22.88,23.151,21.48,21.672,19.554,20.015,19.892,19.614,18.509,16.644,16.408,16.709,15.123,14.787,14.678,14.371,12.86,10.82,10.118,8.065,6.805,5.662,4.397,2.989,2.133,1.401,0.703,0.567,0.297,0.245,0.191,0.136,0.059,0.06,0.02,0.081,0,0,0,0,0,0
2026-09-01 16:18:00,1,"Normal Scan","Normal Scan",0,"ON",1,1,1,737.9,5,20,98.2,46.3,0.0000000685308,0.0000181809,4.97,8954.6,8.8,736.5,1,"Up Scan","Positive",254,0,4.37,1.6,8,8,0,1,1,15.44,25.111,18.608,9.647,1.916,6640.27,43,21,NA,0,0,0,0,0,0,0,0,0,0,0,0,0,0,0,0,0,0,0,0,0,0,0,0,0,0,0,0,0,0,0,20773.952,18810.208,16544.64,14908.608,13275.52,11599.04,10071.872,9708.288,9058.848,8480.992,8062.048,7610.08,6614.304,5850.432,5533.056,4672.928,4386.368,3944.992,3653.472,3108.96,2795.872,2485.632,2277.792,2133.856,1866.432,1464.064,1287.872,1044.224,923.712,743.104,703.424,621.792,466.944,563.392,528.448,579.456,569.248,624.288,707.328,623.68,569.152,480.48,399.296,355.584,279.328,210.592,153.696,146.848,73.76,38.848,36.192,19.264,17.216,16.16,1.504,3.168,4.96,1.696,1.728,0,0,0,0,0,0,0,0,0,0,0,0,0,0,0,0,0,0,0,0,0,0,0,0,0,0,0,0,0,0,0,0,0,0,0,0,6.08,8.452,11.019,13.219,15.453,17.332,18.666,19.438,22.12,23.943,25.654,27.603,29.244,28.332,27.688,28.748,26.597,27.188,26.552,26.575,24.434,23.427,22.299,21.664,21.487,19.877,16.719,15.578,13.46,12.997,11.622,11.948,11.462,10.378,11.93,11.497,11.945,11.38,12.043,12.616,10.827,9.873,8.079,6.474,5.539,4.335,3.291,2.36,2.104,1.078,0.603,0.51,0.259,0.245,0.211,0.019,0.039,0.06,0.02,0.02,0,0.014,0,0,0,0
2026-09-01 16:23:00,1,"Normal Scan","Normal Scan",0,"ON",1,1,1,737.8,5,19.8,98.2,46.3,0.0000000684713,0.0000181713,4.97,8954.6,8.8,736.5,1,"Up Scan","Positive",254,0,4.37,1.6,8,8,0,1,1,15.407,21.531,17.316,9.647,1.742,10046,43,20.9,NA,0,0,0,0,0,0,0,0,0,0,0,0,0,0,0,0,0,0,0,0,0,0,0,0,0,0,0,0,0,0,0,35310.528,30780.64,26596.704,20761.984,17624.48,15580.8,14111.008,14474.656,14640.608,15295.456,14908.096,13059.168,12047.2,11369.504,11024.512,10248.864,7646.048,6155.264,4857.248,3660.352,2584.8,2050.144,1669.568,1492.896,1349.216,1149.024,938.848,872.128,821.28,794.464,722.08,655.296,552.064,454.912,472.512,432.8,481.728,515.104,547.52,512.128,437.216,369.408,328.288,272.128,237.152,170.784,148.64,96.96,63.808,38.08,31.936,15.008,9.984,11.808,3.04,1.568,9.76,0,1.76,3.616,0,0,0,0,0,0,0,0,0,0,0,0,0,0,0,0,0,0,0,0,0,0,0,0,0,0,0,0,0,0,0,0,0,0,0,10.149,14.353,18.038,21.14,21.481,22.963,25.043,27.356,32.986,38.767,46.286,51.086,50.163,51.482,53.53,56.842,57.505,46.601,40.652,34.639,28.199,21.485,18.304,16.004,15.368,14.85,13.442,11.841,11.53,11.408,11.756,11.532,11.305,10.52,9.771,9.782,9.024,9.628,9.768,9.879,9.043,7.638,6.191,5.339,4.317,3.706,2.6,2.264,1.429,0.98,0.552,0.447,0.242,0.132,0.153,0.039,0.02,0.119,0,0.02,0.039,0,0,0,0,0
2026-09-01 16:28:00,1,"Normal Scan","Normal Scan",0,"ON",1,1,1,738.3,5,20.5,98.2,45.8,0.0000000686797,0.0000182049,4.97,8954.6,8.8,736.5,1,"Up Scan","Positive",254,0,4.37,1.6,8,8,0,1,1,12.088,24.825,16.986,9.647,2.065,4038.44,41,21.1,NA,0,0,0,0,0,0,0,0,0,0,0,0,0,0,0,0,0,0,0,0,0,0,0,0,0,0,0,0,0,0,0,24514.912,19491.808,14794.912,9412.96,6408.928,4968.32,3630.08,3048.704,2590.144,2659.232,2429.024,2328.8,1990.272,1910.08,1777.216,1641.6,1868.288,1946.784,1904.64,1641.824,1533.664,1472.256,1281.376,1136.416,1195.008,1004.544,916.128,919.52,869.248,848.032,933.696,776.576,586.592,504.256,472.672,409.76,416.736,370.432,367.104,353.76,339.072,328.736,265.248,230.784,190.528,182.048,124.576,95.2,49.248,42.976,21.408,11.456,3.584,4.416,6.112,0,1.632,0,3.52,3.296,0,0,0,0,0,0,0,0,0,0,0,0,0,0,0,0,0,0,0,0,0,0,0,0,0,0,0,0,0,0,0,0,0,0,0,7.36,9.958,11.305,11.677,9.669,8.334,7.931,7.002,6.929,6.855,8.04,8.299,8.97,8.581,9.138,9.341,9.489,11.723,13.167,13.889,13.022,13.05,13.429,12.603,12.053,13.47,12.39,11.779,12.066,11.953,12.212,13.763,12.194,10.295,9.262,9.085,8.411,8.18,7.342,7.018,6.568,6.052,5.498,4.369,3.653,2.934,2.71,1.833,1.456,0.709,0.613,0.293,0.204,0.075,0.057,0.078,0,0.02,0,0.041,0.039,0.014,0,0,0,0
2026-09-01 16:33:00,1,"Normal Scan","Normal Scan",0,"ON",1,1,1,738.7,5,21,98.2,45.5,0.0000000688286,0.0000182289,4.97,8954.6,8.8,736.5,1,"Up Scan","Positive",254,0,4.37,1.6,8,8,0,1,1,11.945,22.864,16.093,9.647,1.969,4373.88,40,21.4,NA,0,0,0,0,0,0,0,0,0,0,0,0,0,0,0,0,0,0,0,0,0,0,0,0,0,0,0,0,0,0,0,26749.024,21873.6,16005.44,11841.312,7713.536,5612.704,4083.616,3421.952,3189.856,3173.568,2762.24,2434.176,2190.176,2023.584,1828.288,1853.984,1738.592,1690.304,1862.368,1730.304,1560.32,1355.104,1426.368,1260.512,1193.248,1064.352,854.592,667.904,549.056,468.544,439.456,369.632,453.504,368.896,373.408,323.84,321.248,351.68,332.768,371.232,356.16,372.032,326.464,257.504,207.264,185.76,119.264,78.464,71.808,33.376,28.128,13.792,8.608,10.304,4.576,3.168,3.296,0,0,0,0,0,0,0,0,0,0,0,0,0,0,0,0,0,0,0,0,0,0,0,0,0,0,0,0,0,0,0,0,0,0,0,0,0,0,7.714,10.779,12.753,12.648,12.17,10,8.953,7.861,7.782,8.428,9.571,9.456,9.361,9.402,9.651,9.616,10.662,10.877,11.548,13.64,13.691,13.263,12.273,13.596,12.687,12.694,12.031,10.341,8.831,7.816,7.268,7.236,7.011,8.154,7.709,7.789,7.514,7.251,7.132,6.738,6.9,6.176,6.194,5.261,4.083,3.203,2.8,1.814,1.154,1.049,0.483,0.384,0.186,0.113,0.134,0.058,0.039,0.04,0,0,0,0,0,0,0,0
2026-09-01 16:38:00,1,"Normal Scan","Normal Scan",0,"ON",1,1,1,738.4,5,20.6,98.2,44.8,0.0000000687095,0.0000182097,4.97,8954.6,8.8,736.5,1,"Up Scan","Positive",254,0,4.37,1.6,8,8,0,1,1,14.513,23.636,18.101,9.647,1.881,6609.13,40,21.4,NA,0,0,0,0,0,0,0,0,0,0,0,0,0,0,0,0,0,0,0,0,0,0,0,0,0,0,0,0,0,0,0,28794.304,23614.016,18753.312,15161.152,10291.328,8117.152,6250.24,5342.144,4795.392,4468.64,4784.704,6344.192,7739.936,8443.072,7932.032,7208.832,6554.272,5814.528,4758.624,3845.952,3109.952,2389.152,1984.224,1942.368,1795.232,1607.328,1286.304,993.28,787.2,629.184,489.664,494.592,408.512,431.264,331.616,373.344,370.24,328.032,362.336,375.904,362.784,339.072,252.672,290.752,191.04,160.256,127.2,72.704,73.472,42.944,14.72,16.512,15.616,11.744,12.224,3.136,1.632,0,0,0,0,0,0,0,0,0,0,0,0,0,0,0,0,0,0,0,0,0,0,0,0,0,0,0,0,0,0,0,0,0,0,0,0,0,0,7.92,11.739,13.853,14.938,15.641,13.334,12.998,12.056,12.212,12.773,13.683,16.602,24.598,33.301,39.907,41.045,40.775,40.15,38.556,34.192,29.842,26.033,21.439,18.937,19.466,18.897,17.815,15.182,12.656,10.611,9.149,8.174,8.398,7.79,8.428,7.344,7.914,7.493,7.036,6.971,6.883,6.336,5.715,4.246,4.539,2.955,2.497,1.956,1.134,1.046,0.612,0.201,0.223,0.207,0.153,0.155,0.039,0.02,0,0,0,0,0,0,0,0
2026-09-01 16:43:00,1,"Normal Scan","Normal Scan",0,"ON",1,1,1,738.2,5,20.3,98.2,44.3,0.0000000686201,0.0000181953,4.97,8954.6,8.8,736.5,1,"Up Scan","Positive",254,0,4.37,1.6,8,8,0,1,1,13.644,22.541,17.185,10.366,1.845,7962.6,40,21.3,NA,0,0,0,0,0,0,0,0,0,0,0,0,0,0,0,0,0,0,0,0,0,0,0,0,0,0,0,0,0,0,0,27103.264,28755.136,26113.664,22531.104,18727.584,13827.392,11162.272,8902.24,7739.392,6926.816,6270.048,6384.48,6393.376,6943.904,6769.92,5970.656,5729.952,5588.48,5114.944,4333.216,3340.064,2611.936,1969.888,1617.92,1397.184,1192,1116.832,947.776,844,727.808,704.608,586.112,539.008,470.624,548.896,518.464,409.44,440.608,486.592,455.072,442.496,434.016,400.704,320.416,249.344,210.208,182.208,111.808,79.936,44.096,38.208,13.856,17.472,8.928,7.648,10.976,8.16,6.816,0,3.296,0,0,0,0,0,0,0,0,0,0,0,0,0,0,0,0,0,0,0,0,0,0,0,0,0,0,0,0,0,0,0,0,0,0,0,7.649,11.079,16.78,20.805,23.289,24.325,22.133,21.536,20.191,20.435,21.015,21.578,24.648,27.553,33.012,35.252,33.934,35.289,37.061,36.514,33.254,27.581,23.154,18.849,16.519,15.138,13.908,13.662,12.275,11.77,11.283,11.161,10.103,10.319,9.695,10.968,10.729,9.167,9.075,9.156,8.611,7.986,7.275,6.504,5.177,3.852,3.262,2.759,1.743,1.207,0.667,0.567,0.204,0.264,0.115,0.097,0.138,0.1,0.081,0,0.039,0.014,0,0,0,0
2026-09-01 16:48:00,1,"Normal Scan","Normal Scan",0,"ON",1,1,1,737.9,5,20,98.2,44.1,0.0000000685308,0.0000181809,4.97,8954.6,8.8,736.5,1,"Up Scan","Positive",254,0,4.37,1.6,8,8,0,1,1,13.061,21.024,15.997,9.647,1.801,9186.49,40,21.1,NA,0,0,0,0,0,0,0,0,0,0,0,0,0,0,0,0,0,0,0,0,0,0,0,0,0,0,0,0,0,0,0,34179.712,33151.424,31759.84,29984,25797.152,20646.976,15521.056,13249.12,10103.136,8519.328,7139.712,6446.464,6181.952,5763.744,4954.336,4317.44,3598.24,3238.496,2715.168,2371.232,2219.936,2050.048,1835.232,1640.096,1535.744,1501.344,1392.128,1172.576,1091.136,894.752,860.672,740.864,711.552,618.336,539.968,582.08,480.576,519.168,466.304,502.656,507.776,444.544,448.576,386.752,326.784,249.92,183.808,124.288,122.176,49.6,39.488,21.408,14.272,17.728,12.16,9.472,3.296,0,5.248,6.688,0,0,0,0,0,0,0,0,0,0,0,0,0,0,0,0,0,0,0,0,0,0,0,0,0,0,0,0,0,0,0,0,0,0,0,8.615,13.865,19.586,25.379,31,33.584,33.09,29.898,30.024,26.627,25.717,24.431,24.763,26.417,27.178,25.653,24.469,22.294,21.766,19.784,18.707,18.918,18.68,17.887,17.101,16.913,17.47,16.969,15.396,14.871,13.367,13.577,12.477,12.536,12.11,11.389,11.889,10.576,10.736,9.587,9.427,9.074,7.771,7.359,6.166,5.076,3.828,2.857,1.93,1.827,0.721,0.568,0.353,0.264,0.23,0.155,0.118,0.04,0,0.061,0.078,0.042,0,0,0,0
2026-09-01 16:53:00,1,"Normal Scan","Normal Scan",0,"ON",1,1,1,737.8,5,19.8,98.2,44.2,0.0000000684713,0.0000181713,4.97,8954.6,8.8,736.5,1,"Up Scan","Positive",254,0,4.37,1.6,8,8,0,1,1,12.984,20.553,15.75,9.647,1.781,9240.49,41,21,NA,0,0,0,0,0,0,0,0,0,0,0,0,0,0,0,0,0,0,0,0,0,0,0,0,0,0,0,0,0,0,0,36034.72,34870.944,32009.248,29291.008,25582.688,21312.192,16650.24,12978.56,10262.656,7954.144,7331.232,6466.496,6140.928,5511.552,4746.816,4119.04,3633.952,3032.896,2805.984,2311.072,2028.224,1899.904,1754.976,1669.984,1527.008,1415.2,1195.712,1006.944,834.368,744.608,722.304,666.336,581.088,580.928,553.888,471.68,582.528,513.696,488.864,457.12,512.032,491.424,431.648,339.904,303.04,286.944,183.072,135.36,96.928,56.96,48,16.768,18.528,17.696,6.112,6.336,1.6,0,0,1.792,0,0,0,0,0,0,0,0,0,0,0,0,0,0,0,0,0,0,0,0,0,0,0,0,0,0,0,0,0,0,0,0,0,0,0,9.881,14.726,20.45,25.532,30.411,33.353,34.212,32.007,29.446,27.06,24.011,25.121,24.846,26.227,26.014,24.604,23.36,22.454,20.409,20.421,18.259,17.278,17.279,16.937,17.03,16.546,16.262,14.648,13.314,11.905,11.37,11.777,11.771,10.925,11.34,11.54,10.589,11.839,10.579,9.738,9.061,8.977,8.36,7.084,5.485,4.664,4.359,2.788,2.021,1.423,0.793,0.659,0.242,0.245,0.23,0.078,0.079,0.02,0,0,0.019,0,0,0,0,0
2026-09-01 16:58:00,1,"Normal Scan","Normal Scan",0,"ON",1,1,1,737.9,5,19.9,98.2,44.4,0.0000000685011,0.0000181761,4.97,8954.6,8.8,736.5,1,"Up Scan","Positive",254,0,4.37,1.6,8,8,0,1,1,15.537,20.892,17.341,9.647,1.682,11496.7,42,21,NA,0,0,0,0,0,0,0,0,0,0,0,0,0,0,0,0,0,0,0,0,0,0,0,0,0,0,0,0,0,0,0,33890.88,30037.664,27822.912,24662.912,23254.112,20943.296,21138.4,19827.168,18258.4,17362.624,16086.944,14007.424,13011.328,12565.056,12245.792,11105.6,9911.072,8340.96,6810.304,5119.904,3914.848,2639.104,2069.248,1542.56,1206.496,1038.688,856.384,753.344,609.056,517.28,481.088,475.616,449.312,390.4,437.344,397.632,401.888,404.8,401.728,387.424,392.064,356.288,329.92,288.96,233.344,165.056,131.264,81.568,46.496,29.632,20.736,22.24,3.008,1.472,3.072,1.568,4.896,3.392,3.52,0,0,0,0,0,0,0,0,0,0,0,0,0,0,0,0,0,0,0,0,0,0,0,0,0,0,0,0,0,0,0,0,0,0,0,0,9.629,13.842,17.638,22.199,25.612,30.374,33.748,40.838,45.151,48.191,52.554,55.101,53.881,55.777,59.409,63.339,62.584,60.458,55.01,48.262,39.016,31.992,23.207,19.403,15.464,12.893,11.923,10.543,9.88,8.731,8.165,8.071,8.546,8.587,8.082,9.007,8.417,8.416,8.182,7.708,7.065,6.814,5.839,5.164,4.487,3.668,2.471,1.921,1.208,0.706,0.451,0.311,0.316,0.057,0.019,0.039,0.02,0.06,0.04,0.041,0,0.014,0,0,0,0
2026-09-01 17:03:00,1,"Normal Scan","Normal Scan",0,"ON",1,1,1,738.3,5,20.5,98.2,45,0.0000000686797,0.0000182049,4.97,8954.6,8.8,736.5,1,"Up Scan","Positive",254,0,4.37,1.6,8,8,0,1,1,16.515,22.188,17.995,9.647,1.722,6716.97,42,21.1,NA,0,0,0,0,0,0,0,0,0,0,0,0,0,0,0,0,0,0,0,0,0,0,0,0,0,0,0,0,0,0,0,17987.872,16561.248,14885.824,12549.312,11874.336,11183.584,11335.296,11529.44,11021.92,11695.2,11405.376,11002.944,9970.336,8745.696,7874.496,6451.968,5254.048,3877.472,2929.888,2243.072,1842.432,1463.104,1177.6,974.912,866.912,759.136,664.384,544.736,412.16,450.08,413.92,394.528,425.152,348.96,342.944,410.944,352.064,414.08,353.056,346.72,333.248,265.088,232.608,186.88,179.968,138.144,88.864,64.64,35.328,25.856,24.256,9.568,5.728,2.944,6.08,1.6,0,0,1.728,3.296,0,0,0,0,0,0,0,0,0,0,0,0,0,0,0,0,0,0,0,0,0,0,0,0,0,0,0,0,0,0,0,0,0,0,0,4.732,7.319,9.71,11.802,13.015,15.517,18.065,21.948,26.294,29.166,35.367,39.016,42.15,42.442,41.057,40.504,36.248,32.043,25.605,20.903,17.303,15.298,13.036,11.165,9.856,9.438,8.821,8.291,7.402,6.21,7.113,7.097,7.347,7.966,7.049,7.152,7.933,6.915,7.538,6.653,6.118,5.66,4.338,3.772,2.971,2.763,2.068,1.342,0.977,0.514,0.361,0.348,0.146,0.078,0.038,0.078,0.02,0,0,0.02,0.039,0,0,0,0,0
2026-09-01 17:08:00,1,"Normal Scan","Normal Scan",0,"ON",1,1,1,737.9,5,20,98.2,45.3,0.0000000685308,0.0000181809,4.97,8954.6,8.8,736.5,1,"Up Scan","Positive",254,0,4.37,1.6,8,8,0,1,1,16.033,25.441,18.92,9.647,1.907,3352.89,42,21,NA,0,0,0,0,0,0,0,0,0,0,0,0,0,0,0,0,0,0,0,0,0,0,0,0,0,0,0,0,0,0,0,10205.44,9548.096,7694.784,6462.208,6260.16,5665.408,5027.264,5128.992,4679.584,4464.736,4040.288,3452.288,3309.952,3363.456,3111.232,3022.976,3075.904,2843.712,2255.392,1794.272,1412.032,1158.816,1031.904,742.56,680.544,648.032,504.992,423.392,425.696,308.352,349.152,324.768,331.2,267.808,325.12,282.336,292.352,309.824,299.968,282.784,233.792,248.576,201.376,209.088,154.24,134.432,109.44,53.216,33.152,36.064,14.848,19.52,9.92,4.416,7.648,4.736,6.528,1.696,0,1.792,0,0,0,0,0,0,0,0,0,0,0,0,0,0,0,0,0,0,0,0,0,0,0,0,0,0,0,0,0,0,0,0,0,0,0,2.501,4.158,5.566,6.146,6.69,8.179,9.108,9.719,11.674,12.383,13.503,13.852,13.321,14.248,15.948,16.179,17.134,18.875,18.857,16.104,13.841,11.746,10.294,9.792,7.597,7.351,7.548,6.332,5.77,6.155,5.063,5.918,5.957,6.197,5.734,6.404,5.944,5.943,6.161,5.628,5.394,4.23,4.095,3.365,3.283,2.475,2.077,1.648,0.838,0.514,0.541,0.22,0.279,0.132,0.057,0.097,0.059,0.08,0.02,0,0.019,0,0,0,0,0
2026-09-01 17:13:00,1,"Normal Scan","Normal Scan",0,"ON",1,1,1,737.8,5,19.8,98.2,45.4,0.0000000684713,0.0000181713,4.97,8954.6,8.8,736.5,1,"Up Scan","Positive",254,0,4.37,1.6,8,8,0,1,1,18.714,26.147,20.312,10.366,1.856,4519.82,42,20.9,NA,0,0,0,0,0,0,0,0,0,0,0,0,0,0,0,0,0,0,0,0,0,0,0,0,0,0,0,0,0,0,0,10541.504,10787.168,8221.376,8301.984,7234.4,6301.248,5874.496,5946.72,5262.016,5551.968,5780.864,5896.672,6225.984,6634.496,6286.592,5792.096,5209.408,4608.288,4005.728,3292.192,2632,2154.528,1577.344,1249.28,1021.472,823.552,687.616,509.248,500.896,372.448,417.536,455.744,377.696,352.928,416.544,360.032,379.904,358.656,394.976,287.648,247.968,259.68,225.888,203.36,168.384,150.656,92.192,68.384,43.36,34.944,14.72,6.624,11.968,9.792,6.112,3.136,0,0,1.76,0,0,0,0,0,0,0,0,0,0,0,0,0,0,0,0,0,0,0,0,0,0,0,0,0,0,0,0,0,0,0,0,0,0,0,0,2.868,4.294,6.296,6.572,8.606,9.449,10.15,11.387,13.58,13.991,16.923,19.903,22.787,26.743,31.426,32.617,32.793,32.013,30.566,28.597,25.219,21.613,18.907,14.744,12.521,10.879,9.605,8.517,6.983,7.408,6.168,7.061,7.926,7.323,6.972,7.712,7.183,7.299,6.956,7.107,5.41,4.368,4.416,3.757,3.196,2.551,2.308,1.422,1.047,0.621,0.487,0.201,0.093,0.158,0.127,0.078,0.039,0,0,0.02,0,0,0,0,0,0
2026-09-01 17:18:00,1,"Normal Scan","Normal Scan",0,"ON",1,1,1,738,5,20.1,98.2,45.3,0.0000000685606,0.0000181857,4.97,8954.6,8.8,736.5,1,"Up Scan","Positive",254,0,4.37,1.6,8,8,0,1,1,21.028,25.633,21.219,22.876,1.71,5530.73,42,21,NA,0,0,0,0,0,0,0,0,0,0,0,0,0,0,0,0,0,0,0,0,0,0,0,0,0,0,0,0,0,0,0,7681.376,7859.008,7389.664,7433.664,7146.4,7247.2,6886.432,7436.96,7599.04,8442.112,9916.416,11033.504,11769.248,11383.68,10611.84,9297.28,7992.288,6840.48,4748.448,3428.352,2384.384,1775.776,1469.92,1018.912,851.168,689.696,533.088,497.248,438.688,445.6,380.192,347.712,362.24,317.568,359.168,327.808,319.264,322.016,279.744,266.464,217.792,237.184,200.768,165.248,184.064,145.344,100.32,74.4,56.32,24.416,17.408,4.288,13.056,1.504,3.072,3.136,3.296,0,0,1.792,0,0,0,0,0,0,0,0,0,0,0,0,0,0,0,0,0,0,0,0,0,0,0,0,0,0,0,0,0,0,0,0,0,0,0,2.46,3.1,4.682,5.918,7.714,9.35,11.686,13.369,17.054,20.265,25.757,34.163,42.52,50.414,53.594,54.656,52.167,48.632,44.972,33.622,26.128,19.527,15.556,13.764,10.33,9.217,8.058,6.707,6.67,6.449,6.812,6.497,6.223,6.646,6.201,6.752,6.614,6.276,6.149,5.652,4.984,4.108,4.107,3.268,2.631,2.778,2.258,1.459,1.118,0.822,0.371,0.238,0.074,0.189,0.019,0.039,0.039,0.04,0,0,0.019,0.014,0,0,0,0
2026-09-01 17:23:00,1,"Normal Scan","Normal Scan",0,"ON",1,1,1,738.2,5,20.4,98.2,45.7,0.0000000686499,0.0000182001,4.97,8954.6,8.8,736.5,1,"Up Scan","Positive",254,0,4.37,1.6,8,8,0,1,1,20.467,24.105,20.769,21.288,1.622,7953.24,42,21.1,NA,0,0,0,0,0,0,0,0,0,0,0,0,0,0,0,0,0,0,0,0,0,0,0,0,0,0,0,0,0,0,0,9625.152,8721.728,9357.952,9926.016,10997.664,11534.56,11714.592,12832.448,13955.296,14693.152,14731.328,15383.648,15115.264,14746.208,15256.832,14440.672,12214.912,10198.944,7332,5311.712,3753.44,2600.096,1783.968,1245.952,845.12,659.84,422.336,331.488,287.072,264.768,262.88,256.864,234.464,294.976,319.2,314.848,326.368,307.968,281.92,275.712,237.152,194.496,198.016,181.152,145.152,124.224,87.424,55.072,39.136,30.112,16.608,4.64,5.728,8.832,1.504,1.568,3.232,3.36,3.488,3.584,0,0,0,0,0,0,0,0,0,0,0,0,0,0,0,0,0,0,0,0,0,0,0,0,0,0,0,0,0,0,0,0,0,0,0,2.646,3.921,5.128,7.517,10.344,14.383,18.635,22.722,29.311,37.004,44.646,50.74,59.371,64.772,69.611,78.724,81.016,74.287,66.883,51.684,40.166,30.373,22.412,16.376,12.182,8.896,7.474,5.308,4.623,4.507,4.596,4.867,5.13,4.919,5.846,6.282,6.065,6.328,6.042,5.218,5.102,4.105,3.335,3.267,2.877,2.225,1.89,1.356,0.826,0.589,0.441,0.256,0.112,0.075,0.115,0.019,0.02,0.04,0.04,0.041,0.039,0,0,0,0,0
2026-09-01 17:28:00,1,"Normal Scan","Normal Scan",0,"ON",1,1,1,738,5,20.1,98.2,45.6,0.0000000685606,0.0000181857,4.97,8954.6,8.8,736.5,1,"Up Scan","Positive",254,0,4.37,1.6,8,8,0,1,1,19.273,25.061,20.493,9.647,1.741,4646.79,42,21,NA,0,0,0,0,0,0,0,0,0,0,0,0,0,0,0,0,0,0,0,0,0,0,0,0,0,0,0,0,0,0,0,8687.2,8443.2,6503.52,6145.984,6361.376,7055.648,6953.856,7806.976,8250.656,7435.68,6665.824,6713.92,6478.912,6892.48,6859.744,7208.928,6845.024,5998.208,5093.376,3559.968,2430.528,1554.784,1128.928,850.336,712.288,611.136,533.088,465.184,326.944,329.92,309.024,257.76,256.576,287.072,236.8,296.32,244.928,249.6,256.032,209.248,183.456,167.52,167.008,160.992,150.4,114.56,80.192,41.728,30.944,22.24,18.656,19.488,14.208,2.944,3.04,9.216,1.952,0,0,1.792,0,0,0,0,0,0,0,0,0,0,0,0,0,0,0,0,0,0,0,0,0,0,0,0,0,0,0,0,0,0,0,0,0,0,0,2.836,3.497,4.956,5.191,6.39,8.362,11.385,13.478,17.805,21.823,22.579,22.997,25.987,27.962,32.752,35.643,40.635,41.671,39.38,35.922,27.033,19.836,13.67,10.641,8.554,7.666,7.036,6.529,6.053,4.85,5.183,5.166,4.759,4.957,5.494,4.743,5.629,4.912,4.988,4.916,4.053,3.235,2.984,2.701,2.568,2.425,1.812,1.179,0.663,0.497,0.324,0.256,0.279,0.189,0.038,0.039,0.114,0.024,0,0,0.019,0,0,0,0,0
2026-09-01 17:33:00,1,"Normal Scan","Normal Scan",0,"ON",1,1,1,737.8,5,19.8,98.2,45.6,0.0000000684713,0.0000181713,4.97,8954.6,8.8,736.5,1,"Up Scan","Positive",254,0,4.37,1.6,8,8,0,1,1,18.532,25.742,20.353,9.647,1.811,3723.97,42,20.9,NA,0,0,0,0,0,0,0,0,0,0,0,0,0,0,0,0,0,0,0,0,0,0,0,0,0,0,0,0,0,0,0,7968,6937.12,5777.376,6097.632,5754.112,5990.752,6157.92,5955.68,5817.152,5632.64,5358.176,5569.824,5105.44,4827.008,4433.28,4326.656,3935.168,3579.008,3246.592,2960.032,2300.448,1840.416,1513.6,1104.768,876.16,644.288,565.216,430.208,376.64,360.448,252.416,287.168,267.904,238.56,281.792,264.992,256.928,221.6,275.84,228.096,184.8,168.768,166.112,150.432,119.648,97.056,74.048,66.848,18.176,28.288,17.824,20.64,11.392,13.28,4.608,3.168,3.232,1.696,0,0,0,0,0,0,0,0,0,0,0,0,0,0,0,0,0,0,0,0,0,0,0,0,0,0,0,0,0,0,0,0,0,0,0,0,0,3.012,3.236,4.081,4.607,6.344,7.547,9.673,11.887,13.612,15.402,17.061,18.405,21.471,21.905,22.866,23.111,24.581,24.252,23.836,23.232,22.669,18.823,16.11,14.087,10.975,9.309,7.326,6.916,5.659,5.436,5.551,4.457,5.041,5.173,4.87,5.329,5.135,5.079,4.482,5.044,4.22,3.509,2.839,2.745,2.445,1.969,1.528,1.185,1.012,0.302,0.397,0.256,0.279,0.151,0.172,0.058,0.039,0.04,0.02,0,0,0,0,0,0,0
2026-09-01 17:38:00,1,"Normal Scan","Normal Scan",0,"ON",1,1,1,737.7,5,19.7,98.2,45.5,0.0000000684415,0.0000181665,4.97,8954.6,8.8,736.5,1,"Up Scan","Positive",254,0,4.37,1.6,8,8,0,1,1,20.448,24.441,20.67,9.647,1.68,7538.77,42,20.9,NA,0,0,0,0,0,0,0,0,0,0,0,0,0,0,0,0,0,0,0,0,0,0,0,0,0,0,0,0,0,0,0,14265.312,11874.784,10566.56,9338.176,8576.928,8909.6,9479.552,10877.344,12161.216,12515.072,12969.312,13662.656,13820.992,13586.272,13327.104,12212.224,11036.064,9318.528,7768.736,5822.624,4230.304,2981.536,2015.648,1463.2,1035.392,786.944,603.904,545.216,469.248,411.264,406.176,409.408,372.288,366.368,317.92,321.248,247.392,340,274.272,248.544,204.768,227.328,176.768,151.36,126.88,125.6,106.56,66.048,42.304,24.128,12.192,15.136,9.92,0,4.544,1.6,4.896,3.392,1.76,0,0,0,0,0,0,0,0,0,0,0,0,0,0,0,0,0,0,0,0,0,0,0,0,0,0,0,0,0,0,0,0,0,0,0,0,4.753,5.715,6.993,8.492,9.683,11.327,14.447,18.428,24.913,32.306,38.092,44.635,52.762,59.313,64.264,69,68.836,67.319,61.289,54.899,44.147,34.278,25.806,18.7,14.514,11.064,9.105,7.607,7.331,6.745,6.44,6.481,6.907,6.736,6.753,6.029,6.34,5.121,6.228,5.139,4.705,3.797,3.941,2.896,2.38,2.034,1.938,1.584,0.96,0.639,0.361,0.195,0.211,0.132,0,0.058,0.02,0.06,0.04,0.02,0,0,0,0,0,0
2026-09-01 17:43:00,1,"Normal Scan","Normal Scan",0,"ON",1,1,1,738.2,5,20.4,98.2,45.7,0.0000000686499,0.0000182001,4.97,8954.6,8.8,736.5,1,"Up Scan","Positive",254,0,4.37,1.6,8,8,0,1,1,17.564,24.61,19.398,9.647,1.835,6815.86,42,21.1,NA,0,0,0,0,0,0,0,0,0,0,0,0,0,0,0,0,0,0,0,0,0,0,0,0,0,0,0,0,0,0,0,23225.344,16918.208,13986.208,12034.848,10248.16,8960.704,8464.256,8383.232,8400.896,8007.104,7912.864,8060.48,8715.168,8454.88,8557.536,8530.08,8175.936,7460.512,5931.328,4448.384,3362.496,2678.816,2327.2,1804.96,1547.552,1302.88,1041.696,1004.832,834.72,740.8,728.864,666.208,596.96,551.744,498.4,458.848,437.056,398.112,355.264,317.984,261.088,263.52,179.392,199.104,179.136,139.36,107.488,72.8,45.408,35.936,27.136,26.4,4.416,4.384,9.184,7.872,6.528,1.664,5.216,0,0,0,0,0,0,0,0,0,0,0,0,0,0,0,0,0,0,0,0,0,0,0,0,0,0,0,0,0,0,0,0,0,0,0,0,8.211,9.374,9.881,11.09,12.441,13.437,14.407,16.353,19.126,22.229,24.336,27.269,31.197,37.526,40.129,44.402,48.146,50.003,49.356,42.269,34.189,27.807,23.698,22.054,18.295,16.714,15.132,13.019,13.088,11.723,11.067,11.257,10.842,10.111,9.642,8.987,8.554,7.877,7.478,6.693,5.777,4.829,4.467,3.041,3.3,2.935,2.114,1.613,1.157,0.721,0.541,0.403,0.372,0.075,0.057,0.116,0.098,0.08,0.02,0.061,0,0.014,0,0,0,0
2026-09-01 17:48:00,1,"Normal Scan","Normal Scan",0,"ON",1,1,1,737.9,5,20,98.2,46.1,0.0000000685308,0.0000181809,4.97,8954.6,8.8,736.5,1,"Up Scan","Positive",254,0,4.37,1.6,8,8,0,1,1,17.278,24.091,19.075,9.647,1.814,7781.67,43,21,NA,0,0,0,0,0,0,0,0,0,0,0,0,0,0,0,0,0,0,0,0,0,0,0,0,0,0,0,0,0,0,0,26424.864,19523.008,15118.272,12490.848,12125.056,11134.464,10657.184,10922.4,10498.624,10116.736,10357.504,10962.112,10597.088,10066.4,9312.544,7943.456,7434.688,6999.392,6173.664,5084.704,3794.56,2888,2322.176,1891.84,1516.448,1311.552,1152.96,1018.176,924.704,871.168,842.304,753.312,678.656,656.544,520.256,499.744,409.92,494.784,385.216,368.544,296.064,294.944,241.792,187.328,198.848,161.344,113.984,58.144,64.576,48.448,38.496,20.192,18.624,10.368,4.16,3.616,1.632,0,5.28,1.792,0,0,0,0,0,0,0,0,0,0,0,0,0,0,0,0,0,0,0,0,0,0,0,0,0,0,0,0,0,0,0,0,0,0,0,8.729,10.667,11.435,12.065,12.941,15.833,17.934,20.622,24.902,27.807,30.721,35.582,42.175,45.424,47.649,48.34,45.011,45.609,46.416,44.028,38.925,31.248,25.59,22.029,19.226,16.672,15.448,14.401,13.525,13.071,12.745,12.719,12.222,11.683,11.306,9.509,9.388,7.928,8.794,7.371,6.772,5.267,5.022,4.131,3.122,3.198,2.524,1.763,0.913,0.922,0.689,0.545,0.316,0.245,0.134,0.052,0.045,0.02,0,0.061,0.019,0,0,0,0,0
2026-09-01 17:53:00,1,"Normal Scan","Normal Scan",0,"ON",1,1,1,737.9,5,19.9,98.2,45.9,0.0000000685011,0.0000181761,4.97,8954.6,8.8,736.5,1,"Up Scan","Positive",254,0,4.37,1.6,8,8,0,1,1,19.81,26.444,20.747,9.647,1.824,8700.51,43,20.9,NA,0,0,0,0,0,0,0,0,0,0,0,0,0,0,0,0,0,0,0,0,0,0,0,0,0,0,0,0,0,0,0,21765.152,16510.72,13855.872,11429.856,11526.432,10862.848,11805.92,11795.168,11422.816,12011.36,12891.872,13243.168,13941.344,14181.664,13826.144,12547.616,11233.216,9792.736,8132.896,6198.72,4752.768,3476.512,2541.952,1962.112,1495.232,1222.944,1143.904,1086.336,947.008,968.512,953.632,914.528,880.992,771.52,729.376,685.664,567.36,528.416,491.36,445.728,371.296,378.464,300.672,327.904,271.392,259.744,223.392,176.416,119.648,128.736,63.456,73.952,32.224,38.368,27.52,33.248,21.248,16.896,3.52,6.816,0,0,0,0,0,0,0,0,0,0,0,0,0,0,0,0,0,0,0,0,0,0,0,0,0,0,0,0,0,0,0,0,0,0,0,6.411,8.753,9.675,11.013,11.911,15.089,17.557,22.882,26.974,30.319,36.579,44.423,51.104,59.861,67.111,71.58,70.797,68.663,64.588,57.691,47.25,38.838,30.554,24.126,19.965,16.688,14.814,14.795,14.839,13.769,14.79,15.011,14.664,14.878,13.64,13.214,12.919,11.082,10.69,9.956,9.176,7.573,7.27,5.819,5.85,4.921,4.291,3.63,2.862,2.075,1.978,0.938,1.078,0.528,0.498,0.349,0.413,0.259,0.201,0.041,0.077,0.069,0,0,0,0
2026-09-01 17:58:00,1,"Normal Scan","Normal Scan",0,"ON",1,1,1,738.3,5,20.5,98.2,46.3,0.0000000686797,0.0000182049,4.97,8954.6,8.8,736.5,1,"Up Scan","Positive",254,0,4.37,1.6,8,8,0,1,1,16.579,24.194,18.775,9.647,1.832,5001.39,43,21.1,NA,0,0,0,0,0,0,0,0,0,0,0,0,0,0,0,0,0,0,0,0,0,0,0,0,0,0,0,0,0,0,0,15208.864,12326.176,10777.248,9166.432,9383.232,7875.424,7697.568,7459.136,7829.856,7204.064,6963.36,6591.52,6104.864,5758.048,5402.944,4823.232,4210.4,3697.92,3069.632,2472.032,2072.544,1697.024,1445.536,1081.792,978.112,747.392,634.272,604.928,581.568,556.032,527.648,495.2,490.176,475.872,385.184,382.816,362.4,398.432,287.2,325.76,264.96,243.84,201.92,175.808,160.832,148.832,84.896,72.288,41.856,35.84,26.08,9.664,7.136,4.416,9.216,1.6,0,1.696,0,1.792,0,0,0,0,0,0,0,0,0,0,0,0,0,0,0,0,0,0,0,0,0,0,0,0,0,0,0,0,0,0,0,0,0,0,0,4.548,6.149,7.138,8.561,9.499,12.229,12.656,14.884,17.01,20.677,21.802,23.832,25.323,26.124,27.197,27.964,27.257,25.86,24.588,21.953,19.079,17.103,15.013,13.673,11.133,10.708,8.925,8.191,8.423,8.33,8.399,8.457,8.484,8.586,8.489,7.411,7.396,6.858,7.261,5.69,5.909,4.659,4.056,3.396,2.895,2.49,2.243,1.271,1.116,0.603,0.514,0.357,0.13,0.094,0.057,0.116,0.02,0,0.02,0,0.02,0,0,0,0,0
2026-09-01 18:03:00,1,"Normal Scan","Normal Scan",0,"ON",1,1,1,737.9,5,20,98.2,46.6,0.0000000685308,0.0000181809,4.97,8954.6,8.8,736.5,1,"Up Scan","Positive",254,0,4.37,1.6,8,8,0,1,1,16.905,26.655,19.619,9.647,1.935,3152.05,43,21,NA,0,0,0,0,0,0,0,0,0,0,0,0,0,0,0,0,0,0,0,0,0,0,0,0,0,0,0,0,0,0,0,8811.296,7492.992,6780.16,5601.856,5078.272,5323.008,5057.536,4984.416,4653.856,4906.496,4810.912,4511.328,3857.952,3444.32,2916.224,2492.96,2072.128,1849.952,1694.496,1414.336,1250.88,1219.52,1158.304,934.848,797.248,756.864,601.216,511.936,404.544,441.312,402.304,405.152,338.496,388.736,387.456,352.064,383.424,346.016,344.416,292.704,259.936,225.76,189.792,162.784,155.104,102.784,96.032,55.776,29.088,31.936,14.08,12.864,11.904,11.808,7.648,7.872,3.296,8.448,5.216,1.472,0,0,0,0,0,0,0,0,0,0,0,0,0,0,0,0,0,0,0,0,0,0,0,0,0,0,0,0,0,0,0,0,0,0,0,3.114,3.573,4.38,5.397,5.81,6.648,8.591,9.81,11.364,12.308,14.852,16.448,17.279,16.452,16.262,15.111,14.127,12.832,12.462,12.306,11.085,10.579,10.906,10.988,9.466,8.736,8.795,7.563,6.943,6.2,6.99,6.858,7.16,6.628,7.267,7.336,6.73,7.109,6.357,6.273,5.273,4.608,3.711,3.143,2.718,2.429,1.696,1.528,0.901,0.485,0.523,0.256,0.186,0.208,0.153,0.097,0.098,0.04,0.101,0.061,0.019,0.028,0,0,0,0
2026-09-01 18:08:00,1,"Normal Scan","Normal Scan",0,"ON",1,1,1,738,5,20.1,98.2,46.4,0.0000000685606,0.0000181857,4.97,8954.6,8.8,736.5,1,"Up Scan","Positive",254,0,4.37,1.6,8,8,0,1,1,15.906,25.561,18.903,10.366,1.914,3481.02,44,21,NA,0,0,0,0,0,0,0,0,0,0,0,0,0,0,0,0,0,0,0,0,0,0,0,0,0,0,0,0,0,0,0,9376.064,9403.52,7719.968,6763.712,7241.504,6262.24,6266.816,6156.672,5697.76,4791.456,4675.328,3975.136,3599.008,3502.272,2817.568,2333.568,2124.128,1968.896,1660.288,1472.576,1426.432,1230.24,1070.4,1004.224,852.512,721.632,608.064,544.096,483.648,445.632,424.352,434.4,435.904,380.256,361.44,373.504,332.672,369.664,289.312,279.712,277.696,232.512,251.936,186.912,172,117.504,90.24,62.912,30.112,16.544,17.024,20.64,11.552,5.856,7.648,4.736,3.296,6.784,0,0,0,0,0,0,0,0,0,0,0,0,0,0,0,0,0,0,0,0,0,0,0,0,0,0,0,0,0,0,0,0,0,0,0,0,0,3.187,3.783,5.512,6.153,7.028,9.445,10.095,12.111,14.015,15.038,14.462,15.983,15.253,15.365,16.508,14.622,13.29,13.178,13.216,12.104,11.559,11.941,11.006,10.26,10.223,9.288,8.49,7.776,7.382,7.123,7.048,6.997,7.646,7.674,7.164,7.13,7.116,6.714,6.96,5.588,5.032,4.933,3.841,3.961,2.937,2.751,1.863,1.39,0.96,0.479,0.27,0.275,0.279,0.17,0.077,0.097,0.059,0.04,0.081,0,0,0.014,0,0,0,0
2026-09-01 18:13:00,1,"Normal Scan","Normal Scan",0,"ON",1,1,1,738.2,5,20.3,98.2,47,0.0000000686201,0.0000181953,4.97,8954.6,8.8,736.5,1,"Up Scan","Positive",254,0,4.37,1.6,8,8,0,1,1,16.069,26.889,19.371,9.647,1.973,3245.49,44,21.1,NA,0,0,0,0,0,0,0,0,0,0,0,0,0,0,0,0,0,0,0,0,0,0,0,0,0,0,0,0,0,0,0,8719.424,8402.112,7871.36,6619.84,6241.888,5532.384,5687.968,4971.04,4989.6,4511.968,4459.52,3930.656,3436.448,3104.672,2613.536,2243.808,1914.848,1542.08,1448.896,1370.528,1196.672,1136.32,1058.272,971.264,918.048,793.28,726.784,671.456,580.288,570.496,557.824,491.104,432.224,414.432,394.24,345.44,376.832,382.016,358.848,293.536,260.32,240.576,207.936,201.216,159.456,137.632,94.592,81.152,51.776,41.76,28.928,17.216,18.56,8.96,10.624,3.136,6.56,1.696,1.728,0,0,0,0,0,0,0,0,0,0,0,0,0,0,0,0,0,0,0,0,0,0,0,0,0,0,0,0,0,0,0,0,0,0,0,0,2.355,3.536,4.903,6.299,6.878,8.162,8.904,10.98,11.321,13.201,13.666,15.233,15.044,14.644,14.627,13.54,12.732,11.857,10.431,10.622,10.842,10.164,10.343,10.297,10.083,10.081,9.514,9.124,8.915,8.268,8.616,8.828,8.331,8.023,7.73,7.465,6.834,7.164,7.27,6.678,5.418,4.757,4.281,3.529,3.308,2.54,2.224,1.474,1.239,0.78,0.631,0.412,0.232,0.262,0.117,0.136,0.039,0.08,0.02,0.02,0,0.014,0,0,0,0
2026-09-01 18:18:00,1,"Normal Scan","Normal Scan",0,"ON",1,1,1,737.9,5,19.9,98.2,47.1,0.0000000685011,0.0000181761,4.97,8954.6,8.8,736.5,1,"Up Scan","Positive",254,0,4.37,1.6,8,8,0,1,1,16.023,28.86,19.866,9.647,2.074,3445.72,44,21,NA,0,0,0,0,0,0,0,0,0,0,0,0,0,0,0,0,0,0,0,0,0,0,0,0,0,0,0,0,0,0,0,11008.64,9708.512,8148.928,6601.92,6243.776,5737.792,5076,4881.536,4756.128,4590.496,4535.328,3779.808,3385.312,3036.992,2407.776,2181.824,1868.8,1722.912,1574.88,1415.968,1393.6,1350.144,1300.384,1248.768,1090.528,928.896,794.048,737.088,661.728,576.48,604.416,600.992,624.416,571.392,569.376,549.216,525.12,504.96,495.328,398.24,319.136,336.96,272.256,264.288,208.768,163.52,138.688,95.232,80,49.44,32.032,35.104,22.848,11.84,9.184,9.568,6.528,5.6,8.192,5.376,0,0,0,0,0,0,0,0,0,0,0,0,0,0,0,0,0,0,0,0,0,0,0,0,0,0,0,0,0,0,0,0,0,0,0,3.268,4.469,5.676,6.507,6.853,8.166,9.242,9.814,11.122,12.568,13.867,15.487,14.498,14.459,14.332,12.52,12.444,11.653,11.714,11.631,11.317,11.84,12.225,12.586,12.801,11.914,10.975,10.335,10.258,9.814,9.537,10.09,10.554,11.353,10.522,10.428,10.424,9.895,9.502,9.104,7.328,5.932,5.866,4.689,4.291,3.513,2.63,2.188,1.466,1.242,0.739,0.531,0.539,0.302,0.153,0.116,0.118,0.08,0.067,0.096,0.058,0,0,0,0,0
2026-09-01 18:23:00,1,"Normal Scan","Normal Scan",0,"ON",1,1,1,738.3,5,20.5,98.2,46.9,0.0000000686797,0.0000182049,4.97,8954.6,8.8,736.5,1,"Up Scan","Positive",254,0,4.37,1.6,8,8,0,1,1,14.03,25.782,18,9.647,2.004,2900.58,44,21.1,NA,0,0,0,0,0,0,0,0,0,0,0,0,0,0,0,0,0,0,0,0,0,0,0,0,0,0,0,0,0,0,0,10356.064,10256.992,8137.888,7645.92,6145.28,5609.152,4467.136,3765.472,3463.072,3052.128,2846.976,2448.416,2363.616,2037.408,1907.936,1666.208,1398.272,1236.64,1236.96,986.912,969.088,951.904,957.248,782.56,673.6,621.824,477.568,435.904,389.28,383.296,359.808,356.096,362.208,319.072,380.96,360.416,404.832,382.912,325.376,310.72,290.24,275.968,202.144,204.32,157.472,125.312,90.368,64.896,66.176,32.064,18.976,16.608,4.416,12.8,6.528,3.168,1.632,5.12,7.072,0,0,0,0,0,0,0,0,0,0,0,0,0,0,0,0,0,0,0,0,0,0,0,0,0,0,0,0,0,0,0,0,0,0,0,0,3.997,4.182,5.982,6.488,7.914,7.972,9.006,8.594,8.547,9.142,9.223,9.733,9.401,10.091,9.635,9.887,9.495,8.713,8.404,9.031,7.81,8.224,8.52,9.118,8.008,7.396,7.278,6.201,6.073,5.914,6.243,6.401,6.805,6.922,6.448,7.493,7.221,7.493,7.227,6.15,5.602,5.077,4.673,3.498,3.23,2.509,1.907,1.454,0.998,0.975,0.468,0.301,0.289,0.075,0.166,0.083,0.039,0.02,0.06,0.081,0,0.014,0,0,0,0
2026-09-01 18:28:00,1,"Normal Scan","Normal Scan",0,"ON",1,1,1,738,5,20.1,98.2,47.4,0.0000000685606,0.0000181857,4.97,8954.6,8.8,736.5,1,"Up Scan","Positive",254,0,4.37,1.6,8,8,0,1,1,16.407,29.811,20.365,9.647,2.099,2425.67,43,21.1,NA,0,0,0,0,0,0,0,0,0,0,0,0,0,0,0,0,0,0,0,0,0,0,0,0,0,0,0,0,0,0,0,8288.48,5704.608,5022.72,4924.512,4535.328,3541.376,3806.752,3442.944,3328.512,3078.88,2985.44,2600.64,2431.584,2158.016,1966.976,1736.576,1511.104,1347.36,1246.88,1168.64,1082.272,990.368,931.04,858.56,772.64,673.376,536.896,499.424,431.424,450.976,406.72,353.216,429.344,404.288,362.688,437.632,402.88,398.72,395.104,292,279.904,251.84,238.56,230.56,175.52,163.584,110.752,68.16,41.568,31.84,28.992,18.944,10.272,14.848,6.08,4.736,1.632,3.36,1.76,1.792,0,0,0,0,0,0,0,0,0,0,0,0,0,0,0,0,0,0,0,0,0,0,0,0,0,0,0,0,0,0,0,0,0,0,0,2.462,3.385,3.324,4.006,5.097,5.921,5.696,7.361,7.842,8.78,9.297,10.195,9.976,10.392,10.196,10.217,9.91,9.408,9.131,9.155,9.214,9.167,8.926,8.93,8.834,8.457,7.87,6.902,6.956,6.558,7.325,7.094,6.727,8.058,7.78,7.193,8.276,7.758,7.639,7.294,5.721,4.915,4.301,3.91,3.71,2.801,2.51,1.762,1.031,0.658,0.465,0.421,0.279,0.17,0.191,0.078,0.059,0.02,0.04,0.02,0.019,0.028,0,0,0,0
2026-09-01 18:33:00,1,"Normal Scan","Normal Scan",0,"ON",1,1,1,737.6,5,19.5,98.2,47.2,0.000000068382,0.0000181569,4.97,8954.6,8.8,736.5,1,"Up Scan","Positive",254,0,4.37,1.6,8,8,0,1,1,17.452,30.236,21.185,9.647,2.068,3197.5,44,20.8,NA,0,0,0,0,0,0,0,0,0,0,0,0,0,0,0,0,0,0,0,0,0,0,0,0,0,0,0,0,0,0,0,8806.208,7173.952,6323.072,5456.32,5003.712,4842.688,5034.944,5195.008,4600.16,4591.424,4313.408,3808.416,3277.152,2878.816,2649.6,2144.864,1925.344,1826.56,1651.52,1745.152,1684.832,1800.832,1765.76,1604.96,1562.112,1313.792,1014.72,804.768,568.448,498.528,412.16,398.944,366.848,446.656,428,480.064,518.592,485.984,450.048,422.912,343.872,342.688,259.584,250.464,216.032,154.848,149.216,104,72.384,43.072,34.848,18.208,14.4,6.72,11.392,9.44,4.896,1.696,0,4.992,0,0,0,0,0,0,0,0,0,0,0,0,0,0,0,0,0,0,0,0,0,0,0,0,0,0,0,0,0,0,0,0,0,0,0,2.707,3.611,4.227,5.063,5.668,6.556,7.813,9.758,11.84,12.157,13.907,14.787,14.616,14.012,13.61,13.823,12.307,12.159,12.572,12.371,14.071,14.455,16.251,16.755,15.976,16.44,14.6,12.174,10.421,8.37,8.138,7.642,7.9,7.702,8.858,8.695,9.455,9.683,9.201,8.431,7.624,6.343,5.938,4.377,4.088,3.423,2.416,2.227,1.665,1.082,0.631,0.476,0.279,0.208,0.087,0.145,0.118,0.06,0.02,0,0.058,0,0,0,0,0
2026-09-01 18:38:00,1,"Normal Scan","Normal Scan",0,"ON",1,1,1,737.9,5,20,98.2,46.9,0.0000000685308,0.0000181809,4.97,8954.6,8.8,736.5,1,"Up Scan","Positive",254,0,4.37,1.6,8,8,0,1,1,17.441,29.961,21.117,9.647,2.058,4102.94,44,20.9,NA,0,0,0,0,0,0,0,0,0,0,0,0,0,0,0,0,0,0,0,0,0,0,0,0,0,0,0,0,0,0,0,10833.536,9497.344,7949.024,7975.968,6221.664,6495.456,6277.952,6446.912,5533.216,5471.776,5254.752,4840.288,4482.624,3824.64,3669.408,3291.104,2772.128,2553.408,2515.488,2134.24,2110.304,1927.872,1775.488,1722.144,1601.984,1430.784,1319.264,1099.072,1010.72,843.456,705.76,646.656,586.848,666.912,589.344,602.592,659.296,554.688,504.288,442.464,399.936,392.416,305.024,302.848,284.768,207.2,170.624,126.24,77.76,60.32,27.232,35.872,18.976,11.84,7.616,7.84,8.192,5.056,1.728,1.792,0,0,0,0,0,0,0,0,0,0,0,0,0,0,0,0,0,0,0,0,0,0,0,0,0,0,0,0,0,0,0,0,0,0,0,3.341,4.407,5.626,6.365,8.268,8.145,10.465,12.176,14.684,14.638,16.549,18.003,18.562,19.167,18.106,19.077,18.774,17.264,17.311,18.438,16.984,17.97,17.634,17.264,17.708,17.436,16.407,15.99,14.449,14.257,12.874,11.876,11.568,10.978,12.248,11.318,11.663,12.118,10.661,9.767,8.253,7.571,6.636,5.239,4.804,4.577,3.266,2.6,1.906,1.177,0.919,0.404,0.501,0.283,0.153,0.097,0.098,0.1,0.06,0.02,0.019,0.028,0,0,0,0
2026-09-01 18:43:00,1,"Normal Scan","Normal Scan",0,"ON",1,1,1,737.9,5,19.9,98.2,47.6,0.0000000685011,0.0000181761,4.97,8954.6,8.8,736.5,1,"Up Scan","Positive",254,0,4.37,1.6,8,8,0,1,1,15.275,25.911,18.707,9.647,1.96,5099.07,44,20.8,NA,0,0,0,0,0,0,0,0,0,0,0,0,0,0,0,0,0,0,0,0,0,0,0,0,0,0,0,0,0,0,0,16210.176,14237.856,13314.24,11554.368,10339.712,9086.752,7824.672,7402.944,6700.864,6377.856,6163.648,5736.608,5281.024,4758.912,4134.688,3465.536,3065.024,2479.36,2189.44,1954.944,1820.992,1775.168,1664.448,1548.256,1333.888,1199.52,973.024,848.96,816.032,736.672,675.264,613.344,655.872,596.608,608.416,579.136,600.512,556,472.992,467.968,404.576,336.096,310.08,314.624,225.216,212.48,142.464,112.16,89.216,46.912,39.36,35.936,27.264,25.12,12.224,6.272,4.96,1.696,1.728,0,0,0,0,0,0,0,0,0,0,0,0,0,0,0,0,0,0,0,0,0,0,0,0,0,0,0,0,0,0,0,0,0,0,0,0,4.982,6.599,8.413,10.555,11.967,13.473,14.612,15.093,16.877,17.72,19.331,21.123,22.039,22.549,22.422,21.394,19.671,18.974,16.776,16.057,15.48,15.456,15.996,15.973,15.896,14.543,14.01,12.22,11.621,11.848,11.57,11.383,10.965,11.677,11.376,11.601,10.955,11.234,10.698,8.909,8.661,7.322,5.989,5.304,5.087,3.669,3.396,2.318,1.71,1.295,0.703,0.568,0.483,0.377,0.325,0.155,0.079,0.06,0.02,0.02,0,0.014,0,0,0,0
2026-09-01 18:48:00,1,"Normal Scan","Normal Scan",0,"ON",1,1,1,737.9,5,20,98.2,47.3,0.0000000685308,0.0000181809,4.97,8954.6,8.8,736.5,1,"Up Scan","Positive",254,0,4.37,1.6,8,8,0,1,1,17.34,27.134,19.944,9.647,1.949,4805.06,44,20.8,NA,0,0,0,0,0,0,0,0,0,0,0,0,0,0,0,0,0,0,0,0,0,0,0,0,0,0,0,0,0,0,0,14302.624,11631.936,10458.272,8300.608,7552.48,7308.128,6903.104,6343.712,6452.256,6132.672,6636.192,6485.248,6188.256,5691.616,5132,4598.624,4173.632,3486.208,3153.472,2711.072,2168.224,1821.536,1610.176,1425.28,1234.496,1154.752,1030.176,778.272,725.856,650.304,655.808,524.352,548.736,538.464,551.968,547.392,496.288,497.12,430.528,419.52,373.728,365.696,310.08,272.256,273.216,189.408,148.512,104.256,73.856,71.136,40.256,13.952,22.816,19.2,9.216,7.936,6.528,5.056,3.488,0,0,0,0,0,0,0,0,0,0,0,0,0,0,0,0,0,0,0,0,0,0,0,0,0,0,0,0,0,0,0,0,0,0,0,0,4.785,5.727,6.822,8.291,8.613,9.904,11.794,13.331,14.429,17.078,18.625,22.804,24.93,26.47,26.905,26.621,26.061,25.682,23.303,22.704,21.056,18.184,16.409,15.402,14.567,13.466,13.407,12.621,10.542,10.564,10.328,10.686,9.589,10.142,10.283,10.54,10.694,9.721,9.619,8.481,7.967,6.714,6.289,5.355,4.569,4.196,3.034,2.313,1.61,1.1,1.067,0.582,0.205,0.302,0.249,0.116,0.098,0.08,0.06,0.041,0,0,0,0,0,0
2026-09-01 18:53:00,1,"Normal Scan","Normal Scan",0,"ON",1,1,1,738.1,5,20.2,98.2,47.7,0.0000000685904,0.0000181905,4.97,8954.6,8.8,736.5,1,"Up Scan","Positive",254,0,4.37,1.6,8,8,0,1,1,17.393,24.911,19.387,9.647,1.838,7746.92,44,20.9,NA,0,0,0,0,0,0,0,0,0,0,0,0,0,0,0,0,0,0,0,0,0,0,0,0,0,0,0,0,0,0,0,21822.72,18531.168,16421.952,14418.72,13104.48,11290.048,10873.056,10377.344,10529.184,10561.568,10211.552,10133.344,9871.296,9208.416,9183.2,8701.888,7902.752,7011.744,6377.92,5109.056,3972.64,3256.704,2552.288,2036.192,1601.28,1357.792,1116.48,907.264,761.632,591.424,614.176,618.304,574.208,623.744,644.672,621.792,542.912,502.208,465.664,420.256,368.928,356.256,315.68,353.184,271.072,235.424,187.2,141.088,75.872,51.424,32.96,26.368,16.032,11.808,13.728,4.736,8.192,1.696,3.488,3.264,0,0,0,0,0,0,0,0,0,0,0,0,0,0,0,0,0,0,0,0,0,0,0,0,0,0,0,0,0,0,0,0,0,0,0,6.154,8.863,10.885,13.062,14.968,17.161,18.155,21.048,23.674,27.896,32.001,35.106,39.055,42.329,43.703,47.671,49.257,48.569,46.534,45.485,39.168,32.686,28.627,23.925,20.354,17.015,15.504,13.8,12.131,11.211,10.031,10.377,10.794,10.753,11.518,11.908,11.799,10.601,10.216,9.197,8.114,7.072,6.259,5.332,5.551,4.311,3.619,2.859,2.136,1.144,0.757,0.494,0.372,0.226,0.153,0.175,0.059,0.1,0.02,0.041,0.039,0,0,0,0,0
2026-09-01 18:58:00,1,"Normal Scan","Normal Scan",0,"ON",1,1,1,737.9,5,20,98.2,47.4,0.0000000685308,0.0000181809,4.97,8954.6,8.8,736.5,1,"Up Scan","Positive",254,0,4.37,1.6,8,8,0,1,1,15.578,26.228,18.993,9.647,1.97,7295.04,44,20.8,NA,0,0,0,0,0,0,0,0,0,0,0,0,0,0,0,0,0,0,0,0,0,0,0,0,0,0,0,0,0,0,0,23118.56,22113.024,17539.488,15758.112,14192.96,12294.56,10211.648,10137.248,9631.04,8974.88,8483.456,7824.352,7500.832,6764.896,6167.616,5710.656,5154.368,4510.944,3959.872,3360.224,2783.584,2344.896,2149.44,2009.888,1647.616,1627.04,1318.208,1233.696,1131.552,1162.304,1085.152,1179.424,1059.392,1108.96,1017.728,971.392,942.24,786.688,747.072,635.488,617.632,477.952,426.208,355.296,331.84,255.808,183.584,120.416,83.008,69.568,45.6,30.624,34.4,22.112,11.776,8.352,9.856,3.36,1.728,1.792,0,0,0,0,0,0,0,0,0,0,0,0,0,0,0,0,0,0,0,0,0,0,0,0,0,0,0,0,0,0,0,0,0,0,0,6.994,9.399,12.974,13.966,16.328,18.553,19.78,19.709,23.062,25.452,27.159,29.082,30.096,32.096,31.963,32.023,32.385,31.735,30.166,28.669,26.194,23.415,21.173,20.8,20.739,18.527,19.452,17.355,17.337,17.279,18.168,18.196,19.783,18.664,19.414,18.62,17.594,17.006,14.5,13.561,11.495,10.659,8.151,7.108,5.778,5.226,4.126,2.847,1.855,1.259,1.063,0.641,0.428,0.472,0.287,0.149,0.104,0.119,0.04,0.02,0.019,0.014,0,0,0,0
2026-09-01 19:03:00,1,"Normal Scan","Normal Scan",0,"ON",1,1,1,738.3,5,20.5,98.2,47.4,0.0000000686797,0.0000182049,4.97,8954.6,8.8,736.5,1,"Up Scan","Positive",254,0,4.37,1.6,8,8,0,1,1,14.721,25.066,18.364,9.647,1.945,7319.69,44,21,NA,0,0,0,0,0,0,0,0,0,0,0,0,0,0,0,0,0,0,0,0,0,0,0,0,0,0,0,0,0,0,0,26814.592,22168.576,20180.672,16914.272,14614.304,12699.52,10440.992,10168.032,9057.088,7949.792,7179.808,6627.616,6355.936,5380,5134.688,4858.016,5070.688,4659.904,4097.376,3532.608,3065.088,2837.664,2540.576,2295.68,2024.288,1974.56,1754.56,1538.944,1380.736,1184.928,1042.72,862.656,805.472,663.52,674.912,608.64,560.48,548.544,494.752,546.496,435.328,403.168,399.2,387.552,328.416,257.376,205.024,179.328,116.16,67.616,44.992,30.336,15.776,5.984,21.376,9.504,6.528,3.424,1.728,1.504,0,0,0,0,0,0,0,0,0,0,0,0,0,0,0,0,0,0,0,0,0,0,0,0,0,0,0,0,0,0,0,0,0,0,0,6.787,10.856,12.993,16.068,17.501,19.025,20.361,20.186,23.099,23.921,24.042,24.6,25.488,27.252,25.555,26.779,27.708,31.385,31.281,29.792,27.692,26.001,25.748,24.691,23.644,22.149,22.646,21.325,19.71,18.655,17.152,15.95,14.253,13.977,12.823,12.96,11.996,11.492,11.379,10.013,10.24,8.348,7.351,6.647,6.288,5.186,3.928,3.073,2.752,1.724,0.973,0.659,0.409,0.225,0.078,0.272,0.118,0.08,0.04,0.02,0.02,0,0,0,0,0
2026-09-01 19:08:00,1,"Normal Scan","Normal Scan",0,"ON",1,1,1,737.9,5,19.9,98.2,47.4,0.0000000685011,0.0000181761,4.97,8954.6,8.8,736.5,1,"Up Scan","Positive",254,0,4.37,1.6,8,8,0,1,1,15.252,25.77,18.967,9.647,1.946,7408.6,43,20.9,NA,0,0,0,0,0,0,0,0,0,0,0,0,0,0,0,0,0,0,0,0,0,0,0,0,0,0,0,0,0,0,0,21882.688,21075.296,19680.32,17832.224,15368.288,13253.952,11074.336,10063.104,8488.032,7542.72,7116,6772.224,6768.32,6756.8,6663.296,6005.408,5381.28,4793.824,4302.24,3963.68,3586.112,3087.808,2826.016,2565.344,2231.168,1983.808,1752.096,1556.48,1242.752,1058.912,1037.696,931.648,853.664,818.752,796,781.536,638.016,561.664,577.6,540.224,447.904,396.192,375.2,357.44,318.56,286.88,193.44,153.312,95.872,65.472,59.616,27.136,21.664,14.848,13.728,9.472,11.424,5.12,3.488,7.136,0,0,0,0,0,0,0,0,0,0,0,0,0,0,0,0,0,0,0,0,0,0,0,0,0,0,0,0,0,0,0,0,0,0,0,6.059,8.89,12.442,15.731,18.499,20.084,21.303,21.368,22.895,22.418,22.874,24.461,26.105,29.061,32.055,34.713,34.215,33.338,32.29,31.34,31.061,30.14,27.89,27.148,26.005,24.179,22.91,21.432,20.098,17.624,16.103,16.479,15.276,14.943,14.871,14.677,14.396,12.353,11.336,11.307,10.318,8.307,7.023,6.33,5.9,5.115,4.428,3.003,2.367,1.497,0.955,0.879,0.446,0.321,0.191,0.175,0.118,0.139,0.06,0.041,0.077,0.028,0,0,0,0
2026-09-01 19:13:00,1,"Normal Scan","Normal Scan",0,"ON",1,1,1,738.2,5,20.4,98.2,46.8,0.0000000686499,0.0000182001,4.97,8954.6,8.8,736.5,1,"Up Scan","Positive",254,0,4.37,1.6,8,8,0,1,1,14.821,24.671,18.364,9.647,1.915,7926.78,44,21,NA,0,0,0,0,0,0,0,0,0,0,0,0,0,0,0,0,0,0,0,0,0,0,0,0,0,0,0,0,0,0,0,25814.56,21419.776,21238.4,19497.792,16877.312,15750.336,13828.224,12064.96,10052.864,9099.04,7460.928,6983.392,6497.184,6027.648,5313.888,4984.576,4835.68,4541.408,4269.76,4043.616,3777.28,3365.472,2914.272,2699.424,2273.6,2049.44,1770.816,1643.04,1350.304,1232.096,1105.12,910.368,868.96,793.12,709.856,680.48,654.496,561.728,508.128,500.608,454.592,355.648,352.96,349.92,326.08,214.72,174.944,137.76,96.48,55.648,49.536,27.456,27.552,20.576,9.12,17.376,6.528,3.392,3.52,3.296,0,0,0,0,0,0,0,0,0,0,0,0,0,0,0,0,0,0,0,0,0,0,0,0,0,0,0,0,0,0,0,0,0,0,0,6.693,10.421,12.528,16.879,20.206,21.983,25.293,26.672,27.379,26.473,27.454,25.551,26.843,27.85,28.608,27.762,28.561,30.159,30.663,31.162,31.672,31.734,30.213,28.116,27.513,24.768,23.561,21.614,21.208,18.595,17.877,17.082,15.061,14.705,14.217,13.426,12.698,12.393,11.188,10.134,9.206,8.166,6.534,5.997,5.697,5.174,3.456,2.737,2.099,1.519,0.811,0.714,0.409,0.415,0.268,0.116,0.216,0.08,0.04,0.041,0.039,0.028,0,0,0,0
2026-09-01 19:18:00,1,"Normal Scan","Normal Scan",0,"ON",1,1,1,738.1,5,20.2,98.2,47.3,0.0000000685904,0.0000181905,4.97,8954.6,8.8,736.5,1,"Up Scan","Positive",254,0,4.37,1.6,8,8,0,1,1,14.266,23.692,17.737,9.647,1.888,8117.63,43,21,NA,0,0,0,0,0,0,0,0,0,0,0,0,0,0,0,0,0,0,0,0,0,0,0,0,0,0,0,0,0,0,0,25391.936,24807.008,22920.256,21640.416,19378.912,16999.104,14358.24,12657.568,10318.88,8951.84,7669.408,6845.888,6336.128,5618.208,4976.288,4478.08,4202.08,3773.6,3552.384,3510.208,3341.408,3239.68,2970.08,2466.08,2183.456,1969.472,1655.616,1431.808,1237.184,1080.608,1015.936,891.008,872.736,852.64,781.792,672,622.624,536.192,517.92,433.056,425.856,377.984,374.752,322.56,262.496,238.4,176.672,141.184,87.584,67.68,46.464,30.048,17.536,10.272,12.128,4.736,4.928,1.696,3.52,0,0,0,0,0,0,0,0,0,0,0,0,0,0,0,0,0,0,0,0,0,0,0,0,0,0,0,0,0,0,0,0,0,0,0,0,6.301,10.355,14.549,18.258,22.477,25.246,27.231,27.621,28.779,27.206,27.001,26.256,26.346,27.107,26.623,25.987,25.679,26.3,25.703,26.031,27.642,28.201,29.103,28.314,25.123,23.631,22.673,20.326,18.911,17.422,16.179,15.806,14.606,14.875,14.707,14.142,12.67,12.073,10.656,9.863,8.328,7.83,6.725,6.341,5.271,4.183,3.697,2.694,2.102,1.298,0.979,0.659,0.428,0.283,0.134,0.155,0.059,0.06,0.02,0.041,0,0.042,0,0,0,0
2026-09-01 19:23:00,1,"Normal Scan","Normal Scan",0,"ON",1,1,1,738.2,5,20.4,98.2,46.7,0.0000000686499,0.0000182001,4.97,8954.6,8.8,736.5,1,"Up Scan","Positive",254,0,4.37,1.6,8,8,0,1,1,14.849,23.856,18.149,11.14,1.866,8707.26,44,21,NA,0,0,0,0,0,0,0,0,0,0,0,0,0,0,0,0,0,0,0,0,0,0,0,0,0,0,0,0,0,0,0,23827.648,24165.312,24823.68,21864.416,19910.528,17426.496,15308.192,13359.968,11377.344,10180.48,9253.76,8365.824,7565.568,6622.336,5963.648,5541.344,5470.624,5184.832,4557.344,4622.528,4354.048,3792.992,3056.736,2626.048,2221.28,2114.176,1880.96,1575.872,1316.864,1130.016,929.376,821.024,716.256,637.632,639.424,527.936,572,512.416,470.208,491.2,503.328,466.656,380,351.52,306.784,259.456,192,130.176,87.392,59.744,36.704,24.224,20.832,7.424,9.088,1.6,3.264,3.36,6.976,3.616,0,0,0,0,0,0,0,0,0,0,0,0,0,0,0,0,0,0,0,0,0,0,0,0,0,0,0,0,0,0,0,0,0,0,0,6.684,9.733,14.165,19.764,22.689,25.925,27.961,29.479,30.345,29.991,30.73,31.606,32.16,32.428,31.39,31.182,31.799,34.069,34.887,33.131,35.994,36.36,33.897,29.29,26.76,23.987,23.957,22.475,19.914,17.883,16.242,14.411,13.701,12.759,12.192,12.542,11.24,11.454,10.346,9.593,9.365,8.969,7.883,6.301,5.624,4.779,4.017,2.946,1.907,1.312,0.865,0.567,0.372,0.321,0.096,0.116,0.02,0.04,0.04,0.081,0.039,0.056,0,0,0,0
2026-09-01 19:28:00,1,"Normal Scan","Normal Scan",0,"ON",1,1,1,738.2,5,20.4,98.2,47.2,0.0000000686499,0.0000182001,4.97,8954.6,8.8,736.5,1,"Up Scan","Positive",254,0,4.37,1.6,8,8,0,1,1,16.025,23.288,18.464,11.14,1.784,10918.5,43,21.1,NA,0,0,0,0,0,0,0,0,0,0,0,0,0,0,0,0,0,0,0,0,0,0,0,0,0,0,0,0,0,0,0,26378.208,26225.696,26607.104,24354.88,22113.6,20603.136,19365.184,16886.528,15703.2,14385.12,14178.528,12905.024,12110.816,12015.232,11211.136,10614.176,9769.024,8229.088,7182.496,5878.848,5012.608,4054.592,3224,2513.76,2037.536,1746.112,1477.728,1318.464,1110.752,931.648,840.224,835.68,779.552,755.104,611.328,614.368,553.312,512.992,471.968,422.784,407.744,416.832,373.024,337.376,302.688,265.76,204.736,155.04,116.416,83.712,61.888,23.936,24.384,30.944,13.728,9.536,11.36,3.392,1.728,5.344,0,0,0,0,0,0,0,0,0,0,0,0,0,0,0,0,0,0,0,0,0,0,0,0,0,0,0,0,0,0,0,0,0,0,0,7.232,10.781,15.454,21.233,25.224,28.89,33.116,37.416,38.426,41.47,43.567,48.626,49.667,51.932,56.862,58.179,60.107,60.013,54.7,51.369,45.214,41.273,35.775,30.445,25.377,21.898,20.066,18.202,17.214,15.533,13.958,13.298,13.694,13.571,13.444,11.734,12.161,11.212,10.411,9.648,8.644,7.835,7.441,6.632,5.608,4.821,4.152,3.257,2.349,1.802,1.214,0.879,0.372,0.34,0.402,0.175,0.118,0.139,0.04,0.02,0.059,0.014,0,0,0,0
2026-09-01 19:33:00,1,"Normal Scan","Normal Scan",0,"ON",1,1,1,737.9,5,20,98.2,46.8,0.0000000685308,0.0000181809,4.97,8954.6,8.8,736.5,1,"Up Scan","Positive",254,0,4.37,1.6,8,8,0,1,1,15.21,23.176,18.089,10.366,1.807,12836.3,43,21,NA,0,0,0,0,0,0,0,0,0,0,0,0,0,0,0,0,0,0,0,0,0,0,0,0,0,0,0,0,0,0,0,32812.352,33816.288,33622.784,31487.84,28334.304,26442.848,23188.608,19630.016,17374.112,16091.424,14431.584,13045.152,11825.44,10725.056,11146.944,11481.472,10994.88,9817.024,8679.456,7842.464,6165.696,4324.032,3188.832,2559.2,2095.68,1884.704,1680.064,1422.368,1334.304,1185.376,1088.16,963.808,917.12,961.504,870.528,810.592,858.976,763.008,681.76,703.936,588.512,521.792,425.056,422.368,390.336,310.144,211.2,157.344,118.4,90.784,60.768,56.64,53.376,38.368,22.976,14.656,10.912,3.392,12.128,1.792,0,0,0,0,0,0,0,0,0,0,0,0,0,0,0,0,0,0,0,0,0,0,0,0,0,0,0,0,0,0,0,0,0,0,0,9.256,13.346,19.895,26.982,32.689,37.057,42.482,44.692,44.692,45.902,48.687,49.556,50.327,50.849,51.09,58.243,65.209,67.482,65.024,61.882,59.962,50.602,38.236,30.289,26.131,22.91,22.037,20.76,19.037,18.92,18.107,17.777,16.93,16.542,17.777,16.621,15.774,16.016,14.712,13.438,13.003,10.622,9.188,7.441,7.074,6.387,5.072,3.463,2.483,1.876,1.284,0.97,0.778,0.739,0.498,0.291,0.182,0.134,0.04,0.143,0.019,0.028,0,0,0,0
2026-09-01 19:38:00,1,"Normal Scan","Normal Scan",0,"ON",1,1,1,738.3,5,20.5,98.2,46.8,0.0000000686797,0.0000182049,4.97,8954.6,8.8,736.5,1,"Up Scan","Positive",254,0,4.37,1.6,8,8,0,1,1,14.357,21.485,16.896,9.647,1.759,12380.6,43,21.2,NA,0,0,0,0,0,0,0,0,0,0,0,0,0,0,0,0,0,0,0,0,0,0,0,0,0,0,0,0,0,0,0,34916.512,33178.4,33607.424,33783.04,32296.8,29870.592,26870.176,23298.016,19613.888,16064.576,13971.968,11870.432,10459.904,9478.112,8326.56,6946.656,5862.304,4955.296,4600.16,3722.784,3413.728,2925.824,2647.648,2476.512,2243.392,2018.304,1823.52,1695.744,1364.704,1229.216,992.608,941.312,853.088,861.504,798.368,744.224,654.432,626.4,542.464,436.96,508.864,482.304,414.368,370.912,325.696,294.848,219.2,171.712,110.784,85.568,58.016,41.504,35.776,29.472,9.152,11.104,11.392,6.784,3.52,3.616,0,0,0,0,0,0,0,0,0,0,0,0,0,0,0,0,0,0,0,0,0,0,0,0,0,0,0,0,0,0,0,0,0,0,0,8.717,14.178,19.451,26.852,35,42.135,48.027,51.733,52.901,51.662,48.397,47.639,45.456,44.62,44.703,43.038,39.356,36.145,33.247,33.342,29.27,28.802,26.551,25.755,25.415,24.353,23.191,22.234,21.827,19.126,18.057,15.778,15.648,15.162,14.955,14.909,14.483,13.007,12.351,10.796,9.126,9.527,8.412,7.27,6.098,5.298,4.707,3.438,2.559,1.737,1.252,0.832,0.613,0.49,0.383,0.116,0.138,0.139,0.081,0.041,0.039,0.014,0,0,0,0
2026-09-01 19:43:00,1,"Normal Scan","Normal Scan",0,"ON",1,1,1,737.9,5,19.9,98.2,47,0.0000000685011,0.0000181761,4.97,8954.6,8.8,736.5,1,"Up Scan","Positive",254,0,4.37,1.6,8,8,0,1,1,14.729,21.822,17.316,11.971,1.757,11090.6,43,21,NA,0,0,0,0,0,0,0,0,0,0,0,0,0,0,0,0,0,0,0,0,0,0,0,0,0,0,0,0,0,0,0,28506.944,28014.72,28013.632,29078.048,28169.184,26896.352,24092.96,21519.712,17568.544,14675.904,11897.28,10366.784,8870.208,7806.144,7445.888,8104.064,7576.416,6590.048,5739.52,4566.08,3705.184,2991.904,2423.712,2173.792,1891.616,1857.92,1582.176,1395.84,1344.576,1047.2,917.376,781.92,789.184,679.712,618.304,592,569.344,515.2,422.112,483.2,449.76,355.552,345.408,320.608,296.864,228.48,174.624,109.76,92.512,77.248,48.032,29.696,22.816,19.2,14.048,10.752,4.928,10.176,7.008,1.792,0,0,0,0,0,0,0,0,0,0,0,0,0,0,0,0,0,0,0,0,0,0,0,0,0,0,0,0,0,0,0,0,0,0,0,6.809,11.65,16.442,22.443,30.23,36.876,43.156,46.425,48.815,46.284,44.237,40.747,39.915,38.051,37.056,38.781,45.9,46.503,43.777,41.158,35.379,30.989,26.844,23.394,22.496,20.635,21.246,19.314,18.089,18.163,15.302,14.376,12.995,13.503,12.484,11.954,11.395,11.212,10.22,8.764,9.031,8.119,6.256,6.048,5.341,4.728,3.583,2.773,1.752,1.366,1.136,0.751,0.446,0.302,0.249,0.178,0.134,0.06,0.121,0.081,0.019,0,0,0,0,0
2026-09-01 19:48:00,1,"Normal Scan","Normal Scan",0,"ON",1,1,1,738.3,5,20.5,98.2,46.5,0.0000000686797,0.0000182049,4.97,8954.6,8.8,736.5,1,"Up Scan","Positive",254,0,4.37,1.6,8,8,0,1,1,14.709,21.927,17.169,13.824,1.764,10316.8,43,21.1,NA,0,0,0,0,0,0,0,0,0,0,0,0,0,0,0,0,0,0,0,0,0,0,0,0,0,0,0,0,0,0,0,25358.88,25454.112,25938.528,26160.416,26629.28,26954.848,24838.464,21749.248,18225.12,15233.792,12136.256,10197.28,8489.056,7394.176,5951.84,5130.848,4544.352,4060.064,3809.92,3558.048,3181.888,2595.456,2231.072,1925.152,1823.392,1653.44,1552.768,1441.728,1287.808,1158.272,1016.128,902.784,789.856,721.376,669.024,570.624,498.496,479.488,505.568,444.512,467.808,391.936,373.12,346.368,293.248,267.616,182.816,164.288,115.264,79.904,53.376,36.192,31.84,13.344,12.192,11.072,6.56,6.752,12.192,8.384,0,0,0,0,0,0,0,0,0,0,0,0,0,0,0,0,0,0,0,0,0,0,0,0,0,0,0,0,0,0,0,0,0,0,0,6.82,10.317,15,20.709,27.171,34.758,43.442,47.885,49.375,47.962,45.847,41.375,38.977,36.167,34.87,30.95,29.201,28.156,27.275,27.59,27.756,26.658,23.537,21.73,20.069,20.176,19.301,19.109,18.645,17.659,16.757,15.178,14.6,13.726,13.066,12.831,11.409,10.371,10.049,10.115,8.899,8.588,7.178,6.476,5.739,4.714,4.263,2.859,2.52,1.72,1.207,0.824,0.576,0.453,0.172,0.155,0.138,0.08,0.081,0.143,0.098,0,0,0,0,0
2026-09-01 19:53:00,1,"Normal Scan","Normal Scan",0,"ON",1,1,1,738,5,20.1,98.2,46.9,0.0000000685606,0.0000181857,4.97,8954.6,8.8,736.5,1,"Up Scan","Positive",254,0,4.37,1.6,8,8,0,1,1,14.912,22.687,17.418,12.864,1.798,10228.1,43,21,NA,0,0,0,0,0,0,0,0,0,0,0,0,0,0,0,0,0,0,0,0,0,0,0,0,0,0,0,0,0,0,0,25172.384,23060.768,25292.192,25104.512,26081.216,25463.744,25181.792,22393.344,19998.912,16059.68,12764.608,10508.448,8707.744,7286.624,5913.568,4849.344,4313.76,3576.288,2936.64,2614.208,2428.48,2403.328,2148.8,1929.408,1947.232,1820.608,1774.208,1536.768,1398.976,1230.176,1084.288,1042.4,930.4,864.352,825.216,756.928,737.056,651.712,634.976,559.296,532.96,512.288,446.688,388.096,355.744,302.432,212.448,150.432,100.736,94.112,75.392,41.696,26.24,29.696,24.448,11.04,3.264,3.392,1.76,3.264,0,0,0,0,0,0,0,0,0,0,0,0,0,0,0,0,0,0,0,0,0,0,0,0,0,0,0,0,0,0,0,0,0,0,0,5.844,10.222,13.622,20.269,26.119,34.117,41.043,48.5,50.799,52.638,48.322,43.565,40.218,37.07,34.234,30.596,27.476,26.698,24.095,21.495,20.812,20.869,22.053,21.159,20.305,21.562,21.253,21.935,20.268,19.589,18.224,17.291,17.274,16.295,15.857,15.505,14.913,14.394,12.861,12.257,10.917,9.709,8.929,7.624,6.637,5.724,4.722,3.345,2.404,1.561,1.334,1.053,0.585,0.432,0.385,0.31,0.138,0.04,0.04,0.02,0.039,0.056,0,0,0,0
2026-09-01 19:58:00,1,"Normal Scan","Normal Scan",0,"ON",1,1,1,738.2,5,20.3,98.2,46.4,0.0000000686201,0.0000181953,4.97,8954.6,8.8,736.5,1,"Up Scan","Positive",254,0,4.37,1.6,8,8,0,1,1,15.172,22.494,17.448,14.855,1.775,10178.6,43,21,NA,0,0,0,0,0,0,0,0,0,0,0,0,0,0,0,0,0,0,0,0,0,0,0,0,0,0,0,0,0,0,0,24273.248,22687.616,23823.328,23886.56,23860.928,24582.88,25369.44,24338.88,20420.064,17252.256,14626.592,11526.144,8958.176,7207.392,5923.648,5053.76,4219.136,3598.432,2996.512,2767.776,2543.584,2258.624,1991.776,1948.16,1733.024,1800.992,1645.184,1515.648,1352.512,1178.432,924.192,949.536,847.552,721.6,800.096,713.92,663.712,600.064,531.776,527.424,448.288,412.448,402.112,321.792,344.768,270.24,222.016,183.84,134.336,78.912,94.08,52,32.896,29.632,18.304,15.712,8.224,16.8,6.944,0,0,0,0,0,0,0,0,0,0,0,0,0,0,0,0,0,0,0,0,0,0,0,0,0,0,0,0,0,0,0,0,0,0,0,0,6.25,9.92,13.346,19.017,24.81,31.246,39.533,48.995,55.223,53.694,51.903,49.793,44.024,38.126,33.926,30.664,28.663,26.078,24.171,21.917,21.819,21.74,20.732,19.742,20.357,19.231,20.864,20.21,19.758,18.575,17.46,15.08,15.707,14.79,13.381,14.639,13.675,13.012,11.838,10.946,10.244,8.704,7.725,7.109,5.699,5.636,4.382,3.551,2.845,1.972,1.304,1.362,0.706,0.453,0.383,0.233,0.197,0.1,0.201,0.081,0,0.014,0,0,0,0
2026-09-01 20:03:00,1,"Normal Scan","Normal Scan",0,"ON",1,1,1,738.2,5,20.3,98.2,46.7,0.0000000686201,0.0000181953,4.97,8954.6,8.8,736.5,1,"Up Scan","Positive",254,0,4.37,1.6,8,8,0,1,1,16.872,23.218,18.873,14.855,1.731,12909.7,43,21.1,NA,0,0,0,0,0,0,0,0,0,0,0,0,0,0,0,0,0,0,0,0,0,0,0,0,0,0,0,0,0,0,0,23641.344,24270.464,23722.752,23660.32,24732.512,25791.136,27155.168,27012.864,25905.312,23494.208,21441.952,18058.144,15357.152,13453.792,12018.176,10836.384,9989.088,9301.12,8033.664,7497.024,6034.24,4840.832,3598.752,2999.328,2343.392,2095.936,1749.024,1574.336,1395.2,1191.104,1028.32,971.456,858.56,788.512,710.816,658.88,576.384,512.992,481.792,491.04,410.752,430.912,368.256,367.392,273.408,258.144,221.056,140.48,119.968,63.168,53.696,42.752,32.928,14.88,13.76,9.44,6.528,10.08,0,0,0,0,0,0,0,0,0,0,0,0,0,0,0,0,0,0,0,0,0,0,0,0,0,0,0,0,0,0,0,0,0,0,0,0,0,6.839,9.674,14.34,18.93,24.59,32.383,41.631,52.516,61.5,68.284,70.899,73.274,69.221,65.637,63.601,62.533,61.547,61.591,61.829,57.541,57.519,49.69,42.702,34.12,30.37,25.345,24.06,21.502,20.252,19.085,17.346,15.879,15.591,14.66,14.072,13.202,12.85,11.552,10.544,9.632,9.516,7.946,7.676,6.303,5.999,4.483,4.152,3.343,2.145,1.792,0.991,0.75,0.576,0.47,0.193,0.175,0.118,0.08,0.121,0,0,0.028,0,0,0,0
2026-09-01 20:08:00,1,"Normal Scan","Normal Scan",0,"ON",1,1,1,738,5,20.1,98.2,46.2,0.0000000685606,0.0000181857,4.97,8954.6,8.8,736.5,1,"Up Scan","Positive",254,0,4.37,1.6,8,8,0,1,1,18.662,24.542,20.135,15.963,1.728,14536.9,42,21,NA,0,0,0,0,0,0,0,0,0,0,0,0,0,0,0,0,0,0,0,0,0,0,0,0,0,0,0,0,0,0,0,21995.04,23132.16,23279.328,23544.928,24634.976,23750.272,25296.096,25346.88,25227.616,25072.832,24183.68,23084.704,21658.528,20720.064,19867.328,17956.032,15921.056,13521.472,11766.944,10323.904,8483.008,6473.984,4566.784,3321.664,2556.064,2098.24,1919.584,1643.488,1432.992,1304.928,1148.32,921.792,873.472,733.76,759.872,689.472,717.44,694.88,609.248,653.184,546.976,489.376,422.304,376.096,358.144,296.384,207.136,171.04,127.328,84.288,63.04,41.92,25.92,23.584,25.92,19.072,6.528,1.664,1.728,5.376,0,0,0,0,0,0,0,0,0,0,0,0,0,0,0,0,0,0,0,0,0,0,0,0,0,0,0,0,0,0,0,0,0,0,0,5.936,8.989,13.557,18.61,24.454,32.255,38.275,48.996,57.846,66.79,75.976,82.999,88.838,92.775,97.971,103.099,101.699,97.708,89.62,83.806,78.768,69.189,56.652,42.854,33.445,27.706,24.241,23.207,21.143,19.695,18.999,17.901,15.863,15.512,14.443,14.756,13.735,13.986,13.434,12.045,12.184,9.92,8.78,7.28,6.318,5.8,4.616,3.269,2.668,1.972,1.222,0.879,0.612,0.36,0.306,0.33,0.236,0.08,0.02,0.02,0.058,0.014,0,0,0,0
2026-09-01 20:13:00,1,"Normal Scan","Normal Scan",0,"ON",1,1,1,738.3,5,20.5,98.2,46.2,0.0000000686797,0.0000182049,4.97,8954.6,8.8,736.5,1,"Up Scan","Positive",254,0,4.37,1.6,8,8,0,1,1,16.837,24.426,19.087,9.647,1.807,10565.6,42,21.2,NA,0,0,0,0,0,0,0,0,0,0,0,0,0,0,0,0,0,0,0,0,0,0,0,0,0,0,0,0,0,0,0,22410.848,21545.664,20698.272,20904.512,20660.768,19758.176,19398.112,19324.224,19321.152,17656.416,15895.968,14618.624,13309.632,11927.52,10696.224,9430.496,8252.416,7624.384,6144.448,4931.776,3901.696,2987.168,2609.824,2257.696,2146.432,1881.792,1817.632,1585.44,1459.872,1328.224,1189.856,1112.8,1045.728,961.856,824.608,767.232,708.928,647.936,572.064,526.784,507.328,485.024,455.648,427.2,332.8,269.536,215.904,144.704,118.944,84.512,59.712,46.976,37.056,20.672,9.12,15.808,13.056,5.056,5.216,1.792,0,0,0,0,0,0,0,0,0,0,0,0,0,0,0,0,0,0,0,0,0,0,0,0,0,0,0,0,0,0,0,0,0,0,0,5.594,9.086,12.663,16.562,21.582,27.096,31.843,37.461,43.987,51.017,53.336,54.359,56.071,56.867,56.287,55.29,53.27,50.564,50.537,43.982,38.198,32.633,27.06,25.279,23.535,23.691,22.102,22.707,20.912,20.423,19.589,18.387,18.06,17.608,17.006,15.441,14.759,14.044,12.959,11.244,10.241,9.345,8.545,7.744,6.94,5.49,4.33,3.364,2.167,1.844,1.261,0.868,0.661,0.49,0.268,0.116,0.197,0.159,0.06,0.061,0.02,0,0,0,0,0
2026-09-01 20:18:00,1,"Normal Scan","Normal Scan",0,"ON",1,1,1,737.9,5,20,98.2,45.8,0.0000000685308,0.0000181809,4.97,8954.6,8.8,736.5,1,"Up Scan","Positive",254,0,4.37,1.6,8,8,0,1,1,17.545,24.695,19.682,9.647,1.79,11512.6,41,21,NA,0,0,0,0,0,0,0,0,0,0,0,0,0,0,0,0,0,0,0,0,0,0,0,0,0,0,0,0,0,0,0,23333.984,22475.808,21187.36,22422.592,21101.408,20456.704,19876.576,18986.4,17985.856,16507.648,15048.576,13969.824,13783.648,13947.648,14668.48,13845.12,12503.2,11393.888,9443.04,7817.76,5891.328,4448.992,3623.264,2866.048,2434.688,1999.2,1712.128,1571.84,1339.424,1344.928,1104.96,1034.336,914.688,802.976,710.112,641.056,545.696,554.624,469.728,452.352,465.472,467.52,462.24,414.848,345.824,275.072,210.208,143.232,87.392,101.344,57.184,39.072,24.864,25.28,28.864,11.488,12.64,5.056,5.216,1.792,0,0,0,0,0,0,0,0,0,0,0,0,0,0,0,0,0,0,0,0,0,0,0,0,0,0,0,0,0,0,0,0,0,0,0,6.776,9.535,13.218,16.961,23.334,27.595,32.971,38.366,43.308,47.535,50.006,51.739,53.971,59.328,66.154,76.165,78.28,76.607,75.399,67.322,59.919,48.538,39.328,34.384,29.071,26.529,23.215,21.073,20.502,18.476,19.142,16.633,16.635,15.448,14.331,13.527,12.92,11.715,11.575,9.883,9.088,8.682,8.131,7.823,6.89,5.6,4.343,3.327,2.324,1.401,1.5,0.838,0.558,0.396,0.328,0.366,0.143,0.154,0.06,0.061,0.019,0.056,0,0,0,0
2026-09-01 20:23:00,1,"Normal Scan","Normal Scan",0,"ON",1,1,1,738.4,5,20.6,98.2,45.3,0.0000000687095,0.0000182097,4.97,8954.6,8.8,736.5,1,"Up Scan","Positive",254,0,4.37,1.6,8,8,0,1,1,17.893,23.954,19.519,9.647,1.747,14784.4,41,21.2,NA,0,0,0,0,0,0,0,0,0,0,0,0,0,0,0,0,0,0,0,0,0,0,0,0,0,0,0,0,0,0,0,29844.352,29447.136,27531.04,26289.184,24162.112,25136.192,24482.848,23609.664,24283.904,23806.784,23004.608,21253.696,19619.392,18491.232,18098.944,17136.544,15775.68,14429.952,12276.96,10340.32,7729.152,6117.792,4409.376,3340.256,2643.2,2202.688,1934.048,1740.032,1481.12,1297.312,1166.88,994.176,922.976,831.456,712.128,686.08,686.72,682.592,585.024,597.536,609.184,501.184,443.52,427.744,364.256,290.88,221.472,143.808,104.16,70.88,27.552,37.536,22.88,17.792,13.728,6.272,8.128,3.392,1.728,3.616,0,0,0,0,0,0,0,0,0,0,0,0,0,0,0,0,0,0,0,0,0,0,0,0,0,0,0,0,0,0,0,0,0,0,0,9.028,12.248,17.282,21.949,27.279,31.588,40.461,47.371,53.827,64.161,72.068,78.915,81.735,84.122,87.617,94,96.975,96.763,95.439,87.313,78.866,63.286,53.62,41.535,33.742,28.559,25.334,23.493,22.52,20.27,18.728,18.05,16.838,16.074,15.418,14.567,13.823,13.615,13.443,11.668,11.192,10.714,8.597,7.395,6.758,5.732,4.469,3.399,2.215,1.532,1.019,0.421,0.539,0.302,0.23,0.175,0.079,0.1,0.04,0.02,0.039,0,0,0,0,0
2026-09-01 20:28:00,1,"Normal Scan","Normal Scan",0,"ON",1,1,1,737.9,5,20,98.2,45.5,0.0000000685308,0.0000181809,4.97,8954.6,8.8,736.5,1,"Up Scan","Positive",254,0,4.37,1.6,8,8,0,1,1,18.72,24.555,20.302,9.647,1.741,16008.2,41,21,NA,0,0,0,0,0,0,0,0,0,0,0,0,0,0,0,0,0,0,0,0,0,0,0,0,0,0,0,0,0,0,0,30874.624,28476.48,26248,26117.28,26024.64,25243.84,25795.584,25968.448,25373.504,22953.184,21922.272,20818.592,19562.048,18797.28,18277.568,19332.704,19959.968,19740.16,18355.776,15643.104,12482.112,10144.032,7206.656,5070.24,3583.264,2677.632,2124.32,1808.256,1372.064,1119.744,954.08,813.344,741.92,712.704,561.28,501.248,532.672,523.36,442.912,429.696,438.4,438.656,423.52,344.8,315.264,235.424,252.544,139.904,94.112,75.968,59.328,42.816,32.256,27.52,18.272,15.84,8.192,6.72,5.28,0,0,0,0,0,0,0,0,0,0,0,0,0,0,0,0,0,0,0,0,0,0,0,0,0,0,0,0,0,0,0,0,0,0,0,0,8.469,12.499,16.696,21.045,27.119,34.02,40.698,49.889,59.182,67.042,69.541,75.373,80.512,84.495,89.847,95.979,110.4,123.314,131.082,130.615,119.1,101.587,87.868,66.586,49.889,37.559,29.87,25.04,22.701,18.548,15.898,14.461,13.488,13.057,12.965,11.124,10.703,11.289,10.665,9.204,8.658,8.361,7.87,7.143,5.802,5.132,3.812,3.943,2.162,1.51,1.158,0.824,0.614,0.46,0.356,0.233,0.197,0.1,0.081,0.061,0,0.028,0,0,0,0
2026-09-01 20:33:00,1,"Normal Scan","Normal Scan",0,"ON",1,1,1,738.4,5,20.5,98.3,44.8,0.0000000686098,0.0000182049,4.97,8954.6,8.8,736.5,1,"Up Scan","Positive",254,0,4.37,1.6,8,8,0,1,1,26.783,30.186,25.411,32.781,1.757,26994.9,42,21.1,NA,0,0,0,0,0,0,0,0,0,0,0,0,0,0,0,0,0,0,0,0,0,0,0,0,0,0,0,0,0,0,0,28254.56,26099.584,25972,28628.96,29117.088,28161.024,27579.648,28092.8,28532.16,30072.16,30122.816,30118.592,30034.016,33194.048,41394.848,48937.28,58515.968,59285.472,47592.576,35474.368,29610.752,25987.264,22116.992,16201.248,11007.392,9734.752,8719.104,9076.384,8890.368,6641.824,4478.976,3163.168,2155.84,1680.448,1397.376,1144.864,952.896,803.552,683.488,654.112,529.792,512.256,513.952,482.304,376.576,329.728,234.592,165.248,122.816,100.896,68.448,35.808,34.464,20.608,7.68,4.736,1.632,8.448,5.216,0,0,0,0,0,0,0,0,0,0,0,0,0,0,0,0,0,0,0,0,0,0,0,0,0,0,0,0,0,0,0,0,0,0,0,0,7.088,11.538,15.337,20.799,29.754,38.099,45.416,53.415,64.11,75.678,91.742,104.648,118.449,132.465,160.832,217.541,279.164,360.561,393.782,339.667,271.897,243.849,228.675,209.457,165.05,119.694,109.731,101.591,108.521,109.617,85.906,60.94,45.388,33.032,27.38,23.623,20.454,17.943,15.615,13.514,12.219,9.912,9.027,8.635,7.879,5.929,5.177,3.59,2.457,1.771,1.443,1.025,0.483,0.472,0.268,0.097,0.059,0.02,0.101,0.061,0,0.014,0,0,0,0
2026-09-01 20:38:00,1,"Normal Scan","Normal Scan",0,"ON",1,1,1,738.2,5,20.3,98.2,45.3,0.0000000686201,0.0000181953,4.97,8954.6,8.8,736.5,1,"Up Scan","Positive",254,0,4.37,1.6,8,8,0,1,1,20.231,26.507,21.711,15.963,1.779,17605.8,41,21.1,NA,0,0,0,0,0,0,0,0,0,0,0,0,0,0,0,0,0,0,0,0,0,0,0,0,0,0,0,0,0,0,0,25486.08,26431.392,25331.872,26343.296,26667.936,25747.968,25773.504,26881.248,26562.464,26330.272,25907.296,25453.664,24556,22794.016,23384.896,23546.528,21835.552,21224.224,18486.688,14780.704,11689.6,8452.672,7558.24,8140.128,7052.672,6287.36,5740.096,5473.408,4691.36,3244.544,1776.384,1043.264,764.768,674.304,635.264,721.824,715.424,717.792,690.624,604.736,604.8,479.936,452.992,429.472,293.76,248.544,200.768,125.024,113.248,75.264,46.016,38.816,34.304,16.32,3.104,11.072,1.6,8.448,0,1.792,0,0,0,0,0,0,0,0,0,0,0,0,0,0,0,0,0,0,0,0,0,0,0,0,0,0,0,0,0,0,0,0,0,0,0,7.298,10.38,15.54,20.25,27.324,34.896,41.565,49.89,61.332,70.293,79.859,89.051,98.256,105.754,108.456,121.863,133.529,133.965,140.923,133.112,114.891,98.091,77.139,74.252,83.256,74.796,68.611,64.863,64.218,57.647,42.494,25.845,17.536,14.492,13.387,13.314,14.009,14.075,13.873,12.562,11.232,10.426,8.405,7.59,6.819,4.765,3.964,3.05,1.846,1.691,1.097,0.659,0.539,0.453,0.211,0.039,0.138,0.02,0.101,0,0.019,0,0,0,0,0
2026-09-01 20:43:00,1,"Normal Scan","Normal Scan",0,"ON",1,1,1,738,5,20.1,98.2,44.7,0.0000000685606,0.0000181857,4.97,8954.6,8.8,736.5,1,"Up Scan","Positive",254,0,4.37,1.6,8,8,0,1,1,18.969,23.965,20.085,9.647,1.705,18006.4,41,21,NA,0,0,0,0,0,0,0,0,0,0,0,0,0,0,0,0,0,0,0,0,0,0,0,0,0,0,0,0,0,0,0,31614.624,30813.28,30112.48,27625.664,27084.768,27743.264,28642.24,28538.016,29571.232,29796.672,29057.792,28778.56,27998.496,27245.28,25867.68,23669.024,22111.2,18396.16,15156.864,11889.12,9081.44,6359.52,4620.288,4378.144,4645.024,4797.984,3988.128,3254.848,2332.032,1657.568,1166.528,944.64,769.28,690.112,627.456,584.704,584.64,493.248,435.808,451.04,424.736,372.32,367.872,336.448,273.76,242.464,186.848,121.664,92.8,73.024,42.112,34.528,18.528,13.248,6.112,7.904,9.792,5.056,1.728,0,0,0,0,0,0,0,0,0,0,0,0,0,0,0,0,0,0,0,0,0,0,0,0,0,0,0,0,0,0,0,0,0,0,0,0,9.272,12.883,18.028,24.128,28.679,35.468,44.729,55.438,65.208,78.336,90.327,99.865,110.954,119.915,128.79,133.982,133.633,134.985,121.307,108.019,91.879,76.084,57.59,45.066,44.541,48.923,52.198,45.629,39.098,29.827,22.75,17.318,15.213,13.134,12.593,12.058,11.446,11.525,9.896,8.889,8.763,7.777,6.598,6.247,5.41,4.428,3.76,2.826,1.816,1.4,1.099,0.604,0.465,0.245,0.172,0.078,0.098,0.119,0.06,0.02,0,0,0,0,0,0
2026-09-01 20:48:00,1,"Normal Scan","Normal Scan",0,"ON",1,1,1,738.2,5,20.4,98.2,44.9,0.0000000686499,0.0000182001,4.97,8954.6,8.8,736.5,1,"Up Scan","Positive",254,0,4.37,1.6,8,8,0,1,1,18.518,23.689,19.56,9.647,1.732,15274.1,41,21.1,NA,0,0,0,0,0,0,0,0,0,0,0,0,0,0,0,0,0,0,0,0,0,0,0,0,0,0,0,0,0,0,0,35079.776,32396.288,28318.432,26715.264,24909.664,23002.208,21385.088,19607.584,21096.48,21789.44,22491.872,23088,22925.152,22896.64,21759.008,18334.752,15779.456,14876.544,13831.584,12617.28,9778.752,7577.152,5667.072,3862.528,2675.136,2058.528,1636.256,1404.768,1161.088,874.912,824.736,764.896,704.736,686.24,667.072,596.608,542.528,552.608,489.312,477.472,453.12,407.712,408.352,365.344,335.52,236.16,176.736,133.344,104.832,64.832,54.016,27.968,27.296,35.36,15.232,4.736,8.224,1.696,5.216,3.264,0,0,0,0,0,0,0,0,0,0,0,0,0,0,0,0,0,0,0,0,0,0,0,0,0,0,0,0,0,0,0,0,0,0,0,9.88,14.292,18.965,22.584,27.607,32.534,37.021,41.363,44.758,55.934,66.18,77.31,88.818,98.229,108.333,113.05,104.011,97.201,98.871,98.395,95.929,79.45,65.705,52.381,38.094,28.168,23.278,19.688,18.093,15.969,13.431,13.286,12.842,12.734,12.711,12.9,11.769,11.224,11.276,9.78,9.041,8.403,7.134,6.915,6.049,5.267,3.776,2.894,2.046,1.518,0.961,0.787,0.409,0.377,0.459,0.194,0.059,0.1,0.02,0.061,0.039,0,0,0,0,0
2026-09-01 20:53:00,1,"Normal Scan","Normal Scan",0,"ON",1,1,1,738,5,20,98.3,44.6,0.0000000684611,0.0000181809,4.97,8954.6,8.8,736.5,1,"Up Scan","Positive",254,0,4.37,1.6,8,8,0,1,1,18.01,23.038,19.331,15.963,1.678,14590.2,41,21,NA,0,0,0,0,0,0,0,0,0,0,0,0,0,0,0,0,0,0,0,0,0,0,0,0,0,0,0,0,0,0,0,24178.112,25910.24,25592.864,24332.224,25076.608,25858.816,26271.68,26432.416,25678.112,25302.048,23272.96,22524.96,21421.856,20642.176,19088.992,17835.52,16231.232,14527.968,12385.632,9726.72,7106.816,5131.552,3591.424,2665.472,1862.72,1669.952,1431.872,1176.576,972.512,834.336,691.68,703.104,618.848,601.952,547.008,596.096,523.744,430.176,448.192,413.28,355.872,376.704,312.512,353.088,316.288,226.88,184.768,140.672,92.384,60.992,50.592,23.872,20.224,19.2,15.296,9.504,6.464,3.392,3.456,6.784,0,0,0,0,0,0,0,0,0,0,0,0,0,0,0,0,0,0,0,0,0,0,0,0,0,0,0,0,0,0,0,0,0,0,0,6.924,9.906,15.371,20.468,25.392,32.897,41.77,50.84,60.3,67.902,76.675,79.93,86.746,91.94,97.691,99.002,100.714,99.242,95.781,87.7,73.838,57.914,44.823,33.573,26.583,19.959,18.914,17.377,15.259,13.483,12.663,11.415,11.619,11.048,11.241,10.58,11.576,10.313,9.329,9.135,8.145,6.809,6.802,5.3,5.829,5,3.506,2.902,2.182,1.428,0.857,0.751,0.372,0.283,0.249,0.194,0.118,0.08,0.04,0.041,0.077,0,0,0,0,0
2026-09-01 20:58:00,1,"Normal Scan","Normal Scan",0,"ON",1,1,1,738.3,5,20.5,98.2,44.6,0.0000000686797,0.0000182049,4.97,8954.6,8.8,736.5,1,"Up Scan","Positive",254,0,4.37,1.6,8,8,0,1,1,20.71,24.416,20.935,24.582,1.658,16532.1,41,21.1,NA,0,0,0,0,0,0,0,0,0,0,0,0,0,0,0,0,0,0,0,0,0,0,0,0,0,0,0,0,0,0,0,24990.816,22988.608,22270.432,22636.704,22489.728,22242.368,22278.848,24004.16,25498.56,25786.4,26513.92,26660.704,27691.552,28439.712,28423.904,27524.96,25783.584,23032.864,19286.496,15701.12,11829.856,8169.92,5341.792,3539.328,2505.536,1708.832,1458.944,1191.808,966.624,782.016,688.608,658.624,629.056,524.704,401.792,433.28,384.48,313.28,296.352,349.536,354.336,368.608,381.376,341.28,306.272,252.096,179.456,145.728,115.584,47.488,37.184,40.032,14.56,4.416,6.144,6.272,1.664,1.696,3.456,0,0,0,0,0,0,0,0,0,0,0,0,0,0,0,0,0,0,0,0,0,0,0,0,0,0,0,0,0,0,0,0,0,0,0,0,6.922,10.169,13.567,17.798,23.48,29.374,35.885,43.123,54.841,67.665,78.404,91.325,103.081,119.109,134.839,147.636,155.614,157.487,151.599,136.265,118.749,95.529,70.444,49.169,34.788,26.302,19.216,17.503,15.283,13.023,11.3,10.706,10.626,10.482,9.85,8.53,9.247,8.74,7.557,7.098,7.099,6.859,6.663,6.258,5.467,4.857,3.831,2.655,2.18,1.67,0.676,0.558,0.539,0.226,0.057,0.078,0.079,0.02,0.02,0.041,0,0.028,0,0,0,0
2026-09-01 21:03:00,1,"Normal Scan","Normal Scan",0,"ON",1,1,1,738.9,5,21.2,98.3,44.1,0.0000000688181,0.0000182384,4.97,8954.6,8.8,736.5,1,"Up Scan","Positive",254,0,4.37,1.6,8,8,0,1,1,17.447,23.635,19.194,10.366,1.747,11461.5,41,21.4,NA,0,0,0,0,0,0,0,0,0,0,0,0,0,0,0,0,0,0,0,0,0,0,0,0,0,0,0,0,0,0,0,23861.184,24079.872,23672.416,20721.984,20654.112,19691.776,19115.136,18314.752,18461.632,17132.48,16839.296,15984.416,15324.832,14782.368,13331.072,12801.984,11581.6,9992.736,8853.376,7689.088,6399.776,4719.2,3615.136,2735.168,2079.616,1676.832,1460.768,1171.136,1016.64,821.728,801.952,725.856,593.408,580.48,523.616,485.28,411.936,446.24,454.912,418.016,404.672,367.264,391.2,383.296,301.024,256.864,186.272,122.752,102.144,70.4,31.712,34.688,27.392,13.28,18.304,14.208,6.528,8.416,3.456,1.792,0,0,0,0,0,0,0,0,0,0,0,0,0,0,0,0,0,0,0,0,0,0,0,0,0,0,0,0,0,0,0,0,0,0,0,7.858,9.622,14.132,18.874,21.425,26.99,31.601,36.865,41.73,48.791,51.79,57.734,61.52,65.583,69.897,69.247,72.529,71.09,66.258,63.135,58.748,52.291,41.281,33.798,27.285,22.165,19.082,17.64,15.108,13.926,12.193,12.312,11.92,10.808,11.095,10.495,10.007,9.255,9.677,9.301,8.334,7.433,6.565,6.68,6.128,4.825,4.06,2.908,1.9,1.577,1.062,0.494,0.483,0.396,0.172,0.233,0.177,0.08,0.101,0.041,0.02,0.028,0,0,0,0
2026-09-01 21:08:00,1,"Normal Scan","Normal Scan",0,"ON",1,1,1,739.5,5,22.1,98.2,43.7,0.0000000691563,0.0000182815,4.97,8954.6,8.8,736.5,1,"Up Scan","Positive",254,0,4.37,1.6,8,8,0,1,1,20.711,25.114,20.725,9.647,1.739,14610,40,21.8,NA,0,0,0,0,0,0,0,0,0,0,0,0,0,0,0,0,0,0,0,0,0,0,0,0,0,0,0,0,0,0,0,29086.272,26765.696,24845.376,21645.888,20653.28,19222.112,18037.504,17131.904,17595.904,17585.664,18936.096,21240.576,24374.432,26442.336,26485.344,25290.688,22492.192,19220.64,15354.112,11897.536,8674.176,6425.632,4360.64,3280.064,2632.416,2174.4,1993.92,1711.392,1296.32,1108.832,916.384,727.488,642.176,553.184,506.56,482.56,541.056,534.944,560.96,618.816,540.416,500.064,487.424,422.464,401.44,304.736,240.128,205.504,112.128,71.36,64.256,31.264,46.016,22.016,9.12,4.768,3.264,5.056,3.488,0,0,0,0,0,0,0,0,0,0,0,0,0,0,0,0,0,0,0,0,0,0,0,0,0,0,0,0,0,0,0,0,0,0,0,0,8.324,11.725,15.629,19.748,22.355,26.921,30.806,34.782,39.09,46.734,53.56,65.419,82.247,104.699,124.923,136.881,142.205,137.076,126.322,108.591,90.383,70.713,56.236,40.927,32.861,27.998,24.415,23.536,21.147,17.365,15.643,14.3,12.551,12.353,11.777,11.262,11.088,11.811,11.569,11.646,11.656,10.034,8.993,8.091,6.882,6.23,4.924,3.681,2.975,1.662,1.04,0.917,0.427,0.64,0.287,0.116,0.059,0.04,0.06,0.041,0,0.029,0,0,0,0
2026-09-01 21:13:00,1,"Normal Scan","Normal Scan",0,"ON",1,1,1,739.7,5,22.4,98.2,43.4,0.0000000692457,0.0000182958,4.97,8954.6,8.8,736.5,1,"Up Scan","Positive",254,0,4.37,1.6,8,8,0,1,1,19.235,24.014,20.137,21.288,1.689,15641.3,39,22.2,NA,0,0,0,0,0,0,0,0,0,0,0,0,0,0,0,0,0,0,0,0,0,0,0,0,0,0,0,0,0,0,0,26314.816,25170.752,24074.592,24159.776,23784.736,23273.344,24184.832,25006.656,25531.936,26648.768,26725.088,26787.584,26107.808,22670.848,21032,20307.264,19586.304,18034.272,15717.344,13294.048,9997.76,6895.648,4497.568,3038.56,2220.064,1898.912,1564.16,1327.648,1111.008,885.632,778.912,671.744,614.112,610.624,524.032,492.672,465.472,455.296,458.848,424.8,405.952,461.568,431.296,457.856,329.152,318.784,243.264,167.936,104.16,73.856,56.064,41.728,25.92,11.744,9.152,12.544,4.928,8.48,6.976,3.584,0,0,0,0,0,0,0,0,0,0,0,0,0,0,0,0,0,0,0,0,0,0,0,0,0,0,0,0,0,0,0,0,0,0,0,7.89,10.655,14.683,19.117,25.036,30.947,37.427,46.664,56.918,67.44,80.568,91.573,103.003,111.671,107.312,109.299,114.904,119.768,118.728,111.006,100.54,80.975,59.74,41.793,30.228,23.594,21.353,18.69,16.969,14.997,13.06,12.157,11.29,11.371,11.655,10.642,10.888,10.469,10.373,9.715,8.86,8.102,8.075,7.273,7.348,5.299,4.927,3.677,2.559,1.557,1.079,0.866,0.605,0.377,0.153,0.116,0.157,0.06,0.101,0.081,0.04,0.029,0,0,0,0
2026-09-01 21:18:00,1,"Normal Scan","Normal Scan",0,"ON",1,1,1,738.8,5,21.2,98.2,42.9,0.0000000688882,0.0000182384,4.97,8954.6,8.8,736.5,1,"Up Scan","Positive",254,0,4.37,1.6,8,8,0,1,1,19.596,27.155,21.177,9.647,1.834,13489.3,39,22,NA,0,0,0,0,0,0,0,0,0,0,0,0,0,0,0,0,0,0,0,0,0,0,0,0,0,0,0,0,0,0,0,24246.272,21541.856,22167.232,21204.992,21678.24,21470.048,20065.248,20048.8,19018.336,18254.976,18455.648,18011.904,18473.344,18796.864,18759.552,18562.72,17600.832,15778.816,13505.312,11172.736,9527.36,7386.816,5292.096,3937.024,2981.856,2566.016,1963.264,1795.648,1392.96,1219.968,1110.912,1132.192,1120.32,1050.208,1009.184,975.264,800,771.456,678.592,583.52,599.424,629.504,761.184,756.512,691.872,538.528,400.32,296.992,229.088,149.792,108.064,96.864,61.248,73.664,39.776,42.496,34.272,18.528,12.128,8.928,0,0,0,0,0,0,0,0,0,0,0,0,0,0,0,0,0,0,0,0,0,0,0,0,0,0,0,0,0,0,0,0,0,0,0,6.464,9.91,12.643,17.729,22.06,28.313,34.51,38.755,45.639,50.315,55.366,63.531,69.61,79.461,89.187,97.516,105.228,108.059,104.505,96.121,85.296,77.811,64.376,49.448,39.15,31.867,29.26,24.274,23.699,20.132,18.894,18.157,19.209,19.556,19.464,19.341,19.604,18.239,17.779,15.913,13.424,12.51,12.02,13.46,12.605,11.275,8.703,6.514,4.789,3.632,2.358,1.646,1.385,0.894,0.956,0.505,0.53,0.418,0.221,0.143,0.099,0.071,0,0,0,0
2026-09-01 21:23:00,1,"Normal Scan","Normal Scan",0,"ON",1,1,1,738.5,5,20.8,98.2,42.2,0.000000068769,0.0000182193,4.97,8954.6,8.8,736.5,1,"Up Scan","Positive",254,0,4.37,1.6,8,8,0,1,1,20.3,28.224,22.041,9.647,1.863,13214.5,40,21.9,NA,0,0,0,0,0,0,0,0,0,0,0,0,0,0,0,0,0,0,0,0,0,0,0,0,0,0,0,0,0,0,0,21643.168,20574.72,21208.736,19862.56,20089.856,19072.128,18996.864,19442.112,18638.464,17799.616,17073.664,16360.992,16181.28,16264,17090.016,18070.144,18276.64,17790.848,15659.232,13056.032,10247.712,7406.08,5402.944,3969.632,3216.672,2825.6,2444.16,2289.632,2065.248,1868.128,1754.496,1662.816,1616.224,1593.12,1429.568,1334.464,1296.384,1117.888,1036.768,879.488,795.808,740.096,614.08,490.24,392.96,294.208,206.624,175.008,108.928,68.608,68.864,71.328,61.856,53.056,33.632,28.352,24.544,11.776,8.736,6.88,0,0,0,0,0,0,0,0,0,0,0,0,0,0,0,0,0,0,0,0,0,0,0,0,0,0,0,0,0,0,0,0,0,0,0,5.718,8.8,12.03,16.902,20.512,26.256,30.687,36.732,44.268,49.314,54.026,58.779,63.425,70.001,77.703,89.371,102.758,112.241,117.649,111.208,99.518,83.778,65.106,51.113,40.56,35.351,33.288,30.951,30.85,29.827,28.431,28.173,27.995,27.82,27.574,25.548,24.413,23.389,20.287,18.595,15.446,13.829,12.573,10.153,8.206,6.593,5.1,3.498,2.931,1.824,1.169,1.045,1.028,0.918,0.689,0.427,0.354,0.298,0.141,0.102,0.079,0.07,0,0,0,0
2026-09-01 21:28:00,1,"Normal Scan","Normal Scan",0,"ON",1,1,1,738.7,5,20.9,98.3,42.7,0.0000000687288,0.0000182241,4.97,8954.6,8.8,736.5,1,"Up Scan","Positive",254,0,4.37,1.6,8,8,0,1,1,19.801,25.208,20.769,18.434,1.724,16370.1,40,21.8,NA,0,0,0,0,0,0,0,0,0,0,0,0,0,0,0,0,0,0,0,0,0,0,0,0,0,0,0,0,0,0,0,24250.304,24505.6,24003.872,24366.016,24524.16,24647.584,24208.512,25469.568,25725.92,27416.064,26882.176,26510.72,27203.552,26357.408,24751.2,23645.76,20904.576,19145.888,16537.248,13020.032,10130.112,7277.824,5069.856,3504,2752.576,2230.656,1962.528,1633.12,1488.928,1364.256,1233.632,1100.32,997.408,903.072,851.68,677.536,685.216,641.984,652.096,592.448,641.344,602.912,557.952,411.488,394.72,321.984,264.416,198.208,142.272,101.024,119.968,80.928,49.184,56.288,31.968,15.872,13.088,6.72,5.248,3.584,0,0,0,0,0,0,0,0,0,0,0,0,0,0,0,0,0,0,0,0,0,0,0,0,0,0,0,0,0,0,0,0,0,0,0,6.435,9.847,14.315,19.216,25.261,32.052,39.823,46.892,58.118,68.209,83.185,92.387,102.185,116.701,124.737,128.403,133.623,127.985,126.297,117.034,98.917,82.379,63.486,47.345,35.264,29.832,25.81,24.035,21.392,20.721,19.782,19.05,18.029,17.411,16.79,16.529,14.492,14.482,13.121,13.2,11.811,12.048,10.653,9.637,7.42,6.669,5.253,4.397,3.114,2.162,1.531,1.683,1.146,0.666,0.727,0.407,0.197,0.159,0.081,0.061,0.039,0.014,0,0,0,0
2026-09-01 21:33:00,1,"Normal Scan","Normal Scan",0,"ON",1,1,1,738.2,5,20.2,98.3,43,0.0000000685206,0.0000181905,4.97,8954.6,8.8,736.5,1,"Up Scan","Positive",254,0,4.37,1.6,8,8,0,1,1,20.182,25.075,20.874,11.14,1.716,14451.8,40,21.5,NA,0,0,0,0,0,0,0,0,0,0,0,0,0,0,0,0,0,0,0,0,0,0,0,0,0,0,0,0,0,0,0,21806.72,22426.624,22997.248,22665.152,20929.664,19801.28,20388.32,21105.216,21405.44,21272.512,22106.688,22326.016,22174.752,22763.68,22812.576,22164.384,20233.856,18668.32,15946.656,13479.904,9948.704,7354.112,5090.176,3504.896,2416.416,2042.112,1718.112,1568.16,1271.36,1097.504,855.456,807.712,650.848,666.848,565.824,523.584,480.576,465.696,420.064,390.784,430.976,411.968,419.744,384.416,375.264,310.752,248.928,162.112,108.256,86.592,70.4,30.56,24.544,23.52,22.912,15.776,6.528,6.784,0,3.2,0,0,0,0,0,0,0,0,0,0,0,0,0,0,0,0,0,0,0,0,0,0,0,0,0,0,0,0,0,0,0,0,0,0,0,5.417,8.924,13.234,18.351,23.518,27.394,32.002,39.486,48.213,56.806,64.714,76.172,86.283,95.473,108.06,118.678,125.45,124.001,123.277,112.993,102.237,80.811,63.912,47.437,34.988,25.816,23.053,20.706,19.753,17.13,15.705,13.162,13.273,11.499,12.148,11.432,11.053,10.649,10.146,9.486,8.469,8.469,7.336,7.281,6.472,5.925,4.838,3.842,2.539,1.659,1.262,1.005,0.429,0.359,0.306,0.291,0.197,0.08,0.081,0,0.038,0.014,0,0,0,0
2026-09-01 21:38:00,1,"Normal Scan","Normal Scan",0,"ON",1,1,1,738.5,5,20.7,98.2,42.9,0.0000000687393,0.0000182145,4.97,8954.6,8.8,736.5,1,"Up Scan","Positive",254,0,4.37,1.6,8,8,0,1,1,19.685,25.522,20.899,17.154,1.739,14668.8,40,21.6,NA,0,0,0,0,0,0,0,0,0,0,0,0,0,0,0,0,0,0,0,0,0,0,0,0,0,0,0,0,0,0,0,21079.52,20828.288,21410.496,21381.12,22536.352,22504.8,23155.072,23965.376,24298.272,24062.016,24024.96,23590.336,23776.16,22202.976,21540.896,20042.656,18826.944,16301.92,14227.04,11905.376,9208.032,6693.472,4798.656,3554.368,2572.768,2121.312,1960.064,1617.088,1493.248,1266.08,1112.704,1112.544,994.816,964.704,869.984,852.832,808.16,722.784,686.08,642.592,585.12,544.992,484.96,483.52,439.104,322.4,228.736,182.016,123.808,82.56,67.2,48.096,27.584,26.464,21.44,9.472,4.96,5.056,1.728,0,0,0,0,0,0,0,0,0,0,0,0,0,0,0,0,0,0,0,0,0,0,0,0,0,0,0,0,0,0,0,0,0,0,0,0,5.75,8.588,12.219,17.16,22.303,29.483,36.28,44.79,54.634,64.381,72.988,82.525,90.93,101.899,105.142,111.835,113.411,115.27,107.728,100.981,90.553,75.033,58.477,44.916,35.715,27.79,24.54,24.113,21.335,21.004,18.995,18.137,18.335,17.748,17.733,16.726,16.59,15.7,14.608,13.734,12.194,10.655,9.577,8.145,7.92,6.93,5.055,3.53,2.798,1.83,1.227,0.951,0.647,0.399,0.344,0.272,0.118,0.06,0.06,0.02,0,0.028,0,0,0,0
2026-09-01 21:43:00,1,"Normal Scan","Normal Scan",0,"ON",1,1,1,738.2,5,20.4,98.2,43.8,0.0000000686499,0.0000182001,4.97,8954.6,8.8,736.5,1,"Up Scan","Positive",254,0,4.37,1.6,8,8,0,1,1,19.162,24.216,20.322,13.824,1.698,17799.4,41,21.4,NA,0,0,0,0,0,0,0,0,0,0,0,0,0,0,0,0,0,0,0,0,0,0,0,0,0,0,0,0,0,0,0,27463.808,27954.944,28034.144,28283.168,29230.432,29475.904,29393.024,29392.608,28149.824,26693.888,25657.792,25321.472,25374.784,25982.08,25252.32,24807.52,23573.44,21970.848,19179.392,15950.016,12652.032,8790.944,6214.848,4113.056,2805.888,2218.336,1802.464,1506.464,1370.048,1128,914.208,831.68,793.92,724.704,657.664,579.072,607.552,532.544,564.864,474.656,462.816,409.632,449.824,417.216,382.688,274.464,228.544,178.528,105.824,68.864,50.112,38.88,30.08,11.776,18.336,11.072,9.824,3.392,1.728,3.584,0,0,0,0,0,0,0,0,0,0,0,0,0,0,0,0,0,0,0,0,0,0,0,0,0,0,0,0,0,0,0,0,0,0,0,6.207,11.164,16.437,22.346,29.359,38.221,47.49,56.886,66.948,74.533,80.97,88.341,97.847,109.256,123.387,131.531,140.754,144.517,145.128,135.81,120.881,102.426,76.094,57.482,40.776,29.796,25.064,21.736,19.397,18.588,16.456,14.438,13.946,14.057,13.407,12.959,11.726,12.584,11.373,11.516,9.189,8.94,7.464,7.475,6.707,6.088,4.329,3.452,2.721,1.619,1.027,0.714,0.558,0.415,0.153,0.233,0.138,0.119,0.04,0.02,0.039,0.014,0,0,0,0
2026-09-01 21:48:00,1,"Normal Scan","Normal Scan",0,"ON",1,1,1,738.4,5,20.6,98.2,43.5,0.0000000687095,0.0000182097,4.97,8954.6,8.8,736.5,1,"Up Scan","Positive",254,0,4.37,1.6,8,8,0,1,1,19.241,24.237,20.347,19.81,1.69,15907.9,41,21.4,NA,0,0,0,0,0,0,0,0,0,0,0,0,0,0,0,0,0,0,0,0,0,0,0,0,0,0,0,0,0,0,0,23512.416,22273.024,24215.04,23985.984,25366.464,25694.208,26636.8,26448.416,27209.248,26898.848,27374.144,26409.28,25279.008,23674.592,21486.752,21090.944,18875.744,17262.24,15619.168,12877.664,10351.712,7392.768,5212.096,3789.536,2825.312,2132.032,1746.848,1545.92,1278.24,1191.104,989.952,903.84,732.384,739.936,649.728,521.056,530.592,499.072,509.472,405.216,454.752,441.984,379.584,360.352,313.408,274.144,211.104,154.304,79.488,86.336,39.2,38.976,13.792,23.68,13.696,11.104,9.76,0,6.944,3.008,0,0,0,0,0,0,0,0,0,0,0,0,0,0,0,0,0,0,0,0,0,0,0,0,0,0,0,0,0,0,0,0,0,0,0,6.29,9.484,13.089,19.319,24.937,33.229,41.407,51.527,60.316,72.035,81.518,93.877,101.588,108.402,112.123,111.727,119.455,115.768,114.094,110.856,97.89,84.09,64.24,48.458,37.673,30.128,24.263,21.123,19.674,17.535,17.055,15.002,14.705,12.915,13.228,12.461,11.044,10.955,10.455,10.116,8.387,8.362,7.71,6.543,5.844,5.059,4.198,3.326,2.317,1.337,1.235,0.586,0.557,0.283,0.306,0.175,0.138,0.119,0,0.081,0.035,0.073,0,0,0,0
2026-09-01 21:53:00,1,"Normal Scan","Normal Scan",0,"ON",1,1,1,738.3,5,20.5,98.2,44.2,0.0000000686797,0.0000182049,4.97,8954.6,8.8,736.5,1,"Up Scan","Positive",254,0,4.37,1.6,8,8,0,1,1,17.904,23.539,19.474,13.824,1.705,14428,41,21.4,NA,0,0,0,0,0,0,0,0,0,0,0,0,0,0,0,0,0,0,0,0,0,0,0,0,0,0,0,0,0,0,0,24254.912,23103.936,24839.616,25723.328,25876.096,26588.864,26585.536,26138.048,25782.976,23711.616,23027.424,22252.32,21223.328,20048.8,18494.88,16640.448,15107.872,13481.344,11309.056,9046.592,6904.416,5245.408,3825.44,2975.872,2272.864,1935.936,1770.72,1500.8,1367.008,1162.88,961.76,805.056,786.72,637.44,664.096,611.424,552.64,514.112,484.448,474.304,442.816,408.544,387.584,371.232,353.056,278.72,235.584,175.424,96.416,84.096,49.248,44.288,31.296,11.296,6.56,6.304,11.424,6.816,1.728,1.792,0,0,0,0,0,0,0,0,0,0,0,0,0,0,0,0,0,0,0,0,0,0,0,0,0,0,0,0,0,0,0,0,0,0,0,6.724,9.898,13.588,19.837,26.788,33.841,42.943,51.387,59.48,68.131,71.733,78.838,85.601,90.823,94.72,95.865,94.003,92.438,89.033,80.348,68.989,56.506,46.055,36.056,30.066,24.595,22.154,21.327,19.246,18.387,16.806,14.979,13.413,13.629,12.148,12.797,12.117,11.419,10.85,10.048,9.421,8.552,7.373,6.73,5.935,5.706,4.405,3.526,2.582,1.444,1.243,0.732,0.613,0.415,0.147,0.083,0.079,0.139,0.081,0.02,0.02,0,0,0,0,0
2026-09-01 21:58:00,1,"Normal Scan","Normal Scan",0,"ON",1,1,1,738.2,5,20.4,98.2,43.8,0.0000000686499,0.0000182001,4.97,8954.6,8.8,736.5,1,"Up Scan","Positive",254,0,4.37,1.6,8,8,0,1,1,17.216,23.626,19.133,9.647,1.749,13221.3,41,21.3,NA,0,0,0,0,0,0,0,0,0,0,0,0,0,0,0,0,0,0,0,0,0,0,0,0,0,0,0,0,0,0,0,25906.848,25646.208,25657.856,25239.68,24926.88,24711.104,24121.536,23344.064,22537.312,21592.928,20624.64,18667.296,17315.392,15974.24,14747.264,12556.672,12175.68,10742.592,9263.008,7766.72,6253.824,4866.304,3811.52,3100.544,2570.88,2161.088,1953.888,1674.944,1384.96,1368.288,1123.616,944.16,835.52,838.208,754.432,680.736,680.64,624.032,470.72,447.456,453.248,424.96,410.144,378.144,345.952,289.504,220.448,151.296,112.8,75.648,37.056,42.368,30.208,19.296,10.624,3.136,8.16,0,5.216,0,0,0,0,0,0,0,0,0,0,0,0,0,0,0,0,0,0,0,0,0,0,0,0,0,0,0,0,0,0,0,0,0,0,0,0,6.343,10.578,15.139,20.519,26.165,32.506,39.796,46.633,53.195,59.539,65.264,70.593,71.748,74.092,75.529,76.497,71.213,74.733,71.262,66.176,59.643,51.518,43.071,36.141,31.377,27.821,24.784,23.562,21.617,19.191,19.536,17.48,15.635,14.371,14.823,14.014,13.282,13.272,12.354,9.965,8.981,8.461,7.649,7.015,6.014,5.505,4.531,3.432,2.221,1.661,1.099,0.549,0.576,0.434,0.249,0.136,0.039,0.1,0,0.061,0,0.028,0,0,0,0
2026-09-01 22:03:00,1,"Normal Scan","Normal Scan",0,"ON",1,1,1,738.4,5,20.6,98.2,44.2,0.0000000687095,0.0000182097,4.97,8954.6,8.8,736.5,1,"Up Scan","Positive",254,0,4.37,1.6,8,8,0,1,1,17.044,23.368,18.981,14.855,1.733,13151.2,41,21.4,NA,0,0,0,0,0,0,0,0,0,0,0,0,0,0,0,0,0,0,0,0,0,0,0,0,0,0,0,0,0,0,0,24316.416,24853.376,23706.944,24941.92,24979.296,25380.16,26678.752,25819.36,24819.904,23218.432,20645.024,18766.4,17276.864,15239.104,13629.76,12244,11107.008,9538.24,8332.672,7141.312,6152.896,4894.176,3686.336,3076.192,2239.008,2056.832,1844.064,1590.72,1393.312,1260.128,1023.712,856.992,860.032,754.432,698.24,673.408,605.472,514.624,469.952,475.648,475.808,424.608,414.272,388.288,319.136,298.368,228.96,170.4,109.6,74.624,45.12,37.376,27.36,14.752,12.16,4.768,8.128,11.808,5.248,5.12,0,0,0,0,0,0,0,0,0,0,0,0,0,0,0,0,0,0,0,0,0,0,0,0,0,0,0,0,0,0,0,0,0,0,0,6.727,9.896,14.626,18.924,25.885,32.74,40.935,51.56,58.68,65.545,70.092,70.594,71.998,73.824,71.92,70.661,69.406,68.28,63.403,59.651,54.765,50.658,43.184,34.955,31.048,24.334,23.608,22.365,20.416,19.114,18.027,15.953,14.328,14.478,13.811,13.352,13.156,12.312,10.82,9.767,9.635,8.827,7.664,7.083,6.239,5.12,4.667,3.507,2.564,1.631,1.135,0.675,0.559,0.377,0.191,0.155,0.059,0.1,0.141,0.061,0.059,0,0,0,0,0
2026-09-01 22:08:00,1,"Normal Scan","Normal Scan",0,"ON",1,1,1,738.2,5,20.3,98.2,44,0.0000000686201,0.0000181953,4.97,8954.6,8.8,736.5,1,"Up Scan","Positive",254,0,4.37,1.6,8,8,0,1,1,16.773,22.882,18.59,14.855,1.727,14675,41,21.3,NA,0,0,0,0,0,0,0,0,0,0,0,0,0,0,0,0,0,0,0,0,0,0,0,0,0,0,0,0,0,0,0,29501.728,28726.432,29203.936,29184.416,27551.232,27743.776,29511.264,28515.104,28047.872,26792.448,24729.152,21990.432,19535.84,16574.304,13859.488,12436.448,11475.232,9683.808,8504.16,6859.072,5511.776,4417.088,3524.224,2833.152,2301.088,2125.056,2026.432,1919.072,1638.688,1389.056,1311.136,1156.224,880.288,890.432,855.52,782.784,672.032,632.192,577.408,502.688,473.344,443.008,394.112,416.544,382.784,339.584,249.792,171.296,111.328,69.184,55.328,35.104,23.168,23.584,9.184,6.336,8.192,5.024,6.976,5.056,0,0,0,0,0,0,0,0,0,0,0,0,0,0,0,0,0,0,0,0,0,0,0,0,0,0,0,0,0,0,0,0,0,0,0,7.774,12.084,16.87,23.301,30.348,36,44.647,57.071,64.917,74.069,80.918,84.573,84.357,83.29,78.084,71.812,70.389,70.407,64.265,60.775,52.73,45.606,39.373,33.91,29.106,25.321,24.902,24.858,24.378,22.448,20.262,19.98,18.364,15.467,15.824,15.711,14.935,13.201,12.83,11.739,10.287,9.008,7.869,6.692,6.808,6.001,5.245,3.842,2.58,1.652,1.043,0.814,0.53,0.34,0.306,0.116,0.079,0.1,0.06,0.081,0.058,0.014,0,0,0,0
2026-09-01 22:13:00,1,"Normal Scan","Normal Scan",0,"ON",1,1,1,738.4,5,20.6,98.2,44.3,0.0000000687095,0.0000182097,4.97,8954.6,8.8,736.5,1,"Up Scan","Positive",254,0,4.37,1.6,8,8,0,1,1,17.622,23.966,19.392,15.963,1.728,15301.5,41,21.3,NA,0,0,0,0,0,0,0,0,0,0,0,0,0,0,0,0,0,0,0,0,0,0,0,0,0,0,0,0,0,0,0,22811.36,23643.296,25306.432,25863.712,26780.608,30498.336,31704.16,32296.096,30133.088,28732.32,27511.52,26432.928,24160.128,21350.528,18307.712,15023.616,12200.736,9847.36,8342.592,6520.064,5181.856,4268.096,3462.24,3003.264,2549.792,2344.896,2147.84,2027.552,1870.272,1609.024,1412.704,1311.776,1068.192,1056.704,891.776,902.784,815.648,708.864,791.84,682.912,603.328,591.2,580.192,486.016,435.104,358.144,284.576,232.096,144.224,115.712,66.464,50.848,32.256,32.416,12.16,20.608,3.264,16.896,3.488,5.12,0,0,0,0,0,0,0,0,0,0,0,0,0,0,0,0,0,0,0,0,0,0,0,0,0,0,0,0,0,0,0,0,0,0,0,5.979,9.261,13.859,20.178,26.929,35.05,49.121,61.31,73.461,79.544,86.812,94.046,101.219,102.95,100.351,94.288,84.529,74.675,65.298,59.663,50.373,43.111,38.262,33.518,31.065,28.155,27.432,26.474,26.287,25.484,23.45,21.891,21.276,18.892,19.391,17.303,17.675,16.558,14.709,15.471,13.015,11.634,10.463,9.974,7.93,6.99,5.663,4.453,3.453,2.248,1.711,1.006,0.725,0.509,0.421,0.155,0.255,0.04,0.201,0.041,0.059,0.056,0,0,0,0
2026-09-01 22:18:00,1,"Normal Scan","Normal Scan",0,"ON",1,1,1,738,5,20.1,98.2,44.2,0.0000000685606,0.0000181857,4.97,8954.6,8.8,736.5,1,"Up Scan","Positive",254,0,4.37,1.6,8,8,0,1,1,17.818,24.246,19.515,17.154,1.75,15010.1,41,21.2,NA,0,0,0,0,0,0,0,0,0,0,0,0,0,0,0,0,0,0,0,0,0,0,0,0,0,0,0,0,0,0,0,26066.4,25339.616,25008.704,25289.28,26352.384,27029.472,27555.36,28361.28,28654.944,28377.632,27711.808,25793.568,23092.256,20266.208,17767.488,14938.208,12548.992,10367.84,8600.416,6743.808,5536.704,4522.144,3536.928,3119.232,2654.752,2523.488,2276.992,2203.52,2019.072,1842.4,1608.352,1354.304,1212.448,1086.752,1052.736,944.096,882.72,846.048,799.328,646.912,565.888,585.728,499.904,483.2,367.744,344.96,286.08,192,155.584,94.816,58.272,44.448,23.136,20.672,18.336,17.344,15.616,9.248,5.216,1.472,0,0,0,0,0,0,0,0,0,0,0,0,0,0,0,0,0,0,0,0,0,0,0,0,0,0,0,0,0,0,0,0,0,0,0,6.185,10.641,14.951,20,26.274,34.476,43.615,53.34,64.647,75.766,85.88,94.858,98.857,98.48,95.386,91.647,84.211,76.817,68.721,61.579,52.102,46.185,40.533,34.456,32.411,29.622,29.566,28.177,28.558,27.685,26.499,24.51,22.233,21.043,19.548,19.147,18.097,17.067,16.355,15.058,12.623,10.652,10.36,8.579,7.926,5.913,5.369,4.377,2.949,2.349,1.47,0.87,0.603,0.34,0.268,0.233,0.216,0.189,0.111,0.061,0.019,0.014,0,0,0,0
2026-09-01 22:23:00,1,"Normal Scan","Normal Scan",0,"ON",1,1,1,738.4,5,20.6,98.2,44.2,0.0000000687095,0.0000182097,4.97,8954.6,8.8,736.5,1,"Up Scan","Positive",254,0,4.37,1.6,8,8,0,1,1,17.96,24.113,19.601,17.154,1.733,15418.1,41,21.3,NA,0,0,0,0,0,0,0,0,0,0,0,0,0,0,0,0,0,0,0,0,0,0,0,0,0,0,0,0,0,0,0,25083.36,24323.296,23843.2,27095.456,26944.128,27444.832,29781.088,28644.8,29815.84,29667.36,28693.248,26314.816,23404.832,21251.008,18678.592,16685.856,14001.664,11164.64,8826.688,6645.216,5650.304,4550.272,3693.312,3195.136,2963.808,2781.568,2486.368,2229.12,2081.6,1779.296,1512.576,1402.272,1250.048,1101.28,1061.216,912.96,815.072,732.128,739.552,610.656,533.312,535.136,472.256,430.752,373.504,310.976,266.656,191.392,119.104,100.032,50.976,34.016,18.24,27.392,15.2,17.408,14.688,5.088,3.488,0,0,0,0,0,0,0,0,0,0,0,0,0,0,0,0,0,0,0,0,0,0,0,0,0,0,0,0,0,0,0,0,0,0,0,0,6.487,10.206,14.299,19.066,28.12,35.311,44.251,57.627,65.305,78.785,89.762,98.102,100.877,99.845,99.951,96.244,93.906,85.642,73.906,63.205,51.55,47.215,40.937,35.869,33.206,32.472,32.159,30.651,28.828,28.29,25.664,23.088,22.348,21.195,19.384,18.842,17.323,15.765,14.414,14.117,11.72,10.074,9.389,8.112,7.007,5.975,4.801,4.137,2.875,1.922,1.468,0.751,0.465,0.31,0.356,0.194,0.216,0.179,0.06,0.041,0,0.056,0,0,0,0
2026-09-01 22:28:00,1,"Normal Scan","Normal Scan",0,"ON",1,1,1,738,5,20.1,98.2,44.3,0.0000000685606,0.0000181857,4.97,8954.6,8.8,736.5,1,"Up Scan","Positive",254,0,4.37,1.6,8,8,0,1,1,19.701,26.173,21.18,18.434,1.767,16368.4,41,21.1,NA,0,0,0,0,0,0,0,0,0,0,0,0,0,0,0,0,0,0,0,0,0,0,0,0,0,0,0,0,0,0,0,23583.872,23721.216,21622.4,23356.352,24327.2,24996.544,26050.304,26412.992,28083.776,28342.048,28098.56,27206.112,25464.64,24707.712,22703.872,21355.776,19101.344,17000.256,14768.8,12746.912,10144.928,7868.864,5984.256,4457.28,3420.832,2750.592,2638.08,2473.568,2216.896,1958.464,1875.168,1632.224,1452.64,1202.112,1164.576,1094.688,989.024,942.688,838.112,781.856,708,642.08,530.144,540.608,441.824,379.2,280.48,207.168,136.608,102.528,84.256,57.12,41.536,22.208,22.88,23.36,13.376,8.48,5.216,3.584,0,0,0,0,0,0,0,0,0,0,0,0,0,0,0,0,0,0,0,0,0,0,0,0,0,0,0,0,0,0,0,0,0,0,0,6.362,9.658,13.919,17.271,24.345,31.945,40.362,50.482,60.293,74.424,85.864,96.398,104.687,109.159,116.946,117.954,120.954,117.375,112.791,105.26,97.348,83.023,69.215,56.578,45.451,37.475,32.429,32.774,32.115,30.412,28.59,28.509,26.446,24.659,21.703,21.611,20.751,18.808,18.333,16.03,14.848,12.874,11.266,9.095,8.974,7.163,5.972,4.332,3.24,2.109,1.526,1.232,0.818,0.547,0.287,0.291,0.291,0.163,0.101,0.061,0.039,0,0,0,0,0
2026-09-01 22:33:00,1,"Normal Scan","Normal Scan",0,"ON",1,1,1,738.4,5,20.6,98.2,44.2,0.0000000687095,0.0000182097,4.97,8954.6,8.8,736.5,1,"Up Scan","Positive",254,0,4.37,1.6,8,8,0,1,1,18.966,25.765,20.613,19.81,1.78,15018.8,41,21.3,NA,0,0,0,0,0,0,0,0,0,0,0,0,0,0,0,0,0,0,0,0,0,0,0,0,0,0,0,0,0,0,0,23678.848,21743.008,23130.368,23578.336,23922.304,24209.024,26064.864,25131.136,25632.352,26306.176,26343.456,24863.072,24448.512,22213.792,20463.296,17942.976,15863.904,13061.056,10786.016,9198.848,7401.152,5673.92,4433.472,3430.208,3063.776,2704.384,2581.536,2412.384,2295.584,1992.992,1681.632,1535.04,1408.288,1296.256,1113.056,1121.536,1026.848,964.608,923.52,770.464,725.504,548.8,595.616,535.808,423.648,347.904,308.544,227.296,146.848,119.808,81.056,41.568,33.184,17.76,10.72,7.904,11.392,5.056,1.76,0,0,0,0,0,0,0,0,0,0,0,0,0,0,0,0,0,0,0,0,0,0,0,0,0,0,0,0,0,0,0,0,0,0,0,0,6.774,9.671,12.78,18.511,24.508,31.314,39.036,50.374,57.313,67.882,79.737,90.333,95.58,104.407,104.68,105.806,101.335,97.114,86.552,77,70.65,61.107,50.657,42.602,35.756,33.953,31.716,31.995,31.471,31.325,29.026,26.21,25.224,24.302,23.201,20.89,20.565,19.812,18.504,17.162,14.695,13.102,10.161,9.924,8.866,6.704,5.426,4.625,3.363,2.233,1.711,1.135,0.576,0.49,0.23,0.136,0.098,0.139,0.06,0.02,0,0.042,0,0,0,0
2026-09-01 22:38:00,1,"Normal Scan","Normal Scan",0,"ON",1,1,1,738,5,20.1,98.2,44.5,0.0000000685606,0.0000181857,4.97,8954.6,8.8,736.5,1,"Up Scan","Positive",254,0,4.37,1.6,8,8,0,1,1,19.291,24.822,20.45,19.81,1.712,15086.4,41,21.1,NA,0,0,0,0,0,0,0,0,0,0,0,0,0,0,0,0,0,0,0,0,0,0,0,0,0,0,0,0,0,0,0,20500.448,20328.8,20664.608,21673.568,23520.96,24652.544,24460.832,25339.616,27849.184,28922.848,29261.056,28504.928,27269.952,25047.68,22540.992,20249.536,17547.52,13952.896,10417.696,7395.808,5781.088,4410.88,3594.88,3101.856,2736.288,2282.688,2331.36,1998.08,1884.032,1650.72,1475.008,1262.976,1150.944,1016.896,961.504,860.736,767.136,765.152,652.256,526.24,548.16,507.52,430.016,378.656,384.064,298.464,255.2,202.176,142.208,114.08,68.96,42.816,20.096,25.12,12.224,12.608,4.928,6.72,0,0,0,0,0,0,0,0,0,0,0,0,0,0,0,0,0,0,0,0,0,0,0,0,0,0,0,0,0,0,0,0,0,0,0,0,0,5.42,8.401,12.025,16.626,22.573,30.807,39.88,47.451,57.913,73.777,87.699,100.397,109.557,116.524,117.844,116.212,113.806,106.9,91.999,74.198,56.979,47.908,39.668,34.62,32.103,30.093,26.835,28.472,26.008,25.823,23.796,22.312,20.465,19.445,17.865,17.464,16.418,14.906,14.581,12.863,10.581,10.309,9.16,7.631,6.434,6.104,4.6,3.902,3.048,2.092,1.658,0.97,0.576,0.283,0.325,0.155,0.157,0.06,0.081,0,0,0.014,0,0,0,0
2026-09-01 22:43:00,1,"Normal Scan","Normal Scan",0,"ON",1,1,1,738.4,5,20.6,98.2,44.2,0.0000000687095,0.0000182097,4.97,8954.6,8.8,736.5,1,"Up Scan","Positive",254,0,4.37,1.6,8,8,0,1,1,18.921,25.395,20.589,18.434,1.754,13857.6,41,21.2,NA,0,0,0,0,0,0,0,0,0,0,0,0,0,0,0,0,0,0,0,0,0,0,0,0,0,0,0,0,0,0,0,18328.832,19675.936,20559.744,22306.208,22813.312,22536.96,24047.232,24927.936,25123.744,25211.36,24592.64,23536.256,22319.776,20421.632,18568.096,16492.704,13995.264,11743.744,9600.128,8089.76,6959.232,5659.072,4424.832,3819.008,3209.952,2954.944,2426.624,2301.728,2082.112,1815.104,1563.2,1348.64,1109.344,1040.256,895.488,834.848,784.48,720.992,627.808,523.296,549.792,513.536,457.6,402.752,392.704,306.688,272.992,165.312,111.552,86.176,56.384,40.608,21.504,22.08,19.936,11.008,9.824,8.48,1.728,1.792,0,0,0,0,0,0,0,0,0,0,0,0,0,0,0,0,0,0,0,0,0,0,0,0,0,0,0,0,0,0,0,0,0,0,0,5.137,7.481,11.606,16.492,23.151,29.897,36.377,46.566,56.793,66.473,76.301,84.24,90.368,95.347,96.159,95.991,93.117,85.878,77.975,68.911,62.472,57.723,50.316,42.396,39.064,35.027,34.017,29.627,29.358,27.94,25.699,23.419,21.546,18.893,17.951,16.697,16.089,15.271,13.912,12.537,10.515,10.225,8.952,7.782,6.683,6.229,4.776,4.171,2.585,1.72,1.271,0.842,0.564,0.37,0.287,0.252,0.138,0.119,0.101,0.02,0.02,0.07,0,0,0,0
2026-09-01 22:48:00,1,"Normal Scan","Normal Scan",0,"ON",1,1,1,738,5,20.1,98.2,44.8,0.0000000685606,0.0000181857,4.97,8954.6,8.8,736.5,1,"Up Scan","Positive",254,0,4.37,1.6,8,8,0,1,1,18.574,25.397,20.333,18.434,1.767,12277.4,41,21,NA,0,0,0,0,0,0,0,0,0,0,0,0,0,0,0,0,0,0,0,0,0,0,0,0,0,0,0,0,0,0,0,16838.208,17632.32,19229.12,19273.216,19995.008,20926.624,22480.096,22786.624,23403.328,23628.096,23525.216,22205.92,20467.872,17767.872,15141.632,12877.632,10741.408,8435.648,6946.24,6311.136,5389.824,4529.056,3915.808,3072.224,2628.672,2161.792,2000.384,1860.512,1897.568,1674.72,1559.744,1314.048,1264.096,1080,907.712,909.792,792.064,652.864,606.016,541.76,581.152,475.36,426.592,472.864,350.592,325.344,264.448,190.112,127.744,115.744,37.088,55.744,24.8,20.64,15.296,7.936,3.264,5.12,5.184,0,0,0,0,0,0,0,0,0,0,0,0,0,0,0,0,0,0,0,0,0,0,0,0,0,0,0,0,0,0,0,0,0,0,0,0,5.543,6.883,10.38,15.375,20.035,26.211,33.747,43.58,51.995,61.919,71.52,80.459,85.143,87.22,83.571,78.259,72.74,65.99,56.297,50.039,48.838,44.757,40.318,37.361,31.903,29.079,25.739,25.079,24.772,25.713,24.064,23.633,20.886,20.767,18.681,16.945,16.96,15.223,13.503,12.101,10.748,10.874,8.554,7.53,7.569,5.707,5.026,4.083,2.823,1.918,1.636,0.596,0.752,0.396,0.268,0.194,0.098,0.04,0.06,0.061,0,0.056,0,0,0,0
2026-09-01 22:53:00,1,"Normal Scan","Normal Scan",0,"ON",1,1,1,738.3,5,20.5,98.2,44.3,0.0000000686797,0.0000182049,4.97,8954.6,8.8,736.5,1,"Up Scan","Positive",254,0,4.37,1.6,8,8,0,1,1,20.076,25.807,21.294,19.81,1.719,15524.6,41,21.1,NA,0,0,0,0,0,0,0,0,0,0,0,0,0,0,0,0,0,0,0,0,0,0,0,0,0,0,0,0,0,0,0,18539.264,16599.744,18529.44,21484.608,22058.976,24370.208,25367.744,26211.84,27491.904,28486.144,28792.896,28788.416,27796.288,26112.416,24328.032,21493.408,17616.704,15326.496,13247.872,10784.608,9108.128,7844.768,5664,4113.248,3049.056,2490.496,2210.656,2078.784,1865.504,1718.656,1442.304,1293.504,1119.232,1026.464,912.736,886.08,846.336,672.096,716.192,646.752,531.04,526.432,466.528,472.768,413.984,349.856,228.928,223.776,129.856,102.336,53.568,42.624,19.488,25.088,16.8,14.144,13.024,8.416,5.28,10.176,0,0,0,0,0,0,0,0,0,0,0,0,0,0,0,0,0,0,0,0,0,0,0,0,0,0,0,0,0,0,0,0,0,0,0,4.12,7.592,9.733,14.789,22.328,28.87,39.37,49.152,59.883,72.787,86.354,98.83,110.609,118.825,123.142,125.854,121.449,108.339,101.727,94.407,82.487,74.519,68.562,53.204,41.647,33.251,28.945,27.197,26.922,25.393,24.782,22.131,20.819,19.204,18.513,17.126,16.97,16.186,13.972,14.066,12.389,10.049,9.389,8.202,7.657,6.588,5.415,3.551,3.471,2.021,1.531,0.758,0.679,0.358,0.325,0.213,0.177,0.159,0.101,0.061,0.117,0.056,0,0,0,0
2026-09-01 22:58:00,1,"Normal Scan","Normal Scan",0,"ON",1,1,1,738.1,5,20.2,98.2,44.9,0.0000000685904,0.0000181905,4.97,8954.6,8.8,736.5,1,"Up Scan","Positive",254,0,4.37,1.6,8,8,0,1,1,19.594,25.919,20.997,19.81,1.746,12344.4,41,21.1,NA,0,0,0,0,0,0,0,0,0,0,0,0,0,0,0,0,0,0,0,0,0,0,0,0,0,0,0,0,0,0,0,15246.336,15654.656,15913.12,17084.288,17928.48,19106.784,20507.904,21627.872,22853.568,23615.104,24083.712,23857.472,22503.328,20442.112,18553.408,15660.832,13328.224,10464.992,8722.08,6936.352,5752.608,4414.016,3444.288,2860.96,2383.648,2195.168,1997.056,1888.352,1792.704,1678.08,1390.304,1239.616,1105.088,934.88,890.592,793.472,794.464,736.448,599.488,572.8,520.736,486.72,436.672,424.96,380.864,319.808,263.104,199.008,137.28,88.832,54.976,51.776,27.328,20.736,22.88,8.448,5.952,8.48,5.184,3.264,0,0,0,0,0,0,0,0,0,0,0,0,0,0,0,0,0,0,0,0,0,0,0,0,0,0,0,0,0,0,0,0,0,0,0,3.933,6.211,9.259,12.682,17.8,23.537,30.86,39.752,49.438,60.575,71.589,82.581,91.622,95.996,96.288,95.694,88.281,81.487,69.305,62.27,53.362,47.599,39.317,33.196,29.655,26.626,25.708,24.905,24.508,24.332,24.02,21.172,20.234,18.73,16.702,16.547,15.265,15.294,14.387,12.273,11.246,10.017,8.833,7.528,6.981,6.129,4.996,4.068,3.052,2.051,1.304,0.842,0.714,0.426,0.268,0.291,0.105,0.073,0.101,0.061,0.039,0.042,0,0,0,0
2026-09-01 23:03:00,1,"Normal Scan","Normal Scan",0,"ON",1,1,1,738.4,5,20.6,98.2,44.3,0.0000000687095,0.0000182097,4.97,8954.6,8.8,736.5,1,"Up Scan","Positive",254,0,4.37,1.6,8,8,0,1,1,20.414,26.891,21.63,21.288,1.776,11911.3,41,21.2,NA,0,0,0,0,0,0,0,0,0,0,0,0,0,0,0,0,0,0,0,0,0,0,0,0,0,0,0,0,0,0,0,16629.6,16338.592,14622.656,15918.208,16888.192,17153.216,18021.344,18373.216,18894.56,19413.312,20242.048,21230.528,20357.76,18385.664,17673.184,16479.328,15443.2,14718.816,12173.728,9673.792,7054.656,5088.416,3543.232,2753.824,2295.936,2021.44,1906.304,1821.056,1735.776,1647.2,1364.224,1205.536,1040.48,1043.008,885.888,789.696,820.128,705.024,655.008,524.288,549.152,511.808,454.016,439.104,383.296,345.536,254.144,211.456,126.688,83.616,67.456,49.6,44.32,26.496,19.808,22.048,16.32,5.056,13.92,5.12,0,0,0,0,0,0,0,0,0,0,0,0,0,0,0,0,0,0,0,0,0,0,0,0,0,0,0,0,0,0,0,0,0,0,0,3.965,6.747,9.566,11.692,16.569,22.106,27.712,34.953,41.931,50.041,58.948,69.516,81.775,87.344,87.126,91.745,93.089,94.521,96.95,86.283,73.667,57.801,44.986,33.95,28.627,25.575,23.942,23.721,23.848,23.716,23.749,20.885,19.725,18.109,18.073,16.585,15.569,15.676,14.236,13.008,10.732,10.303,9.372,7.772,7.325,6.243,5.544,4.024,3.258,1.975,1.271,1.043,0.725,0.604,0.344,0.252,0.275,0.199,0.06,0.163,0.059,0,0,0,0,0
2026-09-01 23:08:00,1,"Normal Scan","Normal Scan",0,"ON",1,1,1,738.2,5,20.3,98.2,44.8,0.0000000686201,0.0000181953,4.97,8954.6,8.8,736.5,1,"Up Scan","Positive",254,0,4.37,1.6,8,8,0,1,1,20.494,27.624,22.115,21.288,1.779,11018.6,41,21.1,NA,0,0,0,0,0,0,0,0,0,0,0,0,0,0,0,0,0,0,0,0,0,0,0,0,0,0,0,0,0,0,0,11290.4,12766.56,12329.728,13350.016,14388.512,16366.944,17417.6,18346.112,19776.704,20326.272,20736.192,20993.472,19743.168,18316.768,16138.08,14338.624,12213.984,11038.4,9745.024,8863.392,7116.544,5563.2,3892.672,2953.696,2510.112,2126.592,1902.944,1819.456,1758.368,1527.52,1329.408,1255.744,1012.192,965.472,938.72,835.712,846.88,736.288,705.184,603.776,540.064,513.088,510.144,447.104,450.752,331.168,235.872,202.08,129.728,99.168,56.032,49.216,29.184,23.104,36.096,24.8,13.024,6.688,6.944,5.088,0,0,0,0,0,0,0,0,0,0,0,0,0,0,0,0,0,0,0,0,0,0,0,0,0,0,0,0,0,0,0,0,0,0,0,3.01,4.605,7.517,9.919,13.892,18.817,26.423,33.722,41.918,52.411,61.581,71.122,80.652,84.407,86.467,83.754,81.292,75.208,73.224,69.502,67.759,58.403,48.945,37.158,30.461,27.549,25.097,23.765,23.534,24.232,22.3,20.697,20.444,17.949,17.598,17.427,16.153,16.46,14.734,14.105,11.621,10.368,9.159,8.711,7.46,7.205,5.203,3.722,3.247,2.075,1.496,0.833,0.697,0.453,0.3,0.458,0.309,0.159,0.081,0.081,0.058,0.042,0,0,0,0
2026-09-01 23:13:00,1,"Normal Scan","Normal Scan",0,"ON",1,1,1,738.2,5,20.3,98.2,44.2,0.0000000686201,0.0000181953,4.97,8954.6,8.8,736.5,1,"Up Scan","Positive",254,0,4.37,1.6,8,8,0,1,1,20.753,26.77,22.076,18.434,1.722,12633.7,41,21.1,NA,0,0,0,0,0,0,0,0,0,0,0,0,0,0,0,0,0,0,0,0,0,0,0,0,0,0,0,0,0,0,0,11623.68,13027.968,13768.128,14702.976,15217.696,18039.936,19523.168,21445.696,22952.736,24587.904,24096.64,23635.584,22613.568,20605.664,19544.32,18083.104,17018.208,14732.736,12799.872,10591.584,8194.848,6253.184,4743.264,3411.904,2533.504,2096.416,1783.392,1735.936,1683.68,1434.24,1280.96,1118.24,1072.992,859.776,945.504,728.96,741.728,678.464,561.6,516.736,473.664,473.376,416.48,396.992,401.056,336.128,226.688,160.384,122.976,101.728,52.32,39.264,27.168,19.296,15.2,11.136,0,6.752,3.456,7.168,0,0,0,0,0,0,0,0,0,0,0,0,0,0,0,0,0,0,0,0,0,0,0,0,0,0,0,0,0,0,0,0,0,0,0,2.989,4.767,7.685,11.019,15.256,20.005,29.245,37.839,49.02,60.868,74.505,82.667,91.008,96.878,97.562,101.461,102.36,104.26,97.519,90.999,80.668,66.94,54.643,44.619,34.695,27.697,24.536,22.166,22.776,22.971,20.941,19.653,18.237,18.071,15.328,17.012,14.388,14.292,13.343,11.893,10.276,8.831,8.43,7.295,6.474,6.362,5.197,3.509,2.426,1.846,1.45,0.776,0.595,0.376,0.251,0.194,0.138,0,0.081,0.041,0.078,0.014,0,0,0,0
2026-09-01 23:18:00,1,"Normal Scan","Normal Scan",0,"ON",1,1,1,738.2,5,20.3,98.2,44.7,0.0000000686201,0.0000181953,4.97,8954.6,8.8,736.5,1,"Up Scan","Positive",254,0,4.37,1.6,8,8,0,1,1,21.496,27.032,22.375,21.288,1.727,12474,41,21.1,NA,0,0,0,0,0,0,0,0,0,0,0,0,0,0,0,0,0,0,0,0,0,0,0,0,0,0,0,0,0,0,0,13337.664,12919.584,13189.536,14933.632,17158.944,16845.024,17305.824,18494.144,19277.536,20405.152,21858.144,22421.408,22288.704,21459.872,20500.192,19228.352,17384.416,15380.992,14687.936,12807.616,9975.616,6946.72,4707.456,3448.16,2495.616,1977.856,1814.688,1664.224,1552.96,1477.92,1285.344,1132.256,963.904,854.656,826.976,720.96,667.488,559.168,516.256,511.04,484.352,492.896,423.52,422.752,377.184,280.064,242.88,156.384,120.864,54.88,42.368,40.864,10.336,6.848,11.136,3.136,3.264,5.024,3.488,1.472,0,0,0,0,0,0,0,0,0,0,0,0,0,0,0,0,0,0,0,0,0,0,0,0,0,0,0,0,0,0,0,0,0,0,0,3.561,5.427,7.607,10.543,15.561,22.462,27.178,33.573,42.307,51.189,62.04,75.174,86.419,95.562,101.798,106.75,109.056,106.69,101.766,104.226,97.249,80.991,60.578,44.185,34.838,27.327,23.32,22.521,21.638,21.195,21.161,19.583,17.925,16.23,15.405,15.461,14.14,13.271,11.786,10.6,9.976,9.044,8.508,7.107,6.697,5.927,4.232,3.618,2.321,1.739,0.813,0.609,0.567,0.17,0.089,0.142,0.039,0.04,0.06,0.041,0.019,0.014,0,0,0,0
2026-09-01 23:23:00,1,"Normal Scan","Normal Scan",0,"ON",1,1,1,738.2,5,20.4,98.2,44.3,0.0000000686499,0.0000182001,4.97,8954.6,8.8,736.5,1,"Up Scan","Positive",254,0,4.37,1.6,8,8,0,1,1,19.902,27.685,21.706,21.288,1.817,8165.88,42,21.1,NA,0,0,0,0,0,0,0,0,0,0,0,0,0,0,0,0,0,0,0,0,0,0,0,0,0,0,0,0,0,0,0,9658.272,10319.616,10535.424,10836.992,11281.728,12800.64,12570.848,14043.84,14992.192,15072.544,15621.952,15975.04,14901.664,13552.448,11758.592,9837.536,8529.408,7014.752,5352.672,4362.432,3561.28,2846.4,2379.712,2147.392,1950.752,1803.968,1687.264,1636.576,1616.64,1547.68,1348.032,1041.632,947.36,823.648,764.032,696.736,653.184,582.272,582.016,519.36,445.888,466.016,408.064,425.312,345.952,312.704,240.992,162.272,111.776,79.776,48.672,42.912,19.968,14.816,10.624,7.904,3.264,1.696,3.456,1.792,0,0,0,0,0,0,0,0,0,0,0,0,0,0,0,0,0,0,0,0,0,0,0,0,0,0,0,0,0,0,0,0,0,0,0,2.701,3.957,6.066,8.4,11.309,14.817,20.653,24.39,32.068,39.713,45.68,53.493,61.315,63.53,63.705,60.648,55.442,52.143,46.496,38.413,33.803,29.824,25.821,23.334,22.742,22.016,21.527,20.939,21.185,22.035,21.879,20.144,16.776,16.251,15.095,14.283,13.753,12.998,12.015,11.592,10.289,8.554,8.23,6.935,6.801,5.539,4.747,3.689,2.39,1.649,1.117,0.714,0.595,0.264,0.191,0.136,0.098,0.04,0.02,0.041,0.02,0,0,0,0,0
2026-09-01 23:28:00,1,"Normal Scan","Normal Scan",0,"ON",1,1,1,738.2,5,20.3,98.2,44.9,0.0000000686201,0.0000181953,4.97,8954.6,8.8,736.5,1,"Up Scan","Positive",254,0,4.37,1.6,8,8,0,1,1,21.265,27.329,22.235,22.876,1.754,10158.3,41,21.1,NA,0,0,0,0,0,0,0,0,0,0,0,0,0,0,0,0,0,0,0,0,0,0,0,0,0,0,0,0,0,0,0,11940.704,11064.064,11897.12,12277.6,13375.488,13444.992,13291.488,14562.304,15990.112,16560.864,18987.872,19557.344,19596.992,18689.632,17138.688,15911.168,13952.768,11358.848,9837.344,7994.304,5848.48,4428,3498.944,2707.744,2264.48,1987.008,1584.256,1572.256,1567.072,1458.624,1246.048,1081.216,902.624,810.912,735.968,674.944,645.312,534.048,513.888,545.344,441.184,397.952,438.784,400.64,326.688,290.944,237.984,151.04,109.984,71.424,49.504,38.4,23.04,25.024,9.12,6.336,3.264,5.056,1.76,1.792,0,0,0,0,0,0,0,0,0,0,0,0,0,0,0,0,0,0,0,0,0,0,0,0,0,0,0,0,0,0,0,0,0,0,0,2.688,4.879,6.576,9.535,12.767,17.515,21.707,25.78,33.348,42.431,50.316,65.274,75.294,83.823,88.23,88.715,89.696,85.305,75.131,70,61.123,48.147,39.041,33.288,27.955,25.015,23.213,19.88,20.418,21.176,20.789,18.821,17.173,15.31,14.841,13.919,12.935,13.039,11.208,10.364,10.484,8.454,7.235,7.366,6.437,5.224,4.535,3.665,2.233,1.631,1.045,0.696,0.539,0.34,0.325,0.116,0.079,0.04,0.06,0.02,0.019,0.028,0,0,0,0
2026-09-01 23:33:00,1,"Normal Scan","Normal Scan",0,"ON",1,1,1,738.2,5,20.3,98.2,44.5,0.0000000686201,0.0000181953,4.97,8954.6,8.8,736.5,1,"Up Scan","Positive",254,0,4.37,1.6,8,8,0,1,1,21.191,28.504,22.575,21.288,1.807,8207.62,42,21.1,NA,0,0,0,0,0,0,0,0,0,0,0,0,0,0,0,0,0,0,0,0,0,0,0,0,0,0,0,0,0,0,0,10138.08,9587.52,9187.072,8841.664,9876.928,10580.96,11293.696,12824.352,13300.864,14410.432,14751.232,15583.424,14997.504,15080.896,14277.088,12758.88,10676.512,8902.752,6668.256,5275.36,4167.296,3196.128,2889.92,2344.064,1997.664,1872.96,1665.28,1621.632,1492.928,1406.464,1189.888,1092,940.192,837.088,747.584,709.92,628.864,565.92,560.672,499.936,488.576,388.352,434.72,446.496,384.704,303.68,255.52,168.224,117.44,48.064,57.504,33.504,30.208,11.808,10.688,11.072,6.528,0,5.248,1.792,0,0,0,0,0,0,0,0,0,0,0,0,0,0,0,0,0,0,0,0,0,0,0,0,0,0,0,0,0,0,0,0,0,0,0,2.418,4.131,5.633,7.349,9.208,12.958,17.086,21.882,29.345,35.343,43.784,50.698,60.01,64.214,71.062,73.712,71.759,65.209,58.926,47.69,40.654,34.7,28.734,27.844,24.403,22.265,22.014,20.78,21.092,20.482,20.137,18.128,17.458,16.024,15.224,14.202,13.558,12.909,11.933,11.48,10.056,9.133,7.155,7.111,7.214,6.039,4.739,3.808,2.545,1.759,0.701,0.814,0.491,0.417,0.153,0.136,0.138,0.08,0,0.061,0.019,0.014,0,0,0,0
2026-09-01 23:38:00,1,"Normal Scan","Normal Scan",0,"ON",1,1,1,738.2,5,20.4,98.2,45,0.0000000686499,0.0000182001,4.97,8954.6,8.8,736.5,1,"Up Scan","Positive",254,0,4.37,1.6,8,8,0,1,1,21.079,29.21,22.915,21.288,1.828,7277.18,42,21.1,NA,0,0,0,0,0,0,0,0,0,0,0,0,0,0,0,0,0,0,0,0,0,0,0,0,0,0,0,0,0,0,0,6536.224,7919.808,7899.648,8389.888,9444.192,9938.304,10509.536,11371.968,12453.664,13136.928,13765.376,14647.424,13897.568,12919.136,11685.312,9619.424,8458.496,7266.08,5900.384,4425.632,3528.096,3135.52,2622.848,2282.272,1950.08,1772.384,1783.872,1645.76,1587.872,1439.232,1282.368,1131.104,986.176,820.992,771.328,727.168,620.704,559.104,519.008,500.032,407.104,447.424,410.176,397.6,368.64,275.616,230.912,167.328,114.848,66.688,41.952,38.56,14.432,16.512,4.544,0,11.36,1.696,3.456,0,0,0,0,0,0,0,0,0,0,0,0,0,0,0,0,0,0,0,0,0,0,0,0,0,0,0,0,0,0,0,0,0,0,0,0,1.691,2.664,4.605,6.324,8.758,12.337,16.013,20.377,25.962,33.055,39.856,47.226,56.303,59.354,60.828,60.25,54.21,51.868,48.207,42.316,34.315,29.558,28.309,25.483,23.955,21.932,21.104,22.195,21.452,21.478,20.609,19.426,17.695,16.566,14.82,14.133,13.967,12.518,11.602,10.608,9.643,8.12,7.897,6.892,6.294,5.816,4.181,3.526,2.407,1.737,0.955,0.622,0.52,0.242,0.214,0.058,0,0.139,0.02,0.041,0,0.042,0,0,0,0
2026-09-01 23:43:00,1,"Normal Scan","Normal Scan",0,"ON",1,1,1,738,5,20.1,98.2,44.8,0.0000000685606,0.0000181857,4.97,8954.6,8.8,736.5,1,"Up Scan","Positive",254,0,4.37,1.6,8,8,0,1,1,21.695,30.173,23.574,22.876,1.841,7077.21,42,21,NA,0,0,0,0,0,0,0,0,0,0,0,0,0,0,0,0,0,0,0,0,0,0,0,0,0,0,0,0,0,0,0,6097.312,7210.848,7221.056,7270.816,7881.888,9278.336,10255.968,11006.592,11637.312,12374.56,13069.696,13282.208,13667.2,12725.792,11906.848,10563.296,8856.32,7301.568,5760.768,4765.184,3916.992,3242.976,2810.208,2368.288,2085.664,1948.736,1803.616,1688.96,1654.016,1492.544,1266.048,1116.8,1001.184,876.576,798.496,744.096,739.488,577.088,557.536,467.328,514.24,487.296,399.04,401.28,354.976,302.912,246.304,141.184,89.728,72.384,43.232,40.864,27.552,20.096,9.76,9.472,3.232,3.36,10.432,3.232,0,0,0,0,0,0,0,0,0,0,0,0,0,0,0,0,0,0,0,0,0,0,0,0,0,0,0,0,0,0,0,0,0,0,0,1.442,2.49,4.245,5.781,7.597,10.342,14.992,19.927,25.206,30.898,37.635,44.873,51.119,58.42,59.961,61.494,59.619,54.26,48.552,41.368,36.933,32.792,29.244,27.27,24.856,23.343,22.886,22.405,22.107,22.499,21.297,19.367,18.05,16.827,15.5,15.036,14.545,14.173,11.808,11.234,9.481,9.424,8.368,6.743,6.485,5.629,4.723,3.782,2.148,1.381,1.04,0.675,0.585,0.415,0.261,0.124,0.118,0.04,0.04,0.122,0.039,0.028,0,0,0,0
2026-09-01 23:48:00,1,"Normal Scan","Normal Scan",0,"ON",1,1,1,738.2,5,20.3,98.2,45.3,0.0000000686201,0.0000181953,4.97,8954.6,8.8,736.5,1,"Up Scan","Positive",254,0,4.37,1.6,8,8,0,1,1,21.976,30.523,23.817,22.876,1.853,7229.15,42,21.1,NA,0,0,0,0,0,0,0,0,0,0,0,0,0,0,0,0,0,0,0,0,0,0,0,0,0,0,0,0,0,0,0,6629.984,7168.544,7635.84,8253.952,8498.784,8882.432,10082.976,10510.432,11546.944,12271.008,12507.456,12540.256,12706.304,12506.624,11986.304,10531.232,9656.352,8082.144,7012.256,5522.72,4438.976,3761.76,3149.408,2634.688,2229.728,2041.12,1719.072,1740.8,1675.04,1562.464,1335.104,1257.184,1088.992,898.592,885.504,764.512,714.592,651.808,537.824,559.264,481.984,471.296,407.008,367.264,380.288,314.496,231.552,148.576,99.456,90.528,54.048,29.536,29.92,11.84,4.576,9.44,8.128,6.688,1.76,5.376,0,0,0,0,0,0,0,0,0,0,0,0,0,0,0,0,0,0,0,0,0,0,0,0,0,0,0,0,0,0,0,0,0,0,0,1.64,2.689,4.184,6.072,8.629,11.143,14.34,19.539,24.104,30.644,37.279,42.985,48.349,54.437,59.075,62.022,59.561,59.247,53.738,50.232,42.686,36.959,33.582,30.375,27.388,24.93,24.098,21.737,22.787,22.99,22.26,20.409,19.993,18.028,16.025,16.206,14.731,13.774,12.709,11.251,10.741,9.146,8.072,6.953,6.013,5.977,4.907,3.447,2.25,1.489,1.344,0.74,0.465,0.396,0.153,0.058,0.118,0.1,0.081,0.02,0.058,0,0,0,0,0
2026-09-01 23:53:00,1,"Normal Scan","Normal Scan",0,"ON",1,1,1,738,5,20.1,98.2,45,0.0000000685606,0.0000181857,4.97,8954.6,8.8,736.5,1,"Up Scan","Positive",254,0,4.37,1.6,8,8,0,1,1,22.759,31.371,24.597,22.876,1.846,7354.21,42,21,NA,0,0,0,0,0,0,0,0,0,0,0,0,0,0,0,0,0,0,0,0,0,0,0,0,0,0,0,0,0,0,0,5707.168,5697.408,6859.104,7250.048,8404.544,8535.072,9655.232,10589.792,11027.264,12231.904,13128.576,13046.784,13456.384,13323.328,12391.904,11801.76,10416.768,8648.896,7282.56,6061.184,4984.448,4296.576,3439.712,2815.328,2424.8,2088.736,1921.344,1877.248,1735.072,1650.688,1470.464,1381.28,1119.52,1036,951.872,817.856,802.336,660.064,596.8,514.208,455.008,463.392,410.848,371.36,377.952,333.472,259.232,176.8,130.208,88.64,61.728,21.408,23.36,17.76,16.832,10.88,3.616,5.056,3.52,3.616,0,0,0,0,0,0,0,0,0,0,0,0,0,0,0,0,0,0,0,0,0,0,0,0,0,0,0,0,0,0,0,0,0,0,0,1.515,2.314,3.337,5.485,7.581,11.029,13.814,18.743,24.225,29.304,37.159,45.163,50.358,57.673,62.959,64.243,66.697,63.985,57.524,52.232,46.855,41.405,38.319,33.133,29.202,26.955,24.926,24.146,24.589,24.019,23.488,22.436,21.652,18.722,17.898,16.87,15.57,15.142,13.008,12.079,10.468,8.839,8.278,7.062,6.243,5.862,5.144,3.94,2.683,1.986,1.298,0.879,0.335,0.377,0.23,0.213,0.134,0.043,0.06,0.041,0.039,0.056,0,0,0,0
2026-09-01 23:58:00,1,"Normal Scan","Normal Scan",0,"ON",1,1,1,738.2,5,20.4,98.2,45.4,0.0000000686499,0.0000182001,4.97,8954.6,8.8,736.5,1,"Up Scan","Positive",254,0,4.37,1.6,8,8,0,1,1,22.419,30.876,24.281,22.876,1.836,7247.65,42,21.1,NA,0,0,0,0,0,0,0,0,0,0,0,0,0,0,0,0,0,0,0,0,0,0,0,0,0,0,0,0,0,0,0,5046.016,6387.328,6688.16,7186.304,8535.488,9041.504,9686.24,10589.024,11140.288,12305.056,13004.96,13522.848,13803.84,13205.152,12122.272,10816.256,9873.6,8312.224,7405.088,6064.896,4601.408,3745.248,3024.16,2676.448,2175.104,2066.72,1899.2,1716.768,1721.632,1651.776,1361.568,1158.624,1075.136,967.168,830.56,812.48,747.552,734.944,590.464,538.656,478.112,434.752,387.488,400.736,341.056,327.36,246.016,156.768,106.144,76.352,56.64,26.368,17.408,10.336,9.152,4.704,6.528,5.024,0,1.792,0,0,0,0,0,0,0,0,0,0,0,0,0,0,0,0,0,0,0,0,0,0,0,0,0,0,0,0,0,0,0,0,0,0,0,1.412,2.079,3.76,5.357,7.46,11.217,14.633,18.809,24.285,29.557,37.415,44.697,52.041,59.087,62.404,62.795,61.109,60.51,55.139,52.997,46.717,38.288,33.586,29.224,27.863,24.528,24.234,23.603,22.632,23.505,23.449,20.863,18.911,18.142,17.04,15.233,15.256,14.251,14.004,11.76,10.649,8.935,7.621,6.592,6.546,5.323,4.983,3.661,2.337,1.572,1.117,0.787,0.372,0.264,0.134,0.116,0.059,0.08,0.06,0,0.02,0.028,0,0,0,0
