"date","Flag","Detector.Status","Classifier.Errors","Communication.Status","Neutralizer.Status","Detector.Inlet.Flow..L.min.","Detector.Counting.Flow..L.min.","Impactor.Flow..L.min.","Impactor.D50..nm.","Sheath.Flow..L.min.","Sheath.Temp..C.","Sheath.Pressure..kPa.","Sheath.Relative.Humidity....","Mean.Free.Path..m.","Gas.Viscosity..Pa.s.","Low.Voltage..V.","High.Voltage..V.","Lower.Size..nm.","Upper.Size..nm.","Wide.Range.Scan.Mode","Scan.Direction","HV.Polarity","DMA.V.Ramping.Up..TUP...s.","DMA.V.Ramping.Down..TDOWN...s.","DMA.Column.transit.time.Tf..s.","DMA.Exit.to.Optical.Detector.Td..s.","DMA.at.Low.Voltage..TLOW...s.","DMA.at.High.Voltage..THIGH...s.","Adjustment..s.","Dilution.Factor","Aerosol.Density..g.cm..","Median..nm.","Mean..nm.","Geo..Mean..nm.","Mode..nm.","Geo..Std..Dev","Total.Concentration....cm..","Aerosol.Humidity....","Aerosol.Temperature..C.","Reserved.1","part_1.04","part_1.11","part_1.20","part_1.29","part_1.38","part_1.49","part_1.60","part_1.72","part_1.84","part_1.98","part_2.13","part_2.29","part_2.46","part_2.64","part_2.84","part_3.05","part_3.28","part_3.52","part_3.79","part_4.07","part_4.37","part_4.70","part_5.05","part_5.42","part_5.83","part_6.26","part_6.73","part_7.23","part_7.77","part_8.35","part_8.98","part_9.65","part_10.37","part_11.14","part_11.97","part_12.86","part_13.82","part_14.86","part_15.96","part_17.15","part_18.43","part_19.81","part_21.29","part_22.88","part_24.58","part_26.42","part_28.39","part_30.51","part_32.78","part_35.23","part_37.86","part_40.68","part_43.71","part_46.98","part_50.48","part_54.25","part_58.29","part_62.64","part_67.32","part_72.34","part_77.74","part_83.54","part_89.77","part_96.47","part_103.66","part_111.40","part_119.71","part_128.64","part_138.24","part_148.55","part_159.63","part_171.54","part_184.34","part_198.10","part_212.88","part_228.76","part_245.82","part_264.16","part_283.87","part_305.05","part_327.81","part_352.27","part_378.55","part_406.79","part_437.14","part_469.76","part_504.81","part_542.47","part_582.94","part_626.43","part_673.17","part_723.39","part_777.37","part_835.36","part_897.69","part_964.66","raw_1.04","raw_1.11","raw_1.20","raw_1.29","raw_1.38","raw_1.49","raw_1.60","raw_1.72","raw_1.84","raw_1.98","raw_2.13","raw_2.29","raw_2.46","raw_2.64","raw_2.84","raw_3.05","raw_3.28","raw_3.52","raw_3.79","raw_4.07","raw_4.37","raw_4.70","raw_5.05","raw_5.42","raw_5.83","raw_6.26","raw_6.73","raw_7.23","raw_7.77","raw_8.35","raw_8.98","raw_9.65","raw_10.37","raw_11.14","raw_11.97","raw_12.86","raw_13.82","raw_14.86","raw_15.96","raw_17.15","raw_18.43","raw_19.81","raw_21.29","raw_22.88","raw_24.58","raw_26.42","raw_28.39","raw_30.51","raw_32.78","raw_35.23","raw_37.86","raw_40.68","raw_43.71","raw_46.98","raw_50.48","raw_54.25","raw_58.29","raw_62.64","raw_67.32","raw_72.34","raw_77.74","raw_83.54","raw_89.77","raw_96.47","raw_103.66","raw_111.40","raw_119.71","raw_128.64","raw_138.24","raw_148.55","raw_159.63","raw_171.54","raw_184.34","raw_198.10","raw_212.88","raw_228.76","raw_245.82","raw_264.16","raw_283.87","raw_305.05","raw_327.81","raw_352.27","raw_378.55","raw_406.79","raw_437.14","raw_469.76","raw_504.81","raw_542.47","raw_582.94","raw_626.43","raw_673.17","raw_723.39","raw_777.37","raw_835.36","raw_897.69","raw_964.66"
2026-09-25,1,"Normal Scan","Normal Scan",0,"ON",1,1,1,736.7,5,18.3,98.2,51.2,0.0000000680249,0.0000180993,4.97,8976.18,8.8,736.5,1,"Up Scan","Positive",254,0,4.37,1.6,8,8,0,1,1,29.992,48.837,32.28,10.366,2.389,4651.91,54,17.1,NA,0,0,0,0,0,0,0,0,0,0,0,0,0,0,0,0,0,0,0,0,0,0,0,0,0,0,0,0,0,0,0,6323.489,6512.303,5747.503,5835.023,5037.208,4906.951,4897.542,4559.551,4320.181,4008.579,3952.028,3987.954,3480.148,3340.689,3428.504,3248.225,3398.813,3304.533,3485.882,3698.779,4119.551,4261.987,4565.779,4360.133,4424.741,4007.471,3522.13,3102.26,2738.172,2542.069,2401.288,2215.855,2002.766,1991.555,1663.09,1516.983,1336.575,1330.743,1114.603,1101.456,991.158,950.571,924.413,811.27,751.198,670.945,568.588,445.384,309.305,221.361,168.432,121.494,48.47,32.393,18.472,17.417,4.873,5.08,3.479,3.589,0,0,0,0,0,0,0,0,0,0,0,0,0,0,0,0,0,0,0,0,0,0,0,0,0,0,0,0,0,0,0,0,0,0,0,1.912,2.6,3.866,4.603,6.077,6.61,7.915,9.487,10.406,11.451,12.167,13.582,15.44,15.04,16.037,18.183,19.065,21.84,23.358,26.663,30.546,36.133,39.585,44.86,45.337,48.552,46.971,43.903,41.247,38.854,37.562,37.034,35.98,34.366,34.97,31.229,29.714,27.577,26.825,23.459,22.177,20.071,17.432,16.225,13.687,12.336,10.273,8.559,6.545,4.532,3.133,2.352,1.682,0.643,0.42,0.235,0.217,0.06,0.061,0.041,0.041,0,0,0,0,0
2026-09-25 00:05:00,1,"Normal Scan","Normal Scan",0,"ON",1,1,1,736.3,5,17.8,98.2,51.2,0.0000000678761,0.0000180752,4.97,8976.18,8.8,736.5,1,"Up Scan","Positive",254,0,4.37,1.6,8,8,0,1,1,31.879,50.491,33.499,10.366,2.387,4434.79,56,16.5,NA,0,0,0,0,0,0,0,0,0,0,0,0,0,0,0,0,0,0,0,0,0,0,0,0,0,0,0,0,0,0,0,5210.937,5550.631,5375.848,4980.504,4358.21,4692.999,4769.096,4128.865,3864.517,4082.564,3523.187,3644.111,3696.012,3369.058,3206.615,3227.284,2957.095,3191.001,3539.163,3739.631,4007.806,4213.198,4297.335,4470.862,4280.013,3922.877,3581.321,3047.79,2762.309,2636.486,2382.194,2340.299,2017.253,1809.799,1753.56,1448.782,1279.433,1137.576,1205.811,1025.624,961.947,927.072,954.976,828.474,719.98,640.825,580.805,489.164,348.242,247.072,200.144,114.13,98.351,38.319,16.783,7.807,8.172,1.7,1.726,0,0,0,0,0,0,0,0,0,0,0,0,0,0,0,0,0,0,0,0,0,0,0,0,0,0,0,0,0,0,0,0,0,0,0,0,1.338,2.113,3.258,4.291,5.213,5.726,7.58,9.256,9.414,10.296,12.383,12.156,14.093,15.925,16.194,17.06,18.91,19.169,22.521,27.081,30.807,35.146,39.284,42.334,46.43,47.384,46.146,44.706,40.387,38.89,38.87,36.428,37.223,34.318,32.407,32.228,28.581,26.973,24.464,24.56,21.514,19.495,17.841,16.992,14.306,11.711,10.315,8.738,7.188,4.959,3.485,2.78,1.541,1.305,0.499,0.214,0.099,0.1,0.02,0.02,0,0,0,0,0,0
2026-09-25 00:10:00,1,"Normal Scan","Normal Scan",0,"ON",1,1,1,736.1,5,17.5,98.2,51.5,0.0000000677869,0.0000180607,4.97,8976.18,8.8,736.5,1,"Up Scan","Positive",254,0,4.37,1.6,8,8,0,1,1,33.764,51.884,34.64,10.366,2.382,4016.23,57,16.2,NA,0,0,0,0,0,0,0,0,0,0,0,0,0,0,0,0,0,0,0,0,0,0,0,0,0,0,0,0,0,0,0,4542.508,4679.581,4450.442,3817.035,4110.487,3749.291,3970.802,3621.95,3598.459,3363.957,3450.786,3493.451,3133.179,3093.834,2804.736,2852.941,2788.994,3046.861,3306.835,3429.27,3777.596,4036.51,4022.418,4089.14,4094.817,3687.216,3331.925,2978.988,2747.615,2447.831,2196.918,2059.343,1821.606,1635.453,1540.971,1284.681,1277.584,1177.425,1059.425,1070.554,968.03,918.308,900.46,812.123,669.812,656.005,563.603,453.678,325.518,222.506,150.536,101.136,45.54,38.343,27.387,11.118,1.656,8.42,0,1.781,0,0,0,0,0,0,0,0,0,0,0,0,0,0,0,0,0,0,0,0,0,0,0,0,0,0,0,0,0,0,0,0,0,0,0,1.172,1.857,2.755,3.581,3.986,5.401,6.076,7.705,8.322,9.547,10.224,11.899,13.5,13.565,14.878,14.957,16.812,18.099,21.486,25.27,28.306,33.193,37.567,39.755,42.803,45.104,43.216,41.301,39.248,38.057,35.736,34.034,33.576,31.282,30.236,29.035,26.32,26.574,24.657,22.086,21.698,19.076,17.563,15.93,13.675,10.866,10.078,8.576,6.671,4.676,3.173,2.093,1.379,0.605,0.499,0.35,0.138,0.02,0.101,0,0.021,0,0,0,0,0
2026-09-25 00:15:00,1,"Normal Scan","Normal Scan",0,"ON",1,1,1,735.8,5,17.2,98.2,52,0.0000000676977,0.0000180463,4.97,8976.18,8.8,736.5,1,"Up Scan","Positive",254,0,4.37,1.6,8,8,0,1,1,33.439,51.705,34.51,10.366,2.381,4102.35,58,16,NA,0,0,0,0,0,0,0,0,0,0,0,0,0,0,0,0,0,0,0,0,0,0,0,0,0,0,0,0,0,0,0,5094.6,5200.398,4058.926,4346.201,3842.017,3674.808,3499.718,3736.884,3683.34,3326.703,3382.437,3372.475,3399.018,3109.908,3308.526,3160.358,3024.991,3176.06,3303.505,3571.314,3736.512,4017.602,4102.834,4329.943,3933.317,3753.059,3585.967,3204.63,2690.944,2549.903,2212.268,2061.607,1858.445,1648.114,1482.513,1374.082,1293.444,1094.076,1102.049,1085.184,1000.03,912.843,839.828,781.436,650.989,620.368,534.033,462.019,357.407,254.222,173.062,125.989,73.817,45.759,35.056,11.091,4.922,0,1.756,1.814,0,0,0,0,0,0,0,0,0,0,0,0,0,0,0,0,0,0,0,0,0,0,0,0,0,0,0,0,0,0,0,0,0,0,0,1.432,2.116,3.087,3.262,4.51,5.04,5.963,6.802,8.558,9.787,10.136,11.68,13.084,14.71,14.943,17.553,18.473,19.525,22.355,25.367,29.331,32.905,37.656,40.718,45.065,43.642,43.894,44.138,41.859,37.261,37.159,34.485,33.329,31.831,30.057,28.731,27.308,26.32,23.474,22.695,21.786,20.011,17.514,15.351,13.398,10.94,9.803,8.191,6.868,5.172,3.578,2.382,1.719,1.003,0.595,0.448,0.138,0.06,0,0.02,0.021,0.017,0,0,0,0
2026-09-25 00:20:00,1,"Normal Scan","Normal Scan",0,"ON",1,1,1,735.7,5,17,98.2,52.6,0.0000000676382,0.0000180366,4.97,8976.18,8.8,736.5,1,"Up Scan","Positive",254,0,4.37,1.6,8,8,0,1,1,34.061,52.604,34.985,9.647,2.39,3997.46,58,15.9,NA,0,0,0,0,0,0,0,0,0,0,0,0,0,0,0,0,0,0,0,0,0,0,0,0,0,0,0,0,0,0,0,5218.183,4634.416,3917.12,3861.121,3764.287,3530.613,3502.384,3540.098,3407.916,3311.342,3251.277,3327.834,3181.343,3190.785,3156.195,2974.531,2925.143,3195.06,3132.406,3618.493,3688.346,3952.354,4212.147,3915.592,4020.016,3782.783,3426.866,3132.315,2696.492,2414.594,2216.226,2008.864,1775.141,1687.396,1510.687,1318.328,1268.009,1185.435,1071.732,969.418,896.69,903.244,857.122,773.497,733.416,666.4,534.835,476.901,349.729,297.014,223.802,145.393,66.54,47.269,27.465,12.639,4.873,1.712,5.246,1.795,0,0,0,0,0,0,0,0,0,0,0,0,0,0,0,0,0,0,0,0,0,0,0,0,0,0,0,0,0,0,0,0,0,0,0,1.443,2.114,2.769,3.129,4.029,4.948,5.74,6.801,8.115,9.074,10.083,11.212,12.897,13.777,15.308,16.773,17.435,18.905,22.534,23.995,29.724,32.551,36.981,41.515,41.163,44.359,44.158,42.266,40.948,37.579,35.434,34.003,32.795,30.868,30.306,28.465,26.73,26.176,24.734,22.881,20.852,18.349,17.581,15.869,13.841,12.283,10.392,8.232,7.062,5.046,4.157,3.12,2.001,0.884,0.614,0.35,0.158,0.06,0.02,0.061,0.021,0,0,0,0,0
2026-09-25 00:25:00,1,"Normal Scan","Normal Scan",0,"ON",1,1,1,735.9,5,17.3,98.2,52.9,0.0000000677274,0.0000180511,4.97,8976.18,8.8,736.5,1,"Up Scan","Positive",254,0,4.37,1.6,8,8,0,1,1,34.292,52.388,35.116,9.647,2.366,4140.27,58,16.2,NA,0,0,0,0,0,0,0,0,0,0,0,0,0,0,0,0,0,0,0,0,0,0,0,0,0,0,0,0,0,0,0,5251.555,4182.76,4080.931,4038.795,3569.424,3881.959,3369.386,3523.619,3536.081,3601.911,3384.262,3312.199,3342.555,3547.964,3307.808,3240.001,3275.702,3398.156,3512.031,3857.615,3935.308,4257.787,4396.027,4296.519,4176.321,4057.241,3631.719,3167.103,2754.522,2381.736,2251.874,1957.118,1803.393,1693.147,1428.848,1286.838,1217.433,1157.629,1086.351,1003.386,1089.617,892.323,835.699,812.554,796.734,644.238,591.643,468.317,398.462,302.003,206.92,119.115,77.492,48.506,30.521,9.473,6.516,1.684,0,1.781,0,0,0,0,0,0,0,0,0,0,0,0,0,0,0,0,0,0,0,0,0,0,0,0,0,0,0,0,0,0,0,0,0,0,0,1.359,2.189,2.46,3.27,4.199,4.712,6.288,6.563,8.071,9.396,10.925,11.668,12.84,14.482,17.028,17.599,18.97,21.125,23.913,26.817,31.597,34.708,39.724,43.259,44.802,45.879,46.983,44.537,41.283,38.104,34.801,34.367,32.414,31.086,30.43,28.495,26.319,25.483,24.79,23.295,21.364,21.52,17.57,15.564,14.377,12.981,10.235,8.958,6.975,5.773,4.248,2.844,1.624,1.079,0.633,0.389,0.118,0.08,0.02,0,0.021,0.05,0,0,0,0
2026-09-25 00:30:00,1,"Normal Scan","Normal Scan",0,"ON",1,1,1,735.9,5,17.3,98.2,53.9,0.0000000677274,0.0000180511,4.97,8976.18,8.8,736.5,1,"Up Scan","Positive",254,0,4.37,1.6,8,8,0,1,1,34.033,52.787,35.233,11.14,2.368,4151.11,59,16,NA,0,0,0,0,0,0,0,0,0,0,0,0,0,0,0,0,0,0,0,0,0,0,0,0,0,0,0,0,0,0,0,4227.991,4031.499,4489.885,4252.008,3744.979,3799.04,3743.291,3436.76,3705.89,3638.971,3571.878,3655.638,3218.309,3536.423,3381.511,3264.527,3396.056,3284.442,3435.704,3734.341,3966.237,4126.822,4437.436,4356.987,4030.559,3991.492,3512.036,3143.411,2684.885,2668.701,2295.785,2012.781,1767.918,1626.778,1440.345,1327.734,1195.277,1079.751,1092.567,1027.672,924.182,927.178,888.883,818.602,723.568,705.974,652.405,529.678,428.367,306.557,225.873,153.164,96.144,56.05,32.044,9.395,14.702,6.736,1.74,0,0,0,0,0,0,0,0,0,0,0,0,0,0,0,0,0,0,0,0,0,0,0,0,0,0,0,0,0,0,0,0,0,0,0,0,1.287,1.731,2.368,3.591,4.436,4.915,6.158,7.283,7.897,9.872,11.067,12.315,14.173,13.945,16.95,17.963,19.122,21.801,23.175,26.269,30.621,34.858,38.521,43.654,45.354,44.697,46.379,43.336,40.856,37.199,38.341,35.113,32.523,30.557,29.968,27.772,27.073,25.736,23.903,23.329,22.089,20.059,18.461,16.63,14.558,12.232,11.327,9.957,7.874,6.166,4.384,3.129,2.068,1.29,0.729,0.409,0.118,0.18,0.081,0.02,0,0.017,0,0,0,0
2026-09-25 00:35:00,1,"Normal Scan","Normal Scan",0,"ON",1,1,1,735.8,5,17.1,98.3,54.2,0.0000000675991,0.0000180415,4.97,8976.18,8.8,736.5,1,"Up Scan","Positive",254,0,4.37,1.6,8,8,0,1,1,36.81,55.753,37.098,46.976,2.392,3885.06,60,15.8,NA,0,0,0,0,0,0,0,0,0,0,0,0,0,0,0,0,0,0,0,0,0,0,0,0,0,0,0,0,0,0,0,3779.544,3797.179,3323.95,3221.262,3764.149,3181.917,3589.688,3303.805,3286.65,3115.91,3245.317,3163.853,3163.618,2981.795,2896.06,2817.54,2852.281,3002.101,3343.217,3354.296,3889.367,4068.609,4187.482,4121.845,4117.796,3799.299,3456.882,3120.917,2904.207,2554.324,2317.055,2034.833,1856.623,1640.255,1475.258,1318.792,1208.56,1055.944,1104.067,1021.902,997.168,945.366,991.747,866.824,773.071,711.629,601.189,537.418,422.043,326.377,239.734,171.581,140.151,77.957,43.581,21.241,11.457,0,3.479,1.781,0,0,0,0,0,0,0,0,0,0,0,0,0,0,0,0,0,0,0,0,0,0,0,0,0,0,0,0,0,0,0,0,0,0,0,1.049,1.548,2.238,2.682,3.387,4.963,5.146,6.963,7.569,8.753,9.496,11.186,12.246,13.693,14.343,15.412,16.633,18.489,21.282,25.54,27.841,34.145,37.979,41.456,43.315,45.576,44.466,42.761,40.722,39.924,37.059,35.406,32.747,31.851,30.295,28.748,27.264,26.5,23.847,24.027,22.017,20.965,19.149,18.326,15.511,13.215,11.78,9.428,8.084,6.157,4.611,3.322,2.335,1.877,1.015,0.556,0.265,0.14,0,0.041,0.021,0.017,0,0,0,0
2026-09-25 00:40:00,1,"Normal Scan","Normal Scan",0,"ON",1,1,1,735.7,5,17,98.2,54.6,0.0000000676382,0.0000180366,4.97,8976.18,8.8,736.5,1,"Up Scan","Positive",254,0,4.37,1.6,8,8,0,1,1,37.467,56.301,37.421,46.976,2.399,3803.27,60,15.7,NA,0,0,0,0,0,0,0,0,0,0,0,0,0,0,0,0,0,0,0,0,0,0,0,0,0,0,0,0,0,0,0,3222.886,3578.548,3647.251,3528.195,3312.434,3661.8,3142.586,3420.499,3021.466,3245.333,2949.979,3009.994,3064.798,2750.057,2893.716,2660.737,2739.725,2997.984,2861.507,3365.776,3611.149,3971.152,4191.252,4178.313,4037.036,3757.327,3516.915,3162.918,2820.724,2570.008,2231.056,1984.699,1793.818,1673.28,1539.575,1295.213,1230.856,1151.465,1094.829,1048.569,964.223,995.449,916.351,842.266,717.719,655.947,654.011,544.326,460.407,336.687,239.445,184.952,112.194,56.112,42.733,11.091,17.959,6.805,5.26,5.37,0,0,0,0,0,0,0,0,0,0,0,0,0,0,0,0,0,0,0,0,0,0,0,0,0,0,0,0,0,0,0,0,0,0,0,0.955,1.33,2.109,2.957,3.687,4.387,5.933,6.118,7.844,8.057,9.862,10.19,11.666,13.27,13.224,15.393,15.699,17.788,21.244,22.19,27.879,31.919,37.22,41.503,43.734,44.734,43.843,43.349,41.455,38.81,37.396,34.243,32.432,31.334,30.489,29.448,26.966,26.573,25.066,23.463,22.476,20.435,19.965,17.484,15.117,12.514,10.712,10.064,8.164,6.659,4.793,3.359,2.579,1.489,0.729,0.545,0.138,0.22,0.081,0.061,0.062,0,0,0,0,0
2026-09-25 00:45:00,1,"Normal Scan","Normal Scan",0,"ON",1,1,1,735.6,5,16.9,98.2,54.9,0.0000000676084,0.0000180318,4.97,8976.18,8.8,736.5,1,"Up Scan","Positive",254,0,4.37,1.6,8,8,0,1,1,36.953,56.019,36.909,54.247,2.422,3738.2,60,15.7,NA,0,0,0,0,0,0,0,0,0,0,0,0,0,0,0,0,0,0,0,0,0,0,0,0,0,0,0,0,0,0,0,3697.599,3930.546,3683.3,3708.748,3365.118,3460.652,3237.458,3124.102,3208.704,3126.081,2847.367,2867.561,2963.135,2669.583,2610.484,2495.848,2592.807,2750.945,2987.76,3195.325,3547.933,3885.685,3919.224,3951.188,4010.657,3785.858,3457.193,3124.992,2886.868,2425.631,2081.482,1939.383,1740.607,1507.309,1297.047,1269.3,1215.221,1081.909,1078.545,1058.2,1099.115,916.531,870.155,852.814,816.391,713.877,587.832,533.08,439.123,344.649,244.938,157.206,115.951,72.314,38.314,9.449,14.743,8.441,0,0,0,0,0,0,0,0,0,0,0,0,0,0,0,0,0,0,0,0,0,0,0,0,0,0,0,0,0,0,0,0,0,0,0,0,0,1.018,1.494,2.337,2.972,3.877,4.451,5.607,6.279,7.169,8.542,9.493,9.821,11.131,12.811,12.846,13.914,14.745,16.87,19.522,22.988,26.59,31.406,36.412,39.075,41.568,44.246,43.795,42.59,40.574,39.109,35.201,32.426,31.651,30.393,28.176,26.985,26.384,25.851,24.223,23.936,22.759,22.036,18.62,16.837,15.296,13.587,11.645,9.124,7.992,6.304,4.941,3.397,2.124,1.537,0.941,0.487,0.118,0.18,0.101,0,0,0,0,0,0,0
2026-09-25 00:50:00,1,"Normal Scan","Normal Scan",0,"ON",1,1,1,735.5,5,16.8,98.2,55.3,0.0000000675787,0.000018027,4.97,8976.18,8.8,736.5,1,"Up Scan","Positive",254,0,4.37,1.6,8,8,0,1,1,37.789,56.911,37.606,50.481,2.417,3741.24,60,15.7,NA,0,0,0,0,0,0,0,0,0,0,0,0,0,0,0,0,0,0,0,0,0,0,0,0,0,0,0,0,0,0,0,3315.271,3256.427,3829.806,3636.605,3316.369,3583.708,3339.486,3140.868,3170.041,2927.487,3080.716,2596.36,2844.239,2654.479,2535.3,2650.498,2729.47,2798.374,2935.72,3316.266,3536.73,3888.614,3944.161,4079.032,4049.527,3747.992,3567.833,3247.662,2808.139,2437.844,2166.017,1995.405,1775.606,1675.767,1393.018,1340.427,1288.423,1058.73,1095.271,1003.364,1013.981,981.415,860.112,863.627,826.943,704.267,622.146,578.18,441.699,355.575,253.73,171.391,118.087,78.618,50.445,18.978,11.402,6.75,3.507,1.796,0,0,0,0,0,0,0,0,0,0,0,0,0,0,0,0,0,0,0,0,0,0,0,0,0,0,0,0,0,0,0,0,0,0,0,0.799,1.357,1.945,3.105,3.8,4.387,5.819,6.497,7.187,8.412,8.909,10.628,10.092,12.308,12.777,13.548,15.611,17.706,19.856,22.69,27.5,31.333,36.531,39.406,42.787,44.566,43.79,43.874,42.058,38.639,35.634,33.72,32.41,30.929,30.328,27.875,27.79,26.914,24.177,24.246,21.888,21.559,19.658,16.715,15.616,14.034,11.465,9.757,8.738,6.437,5.041,3.527,2.349,1.568,1.022,0.642,0.237,0.14,0.081,0.041,0.021,0,0,0,0,0
2026-09-25 00:55:00,1,"Normal Scan","Normal Scan",0,"ON",1,1,1,735.6,5,16.9,98.2,55.3,0.0000000676084,0.0000180318,4.97,8976.18,8.8,736.5,1,"Up Scan","Positive",254,0,4.37,1.6,8,8,0,1,1,37.452,57.061,37.722,46.976,2.41,3768.95,59,15.9,NA,0,0,0,0,0,0,0,0,0,0,0,0,0,0,0,0,0,0,0,0,0,0,0,0,0,0,0,0,0,0,0,4017.222,3163.624,3084.148,3342.123,3135.783,3332.668,3314.954,3105.048,3170.498,3245.436,3096.513,3000.427,2913.356,2813.56,2644.341,2746.401,2785.422,2986.935,3278.698,3369.3,3562.189,3932.477,4186.923,4041.005,3936.976,3635.651,3559.098,3204.85,2713.211,2498.005,2233.806,1889.548,1745.483,1478.216,1453.57,1317.582,1240.543,1200.925,1028.672,1074.069,1009.358,953.388,924.969,828.939,812.374,750.229,668.066,557.15,484.806,398.393,284.567,190.653,114.214,61.947,45.783,23.609,8.131,3.396,5.232,1.795,0,0,0,0,0,0,0,0,0,0,0,0,0,0,0,0,0,0,0,0,0,0,0,0,0,0,0,0,0,0,0,0,0,0,0,0.904,1.666,1.853,2.476,3.489,4.123,5.402,6.45,7.12,8.43,9.888,10.696,11.624,12.62,13.553,14.124,16.16,18.059,21.162,25.054,27.784,31.491,36.949,41.456,42.289,43.552,42.6,43.565,41.45,37.225,36.394,34.371,31.483,30.266,28.263,28.612,27.395,26.804,25.916,23.676,23.337,21.469,19.677,17.839,15.514,13.996,12.071,10.311,8.429,6.998,5.604,3.955,2.612,1.514,0.806,0.584,0.296,0.1,0.04,0.061,0.021,0,0,0,0,0
2026-09-25 01:00:00,1,"Normal Scan","Normal Scan",0,"ON",1,1,1,735.9,5,17.3,98.2,55.8,0.0000000677274,0.0000180511,4.97,8976.18,8.8,736.5,1,"Up Scan","Positive",254,0,4.37,1.6,8,8,0,1,1,39.86,59.374,39.125,50.481,2.437,3568.89,59,16,NA,0,0,0,0,0,0,0,0,0,0,0,0,0,0,0,0,0,0,0,0,0,0,0,0,0,0,0,0,0,0,0,2996.676,3312.642,3210.286,3170.682,3159.09,2989.909,3119.825,2871.695,2831.954,2749.48,2808.731,2591.433,2431.384,2427.399,2316.858,2314.182,2421.656,2687.435,2809.898,3186.594,3429.801,3860.813,3993.858,4085.33,3768.695,3709.131,3417.142,3035.275,2747.878,2542.129,2189.439,1985.867,1813.661,1616.156,1478.053,1323.157,1093.166,1118.468,1043.285,1032.776,1075.56,1041.717,1009.162,983.347,828.247,738.745,689.416,577.915,486.595,362.345,237.228,186.515,122.007,80.654,45.837,15.802,22.862,5.08,1.74,1.822,0,0,0,0,0,0,0,0,0,0,0,0,0,0,0,0,0,0,0,0,0,0,0,0,0,0,0,0,0,0,0,0,0,0,0,0.955,1.23,1.953,2.576,3.314,4.175,4.835,6.088,6.566,7.513,8.368,9.687,10.046,10.545,11.7,12.417,13.728,15.835,19.147,21.762,26.355,30.419,36.162,39.531,42.821,41.924,43.476,42.093,39.718,38.009,36.776,33.508,32.478,31.357,29.967,29.555,28.066,25.356,25.619,23.689,22.732,22.695,20.99,19.162,17,14.246,12.062,10.727,8.652,7.101,5.188,3.285,2.519,1.634,1.049,0.584,0.197,0.279,0.061,0.02,0.021,0,0,0,0,0
2026-09-25 01:05:00,1,"Normal Scan","Normal Scan",0,"ON",1,1,1,735.7,5,17,98.2,55.9,0.0000000676382,0.0000180366,4.97,8976.18,8.8,736.5,1,"Up Scan","Positive",254,0,4.37,1.6,8,8,0,1,1,39.432,58.999,38.623,50.481,2.456,3585.59,59,15.8,NA,0,0,0,0,0,0,0,0,0,0,0,0,0,0,0,0,0,0,0,0,0,0,0,0,0,0,0,0,0,0,0,3588.463,3341.259,3537.07,3532.968,3289.93,2936.96,2986.109,2765.576,2800.003,2708.511,2649.294,2442.459,2655.241,2389.933,2303.707,2421.62,2495.305,2631.297,2727.795,2980.386,3310.85,3617.432,3909.485,4104.301,4065.517,3721.374,3398.972,3148.438,2822.519,2432.65,2121.04,1953.891,1705.734,1539.608,1351.54,1250.152,1292.42,1177.824,1183.065,1089.701,1012.157,1108.538,941.039,869.009,842.969,763.692,659.696,557.287,494.822,330.436,286.224,193.404,132.552,82.545,28.96,25.149,16.353,8.434,1.74,3.589,0,0,0,0,0,0,0,0,0,0,0,0,0,0,0,0,0,0,0,0,0,0,0,0,0,0,0,0,0,0,0,0,0,0,0,0.911,1.485,1.994,2.87,3.699,4.337,4.753,5.808,6.321,7.428,8.233,9.166,9.48,11.516,11.517,12.303,14.275,16.211,18.751,21.222,24.964,29.506,34.073,38.954,43.012,44.798,43.259,41.908,40.795,38.505,35.372,33.291,32.118,30.419,29.294,27.452,27.454,27.551,25.992,25.982,23.626,21.5,21.955,17.889,15.836,14.499,12.525,10.292,8.32,7.174,4.741,3.98,2.648,1.76,1.075,0.37,0.315,0.2,0.101,0.02,0.041,0,0,0,0,0
2026-09-25 01:10:00,1,"Normal Scan","Normal Scan",0,"ON",1,1,1,735.6,5,16.9,98.2,55.8,0.0000000676084,0.0000180318,4.97,8976.18,8.8,736.5,1,"Up Scan","Positive",254,0,4.37,1.6,8,8,0,1,1,42.31,61.73,40.6,54.247,2.465,3377.11,59,15.7,NA,0,0,0,0,0,0,0,0,0,0,0,0,0,0,0,0,0,0,0,0,0,0,0,0,0,0,0,0,0,0,0,3389.496,3061.814,3348.442,2717.011,2760.047,2573.116,2525.166,2640.506,2257.818,2198.771,2340.677,2366.568,2207.708,2074.055,2082.791,2016.402,2229.081,2395.104,2523.228,2954.393,3243.29,3583.261,3710.026,3891.128,3954.722,3905.93,3439.176,3104.06,2911.788,2512.976,2227.115,1929.713,1648.871,1544.642,1348.064,1291.085,1143.356,1147.294,1185.323,1116.577,1068.305,1079.092,1024.962,884.419,832.531,783.155,696.109,607.782,430.044,375.431,308.281,197.008,123.474,82.191,34.754,19.441,14.674,0,3.479,1.795,0,0,0,0,0,0,0,0,0,0,0,0,0,0,0,0,0,0,0,0,0,0,0,0,0,0,0,0,0,0,0,0,0,0,0,0.933,1.381,1.822,2.707,2.839,3.649,4.164,4.906,6.07,5.997,6.7,8.068,9.158,9.591,10.012,11.199,12.035,14.61,17.108,19.707,24.733,29.049,33.807,37.18,41.133,43.752,45.369,42.202,40.141,39.487,36.571,34.151,31.841,29.834,29.348,27.752,27.82,26.135,25.908,25.747,24.37,22.656,21.194,19.483,16.249,14.422,12.681,10.808,9.008,6.292,5.303,4.262,2.682,1.637,1.069,0.442,0.242,0.18,0,0.041,0.021,0,0,0,0,0
2026-09-25 01:15:00,1,"Normal Scan","Normal Scan",0,"ON",1,1,1,735.5,5,16.8,98.2,55.8,0.0000000675787,0.000018027,4.97,8976.18,8.8,736.5,1,"Up Scan","Positive",254,0,4.37,1.6,8,8,0,1,1,41.026,60.499,39.627,46.976,2.465,3455.84,59,15.6,NA,0,0,0,0,0,0,0,0,0,0,0,0,0,0,0,0,0,0,0,0,0,0,0,0,0,0,0,0,0,0,0,3460.977,3430.725,3353.15,3080.538,3038.823,2687.037,2654.137,2488.71,2555.242,2505.031,2471.742,2428.723,2377.004,2159.819,2119.376,2176.548,2284.183,2380.172,2642.617,2978.173,3366.402,3627.505,3873.769,3805.901,3868.276,3794.585,3449.63,3224.158,2795.554,2444.322,2296.585,1954.745,1781.947,1533.165,1314.044,1278.731,1254.365,1080.316,1021.134,1085.854,1066.314,966.949,971.484,897.946,901.364,807.018,643.444,538.218,502.934,362.278,277.744,204.635,137.478,90.708,45.758,24.305,14.109,5.107,3.479,1.808,0,0,0,0,0,0,0,0,0,0,0,0,0,0,0,0,0,0,0,0,0,0,0,0,0,0,0,0,0,0,0,0,0,0,0,1.1,1.434,2.037,2.712,3.213,4.001,4.36,5.163,5.71,6.793,7.615,8.539,9.411,10.311,10.427,11.373,12.944,14.932,17.103,20.507,24.84,29.958,34.236,38.674,40.175,42.956,44.263,42.583,41.682,38.124,35.292,35.194,32.279,30.689,29.057,27.196,27.146,27.306,24.748,24.094,23.815,21.786,20.264,18.714,16.325,15.45,13.152,10.191,8.09,7.383,5.113,3.872,2.786,1.841,1.179,0.584,0.302,0.173,0.061,0.041,0.021,0.017,0,0,0,0
2026-09-25 01:20:00,1,"Normal Scan","Normal Scan",0,"ON",1,1,1,735.4,5,16.6,98.2,55.9,0.0000000675192,0.0000180173,4.97,8976.18,8.8,736.5,1,"Up Scan","Positive",254,0,4.37,1.6,8,8,0,1,1,43.685,63.466,42.226,50.481,2.437,3220.57,59,15.6,NA,0,0,0,0,0,0,0,0,0,0,0,0,0,0,0,0,0,0,0,0,0,0,0,0,0,0,0,0,0,0,0,2308.247,2774.976,2543.063,2560.446,2501.736,2471.766,2384.821,2326.365,2298.411,2234.064,2082.828,1979.239,2076.863,1998.805,1955.098,1996.688,2057.9,2382.179,2630.344,3009.792,3284.65,3534.249,3566.979,3860.427,3838.011,3659.969,3453.621,3093.857,2786.561,2404.757,2168.363,1994.205,1726.593,1493.403,1403.327,1353.807,1216.975,1119.853,1084.759,1026.128,1003.367,947.028,990.132,926.184,853.555,808.572,718.12,544.339,467.547,364.446,286.702,205.566,118.422,69.602,47.48,36.138,14.661,5.052,3.52,3.576,0,0,0,0,0,0,0,0,0,0,0,0,0,0,0,0,0,0,0,0,0,0,0,0,0,0,0,0,0,0,0,0,0,0,0,0.747,0.946,1.633,2.021,2.687,3.312,4.011,4.617,5.339,6.11,6.788,7.195,7.7,9.026,9.688,10.523,11.918,13.551,17.001,20.434,25.049,29.221,33.478,35.827,40.661,42.53,42.798,42.46,40.248,38.111,35.215,33.499,32.536,30.436,28.297,28.137,27.97,27.14,25.401,24.661,23.181,21.708,19.271,18.904,16.713,14.846,12.975,11.109,8.305,6.889,5.171,3.965,2.835,1.571,0.902,0.606,0.451,0.18,0.061,0.041,0.041,0,0,0,0,0
2026-09-25 01:25:00,1,"Normal Scan","Normal Scan",0,"ON",1,1,1,735.4,5,16.7,98.2,55.9,0.000000067549,0.0000180222,4.97,8976.18,8.8,736.5,1,"Up Scan","Positive",254,0,4.37,1.6,8,8,0,1,1,44.069,64.155,42.621,46.976,2.442,3193.12,59,15.7,NA,0,0,0,0,0,0,0,0,0,0,0,0,0,0,0,0,0,0,0,0,0,0,0,0,0,0,0,0,0,0,0,2796.398,2605.62,2554.951,2100.835,2438.574,2317.038,2236.733,2147.216,2274.083,2098.722,2016.578,2059.76,1930.543,1820.065,2048.196,2033.573,2140.156,2433.051,2549.089,3007.733,3310.124,3651.578,3989.94,3801.993,3807.222,3547.843,3328.936,2966.72,2776.366,2391.243,2077.457,1991.386,1766.016,1566.216,1298.862,1247.89,1192.352,1092.475,1005.904,1046.334,1132.431,993.458,1019.055,912.478,859.597,817.882,665.891,576.21,518.658,380.128,315.162,207.852,133.361,81.116,50.311,23.409,13.395,8.503,3.52,1.781,0,0,0,0,0,0,0,0,0,0,0,0,0,0,0,0,0,0,0,0,0,0,0,0,0,0,0,0,0,0,0,0,0,0,0,0.863,1.146,1.533,2.057,2.187,3.214,3.751,4.365,4.918,6.037,6.401,6.973,7.997,8.412,8.839,11.012,12.142,14.085,17.466,19.856,25.039,29.36,34.266,39.563,40.048,42.138,41.477,41.192,38.908,37.966,34.479,32.333,32.597,30.466,29.375,27.254,26.979,26.798,25.138,23.702,23.469,23.483,20.511,19.549,16.933,14.859,13.291,10.5,8.621,7.583,5.373,4.402,2.847,1.787,1.056,0.642,0.292,0.164,0.101,0.041,0.021,0.017,0,0,0,0
2026-09-25 01:30:00,1,"Normal Scan","Normal Scan",0,"ON",1,1,1,735.8,5,17.2,98.2,56,0.0000000676977,0.0000180463,4.97,8976.18,8.8,736.5,1,"Up Scan","Positive",254,0,4.37,1.6,8,8,0,1,1,45.846,66.169,44.063,50.481,2.451,3009.55,58,16.2,NA,0,0,0,0,0,0,0,0,0,0,0,0,0,0,0,0,0,0,0,0,0,0,0,0,0,0,0,0,0,0,0,2900.85,2291.166,2174.23,2145.511,2155.154,2013.871,1959.311,1893.846,1855.727,1883.131,1681.353,1678.174,1719.526,1794.948,1634.372,1704.813,2114.579,2111.975,2508.53,2926.474,3103.587,3360.682,3655.785,3818.578,3610.325,3514.424,3441.608,3038.182,2560.593,2327.522,2169.233,1829.055,1722.123,1506.021,1263.694,1202.003,1201.504,1067.661,1024.501,1041.555,1069.235,1052.336,1015.002,916.466,880.823,788.274,702.304,580.561,482.551,413.524,278.991,249.646,99.609,76.711,55.001,22.115,13.031,3.396,0,0,0,0,0,0,0,0,0,0,0,0,0,0,0,0,0,0,0,0,0,0,0,0,0,0,0,0,0,0,0,0,0,0,0,0,0,0.696,1.193,1.374,1.746,2.249,2.851,3.293,3.822,4.332,4.937,5.728,5.811,6.551,7.488,8.718,8.879,10.251,13.824,15.241,19.578,24.29,27.684,31.947,36.49,39.93,40.099,41.099,42.228,39.416,35.228,33.695,33.407,30.363,30.041,28.511,26.453,26.541,27.059,24.651,24.037,23.471,22.91,20.861,19.564,16.673,15.554,12.549,10.915,8.754,7.025,5.836,3.844,3.373,1.338,0.998,0.7,0.276,0.16,0.04,0,0,0.017,0,0,0,0
2026-09-25 01:35:00,1,"Normal Scan","Normal Scan",0,"ON",1,1,1,735.7,5,17.1,98.2,56.3,0.0000000676679,0.0000180415,4.97,8976.18,8.8,736.5,1,"Up Scan","Positive",254,0,4.37,1.6,8,8,0,1,1,46.833,67.13,45.026,50.481,2.433,2996.11,59,15.9,NA,0,0,0,0,0,0,0,0,0,0,0,0,0,0,0,0,0,0,0,0,0,0,0,0,0,0,0,0,0,0,0,2475.131,2102.407,2068.366,2106.314,2211.341,1896.351,1864.275,1687.112,1849.546,1813.981,1679.33,1694.027,1708.786,1799.46,1691.548,1689.489,2039.859,2188.897,2342.165,2881.428,3038.997,3529.522,3592.323,3805.049,3750.895,3762.567,3415.439,3107.862,2812.831,2472.632,2138.921,1870.269,1626.392,1462.959,1362.591,1214.155,1133.081,1185.083,1098.734,1012.148,1028.381,977.291,1027.726,917.813,859.219,829.554,684.664,627.429,508.183,409.378,306.106,210.084,123.611,88.293,36.689,25.331,19.537,3.396,6.985,3.603,0,0,0,0,0,0,0,0,0,0,0,0,0,0,0,0,0,0,0,0,0,0,0,0,0,0,0,0,0,0,0,0,0,0,0,0.684,0.995,1.249,1.659,2.199,2.912,3.067,3.621,3.844,4.906,5.525,5.807,6.596,7.462,8.709,9.157,10.137,13.429,15.744,18.381,24.097,27.301,33.364,36.155,40.109,41.644,43.701,41.866,40.114,38.18,35.879,32.755,30.991,29.265,27.801,27.651,26.467,26.072,26.591,25.11,23.153,22.423,20.243,19.822,16.854,14.894,13.332,10.761,9.351,7.476,5.786,4.255,2.905,1.637,1.145,0.467,0.315,0.239,0.04,0.082,0.041,0,0,0,0,0
2026-09-25 01:40:00,1,"Normal Scan","Normal Scan",0,"ON",1,1,1,735.6,5,16.9,98.2,56.1,0.0000000676084,0.0000180318,4.97,8976.18,8.8,736.5,1,"Up Scan","Positive",254,0,4.37,1.6,8,8,0,1,1,45.924,66.415,44.286,58.294,2.441,3047.78,59,15.7,NA,0,0,0,0,0,0,0,0,0,0,0,0,0,0,0,0,0,0,0,0,0,0,0,0,0,0,0,0,0,0,0,2375.075,2262.114,2190.64,2112.281,2012.777,2081.993,2033.655,2192.297,1880.529,1979.359,2061.466,1913.876,1734.588,1795.174,1702.053,1809.959,2033.556,2235.048,2512.955,2810.474,3068.569,3358.055,3555.031,3760.083,3764.411,3789.114,3270.007,3122.032,2683.402,2410.542,2162.399,1967.877,1672.855,1496.089,1276.604,1237.949,1204.412,1121.009,1068.256,1085.802,1018.87,955.796,1012.3,914.611,900.479,811.275,692.451,664.835,488.09,399.555,300.563,234.158,151.459,84.093,50.34,18.951,14.647,5.052,5.246,1.808,0,0,0,0,0,0,0,0,0,0,0,0,0,0,0,0,0,0,0,0,0,0,0,0,0,0,0,0,0,0,0,0,0,0,0,0.81,0.946,1.334,1.772,2.237,2.662,3.363,3.965,5.019,5.011,6.026,7.118,7.441,7.577,8.718,9.202,10.836,13.335,16.03,19.55,23.576,27.581,31.795,35.639,39.649,41.725,44.148,40.306,40.461,36.734,34.871,33.302,32.206,29.557,28.621,26.586,26.628,26.968,25.886,24.995,24.057,22.029,20.421,19.533,16.911,15.624,13.382,10.827,9.943,7.111,5.652,4.183,3.189,2.025,1.094,0.642,0.237,0.18,0.061,0.061,0.021,0.017,0,0,0,0
2026-09-25 01:45:00,1,"Normal Scan","Normal Scan",0,"ON",1,1,1,735.4,5,16.7,98.2,56,0.000000067549,0.0000180222,4.97,8976.18,8.8,736.5,1,"Up Scan","Positive",254,0,4.37,1.6,8,8,0,1,1,45.668,66.5,43.842,54.247,2.473,3002.58,59,15.7,NA,0,0,0,0,0,0,0,0,0,0,0,0,0,0,0,0,0,0,0,0,0,0,0,0,0,0,0,0,0,0,0,2390.026,2463.237,2626.654,2064.012,2060.42,2180.841,2056.267,2173.969,1932.954,2006.611,1961.493,1718.722,1766.561,1687.682,1602.255,1669.102,1841.698,2169.508,2208.542,2690.788,3022.583,3398.581,3656.633,3682.213,3732.473,3430.466,3229.431,2911.327,2633.708,2410.722,2150.761,1848.837,1645.869,1426.737,1262.124,1185.53,1119.019,1139.455,1097.373,1047.941,1025.933,915.738,977.778,975.841,794.515,768.827,792.396,652.587,578.329,450.066,302.621,264.82,130.26,64.84,32.085,37.904,8.145,5.052,0,1.808,0,0,0,0,0,0,0,0,0,0,0,0,0,0,0,0,0,0,0,0,0,0,0,0,0,0,0,0,0,0,0,0,0,0,0,0.799,0.984,1.433,2.12,2.139,2.699,3.54,3.999,4.97,5.137,6.109,6.76,6.687,7.693,8.175,8.684,10.057,12.188,15.635,17.384,22.622,26.98,32.096,36.353,38.785,41.4,40.288,39.841,37.675,36.105,34.706,32.811,30.901,29.07,27.562,26.312,25.525,26.041,26.427,24.837,23.869,22.787,20.109,19.429,17.688,14.445,12.545,12.05,9.705,8.446,6.349,4.175,3.594,1.73,0.845,0.409,0.473,0.1,0.061,0,0.021,0,0,0,0,0
2026-09-25 01:50:00,1,"Normal Scan","Normal Scan",0,"ON",1,1,1,735.7,5,17,98.2,55.6,0.0000000676382,0.0000180366,4.97,8976.18,8.8,736.5,1,"Up Scan","Positive",254,0,4.37,1.6,8,8,0,1,1,45.621,66.313,43.524,54.247,2.49,2973.78,58,16,NA,0,0,0,0,0,0,0,0,0,0,0,0,0,0,0,0,0,0,0,0,0,0,0,0,0,0,0,0,0,0,0,2953.445,2507.019,2346.955,2198.323,2397.89,2013.188,2166.288,1967.371,1798.566,1941.716,1837.229,1681.977,1627.439,1695.916,1595.194,1656.131,1845.641,1994.132,2361.596,2538.432,2926.389,3246.947,3463.536,3577.03,3603.48,3521.182,3241.464,2954.129,2640.531,2329.287,2015.184,1870.764,1567.056,1501.317,1310.616,1267.455,1102.479,1063.744,1050.507,1103.426,1039.964,972.616,1004.953,944.691,853.419,736.187,726.502,665.87,506.318,376.664,303.183,190.034,155.646,93.02,43.099,34.37,19.588,6.694,1.767,5.361,0,0,0,0,0,0,0,0,0,0,0,0,0,0,0,0,0,0,0,0,0,0,0,0,0,0,0,0,0,0,0,0,0,0,0,0.749,1.208,1.477,1.888,2.289,3.15,3.275,4.216,4.492,4.793,5.899,6.319,6.535,7.08,8.213,8.61,9.907,12.154,14.422,18.404,21.407,26.225,30.763,34.78,37.771,39.858,41.067,39.921,38.201,36.293,33.919,31.263,30.706,27.9,28.92,27.122,26.908,25.613,25.215,23.979,24.247,22.526,20.608,19.388,17.15,14.783,12.354,11.398,9.938,7.473,5.402,4.163,2.63,2.082,1.209,0.55,0.429,0.24,0.081,0.02,0.062,0.017,0,0,0,0
2026-09-25 01:55:00,1,"Normal Scan","Normal Scan",0,"ON",1,1,1,735.9,5,17.3,98.2,55.8,0.0000000677274,0.0000180511,4.97,8976.18,8.8,736.5,1,"Up Scan","Positive",254,0,4.37,1.6,8,8,0,1,1,46.003,66.82,43.874,54.247,2.494,2954.03,57,16.1,NA,0,0,0,0,0,0,0,0,0,0,0,0,0,0,0,0,0,0,0,0,0,0,0,0,0,0,0,0,0,0,0,2719.693,2706.815,2537.688,1987.157,2139.322,2199.613,2067.788,2100.223,1638.467,1830.225,1772.136,1627.285,1528.829,1728.732,1668.392,1725.986,1791.083,1982.403,2198.289,2492.533,2786.219,3382.706,3355.506,3417.842,3585.048,3520.401,3341.17,3040.461,2604.073,2446.706,1974.699,1885.205,1604.689,1412.884,1351.83,1239.722,1121.35,1066.845,1100.821,1092.396,1030.446,1009.248,1023.802,966.944,915.029,753.876,704.189,624.95,458.803,383.192,286.924,229.428,182.327,82.043,47.365,20.473,19.589,11.802,1.74,3.589,0,0,0,0,0,0,0,0,0,0,0,0,0,0,0,0,0,0,0,0,0,0,0,0,0,0,0,0,0,0,0,0,0,0,0,0.884,1.131,1.611,2.044,2.066,2.812,3.563,4.016,4.832,4.358,5.568,6.119,6.343,6.661,8.376,8.969,10.288,11.882,14.271,17.19,21.048,25.114,32.047,33.788,36.308,39.802,40.96,41.147,39.107,35.621,35.525,30.871,30.671,28.971,27.377,27.871,26.787,25.808,25.297,25.285,23.828,22.324,20.902,19.517,17.441,15.801,12.879,10.951,9.393,6.704,5.504,3.984,3.128,2.432,1.068,0.603,0.256,0.239,0.141,0.02,0.041,0.017,0,0,0,0
2026-09-25 02:00:00,1,"Normal Scan","Normal Scan",0,"ON",1,1,1,735.7,5,17,98.2,55.5,0.0000000676382,0.0000180366,4.97,8976.18,8.8,736.5,1,"Up Scan","Positive",254,0,4.37,1.6,8,8,0,1,1,46.462,67.123,44.543,54.247,2.465,2933.33,57,15.9,NA,0,0,0,0,0,0,0,0,0,0,0,0,0,0,0,0,0,0,0,0,0,0,0,0,0,0,0,0,0,0,0,2396.802,2499.971,2234.979,1979.325,2047.993,2178.666,1888.381,1829.064,1902.326,1671.117,1740.94,1632.944,1729.911,1693.613,1756.509,1718.67,1893.503,2013.295,2362.851,2535.531,2842.182,3247.146,3444.925,3500.494,3567.487,3510.264,3316.558,3024.829,2671.069,2334.679,2101.991,1812.137,1618.93,1533.029,1352.785,1259.635,966.549,1101.71,1148.63,1101.402,966.279,1056.282,1083.256,1001.15,870.273,760.274,707.308,583.229,473.917,382.504,305.073,219.369,104.03,84.75,60.85,25.243,13.032,3.354,3.507,0,0,0,0,0,0,0,0,0,0,0,0,0,0,0,0,0,0,0,0,0,0,0,0,0,0,0,0,0,0,0,0,0,0,0,0,0.727,0.984,1.501,1.828,2.076,2.686,3.526,3.664,4.193,5.055,5.124,5.987,6.349,7.523,8.218,9.428,10.254,12.456,14.52,18.363,21.34,25.586,30.914,34.575,37.113,39.622,41.019,40.749,39.007,36.713,34.181,32.095,29.746,29.313,29.45,27.28,27.341,24.058,25.849,25.436,24.393,20.95,21.362,20.179,18.225,15.152,12.226,11.06,8.854,6.961,5.407,4.206,2.976,1.432,1.103,0.777,0.315,0.16,0.04,0.041,0,0.051,0,0,0,0
2026-09-25 02:05:00,1,"Normal Scan","Normal Scan",0,"ON",1,1,1,735.7,5,17,98.2,54.9,0.0000000676382,0.0000180366,4.97,8976.18,8.8,736.5,1,"Up Scan","Positive",254,0,4.37,1.6,8,8,0,1,1,45.989,66.768,43.712,54.247,2.501,2973.95,57,15.9,NA,0,0,0,0,0,0,0,0,0,0,0,0,0,0,0,0,0,0,0,0,0,0,0,0,0,0,0,0,0,0,0,3098.308,2580.292,2286.816,2352.499,2316.031,2211.087,2099.012,1915.304,1775.598,1830.024,1561.334,1655.558,1502.299,1610.333,1620.246,1742.111,1822.171,2000.114,2298.943,2591.205,3019.785,3049.341,3388.954,3551.995,3567.347,3387.421,3269.266,3065.41,2749.126,2377.304,2078.362,1968.985,1719.22,1495.949,1429.082,1214.708,1085.263,1124.495,909.137,1055.313,980.428,995.167,1007.589,932.395,915.068,831.436,712.034,604.987,496.814,431.063,285.292,228.446,126.673,108.172,65.458,34.593,21.151,6.778,7.027,0,0,0,0,0,0,0,0,0,0,0,0,0,0,0,0,0,0,0,0,0,0,0,0,0,0,0,0,0,0,0,0,0,0,0,0,0.789,1.27,1.546,1.834,2.461,3.051,3.559,4.082,4.372,4.738,5.565,5.405,6.451,6.561,7.813,8.751,10.443,11.976,14.426,17.932,21.786,26.929,29.116,34.259,37.553,39.74,39.8,40.507,39.754,37.639,34.528,32.012,31.957,29.795,28.255,28.502,26.53,25.449,25.785,22.798,23.782,21.794,20.426,19.875,17.095,15.901,13.493,11.372,9.268,7.292,6.105,3.99,3.125,1.678,1.408,0.837,0.434,0.259,0.081,0.082,0,0,0,0,0,0
2026-09-25 02:10:00,1,"Normal Scan","Normal Scan",0,"ON",1,1,1,736,5,17.4,98.2,54.8,0.0000000677571,0.0000180559,4.97,8976.18,8.8,736.5,1,"Up Scan","Positive",254,0,4.37,1.6,8,8,0,1,1,46.546,66.957,44.133,54.247,2.486,2912.72,56,16.1,NA,0,0,0,0,0,0,0,0,0,0,0,0,0,0,0,0,0,0,0,0,0,0,0,0,0,0,0,0,0,0,0,2556.003,2490.555,2324.746,2217.157,2170.201,2202.426,1927.595,1956.419,1821.518,1810.563,1685.483,1660.811,1624.049,1604.181,1671.503,1544.891,1637.145,2001.899,2023.103,2556.533,2879.288,3041.771,3367.402,3470.776,3607.597,3493.573,3294.765,3021.731,2698.741,2446.709,2068.695,1833.762,1634.411,1417.775,1217.072,1253.392,1118.614,1043.18,996.131,1054.947,1122.648,1057.51,1022.717,947.084,919.513,754.579,687.789,570.299,492.426,353.457,302.701,205.858,125.165,84.174,45.821,34.145,18.614,10.118,0,5.439,0,0,0,0,0,0,0,0,0,0,0,0,0,0,0,0,0,0,0,0,0,0,0,0,0,0,0,0,0,0,0,0,0,0,0,0.654,1.056,1.486,1.881,2.307,2.846,3.555,3.771,4.471,4.843,5.505,5.814,6.438,7.061,7.764,8.993,9.306,10.843,14.427,15.992,21.536,25.847,29.091,33.924,36.881,40.116,40.815,40.381,39.019,36.737,34.992,32.112,30.144,28.871,27.427,26.15,27.293,25.797,24.495,23.853,23.202,23.418,21.248,19.22,17.275,15.788,12.323,10.723,8.673,7.239,5.079,4.193,2.814,1.678,1.094,0.584,0.426,0.227,0.121,0,0.062,0,0,0,0,0
2026-09-25 02:15:00,1,"Normal Scan","Normal Scan",0,"ON",1,1,1,735.7,5,17.1,98.2,54.7,0.0000000676679,0.0000180415,4.97,8976.18,8.8,736.5,1,"Up Scan","Positive",254,0,4.37,1.6,8,8,0,1,1,47.149,68.386,45.168,50.481,2.482,2847.5,57,15.9,NA,0,0,0,0,0,0,0,0,0,0,0,0,0,0,0,0,0,0,0,0,0,0,0,0,0,0,0,0,0,0,0,2174.664,2372.672,2368.473,2142.22,1719.68,2009.414,1971.885,1925.132,1677.793,1688.86,1585.634,1550.663,1667.703,1611.241,1448.309,1482.641,1769.365,1855.572,2250.367,2508.664,2852.871,3089.1,3444.607,3542.781,3402.268,3433.781,3187.959,2876.094,2608.174,2346.924,2020.464,1850.513,1586.761,1456.94,1282.816,1167.238,1090.648,1090.979,1040.986,974.809,1071.45,1098.027,1036.246,999.405,929.205,791.318,766.125,604.48,455.975,409.761,292.783,207.162,130.699,98.316,41.229,26.812,16.276,11.616,3.681,1.795,0,0,0,0,0,0,0,0,0,0,0,0,0,0,0,0,0,0,0,0,0,0,0,0,0,0,0,0,0,0,0,0,0,0,0,0.997,0.894,1.405,1.9,2.239,2.264,3.245,3.832,4.415,4.47,5.129,5.479,6.035,7.245,7.82,7.86,8.949,11.666,13.508,17.595,21.071,25.621,29.354,34.473,37.469,37.941,40.077,39.294,37.265,35.759,34.048,31.091,30.445,28.415,27.878,26.877,26.392,25.818,25.69,24.354,22.75,23.116,21.737,19.828,18.119,15.863,12.944,11.993,9.041,6.712,5.819,4.108,2.815,1.751,1.28,0.525,0.335,0.2,0.139,0.044,0.021,0.017,0,0,0,0
2026-09-25 02:20:00,1,"Normal Scan","Normal Scan",0,"ON",1,1,1,735.5,5,16.8,98.2,54.5,0.0000000675787,0.000018027,4.97,8976.18,8.8,736.5,1,"Up Scan","Positive",254,0,4.37,1.6,8,8,0,1,1,47.271,68.449,44.872,54.247,2.51,2847.54,57,15.6,NA,0,0,0,0,0,0,0,0,0,0,0,0,0,0,0,0,0,0,0,0,0,0,0,0,0,0,0,0,0,0,0,2361.354,2582.248,2437.19,2109.035,2234.85,2035.134,1904.196,1688.016,1912.906,1602.739,1564.21,1521.598,1612.656,1442.727,1464.586,1549.283,1778.376,1852.966,1982.077,2465.083,2676.25,2982.569,3163.771,3343.108,3522.616,3330.221,3193.089,2864.964,2625.647,2393.264,2080.107,1864.001,1577.06,1465.108,1428.212,1208.05,1142.453,1089.442,1080.904,1153.245,1046.395,1061.818,993.459,974.689,902.367,761.275,714.379,590.961,515.605,405.059,305.908,229.753,132.314,96.001,59.638,30.002,10.784,5.676,0,0,0,0,0,0,0,0,0,0,0,0,0,0,0,0,0,0,0,0,0,0,0,0,0,0,0,0,0,0,0,0,0,0,0,0,0,0.675,0.959,1.521,1.959,2.224,2.938,3.288,3.69,3.887,5.076,4.886,5.395,5.931,7.002,6.988,7.93,9.268,11.678,13.394,15.609,20.816,24.114,28.494,31.95,35.634,39.3,39.069,39.324,37.202,36.411,34.674,32.166,30.675,28.537,28.605,28.854,26.663,26.19,25.475,25.003,24.986,22.81,21.418,19.417,17.742,15.656,12.469,11.228,8.996,7.551,5.751,4.206,3.103,1.773,1.248,0.759,0.375,0.132,0.068,0,0,0.017,0,0,0,0
2026-09-25 02:25:00,1,"Normal Scan","Normal Scan",0,"ON",1,1,1,735.8,5,17.2,98.2,54,0.0000000676977,0.0000180463,4.97,8976.18,8.8,736.5,1,"Up Scan","Positive",254,0,4.37,1.6,8,8,0,1,1,46.613,67.799,44.086,50.481,2.534,2878.45,57,16,NA,0,0,0,0,0,0,0,0,0,0,0,0,0,0,0,0,0,0,0,0,0,0,0,0,0,0,0,0,0,0,0,2868.817,2819.264,2855.018,2339.273,2042.092,1989.983,1813.719,1845.089,1819.947,1720.511,1483.611,1582.261,1465.612,1386.419,1443.007,1517.095,1665.619,1788.448,2125.543,2390.292,2865.802,3032.773,3187.874,3435.374,3355.413,3213.409,3129.83,3092.375,2578.04,2463.739,2022.52,1919.288,1608.601,1413.02,1279.528,1156.522,1164.362,1065.935,1059.887,1055.003,1118.871,1108.184,981.551,1048.625,944.926,835.401,705.766,634.646,470.542,375.512,272.828,224.909,126.446,82.901,54.89,30.002,19.671,8.406,0,5.384,0,0,0,0,0,0,0,0,0,0,0,0,0,0,0,0,0,0,0,0,0,0,0,0,0,0,0,0,0,0,0,0,0,0,0,0.893,1.183,1.676,2.301,2.424,2.689,3.23,3.53,4.21,4.829,5.249,5.133,6.154,6.378,6.759,7.802,9.142,11.008,12.948,16.673,20.1,25.572,28.873,32.378,36.354,37.658,37.901,38.685,39.843,35.207,35.349,31.588,31.362,28.902,27.332,27.351,26.361,26.367,25.827,24.776,23.828,23.527,22.381,18.687,18.624,16.239,13.552,11.013,9.599,6.897,5.418,3.76,3.086,1.694,1.078,0.7,0.375,0.239,0.101,0,0.062,0.017,0,0,0,0
2026-09-25 02:30:00,1,"Normal Scan","Normal Scan",0,"ON",1,1,1,735.9,5,17.3,98.2,54.4,0.0000000677274,0.0000180511,4.97,8976.18,8.8,736.5,1,"Up Scan","Positive",254,0,4.37,1.6,8,8,0,1,1,47.266,68.122,45.072,54.247,2.48,2802.29,57,16,NA,0,0,0,0,0,0,0,0,0,0,0,0,0,0,0,0,0,0,0,0,0,0,0,0,0,0,0,0,0,0,0,2247.857,2020.252,2344.096,2193.267,1982.638,1972.866,1761.929,1862.639,1805.101,1636.113,1595.541,1560.198,1567.276,1501.129,1606.629,1555.33,1733.938,1946.361,2132.186,2271.356,2763.123,2892.552,3318.857,3385.623,3473.747,3339.674,3263.791,2955.198,2543.836,2329.127,1995.907,1678.605,1509.609,1366.189,1289.832,1170.323,1118.734,1154.863,1109.301,1112.803,1039.865,1043.031,1008.919,968.36,869.833,741.078,712.777,587.513,497.577,356.216,259.834,207.291,127.597,84.454,58.532,25.291,9.869,0,6.986,0,0,0,0,0,0,0,0,0,0,0,0,0,0,0,0,0,0,0,0,0,0,0,0,0,0,0,0,0,0,0,0,0,0,0,0,0.653,0.923,1.19,1.866,2.286,2.613,3.193,3.409,4.267,4.773,4.991,5.495,6.064,6.839,7.288,8.623,9.308,11.392,14.011,16.694,19.294,24.821,27.787,33.41,35.792,38.661,38.903,39.828,38.021,34.948,33.74,30.998,28.536,27.635,27.054,26.731,25.984,25.777,26.365,24.946,24.149,22.186,21.015,19.258,17.196,14.952,12.149,11.14,8.863,7.227,5.05,3.615,2.817,1.71,1.1,0.746,0.315,0.12,0,0.082,0,0.017,0,0,0,0
2026-09-25 02:35:00,1,"Normal Scan","Normal Scan",0,"ON",1,1,1,735.7,5,17,98.2,54.5,0.0000000676382,0.0000180366,4.97,8976.18,8.8,736.5,1,"Up Scan","Positive",254,0,4.37,1.6,8,8,0,1,1,43.921,64.598,41.999,50.481,2.506,3051.08,58,15.6,NA,0,0,0,0,0,0,0,0,0,0,0,0,0,0,0,0,0,0,0,0,0,0,0,0,0,0,0,0,0,0,0,3116.763,2232.472,2482.758,2520.171,2532.994,2671.679,2503.875,2535.574,2368.292,2103.089,1900.707,1867.708,1778.313,1854.657,1744.462,1853.971,1846.524,1989.397,2128.381,2404.692,2704.548,3060.568,3214.801,3574.577,3294.014,3404.453,3271.426,3015.917,2736.505,2353.289,2110.775,1824.392,1568.717,1430.379,1273.485,1142.454,1162.909,1165.088,1120.464,1119.525,1055.663,1106.438,1049.409,883.594,900.472,739.032,682.024,589.974,433.566,344.012,307.275,215.58,146.876,87.236,48.815,33.091,13.004,10.146,1.726,1.795,0,0,0,0,0,0,0,0,0,0,0,0,0,0,0,0,0,0,0,0,0,0,0,0,0,0,0,0,0,0,0,0,0,0,0,0.747,1.27,1.334,1.996,2.625,3.324,4.327,4.857,5.788,6.288,6.388,6.555,7.265,7.727,8.934,9.334,10.967,12.111,14.291,16.729,20.233,24.37,29.29,32.49,37.87,37.069,39.857,40.179,38.883,37.126,34.157,32.542,30.428,28.568,27.859,26.724,25.854,26.498,26.052,25.193,24.117,22.745,21.639,19.416,16.417,15.564,12.256,10.716,8.95,6.395,4.882,4.277,2.93,1.968,1.134,0.621,0.414,0.16,0.121,0.02,0.021,0.017,0,0,0,0
2026-09-25 02:40:00,1,"Normal Scan","Normal Scan",0,"ON",1,1,1,735.5,5,16.8,98.2,54.5,0.0000000675787,0.000018027,4.97,8976.18,8.8,736.5,1,"Up Scan","Positive",254,0,4.37,1.6,8,8,0,1,1,31.568,56.108,36.611,21.288,2.398,3939.14,59,15.5,NA,0,0,0,0,0,0,0,0,0,0,0,0,0,0,0,0,0,0,0,0,0,0,0,0,0,0,0,0,0,0,0,3305.869,3313.303,3171.838,2932.587,2840.529,3149.17,3323.797,3442.604,3227.116,3462.997,4481.631,5048.605,4755.029,4936.203,4617.44,3816.719,3314.832,3001.419,2781.708,2870.625,2936.632,3282.428,3301.257,3455.869,3467.049,3432.637,3147.997,2976.755,2558.736,2330.046,2175.497,1759.843,1631.697,1506.082,1297.264,1274.078,1188.377,1156.635,1129.533,1165.555,1124.603,1127.113,1099.781,960.728,954.189,761.521,728.056,604.803,470.897,355.908,315.348,236.443,152.512,84.276,36.745,33.706,19.009,13.527,5.218,0,0,0,0,0,0,0,0,0,0,0,0,0,0,0,0,0,0,0,0,0,0,0,0,0,0,0,0,0,0,0,0,0,0,0,0,0.756,1.336,1.969,2.558,3.099,3.763,5.124,6.503,7.922,8.621,10.628,15.508,19.498,20.404,23.416,24.122,21.952,21.046,20.91,21.25,23.803,26.256,31.011,33.256,36.52,38.756,40.25,38.765,38.666,35.354,33.952,33.695,29.904,29.538,29.191,27.64,27.939,27.378,26.601,25.876,25.129,23.721,22.498,20.453,17.508,16.583,12.699,11.325,9.075,6.976,5.098,4.43,3.205,2.038,1.095,0.466,0.421,0.233,0.162,0.061,0,0.017,0,0,0,0
2026-09-25 02:45:00,1,"Normal Scan","Normal Scan",0,"ON",1,1,1,735.9,5,17.3,98.2,54.6,0.0000000677274,0.0000180511,4.97,8976.18,8.8,736.5,1,"Up Scan","Positive",254,0,4.37,1.6,8,8,0,1,1,27.496,51.046,32.989,18.434,2.388,4410.7,58,16.1,NA,0,0,0,0,0,0,0,0,0,0,0,0,0,0,0,0,0,0,0,0,0,0,0,0,0,0,0,0,0,0,0,3577.56,4147.992,3821.382,3857.028,4655.506,4850.468,5531.294,5820.943,5634.008,6200.727,5533.163,4726.899,4205.923,3933.152,3907.638,3660.759,3698.114,3229.509,2946.8,3026.544,3001.471,3216.765,3415.08,3529.192,3339.415,3362.082,3215.96,2905.325,2685.249,2428.895,2129.004,1958.897,1642.748,1495.387,1301.929,1246.718,1222.859,1188.412,1181.12,1066.127,1196.687,1012.871,992.919,999.619,861.245,767.345,660.168,533.329,445.51,392.774,261.82,192.407,123.36,78.326,59.503,37.97,11.458,8.378,5.232,3.589,0,0,0,0,0,0,0,0,0,0,0,0,0,0,0,0,0,0,0,0,0,0,0,0,0,0,0,0,0,0,0,0,0,0,0,0.924,1.469,2.449,3.112,4.06,6.141,7.831,10.746,13.315,14.963,18.833,18.977,18.256,18.107,18.747,20.491,21.102,23.318,22.426,22.422,24.883,26.756,30.527,34.2,37.432,37.515,39.502,39.917,37.795,36.738,35.195,33.094,32.45,29.742,28.652,27.676,26.904,27.059,26.73,25.937,23.591,23.986,20.219,18.936,17.885,14.762,12.469,10.373,8.165,6.602,5.611,3.635,2.644,1.65,1.017,0.759,0.473,0.14,0.101,0.061,0.041,0.017,0,0,0,0
2026-09-25 02:50:00,1,"Normal Scan","Normal Scan",0,"ON",1,1,1,735.8,5,17.2,98.2,55.1,0.0000000676977,0.0000180463,4.97,8976.18,8.8,736.5,1,"Up Scan","Positive",254,0,4.37,1.6,8,8,0,1,1,32.388,56.555,36.591,21.288,2.436,3738.27,58,15.9,NA,0,0,0,0,0,0,0,0,0,0,0,0,0,0,0,0,0,0,0,0,0,0,0,0,0,0,0,0,0,0,0,3443.326,3112.442,2874.428,2780.731,3042.363,3324.116,3645.19,3828.569,4203.704,4048.703,4145.286,4242.9,3863.062,3516.929,3275.603,2981.782,2673.298,2567.566,2504.727,2419.668,2766.012,3015.544,3151.832,3278.112,3446.97,3399.155,3123.064,2927.405,2762.493,2466.895,2079.113,1815.691,1652.854,1390.356,1328.263,1261.634,1206.01,1085.656,1100.069,1096.896,1183.893,1110.953,1093.72,968.568,872.632,758.639,642.088,568.021,419.514,361.239,263.729,177.039,168.437,78.418,54.789,14.187,19.575,10.118,5.274,5.411,0,0,0,0,0,0,0,0,0,0,0,0,0,0,0,0,0,0,0,0,0,0,0,0,0,0,0,0,0,0,0,0,0,0,0,0.965,1.407,1.857,2.333,2.91,4.002,5.412,7.113,8.787,11.142,12.285,14.271,16.365,16.58,16.745,17.164,17.26,17.104,18.009,19.267,20.371,24.885,28.766,31.954,35.057,38.638,39.702,38.699,37.979,37.548,35.762,32.306,30.455,29.484,27.4,27.954,27.727,27.273,25.303,24.628,23.736,23.863,21.708,20.317,17.312,14.72,12.772,10.064,8.636,6.097,5.169,3.679,2.472,2.233,1.02,0.698,0.177,0.239,0.121,0.061,0.062,0,0,0,0,0
2026-09-25 02:55:00,1,"Normal Scan","Normal Scan",0,"ON",1,1,1,735.6,5,16.9,98.2,55.1,0.0000000676084,0.0000180318,4.97,8976.18,8.8,736.5,1,"Up Scan","Positive",254,0,4.37,1.6,8,8,0,1,1,43.471,65.207,42.749,54.247,2.47,3008.3,59,15.6,NA,0,0,0,0,0,0,0,0,0,0,0,0,0,0,0,0,0,0,0,0,0,0,0,0,0,0,0,0,0,0,0,1715.012,2293.719,2196.018,2284.936,2140.652,2444.436,2229.882,2549.921,2486.888,2430.102,2401.32,2331.9,2211.175,2121.482,2153.117,1962.026,1880.241,1979.548,2131.807,2380.348,2650.903,2859.539,3136.662,3195.915,3307.819,3105.811,3056.33,3025.843,2624.574,2339.823,2027.022,1900.739,1606.565,1302.439,1335.064,1229.514,1138.295,1198.058,1104.19,1193.84,1076.097,1064.425,949.837,927.455,940.301,724.386,682.48,522.844,470.764,372.009,292.359,208.079,157.334,93.849,55.059,31.563,22.961,5.01,5.218,0,0,0,0,0,0,0,0,0,0,0,0,0,0,0,0,0,0,0,0,0,0,0,0,0,0,0,0,0,0,0,0,0,0,0,0,0.696,0.719,1.361,1.759,2.411,2.826,3.976,4.34,5.849,6.616,7.42,8.257,9.034,9.555,10.179,11.423,11.57,12.252,14.181,16.605,19.987,23.745,27.368,31.868,34.149,37.048,36.701,37.951,38.95,35.893,33.944,31.794,31.475,28.988,26.348,27.718,26.869,25.654,26.479,25.323,25.244,22.55,21.175,18.55,16.927,16.043,12.233,10.727,8.006,6.925,5.379,4.06,2.817,2.107,1.223,0.701,0.394,0.279,0.061,0.061,0,0.017,0,0,0,0
2026-09-25 03:00:00,1,"Normal Scan","Normal Scan",0,"ON",1,1,1,735.5,5,16.8,98.2,54.8,0.0000000675787,0.000018027,4.97,8976.18,8.8,736.5,1,"Up Scan","Positive",254,0,4.37,1.6,8,8,0,1,1,43.282,64.847,42.206,58.294,2.495,2982.44,59,15.6,NA,0,0,0,0,0,0,0,0,0,0,0,0,0,0,0,0,0,0,0,0,0,0,0,0,0,0,0,0,0,0,0,2375.887,2443.203,2448.145,2257.377,2482.604,2216.621,2325.34,2420.396,2169.669,2314.756,2180.446,2225.884,2064.632,2046.107,1821.652,2027.779,1797.847,1924.106,2162.13,2318.2,2675.257,2961.811,3076.72,3214.856,3272.796,3311.232,3042.634,2805.823,2621.384,2254.314,1917.42,1750.134,1419.357,1372.834,1307.801,1185.807,1207.667,1110.135,1215.424,1079.475,1117.922,1061.72,1064.898,1016.618,812.666,717.345,636.131,551.434,449.061,336.245,256.546,225.859,144.971,87.196,61.286,36.071,24.461,10.118,1.753,0,0,0,0,0,0,0,0,0,0,0,0,0,0,0,0,0,0,0,0,0,0,0,0,0,0,0,0,0,0,0,0,0,0,0,0,0.675,0.984,1.458,1.971,2.364,3.261,3.596,4.521,5.553,5.782,7.027,7.519,8.624,8.911,9.851,9.725,11.953,11.79,13.787,16.825,19.548,24.094,28.169,31.089,34.262,36.592,38.616,37.387,36.283,35.779,33.051,30.145,29.404,26.892,27.266,27.3,26.162,27.237,25.778,26.094,23.263,22.991,21.036,19.76,17.968,14.397,11.992,10.106,8.402,6.689,4.849,3.572,3.057,1.921,1.137,0.782,0.45,0.299,0.121,0.02,0,0,0,0,0,0
2026-09-25 03:05:00,1,"Normal Scan","Normal Scan",0,"ON",1,1,1,735.9,5,17.3,98.2,55,0.0000000677274,0.0000180511,4.97,8976.18,8.8,736.5,1,"Up Scan","Positive",254,0,4.37,1.6,8,8,0,1,1,41.719,63.859,41.507,54.247,2.481,3069.03,57,16.1,NA,0,0,0,0,0,0,0,0,0,0,0,0,0,0,0,0,0,0,0,0,0,0,0,0,0,0,0,0,0,0,0,2197.235,2539.544,2001.632,2643.037,2408.542,2352.459,2477.514,2462.424,2543.804,2453.166,2482.208,2676.42,2402.475,2407.4,2273.441,1981.964,2059.673,2096.116,2261.863,2273.596,2520.847,2792.506,3042.675,3210.109,3286.505,3277.447,3057.047,2930.418,2589.548,2398.87,1988.568,1842.815,1507.79,1320.61,1203.659,1146.507,1080.147,1074.247,1101.083,1087.057,1097,989.324,1056.256,980.655,879.965,835.438,640.045,556.187,481.041,396.301,275.894,216.73,127.802,87.1,71.647,33.112,21.245,3.354,5.191,1.808,0,0,0,0,0,0,0,0,0,0,0,0,0,0,0,0,0,0,0,0,0,0,0,0,0,0,0,0,0,0,0,0,0,0,0,0.779,0.894,1.51,1.61,2.748,3.189,3.826,4.819,5.645,6.773,7.485,8.554,10.362,10.377,11.526,12.023,11.657,13.323,14.904,17.49,19.213,22.837,26.758,30.872,34.235,36.864,38.476,37.645,37.63,35.331,34.37,30.797,30.243,27.497,26.347,25.941,25.56,25.375,25.059,25.396,24.157,22.434,20.337,19.999,17.869,15.172,13.544,10.209,8.562,7.077,5.657,3.843,2.942,1.729,1.132,0.914,0.414,0.259,0.04,0.061,0.021,0.033,0,0,0,0
2026-09-25 03:10:00,1,"Normal Scan","Normal Scan",0,"ON",1,1,1,735.7,5,17,98.2,55,0.0000000676382,0.0000180366,4.97,8976.18,8.8,736.5,1,"Up Scan","Positive",254,0,4.37,1.6,8,8,0,1,1,41.663,64.403,42.067,54.247,2.469,3080.06,57,15.8,NA,0,0,0,0,0,0,0,0,0,0,0,0,0,0,0,0,0,0,0,0,0,0,0,0,0,0,0,0,0,0,0,2016.489,2364.463,2295.772,2638.768,2182.934,2253.256,2231.518,2416.621,2269.009,2440.814,2311.595,2579.593,2398.694,2375.152,2468.186,2289.419,2263.371,2350.902,2417.44,2520.058,2686.252,2865.794,3022.417,3114.462,3152.951,3087.256,2956.025,2893.122,2610.925,2271.635,2111.274,1877.089,1617.466,1509.498,1322.179,1238.822,1150.522,1122.728,1006.744,1080.743,1034.129,1002.582,998.85,992.939,917.024,779.272,727.25,614.529,456.891,368.337,326.631,197.775,146.022,97.765,51.783,27.599,30.196,5.094,5.232,0,0,0,0,0,0,0,0,0,0,0,0,0,0,0,0,0,0,0,0,0,0,0,0,0,0,0,0,0,0,0,0,0,0,0,0,0.498,0.832,1.392,1.853,2.724,2.887,3.651,4.352,5.537,6.038,7.454,7.988,10.003,10.393,11.411,13.077,13.402,14.556,16.543,18.555,20.98,23.985,27.323,30.637,33.322,35.55,36.674,36.84,37.623,35.969,33.168,32.707,30.951,28.441,29.104,27.124,26.811,26.34,26.057,23.85,23.974,22.521,20.749,18.887,18.084,15.764,12.865,11.489,9.218,6.865,5.235,4.551,2.68,1.953,1.272,0.66,0.344,0.371,0.061,0.061,0,0.017,0,0,0,0
2026-09-25 03:15:00,1,"Normal Scan","Normal Scan",0,"ON",1,1,1,735.4,5,16.7,98.2,54.7,0.000000067549,0.0000180222,4.97,8976.18,8.8,736.5,1,"Up Scan","Positive",254,0,4.37,1.6,8,8,0,1,1,42.285,64.589,42.598,50.481,2.444,3070.6,57,15.5,NA,0,0,0,0,0,0,0,0,0,0,0,0,0,0,0,0,0,0,0,0,0,0,0,0,0,0,0,0,0,0,0,1859.928,2419.471,1977.206,2208.216,2184.872,2241.159,2196.172,2384.239,2305.887,2294.399,2380.66,2393.285,2396.216,2470.783,2343.643,2268.292,2333.454,2298.853,2662.439,2674.319,2755.35,2894.17,3001.878,3290.564,3243.299,3278.892,2961.274,2894.679,2585.293,2459.854,2054.438,1889.578,1607.736,1416.33,1322.906,1234.056,1093.773,1145.317,1059.698,1121.951,1057.407,1099.022,1008.47,957.591,900.472,707.152,623.257,538.97,492.821,358.216,309.186,209.342,160.443,104.769,51.832,45.819,16.344,10.104,1.726,1.822,0,0,0,0,0,0,0,0,0,0,0,0,0,0,0,0,0,0,0,0,0,0,0,0,0,0,0,0,0,0,0,0,0,0,0,0.602,0.76,1.446,1.583,2.314,2.886,3.644,4.268,5.479,6.139,6.991,8.229,9.292,10.374,11.881,12.461,13.302,15.004,16.221,20.337,22.22,24.677,27.561,30.535,34.96,36.601,38.613,36.856,37.642,35.468,35.534,31.772,31.175,28.882,27.745,27.224,27.131,25.251,25.875,24.781,23.672,22.277,21.713,19.355,17.532,15.545,12.023,9.998,8.203,7.322,5.137,4.304,2.832,2.143,1.363,0.662,0.572,0.2,0.121,0.02,0.021,0,0,0,0,0
2026-09-25 03:20:00,1,"Normal Scan","Normal Scan",0,"ON",1,1,1,735.7,5,17.1,98.2,54.2,0.0000000676679,0.0000180415,4.97,8976.18,8.8,736.5,1,"Up Scan","Positive",254,0,4.37,1.6,8,8,0,1,1,42.75,64.956,43.236,54.247,2.416,2985.63,56,16,NA,0,0,0,0,0,0,0,0,0,0,0,0,0,0,0,0,0,0,0,0,0,0,0,0,0,0,0,0,0,0,0,1804.856,1685.536,2346.909,1966.411,1841.025,1887.293,2052.144,1943.646,2078.113,2139.115,2427.6,2413.647,2573.011,2366.253,2423.153,2576.619,2481.758,2506.375,2500.902,2558.636,2687.476,2901.03,3102.683,3165.499,3305.608,3105.914,3028.821,2883.654,2563.403,2237.442,2038.42,1767.081,1584.914,1299.646,1274.298,1104.185,1196.538,1140.546,1094.016,1158.28,1045.312,1035.452,952.532,922.803,747.212,729.178,643.96,573.83,427.049,365.478,284.488,228.582,154.911,89.85,57.986,22.021,21.687,9.575,10.395,5.452,0,0,0,0,0,0,0,0,0,0,0,0,0,0,0,0,0,0,0,0,0,0,0,0,0,0,0,0,0,0,0,0,0,0,0,0.498,0.735,0.985,1.87,2.05,2.426,3.055,3.987,4.48,5.533,6.536,8.39,9.378,11.127,11.377,12.839,15,15.888,17.567,19.184,21.313,24.013,27.676,31.399,33.717,36.915,36.598,37.327,37.433,34.802,32.628,31.737,29.688,28.338,26.215,26.482,24.832,26.3,25.6,23.893,24.687,21.896,21.021,18.161,16.892,13.417,12.294,10.209,8.749,6.244,5.253,4.011,3.111,2.085,1.171,0.739,0.276,0.265,0.115,0.123,0.062,0,0,0,0,0
2026-09-25 03:25:00,1,"Normal Scan","Normal Scan",0,"ON",1,1,1,735.8,5,17.2,98.2,54.5,0.0000000676977,0.0000180463,4.97,8976.18,8.8,736.5,1,"Up Scan","Positive",254,0,4.37,1.6,8,8,0,1,1,42.406,64.302,42.715,54.247,2.418,3055.4,57,15.9,NA,0,0,0,0,0,0,0,0,0,0,0,0,0,0,0,0,0,0,0,0,0,0,0,0,0,0,0,0,0,0,0,2089.477,1741.166,2019.068,1963.4,2227,2166.912,1957.322,2206.469,2263.715,2376.664,2392.158,2555.09,2493.905,2591.022,2578.826,2309.855,2483.354,2441.785,2564.529,2579.7,2686.395,2995.568,3141.226,3296.481,3322.646,3264.506,3118.347,3013.749,2518.308,2359.33,2022.141,1722.774,1553.775,1412.063,1283.287,1246.813,1196.95,1126.32,1096.497,1055.94,1022.779,1006.978,933.503,870.394,865.954,736.358,647.558,547.91,429.317,349.72,311.836,217.274,152.472,107.792,46.292,43.709,25.888,13.713,3.479,5.398,0,0,0,0,0,0,0,0,0,0,0,0,0,0,0,0,0,0,0,0,0,0,0,0,0,0,0,0,0,0,0,0,0,0,0,0.581,0.869,1.018,1.626,2.051,2.926,3.518,3.81,5.073,6.016,7.245,8.262,9.908,10.803,12.431,13.631,13.518,15.919,17.195,19.668,21.533,24.104,28.621,31.758,35.04,37.228,38.261,38.359,38.714,34.676,34.313,31.492,28.982,28.034,27.352,26.383,26.769,26.17,25.073,24.599,23.295,21.902,20.256,18.045,16.037,15.19,12.399,10.362,8.319,6.487,5.081,4.341,2.994,2.041,1.404,0.59,0.545,0.317,0.164,0.041,0.062,0.017,0,0,0,0
2026-09-25 03:30:00,1,"Normal Scan","Normal Scan",0,"ON",1,1,1,735.6,5,16.9,98.2,54.4,0.0000000676084,0.0000180318,4.97,8976.18,8.8,736.5,1,"Up Scan","Positive",254,0,4.37,1.6,8,8,0,1,1,41.926,63.404,41.855,58.294,2.444,3053.82,57,15.6,NA,0,0,0,0,0,0,0,0,0,0,0,0,0,0,0,0,0,0,0,0,0,0,0,0,0,0,0,0,0,0,0,2244.264,2293.156,2294.02,2436.252,2169.321,2268.695,2294.95,2304.023,2091.27,2270.786,2282.745,2331.166,2417.368,2372.53,2308.352,2332.758,2298.368,2412.01,2453.07,2554.678,2679.492,2914.695,3029.468,3216.167,3244.828,3307.327,3054.282,2863.146,2631.79,2387.738,1976.557,1777.104,1655.159,1395.068,1311.089,1241.614,1201.22,1157.637,1119.613,1053.072,1053.731,911.571,919.642,887.337,827.802,728.42,603.445,503.462,442.27,351.774,301.341,201.827,148.013,79.759,45.002,31.51,17.987,16.854,1.726,1.795,0,0,0,0,0,0,0,0,0,0,0,0,0,0,0,0,0,0,0,0,0,0,0,0,0,0,0,0,0,0,0,0,0,0,0,0.602,0.922,1.359,1.832,2.54,2.849,3.669,4.472,5.284,5.567,6.933,7.897,9.057,10.486,11.385,12.26,13.63,14.798,16.96,18.868,21.281,24.105,27.785,30.768,34.348,36.455,38.729,37.673,37.337,36.152,34.486,31.109,29.791,29.371,26.965,26.901,26.1,26.126,25.509,24.838,22.854,21.731,18.596,17.618,16.462,14.335,12.177,9.521,7.669,6.513,5.084,4.212,2.742,1.98,1.036,0.573,0.394,0.22,0.202,0.02,0.021,0.017,0,0,0,0
2026-09-25 03:35:00,1,"Normal Scan","Normal Scan",0,"ON",1,1,1,735.5,5,16.8,98.2,54,0.0000000675787,0.000018027,4.97,8976.18,8.8,736.5,1,"Up Scan","Positive",254,0,4.37,1.6,8,8,0,1,1,39.972,62.147,39.924,9.647,2.516,3154.5,58,15.5,NA,0,0,0,0,0,0,0,0,0,0,0,0,0,0,0,0,0,0,0,0,0,0,0,0,0,0,0,0,0,0,0,3548.281,3347.593,2678.327,2775.587,2795.03,2445.237,2283.41,2455.482,2437.956,2126.231,2207.697,2325.7,2240.922,2182.896,2221.33,2172.997,2264.578,2186.556,2430.683,2671.553,2802.531,2826.054,2957.951,3212.572,3108.63,3065.222,2977.559,2892.498,2580.999,2354.683,2097.717,1850.522,1569.492,1416.248,1450.042,1184.725,1117.073,1125.057,1136.355,1025.722,1086.416,978.585,951.098,886.293,811.702,808.822,609.769,525.756,485.587,388.962,308.135,181.766,147.275,87.598,57.973,34.907,21.122,11.869,8.725,1.795,0,0,0,0,0,0,0,0,0,0,0,0,0,0,0,0,0,0,0,0,0,0,0,0,0,0,0,0,0,0,0,0,0,0,0,0.852,1.442,1.96,2.145,2.924,3.651,3.969,4.46,5.623,6.481,6.482,7.609,9.054,9.724,10.518,11.817,12.785,14.56,15.473,18.671,22.086,24.945,26.955,30.091,34.244,35.211,36.292,37.058,37.425,35.748,34.415,32.018,30.769,28.394,27.166,28.977,25.955,25.211,25.06,25.322,22.856,22.415,19.853,18.715,16.515,14.062,13.288,9.769,8.005,7.281,5.522,4.359,2.496,1.978,1.137,0.74,0.434,0.26,0.141,0.102,0.021,0.026,0,0,0,0
2026-09-25 03:40:00,1,"Normal Scan","Normal Scan",0,"ON",1,1,1,735.9,5,17.3,98.2,54.2,0.0000000677274,0.0000180511,4.97,8976.18,8.8,736.5,1,"Up Scan","Positive",254,0,4.37,1.6,8,8,0,1,1,40.675,63.026,40.704,54.247,2.497,3140.78,57,16,NA,0,0,0,0,0,0,0,0,0,0,0,0,0,0,0,0,0,0,0,0,0,0,0,0,0,0,0,0,0,0,0,2677.906,2785.228,2733.968,2651.874,2732.29,2400.53,2440.306,2526.785,2372.292,2362.375,2455.805,2331.967,2360.351,2352.887,2160.326,2256.678,2356.898,2270.701,2337.286,2395.641,2686.232,2830.362,3014.329,3092.757,3237.004,3143.563,2998.341,3012.553,2640.892,2354.204,2108.946,1871.129,1656.028,1477.483,1291.606,1245.799,1113.385,1033.205,1143.952,1017.339,1123.031,1037.461,923.997,925.559,842.863,770.965,618.065,556.349,427.337,378.215,302.268,211.01,148.073,138.22,82.329,39.572,22.88,20.305,5.191,0,0,0,0,0,0,0,0,0,0,0,0,0,0,0,0,0,0,0,0,0,0,0,0,0,0,0,0,0,0,0,0,0,0,0,0,0.808,1.107,1.654,2.201,2.777,3.612,3.876,4.743,5.786,6.301,7.191,8.474,9.047,10.225,11.291,11.475,13.21,15.125,16.012,18.011,20.087,24.072,27.043,30.71,33.238,36.419,37.163,37.309,39.168,36.069,34.313,32.359,30.605,29.534,28.036,27.038,26.965,24.968,24.29,25.23,22.856,23.023,20.713,18.225,17.228,14.716,12.876,10.378,8.598,6.401,5.494,4.285,2.847,1.982,1.797,1.051,0.493,0.279,0.242,0.061,0,0.017,0,0,0,0
2026-09-25 03:45:00,1,"Normal Scan","Normal Scan",0,"ON",1,1,1,735.7,5,17.1,98.2,54.5,0.0000000676679,0.0000180415,4.97,8976.18,8.8,736.5,1,"Up Scan","Positive",254,0,4.37,1.6,8,8,0,1,1,37.775,60.956,38.537,11.971,2.54,3216.35,58,15.8,NA,0,0,0,0,0,0,0,0,0,0,0,0,0,0,0,0,0,0,0,0,0,0,0,0,0,0,0,0,0,0,0,3242.363,3090.769,3063.665,3353.838,2935.156,3176.964,3222.215,3042.066,2915.945,2566.745,2322.772,2363.21,2290.817,2173.918,2121.501,2002.004,2050.964,2172.672,2257.391,2422.853,2452.587,2686.145,2861.805,3108.876,3035.32,3033.191,2908.394,2836.245,2561.891,2331.594,2105.902,1814.901,1688.197,1448.44,1242.184,1230.049,1146.112,1087.277,1040.728,1034.377,1116.711,987.499,897.857,905.721,833.702,759.891,612.756,536.749,486.491,376.615,306.169,231.785,180.562,101.729,56.524,56.868,16.372,8.434,6.986,1.822,0,0,0,0,0,0,0,0,0,0,0,0,0,0,0,0,0,0,0,0,0,0,0,0,0,0,0,0,0,0,0,0,0,0,0,1.028,1.32,1.838,2.465,3.487,3.874,5.153,6.27,6.955,7.743,7.814,8.025,9.181,9.909,10.439,11.279,11.734,13.22,15.337,17.409,20.179,22.096,25.763,29.108,33.331,34.381,35.986,36.344,36.898,35.188,33.843,32.493,30.05,29.57,27.53,26.225,26.569,25.274,24.77,23.997,22.876,22.779,20.542,17.899,16.764,14.846,12.94,9.817,8.335,7.269,5.405,4.266,3.147,2.43,1.324,0.72,0.71,0.2,0.101,0.082,0.021,0.017,0,0,0,0
2026-09-25 03:50:00,1,"Normal Scan","Normal Scan",0,"ON",1,1,1,735.5,5,16.8,98.2,54.5,0.0000000675787,0.000018027,4.97,8976.18,8.8,736.5,1,"Up Scan","Positive",254,0,4.37,1.6,8,8,0,1,1,37.278,60.699,38.145,10.366,2.557,3209.51,59,15.4,NA,0,0,0,0,0,0,0,0,0,0,0,0,0,0,0,0,0,0,0,0,0,0,0,0,0,0,0,0,0,0,0,3419.271,4028.95,2988.124,3011.052,2925.748,3235.56,2995.97,3062.128,2620.171,2552.813,2705.45,2445.5,2347.087,2238.744,2092.219,2104.831,2108.617,1863.617,2030.031,2133.262,2375.07,2645.743,2851.113,3034.759,3021.049,3031.436,2910.227,2826.521,2574.347,2278.984,2086.143,1807.644,1570.068,1445.894,1324.612,1187.179,1142.431,1095.026,1113.138,1030.59,1031.989,998.844,980.239,912.084,827.563,736.994,652.931,535.046,460.666,386.45,277.496,235.064,148.214,106.136,61.139,52.116,16.276,15.157,5.218,3.627,0,0,0,0,0,0,0,0,0,0,0,0,0,0,0,0,0,0,0,0,0,0,0,0,0,0,0,0,0,0,0,0,0,0,0,1.056,1.435,2.406,2.408,3.15,3.861,5.234,5.828,7.03,6.979,7.783,9.318,9.47,10.11,10.715,11.072,12.311,13.562,13.289,15.801,17.989,21.462,25.453,29.03,32.515,34.172,36.038,36.11,36.817,35.377,33.235,32.215,29.923,28.243,27.647,27.082,25.872,25.82,24.849,24.791,22.928,21.901,20.175,19.063,16.726,14.777,12.338,10.43,8.322,6.953,5.516,3.909,3.202,1.995,1.382,0.779,0.651,0.2,0.182,0.061,0.041,0.017,0,0,0,0
2026-09-25 03:55:00,1,"Normal Scan","Normal Scan",0,"ON",1,1,1,735.7,5,17,98.2,54.2,0.0000000676382,0.0000180366,4.97,8976.18,8.8,736.5,1,"Up Scan","Positive",254,0,4.37,1.6,8,8,0,1,1,38.684,62.002,39.236,11.14,2.545,3152.51,58,15.8,NA,0,0,0,0,0,0,0,0,0,0,0,0,0,0,0,0,0,0,0,0,0,0,0,0,0,0,0,0,0,0,0,2971.637,2799.545,3311.677,3045.63,2718.514,3050.864,3016.199,2924.215,2616.108,2764.726,2477.43,2139.617,2420.897,2079.723,2052.786,2122.938,1951.814,2026.234,2176.759,2254.971,2504.729,2549.218,2763.22,2930.578,3117.468,2982.435,2912.263,2780.148,2540.146,2369.921,2113.838,1894.573,1651.794,1415.695,1286.771,1160.258,1184.9,1074.118,1052.065,1062.702,1053.869,1038.578,1003.087,911.437,862.124,730.247,649.808,570.397,460.757,360.208,317.641,245.811,145.83,104.942,81.031,48.511,13.155,6.722,5.218,1.822,0,0,0,0,0,0,0,0,0,0,0,0,0,0,0,0,0,0,0,0,0,0,0,0,0,0,0,0,0,0,0,0,0,0,0,0.746,1.222,1.658,2.655,3.187,3.564,4.924,5.863,6.71,6.967,8.398,8.54,8.267,10.457,9.989,10.9,12.412,12.582,14.329,16.797,18.912,22.5,24.564,28.264,31.566,35.211,35.553,36.338,36.317,34.883,34.109,32.584,31.187,29.18,27.394,26.745,25.738,26.517,24.906,23.987,23.479,22.284,21.009,19.211,16.998,15.3,12.205,10.529,8.881,6.791,5.183,4.408,3.337,1.97,1.365,1.035,0.606,0.16,0.081,0.061,0.021,0.017,0,0,0,0
2026-09-25 04:00:00,1,"Normal Scan","Normal Scan",0,"ON",1,1,1,735.9,5,17.3,98.2,54.8,0.0000000677274,0.0000180511,4.97,8976.18,8.8,736.5,1,"Up Scan","Positive",254,0,4.37,1.6,8,8,0,1,1,37.787,61.307,38.147,9.647,2.588,3179.81,58,16,NA,0,0,0,0,0,0,0,0,0,0,0,0,0,0,0,0,0,0,0,0,0,0,0,0,0,0,0,0,0,0,0,4016.003,3247.684,3136.714,3389.732,3256.08,3512.128,3071.174,2785.025,2679.863,2558.387,2439.81,2377.415,2139.358,1971.095,1998.974,1749.897,1736.72,1775.09,2039.567,2180.261,2317.858,2626.161,2846.628,2928.111,3044.019,2987.4,2935.381,2791.64,2538.547,2217.565,1999.408,1848.532,1628.95,1364.898,1317.155,1228.201,1172.895,1135.968,1101.812,1097.711,1008.507,1050.846,938.82,965.479,856.78,703.96,652.84,588.835,423.748,404.879,304.001,219.891,165.922,106.397,67.174,45.892,31.1,20.305,5.274,3.576,0,0,0,0,0,0,0,0,0,0,0,0,0,0,0,0,0,0,0,0,0,0,0,0,0,0,0,0,0,0,0,0,0,0,0,0.882,1.644,1.92,2.508,3.574,4.275,5.683,5.968,6.378,7.097,7.77,8.393,9.183,9.205,9.471,10.605,10.276,11.311,12.722,15.808,18.343,20.997,25.224,28.962,31.473,34.351,35.342,36.621,36.307,34.811,32.665,31.147,30.562,29.309,26.865,27.005,26.656,25.943,26.095,24.637,23.794,21.937,20.986,18.468,17.72,15.036,12.087,10.53,9.049,6.373,5.926,4.296,3.035,2.199,1.382,0.856,0.572,0.379,0.242,0.061,0.041,0,0,0,0,0
2026-09-25 04:05:00,1,"Normal Scan","Normal Scan",0,"ON",1,1,1,735.7,5,17,98.2,54.9,0.0000000676382,0.0000180366,4.97,8976.18,8.8,736.5,1,"Up Scan","Positive",254,0,4.37,1.6,8,8,0,1,1,36.981,60.47,37.853,11.14,2.563,3184.98,59,15.6,NA,0,0,0,0,0,0,0,0,0,0,0,0,0,0,0,0,0,0,0,0,0,0,0,0,0,0,0,0,0,0,0,3238.408,3076.403,3637.846,3321.799,3388.343,3192.414,3052.779,3100.438,2994.642,2822.911,2616.156,2303.49,2275.112,2200.362,2066.25,1696.188,1810.93,1749.273,2071.187,2134.05,2267.272,2734.365,2884.644,2866.707,2983.8,3005.758,2892.024,2708.899,2617.66,2309.625,2043.3,1774.404,1636.25,1422.937,1264.084,1089.868,1042.865,1031.164,1049.683,1045.754,1053.774,1046.674,931.191,957.472,850.196,717.678,658.049,550.183,466.981,342.169,262.663,235.619,174.158,109.402,72.121,34.263,21.272,11.913,1.74,1.795,0,0,0,0,0,0,0,0,0,0,0,0,0,0,0,0,0,0,0,0,0,0,0,0,0,0,0,0,0,0,0,0,0,0,0,0.925,1.339,1.831,2.924,3.464,4.487,5.183,5.943,7.1,7.959,8.583,9.002,8.92,9.805,10.538,10.941,9.997,11.796,12.583,15.971,17.999,20.612,26.121,29.271,30.957,33.824,35.659,35.984,35.432,35.555,33.443,31.032,29.429,28.907,27.288,26.407,24.695,24.109,24.519,23.82,22.907,22.235,21.093,18.048,17.196,14.937,12.254,10.665,8.503,6.854,4.929,3.7,3.199,2.309,1.421,0.92,0.429,0.259,0.141,0.02,0.021,0,0,0,0,0
2026-09-25 04:10:00,1,"Normal Scan","Normal Scan",0,"ON",1,1,1,735.6,5,16.9,98.2,54.6,0.0000000676084,0.0000180318,4.97,8976.18,8.8,736.5,1,"Up Scan","Positive",254,0,4.37,1.6,8,8,0,1,1,36.914,60.604,37.821,11.971,2.572,3186.31,59,15.6,NA,0,0,0,0,0,0,0,0,0,0,0,0,0,0,0,0,0,0,0,0,0,0,0,0,0,0,0,0,0,0,0,3206.996,3220.206,3338.293,3539.492,3389.885,3311.017,3131.738,3234.573,2976.069,2852.003,2724.678,2427.543,2231.535,1930.135,1976.431,1841.029,1766.787,1697.467,1906.875,2032.409,2329.028,2586.069,2829.583,2928.826,3026.132,2943.471,2951.062,2718.656,2474.713,2263.461,2122.322,1742.075,1572.299,1361.803,1357.231,1138.007,1162.17,1114.456,1035.881,1033.67,1068.384,1052.347,930.714,933.2,851.39,723.787,664.056,554.927,462.28,358.345,338.467,215.182,143.274,89.608,62.62,47.339,19.533,16.826,3.479,0,0,0,0,0,0,0,0,0,0,0,0,0,0,0,0,0,0,0,0,0,0,0,0,0,0,0,0,0,0,0,0,0,0,0,0,0.893,1.308,1.907,2.692,3.701,4.463,5.341,6.083,7.373,7.89,8.662,9.383,9.376,9.615,9.243,10.488,10.833,11.492,12.208,14.888,17.226,21.018,24.941,28.809,31.322,34.241,35.046,36.534,35.429,34.174,32.908,32.536,29.405,28.055,26.519,27.758,25.447,25.726,25.497,23.903,22.845,22.472,21.169,17.895,17.447,15.026,12.069,10.511,8.58,6.936,5.173,4.715,2.91,1.918,1.165,0.798,0.591,0.24,0.202,0.041,0,0.017,0,0,0,0
2026-09-25 04:15:00,1,"Normal Scan","Normal Scan",0,"ON",1,1,1,736,5,17.4,98.2,54.9,0.0000000677571,0.0000180559,4.97,8976.18,8.8,736.5,1,"Up Scan","Positive",254,0,4.37,1.6,8,8,0,1,1,40.65,63.057,40.092,11.971,2.541,3040.84,58,16.1,NA,0,0,0,0,0,0,0,0,0,0,0,0,0,0,0,0,0,0,0,0,0,0,0,0,0,0,0,0,0,0,0,1741.323,2613.442,3091.89,3213.625,2832.921,3112.028,3101.09,3180.956,2787.522,2503.89,2367.445,2317.897,1891.743,1822.969,1683.482,1706.202,1709.901,1821.725,1829,2209.989,2360.699,2711.397,2669.288,2922.553,3006.843,3055.82,2989.562,2824.619,2586.63,2355.898,2126.746,1817.616,1580.896,1402.684,1320.387,1247.602,1186.382,1093.783,1051.513,1041.623,1063.167,944.245,957.546,951.543,839.179,743.039,632.955,598.371,437.83,317.032,291.265,197.177,169.517,123.959,66.266,34.069,31.005,11.816,3.465,1.795,0,0,0,0,0,0,0,0,0,0,0,0,0,0,0,0,0,0,0,0,0,0,0,0,0,0,0,0,0,0,0,0,0,0,0,0.749,0.72,1.561,2.483,3.361,3.725,5.048,6.024,7.244,7.397,7.6,8.153,8.968,8.192,8.745,8.998,10.077,11.162,12.96,14.341,18.553,21.41,26.023,27.39,31.534,34.167,36.229,36.98,36.803,35.569,34.033,32.893,30.274,28.07,27.246,27.165,26.377,26.131,25.447,23.858,22.554,22.495,19.688,18.301,17.338,14.434,12.688,10.308,9.163,6.563,4.627,4.076,2.677,2.297,1.612,0.844,0.426,0.379,0.141,0.041,0.021,0.05,0,0,0,0
2026-09-25 04:20:00,1,"Normal Scan","Normal Scan",0,"ON",1,1,1,735.7,5,17.1,98.2,55.2,0.0000000676679,0.0000180415,4.97,8976.18,8.8,736.5,1,"Up Scan","Positive",254,0,4.37,1.6,8,8,0,1,1,41.647,63.991,40.524,11.14,2.564,2949.86,59,15.7,NA,0,0,0,0,0,0,0,0,0,0,0,0,0,0,0,0,0,0,0,0,0,0,0,0,0,0,0,0,0,0,0,2553.887,2697.093,2958.304,2755.827,2360.784,2887.69,2924.64,2712.221,2632.356,2558.25,2306.508,2009.319,1975.146,1831.366,1673.82,1518.657,1575.151,1652.806,1702.027,2052.447,2289.543,2526.227,2777.936,2888.339,2953.188,2864.699,2900.789,2708.435,2498.047,2381.233,2109.577,1823.904,1640.313,1422.642,1350.586,1171.46,1211.082,1038.661,1034.042,1016.281,1058.03,998.936,952.081,944.856,824.337,767.632,638.027,512.076,463.506,361.09,282.306,234.265,172.903,104.883,65.714,38.008,21.19,8.489,1.753,0,0,0,0,0,0,0,0,0,0,0,0,0,0,0,0,0,0,0,0,0,0,0,0,0,0,0,0,0,0,0,0,0,0,0,0,0.676,1.046,1.614,2.377,2.888,3.111,4.715,5.695,6.202,6.972,7.755,7.933,7.753,8.522,8.775,8.929,9.001,10.321,11.901,13.419,17.342,20.677,24.356,28.278,31.11,33.624,34.266,36.18,35.437,34.581,34.345,32.561,30.325,28.796,27.218,27.391,25.821,26.566,24.286,23.704,22.575,21.903,20.411,18.549,17.131,14.683,12.958,10.217,7.903,6.93,5.156,3.933,3.169,2.294,1.363,0.837,0.473,0.259,0.101,0.02,0,0,0,0,0,0
2026-09-25 04:25:00,1,"Normal Scan","Normal Scan",0,"ON",1,1,1,735.4,5,16.7,98.2,55.1,0.000000067549,0.0000180222,4.97,8976.18,8.8,736.5,1,"Up Scan","Positive",254,0,4.37,1.6,8,8,0,1,1,41.859,64.299,40.595,62.643,2.571,2907.1,60,15.3,NA,0,0,0,0,0,0,0,0,0,0,0,0,0,0,0,0,0,0,0,0,0,0,0,0,0,0,0,0,0,0,0,2748.702,2473.177,2770.45,2885.731,2751.398,2689.542,2898.228,2450.15,2508.098,2364.625,2061.287,2108.184,1907.771,1744.705,1617.214,1581.457,1614.143,1674.75,1681.815,1951.285,2296.033,2458.706,2716.625,2878.85,2950.271,2910.913,2959.444,2861.877,2549.014,2260.912,1958.319,1713.765,1600.334,1359.141,1255.583,1179.267,1094.667,1140.11,1042.229,1000.037,969.978,915.512,945.246,949.838,864.941,718.269,663.568,570.166,452.173,335.746,308.349,209.107,182.198,123.867,57.447,43.224,19.492,18.544,8.766,1.822,0,0,0,0,0,0,0,0,0,0,0,0,0,0,0,0,0,0,0,0,0,0,0,0,0,0,0,0,0,0,0,0,0,0,0,0.561,1.121,1.494,2.21,3.036,3.625,4.374,5.622,5.623,6.667,7.19,7.097,8.149,8.237,8.377,8.61,9.37,10.512,12.044,13.274,16.606,20.741,23.861,27.91,31.105,33.278,34.492,36.565,37.146,34.839,32.859,30.414,28.533,28.601,26.327,25.863,25.184,24.973,25.976,23.867,22.43,21.27,18.923,18.304,17.469,15.091,12.354,10.837,8.733,6.795,4.849,4.328,2.869,2.451,1.608,0.733,0.539,0.24,0.222,0.102,0.021,0.017,0,0,0,0
2026-09-25 04:30:00,1,"Normal Scan","Normal Scan",0,"ON",1,1,1,735.7,5,17.1,98.2,54.8,0.0000000676679,0.0000180415,4.97,8976.18,8.8,736.5,1,"Up Scan","Positive",254,0,4.37,1.6,8,8,0,1,1,40.436,62.892,39.339,9.647,2.592,3070.12,59,15.8,NA,0,0,0,0,0,0,0,0,0,0,0,0,0,0,0,0,0,0,0,0,0,0,0,0,0,0,0,0,0,0,0,3879.274,2926.756,3143.432,2991.466,3326.835,2735.523,2984.017,2749.56,2592.277,2347.028,2256.31,2084.238,1907.195,1656.735,1573.875,1574.877,1540.14,1714.618,1930.049,2238.145,2430.926,2539.204,2768.205,3116.289,3017.479,2984.007,2964.269,2734.119,2572.391,2393.302,2251.73,1813.807,1748.922,1403.321,1442.655,1154.783,1135.936,1099.585,1059.553,1043.101,1006.704,914.121,874.679,905.658,900.815,741.717,612.797,526.033,541.845,407.18,319.401,210.367,169.193,111.596,80.962,37.863,31.183,15.239,6.958,3.603,0,0,0,0,0,0,0,0,0,0,0,0,0,0,0,0,0,0,0,0,0,0,0,0,0,0,0,0,0,0,0,0,0,0,0,1.089,1.58,1.735,2.532,3.126,4.387,4.427,5.805,6.28,6.884,7.118,7.752,8.045,8.238,7.978,8.446,9.356,10.087,12.324,15.131,18.737,21.881,24.55,28.319,33.272,34.422,35.682,36.835,36.041,35.542,34.621,34.285,29.859,30.232,27.075,28.679,25.038,24.99,25.18,24.65,23.01,21.253,19.684,17.942,17.045,15.52,12.707,9.962,8.299,7.928,5.957,4.529,2.857,2.258,1.452,1.031,0.473,0.379,0.182,0.082,0.041,0,0,0,0,0
2026-09-25 04:35:00,1,"Normal Scan","Normal Scan",0,"ON",1,1,1,735.9,5,17.3,98.2,55.5,0.0000000677274,0.0000180511,4.97,8976.18,8.8,736.5,1,"Up Scan","Positive",254,0,4.37,1.6,8,8,0,1,1,39.064,61.706,39.241,50.481,2.53,3182.96,59,15.9,NA,0,0,0,0,0,0,0,0,0,0,0,0,0,0,0,0,0,0,0,0,0,0,0,0,0,0,0,0,0,0,0,3109.402,3196.471,3090.339,2737.913,2880.943,2800.36,2904.063,2721.833,2705.968,2706.515,2613.927,2336.711,2433.682,2277.526,2196.473,2052.172,1916.71,1951.166,2103.791,2367.66,2473.277,2696.201,2786.351,3209.362,3149.397,3158.953,2991.198,2889.566,2614.213,2406.443,2099.018,1924.528,1634.644,1491.153,1269.155,1211.725,1132.919,1168.611,1068.271,1055.97,913.291,984.52,967.097,918.642,823.001,733.892,655.861,577.086,424.211,307.474,316.649,232.473,170.613,102.818,70.177,53.651,37.63,16.882,6.946,7.22,0,0,0,0,0,0,0,0,0,0,0,0,0,0,0,0,0,0,0,0,0,0,0,0,0,0,0,0,0,0,0,0,0,0,0,0.862,1.255,1.866,2.439,2.886,3.802,4.522,5.625,6.246,7.193,8.22,9.002,9.039,10.482,10.895,11.641,12.028,12.41,13.872,16.399,19.83,22.337,25.95,28.548,34.244,35.658,37.403,37.234,37.627,35.869,34.698,32.412,31.509,28.912,28.411,25.731,26.053,25.519,26.13,24,23.004,20.731,19.9,18.387,16.918,14.784,12.56,10.567,8.953,6.478,4.553,4.485,3.211,2.277,1.337,0.895,0.67,0.459,0.202,0.082,0.083,0.017,0,0,0,0
2026-09-25 04:40:00,1,"Normal Scan","Normal Scan",0,"ON",1,1,1,735.6,5,16.9,98.2,55.5,0.0000000676084,0.0000180318,4.97,8976.18,8.8,736.5,1,"Up Scan","Positive",254,0,4.37,1.6,8,8,0,1,1,32.495,56.888,36.119,17.154,2.475,3620.71,60,15.5,NA,0,0,0,0,0,0,0,0,0,0,0,0,0,0,0,0,0,0,0,0,0,0,0,0,0,0,0,0,0,0,0,3357.926,3018.643,3420.676,3174.963,3695.803,3848.205,3550.968,3851.082,3907.469,3878.096,3504.641,3456.238,3302.024,3146.034,3009.464,2573.013,2347.494,2461.675,2655.117,2751.888,2681.081,2976.058,3014.805,3037.855,3326.817,3010.74,3030.946,2788.133,2527.401,2279.437,2079.057,1730.865,1652.136,1520.713,1291.787,1228.005,1211.134,1067.068,1014.706,1043.218,997.994,978.14,907.738,827.51,846.132,775.416,638.27,555.553,473.291,408.518,339.892,224.596,161.633,111.663,84.827,53.928,23.054,15.267,10.464,5.384,0,0,0,0,0,0,0,0,0,0,0,0,0,0,0,0,0,0,0,0,0,0,0,0,0,0,0,0,0,0,0,0,0,0,0,0.81,1.382,1.801,2.739,3.324,4.9,6.24,6.924,8.854,10.369,11.787,12.074,13.343,14.226,15.036,15.888,14.994,15.095,17.278,20.221,22.754,23.9,28.296,30.462,32.513,37.219,35.72,37.369,36.599,34.974,33.175,32.064,29.194,28.97,28.437,26.311,26.488,26.338,24.102,23.708,23.478,21.704,19.921,18.25,16.093,15.046,13,10.542,8.696,7.076,5.845,4.826,3.116,2.145,1.453,1.084,0.674,0.282,0.182,0.123,0.062,0,0,0,0,0
2026-09-25 04:45:00,1,"Normal Scan","Normal Scan",0,"ON",1,1,1,735.5,5,16.8,98.2,55.2,0.0000000675787,0.000018027,4.97,8976.18,8.8,736.5,1,"Up Scan","Positive",254,0,4.37,1.6,8,8,0,1,1,35.175,58.735,36.038,10.366,2.605,3308.31,60,15.4,NA,0,0,0,0,0,0,0,0,0,0,0,0,0,0,0,0,0,0,0,0,0,0,0,0,0,0,0,0,0,0,0,3732.49,4797.49,4301.046,3989.534,4154.817,3644.013,3529.759,3182.658,2905.651,2466.758,2309.955,2059.96,1858.928,1765.82,1760.948,1744.578,1830.341,1939.839,2076.653,2325.766,2640.16,2752.328,2901.298,3106.983,3001.28,2987.126,2944.297,2726.588,2502.92,2166.557,1980.967,1733.746,1496.154,1335.977,1264.691,1149.616,1129.359,1093.446,1048.901,1018.534,992.428,985.56,1028.316,919.088,803.107,751.278,629.626,562.509,464.242,386.588,323.369,238.543,156.393,98.77,82.605,48.967,21.203,6.748,8.697,0,0,0,0,0,0,0,0,0,0,0,0,0,0,0,0,0,0,0,0,0,0,0,0,0,0,0,0,0,0,0,0,0,0,0,0,1.081,1.557,2.835,3.451,4.176,5.461,5.897,6.864,7.261,7.687,7.5,7.953,7.976,8.062,8.513,9.439,10.355,11.931,13.832,16.135,19.4,23.564,26.347,29.408,33.086,33.733,35.339,36.341,35.364,34.295,31.778,30.757,28.803,27.075,26.161,26.128,25.268,25.758,25.204,23.633,22.878,21.521,20.192,19.573,17.399,14.458,12.611,10.141,8.799,6.989,5.5,4.524,3.239,2.108,1.286,1.051,0.611,0.26,0.081,0.102,0,0.034,0,0,0,0
2026-09-25 04:50:00,1,"Normal Scan","Normal Scan",0,"ON",1,1,1,735.9,5,17.3,98.2,55.2,0.0000000677274,0.0000180511,4.97,8976.18,8.8,736.5,1,"Up Scan","Positive",254,0,4.37,1.6,8,8,0,1,1,38.599,62.144,38.567,10.366,2.597,3069.07,58,16,NA,0,0,0,0,0,0,0,0,0,0,0,0,0,0,0,0,0,0,0,0,0,0,0,0,0,0,0,0,0,0,0,3219.382,3554.204,3161.34,3345.531,3440.721,3273.998,2910.451,2592.997,2816.359,2440.471,2033.627,1754.393,1772.418,1739.61,1940.513,1816.373,1858.107,1898.724,2029.871,1995.477,2350.341,2490.717,2800.622,2915.478,2927.958,2955.523,2832.545,2775.212,2536.353,2235.082,1984.284,1785.197,1513.273,1428.832,1237.955,1213.27,1073.742,1003.526,1003.321,1001.06,1011.047,954.786,906.819,902.493,846.423,753.902,710.545,569.128,491.32,402.086,294.194,219.419,195.81,112.236,86.621,52.55,22.915,5.084,12.232,1.822,0,0,0,0,0,0,0,0,0,0,0,0,0,0,0,0,0,0,0,0,0,0,0,0,0,0,0,0,0,0,0,0,0,0,0,0.934,1.342,2.109,2.541,3.479,4.499,5.307,5.65,5.939,7.473,7.419,7.006,6.823,7.697,8.384,10.279,10.686,12.004,13.506,15.731,16.947,21.189,24.008,28.524,31.377,33.086,35.146,35.183,35.896,34.83,32.527,30.687,29.38,26.852,27.105,25.882,25.922,24.537,23.893,23.411,22.722,22.225,19.967,18.145,16.868,14.935,12.963,11.44,8.963,7.367,5.745,4.136,3.006,2.611,1.459,1.104,0.656,0.279,0.061,0.143,0.021,0,0,0,0,0
2026-09-25 04:55:00,1,"Normal Scan","Normal Scan",0,"ON",1,1,1,735.7,5,17.1,98.2,55.4,0.0000000676679,0.0000180415,4.97,8976.18,8.8,736.5,1,"Up Scan","Positive",254,0,4.37,1.6,8,8,0,1,1,39.643,61.961,39.207,12.864,2.548,3053.02,59,15.7,NA,0,0,0,0,0,0,0,0,0,0,0,0,0,0,0,0,0,0,0,0,0,0,0,0,0,0,0,0,0,0,0,3102.355,2784.877,2726.418,2873.694,3185.914,2919.102,3055.507,2773.683,2642.568,2632.023,2490.659,2168.581,2014.551,2097.507,1883.069,1726.82,1665.19,1758.317,1903.699,2137.838,2384.544,2541.612,2993.699,3063.375,3070.33,3042.631,2974.618,2669.54,2576.16,2162.783,1955.452,1824.129,1552.583,1388.721,1319.561,1201.358,1101.146,1057.924,1016.316,1053.636,963.931,1015.518,953.584,873.361,803.571,735.72,598.108,545.594,415.335,346.611,310.282,228.011,142.525,108.773,70.086,42.56,21.144,15.003,12.516,1.822,0,0,0,0,0,0,0,0,0,0,0,0,0,0,0,0,0,0,0,0,0,0,0,0,0,0,0,0,0,0,0,0,0,0,0,0.54,1.281,1.661,2.182,3.012,4.2,4.715,5.931,6.338,7.008,7.996,8.562,8.373,8.692,10.033,10.012,10.185,10.859,12.693,14.927,18.048,21.56,24.518,30.289,32.727,34.322,35.988,36.924,34.846,35.272,31.763,30.491,29.793,27.74,26.891,26.529,26.042,24.926,23.945,23.216,22.963,20.825,20.093,18.419,16.309,14.337,12.257,9.811,8.481,6.249,4.959,4.377,3.149,1.94,1.414,0.895,0.532,0.259,0.179,0.146,0.021,0.034,0,0,0,0
2026-09-25 05:00:00,1,"Normal Scan","Normal Scan",0,"ON",1,1,1,735.4,5,16.7,98.2,55.2,0.000000067549,0.0000180222,4.97,8976.18,8.8,736.5,1,"Up Scan","Positive",254,0,4.37,1.6,8,8,0,1,1,34.262,58.905,35.885,10.366,2.623,3249.64,59,15.4,NA,0,0,0,0,0,0,0,0,0,0,0,0,0,0,0,0,0,0,0,0,0,0,0,0,0,0,0,0,0,0,0,3904.724,4560.683,4478.869,4134.864,3843.332,3787.845,3407.629,2996.606,2918.253,2512.526,2282.209,2071.33,1953.712,1896.997,1751.695,1780.491,1743.634,1763.771,2017.48,2174.127,2319.881,2536.642,2586.493,2766.973,2865.431,2861.169,2902.283,2630.488,2440.55,2278.494,2060.384,1817.606,1614.143,1260.471,1279.752,1147.526,1155.096,1060.01,994.743,989.129,963.213,1024.985,891.891,877.496,891.421,790.91,656.569,507.521,504.781,352.142,306.061,245.351,145.828,113.902,67.267,47.383,29.332,11.17,9.473,3.644,0,0,0,0,0,0,0,0,0,0,0,0,0,0,0,0,0,0,0,0,0,0,0,0,0,0,0,0,0,0,0,0,0,0,0,1.318,1.619,2.717,3.592,4.325,5.086,6.128,6.611,6.843,7.761,7.638,7.86,7.993,8.459,9.116,9.35,10.487,11.307,12.565,15.585,18.215,20.866,24.464,26.501,29.845,32.573,34.152,36.045,34.457,33.538,32.767,32.033,29.78,28.401,24.948,25.985,25.666,25.403,24.237,23.761,22.408,20.945,20.842,17.666,16.505,15.73,13.128,10.602,8.002,7.579,5.083,4.323,3.344,2.002,1.479,0.856,0.592,0.359,0.133,0.111,0.041,0.034,0,0,0,0
2026-09-25 05:05:00,1,"Normal Scan","Normal Scan",0,"ON",1,1,1,735.8,5,17.2,98.2,54.9,0.0000000676977,0.0000180463,4.97,8976.18,8.8,736.5,1,"Up Scan","Positive",254,0,4.37,1.6,8,8,0,1,1,31.774,57.753,34.697,9.647,2.647,3358.94,58,15.9,NA,0,0,0,0,0,0,0,0,0,0,0,0,0,0,0,0,0,0,0,0,0,0,0,0,0,0,0,0,0,0,0,5748.292,5009.102,4483.044,4341.06,4160.556,3607.669,3155.381,3081.144,3030.904,2824.669,2541.232,2402.812,2141.857,1872.618,1696.232,1735.915,1808.277,1851.929,1847.294,2028.247,2232.091,2493.864,2636.593,2875.006,2890.682,2904.996,2864.368,2727.989,2545.043,2020.935,2042.4,1763.825,1620.686,1336.139,1279.119,1195.978,1030.056,975.441,932.907,1039.476,1016.007,989.088,992.935,949.945,901.125,728.057,670.337,574.098,516.997,391.025,295.254,229.283,161.623,106.709,84.824,45.743,27.733,10.113,15.669,3.603,0,0,0,0,0,0,0,0,0,0,0,0,0,0,0,0,0,0,0,0,0,0,0,0,0,0,0,0,0,0,0,0,0,0,0,1.6,2.345,2.981,3.574,4.524,5.476,5.845,6.118,7.043,8.047,8.571,8.726,9.268,9.246,8.984,9.038,10.188,11.698,13.13,14.424,17.111,20.245,24.002,27.08,30.882,32.471,34.6,35.56,35.61,34.687,29.892,31.407,28.777,28.276,26.113,26.537,25.972,24.309,23.835,22.637,23.34,21.775,20.645,19.327,17.531,15.789,12.376,10.787,9.063,7.705,5.641,4.194,3.161,2.178,1.39,1.081,0.572,0.339,0.121,0.184,0.041,0.034,0,0,0,0
2026-09-25 05:10:00,1,"Normal Scan","Normal Scan",0,"ON",1,1,1,735.8,5,17.2,98.2,55.4,0.0000000676977,0.0000180463,4.97,8976.18,8.8,736.5,1,"Up Scan","Positive",254,0,4.37,1.6,8,8,0,1,1,22.311,51.249,29.512,9.647,2.693,3871.83,59,15.9,NA,0,0,0,0,0,0,0,0,0,0,0,0,0,0,0,0,0,0,0,0,0,0,0,0,0,0,0,0,0,0,0,11312.645,8343.423,7860.534,6514.227,5206.054,4551.017,3974.913,3502.951,3063.809,2689.004,2424.7,2217.691,2074.524,1727.324,1752.887,1546.021,1641.918,1743.592,1751.417,1996.771,2216.458,2516.249,2698.487,2858.558,2922.298,2882.96,2838.357,2598.133,2505.325,2242.146,1992.395,1655.595,1560.3,1292.476,1191.217,1177.028,1049.243,1072.222,995.555,1105.446,1095.764,1054.854,936.168,949.11,858.058,734.503,635.933,485.863,510.537,372.121,304.52,225.787,177.626,122.802,82.679,40.208,18.648,14.221,13.23,0,0,0,0,0,0,0,0,0,0,0,0,0,0,0,0,0,0,0,0,0,0,0,0,0,0,0,0,0,0,0,0,0,0,0,0,3.767,4.641,4.937,6.305,6.799,6.825,7.336,7.696,7.996,8.113,8.141,8.334,8.548,8.929,8.296,9.321,9.139,10.713,12.45,13.775,16.909,20.089,24.196,27.47,30.791,32.973,34.208,35.136,33.898,34.126,32.498,30.702,28.089,27.551,25.982,25.576,25.951,24.344,24.77,23.489,23.847,22.685,21.035,18.597,17.557,15.125,12.552,10.377,7.776,7.556,5.33,4.305,3.093,2.357,1.596,1.051,0.503,0.229,0.17,0.154,0,0,0,0,0,0
2026-09-25 05:15:00,1,"Normal Scan","Normal Scan",0,"ON",1,1,1,735.6,5,16.9,98.2,55.4,0.0000000676084,0.0000180318,4.97,8976.18,8.8,736.5,1,"Up Scan","Positive",254,0,4.37,1.6,8,8,0,1,1,24.964,53.391,30.872,9.647,2.707,3576.74,60,15.5,NA,0,0,0,0,0,0,0,0,0,0,0,0,0,0,0,0,0,0,0,0,0,0,0,0,0,0,0,0,0,0,0,9500.707,7628.501,6798.055,5386.72,5015.884,3992.79,3401.335,3276.119,2748.797,2503.315,2272.106,1918.831,1741.198,1495.96,1531.197,1424.299,1509.171,1644.739,1791.901,1952.334,2358.819,2432.453,2623.571,2789.043,2791.323,2876.552,2821.4,2586.287,2314.105,2165.257,1981.56,1763.931,1402.547,1287.705,1148.909,1129.661,1088.575,990.082,1124.83,971.404,984.809,903.804,894.186,852.428,849.336,743.896,611.829,576.281,470.036,396.964,273.363,221.007,167.337,126.352,81.791,51.916,39.368,19.779,5.706,3.63,0,0,0,0,0,0,0,0,0,0,0,0,0,0,0,0,0,0,0,0,0,0,0,0,0,0,0,0,0,0,0,0,0,0,0,2.469,3.85,4.529,5.466,5.619,6.573,6.458,6.582,7.479,7.305,7.582,7.799,7.413,7.525,7.222,8.178,8.499,9.884,11.811,13.996,16.494,21.215,23.496,26.684,29.885,31.634,34.079,35.129,33.493,31.84,31.463,30.34,28.938,26.081,24.951,24.402,24.499,24.276,23.38,25.132,21.951,21.083,19.437,17.815,16.04,14.967,12.744,10.052,9.082,7.134,5.847,3.847,3.019,2.256,1.643,1.04,0.648,0.481,0.237,0.067,0.041,0.017,0,0,0,0
2026-09-25 05:20:00,1,"Normal Scan","Normal Scan",0,"ON",1,1,1,735.4,5,16.7,98.2,55.5,0.000000067549,0.0000180222,4.97,8976.18,8.8,736.5,1,"Up Scan","Positive",254,0,4.37,1.6,8,8,0,1,1,33.886,58.8,35.208,9.647,2.676,3194.55,61,15.3,NA,0,0,0,0,0,0,0,0,0,0,0,0,0,0,0,0,0,0,0,0,0,0,0,0,0,0,0,0,0,0,0,5538.582,4605.394,4800.673,4318.145,4038.627,3371.333,3137.95,2923.998,2835.281,2329.061,2213.731,1993.958,1746.623,1495.498,1466.55,1511.99,1445.337,1410.565,1662.685,2071.798,2103.418,2521.354,2663.416,2636.226,2885.415,2722.053,2795.005,2542.11,2464.104,2228.19,2045.631,1793.916,1614.603,1363.093,1266.55,1140.514,1143.777,1051.17,1061.218,1018.769,851.834,985.328,904.151,857.454,844.639,746.268,686.643,578.658,466.019,363.319,297.678,226.815,161.511,106.014,74.899,41.106,31.023,16.771,3.534,3.63,0,0,0,0,0,0,0,0,0,0,0,0,0,0,0,0,0,0,0,0,0,0,0,0,0,0,0,0,0,0,0,0,0,0,0,1.474,2.264,2.738,3.86,4.487,5.325,5.45,6.109,6.694,7.505,7.049,7.618,7.716,7.535,7.202,7.864,8.917,9.53,10.276,13.032,17.44,19.096,24.173,27.143,28.631,32.722,32.731,34.855,33.46,33.966,32.413,31.326,29.617,28.473,26.472,25.347,25.027,25.434,24.228,24.019,22.841,19.889,20.063,17.823,16.05,14.987,12.72,10.889,8.978,7.029,5.341,4.101,3.115,2.177,1.383,0.954,0.513,0.379,0.202,0.041,0.041,0.017,0,0,0,0
2026-09-25 05:25:00,1,"Normal Scan","Normal Scan",0,"ON",1,1,1,735.8,5,17.2,98.2,55.6,0.0000000676977,0.0000180463,4.97,8976.18,8.8,736.5,1,"Up Scan","Positive",254,0,4.37,1.6,8,8,0,1,1,32.995,58.556,34.839,9.647,2.69,3263.22,60,15.9,NA,0,0,0,0,0,0,0,0,0,0,0,0,0,0,0,0,0,0,0,0,0,0,0,0,0,0,0,0,0,0,0,5877.654,5504.783,4609.394,4450.412,3946.71,3556.078,3470.179,2839.866,2708.126,2553.572,2291.399,2009.31,1585.217,1616.336,1558.654,1462.903,1333.501,1462.477,1633.827,1797.398,2282.145,2400.29,2654.42,2891.823,2869.282,2820.922,2749.333,2635.87,2486.596,2261.774,2059.911,1868.748,1570.262,1429.046,1281.931,1189.557,1143.504,1020.447,1050.572,1022.191,937.813,958.993,919.9,931.31,793.983,803.455,669.496,584.725,436.795,445.772,289.328,240.2,184.483,106.551,62.565,50.515,22.887,8.448,10.492,9.042,0,0,0,0,0,0,0,0,0,0,0,0,0,0,0,0,0,0,0,0,0,0,0,0,0,0,0,0,0,0,0,0,0,0,0,1.579,2.403,3.277,3.701,4.643,5.185,5.738,6.75,6.466,7.186,7.757,7.862,7.734,6.86,7.75,8.292,8.694,8.808,10.637,12.94,15.376,20.542,23.159,27.126,31.055,32.661,33.745,34.568,34.544,34.174,32.952,31.778,30.351,27.947,27.169,26.037,25.759,25.67,24.251,23.687,23.291,20.742,20.023,18.565,17.066,14.404,13.635,10.726,9.054,6.582,6.394,4.061,3.332,2.496,1.385,0.798,0.631,0.279,0.101,0.123,0.103,0.017,0,0,0,0
2026-09-25 05:30:00,1,"Normal Scan","Normal Scan",0,"ON",1,1,1,735.7,5,17.1,98.2,56.2,0.0000000676679,0.0000180415,4.97,8976.18,8.8,736.5,1,"Up Scan","Positive",254,0,4.37,1.6,8,8,0,1,1,35.095,59.561,35.302,10.366,2.721,3273.37,60,15.7,NA,0,0,0,0,0,0,0,0,0,0,0,0,0,0,0,0,0,0,0,0,0,0,0,0,0,0,0,0,0,0,0,6336.875,6676.659,5704.504,4320.373,3351.747,2857.34,2676.296,2407.63,2333.094,2073.109,1907.466,1646.916,1562.079,1523.316,1373.473,1652.224,1554.176,1657.155,1765.56,1948.533,2190.057,2483.181,2662.632,2810.95,3075.327,2943.207,3008.979,2799.129,2550.448,2360.941,2121.312,1812.613,1639.84,1468.091,1348.724,1158.647,1107.424,966.516,1017.361,1028.706,954.077,1000.793,962.865,934.815,976.822,805.596,721.175,628.018,494.975,390.853,332.048,201.648,183.219,113.978,79.305,39.571,14.729,20.194,6.986,3.589,0,0,0,0,0,0,0,0,0,0,0,0,0,0,0,0,0,0,0,0,0,0,0,0,0,0,0,0,0,0,0,0,0,0,0,1.848,2.6,3.941,4.579,4.499,4.363,4.603,5.193,5.489,6.178,6.304,6.578,6.374,6.776,7.336,7.37,9.74,10.18,11.884,13.844,16.647,19.925,24.188,27.302,30.351,34.953,35.02,37.332,36.551,35.201,34,32.479,29.725,28.632,27.87,27.325,25.786,25.484,23.801,24.487,23.48,21.393,20.891,18.996,17.656,16.61,13.746,11.58,9.647,7.34,5.688,4.644,2.775,2.476,1.485,1.012,0.493,0.18,0.242,0.082,0.041,0.05,0,0,0,0
2026-09-25 05:35:00,1,"Normal Scan","Normal Scan",0,"ON",1,1,1,735.5,5,16.8,98.2,56.1,0.0000000675787,0.000018027,4.97,8976.18,8.8,736.5,1,"Up Scan","Positive",254,0,4.37,1.6,8,8,0,1,1,36.389,61.369,37.222,10.366,2.651,3154.43,61,15.3,NA,0,0,0,0,0,0,0,0,0,0,0,0,0,0,0,0,0,0,0,0,0,0,0,0,0,0,0,0,0,0,0,4262.39,4423.508,3854.988,3962.446,2976.246,3053.191,3029.136,2854.769,2584.243,2453.487,2553.094,2370.685,2205.453,1918.013,1781.952,1606.973,1566.931,1456.638,1656.164,1853.265,2134.267,2400.496,2702.543,2692.329,2720.389,3035.267,2781.014,2753.021,2550.766,2368.193,2113.476,1820.052,1601.674,1362.746,1290.855,1212.46,1145.129,1047.076,1011.085,1010.119,980.899,971.318,945.862,906.583,819.115,778.416,746.665,604.064,525.339,392.841,340.141,263.145,199.411,109.369,72.849,48.907,34.44,15.225,5.218,5.425,0,0,0,0,0,0,0,0,0,0,0,0,0,0,0,0,0,0,0,0,0,0,0,0,0,0,0,0,0,0,0,0,0,0,0,1.125,1.728,2.62,3.119,4.147,3.939,4.936,5.903,6.527,6.887,7.477,8.767,9.139,9.497,9.154,9.462,9.474,10.208,10.594,13.024,15.717,19.548,23.194,27.619,29.29,31.322,36.01,34.827,36.005,34.926,34.041,32.608,29.88,28.28,26.49,26.367,26.154,25.942,24.633,23.693,23.349,22.143,20.655,18.651,17.262,14.891,13.486,11.991,9.318,7.78,5.778,4.779,3.621,2.638,1.422,0.933,0.611,0.419,0.182,0.061,0.062,0,0,0,0,0
2026-09-25 05:40:00,1,"Normal Scan","Normal Scan",0,"ON",1,1,1,735.7,5,17,98.2,55.8,0.0000000676382,0.0000180366,4.97,8976.18,8.8,736.5,1,"Up Scan","Positive",254,0,4.37,1.6,8,8,0,1,1,35.722,60.496,36.546,11.14,2.654,3293.06,60,15.7,NA,0,0,0,0,0,0,0,0,0,0,0,0,0,0,0,0,0,0,0,0,0,0,0,0,0,0,0,0,0,0,0,4405.056,4824.426,4938.064,3705.594,3236.203,3678.517,3283.205,2999.674,2911.179,2444.855,2269.92,2046.123,2026.196,1828.916,1665.937,1808.204,1784.498,1667.262,1720.315,2117.164,2374.156,2553.863,2850.122,2843.054,3035.305,3028.021,2912.585,2770.182,2587.597,2324.92,2138.609,1757.763,1727.164,1451.991,1291.498,1185.86,1120.834,1061.52,1036.694,957.714,946.376,955.858,897.96,1041.899,920.069,826.147,753.821,645.242,497.458,451.309,306.679,228.188,200.414,142.218,65.636,41.227,48.934,20.194,12.176,5.37,0,0,0,0,0,0,0,0,0,0,0,0,0,0,0,0,0,0,0,0,0,0,0,0,0,0,0,0,0,0,0,0,0,0,0,1.269,1.815,2.875,3.949,3.874,4.274,5.962,6.379,6.866,7.718,7.446,7.814,7.925,8.753,8.767,8.896,10.642,11.581,12.02,13.56,17.883,21.434,24.648,29.014,30.781,34.415,35.991,36.279,36.269,35.49,33.476,32.878,29.203,29.764,27.566,26.602,25.835,25.433,25.874,24.675,22.734,21.913,20.418,18.599,18.869,16.198,14.274,12.257,9.804,7.598,6.661,4.337,3.149,2.656,1.85,0.837,0.513,0.599,0.242,0.143,0.062,0,0,0,0,0
2026-09-25 05:45:00,1,"Normal Scan","Normal Scan",0,"ON",1,1,1,736,5,17.4,98.2,56,0.0000000677571,0.0000180559,4.97,8976.18,8.8,736.5,1,"Up Scan","Positive",254,0,4.37,1.6,8,8,0,1,1,25.4,53.69,31.855,9.647,2.621,3927.11,59,16,NA,0,0,0,0,0,0,0,0,0,0,0,0,0,0,0,0,0,0,0,0,0,0,0,0,0,0,0,0,0,0,0,6592.275,6510.827,5853.733,5734.809,5291.634,5063.043,4491.852,4341.295,4000.987,3811.626,3285.253,2860.979,2639.07,2496.106,2116.117,2077.61,2055.767,1935.62,1965.814,2098.235,2360.839,2488.595,2787.377,2865.36,3108.899,3059.465,2962.194,2815.361,2678.115,2401.465,2135.35,1920.114,1623.897,1477.761,1268.265,1181.659,1097.79,1005.51,1023.338,1003.4,929.254,1024.33,998.598,1012.307,925.218,842.645,713.673,637.559,532.578,426.992,350.819,265.093,182.726,136.355,92.979,51.522,30.038,11.752,10.43,5.37,0,0,0,0,0,0,0,0,0,0,0,0,0,0,0,0,0,0,0,0,0,0,0,0,0,0,0,0,0,0,0,0,0,0,0,1.9,2.709,3.819,4.74,5.979,6.934,8.162,8.723,9.903,10.579,11.537,11.269,11.039,11.332,11.908,11.202,12.132,13.193,13.743,15.25,17.798,21.36,24.134,28.509,31.099,35.161,36.335,36.99,36.766,36.59,34.369,32.696,31.013,28.654,28.077,26.172,26.242,25.597,24.915,24.687,23.56,21.382,21.657,19.833,19,16.568,14.32,11.659,9.995,7.969,6.217,4.898,3.64,2.473,1.774,1.183,0.643,0.366,0.142,0.122,0.062,0.05,0,0,0,0
2026-09-25 05:50:00,1,"Normal Scan","Normal Scan",0,"ON",1,1,1,736.5,5,18.2,98.1,55.8,0.0000000680644,0.0000180944,4.97,8976.18,8.8,736.5,1,"Up Scan","Positive",254,0,4.37,1.6,8,8,0,1,1,36.344,61.174,37.401,12.864,2.615,3313.29,57,16.9,NA,0,0,0,0,0,0,0,0,0,0,0,0,0,0,0,0,0,0,0,0,0,0,0,0,0,0,0,0,0,0,0,3862.993,3520.785,3609.908,3318.093,4096.805,3916.768,3696.615,3395.558,2910.982,2615.518,2557.201,2277.745,2322.344,2102.273,1920.965,1692.005,1758.797,1679.815,1905.642,2183.024,2346.9,2564.749,2948.298,2835.43,3055.618,3033.327,2976.419,2887.103,2734.702,2407.796,2192.865,1852.5,1685.987,1399.088,1364.216,1106.689,1035.877,1052.204,991.882,921.647,1006.495,972.221,960.88,947.446,958.22,845.383,808.482,656.313,576.299,412.053,370.966,243.933,201.763,123.852,94.455,47.522,33.824,17.332,7,3.589,0,0,0,0,0,0,0,0,0,0,0,0,0,0,0,0,0,0,0,0,0,0,0,0,0,0,0,0,0,0,0,0,0,0,0,0.893,1.564,2.061,2.894,3.477,5.387,6.325,7.176,7.749,7.703,7.922,8.764,8.789,9.989,10.013,10.188,9.977,11.423,12.119,14.833,18.379,21.219,24.786,30.024,30.801,34.712,36.14,37.069,37.431,37.069,34.701,32.933,30.418,29.15,26.581,27.724,25.081,24.704,25.366,24.409,22.697,22.724,21.221,19.418,18.118,16.963,14.413,13,10.112,8.661,5.951,5.205,3.343,2.671,1.608,1.205,0.591,0.414,0.207,0.082,0.041,0,0,0,0,0
2026-09-25 05:55:00,1,"Normal Scan","Normal Scan",0,"ON",1,1,1,737.2,5,19,98.2,55.5,0.0000000682332,0.0000181329,4.97,8976.18,8.8,736.5,1,"Up Scan","Positive",254,0,4.37,1.6,8,8,0,1,1,37.086,62.15,37.591,11.14,2.645,3152.07,55,17.9,NA,0,0,0,0,0,0,0,0,0,0,0,0,0,0,0,0,0,0,0,0,0,0,0,0,0,0,0,0,0,0,0,3056.745,3250.111,4354.713,3856.17,3658.448,3498.116,3396.124,3506.44,2756.986,2921.956,2343.389,2151.3,1962.003,1688.667,1539.887,1406.447,1388.554,1558.073,1725.834,2068.269,2113.103,2551.184,2717.144,2779.662,2946.142,3021.064,2906.262,2774.275,2580.502,2397.721,2096.96,1690.307,1505.123,1362.868,1184.345,1044.398,985.448,960.262,964.461,974.673,919.41,970.038,947.143,1009.533,917.793,837.369,776.598,647.349,595.592,434.106,328.399,264.403,204.392,163.719,68.48,72.809,35.878,16.854,8.684,3.576,0,0,0,0,0,0,0,0,0,0,0,0,0,0,0,0,0,0,0,0,0,0,0,0,0,0,0,0,0,0,0,0,0,0,0,0.612,1.283,1.913,3.474,4.024,4.83,5.635,6.546,7.987,7.272,8.832,8.024,8.272,8.433,8.096,8.24,8.328,9.183,11.24,13.561,17.405,19.372,24.567,27.691,30.198,33.46,35.689,35.798,35.951,34.934,33.94,31.629,27.783,26.697,26.192,24.928,24.059,23.799,24.286,23.945,23.28,21.599,21.16,19.326,18.804,16.467,14.433,12.799,9.9,9.032,6.309,4.614,3.607,2.705,2.127,0.873,0.906,0.438,0.202,0.102,0.041,0,0,0,0,0
2026-09-25 06:00:00,1,"Normal Scan","Normal Scan",0,"ON",1,1,1,737.3,5,19.1,98.2,55.4,0.0000000682629,0.0000181377,4.97,8976.18,8.8,736.5,1,"Up Scan","Positive",254,0,4.37,1.6,8,8,0,1,1,32.035,59.437,35.217,11.14,2.677,3321.65,54,18,NA,0,0,0,0,0,0,0,0,0,0,0,0,0,0,0,0,0,0,0,0,0,0,0,0,0,0,0,0,0,0,0,3986.647,3904.967,5085.542,4799.185,4568.128,4287.968,4008.404,3822.964,3124.04,3028.344,2619.794,2080.19,1703.987,1675.261,1483.171,1356.752,1368.13,1463.926,1607.729,1821.017,2007.334,2424.883,2660.013,2852.407,2890.406,2910.424,2849.041,2748.496,2545.647,2331,2129.595,1811.179,1581.657,1415.654,1166.959,1059.309,1018.695,889.083,868.09,902.708,1030.4,1006.807,1007.13,965.71,995.722,911.091,796.011,678.126,529.093,420.53,300.462,235.21,178.276,155.954,94.47,48.755,47.364,15.635,10.08,7.165,0,0,0,0,0,0,0,0,0,0,0,0,0,0,0,0,0,0,0,0,0,0,0,0,0,0,0,0,0,0,0,0,0,0,0,0.81,1.641,2.315,4.073,5.01,5.998,6.901,7.736,8.693,8.242,9.135,8.962,8.001,7.35,8.012,7.897,8.03,9.024,10.61,12.733,15.553,18.39,23.436,27.298,30.792,32.849,34.665,35.456,35.801,34.426,33.233,31.992,29.244,27.436,26.593,25.222,24.644,24.743,23.038,22.52,22.946,23.25,21.329,20.076,17.865,17.355,15.174,13.156,10.578,7.907,6.122,4.255,3.27,2.358,2.022,1.204,0.61,0.578,0.186,0.118,0.082,0,0,0,0,0
2026-09-25 06:05:00,1,"Normal Scan","Normal Scan",0,"ON",1,1,1,736.8,5,18.5,98.2,54.4,0.0000000680844,0.0000181089,4.97,8976.18,8.8,736.5,1,"Up Scan","Positive",254,0,4.37,1.6,8,8,0,1,1,26.505,54.37,32.906,11.971,2.585,4159.24,55,17.4,NA,0,0,0,0,0,0,0,0,0,0,0,0,0,0,0,0,0,0,0,0,0,0,0,0,0,0,0,0,0,0,0,4604.463,4850.039,5904.002,6199.666,6166.721,6046.798,5676.832,5205.416,4587.394,4509.585,3678.809,3007.527,2584.467,2421.966,2088.648,1914.266,1781.646,1809.562,2046.365,2134.044,2546.652,2889.06,3125.807,3241.629,3440.706,3515.778,3337.523,3076.916,2995.173,2615.348,2432.051,2161.982,1980.459,1677.49,1531.532,1307.205,1294.555,1156.956,1001.03,1090.72,1023.131,1069.414,1042.429,982.648,988.543,848.937,781.159,631.205,571.325,441.949,279.318,239.745,224.14,115.698,93.478,53.666,39.264,16.84,6.958,8.946,0,0,0,0,0,0,0,0,0,0,0,0,0,0,0,0,0,0,0,0,0,0,0,0,0,0,0,0,0,0,0,0,0,0,0,1.037,1.882,2.854,4.778,6.467,8.107,9.757,10.974,11.865,12.13,13.615,12.616,11.565,11.105,11.547,11.043,11.253,11.647,13.065,16.006,18.243,23.194,27.847,31.961,35.045,38.876,41.681,41.79,40.732,40.927,37.579,37.197,35.106,33.446,31.088,30.406,28.369,28.833,27.015,24.629,25.045,22.901,22.494,20.644,18.033,17.241,14.803,12.343,10.04,8.538,6.49,3.927,3.323,3.019,1.505,1.187,0.67,0.478,0.202,0.082,0.103,0.048,0,0,0,0
2026-09-25 06:10:00,1,"Normal Scan","Normal Scan",0,"ON",1,1,1,736.5,5,18.1,98.2,53.7,0.0000000679654,0.0000180896,4.97,8976.18,8.8,736.5,1,"Up Scan","Positive",254,0,4.37,1.6,8,8,0,1,1,25.94,53.528,32.364,11.14,2.571,3926.32,56,16.9,NA,0,0,0,0,0,0,0,0,0,0,0,0,0,0,0,0,0,0,0,0,0,0,0,0,0,0,0,0,0,0,0,4722,5608.896,5757.73,5193.723,5429.844,5038.144,4898.071,4942.696,4383.2,4198.043,3629.376,3313.197,2814.134,2404.592,2107.024,1883.827,1820.212,1930.357,1967.819,2339.066,2582.955,2720.415,2928.198,3187.704,3193.186,3098.194,3199.069,2990.505,2675.815,2405.536,2267.524,1858.278,1568.457,1369.262,1210.233,1060.838,985.648,961.912,986.013,953.965,934.479,959.257,1017.903,986.855,922.12,839.767,761.021,637.051,496.896,455.969,349.756,230.699,163.324,126.904,73.495,41.059,30.961,16.868,7,5.357,0,0,0,0,0,0,0,0,0,0,0,0,0,0,0,0,0,0,0,0,0,0,0,0,0,0,0,0,0,0,0,0,0,0,0,1.64,1.903,3.28,4.603,5.396,7.127,8.17,9.51,11.271,11.595,12.702,12.423,12.73,12.09,11.458,11.173,11.107,11.837,13.767,15.421,19.615,23.203,26.313,29.912,34.19,36.023,36.817,39.408,38.459,36.07,34.373,33.774,29.672,27.869,26.319,25.207,24.191,24.332,23.948,24.017,22.976,21.501,20.117,20.198,18.586,16.209,13.997,12.24,9.83,7.427,6.559,4.895,3.187,2.181,1.649,0.936,0.512,0.379,0.202,0.082,0.062,0.016,0,0,0,0
2026-09-25 06:15:00,1,"Normal Scan","Normal Scan",0,"ON",1,1,1,736.3,5,17.8,98.2,53.4,0.0000000678761,0.0000180752,4.97,8976.18,8.8,736.5,1,"Up Scan","Positive",254,0,4.37,1.6,8,8,0,1,1,26.358,52.6,32.699,14.855,2.484,4153.82,57,16.5,NA,0,0,0,0,0,0,0,0,0,0,0,0,0,0,0,0,0,0,0,0,0,0,0,0,0,0,0,0,0,0,0,3869.483,3990.716,4230.421,5166.425,5475.812,5561.976,5832.66,5551.717,5311.762,5054.96,4520.607,3864.242,3506.134,3180.196,2979.323,2581.393,2493.947,2362.771,2279.371,2410.493,2766.255,2892.305,3113.874,3150.285,3159.536,3382.801,3185.844,3084.542,2776.664,2594.965,2132.454,1932.525,1687.818,1462.741,1231.174,1113.238,1064.232,1023.886,993.073,974.506,961.561,1047.47,908.963,972.89,916.01,869.198,737.67,594.334,509.359,388.143,314.118,270.454,165.764,114.11,95.985,53.297,29.763,10.132,10.381,5.384,0,0,0,0,0,0,0,0,0,0,0,0,0,0,0,0,0,0,0,0,0,0,0,0,0,0,0,0,0,0,0,0,0,0,0,1.091,1.588,2.369,3.412,5.412,7.225,8.996,11.299,12.678,14.03,15.318,15.503,14.897,15.059,15.129,15.663,15.029,15.947,16.671,17.608,20.164,24.862,27.749,31.646,33.972,35.933,39.819,39.333,39.914,37.474,36.667,32.422,31.113,29.434,27.504,25.791,25.376,24.546,24.797,24.094,23.082,21.824,21.302,18.16,18.236,16.352,14.481,11.803,9.495,7.578,5.627,4.444,3.69,2.23,1.484,1.22,0.666,0.363,0.121,0.122,0.062,0.016,0,0,0,0
2026-09-25 06:20:00,1,"Normal Scan","Normal Scan",0,"ON",1,1,1,736.1,5,17.5,98.2,53.6,0.0000000677869,0.0000180607,4.97,8976.18,8.8,736.5,1,"Up Scan","Positive",254,0,4.37,1.6,8,8,0,1,1,25.497,49.077,31.077,13.824,2.416,4858.97,58,16.3,NA,0,0,0,0,0,0,0,0,0,0,0,0,0,0,0,0,0,0,0,0,0,0,0,0,0,0,0,0,0,0,0,4839.165,5060.662,5408.238,6407.601,6750.774,7064.837,6514.035,6040.748,6042.122,5774.303,5241.508,4535.377,4277.673,3792.298,3523.204,3367.042,3449.032,3428.797,3502.328,3495.355,3501.223,3621.778,3410.339,3539.174,3616.766,3474.121,3450.191,3290.884,3054.915,2659.855,2428.706,2108.598,1678.359,1479.392,1306.038,1159.778,1051.164,1123.148,1008.646,1040.837,959.151,935.305,975.105,924.77,920.861,850.81,766.526,649.747,532.146,434.108,334.678,206.724,182.228,104.712,88.599,41.089,38.55,15.995,5.205,1.795,0,0,0,0,0,0,0,0,0,0,0,0,0,0,0,0,0,0,0,0,0,0,0,0,0,0,0,0,0,0,0,0,0,0,0,1.072,2,3.027,4.336,6.684,8.94,11.396,12.644,13.871,15.992,17.481,17.999,17.533,18.415,18.154,18.635,19.583,21.915,23.733,26.37,28.518,30.849,34.23,34.646,38.04,40.628,41.246,42.652,42.021,41.111,37.726,36.207,33.681,29.344,28.209,26.643,25.513,24.898,26.103,24.214,24.379,21.687,20.446,19.403,17.487,15.932,14.4,12.148,10.107,7.927,6.348,4.705,2.812,2.467,1.362,1.128,0.512,0.47,0.191,0.061,0.021,0.05,0,0,0,0
2026-09-25 06:25:00,1,"Normal Scan","Normal Scan",0,"ON",1,1,1,735.9,5,17.3,98.2,53.8,0.0000000677274,0.0000180511,4.97,8976.18,8.8,736.5,1,"Up Scan","Positive",254,0,4.37,1.6,8,8,0,1,1,23.639,47.628,29.766,12.864,2.434,5033.91,58,16.1,NA,0,0,0,0,0,0,0,0,0,0,0,0,0,0,0,0,0,0,0,0,0,0,0,0,0,0,0,0,0,0,0,6293.15,6153.356,6735.709,7131.26,7501.633,7059.163,7193.019,6603.998,6475.894,5641.479,5136.448,4611.708,4238.773,3856.403,3852.878,3292.557,3008.823,3119.916,3233.062,3428.966,3344.941,3589.931,3628.973,3736.452,3466.125,3559.707,3191.368,3091.049,2914.027,2503.035,2240.292,2002.461,1744.843,1469.808,1408.483,1320.813,1080.515,1093.04,1042.314,1020.259,1021.47,965.796,946.043,953.508,886.581,831.604,811.784,650.19,570.736,389.998,325.651,252.671,186.461,113.861,76.298,45.885,21.163,11.83,5.232,1.781,0,0,0,0,0,0,0,0,0,0,0,0,0,0,0,0,0,0,0,0,0,0,0,0,0,0,0,0,0,0,0,0,0,0,0,1.443,2.6,3.68,5.413,7.459,9.879,11.429,13.976,15.108,17.129,17.092,17.667,17.77,18.23,18.4,20.297,19.113,19.287,21.835,24.537,27.999,29.612,33.675,36.376,39.618,39.008,41.809,39.676,39.948,39.519,36.32,34.312,32.345,30.253,28.101,28.371,27.932,25.221,25.72,24.934,23.84,22.803,21.159,18.807,17.689,15.854,14.029,12.908,9.97,8.502,5.576,4.548,3.444,2.49,1.478,0.973,0.572,0.259,0.141,0.061,0.021,0.017,0,0,0,0
2026-09-25 06:30:00,1,"Normal Scan","Normal Scan",0,"ON",1,1,1,735.7,5,17,98.2,54.2,0.0000000676382,0.0000180366,4.97,8976.18,8.8,736.5,1,"Up Scan","Positive",254,0,4.37,1.6,8,8,0,1,1,22.178,48.925,29.886,12.864,2.483,4660.91,59,15.9,NA,0,0,0,0,0,0,0,0,0,0,0,0,0,0,0,0,0,0,0,0,0,0,0,0,0,0,0,0,0,0,0,4553.53,5767.226,6619.265,7003.394,7318.636,7286.316,6831.544,6939.934,6494.87,5872.447,5177.505,4488.459,3780.715,3042.855,2702.2,2448.792,2222.986,2421.455,2539.776,2599.638,2709.63,2940.837,3194.096,3234.059,3183.024,3234.896,3183.113,3008.255,2747.075,2509.761,2242.451,1970.933,1688.617,1561.868,1246.445,1204.397,996.29,1090.455,1115.133,917.197,969.479,1004.268,949.448,911.216,877.455,755.118,764.666,681.175,513.299,441.952,347.186,267.569,219.462,132.926,104.031,63.377,30.258,5.035,13.969,7.247,0,0,0,0,0,0,0,0,0,0,0,0,0,0,0,0,0,0,0,0,0,0,0,0,0,0,0,0,0,0,0,0,0,0,0,1.248,1.88,3.409,5.354,7.33,9.623,11.812,13.269,15.861,17.195,17.787,17.73,17.264,16.222,14.519,14.265,14.289,14.344,17.105,19.425,21.614,24.321,28.195,32.336,34.757,36.094,38.407,39.476,39.081,37.482,35.863,33.783,31.781,29.947,28.817,25.728,26.327,23.965,25.631,25.534,21.975,22.636,21.377,19.29,17.591,15.982,13.289,12.446,10.758,7.826,6.31,4.871,3.685,3.011,1.728,1.328,0.792,0.371,0.061,0.163,0.083,0.067,0,0,0,0
2026-09-25 06:35:00,1,"Normal Scan","Normal Scan",0,"ON",1,1,1,735.7,5,17.1,98.2,54.3,0.0000000676679,0.0000180415,4.97,8976.18,8.8,736.5,1,"Up Scan","Positive",254,0,4.37,1.6,8,8,0,1,1,19.485,43.265,26.489,14.855,2.412,5698.36,59,16.1,NA,0,0,0,0,0,0,0,0,0,0,0,0,0,0,0,0,0,0,0,0,0,0,0,0,0,0,0,0,0,0,0,7958.951,9104.86,9308.578,9349.01,9416.509,9350.46,9711.453,9139.541,8397.297,7638.72,7068.298,5646.016,4919.54,4433.11,3970.719,3341.288,3112.279,2542.715,2388.486,2415.881,2526.764,2680.802,2978.069,3069.036,3171.046,3225.282,3058.906,3089.199,2824.499,2603.135,2436.547,2199.161,1815.574,1629.541,1348.356,1188.677,1041.763,1041.997,1021.497,981.162,927.302,996.443,983.245,908.884,892.976,878.175,786.159,680.256,522.367,453.187,330.997,294.359,195.186,150.978,88.378,44.216,42.339,18.579,5.205,3.603,0,0,0,0,0,0,0,0,0,0,0,0,0,0,0,0,0,0,0,0,0,0,0,0,0,0,0,0,0,0,0,0,0,0,0,1.928,3.253,5.384,7.484,9.779,12.384,15.169,18.842,20.873,22.232,23.156,24.229,21.733,21.067,21.006,20.709,19.216,19.605,17.791,18.308,20.199,22.819,25.888,30.591,33.305,36.165,38.806,38.45,40.379,38.692,36.976,36.333,34.487,31.286,29.957,27.117,26.28,24.984,24.82,24.738,23.426,22.19,21.333,19.894,17.324,16.364,14.932,12.916,10.432,7.907,6.566,4.65,3.992,2.605,1.964,1.129,0.552,0.519,0.222,0.061,0.041,0,0,0,0,0
2026-09-25 06:40:00,1,"Normal Scan","Normal Scan",0,"ON",1,1,1,736,5,17.4,98.2,55.1,0.0000000677571,0.0000180559,4.97,8976.18,8.8,736.5,1,"Up Scan","Positive",254,0,4.37,1.6,8,8,0,1,1,20.284,44.118,26.941,11.971,2.428,5680.36,59,16.1,NA,0,0,0,0,0,0,0,0,0,0,0,0,0,0,0,0,0,0,0,0,0,0,0,0,0,0,0,0,0,0,0,8907.646,8767.565,9395.088,9664.247,8566.342,8341.022,8303.608,8124.919,7572.446,7590.716,6941.086,6392.867,5555.481,5012.44,4360.113,3765.023,2954.52,2644.342,2602.581,2466.684,2563.484,2770.572,2972.494,3063.243,3205.138,3101.656,3182.138,3013.121,2851.002,2749.095,2353,2026.609,1822.124,1670.158,1478.302,1194.346,1051.406,1127.497,1074.638,1007.439,1021.23,1004.876,1040.101,948.145,936.773,890.956,796.342,670.636,601.009,448.934,377.491,281.694,165.965,158.361,107.865,57.16,17.959,16.84,15.766,7.165,0,0,0,0,0,0,0,0,0,0,0,0,0,0,0,0,0,0,0,0,0,0,0,0,0,0,0,0,0,0,0,0,0,0,0,2.397,3.648,5.202,7.534,10.063,11.313,13.506,16.119,18.585,20.087,23.044,23.814,24.579,23.775,23.706,22.717,21.555,18.686,18.44,19.79,20.592,23.059,26.708,30.44,33.318,36.729,37.324,39.626,39.433,39.29,39.013,35.456,32.818,31.492,30.713,29.524,26.633,25.507,26.35,25.921,24.302,23.294,21.895,20.903,18.392,16.899,14.831,13.082,10.638,8.965,6.45,5.297,3.945,2.249,2.06,1.374,0.713,0.219,0.202,0.184,0.083,0.05,0,0,0,0
2026-09-25 06:45:00,1,"Normal Scan","Normal Scan",0,"ON",1,1,1,735.8,5,17.2,98.2,55.4,0.0000000676977,0.0000180463,4.97,8976.18,8.8,736.5,1,"Up Scan","Positive",254,0,4.37,1.6,8,8,0,1,1,22.959,49.96,30.425,10.366,2.516,4649.71,60,15.8,NA,0,0,0,0,0,0,0,0,0,0,0,0,0,0,0,0,0,0,0,0,0,0,0,0,0,0,0,0,0,0,0,5976.695,6695.104,6626.881,6191.309,6438.641,6535.938,6508.517,6314.096,5982.362,5694.622,4963.771,4428.041,3827.471,3401.812,2922.742,2509.173,2321.511,2064.53,2115.702,2382.789,2592.251,2813.532,3159.844,3142.463,3148.59,3375.457,3320.957,3071.737,3074.102,2638.528,2486.273,2144.885,1971.599,1714.064,1425.734,1288.174,1116.46,1152.071,1046.647,931.621,998.147,977.384,979.683,964.622,922.981,943.117,800.336,635.873,519.72,449.806,334.231,254.403,161.567,125.525,84.431,78.433,17.96,15.128,3.493,7.247,0,0,0,0,0,0,0,0,0,0,0,0,0,0,0,0,0,0,0,0,0,0,0,0,0,0,0,0,0,0,0,0,0,0,0,1.63,2.441,3.97,5.334,6.484,8.464,10.608,12.633,14.458,15.856,17.278,17.02,17.073,16.39,16.128,15.35,14.578,14.89,14.73,16.453,19.97,23.509,27.201,32.242,34.223,36.225,40.368,41.476,40.462,41.768,38.019,37.119,34.364,33.582,31.043,28.44,27.748,26.12,26.75,24.929,23.429,22.633,20.858,19.548,18.252,16.473,15.507,12.859,9.97,7.907,6.448,4.634,3.466,2.208,1.631,1.077,0.979,0.22,0.182,0.041,0.083,0.017,0,0,0,0
2026-09-25 06:50:00,1,"Normal Scan","Normal Scan",0,"ON",1,1,1,735.6,5,16.9,98.2,55.7,0.0000000676084,0.0000180318,4.97,8976.18,8.8,736.5,1,"Up Scan","Positive",254,0,4.37,1.6,8,8,0,1,1,21.904,46.954,28.792,9.647,2.458,4902.05,61,15.6,NA,0,0,0,0,0,0,0,0,0,0,0,0,0,0,0,0,0,0,0,0,0,0,0,0,0,0,0,0,0,0,0,7893.201,7313.135,6897.552,6224.651,6380.935,6578.634,6686.584,6840.994,6308.113,6504.393,6204.028,5202.795,4657.656,4099.884,3633.247,3129.031,2817.068,2636.506,2576.529,2596.372,2633.701,2755.377,2934.187,3026.021,3055.903,3079.747,3035.174,2742.505,2736.088,2515.164,2276.362,2056.78,1815.796,1561.058,1325.682,1257.153,1037.463,975.272,977.109,934.957,1012.456,944.444,926.988,928.721,897.751,759.872,733.366,656.339,537.757,456.078,342.161,256.639,189.558,118.398,63.328,63.235,27.852,25.357,7.013,5.425,0,0,0,0,0,0,0,0,0,0,0,0,0,0,0,0,0,0,0,0,0,0,0,0,0,0,0,0,0,0,0,0,0,0,0,1.941,3.263,4.318,5.543,6.538,8.414,10.687,12.987,15.686,16.73,19.708,21.291,20.001,19.959,19.449,19.031,18.054,17.877,18.379,19.606,21.486,23.576,26.462,29.78,32.704,34.966,36.944,38.088,36.16,37.433,36.218,34.365,32.462,30.849,28.812,27.2,26.737,24.315,24.087,23.688,21.911,22.759,20.681,18.932,17.773,16.085,13.186,11.737,10.118,8.098,6.649,4.849,3.527,2.561,1.541,0.806,0.789,0.339,0.303,0.082,0.062,0.034,0,0,0,0
2026-09-25 06:55:00,1,"Normal Scan","Normal Scan",0,"ON",1,1,1,735.4,5,16.7,98.2,55.9,0.000000067549,0.0000180222,4.97,8976.18,8.8,736.5,1,"Up Scan","Positive",254,0,4.37,1.6,8,8,0,1,1,21.099,47.252,28.565,9.647,2.496,4461.9,62,15.3,NA,0,0,0,0,0,0,0,0,0,0,0,0,0,0,0,0,0,0,0,0,0,0,0,0,0,0,0,0,0,0,0,7245.501,6824.782,6394.681,6683.406,6574.362,6587.201,6015.913,6328.594,6235.127,5959.15,4876.232,4634.745,4177.093,3433.314,2832.019,2054.748,2007.837,1944.901,2038.6,2134.794,2250.438,2407.757,2655.438,2866.416,2885.697,2795.852,2705.132,2706.111,2567.122,2363.153,2108.716,1905.551,1611.421,1341.118,1256.336,1117.356,1018.106,904.131,866.858,950.458,898.87,947.99,894.209,891.325,900.115,834.656,697.69,588.563,508.27,415.618,311.358,231.292,134.635,117.366,50.999,40.88,19.643,15.156,8.642,7.233,0,0,0,0,0,0,0,0,0,0,0,0,0,0,0,0,0,0,0,0,0,0,0,0,0,0,0,0,0,0,0,0,0,0,0,1.848,2.989,4.057,5.147,6.973,8.687,10.696,11.711,14.45,16.524,18.05,16.723,17.804,17.895,16.28,14.842,11.967,12.886,13.755,15.771,17.908,20.268,23.231,27.228,31.04,32.896,33.612,34.04,35.294,34.952,33.804,31.786,30.636,27.5,25.583,25.592,24.804,23.678,22.415,22.021,22.524,20.497,19.776,18.022,16.727,15.725,13.678,11.298,8.992,7.465,5.997,4.402,3.171,1.836,1.527,0.652,0.513,0.24,0.182,0.102,0.083,0.034,0,0,0,0
2026-09-25 07:00:00,1,"Normal Scan","Normal Scan",0,"ON",1,1,1,735.7,5,17,98.2,55.8,0.0000000676382,0.0000180366,4.97,8976.18,8.8,736.5,1,"Up Scan","Positive",254,0,4.37,1.6,8,8,0,1,1,27.125,54.755,33.41,11.971,2.559,3748.01,61,15.7,NA,0,0,0,0,0,0,0,0,0,0,0,0,0,0,0,0,0,0,0,0,0,0,0,0,0,0,0,0,0,0,0,4251.61,4450.387,4551.373,4816.84,4811.517,4766.834,4516.421,4547.464,4175.559,4136.544,3798.827,3524.312,2961.327,2688.229,2307.178,2060.362,1958.881,1932.955,2115.939,2127.902,2269.799,2459.266,2697.091,2693.572,2917.364,3014.794,2996.94,2803.101,2558.9,2475.863,2254.768,1980.923,1655.797,1470.33,1328.579,1116.271,1051.111,954.058,970.777,990.054,953.772,974.801,940.416,887.619,940.951,866.55,683.487,639.07,488.202,418.658,301.678,200.85,170.495,134.641,69.779,56.969,24.544,15.184,8.712,0,0,0,0,0,0,0,0,0,0,0,0,0,0,0,0,0,0,0,0,0,0,0,0,0,0,0,0,0,0,0,0,0,0,0,0,1.069,1.756,2.618,3.655,5.048,6.351,7.733,8.79,10.428,11.092,12.542,13.02,13.591,12.728,12.828,12.164,12.01,12.596,13.697,16.256,17.871,20.624,23.939,27.666,29.377,33.485,36.099,37.555,36.477,35.195,35.314,33.887,31.652,28.822,27.705,26.789,25.11,24.467,23.385,23.518,23.351,21.254,20.46,18.999,16.673,16.17,14.456,11.337,9.666,7.366,6.049,4.267,2.739,2.281,1.752,0.893,0.71,0.299,0.182,0.102,0,0.017,0,0,0,0
2026-09-25 07:05:00,1,"Normal Scan","Normal Scan",0,"ON",1,1,1,735.8,5,17.2,98.2,56.5,0.0000000676977,0.0000180463,4.97,8976.18,8.8,736.5,1,"Up Scan","Positive",254,0,4.37,1.6,8,8,0,1,1,25.529,53.172,32.165,9.647,2.57,3798.81,60,15.9,NA,0,0,0,0,0,0,0,0,0,0,0,0,0,0,0,0,0,0,0,0,0,0,0,0,0,0,0,0,0,0,0,5760.918,5040.15,4867.489,4668.778,5345.19,5108.94,4706.672,4506.376,4428.688,3953.581,3426.947,3332.967,2944.242,2653.179,2384.216,2134.188,1993.184,1952.444,2027.913,2127.804,2241.785,2482.965,2634.621,2620.971,2805.188,2785.643,2804.542,2682.249,2596.914,2321.663,2154.623,1903.231,1712.173,1377.948,1309.445,1172.653,1061.38,1084.695,1020.747,972.33,954.913,945.088,1024.339,861.17,807.884,793.576,637.923,559.434,499.614,358.801,289.744,245.233,176.766,125.564,81.19,44.202,29.299,3.368,10.437,3.617,0,0,0,0,0,0,0,0,0,0,0,0,0,0,0,0,0,0,0,0,0,0,0,0,0,0,0,0,0,0,0,0,0,0,0,1.495,2.369,3.004,3.904,4.897,7.003,8.274,9.124,10.282,11.727,11.974,11.794,12.834,12.643,12.639,12.558,12.423,12.815,13.792,15.581,17.79,20.234,23.919,26.991,28.687,32.066,33.633,35.268,35.29,35.417,33.485,32.854,31.077,29.697,26.42,26.333,25.509,24.787,24.608,23.789,22.004,21.002,19.954,19.544,16.126,14.595,13.402,10.427,8.81,7.486,5.132,4.076,3.342,2.358,1.634,1.031,0.552,0.359,0.04,0.123,0.041,0,0,0,0,0
2026-09-25 07:10:00,1,"Normal Scan","Normal Scan",0,"ON",1,1,1,735.7,5,17,98.2,56.6,0.0000000676382,0.0000180366,4.97,8976.18,8.8,736.5,1,"Up Scan","Positive",254,0,4.37,1.6,8,8,0,1,1,30.149,56.479,34.572,9.647,2.571,3451.02,60,15.7,NA,0,0,0,0,0,0,0,0,0,0,0,0,0,0,0,0,0,0,0,0,0,0,0,0,0,0,0,0,0,0,0,4449.96,4035.107,3620.733,4336.206,4268.462,4011.104,3921.558,3810.011,3422.363,3574.089,3097.481,2811.278,2576.664,2419.74,2099.058,2079.704,2133.642,2023.838,1976.298,2186.038,2403.726,2389.784,2613.169,2758.87,2748.384,2752.114,2709.37,2578.411,2562.432,2338.872,2161.294,1937.551,1683.758,1431.215,1278.159,1165.642,1034.466,947.148,927.542,820.362,885.961,833.863,906.522,888.42,809.071,779.182,722.692,635.76,511.327,365.603,288.956,242.909,177.958,108.119,81.034,34.732,39.152,15.225,8.683,1.822,0,0,0,0,0,0,0,0,0,0,0,0,0,0,0,0,0,0,0,0,0,0,0,0,0,0,0,0,0,0,0,0,0,0,0,0.893,1.845,2.424,2.913,4.562,5.65,6.506,7.601,8.723,9.081,10.851,10.652,10.86,11.113,11.566,11.111,12.142,13.621,14.261,15.271,18.21,21.476,23.049,26.699,29.922,31.443,33.405,34.285,33.983,35.149,33.565,32.499,30.91,28.633,26.472,25.483,24.688,24.042,23.128,21.965,20.493,20.297,18.703,18.128,16.394,14.569,13.271,11.539,9.866,7.641,5.336,4.108,3.288,2.394,1.405,1.031,0.434,0.479,0.182,0.102,0.021,0.017,0,0,0,0
2026-09-25 07:15:00,1,"Normal Scan","Normal Scan",0,"ON",1,1,1,735.5,5,16.8,98.2,56.6,0.0000000675787,0.000018027,4.97,8976.18,8.8,736.5,1,"Up Scan","Positive",254,0,4.37,1.6,8,8,0,1,1,32.308,56.502,35.405,9.647,2.543,3690.98,61,15.6,NA,0,0,0,0,0,0,0,0,0,0,0,0,0,0,0,0,0,0,0,0,0,0,0,0,0,0,0,0,0,0,0,4731.707,4504.968,4035.425,3765.548,4019.942,4174.867,4049.103,4063.268,3853.598,3533.851,3534.844,2915.602,2741.837,2393.848,2178.675,2020.202,2017.849,1849.416,1987.746,2019.646,2135.436,1979.966,2484.858,2675.266,3515.688,4120.866,4181.929,3877.932,3146.189,2831.049,2348.386,2216.388,1691.064,1611.317,1346.9,1217.36,1135.7,1046.675,990.494,887.414,943.854,991.479,841.091,871.267,847.749,784.882,689.224,549.951,448.656,376.169,324.408,182.027,151.311,102.236,73.268,45.724,29.362,13.554,6.985,5.384,0,0,0,0,0,0,0,0,0,0,0,0,0,0,0,0,0,0,0,0,0,0,0,0,0,0,0,0,0,0,0,0,0,0,0,1.225,1.954,2.658,3.241,3.928,5.286,6.763,7.867,9.312,10.221,10.719,12.135,11.259,11.799,11.439,11.504,11.76,12.804,13.086,15.358,17.571,20.459,21.048,26.928,29.942,39.888,48.062,50.701,48.932,42.603,39.831,35.287,35.094,29.204,29.041,26.853,26.277,24.87,24.21,23.151,21.17,20.773,20.081,16.886,16.527,14.594,13.061,11.012,8.628,6.791,5.402,4.565,2.528,2.059,1.329,0.934,0.572,0.359,0.162,0.082,0.062,0.034,0,0,0,0
2026-09-25 07:20:00,1,"Normal Scan","Normal Scan",0,"ON",1,1,1,735.4,5,16.7,98.2,56.6,0.000000067549,0.0000180222,4.97,8976.18,8.8,736.5,1,"Up Scan","Positive",254,0,4.37,1.6,8,8,0,1,1,26.452,48.815,32.064,22.876,2.31,4920.33,61,15.5,NA,0,0,0,0,0,0,0,0,0,0,0,0,0,0,0,0,0,0,0,0,0,0,0,0,0,0,0,0,0,0,0,3202.129,3698.499,4149.844,4569.942,5213.296,5410.056,5768.286,6207.4,6030.835,6365.987,6319.419,6346.685,6642.621,6016.716,5561.965,4825.183,4436.487,4008.285,3883.78,3733.623,3363.23,3458.679,3443.295,3319.904,3539.24,3306.477,3156.052,3043.103,2745.561,2414.738,2216.786,2049.318,1763.804,1654.656,1448.792,1357.301,1079.055,1106.136,1030.465,1014.894,871.368,922.895,997.723,905.938,825.498,777.946,738.686,627.373,540.587,372.132,288.669,220.777,153.538,109.501,82.235,47.058,26.509,16.84,17.408,5.357,0,0,0,0,0,0,0,0,0,0,0,0,0,0,0,0,0,0,0,0,0,0,0,0,0,0,0,0,0,0,0,0,0,0,0,0.799,1.333,2.194,3.33,4.811,6.876,8.774,11.239,14.259,16.042,19.4,21.798,24.54,28.545,28.581,29.087,27.666,27.837,27.523,28.927,30.286,29.568,32.568,34.624,35.361,39.653,39.354,39.345,39.773,37.912,35.315,33.911,32.817,30.597,30.369,27.947,27.975,25.223,25.297,24.204,22.938,20.436,19.724,19.535,16.938,14.655,13.013,11.926,9.745,8.073,5.436,4.126,3.078,2.082,1.422,1.05,0.587,0.324,0.202,0.204,0.062,0.051,0,0,0,0
2026-09-25 07:25:00,1,"Normal Scan","Normal Scan",0,"ON",1,1,1,735.7,5,17,98.2,56.4,0.0000000676382,0.0000180366,4.97,8976.18,8.8,736.5,1,"Up Scan","Positive",254,0,4.37,1.6,8,8,0,1,1,23.953,47.766,30.394,15.963,2.38,4795.71,60,15.9,NA,0,0,0,0,0,0,0,0,0,0,0,0,0,0,0,0,0,0,0,0,0,0,0,0,0,0,0,0,0,0,0,4304.195,5165.828,4842.731,5378.34,6072.483,6658.105,6555.852,6917.166,6847.895,6330.948,6367.724,5645.099,5082.417,4446.179,4145.951,3791.306,3219.17,3049.978,3116.278,3031.392,2991.075,2898.81,3000.121,3293.119,3188.559,3268.737,3176.261,3015.794,2681.59,2530.66,2182.173,1993.901,1801.658,1531.648,1331.833,1199.912,1072.551,964.519,866.323,985.737,914.087,873.63,941.132,906.07,908.871,815.694,678.781,608.158,499.622,404.258,309.082,205.453,157.854,99.018,80.755,55.312,27.797,15.211,8.725,9.068,0,0,0,0,0,0,0,0,0,0,0,0,0,0,0,0,0,0,0,0,0,0,0,0,0,0,0,0,0,0,0,0,0,0,0,1.007,1.75,3.058,3.904,5.638,8.026,10.793,12.755,15.866,18.189,19.22,21.867,21.727,21.831,21.153,21.699,21.83,20.327,21.1,23.521,24.822,26.586,27.823,30.656,35.158,36.195,38.755,39.489,39.336,36.726,36.188,33.072,31.712,30.247,28.384,26.655,25.604,24.582,23.371,22.188,22.555,20.965,18.743,18.532,16.969,15.833,13.641,10.908,9.474,7.573,5.837,4.379,2.826,2.195,1.288,1.03,0.69,0.339,0.182,0.102,0.103,0.051,0,0,0,0
2026-09-25 07:30:00,1,"Normal Scan","Normal Scan",0,"ON",1,1,1,735.8,5,17.2,98.2,57,0.0000000676977,0.0000180463,4.97,8976.18,8.8,736.5,1,"Up Scan","Positive",254,0,4.37,1.6,8,8,0,1,1,22.408,46.009,29.128,14.855,2.373,4925.03,60,15.9,NA,0,0,0,0,0,0,0,0,0,0,0,0,0,0,0,0,0,0,0,0,0,0,0,0,0,0,0,0,0,0,0,4682.692,5497.954,6101.418,6020.56,6244.469,7233.118,7528.585,7376.516,6926.128,7003.067,6865.903,6255.671,5372.369,4744.278,3984.148,3503.575,3231.259,2890.591,2684.763,2593.803,2896.082,2753.952,2984.355,3196.096,3060.922,2910.283,2997.503,2884.155,2585.663,2326.718,2229.977,2047.904,1696.596,1576.605,1316.96,1182.372,1069.849,963.003,960.874,827.001,905.651,928.317,919.01,898.589,860.732,802.709,720.587,565.756,461.998,375.858,313.839,211.903,165.416,104.814,55.458,38.998,35.688,12.07,10.437,5.37,0,0,0,0,0,0,0,0,0,0,0,0,0,0,0,0,0,0,0,0,0,0,0,0,0,0,0,0,0,0,0,0,0,0,0,1.286,1.944,3.252,4.942,6.325,8.237,11.707,14.637,16.928,18.407,21.213,23.542,24.047,23.019,22.45,20.828,20.195,20.337,20.012,20.446,21.437,25.559,26.39,30.289,34.148,34.644,35.118,37.621,37.571,35.711,33.755,33.511,32.302,29.425,28.279,26.128,25.548,24.637,23.035,22.921,20.425,20.397,19.505,17.957,16.771,15.094,13.486,11.463,8.639,6.965,5.474,4.423,2.933,2.208,1.363,0.707,0.486,0.436,0.144,0.123,0.062,0.017,0,0,0,0
2026-09-25 07:35:00,1,"Normal Scan","Normal Scan",0,"ON",1,1,1,735.7,5,17,98.2,57,0.0000000676382,0.0000180366,4.97,8976.18,8.8,736.5,1,"Up Scan","Positive",254,0,4.37,1.6,8,8,0,1,1,20.908,43.019,27.237,14.855,2.338,5343.65,61,15.7,NA,0,0,0,0,0,0,0,0,0,0,0,0,0,0,0,0,0,0,0,0,0,0,0,0,0,0,0,0,0,0,0,6373.761,6468.097,6693.502,7572.337,7799.702,8212.179,8561.847,8383.998,8225.331,8137.177,7494.549,6719.915,5987.319,5011.545,4470.922,3842.771,3352.034,2948.085,2733.939,2822.869,2795.525,2814.115,2853.336,2995.865,3010.546,2765.567,2912.784,2622.137,2604.976,2329.695,2085.54,1797.668,1641.413,1478.16,1291.285,1086.972,1045.281,961.5,971.213,824.056,973.872,902.255,881.288,785.902,841.763,832.099,702.257,553.199,478.658,382.444,301.333,221.617,167.95,91.575,90.934,44.912,26.172,8.458,6.972,3.63,0,0,0,0,0,0,0,0,0,0,0,0,0,0,0,0,0,0,0,0,0,0,0,0,0,0,0,0,0,0,0,0,0,0,0,1.63,2.629,3.838,5.402,7.912,10.287,13.307,16.63,19.185,21.832,24.665,25.7,25.837,25.594,23.708,23.329,22.067,21.092,20.361,20.701,23.086,24.634,26.791,28.895,32.234,34.05,33.225,36.23,34.551,35.7,33.408,31.508,29.204,28.424,26.959,26.016,24.122,23.873,22.43,22.926,20.799,21.237,19.076,17.562,15.137,14.797,13.88,11.144,8.782,7.093,5.528,4.222,3.027,2.246,1.19,1.158,0.562,0.319,0.101,0.082,0.041,0,0,0,0,0
2026-09-25 07:40:00,1,"Normal Scan","Normal Scan",0,"ON",1,1,1,735.5,5,16.8,98.2,57,0.0000000675787,0.000018027,4.97,8976.18,8.8,736.5,1,"Up Scan","Positive",254,0,4.37,1.6,8,8,0,1,1,22.012,46.826,28.978,13.824,2.436,4540.95,61,15.5,NA,0,0,0,0,0,0,0,0,0,0,0,0,0,0,0,0,0,0,0,0,0,0,0,0,0,0,0,0,0,0,0,5366.388,6009.342,6328.884,6047.622,6103.556,6979.062,6905.578,6439.719,6234.723,6046.226,5523.181,4892.731,4641.696,3995.153,3498.778,3141.812,2734.331,2212.541,2333.216,2242.846,2313.611,2411.617,2658.124,2833.23,2800.748,2873.468,2649.992,2685.115,2481.829,2172.973,2151.019,1945.686,1704.576,1475.518,1308.852,1240.884,954.589,940.364,937.486,871.823,989.475,844.278,924.758,891.429,829.099,749.273,680.659,560.125,499.297,336.238,267.492,197.821,171.846,125.778,64.101,44.784,16.83,14.123,12.246,1.808,0,0,0,0,0,0,0,0,0,0,0,0,0,0,0,0,0,0,0,0,0,0,0,0,0,0,0,0,0,0,0,0,0,0,0,1.411,2.256,3.565,5.077,6.301,8.073,11.336,13.406,14.725,16.534,18.352,18.96,18.848,19.86,18.947,18.275,18.06,17.262,15.507,17.795,18.696,20.783,23.176,27.209,30.524,31.948,34.48,33.743,35.222,34.251,31.719,32.481,31.029,28.912,27.38,26.367,25.77,22.845,22.683,22.247,20.741,21.086,18.388,18.234,16.243,14.326,12.769,11.106,8.63,7.406,4.897,3.777,2.736,2.332,1.636,0.817,0.559,0.205,0.169,0.143,0.021,0.051,0,0,0,0
2026-09-25 07:45:00,1,"Normal Scan","Normal Scan",0,"ON",1,1,1,735.4,5,16.7,98.2,57,0.000000067549,0.0000180222,4.97,8976.18,8.8,736.5,1,"Up Scan","Positive",254,0,4.37,1.6,8,8,0,1,1,20.679,44.63,27.674,15.963,2.41,4989.74,61,15.4,NA,0,0,0,0,0,0,0,0,0,0,0,0,0,0,0,0,0,0,0,0,0,0,0,0,0,0,0,0,0,0,0,6210.145,6711.874,7573.588,7559.388,7503.146,7029.789,7739.92,8008.847,7526.099,6932.205,6553.682,5735.896,5017.093,4351.386,3699.944,3139.015,2800.257,2468.893,2274.364,2268.824,2316.786,2477.093,2545.523,2640.536,2797.78,2875.555,2741.486,2707.7,2601.88,2372.476,2215.664,1854.363,1719.02,1574.344,1349.332,1258.172,1179.397,1048.802,1004.797,980.526,978.284,936.215,967.72,908.742,875.598,761.529,632.721,587.871,472.637,334.246,251.691,179.14,142.176,113.106,62.774,41.16,27.923,16.786,8.76,7.165,0,0,0,0,0,0,0,0,0,0,0,0,0,0,0,0,0,0,0,0,0,0,0,0,0,0,0,0,0,0,0,0,0,0,0,1.506,2.603,3.987,6.122,7.914,9.901,11.413,15.046,18.296,19.978,21.02,22.481,22.059,21.476,20.609,19.298,18.036,17.674,17.123,17.306,18.9,20.857,23.809,26.277,28.851,32.172,34.538,34.692,35.719,36.01,34.479,33.754,30.567,29.717,29.07,27.165,26.507,26.232,24.401,23.448,21.961,20.794,19.818,18.594,16.311,14.922,12.752,10.205,9.068,7.089,4.92,3.564,2.518,1.936,1.473,0.798,0.513,0.341,0.201,0.102,0.083,0.051,0,0,0,0
2026-09-25 07:50:00,1,"Normal Scan","Normal Scan",0,"ON",1,1,1,735.4,5,16.6,98.2,57.1,0.0000000675192,0.0000180173,4.97,8976.18,8.8,736.5,1,"Up Scan","Positive",254,0,4.37,1.6,8,8,0,1,1,19.072,40.441,25.314,12.864,2.346,5628.44,61,15.4,NA,0,0,0,0,0,0,0,0,0,0,0,0,0,0,0,0,0,0,0,0,0,0,0,0,0,0,0,0,0,0,0,9221.472,8985.261,8749.945,9285.229,9627.475,9024.088,9472.085,8959.31,8769.06,8272.598,7523.83,6836.362,5771.058,4748.532,4003.265,3339.873,2987.901,2520.977,2415.462,2167.197,2342.074,2305.12,2444.304,2683.101,2803.825,2873.17,2798.398,2707.866,2435.262,2300.262,2063.765,1884.885,1788.185,1520.729,1210.561,1172.532,1150.381,967.089,911.672,1022.73,961.127,944.588,874.156,905.391,868.9,768.208,685.191,516.898,404.932,354.391,251.105,173.616,128.482,60.6,59.669,42.542,26.077,8.438,3.447,5.37,0,0,0,0,0,0,0,0,0,0,0,0,0,0,0,0,0,0,0,0,0,0,0,0,0,0,0,0,0,0,0,0,0,0,0,2.139,3.783,5.363,7.047,9.748,12.699,14.651,18.417,20.52,23.226,25.097,25.796,26.303,24.693,22.46,20.863,19.141,18.744,17.411,18.319,18.104,21.079,22.405,25.276,29.159,32.007,34.286,35.311,35.907,33.616,33.156,31.775,30.601,30.209,28.267,25.168,25.228,25.314,22.941,21.728,23.054,20.523,18.842,16.889,16.34,14.795,12.54,10.553,8.044,6.145,5.089,3.501,2.394,1.736,0.787,0.759,0.532,0.319,0.101,0.041,0.062,0.034,0,0,0,0
2026-09-25 07:55:00,1,"Normal Scan","Normal Scan",0,"ON",1,1,1,735.5,5,16.8,98.2,57,0.0000000675787,0.000018027,4.97,8976.18,8.8,736.5,1,"Up Scan","Positive",254,0,4.37,1.6,8,8,0,1,1,17.903,37.344,23.485,11.14,2.289,6498.97,61,15.7,NA,0,0,0,0,0,0,0,0,0,0,0,0,0,0,0,0,0,0,0,0,0,0,0,0,0,0,0,0,0,0,0,11917.682,12137.338,12141.326,11287.968,11347.56,11952.149,11250.682,10825.507,10331.186,9662.849,8491.702,7405.517,6923.107,5671.818,4926.595,3902.352,3236.815,2577.051,2587.624,2312.635,2216.746,2372.846,2622.587,2560.194,2636.63,2730.638,2582.869,2546.54,2500.516,2333.112,2178.607,1968.043,1688.291,1384.998,1405.83,1113.515,1068.328,1018.945,965.843,928.347,909.558,926.85,936.323,865.405,841.8,751.755,710.794,586.309,460.59,379.292,274.658,212.688,132.866,101.81,67.249,39.438,21.176,28.587,3.493,3.589,0,0,0,0,0,0,0,0,0,0,0,0,0,0,0,0,0,0,0,0,0,0,0,0,0,0,0,0,0,0,0,0,0,0,0,2.737,4.953,7.213,9.806,11.823,14.987,19.33,21.798,24.78,27.403,29.285,29.116,28.445,29.558,26.765,25.582,22.271,20.275,17.859,19.421,19.084,19.977,22.788,26.779,27.934,30.478,33.045,33.054,33.632,34.375,33.862,32.885,31.302,29.429,26.128,27.508,24.35,24.504,23.813,22.775,21.61,20.422,19.168,18.361,16.08,14.684,12.485,11.296,9.045,6.849,5.602,3.832,2.911,1.76,1.325,0.856,0.493,0.26,0.343,0.041,0.041,0,0,0,0,0
2026-09-25 08:00:00,1,"Normal Scan","Normal Scan",0,"ON",1,1,1,735.7,5,17.1,98.2,57.4,0.0000000676679,0.0000180415,4.97,8976.18,8.8,736.5,1,"Up Scan","Positive",254,0,4.37,1.6,8,8,0,1,1,17.569,37.943,23.533,10.366,2.325,6239.06,60,15.8,NA,0,0,0,0,0,0,0,0,0,0,0,0,0,0,0,0,0,0,0,0,0,0,0,0,0,0,0,0,0,0,0,10456.762,12770.435,12260.033,12123.039,12180.411,11144.356,10936.344,10328.389,9329.175,8685.338,7852.445,6760.804,5953.133,4945.633,4059.96,3368.299,2926.5,2453.666,2311.814,2352.297,2193.741,2302.743,2493.334,2502.435,2508.614,2576.13,2638.432,2480.115,2265.855,2248.733,2065.793,1899.463,1629.774,1492.198,1351.619,1186.423,1123.244,1044.029,1026.978,977.218,1023.488,1004.865,947.048,990.518,829.268,777.867,732.067,529.264,444.333,328.54,272.997,193.917,141.151,86.624,38.043,50.433,24.708,20.208,3.507,5.439,0,0,0,0,0,0,0,0,0,0,0,0,0,0,0,0,0,0,0,0,0,0,0,0,0,0,0,0,0,0,0,0,0,0,0,2.843,4.327,7.522,9.894,12.71,16.053,18.044,21.261,23.603,24.728,26.301,26.884,25.968,25.424,23.364,21.133,19.253,18.374,16.985,17.452,19.31,19.635,22.202,25.488,27.237,28.888,31.31,33.441,32.979,31.934,32.664,31.861,30.903,28.739,28.153,27.291,25.999,25.511,24.543,23.458,22.521,21.693,20.211,17.953,17.586,14.424,12.967,11.477,8.036,6.588,4.923,3.808,2.649,1.937,1.126,0.486,0.631,0.299,0.242,0.041,0.062,0.034,0,0,0,0
2026-09-25 08:05:00,1,"Normal Scan","Normal Scan",0,"ON",1,1,1,735.6,5,16.9,98.2,57.3,0.0000000676084,0.0000180318,4.97,8976.18,8.8,736.5,1,"Up Scan","Positive",254,0,4.37,1.6,8,8,0,1,1,17.319,35.328,22.545,9.647,2.251,6948.44,60,15.7,NA,0,0,0,0,0,0,0,0,0,0,0,0,0,0,0,0,0,0,0,0,0,0,0,0,0,0,0,0,0,0,0,15569.563,13921.877,14495.372,13198.085,12213.577,11879.157,12438.578,11072.441,10378.331,9493.642,8562.795,7710.878,6901.466,5868.606,4644.463,4093.433,3631.363,3217.438,2788.605,2630.702,2670.756,2659.422,2796.336,2848.023,2804.271,2806.036,2699.973,2689.866,2376.209,2267.437,1956.464,1780.373,1637.736,1449.158,1249.199,1147.885,1092.191,917.862,955.509,998.381,966.5,949.96,848.025,898.084,754.034,698.063,602.692,560.27,419.268,329.697,267.759,185.39,132.142,84.984,51.78,42.561,26.128,5.121,12.204,1.808,0,0,0,0,0,0,0,0,0,0,0,0,0,0,0,0,0,0,0,0,0,0,0,0,0,0,0,0,0,0,0,0,0,0,0,3.612,6.409,8.219,11.652,13.783,16.102,19.294,24.134,25.318,27.518,28.724,29.376,29.621,29.518,27.724,24.183,23.404,22.728,22.083,20.98,21.557,23.669,25.306,28.412,30.543,32.022,33.342,33.831,35.357,32.834,32.782,30.27,28.881,28.472,26.945,25.573,24.849,23.942,22.184,21.891,21.698,20.494,19.461,16.391,16.184,13.239,11.584,9.6,8.554,6.288,4.711,3.801,2.553,1.751,1.108,0.662,0.532,0.319,0.061,0.143,0.021,0,0,0,0,0
2026-09-25 08:10:00,1,"Normal Scan","Normal Scan",0,"ON",1,1,1,735.5,5,16.9,98.1,57.1,0.0000000676774,0.0000180318,4.97,8976.18,8.8,736.5,1,"Up Scan","Positive",254,0,4.37,1.6,8,8,0,1,1,17.621,37.154,23.399,11.971,2.291,5679.22,59,15.8,NA,0,0,0,0,0,0,0,0,0,0,0,0,0,0,0,0,0,0,0,0,0,0,0,0,0,0,0,0,0,0,0,9779.677,10879.41,11139.545,11466.421,10365.129,10570.33,10258.716,9324.655,8242.099,7537.871,6789.546,5987.59,5407.692,4589.974,3826.301,3369.147,2942.297,2729.389,2548.864,2295.133,2381.756,2349.519,2353.944,2408.214,2446.162,2401.832,2332.286,2213.706,2114.282,1929.835,1783.325,1506.955,1328.846,1249.408,1039.02,912.391,891.469,899.952,931.675,956.107,873.375,858.346,878.083,810.222,721.045,676.73,539.136,511.218,410.409,309.046,191.496,159.697,101.689,79.472,59.92,37.943,21.108,10.187,1.753,3.603,0,0,0,0,0,0,0,0,0,0,0,0,0,0,0,0,0,0,0,0,0,0,0,0,0,0,0,0,0,0,0,0,0,0,0,2.52,4.032,6.437,8.967,11.984,13.69,17.086,19.919,21.278,21.828,22.822,23.266,23.029,23.141,21.748,19.947,19.304,18.481,18.742,19.107,18.823,21.007,22.306,23.881,25.944,27.8,28.759,29.103,29.146,28.935,27.922,27.284,24.862,23.892,24.128,22.038,20.719,21.019,21.093,21.179,20.568,18.343,17.525,16.662,14.423,12.397,10.942,8.619,7.929,6.182,4.369,2.711,2.18,1.4,1.032,0.762,0.474,0.259,0.121,0.02,0.041,0.034,0,0,0,0
2026-09-25 08:15:00,1,"Normal Scan","Normal Scan",0,"ON",1,1,1,735.5,5,16.8,98.2,56.9,0.0000000675787,0.000018027,4.97,8976.18,8.8,736.5,1,"Up Scan","Positive",254,0,4.37,1.6,8,8,0,1,1,17.719,35.571,22.921,10.366,2.23,6344.48,59,15.8,NA,0,0,0,0,0,0,0,0,0,0,0,0,0,0,0,0,0,0,0,0,0,0,0,0,0,0,0,0,0,0,0,11239.219,12588.244,11166.585,11508.831,11857.939,11704.158,11582.751,10739.981,9715.907,9203.385,7974.58,7238.446,6412.591,5505.9,4716.212,4106.52,3722.321,3170.437,3035.47,2819.202,2641.42,2781.897,2490.495,2478.952,2531.389,2357.047,2344.718,2172.344,2148.331,1830.971,1708.35,1582.116,1384.044,1230.65,1136.823,1094.286,948.757,967.403,981.994,871.137,951.32,886.139,903.119,814.3,715.19,634.327,647.175,430.564,380.243,285.697,216.789,150.529,119.823,62.013,65.57,30.015,17.945,5.01,10.478,5.411,0,0,0,0,0,0,0,0,0,0,0,0,0,0,0,0,0,0,0,0,0,0,0,0,0,0,0,0,0,0,0,0,0,0,0,3.206,4.649,7.456,9.003,12.046,15.615,18.996,22.447,24.586,25.746,27.91,27.408,27.873,27.46,26.095,24.599,23.492,23.31,21.654,22.535,22.762,23.027,26.005,25.038,26.659,28.446,28.271,29.511,28.677,29.64,27.16,26.744,26.153,25.009,23.681,23.669,23.392,22.263,21.756,21.533,19.378,20.069,17.446,16.711,14.611,12.22,10.515,10.055,6.751,5.657,4.116,3.046,2.095,1.622,0.807,0.836,0.375,0.22,0.061,0.123,0.062,0.017,0,0,0,0
2026-09-25 08:20:00,1,"Normal Scan","Normal Scan",0,"ON",1,1,1,735.4,5,16.7,98.2,56.8,0.000000067549,0.0000180222,4.97,8976.18,8.8,736.5,1,"Up Scan","Positive",254,0,4.37,1.6,8,8,0,1,1,17.898,33.894,22.333,9.647,2.162,6895.79,59,15.7,NA,0,0,0,0,0,0,0,0,0,0,0,0,0,0,0,0,0,0,0,0,0,0,0,0,0,0,0,0,0,0,0,13427.761,11898.472,12510.796,11956.492,12900.034,12189.012,12099.321,11300.848,11218.61,10661.813,9464.026,9321.427,7685.959,7063.31,5714.637,5135.875,4271.109,3801.945,3353.511,3064.666,2732.881,2604.946,2509.126,2404.833,2360.822,2347.521,2290.276,2225.733,2043.767,1742.267,1588.072,1423.787,1274.462,1189.738,1047.791,1048.311,955.663,926.115,843.216,827.03,844.249,836.575,826.581,786.449,758.03,701.878,630.619,473.606,396.84,284.683,219.161,154.625,101.71,89.944,58.233,37.797,21.19,13.527,3.507,0,0,0,0,0,0,0,0,0,0,0,0,0,0,0,0,0,0,0,0,0,0,0,0,0,0,0,0,0,0,0,0,0,0,0,0,3.133,5.553,7.062,10.098,12.539,17.063,19.735,23.499,25.875,29.755,32.34,32.509,35.851,32.91,33.388,29.74,29.247,26.582,25.767,24.724,24.55,23.759,24.394,25.249,25.787,26.665,27.9,28.45,29.152,28.278,25.675,24.96,23.956,23.029,22.713,21.762,22.706,21.875,21.14,20.055,19.229,18.207,17.076,15.856,14.149,12.874,11.389,9.961,7.455,5.899,4.136,3.073,2.105,1.385,1.171,0.74,0.473,0.26,0.162,0.041,0,0.034,0,0,0,0
2026-09-25 08:25:00,1,"Normal Scan","Normal Scan",0,"ON",1,1,1,735.5,5,16.8,98.2,56.6,0.0000000675787,0.000018027,4.97,8976.18,8.8,736.5,1,"Up Scan","Positive",254,0,4.37,1.6,8,8,0,1,1,19.627,42.688,26.248,9.647,2.412,4515.56,59,15.8,NA,0,0,0,0,0,0,0,0,0,0,0,0,0,0,0,0,0,0,0,0,0,0,0,0,0,0,0,0,0,0,0,8088.262,7402.4,7824.802,7544.258,7378.513,6796.356,6867.903,6754.783,6022.096,5828,4917.127,4451.671,3968.546,3733.767,3049.557,2810.716,2490.772,2315.134,2191.485,2216.156,2422.786,2445.716,2554.121,2627.701,2471.426,2366.73,2403.04,2101.649,2082.021,1699.974,1632.452,1344.684,1364.091,1229.858,1141.878,1046.075,936.902,938.704,916.065,878.607,856.885,820.414,860.793,812.244,712.778,637.292,592.031,523.941,389.092,311.43,232.359,161.694,132.339,76.763,58.16,32.867,16.33,11.857,1.753,0,0,0,0,0,0,0,0,0,0,0,0,0,0,0,0,0,0,0,0,0,0,0,0,0,0,0,0,0,0,0,0,0,0,0,0,2.011,3.313,4.377,6.261,7.889,9.749,11.026,13.341,15.459,15.979,17.664,16.872,17.113,17.02,17.702,15.972,16.213,15.795,16.118,16.697,18.196,21.359,23.142,25.58,27.89,27.7,28.092,29.612,28.073,28.77,25.413,25.591,22.889,24.482,23.488,23.286,22.369,21.657,21.728,20.824,19.662,18.336,17.137,16.225,14.744,12.267,10.68,9.396,7.98,5.791,4.471,3.261,2.188,1.773,0.999,0.742,0.41,0.2,0.141,0.02,0,0.017,0,0,0,0
2026-09-25 08:30:00,1,"Normal Scan","Normal Scan",0,"ON",1,1,1,735.8,5,17.2,98.2,56.7,0.0000000676977,0.0000180463,4.97,8976.18,8.8,736.5,1,"Up Scan","Positive",254,0,4.37,1.6,8,8,0,1,1,19.511,41.367,25.7,9.647,2.368,4565.39,59,16.1,NA,0,0,0,0,0,0,0,0,0,0,0,0,0,0,0,0,0,0,0,0,0,0,0,0,0,0,0,0,0,0,0,7953.975,7614.58,7083.681,7058.012,7186.145,7154.613,7258.778,7238.342,6704.984,6196.38,5847.13,5251.379,4631.798,3932.596,3599.152,2948.449,2648.866,2529.829,2096.543,2116.185,2081.252,2060.153,2108.035,2209.227,2318.431,2276.49,2092.466,2181.205,2004.087,1789.943,1570.305,1429.43,1331.023,1113.152,961.455,977.311,899.222,830.939,895.378,828.435,862.809,837.382,839.224,778.705,759.398,674.101,558.223,442.856,378.239,303.348,209.827,158.513,91.611,65.299,59.639,26.853,21.205,3.396,6.986,5.425,0,0,0,0,0,0,0,0,0,0,0,0,0,0,0,0,0,0,0,0,0,0,0,0,0,0,0,0,0,0,0,0,0,0,0,2.023,3.246,4.474,5.683,7.375,9.462,11.633,14.093,16.569,17.772,18.784,20.07,20.244,19.852,18.634,18.745,16.89,16.637,17.328,15.817,17.38,18.44,19.691,21.567,23.898,26.223,27.084,26.429,28.656,27.395,25.937,24.604,23.615,23.802,21.675,20.673,21.562,20.966,19.554,20.702,18.706,18.377,16.609,15.812,14.061,12.923,10.841,8.746,6.9,5.686,4.32,2.945,2.193,1.3,0.851,0.759,0.335,0.259,0.04,0.082,0.062,0.067,0,0,0,0
2026-09-25 08:35:00,1,"Normal Scan","Normal Scan",0,"ON",1,1,1,735.7,5,17.1,98.2,56.7,0.0000000676679,0.0000180415,4.97,8976.18,8.8,736.5,1,"Up Scan","Positive",254,0,4.37,1.6,8,8,0,1,1,18.063,37.825,23.842,11.14,2.297,5233.15,59,15.9,NA,0,0,0,0,0,0,0,0,0,0,0,0,0,0,0,0,0,0,0,0,0,0,0,0,0,0,0,0,0,0,0,8659.783,9313.718,10157.534,9385.393,9626.412,9504.611,8881.644,8581.041,8208.86,6963.976,6673.176,5922.863,5208.858,4332.448,3763.645,3188.843,2871.169,2478.827,2353.834,2177.581,2112.909,2167.192,2250.929,2418.435,2331.315,2249.976,2192.513,2082.335,1950.623,1653.016,1548.938,1400.781,1227.096,1078.552,1082.477,937.221,898.588,943.749,894.181,810.972,867.617,804.66,869.604,773.773,745.391,628.437,607.62,441.337,382.579,264.588,175.82,130.783,120.174,57.596,41.308,28.493,21.217,5.038,8.683,0,0,0,0,0,0,0,0,0,0,0,0,0,0,0,0,0,0,0,0,0,0,0,0,0,0,0,0,0,0,0,0,0,0,0,0,2.303,3.57,5.495,8.187,9.802,12.664,15.402,17.254,19.616,21.734,21.119,22.875,22.76,22.294,20.522,19.601,18.258,17.995,17.078,17.699,17.858,18.742,20.587,22.804,25.753,26.131,26.866,27.336,27.179,26.91,24.673,24.074,23.73,22.367,21.348,22.283,20.679,21.214,21.187,20.227,18.493,18.335,16.081,16.161,13.441,12.497,10.398,9.387,6.684,5.732,3.828,2.478,1.784,1.616,0.749,0.525,0.355,0.259,0.061,0.102,0,0.017,0,0,0,0
2026-09-25 08:40:00,1,"Normal Scan","Normal Scan",0,"ON",1,1,1,735.6,5,16.9,98.2,56.5,0.0000000676084,0.0000180318,4.97,8976.18,8.8,736.5,1,"Up Scan","Positive",254,0,4.37,1.6,8,8,0,1,1,17.285,35.279,22.507,12.864,2.242,5577.46,59,15.8,NA,0,0,0,0,0,0,0,0,0,0,0,0,0,0,0,0,0,0,0,0,0,0,0,0,0,0,0,0,0,0,0,10480.77,10833.858,11217.196,10949.124,11265.532,9907.192,9922.847,9614.832,8583.273,8104.91,7208.333,6286.089,5614.652,4853.806,3892.107,3250.672,2791.522,2335.16,2136.459,2129.552,2099.927,2025.367,2097.346,2258.281,2150.852,2136.991,2108.65,1902.482,1816.349,1623.582,1503.975,1198.608,1136.479,990.521,1055.149,807.239,868.247,878.766,868.375,848.14,830.836,945.83,847.107,771.535,682.414,659.203,482.946,406.937,291.427,230.598,219.027,119.916,64.682,69.308,36.675,33.205,16.267,3.368,6.958,7.22,0,0,0,0,0,0,0,0,0,0,0,0,0,0,0,0,0,0,0,0,0,0,0,0,0,0,0,0,0,0,0,0,0,0,0,2.336,4.294,6.422,9.031,11.461,14.837,16.044,19.259,21.981,22.744,24.513,24.726,24.177,24.007,22.913,20.271,18.603,17.485,16.065,16.107,17.356,18.574,19.267,21.209,24.107,24.234,25.418,26.016,24.902,25.308,23.761,23.382,20.832,21.21,20.117,21.596,19.635,20.135,20.051,19.382,18.402,17.143,17.485,15.352,13.738,11.524,10.338,7.66,6.225,4.446,3.278,3.081,1.675,0.874,0.902,0.467,0.414,0.2,0.04,0.082,0.083,0,0,0,0,0
2026-09-25 08:45:00,1,"Normal Scan","Normal Scan",0,"ON",1,1,1,735.5,5,16.8,98.2,56.5,0.0000000675787,0.000018027,4.97,8976.18,8.8,736.5,1,"Up Scan","Positive",254,0,4.37,1.6,8,8,0,1,1,16.388,31.703,20.871,11.14,2.14,6942.11,60,15.8,NA,0,0,0,0,0,0,0,0,0,0,0,0,0,0,0,0,0,0,0,0,0,0,0,0,0,0,0,0,0,0,0,14216.921,14653.081,15486.485,13902.762,15122.184,13856.705,13451.165,12193.629,11185.136,10512.361,9448.522,8103.323,6768.818,5696.015,4677.257,3979.159,3258.692,2698.055,2326.193,2235.791,2128.739,2114.251,2180.215,2244.242,2325.531,2235.419,2211.373,2081.076,1796.367,1704.237,1613.226,1382.903,1205.754,1065.605,1045.796,914.711,795.439,863.307,889.724,892.343,861.001,854.909,871.087,745.162,715.112,580.871,498.363,373.866,345.144,260.121,214.75,115.398,95.507,50.438,56.57,23.716,19.599,0,1.74,1.795,0,0,0,0,0,0,0,0,0,0,0,0,0,0,0,0,0,0,0,0,0,0,0,0,0,0,0,0,0,0,0,0,0,0,0,3.726,5.846,8.69,12.418,14.557,19.929,22.425,26.093,27.875,29.65,31.799,32.351,31.09,28.91,26.849,24.291,22.636,20.32,18.448,17.459,18.27,18.868,20.138,22.15,23.962,26.224,26.695,27.545,27.036,25.093,25.189,24.471,23.257,22.007,21.425,21.53,20.518,19.34,19.566,20.008,18.928,17.285,16.53,15.837,13.522,11.89,9.478,7.703,5.854,5.141,3.715,2.966,1.577,1.283,0.657,0.72,0.296,0.24,0,0.02,0.021,0.017,0,0,0,0
2026-09-25 08:50:00,1,"Normal Scan","Normal Scan",0,"ON",1,1,1,735.5,5,16.8,98.2,56.5,0.0000000675787,0.000018027,4.97,8976.18,8.8,736.5,1,"Up Scan","Positive",254,0,4.37,1.6,8,8,0,1,1,15.756,32.126,20.718,9.647,2.194,6717.21,59,15.9,NA,0,0,0,0,0,0,0,0,0,0,0,0,0,0,0,0,0,0,0,0,0,0,0,0,0,0,0,0,0,0,0,16649.96,15952.796,15372.361,14867.418,13985.328,13995.253,13105.687,11743.194,10151.808,9007.593,8011.218,6469.281,5533.659,4360.03,3684.932,3035.547,2798.493,2349.179,2164.628,1942.204,2007.165,2119.162,2111.378,2406.529,2378.178,2382.999,2294.752,2231.336,1927.386,1767.3,1654.15,1483.913,1264.852,1191.759,1050.278,1087.947,956.825,907.738,998.515,888.41,927.068,904.32,839.893,779.176,684.449,626.385,524.702,377.107,271.77,227.84,169.265,111.597,69.977,60.476,36.598,22.114,14.743,6.778,5.218,0,0,0,0,0,0,0,0,0,0,0,0,0,0,0,0,0,0,0,0,0,0,0,0,0,0,0,0,0,0,0,0,0,0,0,0,5.036,6.808,9.443,12.366,15.563,18.462,22.605,25.416,26.814,26.82,27.245,27.431,24.845,23.611,20.606,19.187,17.37,17.554,16.17,16.391,16.138,18.023,20.282,21.694,25.69,26.877,28.383,28.639,29.124,26.826,26.327,25.95,24.779,23.282,23.103,22.251,23.154,21.504,20.403,21.006,19.15,18.194,16.721,15.099,13.42,11.298,9.934,8.236,5.682,4.037,3.3,2.4,1.511,0.928,0.787,0.467,0.276,0.18,0.081,0.061,0,0,0,0,0,0
2026-09-25 08:55:00,1,"Normal Scan","Normal Scan",0,"ON",1,1,1,735.5,5,16.8,98.2,56.5,0.0000000675787,0.000018027,4.97,8976.18,8.8,736.5,1,"Up Scan","Positive",254,0,4.37,1.6,8,8,0,1,1,17.13,35.68,22.601,9.647,2.283,5758.07,59,15.9,NA,0,0,0,0,0,0,0,0,0,0,0,0,0,0,0,0,0,0,0,0,0,0,0,0,0,0,0,0,0,0,0,15131.924,12059.146,12503.522,10853.095,10102.775,9664.216,9429.358,8859.751,7623.025,7207.93,6113.045,5663.478,5296.815,4612.431,4100.002,3558.392,3010.355,2878.993,2527.469,2452.261,2334.163,2321.247,2357.099,2481.66,2480.936,2450.025,2134.186,2074.31,2001.991,1810.977,1611.917,1464.229,1328.497,1228.218,1071.042,922.292,1028.378,904.29,852.912,980.347,899.229,945.408,830.198,787.032,719.106,631.631,481.13,378.4,301.389,241.139,184.2,126.645,98.718,56.136,33.53,23.59,11.403,10.132,5.232,7.192,0,0,0,0,0,0,0,0,0,0,0,0,0,0,0,0,0,0,0,0,0,0,0,0,0,0,0,0,0,0,0,0,0,0,0,3.894,6.174,7.069,10.016,11.36,13.327,15.651,18.291,20.28,20.231,21.897,21.002,21.788,22.714,21.844,21.377,20.343,18.888,19.722,18.966,19.982,20.612,21.884,23.757,26.499,27.846,29.01,26.98,27.501,27.806,26.389,25.48,24.564,23.732,23.792,22.464,21.195,22.362,20.381,19.456,20.164,18.169,17.323,15.145,13.756,11.954,10.232,7.545,5.824,4.447,3.46,2.605,1.791,1.325,0.73,0.428,0.296,0.14,0.121,0.061,0.083,0.017,0,0,0,0
2026-09-25 09:00:00,1,"Normal Scan","Normal Scan",0,"ON",1,1,1,735.5,5,16.8,98.2,56.4,0.0000000675787,0.000018027,4.97,8976.18,8.8,736.5,1,"Up Scan","Positive",254,0,4.37,1.6,8,8,0,1,1,17.155,37.975,23.437,9.647,2.37,5154.17,59,15.8,NA,0,0,0,0,0,0,0,0,0,0,0,0,0,0,0,0,0,0,0,0,0,0,0,0,0,0,0,0,0,0,0,13337.668,11656.441,10767.188,10350.287,9518.407,8598.911,7936.541,7262.903,6298.774,5690.375,5079.399,4701.975,4034.464,3570.868,3313.651,2829.26,2676.852,2257.503,2104.676,2144.451,2112.556,2109.521,2450.566,2321.438,2521.678,2462.477,2251.323,2060.35,2004.968,1771.91,1589.322,1535.399,1336.272,1229.126,1074.622,1088.367,1005.399,957.029,975.803,950.741,1016.209,963.92,951.019,791.983,789.209,626.017,482.221,393.987,292.159,214.359,151.789,115.617,80.625,43.056,24.446,23.616,18.014,8.462,1.726,5.439,0,0,0,0,0,0,0,0,0,0,0,0,0,0,0,0,0,0,0,0,0,0,0,0,0,0,0,0,0,0,0,0,0,0,0,4.39,5.437,6.88,8.628,10.784,12.515,13.901,15.414,16.621,16.694,17.24,17.463,18.101,17.295,16.922,17.334,16.255,16.828,15.706,15.945,17.736,18.853,20.119,24.617,24.973,28.22,29.178,28.355,27.337,27.861,26.53,25.333,25.794,24.32,23.97,23.166,23.703,22.687,21.35,21.364,19.65,19.758,17.592,16.6,13.489,12.881,10.033,7.378,5.978,4.327,3.13,2.143,1.578,1.12,0.561,0.311,0.296,0.22,0.101,0.02,0.062,0.017,0,0,0,0
2026-09-25 09:05:00,1,"Normal Scan","Normal Scan",0,"ON",1,1,1,735.4,5,16.7,98.2,56.5,0.000000067549,0.0000180222,4.97,8976.18,8.8,736.5,1,"Up Scan","Positive",254,0,4.37,1.6,8,8,0,1,1,17.525,38.643,23.905,9.647,2.383,4790.92,60,15.7,NA,0,0,0,0,0,0,0,0,0,0,0,0,0,0,0,0,0,0,0,0,0,0,0,0,0,0,0,0,0,0,0,12451.933,10523.067,9906.512,9189.316,8731.446,7710.915,7335.989,6277.026,5788.851,5046.805,4688.362,4359.294,4002.517,3303.922,2870.071,2489.11,2484.374,2225.296,2042.548,2139.165,2189.782,2239.646,2236.545,2394.904,2385.727,2356.176,2302.414,2077.642,1969.274,1753.637,1626.544,1447.992,1213.263,1068.726,1096.144,925.313,910.469,963.228,1007.359,939.104,946.734,964.592,943.39,838.617,719.573,588.277,486.757,363.432,235.027,165.651,129.537,85.079,71.866,33.954,27.53,20.593,8.09,3.396,3.493,3.589,0,0,0,0,0,0,0,0,0,0,0,0,0,0,0,0,0,0,0,0,0,0,0,0,0,0,0,0,0,0,0,0,0,0,0,3.166,5.078,6.262,7.959,9.584,11.489,12.482,14.257,14.35,15.342,15.328,16.095,16.8,17.17,15.686,15.047,14.376,15.691,15.427,15.551,17.592,19.435,21.328,22.678,25.577,26.938,28.043,28.518,27.294,27.148,25.811,25.371,24.523,22.971,21.668,22.903,21.252,21.211,21.387,21.244,18.971,18.353,17.196,15.985,13.874,11.557,9.299,7.399,5.464,3.557,2.331,1.824,1.19,0.969,0.442,0.35,0.256,0.1,0.04,0.041,0.041,0.017,0,0,0,0
2026-09-25 09:10:00,1,"Normal Scan","Normal Scan",0,"ON",1,1,1,735.4,5,16.6,98.2,56.6,0.0000000675192,0.0000180173,4.97,8976.18,8.8,736.5,1,"Up Scan","Positive",254,0,4.37,1.6,8,8,0,1,1,16.195,36.313,22.424,9.647,2.35,4675.26,60,15.7,NA,0,0,0,0,0,0,0,0,0,0,0,0,0,0,0,0,0,0,0,0,0,0,0,0,0,0,0,0,0,0,0,12736.345,12283.024,10413.318,9598.303,9630.424,8145.851,7300.428,6874.448,5867.152,5075.607,4347.76,3672.217,3503.654,2918.6,2582.244,2457.351,1940.83,1977.334,1719.56,1663.28,1756.16,1884.617,1962.032,2015.409,2058.786,2094.236,2056.246,1845.136,1637.124,1507.366,1369.273,1230.264,1168.196,1026.082,862.823,935.845,865.343,852.268,934.516,931.233,929.398,849.71,833.9,691.733,671.919,481.368,393.491,299.353,201.277,178.618,117.384,80.782,73.655,38.704,27.374,15.748,17.864,0,1.739,3.617,0,0,0,0,0,0,0,0,0,0,0,0,0,0,0,0,0,0,0,0,0,0,0,0,0,0,0,0,0,0,0,0,0,0,0,3.766,5.278,7.246,8.335,10.034,12.651,13.201,14.181,15.716,15.533,15.355,14.926,14.135,15.019,13.84,13.492,14.089,12.302,13.675,13.104,13.816,15.747,18.024,19.925,21.547,23.193,24.743,25.595,24.394,22.882,22.411,21.947,21.065,21.779,20.728,19.359,20.351,19.56,18.652,19.488,18.253,17.177,15.153,14.366,11.599,10.824,7.773,6.132,4.509,3.056,2.53,1.631,1.107,0.993,0.504,0.35,0.197,0.22,0,0.02,0.041,0,0,0,0,0
2026-09-25 09:15:00,1,"Normal Scan","Normal Scan",0,"ON",1,1,1,735.4,5,16.6,98.2,56.6,0.0000000675192,0.0000180173,4.97,8976.18,8.8,736.5,1,"Up Scan","Positive",254,0,4.37,1.6,8,8,0,1,1,16.387,37.249,22.865,9.647,2.381,4275.38,59,15.7,NA,0,0,0,0,0,0,0,0,0,0,0,0,0,0,0,0,0,0,0,0,0,0,0,0,0,0,0,0,0,0,0,11413.198,11089.078,9836.714,9143.091,8297.892,7047.138,6727.193,5704.867,5215.388,4668.928,4149.303,3455.793,3157.142,2517.99,2161.787,1880.901,1805.015,1753.992,1723.464,1650.027,1612.14,1816.988,1916.994,1872.509,1922.342,1915.62,1878.859,1728.682,1680.344,1541.438,1267.092,1189.928,988.636,960.563,945.224,866.693,888.197,926.661,916.261,992.898,917.598,880.378,801.867,675.818,572.194,454.046,360.726,259.151,181.741,163.825,108.482,75.978,41.455,38.293,22.885,17.336,6.488,5.052,1.767,0,0,0,0,0,0,0,0,0,0,0,0,0,0,0,0,0,0,0,0,0,0,0,0,0,0,0,0,0,0,0,0,0,0,0,0,3.539,4.667,6.573,7.881,9.514,10.9,11.396,13.076,13.015,13.8,14.184,14.243,13.296,13.524,11.99,11.333,10.875,11.459,12.2,13.037,13.641,14.423,17.322,19.391,20.273,21.719,22.765,23.426,22.766,23.341,22.823,20.677,20.932,19.353,20.006,20.305,19.413,19.496,19.358,18.487,18.752,16.701,15.238,13.625,11.345,9.244,7.09,5.574,3.948,2.73,2.327,1.507,1.045,0.568,0.499,0.292,0.217,0.08,0.061,0.02,0,0.017,0,0,0,0
2026-09-25 09:20:00,1,"Normal Scan","Normal Scan",0,"ON",1,1,1,735.4,5,16.6,98.2,56.8,0.0000000675192,0.0000180173,4.97,8976.18,8.8,736.5,1,"Up Scan","Positive",254,0,4.37,1.6,8,8,0,1,1,21.552,48.305,29.474,9.647,2.574,4209.72,60,15.6,NA,0,0,0,0,0,0,0,0,0,0,0,0,0,0,0,0,0,0,0,0,0,0,0,0,0,0,0,0,0,0,0,8057.038,7456.403,7642.758,7235.122,7083.352,6408.315,5677.119,5017.631,4211.358,3643.781,3176.359,2667.322,2333.034,2178.265,1927.513,1640.26,1788.611,1595.509,1630.885,1584.867,2144.497,2348.469,2342.022,2769.201,3069.315,3667.12,3751.941,3450.697,2726.371,2427.393,2016.001,1789.866,1675.261,1597.314,1525.549,1478.701,1476.494,1440.875,1455.705,1316.892,1215.609,1208.39,1001.671,900.334,708.327,548.457,487.21,329.57,252.634,199.293,142.905,108.735,79.199,46.319,22.94,14.221,13.073,0,5.26,1.795,0,0,0,0,0,0,0,0,0,0,0,0,0,0,0,0,0,0,0,0,0,0,0,0,0,0,0,0,0,0,0,0,0,0,0,2.459,3.313,4.402,6.164,7.586,9.288,10.382,10.979,11.454,11.157,11.03,10.914,10.276,10.052,10.385,10.144,9.647,11.528,11.368,12.906,13.977,20.215,23.687,25.081,30.267,34.775,42.516,45.516,44.503,37.925,36.206,32.837,31.555,31.489,31.106,30.57,30.434,29.699,28.688,27.527,24.636,22.287,20.842,17.147,14.876,11.609,8.852,7.459,4.967,3.744,2.844,1.989,1.508,1.083,0.604,0.292,0.177,0.16,0,0.061,0.021,0.034,0,0,0,0
2026-09-25 09:25:00,1,"Normal Scan","Normal Scan",0,"ON",1,1,1,735.3,5,16.5,98.2,56.9,0.0000000674895,0.0000180125,4.97,8976.18,8.8,736.5,1,"Up Scan","Positive",254,0,4.37,1.6,8,8,0,1,1,26.669,51.896,31.867,9.647,2.603,3547.03,60,15.6,NA,0,0,0,0,0,0,0,0,0,0,0,0,0,0,0,0,0,0,0,0,0,0,0,0,0,0,0,0,0,0,0,7322.702,6403.695,5504.938,5237.992,4901.738,4053.594,3851.265,3175.958,3227.692,2751.459,2493.942,2326.542,2333.548,2009.226,1884.56,1770.295,1626.004,1897.315,1706.575,1887.961,2073.836,2257.007,2424.394,2557.708,2806.693,2658.389,2734.85,2569.757,2400.663,2297.835,2062.85,2001.942,1916.567,1669.332,1544.036,1453.108,1320.778,1259.936,1172.586,1133.797,1085.837,1025.046,946.857,853.837,669.024,542.321,461.226,378.413,269.797,179.143,138.43,99.205,70.68,40.611,19.193,15.815,17.973,3.382,3.451,1.795,0,0,0,0,0,0,0,0,0,0,0,0,0,0,0,0,0,0,0,0,0,0,0,0,0,0,0,0,0,0,0,0,0,0,0,1.9,3.02,3.788,4.433,5.462,6.477,6.547,7.471,7.284,8.558,8.371,8.575,8.974,10.08,9.615,9.97,10.361,10.538,13.385,13.287,16.017,18.803,21.865,25.079,27.936,31.93,32.234,35.031,34.857,34.106,34.286,32.853,33.326,33.315,30.904,29.853,28.958,27.152,25.739,23.435,21.642,20.129,18.524,16.315,14.034,10.953,8.694,7.068,5.607,4.034,2.605,1.948,1.355,0.973,0.527,0.244,0.197,0.22,0.04,0.041,0.021,0.034,0,0,0,0
2026-09-25 09:30:00,1,"Normal Scan","Normal Scan",0,"ON",1,1,1,735.3,5,16.5,98.2,57,0.0000000674895,0.0000180125,4.97,8976.18,8.8,736.5,1,"Up Scan","Positive",254,0,4.37,1.6,8,8,0,1,1,28.628,53.23,32.984,9.647,2.569,3521.22,60,15.5,NA,0,0,0,0,0,0,0,0,0,0,0,0,0,0,0,0,0,0,0,0,0,0,0,0,0,0,0,0,0,0,0,5784.102,5285.255,4925.799,5089.35,4143.667,4071.431,3725.645,3417.028,3351.846,2842.722,2779.838,2512.684,2420.65,2384.339,2268.836,2227.881,2273.626,2215.773,2234.891,2277.628,2303.16,2371.769,2485.287,2639.859,2642.909,2581.137,2483.737,2402.683,2120.583,1908.648,1870.707,1729.038,1742.321,1684.383,1655.99,1452.047,1364.267,1316.49,1180.713,1146.637,1145.09,1071.535,970.709,895.506,759.311,651.881,533.913,374.359,283.574,213.451,144.689,119.423,81.671,48.736,30.73,16.88,11.971,8.434,1.757,0,0,0,0,0,0,0,0,0,0,0,0,0,0,0,0,0,0,0,0,0,0,0,0,0,0,0,0,0,0,0,0,0,0,0,0,1.765,2.36,3.172,3.943,5.325,5.459,6.587,7.27,7.813,8.89,8.646,9.604,9.748,10.449,11.432,12.017,12.959,14.48,15.446,17.032,18.799,20.552,22.642,25.264,28.12,29.95,31.055,31.651,32.71,31.069,29.892,30.395,30.008,31.355,31.272,32.018,29.493,28.112,27.081,24.315,22.744,21.589,19.297,16.798,15.018,12.416,10.392,8.171,5.675,4.175,3.09,2.026,1.623,1.098,0.634,0.389,0.211,0.146,0.101,0.02,0,0.017,0,0,0,0
2026-09-25 09:35:00,1,"Normal Scan","Normal Scan",0,"ON",1,1,1,735.3,5,16.5,98.2,57.1,0.0000000674895,0.0000180125,4.97,8976.18,8.8,736.5,1,"Up Scan","Positive",254,0,4.37,1.6,8,8,0,1,1,30.56,54.409,34.305,9.647,2.53,3612.74,60,15.5,NA,0,0,0,0,0,0,0,0,0,0,0,0,0,0,0,0,0,0,0,0,0,0,0,0,0,0,0,0,0,0,0,4860.455,4847.408,4487.362,4327.88,4210.162,3881.646,3630.302,3510.239,3132.749,3256.734,2985.235,2946.526,2728.511,2791.297,2477.194,2468.257,2488.611,2370.606,2428.628,2464.109,2523.203,2642.544,2701.901,2903.749,2959.375,2823.371,2719.129,2503.681,2222.666,2123.066,1931.814,1788.77,1744.212,1687.893,1661.17,1385.831,1438.17,1328.057,1256.28,1228.92,1196.88,1100.963,1003.418,1004.399,855.057,617.707,543.247,400.375,292.616,210.962,171.1,120.952,90.53,53.268,38.041,18.911,11.43,7.514,2.695,0,0,0,0,0,0,0,0,0,0,0,0,0,0,0,0,0,0,0,0,0,0,0,0,0,0,0,0,0,0,0,0,0,0,0,0,1.443,1.977,2.91,3.575,4.527,5.547,6.29,7.051,8.04,8.327,9.912,10.304,11.424,11.789,13.348,13.112,14.388,15.86,16.552,18.52,20.42,22.42,25.218,27.367,30.864,33.344,33.665,34.393,33.721,32.355,32.389,31.555,30.82,31.636,32.005,32.65,28.822,29.56,28.152,25.748,24.014,22.508,19.906,17.48,16.641,13.951,9.951,8.443,6.062,4.338,3.022,2.408,1.638,1.253,0.691,0.487,0.237,0.14,0.09,0.032,0,0.051,0,0,0,0
2026-09-25 09:40:00,1,"Normal Scan","Normal Scan",0,"ON",1,1,1,735.3,5,16.5,98.2,57.2,0.0000000674895,0.0000180125,4.97,8976.18,8.8,736.5,1,"Up Scan","Positive",254,0,4.37,1.6,8,8,0,1,1,30.807,56.04,34.824,9.647,2.566,3122.85,60,15.5,NA,0,0,0,0,0,0,0,0,0,0,0,0,0,0,0,0,0,0,0,0,0,0,0,0,0,0,0,0,0,0,0,4337.492,3953.926,3843.374,3894.164,3395.559,3145.245,3219.386,2999.33,2955.92,2707.564,2583.918,2601.672,2450.575,2370.118,2048.448,2137.802,2133.183,1983.314,1951.737,2068.652,2126.608,2248.245,2417.419,2551.884,2577.201,2541.07,2403.398,2152.158,2126.732,1696.958,1535.696,1476.212,1420.965,1279.886,1261.172,1207.633,1185.765,1087.346,1068.159,1001.01,1149.968,1083.752,1059.783,961.75,887.151,662.739,578.56,401.622,304.115,222.749,167.706,113.285,75.573,42.856,26.033,31.63,8.172,5.052,1.726,0,0,0,0,0,0,0,0,0,0,0,0,0,0,0,0,0,0,0,0,0,0,0,0,0,0,0,0,0,0,0,0,0,0,0,0,1.525,1.78,2.334,3.118,4.074,4.476,5.092,6.258,6.87,7.868,8.255,8.917,10.08,10.581,11.333,10.832,12.424,13.588,13.923,15.01,17.235,19.052,21.458,24.433,27.192,28.809,29.896,29.943,28.712,29.928,26.069,25.346,25.968,26.032,25.647,26.645,26.274,26.424,24.411,23.148,21.289,21.964,19.653,18.147,16.087,14.351,10.442,8.793,6.025,4.549,3.199,2.32,1.529,1.004,0.557,0.331,0.394,0.1,0.061,0.02,0,0,0,0,0,0
2026-09-25 09:45:00,1,"Normal Scan","Normal Scan",0,"ON",1,1,1,735.4,5,16.6,98.2,57.1,0.0000000675192,0.0000180173,4.97,8976.18,8.8,736.5,1,"Up Scan","Positive",254,0,4.37,1.6,8,8,0,1,1,25.125,50.215,31.021,9.647,2.525,3273.1,59,15.6,NA,0,0,0,0,0,0,0,0,0,0,0,0,0,0,0,0,0,0,0,0,0,0,0,0,0,0,0,0,0,0,0,5843.511,5081.401,4698.092,4012.665,3887.923,3779.925,3717.074,3527.218,3333.941,3172.082,3100.274,2978.812,3023.721,2806.483,2550.584,2423.307,2222.774,2158.485,2049.35,2035.121,1905.618,1899.55,2172.837,2272.838,2204.442,2094.158,2039.378,1913.705,1805.48,1544.369,1411.471,1275.846,1154.488,1115.951,1045.888,1088.396,1112.266,1137.143,1160.101,1164.509,1181.693,1048.678,929.543,847.601,708.492,583.41,428.774,319.479,266.47,152.316,129.751,72.242,62.423,35.811,13.888,15.585,9.828,5.052,3.507,3.589,0,0,0,0,0,0,0,0,0,0,0,0,0,0,0,0,0,0,0,0,0,0,0,0,0,0,0,0,0,0,0,0,0,0,0,1.693,2.373,2.977,3.774,4.176,5.137,6.136,7.234,8.097,8.834,9.644,10.702,11.52,13.016,13.383,13.402,13.947,14.029,14.939,15.549,16.692,16.939,18.152,21.897,24.206,24.692,24.943,25.54,25.205,25.537,23.755,23.694,23.13,23.012,23.484,23.646,24.102,23.892,23.7,23.443,22.101,21.236,18.449,15.846,13.791,11.266,9.175,6.574,4.756,3.871,2.215,1.81,1.026,0.829,0.465,0.177,0.195,0.12,0.061,0.041,0.041,0,0,0,0,0
2026-09-25 09:50:00,1,"Normal Scan","Normal Scan",0,"ON",1,1,1,735.5,5,16.8,98.2,57,0.0000000675787,0.000018027,4.97,8976.18,8.8,736.5,1,"Up Scan","Positive",254,0,4.37,1.6,8,8,0,1,1,24.992,49.298,31.071,9.647,2.465,4278.64,59,15.8,NA,0,0,0,0,0,0,0,0,0,0,0,0,0,0,0,0,0,0,0,0,0,0,0,0,0,0,0,0,0,0,0,7291.436,5690.737,5086.077,5317.034,4876.073,4810.122,4587.287,4216.989,4273.011,4031.948,4240.685,5211.634,5445.386,4736.799,3902.365,3358.429,2835.045,2635.281,2607.148,2533.813,2591.254,2583.017,2680.664,2765.411,2696.843,2877.324,2674.662,2496.571,2377.112,2125.478,1908.177,1747.645,1687.034,1524.262,1487.937,1479.085,1452.439,1298.429,1335.045,1242.149,1280.8,1172.61,1133.554,1017.49,866.193,734.419,516.818,455.683,349.158,229.871,180.771,83.417,69.912,51.872,18.279,11.037,14.618,6.736,3.507,1.795,0,0,0,0,0,0,0,0,0,0,0,0,0,0,0,0,0,0,0,0,0,0,0,0,0,0,0,0,0,0,0,0,0,0,0,1.726,2.993,3.339,4.11,5.562,6.437,7.798,8.926,9.676,11.38,12.291,14.648,20.106,23.35,22.442,20.397,19.311,17.903,18.264,19.653,20.827,23.03,24.628,27.163,29.771,30.689,34.027,33.707,33.469,33.633,32.541,31.256,30.667,30.91,30.314,30.724,30.936,30.543,27.952,27.197,24.796,23.942,21.172,19.495,17.018,13.798,11.49,7.964,6.683,5.146,3.284,2.514,1.156,0.98,0.676,0.234,0.138,0.18,0.081,0.041,0.021,0.051,0,0,0,0
2026-09-25 09:55:00,1,"Normal Scan","Normal Scan",0,"ON",1,1,1,735.5,5,16.8,98.2,56.8,0.0000000675787,0.000018027,4.97,8976.18,8.8,736.5,1,"Up Scan","Positive",254,0,4.37,1.6,8,8,0,1,1,23.258,46.529,28.972,9.647,2.461,4580.27,60,15.3,NA,0,0,0,0,0,0,0,0,0,0,0,0,0,0,0,0,0,0,0,0,0,0,0,0,0,0,0,0,0,0,0,8048.995,7679.045,7151.216,6302.724,6656.97,5569.553,5418.493,5136.181,4984.46,4375.885,4684.911,4266.469,4214.515,4024.665,3517.48,3419.054,3122.822,3069.353,2877.386,2917.747,2809.224,2795.262,2888.545,2986.292,2957.074,2939.591,2828.139,2514.452,2408.268,2136.147,1816.19,1654.401,1512.713,1305.324,1258.13,1089.62,1125.944,1124.341,1054.884,1264.168,1203.871,1241.231,1224.466,1074.656,1021.615,803.155,636.251,488.053,336.791,219.463,133.354,95.541,56.707,42.855,36.727,20.513,14.715,5.08,3.493,3.603,0,0,0,0,0,0,0,0,0,0,0,0,0,0,0,0,0,0,0,0,0,0,0,0,0,0,0,0,0,0,0,0,0,0,0,2.523,3.304,4.587,5.78,6.55,8.79,9.028,10.53,11.782,13.267,13.313,16.12,16.494,18.14,19.19,18.516,19.709,19.742,21.193,21.675,23.835,24.817,26.587,29.063,31.759,33.254,34.512,34.944,33.077,32.948,31.369,28.94,28.31,27.711,27.318,27.451,26.051,26.756,26.009,24.437,25.474,23.381,22.209,20.75,17.604,16.084,12.352,9.648,7.366,4.95,3.158,1.889,1.33,0.77,0.557,0.467,0.256,0.18,0.061,0.041,0.041,0.017,0,0,0,0
2026-09-25 10:00:00,1,"Normal Scan","Normal Scan",0,"ON",1,1,1,735.6,5,16.9,98.2,56.5,0.0000000676084,0.0000180318,4.97,8976.18,8.8,736.5,1,"Up Scan","Positive",254,0,4.37,1.6,8,8,0,1,1,24.32,45.847,29.198,9.647,2.401,4414.88,58,15.6,NA,0,0,0,0,0,0,0,0,0,0,0,0,0,0,0,0,0,0,0,0,0,0,0,0,0,0,0,0,0,0,0,6979.968,6243.142,6510.918,5864.244,5847.465,5322.416,5141.68,5209.013,4943.07,4521.162,4256.413,4290.566,4115.763,4168.16,3926.94,3764.761,3600.985,3514.366,3262.904,3276.089,3154.63,3035.615,2921.118,2913.46,2834.174,2692.366,2559.645,2438.998,2110.406,1811.468,1526.57,1400.426,1270.577,1237.132,1181.501,1116.303,1137.594,1177.732,1120.964,1155.426,1088.13,1155.906,1070.211,970.794,861.617,685.614,532.765,407.621,309.533,224.951,151.719,91.571,55.984,36.921,27.477,17.363,18.041,8.425,3.507,1.808,0,0,0,0,0,0,0,0,0,0,0,0,0,0,0,0,0,0,0,0,0,0,0,0,0,0,0,0,0,0,0,0,0,0,0,2.042,2.842,3.683,5.235,6.148,7.725,8.592,10.008,11.922,13.133,13.753,14.695,16.628,17.796,19.876,20.659,21.701,22.684,24.068,24.35,26.371,27.417,28.339,29.137,30.683,31.377,31.424,31.49,31.683,29.385,27.097,25.28,25.127,24.649,25.463,25.376,25.343,25.697,25.62,24.137,23.179,20.88,20.453,18.358,16.077,13.75,10.682,8.086,6.135,4.515,3.325,2.119,1.265,0.761,0.48,0.35,0.217,0.22,0.101,0.041,0.021,0.017,0,0,0,0
2026-09-25 10:05:00,1,"Normal Scan","Normal Scan",0,"ON",1,1,1,735.7,5,17,98.2,56.1,0.0000000676382,0.0000180366,4.97,8976.18,8.8,736.5,1,"Up Scan","Positive",254,0,4.37,1.6,8,8,0,1,1,21.415,40.609,26.258,9.647,2.315,4165.61,57,15.9,NA,0,0,0,0,0,0,0,0,0,0,0,0,0,0,0,0,0,0,0,0,0,0,0,0,0,0,0,0,0,0,0,7572.596,7065.549,6812.676,6144.031,6051.092,5664.13,5591.145,5296.972,4968.54,4492.826,4579.007,4265.705,4263.071,3963.983,3589.108,3391.495,3231.582,3197.252,3119.108,2972.268,3086.18,2937.977,2694.042,2549.213,2221.35,2120.141,1825.061,1579.051,1429.661,1153.008,1049.024,1030.619,1031.019,985.335,923.186,841.03,967.332,923.619,882.986,926.01,921.972,869.756,787.7,731.13,625.868,540.352,422.518,316.828,239.448,166.408,126.434,64.635,41.379,22.208,19.87,4.738,3.299,1.67,1.74,3.603,0,0,0,0,0,0,0,0,0,0,0,0,0,0,0,0,0,0,0,0,0,0,0,0,0,0,0,0,0,0,0,0,0,0,0,2.231,3.084,4.194,5.499,6.426,8.013,9.168,10.846,12.145,13.19,13.671,15.784,16.482,18.359,18.911,18.867,19.622,20.408,21.917,23.126,23.702,26.37,26.69,26.075,26.237,24.222,24.466,22.62,21.131,20.373,18.031,18.207,18.82,19.676,20.206,20.157,19.233,20.81,19.908,18.709,18.36,17.302,15.394,13.66,12.135,9.897,8.308,6.354,4.713,3.413,2.369,1.753,0.906,0.549,0.288,0.253,0.059,0.04,0.02,0.02,0.041,0,0,0,0,0
2026-09-25 10:10:00,1,"Normal Scan","Normal Scan",0,"ON",1,1,1,735.7,5,17,98.2,55.7,0.0000000676382,0.0000180366,4.97,8976.18,8.8,736.5,1,"Up Scan","Positive",254,0,4.37,1.6,8,8,0,1,1,21.804,43.193,26.795,9.647,2.441,3318,56,16,NA,0,0,0,0,0,0,0,0,0,0,0,0,0,0,0,0,0,0,0,0,0,0,0,0,0,0,0,0,0,0,0,8801.566,7138.522,5829.922,4900.673,4510.065,3550.814,3479.958,3334.752,3308.786,2784.229,3016.963,2970.588,2614.699,2763.524,2546.293,2633.48,2624.329,2511.161,2463.345,2501.835,2439.585,2275.538,2124.235,2108.715,1891.395,1724.029,1470.277,1291.782,1185.115,1047.438,953.67,883.179,923.702,990.306,856.383,846.011,864.974,884.238,791.151,783.893,893.379,809.901,771.312,659.121,592.563,521.338,391.9,285.077,190.065,158.735,93.06,76.751,34.674,29.54,12.203,6.299,8.131,8.448,7.041,5.452,0,0,0,0,0,0,0,0,0,0,0,0,0,0,0,0,0,0,0,0,0,0,0,0,0,0,0,0,0,0,0,0,0,0,0,2.677,3.648,4.24,4.69,5.139,5.911,5.745,6.768,7.644,8.794,8.476,10.408,11.509,11.3,13.222,13.459,15.254,16.546,17.228,18.312,19.959,20.855,20.807,20.655,21.679,20.757,20.061,18.491,17.635,17.578,16.585,16.263,16.783,17.878,19.391,18.802,18.861,19.072,18.642,16.95,16.187,16.47,14.332,13.03,10.924,9.5,8.017,5.986,4.252,2.786,2.277,1.339,1.1,0.511,0.384,0.156,0.079,0.1,0.101,0.082,0.062,0.017,0,0,0,0
2026-09-25 10:15:00,1,"Normal Scan","Normal Scan",0,"ON",1,1,1,735.7,5,17.1,98.2,55.4,0.0000000676679,0.0000180415,4.97,8976.18,8.8,736.5,1,"Up Scan","Positive",254,0,4.37,1.6,8,8,0,1,1,27.558,45.684,30.63,9.647,2.313,3711.69,56,16.1,NA,0,0,0,0,0,0,0,0,0,0,0,0,0,0,0,0,0,0,0,0,0,0,0,0,0,0,0,0,0,0,0,5596.044,5168.932,4280.883,4392.186,3511.593,3387.825,3702.439,3826.148,3441.99,3896.697,3640.783,3409.656,3595.686,3591.961,3673.585,3535.363,3482.746,3337.745,3277.143,3305.46,3323.068,3284.883,3137.682,3228.972,3015.973,2789.828,2424.093,2191.092,1780.927,1532.721,1281.354,1142.457,1191.845,1091.558,1073.471,1033.977,972.621,1000.641,882.307,908.517,925.68,779.774,803.565,667.106,580.782,470.055,328.108,277.709,216.94,127.771,98.21,58.734,39.185,19.178,15.352,6.339,8.227,3.354,5.25,0,0,0,0,0,0,0,0,0,0,0,0,0,0,0,0,0,0,0,0,0,0,0,0,0,0,0,0,0,0,0,0,0,0,0,0,1.827,2.3,3.059,3.442,4.586,4.613,5.479,7.185,8.749,9.178,11.887,12.591,13.225,15.584,17.202,19.377,20.486,22.054,23.013,24.573,26.729,28.778,30.233,30.805,33.171,32.653,31.975,29.471,28.44,25.146,23.096,21.248,20.676,21.775,21.299,22.063,21.242,20.618,20.318,18.109,17.343,16.589,14,13.5,10.909,9.183,7.297,4.934,4.116,3.135,1.875,1.375,0.816,0.518,0.25,0.195,0.079,0.1,0.04,0.061,0,0,0,0,0,0
2026-09-25 10:20:00,1,"Normal Scan","Normal Scan",0,"ON",1,1,1,735.7,5,17.1,98.2,55.3,0.0000000676679,0.0000180415,4.97,8976.18,8.8,736.5,1,"Up Scan","Positive",254,0,4.37,1.6,8,8,0,1,1,29.982,50.849,32.844,9.647,2.436,3203.57,57,16.2,NA,0,0,0,0,0,0,0,0,0,0,0,0,0,0,0,0,0,0,0,0,0,0,0,0,0,0,0,0,0,0,0,4663.023,4208.038,3738.021,3932.836,3292.971,3232.356,3292.172,2978.513,2986.107,2660.223,2717.903,2658.629,2656.052,2517.152,2533.178,2583.658,2485.264,2769.928,2618.451,2672.924,2801.07,2897.216,2969.977,2791.505,2630.22,2457.958,2223.145,1880.35,1748.421,1641.14,1373.485,1428.153,1267.464,1232.575,1069.055,937.826,990.777,887.323,979.379,891.644,862.743,956.837,802.467,836.605,620.529,563.551,421.515,355.996,264.442,207.825,132.892,85.36,57.125,30.42,9.681,1.561,4.969,0,1.753,1.795,0,0,0,0,0,0,0,0,0,0,0,0,0,0,0,0,0,0,0,0,0,0,0,0,0,0,0,0,0,0,0,0,0,0,0,1.225,1.905,2.474,3.001,4.11,4.338,5.232,6.393,6.825,7.93,8.109,9.375,10.312,11.532,12.078,13.425,15.053,15.919,19.238,19.754,21.74,24.374,26.772,28.975,29.063,29.172,28.693,27.743,25.297,24.758,24.436,22.267,23.859,23.563,23.356,22.014,21.189,21.384,20.192,20.157,17.98,16.815,17.148,14.201,13.698,10.006,8.802,6.394,5.172,3.753,2.947,1.835,1.176,0.776,0.396,0.124,0.02,0.06,0,0.02,0.021,0.017,0,0,0,0
2026-09-25 10:25:00,1,"Normal Scan","Normal Scan",0,"ON",1,1,1,735.7,5,17.1,98.2,55,0.0000000676679,0.0000180415,4.97,8976.18,8.8,736.5,1,"Up Scan","Positive",254,0,4.37,1.6,8,8,0,1,1,27.616,49.171,31.132,9.647,2.457,2908.38,56,16.2,NA,0,0,0,0,0,0,0,0,0,0,0,0,0,0,0,0,0,0,0,0,0,0,0,0,0,0,0,0,0,0,0,5051.376,4463.735,4088.75,3621.07,3286.894,2857.108,3129.989,3195.617,2638.965,2478.608,2460.659,2275.667,2278.417,2315.823,2163.146,2179.853,2307.495,2412.707,2419.033,2336.084,2544.19,2398.268,2368.578,2345.161,2286.236,2132.531,1953.301,1757.692,1552.83,1330.638,1115.981,995.328,869.268,945.664,817.971,835.197,874.302,815.309,773.103,826.044,825.757,757.311,662.341,670.511,603.051,471.879,443.301,325.176,254.115,185.978,140.713,90.012,57.818,36.428,20.415,9.436,6.516,3.382,1.74,3.589,0,0,0,0,0,0,0,0,0,0,0,0,0,0,0,0,0,0,0,0,0,0,0,0,0,0,0,0,0,0,0,0,0,0,0,1.566,2.054,2.632,3.27,3.786,4.338,4.628,6.057,7.3,7.021,7.559,8.49,8.832,9.9,11.127,11.465,12.763,14.7,16.676,18.154,18.984,22.063,22.287,23.376,24.488,25.091,24.649,23.783,22.755,21.646,20.049,18.439,17.8,16.91,18.83,18.072,18.279,18.755,18.127,16.83,16.731,16.105,14.269,11.734,11.503,9.841,7.503,6.807,4.839,3.719,2.64,1.965,1.249,0.833,0.473,0.26,0.118,0.08,0.04,0.02,0.041,0.067,0,0,0,0
2026-09-25 10:30:00,1,"Normal Scan","Normal Scan",0,"ON",1,1,1,735.7,5,17.1,98.2,54.8,0.0000000676679,0.0000180415,4.97,8976.18,8.8,736.5,1,"Up Scan","Positive",254,0,4.37,1.6,8,8,0,1,1,25.757,45.112,29.325,9.647,2.393,4002.47,56,16.2,NA,0,0,0,0,0,0,0,0,0,0,0,0,0,0,0,0,0,0,0,0,0,0,0,0,0,0,0,0,0,0,0,7204.073,6461.287,6420.938,5752.209,5652.33,4530.907,4693.613,4196.885,3632.813,3424.891,3112.192,3017.117,2749.752,2799.216,2888.022,2912.307,2870.51,2941.581,3191.019,3071.889,3232.306,3340.732,3244.924,3165.085,3107.434,2937.336,2945.985,2617.619,2327.965,1958.393,1866.492,1583.399,1402.034,1238.366,1167.663,1031.451,992.168,1037.28,882.457,844.509,845.403,838.418,729.015,631.863,573.833,473.975,434.215,304.539,265.243,162.347,131.476,80.262,65.948,42.732,19.802,12.719,8.172,6.708,3.493,1.808,0,0,0,0,0,0,0,0,0,0,0,0,0,0,0,0,0,0,0,0,0,0,0,0,0,0,0,0,0,0,0,0,0,0,0,1.63,2.974,3.823,5.157,6.012,7.438,7.3,9.086,9.598,9.647,10.427,10.758,11.68,11.923,13.472,15.325,17.014,18.366,20.475,23.962,25.07,28.214,31.291,32.304,33.267,34.558,34.511,35.919,33.904,31.84,28.52,28.548,26.377,24.661,23.147,22.763,21.688,20.795,20.74,18.507,16.866,16.134,15.484,12.811,10.742,9.309,7.633,6.71,4.519,3.895,2.35,1.837,1.115,0.893,0.557,0.253,0.158,0.1,0.081,0.041,0.021,0.017,0,0,0,0
2026-09-25 10:35:00,1,"Normal Scan","Normal Scan",0,"ON",1,1,1,735.7,5,17,98.2,54.6,0.0000000676382,0.0000180366,4.97,8976.18,8.8,736.5,1,"Up Scan","Positive",254,0,4.37,1.6,8,8,0,1,1,23.908,43.915,28.349,9.647,2.373,3817.23,56,16.2,NA,0,0,0,0,0,0,0,0,0,0,0,0,0,0,0,0,0,0,0,0,0,0,0,0,0,0,0,0,0,0,0,6830.569,5985.229,5646.332,5652.55,5864.389,4877.6,4672.037,4275.853,3930.97,3660.832,3269.591,3136.607,3001.938,2685.556,2933.907,2867.736,3037.6,2946.845,3078.661,2915.499,3007.73,2936.556,2894.054,2883.641,2668.578,2637.192,2285.308,2230.472,1864.788,1615.25,1491.803,1275.266,1179.707,1057.59,1049.978,1007.863,809.191,893.891,843.773,809.616,761.725,730.959,708.327,651.869,503.019,424.574,444.042,331.184,276.387,190.943,137.07,97.839,65.205,53.007,24.42,14.24,8.145,6.764,1.74,7.22,0,0,0,0,0,0,0,0,0,0,0,0,0,0,0,0,0,0,0,0,0,0,0,0,0,0,0,0,0,0,0,0,0,0,0,1.682,2.777,3.533,4.511,5.924,7.7,7.883,9.078,9.77,10.43,11.134,11.275,12.184,12.991,12.955,15.521,16.698,19.246,20.371,23.013,23.611,26.136,27.233,28.682,29.983,29.429,30.589,28.214,28.845,25.916,24.125,23.153,21.423,21.41,20.46,20.694,20.407,18.086,18.954,17.416,16.327,15.29,13.791,12.887,11.228,8.485,6.933,6.931,4.992,4.118,2.716,1.933,1.372,0.965,0.691,0.311,0.177,0.1,0.081,0.02,0.083,0.084,0,0,0,0
2026-09-25 10:40:00,1,"Normal Scan","Normal Scan",0,"ON",1,1,1,735.7,5,17,98.2,54.5,0.0000000676382,0.0000180366,4.97,8976.18,8.8,736.5,1,"Up Scan","Positive",254,0,4.37,1.6,8,8,0,1,1,27.571,50.57,31.672,9.647,2.495,3922.78,56,16.1,NA,0,0,0,0,0,0,0,0,0,0,0,0,0,0,0,0,0,0,0,0,0,0,0,0,0,0,0,0,0,0,0,6689.942,5779.101,5791.157,5093.838,4300.465,4226.218,3852.209,3686.845,3474.817,3193.684,3253.652,3123.154,3410.703,3273.985,3339.365,3324.252,3078.805,3135.41,3061.013,3156.998,3091.492,3125.07,2938.594,2927.504,2742.223,2610.961,2461.768,2287.15,1921.843,1771.726,1419.338,1276.824,1268.344,1250.63,1269.004,1374.068,1461.343,1549.298,1474.198,1265.997,1287.514,1176.914,1008.628,909.227,774.157,645.016,561.524,408.829,304.455,234.528,134.5,92.69,80.481,55.12,39.604,28.427,22.942,12.365,8.186,10.781,0,0,0,0,0,0,0,0,0,0,0,0,0,0,0,0,0,0,0,0,0,0,0,0,0,0,0,0,0,0,0,0,0,0,0,2.046,2.774,3.443,4.674,5.303,5.662,6.856,7.49,8.45,9.24,9.736,11.234,12.13,14.76,15.667,17.611,19.252,19.568,21.604,22.93,25.453,26.787,28.992,29.168,30.541,30.393,30.297,30.317,30.178,27.56,27.593,25.249,25.168,26.267,26.487,27.446,29.117,29.921,30.595,28.595,24.854,23.903,20.851,17.691,15.185,12.519,10.336,8.746,6.297,4.608,3.445,1.963,1.343,1.132,0.716,0.504,0.355,0.279,0.147,0.096,0.124,0.034,0,0,0,0
2026-09-25 10:45:00,1,"Normal Scan","Normal Scan",0,"ON",1,1,1,735.7,5,17,98.2,54.3,0.0000000676382,0.0000180366,4.97,8976.18,8.8,736.5,1,"Up Scan","Positive",254,0,4.37,1.6,8,8,0,1,1,21.589,38.311,25.733,9.647,2.245,4928.99,56,16.1,NA,0,0,0,0,0,0,0,0,0,0,0,0,0,0,0,0,0,0,0,0,0,0,0,0,0,0,0,0,0,0,0,9398.991,9212.154,8341.552,8009.266,6869.741,6407.635,6347.821,5613.304,5309.115,5149.192,4971.229,4766.419,4428.905,4165.848,4287.096,3956.677,3924.097,3951.723,3799.381,4014.155,3968.706,3870.645,3692.614,3527.365,3232.134,2983.357,2465.9,2211.477,1896.481,1577.077,1376.668,1103.001,1155.335,1067.409,1024.622,1001.567,957.634,902.418,852.124,800.97,786.423,699.376,738.936,628.858,502.561,470.219,346.836,289.336,208.402,149.756,95.699,68.171,57.128,45.737,13.738,14.2,4.859,8.42,3.493,3.617,0,0,0,0,0,0,0,0,0,0,0,0,0,0,0,0,0,0,0,0,0,0,0,0,0,0,0,0,0,0,0,0,0,0,0,2.51,3.861,5.473,6.651,8.337,9.036,10.353,12.328,12.861,14.1,15.64,17.126,18.44,19.137,19.93,22.632,22.992,24.895,27.229,28.397,32.179,34.05,35.318,35.807,36.142,34.888,34.02,29.831,28.646,26.25,23.538,22.106,19.674,20.958,20.498,20.442,20.156,20.07,18.685,17.269,15.875,14.944,12.757,12.742,10.395,8.148,7.478,5.409,4.358,3.082,2.145,1.359,0.97,0.776,0.595,0.175,0.177,0.06,0.101,0.041,0.041,0.017,0,0,0,0
2026-09-25 10:50:00,1,"Normal Scan","Normal Scan",0,"ON",1,1,1,735.6,5,16.9,98.2,54.3,0.0000000676084,0.0000180318,4.97,8976.18,8.8,736.5,1,"Up Scan","Positive",254,0,4.37,1.6,8,8,0,1,1,24.333,38.886,27.343,10.366,2.168,4920.44,56,16,NA,0,0,0,0,0,0,0,0,0,0,0,0,0,0,0,0,0,0,0,0,0,0,0,0,0,0,0,0,0,0,0,7017.352,7174.528,6633.145,6539.282,6122.32,6014.412,5366.245,5707.417,5732.617,5559.061,5256.779,4946.787,5063.804,4669.844,4700.432,4391.969,4452.099,4332.649,4529.087,4575.745,4443.933,4456.155,4398.612,4211.886,3778.758,3437.073,3015.362,2613.474,2237.037,1766.079,1382.604,1307.512,1132.993,1014.645,1013.624,886.987,896.117,806.295,714.109,734.752,685.409,686.271,589.205,506.961,456.706,365.781,340.369,237.723,169.122,109.04,119.38,64.813,44.564,11.758,16.757,6.353,3.258,3.34,1.74,1.795,0,0,0,0,0,0,0,0,0,0,0,0,0,0,0,0,0,0,0,0,0,0,0,0,0,0,0,0,0,0,0,0,0,0,0,2.4,2.893,4.252,5.354,6.828,8.062,9.769,10.437,13.099,15.243,16.911,18.119,19.16,21.885,22.385,24.859,25.523,28.265,30.027,33.9,36.697,38.261,40.806,42.608,43.057,40.519,38.921,36.09,33.088,30.08,25.48,21.922,21.574,19.929,19.112,19.489,18.103,18.069,16.371,14.567,14.292,13.102,12.072,10.013,8.716,7.402,5.798,5.073,3.529,2.474,1.567,1.659,0.892,0.609,0.154,0.214,0.079,0.04,0.04,0.02,0.021,0.017,0,0,0,0
2026-09-25 10:55:00,1,"Normal Scan","Normal Scan",0,"ON",1,1,1,735.6,5,16.9,98.2,54.3,0.0000000676084,0.0000180318,4.97,8976.18,8.8,736.5,1,"Up Scan","Positive",254,0,4.37,1.6,8,8,0,1,1,22.834,37.667,26.095,9.647,2.185,5268.52,56,15.9,NA,0,0,0,0,0,0,0,0,0,0,0,0,0,0,0,0,0,0,0,0,0,0,0,0,0,0,0,0,0,0,0,9112.232,8463.023,8728.929,7765.899,7013.757,6419.57,6457.388,5863.159,5625.873,5520.95,5553.42,5366.638,5267.059,4920.409,4986.183,5010.971,4860.592,4762.963,4733.863,4763.756,4637.722,4301.295,4245.968,3765.542,3422.065,2967.495,2473.252,2167.874,1932.233,1569.546,1544.621,1342.703,1284.166,1238.194,1196.981,1124.585,972.501,909.249,890.629,893.665,758.831,698.637,576.789,545.958,411.236,343.783,303.604,239.488,203.069,116.456,103.552,83.898,52.377,30.587,21.363,9.462,9.774,3.368,3.465,0,0,0,0,0,0,0,0,0,0,0,0,0,0,0,0,0,0,0,0,0,0,0,0,0,0,0,0,0,0,0,0,0,0,0,0,2.459,3.717,4.994,7.044,8.113,9.189,10.412,12.553,13.442,14.943,16.866,19.184,20.797,22.778,23.6,26.346,29.022,30.702,32.76,35.078,37.886,39.425,38.927,40.733,38.469,36.929,34.202,30.574,28.508,26.93,24.268,24.575,22.588,22.68,23.034,22.379,21.509,19.04,18.095,16.785,16.652,13.907,12.604,10.113,9.238,6.924,5.566,4.727,3.606,3.009,1.682,1.469,1.134,0.729,0.397,0.272,0.118,0.12,0.04,0.041,0,0.034,0,0,0,0
2026-09-25 11:00:00,1,"Normal Scan","Normal Scan",0,"ON",1,1,1,735.6,5,16.9,98.2,54.2,0.0000000676084,0.0000180318,4.97,8976.18,8.8,736.5,1,"Up Scan","Positive",254,0,4.37,1.6,8,8,0,1,1,21.399,34.706,24.65,11.14,2.107,5400.96,56,15.9,NA,0,0,0,0,0,0,0,0,0,0,0,0,0,0,0,0,0,0,0,0,0,0,0,0,0,0,0,0,0,0,0,8784.955,9250.04,9424.294,8487.245,7814.757,7553.385,6825.471,6530.019,6434.821,6344.055,5943.572,5450.387,5535.708,5343.722,5070.972,5134.124,5112.424,4881.081,4760.161,4727.579,4597.255,4407.336,4254.886,3716.637,3204.437,2776.947,2301.981,1991.746,1663.992,1402.637,1350.78,1112.421,1045.317,1005.867,982.52,931.417,818.179,781.826,691.778,681.365,647.206,489.358,468.574,431.867,349.198,307.764,237.875,223.864,150.579,126.872,84.821,54.841,54.315,25.018,24.394,11.077,6.516,5.038,3.493,0,0,0,0,0,0,0,0,0,0,0,0,0,0,0,0,0,0,0,0,0,0,0,0,0,0,0,0,0,0,0,0,0,0,0,0,2.551,3.637,5.461,7.561,8.87,10.328,12.225,13.254,14.963,17.122,19.305,20.541,21.155,23.939,25.555,26.769,29.719,32.227,33.504,35.212,37.483,38.904,39.653,40.555,37.586,34.428,31.804,27.978,25.756,23.21,21.251,21.105,18.825,18.379,18.415,18.499,17.376,15.919,15.254,13.581,12.908,11.804,9.125,8.493,7.378,5.73,5.064,3.709,3.409,2.232,1.849,1.193,0.747,0.719,0.326,0.311,0.138,0.08,0.061,0.041,0,0,0,0,0,0
2026-09-25 11:05:00,1,"Normal Scan","Normal Scan",0,"ON",1,1,1,735.4,5,16.7,98.2,54.3,0.000000067549,0.0000180222,4.97,8976.18,8.8,736.5,1,"Up Scan","Positive",254,0,4.37,1.6,8,8,0,1,1,22.856,37.285,25.89,9.647,2.173,4380.08,56,15.8,NA,0,0,0,0,0,0,0,0,0,0,0,0,0,0,0,0,0,0,0,0,0,0,0,0,0,0,0,0,0,0,0,8556.693,7015.811,6349.373,6411.549,6116.587,5466.484,5299.048,4764.209,4756.422,4674.137,4411.321,4240.409,4294.451,4184.154,4045.656,3946.89,3975.516,4067.397,3985.788,4266.692,4191.699,4048.996,3741.64,3378.34,2758.405,2410.359,1925.431,1716.167,1532.584,1212.172,1112.134,1019.195,1042.566,1006.875,836.298,823.175,817.777,740.808,636.739,650.642,616.458,531.085,453.927,412.825,377.128,336.594,227.416,165.015,182.641,116.754,89.913,75.404,51.497,26.61,19.889,18.885,16.303,10.104,3.493,0,0,0,0,0,0,0,0,0,0,0,0,0,0,0,0,0,0,0,0,0,0,0,0,0,0,0,0,0,0,0,0,0,0,0,0,2.315,3.546,4.165,5.102,6.715,8.085,8.844,10.334,10.916,12.665,14.233,15.228,16.451,18.597,20.065,21.442,22.981,25.277,28.021,29.588,33.745,35.361,36.272,35.624,34.189,29.745,27.558,23.63,22.727,21.429,18.313,17.866,17.63,18.097,18.104,16.43,16.139,15.807,14.418,13.043,12.591,11.258,9.757,8.324,7.066,6.42,5.519,3.574,2.593,2.791,1.77,1.273,1.026,0.719,0.346,0.253,0.237,0.2,0.121,0.041,0,0.034,0,0,0,0
2026-09-25 11:10:00,1,"Normal Scan","Normal Scan",0,"ON",1,1,1,735.4,5,16.6,98.3,54.2,0.0000000674506,0.0000180173,4.97,8976.18,8.8,736.5,1,"Up Scan","Positive",254,0,4.37,1.6,8,8,0,1,1,22.427,36.649,25.485,10.366,2.157,4301.57,56,15.8,NA,0,0,0,0,0,0,0,0,0,0,0,0,0,0,0,0,0,0,0,0,0,0,0,0,0,0,0,0,0,0,0,7308.238,7628.39,6806.735,6474.271,5778.303,5600.422,5238.522,4684.415,5036.598,4534.359,4594.209,4267.123,4171.259,3982.813,4205.227,4140.676,4142.32,4305.557,4145.632,4297.559,4015.786,3941.884,3410.35,3163.719,2543.838,2083.331,1695.439,1428.41,1194.629,1018.509,971.337,920.173,798.366,773.556,768.476,796.414,783.727,793.002,725.706,721.21,647.823,576.276,520.913,460.526,339.584,265.308,240.938,205.132,144.675,89.592,74.432,55.58,45.697,36.797,16.848,7.85,13.179,8.462,8.697,1.585,0,0,0,0,0,0,0,0,0,0,0,0,0,0,0,0,0,0,0,0,0,0,0,0,0,0,0,0,0,0,0,0,0,0,0,2.354,3.042,4.505,5.483,6.798,7.613,9.118,10.15,10.74,13.38,13.811,15.844,16.562,18.112,19.143,22.282,24.027,26.258,29.404,30.617,33.827,33.709,35.115,32.295,31.738,27.156,23.828,20.865,18.785,16.979,15.905,16.193,16.43,15.233,15.61,15.563,15.899,15.635,15.551,13.718,13.212,11.878,10.415,8.874,7.706,5.6,4.424,3.86,3.115,2.145,1.369,1.121,0.768,0.622,0.48,0.214,0.098,0.161,0.101,0.102,0.018,0.002,0,0,0,0
2026-09-25 11:15:00,1,"Normal Scan","Normal Scan",0,"ON",1,1,1,735.4,5,16.6,98.3,54.2,0.0000000674506,0.0000180173,4.97,8976.18,8.8,736.5,1,"Up Scan","Positive",254,0,4.37,1.6,8,8,0,1,1,22.472,35.971,25.46,9.647,2.126,4232.5,56,15.7,NA,0,0,0,0,0,0,0,0,0,0,0,0,0,0,0,0,0,0,0,0,0,0,0,0,0,0,0,0,0,0,0,7251.554,6554.076,6400.223,6118.737,5888.15,5468.162,5172.998,5005.816,4858.184,4752.513,4765.543,4394.254,4603.471,4252.468,4163.128,4079.315,4054.578,4105.694,3966.878,4078.477,3942.124,3862.281,3479.971,2999.099,2359.86,2097.728,1640.098,1394.705,1154.135,1030.215,933.596,925.065,904.193,930.439,826.194,897.804,851.622,768.128,712.572,701.387,620.758,499.795,400.295,365.397,245.297,230.942,180.908,149.157,113.404,87.207,67.302,61.141,32.813,17.694,6.088,6.272,3.258,0,5.205,1.781,0,0,0,0,0,0,0,0,0,0,0,0,0,0,0,0,0,0,0,0,0,0,0,0,0,0,0,0,0,0,0,0,0,0,0,1.961,2.975,3.928,5.162,6.4,7.778,8.836,10.043,11.478,12.937,14.481,16.439,17.035,19.925,20.364,21.978,23.694,25.687,28.158,29.275,32.048,33.117,34.364,32.925,30.156,25.371,24.013,20.293,18.717,17.015,16.283,15.918,16.418,16.369,17.378,15.945,16.628,15.642,14.289,12.78,12.477,11.002,8.74,6.9,6.119,4.24,3.703,2.792,2.242,1.662,1.224,0.974,0.843,0.451,0.23,0.078,0.079,0.04,0,0.061,0.021,0.017,0,0,0,0
2026-09-25 11:20:00,1,"Normal Scan","Normal Scan",0,"ON",1,1,1,735.3,5,16.5,98.2,54.3,0.0000000674895,0.0000180125,4.97,8976.18,8.8,736.5,1,"Up Scan","Positive",254,0,4.37,1.6,8,8,0,1,1,20.604,33.428,24.063,9.647,2.078,4844.66,56,15.7,NA,0,0,0,0,0,0,0,0,0,0,0,0,0,0,0,0,0,0,0,0,0,0,0,0,0,0,0,0,0,0,0,8574.804,7807.94,8406.78,7496.594,7649.702,6968.667,6598.273,6269.116,6196.222,5760.571,5598.288,5210.872,5013.722,4619.3,4364.966,4233.479,4272.592,4235.146,4092.822,4059.186,4068.98,4132.531,3793.384,3260.762,2699.436,2337.142,1883.714,1711.48,1441.969,1170.045,1076.777,1042.36,957.846,902.466,876.67,865.288,754.984,694.502,631.438,562.44,501.439,395.815,387.042,300.152,250.187,225.564,166.124,143.303,109.556,80.437,44.191,53.834,18.974,22.183,10.681,7.861,6.557,5.052,5.191,1.781,0,0,0,0,0,0,0,0,0,0,0,0,0,0,0,0,0,0,0,0,0,0,0,0,0,0,0,0,0,0,0,0,0,0,0,2.057,3.519,4.634,6.757,7.836,10.062,11.309,12.829,14.355,16.482,17.505,19.298,20.172,21.668,22.122,23.047,24.558,27.07,29.116,30.293,32.126,34.367,36.93,36.172,32.875,29.037,26.788,23.178,22.38,20.092,18.016,17.395,17.282,16.82,16.055,15.882,15.483,14.104,12.778,11.585,10.25,9.123,7.125,6.679,5.041,4.216,3.542,2.673,2.177,1.628,1.188,0.671,0.742,0.287,0.288,0.136,0.099,0.08,0.061,0.061,0.021,0.034,0,0,0,0
2026-09-25 11:25:00,1,"Normal Scan","Normal Scan",0,"ON",1,1,1,735.3,5,16.5,98.2,54.3,0.0000000674895,0.0000180125,4.97,8976.18,8.8,736.5,1,"Up Scan","Positive",254,0,4.37,1.6,8,8,0,1,1,19.381,30.595,22.427,9.647,2.009,5633.47,56,15.7,NA,0,0,0,0,0,0,0,0,0,0,0,0,0,0,0,0,0,0,0,0,0,0,0,0,0,0,0,0,0,0,0,11517.969,10601.018,9084.99,9387.502,9194.336,8269.822,8522.046,7604.253,7759.053,6912.474,7061.741,6849.2,6800.845,6177.59,5487.846,5134.506,4736.724,4773.672,4638.111,4250.38,4227.676,3892.319,3492.519,3039.187,2422.52,2109.083,1693.982,1388.678,1338.757,1208.883,1079.776,998.557,898.745,884.556,766.945,774.667,755.733,668.089,549.243,592.752,523.103,411.344,369.76,331.922,250.768,210.25,138.649,115.829,92.617,82.88,61.021,42.996,32.877,22.113,15.287,12.652,1.615,5.094,1.726,1.808,0,0,0,0,0,0,0,0,0,0,0,0,0,0,0,0,0,0,0,0,0,0,0,0,0,0,0,0,0,0,0,0,0,0,0,3.218,4.706,6.31,7.327,9.806,12.149,13.427,16.599,17.436,20.629,21.048,24.325,26.453,29.274,29.449,28.814,29.617,29.81,32.491,34.013,33.372,35.443,34.7,33.09,30.741,26.303,24.243,21.096,18.535,18.829,18.014,17.205,16.857,15.527,15.853,14.594,14.255,13.927,12.45,10.495,10.52,9.076,7.287,6.39,5.631,4.197,3.409,2.238,1.829,1.399,1.176,0.882,0.597,0.435,0.288,0.195,0.158,0.02,0.061,0.02,0.021,0,0,0,0,0
2026-09-25 11:30:00,1,"Normal Scan","Normal Scan",0,"ON",1,1,1,735.3,5,16.4,98.3,54.4,0.0000000673912,0.0000180077,4.97,8976.18,8.8,736.5,1,"Up Scan","Positive",254,0,4.37,1.6,8,8,0,1,1,19.109,30.947,22.469,9.647,2.031,5133.72,56,15.7,NA,0,0,0,0,0,0,0,0,0,0,0,0,0,0,0,0,0,0,0,0,0,0,0,0,0,0,0,0,0,0,0,10948.973,9463.068,8779.437,8865.089,8084.263,8084.975,7647.215,7061.544,6918.443,6346.888,6209.721,5623.943,5371.876,5473.508,5017.634,4551.992,4418.878,4226.441,4016.083,3914.041,3750.669,3696.655,3316.64,2852.065,2341.665,1912.77,1567.114,1338.405,1189.801,1011.804,965.641,1025.894,886.702,805.848,767.81,776.624,660.98,644.272,559.43,534.348,501.412,381.259,314.411,345.039,318.973,186.43,169.016,120.067,86.24,64.897,48.298,34.376,24.47,17.631,9.133,7.673,5.238,8.34,3.493,3.603,0,0,0,0,0,0,0,0,0,0,0,0,0,0,0,0,0,0,0,0,0,0,0,0,0,0,0,0,0,0,0,0,0,0,0,2.969,4.513,5.629,7.073,9.274,10.645,13.101,14.867,16.172,18.39,19.31,21.391,21.772,23.21,26.087,26.349,26.286,27.834,28.872,29.547,30.815,31.485,32.942,31.391,28.793,25.129,22.201,19.626,17.798,16.856,15.669,15.663,16.8,15.354,14.613,14.45,14.135,12.302,12.236,10.82,9.655,8.908,6.695,5.446,5.672,5.089,3.018,2.667,1.827,1.3,0.963,0.731,0.504,0.341,0.231,0.117,0.096,0.064,0.1,0.041,0.041,0.017,0,0,0,0
2026-09-25 11:35:00,1,"Normal Scan","Normal Scan",0,"ON",1,1,1,735.2,5,16.4,98.2,54.5,0.0000000674598,0.0000180077,4.97,8976.18,8.8,736.5,1,"Up Scan","Positive",254,0,4.37,1.6,8,8,0,1,1,18.748,30.317,22.116,9.647,2.02,5395.6,56,15.6,NA,0,0,0,0,0,0,0,0,0,0,0,0,0,0,0,0,0,0,0,0,0,0,0,0,0,0,0,0,0,0,0,11256.903,10993.595,10441.21,9252.672,8375.487,8224.285,8082.463,7552.719,7204.409,6884.945,6566.602,6102.469,5640.209,5207.443,5095.901,4798.639,4512.347,4091.209,4120.764,3941.742,3797.452,3766.983,3375.584,3063.013,2564.53,2059.2,1704.068,1376.674,1241.404,1106.054,1029.765,903.994,946.254,857.322,827.002,738.611,708.293,582.972,609.408,530.546,479.646,377.317,329.032,295.431,258.533,203.795,149.293,126.105,75.402,69.378,38.055,47.233,20.195,20.674,10.642,6.353,4.887,6.722,5.246,0,0,0,0,0,0,0,0,0,0,0,0,0,0,0,0,0,0,0,0,0,0,0,0,0,0,0,0,0,0,0,0,0,0,0,0,3.579,4.637,6.531,8.375,9.654,11.051,13.337,15.689,17.28,19.144,20.918,22.6,23.603,24.287,24.845,26.773,27.645,28.409,28.026,30.376,31.182,31.962,33.577,32.039,30.883,27.509,23.697,21.045,18.398,17.724,16.684,16.417,15.244,16.05,15.387,15.005,13.564,12.995,11.032,11.196,9.655,8.482,6.578,5.74,4.793,4.311,3.233,2.395,1.891,1.158,1.031,0.561,0.662,0.284,0.269,0.136,0.079,0.06,0.081,0.061,0,0.017,0,0,0,0
2026-09-25 11:40:00,1,"Normal Scan","Normal Scan",0,"ON",1,1,1,735.2,5,16.4,98.2,54.3,0.0000000674598,0.0000180077,4.97,8976.18,8.8,736.5,1,"Up Scan","Positive",254,0,4.37,1.6,8,8,0,1,1,18.682,30.009,21.986,9.647,2.017,5368.11,55,15.5,NA,0,0,0,0,0,0,0,0,0,0,0,0,0,0,0,0,0,0,0,0,0,0,0,0,0,0,0,0,0,0,0,12786.415,10113.275,10585.215,8919.438,8846.034,7985.683,7929.766,7589.912,6836.333,6425.97,6554.921,6090.603,5565.107,5276.52,4993.622,4689.669,4355.621,4113.913,4113.226,3947.704,3819.852,3615.519,3328.848,2986.61,2619.656,2071.576,1724.521,1536.818,1212.521,1121.821,1028.483,942.337,923.054,833.999,812.601,779.923,696.142,606.376,592.468,540.533,482.683,353.323,312.896,257.528,220.668,155.962,103.163,104.666,72.034,61.03,45.207,27.655,17.192,17.639,13.845,4.765,6.488,6.791,3.465,0,0,0,0,0,0,0,0,0,0,0,0,0,0,0,0,0,0,0,0,0,0,0,0,0,0,0,0,0,0,0,0,0,0,0,0,3.61,5.234,5.948,8.507,9.307,11.69,12.952,15.42,17.418,18.176,19.566,22.597,23.524,23.978,25.174,26.231,27.059,27.406,28.151,30.315,31.225,32.181,32.366,31.78,30.032,28.132,23.833,21.321,20.159,17.292,17.032,16.444,15.612,15.825,14.983,14.777,13.824,12.488,11.067,10.574,9.374,8.182,6.169,5.356,4.331,3.59,2.479,1.719,1.594,1.104,0.886,0.698,0.373,0.227,0.229,0.176,0.059,0.08,0.081,0.041,0,0,0,0,0,0
2026-09-25 11:45:00,1,"Normal Scan","Normal Scan",0,"ON",1,1,1,735.2,5,16.4,98.2,54.2,0.0000000674598,0.0000180077,4.97,8976.18,8.8,736.5,1,"Up Scan","Positive",254,0,4.37,1.6,8,8,0,1,1,19.347,32.401,23.028,9.647,2.093,5625.96,55,15.5,NA,0,0,0,0,0,0,0,0,0,0,0,0,0,0,0,0,0,0,0,0,0,0,0,0,0,0,0,0,0,0,0,11894.928,11010.683,11114.612,10073.876,8387.93,8204.977,7432.89,7132.265,6944.002,6805.183,6436.394,6083.915,5687.707,5202.728,5183.469,4754.668,4734.516,4336.096,4326.433,4169.505,4146.762,3858.747,3669.977,3204.338,2839.271,2434.338,1926.434,1748.381,1592.378,1436.449,1362.861,1275.96,1220.711,1138.292,1042.742,985.165,866.372,795.659,771.909,662.91,596.512,502.294,470.641,360.549,284.526,237.6,161.716,123.851,102.678,75.484,71.851,43.593,24.602,20.685,22.911,7.888,14.756,8.422,1.753,1.822,0,0,0,0,0,0,0,0,0,0,0,0,0,0,0,0,0,0,0,0,0,0,0,0,0,0,0,0,0,0,0,0,0,0,0,3.494,4.881,6.559,8.945,10.523,11.065,13.307,14.46,16.349,18.441,20.708,22.185,23.541,24.538,24.899,27.213,27.486,29.794,29.727,31.895,33.08,35.032,34.655,35.085,32.788,30.909,28.354,24.274,23.59,22.64,21.832,21.502,20.943,20.971,20.233,18.731,17.89,16.233,14.53,13.936,11.937,10.28,8.642,7.954,6.131,4.711,3.818,2.58,1.979,1.567,1.194,1.011,0.597,0.36,0.269,0.292,0.099,0.18,0.101,0.02,0.021,0.017,0,0,0,0
2026-09-25 11:50:00,1,"Normal Scan","Normal Scan",0,"ON",1,1,1,735.2,5,16.4,98.2,53.9,0.0000000674598,0.0000180077,4.97,8976.18,8.8,736.5,1,"Up Scan","Positive",254,0,4.37,1.6,8,8,0,1,1,18.456,29.654,21.896,9.647,1.998,6519.39,56,15.5,NA,0,0,0,0,0,0,0,0,0,0,0,0,0,0,0,0,0,0,0,0,0,0,0,0,0,0,0,0,0,0,0,12983.336,12369.243,12614.682,11920.809,10717.64,10942.822,9864.569,9908.283,8661.75,8675.202,7708.881,7412.342,6973.653,6204.179,6192.316,5706.685,5215.459,4998.164,4591.49,4260.116,4203.965,4156.413,3906.215,3592.831,3133.554,2613.797,2229.194,1893.564,1603.958,1510.895,1356.21,1234.131,1185.019,1069.271,985.275,809.802,799.041,718.465,614.369,588.449,501.257,404.534,344.827,252.819,226.575,180.234,120.1,128.067,90.925,69.368,51.443,42.461,25.973,19.19,13.803,11.077,4.9,3.359,1.767,1.795,0,0,0,0,0,0,0,0,0,0,0,0,0,0,0,0,0,0,0,0,0,0,0,0,0,0,0,0,0,0,0,0,0,0,0,3.737,5.335,7.328,10.126,12.446,14.102,17.743,19.183,22.68,23.006,26.331,26.545,28.623,30.008,29.565,32.415,32.813,32.765,34.16,33.957,33.94,35.698,37.424,37.358,36.462,33.811,30.187,27.551,24.927,22.547,22.179,20.88,19.975,19.524,18.366,17.369,14.622,14.268,12.76,11.008,10.396,8.708,7.097,5.938,4.329,3.817,2.939,1.913,1.997,1.415,1.023,0.708,0.606,0.379,0.25,0.175,0.138,0.06,0.04,0.02,0.021,0.034,0,0,0,0
2026-09-25 11:55:00,1,"Normal Scan","Normal Scan",0,"ON",1,1,1,735.6,5,16.9,98.2,54,0.0000000676084,0.0000180318,4.97,8976.18,8.8,736.5,1,"Up Scan","Positive",254,0,4.37,1.6,8,8,0,1,1,18.014,26.274,20.556,13.824,1.838,8622.66,56,15.9,NA,0,0,0,0,0,0,0,0,0,0,0,0,0,0,0,0,0,0,0,0,0,0,0,0,0,0,0,0,0,0,0,14570.311,14112.989,13369.436,13553.885,15271.421,16745.368,16280.393,15799.564,15705.085,15434.79,14162.303,12461.263,11033.771,9471.088,8705.572,7748.184,6891.655,6050.558,5453.285,4796.296,4412.164,4135.319,3877.61,3484.719,2897.834,2442.315,1968.444,1712.596,1428.734,1342.831,1155.646,1149.898,1032.891,974.949,903.127,843.261,653.068,627.964,552.347,485.794,405.362,326.592,330.948,283.014,193.062,160.359,151.866,86.18,71.739,54.05,40.58,18.554,17.358,22.973,20.568,14.2,8.199,11.857,1.726,7.165,0,0,0,0,0,0,0,0,0,0,0,0,0,0,0,0,0,0,0,0,0,0,0,0,0,0,0,0,0,0,0,0,0,0,0,4.039,6.048,8.363,10.781,14.166,20.211,27.191,31.579,36.172,41.652,46.804,48.588,47.995,47.277,44.886,45.307,44.203,42.858,40.955,39.893,37.723,37.178,37.002,36.883,35.17,31.175,28.07,24.325,22.431,20.252,19.857,18.007,18.245,17.221,16.552,15.507,14.573,12.121,11.429,9.797,8.685,7.21,5.775,5.616,4.702,3.167,2.61,2.435,1.488,1.17,0.837,0.643,0.317,0.265,0.299,0.261,0.177,0.1,0.141,0.02,0.083,0.034,0,0,0,0
2026-09-25 12:00:00,1,"Normal Scan","Normal Scan",0,"ON",1,1,1,735.4,5,16.7,98.2,54.1,0.000000067549,0.0000180222,4.97,8976.18,8.8,736.5,1,"Up Scan","Positive",254,0,4.37,1.6,8,8,0,1,1,19.564,30.293,22.432,9.647,2.011,4869.54,55,15.6,NA,0,0,0,0,0,0,0,0,0,0,0,0,0,0,0,0,0,0,0,0,0,0,0,0,0,0,0,0,0,0,0,11573.263,9271.075,8960.697,8409.7,7026.744,6672.694,6857.855,6020.38,5643.002,5777.787,5489.5,5439.342,5573.332,5210.576,5127.613,4615.174,4328.822,4098.389,3851.587,3539.749,3596.398,3410.111,3227.268,2920.234,2545.307,2164.917,1822.793,1377.616,1200.61,1026.944,1031.464,932.279,882.709,808.03,804.125,725.638,648.596,554.102,510.862,405.726,341.206,261.959,260.033,177.613,159.779,127.42,102.464,75.238,76.599,37.563,56.861,16.784,14.227,8.84,10.746,7.889,1.615,0,3.479,1.795,0,0,0,0,0,0,0,0,0,0,0,0,0,0,0,0,0,0,0,0,0,0,0,0,0,0,0,0,0,0,0,0,0,0,0,3.125,4.759,5.501,7.216,8.774,9.264,10.83,13.333,13.802,15.014,17.618,18.924,21.069,24,24.804,26.836,26.587,27.182,27.99,28.443,28.135,30.426,30.659,30.683,29.36,27.271,24.745,22.358,18.246,16.954,15.65,16.112,15.258,14.622,13.782,13.645,12.36,11.374,9.684,8.924,7.158,6.043,4.653,4.373,3.179,2.603,1.994,1.59,1.209,1.139,0.525,0.808,0.243,0.189,0.115,0.136,0.099,0.02,0,0.041,0.021,0,0,0,0,0
2026-09-25 12:05:00,1,"Normal Scan","Normal Scan",0,"ON",1,1,1,735.3,5,16.5,98.2,53.7,0.0000000674895,0.0000180125,4.97,8976.18,8.8,736.5,1,"Up Scan","Positive",254,0,4.37,1.6,8,8,0,1,1,18.174,30.081,21.766,9.647,2.043,4744.21,54,15.6,NA,0,0,0,0,0,0,0,0,0,0,0,0,0,0,0,0,0,0,0,0,0,0,0,0,0,0,0,0,0,0,0,11479.824,9459.455,10555.581,9413.319,8097.302,7270.315,6259.664,6107.141,5742.73,5319.303,4967.503,5118.049,4787.272,4637.139,4478.61,4124.592,3903.845,3611.597,3322.444,3212.365,3021.207,2879.776,2768.346,2537.377,2147.751,1910.241,1596.152,1348.884,1066.772,1062.643,977.121,951.555,923.957,899.685,848.562,774.621,710.834,646.505,524.879,421.85,398.743,291.924,215.366,194.679,185.442,149.748,105.126,94.03,70.641,67.295,71.192,27.831,18.59,11.783,9.12,5.87,5.401,1.712,1.726,1.795,0,0,0,0,0,0,0,0,0,0,0,0,0,0,0,0,0,0,0,0,0,0,0,0,0,0,0,0,0,0,0,0,0,0,0,3.195,4.724,5.614,8.487,9.836,10.652,11.75,12.143,13.984,15.225,16.201,17.124,19.791,20.626,22.068,23.463,23.697,24.464,24.628,24.529,25.442,25.665,25.998,26.466,25.67,23.266,22.139,19.944,18.112,15.811,16.225,15.683,15.817,15.474,15.069,14.582,13.31,12.077,11.22,9.401,7.64,6.972,5.206,3.91,3.561,3.097,2.39,1.654,1.419,1.086,0.959,1.011,0.392,0.246,0.154,0.117,0.073,0.066,0.02,0.02,0.021,0,0,0,0,0
2026-09-25 12:10:00,1,"Normal Scan","Normal Scan",0,"ON",1,1,1,735.2,5,16.4,98.2,53.3,0.0000000674598,0.0000180077,4.97,8976.18,8.8,736.5,1,"Up Scan","Positive",254,0,4.37,1.6,8,8,0,1,1,19.729,31.838,23.15,11.14,2.045,4741.34,54,15.6,NA,0,0,0,0,0,0,0,0,0,0,0,0,0,0,0,0,0,0,0,0,0,0,0,0,0,0,0,0,0,0,0,8656.699,7869.332,8674.475,7772.976,7461.591,6832.576,7046.554,6419.404,6449.372,6109.91,6035.909,5443.643,5150.444,5096.236,4748.256,4419.566,3983.041,3949.37,3765.286,3378.992,3242.471,3182.045,2959.193,2612.536,2247.118,1999.005,1593.675,1347.398,1225.73,1116.534,1174.676,1064.962,1145.32,990.833,956.276,856.736,706.694,742.607,557.573,484.509,478.466,380.47,317.006,276.066,213.004,171.598,111.119,90.168,61.33,48.415,34.795,20.886,19.931,4.402,4.606,8.07,11.205,0,0,1.795,0,0,0,0,0,0,0,0,0,0,0,0,0,0,0,0,0,0,0,0,0,0,0,0,0,0,0,0,0,0,0,0,0,0,0,2.24,3.584,4.709,6.932,8.123,9.87,11.134,13.689,14.716,17.15,18.599,20.78,21.059,22.192,24.282,24.875,25.396,25.045,26.91,27.668,26.748,27.508,28.556,28.263,26.554,24.504,23.409,20.273,18.641,17.872,17.358,18.363,17.778,18.79,16.714,16.723,15.053,12.658,13.06,10.009,8.588,8.066,6.382,5.289,4.437,3.426,2.712,1.656,1.371,0.97,0.715,0.478,0.299,0.265,0.058,0.058,0.101,0.137,0,0,0.021,0,0,0,0,0
2026-09-25 12:15:00,1,"Normal Scan","Normal Scan",0,"ON",1,1,1,735.2,5,16.4,98.2,53.1,0.0000000674598,0.0000180077,4.97,8976.18,8.8,736.5,1,"Up Scan","Positive",254,0,4.37,1.6,8,8,0,1,1,17.961,29.41,21.501,9.647,2.003,4871.29,55,15.7,NA,0,0,0,0,0,0,0,0,0,0,0,0,0,0,0,0,0,0,0,0,0,0,0,0,0,0,0,0,0,0,0,10525.425,9892.278,8798.506,8592.69,8465.457,8687.68,8037.74,7464.116,6680.197,6325.299,5847.011,5597.364,5140.918,4818.715,4592.058,4251.139,3977.95,3574.255,3320.14,3190.372,2981.378,2652.379,2562.893,2193.311,1854.826,1635.945,1357.826,1202.311,1077.847,1032.773,1027.173,920.982,908.537,909.918,820.569,768.843,686.776,568.942,504.119,421.442,350.21,349.786,266.967,245.4,209.958,140.528,111.808,78.691,73.401,48.846,46.478,18.253,22.802,16.309,13.7,4.751,6.543,5.08,1.767,1.781,0,0,0,0,0,0,0,0,0,0,0,0,0,0,0,0,0,0,0,0,0,0,0,0,0,0,0,0,0,0,0,0,0,0,0,2.717,4.32,5.888,7.112,8.961,11.188,14.102,15.59,17.094,17.754,19.244,20.139,21.607,22.116,22.941,24.049,24.385,24.821,24.305,24.357,25.103,25.097,23.887,24.477,22.423,20.344,19.294,17.169,16.567,15.829,15.763,16.222,15.264,15.151,15.29,14.066,13.534,12.06,10.403,9.132,7.563,6.202,5.916,4.63,4.169,3.318,2.316,1.799,1.244,1.104,0.747,0.656,0.28,0.303,0.211,0.175,0.059,0.08,0.061,0.02,0.021,0,0,0,0,0
2026-09-25 12:20:00,1,"Normal Scan","Normal Scan",0,"ON",1,1,1,735.2,5,16.4,98.2,53.3,0.0000000674598,0.0000180077,4.97,8976.18,8.8,736.5,1,"Up Scan","Positive",254,0,4.37,1.6,8,8,0,1,1,19.258,31.002,22.704,11.971,2.012,4985.03,54,15.7,NA,0,0,0,0,0,0,0,0,0,0,0,0,0,0,0,0,0,0,0,0,0,0,0,0,0,0,0,0,0,0,0,7799.036,7906.904,8569.682,8896.273,8601.883,8296.76,7791.598,7340.296,7149.421,6820.728,6145.221,6196.354,5799.527,5309.62,5077.106,4730.67,4487.401,3996.65,3766.408,3505.835,3137.223,3001.634,2765.503,2460.845,2165.268,1796.427,1590.147,1411.612,1187.882,1206.158,1044.834,1089.445,1027.153,945.212,893.075,816.712,748.593,693.49,592.81,506.84,412.965,367.113,308.197,261.207,223.47,163.343,148.75,83.754,83.507,69.865,44.257,29.01,11.465,16.197,15.248,7.861,3.244,1.67,1.726,0,0,0,0,0,0,0,0,0,0,0,0,0,0,0,0,0,0,0,0,0,0,0,0,0,0,0,0,0,0,0,0,0,0,0,0,1.922,3.226,4.724,6.959,9.309,11.328,13.47,15.144,16.843,19.012,20.762,21.218,23.964,24.971,25.289,26.587,27.096,28.038,27.152,27.608,27.661,26.513,27.059,26.534,25.145,23.752,21.087,20.123,19.103,17.376,18.159,16.854,17.983,17.162,16.285,15.487,14.479,13.341,12.238,10.711,9.053,7.31,6.228,5.406,4.406,3.621,2.525,2.35,1.313,1.247,0.995,0.625,0.392,0.151,0.211,0.195,0.099,0.04,0.02,0.02,0,0,0,0,0,0
2026-09-25 12:25:00,1,"Normal Scan","Normal Scan",0,"ON",1,1,1,735.1,5,16.2,98.2,53.2,0.0000000674003,0.000017998,4.97,8976.18,8.8,736.5,1,"Up Scan","Positive",254,0,4.37,1.6,8,8,0,1,1,20.234,32.622,23.502,11.14,2.067,4297.35,54,15.6,NA,0,0,0,0,0,0,0,0,0,0,0,0,0,0,0,0,0,0,0,0,0,0,0,0,0,0,0,0,0,0,0,7656.584,7405.822,7786.811,6927.782,7214.372,6284.843,5770.777,5516.695,5389.964,4911.745,4993.076,4929.237,4748.854,4494.578,4412.961,4156.075,3919.817,3973.781,3424.001,3210.071,3053.364,2865.703,2796.535,2545.724,2154.767,1824.596,1455.714,1264.921,1180.298,1123.876,1062.685,1064.203,912.007,836.404,817.953,777.172,649.154,681.546,549.658,517.299,409.947,407.225,314.743,205.181,192.169,204.404,136.164,97.871,75.754,54.663,57.655,35.906,20.215,16.247,13.752,4.738,0,3.41,0,3.617,0,0,0,0,0,0,0,0,0,0,0,0,0,0,0,0,0,0,0,0,0,0,0,0,0,0,0,0,0,0,0,0,0,0,0,1.95,3.167,4.415,6.278,7.243,9.547,10.211,11.23,12.62,14.331,14.981,17.239,19.079,20.532,21.452,23.137,23.886,24.59,27.013,25.231,25.474,25.831,25.745,26.695,25.911,23.49,21.417,18.483,17.006,17.022,17.004,16.69,17.455,15.537,14.821,14.347,14.187,11.889,11.802,9.919,9.456,7.246,6.963,5.254,3.703,3.217,3.203,2.158,1.524,1.122,0.766,0.821,0.504,0.303,0.211,0.175,0.059,0,0.04,0,0.041,0.017,0,0,0,0
2026-09-25 12:30:00,1,"Normal Scan","Normal Scan",0,"ON",1,1,1,735.5,5,16.8,98.2,52.8,0.0000000675787,0.000018027,4.97,8976.18,8.8,736.5,1,"Up Scan","Positive",254,0,4.37,1.6,8,8,0,1,1,19.459,32.684,23.211,9.647,2.088,4678.01,53,16,NA,0,0,0,0,0,0,0,0,0,0,0,0,0,0,0,0,0,0,0,0,0,0,0,0,0,0,0,0,0,0,0,8819.418,8562.855,7906.813,8169.445,8252.823,6794.253,6867.943,6424.836,5976.483,5797.44,5395.928,5028.378,4930.02,4504.118,4567.802,4289.435,4145.342,3786.554,3561.396,3360.516,3192.661,3132.771,2720.279,2618.365,2238.618,1786.778,1592.488,1443.263,1331.79,1211.948,1201.162,1034.5,981.383,885.722,838.071,842.497,724.287,649.47,669.742,577.008,503.207,498.494,372.735,381.153,283.646,260.21,180.685,100.083,87.718,64.918,51.094,30.898,18.52,14.751,12.232,7.834,6.543,1.712,5.232,0,0,0,0,0,0,0,0,0,0,0,0,0,0,0,0,0,0,0,0,0,0,0,0,0,0,0,0,0,0,0,0,0,0,0,0,2.513,3.643,5.053,6.348,8.552,10.898,10.992,13.338,14.681,15.864,17.633,18.599,19.462,21.243,21.494,23.935,24.646,25.976,25.76,26.244,26.607,26.933,28.158,26.233,26.751,24.543,21.187,19.967,19.259,19.005,18.252,18.794,17.192,17.21,15.952,15.544,15.877,13.595,12.435,12.446,10.573,8.919,8.297,6.337,6.184,4.536,4.012,2.807,1.569,1.281,0.94,0.753,0.429,0.246,0.192,0.156,0.099,0.08,0.02,0.061,0,0,0,0,0,0
2026-09-25 12:35:00,1,"Normal Scan","Normal Scan",0,"ON",1,1,1,735.5,5,16.8,98.2,53.1,0.0000000675787,0.000018027,4.97,8976.18,8.8,736.5,1,"Up Scan","Positive",254,0,4.37,1.6,8,8,0,1,1,20.04,31.447,23.073,10.366,2.005,5254.58,53,15.8,NA,0,0,0,0,0,0,0,0,0,0,0,0,0,0,0,0,0,0,0,0,0,0,0,0,0,0,0,0,0,0,0,8224.706,8811.347,7714.291,7640.929,8089.322,8491.124,7932.526,7694.973,7592.41,7203.06,7272.452,6912.261,6420.599,6365.062,6179.905,5801.549,5115.291,4456.172,4102.153,3687.672,3363.18,3098.439,2836.282,2595.178,2136.279,1856.25,1470.463,1334.256,1218.857,1204.758,1123.447,1089.89,1008.344,942.771,880.705,787.833,774.645,695.023,664.305,594.072,521.126,510.541,408.289,330.83,245.513,202.001,137.449,130.006,91.911,63.384,28.299,40.612,19.525,8.866,12.204,1.588,6.516,3.396,0,1.795,0,0,0,0,0,0,0,0,0,0,0,0,0,0,0,0,0,0,0,0,0,0,0,0,0,0,0,0,0,0,0,0,0,0,0,2.151,3.399,5.213,6.236,8.026,10.698,13.758,15.441,17.637,20.216,21.944,25.072,26.719,27.639,30.245,32.225,33.134,31.813,30.16,29.994,28.989,28.282,27.753,27.144,26.456,23.42,21.879,18.777,18.252,17.584,18.206,17.996,18.013,17.596,16.856,16.103,15.006,14.361,12.876,11.899,10.424,9.205,8.478,6.839,5.242,4.039,3.163,2.104,1.954,1.353,0.922,0.404,0.565,0.259,0.115,0.156,0.02,0.08,0.04,0,0.021,0,0,0,0,0
2026-09-25 12:40:00,1,"Normal Scan","Normal Scan",0,"ON",1,1,1,735.4,5,16.6,98.2,52.8,0.0000000675192,0.0000180173,4.97,8976.18,8.8,736.5,1,"Up Scan","Positive",254,0,4.37,1.6,8,8,0,1,1,21.051,34.027,24.453,11.971,2.073,4434.1,54,15.7,NA,0,0,0,0,0,0,0,0,0,0,0,0,0,0,0,0,0,0,0,0,0,0,0,0,0,0,0,0,0,0,0,6300.999,6601.681,6520.596,7235.498,6259.771,6558.802,5986.701,6083.677,6414.022,5800.52,5342.648,5614.16,4997.669,5011.803,4914.947,4305.787,4072.125,3852.178,3814.681,3418.436,3369.524,3118.078,2952.622,2498.261,2295.04,1879.96,1487.852,1313.913,1252.624,1165.364,1112.354,1120.772,995.844,924.805,862.022,875.64,752.54,704.175,638.761,611.219,579.391,491.387,440.937,346.359,295.72,207.728,136.82,107.488,64.235,54.055,33.403,25.976,27.02,8.866,10.792,7.697,4.9,5.08,3.493,1.781,0,0,0,0,0,0,0,0,0,0,0,0,0,0,0,0,0,0,0,0,0,0,0,0,0,0,0,0,0,0,0,0,0,0,0,1.972,2.601,3.889,5.264,7.564,8.275,10.659,11.672,13.952,17.018,17.632,18.438,21.751,21.563,23.896,25.754,24.767,25.557,26.29,27.973,27.061,28.407,27.957,28.125,25.546,24.983,22.055,19.099,17.953,18.07,17.779,17.841,18.622,17.286,16.834,16.153,16.15,14.266,13.129,11.628,10.767,9.84,8.107,7.114,5.598,4.627,3.315,2.136,1.646,0.961,0.796,0.514,0.373,0.36,0.115,0.138,0.097,0.06,0.061,0.041,0.021,0,0,0,0,0
2026-09-25 12:45:00,1,"Normal Scan","Normal Scan",0,"ON",1,1,1,735.2,5,16.4,98.2,52.5,0.0000000674598,0.0000180077,4.97,8976.18,8.8,736.5,1,"Up Scan","Positive",254,0,4.37,1.6,8,8,0,1,1,21.815,36.11,25.445,10.366,2.122,5169.46,54,15.7,NA,0,0,0,0,0,0,0,0,0,0,0,0,0,0,0,0,0,0,0,0,0,0,0,0,0,0,0,0,0,0,0,6936.524,7569.466,6788.527,7298.733,7041.775,7031.524,7315.897,7359.384,6787.193,7059.06,6299.696,6322.64,6282.671,6110.939,5463.984,5288.001,5206.678,4732.144,4391.646,3958.966,3708.806,3440.665,3159.653,2976.191,2539.761,2063.442,1722.792,1487.391,1503.187,1546.382,1596.589,1457.141,1322.255,1444.615,1269.489,1293.644,1100.612,936.513,897.329,881.93,723.563,679.42,515.438,477.202,376.153,274.853,226.311,147.733,89.875,105.634,50.524,43.693,34.472,30.968,19.894,9.449,6.488,8.545,8.697,0,0,0,0,0,0,0,0,0,0,0,0,0,0,0,0,0,0,0,0,0,0,0,0,0,0,0,0,0,0,0,0,0,0,0,0,1.954,2.836,4.528,5.46,7.665,9.298,11.405,14.257,16.885,18.063,21.463,21.719,24.498,27.072,29.105,28.644,30.341,32.472,32.113,32.241,31.27,31.283,30.91,30.214,30.582,28.207,24.968,22.517,21.275,22.514,24.274,25.81,24.226,23.211,25.473,23.015,23.523,20.109,17.503,16.376,15.447,12.551,11.304,8.837,7.762,6.039,4.371,3.682,2.309,1.38,1.493,0.845,0.597,0.492,0.402,0.254,0.118,0.08,0.101,0.102,0,0.034,0,0,0,0
2026-09-25 12:50:00,1,"Normal Scan","Normal Scan",0,"ON",1,1,1,735.1,5,16.3,98.2,52.5,0.0000000674301,0.0000180029,4.97,8976.18,8.8,736.5,1,"Up Scan","Positive",254,0,4.37,1.6,8,8,0,1,1,19.143,31.27,22.602,11.14,2.038,4967.85,55,15.5,NA,0,0,0,0,0,0,0,0,0,0,0,0,0,0,0,0,0,0,0,0,0,0,0,0,0,0,0,0,0,0,0,9408.492,8138.474,9639.764,8241.054,8072.962,7880.646,7700.056,7055.308,6914.42,6344.227,6224.71,5891.531,5470.835,5398.698,4862.711,4636.548,4461.183,4039.321,3727.241,3328.797,3088.982,3030.195,2822.048,2549.51,2242.998,1879.968,1506.499,1240.53,1200.502,1226.875,1096.77,1073.258,974.957,887.568,757.634,703.651,698.296,634.014,613.25,513.764,514.856,508.129,431.971,347.986,281.302,183.155,163.212,112.049,69.161,53.253,33.524,29.009,18.59,13.242,16.769,1.561,6.488,3.382,5.191,0,0,0,0,0,0,0,0,0,0,0,0,0,0,0,0,0,0,0,0,0,0,0,0,0,0,0,0,0,0,0,0,0,0,0,0,2.916,3.848,4.82,7.735,8.618,10.598,12.771,14.992,16.154,18.376,19.321,21.459,22.789,23.565,25.702,25.468,26.57,27.863,27.43,27.387,26.366,26.158,27.203,26.899,25.989,24.565,22.015,19.148,16.945,17.169,18.023,17.204,17.536,16.974,15.768,14.357,13.759,13.506,12.09,11.231,9.29,8.812,8.587,7.006,5.524,4.478,2.881,2.569,1.712,1.033,0.771,0.521,0.392,0.246,0.173,0.214,0.02,0.08,0.04,0.061,0,0,0,0,0,0
2026-09-25 12:55:00,1,"Normal Scan","Normal Scan",0,"ON",1,1,1,735.1,5,16.2,98.2,52.6,0.0000000674003,0.000017998,4.97,8976.18,8.8,736.5,1,"Up Scan","Positive",254,0,4.37,1.6,8,8,0,1,1,20.646,34.842,24.428,11.971,2.125,5119.02,55,15.3,NA,0,0,0,0,0,0,0,0,0,0,0,0,0,0,0,0,0,0,0,0,0,0,0,0,0,0,0,0,0,0,0,8111.794,7830.506,7920.96,8765.888,8636.112,7688.75,7025.242,6697.454,6492.252,6148.448,6207.868,5967.292,5653.033,5304.731,5339.938,4906.062,4620.434,4181.157,3939.443,3586.77,3470.207,3368.103,3248.813,3069.112,2662.777,2326.746,1864.846,1596.77,1339.515,1366.604,1357.009,1395.999,1328.516,1319.175,1072.038,1017.341,853.677,812.299,784.86,699.598,732.059,610.308,548.729,439.418,408.02,319.13,207.683,164.606,113.084,93.448,46.047,39.107,40.126,28.235,13.887,11.077,3.272,3.382,5.26,3.63,0,0,0,0,0,0,0,0,0,0,0,0,0,0,0,0,0,0,0,0,0,0,0,0,0,0,0,0,0,0,0,0,0,0,0,1.992,3.349,4.658,6.403,9.149,11.388,12.464,13.649,15.37,17.273,18.696,21.418,23.085,24.352,25.307,27.964,28.137,28.962,28.537,29.134,28.566,29.595,30.446,31.102,31.236,29.109,27.338,23.974,22.138,20.114,21.019,21.5,22.866,22.714,22.83,20.23,19.313,16.754,15.711,14.839,13.002,12.695,10.387,9.354,7.077,6.459,5.093,3.296,2.525,1.71,1.339,0.662,0.579,0.582,0.368,0.178,0.138,0.04,0.04,0.061,0.041,0.034,0,0,0,0
2026-09-25 13:00:00,1,"Normal Scan","Normal Scan",0,"ON",1,1,1,735.4,5,16.7,98.2,52.4,0.000000067549,0.0000180222,4.97,8976.18,8.8,736.5,1,"Up Scan","Positive",254,0,4.37,1.6,8,8,0,1,1,21.457,35.848,25.217,9.647,2.133,5518.57,54,15.9,NA,0,0,0,0,0,0,0,0,0,0,0,0,0,0,0,0,0,0,0,0,0,0,0,0,0,0,0,0,0,0,0,8623.27,7732.382,7976.332,7881.69,7881.332,8221.737,7545.219,7199.859,7619.873,7201.732,6597.74,6438.044,6194.373,6097.203,5686.984,5580.365,5175.002,4722.364,4490.133,4092.043,3924.29,3908.568,3582.323,3213.806,2711.939,2484.665,1948.392,1753.592,1599.486,1586.478,1654.222,1514.848,1475.765,1418.189,1342.505,1275.054,1141.859,1064.286,1061.516,871.334,811.763,718.344,641.071,500.656,404.495,337.329,209.773,157.928,97.893,72.874,42.662,42.636,16.316,29.009,7.624,4.751,4.914,1.67,0,1.822,0,0,0,0,0,0,0,0,0,0,0,0,0,0,0,0,0,0,0,0,0,0,0,0,0,0,0,0,0,0,0,0,0,0,0,1.964,3.562,4.561,6.408,8.244,10.421,13.326,14.698,16.498,20.282,21.908,22.782,24.911,26.697,29.054,29.803,32,32.42,32.217,33.065,32.435,33.29,35.113,34.33,32.938,30.042,29.375,25.448,24.384,23.649,25.034,26.61,25.627,26.177,25.288,24.647,23.61,21.372,19.579,18.984,15.468,13.761,11.816,10.407,7.904,6.371,5.166,3.258,2.335,1.437,1.067,0.588,0.578,0.233,0.379,0.097,0.059,0.06,0.02,0,0.021,0,0,0,0,0
2026-09-25 13:05:00,1,"Normal Scan","Normal Scan",0,"ON",1,1,1,735.5,5,16.8,98.2,52.9,0.0000000675787,0.000018027,4.97,8976.18,8.8,736.5,1,"Up Scan","Positive",254,0,4.37,1.6,8,8,0,1,1,21.384,35.048,24.943,11.971,2.094,5162.46,54,15.8,NA,0,0,0,0,0,0,0,0,0,0,0,0,0,0,0,0,0,0,0,0,0,0,0,0,0,0,0,0,0,0,0,6122.2,7617.843,7220.439,8095.754,7608.407,7359.321,7152.215,7298.298,7123.797,6522.656,6741.669,6852.998,6388.806,5873.409,5644.596,5394.232,4777.986,4425.251,4462.399,4010.473,3851.037,3401.116,3214.206,2834.864,2427.183,2030.221,1669.746,1464.214,1372.384,1335.692,1298.079,1357.405,1389.824,1259.73,1135.209,1101.18,1069.159,883.619,831.787,870.63,767.893,651.028,548.816,473.289,385.301,252.669,207.513,144.33,88.931,56.434,47.34,28.717,20.098,13.267,12.203,1.602,3.299,1.712,1.753,2.539,0,0,0,0,0,0,0,0,0,0,0,0,0,0,0,0,0,0,0,0,0,0,0,0,0,0,0,0,0,0,0,0,0,0,0,2.378,2.553,4.518,5.827,8.489,10.026,11.911,13.93,16.719,18.968,19.846,23.224,26.433,27.493,28.002,29.554,30.97,29.88,30.109,32.717,31.573,32.38,30.466,30.702,29.01,26.648,24.022,21.845,20.72,20.697,20.902,21.63,22.964,23.618,23.036,21.324,20.577,19.721,16.753,15.18,14.927,13.106,10.774,8.748,7.55,5.984,3.902,3.161,2.171,1.281,0.817,0.677,0.41,0.284,0.173,0.156,0.02,0.04,0.02,0.02,0.029,0.01,0,0,0,0
2026-09-25 13:10:00,1,"Normal Scan","Normal Scan",0,"ON",1,1,1,735.4,5,16.7,98.2,52.8,0.000000067549,0.0000180222,4.97,8976.18,8.8,736.5,1,"Up Scan","Positive",254,0,4.37,1.6,8,8,0,1,1,22.007,36.185,25.681,17.154,2.107,4778.33,54,15.8,NA,0,0,0,0,0,0,0,0,0,0,0,0,0,0,0,0,0,0,0,0,0,0,0,0,0,0,0,0,0,0,0,5783.085,6326.036,6032.333,6523.217,6648.662,6672.978,6489.169,6350.491,6890.042,6419.438,6450.46,6169.45,5950.299,5599.15,5362.561,4841.96,4522.632,4260.507,4007.556,3885.026,3513.245,3518.775,3044.005,2922.08,2427.711,2080.312,1761.502,1426.331,1310.883,1233.28,1290.093,1337.525,1256.434,1164.469,1123.649,1084.083,1008.757,976.448,787.61,760.525,721.331,645.554,549.34,451.689,399.034,311.671,181.611,134.192,105.605,49.712,30.205,41.842,24.385,10.324,12.217,6.299,4.859,5.066,6.958,1.781,0,0,0,0,0,0,0,0,0,0,0,0,0,0,0,0,0,0,0,0,0,0,0,0,0,0,0,0,0,0,0,0,0,0,0,2.089,2.376,3.717,4.841,6.822,8.751,10.796,12.651,14.572,18.344,19.564,22.219,23.841,25.621,26.654,28.079,27.795,28.355,28.959,29.52,30.652,29.732,31.575,29.079,29.71,26.479,24.656,22.631,19.994,19.782,19.618,21.233,22.943,21.716,21.153,20.896,20.382,18.799,17.932,14.847,13.544,12.219,10.762,8.791,7.095,6.32,4.817,2.794,2.054,1.573,0.731,0.476,0.597,0.341,0.134,0.156,0.079,0.06,0.061,0.082,0.021,0.017,0,0,0,0
2026-09-25 13:15:00,1,"Normal Scan","Normal Scan",0,"ON",1,1,1,735.4,5,16.6,98.2,52.6,0.0000000675192,0.0000180173,4.97,8976.18,8.8,736.5,1,"Up Scan","Positive",254,0,4.37,1.6,8,8,0,1,1,22.756,37.661,26.506,21.288,2.127,4286.17,53,15.8,NA,0,0,0,0,0,0,0,0,0,0,0,0,0,0,0,0,0,0,0,0,0,0,0,0,0,0,0,0,0,0,0,4797.69,5065.643,5069.384,5530.377,5077.144,5544.185,5882.354,5775.802,5771.893,5973.11,5744.165,6033.444,5653.177,5272.612,4893.275,4617.059,4485.025,4112.875,3695.776,3616.298,3248.489,3010.622,2840.286,2519.736,2037.932,1802.732,1384.771,1136.664,1121.639,1093.226,1183.499,1207.027,1232.774,1114.717,1149.993,1027.904,970.877,937.726,865.518,838.693,710.912,690.469,589.923,477.655,379.46,309.808,243.215,132.029,105.776,67.545,46.348,20.317,10.51,16.147,4.593,7.888,1.656,1.712,0,5.398,0,0,0,0,0,0,0,0,0,0,0,0,0,0,0,0,0,0,0,0,0,0,0,0,0,0,0,0,0,0,0,0,0,0,0,1.569,1.952,3.025,4.098,5.785,6.738,9.002,11.475,13.241,15.363,18.173,19.803,23.338,24.365,25.109,25.675,26.48,28.007,27.919,27.112,28.416,27.345,26.899,26.983,25.559,22.452,21.472,18.314,16.594,17.562,17.818,19.747,20.977,22.085,20.736,21.368,19.809,18.735,17.437,15.881,15.009,12.299,11.216,9.593,7.557,5.842,4.678,3.665,2.002,1.551,0.959,0.652,0.308,0.189,0.211,0.058,0.099,0.02,0.02,0,0.062,0.034,0,0,0,0
2026-09-25 13:20:00,1,"Normal Scan","Normal Scan",0,"ON",1,1,1,735.3,5,16.5,98.2,52.5,0.0000000674895,0.0000180125,4.97,8976.18,8.8,736.5,1,"Up Scan","Positive",254,0,4.37,1.6,8,8,0,1,1,21.735,35.829,25.224,9.647,2.119,4833.79,54,15.8,NA,0,0,0,0,0,0,0,0,0,0,0,0,0,0,0,0,0,0,0,0,0,0,0,0,0,0,0,0,0,0,0,7287.879,7017.142,6945.728,6790.574,6612.043,5976.302,6301.872,6645.183,6406.425,6379.327,6306.44,6034.2,5791.255,5477.824,5306.237,5183.828,4690.314,4430.983,4163.63,3853.634,3774.108,3361.851,3202.527,2835.841,2370.379,1946.632,1650.643,1366.811,1237.876,1155.257,1227.439,1206.51,1178.05,1113.651,1049.055,935.29,934.102,863.378,819.145,783.092,720.926,701.012,645.876,504.873,438.874,364.164,219.574,167.014,111.857,69.727,44.034,25.813,24.211,13.242,4.605,7.876,0,0,5.204,0,0,0,0,0,0,0,0,0,0,0,0,0,0,0,0,0,0,0,0,0,0,0,0,0,0,0,0,0,0,0,0,0,0,0,0,1.961,2.978,4.137,5.587,7.088,8.739,9.719,12.267,15.219,17.048,19.444,21.747,23.356,24.991,26.151,27.844,29.775,29.349,30.14,30.591,30.387,31.691,30.101,30.435,28.787,25.783,23.01,21.194,19.104,18.549,18.418,20.007,20.697,20.995,20.655,19.999,18.858,18.492,16.829,15.745,14.212,12.341,11.851,10.33,8.031,6.733,5.559,3.311,2.464,1.623,0.973,0.647,0.354,0.322,0.173,0.058,0.099,0,0,0.061,0,0,0,0,0,0
2026-09-25 13:25:00,1,"Normal Scan","Normal Scan",0,"ON",1,1,1,735.3,5,16.5,98.2,52.4,0.0000000674895,0.0000180125,4.97,8976.18,8.8,736.5,1,"Up Scan","Positive",254,0,4.37,1.6,8,8,0,1,1,20.782,34.239,24.139,9.647,2.096,5287.47,53,15.7,NA,0,0,0,0,0,0,0,0,0,0,0,0,0,0,0,0,0,0,0,0,0,0,0,0,0,0,0,0,0,0,0,8946.573,8573.535,7892.65,7778.407,7592.403,7443.688,6985.493,7325.252,7208.473,7133.615,6710.838,6629.322,6457.949,6178.859,5803.205,5527.646,5080.876,4891.875,4390.912,4100.376,3898.487,3411.507,3092.97,2705.158,2311.533,1918.049,1548.434,1350.208,1090.573,1128.144,1139.715,1183.319,1087.767,996.661,1012.388,969.442,866.369,933.38,871.763,760.558,739.768,697.068,634.175,571.706,447.127,361.708,298.412,193.726,128.018,70.888,52.751,33.208,20.639,6.958,3.057,7.847,0,0,3.479,0,0,0,0,0,0,0,0,0,0,0,0,0,0,0,0,0,0,0,0,0,0,0,0,0,0,0,0,0,0,0,0,0,0,0,0,2.635,3.714,5.104,6.38,8.124,10.035,12.115,13.626,16.798,19.218,21.737,23.149,25.62,27.839,29.465,30.377,31.728,31.717,33.102,32.084,32.197,32.637,30.497,29.392,27.361,25.136,22.571,19.967,18.704,16.446,18.265,18.852,20.367,20.284,18.983,19.852,19.237,17.769,18.342,16.56,14.128,13.287,11.742,10.311,9.002,6.904,5.508,4.398,2.85,1.851,0.991,0.758,0.447,0.308,0.091,0.039,0.099,0,0,0.041,0,0.034,0,0,0,0
2026-09-25 13:30:00,1,"Normal Scan","Normal Scan",0,"ON",1,1,1,735.2,5,16.4,98.2,52.3,0.0000000674598,0.0000180077,4.97,8976.18,8.8,736.5,1,"Up Scan","Positive",254,0,4.37,1.6,8,8,0,1,1,20.078,33.074,23.524,9.647,2.078,6111.05,53,15.8,NA,0,0,0,0,0,0,0,0,0,0,0,0,0,0,0,0,0,0,0,0,0,0,0,0,0,0,0,0,0,0,0,11097.801,9836.672,9411.67,10140.238,10019.092,9099.769,8741.714,8571.37,7911.816,7706.16,7820.222,7432.156,6964.875,6587.056,6451.246,6177.296,5517.51,5141.436,4848.993,4606.81,4360.544,3837.757,3471.203,3136.078,2775.995,2229.043,1989.108,1545.068,1495.373,1409.904,1418.636,1377.885,1336.248,1202.704,1097.201,1067.873,998.165,924.408,850.479,790.296,728.336,718.236,582.909,539.408,426.924,350.9,267.112,173.492,124.297,72.886,55.01,40.673,22.591,16.21,18.396,7.897,1.615,3.382,3.493,1.808,0,0,0,0,0,0,0,0,0,0,0,0,0,0,0,0,0,0,0,0,0,0,0,0,0,0,0,0,0,0,0,0,0,0,0,2.895,4.577,5.841,7.62,10.561,13.151,14.767,16.994,19.662,21.075,23.433,26.959,28.743,30.008,31.361,33.815,35.436,34.494,34.88,35.544,36.244,36.658,34.478,33.087,32.019,30.319,26.298,25.301,21.587,21.78,21.929,22.653,23.244,23.327,21.929,20.794,20.701,19.289,17.883,15.988,14.641,12.941,12.021,9.586,8.612,6.759,5.373,4.04,2.668,1.834,1.037,0.795,0.574,0.316,0.211,0.234,0.099,0.02,0.04,0.041,0.021,0.017,0,0,0,0
2026-09-25 13:35:00,1,"Normal Scan","Normal Scan",0,"ON",1,1,1,735.2,5,16.4,98.2,52.4,0.0000000674598,0.0000180077,4.97,8976.18,8.8,736.5,1,"Up Scan","Positive",254,0,4.37,1.6,8,8,0,1,1,21.584,35.332,24.957,9.647,2.111,5298.02,54,15.7,NA,0,0,0,0,0,0,0,0,0,0,0,0,0,0,0,0,0,0,0,0,0,0,0,0,0,0,0,0,0,0,0,8472.669,7930.437,7274.493,7475.699,7465.241,7215.083,7003.671,7003.376,7048.73,6770.343,6640.076,6615.191,6231.791,6290.529,5840.226,5477.909,5293.601,5018.531,4445.303,4221.605,3894.952,3676.278,3423.013,3049.786,2658.612,2212.792,1883.598,1414.807,1392.001,1198.049,1256.153,1191.044,1188.764,1147.242,1100.732,1082.703,1022.997,1011.858,951.193,839.246,774.306,769.758,657.591,508.337,449.383,358.525,246.806,142.868,90.681,74.867,32.928,39.988,11.575,10.35,10.642,12.652,6.502,8.406,0,0,0,0,0,0,0,0,0,0,0,0,0,0,0,0,0,0,0,0,0,0,0,0,0,0,0,0,0,0,0,0,0,0,0,0,0,2.46,3.473,4.719,5.856,7.876,9.837,11.676,13.606,16.035,18.78,20.644,22.911,25.614,26.912,29.96,30.62,31.436,33.109,34.049,32.663,33.322,32.857,33.006,32.506,30.955,28.713,25.92,23.785,19.698,20.565,19.402,20.825,21.293,21.829,21.583,21.1,21.236,19.914,18.891,17.64,15.167,13.361,12.387,10.568,8.001,7.056,5.413,3.717,2.142,1.415,1.113,0.478,0.541,0.17,0.134,0.136,0.158,0.08,0.101,0,0,0.017,0,0,0,0
2026-09-25 13:40:00,1,"Normal Scan","Normal Scan",0,"ON",1,1,1,735.1,5,16.3,98.2,52.4,0.0000000674301,0.0000180029,4.97,8976.18,8.8,736.5,1,"Up Scan","Positive",254,0,4.37,1.6,8,8,0,1,1,19.154,32.559,22.879,9.647,2.102,5762.59,54,15.6,NA,0,0,0,0,0,0,0,0,0,0,0,0,0,0,0,0,0,0,0,0,0,0,0,0,0,0,0,0,0,0,0,12509.087,11113.882,10150.283,9353.216,8904.071,8942.194,8382.957,8029.034,7331.791,7328.659,6973.932,6955.413,6243.318,5970.178,5820.022,5064.777,4896.309,4450.574,4184.267,3866.091,3550.875,3300.07,2988.131,2699.277,2388.865,2126.823,1784.618,1594.972,1443.943,1388.709,1271.32,1258.592,1206.133,1177.381,1116.184,1129.645,984.513,988.752,893.301,814.375,770.125,657.562,559.908,481.443,405.543,298.888,222.921,144.316,91.581,76.941,43.045,19.753,13.05,7.419,12.19,6.299,3.258,6.736,0,5.384,0,0,0,0,0,0,0,0,0,0,0,0,0,0,0,0,0,0,0,0,0,0,0,0,0,0,0,0,0,0,0,0,0,0,0,3.261,5.088,6.541,8.175,9.801,11.725,14.493,16.287,18.387,19.481,22.339,24.002,26.879,26.901,28.436,30.452,29.043,30.587,30.193,30.675,30.511,30.044,29.765,28.836,27.779,26.282,25.102,22.687,21.964,21.313,21.591,21.224,21.709,21.596,21.718,21.181,21.072,18.686,18.276,16.343,14.71,12.918,10.796,9.17,7.661,6.212,4.542,3.341,2.204,1.37,1.14,0.607,0.317,0.208,0.096,0.156,0.079,0.04,0.081,0,0.062,0.034,0,0,0,0
2026-09-25 13:45:00,1,"Normal Scan","Normal Scan",0,"ON",1,1,1,735.1,5,16.2,98.2,52.6,0.0000000674003,0.000017998,4.97,8976.18,8.8,736.5,1,"Up Scan","Positive",254,0,4.37,1.6,8,8,0,1,1,19.458,33.083,23.25,9.647,2.11,6107.12,55,15.5,NA,0,0,0,0,0,0,0,0,0,0,0,0,0,0,0,0,0,0,0,0,0,0,0,0,0,0,0,0,0,0,0,13140.629,10284.976,10825.349,9704.43,9861.651,9569.09,8519.27,8423.116,8127.81,7518.945,7374.593,6987.466,6634.703,6278.106,6040.254,5473.35,5475.073,4736.094,4597.023,3998.464,3863.61,3524.375,3369.523,3011.767,2672.667,2374.524,2053.351,1782.828,1553.19,1523.16,1457.316,1417.338,1368.36,1287.32,1283.792,1260.385,1115.597,991.015,1031.176,892.709,792.759,737.103,643.976,497.313,396.785,297.766,227.149,124.343,77.018,66.561,59.469,29.988,26.169,13.255,12.294,6.326,8.172,0,3.493,3.63,0,0,0,0,0,0,0,0,0,0,0,0,0,0,0,0,0,0,0,0,0,0,0,0,0,0,0,0,0,0,0,0,0,0,0,2.96,5.411,6.098,8.734,10.16,13,15.52,16.58,19.251,21.604,22.903,25.404,27.044,28.596,29.915,31.621,31.422,34.155,32.207,33.7,31.704,32.769,31.992,32.423,30.921,29.417,28.003,26.218,24.399,23.04,23.928,24.037,24.202,24.351,23.761,23.558,23.45,21.099,18.336,18.353,15.655,13.476,11.845,10.34,7.983,6.217,4.647,3.416,1.927,1.211,0.959,0.846,0.429,0.398,0.173,0.156,0.079,0.1,0,0.041,0.041,0.034,0,0,0,0
2026-09-25 13:50:00,1,"Normal Scan","Normal Scan",0,"ON",1,1,1,735.1,5,16.2,98.2,52.7,0.0000000674003,0.000017998,4.97,8976.18,8.8,736.5,1,"Up Scan","Positive",254,0,4.37,1.6,8,8,0,1,1,18.354,31.207,22.169,9.647,2.075,5678.41,55,15.5,NA,0,0,0,0,0,0,0,0,0,0,0,0,0,0,0,0,0,0,0,0,0,0,0,0,0,0,0,0,0,0,0,13049.062,11965.574,9819.605,10250.13,9615.598,9198.155,8315.913,8149.872,7446.808,7221.118,6634.958,6168.668,5774.365,5307.102,5318.219,4953.564,4481.02,4103.905,4064.232,3818.011,3606.266,3253.788,2941.882,2800.586,2317.842,2090.777,1783.333,1515.241,1402.449,1231.969,1206.257,1251.773,1299.592,1089.905,962.777,918.339,813.671,801.971,734.932,682.968,660.413,566.065,550.094,422.237,361.233,239.775,181.248,126.192,63.426,62.02,32.25,27.686,15.478,18.184,9.177,1.575,6.502,0,1.739,1.781,0,0,0,0,0,0,0,0,0,0,0,0,0,0,0,0,0,0,0,0,0,0,0,0,0,0,0,0,0,0,0,0,0,0,0,3.384,5.354,7.089,7.898,10.702,12.649,14.899,16.139,18.653,19.795,21.952,22.866,23.847,24.854,25.319,27.886,28.462,28.064,27.949,29.856,30.127,30.476,29.378,28.33,28.6,25.353,24.574,22.807,20.877,20.238,19.043,19.465,20.788,21.854,19.664,18.252,17.35,16.024,15.076,13.65,12,11.285,9.231,8.878,6.604,5.631,3.679,2.794,1.897,0.962,0.887,0.46,0.392,0.222,0.236,0.117,0.02,0.08,0,0.02,0.021,0.017,0,0,0,0
2026-09-25 13:55:00,1,"Normal Scan","Normal Scan",0,"ON",1,1,1,735.2,5,16.4,98.2,52.6,0.0000000674598,0.0000180077,4.97,8976.18,8.8,736.5,1,"Up Scan","Positive",254,0,4.37,1.6,8,8,0,1,1,18.365,31.5,22.306,9.647,2.077,6220.62,54,15.7,NA,0,0,0,0,0,0,0,0,0,0,0,0,0,0,0,0,0,0,0,0,0,0,0,0,0,0,0,0,0,0,0,12955.845,11217.387,12113.27,11281.421,10893.31,10332.324,9504.171,9469.147,8438.89,7732.902,7479.191,6916.617,6524.369,6134.925,5611.051,5233.328,4800.931,4520.882,4225.826,3894.037,3813.894,3529.17,3270.496,3033.953,2751.769,2253.745,1912.621,1643.337,1480.468,1429.977,1389.776,1399.958,1247.013,1172.184,1076.607,1007.624,910.134,970.666,826.765,788.958,772.109,687.87,630.087,487.997,400.992,276.848,185.297,149.592,85.469,43.632,41.961,20.811,21.56,20.649,19.936,9.435,8.158,6.75,0,1.808,0,0,0,0,0,0,0,0,0,0,0,0,0,0,0,0,0,0,0,0,0,0,0,0,0,0,0,0,0,0,0,0,0,0,0,3.485,5.382,6.677,9.738,11.783,14.35,16.736,18.427,21.627,22.422,23.52,25.743,26.735,28.079,29.202,29.393,30.028,30.057,30.771,31.131,30.908,32.275,31.847,31.386,31.036,30.003,26.711,24.29,22.383,21.754,21.779,22.22,23.398,22.054,21.525,20.578,19.541,17.883,17.992,15.375,13.887,12.991,11.318,9.921,7.764,6.179,4.305,2.92,2.334,1.318,0.669,0.606,0.299,0.303,0.269,0.253,0.118,0.1,0.081,0,0.021,0.017,0,0,0,0
2026-09-25 14:00:00,1,"Normal Scan","Normal Scan",0,"ON",1,1,1,735.5,5,16.8,98.2,53,0.0000000675787,0.000018027,4.97,8976.18,8.8,736.5,1,"Up Scan","Positive",254,0,4.37,1.6,8,8,0,1,1,18.764,32.478,22.788,11.14,2.096,6065.04,54,15.9,NA,0,0,0,0,0,0,0,0,0,0,0,0,0,0,0,0,0,0,0,0,0,0,0,0,0,0,0,0,0,0,0,10807.131,11145.109,11225.592,10734.655,10729.08,9899.012,9116.956,9084.143,8526.596,7899.676,7688.321,6978.783,6478.543,6072.744,5598.21,5170.108,4544.431,4426.881,4072.221,3723.008,3586.752,3471.62,3243.927,2981.535,2632.125,2223.169,1952.003,1727.986,1567.489,1463.664,1417.851,1412.907,1280.337,1307.172,1216.134,1137.681,1070.557,860.759,833.603,812.547,681.776,581.061,587.762,500.642,398.703,306.982,277.261,204.26,154.815,77.219,55.552,42.587,27.22,16.259,16.822,11.064,9.801,3.382,3.493,3.603,0,0,0,0,0,0,0,0,0,0,0,0,0,0,0,0,0,0,0,0,0,0,0,0,0,0,0,0,0,0,0,0,0,0,0,3.083,4.43,6.594,9.025,11.2,14.1,16.057,17.728,20.779,22.668,23.995,26.442,26.922,27.871,28.884,29.262,29.627,28.515,30.119,30.018,29.591,30.408,31.419,31.2,30.581,29.044,26.312,24.89,23.614,23.041,22.705,23.142,23.363,22.348,23.405,22.196,20.759,20.294,16.762,15.652,14.837,12.438,10.312,9.753,8.063,6.37,4.788,4.207,3.109,2.319,1.145,0.802,0.616,0.379,0.211,0.214,0.138,0.12,0.04,0.041,0.041,0.017,0,0,0,0
2026-09-25 14:05:00,1,"Normal Scan","Normal Scan",0,"ON",1,1,1,735.4,5,16.6,98.2,52.8,0.0000000675192,0.0000180173,4.97,8976.18,8.8,736.5,1,"Up Scan","Positive",254,0,4.37,1.6,8,8,0,1,1,19.844,34.852,24.169,9.647,2.149,5455.67,53,15.7,NA,0,0,0,0,0,0,0,0,0,0,0,0,0,0,0,0,0,0,0,0,0,0,0,0,0,0,0,0,0,0,0,9451.072,9114.322,9181.423,8779.68,8730.101,8127.291,8099.374,7803.005,7633.318,7071.805,6519.134,6045.221,5612.141,5299.502,4866.254,4525.936,4263.855,4074.77,3951.483,3805.116,3458.124,3602.773,3483.858,3124.322,2748.104,2479.854,2107.604,1804.852,1575.296,1468.229,1447.013,1385.646,1421.549,1227.812,1187.977,1088.297,1096.848,959.515,927.383,851.792,783.358,766.882,618.167,515.265,375.919,336.257,229.716,162.861,106.084,87.997,64.704,47.062,17.291,23.554,16.796,11.1,9.752,3.423,1.726,1.781,0,0,0,0,0,0,0,0,0,0,0,0,0,0,0,0,0,0,0,0,0,0,0,0,0,0,0,0,0,0,0,0,0,0,0,2.481,3.892,5.396,7.366,9.161,11.551,13.177,15.729,17.845,20.246,21.495,22.472,23.352,24.164,25.261,25.551,26.032,26.866,27.955,29.239,30.308,29.578,32.648,33.513,31.911,30.203,29.067,26.63,24.736,23.002,22.652,23.681,23.527,24.809,22.588,22.262,21.265,20.73,18.118,16.892,15.32,13.604,12.6,10.19,8.411,6.07,5.125,3.593,2.467,1.658,1.248,0.937,0.653,0.246,0.307,0.214,0.138,0.12,0.04,0.02,0.021,0.017,0,0,0,0
2026-09-25 14:10:00,1,"Normal Scan","Normal Scan",0,"ON",1,1,1,735.3,5,16.5,98.2,52.5,0.0000000674895,0.0000180125,4.97,8976.18,8.8,736.5,1,"Up Scan","Positive",254,0,4.37,1.6,8,8,0,1,1,19.576,34.621,23.883,9.647,2.149,5557.77,54,15.7,NA,0,0,0,0,0,0,0,0,0,0,0,0,0,0,0,0,0,0,0,0,0,0,0,0,0,0,0,0,0,0,0,10255.725,9175.655,9414.302,8960.886,8313.705,7929.93,8152.257,7826.425,8142.018,8228.55,7934.504,6884.644,6170.433,5665.56,5048.988,4247.218,4113.278,3600.666,3397.505,3322.193,3354.683,3229.069,3335.384,3027.054,2772.299,2396.372,2023.881,1773.709,1537.932,1411.601,1430.463,1366.366,1249.355,1165.02,1230.37,1181.221,1186.233,1103.528,1011.011,911.786,796.816,789.265,642.363,575.027,453.661,351.804,240.356,153.176,103.376,69.734,63.551,34.396,27.598,19.215,15.183,7.903,13.059,6.764,1.726,1.795,0,0,0,0,0,0,0,0,0,0,0,0,0,0,0,0,0,0,0,0,0,0,0,0,0,0,0,0,0,0,0,0,0,0,0,2.304,4.23,5.427,7.585,9.36,11.037,12.818,15.892,17.928,21.665,24.956,27.274,26.529,26.465,26.877,26.407,24.47,25.838,24.782,25.335,26.664,28.716,29.411,32.1,30.987,30.231,28.212,25.553,24.066,22.506,22.456,23.827,23.755,22.994,22.352,23.115,22.774,22.226,20.652,18.41,16.339,13.705,13.093,10.38,9.191,7.093,5.475,3.739,2.291,1.603,1.07,0.919,0.482,0.401,0.25,0.195,0.099,0.16,0.081,0.02,0.021,0.034,0,0,0,0
2026-09-25 14:15:00,1,"Normal Scan","Normal Scan",0,"ON",1,1,1,735.2,5,16.4,98.2,52.4,0.0000000674598,0.0000180077,4.97,8976.18,8.8,736.5,1,"Up Scan","Positive",254,0,4.37,1.6,8,8,0,1,1,19.849,33.616,23.753,18.434,2.073,6808.66,54,15.6,NA,0,0,0,0,0,0,0,0,0,0,0,0,0,0,0,0,0,0,0,0,0,0,0,0,0,0,0,0,0,0,0,9109.736,10523.928,10111.857,10249.985,10131.122,10878.703,10719.009,10512.795,10448.695,10970.102,10363.608,9636.845,8334.135,7085.119,6403.161,5501.041,5020.632,4815.756,4630.66,4612.27,4631.601,4560.218,4200.452,3988.99,3777.622,3109.675,2634.043,2134.988,1685.157,1356.191,1199.176,1072.015,1059.816,1065.775,995.591,971.478,1006.194,931.026,955.199,902.17,862.57,852.404,805.659,716.385,579.276,489.132,379.938,282.557,204.48,166.175,90.95,60.709,34.423,23.517,10.698,6.286,4.887,3.396,1.753,5.384,0,0,0,0,0,0,0,0,0,0,0,0,0,0,0,0,0,0,0,0,0,0,0,0,0,0,0,0,0,0,0,0,0,0,0,2.657,3.747,6.234,8.124,10.744,13.375,17.693,20.868,24.097,27.768,33.357,35.632,37.091,35.768,33.669,33.541,31.728,31.699,33.09,34.46,36.969,39.458,41.251,40.278,40.171,40.02,35.103,31.571,27.655,23.701,20.996,20.034,19.538,20.291,21.217,20.676,20.818,21.289,19.742,19.257,17.574,15.801,15.109,13.679,11.632,9.174,7.532,5.715,4.189,2.964,2.343,1.286,0.877,0.473,0.307,0.136,0.079,0.06,0.04,0.02,0.062,0.017,0,0,0,0
2026-09-25 14:20:00,1,"Normal Scan","Normal Scan",0,"ON",1,1,1,735.2,5,16.4,98.2,52.4,0.0000000674598,0.0000180077,4.97,8976.18,8.8,736.5,1,"Up Scan","Positive",254,0,4.37,1.6,8,8,0,1,1,19.192,35.915,24.012,18.434,2.154,5295.17,54,15.6,NA,0,0,0,0,0,0,0,0,0,0,0,0,0,0,0,0,0,0,0,0,0,0,0,0,0,0,0,0,0,0,0,6362.944,6397.603,6934.813,8064.599,8109.973,8466.167,9480.864,9757.679,10229.899,10439.508,9690.746,8401.777,6793.616,5409.088,4200.603,3419.183,2933.455,2746.2,2547.218,2666.403,2723.531,2781.341,2882.904,2615.419,2371.104,2111.831,1824.418,1464.947,1375.756,1213.629,955.471,920.994,782.212,691.999,738.539,753.965,890.737,798.399,933.915,935.987,886.819,974.016,913.54,904.423,767.345,644.894,528.401,367.19,222.759,160.748,100.1,62.546,25.925,23.617,12.255,10.997,4.9,5.094,8.725,1.781,0,0,0,0,0,0,0,0,0,0,0,0,0,0,0,0,0,0,0,0,0,0,0,0,0,0,0,0,0,0,0,0,0,0,0,1.961,2.604,3.802,5.613,8.472,10.763,13.747,18.463,22.368,27.122,31.638,33.164,32.207,29.029,25.561,21.895,19.687,18.572,19.045,19.187,21.513,23.475,25.378,27.659,26.856,25.707,24.056,22.226,19.092,19.026,18.178,16.822,16.979,16.746,16.854,17.662,19.012,21.011,19.296,20.318,19.391,17.395,17.208,15.387,14.382,11.988,9.712,7.912,5.448,3.249,2.289,1.452,0.896,0.379,0.307,0.156,0.138,0.06,0.061,0.102,0.021,0.034,0,0,0,0
2026-09-25 14:25:00,1,"Normal Scan","Normal Scan",0,"ON",1,1,1,735.1,5,16.2,98.2,52.4,0.0000000674003,0.000017998,4.97,8976.18,8.8,736.5,1,"Up Scan","Positive",254,0,4.37,1.6,8,8,0,1,1,18.603,32.26,22.467,18.434,2.05,6785.44,54,15.5,NA,0,0,0,0,0,0,0,0,0,0,0,0,0,0,0,0,0,0,0,0,0,0,0,0,0,0,0,0,0,0,0,8860.777,9494.06,9798.723,9936.38,10864.618,11723.81,12710.167,13090.273,13526.708,14053.171,12913.855,11165.342,9199.738,7275.8,5540.632,4538.629,3609.159,3307.045,3093.65,3043.169,3168.798,3098.731,3048.313,2958.995,2676.983,2323.257,1999.418,1808.202,1468.726,1314.207,1057.886,962.514,976.556,804.73,874.348,809.599,926.028,973.654,886.191,931.432,968.527,925.476,880.303,811.517,777.08,625.694,456.623,273.065,194.655,145.566,88.12,66.21,31.748,25.113,16.701,11.173,4.887,5.038,8.711,3.617,0,0,0,0,0,0,0,0,0,0,0,0,0,0,0,0,0,0,0,0,0,0,0,0,0,0,0,0,0,0,0,0,0,0,0,2.622,3.666,5.647,7.918,10.463,14.423,19.06,24.751,30.04,35.906,42.588,44.239,42.814,39.237,34.338,28.814,26.027,22.764,22.796,23.177,24.525,27.187,28.256,29.536,30.198,28.922,26.645,24.206,23.491,20.703,19.712,18.122,18.298,18.987,18.301,19.898,19.338,21.022,21.205,19.414,19.051,17.708,15.95,14.742,12.968,12.167,9.502,6.928,4.086,2.865,2.099,1.268,0.933,0.455,0.327,0.213,0.139,0.06,0.061,0.102,0.041,0.017,0,0,0,0
2026-09-25 14:30:00,1,"Normal Scan","Normal Scan",0,"ON",1,1,1,735.4,5,16.6,98.2,52,0.0000000675192,0.0000180173,4.97,8976.18,8.8,736.5,1,"Up Scan","Positive",254,0,4.37,1.6,8,8,0,1,1,18.295,32.161,22.391,17.154,2.061,5803.25,53,15.8,NA,0,0,0,0,0,0,0,0,0,0,0,0,0,0,0,0,0,0,0,0,0,0,0,0,0,0,0,0,0,0,0,7533.207,8953.324,9040.838,9467.044,9887.408,10554.329,10809.491,10827.966,11628.907,11008.278,9558.478,7857.538,7126.904,5688.906,4585.807,3881.61,3504.145,3233.577,3000.854,3062.247,2959.547,2832.123,2774.09,2562.66,2425.696,2104.184,1728.293,1366.302,1303.872,1116.655,934.609,825.354,775.766,691.769,759.657,806.454,836.561,867.529,800.432,847.276,831.631,837.94,747.758,664.423,547.964,465.997,358.161,237.416,164.674,118.712,65.345,52.328,35.699,17.682,9.12,9.476,4.9,5.038,0,0,0,0,0,0,0,0,0,0,0,0,0,0,0,0,0,0,0,0,0,0,0,0,0,0,0,0,0,0,0,0,0,0,0,0,0,2.189,3.109,5.339,7.282,9.916,13.036,17.146,21.039,24.763,30.808,33.344,32.748,30.187,30.473,26.913,23.97,22.317,22.044,22.172,22.34,24.482,25.333,25.735,26.561,26.141,26.181,23.881,20.971,18.069,18.182,17.142,16.198,15.69,16.069,15.488,17.108,18.281,18.33,18.274,16.48,16.414,15.064,14.438,12.397,10.527,8.598,7.199,5.343,3.493,2.41,1.73,0.9,0.709,0.473,0.23,0.117,0.118,0.06,0.061,0,0,0,0,0,0,0
2026-09-25 14:35:00,1,"Normal Scan","Normal Scan",0,"ON",1,1,1,735.5,5,16.8,98.2,52.4,0.0000000675787,0.000018027,4.97,8976.18,8.8,736.5,1,"Up Scan","Positive",254,0,4.37,1.6,8,8,0,1,1,18.632,32.76,22.655,15.963,2.081,4945.48,54,15.8,NA,0,0,0,0,0,0,0,0,0,0,0,0,0,0,0,0,0,0,0,0,0,0,0,0,0,0,0,0,0,0,0,7407.879,7468.474,7576.994,8274.167,8083.439,8682.805,8501.107,8918.124,8858.963,8484.969,7962.561,7517.345,6130.186,5013.246,4080.559,3546.195,3172.407,2969.215,2884.475,2752.442,2601.664,2596.605,2388.543,2304.293,2067.29,1675.122,1441,1238.992,984.943,810.224,631.863,658.52,648.239,661.306,659.694,770.087,831.342,758.502,849.042,854.595,770.115,739.755,683.688,565.624,482.877,377.495,291.974,214.281,132.561,107.055,54.305,37.367,24.235,19.265,6.154,9.462,8.186,10.104,1.726,1.781,0,0,0,0,0,0,0,0,0,0,0,0,0,0,0,0,0,0,0,0,0,0,0,0,0,0,0,0,0,0,0,0,0,0,0,1.775,3.011,4.446,6.093,8.652,10.685,14.077,16.56,20.414,23.508,25.76,27.296,28.885,26.263,23.755,21.325,20.359,19.97,20.294,21.362,21.945,22.116,23.475,22.918,23.234,21.953,18.95,17.502,16.322,14.214,13.121,12.269,13.259,14.025,15.057,15.12,16.843,17.642,15.861,16.405,15.873,13.77,12.558,11.378,8.997,7.536,5.815,4.418,3.184,1.94,1.61,0.79,0.522,0.322,0.25,0.078,0.118,0.1,0.121,0.02,0.021,0,0,0,0,0
2026-09-25 14:40:00,1,"Normal Scan","Normal Scan",0,"ON",1,1,1,735.4,5,16.6,98.2,52.3,0.0000000675192,0.0000180173,4.97,8976.18,8.8,736.5,1,"Up Scan","Positive",254,0,4.37,1.6,8,8,0,1,1,19.558,36.534,24.323,12.864,2.188,4165.64,54,15.6,NA,0,0,0,0,0,0,0,0,0,0,0,0,0,0,0,0,0,0,0,0,0,0,0,0,0,0,0,0,0,0,0,6121.502,6341.334,6524.087,6412.581,6806.805,6585.796,6416.139,6497.937,6666.912,6537.012,5694.737,5149.775,4471.863,4214.065,3540.717,3193.776,3137.109,2792.806,2990.287,2740.77,2673.362,2628.787,2536.65,2232.167,2001.564,1739.594,1404.197,1205.333,955.736,936.564,819.855,747.076,752.058,714.901,734.214,709.008,671.156,707.767,606.915,647.032,670.111,610.886,685.432,652.197,546.136,475.502,447.292,331.174,239.485,146.747,102.314,51.649,28.546,20.636,7.663,4.724,8.158,6.764,3.467,1.795,0,0,0,0,0,0,0,0,0,0,0,0,0,0,0,0,0,0,0,0,0,0,0,0,0,0,0,0,0,0,0,0,0,0,0,1.836,2.546,3.747,5.253,6.738,8.986,10.672,12.478,14.883,17.691,19.805,19.54,19.831,19.198,20.06,18.589,18.429,19.765,19.206,22.063,21.809,22.746,23.658,24.248,22.594,21.574,19.965,17.3,16.005,13.957,14.566,13.963,13.881,14.426,14.806,15.825,15.622,15.948,16.126,14.063,13.925,13.603,11.789,11.917,10.679,8.599,7.296,6.696,4.832,3.483,2.128,1.47,0.715,0.429,0.269,0.097,0.059,0.1,0.081,0.041,0.021,0.051,0,0,0,0
2026-09-25 14:45:00,1,"Normal Scan","Normal Scan",0,"ON",1,1,1,735.3,5,16.5,98.2,52.1,0.0000000674895,0.0000180125,4.97,8976.18,8.8,736.5,1,"Up Scan","Positive",254,0,4.37,1.6,8,8,0,1,1,20.225,39.07,25.207,9.647,2.284,3962.18,54,15.6,NA,0,0,0,0,0,0,0,0,0,0,0,0,0,0,0,0,0,0,0,0,0,0,0,0,0,0,0,0,0,0,0,7847.003,6642.907,6204.146,6118.765,6249.891,5767.721,5788.139,5418.96,5198.658,4811.427,4329.956,4299.696,3716.782,3622.802,3076.831,3004.14,3156.549,2818.568,2895.105,2870.406,2886.955,2849.971,2795.16,2598.555,2325.598,1860.651,1583.982,1196.622,1070.54,851.053,770.521,692.202,739.662,829.396,745.018,716.413,763.12,722.166,667.386,663.476,728.154,702.101,652.938,679.727,629.581,593.22,479.275,383.424,284.851,191.787,129.387,60.792,43.083,22.033,22.937,7.874,4.928,3.382,1.739,1.781,0,0,0,0,0,0,0,0,0,0,0,0,0,0,0,0,0,0,0,0,0,0,0,0,0,0,0,0,0,0,0,0,0,0,0,1.828,3.254,3.91,4.999,6.413,8.251,9.351,11.257,12.406,13.817,14.613,14.88,16.622,16.008,17.283,16.241,17.4,19.974,19.486,21.594,22.993,24.547,25.702,26.533,26.161,24.739,21.051,19.215,16.132,15.528,13.548,13.519,13.511,14.574,16.701,16.403,16.675,17.271,16.933,15.742,15.143,14.899,13.687,11.752,11.57,9.951,9.137,7.176,5.687,4.108,2.727,1.806,0.839,0.606,0.288,0.292,0.099,0.06,0.04,0.02,0.021,0.034,0,0,0,0
2026-09-25 14:50:00,1,"Normal Scan","Normal Scan",0,"ON",1,1,1,735.2,5,16.4,98.2,52,0.0000000674598,0.0000180077,4.97,8976.18,8.8,736.5,1,"Up Scan","Positive",254,0,4.37,1.6,8,8,0,1,1,20.333,37.625,24.965,10.366,2.218,4556,54,15.6,NA,0,0,0,0,0,0,0,0,0,0,0,0,0,0,0,0,0,0,0,0,0,0,0,0,0,0,0,0,0,0,0,6946.839,8243.118,7099.418,7252.944,6891.829,6629.669,6942.858,6547.359,6137.302,5682.206,5328.236,4954.638,4396.698,4145.15,3953.244,3846.609,3819.768,3416.551,3531.57,3310.426,3310.349,3239.654,3331.961,2937.312,2603.356,2293.533,1851.582,1485.068,1199.706,1174.04,888.259,781.635,800.324,782.034,819.327,807.851,819.747,738.669,722.389,667.094,645.505,631.617,668.076,673.899,639.795,517.3,449.306,349.991,302.468,237.046,145.787,80.347,47.33,25.038,21.401,9.449,3.271,6.805,1.726,5.398,0,0,0,0,0,0,0,0,0,0,0,0,0,0,0,0,0,0,0,0,0,0,0,0,0,0,0,0,0,0,0,0,0,0,0,2.317,2.839,4.897,5.679,7.607,9.125,10.744,13.505,15.015,16.302,17.25,18.334,19.149,18.96,19.831,20.833,22.228,24.064,23.583,26.237,26.514,28.249,29.296,31.701,29.608,27.973,25.836,22.316,19.428,17.096,17.87,15.224,14.759,15.517,15.959,17.027,17.378,18.136,17.017,16.553,15.06,13.364,12.756,12.459,11.574,10.26,8.05,6.773,5.247,4.354,3.349,2.066,1.12,0.663,0.327,0.273,0.118,0.04,0.081,0.02,0.062,0.017,0,0,0,0
2026-09-25 14:55:00,1,"Normal Scan","Normal Scan",0,"ON",1,1,1,735.1,5,16.3,98.2,52,0.0000000674301,0.0000180029,4.97,8976.18,8.8,736.5,1,"Up Scan","Positive",254,0,4.37,1.6,8,8,0,1,1,22.114,40.085,26.416,10.366,2.256,4279.45,53,15.6,NA,0,0,0,0,0,0,0,0,0,0,0,0,0,0,0,0,0,0,0,0,0,0,0,0,0,0,0,0,0,0,0,6469.786,6503.075,6431.12,6029.779,6094.202,5928.471,5934.621,5778.275,5292.362,4953.392,4553.333,4417.287,4412.106,4212.705,4181.492,3709.493,3648.923,3346.083,3510.914,3353.312,3456.32,3392.112,3297.302,3002.498,2824.303,2243.822,1861.068,1604.239,1405.125,1168.032,1053.017,993.616,829.248,762.384,818.171,856.171,743.251,725.805,678.309,668.96,620.626,713.985,745.561,670.426,644.096,583.975,493.231,403.633,294.662,230.817,157.914,102.006,48.89,36.84,22.884,4.791,11.416,3.382,6.986,1.808,0,0,0,0,0,0,0,0,0,0,0,0,0,0,0,0,0,0,0,0,0,0,0,0,0,0,0,0,0,0,0,0,0,0,0,1.724,2.701,3.89,5.139,6.275,8.048,9.604,11.545,13.233,14.07,15.063,15.701,17.122,19.03,20.123,21.974,21.482,23.088,23.127,26.116,26.916,29.423,30.589,31.583,30.484,30.152,25.742,22.722,20.798,19.479,17.946,17.234,17.292,15.774,15.811,17.088,18.635,17.645,17.273,15.958,15.427,13.674,14.063,13.58,11.645,10.554,9.077,7.513,5.965,4.308,3.283,2.234,1.418,0.682,0.48,0.292,0.059,0.14,0.04,0.082,0.021,0.034,0,0,0,0
2026-09-25 15:00:00,1,"Normal Scan","Normal Scan",0,"ON",1,1,1,735.1,5,16.2,98.2,52.1,0.0000000674003,0.000017998,4.97,8976.18,8.8,736.5,1,"Up Scan","Positive",254,0,4.37,1.6,8,8,0,1,1,20.854,40.368,25.826,9.647,2.306,3251.96,54,15.6,NA,0,0,0,0,0,0,0,0,0,0,0,0,0,0,0,0,0,0,0,0,0,0,0,0,0,0,0,0,0,0,0,6091.12,5491.261,5326.188,4692.477,4774.776,4673.491,4545.368,4378.407,3975.005,3722.165,3708.801,3273.728,3154.847,2913.865,2600.962,2515.739,2373.179,2472.992,2496.883,2527.544,2472.514,2402.846,2451.024,2315.39,2046.78,1620.328,1389.595,1138.659,871.811,807.633,676.308,619.294,600.077,583.679,583.895,597.613,604.472,582.354,542.255,552.871,610.586,619.644,566.198,512.596,523.599,452.885,409.338,325.773,287.412,215.258,130.992,99.111,51.107,32.885,29.038,11.05,6.557,3.41,5.288,1.795,0,0,0,0,0,0,0,0,0,0,0,0,0,0,0,0,0,0,0,0,0,0,0,0,0,0,0,0,0,0,0,0,0,0,0,1.891,2.488,3.237,4.274,4.897,6.3,7.56,8.819,10.038,10.581,11.31,12.772,12.65,13.615,13.933,13.757,14.61,15.108,17.092,18.66,20.286,21.028,21.768,23.341,23.25,21.809,18.37,16.778,14.895,12.47,12.376,11.689,11.689,11.903,12.32,13.24,14.071,14.173,13.646,13.193,12.571,12.866,12.275,10.779,9.145,8.762,7.142,6.274,4.954,4.17,3.048,1.841,1.397,0.695,0.428,0.37,0.138,0.08,0.04,0.061,0.021,0.017,0,0,0,0
2026-09-25 15:05:00,1,"Normal Scan","Normal Scan",0,"ON",1,1,1,735.4,5,16.7,98.2,51.8,0.000000067549,0.0000180222,4.97,8976.18,8.8,736.5,1,"Up Scan","Positive",254,0,4.37,1.6,8,8,0,1,1,23.873,41.762,27.496,9.647,2.273,3423.39,53,16,NA,0,0,0,0,0,0,0,0,0,0,0,0,0,0,0,0,0,0,0,0,0,0,0,0,0,0,0,0,0,0,0,5513.471,5038.458,4404.892,4596.325,4381.43,4333.154,4236.864,4294.457,3915.884,3519.465,3745.89,3447.608,3073.401,3367.831,3379.749,3101.081,3231.857,3031.121,3245.177,3377.556,3157.102,2978.042,2782.854,2516.214,2185.675,2001.782,1526.674,1311.904,1076.028,997.136,816.663,826.172,742.325,704.948,683.202,665.745,635.158,635.922,610.134,615.504,577.413,531.918,593.988,561.671,492.87,468.999,416.036,308.947,290.394,192.621,139.76,106.591,62.166,39.744,28.973,12.639,3.231,8.448,3.493,3.603,0,0,0,0,0,0,0,0,0,0,0,0,0,0,0,0,0,0,0,0,0,0,0,0,0,0,0,0,0,0,0,0,0,0,0,1.299,2.279,2.997,3.55,4.8,5.748,7.034,8.223,9.841,10.388,10.721,12.918,13.366,13.308,16.139,17.901,18.016,20.432,20.865,23.987,26.716,26.774,26.76,26.55,25.459,23.524,22.662,18.772,17.178,15.356,14.968,13.811,14.375,14.185,14.2,14.482,14.503,14.76,14.703,14.067,13.562,12.277,11.123,10.949,9.935,8.393,7.522,6.431,4.682,4.225,2.737,1.966,1.474,0.852,0.518,0.37,0.158,0.04,0.101,0.041,0.041,0.009,0,0,0,0
2026-09-25 15:10:00,1,"Normal Scan","Normal Scan",0,"ON",1,1,1,735.5,5,16.8,98.2,52.3,0.0000000675787,0.000018027,4.97,8976.18,8.8,736.5,1,"Up Scan","Positive",254,0,4.37,1.6,8,8,0,1,1,23.255,42.142,27.602,9.647,2.286,3794.49,53,15.8,NA,0,0,0,0,0,0,0,0,0,0,0,0,0,0,0,0,0,0,0,0,0,0,0,0,0,0,0,0,0,0,0,5851.995,5226.554,5273.451,4547.557,4937.998,4909.464,5066.777,4666.084,4778.362,4516.808,4279.422,4033.915,3681.781,3490.878,3540.105,3520.438,3112.976,3299.143,3113.653,3210.241,3070.438,3065.142,3160.081,2828.105,2588.086,2309.117,1874.064,1584.109,1400.27,1147.359,997.083,889.881,799.76,813.419,793.156,733.934,690.506,681.955,716.409,639.281,663.568,675.617,688.447,654.656,573.172,492.183,473.343,376.267,302.349,229.804,151.94,129.776,69.228,41.722,28.96,14.222,8.158,3.354,5.218,1.808,0,0,0,0,0,0,0,0,0,0,0,0,0,0,0,0,0,0,0,0,0,0,0,0,0,0,0,0,0,0,0,0,0,0,0,1.426,2.395,3.112,4.226,4.728,6.525,7.97,9.819,10.656,12.71,13.744,14.74,15.575,15.892,16.683,18.674,20.334,19.76,22.748,23.25,25.707,26.319,27.913,30.26,28.752,27.792,26.181,22.73,20.606,19.355,17.336,16.351,15.488,15.518,16.337,16.758,16.438,16.462,16.349,16.108,14.251,14.451,13.357,12.861,11.373,9.78,7.893,7.286,5.652,4.398,3.268,2.131,1.778,0.918,0.542,0.369,0.177,0.1,0.04,0.061,0.021,0,0,0,0,0
2026-09-25 15:15:00,1,"Normal Scan","Normal Scan",0,"ON",1,1,1,735.4,5,16.6,98.2,52.1,0.0000000675192,0.0000180173,4.97,8976.18,8.8,736.5,1,"Up Scan","Positive",254,0,4.37,1.6,8,8,0,1,1,21.318,39.332,25.934,10.366,2.243,4161.69,54,15.7,NA,0,0,0,0,0,0,0,0,0,0,0,0,0,0,0,0,0,0,0,0,0,0,0,0,0,0,0,0,0,0,0,6134.761,6547.321,5740.563,6226.047,6415.166,6475.188,5802.705,5558.509,5555.007,5142.537,4809.428,4340.362,4156.186,4080.556,3812.98,3562.368,3433.362,3228.842,3148.829,3045.968,3134.357,3069.165,3086.501,2907.387,2569.123,2242.884,1788.951,1471.78,1282.53,1200.039,1021.69,918.735,875.759,841.537,780.341,736.039,721.995,759.565,657.569,655.646,614.905,639.324,597.956,557.04,539.294,473.02,398.333,393.034,322.101,219.181,181.565,126.283,61.159,38.355,30.509,20.495,16.33,3.354,1.726,1.781,0,0,0,0,0,0,0,0,0,0,0,0,0,0,0,0,0,0,0,0,0,0,0,0,0,0,0,0,0,0,0,0,0,0,0,1.629,2.514,3.917,4.637,6.502,8.45,10.49,11.267,12.755,14.773,15.638,16.547,16.771,17.911,19.468,20.041,20.59,21.69,22.305,23.509,24.482,26.826,27.765,29.496,29.432,27.664,25.709,21.906,19.355,18.058,17.902,16.723,16.197,16.269,16.367,16.218,16.207,16.079,16.763,15.222,14.303,13.414,13.04,11.446,10.178,9.341,7.613,6.18,5.892,4.779,3.17,2.513,1.722,0.865,0.499,0.389,0.256,0.2,0.04,0.02,0.021,0.051,0,0,0,0
2026-09-25 15:20:00,1,"Normal Scan","Normal Scan",0,"ON",1,1,1,735.4,5,16.5,98.3,52.1,0.0000000674209,0.0000180125,4.97,8976.18,8.8,736.5,1,"Up Scan","Positive",254,0,4.37,1.6,8,8,0,1,1,22.625,40.687,26.866,9.647,2.267,3969.15,54,15.7,NA,0,0,0,0,0,0,0,0,0,0,0,0,0,0,0,0,0,0,0,0,0,0,0,0,0,0,0,0,0,0,0,6586.968,5840.087,5845.558,5863.045,5156.187,4975.052,5149.623,5097.582,4984.059,4510.482,4204.689,4086.616,3656.861,3720.138,3442.684,3451.577,3351.109,3347.899,3328.467,3389.687,3339.972,3193.825,3126.18,3036.162,2598.611,2333.646,1883.15,1611.859,1291.208,1168.476,1115.002,978.657,873.09,874.231,818.824,750.835,768.693,722.178,741.884,666.01,676.635,639.8,657.483,542.446,535.032,416.613,384.285,318.603,288.176,189.532,175.873,108.758,83.275,47.221,27.327,14.12,14.77,6.722,3.493,1.781,0,0,0,0,0,0,0,0,0,0,0,0,0,0,0,0,0,0,0,0,0,0,0,0,0,0,0,0,0,0,0,0,0,0,0,1.858,2.706,3.442,4.743,6.151,6.776,8.073,9.978,11.669,13.244,13.755,14.492,15.792,15.823,17.83,18.212,20.029,21.243,23.078,24.85,27.092,28.506,28.948,30.031,30.698,27.939,26.688,23.057,20.987,18.5,17.622,17.823,17.088,16.5,17.058,16.916,16.348,16.945,15.892,16.224,14.107,13.971,12.547,11.965,9.949,9.101,7.008,6.086,4.792,4.234,2.791,2.443,1.495,1.174,0.615,0.35,0.178,0.18,0.081,0.041,0.021,0.067,0,0,0,0
2026-09-25 15:25:00,1,"Normal Scan","Normal Scan",0,"ON",1,1,1,735.3,5,16.4,98.3,52.2,0.0000000673912,0.0000180077,4.97,8976.18,8.8,736.5,1,"Up Scan","Positive",254,0,4.37,1.6,8,8,0,1,1,21.756,39.629,26.288,9.647,2.245,4160.39,54,15.7,NA,0,0,0,0,0,0,0,0,0,0,0,0,0,0,0,0,0,0,0,0,0,0,0,0,0,0,0,0,0,0,0,6533.274,6429.148,5892.922,5897.485,5762.679,5956.331,5754.478,5385.062,5589.829,5391.685,4655.183,4211.264,4058.603,3812.854,3687.57,3600.306,3462.331,3375.845,3327.828,3225.898,3300.43,3162.629,3073.664,2963.131,2723.786,2261.962,1860.439,1637.297,1398.646,1232.687,1059.733,1094.281,947.246,819.257,836.046,777.476,699.211,646.426,762.598,785.192,657.845,679.086,625.842,577.018,493.074,412.023,363.279,321.998,277.641,220.181,143.106,105.045,72.834,63.438,26.02,14.24,9.812,10.118,1.739,5.384,0,0,0,0,0,0,0,0,0,0,0,0,0,0,0,0,0,0,0,0,0,0,0,0,0,0,0,0,0,0,0,0,0,0,0,1.98,2.712,3.808,4.727,6.198,7.601,9.656,11.208,12.37,14.842,16.371,16.035,16.313,17.527,18.243,19.437,20.843,21.887,23.246,24.815,25.923,28.167,28.622,29.633,30.162,29.22,26.056,22.993,21.359,19.499,18.481,17.339,18.17,17.428,16.92,17.09,16.82,15.829,14.985,16.054,15.688,13.619,13.108,11.868,10.207,8.378,6.856,5.836,4.88,4.078,3.203,2.011,1.47,1.001,0.826,0.331,0.178,0.12,0.121,0.02,0.062,0.034,0,0,0,0
2026-09-25 15:30:00,1,"Normal Scan","Normal Scan",0,"ON",1,1,1,735.1,5,16.3,98.2,52.4,0.0000000674301,0.0000180029,4.97,8976.18,8.8,736.5,1,"Up Scan","Positive",254,0,4.37,1.6,8,8,0,1,1,23.33,42.891,27.866,9.647,2.327,4227.07,54,15.7,NA,0,0,0,0,0,0,0,0,0,0,0,0,0,0,0,0,0,0,0,0,0,0,0,0,0,0,0,0,0,0,0,7040.469,6137.588,6365.555,5905.329,5483.143,5415.537,5336.203,5130.611,4716.944,4566.472,4496.364,4104.822,3872.973,3684.793,3575.075,3345.88,3380.294,3346.707,3427.364,3284.814,3369.679,3268.727,3406.132,3143.643,2961.364,2675.628,2252.726,1988.926,1860.302,1537.886,1431.772,1291.609,1119.129,1068.492,998.442,934.195,851.873,811.522,845.138,870.598,726.462,761.707,749.535,656.982,599.008,521.966,447.222,399.137,293.207,211.627,203.973,157.505,94.582,58.961,35.868,15.001,13.059,6.778,5.232,3.603,0,0,0,0,0,0,0,0,0,0,0,0,0,0,0,0,0,0,0,0,0,0,0,0,0,0,0,0,0,0,0,0,0,0,0,1.701,2.897,3.651,5.13,6.177,7.263,8.774,10.364,11.767,12.538,13.879,15.489,15.863,16.724,17.658,18.871,19.475,21.451,23.181,25.637,26.556,29.023,30.06,32.952,32.47,32.337,30.928,27.675,26.006,25.726,23.128,22.501,21.512,20.552,20.997,20.097,19.915,19.155,18.412,18.048,18.013,15.495,15.021,13.518,12.008,10.433,8.631,7.053,6.082,4.308,3.039,2.868,2.164,1.307,0.768,0.457,0.188,0.16,0.081,0.061,0.041,0.034,0,0,0,0
2026-09-25 15:35:00,1,"Normal Scan","Normal Scan",0,"ON",1,1,1,735.6,5,16.9,98.2,52.4,0.0000000676084,0.0000180318,4.97,8976.18,8.8,736.5,1,"Up Scan","Positive",254,0,4.37,1.6,8,8,0,1,1,25.427,42.135,28.386,9.647,2.25,3530.52,54,16.1,NA,0,0,0,0,0,0,0,0,0,0,0,0,0,0,0,0,0,0,0,0,0,0,0,0,0,0,0,0,0,0,0,5300.331,4946.654,4766.349,4444.17,4568.272,4081.203,4122.845,3953.502,3925.604,3721.011,3181.637,3250.604,3165.67,3190.871,2982.002,3101.101,3067.286,2933.818,3212.57,3289.351,3395.528,3458.547,3287.286,3384.634,3115.062,2641.722,2404.944,1944.066,1702.554,1368.51,1084.122,890.538,773.657,688.969,600.046,563.81,516.995,527.118,528.872,510.622,483.721,490.98,439.223,443.379,378.687,394.619,356.973,352.772,310.095,257.696,163.433,146.443,74.271,38.784,25.031,14.16,0,6.722,1.726,5.398,0,0,0,0,0,0,0,0,0,0,0,0,0,0,0,0,0,0,0,0,0,0,0,0,0,0,0,0,0,0,0,0,0,0,0,1.474,2.164,2.917,3.816,4.614,6.026,6.629,8.035,9.052,10.42,11.322,10.99,12.594,13.689,15.31,15.85,18.089,19.583,20.471,24.245,26.643,29.268,31.599,31.903,34.461,33.368,29.698,28.408,24.401,22.341,19.243,16.351,14.63,13.979,13.141,12.547,12.558,12.028,12.342,12.297,11.836,10.906,10.771,9.379,8.38,7.105,6.555,5.524,5.337,4.488,3.659,2.259,2.011,1.05,0.504,0.32,0.177,0,0.081,0.02,0.062,0.051,0,0,0,0
2026-09-25 15:40:00,1,"Normal Scan","Normal Scan",0,"ON",1,1,1,735.5,5,16.8,98.2,52.8,0.0000000675787,0.000018027,4.97,8976.18,8.8,736.5,1,"Up Scan","Positive",254,0,4.37,1.6,8,8,0,1,1,31.341,46.917,32.172,9.647,2.245,3185.15,54,15.8,NA,0,0,0,0,0,0,0,0,0,0,0,0,0,0,0,0,0,0,0,0,0,0,0,0,0,0,0,0,0,0,0,3801.336,3487.361,3107.358,3224.269,3076.978,3081.649,2769.07,2848.245,2827.985,2940.113,2934.105,3055.885,2693.925,2857.121,2812.701,2926.587,2918.691,3019.618,3148.45,3497.459,3591.082,3732.758,3736.583,3520.154,3398.961,3236.692,2593.964,2314.696,1828.041,1460.557,1229.187,1012.366,808.353,729.933,616.883,609.402,566.06,489.026,440.209,445.419,439.963,462.61,404.764,442.553,435.669,454.346,419.69,378.369,339.255,260.554,158.828,129.39,87.198,48.643,24.303,11.099,9.801,11.816,10.506,6.156,0,0,0,0,0,0,0,0,0,0,0,0,0,0,0,0,0,0,0,0,0,0,0,0,0,0,0,0,0,0,0,0,0,0,0,1.13,1.583,2.062,2.501,3.349,4.051,4.978,5.395,6.534,7.514,8.96,10.142,11.85,11.714,13.752,15.003,17.163,18.785,21.187,23.857,28.422,31.238,34.278,36.274,35.948,36.354,36.231,30.549,28.732,24.016,20.24,18.378,16.037,14.091,13.365,12.731,13.112,12.701,12.136,11.304,11.42,10.842,10.427,9.047,8.497,7.817,7.583,6.633,5.615,4.973,3.737,2.277,1.844,1.224,0.634,0.311,0.138,0.12,0.141,0.123,0.071,0.061,0,0,0,0
2026-09-25 15:45:00,1,"Normal Scan","Normal Scan",0,"ON",1,1,1,735.4,5,16.6,98.2,52.5,0.0000000675192,0.0000180173,4.97,8976.18,8.8,736.5,1,"Up Scan","Positive",254,0,4.37,1.6,8,8,0,1,1,30.28,46.77,31.438,10.366,2.292,3405.15,54,15.6,NA,0,0,0,0,0,0,0,0,0,0,0,0,0,0,0,0,0,0,0,0,0,0,0,0,0,0,0,0,0,0,0,4043.122,4865.182,4321.988,3891.693,3482.989,3312.739,2906.827,3037.306,2955.799,3011.73,2921.191,2970.208,2723.378,2852.958,2927.314,3086.749,3086.286,3210.566,3196.205,3439.247,3652.235,3738.216,3872.06,3688.771,3538.04,3139.711,2800.023,2267.037,1910.102,1475.697,1204.976,1002.345,933.885,778.477,743.355,652.928,597.222,594.675,586.022,545.298,520.526,501.907,467.472,473.608,458.411,481.294,453.535,408.959,366.978,303.288,201.403,131.466,82.413,63.406,42.831,17.249,11.416,1.67,8.711,3.603,0,0,0,0,0,0,0,0,0,0,0,0,0,0,0,0,0,0,0,0,0,0,0,0,0,0,0,0,0,0,0,0,0,0,0,1.298,1.678,2.906,3.481,4.049,4.6,5.355,5.658,6.952,7.87,9.167,10.108,11.55,11.86,13.725,15.605,18.071,19.803,22.482,24.259,28.072,31.727,34.385,37.479,37.634,37.683,35.34,33.032,28.357,25.344,20.903,18.29,16.477,16.358,14.877,14.914,14.233,13.74,13.878,14.004,13.217,12.387,11.441,10.303,9.377,8.243,7.893,7.219,6.212,5.367,4.296,2.825,1.816,1.111,0.826,0.547,0.215,0.14,0.02,0.102,0.041,0,0,0,0,0
2026-09-25 15:50:00,1,"Normal Scan","Normal Scan",0,"ON",1,1,1,735.3,5,16.5,98.2,52.2,0.0000000674895,0.0000180125,4.97,8976.18,8.8,736.5,1,"Up Scan","Positive",254,0,4.37,1.6,8,8,0,1,1,28.609,45.46,30.452,9.647,2.277,3306.64,54,15.5,NA,0,0,0,0,0,0,0,0,0,0,0,0,0,0,0,0,0,0,0,0,0,0,0,0,0,0,0,0,0,0,0,4656.711,4363.289,3848.244,3811.527,3424.42,3205.386,3545.23,3045.313,3012.082,3126.606,3169.065,2930.087,3068.238,3038.623,2947.172,2903.211,2925.927,3044.832,3310.274,3322.76,3524.961,3544.901,3706.825,3525.612,3232.784,2797.257,2355.731,2037.735,1665.938,1364.787,1076.807,894.628,768.926,615.235,589.737,576.465,449.552,512.873,412.506,541.644,515.722,436.513,512.404,480.302,454.17,438.796,434.825,416.529,362.007,265.996,235.189,165.883,84.637,44.992,33.007,14.16,8.158,11.733,0,3.617,0,0,0,0,0,0,0,0,0,0,0,0,0,0,0,0,0,0,0,0,0,0,0,0,0,0,0,0,0,0,0,0,0,0,0,1.326,1.896,2.579,3.083,3.985,4.513,5.21,6.9,6.981,8.028,9.539,10.936,11.392,13.295,14.613,15.672,17.01,18.797,21.347,24.997,27.019,30.372,32.413,35.718,35.822,34.457,31.323,27.896,25.293,21.889,19.04,16.244,14.578,13.324,12.507,12.726,12.761,11.808,12.84,11.244,12.936,12.182,10.777,10.534,9.689,8.384,7.355,6.67,6.342,5.245,3.856,3.235,2.257,1.174,0.585,0.419,0.177,0.1,0.141,0,0.041,0.034,0,0,0,0
2026-09-25 15:55:00,1,"Normal Scan","Normal Scan",0,"ON",1,1,1,735.2,5,16.4,98.2,52.1,0.0000000674598,0.0000180077,4.97,8976.18,8.8,736.5,1,"Up Scan","Positive",254,0,4.37,1.6,8,8,0,1,1,31.296,49.399,32.826,10.366,2.328,3257.07,54,15.5,NA,0,0,0,0,0,0,0,0,0,0,0,0,0,0,0,0,0,0,0,0,0,0,0,0,0,0,0,0,0,0,0,3493.286,3735.596,3426.043,3615.766,3423.154,3308.063,3093.379,3182.59,2800.677,3013.223,2827.5,2719.119,2717.43,2675.243,2919.031,2730.824,2888.439,2858.885,3004.009,3311.227,3458.21,3540.563,3578.826,3423.419,3323.585,3007.504,2568.915,2241.47,1855.387,1614.959,1331.247,1092.942,972.281,851.131,731.009,691.158,597.884,680.766,667.526,577.813,640.228,628.028,535.933,561.523,540.162,517.7,540.201,436.899,405.093,318.575,214.213,135.096,93.744,50.089,22.962,17.269,8.104,6.778,0,3.603,0,0,0,0,0,0,0,0,0,0,0,0,0,0,0,0,0,0,0,0,0,0,0,0,0,0,0,0,0,0,0,0,0,0,0,1.225,1.454,2.222,2.77,3.773,4.511,5.35,6.013,7.296,7.455,9.187,9.78,10.591,11.788,12.896,15.527,16.064,18.569,20.075,22.825,26.953,30.052,32.624,34.708,35.204,35.825,34.157,30.658,28.245,24.875,22.807,20.003,18.094,17.427,16.373,15.549,15.73,14.601,15.821,15.767,14.452,14.427,13.743,11.556,10.623,9.399,8.505,8.251,6.556,5.857,4.488,2.987,1.843,1.263,0.653,0.292,0.217,0.1,0.081,0,0.041,0,0,0,0,0
2026-09-25 16:00:00,1,"Normal Scan","Normal Scan",0,"ON",1,1,1,735.3,5,16.5,98.2,51.7,0.0000000674895,0.0000180125,4.97,8976.18,8.8,736.5,1,"Up Scan","Positive",254,0,4.37,1.6,8,8,0,1,1,30.168,47.224,31.804,11.14,2.284,3526.57,53,15.7,NA,0,0,0,0,0,0,0,0,0,0,0,0,0,0,0,0,0,0,0,0,0,0,0,0,0,0,0,0,0,0,0,4015.244,3892.375,4266.226,3958.65,3789.177,3564.957,3234.7,2916.795,3004.331,2984.246,3416.816,3251.835,3251.454,3275.92,3327.64,3195.641,3285.058,3411.233,3566.821,3579.779,3716.788,3961.494,3814.366,3693.293,3524.915,3129.105,2555.63,2085.679,1878.68,1558.312,1288.821,1058.153,997.923,779.089,749.555,768.431,624.04,644.848,647.727,741.885,690.327,600,593.699,544.97,455.746,485.505,420.483,452.194,336.504,276.225,213.275,159.005,79.11,61.247,28.349,14.187,16.27,8.517,3.451,3.562,0,0,0,0,0,0,0,0,0,0,0,0,0,0,0,0,0,0,0,0,0,0,0,0,0,0,0,0,0,0,0,0,0,0,0,1.37,1.643,2.314,3.426,4.123,4.963,5.8,6.28,6.718,7.988,9.135,11.812,12.672,14.096,15.78,17.671,18.722,21.086,23.778,26.878,29.107,32.196,36.121,36.761,37.654,37.798,35.238,30.57,26.506,24.831,22.337,19.958,17.4,17.78,15.941,16.159,16.503,14.799,15.252,14.764,15.991,14.641,13.285,11.88,10.442,8.336,8.015,6.655,6.771,4.933,3.999,2.977,2.179,1.102,0.796,0.361,0.177,0.198,0.102,0.041,0.041,0.051,0,0,0,0
2026-09-25 16:05:00,1,"Normal Scan","Normal Scan",0,"ON",1,1,1,735.7,5,17,98.2,52,0.0000000676382,0.0000180366,4.97,8976.18,8.8,736.5,1,"Up Scan","Positive",254,0,4.37,1.6,8,8,0,1,1,25.133,42.14,28.236,11.14,2.267,3957.07,53,16,NA,0,0,0,0,0,0,0,0,0,0,0,0,0,0,0,0,0,0,0,0,0,0,0,0,0,0,0,0,0,0,0,5798.561,5871.952,5971.436,5408.341,5089.593,4584.28,4426.126,4430.926,4256.434,3834.993,3584.672,3731.582,3609.988,3422.819,3462.334,3319.278,3243.353,3444.253,3614.563,3780.472,3838.014,3696.843,3831.115,3628,3060.251,2880.427,2477.673,2017.026,1702.346,1482.436,1139.595,1018.297,819.782,841.081,697.811,740.483,679.976,778.605,692.827,657.009,663.514,619.99,589.667,486.125,497.045,435.675,428.894,369.124,306.084,228.685,158.046,117.11,69.136,45.7,25.898,6.339,1.615,6.736,1.74,3.603,0,0,0,0,0,0,0,0,0,0,0,0,0,0,0,0,0,0,0,0,0,0,0,0,0,0,0,0,0,0,0,0,0,0,0,1.64,2.391,3.502,4.775,5.654,6.687,7.42,8.59,10.123,11.3,11.691,12.377,14.431,15.607,16.444,18.391,19.417,20.731,23.99,27.148,30.327,32.922,33.781,36.816,36.802,32.999,32.445,29.427,25.46,23.013,21.252,17.91,17.533,15.723,16.292,15.195,16.076,15.4,16.528,15.354,14.127,13.948,12.678,11.353,8.969,8.502,7.084,6.663,5.465,4.41,3.237,2.204,1.615,0.935,0.595,0.331,0.079,0.02,0.081,0.02,0.041,0.017,0,0,0,0
2026-09-25 16:10:00,1,"Normal Scan","Normal Scan",0,"ON",1,1,1,735.5,5,16.7,98.3,52.1,0.0000000674803,0.0000180222,4.97,8976.18,8.8,736.5,1,"Up Scan","Positive",254,0,4.37,1.6,8,8,0,1,1,24.647,41.562,27.954,11.14,2.251,3937.39,54,15.8,NA,0,0,0,0,0,0,0,0,0,0,0,0,0,0,0,0,0,0,0,0,0,0,0,0,0,0,0,0,0,0,0,5745.255,5251.54,5807.737,5597.759,5133.469,4831.868,4767.861,4157.671,4129.167,4127.644,3957.654,3822.387,3792.113,3619.014,3596.117,3345.89,3336.457,3451.462,3539.93,3842.224,3808.254,3607.408,3749.113,3334.074,3047.56,2677.977,2314.729,1881.867,1580.935,1299.51,1084.008,893.621,840.243,739.6,666.936,682.971,738.877,703.432,705.473,640.401,789.352,625.295,623.389,569.658,523.779,459.982,412.903,309.078,283.219,204.748,121.626,89.297,49.308,34.097,12.139,9.493,6.488,10.09,6.999,5.411,0,0,0,0,0,0,0,0,0,0,0,0,0,0,0,0,0,0,0,0,0,0,0,0,0,0,0,0,0,0,0,0,0,0,0,1.722,2.368,3.122,4.645,5.874,6.788,7.836,9.249,9.542,10.974,12.541,13.653,14.831,16.383,17.343,19.061,19.56,21.267,24.009,26.508,30.76,32.581,32.853,35.896,33.858,32.593,30.202,27.515,23.804,21.407,18.892,17.279,16.009,15.795,15.011,15.485,15.418,16.393,15.749,15.453,13.989,15.263,12.287,11.534,9.824,8.703,7.253,6.379,4.546,4.134,2.95,1.73,1.262,0.688,0.442,0.156,0.118,0.08,0.121,0.082,0.062,0.017,0,0,0,0
2026-09-25 16:15:00,1,"Normal Scan","Normal Scan",0,"ON",1,1,1,735.4,5,16.6,98.2,51.9,0.0000000675192,0.0000180173,4.97,8976.18,8.8,736.5,1,"Up Scan","Positive",254,0,4.37,1.6,8,8,0,1,1,25.123,42.864,28.617,10.366,2.275,3760.7,53,15.8,NA,0,0,0,0,0,0,0,0,0,0,0,0,0,0,0,0,0,0,0,0,0,0,0,0,0,0,0,0,0,0,0,5067.934,5545.854,4528.533,5126.853,4742.875,4613.128,4409.98,3991.128,4248.897,4212.455,3721.37,3711.414,3471.53,3529.197,3357.84,3242.054,3243.611,3326.589,3386.572,3415.39,3426.863,3437.231,3433.667,3299.673,2989.549,2737.658,2242.019,1815.557,1405.218,1360.373,1147.125,938.569,863.204,815.172,721.5,679.082,725.585,686.54,687.353,712.23,695.365,692.815,631.579,590.365,586.994,509.44,452.025,368.375,249.07,210.343,136.745,99.776,62.086,18.041,10.655,4.751,1.615,5.066,0,0,0,0,0,0,0,0,0,0,0,0,0,0,0,0,0,0,0,0,0,0,0,0,0,0,0,0,0,0,0,0,0,0,0,0,0,1.732,2.091,3.267,3.64,5.338,6.238,7.503,8.541,9.127,11.289,12.841,12.852,14.361,15.06,16.922,17.786,18.872,20.669,23.07,25.399,27.539,29.525,31.352,32.992,33.332,32.144,30.914,26.77,23.339,19.497,19.654,18.058,16.421,16.272,16.416,15.832,15.834,16.445,15.903,15.658,15.394,14.24,13.257,11.629,10.179,9.689,8.04,6.721,5.362,3.566,2.966,1.893,1.349,0.823,0.235,0.136,0.059,0.02,0.061,0,0,0,0,0,0,0
2026-09-25 16:20:00,1,"Normal Scan","Normal Scan",0,"ON",1,1,1,735.3,5,16.5,98.2,51.8,0.0000000674895,0.0000180125,4.97,8976.18,8.8,736.5,1,"Up Scan","Positive",254,0,4.37,1.6,8,8,0,1,1,24.246,42.087,28.029,11.971,2.267,3753.15,53,15.7,NA,0,0,0,0,0,0,0,0,0,0,0,0,0,0,0,0,0,0,0,0,0,0,0,0,0,0,0,0,0,0,0,5167.88,5242.619,4890.765,5578.706,4705.421,4639.854,4430.291,4463.534,4353.456,4165.326,3739.468,3874.704,3768.415,3526.857,3442.136,3454.347,3268.652,3156.53,3208.371,3250.513,3292.187,3256.296,3408.575,3273.549,2770.948,2504.009,2012.164,1701.179,1455.647,1163.877,1033.73,882.789,884.947,762.079,736.128,684.903,679.251,681.685,705.083,695.548,626.553,621.449,653.144,623.476,556.66,505.474,449.082,357.223,277.275,181.578,120.936,101.839,50.373,22.026,16.705,7.914,8.172,5.066,1.726,1.781,0,0,0,0,0,0,0,0,0,0,0,0,0,0,0,0,0,0,0,0,0,0,0,0,0,0,0,0,0,0,0,0,0,0,0,1.588,2.106,3.102,3.949,5.843,6.225,7.529,8.627,10.224,11.565,12.694,12.93,14.973,16.276,16.882,18.196,20.019,20.771,21.931,24.106,26.185,28.27,29.613,32.587,33.121,29.638,28.318,24.269,21.976,19.874,17.234,16.682,15.575,16.347,15.909,15.597,15.484,15.933,15.838,15.712,14.971,13.352,12.448,11.653,10.59,9.234,7.914,6.775,5.209,4.028,2.602,1.695,1.392,0.67,0.288,0.214,0.099,0.1,0.061,0.02,0.021,0,0,0,0,0
2026-09-25 16:25:00,1,"Normal Scan","Normal Scan",0,"ON",1,1,1,735.3,5,16.4,98.3,51.7,0.0000000673912,0.0000180077,4.97,8976.18,8.8,736.5,1,"Up Scan","Positive",254,0,4.37,1.6,8,8,0,1,1,23.32,41.087,27.382,9.647,2.263,3645.41,53,15.6,NA,0,0,0,0,0,0,0,0,0,0,0,0,0,0,0,0,0,0,0,0,0,0,0,0,0,0,0,0,0,0,0,5938.767,5437.736,4366.829,5054.106,4768.182,4684.447,4645.533,4344.206,4204.519,4293.071,3906.676,3929.096,3664.326,3388.453,3554.395,3263.738,3088.014,3108.004,3024.833,2977.956,2977.649,3058.121,3049.326,2822.961,2547.403,2228.412,1902.033,1520.567,1289.608,1013.59,987.306,805.832,836.943,792.736,715.416,730.494,744.414,739.505,688.288,672.26,692.632,641.875,633.937,561.855,546.571,486.514,408.474,300.376,247.06,153.905,94.371,52.51,21.509,19.178,18.37,1.561,1.656,3.361,0,1.781,0,0,0,0,0,0,0,0,0,0,0,0,0,0,0,0,0,0,0,0,0,0,0,0,0,0,0,0,0,0,0,0,0,0,0,1.558,2.432,3.243,3.537,5.311,6.287,7.616,9.054,9.962,11.183,13.077,13.472,15.202,15.866,16.238,18.696,18.902,19.6,21.481,22.619,23.969,25.606,27.748,29.211,28.646,27.194,25.253,22.929,19.826,18.059,15.653,16.208,14.886,15.813,15.884,15.655,16.133,16.502,15.991,15.301,14.249,13.486,12.129,11.255,9.395,8.541,7.357,6.09,4.485,3.509,2.19,1.305,0.728,0.303,0.25,0.234,0.02,0.02,0.04,0,0.021,0.017,0,0,0,0
2026-09-25 16:30:00,1,"Normal Scan","Normal Scan",0,"ON",1,1,1,735.7,5,16.9,98.3,51.5,0.0000000675397,0.0000180318,4.97,8976.18,8.8,736.5,1,"Up Scan","Positive",254,0,4.37,1.6,8,8,0,1,1,23.784,41.606,27.833,9.647,2.268,3546.15,53,16,NA,0,0,0,0,0,0,0,0,0,0,0,0,0,0,0,0,0,0,0,0,0,0,0,0,0,0,0,0,0,0,0,5100.366,4698.795,4841.772,4906.489,4831.572,4436.645,4559.403,4435.886,4092.941,3828.502,3732.182,3682.189,3491.727,3244.953,3273.605,3254.369,3190.178,3134.543,3024.815,3081.931,2925.454,2805.563,2921.04,2754.265,2351.204,2193.64,1768.286,1466.935,1258.231,1070.406,1007.113,891.002,853.207,869.66,830.538,824.139,778.844,865.984,791.38,848.52,702.684,651.755,620.555,571.215,505.047,421.318,341.094,249.56,178.922,127.764,79.579,47.101,20.432,12.121,13.928,8.707,3.244,1.684,0,1.808,0,0,0,0,0,0,0,0,0,0,0,0,0,0,0,0,0,0,0,0,0,0,0,0,0,0,0,0,0,0,0,0,0,0,0,1.557,2.089,2.787,3.922,5.152,6.363,7.189,8.864,10.155,10.866,11.69,12.876,14.261,15.08,15.541,17.263,18.828,20.161,21.587,22.564,24.623,25.071,25.554,27.918,28.015,25.357,24.99,21.618,19.511,17.867,16.859,16.83,16.38,16.502,17.819,17.289,17.214,16.642,17.637,16.007,16.231,13.361,11.535,10.591,9.323,7.984,6.378,5.079,3.709,2.629,1.801,1.092,0.653,0.305,0.158,0.178,0.109,0.04,0.02,0,0.021,0.033,0,0,0,0
2026-09-25 16:35:00,1,"Normal Scan","Normal Scan",0,"ON",1,1,1,735.6,5,16.9,98.2,51.8,0.0000000676084,0.0000180318,4.97,8976.18,8.8,736.5,1,"Up Scan","Positive",254,0,4.37,1.6,8,8,0,1,1,21.951,38.768,26.198,9.647,2.229,3541.08,53,15.9,NA,0,0,0,0,0,0,0,0,0,0,0,0,0,0,0,0,0,0,0,0,0,0,0,0,0,0,0,0,0,0,0,5828.079,4987.732,5472.075,5586.469,5074.785,4995.741,4546.984,4421.102,4312.806,4126.227,3901.521,3721.874,3471.658,3335.999,3140.768,3193.591,3021.466,3036.049,2942.472,2927.36,2832.82,2707.261,2623.9,2339.119,2123.966,1747.817,1573.641,1263.021,1119.21,924.038,901.647,767.798,719.85,850.979,840.829,882.684,829.988,905.506,847.155,729.086,695.791,620.8,537.073,467.212,359.703,291.339,243.996,151.057,113.872,99.865,53.85,30.513,24.635,16.273,12.255,11.117,6.53,1.684,0,1.795,0,0,0,0,0,0,0,0,0,0,0,0,0,0,0,0,0,0,0,0,0,0,0,0,0,0,0,0,0,0,0,0,0,0,0,1.569,2.391,2.992,4.391,5.81,6.702,8.111,8.85,10.126,11.461,12.547,13.446,14.403,15.009,15.94,16.575,18.451,19.098,20.794,21.794,23.268,24.038,24.499,25.091,23.774,22.86,20.211,19.145,16.934,16.351,15.231,15.568,14.916,14.894,16.749,16.805,17.383,16.471,16.954,15.481,13.326,12.247,10.508,9.084,7.56,5.672,4.539,3.67,2.294,1.762,1.44,0.741,0.43,0.379,0.211,0.156,0.138,0.08,0.02,0,0.021,0.051,0,0,0,0
2026-09-25 16:40:00,1,"Normal Scan","Normal Scan",0,"ON",1,1,1,735.5,5,16.7,98.3,51.5,0.0000000674803,0.0000180222,4.97,8976.18,8.8,736.5,1,"Up Scan","Positive",254,0,4.37,1.6,8,8,0,1,1,21.425,37.164,25.288,9.647,2.194,4139.25,53,15.6,NA,0,0,0,0,0,0,0,0,0,0,0,0,0,0,0,0,0,0,0,0,0,0,0,0,0,0,0,0,0,0,0,7298.162,7194.245,6368.061,6418.36,5583.241,5877.336,5629.844,5309.268,4881.004,4729.09,4429.781,4391.699,4199.758,3896.682,3820.138,3860.869,3857.811,3639.433,3598.843,3645.907,3262.076,3267.811,2777.547,2510.375,2184.221,1923.562,1566.256,1338.54,1094.877,1161.701,884.759,969.613,888.821,915.731,958.992,889.862,933.379,980.764,815.028,727.942,734.583,602.159,491.289,346.493,363.246,261.37,219.479,162.984,158.891,111.026,75.059,60.332,57.257,39.914,24.459,23.636,16.331,10.173,8.759,7.179,0,0,0,0,0,0,0,0,0,0,0,0,0,0,0,0,0,0,0,0,0,0,0,0,0,0,0,0,0,0,0,0,0,0,0,1.526,2.989,4.292,5.135,6.722,7.339,9.551,10.957,12.143,12.971,14.379,15.297,16.99,18.121,18.651,20.176,22.294,24.293,24.835,26.445,28.727,27.604,29.276,26.589,25.419,23.75,22.21,19.639,18.021,16.602,18.082,15.643,17.923,16.934,17.583,18.5,17.32,17.583,17.448,15.221,13.346,12.947,10.734,8.727,6.192,6.081,4.442,3.622,2.685,2.462,1.654,1.139,0.914,0.776,0.519,0.311,0.296,0.2,0.121,0.102,0.083,0.017,0,0,0,0
2026-09-25 16:45:00,1,"Normal Scan","Normal Scan",0,"ON",1,1,1,735.4,5,16.5,98.3,51.2,0.0000000674209,0.0000180125,4.97,8976.18,8.8,736.5,1,"Up Scan","Positive",254,0,4.37,1.6,8,8,0,1,1,22.179,40.051,26.679,9.647,2.284,4539.1,53,15.3,NA,0,0,0,0,0,0,0,0,0,0,0,0,0,0,0,0,0,0,0,0,0,0,0,0,0,0,0,0,0,0,0,8114.385,7417.143,7368.605,6821.696,6367.308,6198.942,5973.826,5454.9,5189.805,4537.753,4614.201,4324.635,4118.81,4148.262,3843.9,3747.296,3662.139,3593.4,3432.701,3184.474,3058.582,3094.95,3386.019,3418.483,3131.19,2583.788,2206.588,1901.349,1772.206,1548.898,1428.995,1377.522,1301.321,1326.59,1177.513,1262.273,1249.148,1095.112,1029.234,997.317,964.536,764.512,653.507,513.541,463.203,368.057,273.001,208.397,165.586,113.783,86.618,73.431,44.32,29.503,29.012,18.898,11.389,5.08,0,3.603,0,0,0,0,0,0,0,0,0,0,0,0,0,0,0,0,0,0,0,0,0,0,0,0,0,0,0,0,0,0,0,0,0,0,0,2.136,3.375,4.369,5.918,7.127,8.423,10.046,11.602,12.502,13.789,13.819,15.919,16.755,17.789,19.826,20.244,21.612,23.081,24.822,25.8,25.867,26.519,28.435,32.769,35.042,33.929,30.176,27.651,25.765,25.644,24.071,24.224,24.291,23.768,24.813,23.229,24.011,23.332,20.452,19.174,18.003,16.655,13.427,11.125,8.594,7.642,5.861,4.248,3.306,2.523,1.643,1.219,1.026,0.606,0.384,0.37,0.237,0.14,0.061,0,0.041,0.017,0,0,0,0
2026-09-25 16:50:00,1,"Normal Scan","Normal Scan",0,"ON",1,1,1,735.2,5,16.3,98.3,51,0.0000000673615,0.0000180029,4.97,8976.18,8.8,736.5,1,"Up Scan","Positive",254,0,4.37,1.6,8,8,0,1,1,22.141,40.128,26.525,9.647,2.286,3877.14,53,15.2,NA,0,0,0,0,0,0,0,0,0,0,0,0,0,0,0,0,0,0,0,0,0,0,0,0,0,0,0,0,0,0,0,6806.126,6504.138,6407.271,5759.808,5484.852,5175.791,4646.531,4499.283,4391.105,4509.096,3865.596,3849.868,3730.296,3691.081,3573.661,3383.473,3321.182,3287.785,3100.554,2930.139,2805.793,2847.392,2636.771,2401.643,2110.254,1903.295,1602.138,1463.455,1330.717,1270.8,1112.404,1094.721,1069.963,1060.243,1108.447,1075.094,1074.126,1075.661,1041.691,870.337,810.023,662.944,549.266,514.259,385.987,287.615,245.595,160.352,144.712,106.962,72.09,66.666,45.43,44.531,28.732,26.678,17.987,13.555,5.218,7.233,0,0,0,0,0,0,0,0,0,0,0,0,0,0,0,0,0,0,0,0,0,0,0,0,0,0,0,0,0,0,0,0,0,0,0,1.92,2.848,3.842,5.178,6,7.262,8.399,9.028,10.321,11.683,13.765,13.357,14.952,16.151,17.622,18.802,19.546,20.938,22.478,22.933,23.308,23.944,25.756,25.476,24.825,23.248,22.341,20.535,20.009,19.814,20.254,19.386,20.115,20.514,20.519,21.347,20.368,20.071,19.835,18.716,15.672,14.267,11.436,9.619,8.584,6.476,4.825,4.046,2.726,2.288,1.647,1.103,0.952,0.739,0.58,0.366,0.335,0.22,0.162,0.061,0.083,0.118,0,0,0,0
2026-09-25 16:55:00,1,"Normal Scan","Normal Scan",0,"ON",1,1,1,735.6,5,16.8,98.3,50.5,0.00000006751,0.000018027,4.97,8976.18,8.8,736.5,1,"Up Scan","Positive",254,0,4.37,1.6,8,8,0,1,1,22.298,40.546,26.586,9.647,2.313,4390.95,51,15.8,NA,0,0,0,0,0,0,0,0,0,0,0,0,0,0,0,0,0,0,0,0,0,0,0,0,0,0,0,0,0,0,0,9725.493,6826.81,6851.117,6558.323,6462.623,5729.741,5359.997,5096.114,4633.919,4305.275,4009.674,4150.475,4162.631,4016.757,3834.147,3856.854,3912.38,3619.462,3456.635,3476.595,3192.399,3124.993,2931.618,2632.425,2500.482,2233.431,1847.798,1676.932,1563.48,1402.486,1293.102,1349.554,1256.905,1349.681,1240.527,1346.798,1306.893,1199.862,1125.497,952.344,915.734,777.024,673.32,547.348,458.379,402.769,315.286,207.86,156.078,146.34,93.214,73.988,33.554,42.794,31.945,25.328,14.66,6.764,10.464,5.425,0,0,0,0,0,0,0,0,0,0,0,0,0,0,0,0,0,0,0,0,0,0,0,0,0,0,0,0,0,0,0,0,0,0,0,2.606,3.996,4.054,5.512,6.849,8.514,9.277,10.399,11.668,12.305,13.131,13.85,16.11,17.988,19.199,20.248,22.251,24.606,24.757,25.538,27.666,27.265,28.403,28.389,27.29,27.487,26.245,23.647,23.224,23.385,22.641,22.593,24.38,23.68,25.151,23.89,25.272,24.454,22.149,20.707,17.647,16.37,13.311,11.713,9.298,7.607,6.322,5.073,3.385,2.395,2.132,1.376,1.045,0.511,0.557,0.406,0.318,0.18,0.081,0.123,0.062,0.033,0,0,0,0
