"date","Flag","Detector.Status","Classifier.Errors","Communication.Status","Neutralizer.Status","Detector.Inlet.Flow..L.min.","Detector.Counting.Flow..L.min.","Impactor.Flow..L.min.","Impactor.D50..nm.","Sheath.Flow..L.min.","Sheath.Temp..C.","Sheath.Pressure..kPa.","Sheath.Relative.Humidity....","Mean.Free.Path..m.","Gas.Viscosity..Pa.s.","Low.Voltage..V.","High.Voltage..V.","Lower.Size..nm.","Upper.Size..nm.","Wide.Range.Scan.Mode","Scan.Direction","HV.Polarity","DMA.V.Ramping.Up..TUP...s.","DMA.V.Ramping.Down..TDOWN...s.","DMA.Column.transit.time.Tf..s.","DMA.Exit.to.Optical.Detector.Td..s.","DMA.at.Low.Voltage..TLOW...s.","DMA.at.High.Voltage..THIGH...s.","Adjustment..s.","Dilution.Factor","Aerosol.Density..g.cm..","Median..nm.","Mean..nm.","Geo..Mean..nm.","Mode..nm.","Geo..Std..Dev","Total.Concentration....cm..","Aerosol.Humidity....","Aerosol.Temperature..C.","Reserved.1","part_1.04","part_1.11","part_1.20","part_1.29","part_1.38","part_1.49","part_1.60","part_1.72","part_1.84","part_1.98","part_2.13","part_2.29","part_2.46","part_2.64","part_2.84","part_3.05","part_3.28","part_3.52","part_3.79","part_4.07","part_4.37","part_4.70","part_5.05","part_5.42","part_5.83","part_6.26","part_6.73","part_7.23","part_7.77","part_8.35","part_8.98","part_9.65","part_10.37","part_11.14","part_11.97","part_12.86","part_13.82","part_14.86","part_15.96","part_17.15","part_18.43","part_19.81","part_21.29","part_22.88","part_24.58","part_26.42","part_28.39","part_30.51","part_32.78","part_35.23","part_37.86","part_40.68","part_43.71","part_46.98","part_50.48","part_54.25","part_58.29","part_62.64","part_67.32","part_72.34","part_77.74","part_83.54","part_89.77","part_96.47","part_103.66","part_111.40","part_119.71","part_128.64","part_138.24","part_148.55","part_159.63","part_171.54","part_184.34","part_198.10","part_212.88","part_228.76","part_245.82","part_264.16","part_283.87","part_305.05","part_327.81","part_352.27","part_378.55","part_406.79","part_437.14","part_469.76","part_504.81","part_542.47","part_582.94","part_626.43","part_673.17","part_723.39","part_777.37","part_835.36","part_897.69","part_964.66","raw_1.04","raw_1.11","raw_1.20","raw_1.29","raw_1.38","raw_1.49","raw_1.60","raw_1.72","raw_1.84","raw_1.98","raw_2.13","raw_2.29","raw_2.46","raw_2.64","raw_2.84","raw_3.05","raw_3.28","raw_3.52","raw_3.79","raw_4.07","raw_4.37","raw_4.70","raw_5.05","raw_5.42","raw_5.83","raw_6.26","raw_6.73","raw_7.23","raw_7.77","raw_8.35","raw_8.98","raw_9.65","raw_10.37","raw_11.14","raw_11.97","raw_12.86","raw_13.82","raw_14.86","raw_15.96","raw_17.15","raw_18.43","raw_19.81","raw_21.29","raw_22.88","raw_24.58","raw_26.42","raw_28.39","raw_30.51","raw_32.78","raw_35.23","raw_37.86","raw_40.68","raw_43.71","raw_46.98","raw_50.48","raw_54.25","raw_58.29","raw_62.64","raw_67.32","raw_72.34","raw_77.74","raw_83.54","raw_89.77","raw_96.47","raw_103.66","raw_111.40","raw_119.71","raw_128.64","raw_138.24","raw_148.55","raw_159.63","raw_171.54","raw_184.34","raw_198.10","raw_212.88","raw_228.76","raw_245.82","raw_264.16","raw_283.87","raw_305.05","raw_327.81","raw_352.27","raw_378.55","raw_406.79","raw_437.14","raw_469.76","raw_504.81","raw_542.47","raw_582.94","raw_626.43","raw_673.17","raw_723.39","raw_777.37","raw_835.36","raw_897.69","raw_964.66"
2026-09-17,1,"Normal Scan","Normal Scan",0,"ON",1,1,1,734.9,5,16.6,97.6,45.9,0.0000000679343,0.0000180173,4.97,8976.18,8.8,736.5,1,"Up Scan","Positive",254,0,4.37,1.6,8,8,0,1,1,19.443,30.155,21.932,9.647,1.988,4412.97,49,15.2,NA,0,0,0,0,0,0,0,0,0,0,0,0,0,0,0,0,0,0,0,0,0,0,0,0,0,0,0,0,0,0,0,8849.712,8137.903,7751.951,7335.666,6421.63,6225.118,5921.787,6354.012,5987.04,6222.722,6224.057,6411.699,6145.718,5844.655,5510.955,5187.035,4681.251,3802.507,3133.046,2695.233,2406.424,2089.302,1707.583,1548.47,1286.022,1163.681,1124.806,1003.614,885.495,774.239,780.435,631.614,602.103,560.593,531.242,510.632,481.946,460.922,493.838,455.228,479.223,446.615,419.176,366.995,339.85,230.709,178.596,136.21,78.687,76.991,39.1,15.199,28.944,14.664,6.089,9.463,0,5.066,1.726,0,0,0,0,0,0,0,0,0,0,0,0,0,0,0,0,0,0,0,0,0,0,0,0,0,0,0,0,0,0,0,0,0,0,0,0,2.606,3.591,4.8,6.207,7.621,8.443,10.041,11.528,14.549,15.925,18.929,21.429,24.78,26.379,27.656,28.626,29.43,28.861,25.452,22.693,21.001,20.157,18.81,16.579,15.941,14.191,13.759,13.927,13.18,12.484,11.722,12.315,10.998,11.214,11.039,11.06,10.855,10.419,9.85,9.861,8.773,8.591,7.788,6.896,5.986,5.165,3.698,2.72,2.026,1.191,1.102,0.569,0.205,0.435,0.192,0.078,0.118,0,0.061,0.02,0,0.055,0,0,0,0
2026-09-17 00:05:00,1,"Normal Scan","Normal Scan",0,"ON",1,1,1,735.4,5,17.2,97.6,45.8,0.0000000681138,0.0000180463,4.97,8976.18,8.8,736.5,1,"Up Scan","Positive",254,0,4.37,1.6,8,8,0,1,1,19.76,30.223,22.234,10.366,1.971,4604.35,48,15.9,NA,0,0,0,0,0,0,0,0,0,0,0,0,0,0,0,0,0,0,0,0,0,0,0,0,0,0,0,0,0,0,0,8066.844,8171.219,7195.193,7356.02,6824.129,6674.36,6544.122,6690.571,6659.506,6402.807,6899.114,6570.731,6235.912,6336.083,5942.141,5564.87,4843.348,4158.911,3521.88,2995.79,2397.373,2206.269,1870.326,1674.602,1445.948,1415.45,1225.202,1088.11,943.202,892.534,781.601,639.373,587.326,617.827,544.982,534.588,556.057,529.865,536.332,452.429,479.976,425.461,399.207,354.493,294.593,227.721,176.973,148.742,85.049,47.521,30.124,18.235,21.425,7.369,3.031,9.503,6.529,4.034,4.547,1.808,0,0,0,0,0,0,0,0,0,0,0,0,0,0,0,0,0,0,0,0,0,0,0,0,0,0,0,0,0,0,0,0,0,0,0,3.112,3.215,4.849,5.75,7.646,8.969,10.804,12.711,15.29,17.654,19.464,23.768,25.334,26.781,29.994,30.858,31.52,29.852,27.788,25.452,23.343,20.236,19.933,18.087,17.256,15.918,16.414,14.932,14.256,13.357,13.172,12.636,11.297,11.255,11.737,11.23,11.051,11.261,10.68,10.27,8.665,8.525,7.458,6.511,5.576,4.576,3.552,2.659,2.191,1.286,0.715,0.458,0.279,0.283,0.096,0.039,0.118,0.08,0.048,0.053,0.021,0,0,0,0,0
2026-09-17 00:10:00,1,"Normal Scan","Normal Scan",0,"ON",1,1,1,735.2,5,17,97.6,46.3,0.000000068054,0.0000180366,4.97,8976.18,8.8,736.5,1,"Up Scan","Positive",254,0,4.37,1.6,8,8,0,1,1,20.17,31.46,22.747,9.647,2.019,4234.83,48,15.6,NA,0,0,0,0,0,0,0,0,0,0,0,0,0,0,0,0,0,0,0,0,0,0,0,0,0,0,0,0,0,0,0,8629.113,7333.635,6725.224,6615.095,5696.388,5697.602,5795.294,5524.001,5820.911,5687.096,5760.077,5646.582,5542.528,5646.545,5420.634,5345.644,4710.85,3963.386,3335.113,2731.766,2437.45,1992.939,1887.055,1714.623,1522.634,1349.186,1253.352,1107.247,961.228,945.346,721.161,757.112,632.996,666.841,528.377,582.044,579.516,481.681,474.293,457.046,426.997,430.949,405.917,402.441,332.38,256.894,184.941,121.93,87.462,63.536,36.316,27.588,11.418,16.223,10.682,9.436,8.227,0,1.726,0,0,0,0,0,0,0,0,0,0,0,0,0,0,0,0,0,0,0,0,0,0,0,0,0,0,0,0,0,0,0,0,0,0,0,0,2.729,3.499,4.315,5.415,6.903,7.496,9.214,11.23,12.692,15.461,17.293,19.884,21.851,23.86,26.779,28.153,30.322,29.009,26.546,24.175,21.431,20.553,18.15,18.231,17.673,16.755,15.733,15.446,14.668,13.535,13.819,12.009,12.731,11.577,12.418,10.816,11.814,11.786,10.235,9.817,8.764,7.796,7.349,6.838,6.36,5.189,3.905,2.844,1.853,1.296,0.94,0.514,0.373,0.151,0.211,0.136,0.118,0.1,0,0.02,0,0,0,0,0,0
2026-09-17 00:15:00,1,"Normal Scan","Normal Scan",0,"ON",1,1,1,734.9,5,16.6,97.6,46.3,0.0000000679343,0.0000180173,4.97,8976.18,8.8,736.5,1,"Up Scan","Positive",254,0,4.37,1.6,8,8,0,1,1,20.09,31.591,22.604,9.647,2.042,4053.7,50,15.2,NA,0,0,0,0,0,0,0,0,0,0,0,0,0,0,0,0,0,0,0,0,0,0,0,0,0,0,0,0,0,0,0,9412.707,8058.201,6386.733,6090.646,5545.577,5128.494,5222.392,4812.219,5260.669,5258.663,5428.124,5280.914,5356.821,5459.837,5227.673,4877.398,4535.854,3916.514,3142.789,2592.014,2185.292,1905.381,1812.079,1552.229,1375.164,1229.769,1142.922,995.044,906.712,842.789,811.942,687.687,655.368,626.863,652.73,518.011,539.347,544.68,456.252,402.346,421.616,452.347,431.157,386.666,320.641,292.198,208.688,125.153,76.633,59.517,36.791,27.385,15.77,7.821,4.112,4.751,1.629,1.684,5.26,1.808,0,0,0,0,0,0,0,0,0,0,0,0,0,0,0,0,0,0,0,0,0,0,0,0,0,0,0,0,0,0,0,0,0,0,0,2.967,3.846,4.754,5.115,6.349,7.303,8.292,10.158,11.009,13.99,16.021,18.725,20.444,23.041,25.876,27.171,27.664,27.929,26.181,22.767,20.285,18.424,17.299,17.522,16.02,15.247,14.522,14.19,13.326,13.02,12.703,12.964,11.87,11.932,11.728,12.437,11.081,11.4,11.089,9.475,8.256,7.8,7.612,7.065,6.129,5.01,4.426,3.11,1.855,1.123,0.849,0.532,0.41,0.208,0.102,0.052,0.059,0.02,0.02,0.061,0.021,0,0,0,0,0
2026-09-17 00:20:00,1,"Normal Scan","Normal Scan",0,"ON",1,1,1,735.4,5,17.2,97.6,46.1,0.0000000681138,0.0000180463,4.97,8976.18,8.8,736.5,1,"Up Scan","Positive",254,0,4.37,1.6,8,8,0,1,1,20.291,31.652,22.797,9.647,2.031,3966.85,48,15.9,NA,0,0,0,0,0,0,0,0,0,0,0,0,0,0,0,0,0,0,0,0,0,0,0,0,0,0,0,0,0,0,0,8671.296,6892.597,6499.71,5911.229,5525.073,5067.521,5281.727,5089.048,4865.874,5268.822,5363.737,5323.797,5345.946,5296.548,5131.849,4838.789,4509.2,3811.14,3054.456,2581.368,2168.981,1872.718,1718.968,1624.765,1469.28,1337.219,1166.886,1054.773,936.602,839.021,719.601,693.157,623.675,622.746,586.668,534.984,545.412,491.534,460.499,435.557,425.843,435.034,378.982,336.602,349.581,224.157,183.831,151.07,74.89,57.21,29.891,19.567,12.901,13.268,1.522,1.588,0,4.062,1.054,5.343,0,0,0,0,0,0,0,0,0,0,0,0,0,0,0,0,0,0,0,0,0,0,0,0,0,0,0,0,0,0,0,0,0,0,0,2.812,3.563,4.032,5.221,6.144,7.268,8.188,10.255,11.659,12.936,16.045,18.487,20.559,23.008,25.074,26.652,27.428,27.744,25.473,22.142,20.274,18.362,17.014,16.724,16.777,16.077,15.498,14.435,13.907,13.247,12.678,11.733,11.879,11.326,11.722,11.591,11.11,10.99,10.171,9.479,8.219,7.998,7.396,6.211,5.299,5.363,3.406,2.779,2.211,1.075,0.812,0.443,0.314,0.17,0.173,0.019,0.02,0,0.048,0.012,0.062,0,0,0,0,0
2026-09-17 00:25:00,1,"Normal Scan","Normal Scan",0,"ON",1,1,1,735.2,5,17,97.6,46.7,0.000000068054,0.0000180366,4.97,8976.18,8.8,736.5,1,"Up Scan","Positive",254,0,4.37,1.6,8,8,0,1,1,19.84,31.148,22.409,9.647,2.032,4074.05,49,15.6,NA,0,0,0,0,0,0,0,0,0,0,0,0,0,0,0,0,0,0,0,0,0,0,0,0,0,0,0,0,0,0,0,8992.348,8446.359,7275.678,6012.329,5769.996,5615.942,5391.68,4892.335,5094.3,5119.511,5112.033,5031.098,5036.817,5139.384,5197.609,5081.511,4535.532,3892.677,3242.476,2709.12,2317.659,2009.47,1712.692,1571.38,1506.371,1285.567,1170.848,1024.991,994.947,817.941,782.225,725.844,625.581,622.961,516.934,506.272,511.688,488.463,445.002,430.746,406.195,422.53,406.584,353.275,325.327,258.417,171.229,141.661,80.678,48.405,24.067,23.165,14.275,14.726,4.567,7.915,1.615,3.41,3.479,1.808,0,0,0,0,0,0,0,0,0,0,0,0,0,0,0,0,0,0,0,0,0,0,0,0,0,0,0,0,0,0,0,0,0,0,0,2.636,3.671,4.953,5.825,6.255,7.588,9.082,10.446,11.172,13.528,15.597,17.618,19.476,21.691,24.386,27.031,28.831,27.968,25.976,23.452,21.229,19.504,18.211,16.68,16.316,16.493,15.017,14.528,13.617,13.719,12.266,12.485,12.112,11.385,11.678,10.46,10.7,10.678,10.12,9.194,8.262,7.592,7.291,6.609,5.538,5.03,3.914,2.639,2.096,1.2,0.678,0.385,0.335,0.189,0.192,0.058,0.098,0.02,0.04,0.041,0.021,0,0,0,0,0
2026-09-17 00:30:00,1,"Normal Scan","Normal Scan",0,"ON",1,1,1,734.8,5,16.5,97.6,46.7,0.0000000679044,0.0000180125,4.97,8976.18,8.8,736.5,1,"Up Scan","Positive",254,0,4.37,1.6,8,8,0,1,1,19.903,31.042,22.351,9.647,2.029,4053.59,50,15.1,NA,0,0,0,0,0,0,0,0,0,0,0,0,0,0,0,0,0,0,0,0,0,0,0,0,0,0,0,0,0,0,0,9341.176,7566.927,7332.406,6744.205,5733.918,5616.549,5353.23,4934.853,4969.681,4762.357,4571.816,5124.336,5135.943,5331.764,5103.887,5063.28,4628.213,4087.353,3415.976,2705.889,2248.902,1859.75,1724.679,1588.828,1424.643,1190.577,1151.945,1029.551,880.122,824.917,749.851,714.359,670.741,551.824,551.016,500.878,462.311,473.996,425.468,467.719,396.73,395.017,376.823,399.709,338.092,276.665,176.041,129.511,67.923,49.422,36.006,13.33,10.224,5.936,6.115,10.02,4.365,1.698,3.493,1.822,0,0,0,0,0,0,0,0,0,0,0,0,0,0,0,0,0,0,0,0,0,0,0,0,0,0,0,0,0,0,0,0,0,0,0,2.898,3.869,4.436,5.882,7.02,7.541,9.081,10.376,11.271,13.22,14.497,15.844,19.86,22.156,25.308,26.543,28.699,28.479,27.27,24.674,21.167,18.917,16.92,16.672,16.426,15.621,14.103,14.32,13.597,12.408,12.227,12.021,11.878,11.88,10.799,11.058,10.436,9.891,10.14,8.969,9.056,7.297,6.763,6.097,6.293,5.19,4.156,2.639,1.941,1.032,0.723,0.532,0.186,0.151,0.077,0.078,0.125,0.053,0.02,0.041,0.021,0,0,0,0,0
2026-09-17 00:35:00,1,"Normal Scan","Normal Scan",0,"ON",1,1,1,735.2,5,17,97.6,46.4,0.000000068054,0.0000180366,4.97,8976.18,8.8,736.5,1,"Up Scan","Positive",254,0,4.37,1.6,8,8,0,1,1,21.29,33.167,23.644,9.647,2.074,3543.83,49,15.8,NA,0,0,0,0,0,0,0,0,0,0,0,0,0,0,0,0,0,0,0,0,0,0,0,0,0,0,0,0,0,0,0,7746.963,6632.133,5155.539,5270.636,4827.606,4364.619,4148.063,4094.959,4033.469,4133.064,4144.357,4446.487,4684.469,4672.193,4642.181,4687.54,4130.295,3576.152,2992.133,2589.011,2025.991,1896.833,1706.34,1535.156,1395.074,1269.595,1147.798,953.479,946.952,880.296,868.34,775.754,799.582,711.507,613.852,553.481,481.889,479.194,434.327,399.67,411.139,386.914,348.56,361.931,308.098,224.31,166.549,124.042,86.509,49.548,25.451,19.536,18.121,8.941,7.624,1.561,3.258,1.67,0,1.808,0,0,0,0,0,0,0,0,0,0,0,0,0,0,0,0,0,0,0,0,0,0,0,0,0,0,0,0,0,0,0,0,0,0,0,2.263,3.158,3.912,4.11,5.458,6.33,7.03,8.057,9.372,10.748,12.606,14.352,17.2,20.156,22.177,24.172,26.561,25.46,23.936,21.68,20.273,17.192,17.203,16.505,15.925,15.561,15.098,14.59,13.009,13.498,13.254,13.44,12.839,13.482,12.667,11.804,11.02,9.908,9.946,8.863,7.829,7.335,6.749,5.807,5.652,4.714,3.474,2.519,1.834,1.262,0.722,0.349,0.279,0.265,0.115,0.097,0.02,0.04,0.02,0,0.021,0.037,0,0,0,0
2026-09-17 00:40:00,1,"Normal Scan","Normal Scan",0,"ON",1,1,1,735.2,5,17,97.6,47,0.000000068054,0.0000180366,4.97,8976.18,8.8,736.5,1,"Up Scan","Positive",254,0,4.37,1.6,8,8,0,1,1,21.908,33.751,24.082,9.647,2.07,3239.89,49,15.6,NA,0,0,0,0,0,0,0,0,0,0,0,0,0,0,0,0,0,0,0,0,0,0,0,0,0,0,0,0,0,0,0,6560.211,5707.244,5059.201,4174.315,4148.357,3591.681,3918.39,3543.669,3578.139,3953.545,3865.687,4214.5,4114.963,4270.307,4672.076,4463.339,4161.588,3692.938,3006.809,2487.701,1962.548,1684.154,1473.411,1446.98,1244.042,1206.78,1081.03,933.138,851.826,837.026,702.516,712.928,569.339,496.49,518.14,470.828,483.648,398.132,468.904,410.242,402.183,374.453,372.767,364.433,285.263,233.03,181.385,116.441,80.534,34.432,30.139,23.627,9.574,11.768,1.535,4.711,3.285,6.764,3.493,0,0,0,0,0,0,0,0,0,0,0,0,0,0,0,0,0,0,0,0,0,0,0,0,0,0,0,0,0,0,0,0,0,0,0,0,1.67,2.691,3.372,4.048,4.347,5.465,5.826,7.618,8.135,9.531,12.058,13.388,16.359,17.766,20.322,24.305,25.322,25.616,24.625,21.713,19.428,16.605,15.35,14.404,14.921,13.852,14.151,13.488,12.29,11.807,12.405,11.243,11.776,10.444,9.962,10.382,9.765,10.041,8.901,9.201,7.782,7.438,6.474,6.062,5.685,4.431,3.548,2.737,1.711,1.181,0.533,0.459,0.335,0.132,0.153,0.019,0.059,0.04,0.081,0.041,0,0.018,0,0,0,0
2026-09-17 00:45:00,1,"Normal Scan","Normal Scan",0,"ON",1,1,1,734.9,5,16.6,97.6,47.1,0.0000000679343,0.0000180173,4.97,8976.18,8.8,736.5,1,"Up Scan","Positive",254,0,4.37,1.6,8,8,0,1,1,21.91,33.465,23.927,9.647,2.072,3277.96,51,15.1,NA,0,0,0,0,0,0,0,0,0,0,0,0,0,0,0,0,0,0,0,0,0,0,0,0,0,0,0,0,0,0,0,7085.563,5654.669,5848.382,4314.943,3880.138,3920.089,3608.381,3643.06,3624.042,3398.953,3832.763,4093.744,4196.044,4556.561,4456.694,4633.247,4077.053,3734.912,2897.517,2558.483,1940.506,1763.968,1643.333,1455.201,1267.547,1193.74,1127.726,918.842,940.79,821.772,773.568,681.419,562.797,556.881,513.894,494.57,474.928,477.614,435.328,441.94,382.127,401.802,341.788,310.163,274.34,213.967,150.786,108.561,63.831,58.374,25.735,27.779,9.995,5.961,4.58,4.751,3.231,1.712,3.493,0,0,0,0,0,0,0,0,0,0,0,0,0,0,0,0,0,0,0,0,0,0,0,0,0,0,0,0,0,0,0,0,0,0,0,0,1.828,2.863,3.336,4.681,4.517,5.113,6.321,7.02,8.347,9.63,10.403,13.296,15.905,18.124,21.651,23.225,26.249,25.142,24.954,21.002,19.961,16.47,16.047,15.909,15.14,14.131,14.037,13.925,12.177,13.055,12.223,12.261,11.517,10.348,10.692,10.173,10.232,9.622,9.597,8.66,8.287,6.848,6.735,5.63,4.916,4.34,3.212,2.271,1.607,0.962,0.813,0.385,0.391,0.132,0.077,0.058,0.059,0.04,0.02,0.041,0,0,0,0,0,0
2026-09-17 00:50:00,1,"Normal Scan","Normal Scan",0,"ON",1,1,1,735.2,5,17,97.6,46.8,0.000000068054,0.0000180366,4.97,8976.18,8.8,736.5,1,"Up Scan","Positive",254,0,4.37,1.6,8,8,0,1,1,21.761,33.091,23.766,9.647,2.055,3189.58,50,15.7,NA,0,0,0,0,0,0,0,0,0,0,0,0,0,0,0,0,0,0,0,0,0,0,0,0,0,0,0,0,0,0,0,6267.568,5692.142,5134.138,4676.71,4050.658,4324.944,3644.156,3407.81,3388.603,3513.231,3796.571,3966.83,4181.448,4420.98,4358.996,4483.7,4147.578,3430.121,2991.296,2444.851,1945.917,1756.846,1429.642,1355.578,1291.686,1125.948,1014.112,931.571,825.345,718.906,740.293,616.312,636.481,516.478,423.724,512.177,451.682,388.728,379.288,366.913,337.239,371.684,313.358,310.212,249.268,218.787,156.022,144.852,84.618,51.767,25.47,23.549,8.572,10.362,6.102,1.575,3.272,0,0,0,0,0,0,0,0,0,0,0,0,0,0,0,0,0,0,0,0,0,0,0,0,0,0,0,0,0,0,0,0,0,0,0,0,0,0,2.013,2.587,3.395,4.092,4.875,5.337,6.976,7.053,7.832,9.047,10.719,13.149,15.399,18.057,21.008,22.681,25.395,25.567,22.891,21.59,19.111,16.417,15.886,13.985,14.009,14.218,13.293,12.674,12.359,11.408,10.828,11.59,10.425,10.814,9.831,8.716,10.225,9.184,8.379,7.677,7.193,6.517,6.406,5.289,4.896,3.899,3.281,2.37,2.109,1.215,0.74,0.349,0.317,0.113,0.134,0.078,0.02,0.04,0,0,0,0,0,0,0,0
2026-09-17 00:55:00,1,"Normal Scan","Normal Scan",0,"ON",1,1,1,735.2,5,17,97.5,47.4,0.0000000681238,0.0000180366,4.97,8976.18,8.8,736.5,1,"Up Scan","Positive",254,0,4.37,1.6,8,8,0,1,1,22.057,34.075,24.206,9.647,2.083,2968.77,50,15.6,NA,0,0,0,0,0,0,0,0,0,0,0,0,0,0,0,0,0,0,0,0,0,0,0,0,0,0,0,0,0,0,0,5589.117,5390.832,4849.32,4011.82,3673.59,3838.92,3569.894,3361.802,3191.303,3188.407,3189.322,3706.573,3794.577,4033.785,4205.967,3982.641,3728.095,3350.881,2727.644,2143.915,1912.539,1617.687,1540.762,1282.423,1211.137,1056.844,983.075,894.87,855.884,773.502,715.855,618.628,615.07,488.912,474.313,447.963,444.222,430.682,372.904,377.289,367.073,314.797,328.606,337.262,302.007,208.683,183.456,117.002,65.91,53.911,25.393,8.602,15.663,13.243,4.59,4.767,3.258,0,0,3.576,0,0,0,0,0,0,0,0,0,0,0,0,0,0,0,0,0,0,0,0,0,0,0,0,0,0,0,0,0,0,0,0,0,0,0,1.681,2.294,3.179,3.867,4.197,4.806,6.201,6.937,7.694,8.512,9.736,11.055,14.368,16.388,19.158,21.826,22.594,22.965,22.381,19.71,16.825,16.104,14.672,14.925,13.374,13.479,12.47,12.388,11.838,11.977,11.271,11.257,10.557,10.519,9.494,9.631,9.053,9.265,9.136,7.71,7.441,6.808,5.572,5.439,5.252,4.581,3.203,2.759,1.73,0.995,0.758,0.348,0.149,0.208,0.173,0.058,0.059,0.04,0,0,0.041,0,0,0,0,0
2026-09-17 01:00:00,1,"Normal Scan","Normal Scan",0,"ON",1,1,1,734.8,5,16.6,97.5,47.5,0.000000068004,0.0000180173,4.97,8976.18,8.8,736.5,1,"Up Scan","Positive",254,0,4.37,1.6,8,8,0,1,1,21.288,33.613,23.735,9.647,2.093,2978.85,51,15.1,NA,0,0,0,0,0,0,0,0,0,0,0,0,0,0,0,0,0,0,0,0,0,0,0,0,0,0,0,0,0,0,0,6003.983,5588.14,5073.327,4574.398,4227.567,3951.561,3536.919,3357.514,3378.855,3107.805,3251.323,3339.12,3701.49,3759.362,3775.135,3881.635,3619.583,3112.472,2611.443,2166.79,1898.586,1567.709,1481.003,1309.77,1157.446,1025.966,1050.327,889.191,836.255,797.21,735.625,585.765,570.078,550.006,514.245,420.844,424.553,415.21,388.508,355.805,343.941,352.576,369.721,277.081,272.829,229.808,160.496,126.666,67.506,40.142,26.06,15.165,11.539,10.325,12.165,4.711,4.901,1.712,3.451,0,0,0,0,0,0,0,0,0,0,0,0,0,0,0,0,0,0,0,0,0,0,0,0,0,0,0,0,0,0,0,0,0,0,0,0,1.732,2.477,3.28,4.092,4.758,5.567,6.379,6.862,7.682,8.992,9.496,11.254,12.967,15.959,17.876,19.658,22.057,22.297,20.848,18.905,16.952,15.996,14.32,14.4,13.644,12.985,12.158,12.937,11.809,11.762,11.761,11.506,9.753,10.23,10.255,9.902,8.922,9.146,8.474,7.902,7.158,6.454,6.064,5.977,4.422,4.215,3.481,2.483,1.9,1.013,0.578,0.404,0.205,0.17,0.134,0.156,0.059,0.06,0.02,0.041,0,0.019,0,0,0,0
2026-09-17 01:05:00,1,"Normal Scan","Normal Scan",0,"ON",1,1,1,735.2,5,17,97.5,47.2,0.0000000681238,0.0000180366,4.97,8976.18,8.8,736.5,1,"Up Scan","Positive",254,0,4.37,1.6,8,8,0,1,1,20.694,32.845,23.21,9.647,2.092,3153.97,50,15.8,NA,0,0,0,0,0,0,0,0,0,0,0,0,0,0,0,0,0,0,0,0,0,0,0,0,0,0,0,0,0,0,0,7272.28,6510.238,5713.644,5257.009,4265.948,3708.037,3936.29,3530.421,3339.951,3299.236,3293.562,3540.779,3618.957,3854.148,3939.445,3873.365,3626.252,3294.291,2771.952,2305.292,1842.657,1724.691,1517.095,1446.572,1262.467,1159.636,1084.371,916.011,863.787,762.393,737.076,664.284,584.121,530.938,435.763,461.798,443.896,393.832,401.402,395.37,393.198,363.091,339.188,296.522,266.666,231.209,150.754,106.176,74.301,41.379,27.346,22.048,11.43,11.778,4.606,3.136,1.643,1.698,1.74,0,0,0,0,0,0,0,0,0,0,0,0,0,0,0,0,0,0,0,0,0,0,0,0,0,0,0,0,0,0,0,0,0,0,0,0,2.531,2.964,3.841,4.578,5.463,5.575,5.969,7.621,8.072,8.906,10.068,11.413,13.748,15.629,18.343,20.521,21.992,22.375,22.035,20.089,18.058,15.649,15.644,14.759,14.904,14.025,13.659,13.355,12.171,11.944,11.279,11.45,11.09,10.375,10.007,9.158,9.589,9.177,8.281,8.132,7.561,7.043,6.268,5.555,4.665,4.137,3.507,2.278,1.578,1.06,0.596,0.403,0.298,0.151,0.153,0.058,0.039,0.02,0.02,0.02,0,0,0,0,0,0
2026-09-17 01:10:00,1,"Normal Scan","Normal Scan",0,"ON",1,1,1,735.2,5,17,97.5,47.7,0.0000000681238,0.0000180366,4.97,8976.18,8.8,736.5,1,"Up Scan","Positive",254,0,4.37,1.6,8,8,0,1,1,20.534,32.914,23.2,10.366,2.099,3175.38,50,15.7,NA,0,0,0,0,0,0,0,0,0,0,0,0,0,0,0,0,0,0,0,0,0,0,0,0,0,0,0,0,0,0,0,6970.525,7132.728,5920.486,5170.922,4407.292,3773.243,3961.997,3470.028,3210.007,3438.311,3385.478,3302.22,3681.126,3854.103,3916.062,3925.524,3640.525,3129.864,2705.221,2243.879,1916.829,1675.194,1541.786,1398.048,1211.925,1161.622,1142.486,976.715,935.129,860.492,760.848,683.539,636.296,573.105,483.928,441.156,457.359,449.567,369.807,392.031,365.954,338.147,331.498,292.641,297.678,210.214,149.203,102.037,76.81,44.156,37.507,19.261,5.715,10.337,12.191,4.759,3.244,3.368,0,0,0,0,0,0,0,0,0,0,0,0,0,0,0,0,0,0,0,0,0,0,0,0,0,0,0,0,0,0,0,0,0,0,0,0,0,2.586,2.851,4.172,4.709,5.378,5.771,6.119,7.662,7.96,8.548,10.497,11.697,12.833,15.888,18.326,20.405,22.291,22.462,20.976,19.601,17.581,16.22,15.333,15.047,14.6,13.627,13.613,14.21,12.941,13.026,12.381,11.84,11.43,10.989,10.669,9.625,9.082,9.357,9.079,7.755,7.435,6.73,5.848,5.427,4.702,4.645,3.146,2.27,1.537,1.155,0.65,0.513,0.261,0.076,0.134,0.155,0.059,0.04,0.04,0,0,0,0,0,0,0
2026-09-17 01:15:00,1,"Normal Scan","Normal Scan",0,"ON",1,1,1,734.8,5,16.6,97.5,47.8,0.000000068004,0.0000180173,4.97,8976.18,8.8,736.5,1,"Up Scan","Positive",254,0,4.37,1.6,8,8,0,1,1,20.795,33.248,23.464,9.647,2.1,2979.69,51,15.2,NA,0,0,0,0,0,0,0,0,0,0,0,0,0,0,0,0,0,0,0,0,0,0,0,0,0,0,0,0,0,0,0,6560.787,6143.153,5097.085,4646.728,4176.784,3720.586,3623.666,3469.002,3310.488,3088.988,3315.642,3243.068,3629.961,3667.917,3769.759,3586.178,3225.572,2933.407,2509.662,2051.841,1826.425,1496.514,1469.205,1384.219,1298.45,1151.713,1049.882,980.38,903.663,774.241,730.211,655.572,564.281,523.274,533.232,468.507,422.124,404.207,406.831,357.231,349.691,364.06,293.009,297.491,224.363,220.975,157.84,81.891,58.512,43.039,20.291,26.211,12.769,10.35,6.128,6.339,3.244,3.382,0,0,0,0,0,0,0,0,0,0,0,0,0,0,0,0,0,0,0,0,0,0,0,0,0,0,0,0,0,0,0,0,0,0,0,0,0,2.334,2.686,3.613,4.06,4.876,5.486,6.03,7.024,7.934,8.786,9.451,11.456,12.57,15.654,17.456,19.615,20.387,19.905,19.665,18.261,16.177,15.476,13.762,14.4,14.425,14.293,13.549,13.058,12.811,12.571,11.513,11.412,10.854,10.137,9.754,10.145,9.533,8.641,8.306,7.974,6.908,6.36,6.032,4.874,4.621,3.609,3.355,2.392,1.224,0.901,0.619,0.294,0.354,0.17,0.134,0.078,0.079,0.04,0.04,0,0,0,0,0,0,0
2026-09-17 01:20:00,1,"Normal Scan","Normal Scan",0,"ON",1,1,1,735,5,16.8,97.5,47.5,0.0000000680639,0.000018027,4.97,8976.18,8.8,736.5,1,"Up Scan","Positive",254,0,4.37,1.6,8,8,0,1,1,20.381,32.658,23.117,9.647,2.09,3007.11,51,15.4,NA,0,0,0,0,0,0,0,0,0,0,0,0,0,0,0,0,0,0,0,0,0,0,0,0,0,0,0,0,0,0,0,6432.721,6259.441,5814.909,5001.739,4381.907,3898.718,3677.79,3334.543,3323.435,3011.271,3372.905,3310.733,3482.108,3585.965,3754.52,3492.841,3353.35,2855.599,2430.598,2212.726,1835.595,1525.616,1545.298,1274.188,1279.152,1079.501,1031.404,930.033,864.383,782.37,799.006,674.291,597.091,491.834,506.927,442.988,368.283,344.943,361.221,388.734,332.144,309.166,325.639,276.053,245.915,200.135,148.648,103.775,49.833,52.411,31.211,9.405,7.271,8.853,3.031,3.163,3.258,3.34,0,3.603,0,0,0,0,0,0,0,0,0,0,0,0,0,0,0,0,0,0,0,0,0,0,0,0,0,0,0,0,0,0,0,0,0,0,0,2.2,2.635,3.64,4.672,5.186,5.738,6.28,7.149,7.632,8.858,9.204,11.654,12.837,15.022,17.033,19.568,19.858,20.682,19.182,17.639,17.377,15.52,13.924,15.015,13.321,14.173,12.96,12.819,12.218,12.127,11.427,12.081,10.745,10.352,9.391,9.78,8.845,8.018,7.383,7.301,7.312,6.149,5.237,5.367,4.392,3.767,3.029,2.228,1.538,0.746,0.776,0.428,0.143,0.113,0.115,0.039,0.039,0.04,0.04,0,0.041,0.019,0,0,0,0
2026-09-17 01:25:00,1,"Normal Scan","Normal Scan",0,"ON",1,1,1,735.2,5,17.1,97.5,48,0.0000000681537,0.0000180415,4.97,8976.18,8.8,736.5,1,"Up Scan","Positive",254,0,4.37,1.6,8,8,0,1,1,19.125,31.741,22.379,9.647,2.083,3006.34,51,15.7,NA,0,0,0,0,0,0,0,0,0,0,0,0,0,0,0,0,0,0,0,0,0,0,0,0,0,0,0,0,0,0,0,7512.003,6484.779,5154.816,5263.39,4743.617,4062.45,4155.72,3776.776,3471.013,3470.277,3216.837,3246.069,3347.424,3315.594,3533.364,3332.183,2980.761,2766.38,2181.962,2011.839,1749.186,1490.457,1329.587,1280.414,1137.466,1030.772,1027.359,861.955,780.837,723.659,700.404,569.87,546.605,473.444,456.066,415.445,415.595,381.309,345.385,349.978,356.141,326.175,296.879,270.335,245.02,179.423,165.423,96.655,54.626,37.886,28.077,12.349,16.005,5.936,9.19,1.602,1.629,3.34,1.74,1.409,0,0,0,0,0,0,0,0,0,0,0,0,0,0,0,0,0,0,0,0,0,0,0,0,0,0,0,0,0,0,0,0,0,0,0,2.586,3.112,3.823,4.123,5.468,6.234,6.559,8.07,8.65,9.202,10.558,11.103,12.572,14.418,15.735,18.391,18.955,18.417,18.54,15.903,15.797,14.775,13.644,12.965,13.335,12.589,12.169,12.652,11.372,10.887,10.731,10.816,9.721,9.582,8.99,9.072,8.541,8.494,7.839,7.085,6.708,6.453,5.55,4.8,4.311,3.762,2.797,2.467,1.462,0.816,0.563,0.4,0.168,0.246,0.077,0.117,0.02,0.02,0.04,0.02,0.016,0.023,0,0,0,0
2026-09-17 01:30:00,1,"Normal Scan","Normal Scan",0,"ON",1,1,1,734.9,5,16.7,97.5,48.2,0.0000000680339,0.0000180222,4.97,8976.18,8.8,736.5,1,"Up Scan","Positive",254,0,4.37,1.6,8,8,0,1,1,19.819,31.97,22.697,9.647,2.07,2764.8,52,15.2,NA,0,0,0,0,0,0,0,0,0,0,0,0,0,0,0,0,0,0,0,0,0,0,0,0,0,0,0,0,0,0,0,6209.873,5162.593,5001.399,4831.646,4206.788,4322.496,3598.569,3434.105,3258.166,2809.957,2869.113,3324.837,3175.243,3305.446,3349.391,3175.739,2937.478,2615.968,2289.532,1875.72,1668.797,1348.78,1288.934,1107.398,1025.423,933.514,913.098,820.83,743.781,706.044,613.902,560.464,501.622,419.706,422.233,382.16,366.034,345.534,324.263,300.595,285.59,324.855,255.024,255.081,223.144,164.602,152.691,95.678,46.71,51.967,21.423,22.014,4.742,4.452,15.222,0,1.615,1.67,0,0,0,0,0,0,0,0,0,0,0,0,0,0,0,0,0,0,0,0,0,0,0,0,0,0,0,0,0,0,0,0,0,0,0,0,0,1.94,2.527,3.05,3.998,5.023,5.516,6.984,6.993,7.872,8.66,8.559,9.934,12.871,13.695,15.718,17.446,18.061,18.123,17.522,16.573,14.695,14.063,12.339,12.59,11.578,11.463,11.071,11.317,10.779,10.359,10.246,9.587,9.112,8.956,8.004,8.134,7.975,7.542,7.106,6.605,6.005,5.387,5.351,4.307,4.083,3.495,2.459,2.295,1.461,0.687,0.74,0.294,0.298,0.076,0.058,0.194,0,0.02,0.02,0,0,0.019,0,0,0,0
2026-09-17 01:35:00,1,"Normal Scan","Normal Scan",0,"ON",1,1,1,734.9,5,16.7,97.5,48.1,0.0000000680339,0.0000180222,4.97,8976.18,8.8,736.5,1,"Up Scan","Positive",254,0,4.37,1.6,8,8,0,1,1,19.504,31.39,22.417,9.647,2.056,2842.84,52,15.3,NA,0,0,0,0,0,0,0,0,0,0,0,0,0,0,0,0,0,0,0,0,0,0,0,0,0,0,0,0,0,0,0,6365.321,5942.559,5036.21,4882.594,4524.535,4105.206,3669.289,3506.5,3189.491,3365.98,3348.862,3147.119,3428.519,3373.139,3251.823,3110.706,3064.872,2670.962,2328.558,2053.399,1580.783,1373.679,1263.001,1140.605,1146.706,976.825,849.981,815.424,705.947,615.649,564.68,542.889,495.56,468.159,412.824,418.629,389.519,358.51,378.245,313.556,326.377,238.523,258.296,232.08,172,161.936,133.499,89.203,65.873,44.871,18.736,19.425,11.358,7.345,4.606,4.767,3.258,0,0,1.795,0,0,0,0,0,0,0,0,0,0,0,0,0,0,0,0,0,0,0,0,0,0,0,0,0,0,0,0,0,0,0,0,0,0,0,2.378,2.618,3.487,4.042,5.1,5.928,6.645,7.108,8.007,8.481,10.243,11.558,12.199,14.766,16.024,16.966,17.687,18.907,17.884,16.866,16.085,13.374,12.508,12.293,11.859,12.497,11.417,10.645,10.773,9.929,9.275,9.042,9.151,8.933,8.643,8.127,7.966,7.813,7.187,7.032,6.027,5.91,4.303,4.268,3.703,2.75,2.481,1.979,1.333,0.995,0.632,0.257,0.279,0.151,0.096,0.058,0.059,0.04,0,0,0.021,0,0,0,0,0
2026-09-17 01:40:00,1,"Normal Scan","Normal Scan",0,"ON",1,1,1,735.2,5,17.1,97.4,48.5,0.0000000682237,0.0000180415,4.97,8976.18,8.8,736.5,1,"Up Scan","Positive",254,0,4.37,1.6,8,8,0,1,1,19.542,31.499,22.468,10.366,2.053,2745.46,51,15.8,NA,0,0,0,0,0,0,0,0,0,0,0,0,0,0,0,0,0,0,0,0,0,0,0,0,0,0,0,0,0,0,0,5882.864,5974.865,4760.759,4310.994,4168.484,4087.428,3777.537,3471.047,3422.268,3170.835,3054.972,2895.684,3245.733,3313.524,3369.197,3312.545,2980.264,2690.181,2238.307,1894.754,1580.316,1437.566,1206.735,1015.219,912.089,854.293,847.878,724.324,732.056,604.831,533.066,530.971,481.768,431.962,369.912,345.857,393.472,328.478,390.296,324.462,324.084,282.786,217.432,223.823,193.837,166.551,112.484,62.415,56.875,47.603,18.709,16.778,17.181,13.256,18.333,3.163,8.104,1.67,0,1.781,0,0,0,0,0,0,0,0,0,0,0,0,0,0,0,0,0,0,0,0,0,0,0,0,0,0,0,0,0,0,0,0,0,0,0,1.868,2.386,3.532,3.805,4.474,5.499,6.618,7.302,7.944,9.055,9.656,10.542,11.235,13.989,15.734,17.543,18.8,18.389,17.966,16.154,14.764,13.293,13.006,11.726,10.647,10.19,10.013,10.56,9.717,10.005,9.015,8.594,8.866,8.722,8.196,7.556,7.216,7.534,6.617,7.36,6.185,5.653,4.864,3.776,3.594,3.059,2.621,1.753,1.05,0.886,0.686,0.257,0.242,0.227,0.172,0.233,0.039,0.1,0.02,0,0.021,0,0,0,0,0
2026-09-17 01:45:00,1,"Normal Scan","Normal Scan",0,"ON",1,1,1,735,5,16.8,97.5,48.8,0.0000000680639,0.000018027,4.97,8976.18,8.8,736.5,1,"Up Scan","Positive",254,0,4.37,1.6,8,8,0,1,1,19.465,31.176,22.377,9.647,2.038,2672.03,52,15.4,NA,0,0,0,0,0,0,0,0,0,0,0,0,0,0,0,0,0,0,0,0,0,0,0,0,0,0,0,0,0,0,0,5833.576,5118.084,4468.956,4675.111,4442.685,3894.353,3740.875,3428.664,3265.903,3156.873,3020.261,3116.146,3064.13,3022.866,3192.513,3088.424,2899.606,2648.154,2231.003,1910.215,1647.334,1414.84,1255.241,997.177,959.905,866.726,739.973,613.111,611.145,570.497,538.462,483.608,456.685,435.752,352.698,367.43,320.357,306.343,294.17,321.766,311.812,258.082,255.334,228.691,174.672,155.502,111.265,65.189,56.474,28.926,21.876,17.977,8.87,10.312,12.282,11.051,1.615,3.368,0,0,0,0,0,0,0,0,0,0,0,0,0,0,0,0,0,0,0,0,0,0,0,0,0,0,0,0,0,0,0,0,0,0,0,0,0,1.608,2.355,2.998,3.561,4.903,5.809,6.292,7.264,7.846,8.664,9.613,10.438,12.053,13.251,14.389,16.641,17.584,17.923,17.735,16.094,14.9,13.846,12.711,12.035,10.346,10.578,10.178,9.302,8.316,8.642,8.51,8.539,8.078,8.045,8.139,7.255,7.313,6.712,6.297,5.873,6.005,5.444,4.496,4.173,3.635,2.819,2.379,1.72,1.049,0.9,0.422,0.312,0.242,0.132,0.134,0.155,0.138,0.02,0.04,0,0,0.019,0,0,0,0
2026-09-17 01:50:00,1,"Normal Scan","Normal Scan",0,"ON",1,1,1,734.8,5,16.6,97.4,48.7,0.0000000680738,0.0000180173,4.97,8976.18,8.8,736.5,1,"Up Scan","Positive",254,0,4.37,1.6,8,8,0,1,1,19.304,30.876,22.175,9.647,2.036,2672.65,53,15.1,NA,0,0,0,0,0,0,0,0,0,0,0,0,0,0,0,0,0,0,0,0,0,0,0,0,0,0,0,0,0,0,0,5764.322,5673.927,4929.441,4777.094,4410.057,3656.606,3549.533,3322.615,3207.152,3077.826,3082.305,2853.824,3125.199,3084.711,3114.186,3095.378,2813.318,2580.632,2253.809,2062.664,1689.214,1431.099,1275.979,1056.021,857.838,802.909,726.317,663.078,645.459,527.97,520.245,442.195,423.095,360.991,365.967,333.736,344.613,329.686,303.752,312.741,277.504,258.718,258.507,211.689,170.071,148.558,102.615,84.724,26.259,37.956,34.732,22.161,9.924,14.801,7.611,4.778,4.887,1.684,0,0,0,0,0,0,0,0,0,0,0,0,0,0,0,0,0,0,0,0,0,0,0,0,0,0,0,0,0,0,0,0,0,0,0,0,0,1.464,2.351,3.368,3.954,4.976,5.8,5.94,6.878,7.591,8.524,9.369,10.647,11.073,13.458,14.653,16.274,17.629,17.418,17.293,16.274,15.993,14.128,12.845,12.246,10.931,9.487,9.482,9.055,8.812,8.916,7.923,8.286,7.644,7.645,7.132,7.167,6.827,7.045,6.578,5.899,5.925,5.021,4.308,4.244,3.491,2.759,2.281,1.636,1.259,0.444,0.56,0.477,0.298,0.132,0.192,0.097,0.059,0.06,0.02,0,0,0,0,0,0,0
2026-09-17 01:55:00,1,"Normal Scan","Normal Scan",0,"ON",1,1,1,735.2,5,17.1,97.4,48.9,0.0000000682237,0.0000180415,4.97,8976.18,8.8,736.5,1,"Up Scan","Positive",254,0,4.37,1.6,8,8,0,1,1,18.591,29.733,21.487,9.647,2.015,2791.34,52,15.8,NA,0,0,0,0,0,0,0,0,0,0,0,0,0,0,0,0,0,0,0,0,0,0,0,0,0,0,0,0,0,0,0,6845.555,6252.19,5311.449,4981.544,4441.929,4128.743,3842.64,3541.42,3384.551,3218.61,3241.405,3182.288,3047.683,3066.713,3228.441,3213.841,3117.812,2577.851,2125.941,1898.813,1683.02,1385.005,1175.165,1048.253,905.261,752.197,704.341,643.357,604.393,535.361,507.847,426.33,423.117,359.409,411.649,297.173,299.108,315.408,319.96,269.476,244.328,234.225,249.688,208.079,168.028,145.033,123.112,86.776,38.708,26.962,18.186,17.964,17.228,11.846,6.076,4.765,1.615,3.41,1.726,0,0,0,0,0,0,0,0,0,0,0,0,0,0,0,0,0,0,0,0,0,0,0,0,0,0,0,0,0,0,0,0,0,0,0,0,2.021,2.803,3.654,4.242,5.154,5.847,6.678,7.416,8.085,8.955,9.788,11.189,12.318,13.113,14.568,16.812,18.264,19.225,17.213,15.383,14.801,14.025,12.422,11.351,10.761,9.981,8.946,8.766,8.493,8.551,8.046,7.824,7.274,7.713,6.892,7.641,6.156,6.375,6.361,6.076,5.215,4.681,4.055,4.033,3.271,2.677,2.282,1.925,1.277,0.602,0.379,0.293,0.242,0.227,0.153,0.078,0.059,0.02,0.04,0.02,0,0,0,0,0,0
2026-09-17 02:00:00,1,"Normal Scan","Normal Scan",0,"ON",1,1,1,735.5,5,17.6,97.4,48.9,0.0000000683736,0.0000180656,4.97,8976.18,8.8,736.5,1,"Up Scan","Positive",254,0,4.37,1.6,8,8,0,1,1,18.331,29.638,21.357,9.647,2.022,2781.48,50,16.4,NA,0,0,0,0,0,0,0,0,0,0,0,0,0,0,0,0,0,0,0,0,0,0,0,0,0,0,0,0,0,0,0,7106.028,6644.116,5456.562,4584.419,4640.916,4147.525,3655.075,3516.311,3443.008,3240.909,3176.299,3135.538,3133.149,3020.164,2887.675,2944.665,2952.111,2555.007,2191.834,1833.016,1625.893,1375.863,1193.243,1055.178,886.813,799.093,740.607,666.74,625.689,568.496,529.909,401.016,394.507,368.517,352.42,333.859,346.093,286.709,308.085,282.466,240.515,250.283,221.862,224.985,194.607,141.608,107.97,77.367,51.084,29.626,15.268,11.177,12.877,2.955,0,9.503,8.213,0,0,1.795,0,0,0,0,0,0,0,0,0,0,0,0,0,0,0,0,0,0,0,0,0,0,0,0,0,0,0,0,0,0,0,0,0,0,0,1.691,2.925,3.878,4.379,4.78,6.124,6.698,7.113,8.016,9.159,9.845,10.942,12.139,13.493,14.381,15.061,16.732,18.2,17.089,15.85,14.261,13.647,12.383,11.501,10.914,9.834,9.433,9.063,8.767,8.693,8.405,8.35,6.966,7.048,7.189,6.777,6.804,6.888,6.027,6.009,5.399,4.363,4.373,3.645,3.477,3.026,2.209,1.586,1.135,0.817,0.461,0.209,0.167,0.17,0.038,0,0.118,0.1,0,0,0.021,0,0,0,0,0
2026-09-17 02:05:00,1,"Normal Scan","Normal Scan",0,"ON",1,1,1,736.1,5,18.4,97.4,48.8,0.0000000686136,0.0000181041,4.97,8976.18,8.8,736.5,1,"Up Scan","Positive",254,0,4.37,1.6,8,8,0,1,1,17.932,29.734,21.192,9.647,2.032,2422.06,48,17.3,NA,0,0,0,0,0,0,0,0,0,0,0,0,0,0,0,0,0,0,0,0,0,0,0,0,0,0,0,0,0,0,0,6387.153,5701.136,4454.585,4302.804,4387.099,3713.373,3417.161,3228.524,2868.641,2813.549,2669.599,2554.769,2628.525,2605.609,2711.886,2539.009,2346.748,2246.336,1796.8,1626.039,1290.939,1200.009,982.868,934.421,780.931,659.444,583.348,565.718,497.148,421.544,372.701,352.051,310.552,328.704,272.269,293.352,239.062,267.736,319.673,238.01,281.453,243.078,253.92,194.36,147.231,157.655,118.172,57.226,33.382,29.933,17.571,17.751,9.983,8.841,9.225,7.955,6.555,1.684,0,0,0,0,0,0,0,0,0,0,0,0,0,0,0,0,0,0,0,0,0,0,0,0,0,0,0,0,0,0,0,0,0,0,0,0,0,1.608,2.612,3.338,3.561,4.47,5.72,5.973,6.612,7.347,7.597,8.544,9.192,9.873,11.33,12.359,14.119,14.405,14.505,14.983,13.018,12.646,10.82,10.761,9.475,9.599,8.47,7.667,7.261,7.415,6.928,6.471,6.02,6.101,6.111,6.272,5.857,6.156,5.488,5.467,6.066,4.712,5.035,4.058,4.062,3.102,2.392,2.431,1.785,0.89,0.568,0.469,0.24,0.239,0.132,0.115,0.116,0.098,0.08,0.02,0,0,0,0,0,0,0
2026-09-17 02:10:00,1,"Normal Scan","Normal Scan",0,"ON",1,1,1,736.6,5,19,97.4,48.4,0.0000000687936,0.0000181329,4.97,8976.18,8.8,736.5,1,"Up Scan","Positive",254,0,4.37,1.6,8,8,0,1,1,18.051,31.031,21.444,9.647,2.097,1841.01,46,18.1,NA,0,0,0,0,0,0,0,0,0,0,0,0,0,0,0,0,0,0,0,0,0,0,0,0,0,0,0,0,0,0,0,5246.277,4954.133,3702.56,3092.801,2828.501,2269.481,2547.918,2315.803,2090.874,2112.156,2114.809,1975.641,2030.938,1897.632,1711.635,1952.29,1703.267,1611.424,1407.342,1287.456,1018.383,935.617,869.446,641.729,596.536,507.404,435.714,362.679,330.076,324.764,286.06,256.854,266.157,259.942,244.201,253.65,231.869,216.077,300.785,212.53,252.162,238.213,207.623,219.042,160.628,139.005,116.33,63.381,38.291,20.518,12.201,15.342,8.479,3.379,2.643,4.751,1.629,0,3.493,1.822,0,0,0,0,0,0,0,0,0,0,0,0,0,0,0,0,0,0,0,0,0,0,0,0,0,0,0,0,0,0,0,0,0,0,0,1.266,2.126,2.902,2.924,3.226,3.688,3.663,4.927,5.292,5.508,6.4,7.27,7.619,8.738,9.026,8.953,11.085,10.534,10.8,10.155,9.997,8.506,8.356,8.206,6.581,6.497,5.9,5.467,4.928,4.817,5.09,4.842,4.68,5.306,5.293,5.317,5.52,5.109,4.897,5.681,4.293,4.524,4.039,3.348,3.405,2.525,2.116,1.726,0.942,0.603,0.288,0.183,0.223,0.132,0.044,0.033,0.059,0.02,0,0.041,0.021,0.018,0,0,0,0
2026-09-17 02:15:00,1,"Normal Scan","Normal Scan",0,"ON",1,1,1,736.2,5,18.5,97.4,48.2,0.0000000686436,0.0000181089,4.97,8976.18,8.8,736.5,1,"Up Scan","Positive",254,0,4.37,1.6,8,8,0,1,1,18.461,32.549,22.167,9.647,2.138,1566.1,47,17.4,NA,0,0,0,0,0,0,0,0,0,0,0,0,0,0,0,0,0,0,0,0,0,0,0,0,0,0,0,0,0,0,0,4342.191,3609.477,3287.38,2425.962,2647.438,2146.175,2042.55,1758.845,1826.833,1933.739,1512.826,1602.825,1619.43,1536.354,1609.532,1550.479,1472.216,1367.1,1214.241,1095.668,985.606,846.863,758.739,701.921,482.325,513.298,409.638,385.476,340.739,309.068,322.723,243.392,249.685,251.498,222.459,202.435,228.861,223.31,225.991,205.268,203.11,217.721,221.519,165.314,184.404,112.334,95.412,74.409,36.724,24.057,19.87,8.847,11.615,11.871,7.611,4.751,3.244,0,0,1.822,0,0,0,0,0,0,0,0,0,0,0,0,0,0,0,0,0,0,0,0,0,0,0,0,0,0,0,0,0,0,0,0,0,0,0,1.329,1.768,2.119,2.633,2.513,3.448,3.463,3.954,3.979,4.811,5.848,5.218,6.19,6.968,7.322,8.399,8.836,9.123,9.192,8.825,8.522,8.246,7.591,7.272,7.132,5.409,5.924,5.132,5.093,4.973,4.707,5.16,4.513,4.803,5.038,4.729,4.632,5.09,4.74,4.771,3.985,3.795,3.712,3.595,2.657,2.839,1.756,1.514,1.118,0.58,0.338,0.272,0.119,0.17,0.153,0.097,0.059,0.04,0,0,0.021,0,0,0,0,0
2026-09-17 02:20:00,1,"Normal Scan","Normal Scan",0,"ON",1,1,1,735.8,5,17.9,97.4,47.5,0.0000000684636,0.00001808,4.97,8976.18,8.8,736.5,1,"Up Scan","Positive",254,0,4.37,1.6,8,8,0,1,1,18.771,32.887,22.408,9.647,2.133,1429.62,49,16.5,NA,0,0,0,0,0,0,0,0,0,0,0,0,0,0,0,0,0,0,0,0,0,0,0,0,0,0,0,0,0,0,0,3809.126,2636.373,2819.463,2600.344,2061.008,2154.287,1821.545,1958.034,1792.711,1660.331,1716.485,1684.777,1556.713,1487.627,1385.324,1297.894,1345.069,1227.392,1083.791,975.038,838.06,857.576,650.127,557.658,565.534,384.371,367.021,298.401,330.359,265.712,244.279,250.5,238.827,227.491,222.629,204.63,238.371,195.066,208.504,224.686,219.98,213.442,171.438,156.381,137.737,107.59,96.922,58.498,39.117,30.057,27.843,17.013,11.406,2.943,7.624,1.562,3.258,0,0,1.795,0,0,0,0,0,0,0,0,0,0,0,0,0,0,0,0,0,0,0,0,0,0,0,0,0,0,0,0,0,0,0,0,0,0,0,1.141,1.558,1.552,2.264,2.688,2.678,3.508,3.539,4.484,4.744,5.033,5.885,6.49,6.687,7.067,7.247,7.405,8.373,8.24,7.862,7.635,6.978,7.638,6.196,5.772,6.104,4.53,4.665,4.106,4.749,4.185,4.213,4.508,4.566,4.632,4.812,4.585,4.898,4.152,4.249,4.289,4.095,3.633,2.832,2.583,2.236,1.682,1.443,0.908,0.568,0.433,0.38,0.247,0.151,0.038,0.097,0.02,0.04,0,0,0.021,0,0,0,0,0
2026-09-17 02:25:00,1,"Normal Scan","Normal Scan",0,"ON",1,1,1,735.4,5,17.4,97.4,47.3,0.0000000683137,0.0000180559,4.97,8976.18,8.8,736.5,1,"Up Scan","Positive",254,0,4.37,1.6,8,8,0,1,1,17.3,31.456,21.279,9.647,2.129,1433.88,51,16,NA,0,0,0,0,0,0,0,0,0,0,0,0,0,0,0,0,0,0,0,0,0,0,0,0,0,0,0,0,0,0,0,4504.543,3250.853,3148.613,2631.623,2295.303,2256.663,1889.387,1909.09,1760.085,1631.207,1604.331,1440.105,1389.482,1423.933,1289.393,1178.03,1232.341,970.223,979.813,914.059,849.372,755.658,611.022,591.25,483.446,433.516,351.554,277.324,243.401,260.807,248.216,204.589,228.784,223.969,172.64,193.03,212.062,213.722,195.211,190.239,200.095,216.059,177.601,128.196,127.324,116.021,93.267,53.469,32.409,24.109,20.189,14.322,8.585,5.91,6.076,7.901,3.313,3.354,3.507,3.576,0,0,0,0,0,0,0,0,0,0,0,0,0,0,0,0,0,0,0,0,0,0,0,0,0,0,0,0,0,0,0,0,0,0,0,1.361,1.828,1.916,2.526,2.738,3.013,3.638,3.667,4.356,4.645,4.939,5.511,5.579,5.974,6.762,6.75,6.743,7.65,6.558,7.137,7.145,7.109,6.755,5.811,5.963,5.28,5.039,4.374,3.873,3.647,4.011,4.139,3.952,4.426,4.461,3.854,4.452,4.574,4.206,3.954,3.863,3.638,3.63,2.926,2.166,2.043,1.809,1.436,0.862,0.497,0.397,0.293,0.242,0.113,0.077,0.078,0.098,0.04,0.04,0.041,0.041,0,0,0,0,0
2026-09-17 02:30:00,1,"Normal Scan","Normal Scan",0,"ON",1,1,1,735.1,5,17,97.4,47.5,0.0000000681937,0.0000180366,4.97,8976.18,8.8,736.5,1,"Up Scan","Positive",254,0,4.37,1.6,8,8,0,1,1,17.189,32.35,21.561,10.366,2.161,1287.15,52,15.7,NA,0,0,0,0,0,0,0,0,0,0,0,0,0,0,0,0,0,0,0,0,0,0,0,0,0,0,0,0,0,0,0,3204.665,3477.288,2660,2509.164,2175.709,2099.041,1865.549,1717.18,1737.44,1490.902,1433.344,1280.451,1188.791,1110.338,1023.009,1035.135,1094.684,958.455,829.198,744.034,684.79,700.164,541.385,495.619,431.556,329,316.103,246.952,248.871,216.351,219.43,213.174,210.294,210.62,229.592,235.073,205.136,204.587,210.838,212.061,202.81,191.467,160.622,151.925,115.772,98.649,77.419,45.231,45.426,28.165,20.388,20.796,11.406,13.317,1.522,4.778,3.285,0,0,0,0,0,0,0,0,0,0,0,0,0,0,0,0,0,0,0,0,0,0,0,0,0,0,0,0,0,0,0,0,0,0,0,0,0,0,1.194,1.283,2.069,2.121,2.613,2.861,3.38,3.601,3.927,4.577,4.519,4.929,4.96,5.116,5.299,5.355,5.924,6.816,6.442,6.039,5.84,5.739,6.234,5.161,5.038,4.706,3.947,4.017,3.481,3.768,3.672,3.875,3.919,4.194,4.434,4.657,4.845,4.36,4.171,4.124,4.028,3.629,3.365,2.763,2.426,1.931,1.554,1.238,0.664,0.693,0.411,0.279,0.279,0.151,0.172,0.019,0.059,0.04,0,0,0,0,0,0,0,0
2026-09-17 02:35:00,1,"Normal Scan","Normal Scan",0,"ON",1,1,1,734.8,5,16.7,97.4,47.8,0.0000000681038,0.0000180222,4.97,8976.18,8.8,736.5,1,"Up Scan","Positive",254,0,4.37,1.6,8,8,0,1,1,16.723,32.156,21.295,9.647,2.165,1252.87,53,15.3,NA,0,0,0,0,0,0,0,0,0,0,0,0,0,0,0,0,0,0,0,0,0,0,0,0,0,0,0,0,0,0,0,3346.508,3073.776,2569.344,2676.928,2619.517,2125.198,1903.841,1527.472,1534.126,1340.856,1485.894,1233.95,1128.216,1013.395,945.32,928.34,939.482,865.119,829.408,748.076,669.76,592.288,589.602,486.442,373.871,332.838,268.604,256.594,237.197,211.259,220.206,238.558,195.029,210.434,218.3,205.093,190.367,196.014,221.822,181.338,171.706,171.6,124.59,150.302,139.04,116.878,76.319,66.146,52.676,29.288,13.997,16.719,7.15,5.935,9.198,3.136,1.629,1.698,1.726,1.795,0,0,0,0,0,0,0,0,0,0,0,0,0,0,0,0,0,0,0,0,0,0,0,0,0,0,0,0,0,0,0,0,0,0,0,1.265,1.369,1.816,2.039,2.798,3.432,3.411,3.698,3.478,4.06,4.066,5.098,4.754,4.866,4.821,4.964,5.324,5.853,5.859,6.041,5.843,5.599,5.297,5.59,4.983,4.067,4.013,3.505,3.593,3.604,3.503,3.734,4.216,4.028,4.135,4.447,4.375,3.888,4.196,4.533,3.614,3.188,3.093,2.272,2.4,2.235,1.778,1.186,1.049,0.764,0.415,0.22,0.242,0.095,0.077,0.117,0.039,0.02,0.02,0.02,0.021,0,0,0,0,0
2026-09-17 02:40:00,1,"Normal Scan","Normal Scan",0,"ON",1,1,1,734.8,5,16.6,97.4,48.1,0.0000000680738,0.0000180173,4.97,8976.18,8.8,736.5,1,"Up Scan","Positive",254,0,4.37,1.6,8,8,0,1,1,15.698,31.457,20.612,9.647,2.172,1275.03,53,15.3,NA,0,0,0,0,0,0,0,0,0,0,0,0,0,0,0,0,0,0,0,0,0,0,0,0,0,0,0,0,0,0,0,3860.941,3274.341,3300.017,3038.021,2422.958,2066.675,2043.275,1570.051,1428.131,1234.539,1178.16,1135.735,945.939,996.449,985.91,969.92,952.247,869.557,755.36,736.238,613.428,567.411,548.369,466.381,395.303,312.073,287.721,250.478,201.534,221.758,190.785,188.837,182.91,211.746,192.677,222.213,197.583,213.048,192.553,170.884,173.795,190.318,187.346,141.57,127.571,102.763,83.97,43.028,32.738,30.927,20.216,26.189,10.016,13.23,12.21,4.765,4.914,3.396,0,0,0,0,0,0,0,0,0,0,0,0,0,0,0,0,0,0,0,0,0,0,0,0,0,0,0,0,0,0,0,0,0,0,0,0,0,1.038,1.552,1.918,2.663,3.16,3.176,3.34,3.964,3.579,3.797,3.753,4.045,4.391,4.094,4.748,5.165,5.528,5.907,5.881,5.522,5.763,5.134,5.104,5.223,4.721,4.324,3.725,3.61,3.476,3.176,3.566,3.509,3.644,3.756,4.189,4.037,4.708,4.369,4.321,3.93,3.402,3.276,3.27,3.177,2.325,2.147,1.641,1.359,0.699,0.515,0.469,0.293,0.354,0.132,0.173,0.155,0.059,0.06,0.04,0,0,0,0,0,0,0
2026-09-17 02:45:00,1,"Normal Scan","Normal Scan",0,"ON",1,1,1,735.1,5,17,97.4,48.8,0.0000000681937,0.0000180366,4.97,8976.18,8.8,736.5,1,"Up Scan","Positive",254,0,4.37,1.6,8,8,0,1,1,14.946,29.918,19.746,9.647,2.136,1443.72,53,15.7,NA,0,0,0,0,0,0,0,0,0,0,0,0,0,0,0,0,0,0,0,0,0,0,0,0,0,0,0,0,0,0,0,4687.006,4099.048,4431.643,3355.073,2960.541,2351.922,2141.743,1749.621,1441.205,1223.672,1250.88,1253.956,1107.797,1148.39,978.196,1094.077,1015.04,948.309,853.26,788.174,710.083,684.031,557.851,468.278,382.638,347.628,257.61,264.78,236.634,226.45,190.382,187.94,217.104,181.793,162.722,193.411,177.753,188.906,178.435,201.531,208.364,201.58,200.651,141.127,128.961,120.824,82.395,50.404,32.986,26.918,27.196,21.655,15.195,13.33,13.752,4.711,4.873,3.382,1.726,3.609,0,0,0,0,0,0,0,0,0,0,0,0,0,0,0,0,0,0,0,0,0,0,0,0,0,0,0,0,0,0,0,0,0,0,0,1.454,1.918,2.443,3.555,3.475,3.898,3.791,4.142,3.979,3.816,3.704,4.322,4.849,4.781,5.457,5.134,6.255,6.332,6.387,6.203,6.145,5.948,6.054,5.334,4.804,4.177,4.04,3.37,3.603,3.453,3.573,3.416,3.569,4.084,4.004,3.824,4.399,4.196,3.941,3.773,4,3.847,3.459,3.29,2.432,2.164,1.934,1.35,0.874,0.533,0.397,0.403,0.308,0.235,0.172,0.175,0.059,0.06,0.04,0.02,0.041,0.019,0,0,0,0
2026-09-17 02:50:00,1,"Normal Scan","Normal Scan",0,"ON",1,1,1,734.9,5,16.8,97.4,49.3,0.0000000681338,0.000018027,4.97,8976.18,8.8,736.5,1,"Up Scan","Positive",254,0,4.37,1.6,8,8,0,1,1,15.529,29.666,19.973,9.647,2.11,1478.17,53,15.4,NA,0,0,0,0,0,0,0,0,0,0,0,0,0,0,0,0,0,0,0,0,0,0,0,0,0,0,0,0,0,0,0,4970.823,4270.005,3353.431,3194.919,2910.718,2673.864,2098.891,1710.241,1667.206,1632.292,1314.826,1333.642,1412.719,1151.619,1165.202,1163.764,1137.866,1126.71,816.976,765.415,793.416,658.245,595.949,479.185,377.353,298.215,263.755,234.497,255.881,232.125,191.536,192.712,222.764,211.477,216.249,217.702,224.296,160.568,192.646,206.555,190.451,191.029,153.782,167.475,144.793,90.042,79.617,45.926,39.573,30.713,8.942,19.317,14.276,11.858,6.115,6.259,0,1.698,3.451,0,0,0,0,0,0,0,0,0,0,0,0,0,0,0,0,0,0,0,0,0,0,0,0,0,0,0,0,0,0,0,0,0,0,0,0,1.513,2.043,2.52,2.657,3.31,3.803,4.302,4.053,3.916,4.425,4.947,4.533,5.157,6.082,5.471,6.084,6.658,7.061,7.557,5.947,5.96,6.573,5.847,5.628,4.916,4.172,3.546,3.413,3.392,3.822,3.747,3.541,3.621,4.18,4.332,4.55,4.607,4.565,3.71,4.025,3.874,3.461,3.257,2.642,2.682,2.303,1.45,1.292,0.749,0.568,0.431,0.168,0.261,0.189,0.153,0.078,0.079,0,0.02,0.041,0,0,0,0,0,0
2026-09-17 02:55:00,1,"Normal Scan","Normal Scan",0,"ON",1,1,1,734.7,5,16.5,97.4,49.6,0.0000000680438,0.0000180125,4.97,8976.18,8.8,736.5,1,"Up Scan","Positive",254,0,4.37,1.6,8,8,0,1,1,15.036,28.636,19.428,9.647,2.082,1637.19,54,15.3,NA,0,0,0,0,0,0,0,0,0,0,0,0,0,0,0,0,0,0,0,0,0,0,0,0,0,0,0,0,0,0,0,5132.345,5042.672,4179.674,3550.608,3705.311,2978.023,2468.605,2238.623,1732.571,1725.127,1595.405,1445.603,1277.047,1237.927,1183.535,1222.329,1027.72,1052.809,963.005,929.302,765.98,785.314,529.675,508.301,375.577,319.872,282.927,260.809,240.59,212.641,213.201,223.402,218.221,208.119,246.85,212.131,205.951,209.092,226.453,211.951,209.886,207.73,176.868,162.151,147.035,83.942,65.626,53.186,32.845,32.773,18.743,5.04,14.445,7.344,12.19,3.15,3.231,5.094,3.493,0,0,0,0,0,0,0,0,0,0,0,0,0,0,0,0,0,0,0,0,0,0,0,0,0,0,0,0,0,0,0,0,0,0,0,0,1.668,2.131,2.956,3.355,3.687,4.853,4.819,4.774,5.121,4.593,5.232,5.477,5.572,5.505,5.901,6.206,6.976,6.437,7.069,6.983,7.195,6.359,6.945,5.077,5.183,4.131,3.832,3.686,3.627,3.692,3.59,3.803,4.161,4.319,4.419,5.026,4.633,4.396,4.395,4.479,3.865,3.668,3.573,2.964,2.68,2.255,1.385,1.066,0.857,0.527,0.476,0.312,0.075,0.208,0.096,0.156,0.039,0.04,0.061,0.041,0,0.019,0,0,0,0
2026-09-17 03:00:00,1,"Normal Scan","Normal Scan",0,"ON",1,1,1,735.1,5,17,97.4,49.6,0.0000000681937,0.0000180366,4.97,8976.18,8.8,736.5,1,"Up Scan","Positive",254,0,4.37,1.6,8,8,0,1,1,14.96,27.354,18.931,9.647,2.034,1909.1,52,15.9,NA,0,0,0,0,0,0,0,0,0,0,0,0,0,0,0,0,0,0,0,0,0,0,0,0,0,0,0,0,0,0,0,6929.139,5539.044,5024.771,4213.287,3746.677,3403.227,2912.671,2600.354,2209.54,1989.498,1962.913,1877.012,1656.656,1487.716,1444.234,1300.217,1261.086,1172.903,1033.561,1001.437,902.265,718.722,735.353,606.863,476.329,343.771,335.569,260.796,250.92,250.78,247.973,179.276,226.573,216.359,178.057,219.659,249.079,198.536,220.485,234.146,223.739,188.582,160.204,153.829,121.026,106.083,92.968,68.618,45.958,30.357,27.87,11.876,14.359,7.395,6.076,4.738,3.313,3.396,3.465,0,0,0,0,0,0,0,0,0,0,0,0,0,0,0,0,0,0,0,0,0,0,0,0,0,0,0,0,0,0,0,0,0,0,0,0,1.923,2.822,3.246,4.029,4.376,4.908,5.456,5.636,5.891,5.838,6.031,6.741,7.23,7.109,7.06,7.553,7.443,7.817,7.922,7.521,7.809,7.465,6.416,6.908,6.121,5.189,4.12,4.194,3.654,3.689,4.029,4.344,3.575,4.402,4.588,4.209,4.651,4.984,4.222,4.32,4.37,4.157,3.429,2.72,2.551,1.946,1.716,1.453,1.031,0.675,0.469,0.429,0.16,0.189,0.096,0.078,0.059,0.04,0.04,0.041,0,0,0,0,0,0
2026-09-17 03:05:00,1,"Normal Scan","Normal Scan",0,"ON",1,1,1,735.1,5,17,97.4,50.3,0.0000000681937,0.0000180366,4.97,8976.18,8.8,736.5,1,"Up Scan","Positive",254,0,4.37,1.6,8,8,0,1,1,14.953,26.553,18.675,9.647,2.001,2190.31,53,15.7,NA,0,0,0,0,0,0,0,0,0,0,0,0,0,0,0,0,0,0,0,0,0,0,0,0,0,0,0,0,0,0,0,8221.66,6481.044,5718.368,4789.785,4189.477,3726.898,3342.487,3109.183,2536.462,2526.36,2191.714,2044.192,1919.234,1830.154,1605.518,1559.731,1528.574,1400.642,1253.436,1183.292,999.941,864.092,759.541,620.802,491.975,427.397,288.606,271.069,286.326,248.995,234.94,206.625,243.331,234.232,247.413,218.69,239.445,252.995,228.384,258.616,219.408,214.278,199.433,135.152,127.763,99.604,79.004,62.973,48.674,32.356,31.134,20.827,3.214,8.853,10.638,6.299,1.629,5.094,0,1.822,0,0,0,0,0,0,0,0,0,0,0,0,0,0,0,0,0,0,0,0,0,0,0,0,0,0,0,0,0,0,0,0,0,0,0,2.127,3.326,3.795,4.559,4.984,5.5,5.991,6.48,7.101,6.726,7.665,7.532,7.88,8.244,8.691,8.401,8.916,9.481,9.405,9.061,9.165,8.298,7.63,7.157,6.287,5.321,5.016,3.729,3.876,4.29,4.019,4.15,4.148,4.783,4.916,5.136,4.749,5.027,4.957,4.484,4.667,4.013,3.682,3.362,2.396,2.107,1.521,1.272,0.996,0.746,0.469,0.458,0.279,0.076,0.115,0.136,0.079,0.02,0.061,0,0.021,0.019,0,0,0,0
2026-09-17 03:10:00,1,"Normal Scan","Normal Scan",0,"ON",1,1,1,734.7,5,16.6,97.3,50.4,0.0000000681438,0.0000180173,4.97,8976.18,8.8,736.5,1,"Up Scan","Positive",254,0,4.37,1.6,8,8,0,1,1,13.513,22.509,16.552,9.647,1.864,3191.94,54,15.4,NA,0,0,0,0,0,0,0,0,0,0,0,0,0,0,0,0,0,0,0,0,0,0,0,0,0,0,0,0,0,0,0,12760.349,11283.98,9624.325,7969.577,8243.014,6987.574,6294.577,5227.004,3956.834,3302.66,2745.945,2194.876,1989.857,1798.969,1728.138,1588.062,1484.1,1412.482,1211.377,1051.442,982.671,804.424,815.733,655.765,557.636,447.945,341.012,267.093,287.2,253.769,210.619,236.017,269.187,251.942,242.153,258.459,290.285,241.754,260.91,238.328,261.551,208.038,177.614,179.23,123.419,116.872,97.779,47.705,42.247,24.754,21.575,20.873,22.86,7.357,9.159,7.847,0,1.684,3.507,0,0,0,0,0,0,0,0,0,0,0,0,0,0,0,0,0,0,0,0,0,0,0,0,0,0,0,0,0,0,0,0,0,0,0,0,3.541,5.2,6.667,7.69,8.301,10.815,11.252,12.163,11.876,10.441,9.983,9.407,8.465,8.553,8.522,9.006,9.062,9.201,9.518,8.801,8.223,8.167,7.149,7.679,6.643,5.985,5.165,4.414,3.892,4.287,4.272,4.066,4.527,5.182,5.145,5.286,5.317,5.747,4.944,4.847,4.641,4.615,3.612,2.968,2.902,2.045,1.925,1.504,0.799,0.622,0.361,0.312,0.298,0.302,0.096,0.117,0.098,0,0.02,0.041,0,0,0,0,0,0
2026-09-17 03:15:00,1,"Normal Scan","Normal Scan",0,"ON",1,1,1,734.9,5,16.8,97.3,50.1,0.0000000682038,0.000018027,4.97,8976.18,8.8,736.5,1,"Up Scan","Positive",254,0,4.37,1.6,8,8,0,1,1,12.111,20.328,15.101,9.647,1.818,3863.52,53,15.7,NA,0,0,0,0,0,0,0,0,0,0,0,0,0,0,0,0,0,0,0,0,0,0,0,0,0,0,0,0,0,0,0,22805.683,17955.366,13617.42,11536.789,8576.482,6665.52,5454.815,4305.166,3565,2990.785,2648.426,2284.412,2016.168,1858.758,1611.142,1445.024,1429.991,1329.123,1154.224,1088.411,994.853,879.271,718.579,644.698,532.195,436.287,331.562,312.034,226.002,277.646,204.848,250.617,250.386,213.809,278.661,260.41,261.984,264.22,302.645,241.533,244.191,247.143,189.34,196.009,142.66,102.382,71.765,54.43,40,22.393,30.68,15.301,15.855,13.292,1.509,6.299,4.914,8.42,3.479,1.781,0,0,0,0,0,0,0,0,0,0,0,0,0,0,0,0,0,0,0,0,0,0,0,0,0,0,0,0,0,0,0,0,0,0,0,6.768,9.283,10.542,10.865,11.906,11.152,10.73,10.506,9.791,9.413,9.05,9.088,8.785,8.645,8.797,8.423,8.272,8.888,8.924,8.394,8.482,8.287,7.759,6.834,6.461,5.765,5.067,4.327,4.276,3.678,4.512,3.886,4.814,5.183,4.746,5.709,5.578,5.306,5.401,5.638,4.474,4.283,4.107,3.181,3.193,2.291,1.712,1.193,0.821,0.622,0.396,0.478,0.223,0.227,0.172,0.019,0.079,0.06,0.101,0.041,0.021,0.019,0,0,0,0
2026-09-17 03:20:00,1,"Normal Scan","Normal Scan",0,"ON",1,1,1,735,5,17,97.3,50.7,0.0000000682638,0.0000180366,4.97,8976.18,8.8,736.5,1,"Up Scan","Positive",254,0,4.37,1.6,8,8,0,1,1,12.867,22.689,16.37,9.647,1.903,2952.89,53,15.8,NA,0,0,0,0,0,0,0,0,0,0,0,0,0,0,0,0,0,0,0,0,0,0,0,0,0,0,0,0,0,0,0,14050.7,11476.184,10378.993,8073.455,6726.033,4971.824,4422.372,3447.616,3158.991,2939.807,2274.709,2202.527,1860.118,1696.328,1502.425,1507.641,1323.23,1163.239,1088.665,1004.185,916.078,864.388,799.787,642.216,545.633,446.02,365.13,315.064,278.368,201.227,240.522,297.11,234.924,223.445,244.005,316.434,284.479,231.151,275.066,227.322,225.42,190.301,164.237,159.396,132.685,105.171,76.389,51.863,40.35,39.594,13.527,21.042,14.457,13.267,10.681,3.163,8.186,0,5.26,0,0,0,0,0,0,0,0,0,0,0,0,0,0,0,0,0,0,0,0,0,0,0,0,0,0,0,0,0,0,0,0,0,0,0,0,4.337,5.699,6.777,8.268,8.341,8.795,8.03,8.557,7.843,8.332,8.877,7.817,8.478,7.974,8.048,7.842,8.61,8.239,7.887,7.922,7.852,7.662,7.664,7.563,6.482,5.833,5.199,4.771,4.301,4.142,3.762,4.485,5.24,4.716,4.736,5.095,5.989,5.498,4.609,5.272,4.246,4.002,3.307,2.955,2.563,2.177,1.709,1.255,0.839,0.633,0.602,0.202,0.316,0.208,0.172,0.136,0.039,0.1,0,0.061,0,0.019,0,0,0,0
2026-09-17 03:25:00,1,"Normal Scan","Normal Scan",0,"ON",1,1,1,734.8,5,16.7,97.3,50.8,0.0000000681738,0.0000180222,4.97,8976.18,8.8,736.5,1,"Up Scan","Positive",254,0,4.37,1.6,8,8,0,1,1,13.953,24.184,17.469,9.647,1.925,2768.1,54,15.4,NA,0,0,0,0,0,0,0,0,0,0,0,0,0,0,0,0,0,0,0,0,0,0,0,0,0,0,0,0,0,0,0,10206.423,9321.232,8218.967,7233.888,6283.375,4947.498,4463.593,3743.658,3274.07,3048.515,2815.791,2515.759,2328.619,1991.652,1778.779,1667.881,1554.533,1336.816,1287.153,1080.217,910.436,923.385,833.918,672.312,556.625,462.637,406.192,276.586,297.901,267.627,245.429,219.672,228.88,275.899,259.619,243.997,290.801,298.398,276.278,248.265,249.698,206.557,185.283,126.8,117.064,83.691,77.615,54.126,50.327,34.928,28.66,21.627,20.026,8.841,7.585,6.326,4.887,0,1.753,0,0,0,0,0,0,0,0,0,0,0,0,0,0,0,0,0,0,0,0,0,0,0,0,0,0,0,0,0,0,0,0,0,0,0,0,3.548,4.132,5.489,6.549,7.504,8.268,7.967,8.632,8.55,8.664,9.222,9.64,9.687,9.966,9.442,9.269,9.496,9.654,9.017,9.327,8.433,7.649,8.204,7.841,6.774,6.057,5.32,5.067,3.977,4.544,4.391,4.468,4.55,4.669,5.554,5.341,5.081,5.705,5.461,5.085,4.565,4.339,3.688,3.141,2.2,1.972,1.42,1.238,0.821,0.782,0.505,0.403,0.298,0.265,0.115,0.097,0.079,0.06,0,0.02,0,0,0,0,0,0
2026-09-17 03:30:00,1,"Normal Scan","Normal Scan",0,"ON",1,1,1,734.7,5,16.6,97.3,50.6,0.0000000681438,0.0000180173,4.97,8976.18,8.8,736.5,1,"Up Scan","Positive",254,0,4.37,1.6,8,8,0,1,1,14.904,25.691,18.349,9.647,1.965,2555.51,54,15.5,NA,0,0,0,0,0,0,0,0,0,0,0,0,0,0,0,0,0,0,0,0,0,0,0,0,0,0,0,0,0,0,0,9566.637,7909.495,6334.71,5577.873,4687.976,4586.842,4218.592,3594.453,3197.745,3202.368,2606.911,2635.199,2403.12,2217.402,2018.101,1889.858,1644.3,1439.414,1319.081,1103.711,945.482,881.663,782.725,681.4,540.476,449.525,359.323,287.429,310.22,292.022,302.768,254.728,276.417,237.234,252.103,299.011,295.787,312.363,263.968,264.158,262.257,236.299,167.797,160.905,132.056,82.236,69.522,60.99,20.012,35.601,30.147,19.002,12.997,11.859,7.624,9.449,9.815,0,3.479,1.795,0,0,0,0,0,0,0,0,0,0,0,0,0,0,0,0,0,0,0,0,0,0,0,0,0,0,0,0,0,0,0,0,0,0,0,2.583,3.873,4.614,5.065,5.79,6.149,7.413,8.169,8.188,8.461,9.711,8.964,10.152,10.297,10.507,10.509,10.734,10.184,9.664,9.558,8.601,7.895,7.824,7.398,6.909,5.957,5.271,4.656,4.108,4.677,4.78,5.256,5.044,5.364,5.075,5.444,5.945,5.635,5.935,4.837,4.758,4.62,3.904,2.867,2.701,2.203,1.356,1.164,0.956,0.391,0.542,0.44,0.279,0.189,0.153,0.097,0.118,0.12,0,0.041,0.021,0.019,0,0,0,0
2026-09-17 03:35:00,1,"Normal Scan","Normal Scan",0,"ON",1,1,1,735.1,5,17.1,97.3,51,0.0000000682938,0.0000180415,4.97,8976.18,8.8,736.5,1,"Up Scan","Positive",254,0,4.37,1.6,8,8,0,1,1,15.832,25.091,18.593,9.647,1.89,3107.17,54,15.9,NA,0,0,0,0,0,0,0,0,0,0,0,0,0,0,0,0,0,0,0,0,0,0,0,0,0,0,0,0,0,0,0,9349.526,8319.196,7200.772,5900.554,5887.002,5575.442,5597.053,5121.736,4645.037,4367.334,3891.181,3766.882,3493.546,3293.62,2974.465,2615.275,2351.252,1893.809,1601.033,1374.112,1121.236,910.406,782.502,693.42,595.238,487.803,402.478,347.814,325.332,305.519,255.919,291.221,302.726,256.296,270.754,316.371,298.499,316.445,266.635,270.798,274.614,208.899,183.039,146.923,134.636,103.705,85.046,55.441,37.985,28.797,31.532,26.225,20.172,20.525,7.637,11.024,4.887,5.08,3.52,3.589,0,0,0,0,0,0,0,0,0,0,0,0,0,0,0,0,0,0,0,0,0,0,0,0,0,0,0,0,0,0,0,0,0,0,0,3.157,3.833,4.925,5.739,6.128,7.762,8.99,10.841,11.686,12.314,13.25,13.359,14.519,14.929,15.541,15.408,14.812,14.43,12.632,11.518,10.651,9.326,8.096,7.462,7.043,6.447,5.731,5.147,4.9,4.786,5.075,4.785,5.472,5.779,5.337,5.699,6.163,5.795,5.882,5.124,4.908,4.841,3.619,3.152,2.536,2.317,1.776,1.42,0.908,0.639,0.451,0.458,0.409,0.283,0.268,0.097,0.138,0.06,0.06,0.041,0.041,0.019,0,0,0,0
2026-09-17 03:40:00,1,"Normal Scan","Normal Scan",0,"ON",1,1,1,734.9,5,16.8,97.3,51.4,0.0000000682038,0.000018027,4.97,8976.18,8.8,736.5,1,"Up Scan","Positive",254,0,4.37,1.6,8,8,0,1,1,16.222,26.202,19.218,9.647,1.929,2728.45,54,15.5,NA,0,0,0,0,0,0,0,0,0,0,0,0,0,0,0,0,0,0,0,0,0,0,0,0,0,0,0,0,0,0,0,7395.615,7026.466,6135.594,5317.308,5516.298,4837.114,4557.031,4058.021,3792.516,3783.499,3446.484,3404.132,3131.302,2826.913,2603.374,2359.897,2166.561,1782.896,1690.614,1273.923,1073.971,913.15,795.089,662.789,590.107,529.851,416.818,381.396,309.713,330.849,288.903,286.478,275.088,260.49,321.459,302.19,309.98,284.908,267.807,268.002,216.97,257.094,180.965,141.245,134.073,115.687,75.532,66.64,45.26,24.428,24.79,17.997,9.105,14.739,1.535,4.711,1.615,1.698,1.74,0,0,0,0,0,0,0,0,0,0,0,0,0,0,0,0,0,0,0,0,0,0,0,0,0,0,0,0,0,0,0,0,0,0,0,0,1.972,3.044,4.133,4.915,5.51,7.228,7.806,8.843,9.262,10.047,11.483,11.833,13.1,13.412,13.392,13.502,13.374,13.348,11.917,12.152,9.908,8.977,8.165,7.576,6.762,6.459,6.138,5.343,5.297,4.644,5.426,5.135,5.314,5.471,5.338,6.157,6.236,5.917,5.432,5.079,4.894,3.953,4.316,3.024,2.383,2.169,1.809,1.22,0.996,0.693,0.342,0.368,0.242,0.132,0.192,0.019,0.059,0.02,0.02,0.02,0,0.038,0,0,0,0
2026-09-17 03:45:00,1,"Normal Scan","Normal Scan",0,"ON",1,1,1,734.6,5,16.5,97.3,51.4,0.0000000681138,0.0000180125,4.97,8976.18,8.8,736.5,1,"Up Scan","Positive",254,0,4.37,1.6,8,8,0,1,1,16.475,27.218,19.664,9.647,1.961,2587.5,55,15.2,NA,0,0,0,0,0,0,0,0,0,0,0,0,0,0,0,0,0,0,0,0,0,0,0,0,0,0,0,0,0,0,0,6848.888,6071.542,5752.82,5390.089,5131.791,4403.599,4177.109,3909.053,3538.003,3256.623,3342.194,3009.742,2855.157,2866.093,2600.063,2314.526,2147.022,1814.927,1561.551,1216.212,1145.266,974.807,840.222,697.961,645.994,539.349,432.602,388.865,324.404,296.618,284.43,293.83,307.555,289.878,313.397,300.58,305.354,297.358,250.673,258.705,236.422,202.64,220.565,163.178,135.972,115.371,75.725,70.946,41.541,40.776,21.564,14.744,11.737,17.757,12.268,1.602,4.955,8.462,5.274,3.576,0,0,0,0,0,0,0,0,0,0,0,0,0,0,0,0,0,0,0,0,0,0,0,0,0,0,0,0,0,0,0,0,0,0,0,2.241,2.813,3.561,4.622,5.585,6.749,7.095,8.093,8.911,9.39,9.893,11.479,11.599,12.25,13.567,13.462,13.139,13.226,12.134,11.262,9.49,9.559,8.687,8.008,7.111,6.946,6.301,5.488,5.419,4.933,4.935,5.086,5.432,5.797,5.791,6.13,5.936,6.134,5.764,4.904,4.725,4.216,3.682,3.75,2.734,2.163,1.877,1.285,1.158,0.628,0.653,0.357,0.261,0.189,0.23,0.155,0.02,0.06,0.101,0.061,0.041,0.039,0,0,0,0
2026-09-17 03:50:00,1,"Normal Scan","Normal Scan",0,"ON",1,1,1,734.9,5,16.9,97.3,51.2,0.0000000682338,0.0000180318,4.97,8976.18,8.8,736.5,1,"Up Scan","Positive",254,0,4.37,1.6,8,8,0,1,1,16.332,27.398,19.605,9.647,1.979,2288.78,54,15.7,NA,0,0,0,0,0,0,0,0,0,0,0,0,0,0,0,0,0,0,0,0,0,0,0,0,0,0,0,0,0,0,0,6612.098,5392.198,4889.213,5097.495,4129.205,4078.321,3599.48,3517.771,3081.038,3030.879,2886.15,2823.896,2481.843,2278.604,2213.095,1951.924,1672.02,1476.125,1304.34,1166.453,910.543,853.259,777.25,648.26,583.461,522.042,410.443,369.228,348.155,237.382,231.267,250.211,216.94,218.551,271.525,293.761,300.582,305.483,291.64,271.825,220.534,197.139,166.339,121.479,120.037,99.666,86.11,52.261,41.868,37.46,25.941,18.886,14.275,16.285,6.167,9.422,8.145,3.354,1.753,0,0,0,0,0,0,0,0,0,0,0,0,0,0,0,0,0,0,0,0,0,0,0,0,0,0,0,0,0,0,0,0,0,0,0,0,1.983,2.739,3.172,3.911,5.303,5.435,6.553,6.992,8.044,8.167,9.192,9.893,10.875,10.641,10.784,11.493,11.077,10.349,9.923,9.436,9.102,7.667,7.642,7.427,6.615,6.218,5.974,5.127,4.946,5.074,4.155,4.365,4.96,4.656,4.764,5.448,5.713,5.705,5.564,5.41,4.932,3.971,3.437,2.876,2.184,1.987,1.629,1.392,0.86,0.674,0.574,0.367,0.261,0.189,0.211,0.078,0.118,0.1,0.04,0.02,0,0,0,0,0,0
2026-09-17 03:55:00,1,"Normal Scan","Normal Scan",0,"ON",1,1,1,734.9,5,17,97.2,51.8,0.000000068334,0.0000180366,4.97,8976.18,8.8,736.5,1,"Up Scan","Positive",254,0,4.37,1.6,8,8,0,1,1,15.877,27.419,19.446,9.647,2.002,2076.86,54,15.7,NA,0,0,0,0,0,0,0,0,0,0,0,0,0,0,0,0,0,0,0,0,0,0,0,0,0,0,0,0,0,0,0,6702.703,5326.727,4512.789,4557.68,3788.443,3787.273,3297.025,3090.186,2645.065,2524.746,2477.773,2181.579,2100.699,1948.819,1905.693,1586.492,1547.941,1186.015,1140.236,968.436,868.805,792.023,715.247,701.005,622.091,524.751,440.786,356.13,287.858,255.854,223.013,187.132,223.496,218.775,264.92,272.669,286.344,232.235,304.273,241.054,212.877,181.122,168.797,149.497,96.583,95.642,66.92,55.115,33.214,21.329,18.872,22.142,11.406,10.3,6.076,6.259,3.313,3.382,0,1.808,0,0,0,0,0,0,0,0,0,0,0,0,0,0,0,0,0,0,0,0,0,0,0,0,0,0,0,0,0,0,0,0,0,0,0,1.61,2.752,3.098,3.611,4.72,4.958,6.108,6.39,7.032,7.011,7.668,8.508,8.391,8.989,9.217,9.883,9.014,9.572,8,8.313,7.652,7.353,7.101,6.858,7.056,6.633,5.973,5.356,4.744,4.333,4.331,4.229,3.883,4.65,4.656,5.244,5.292,5.481,4.654,5.309,4.356,3.802,3.121,2.791,2.444,1.637,1.535,1.071,0.891,0.479,0.343,0.275,0.316,0.151,0.134,0.078,0.079,0.04,0.04,0,0.021,0,0,0,0,0
2026-09-17 04:00:00,1,"Normal Scan","Normal Scan",0,"ON",1,1,1,734.7,5,16.7,97.2,51.9,0.0000000682439,0.0000180222,4.97,8976.18,8.8,736.5,1,"Up Scan","Positive",254,0,4.37,1.6,8,8,0,1,1,14.869,26.417,18.652,9.647,1.993,2046.24,55,15.4,NA,0,0,0,0,0,0,0,0,0,0,0,0,0,0,0,0,0,0,0,0,0,0,0,0,0,0,0,0,0,0,0,6630.376,6346.73,5147.59,4622.833,4498.411,3945.506,3128.935,2796.112,2474.495,2547.884,2242.157,2041.46,1709.317,1760.111,1572.347,1438.462,1220.866,1049.9,932.517,890.901,825.762,712.8,661.388,606.123,544.464,389.701,381.449,339.873,311.675,248.785,261.071,227.28,240.341,168.537,200.978,209.106,237.42,289.905,223.872,226.675,218.072,201.894,148.811,135.695,133.947,91.676,72.292,41.562,33.805,28.366,18.888,11.888,15.214,7.444,6.089,3.15,1.629,1.684,1.74,1.788,0,0,0,0,0,0,0,0,0,0,0,0,0,0,0,0,0,0,0,0,0,0,0,0,0,0,0,0,0,0,0,0,0,0,0,2.014,2.676,3.773,4.11,4.801,5.91,6.37,6.044,6.364,6.546,7.71,7.682,7.83,7.328,8.314,8.169,8.188,7.576,7.092,6.812,7.017,6.897,6.421,6.353,6.199,5.855,4.652,4.739,4.541,4.489,3.911,4.434,4.481,4.721,3.855,4.448,4.512,4.682,5.356,4.378,4.195,3.756,3.389,2.566,2.23,2.102,1.493,1.146,0.652,0.515,0.415,0.275,0.168,0.208,0.096,0.078,0.039,0.02,0.02,0.02,0.021,0.019,0,0,0,0
2026-09-17 04:05:00,1,"Normal Scan","Normal Scan",0,"ON",1,1,1,734.7,5,16.6,97.3,51.6,0.0000000681438,0.0000180173,4.97,8976.18,8.8,736.5,1,"Up Scan","Positive",254,0,4.37,1.6,8,8,0,1,1,15.419,28.458,19.464,9.647,2.067,1704.69,55,15.4,NA,0,0,0,0,0,0,0,0,0,0,0,0,0,0,0,0,0,0,0,0,0,0,0,0,0,0,0,0,0,0,0,5912.489,4734.163,3923.51,3767.544,3107.005,3070.178,2738.779,2400.885,2143.75,2028.868,1881.435,1613.944,1616.618,1489.012,1284.992,1168.703,1120.007,887.457,814.696,678.913,675.476,696.675,647.595,602.341,551.468,457.448,371.846,318.424,278.249,190.34,183.895,193.109,207.326,154.745,211.46,238.952,274.958,235.004,260.828,265.784,202.119,190.729,146.54,135.927,112.432,101.111,51.692,49.921,32.575,24.766,32.33,12.461,15.662,22.17,6.128,7.904,4.914,1.712,0,0,0,0,0,0,0,0,0,0,0,0,0,0,0,0,0,0,0,0,0,0,0,0,0,0,0,0,0,0,0,0,0,0,0,0,0,1.546,2.405,2.761,3.149,3.924,4.09,4.941,5.316,5.459,5.675,6.166,6.451,6.228,6.928,7.051,6.667,6.655,6.964,6.039,6.009,5.434,5.752,6.265,6.185,6.098,5.84,5.178,4.602,4.241,4.01,3.357,3.734,3.873,4.291,3.856,4.507,4.872,5.115,4.636,4.794,4.73,3.609,3.245,2.555,2.316,1.842,1.657,0.937,0.799,0.515,0.379,0.458,0.168,0.208,0.288,0.078,0.098,0.06,0.02,0,0,0,0,0,0,0
2026-09-17 04:10:00,1,"Normal Scan","Normal Scan",0,"ON",1,1,1,734.9,5,17,97.2,51.8,0.000000068334,0.0000180366,4.97,8976.18,8.8,736.5,1,"Up Scan","Positive",254,0,4.37,1.6,8,8,0,1,1,15.015,27.869,19.103,9.647,2.055,1774.92,54,15.8,NA,0,0,0,0,0,0,0,0,0,0,0,0,0,0,0,0,0,0,0,0,0,0,0,0,0,0,0,0,0,0,0,5654.575,5157.975,4872.196,3981.778,3720.107,3275.004,2749.944,2520.586,2184.402,2149,1804.986,1803.404,1680.841,1394.378,1099.688,1177.29,1000.457,870.945,821.371,688.369,662.303,691.893,598.08,596.171,492.29,442.88,417.12,328.534,282.04,192.415,232.357,172.73,190.268,208.401,225.055,220.216,245.424,274.152,280.003,247.387,229.21,197.505,174.643,146.54,105.099,83.614,57,52.326,39.375,20.438,29.452,7.023,15.832,16.269,4.567,4.751,3.258,1.67,0,1.808,0,0,0,0,0,0,0,0,0,0,0,0,0,0,0,0,0,0,0,0,0,0,0,0,0,0,0,0,0,0,0,0,0,0,0,2.064,2.3,3.042,3.861,4.133,4.896,5.273,5.319,5.751,5.771,6.519,6.189,6.922,7.178,6.594,5.741,6.704,6.235,5.903,6.042,5.468,5.657,6.244,5.786,6.008,5.278,5.136,5.027,4.363,4.257,3.351,4.124,3.731,4.261,4.531,4.816,4.612,4.901,5.252,4.986,4.408,3.898,3.432,2.877,2.476,1.673,1.403,0.962,0.803,0.621,0.307,0.403,0.112,0.227,0.211,0.058,0.059,0.04,0.02,0,0.021,0.019,0,0,0,0
2026-09-17 04:15:00,1,"Normal Scan","Normal Scan",0,"ON",1,1,1,734.9,5,16.8,97.3,52.1,0.0000000682038,0.000018027,4.97,8976.18,8.8,736.5,1,"Up Scan","Positive",254,0,4.37,1.6,8,8,0,1,1,15.326,27.765,19.248,9.647,2.033,1952.53,55,15.6,NA,0,0,0,0,0,0,0,0,0,0,0,0,0,0,0,0,0,0,0,0,0,0,0,0,0,0,0,0,0,0,0,5766.404,5708.963,4976.655,4277.818,4048.454,3415.16,3302.512,2659.222,2398.544,2355.496,2234.163,2073.641,2030.122,1735.637,1542.218,1316.477,1206.756,979.092,982.265,702.639,737.508,717.092,679.342,591.819,576.038,472.968,394.281,311.937,282.068,253.026,241.991,224.023,234.701,223.972,239.04,270.996,310.239,266.385,269.053,262.884,230.655,201.708,200.005,123.478,104.782,71.658,63.078,52.19,36.236,22.691,15.418,10.88,21.348,17.755,4.567,9.489,9.76,11.899,0,1.781,0,0,0,0,0,0,0,0,0,0,0,0,0,0,0,0,0,0,0,0,0,0,0,0,0,0,0,0,0,0,0,0,0,0,0,1.806,2.326,3.369,3.953,4.458,5.284,5.495,6.378,6.061,6.349,7.136,7.65,7.976,8.676,8.207,7.991,7.506,7.494,6.642,7.167,5.629,6.249,6.47,6.454,6.011,6.215,5.447,4.932,4.365,4.184,4.194,4.55,4.467,4.798,4.849,5.002,5.338,5.976,4.913,4.918,4.476,4.032,3.508,3.354,2.021,1.733,1.299,1.117,0.821,0.622,0.379,0.293,0.149,0.283,0.23,0.058,0.118,0.12,0.141,0,0.021,0,0,0,0,0
2026-09-17 04:20:00,1,"Normal Scan","Normal Scan",0,"ON",1,1,1,734.5,5,16.5,97.2,52,0.0000000681839,0.0000180125,4.97,8976.18,8.8,736.5,1,"Up Scan","Positive",254,0,4.37,1.6,8,8,0,1,1,14.791,26.45,18.482,9.647,2.003,2041.66,55,15.4,NA,0,0,0,0,0,0,0,0,0,0,0,0,0,0,0,0,0,0,0,0,0,0,0,0,0,0,0,0,0,0,0,7009.325,6369.886,5484.324,4339.347,4212.51,3890.137,3227.806,3082.309,2825.959,2304.064,2091.24,2053.86,1829.635,1744.258,1572.876,1267.976,1181.121,1044.669,933.191,712.546,668.254,605.928,592.61,575.787,453.56,482.306,390.013,285.236,256.126,258.176,215.207,168.099,216.772,226.553,245.318,238.685,256.244,274.932,246.993,268.083,247.578,208.426,165.937,137.376,123.367,104.91,53.098,41.96,39.866,21.536,18.269,31.786,1.558,13.292,9.159,4.778,4.887,3.396,0,0,0,0,0,0,0,0,0,0,0,0,0,0,0,0,0,0,0,0,0,0,0,0,0,0,0,0,0,0,0,0,0,0,0,0,0,2.046,2.896,3.721,4.391,4.536,5.538,6.27,6.242,7.024,7.514,6.974,7.172,7.909,7.837,8.248,8.147,7.217,7.318,7.035,6.812,5.617,5.729,5.504,5.653,5.827,4.974,5.483,4.785,4.018,3.845,4.242,4.053,3.723,4.499,4.839,5.177,5.049,5.018,5.108,4.756,4.672,4.214,3.504,2.835,2.244,2.16,1.589,0.911,0.664,0.639,0.325,0.275,0.428,0.038,0.173,0.117,0.059,0.06,0.04,0,0,0.02,0,0,0,0
2026-09-17 04:25:00,1,"Normal Scan","Normal Scan",0,"ON",1,1,1,734.8,5,16.8,97.2,51.8,0.000000068274,0.000018027,4.97,8976.18,8.8,736.5,1,"Up Scan","Positive",254,0,4.37,1.6,8,8,0,1,1,15.016,26.972,18.714,9.647,2.018,2037.28,54,15.7,NA,0,0,0,0,0,0,0,0,0,0,0,0,0,0,0,0,0,0,0,0,0,0,0,0,0,0,0,0,0,0,0,6952.402,6053.684,5100.845,4661.035,3897.028,3821.313,3337.581,3071.718,2803.792,2496.965,2257.209,2120.53,1982.922,1746.467,1529.712,1191.177,1168.455,963.566,859.207,683.633,675.439,591.846,607.784,563.091,498.803,474.927,408.198,284.077,288.276,258.641,255.915,241.102,230.688,253.942,286.015,298.917,264.34,297.476,274.724,236.416,244.252,187.151,140.074,146.547,108.08,89.779,71.864,50.332,37.435,31.047,14.37,9.804,14.333,14.801,10.681,12.612,11.471,5.094,3.507,0,0,0,0,0,0,0,0,0,0,0,0,0,0,0,0,0,0,0,0,0,0,0,0,0,0,0,0,0,0,0,0,0,0,0,0,2.159,2.802,3.591,4.078,4.829,5.105,6.155,6.426,6.994,7.425,7.569,7.719,8.134,8.466,8.242,7.931,6.776,7.219,6.501,6.289,5.429,5.763,5.411,5.779,5.731,5.513,5.506,5.094,4.085,4.359,4.402,4.651,4.725,4.861,4.964,5.713,5.707,5.012,5.547,5.078,4.194,4.302,3.175,2.501,2.454,1.741,1.497,1.228,0.856,0.621,0.523,0.238,0.149,0.189,0.192,0.136,0.157,0.139,0.06,0.041,0,0,0,0,0,0
2026-09-17 04:30:00,1,"Normal Scan","Normal Scan",0,"ON",1,1,1,734.9,5,17,97.2,52.3,0.000000068334,0.0000180366,4.97,8976.18,8.8,736.5,1,"Up Scan","Positive",254,0,4.37,1.6,8,8,0,1,1,15.072,26.448,18.587,9.647,1.99,2139.53,54,15.8,NA,0,0,0,0,0,0,0,0,0,0,0,0,0,0,0,0,0,0,0,0,0,0,0,0,0,0,0,0,0,0,0,6927.509,6341.179,5307.652,4568.026,4559.73,3932.302,3793.644,3420.504,2853.711,2761.998,2570.026,2220.208,2056.039,1951.573,1599.971,1354.842,1275.002,891.16,812.873,710.954,743.877,659.555,603.13,561.983,518.119,467.475,371.098,325.074,268.959,211.376,215.888,249.545,226.195,248.475,298.703,265.445,312.416,283.984,271.174,257.13,214.339,208.085,160.416,122.311,121.326,112.11,50.062,51.128,30.417,28.99,19.858,21.815,8.71,13.239,15.251,6.313,3.258,1.698,5.246,1.822,0,0,0,0,0,0,0,0,0,0,0,0,0,0,0,0,0,0,0,0,0,0,0,0,0,0,0,0,0,0,0,0,0,0,0,2.046,2.839,3.703,4.241,4.785,5.963,6.369,7.348,7.792,7.555,8.365,8.798,8.532,8.776,9.21,8.289,7.7,7.884,6.03,5.968,5.659,6.291,5.961,5.79,5.681,5.598,5.377,4.705,4.483,4.208,3.856,4.165,4.849,4.671,5.114,5.718,5.431,5.771,5.206,5.067,4.648,3.663,3.507,2.796,2.078,2.028,1.752,0.899,0.856,0.497,0.415,0.312,0.316,0.132,0.172,0.194,0.079,0.04,0.02,0.061,0.021,0,0,0,0,0
2026-09-17 04:35:00,1,"Normal Scan","Normal Scan",0,"ON",1,1,1,734.7,5,16.7,97.2,52.3,0.0000000682439,0.0000180222,4.97,8976.18,8.8,736.5,1,"Up Scan","Positive",254,0,4.37,1.6,8,8,0,1,1,14.255,24.847,17.654,9.647,1.954,2445.26,55,15.5,NA,0,0,0,0,0,0,0,0,0,0,0,0,0,0,0,0,0,0,0,0,0,0,0,0,0,0,0,0,0,0,0,8997.212,8238.532,6917.703,5930.423,4977.951,4438.089,4350.594,3841.906,3362.578,2897.52,2673.017,2353.851,1975.532,1804.346,1502.432,1299.041,1232.293,1010.936,885.776,765.2,700.113,666.159,637.901,516.605,539.137,481.942,421.773,360.754,299.217,308.043,257.693,230.523,225.817,294.972,275.474,245.522,272.394,275.748,271.059,256.128,249.468,185.595,207.236,125.523,146.582,99.881,54.739,38.637,30.668,18.119,30.701,22.575,9.396,12.855,9.596,7.941,1.629,1.67,0,3.644,0,0,0,0,0,0,0,0,0,0,0,0,0,0,0,0,0,0,0,0,0,0,0,0,0,0,0,0,0,0,0,0,0,0,0,2.749,3.651,4.855,5.52,6.193,6.505,7.116,8.412,8.769,8.901,8.749,9.151,9.05,8.451,8.52,7.805,7.39,7.632,6.832,6.458,6.071,5.977,6.077,6.129,5.351,5.938,5.601,5.195,4.838,4.721,4.833,4.616,4.575,4.726,5.719,5.622,5.013,5.482,5.124,5.124,4.557,4.184,3.227,3.268,2.231,2.407,1.589,0.911,0.653,0.526,0.271,0.422,0.305,0.163,0.167,0.122,0.098,0.02,0.02,0,0.041,0.019,0,0,0,0
2026-09-17 04:40:00,1,"Normal Scan","Normal Scan",0,"ON",1,1,1,734.5,5,16.5,97.2,52.2,0.0000000681839,0.0000180125,4.97,8976.18,8.8,736.5,1,"Up Scan","Positive",254,0,4.37,1.6,8,8,0,1,1,14.95,25.026,18.263,9.647,1.922,2753.02,55,15.3,NA,0,0,0,0,0,0,0,0,0,0,0,0,0,0,0,0,0,0,0,0,0,0,0,0,0,0,0,0,0,0,0,8690.275,7335.643,7304.487,6445.873,5845.41,5611.684,4931.302,4242.343,3854.604,3677.795,3182.612,2807.48,2416.692,2167.618,2033.218,1791.649,1528.15,1510.402,1284.928,1160.522,1115.912,982.33,858.022,764.225,618.225,510.245,462.426,349.561,320.601,281.372,273.423,238.535,309.729,282.086,282.187,292.901,305.4,279.15,270.113,277.483,233.174,180.163,166.991,145.787,120.011,72.971,79.127,43.949,36.073,27.574,17.696,15.21,17.436,7.419,15.242,9.476,6.543,1.67,3.479,0,0,0,0,0,0,0,0,0,0,0,0,0,0,0,0,0,0,0,0,0,0,0,0,0,0,0,0,0,0,0,0,0,0,0,0,2.451,3.56,4.34,5.85,6.687,7.658,9.059,9.51,9.646,10.207,11.133,10.905,10.787,10.356,10.257,10.575,10.229,9.514,10.167,9.345,9.092,9.312,8.779,8.108,7.725,6.644,5.933,5.756,4.91,4.851,4.665,4.966,4.683,5.816,5.624,5.682,5.553,5.77,5.312,4.922,4.8,4.082,3.127,2.867,2.457,1.944,1.268,1.272,0.769,0.604,0.433,0.275,0.205,0.265,0.096,0.194,0.118,0.08,0.02,0.041,0,0.039,0,0,0,0
2026-09-17 04:45:00,1,"Normal Scan","Normal Scan",0,"ON",1,1,1,734.9,5,17,97.2,52,0.000000068334,0.0000180366,4.97,8976.18,8.8,736.5,1,"Up Scan","Positive",254,0,4.37,1.6,8,8,0,1,1,14.812,23.595,17.815,9.647,1.863,3458.65,54,15.9,NA,0,0,0,0,0,0,0,0,0,0,0,0,0,0,0,0,0,0,0,0,0,0,0,0,0,0,0,0,0,0,0,11554.962,9987.704,9217.443,7957.913,7381.79,6567.922,6048.337,5392.001,4979.386,4496.36,3932.87,3445.743,3084.303,2719.017,2573.598,2328.602,1945.965,1945.437,1801.896,1653.084,1346.339,1223.783,1088.687,916.64,739.143,665.106,578.304,446.489,354.172,335.155,292.352,278.543,239.88,295.507,302.358,273.203,311.555,316.719,271.192,235.481,216.732,178.136,152.876,142.144,124.625,94.529,51.116,51.335,33.939,28.221,19.291,22.184,7.119,10.777,5.62,6.299,1.629,0,5.205,0,0,0,0,0,0,0,0,0,0,0,0,0,0,0,0,0,0,0,0,0,0,0,0,0,0,0,0,0,0,0,0,0,0,0,0,3.371,4.732,5.885,7.349,8.281,9.674,10.592,11.686,12.287,13.141,13.571,13.472,13.23,13.227,12.892,13.413,13.268,12.106,13.074,13.047,12.842,11.265,10.923,10.285,9.193,7.975,7.549,7.028,5.932,5.312,5.349,5.121,5.29,4.878,5.654,5.833,5.298,5.708,5.817,5.005,4.176,3.79,3.095,2.603,2.323,2.078,1.453,0.893,0.786,0.515,0.397,0.312,0.298,0.094,0.14,0.072,0.079,0.02,0,0.061,0,0,0,0,0,0
2026-09-17 04:50:00,1,"Normal Scan","Normal Scan",0,"ON",1,1,1,734.9,5,17,97.2,52.5,0.000000068334,0.0000180366,4.97,8976.18,8.8,736.5,1,"Up Scan","Positive",254,0,4.37,1.6,8,8,0,1,1,13.921,22.701,16.839,9.647,1.854,3102.86,54,15.8,NA,0,0,0,0,0,0,0,0,0,0,0,0,0,0,0,0,0,0,0,0,0,0,0,0,0,0,0,0,0,0,0,11308.369,9700.918,9049.43,8338.635,7362.746,6696.969,5839.127,4944.125,4491.74,4175.323,3451.528,2909.81,2279.696,2122.533,1809.2,1500.399,1287.399,1032.902,949.544,865.652,805.281,776.909,739.071,638.053,577.056,472.298,401.741,339.067,298.852,252.121,217.788,266.278,287.369,255.182,295.494,314.757,276.504,292.635,250.984,248.153,197.195,204.519,170.138,128.416,92.376,103.748,66.25,37.14,46.067,34.659,13.571,22.09,8.895,22.258,7.676,6.366,4.9,1.712,0,1.822,0,0,0,0,0,0,0,0,0,0,0,0,0,0,0,0,0,0,0,0,0,0,0,0,0,0,0,0,0,0,0,0,0,0,0,3.157,4.606,5.735,7.186,8.647,9.628,10.803,11.284,11.242,11.869,12.602,11.775,11.126,9.733,10.011,9.376,8.523,7.987,7.011,6.96,6.849,6.793,6.981,7.011,6.501,6.219,5.446,5.143,4.743,4.584,4.394,4.093,5.053,5.426,5.134,5.613,6.01,5.341,5.319,4.617,4.551,3.481,3.47,2.968,2.127,1.613,1.628,1.163,0.611,0.746,0.505,0.202,0.298,0.151,0.287,0.097,0.079,0.06,0.02,0,0.021,0.019,0,0,0,0
2026-09-17 04:55:00,1,"Normal Scan","Normal Scan",0,"ON",1,1,1,734.6,5,16.6,97.2,52.5,0.0000000682139,0.0000180173,4.97,8976.18,8.8,736.5,1,"Up Scan","Positive",254,0,4.37,1.6,8,8,0,1,1,13.353,21.283,16.047,9.647,1.805,3458.2,55,15.5,NA,0,0,0,0,0,0,0,0,0,0,0,0,0,0,0,0,0,0,0,0,0,0,0,0,0,0,0,0,0,0,0,13486.2,12651.186,10986.363,9797.926,8336.169,7809.639,6435.411,5695.908,4844.121,4063.483,3370.679,2969.989,2354.243,2023.87,1781.011,1459.79,1257.508,1067.417,881.108,745.795,688.908,660.128,600.039,540.602,532.343,472.019,391.028,320.132,292.384,247.475,298.336,269.694,286.861,262.373,298.832,319.52,297.795,298.145,237.038,252.756,201.335,164.048,139.001,103.731,116.393,70.432,72.704,40.908,32.482,31.698,33.528,16.666,15.724,7.344,12.23,3.15,6.516,8.448,1.74,0,0,0,0,0,0,0,0,0,0,0,0,0,0,0,0,0,0,0,0,0,0,0,0,0,0,0,0,0,0,0,0,0,0,0,0,3.891,5.489,7.455,8.775,10.143,10.91,12.569,12.438,12.936,12.796,12.257,11.508,11.395,10.067,9.532,9.224,8.272,7.776,7.168,6.438,5.92,5.862,5.971,5.788,5.541,5.799,5.562,4.968,4.56,4.55,4.292,5.215,5.111,5.334,5.259,5.61,5.801,5.457,5.254,4.502,4.4,3.642,2.855,2.491,1.915,1.896,1.23,1.156,0.681,0.515,0.505,0.513,0.223,0.208,0.096,0.155,0.039,0.08,0.101,0.02,0,0,0,0,0,0
2026-09-17 05:00:00,1,"Normal Scan","Normal Scan",0,"ON",1,1,1,734.7,5,16.7,97.2,52.1,0.0000000682439,0.0000180222,4.97,8976.18,8.8,736.5,1,"Up Scan","Positive",254,0,4.37,1.6,8,8,0,1,1,13.57,21.991,16.358,9.647,1.835,3098.65,55,15.7,NA,0,0,0,0,0,0,0,0,0,0,0,0,0,0,0,0,0,0,0,0,0,0,0,0,0,0,0,0,0,0,0,11846.269,10391.084,9672.08,8635.57,7510.086,6711.405,5767.135,5408.611,4494.338,4039.965,3170.137,2790.121,2320.287,1873.188,1556.007,1199.322,1023.954,874.819,772.34,680.643,618.13,631.614,534.858,538.701,497.793,444.803,411.646,336.078,273.912,257.74,272.25,252.641,281.834,281.489,325.33,323.186,276.388,275.763,256.712,225.806,205.599,184.514,152.644,117.298,98.886,79.754,63.125,41.179,44.454,32.717,17.778,17.918,10.007,14.814,12.255,1.588,3.272,5.052,0,0,0,0,0,0,0,0,0,0,0,0,0,0,0,0,0,0,0,0,0,0,0,0,0,0,0,0,0,0,0,0,0,0,0,0,0,3.281,4.825,6.103,7.745,8.965,9.822,10.821,11.148,12.269,11.876,12.185,10.827,10.685,9.892,8.815,8.069,6.828,6.368,5.908,5.671,5.416,5.302,5.747,5.201,5.505,5.435,5.308,5.193,4.664,4.394,4.512,4.829,4.812,5.366,5.357,5.981,6.031,5.207,5.02,4.684,4.046,3.546,3.259,2.656,2.014,1.641,1.292,1.046,0.699,0.657,0.505,0.257,0.242,0.132,0.192,0.155,0.02,0.04,0.06,0,0,0,0,0,0,0
2026-09-17 05:05:00,1,"Normal Scan","Normal Scan",0,"ON",1,1,1,735,5,17.1,97.2,52.5,0.0000000683641,0.0000180415,4.97,8976.18,8.8,736.5,1,"Up Scan","Positive",254,0,4.37,1.6,8,8,0,1,1,13.265,21.346,15.998,9.647,1.815,3357.57,54,15.9,NA,0,0,0,0,0,0,0,0,0,0,0,0,0,0,0,0,0,0,0,0,0,0,0,0,0,0,0,0,0,0,0,14331.134,11762.089,10642.06,9592.637,8084.846,7289.795,6332.825,5469.049,4515.858,4027.163,3219.362,2749.211,2357.344,1951.675,1560.07,1367.723,1000.26,888.561,902.077,792.09,694.159,668.838,626.929,507.174,529.975,446.582,396.102,323.498,298.206,234.658,305.21,255.608,255.841,298.737,272.923,308.429,299.329,294.675,305.322,231.816,200.514,138.016,147.57,114.968,83.442,63.267,70.633,53.032,34.346,40.134,30.391,22.14,22.49,4.452,12.278,3.15,6.502,3.396,1.753,0,0,0,0,0,0,0,0,0,0,0,0,0,0,0,0,0,0,0,0,0,0,0,0,0,0,0,0,0,0,0,0,0,0,0,0,4.308,5.81,6.973,8.496,9.915,10.602,11.715,12.212,12.447,11.905,12.144,11.022,10.511,10.055,9.206,8.099,7.758,6.225,6.034,6.558,6.257,5.898,6.04,6.021,5.258,5.728,5.27,5.08,4.528,4.585,4.191,5.278,4.9,5.215,5.58,5.263,5.467,5.566,5.259,5.268,4.114,3.713,2.514,2.635,2.013,1.534,1.166,1.1,0.856,0.57,0.593,0.44,0.305,0.333,0.057,0.155,0.039,0.08,0.04,0.02,0,0.039,0,0,0,0
2026-09-17 05:10:00,1,"Normal Scan","Normal Scan",0,"ON",1,1,1,734.8,5,16.8,97.2,52.5,0.000000068274,0.000018027,4.97,8976.18,8.8,736.5,1,"Up Scan","Positive",254,0,4.37,1.6,8,8,0,1,1,13.237,21.293,16,9.647,1.814,3551.95,55,15.6,NA,0,0,0,0,0,0,0,0,0,0,0,0,0,0,0,0,0,0,0,0,0,0,0,0,0,0,0,0,0,0,0,16019.746,12401.029,11371.325,9724.041,8268.183,7799.614,6122.035,5215.604,4764.776,4027.136,3681.743,3002.253,2553.528,2210.598,1835.737,1446.111,1272.501,1140.747,957.468,804.283,793.751,732.891,616.487,584.513,573.197,459.637,435.161,345.639,365.841,280.141,254.93,245.607,278.064,266.995,281.927,303.517,279.507,304.224,255.587,240.028,213.921,167.468,157.765,112.377,92.287,89.828,74.263,36.655,55.095,40.673,32.472,18.125,14.445,10.337,13.765,3.163,4.942,5.08,1.74,1.808,0,0,0,0,0,0,0,0,0,0,0,0,0,0,0,0,0,0,0,0,0,0,0,0,0,0,0,0,0,0,0,0,0,0,0,4.624,6.502,7.271,9.044,10.121,10.856,12.563,11.848,11.873,12.554,12.167,12.583,11.519,10.9,10.408,9.484,8.218,7.891,7.671,6.991,6.371,6.714,6.631,5.959,6.053,6.211,5.36,5.455,4.82,5.33,4.672,4.692,4.715,5.317,5.257,5.46,5.655,5.345,5.397,4.695,4.435,3.761,3.02,2.828,2.052,1.58,1.505,1.185,0.664,0.817,0.632,0.477,0.261,0.208,0.134,0.175,0.039,0.06,0.06,0.02,0.021,0.019,0,0,0,0
2026-09-17 05:15:00,1,"Normal Scan","Normal Scan",0,"ON",1,1,1,734.7,5,16.7,97.2,52.2,0.0000000682439,0.0000180222,4.97,8976.18,8.8,736.5,1,"Up Scan","Positive",254,0,4.37,1.6,8,8,0,1,1,13.295,21.22,16.09,9.647,1.799,3756.87,55,15.6,NA,0,0,0,0,0,0,0,0,0,0,0,0,0,0,0,0,0,0,0,0,0,0,0,0,0,0,0,0,0,0,0,14789.097,13680.078,12262.25,10828.674,9022.932,7395.938,6853.399,5787.668,4935.766,4346.393,3766.925,3285.743,2919.751,2332.988,2207.398,1738.339,1525.864,1248.483,1122.172,905.991,871.474,761.856,699.756,597.668,530.384,503.441,381.947,424.65,290.504,292.486,271.338,295.15,292.015,274.358,318.857,272.97,286.508,253.573,265.785,218.333,166.62,158.56,153.369,147.179,100.93,107.379,78.374,67.806,45.119,24.531,29.695,17.768,11.504,11.846,9.159,11.024,11.47,6.681,0,1.781,0,0,0,0,0,0,0,0,0,0,0,0,0,0,0,0,0,0,0,0,0,0,0,0,0,0,0,0,0,0,0,0,0,0,0,4.308,6.009,8.015,9.811,11.226,11.827,11.895,13.25,13.162,13.023,13.14,12.887,12.616,12.45,11,11.413,9.857,9.428,8.397,8.145,7.126,7.347,6.863,6.739,6.109,5.848,5.813,5.008,5.703,4.516,4.908,4.716,5.207,5.475,5.393,5.699,5.197,5.436,4.96,4.89,4.195,3.238,2.854,2.688,2.538,1.73,1.777,1.252,1.083,0.734,0.481,0.407,0.256,0.17,0.153,0.117,0.138,0.14,0.081,0,0.021,0.019,0,0,0,0
2026-09-17 05:20:00,1,"Normal Scan","Normal Scan",0,"ON",1,1,1,735,5,17.1,97.2,52.4,0.0000000683641,0.0000180415,4.97,8976.18,8.8,736.5,1,"Up Scan","Positive",254,0,4.37,1.6,8,8,0,1,1,13.731,21.822,16.529,9.647,1.816,3821.56,54,15.9,NA,0,0,0,0,0,0,0,0,0,0,0,0,0,0,0,0,0,0,0,0,0,0,0,0,0,0,0,0,0,0,0,14628.681,12381.601,11579.704,10303.108,9090.54,8131.939,6911.565,5939.288,5393.939,4399.42,4232.172,3665.587,3235.587,2764.84,2397.097,1729.788,1620.464,1367.025,1271.871,1025.013,947.133,860.866,746.679,645.711,629.978,566.469,538.91,456.893,385.337,331.211,303.522,252.768,260.854,233.466,316.578,316.648,306.092,338.392,310.506,251.455,235.392,202.31,157.802,153.697,113.633,78.868,68.466,42.855,48.142,28.432,25.893,14.075,12.828,13.307,12.217,6.299,0,3.368,0,3.576,0,0,0,0,0,0,0,0,0,0,0,0,0,0,0,0,0,0,0,0,0,0,0,0,0,0,0,0,0,0,0,0,0,0,0,4.783,5.993,7.268,9.28,10.677,11.893,13.082,13.353,13.529,14.23,13.297,14.46,14.05,13.799,13.017,12.396,9.841,10.019,9.182,9.236,8.072,8.003,7.827,7.225,6.702,6.861,6.524,6.563,6.038,5.608,5.462,5.27,5.094,5.356,4.954,6.113,6.012,5.723,6.148,5.547,4.485,4.068,3.439,2.774,2.563,1.862,1.284,1.134,0.753,0.708,0.415,0.366,0.223,0.17,0.172,0.155,0.079,0,0.04,0,0.041,0,0,0,0,0
2026-09-17 05:25:00,1,"Normal Scan","Normal Scan",0,"ON",1,1,1,734.8,5,16.8,97.2,52.6,0.000000068274,0.000018027,4.97,8976.18,8.8,736.5,1,"Up Scan","Positive",254,0,4.37,1.6,8,8,0,1,1,13.814,21.988,16.588,9.647,1.82,3795.88,55,15.6,NA,0,0,0,0,0,0,0,0,0,0,0,0,0,0,0,0,0,0,0,0,0,0,0,0,0,0,0,0,0,0,0,14434.486,12718.077,11287.239,9827.708,8852.187,7660.177,6573.024,6258.805,5360.692,4656.055,4324.819,3731.203,3448.644,2655.988,2437.656,1957.462,1704.501,1408.31,1083.037,1021.929,899.116,846.439,796.364,685.254,593.379,488.663,459.683,405.226,382.255,281.411,310.094,297.68,295.834,280.912,313.563,317.119,311.003,311.209,276.03,224.626,246.474,182.359,169.856,167.74,96.932,98.309,81.394,57.718,52.812,34.022,12.327,16.134,21.382,14.739,16.822,7.901,4.942,5.066,3.493,0,0,0,0,0,0,0,0,0,0,0,0,0,0,0,0,0,0,0,0,0,0,0,0,0,0,0,0,0,0,0,0,0,0,0,0,4.255,5.865,7.506,9.019,10.239,11.585,12.344,12.706,14.266,14.192,14.109,14.798,14.295,14.706,12.495,12.618,11.097,10.515,9.478,7.917,8.023,7.578,7.61,7.631,7.014,6.411,5.812,5.808,5.521,5.645,4.801,5.43,5.546,5.655,5.474,6.112,5.977,5.932,5.88,4.959,4.296,4.309,3.329,3.027,2.716,1.613,1.69,1.358,0.975,0.784,0.541,0.22,0.223,0.283,0.192,0.214,0.098,0.06,0.06,0.041,0,0,0,0,0,0
2026-09-17 05:30:00,1,"Normal Scan","Normal Scan",0,"ON",1,1,1,734.6,5,16.6,97.2,52.3,0.0000000682139,0.0000180173,4.97,8976.18,8.8,736.5,1,"Up Scan","Positive",254,0,4.37,1.6,8,8,0,1,1,13.551,21.354,16.219,9.647,1.798,4023.57,56,15.5,NA,0,0,0,0,0,0,0,0,0,0,0,0,0,0,0,0,0,0,0,0,0,0,0,0,0,0,0,0,0,0,0,15297.407,14140.293,12303.736,11208.854,9577.535,8877.45,7547.309,6613.928,5572.786,4784.018,4167.175,3608.926,3113.56,2743.599,2160.344,1955.435,1627.083,1279.325,1199.266,1011.11,909.369,825.597,735.338,653.741,606.824,509.216,425.188,375.855,364.319,321.498,294.304,291.369,307.251,278.171,300.819,340.001,295.888,303.196,263.558,266.182,245.713,162.285,177.907,162.912,114.465,97.084,76.534,64.253,52.521,32.518,30.667,19.421,22.961,17.707,10.734,7.928,1.656,0,0,0,0,0,0,0,0,0,0,0,0,0,0,0,0,0,0,0,0,0,0,0,0,0,0,0,0,0,0,0,0,0,0,0,0,0,0,4.328,6.205,8.37,9.823,11.607,12.57,14.319,14.568,15.034,14.712,14.446,14.243,13.862,13.272,12.923,11.201,11.08,10.05,8.607,8.708,7.956,7.646,7.424,7.077,6.729,6.613,5.962,5.472,5.209,5.375,5.284,5.292,5.445,5.681,5.639,5.955,6.214,5.731,5.776,4.977,4.846,4.341,3.081,3.087,2.749,1.889,1.655,1.273,1.022,0.799,0.469,0.422,0.261,0.321,0.23,0.136,0.098,0.02,0,0,0,0.02,0,0,0,0
2026-09-17 05:35:00,1,"Normal Scan","Normal Scan",0,"ON",1,1,1,735,5,17.1,97.2,52.5,0.0000000683641,0.0000180415,4.97,8976.18,8.8,736.5,1,"Up Scan","Positive",254,0,4.37,1.6,8,8,0,1,1,13.272,21.134,16.052,9.647,1.799,4195.21,55,15.9,NA,0,0,0,0,0,0,0,0,0,0,0,0,0,0,0,0,0,0,0,0,0,0,0,0,0,0,0,0,0,0,0,16802.076,15504.339,12993.555,12058.794,10585.975,8795.686,7581.548,6555.981,5434.302,4917.008,3949.425,3550.615,3009.463,2554.928,2194.239,1874.464,1551.056,1377.228,1199.776,1093.032,972.398,973.556,890.122,699.62,593.475,604.596,468.905,442.368,368.288,331.569,289.067,279.591,313.996,305.74,377.052,308.765,313.599,323.254,307.605,249.259,214.391,187.844,156.603,137.545,135.772,89.311,70.329,44.293,47.298,52.009,28.505,26.348,23.03,13.355,12.178,4.738,3.313,1.698,0.522,1.255,0,0,0,0,0,0,0,0,0,0,0,0,0,0,0,0,0,0,0,0,0,0,0,0,0,0,0,0,0,0,0,0,0,0,0,5.442,6.858,9.084,10.385,12.507,13.824,14.137,14.638,14.912,14.329,14.825,13.521,13.599,12.86,12.048,11.388,10.628,9.654,9.3,8.734,8.569,8.223,8.711,8.504,7.173,6.495,6.955,5.959,5.986,5.586,5.568,5.074,5.443,5.98,5.903,6.849,5.875,5.817,5.903,5.728,4.584,3.77,3.343,2.887,2.391,2.273,1.551,1.168,0.734,0.71,0.758,0.403,0.372,0.321,0.172,0.155,0.059,0.04,0.02,0.006,0.015,0.019,0,0,0,0
2026-09-17 05:40:00,1,"Normal Scan","Normal Scan",0,"ON",1,1,1,734.9,5,16.9,97.2,52.8,0.000000068304,0.0000180318,4.97,8976.18,8.8,736.5,1,"Up Scan","Positive",254,0,4.37,1.6,8,8,0,1,1,13.101,20.518,15.741,9.647,1.772,4553.32,56,15.7,NA,0,0,0,0,0,0,0,0,0,0,0,0,0,0,0,0,0,0,0,0,0,0,0,0,0,0,0,0,0,0,0,20034.155,16464.39,14605.765,13849.428,10701.318,9466.74,8366.978,6886.091,5882.611,5017.29,4223.278,3565.222,3402.821,2740.205,2509.596,1882.421,1637.749,1407.427,1265.134,1173.86,1131.846,1009.658,844.106,747.201,689.573,527.359,454.616,370.939,360.683,290.973,281.721,262.569,260.229,264.34,326.301,329.984,295.686,337.948,305.736,263.834,217.646,151.484,181.264,144.868,100.238,112.118,71.561,53.64,61.397,29.962,38.021,29.167,21.441,17.707,13.674,11.011,4.914,6.736,1.767,0,0,0,0,0,0,0,0,0,0,0,0,0,0,0,0,0,0,0,0,0,0,0,0,0,0,0,0,0,0,0,0,0,0,0,0,5.449,8.131,9.639,11.663,14.372,14.058,15.204,16.132,15.667,15.534,15.143,14.429,13.678,14.49,12.93,13.017,10.723,10.165,9.499,9.224,9.207,9.457,8.976,8.051,7.588,7.382,6.146,5.667,5.029,5.453,4.911,5.119,5.081,5.361,5.459,6.13,5.971,5.779,6.092,5.606,4.781,3.988,2.967,3.188,2.548,1.836,1.903,1.237,0.895,0.923,0.501,0.532,0.409,0.283,0.23,0.175,0.138,0.06,0.081,0.02,0,0,0,0,0,0
2026-09-17 05:45:00,1,"Normal Scan","Normal Scan",0,"ON",1,1,1,734.5,5,16.5,97.2,52.9,0.0000000681839,0.0000180125,4.97,8976.18,8.8,736.5,1,"Up Scan","Positive",254,0,4.37,1.6,8,8,0,1,1,13.595,23.228,16.768,9.647,1.899,4935.13,56,15.4,NA,0,0,0,0,0,0,0,0,0,0,0,0,0,0,0,0,0,0,0,0,0,0,0,0,0,0,0,0,0,0,0,21128.827,16902.991,14895.004,12660.808,10764.732,10350.642,8707.852,7624.302,6253.837,5562.072,4939.202,4203.273,3577.031,3010.485,2747.594,2337.082,1923.381,1622.93,1541.229,1342.508,1140.591,1201.56,1198.616,1058.985,1046.922,915.658,761.301,718.742,620.389,642.308,559.294,540.351,481.246,509.908,438.574,438.125,411.092,433.984,383.214,361.928,285.923,258.733,218.822,209.149,168.637,153.435,123.144,106.814,73.111,66.408,70.365,53.921,46.308,40.597,26.498,26.906,19.671,8.416,3.52,5.357,0,0,0,0,0,0,0,0,0,0,0,0,0,0,0,0,0,0,0,0,0,0,0,0,0,0,0,0,0,0,0,0,0,0,0,5.79,8.593,9.935,11.932,13.154,14.072,16.703,16.844,17.36,16.497,16.821,16.908,16.111,15.271,14.235,14.233,13.271,11.963,11.03,11.318,10.707,9.849,10.943,11.617,10.996,11.551,10.767,9.707,9.684,9.037,9.733,9.091,9.24,8.837,9.451,8.313,8.356,7.886,8.251,7.32,6.932,5.713,4.887,4.224,3.884,3.216,2.825,2.178,1.84,1.297,1.101,0.99,0.801,0.646,0.527,0.337,0.335,0.239,0.101,0.041,0.062,0.039,0,0,0,0
2026-09-17 05:50:00,1,"Normal Scan","Normal Scan",0,"ON",1,1,1,734.9,5,17,97.2,52.7,0.000000068334,0.0000180366,4.97,8976.18,8.8,736.5,1,"Up Scan","Positive",254,0,4.37,1.6,8,8,0,1,1,13.842,21.551,16.545,9.647,1.797,6320.58,55,16,NA,0,0,0,0,0,0,0,0,0,0,0,0,0,0,0,0,0,0,0,0,0,0,0,0,0,0,0,0,0,0,0,22547.128,21401.172,19330.069,16862.586,14458.928,13054.45,11175.109,10729.795,8722.066,7565.107,6961.112,6550.58,5702.738,4699.523,4050.538,3251.002,2857.111,2208.969,1978.846,1647.773,1495.499,1383.016,1231.134,1234.63,993.34,886.313,797.269,685.014,530.421,614.083,538.465,547.418,538.648,595.663,591.192,449.135,473.146,432.147,454.208,326.967,319.603,285.14,225.203,191.508,130.129,120.073,106.349,70.999,59.834,35.004,42.048,29.573,37.14,11.796,10.656,12.693,9.815,1.698,6.972,0,0,0,0,0,0,0,0,0,0,0,0,0,0,0,0,0,0,0,0,0,0,0,0,0,0,0,0,0,0,0,0,0,0,0,0,7.022,9.137,12.562,15.381,17.531,18.966,20.991,21.564,24.451,23.07,22.871,23.814,25.119,24.317,22.142,20.957,18.411,17.627,14.857,14.439,12.97,12.619,12.524,11.86,12.546,10.96,10.493,10.11,9.541,8.333,9.74,9.022,9.469,9.788,10.444,10.47,8.498,8.699,7.924,7.897,5.936,5.644,5.039,3.853,3.28,2.283,2.132,1.717,1.119,0.959,0.541,0.641,0.409,0.491,0.153,0.136,0.157,0.12,0.02,0.082,0,0,0,0,0,0
2026-09-17 05:55:00,1,"Normal Scan","Normal Scan",0,"ON",1,1,1,734.9,5,17,97.2,53.3,0.000000068334,0.0000180366,4.97,8976.18,8.8,736.5,1,"Up Scan","Positive",254,0,4.37,1.6,8,8,0,1,1,13.481,20.744,16.011,9.647,1.769,5772.48,56,15.8,NA,0,0,0,0,0,0,0,0,0,0,0,0,0,0,0,0,0,0,0,0,0,0,0,0,0,0,0,0,0,0,0,22355.024,20289.365,17472.319,16115.688,14384.906,12618.387,11549.151,9615.748,8065.585,6973.72,6060.697,5394.504,4310.485,3407.942,2916.313,2494.139,2126.597,1690.392,1667.088,1362.812,1232.064,1219.133,1108.143,1005.885,867.468,769.793,698.322,639.302,496.361,439.661,424.885,384.25,382.614,342.814,366.114,360.281,400.286,414.175,405.601,339.286,270.043,230.007,210.359,151.053,139.477,132.843,90.083,80.346,64.072,30.846,48.926,31.226,27.07,13.268,12.204,4.751,3.272,8.545,0,3.589,0,0,0,0,0,0,0,0,0,0,0,0,0,0,0,0,0,0,0,0,0,0,0,0,0,0,0,0,0,0,0,0,0,0,0,6.355,9.104,11.882,13.92,16.764,18.848,20.322,22.349,21.865,21.273,21.043,20.681,20.622,18.355,16.081,15.099,14.152,13.174,11.437,12.155,10.751,10.458,11.005,10.719,10.238,9.4,8.933,8.72,8.365,7.189,7.052,7.209,7.203,7.487,7.02,7.032,6.981,7.496,7.399,7.315,6.102,5.038,4.204,3.542,2.705,2.435,2.217,1.495,1.252,0.946,0.451,0.745,0.453,0.359,0.172,0.155,0.059,0.04,0.101,0,0.041,0,0,0,0,0
2026-09-17 06:00:00,1,"Normal Scan","Normal Scan",0,"ON",1,1,1,734.6,5,16.6,97.2,53.3,0.0000000682139,0.0000180173,4.97,8976.18,8.8,736.5,1,"Up Scan","Positive",254,0,4.37,1.6,8,8,0,1,1,13.876,21.675,16.554,9.647,1.803,5521.26,56,15.5,NA,0,0,0,0,0,0,0,0,0,0,0,0,0,0,0,0,0,0,0,0,0,0,0,0,0,0,0,0,0,0,0,20448.571,18117.537,16601.327,13837.672,13116.748,11624.559,10642.34,9114.175,7552.28,7049.136,6115.929,5611.076,4615.215,3759.082,3222.326,2816.823,2444.589,1944.828,1805.482,1599.653,1346.289,1290.865,1199.942,1070.856,1006.177,863.797,729.294,566.893,462.298,456.955,419.175,397.879,344.617,363.952,455.21,413.605,429.098,435.315,383.977,317.732,287.856,244.421,267.955,185.431,149.82,123.886,122.21,70.44,67.719,54.41,28.958,22.233,10.166,13.205,15.248,9.449,6.543,3.423,1.74,1.808,0,0,0,0,0,0,0,0,0,0,0,0,0,0,0,0,0,0,0,0,0,0,0,0,0,0,0,0,0,0,0,0,0,0,0,5.864,8.32,10.702,13.242,14.406,17.189,18.695,20.543,20.78,19.922,21.265,20.902,21.486,19.69,17.727,16.732,15.978,15.12,13.124,13.156,12.615,11.409,11.659,11.418,10.853,10.788,9.957,8.982,7.562,7.11,7.366,7.326,7.492,6.98,7.216,8.524,7.79,8.373,7.917,6.979,5.878,5.297,4.314,4.546,3.213,2.484,1.952,1.93,1.171,1.03,0.794,0.44,0.316,0.151,0.172,0.194,0.118,0.08,0.04,0.02,0.021,0.02,0,0,0,0
2026-09-17 06:05:00,1,"Normal Scan","Normal Scan",0,"ON",1,1,1,734.8,5,16.8,97.2,53,0.000000068274,0.000018027,4.97,8976.18,8.8,736.5,1,"Up Scan","Positive",254,0,4.37,1.6,8,8,0,1,1,13.922,22.786,17.032,9.647,1.861,6343.38,56,15.7,NA,0,0,0,0,0,0,0,0,0,0,0,0,0,0,0,0,0,0,0,0,0,0,0,0,0,0,0,0,0,0,0,21892.896,20794.895,19080.373,17013.311,15138.812,13035.548,12019.283,9619.507,8777.332,7503.385,6327.313,5771.601,4863.16,4455.991,3560.327,3283.056,2887.781,2513.188,2100.813,1879.41,1708.735,1650.547,1531.155,1455.527,1340.225,1175.156,1064.347,1005.045,882.402,847.102,697.976,787.741,712.694,632.701,523.907,518.98,516.723,543.938,487.623,401.888,423.287,307.379,285.113,195.801,184.161,151.397,85.983,80.654,62.599,34.219,38.844,22.38,27.323,16.336,24.408,15.722,14.122,7.354,5.205,3.576,0,0,0,0,0,0,0,0,0,0,0,0,0,0,0,0,0,0,0,0,0,0,0,0,0,0,0,0,0,0,0,0,0,0,0,6.797,8.938,12.223,15.206,17.65,19.822,21.016,23.225,21.939,23.186,22.699,21.673,22.156,20.799,21.03,18.486,18.655,17.912,16.952,15.406,14.94,14.556,15.047,14.972,15.137,14.77,13.877,13.622,13.412,12.593,12.583,11.228,13.166,12.437,11.431,10.157,9.809,9.627,9.577,8.746,7.218,7.183,5.417,4.739,3.42,3.038,2.528,1.52,1.391,1.054,0.559,0.623,0.335,0.397,0.211,0.311,0.197,0.172,0.088,0.061,0.041,0.039,0,0,0,0
2026-09-17 06:10:00,1,"Normal Scan","Normal Scan",0,"ON",1,1,1,735,5,17.1,97.2,53.6,0.0000000683641,0.0000180415,4.97,8976.18,8.8,736.5,1,"Up Scan","Positive",254,0,4.37,1.6,8,8,0,1,1,13.709,22.129,16.628,9.647,1.835,5921.87,56,15.9,NA,0,0,0,0,0,0,0,0,0,0,0,0,0,0,0,0,0,0,0,0,0,0,0,0,0,0,0,0,0,0,0,21378.779,19539.829,18249.237,16261.982,14748.036,12453.484,10939.758,9726.209,7838.883,7335.793,6301.546,5219.042,4794.733,3952.883,3367.184,2701.943,2463.096,2062.389,1676.2,1505.098,1357.949,1324.503,1317.024,1206.978,1039.141,886.702,761.37,689.559,655.81,559.758,540.319,567.68,569.419,557.887,577.008,564.764,574.989,538.618,468.691,451.377,325.477,302.737,247.68,183.725,159.217,123.922,100.771,90.263,64.649,40.706,24.045,33.219,22.812,16.21,9.198,9.503,9.815,3.41,6.902,0,0,0,0,0,0,0,0,0,0,0,0,0,0,0,0,0,0,0,0,0,0,0,0,0,0,0,0,0,0,0,0,0,0,0,0,5.933,8.771,11.474,14.514,16.939,19.333,20.014,21.085,22.12,20.67,22.152,21.532,20.027,20.454,18.617,17.427,15.341,15.241,13.929,12.295,11.908,11.54,11.989,12.677,12.347,11.377,10.533,9.832,9.673,9.832,9.202,9.587,10.263,10.438,10.435,10.453,10.284,10.225,9.487,8.279,7.7,5.85,5.376,4.193,3.053,2.693,2.062,1.666,1.38,1.012,0.631,0.421,0.447,0.302,0.211,0.117,0.118,0.12,0.04,0.082,0,0,0,0,0,0
2026-09-17 06:15:00,1,"Normal Scan","Normal Scan",0,"ON",1,1,1,734.8,5,16.8,97.2,53.8,0.000000068274,0.000018027,4.97,8976.18,8.8,736.5,1,"Up Scan","Positive",254,0,4.37,1.6,8,8,0,1,1,13.577,22.008,16.469,9.647,1.834,5039.16,57,15.6,NA,0,0,0,0,0,0,0,0,0,0,0,0,0,0,0,0,0,0,0,0,0,0,0,0,0,0,0,0,0,0,0,19619.105,17853.255,14886.431,13980.9,11718.315,10976.813,8996.76,7853.437,6573.868,6040.424,5481.08,4298.285,3741.818,3425.093,2752.117,2250.561,1951.766,1732.529,1527.289,1352.878,1252.558,1199.793,1066.674,996.071,904.237,881.419,668.247,556.048,579.253,458.484,408.023,417.923,408.088,397.297,402.237,384.329,402.354,415.375,407.549,358.806,295.825,237.586,243.057,180.071,168.638,117.168,86.619,75.538,49.008,49.3,49.002,26.52,25.876,19.315,27.464,9.489,4.873,5.094,1.74,3.576,0,0,0,0,0,0,0,0,0,0,0,0,0,0,0,0,0,0,0,0,0,0,0,0,0,0,0,0,0,0,0,0,0,0,0,5.336,7.991,10.508,11.907,14.576,15.341,17.663,17.394,17.888,17.378,18.271,18.744,16.468,15.983,16.151,14.283,12.814,12.121,11.7,11.17,10.71,10.674,10.806,10.3,10.234,9.814,10.121,8.398,7.693,8.271,7.306,7.16,7.637,7.802,7.943,7.752,7.375,7.737,7.59,7.508,6.366,5.275,4.308,4.213,3.208,2.851,1.976,1.495,1.328,0.799,0.722,0.715,0.391,0.359,0.249,0.35,0.118,0.06,0.06,0.02,0.041,0.019,0,0,0,0
2026-09-17 06:20:00,1,"Normal Scan","Normal Scan",0,"ON",1,1,1,734.5,5,16.5,97.2,53.7,0.0000000681839,0.0000180125,4.97,8976.18,8.8,736.5,1,"Up Scan","Positive",254,0,4.37,1.6,8,8,0,1,1,13.594,22.68,16.619,9.647,1.869,5491.2,58,15.3,NA,0,0,0,0,0,0,0,0,0,0,0,0,0,0,0,0,0,0,0,0,0,0,0,0,0,0,0,0,0,0,0,19427.873,18922.103,17477.451,15437.338,13606.294,11897.715,10391.647,9103.687,7529.165,6285.054,5713.374,4682.406,3944.937,3445.97,2957.199,2453.262,2055.419,1769.849,1431.658,1268.945,1119.62,1032.594,943.925,916.695,855.058,722.99,788.847,723.498,678.378,586.067,562.848,524.063,578.504,511.498,581.392,573.106,562.887,538.87,577.019,508.267,403.727,331.001,247.998,197.595,182.937,169.936,136.089,74.92,72.669,49.917,52.949,36.485,11.234,13.193,12.344,9.347,9.76,11.816,6.958,0,0,0,0,0,0,0,0,0,0,0,0,0,0,0,0,0,0,0,0,0,0,0,0,0,0,0,0,0,0,0,0,0,0,0,0,5.763,7.877,11.107,14.076,16.012,17.847,19.159,20.042,20.739,19.909,19.005,19.536,17.955,16.841,16.254,15.296,13.902,12.716,11.88,10.466,10.028,9.544,9.536,9.379,9.659,9.596,8.766,10.126,9.968,10.064,9.569,9.974,9.825,10.929,10.28,11.011,10.707,10.188,9.667,10.092,9.042,7.086,5.73,4.277,3.512,3.124,2.696,2.16,1.18,1.163,0.794,0.83,0.498,0.17,0.173,0.157,0.117,0.12,0.141,0.082,0,0.039,0,0,0,0
2026-09-17 06:25:00,1,"Normal Scan","Normal Scan",0,"ON",1,1,1,735,5,17.1,97.2,53.8,0.0000000683641,0.0000180415,4.97,8976.18,8.8,736.5,1,"Up Scan","Positive",254,0,4.37,1.6,8,8,0,1,1,13.575,21.86,16.315,9.647,1.823,5497.54,57,15.9,NA,0,0,0,0,0,0,0,0,0,0,0,0,0,0,0,0,0,0,0,0,0,0,0,0,0,0,0,0,0,0,0,19717.46,18784.952,16398.183,15518.752,14697.691,12264.533,10786.715,9345.178,8032.834,6834.767,5928.58,4881.631,4085.368,3451.982,2738.852,2232.173,1846.721,1588.69,1359.965,1196.299,1137.484,862.205,899.741,891.115,795.244,658.528,689.499,648.882,532.809,483.905,464.694,419.168,493.333,458.891,452.627,441.455,463.329,494.197,497.955,460.185,407.058,337.109,242.592,210.37,152.121,172.759,122.622,64.66,56.508,57.432,39.562,40.203,11.49,19.203,21.376,11.104,6.531,6.722,5.232,0,0,0,0,0,0,0,0,0,0,0,0,0,0,0,0,0,0,0,0,0,0,0,0,0,0,0,0,0,0,0,0,0,0,0,0,5.94,8.051,11.052,13.121,16.134,19.179,19.769,20.804,21.251,21.187,20.641,20.238,18.68,17.424,16.219,14.175,12.667,11.382,10.675,9.957,9.446,9.614,7.997,8.832,9.214,8.796,7.937,8.656,8.921,8.066,7.905,8.148,8.112,9.607,9.204,9.158,8.897,8.752,8.902,8.781,8.254,7.13,5.567,4.32,3.605,2.714,2.699,1.998,1.1,0.905,0.884,0.586,0.558,0.151,0.249,0.272,0.138,0.08,0.081,0.061,0,0,0,0,0,0
2026-09-17 06:30:00,1,"Normal Scan","Normal Scan",0,"ON",1,1,1,734.9,5,16.9,97.2,54.3,0.000000068304,0.0000180318,4.97,8976.18,8.8,736.5,1,"Up Scan","Positive",254,0,4.37,1.6,8,8,0,1,1,13.371,21.629,16.197,9.647,1.819,7020.72,57,15.6,NA,0,0,0,0,0,0,0,0,0,0,0,0,0,0,0,0,0,0,0,0,0,0,0,0,0,0,0,0,0,0,0,26110.812,23603.802,23607.542,20501.795,18083.65,15533.892,13429.364,11994.595,9405.65,7859.916,6578.409,5325.27,4215.083,3488.038,3545.465,3958.005,3485.481,2812.434,2140.567,1660.81,1332.596,1161.306,932.908,994.929,960.168,900.148,800.972,786.23,683.878,680.601,615.437,584.485,496.827,476.823,494.69,543.937,673.41,692.13,596.755,563.571,477.129,368.573,289.421,266.994,198.126,158.19,130.206,109.244,80.726,59.69,57.456,41.541,20.05,23.671,19.854,14.281,12.963,10.118,6.986,5.37,0,0,0,0,0,0,0,0,0,0,0,0,0,0,0,0,0,0,0,0,0,0,0,0,0,0,0,0,0,0,0,0,0,0,0,6.166,10.639,13.957,18.874,21.338,23.68,24.995,25.926,27.28,24.823,23.722,22.528,20.505,18.094,16.535,18.396,22.329,21.351,18.636,15.436,13.036,11.364,10.647,9.326,10.487,10.755,10.698,10.21,10.538,10.016,10.689,10.754,11.272,10.214,10.283,10.297,10.614,12.047,12.365,10.559,9.802,8.314,6.507,5.088,4.62,3.48,2.564,2.165,1.778,1.344,0.912,0.861,0.633,0.264,0.307,0.253,0.177,0.159,0.121,0.082,0.062,0,0,0,0,0
2026-09-17 06:35:00,1,"Normal Scan","Normal Scan",0,"ON",1,1,1,734.6,5,16.6,97.2,54.3,0.0000000682139,0.0000180173,4.97,8976.18,8.8,736.5,1,"Up Scan","Positive",254,0,4.37,1.6,8,8,0,1,1,16.461,19.381,17.136,14.855,1.49,16904.6,58,15.3,NA,0,0,0,0,0,0,0,0,0,0,0,0,0,0,0,0,0,0,0,0,0,0,0,0,0,0,0,0,0,0,0,20955.483,20426.108,21306.581,22871.677,34005.344,45685.223,56035.661,53766.576,54156.71,48867.645,41632.917,33980.468,26054.465,16856.155,10731.377,7155.467,4488.124,2825.973,1864.646,1467.105,1216.696,1232.5,953.128,922.011,787.056,786.573,616.619,516.8,433.959,425.852,498.143,469.161,564.873,643.323,691.456,734.152,624.409,618.965,550.864,541.336,435.62,339.676,280.852,216.004,163.884,125.614,113.802,55.745,60.955,61.426,26.181,20.479,28.97,14.701,13.84,12.599,3.312,1.712,1.753,7.233,0,0,0,0,0,0,0,0,0,0,0,0,0,0,0,0,0,0,0,0,0,0,0,0,0,0,0,0,0,0,0,0,0,0,0,5.127,8.523,12.032,17.058,24.066,44.99,74.185,108.564,122.625,142.979,147.211,141.771,129.538,110.159,78.581,54.89,39.961,27.362,18.733,13.469,11.482,10.325,11.059,9.184,9.415,8.676,9.375,8.159,7.812,7.698,8.157,9.407,9.487,10.901,12.174,12.633,12.904,11.253,10.722,9.468,9.199,7.356,5.738,4.767,3.648,2.667,2.138,1.792,1.013,0.924,0.884,0.385,0.316,0.416,0.192,0.175,0.157,0.04,0.02,0.02,0.082,0,0,0,0,0
2026-09-17 06:40:00,1,"Normal Scan","Normal Scan",0,"ON",1,1,1,734.9,5,16.9,97.2,54,0.000000068304,0.0000180318,4.97,8976.18,8.8,736.5,1,"Up Scan","Positive",254,0,4.37,1.6,8,8,0,1,1,14.157,21.482,16.318,10.366,1.774,7071.29,57,15.7,NA,0,0,0,0,0,0,0,0,0,0,0,0,0,0,0,0,0,0,0,0,0,0,0,0,0,0,0,0,0,0,0,21306.307,22881.456,19479.539,17278.724,18295.064,17023.765,16319.716,15769.815,14341.142,11521.718,8575.703,6534.924,4746.62,3646.439,2947.174,2430.62,2069.234,1693.007,1496.428,1368.443,1305.575,1176.877,1088.32,976.631,925.133,873.541,755.933,709.454,608.35,567.8,539.305,438.948,408.785,440.322,455.574,425.743,544.786,618.315,537.708,543.26,474.183,438.548,325.994,237.997,270.963,217.948,154.583,118.31,82.006,71.149,60.969,29.382,37.722,29.566,25.948,15.869,8.156,5.052,5.239,5.411,0,0,0,0,0,0,0,0,0,0,0,0,0,0,0,0,0,0,0,0,0,0,0,0,0,0,0,0,0,0,0,0,0,0,0,5.074,8.797,13.446,15.555,18.006,23.986,27.474,31.572,35.887,37.781,34.711,29.202,24.968,20.181,17.17,15.274,13.806,12.833,11.44,10.969,10.831,11.113,10.744,10.628,10.132,10.219,10.278,9.399,9.429,9.045,8.873,9.408,8.979,8.969,9.57,9.808,9.535,10.534,11.312,10.291,9.929,8.397,7.569,5.743,4.282,4.406,3.616,2.544,1.956,1.336,1.06,0.88,0.447,0.548,0.383,0.33,0.197,0.1,0.06,0.061,0.062,0.039,0,0,0,0
2026-09-17 06:45:00,1,"Normal Scan","Normal Scan",0,"ON",1,1,1,734.9,5,17,97.2,54.7,0.000000068334,0.0000180366,4.97,8976.18,8.8,736.5,1,"Up Scan","Positive",254,0,4.37,1.6,8,8,0,1,1,13.865,23.07,16.895,9.647,1.87,5097.66,58,15.7,NA,0,0,0,0,0,0,0,0,0,0,0,0,0,0,0,0,0,0,0,0,0,0,0,0,0,0,0,0,0,0,0,17446.053,15264.125,14695.894,14305.714,13770.525,11620.986,9729.177,8353.852,7188.509,6124.607,5442.609,4834.188,4098.501,3511.982,2962.515,2470.883,1950.491,1678.608,1488.108,1247.017,1106.525,1156.425,968.429,940.472,878.475,751.823,655.817,580.295,480.242,445.751,474.018,468.121,486.183,441.204,491.774,478.042,488.653,466.603,513.326,433.271,433.326,379.929,295.526,257.344,187.569,173.373,146.041,91.124,70.403,51.313,50.522,35.774,24.049,6.287,6.102,7.928,8.145,1.698,3.52,5.411,0,0,0,0,0,0,0,0,0,0,0,0,0,0,0,0,0,0,0,0,0,0,0,0,0,0,0,0,0,0,0,0,0,0,0,4.668,7.077,9.014,11.789,14.866,18.08,18.71,18.776,19,18.954,18.522,18.627,18.547,17.456,16.524,15.31,13.983,12.098,11.292,10.879,9.888,9.409,10.456,9.378,9.613,9.607,8.922,8.388,8.082,7.467,7.568,8.457,8.805,9.467,9.061,9.886,9.735,9.526,8.865,9.258,7.945,7.712,6.408,5.007,4.309,3.2,2.774,2.2,1.397,1.101,0.74,0.715,0.54,0.335,0.082,0.078,0.098,0.1,0.02,0.041,0.062,0,0,0,0,0
2026-09-17 06:50:00,1,"Normal Scan","Normal Scan",0,"ON",1,1,1,734.7,5,16.7,97.2,54.7,0.0000000682439,0.0000180222,4.97,8976.18,8.8,736.5,1,"Up Scan","Positive",254,0,4.37,1.6,8,8,0,1,1,14.417,26.67,18.41,9.647,2.031,4654.88,59,15.4,NA,0,0,0,0,0,0,0,0,0,0,0,0,0,0,0,0,0,0,0,0,0,0,0,0,0,0,0,0,0,0,0,14945.798,13550.743,12480.026,12121.79,10708.191,10034.765,8804.55,7564.877,6561.579,5550.597,4793.606,4172.323,3391.909,2894.969,2468.137,2057.869,1835.809,1484.792,1329.143,1179.717,1080.966,1251.217,1421.843,1647.64,1434.082,1274.99,1055.147,950.424,861.417,836.341,794.12,782.177,796.17,704.557,628.697,615.465,584.693,571.275,600.453,598.671,529.152,401.441,344.388,239.316,240.009,163.35,146.525,126.632,74.711,73.293,57.77,43.324,33.621,19.166,10.629,15.802,1.643,8.489,3.52,1.795,0,0,0,0,0,0,0,0,0,0,0,0,0,0,0,0,0,0,0,0,0,0,0,0,0,0,0,0,0,0,0,0,0,0,0,3.581,6.061,7.894,10.043,12.579,14.04,16.207,17.01,17.248,17.299,16.751,16.37,15.966,14.487,13.646,12.789,11.708,11.463,10.25,10.117,9.759,9.637,11.665,13.916,16.892,15.774,15.079,13.588,13.047,12.615,12.903,13.194,13.187,14.282,13.437,12.472,11.881,11.215,10.542,10.852,10.445,9.138,7.089,5.936,4.19,4.003,2.744,2.344,1.94,1.153,1.059,0.862,0.622,0.446,0.249,0.136,0.197,0.02,0.101,0.041,0.021,0,0,0,0,0
2026-09-17 06:55:00,1,"Normal Scan","Normal Scan",0,"ON",1,1,1,734.6,5,16.6,97.2,54.5,0.0000000682139,0.0000180173,4.97,8976.18,8.8,736.5,1,"Up Scan","Positive",254,0,4.37,1.6,8,8,0,1,1,14.895,24.461,17.877,10.366,1.891,6416.31,59,15.4,NA,0,0,0,0,0,0,0,0,0,0,0,0,0,0,0,0,0,0,0,0,0,0,0,0,0,0,0,0,0,0,0,16755.341,17270.72,15746.054,15751.534,15531.9,14676.741,13333.712,12412.768,10817.13,9502.309,8157.394,6707.312,5444.683,4889.669,4166.266,3366.058,3011.171,2439.736,2254.342,2081.516,1878.519,1618.797,1356.75,1181.967,993.551,1014.686,896.926,834.313,827.505,794.935,780.686,753.198,732.857,574.769,681.865,660.521,629.221,582.024,629.789,587.405,543.97,491.575,422.283,355.213,243.386,222.579,167.982,137,110.009,80.492,54.191,61.506,34.532,20.663,16.781,12.692,6.53,6.791,0,7.192,0,0,0,0,0,0,0,0,0,0,0,0,0,0,0,0,0,0,0,0,0,0,0,0,0,0,0,0,0,0,0,0,0,0,0,4.339,6.871,10.173,12.612,16.415,20.368,23.687,25.792,28.28,28.597,28.69,27.861,25.743,23.261,23.065,21.607,19.145,18.627,16.402,16.35,16.198,15.801,14.634,13.195,12.447,11.378,12.28,11.751,11.539,12.148,12.627,13.017,13.246,13.549,11.977,13.399,13.187,12.527,11.431,11.652,10.521,9.748,8.579,7.213,5.887,4.269,3.637,2.639,2.143,1.706,1.173,0.784,0.898,0.491,0.268,0.214,0.157,0.08,0.081,0,0.082,0.039,0,0,0,0
2026-09-17 07:00:00,1,"Normal Scan","Normal Scan",0,"ON",1,1,1,735,5,17.1,97.2,54.8,0.0000000683641,0.0000180415,4.97,8976.18,8.8,736.5,1,"Up Scan","Positive",254,0,4.37,1.6,8,8,0,1,1,14.95,23.191,17.565,9.647,1.821,6175.36,57,15.9,NA,0,0,0,0,0,0,0,0,0,0,0,0,0,0,0,0,0,0,0,0,0,0,0,0,0,0,0,0,0,0,0,15625.411,15589.078,15325.569,15438.914,14913.592,14507.131,12968.868,11939.772,10816.134,9714.412,8292.88,6990.738,5890.7,4851.543,4358.325,3422.472,2872.795,2240.263,1983.904,1806.372,1713.676,1482.797,1432.297,1289.927,1218.838,992.749,845.589,682.217,645.426,526.696,553.602,467.488,461.396,449.503,435.8,426.483,454.917,441.971,548.481,524.521,468.13,432.338,385.18,301.137,211.575,150.666,131.247,95.931,93.249,49.815,43.178,27.832,20.244,14.839,18.397,14.214,3.313,5.094,0,1.795,0,0,0,0,0,0,0,0,0,0,0,0,0,0,0,0,0,0,0,0,0,0,0,0,0,0,0,0,0,0,0,0,0,0,0,4.331,6.399,9.182,12.283,16.093,19.522,23.36,25.085,27.198,28.547,29.314,28.361,26.772,25.084,22.853,22.528,19.433,17.762,15.142,14.513,14.27,14.464,13.385,13.666,13.15,13.041,11.549,10.459,9.204,9.237,8.529,9.33,8.707,9.508,9.697,9.393,9.306,9.588,8.905,9.915,9.062,8.063,7.415,6.28,5.083,3.436,2.427,2.085,1.568,1.42,0.737,0.623,0.391,0.302,0.192,0.233,0.177,0.04,0.06,0,0.021,0.039,0,0,0,0
2026-09-17 07:05:00,1,"Normal Scan","Normal Scan",0,"ON",1,1,1,735.4,5,17.6,97.2,54.8,0.0000000685143,0.0000180656,4.97,8976.18,8.8,736.5,1,"Up Scan","Positive",254,0,4.37,1.6,8,8,0,1,1,14.255,22.744,17.04,9.647,1.835,5417.01,56,16.5,NA,0,0,0,0,0,0,0,0,0,0,0,0,0,0,0,0,0,0,0,0,0,0,0,0,0,0,0,0,0,0,0,16382.048,15755.917,14933.812,15032.817,13422.025,12173.038,10881.391,9754.606,8794.245,7366.914,6398.363,5408.165,4585.774,4045.81,3186.655,2743.393,2161.43,1818.405,1580.605,1305.318,1249.373,1239.457,1072.143,1055.366,1001.092,834.602,822.283,743.196,633.46,560.026,463.743,475.471,349.987,388.413,362.884,391.449,346.676,497.913,493.098,441.964,430.862,385.111,357.682,244.225,190.835,145.396,123.922,85.18,48.998,46.676,32.702,27.657,28.612,22.171,4.567,6.299,6.543,1.698,1.726,0,0,0,0,0,0,0,0,0,0,0,0,0,0,0,0,0,0,0,0,0,0,0,0,0,0,0,0,0,0,0,0,0,0,0,0,4.493,6.649,9.301,11.942,15.592,17.593,19.583,21.015,22.19,23.185,22.224,21.842,20.706,19.532,18.992,16.47,15.512,13.397,12.242,11.583,10.397,10.653,11.325,10.494,10.91,10.902,9.746,10.104,9.534,8.992,8.632,7.741,8.769,7.758,8.468,8.048,8.49,7.786,9.227,8.79,7.938,7.376,6.38,5.872,4.003,3.092,2.431,2.009,1.267,0.753,0.685,0.476,0.372,0.396,0.287,0.058,0.079,0.08,0.02,0.02,0,0.019,0,0,0,0
2026-09-17 07:10:00,1,"Normal Scan","Normal Scan",0,"ON",1,1,1,736,5,18.4,97.2,54.6,0.0000000687548,0.0000181041,4.97,8976.18,8.8,736.5,1,"Up Scan","Positive",254,0,4.37,1.6,8,8,0,1,1,14.317,21.652,16.797,11.14,1.769,6295.34,54,17.3,NA,0,0,0,0,0,0,0,0,0,0,0,0,0,0,0,0,0,0,0,0,0,0,0,0,0,0,0,0,0,0,0,17780.78,17555.827,18145.318,16734.942,16002.369,14839.402,13155.345,11632.546,10104.677,9072.571,7627.678,6800.906,5557.95,4696.553,4067.378,3314.93,2713.703,2358.65,2085.978,1724.726,1574.317,1314.538,1221.493,1019.741,979.558,898.827,751.603,670.533,531.803,537.507,444.644,410.68,332.943,307.82,343.71,359.781,333.276,444.427,458.279,493.687,406.844,368.155,342.252,244.394,158.339,123.58,123.96,75.605,60.625,19.644,31.394,33.05,18.568,17.67,9.225,6.366,4.873,5.094,0,0,0,0,0,0,0,0,0,0,0,0,0,0,0,0,0,0,0,0,0,0,0,0,0,0,0,0,0,0,0,0,0,0,0,0,0,4.633,7.229,10.35,14.425,17.365,20.912,23.883,25.329,26.419,26.605,27.364,26.031,25.975,23.661,22.073,21.004,18.774,16.705,15.814,15.06,13.53,13.236,11.886,11.725,10.468,10.614,10.366,9.147,8.657,7.588,8.174,7.522,7.703,7.327,7.496,7.637,7.836,7.487,8.381,8.043,8.354,7.135,6.171,5.392,3.909,2.709,2.008,1.951,1.156,0.94,0.306,0.458,0.446,0.245,0.23,0.116,0.079,0.06,0.06,0,0,0,0,0,0,0
2026-09-17 07:15:00,1,"Normal Scan","Normal Scan",0,"ON",1,1,1,736.4,5,19,97.2,54.2,0.0000000689351,0.0000181329,4.97,8976.18,8.8,736.5,1,"Up Scan","Positive",254,0,4.37,1.6,8,8,0,1,1,14.689,21.816,17.093,9.647,1.762,5965.88,53,18.1,NA,0,0,0,0,0,0,0,0,0,0,0,0,0,0,0,0,0,0,0,0,0,0,0,0,0,0,0,0,0,0,0,17063.562,16262.204,14808.452,15251.103,14555.961,13452.198,12422.712,10465.599,9797.156,8528.936,7744.856,6595.929,5953.227,5254.819,4127.227,3684.246,3235.542,2818.594,2345.414,2037.221,1726.419,1441.324,1185.075,1050.374,901.98,769.666,651.549,566.197,446.526,394.39,329.097,336.461,317.062,314.622,309.287,348.526,347.384,366.076,434.075,399.102,396.017,321.236,295.087,231.666,148.952,121.09,102.779,73.547,44.121,35.556,26.441,20.042,16.462,14.702,6.076,12.653,0,1.67,0,0,0,0,0,0,0,0,0,0,0,0,0,0,0,0,0,0,0,0,0,0,0,0,0,0,0,0,0,0,0,0,0,0,0,0,0,4.878,6.96,9.52,11.771,15.798,18.975,21.614,23.909,23.746,25.774,25.73,26.397,25.263,25.379,24.704,21.353,20.83,19.903,18.777,16.894,15.774,14.342,12.829,11.307,10.582,9.592,8.793,8.012,7.35,6.555,6.331,6.026,6.444,6.836,6.966,7.151,7.341,7.274,7.154,7.638,7.023,6.699,5.266,4.777,3.754,2.43,1.94,1.629,1.098,0.709,0.508,0.362,0.269,0.217,0.191,0.078,0.157,0,0.02,0,0,0,0,0,0,0
2026-09-17 07:20:00,1,"Normal Scan","Normal Scan",0,"ON",1,1,1,736.1,5,18.6,97.2,54.1,0.0000000688149,0.0000181137,4.97,8976.18,8.8,736.5,1,"Up Scan","Positive",254,0,4.37,1.6,8,8,0,1,1,14.498,23.749,17.384,10.366,1.873,5215.43,53,17.5,NA,0,0,0,0,0,0,0,0,0,0,0,0,0,0,0,0,0,0,0,0,0,0,0,0,0,0,0,0,0,0,0,15034.235,15782.267,14193.051,13242.987,11867.494,11832.381,10070.92,9527.86,8243.689,7600.261,6588.013,5522.617,4727.486,3699.495,3202.752,2610.523,2480.01,2081.683,1674.489,1488.042,1433.47,1223.538,971.092,970.524,720.857,701.611,663.226,587.983,502.443,452.999,403.618,478.163,422.748,431.136,450.763,490.119,478.685,479.5,547.114,531.419,449.124,396.536,347.227,324.043,232.572,175.404,139.051,86.556,83.484,54.665,51.221,43.602,34.665,11.846,24.496,9.451,11.485,0,5.205,1.781,0,0,0,0,0,0,0,0,0,0,0,0,0,0,0,0,0,0,0,0,0,0,0,0,0,0,0,0,0,0,0,0,0,0,0,4.691,6.078,9.232,11.274,13.746,15.529,18.993,19.421,21.612,21.71,22.885,22.467,21.104,20.137,17.407,16.575,14.842,15.287,13.909,12.184,11.569,11.974,11.029,9.404,9.924,7.978,8.256,8.499,8.061,7.571,7.67,7.735,8.906,8.838,9.483,9.696,10.007,9.735,9.61,9.964,9.46,7.839,6.903,5.778,5.396,3.892,2.923,2.179,1.475,1.266,0.835,0.743,0.609,0.476,0.153,0.31,0.118,0.139,0,0.061,0.021,0.019,0,0,0,0
2026-09-17 07:25:00,1,"Normal Scan","Normal Scan",0,"ON",1,1,1,735.7,5,18,97.2,53.4,0.0000000686345,0.0000180848,4.97,8976.18,8.8,736.5,1,"Up Scan","Positive",254,0,4.37,1.6,8,8,0,1,1,16.141,23.531,18.597,11.971,1.782,7378.25,55,16.9,NA,0,0,0,0,0,0,0,0,0,0,0,0,0,0,0,0,0,0,0,0,0,0,0,0,0,0,0,0,0,0,0,15362.357,14502.892,15133.697,16298.245,15871.207,16279.393,15164.006,14834.173,12882.565,12073.5,10653.925,9406.233,8556.21,7285.836,6118.715,5352.637,5129.105,4217.453,3287.169,2796.143,2805.165,3058.606,3017.721,2513.335,1908.917,1465.253,1187.127,953.555,801.309,572.666,437.069,437.003,395.673,410.246,401.318,433.762,501.164,514.772,479.889,526.974,483.596,391.603,305.258,233.578,186.171,125.521,101.981,67.791,54.722,37.35,23.387,13.971,15.896,11.783,7.637,7.901,0,1.698,5.232,1.822,0,0,0,0,0,0,0,0,0,0,0,0,0,0,0,0,0,0,0,0,0,0,0,0,0,0,0,0,0,0,0,0,0,0,0,4.588,6.288,8.478,12.077,16.97,20.805,26.227,29.241,33.738,34.017,36.47,36.413,36.082,36.521,34.299,31.668,30.403,31.789,28.604,24.145,22.086,23.507,27.026,28.209,24.836,19.892,16.297,14.042,12.082,11.129,8.875,8.024,8.573,8.275,8.962,8.893,9.013,9.582,9.31,8.576,8.845,7.972,6.31,5.012,3.768,2.884,1.987,1.626,1.064,0.816,0.523,0.366,0.205,0.226,0.153,0.097,0.098,0,0.02,0.061,0.021,0,0,0,0,0
2026-09-17 07:30:00,1,"Normal Scan","Normal Scan",0,"ON",1,1,1,735.4,5,17.6,97.2,53.1,0.0000000685143,0.0000180656,4.97,8976.18,8.8,736.5,1,"Up Scan","Positive",254,0,4.37,1.6,8,8,0,1,1,14.343,23.886,17.455,10.366,1.894,3895.87,57,16.5,NA,0,0,0,0,0,0,0,0,0,0,0,0,0,0,0,0,0,0,0,0,0,0,0,0,0,0,0,0,0,0,0,11557.487,12822.845,10980.698,10377.388,8496.315,8076.833,6993.492,6430.117,6129.341,4892.419,4691.667,4112.902,3595.615,2761.517,2303.747,2050.269,1942.773,1605.845,1311.504,1274.77,1014.061,1011.291,821.206,772.563,636.656,608.758,539.851,409.676,404.103,391.853,339.941,332.683,340.459,337.467,370.119,427.066,424.402,418.526,470.887,422.121,392.041,354.629,266.054,201.967,129.903,129.399,76.083,56.801,32.637,30.843,29.644,19.414,11.627,8.854,15.339,6.273,3.244,1.712,0,0,0,0,0,0,0,0,0,0,0,0,0,0,0,0,0,0,0,0,0,0,0,0,0,0,0,0,0,0,0,0,0,0,0,0,0,3.985,4.634,7.543,8.781,10.72,11.163,13.019,13.524,14.633,16.157,14.759,16.022,15.773,15.307,13.025,11.948,11.633,11.994,10.757,9.544,9.948,8.572,9.084,7.865,7.932,7.022,7.109,6.824,5.742,6.075,6.731,6.421,6.726,7.411,7.36,7.871,8.608,8.141,7.627,8.026,7.268,6.499,5.721,4.254,3.337,2.145,2.019,1.19,0.978,0.532,0.433,0.421,0.26,0.189,0.115,0.194,0.079,0.04,0.02,0,0,0.038,0,0,0,0
2026-09-17 07:35:00,1,"Normal Scan","Normal Scan",0,"ON",1,1,1,735.1,5,17.2,97.2,53.3,0.0000000683941,0.0000180463,4.97,8976.18,8.8,736.5,1,"Up Scan","Positive",254,0,4.37,1.6,8,8,0,1,1,15.933,28.14,19.762,9.647,2.034,4031.59,57,16.3,NA,0,0,0,0,0,0,0,0,0,0,0,0,0,0,0,0,0,0,0,0,0,0,0,0,0,0,0,0,0,0,0,12069.928,10247.602,9180.422,8989.029,7383.162,7183.204,6634.015,6184.679,5469.563,5013.86,4680.172,4249.239,3854.694,3509.057,3037.149,2699.7,2566.417,2311.648,2240.1,1912.489,1846.965,1651.965,1553.32,1385.166,1174.549,1100.816,1019.779,850.883,619.957,592.997,541.181,510.341,515.401,479.041,543.907,597.75,546,598.538,582.78,550.547,489.735,395.285,369.13,277.348,197.898,169.029,109.33,76.381,60.282,42.629,51.079,15.588,21.215,22.489,12.204,7.901,6.543,1.712,3.507,3.562,0,0,0,0,0,0,0,0,0,0,0,0,0,0,0,0,0,0,0,0,0,0,0,0,0,0,0,0,0,0,0,0,0,0,0,3.695,4.899,6.048,7.328,9.3,9.68,11.586,12.871,14.071,14.433,15.172,16.015,16.332,16.511,16.638,15.822,15.434,15.983,15.645,16.35,15.053,15.624,14.999,14.937,13.991,12.736,12.699,12.555,11.257,9.396,9.644,9.673,9.914,10.338,10.291,10.986,11.45,10.716,10.923,10.17,9.565,8.224,6.444,6.129,4.641,3.133,2.713,1.819,1.222,0.923,0.631,0.733,0.26,0.297,0.292,0.155,0.098,0.08,0.02,0.041,0.041,0.019,0,0,0,0
2026-09-17 07:40:00,1,"Normal Scan","Normal Scan",0,"ON",1,1,1,734.9,5,16.9,97.2,53.7,0.000000068304,0.0000180318,4.97,8976.18,8.8,736.5,1,"Up Scan","Positive",254,0,4.37,1.6,8,8,0,1,1,15.746,26.888,19.396,9.647,1.987,4192.65,58,16,NA,0,0,0,0,0,0,0,0,0,0,0,0,0,0,0,0,0,0,0,0,0,0,0,0,0,0,0,0,0,0,0,12992.91,10392.549,10040.267,9120.32,8402.685,7494.984,6768.869,6376.104,5516.415,5247.516,4798.853,4166.692,4071.772,3678.137,3284.184,3005.794,2728.368,2418.412,2123.123,1985.733,1796.86,1795.022,1633.24,1402.113,1265.384,1104.144,1036.852,923.261,773.62,717.43,668.773,536.465,460.172,526.314,507.854,560.02,510.379,492.628,467.684,471.153,437.358,312.279,300.206,226.734,151.982,124.549,88.147,67.299,61.517,29.571,24.624,26.376,14.494,5.961,9.082,7.874,3.258,3.382,5.205,1.795,0,0,0,0,0,0,0,0,0,0,0,0,0,0,0,0,0,0,0,0,0,0,0,0,0,0,0,0,0,0,0,0,0,0,0,3.436,5.327,6.134,8.022,9.493,11.034,12.1,13.121,14.528,14.595,15.864,16.441,16.055,17.441,17.397,17.092,17.133,16.99,16.374,15.553,15.657,15.203,16.236,15.773,14.446,13.797,12.927,12.647,12.004,11.169,11.022,11.036,9.763,8.95,10.253,10.124,10.275,9.629,8.984,8.154,8.029,7.203,5.251,4.861,3.727,2.517,1.968,1.429,1.03,0.941,0.433,0.403,0.372,0.208,0.077,0.117,0.098,0.04,0.04,0.061,0.021,0.019,0,0,0,0
2026-09-17 07:45:00,1,"Normal Scan","Normal Scan",0,"ON",1,1,1,734.6,5,16.6,97.2,54.3,0.0000000682139,0.0000180173,4.97,8976.18,8.8,736.5,1,"Up Scan","Positive",254,0,4.37,1.6,8,8,0,1,1,15.569,29.982,19.946,9.647,2.121,4287.6,59,15.8,NA,0,0,0,0,0,0,0,0,0,0,0,0,0,0,0,0,0,0,0,0,0,0,0,0,0,0,0,0,0,0,0,13231.535,11556.582,10250.576,9581.459,8428.534,7507.809,7136.797,6515.817,5633.262,5086.781,4562.422,4193.814,3718.256,3388.834,3225.774,2749.664,2523.362,2238.424,2056.912,1661.616,1756.943,1507.002,1412.975,1391.241,1243.288,1158.857,1077.171,900.359,777.226,742.133,627.666,670.156,679.359,686.056,595.656,676.704,723.278,735.712,704.003,665.385,596.592,535.901,390.911,341.243,286.437,219.157,193.034,143.95,98.86,71.887,65.562,41.552,42.688,45.762,47.501,26.866,17.946,18.566,15.808,23.468,0,0,0,0,0,0,0,0,0,0,0,0,0,0,0,0,0,0,0,0,0,0,0,0,0,0,0,0,0,0,0,0,0,0,0,3.707,5.312,6.812,8.171,9.925,11.087,12.09,13.782,14.865,14.878,15.408,15.646,16.124,15.917,16.048,16.767,15.71,15.662,15.122,15.084,13.238,14.965,13.81,13.757,14.363,13.696,13.526,13.554,12.391,11.712,11.837,11.562,12.822,13.316,13.738,12.694,13.663,13.695,13.705,12.884,11.861,10.751,9.23,7.069,5.928,4.926,3.821,3.327,2.682,1.74,1.191,1.008,0.838,0.699,0.594,0.602,0.335,0.219,0.222,0.184,0.268,0.117,0,0,0,0
2026-09-17 07:50:00,1,"Normal Scan","Normal Scan",0,"ON",1,1,1,734.8,5,16.8,97.2,54.6,0.000000068274,0.000018027,4.97,8976.18,8.8,736.5,1,"Up Scan","Positive",254,0,4.37,1.6,8,8,0,1,1,18.069,34.581,22.839,9.647,2.219,4966.91,59,16,NA,0,0,0,0,0,0,0,0,0,0,0,0,0,0,0,0,0,0,0,0,0,0,0,0,0,0,0,0,0,0,0,11925.969,10697.946,10112.197,9614.696,8543.709,7651.711,7031.204,6707.266,6064.216,5429.572,5423.996,4844.974,4728.833,4343.465,4190.603,3913.671,3645.978,3395.582,3031.137,2962.384,2790.545,2955.125,2911.148,2754.318,2553.255,2013.853,1485.215,1127.93,765.133,634.569,526.703,600.4,722.777,1021.55,1111.668,1223.742,1272.223,1221.266,1159.459,1076.81,983.871,826.406,633.535,547.555,447.162,345.708,293.668,206.876,125.153,123.248,70.765,59.151,36.887,25.546,12.269,7.901,0,2.425,4.43,1.781,0,0,0,0,0,0,0,0,0,0,0,0,0,0,0,0,0,0,0,0,0,0,0,0,0,0,0,0,0,0,0,0,0,0,0,3.209,4.894,6.269,8.097,9.971,11.203,12.342,13.596,15.29,16.05,16.486,18.609,18.704,20.31,20.616,21.907,22.417,22.884,23.262,22.598,23.804,23.796,26.45,27.405,27.171,26.564,22.473,18.094,15.666,13.257,12.843,12.966,14.612,16.779,21.075,22.486,23.641,23.529,22.347,20.761,18.951,16.967,13.906,10.62,8.898,7.214,5.442,4.472,3.101,1.832,1.732,1.016,0.811,0.523,0.332,0.155,0.098,0,0.029,0.052,0.021,0.039,0,0,0,0
