"date","Flag","Detector.Status","Classifier.Errors","Communication.Status","Neutralizer.Status","Detector.Inlet.Flow..L.min.","Detector.Counting.Flow..L.min.","Impactor.Flow..L.min.","Impactor.D50..nm.","Sheath.Flow..L.min.","Sheath.Temp..C.","Sheath.Pressure..kPa.","Sheath.Relative.Humidity....","Mean.Free.Path..m.","Gas.Viscosity..Pa.s.","Low.Voltage..V.","High.Voltage..V.","Lower.Size..nm.","Upper.Size..nm.","Wide.Range.Scan.Mode","Scan.Direction","HV.Polarity","DMA.V.Ramping.Up..TUP...s.","DMA.V.Ramping.Down..TDOWN...s.","DMA.Column.transit.time.Tf..s.","DMA.Exit.to.Optical.Detector.Td..s.","DMA.at.Low.Voltage..TLOW...s.","DMA.at.High.Voltage..THIGH...s.","Adjustment..s.","Dilution.Factor","Aerosol.Density..g.cm..","Median..nm.","Mean..nm.","Geo..Mean..nm.","Mode..nm.","Geo..Std..Dev","Total.Concentration....cm..","Aerosol.Humidity....","Aerosol.Temperature..C.","Reserved.1","part_1.04","part_1.11","part_1.20","part_1.29","part_1.38","part_1.49","part_1.60","part_1.72","part_1.84","part_1.98","part_2.13","part_2.29","part_2.46","part_2.64","part_2.84","part_3.05","part_3.28","part_3.52","part_3.79","part_4.07","part_4.37","part_4.70","part_5.05","part_5.42","part_5.83","part_6.26","part_6.73","part_7.23","part_7.77","part_8.35","part_8.98","part_9.65","part_10.37","part_11.14","part_11.97","part_12.86","part_13.82","part_14.86","part_15.96","part_17.15","part_18.43","part_19.81","part_21.29","part_22.88","part_24.58","part_26.42","part_28.39","part_30.51","part_32.78","part_35.23","part_37.86","part_40.68","part_43.71","part_46.98","part_50.48","part_54.25","part_58.29","part_62.64","part_67.32","part_72.34","part_77.74","part_83.54","part_89.77","part_96.47","part_103.66","part_111.40","part_119.71","part_128.64","part_138.24","part_148.55","part_159.63","part_171.54","part_184.34","part_198.10","part_212.88","part_228.76","part_245.82","part_264.16","part_283.87","part_305.05","part_327.81","part_352.27","part_378.55","part_406.79","part_437.14","part_469.76","part_504.81","part_542.47","part_582.94","part_626.43","part_673.17","part_723.39","part_777.37","part_835.36","part_897.69","part_964.66","raw_1.04","raw_1.11","raw_1.20","raw_1.29","raw_1.38","raw_1.49","raw_1.60","raw_1.72","raw_1.84","raw_1.98","raw_2.13","raw_2.29","raw_2.46","raw_2.64","raw_2.84","raw_3.05","raw_3.28","raw_3.52","raw_3.79","raw_4.07","raw_4.37","raw_4.70","raw_5.05","raw_5.42","raw_5.83","raw_6.26","raw_6.73","raw_7.23","raw_7.77","raw_8.35","raw_8.98","raw_9.65","raw_10.37","raw_11.14","raw_11.97","raw_12.86","raw_13.82","raw_14.86","raw_15.96","raw_17.15","raw_18.43","raw_19.81","raw_21.29","raw_22.88","raw_24.58","raw_26.42","raw_28.39","raw_30.51","raw_32.78","raw_35.23","raw_37.86","raw_40.68","raw_43.71","raw_46.98","raw_50.48","raw_54.25","raw_58.29","raw_62.64","raw_67.32","raw_72.34","raw_77.74","raw_83.54","raw_89.77","raw_96.47","raw_103.66","raw_111.40","raw_119.71","raw_128.64","raw_138.24","raw_148.55","raw_159.63","raw_171.54","raw_184.34","raw_198.10","raw_212.88","raw_228.76","raw_245.82","raw_264.16","raw_283.87","raw_305.05","raw_327.81","raw_352.27","raw_378.55","raw_406.79","raw_437.14","raw_469.76","raw_504.81","raw_542.47","raw_582.94","raw_626.43","raw_673.17","raw_723.39","raw_777.37","raw_835.36","raw_897.69","raw_964.66"
2026-09-08,1,"Normal Scan","Normal Scan",0,"ON",1,1,1,737.8,5,20.5,97.5,47.4,0.0000000691728,0.0000182049,4.97,8976.18,8.8,736.5,1,"Up Scan","Positive",254,0,4.37,1.6,8,8,0,1,1,19.978,27.786,21.403,9.647,1.871,5889.23,45,21.2,NA,0,0,0,0,0,0,0,0,0,0,0,0,0,0,0,0,0,0,0,0,0,0,0,0,0,0,0,0,0,0,0,13191.57,11523.735,8713.304,8173.218,6904.189,7116.968,6913.406,8286.868,8810.138,9031.01,9270.908,9022.34,8820.929,8931.513,8893.636,8471.008,7374.395,6274.538,5043.808,3969.082,2894.698,2395.427,1676.586,1610.659,1391.527,1389.131,1333.475,1266.118,1135.603,903.449,835.677,706.984,614.416,483.666,517.407,409.77,371.463,417.981,393.356,360.721,410.575,421.556,392.689,377.41,278.54,195.96,161.425,98.451,73.854,55.007,32.347,34.7,16.242,14.765,12.282,6.313,13.06,5.011,5.227,5.425,0,0,0,0,0,0,0,0,0,0,0,0,0,0,0,0,0,0,0,0,0,0,0,0,0,0,0,0,0,0,0,0,0,0,0,4.753,5.316,6.701,6.898,8.4,9.011,11.489,13.389,18.886,23.303,27.366,31.821,34.749,37.82,42.129,45.956,47.645,45.027,41.349,35.961,30.529,24.164,21.519,16.569,16.796,15.442,16.174,16.139,16.152,15.023,13.123,12.458,11.538,10.814,9.44,10.377,9.067,8.575,9.073,8.003,7.043,7.292,7.075,6.53,5.971,4.465,3.101,2.462,1.585,1.151,0.864,0.475,0.501,0.264,0.191,0.155,0.079,0.159,0.06,0.061,0.062,0.016,0,0,0,0
2026-09-08 00:05:00,1,"Normal Scan","Normal Scan",0,"ON",1,1,1,737.9,5,20.6,97.5,47.9,0.0000000692028,0.0000182097,4.97,8976.18,8.8,736.5,1,"Up Scan","Positive",254,0,4.37,1.6,8,8,0,1,1,18.252,25.378,19.642,9.647,1.861,7322.23,45,21.2,NA,0,0,0,0,0,0,0,0,0,0,0,0,0,0,0,0,0,0,0,0,0,0,0,0,0,0,0,0,0,0,0,27316.851,18858.213,13102.71,9975.307,9073.259,9131.323,8515.483,8663.759,9096.176,9922.545,10290.078,10108.576,9884.07,9224.768,9667.52,8969.675,8529.401,7665.606,6651.57,4951.952,3779.559,2548.552,1925.312,1680.681,1384.159,1290.648,1212.026,1202.232,1088.435,950.903,787.957,757.351,629.638,542.691,425.96,402.796,332.184,320.715,354.166,338.325,388.35,410.427,443.231,405.956,328.751,250.055,153.81,126.71,89.092,38.847,47.291,23.433,7.95,19.192,12.217,6.286,3.258,1.698,0,1.822,0,0,0,0,0,0,0,0,0,0,0,0,0,0,0,0,0,0,0,0,0,0,0,0,0,0,0,0,0,0,0,0,0,0,0,9.521,10.926,10.918,10.347,10.308,11.852,14.653,16.464,19.756,24.119,30.064,35.312,38.93,42.407,43.748,50.049,50.665,52.037,50.496,47.179,37.786,31.094,22.773,18.713,17.449,15.386,15.096,14.906,15.388,14.502,13.399,11.684,11.807,10.889,10.197,9.066,9.129,8.296,8.012,7.896,6.851,7.107,7.003,7.178,6.439,5.084,3.754,2.407,1.925,1.307,0.558,0.658,0.316,0.132,0.248,0.155,0.079,0.04,0.02,0,0.021,0.016,0,0,0,0
2026-09-08 00:10:00,1,"Normal Scan","Normal Scan",0,"ON",1,1,1,737.7,5,20.4,97.5,47.6,0.0000000691428,0.0000182001,4.97,8976.18,8.8,736.5,1,"Up Scan","Positive",254,0,4.37,1.6,8,8,0,1,1,17.267,28.066,20.18,9.647,2.011,4590.73,45,21.1,NA,0,0,0,0,0,0,0,0,0,0,0,0,0,0,0,0,0,0,0,0,0,0,0,0,0,0,0,0,0,0,0,15959.736,13145.252,10092.971,7666.106,6596.997,6032.957,5709.415,5193.798,5330.027,5326.033,5194.87,5304.65,5327.192,5206.103,4846.155,4649.072,4286.704,3697.174,3187.447,2714.917,2134.853,1715.096,1410.663,1230.608,1334.713,1223.088,1340.632,1304.843,1175.753,947.664,869.313,746.621,594.684,523.178,466.105,399.984,353.846,311.899,352.342,368.493,396.373,391.569,417.421,360.779,294.438,216.513,172.481,121.329,81.147,47.994,34.213,32.937,28.38,8.841,12.126,1.588,6.502,1.684,5.246,0,0,0,0,0,0,0,0,0,0,0,0,0,0,0,0,0,0,0,0,0,0,0,0,0,0,0,0,0,0,0,0,0,0,0,0,4.869,6.381,7.679,7.979,7.898,8.582,9.702,11.014,11.802,14.093,16.132,17.834,20.43,22.81,24.609,25.142,26.322,26.285,24.548,22.854,21.116,18.039,15.832,14.181,13.353,14.896,14.491,16.328,16.442,15.547,13.398,12.814,11.733,10.325,9.994,9.548,8.899,8.466,7.597,7.498,7.306,7.287,6.785,6.712,5.68,4.673,3.421,2.658,1.781,1.2,0.702,0.494,0.466,0.375,0.115,0.155,0.02,0.08,0.02,0.061,0,0,0,0,0,0
2026-09-08 00:15:00,1,"Normal Scan","Normal Scan",0,"ON",1,1,1,737.9,5,20.7,97.5,47.9,0.0000000692328,0.0000182145,4.97,8976.18,8.8,736.5,1,"Up Scan","Positive",254,0,4.37,1.6,8,8,0,1,1,18.498,32.419,22.341,9.647,2.132,3379.28,45,21.2,NA,0,0,0,0,0,0,0,0,0,0,0,0,0,0,0,0,0,0,0,0,0,0,0,0,0,0,0,0,0,0,0,8910.725,8227.683,6445.563,5730.241,5187.639,4755.483,4476.554,4526.488,3936.885,3532.29,3578.632,3438.397,3191.705,3289.712,3171.025,3309.216,3249.519,3063.46,2701.12,2101.27,1734.564,1546.662,1342.138,1280.93,1346.156,1381.081,1305.462,1297.599,1156.283,1132.072,889.406,751.849,625.835,480.204,442.954,385.926,390.275,342.289,336.704,373.783,406.181,407.898,418.826,376.626,360.795,241.836,167.446,129.003,88.061,53.059,36.034,27.545,14.743,20.663,7.663,3.136,8.17,0,0,3.644,0,0,0,0,0,0,0,0,0,0,0,0,0,0,0,0,0,0,0,0,0,0,0,0,0,0,0,0,0,0,0,0,0,0,0,2.96,3.549,4.834,5.094,5.927,6.761,7.616,8.617,10.302,10.37,10.682,12.288,13.264,13.73,15.648,16.51,18.767,20.007,20.424,19.5,16.576,14.878,14.435,13.619,13.807,15.26,16.149,16.003,16.319,15.301,15.498,13.193,11.9,10.784,9.389,9.453,8.863,9.025,8.13,7.85,7.405,7.35,7.106,6.911,5.93,5.554,3.705,2.587,1.933,1.292,0.773,0.493,0.371,0.226,0.268,0.097,0.039,0.099,0,0,0.041,0,0,0,0,0
2026-09-08 00:20:00,1,"Normal Scan","Normal Scan",0,"ON",1,1,1,737.6,5,20.2,97.5,47.8,0.0000000690828,0.0000181905,4.97,8976.18,8.8,736.5,1,"Up Scan","Positive",254,0,4.37,1.6,8,8,0,1,1,18.103,29.435,21.077,9.647,2.037,4661.53,45,21.1,NA,0,0,0,0,0,0,0,0,0,0,0,0,0,0,0,0,0,0,0,0,0,0,0,0,0,0,0,0,0,0,0,14617.778,12541.252,9338.842,7457.494,7012.188,6294.849,5518.156,5445.413,5229.14,4857.262,4972.918,5055.444,5081.224,5018.824,5034.82,4670.042,4480.44,4372.929,4122.309,3435.621,2796.491,2174.615,1899.605,1743.657,1533.586,1435.357,1385.723,1324.407,1218.83,955.926,848.171,747.633,635.604,599.234,459.534,383.053,370.196,410.408,364.595,409.257,432.582,439.429,458.211,382.712,326.005,257.351,197.91,111.76,91.865,80.754,37.914,34.199,17.349,17.719,12.295,4.752,4.846,5.024,3.485,0,0,0,0,0,0,0,0,0,0,0,0,0,0,0,0,0,0,0,0,0,0,0,0,0,0,0,0,0,0,0,0,0,0,0,0,5.437,5.848,7.288,7.349,7.659,9.123,10.106,10.644,12.388,13.832,14.755,17.092,19.499,21.855,23.865,26.246,26.567,27.601,29.153,29.629,26.644,23.402,19.786,18.597,18.204,16.92,16.665,16.834,16.904,16.15,13.511,12.647,12.067,11.271,11.125,9.828,9.04,9.116,9.037,8.215,8.121,7.926,7.524,7.631,6.126,5.126,3.941,3.021,1.718,1.381,1.17,0.548,0.464,0.245,0.229,0.155,0.059,0.06,0.06,0.041,0,0.016,0,0,0,0
2026-09-08 00:25:00,1,"Normal Scan","Normal Scan",0,"ON",1,1,1,737.9,5,20.7,97.4,48,0.0000000693039,0.0000182145,4.97,8976.18,8.8,736.5,1,"Up Scan","Positive",254,0,4.37,1.6,8,8,0,1,1,17.537,26.385,19.78,9.647,1.92,6617.5,45,21.2,NA,0,0,0,0,0,0,0,0,0,0,0,0,0,0,0,0,0,0,0,0,0,0,0,0,0,0,0,0,0,0,0,22976.365,17561.828,12463.271,10123.241,9181.873,8194.922,9078.515,8897.538,9351.751,8987.64,8928.222,8671.756,8525.839,7349.111,7119.974,6792.585,6413.641,5911.435,4948.484,3863.382,3128.245,2419.271,2104.363,1764.626,1548.982,1563.04,1456.209,1302.748,1234.295,1127.06,905.924,857.489,697.52,681.415,526.761,516.915,485.308,433.016,350.553,401.714,421.588,437.469,433.719,409.045,355.682,255.094,171.23,136.522,96.817,68.845,36.872,18.96,23.238,20.701,10.643,4.752,3.272,1.712,5.288,1.795,0,0,0,0,0,0,0,0,0,0,0,0,0,0,0,0,0,0,0,0,0,0,0,0,0,0,0,0,0,0,0,0,0,0,0,8.316,9.225,10.187,9.856,10.477,11.941,13.188,17.528,20.216,24.679,27.164,30.569,33.347,36.487,34.745,36.915,38.375,39.288,39.151,35.352,29.849,26.123,21.898,20.434,18.485,17.257,18.173,17.863,16.846,16.709,15.849,13.828,13.678,12.003,12.277,10.727,10.932,10.495,9.688,8.079,7.904,7.694,7.582,7.219,6.459,5.451,3.945,2.695,2.039,1.407,0.971,0.53,0.31,0.306,0.267,0.136,0.059,0.04,0.02,0.061,0.021,0,0,0,0,0
2026-09-08 00:30:00,1,"Normal Scan","Normal Scan",0,"ON",1,1,1,738.3,5,21.3,97.4,47.7,0.000000069484,0.0000182432,4.97,8976.18,8.8,736.5,1,"Up Scan","Positive",254,0,4.37,1.6,8,8,0,1,1,19.116,29.824,21.481,9.647,2.033,4523.49,45,21.5,NA,0,0,0,0,0,0,0,0,0,0,0,0,0,0,0,0,0,0,0,0,0,0,0,0,0,0,0,0,0,0,0,15345.234,11571.996,7714.863,6165.71,5823.744,5367.14,4971.243,5237.372,5186.411,5013.061,5317.053,5713.367,5312.127,5188.98,5098.929,5032.716,4812.857,4457.363,4007.333,3265.773,2498.166,2257.704,1799.607,1564.332,1511.752,1522.872,1417.789,1306.714,1196.103,1024.821,885.286,753.115,654.095,572.006,483.395,449.888,355.015,351.225,383.378,375.468,371.541,444.984,428.155,398.6,299.649,261.927,172.027,133.007,104.533,54.054,36.328,24.853,24.188,5.861,4.606,4.698,8.145,6.806,1.726,0,0,0,0,0,0,0,0,0,0,0,0,0,0,0,0,0,0,0,0,0,0,0,0,0,0,0,0,0,0,0,0,0,0,0,0,4.066,6.168,6.672,6.083,6.356,7.562,8.6,9.589,11.924,13.706,15.188,18.248,21.99,22.797,24.621,26.511,28.473,29.584,29.63,28.714,25.359,21.073,20.484,17.709,16.479,16.769,17.6,17.221,16.648,15.895,14.476,13.161,11.875,11.302,10.751,9.81,9.923,8.606,8.341,8.257,7.526,7.013,7.644,6.929,6.345,4.657,4.064,2.553,1.969,1.52,0.801,0.556,0.334,0.32,0.076,0.058,0.059,0.099,0.08,0.02,0,0,0,0,0,0
2026-09-08 00:35:00,1,"Normal Scan","Normal Scan",0,"ON",1,1,1,739.1,5,22.3,97.4,47.5,0.0000000697844,0.0000182911,4.97,8976.18,8.8,736.5,1,"Up Scan","Positive",254,0,4.37,1.6,8,8,0,1,1,19.79,29.112,21.735,9.647,1.953,5071.09,45,21.9,NA,0,0,0,0,0,0,0,0,0,0,0,0,0,0,0,0,0,0,0,0,0,0,0,0,0,0,0,0,0,0,0,13100.453,10251.093,8608.781,7412.464,6296.558,6081.659,6244.924,6807.333,6344.256,6623.049,7187.196,6779.856,6885.115,6464.509,6425.093,6192.917,5786.283,5022.56,4408.485,3805.458,3013.355,2624.965,2092.747,1827.978,1735.023,1658.994,1505.35,1294.364,1159.433,1055.801,850.921,646.523,607.337,514.853,433.706,346.157,360.106,367.175,364.025,337.14,366.607,443.134,425.211,391.196,339.015,243.452,175.959,112.389,76.616,64.695,42.777,12.582,18.765,11.897,13.792,7.835,3.272,0,1.767,0,0,0,0,0,0,0,0,0,0,0,0,0,0,0,0,0,0,0,0,0,0,0,0,0,0,0,0,0,0,0,0,0,0,0,0,3.426,5.188,5.984,6.782,7.625,8.177,9.763,12.029,15.427,16.736,20.036,24.59,26.078,29.466,30.543,33.326,34.981,35.516,33.371,31.607,29.501,25.258,23.645,20.257,18.932,18.949,18.935,17.914,16.384,15.316,14.503,12.477,10.604,10.671,9.699,9.083,8.445,8.692,8.505,7.979,6.981,6.84,7.338,7.019,6.254,5.111,3.721,2.658,1.761,1.131,0.916,0.584,0.185,0.282,0.153,0.174,0.098,0.04,0,0.02,0,0.028,0,0,0,0
2026-09-08 00:40:00,1,"Normal Scan","Normal Scan",0,"ON",1,1,1,739.3,5,22.6,97.4,47.3,0.0000000698746,0.0000183054,4.97,8976.18,8.8,736.5,1,"Up Scan","Positive",254,0,4.37,1.6,8,8,0,1,1,17.747,28.569,20.575,9.647,2.015,4642.38,44,22.3,NA,0,0,0,0,0,0,0,0,0,0,0,0,0,0,0,0,0,0,0,0,0,0,0,0,0,0,0,0,0,0,0,16494.394,12295.522,8803.61,7323.902,6515.637,5749.484,5851.19,5841.237,5618.083,5849.99,5462.387,4938.869,5269.816,5267.626,4756.934,4524.521,4407.136,4065.621,3562.325,2987.16,2436.277,2055.36,1756.99,1601.852,1525.216,1460.12,1293.075,1266.768,1061.132,964.201,710.351,645.252,544.838,545.733,439.672,408.579,407.459,349.697,378.659,378.605,384.953,419.589,432.48,392.031,291.711,246.906,177.849,135.728,65.457,61.841,37.014,33.276,18.522,11.884,13.739,9.503,1.615,3.354,1.733,1.781,0,0,0,0,0,0,0,0,0,0,0,0,0,0,0,0,0,0,0,0,0,0,0,0,0,0,0,0,0,0,0,0,0,0,0,6.279,6.598,7.133,6.942,7.543,8.458,9.214,11.236,13.23,14.799,17.665,18.656,18.99,22.541,24.896,24.674,25.618,27.065,27.039,25.624,23.237,20.533,18.683,17.184,16.675,16.722,16.643,15.617,16.015,14.227,13.53,10.956,10.633,9.924,10.261,9.232,9.16,9.326,8.285,8.114,7.477,7.174,7.167,6.982,6.184,4.651,3.767,2.684,2.085,0.989,0.888,0.52,0.463,0.244,0.153,0.174,0.118,0.02,0.04,0.02,0.022,0,0,0,0,0
2026-09-08 00:45:00,1,"Normal Scan","Normal Scan",0,"ON",1,1,1,738.5,5,21.5,97.4,46.8,0.0000000695441,0.0000182528,4.97,8976.18,8.8,736.5,1,"Up Scan","Positive",254,0,4.37,1.6,8,8,0,1,1,15.791,28.075,19.455,9.647,2.073,4168.37,43,22.1,NA,0,0,0,0,0,0,0,0,0,0,0,0,0,0,0,0,0,0,0,0,0,0,0,0,0,0,0,0,0,0,0,20197.99,12862.154,9011.531,7041.131,5976.915,5252.324,4818.725,4614.205,4840.234,4582.697,4687.909,4233.996,3987.876,3670.388,3420.474,3486.58,3001.812,2733.903,2524.264,2154.623,1761.388,1580.693,1373.446,1357.34,1317.032,1216.249,1190.534,1137.467,965.615,838.345,719.761,653.523,557.426,442.363,479.134,423.797,374.892,374.51,386.579,396.31,388.219,408.155,436.82,393.154,326.713,234.981,146.557,147.404,67.889,67.541,43.109,22.201,20.237,11.797,10.734,9.463,1.643,3.368,0,1.808,0,0,0,0,0,0,0,0,0,0,0,0,0,0,0,0,0,0,0,0,0,0,0,0,0,0,0,0,0,0,0,0,0,0,0,7.091,8.017,7.416,7.092,7.227,7.737,8.412,9.28,10.455,12.765,13.821,16.031,16.251,17.026,17.354,17.77,19.735,18.5,18.26,18.271,16.916,15.01,14.514,13.645,14.26,14.509,14.161,14.546,14.337,13.146,11.958,11.185,10.752,9.954,9.138,9.801,9.344,8.878,8.735,8.223,7.769,7.132,7.008,7.112,6.324,5.016,3.642,2.215,2.233,1.029,0.97,0.602,0.315,0.301,0.153,0.136,0.118,0.02,0.04,0,0.022,0.028,0,0,0,0
2026-09-08 00:50:00,1,"Normal Scan","Normal Scan",0,"ON",1,1,1,737.9,5,20.8,97.4,46.3,0.0000000693339,0.0000182193,4.97,8976.18,8.8,736.5,1,"Up Scan","Positive",254,0,4.37,1.6,8,8,0,1,1,17.794,26.794,20.06,9.647,1.927,5528.81,44,21.9,NA,0,0,0,0,0,0,0,0,0,0,0,0,0,0,0,0,0,0,0,0,0,0,0,0,0,0,0,0,0,0,0,18986.921,13372.112,11269.93,9125.137,7456.434,7322.174,6835.864,7246.665,6846.173,6992.138,6574.917,6338.178,6344.961,5930.109,6318.323,6559.057,6416.126,5707.072,4986.932,4029.115,3084.052,2477.204,1880.424,1422.267,1217.031,1218.395,1097.317,1089.49,904.865,783.916,659.596,565.461,522.774,446.059,438.193,372.59,376.261,315.692,332.019,352.4,357.125,402.131,420.03,404.946,341.21,230.661,181.062,124.799,85.43,59.896,27.07,22.997,20.241,7.395,6.083,9.583,1.629,1.67,3.493,0,0,0,0,0,0,0,0,0,0,0,0,0,0,0,0,0,0,0,0,0,0,0,0,0,0,0,0,0,0,0,0,0,0,0,0,7.381,7.631,7.747,8.877,9.364,9.731,11.715,13.183,16.485,18.033,21.11,22.594,24.463,27.273,28.21,32.863,37.102,39.283,37.724,35.458,30.825,25.495,22.025,18.144,14.763,13.373,14.037,13.445,13.764,12.22,11.221,10.159,9.474,9.3,8.969,9.072,8.535,8.911,7.879,7.532,7.176,6.753,6.902,6.811,6.291,5.275,3.553,2.712,1.817,1.327,0.851,0.396,0.315,0.301,0.096,0.077,0.118,0.02,0.02,0.041,0,0.031,0,0,0,0
2026-09-08 00:55:00,1,"Normal Scan","Normal Scan",0,"ON",1,1,1,738.2,5,21.2,97.4,46.4,0.000000069454,0.0000182384,4.97,8976.18,8.8,736.5,1,"Up Scan","Positive",254,0,4.37,1.6,8,8,0,1,1,17.292,26.266,19.662,9.647,1.909,5455.5,44,21.9,NA,0,0,0,0,0,0,0,0,0,0,0,0,0,0,0,0,0,0,0,0,0,0,0,0,0,0,0,0,0,0,0,17991.547,13159.006,10672.844,9043.68,7990.591,8004.709,8094.393,7811.275,7617.684,7440.746,7394.903,6665.945,6492.817,6007.625,5996.755,5840.761,5573.674,4945.819,4104.464,3217.653,2526.908,2017.919,1551.124,1412.236,1239.743,1128.099,1079.646,987.826,838.482,772.364,664.818,549.377,484.908,423.735,398.674,361.239,329.494,308.898,338.062,391.69,353.916,415.573,414.575,403.864,308.721,254.197,164.503,144.816,71.54,58.616,32.941,27.159,25.19,10.325,0,6.3,6.53,3.382,1.753,0,0,0,0,0,0,0,0,0,0,0,0,0,0,0,0,0,0,0,0,0,0,0,0,0,0,0,0,0,0,0,0,0,0,0,0,6.051,7.272,7.615,8.399,9.371,10.406,12.839,15.589,17.761,20.051,22.502,25.318,25.652,27.808,28.427,31.064,32.977,34.114,32.669,29.278,24.796,21.015,18.124,15.026,14.528,13.689,13.068,13.06,12.611,11.249,11.079,10.173,9.14,8.875,8.696,8.528,8.524,8.112,7.777,7.621,7.645,6.776,7.153,6.699,6.312,4.832,3.96,2.469,2.084,1.083,0.859,0.475,0.371,0.339,0.134,0,0.078,0.079,0.04,0.02,0,0.014,0,0,0,0
2026-09-08 01:00:00,1,"Normal Scan","Normal Scan",0,"ON",1,1,1,737.9,5,20.7,97.4,47,0.0000000693039,0.0000182145,4.97,8976.18,8.8,736.5,1,"Up Scan","Positive",254,0,4.37,1.6,8,8,0,1,1,17.872,26.932,19.935,9.647,1.923,4514.32,44,21.7,NA,0,0,0,0,0,0,0,0,0,0,0,0,0,0,0,0,0,0,0,0,0,0,0,0,0,0,0,0,0,0,0,13573.249,11240.365,8748.156,6925.991,6851.942,6188.555,6134.823,6055.986,6152.385,6138.346,6702.93,6318.987,6147.879,6207.175,5767.344,5181.803,4573.085,3609.638,2912.688,2355.545,1840.625,1318.383,1287.374,1088.027,978.036,915.352,874.63,767.297,682.044,602.193,503.794,426.169,401.606,350.476,294.138,344.939,331.596,333.909,336.828,341.678,390.989,397.995,405.517,341.182,357.223,244.949,176.142,103.167,78.069,50.424,44.435,20.676,20.031,8.891,9.199,1.588,0,1.698,0,0,0,0,0,0,0,0,0,0,0,0,0,0,0,0,0,0,0,0,0,0,0,0,0,0,0,0,0,0,0,0,0,0,0,0,0,5.316,5.466,6.582,6.944,7.138,8.899,9.976,11.839,13.765,16.29,18.554,22.952,24.324,26.231,29.202,29.719,29.134,27.886,23.91,20.844,18.208,15.404,11.98,12.432,11.308,10.698,10.563,10.565,9.876,9.217,8.854,8.137,7.616,7.677,7.477,7.254,8.255,8.068,7.799,7.726,6.947,7.094,6.836,6.464,5.545,5.419,3.74,2.641,1.529,1.115,0.701,0.621,0.278,0.264,0.115,0.116,0.02,0,0.02,0,0,0,0,0,0,0
2026-09-08 01:05:00,1,"Normal Scan","Normal Scan",0,"ON",1,1,1,738.1,5,21,97.4,46.8,0.0000000693939,0.0000182289,4.97,8976.18,8.8,736.5,1,"Up Scan","Positive",254,0,4.37,1.6,8,8,0,1,1,17.266,31.157,21.07,9.647,2.128,2753.14,44,21.7,NA,0,0,0,0,0,0,0,0,0,0,0,0,0,0,0,0,0,0,0,0,0,0,0,0,0,0,0,0,0,0,0,9445.421,6829.94,5556.287,4671.199,4207.442,3785.407,3836.41,3670.419,3579.082,3301.825,2914.761,2971.655,2883.639,2802.025,2553.823,2458.977,2354.718,2119.854,1823.289,1514.276,1304.015,1069.265,1024.007,906.887,836.398,826.358,741.53,699.461,591.97,562.593,506.023,440.953,387.86,339.534,319.301,317.139,369.403,330.481,366.263,322.894,380.574,400.818,408.73,367.954,276.353,230.501,153.811,131.884,82.087,37.091,21.677,23.37,5.739,16.286,4.619,7.901,3.299,5.061,0,0,0,0,0,0,0,0,0,0,0,0,0,0,0,0,0,0,0,0,0,0,0,0,0,0,0,0,0,0,0,0,0,0,0,0,0,2.822,3.808,3.965,4.39,4.825,5.5,6.079,7.394,8.36,9.435,9.986,9.985,11.433,12.366,13.249,13.255,13.937,14.471,14.16,13.162,11.84,11.039,9.775,10.006,9.458,9.261,9.655,9.194,9.013,8.237,8.383,8.097,7.787,7.648,7.35,7.463,7.686,8.613,7.83,7.636,6.521,6.963,6.854,6.497,5.74,4.293,3.45,2.353,1.942,1.203,0.575,0.311,0.315,0.075,0.21,0.058,0.098,0.04,0.06,0,0,0,0,0,0,0
2026-09-08 01:10:00,1,"Normal Scan","Normal Scan",0,"ON",1,1,1,737.9,5,20.8,97.4,47.5,0.0000000693339,0.0000182193,4.97,8976.18,8.8,736.5,1,"Up Scan","Positive",254,0,4.37,1.6,8,8,0,1,1,19.17,30.339,21.686,9.647,2.015,3288.37,44,21.7,NA,0,0,0,0,0,0,0,0,0,0,0,0,0,0,0,0,0,0,0,0,0,0,0,0,0,0,0,0,0,0,0,8211.27,6745.093,5712.436,5001.123,5064.476,4650.084,4244.993,4252.159,4389.824,4213.646,3803.151,4057.312,4407.633,4481.284,4435.311,4020.396,3875.06,3166.903,2659.446,2132.263,1708.218,1377.234,1127.428,1086.652,886.24,770.309,751.095,715.664,597.389,517.216,424.503,429.334,348.379,348.059,289.959,319.058,327.186,306.516,345.985,379.547,376.344,440.232,433.428,382.683,343.19,224.96,149.727,97.908,57.801,46.864,22.151,23.494,17.06,16.186,6.07,3.163,1.629,1.698,3.451,0,0,0,0,0,0,0,0,0,0,0,0,0,0,0,0,0,0,0,0,0,0,0,0,0,0,0,0,0,0,0,0,0,0,0,0,2.158,3.288,3.941,4.536,5.162,6.599,7.461,8.17,9.689,11.61,12.772,13.092,15.665,18.895,21.173,22.952,22.684,23.702,20.993,19.085,16.479,14.209,12.392,10.945,11.087,9.728,8.925,9.198,9.143,8.266,7.742,7.093,7.575,7.101,7.592,7.225,7.989,8.114,7.503,7.705,7.422,6.681,7.268,6.903,5.891,5.249,3.449,2.332,1.434,0.84,0.657,0.347,0.315,0.226,0.21,0.077,0.039,0.02,0.02,0.041,0,0,0,0,0,0
2026-09-08 01:15:00,1,"Normal Scan","Normal Scan",0,"ON",1,1,1,737.6,5,20.4,97.4,47.3,0.0000000692138,0.0000182001,4.97,8976.18,8.8,736.5,1,"Up Scan","Positive",254,0,4.37,1.6,8,8,0,1,1,17.285,31.658,21.083,9.647,2.161,2629.2,45,21.5,NA,0,0,0,0,0,0,0,0,0,0,0,0,0,0,0,0,0,0,0,0,0,0,0,0,0,0,0,0,0,0,0,9670.828,7106.476,5495.655,4598.057,4238.516,3423.632,3123.816,2808.272,2725.188,2729.262,2767.994,2866.703,2905.034,2808.556,2554.906,2460.464,2244.795,1989.083,1739.143,1549.845,1256.384,1080.239,932.397,922.803,817.07,772.96,715.44,620.923,544.838,476.849,432.093,358.315,303.889,309.613,322.878,331.952,388.225,311.81,390.964,407.937,383.986,423.134,382.839,415.983,334.257,211.919,150.76,104.335,72.125,57.269,20.615,38.569,7.186,11.818,10.656,0,0,3.592,1.513,0,0,0,0,0,0,0,0,0,0,0,0,0,0,0,0,0,0,0,0,0,0,0,0,0,0,0,0,0,0,0,0,0,0,0,0,3.572,3.947,4.153,4.362,4.736,5.489,5.484,5.995,6.4,7.197,8.254,9.49,11.018,12.441,13.257,13.274,13.924,13.812,13.269,12.574,12.093,10.631,9.826,9.095,9.511,8.944,8.935,8.688,8.022,7.637,7.324,7.441,6.741,6.593,7.321,7.678,8.08,8.738,7.875,8.31,7.677,6.905,7.084,6.271,6.358,5.243,3.168,2.33,1.537,1.017,0.815,0.311,0.52,0.094,0.153,0.136,0,0,0.043,0.018,0,0,0,0,0,0
2026-09-08 01:20:00,1,"Normal Scan","Normal Scan",0,"ON",1,1,1,737.9,5,20.8,97.4,47.8,0.0000000693339,0.0000182193,4.97,8976.18,8.8,736.5,1,"Up Scan","Positive",254,0,4.37,1.6,8,8,0,1,1,20.973,38.281,24.953,9.647,2.249,1770.51,45,21.6,NA,0,0,0,0,0,0,0,0,0,0,0,0,0,0,0,0,0,0,0,0,0,0,0,0,0,0,0,0,0,0,0,3665.455,2763.135,2772.967,2700.262,2530.158,2389.994,2233.383,2088.8,2240.872,2209.327,2161.842,2065.117,2202.063,2125.613,2039.142,1916.007,1693.97,1565.948,1318.773,1191.679,1025.541,1009.714,872.574,804.522,732.625,629.975,612.626,495.784,454.147,374.13,363.544,275.057,307.523,279.761,294.675,256.9,306.264,376.052,327.521,358.561,407.217,430.326,397.431,328.014,325.936,220.794,181.206,102.692,67.003,71.054,29.175,20.311,10.164,10.438,7.637,6.326,3.231,1.698,0,3.562,0,0,0,0,0,0,0,0,0,0,0,0,0,0,0,0,0,0,0,0,0,0,0,0,0,0,0,0,0,0,0,0,0,0,0,1.266,1.48,1.609,2.21,2.782,3.312,3.834,4.276,4.744,5.941,6.668,7.41,7.954,9.428,10.041,10.591,10.848,10.489,10.503,9.595,9.377,8.686,9.128,8.445,8.197,7.994,7.274,7.401,6.627,6.429,5.873,6.103,5.836,6.577,6.575,7.216,7.131,7.688,8.173,7.421,7.207,7.319,7.162,6.47,5.24,5.016,3.309,2.719,1.563,1.026,0.989,0.411,0.306,0.151,0.134,0.097,0.079,0.04,0.02,0,0.041,0.016,0,0,0,0
2026-09-08 01:25:00,1,"Normal Scan","Normal Scan",0,"ON",1,1,1,737.6,5,20.4,97.4,47.9,0.0000000692138,0.0000182001,4.97,8976.18,8.8,736.5,1,"Up Scan","Positive",254,0,4.37,1.6,8,8,0,1,1,20.962,34.21,23.361,9.647,2.129,2350.31,45,21.4,NA,0,0,0,0,0,0,0,0,0,0,0,0,0,0,0,0,0,0,0,0,0,0,0,0,0,0,0,0,0,0,0,5980.797,4583.768,3726.87,3603.692,2809.462,2725.567,2474.959,2530.873,2768.658,2891.163,2697.833,3007.593,3310.706,3343.097,3242.952,2917.145,2684.395,2409.558,2005.08,1651.131,1466.013,1263.293,987.707,804.847,829.903,718.365,567.804,544.099,441.324,412.597,301.793,239.346,277.99,309.348,275.304,292.883,383.875,349.356,364.659,410.468,384.039,429.535,400.97,362.806,321.005,238.248,163.448,115.295,62.559,35.618,29.046,11.267,9.981,14.765,5.076,4.225,1.615,1.67,6.972,5.37,0,0,0,0,0,0,0,0,0,0,0,0,0,0,0,0,0,0,0,0,0,0,0,0,0,0,0,0,0,0,0,0,0,0,0,1.723,2.415,2.658,2.952,3.721,3.655,4.364,4.754,5.766,7.347,8.775,9.286,11.634,14.195,15.796,16.795,16.511,16.539,16.022,14.394,12.842,12.221,11.26,9.476,8.263,8.919,8.089,6.903,7.152,6.3,6.394,5.678,5.353,6.301,7.153,7.037,7.587,8.721,8.137,7.725,7.972,6.956,7.108,6.369,5.653,4.882,3.573,2.518,1.733,0.925,0.509,0.439,0.223,0.132,0.191,0.065,0.052,0.02,0.02,0.081,0.062,0,0,0,0,0
2026-09-08 01:30:00,1,"Normal Scan","Normal Scan",0,"ON",1,1,1,738,5,20.9,97.4,47.8,0.0000000693639,0.0000182241,4.97,8976.18,8.8,736.5,1,"Up Scan","Positive",254,0,4.37,1.6,8,8,0,1,1,21.803,34.903,24.391,9.647,2.077,2235.39,45,21.5,NA,0,0,0,0,0,0,0,0,0,0,0,0,0,0,0,0,0,0,0,0,0,0,0,0,0,0,0,0,0,0,0,3591.292,2971.303,3079.024,3034.086,2798.548,2897.143,2706.507,2928.732,3065.448,2905.666,3168.557,3201.58,3279.739,3332.677,3154.999,3173.518,2851.421,2458.727,2048.366,1744.7,1339.576,1094.235,968.233,893.522,742.102,671.758,554.336,454.147,460.062,343.602,289.868,300.932,269.039,268.411,307.878,341.446,325.972,333.541,341.085,389.604,343.878,411.605,379.015,390.461,239.258,228.262,144.851,91.468,92.671,40.561,21.335,30.371,15.694,5.898,4.606,7.941,2.91,0.392,0,0,0,0,0,0,0,0,0,0,0,0,0,0,0,0,0,0,0,0,0,0,0,0,0,0,0,0,0,0,0,0,0,0,0,0,0,1.527,1.443,1.717,2.449,3.139,3.663,4.655,5.233,6.655,8.121,8.802,10.889,12.344,14.068,15.719,16.359,17.903,17.464,16.348,14.722,13.489,11.165,9.812,9.218,9.028,7.989,7.696,6.773,6.045,6.501,5.699,5.464,5.86,6.079,6.611,7.013,8.121,7.814,7.82,7.164,7.442,6.183,6.972,6.113,5.994,3.823,3.483,2.127,1.353,1.367,0.593,0.292,0.408,0.207,0.076,0.058,0.098,0.035,0.005,0,0,0,0,0,0,0
2026-09-08 01:35:00,1,"Normal Scan","Normal Scan",0,"ON",1,1,1,737.6,5,20.4,97.4,48.1,0.0000000692138,0.0000182001,4.97,8976.18,8.8,736.5,1,"Up Scan","Positive",254,0,4.37,1.6,8,8,0,1,1,18.498,31.988,21.651,9.647,2.124,2399.17,44,21.4,NA,0,0,0,0,0,0,0,0,0,0,0,0,0,0,0,0,0,0,0,0,0,0,0,0,0,0,0,0,0,0,0,7601.645,5435.619,4862.693,3852.613,3101.878,2861.037,2991.266,3086.301,2983.598,3036.983,2821.316,2931.226,2984.157,2825.425,2830.638,2600.156,2348.445,2047.601,1590.366,1350.483,1217.203,1019.332,894.733,784.108,680.639,669.172,567.497,480.742,409.877,324.594,293.552,301.815,287.604,255.556,310.25,287.433,282.437,382.228,326.964,367.139,366.23,406.504,414.554,354.217,292.547,214.816,163.929,87.709,56.285,42.721,29.328,17.987,15.675,11.822,6.154,3.19,1.629,1.684,0,0,0,0,0,0,0,0,0,0,0,0,0,0,0,0,0,0,0,0,0,0,0,0,0,0,0,0,0,0,0,0,0,0,0,0,0,2.439,3.074,3.174,3.859,3.946,4.043,4.589,5.783,7.01,7.882,9.151,9.687,11.283,12.771,13.339,14.639,14.7,14.418,13.628,11.486,10.53,10.229,9.197,8.556,7.985,7.331,7.678,6.923,6.36,5.895,5.354,5.345,6.052,6.197,6.322,7.301,7.28,7.413,8.301,7.132,7.163,6.621,6.602,6.642,5.53,4.461,3.289,2.449,1.307,0.832,0.612,0.402,0.241,0.207,0.153,0.078,0.039,0.02,0.02,0,0,0,0,0,0,0
2026-09-08 01:40:00,1,"Normal Scan","Normal Scan",0,"ON",1,1,1,738,5,20.9,97.4,47.6,0.0000000693639,0.0000182241,4.97,8976.18,8.8,736.5,1,"Up Scan","Positive",254,0,4.37,1.6,8,8,0,1,1,19.152,35.906,23.324,9.647,2.226,1750.36,44,21.5,NA,0,0,0,0,0,0,0,0,0,0,0,0,0,0,0,0,0,0,0,0,0,0,0,0,0,0,0,0,0,0,0,3957.425,3634.314,3197.302,2605.689,2608.853,2660.168,2456.606,2328.939,2321.056,2192.667,2013.413,1972.463,2111.14,2033.705,1945.632,1867.448,1595.133,1315.304,1207.539,1069.541,778.625,809.668,706.302,686.399,598.084,489.112,509.838,442.83,334.439,271.629,273.656,228.738,256.599,258.486,250.299,276.73,332.531,298.446,341.434,339.02,388.877,399.649,375.168,348.711,270.599,229.384,154.166,83.071,67.656,33.403,34.808,15.501,14.324,4.414,4.567,0,6.53,0,0,3.617,0,0,0,0,0,0,0,0,0,0,0,0,0,0,0,0,0,0,0,0,0,0,0,0,0,0,0,0,0,0,0,0,0,0,0,1.277,1.606,2.135,2.553,2.709,3.369,4.254,4.747,5.306,6.117,6.629,6.908,7.589,9.033,9.597,10.1,10.534,9.825,8.812,8.772,8.373,6.583,7.358,6.821,6.98,6.457,5.644,6.158,5.92,4.95,4.568,5.14,4.881,5.783,6.208,6.569,7.092,7.769,7.137,7.155,6.792,6.837,6.678,5.892,5.468,4.171,3.477,2.264,1.236,0.991,0.485,0.475,0.241,0.188,0.057,0.058,0,0.079,0,0,0.041,0,0,0,0,0
2026-09-08 01:45:00,1,"Normal Scan","Normal Scan",0,"ON",1,1,1,737.6,5,20.4,97.4,48,0.0000000692138,0.0000182001,4.97,8976.18,8.8,736.5,1,"Up Scan","Positive",254,0,4.37,1.6,8,8,0,1,1,18.684,35.197,22.71,9.647,2.228,1861.85,44,21.4,NA,0,0,0,0,0,0,0,0,0,0,0,0,0,0,0,0,0,0,0,0,0,0,0,0,0,0,0,0,0,0,0,4826.073,3820.814,3523.206,3387.593,3080.498,2604.229,2330.812,2376.166,2293.953,2306.961,2307.862,2323.742,2362.278,2081.054,1983.772,1800.853,1549.686,1222.664,1109.779,1028.257,858.97,793.63,693.438,634.815,634.396,589.23,506.079,419.647,352.034,306.381,289.75,282.613,255.81,252.651,297.067,245.966,288.806,246.239,336.625,346.303,404.054,434.489,405.849,428.322,284.277,232.741,148.594,85.127,62.36,46.285,36.321,19.503,10.926,10.363,4.567,9.463,1.629,1.712,0,1.808,0,0,0,0,0,0,0,0,0,0,0,0,0,0,0,0,0,0,0,0,0,0,0,0,0,0,0,0,0,0,0,0,0,0,0,1.152,1.955,2.222,2.807,3.492,4.018,4.18,4.519,5.405,6.068,6.982,7.901,8.91,10.073,9.826,10.261,10.198,9.544,8.21,8.061,8.081,7.307,7.185,6.725,6.509,6.836,6.801,6.224,5.552,5.256,4.913,5.226,5.52,5.732,6.262,7.243,6.991,7.431,6.783,7.369,6.818,7.108,7.133,6.494,6.668,4.403,3.499,2.244,1.293,0.952,0.648,0.512,0.278,0.151,0.134,0.058,0.118,0.02,0.02,0,0.021,0.016,0,0,0,0
2026-09-08 01:50:00,1,"Normal Scan","Normal Scan",0,"ON",1,1,1,737.9,5,20.9,97.3,47.4,0.0000000694352,0.0000182241,4.97,8976.18,8.8,736.5,1,"Up Scan","Positive",254,0,4.37,1.6,8,8,0,1,1,17.584,30.556,20.741,9.647,2.117,2715.1,44,21.5,NA,0,0,0,0,0,0,0,0,0,0,0,0,0,0,0,0,0,0,0,0,0,0,0,0,0,0,0,0,0,0,0,10333.68,8405.318,6399.943,4583.754,3634.915,2853.448,2589.78,2623.041,2431.88,2729.227,2511.888,2507.269,2538.983,2810.244,3233.658,3551.884,3011.616,2656.567,2271.639,1926.323,1524.474,1289.932,1038.066,911.641,730.667,676.394,552.706,420.286,380.728,284.084,260.545,235.159,194.841,232.206,237.888,261.803,298.235,382.375,375.398,376.436,397.132,450.805,418.404,374.561,268.593,216.512,168.23,102.738,68.601,49.754,42.915,20.857,7.091,5.911,10.695,4.725,1.643,3.354,0,1.795,0,0,0,0,0,0,0,0,0,0,0,0,0,0,0,0,0,0,0,0,0,0,0,0,0,0,0,0,0,0,0,0,0,0,0,3.219,4.168,4.908,5.036,4.677,4.712,4.573,4.994,5.949,6.456,8.273,8.681,9.687,10.96,13.384,16.814,20.053,18.477,17.651,16.267,14.833,12.66,11.407,9.815,9.118,7.769,7.576,6.641,5.467,5.448,4.747,4.887,5.286,5.269,5.99,6.544,7.17,7.693,8.529,7.67,7.375,7.125,7.444,6.674,5.985,4.15,3.241,2.491,1.567,0.99,0.735,0.587,0.297,0.094,0.076,0.136,0.059,0.02,0.04,0,0.021,0,0,0,0,0
2026-09-08 01:55:00,1,"Normal Scan","Normal Scan",0,"ON",1,1,1,737.6,5,20.5,97.3,47.9,0.000000069315,0.0000182049,4.97,8976.18,8.8,736.5,1,"Up Scan","Positive",254,0,4.37,1.6,8,8,0,1,1,18.127,29.565,20.69,9.647,2.041,3127.32,44,21.4,NA,0,0,0,0,0,0,0,0,0,0,0,0,0,0,0,0,0,0,0,0,0,0,0,0,0,0,0,0,0,0,0,11451.465,7424.68,6284.682,4220.3,4171.184,4330.877,3863.44,3704.116,3685.635,3595.232,3741.756,3718.213,3772.156,3864.394,3906.097,3619.636,3474.923,3146.713,2494.489,1995.379,1604.724,1276.256,1119.46,857.233,765.827,590.217,584.802,442.082,374.13,338.346,296.301,212.629,200.435,233.893,234.051,238.385,354.415,348.682,373.937,406.015,402.915,460.359,432.086,426.183,320.675,228.962,155.749,114.125,65.652,52.964,24.525,31.716,21.734,11.486,4.58,1.602,0,1.698,0,0,0,0,0,0,0,0,0,0,0,0,0,0,0,0,0,0,0,0,0,0,0,0,0,0,0,0,0,0,0,0,0,0,0,0,0,3.974,4.558,4.317,4.96,4.376,5.418,6.964,7.452,8.427,9.734,10.89,12.846,14.344,16.204,18.267,20.221,20.444,21.266,20.865,17.812,15.352,13.237,11.328,10.54,8.645,8.189,6.724,6.879,5.867,5.324,5.319,5.535,4.955,5.365,6.257,6.566,6.983,8.599,8.438,7.998,7.726,7.248,7.645,6.932,6.588,4.988,3.536,2.346,1.654,0.938,0.737,0.347,0.427,0.287,0.149,0.058,0.02,0,0.02,0,0,0,0,0,0,0
2026-09-08 02:00:00,1,"Normal Scan","Normal Scan",0,"ON",1,1,1,737.2,5,19.9,97.3,47.7,0.0000000691347,0.0000181761,4.97,8976.18,8.8,736.5,1,"Up Scan","Positive",254,0,4.37,1.6,8,8,0,1,1,16.318,30.691,20.256,9.647,2.151,2530.95,45,21.1,NA,0,0,0,0,0,0,0,0,0,0,0,0,0,0,0,0,0,0,0,0,0,0,0,0,0,0,0,0,0,0,0,10358.399,7831.351,5559.099,4310.229,3661.215,3172.782,3144.307,3110.532,2677.236,2452.535,2802.141,2593.844,2670.147,2699.536,2369.156,2530.698,2048.521,1699.797,1535.789,1333.19,1102.61,937.028,811.114,787.711,675.553,682.902,566.225,463.761,407.565,357.099,284.548,282.47,305.531,228.616,251.606,239.951,308.065,294.485,342.789,398.933,367.263,441.141,435.864,435.412,318.105,225.742,174.443,92.216,79.649,36.562,31.647,13.99,18.462,8.878,10.734,6.269,3.231,0,0,1.781,0,0,0,0,0,0,0,0,0,0,0,0,0,0,0,0,0,0,0,0,0,0,0,0,0,0,0,0,0,0,0,0,0,0,0,3.725,4.121,4.553,4.402,4.416,4.777,5.119,6.066,7.067,7.078,7.433,9.617,10.001,11.432,12.741,12.309,14.287,12.6,11.34,11.099,10.398,9.314,8.458,7.807,8.045,7.336,7.704,6.961,6.087,5.836,5.573,5.103,5.608,6.577,6.214,6.59,6.924,7.998,7.597,7.588,7.673,6.654,7.348,6.963,6.747,4.818,3.446,2.603,1.453,1.166,0.509,0.434,0.204,0.245,0.115,0.136,0.079,0.04,0,0,0.021,0,0,0,0,0
2026-09-08 02:05:00,1,"Normal Scan","Normal Scan",0,"ON",1,1,1,737.6,5,20.4,97.3,48,0.0000000692849,0.0000182001,4.97,8976.18,8.8,736.5,1,"Up Scan","Positive",254,0,4.37,1.6,8,8,0,1,1,20.313,33.768,22.995,9.647,2.113,2415.33,45,21.2,NA,0,0,0,0,0,0,0,0,0,0,0,0,0,0,0,0,0,0,0,0,0,0,0,0,0,0,0,0,0,0,0,5378.311,4455.172,4465.339,3585.138,3190.006,3128.452,2747.867,2535.399,3021.269,3305.811,3392.054,3443.485,3389.707,3288.814,3171.483,2878.667,2776.023,2276.147,1984.149,1725.853,1351.583,1140.555,942.21,745.013,722.436,642.789,564.427,477.079,411.786,298.294,245.812,305.821,265.638,268.233,293.703,315.45,314.255,292.026,378.658,391.079,397.474,419.01,440.518,411.09,307.008,238.545,177.068,138.937,79.657,53.835,35.622,37.859,18.122,10.36,1.509,4.725,8.172,1.67,1.753,1.781,0,0,0,0,0,0,0,0,0,0,0,0,0,0,0,0,0,0,0,0,0,0,0,0,0,0,0,0,0,0,0,0,0,0,0,1.518,2.191,2.592,3.567,3.695,4.164,5,5.301,5.794,7.99,10.007,11.648,13.235,14.517,15.532,16.436,16.287,17.036,15.128,14.201,13.339,11.256,10.183,9.006,7.572,7.721,7.278,6.925,6.304,5.904,5.13,4.801,5.882,6.161,6.717,7.315,7.914,8.116,7.642,8.057,7.697,7.323,7.217,7.196,6.388,4.885,3.679,2.657,2.021,1.186,0.801,0.497,0.532,0.256,0.134,0.019,0.059,0.099,0.02,0.02,0.021,0.017,0,0,0,0
2026-09-08 02:10:00,1,"Normal Scan","Normal Scan",0,"ON",1,1,1,737.5,5,20.2,97.4,48.2,0.0000000691537,0.0000181905,4.97,8976.18,8.8,736.5,1,"Up Scan","Positive",254,0,4.37,1.6,8,8,0,1,1,18.46,34.814,22.487,9.647,2.232,2061.96,45,21.1,NA,0,0,0,0,0,0,0,0,0,0,0,0,0,0,0,0,0,0,0,0,0,0,0,0,0,0,0,0,0,0,0,6853.471,4070.985,4128.554,3187.56,3221.472,2676.037,2632.895,2498.38,2459.274,2517.126,2232.032,2257.058,2334.982,2240.876,2197.593,2038.628,1752.18,1658.998,1468.305,1115.038,969.895,907.056,770.21,734.447,711.491,601.417,640.998,460.148,459.598,362.253,314.026,262.527,269.012,254.049,259.47,294.687,297.85,391.462,391.803,380.126,414.024,437.214,408.48,366.299,321.446,221.3,188.536,121.51,65.729,63.17,35.176,26.7,12.963,8.866,3.097,12.626,0,0,1.74,0,0,0,0,0,0,0,0,0,0,0,0,0,0,0,0,0,0,0,0,0,0,0,0,0,0,0,0,0,0,0,0,0,0,0,0,2.355,2.789,2.357,3.293,3.289,4.198,4.291,5.062,5.688,6.507,7.611,7.656,8.682,10.011,10.599,11.371,11.523,10.829,11.081,10.621,8.781,8.246,8.242,7.47,7.625,7.676,6.944,7.643,6.077,6.495,5.71,5.63,5.76,6.258,6.368,6.957,7.657,7.674,8.728,8.326,7.419,7.713,7.224,6.663,5.757,5.044,3.351,2.793,1.809,1.006,0.877,0.496,0.359,0.188,0.115,0.039,0.157,0,0,0.02,0,0.017,0,0,0,0
2026-09-08 02:15:00,1,"Normal Scan","Normal Scan",0,"ON",1,1,1,737.9,5,20.8,97.4,48.3,0.0000000693339,0.0000182193,4.97,8976.18,8.8,736.5,1,"Up Scan","Positive",254,0,4.37,1.6,8,8,0,1,1,19.728,38.738,24.324,9.647,2.321,1693.98,45,21.3,NA,0,0,0,0,0,0,0,0,0,0,0,0,0,0,0,0,0,0,0,0,0,0,0,0,0,0,0,0,0,0,0,3993.794,3314.152,3330.859,2456.686,2597.503,2476.409,2094.764,2118.776,2058.535,1884.869,1829.049,1903.393,2011.557,1887.063,1714.134,1728.016,1488.781,1293.082,1043.273,988.892,873.755,710.398,735.984,660.636,627.15,646.709,536.574,509.182,442.057,339.125,314.04,291.467,243.227,295.214,235.521,265.656,333.674,381.006,354.214,384.413,428.765,439.826,404.994,422.55,326.206,264.854,191.5,112.727,82.585,40.468,35.046,27.775,9.96,11.784,3.032,1.602,4.942,1.67,1.74,1.795,0,0,0,0,0,0,0,0,0,0,0,0,0,0,0,0,0,0,0,0,0,0,0,0,0,0,0,0,0,0,0,0,0,0,0,1.142,1.644,1.919,2.636,2.555,3.387,3.967,4.024,4.808,5.434,5.715,6.28,7.318,8.596,8.903,8.893,9.792,9.164,8.682,7.613,7.79,7.473,6.541,7.175,6.902,6.831,7.367,6.621,6.606,6.314,5.384,5.615,6.152,5.775,6.937,6.854,7.347,8.196,8.909,7.826,7.758,7.814,7.401,6.454,6.544,5.078,3.984,2.863,1.633,1.189,0.611,0.493,0.39,0.132,0.153,0.039,0.02,0.06,0.02,0.02,0.021,0,0,0,0,0
2026-09-08 02:20:00,1,"Normal Scan","Normal Scan",0,"ON",1,1,1,737.4,5,20.2,97.3,48.4,0.0000000692248,0.0000181905,4.97,8976.18,8.8,736.5,1,"Up Scan","Positive",254,0,4.37,1.6,8,8,0,1,1,18.793,32.904,22.385,9.647,2.109,2530.51,45,21.1,NA,0,0,0,0,0,0,0,0,0,0,0,0,0,0,0,0,0,0,0,0,0,0,0,0,0,0,0,0,0,0,0,5498.825,4873.7,4339.871,3760.302,4403.524,3775.608,3788.047,3470.926,3837.929,3641.298,2985.607,3018.571,2983.951,2838.881,2965.074,2767.613,2635.978,2302.129,1921.071,1618.439,1221.012,1124.761,944.025,836.677,741.839,678.028,653.611,509.851,439.942,370.541,315.992,286.083,287.821,273.105,297.307,303.436,358.707,381.228,384.228,382.491,409.071,414.191,415.504,405.96,338.75,223.883,192.076,113.008,84.56,63.537,37.497,33.433,12.853,5.948,1.509,4.738,0,0,0,1.781,0,0,0,0,0,0,0,0,0,0,0,0,0,0,0,0,0,0,0,0,0,0,0,0,0,0,0,0,0,0,0,0,0,0,0,1.786,2.252,2.867,3.467,3.912,5.718,6.039,7.316,7.887,10.129,11.014,10.24,11.626,12.794,13.44,15.379,15.629,16.194,15.319,13.804,12.566,10.256,10.136,9.057,8.523,8.003,7.802,7.874,6.624,6.344,6.039,5.72,6.065,6.436,6.663,7.646,7.657,8.592,8.898,8.221,7.618,7.471,7.062,6.819,6.342,5.304,3.371,2.829,1.642,1.214,0.881,0.512,0.464,0.17,0.076,0.019,0.059,0,0,0,0.021,0,0,0,0,0
2026-09-08 02:25:00,1,"Normal Scan","Normal Scan",0,"ON",1,1,1,737.8,5,20.7,97.3,48.3,0.0000000693751,0.0000182145,4.97,8976.18,8.8,736.5,1,"Up Scan","Positive",254,0,4.37,1.6,8,8,0,1,1,18.395,29.66,20.855,9.647,2.028,3173,45,21.3,NA,0,0,0,0,0,0,0,0,0,0,0,0,0,0,0,0,0,0,0,0,0,0,0,0,0,0,0,0,0,0,0,10126.723,7423.43,5780.366,5078.301,4164.184,3950.232,3984.516,3842.185,4412.514,4431.138,4125.71,4293.361,4107.853,4135.269,4083.62,3579.042,3179.593,2954.503,2468.406,2015.919,1372.998,1044.825,874.528,774.207,679.467,666.872,582.609,539.975,459.773,436.916,324.762,261.739,312.867,307.198,313.165,297.106,361.662,392.02,331.015,368.019,378.337,442.436,412.83,374.364,328.703,259.859,159.775,117.445,84.432,36.368,33.742,27.637,19.912,8.841,4.554,3.163,1.615,3.382,0,0,0,0,0,0,0,0,0,0,0,0,0,0,0,0,0,0,0,0,0,0,0,0,0,0,0,0,0,0,0,0,0,0,0,0,0,3.633,4.043,4.294,4.541,5.232,5.426,6.344,7.674,8.736,11.657,13.393,14.123,16.498,17.599,19.531,21.129,20.136,19.424,19.511,17.583,15.479,11.455,9.405,8.481,7.969,7.504,7.62,7.104,7.094,6.719,6.588,5.905,5.811,6.678,6.998,7.47,7.796,8.509,8.882,7.525,7.325,6.785,7.649,6.51,5.837,5.078,3.972,2.402,1.703,1.221,0.52,0.476,0.371,0.264,0.115,0.058,0.039,0.02,0.04,0,0,0,0,0,0,0
2026-09-08 02:30:00,1,"Normal Scan","Normal Scan",0,"ON",1,1,1,737.4,5,20.2,97.3,48.5,0.0000000692248,0.0000181905,4.97,8976.18,8.8,736.5,1,"Up Scan","Positive",254,0,4.37,1.6,8,8,0,1,1,18.244,31.057,21.2,9.647,2.092,2804.47,45,21.1,NA,0,0,0,0,0,0,0,0,0,0,0,0,0,0,0,0,0,0,0,0,0,0,0,0,0,0,0,0,0,0,0,8063.524,7533.133,5354.973,4620.336,3770.372,4071.148,3340.233,3405.083,3452.952,3717.48,3645.542,3414.06,3397.751,3480.49,3261.924,3206.282,2813.82,2329.309,2060.137,1612.931,1269.009,958.41,788.119,747.006,698.926,655.039,572.977,477.842,429.197,362.067,345.138,331.899,281.553,303.113,299.791,399.511,344.75,395.59,414.662,382.962,430.439,413.98,425.801,375.278,320.381,258.273,179.335,105.218,88.003,44.503,44.824,10.604,15.627,8.891,4.549,1.575,3.313,0,3.479,0,0,0,0,0,0,0,0,0,0,0,0,0,0,0,0,0,0,0,0,0,0,0,0,0,0,0,0,0,0,0,0,0,0,0,0,2.688,3.284,4.37,4.251,4.778,4.912,6.547,6.435,7.76,9.119,11.274,12.533,13.137,14.555,16.425,16.9,18.08,17.208,15.435,14.724,12.484,10.594,8.68,7.639,7.687,7.592,7.557,7.098,6.429,6.172,6.109,6.319,6.65,6.528,7.134,7.551,9.072,8.484,8.797,8.748,7.674,7.52,7.116,6.766,6.001,4.807,3.91,2.709,1.52,1.25,0.648,0.64,0.148,0.207,0.115,0.058,0.02,0.04,0,0.041,0,0,0,0,0,0
2026-09-08 02:35:00,1,"Normal Scan","Normal Scan",0,"ON",1,1,1,737.8,5,20.7,97.3,48.1,0.0000000693751,0.0000182145,4.97,8976.18,8.8,736.5,1,"Up Scan","Positive",254,0,4.37,1.6,8,8,0,1,1,17.586,29.851,20.578,9.647,2.059,2873.34,45,21.3,NA,0,0,0,0,0,0,0,0,0,0,0,0,0,0,0,0,0,0,0,0,0,0,0,0,0,0,0,0,0,0,0,9614.505,6524.218,5519.95,4469.716,4343.969,4204.701,4025.105,4089.424,3828.39,3868.92,3846.099,3798.97,3568.407,3605.003,3448.223,3021.024,2464.466,1947.717,1665.623,1364.102,1133.545,938.885,831.307,720.551,657.45,628.105,567.111,491.623,452.821,382.371,312.916,278.894,287.565,281.462,276.711,356.808,383.099,393.655,390.644,391.02,386.686,406.959,391.525,384.268,319.174,239.856,152.11,98.496,75.034,43.9,22.926,14.909,11.563,5.924,12.152,6.327,0,0,0,0,0,0,0,0,0,0,0,0,0,0,0,0,0,0,0,0,0,0,0,0,0,0,0,0,0,0,0,0,0,0,0,0,0,0,0,3.477,3.858,3.76,4.372,4.61,5.663,6.757,7.772,9.295,10.124,11.685,13.164,14.582,15.237,16.958,17.788,16.999,15.096,12.963,11.957,10.597,9.523,8.494,8.046,7.412,7.228,7.19,6.963,6.548,6.343,6.164,5.983,5.919,6.519,6.856,6.992,8.379,8.731,8.686,8.366,7.483,6.887,6.78,6.327,5.931,4.825,3.594,2.282,1.495,1.096,0.611,0.314,0.201,0.169,0.076,0.155,0.079,0,0,0,0,0.016,0,0,0,0
2026-09-08 02:40:00,1,"Normal Scan","Normal Scan",0,"ON",1,1,1,737.5,5,20.3,97.3,48.4,0.0000000692549,0.0000181953,4.97,8976.18,8.8,736.5,1,"Up Scan","Positive",254,0,4.37,1.6,8,8,0,1,1,17.45,32.718,21.32,9.647,2.201,2343.88,44,21.2,NA,0,0,0,0,0,0,0,0,0,0,0,0,0,0,0,0,0,0,0,0,0,0,0,0,0,0,0,0,0,0,0,8541.556,6335.113,5243.362,3869.87,3140.877,2815.756,2739.188,2723.968,2900.582,2834.598,2597.68,2518.468,2653.65,2498.996,2332.042,2095.076,1932.347,1692.379,1477.472,1230.046,962.58,840.078,779.43,762.226,700.808,617.916,641.283,526.864,462.419,343.32,346.135,307.55,271.661,314.287,322.27,342.643,358.638,416.97,449.389,443.002,386.25,443.006,420.949,346.392,311.842,230.489,184.277,105.887,62.807,44.331,23.217,23.449,15.628,10.387,3.058,3.15,4.887,1.698,0,0,0,0,0,0,0,0,0,0,0,0,0,0,0,0,0,0,0,0,0,0,0,0,0,0,0,0,0,0,0,0,0,0,0,0,0,3.25,3.433,3.682,4.117,3.977,4.082,4.541,5.272,6.193,7.643,8.584,8.897,9.689,11.346,11.804,12.076,11.846,11.859,11.291,10.687,9.641,8.157,7.722,7.605,7.842,7.569,7.237,7.742,6.909,6.729,5.762,6.35,6.408,6.531,7.568,7.593,8.396,8.598,8.924,9.049,8.277,7.107,7.31,6.7,5.349,4.818,3.5,2.761,1.532,0.938,0.63,0.329,0.315,0.207,0.134,0.039,0.039,0.06,0.02,0,0,0,0,0,0,0
2026-09-08 02:45:00,1,"Normal Scan","Normal Scan",0,"ON",1,1,1,737.9,5,20.8,97.3,47.8,0.0000000694051,0.0000182193,4.97,8976.18,8.8,736.5,1,"Up Scan","Positive",254,0,4.37,1.6,8,8,0,1,1,16.895,34.315,21.52,9.647,2.296,2040.52,44,21.3,NA,0,0,0,0,0,0,0,0,0,0,0,0,0,0,0,0,0,0,0,0,0,0,0,0,0,0,0,0,0,0,0,8786.865,6234.314,4378.081,3134.382,2484.379,2463.506,2220.624,2328.352,2271.005,2165.135,2121.321,1978.638,1997.963,2001.244,1841.314,1614.971,1387.803,1242.422,1063.408,1020.948,906.742,780.049,739.41,661.187,688.573,633.596,544.251,556.649,475.315,370.323,359.078,302.938,325.934,316.843,298.456,348.83,407.57,391.632,420.911,414.528,391.084,455.284,392.401,386.414,316.272,223.238,151.151,91.081,64.249,56.33,42.907,15.166,7.126,13.256,4.593,3.136,1.615,0,1.74,0,0,0,0,0,0,0,0,0,0,0,0,0,0,0,0,0,0,0,0,0,0,0,0,0,0,0,0,0,0,0,0,0,0,0,0,3.665,3.535,3.59,3.455,3.214,3.232,3.957,4.269,5.285,5.992,6.533,7.263,7.599,8.533,9.423,9.555,9.165,8.561,8.356,7.744,8.075,7.709,7.141,7.293,6.911,7.514,7.336,6.819,7.329,6.836,6.053,6.592,6.325,7.218,7.391,7.302,8.458,9.033,8.704,8.739,7.839,6.909,7.405,6.36,6.125,4.806,3.32,2.288,1.358,0.929,0.782,0.603,0.204,0.094,0.172,0.058,0.039,0.02,0,0.02,0,0,0,0,0,0
2026-09-08 02:50:00,1,"Normal Scan","Normal Scan",0,"ON",1,1,1,737.6,5,20.4,97.3,48.2,0.0000000692849,0.0000182001,4.97,8976.18,8.8,736.5,1,"Up Scan","Positive",254,0,4.37,1.6,8,8,0,1,1,17.395,29.826,20.546,9.647,2.059,2947.97,44,21.2,NA,0,0,0,0,0,0,0,0,0,0,0,0,0,0,0,0,0,0,0,0,0,0,0,0,0,0,0,0,0,0,0,9202.413,6743.032,5117.001,5341.219,5129.056,4350.67,4161.676,4029.542,4572.604,4025.194,4109.263,3714.819,3616.901,3437.82,3125.086,2892.336,2535.237,2146.567,1643.022,1413.703,1091.296,923.059,728.018,677.782,722.902,679.842,591.114,551.201,490.611,394.623,363.022,333.527,270.467,315.42,362.902,369.804,398.942,358.967,406.3,381.541,408.486,408.915,399.97,373.454,302.864,238.919,164.536,115.201,83.015,40.576,28.091,16.577,16.789,4.821,3.071,6.313,4.901,0,0,0,0,0,0,0,0,0,0,0,0,0,0,0,0,0,0,0,0,0,0,0,0,0,0,0,0,0,0,0,0,0,0,0,0,0,0,3.238,3.711,3.908,4.058,5.516,6.683,6.969,8.025,9.165,12.06,12.155,14.053,14.255,15.443,16.17,16.13,16.292,15.522,14.204,11.804,11.018,9.23,8.4,7.153,7.072,7.917,7.853,7.321,7.152,7.053,6.582,6.461,6.642,6.349,7.243,8.35,8.503,9.016,8.297,8.369,7.398,7.409,6.898,6.424,5.768,4.641,3.649,2.398,1.689,1.221,0.594,0.384,0.223,0.221,0.063,0.039,0.079,0.06,0,0,0,0,0,0,0,0
2026-09-08 02:55:00,1,"Normal Scan","Normal Scan",0,"ON",1,1,1,737.8,5,20.7,97.3,47.5,0.0000000693751,0.0000182145,4.97,8976.18,8.8,736.5,1,"Up Scan","Positive",254,0,4.37,1.6,8,8,0,1,1,18.253,27.782,20.305,9.647,1.946,3693.68,45,21.3,NA,0,0,0,0,0,0,0,0,0,0,0,0,0,0,0,0,0,0,0,0,0,0,0,0,0,0,0,0,0,0,0,11771.757,8524.854,6615.341,5076.851,4761.214,5040.805,5007.382,5396.024,5154.338,5068.007,5269.674,5256.465,5227.306,4869.568,4631.543,4607.965,3970.387,3329.611,2705.831,2129.588,1581.185,1357.914,1015.001,903.374,746.088,640.481,585.028,441.153,403.232,345.192,328.734,282.022,270.906,295.459,308.708,361.669,361.339,355.406,372.121,371.214,400.151,368.236,366.666,374.845,273.589,221.916,138.689,106.328,88.04,25.156,50.722,16.723,4.293,5.923,9.147,0,4.956,0,1.767,0,0,0,0,0,0,0,0,0,0,0,0,0,0,0,0,0,0,0,0,0,0,0,0,0,0,0,0,0,0,0,0,0,0,0,0,4.226,4.743,4.948,5.268,5.244,6.182,8.092,9.684,12.298,13.575,15.336,18.068,20.198,22.351,22.953,23.934,25.894,24.262,21.982,19.28,16.334,13.084,12.023,9.629,9.095,8.023,7.423,7.038,6.067,5.803,5.771,6.124,5.929,5.972,6.933,7.4,8.127,8.145,8.209,7.746,7.068,7.103,6.3,5.84,5.951,4.194,3.29,2.072,1.584,1.238,0.396,0.694,0.241,0.056,0.076,0.116,0,0.06,0,0.02,0,0,0,0,0,0
2026-09-08 03:00:00,1,"Normal Scan","Normal Scan",0,"ON",1,1,1,737.6,5,20.5,97.3,48.1,0.000000069315,0.0000182049,4.97,8976.18,8.8,736.5,1,"Up Scan","Positive",254,0,4.37,1.6,8,8,0,1,1,18.937,32.568,21.925,9.647,2.154,2571.61,44,21.3,NA,0,0,0,0,0,0,0,0,0,0,0,0,0,0,0,0,0,0,0,0,0,0,0,0,0,0,0,0,0,0,0,9104.429,6952.775,4635.462,3909.393,3068.025,2990.664,2443.028,2655.936,2754.011,3057.618,2791.741,2965.378,2973.701,2925.366,2796.495,2770.934,2594.18,2613.705,2187.948,1840.579,1586.792,1211.336,970.989,815.03,761.176,694.739,626.545,501.227,522.923,384.172,356.232,318.514,321.685,339.382,307.217,374.723,362.419,362.132,391.164,416.532,408.156,392.016,414.686,383.862,304.027,248.796,146.073,113.272,84.663,61.18,28.128,13.789,21.391,5.874,6.089,1.568,0,1.67,0,0,0,0,0,0,0,0,0,0,0,0,0,0,0,0,0,0,0,0,0,0,0,0,0,0,0,0,0,0,0,0,0,0,0,0,0,3.725,3.649,3.975,3.669,4.006,3.993,4.792,4.714,6.037,7.27,9.253,9.598,11.419,12.775,13.855,14.553,15.742,15.957,17.349,15.673,14.23,13.186,10.838,9.291,8.445,8.268,8.008,7.667,6.755,7.358,6.311,6.492,6.304,6.887,7.749,7.533,8.59,8.54,8.335,8.273,8.088,7.11,6.796,6.726,5.968,4.589,3.824,2.164,1.654,1.197,0.863,0.384,0.186,0.282,0.076,0.077,0.02,0,0.02,0,0,0,0,0,0,0
2026-09-08 03:05:00,1,"Normal Scan","Normal Scan",0,"ON",1,1,1,737.7,5,20.6,97.3,47.4,0.000000069345,0.0000182097,4.97,8976.18,8.8,736.5,1,"Up Scan","Positive",254,0,4.37,1.6,8,8,0,1,1,17.92,29.934,20.609,9.647,2.075,2938.13,44,21.3,NA,0,0,0,0,0,0,0,0,0,0,0,0,0,0,0,0,0,0,0,0,0,0,0,0,0,0,0,0,0,0,0,11122.321,7789.693,5993.731,4154.598,3561.266,3589.811,3426.319,3297.917,3726.788,3665.356,3822.636,3964.199,4039.241,3570.182,3274.78,3094.851,2735.828,2483.194,1879.77,1485.528,1184.991,1053.357,813.182,808.941,756.668,674.278,587.279,535.985,422.67,401.692,303.971,347.827,332.431,302.214,364.408,394.926,386.309,418.077,349.542,426.11,371.583,397.339,358.057,347.7,322.945,210.732,140.422,108.743,69.441,45.682,38.961,16.565,22.644,12.165,3.019,6.3,1.656,1.67,1.74,0,0,0,0,0,0,0,0,0,0,0,0,0,0,0,0,0,0,0,0,0,0,0,0,0,0,0,0,0,0,0,0,0,0,0,0,3.82,4.42,4.512,4.742,4.279,4.626,5.764,6.617,7.513,9.849,11.082,13.095,15.242,17.279,16.797,16.927,17.43,16.763,16.438,13.508,11.564,9.962,9.463,7.929,8.229,8.232,7.761,7.287,7.195,6.258,6.469,5.997,6.894,7.005,7.071,8.108,8.787,8.459,8.909,7.818,7.742,6.694,6.744,5.84,5.527,4.895,3.321,2.14,1.584,1.026,0.665,0.548,0.223,0.334,0.158,0.039,0.079,0.02,0.02,0.02,0,0.033,0,0,0,0
2026-09-08 03:10:00,1,"Normal Scan","Normal Scan",0,"ON",1,1,1,737.6,5,20.5,97.3,47.9,0.000000069315,0.0000182049,4.97,8976.18,8.8,736.5,1,"Up Scan","Positive",254,0,4.37,1.6,8,8,0,1,1,18.325,31.474,21.26,9.647,2.143,2546.4,44,21.3,NA,0,0,0,0,0,0,0,0,0,0,0,0,0,0,0,0,0,0,0,0,0,0,0,0,0,0,0,0,0,0,0,9724.221,7957.793,5239.873,3720.736,2978.711,2699.022,2468.939,2531.044,2378.514,2612.232,2776.536,2812.113,2903.683,2806.754,2600.883,2770.487,2808.259,2455.12,2059.626,1815.916,1455.556,1125.524,980.56,863.892,711.28,634.541,485.33,447.376,403.162,331.719,318.315,297.836,360.981,346.766,328.377,412.328,388.142,375.766,325.099,357.631,374.237,355.914,412.823,355.549,281.011,225.598,130.342,96.698,80.017,29.803,22.7,16.667,17.23,2.943,6.115,3.18,1.615,0,0,1.795,0,0,0,0,0,0,0,0,0,0,0,0,0,0,0,0,0,0,0,0,0,0,0,0,0,0,0,0,0,0,0,0,0,0,0,4.122,3.932,4.613,4.143,3.805,3.863,4.321,4.774,5.766,6.31,7.914,9.525,10.868,12.476,13.319,13.558,15.708,17.232,16.319,14.777,14.005,12.083,10.003,9.296,8.748,7.679,7.309,6.146,6.221,6.069,5.666,6.039,6.119,7.198,7.436,7.639,8.732,8.779,8.307,7.072,6.852,6.625,6.123,6.442,5.477,4.291,3.437,1.907,1.439,1.168,0.414,0.311,0.24,0.228,0.038,0.077,0.039,0.02,0,0,0.021,0,0,0,0,0
2026-09-08 03:15:00,1,"Normal Scan","Normal Scan",0,"ON",1,1,1,737.6,5,20.4,97.3,47.4,0.0000000692849,0.0000182001,4.97,8976.18,8.8,736.5,1,"Up Scan","Positive",254,0,4.37,1.6,8,8,0,1,1,13.444,28.136,18.314,9.647,2.147,2464.11,44,21.2,NA,0,0,0,0,0,0,0,0,0,0,0,0,0,0,0,0,0,0,0,0,0,0,0,0,0,0,0,0,0,0,0,13685.427,9361.142,7266.16,5013.084,3782.313,3153.954,2563.149,2241.818,2147.35,2300.001,2184.439,2009.741,2098.631,1942.761,1727.326,1630.011,1383.173,1279.669,1181.515,983.397,871.846,676.728,695.032,578.197,619.604,501.569,468.23,377.946,351.721,330.219,306.321,308.461,303.729,323.532,296.917,342.226,318.668,367.778,341.199,331.798,351.557,344.843,376.396,327.258,215.354,193.517,138.76,92.672,70.295,32.622,21.235,13.096,8.561,4.402,6.115,3.158,1.656,3.368,0,0,0,0,0,0,0,0,0,0,0,0,0,0,0,0,0,0,0,0,0,0,0,0,0,0,0,0,0,0,0,0,0,0,0,0,0,5.302,5.515,5.393,5.745,5.173,4.919,5.063,4.908,5.084,5.678,6.965,7.494,7.735,8.971,9.165,8.944,9.242,8.525,8.569,8.54,7.729,7.34,6.182,6.669,6,6.752,5.916,5.916,5.246,5.439,5.418,5.579,6.098,6.422,6.995,6.869,7.595,7.536,7.941,6.776,6.339,6.439,5.726,5.977,5.02,3.313,2.921,2.041,1.381,1.004,0.486,0.301,0.176,0.113,0.057,0.077,0.039,0.02,0.04,0,0,0,0,0,0,0
2026-09-08 03:20:00,1,"Normal Scan","Normal Scan",0,"ON",1,1,1,737.6,5,20.5,97.3,47.7,0.000000069315,0.0000182049,4.97,8976.18,8.8,736.5,1,"Up Scan","Positive",254,0,4.37,1.6,8,8,0,1,1,18.023,32.78,21.676,9.647,2.184,1740.53,44,21.2,NA,0,0,0,0,0,0,0,0,0,0,0,0,0,0,0,0,0,0,0,0,0,0,0,0,0,0,0,0,0,0,0,6079.077,4439.743,3693.863,2596.86,2096.513,2155.689,2133.678,1956.247,2316.434,2204.462,1974.494,2168.579,1883.964,1975.21,1808.857,1604.863,1325.332,1243.122,1181.628,1057.475,870.51,753.551,687.734,585.877,545.505,431.984,400.985,301.702,263.647,246.445,209.232,260.939,229.798,310.416,311.476,298.843,313.837,343.428,320.535,265.497,307.691,311.984,299.537,233.26,220.379,176.95,111.024,69.157,38.96,31.104,15.064,17.637,7.114,1.484,6.115,1.562,0,0,0,0,0,0,0,0,0,0,0,0,0,0,0,0,0,0,0,0,0,0,0,0,0,0,0,0,0,0,0,0,0,0,0,0,0,0,0,1.804,2.452,2.586,2.927,2.683,2.719,3.463,4.115,4.435,6.117,6.664,6.767,8.303,8.05,9.343,9.383,9.092,8.196,8.334,8.54,8.224,7.279,6.762,6.493,5.954,5.849,5.05,5.043,4.263,4.325,4.365,4.16,5.296,5.408,6.186,6.725,6.707,6.891,6.851,6.402,5.315,5.375,5.061,4.748,3.573,3.395,2.631,1.624,1.045,0.549,0.432,0.205,0.237,0.094,0.019,0.077,0.02,0,0,0,0,0,0,0,0,0
2026-09-08 03:25:00,1,"Normal Scan","Normal Scan",0,"ON",1,1,1,737.6,5,20.4,97.3,47.3,0.0000000692849,0.0000182001,4.97,8976.18,8.8,736.5,1,"Up Scan","Positive",254,0,4.37,1.6,8,8,0,1,1,18.541,36.411,22.988,9.647,2.303,1388.29,44,21.2,NA,0,0,0,0,0,0,0,0,0,0,0,0,0,0,0,0,0,0,0,0,0,0,0,0,0,0,0,0,0,0,0,4360.188,3365.708,2618.083,2532.654,1985.613,1846.779,1708.686,1541.929,1491.978,1353.071,1440.018,1606.674,1596.412,1549.346,1386.405,1204.122,1127.531,988.291,829.099,754.851,683.964,588.267,513.709,503.217,464.547,409.778,370.486,289.425,270.158,256.709,268.222,264.442,279.526,303.389,320.904,298.245,283.629,296.116,309.987,281.329,273.203,314.143,309.528,279.55,201.26,143.517,121.647,85.985,49.167,35.265,23.513,16.099,5.715,8.879,6.133,4.738,0,0,3.493,0,0,0,0,0,0,0,0,0,0,0,0,0,0,0,0,0,0,0,0,0,0,0,0,0,0,0,0,0,0,0,0,0,0,0,0,1.401,1.73,1.964,2.065,2.607,2.575,2.979,3.28,3.521,3.943,4.099,4.942,6.169,6.835,7.314,7.178,6.832,6.959,6.61,6.032,5.919,5.772,5.319,4.951,5.193,5.102,4.86,4.832,4.144,4.312,4.575,4.933,5.042,5.944,6.236,6.63,6.655,6.609,6.472,6.12,5.358,5.105,5.221,4.954,4.382,3.121,2.136,1.853,1.293,0.717,0.49,0.347,0.223,0.075,0.115,0.077,0.059,0,0,0.041,0,0,0,0,0,0
2026-09-08 03:30:00,1,"Normal Scan","Normal Scan",0,"ON",1,1,1,737.6,5,20.6,97.2,47.6,0.0000000694164,0.0000182097,4.97,8976.18,8.8,736.5,1,"Up Scan","Positive",254,0,4.37,1.6,8,8,0,1,1,17.183,37.027,22.778,10.366,2.363,1245.17,44,21.3,NA,0,0,0,0,0,0,0,0,0,0,0,0,0,0,0,0,0,0,0,0,0,0,0,0,0,0,0,0,0,0,0,3648.182,3674.83,2967.72,2452.951,1822.21,1850.996,1528.719,1366.85,1207.306,1228.291,987.636,1167.522,1184.384,1149.928,1027.737,931.265,813.89,726.413,694.361,638.33,629.64,607.855,504.636,468.341,470.426,427.171,340.121,291.043,269.778,254.517,230.998,259.957,248.911,250.249,288.003,300.548,301.048,278.626,286.257,317.392,278.853,279.811,291.665,223.947,193.657,138.873,100.676,87.088,46.228,34.184,25.435,16.733,8.245,8.854,6.128,3.136,1.656,3.368,1.767,0,0,0,0,0,0,0,0,0,0,0,0,0,0,0,0,0,0,0,0,0,0,0,0,0,0,0,0,0,0,0,0,0,0,0,0,1.151,1.456,2.132,2.345,2.547,2.362,2.959,2.939,3.1,3.19,3.718,3.386,4.478,5.065,5.425,5.338,5.32,5.076,4.911,5.08,5.063,5.349,5.457,4.893,4.83,5.131,4.981,4.405,4.142,4.243,4.314,4.502,5.102,5.287,5.574,6.188,6.452,6.6,5.972,5.815,5.66,5.015,4.757,4.697,3.583,3.021,2.133,1.524,1.323,0.672,0.521,0.347,0.241,0.113,0.115,0.077,0.039,0.02,0.04,0.02,0,0.017,0,0,0,0
2026-09-08 03:35:00,1,"Normal Scan","Normal Scan",0,"ON",1,1,1,737.4,5,20.3,97.2,47.3,0.0000000693261,0.0000181953,4.97,8976.18,8.8,736.5,1,"Up Scan","Positive",254,0,4.37,1.6,8,8,0,1,1,18.11,37.433,23.198,9.647,2.348,1254.5,44,21.2,NA,0,0,0,0,0,0,0,0,0,0,0,0,0,0,0,0,0,0,0,0,0,0,0,0,0,0,0,0,0,0,0,3905.123,3019.696,2562.342,2030.656,2091.352,1710.986,1546.119,1511.452,1355.732,1423.954,1251.189,1301.924,1270.349,1195.538,1153.212,1030.179,1022.655,742.604,681.11,598.757,593.716,501.448,559.031,512.281,489.211,446.013,358.978,291.157,228.549,240.233,241.364,191.841,238.314,233.877,268.555,255.952,292.61,323.37,316.126,267.797,299.403,338.013,295.237,275.253,196.154,138.285,122.051,80.84,42.005,32.213,28.486,20.669,5.877,4.416,3.071,3.136,0,1.698,0,1.822,0,0,0,0,0,0,0,0,0,0,0,0,0,0,0,0,0,0,0,0,0,0,0,0,0,0,0,0,0,0,0,0,0,0,0,1.224,1.593,1.754,2.025,2.098,2.725,2.753,2.982,3.426,3.582,4.313,4.281,5.004,5.428,5.645,5.962,5.86,6.307,5.037,5.012,4.773,5.08,4.578,5.357,5.185,5.311,5.14,4.536,4.052,3.653,4.219,4.418,4.371,5.324,5.346,6,6.191,6.604,6.809,6.176,5.096,5.518,5.49,4.653,4.383,3.073,2.081,1.79,1.21,0.602,0.45,0.402,0.278,0.094,0.057,0.039,0.039,0,0.02,0,0.021,0,0,0,0,0
2026-09-08 03:40:00,1,"Normal Scan","Normal Scan",0,"ON",1,1,1,737.7,5,20.7,97.2,47.4,0.0000000694465,0.0000182145,4.97,8976.18,8.8,736.5,1,"Up Scan","Positive",254,0,4.37,1.6,8,8,0,1,1,17.04,37.682,22.917,9.647,2.392,1245.48,44,21.3,NA,0,0,0,0,0,0,0,0,0,0,0,0,0,0,0,0,0,0,0,0,0,0,0,0,0,0,0,0,0,0,0,3887.962,3282.159,3133.926,2469.18,1999.694,1795.161,1558.158,1343.124,1176.48,1092.301,1038.234,1217.077,1163.756,1102.216,961.008,961.254,746.613,726.634,593.858,641.788,637.529,537.9,551.047,486.521,467.357,423.863,385.276,304.657,262.527,257.154,244.644,234.68,209.323,250.724,254.335,250.797,313.355,332.47,311.947,313.148,342.182,347.722,328.546,265.028,170.156,142.211,114.939,73.98,38.151,37.163,27.516,20.752,10.128,5.874,1.509,6.3,0,3.396,0,0,0,0,0,0,0,0,0,0,0,0,0,0,0,0,0,0,0,0,0,0,0,0,0,0,0,0,0,0,0,0,0,0,0,0,0,1.34,1.594,1.919,2.487,2.542,2.588,2.878,2.978,3.047,3.112,3.304,3.558,4.668,4.974,5.196,5,5.476,4.647,4.932,4.396,5.082,5.404,4.924,5.306,4.974,5.095,4.979,4.795,4.214,4.071,4.4,4.594,4.955,5.031,5.704,6.038,6.185,7.049,6.854,6.045,5.811,5.879,5.704,5.191,4.23,2.69,2.189,1.714,1.077,0.584,0.521,0.402,0.278,0.151,0.076,0.019,0.078,0,0.04,0,0,0.016,0,0,0,0
2026-09-08 03:45:00,1,"Normal Scan","Normal Scan",0,"ON",1,1,1,737.4,5,20.3,97.2,47.2,0.0000000693261,0.0000181953,4.97,8976.18,8.8,736.5,1,"Up Scan","Positive",254,0,4.37,1.6,8,8,0,1,1,17.013,34.245,21.722,9.647,2.282,1657.99,44,21.2,NA,0,0,0,0,0,0,0,0,0,0,0,0,0,0,0,0,0,0,0,0,0,0,0,0,0,0,0,0,0,0,0,6823.33,4448.099,3903.824,2655.171,2694.983,2164.367,1661.26,1581.832,1618.463,1504.092,1476.274,1543.211,1710.491,1541.438,1574.576,1268.432,1215.216,1038.956,1063.965,934.771,952.187,911.377,773.538,711.872,546.919,434.624,407.601,377.246,290.414,264.96,294.188,245.589,229.906,266.065,290.885,297.959,321.522,332.086,339.944,310.108,317.87,349.498,354.271,273.055,208.072,157.949,126.63,71.188,59.746,37.04,21.383,27.689,14.131,7.37,0,4.725,3.258,0,0,0,0,0,0,0,0,0,0,0,0,0,0,0,0,0,0,0,0,0,0,0,0,0,0,0,0,0,0,0,0,0,0,0,0,0,0,2.107,2.726,2.604,3.071,2.718,3.495,3.465,3.2,3.596,4.274,4.565,5.052,5.945,7.317,7.308,8.173,7.251,7.579,7.047,7.768,7.324,7.931,8.118,7.366,7.131,5.94,5.174,5.066,5.086,4.512,4.571,5.293,5.245,5.395,5.956,6.466,6.903,7.44,6.933,6.747,5.775,5.745,5.815,5.63,4.229,3.339,2.435,1.875,1.033,0.888,0.522,0.292,0.373,0.187,0.096,0,0.059,0.04,0,0,0,0,0,0,0,0
2026-09-08 03:50:00,1,"Normal Scan","Normal Scan",0,"ON",1,1,1,737.7,5,20.7,97.2,47.4,0.0000000694465,0.0000182145,4.97,8976.18,8.8,736.5,1,"Up Scan","Positive",254,0,4.37,1.6,8,8,0,1,1,21.299,41.534,25.772,9.647,2.407,1200.2,44,21.3,NA,0,0,0,0,0,0,0,0,0,0,0,0,0,0,0,0,0,0,0,0,0,0,0,0,0,0,0,0,0,0,0,3308.937,2156.557,2299.04,1909.48,1695.255,1432.445,1402.931,1274.752,973.098,1014.872,1148.084,1200.194,1198.615,1339.925,1267.976,1287.847,1136.749,887.671,787.19,777.659,636.22,648.997,599.423,555.749,567.526,469.547,455.771,383.062,324.103,247.35,253.164,244.356,251.647,247.46,284.842,355.028,333.909,320.122,328.318,339.386,337.678,323.568,383.775,274.091,234.221,171.758,105.524,85.831,45.831,27.061,32.154,12.385,10.143,5.888,1.548,3.19,4.914,1.684,0,0,0,0,0,0,0,0,0,0,0,0,0,0,0,0,0,0,0,0,0,0,0,0,0,0,0,0,0,0,0,0,0,0,0,0,0,0.934,1.331,1.268,1.8,1.96,2.2,2.303,2.707,2.895,2.58,3.099,3.96,4.623,5.128,6.328,6.599,7.288,7.03,5.994,5.775,6.168,5.442,5.941,5.817,5.697,6.12,5.442,5.664,5.22,4.786,4.524,5.006,5.085,5.559,5.898,6.585,7.614,7.701,6.9,6.689,6.114,5.945,5.356,6.016,4.311,3.601,2.627,1.558,1.236,0.708,0.413,0.438,0.167,0.151,0.076,0.019,0.039,0.06,0.02,0,0,0.016,0,0,0,0
2026-09-08 03:55:00,1,"Normal Scan","Normal Scan",0,"ON",1,1,1,737.4,5,20.3,97.2,47.4,0.0000000693261,0.0000181953,4.97,8976.18,8.8,736.5,1,"Up Scan","Positive",254,0,4.37,1.6,8,8,0,1,1,14.305,24.335,17.428,9.647,1.95,3669.48,44,21.2,NA,0,0,0,0,0,0,0,0,0,0,0,0,0,0,0,0,0,0,0,0,0,0,0,0,0,0,0,0,0,0,0,22114.075,14509.018,9423.161,5859.336,3788.116,3125.42,3333.125,3997.628,4365.272,4442.351,4278.705,3943.508,4032.664,3891.661,3656.509,3491.187,2928.572,2236.788,1702.289,1290.935,1144.976,931.145,766.699,680.735,584.838,522.852,429.381,380.854,343.837,272.588,244.777,231.132,240.469,189.529,267.84,296.555,331.663,299.096,382.107,340.424,325.911,360.982,320.329,338.684,236.269,172.117,126.599,88.713,58.939,43.743,17.626,13.88,10.446,4.389,1.509,4.792,3.272,3.382,0,0,0,0,0,0,0,0,0,0,0,0,0,0,0,0,0,0,0,0,0,0,0,0,0,0,0,0,0,0,0,0,0,0,0,0,0,9.362,8.854,8.392,7.462,5.998,4.906,5.028,6.466,9.099,11.539,13.43,14.655,15.171,17.2,18.32,18.837,19.643,17.878,14.793,12.193,10.009,9.528,8.296,7.322,6.874,6.304,5.964,5.359,5.038,4.988,4.694,4.685,4.966,5.604,5.22,6.35,6.985,7.378,6.981,7.478,6.358,5.779,6.02,5.216,5.175,3.626,2.635,1.873,1.265,0.897,0.641,0.256,0.186,0.151,0.057,0.019,0.059,0.04,0.04,0,0,0.017,0,0,0,0
2026-09-08 04:00:00,1,"Normal Scan","Normal Scan",0,"ON",1,1,1,737.9,5,20.9,97.2,47.3,0.0000000695066,0.0000182241,4.97,8976.18,8.8,736.5,1,"Up Scan","Positive",254,0,4.37,1.6,8,8,0,1,1,21.54,40.53,25.763,9.647,2.332,1337.26,44,21.3,NA,0,0,0,0,0,0,0,0,0,0,0,0,0,0,0,0,0,0,0,0,0,0,0,0,0,0,0,0,0,0,0,3327.113,2041.493,2018.696,2143.514,1958.64,1285.566,1401.452,1702.939,1407.643,1529.978,1544.208,1599.743,1666.278,1584.346,1452.657,1345.019,1257.033,1122.142,1045.578,920.464,796.616,727.203,682.149,610.412,572.099,499.406,405.372,405.057,328.205,254.942,242.366,240.216,257.421,273.194,293.735,324.644,343.724,352.62,319.939,344.407,357.344,333.397,323.289,334.177,248.935,174.07,123.209,87.766,60.103,36.314,25.358,24.927,15.687,10.276,4.541,4.751,0,0,0,0,0,0,0,0,0,0,0,0,0,0,0,0,0,0,0,0,0,0,0,0,0,0,0,0,0,0,0,0,0,0,0,0,0,0,0,0.965,1.32,1.192,1.603,2.195,2.544,2.061,2.699,3.875,3.745,4.618,5.309,6.151,7.128,7.492,7.548,7.635,7.776,7.543,7.599,7.233,6.74,6.534,6.565,6.263,6.108,5.756,5.11,5.511,4.922,4.548,4.716,5.303,5.693,6.273,6.824,7.27,7.576,7.742,6.607,6.485,6.245,5.696,5.207,5.179,3.883,2.686,1.866,1.27,0.884,0.503,0.347,0.334,0.207,0.134,0.058,0.059,0,0,0,0,0,0,0,0,0
2026-09-08 04:05:00,1,"Normal Scan","Normal Scan",0,"ON",1,1,1,737.4,5,20.3,97.2,47.5,0.0000000693261,0.0000181953,4.97,8976.18,8.8,736.5,1,"Up Scan","Positive",254,0,4.37,1.6,8,8,0,1,1,21.086,38.507,24.923,9.647,2.266,1522.56,44,21.2,NA,0,0,0,0,0,0,0,0,0,0,0,0,0,0,0,0,0,0,0,0,0,0,0,0,0,0,0,0,0,0,0,3362.043,2791.332,2259.235,2398.459,2015.127,1786.025,1838.936,1640.77,1873.822,1814.095,1933.19,1848.863,2001.89,1842.736,1666.759,1604.667,1499.691,1441.516,1277.866,1061.665,950.797,800.926,704.8,645.283,575.521,494.072,428.563,369.372,336.454,295.837,262.56,234.312,248.842,254.949,230.922,280.84,333.412,363.825,313.818,363.046,348.781,383.788,371.382,299.465,275.211,177.765,129.07,99.012,50.994,40.372,39.962,21.409,12.758,7.383,9.147,1.575,0,1.684,1.753,3.576,0,0,0,0,0,0,0,0,0,0,0,0,0,0,0,0,0,0,0,0,0,0,0,0,0,0,0,0,0,0,0,0,0,0,0,1.099,1.358,1.604,1.79,2.47,2.625,2.868,3.544,3.731,4.961,5.479,6.631,7.124,8.582,8.729,8.674,9.131,9.258,9.632,9.227,8.299,7.968,7.199,6.741,6.576,6.252,5.728,5.296,4.997,5.029,4.763,5.053,5.123,5.647,6.115,6.025,6.95,7.696,7.778,6.752,6.74,6.275,6.327,5.956,4.82,4.261,2.715,1.947,1.497,0.726,0.575,0.555,0.327,0.169,0.096,0.116,0.02,0,0.02,0.02,0.041,0,0,0,0,0
2026-09-08 04:10:00,1,"Normal Scan","Normal Scan",0,"ON",1,1,1,737.9,5,20.9,97.2,47.1,0.0000000695066,0.0000182241,4.97,8976.18,8.8,736.5,1,"Up Scan","Positive",254,0,4.37,1.6,8,8,0,1,1,18.667,37.726,23.385,9.647,2.357,1505.71,44,21.3,NA,0,0,0,0,0,0,0,0,0,0,0,0,0,0,0,0,0,0,0,0,0,0,0,0,0,0,0,0,0,0,0,5321.951,3935.908,2704.995,2267.319,2149.96,1863.717,1658.637,1576.647,1554.957,1608.942,1589.556,1590.815,1491.08,1577.857,1328.202,1316.42,1161.405,976.146,923.146,820.163,817.797,720.688,655.78,660.873,609.14,504.445,455.57,364.223,355.365,265.401,242.245,269.867,214.048,291.236,334.218,314.802,343.896,370.667,351.352,420.031,355.729,326.19,336.455,318.808,227.457,187.693,153.168,105.631,73.88,36.459,29.579,16.531,14.543,13.268,3.026,1.588,1.643,0,1.726,0,0,0,0,0,0,0,0,0,0,0,0,0,0,0,0,0,0,0,0,0,0,0,0,0,0,0,0,0,0,0,0,0,0,0,0,1.92,2.103,2.269,2.147,2.332,2.787,3,3.178,3.581,4.093,4.86,5.453,6.117,6.368,7.452,6.888,7.486,7.205,6.595,6.764,6.501,6.917,6.547,6.302,6.755,6.522,5.826,5.668,5.015,5.375,4.747,4.809,5.648,5.257,6.825,7.467,7.117,7.737,8.002,7.004,7.706,6.497,5.615,5.448,4.976,3.51,2.891,2.333,1.515,1.079,0.521,0.42,0.223,0.226,0.172,0.039,0.02,0.02,0,0.02,0,0.032,0,0,0,0
2026-09-08 04:15:00,1,"Normal Scan","Normal Scan",0,"ON",1,1,1,737.4,5,20.3,97.2,47.5,0.0000000693261,0.0000181953,4.97,8976.18,8.8,736.5,1,"Up Scan","Positive",254,0,4.37,1.6,8,8,0,1,1,18.005,38.178,23.359,9.647,2.391,1416.35,44,21.2,NA,0,0,0,0,0,0,0,0,0,0,0,0,0,0,0,0,0,0,0,0,0,0,0,0,0,0,0,0,0,0,0,4909.812,3293.058,3448.926,2486.1,1912.707,1735.302,1614.474,1542.508,1498.747,1385.687,1434.627,1383.804,1375.13,1189.305,1134.929,1192.604,978.364,896.393,817.667,774.477,618.114,648.611,640.496,566.457,511.953,564.201,482.654,382.83,316.043,313.633,271.169,272.695,252.056,261.858,269.07,297.758,352.615,340.206,329.312,403.23,383.742,388.608,332.274,305.043,272.803,172.923,117.111,90,49.994,35.051,24.06,15.199,21.415,4.427,6.05,4.765,0,0,0,0,0,0,0,0,0,0,0,0,0,0,0,0,0,0,0,0,0,0,0,0,0,0,0,0,0,0,0,0,0,0,0,0,0,0,0,1.794,1.956,1.931,2.696,2.57,2.475,2.783,3.085,3.498,3.943,4.188,4.917,5.313,5.895,5.632,5.913,6.756,6.086,6.073,5.985,6.136,5.35,5.961,6.196,5.811,5.646,6.477,5.983,5.159,4.779,5.21,5.167,5.69,5.713,6.218,6.824,7.233,7.616,7.539,6.817,7.283,6.656,6.409,5.25,4.764,4.166,2.701,1.758,1.306,0.743,0.486,0.329,0.204,0.282,0.057,0.077,0.059,0,0,0,0,0,0,0,0,0
2026-09-08 04:20:00,1,"Normal Scan","Normal Scan",0,"ON",1,1,1,737.7,5,20.7,97.2,47.1,0.0000000694465,0.0000182145,4.97,8976.18,8.8,736.5,1,"Up Scan","Positive",254,0,4.37,1.6,8,8,0,1,1,29.348,37.835,28.85,28.387,1.934,2387.08,44,21.3,NA,0,0,0,0,0,0,0,0,0,0,0,0,0,0,0,0,0,0,0,0,0,0,0,0,0,0,0,0,0,0,0,2523.427,2052.787,2256.824,2078.565,1932.425,1760.288,1805.602,1681.497,1566.644,1558.929,1500.646,1551.889,1501.202,1463.146,5374.535,7967.974,7793.062,6393.64,4382.863,3002.949,2416.959,2340.599,1787.402,1297.656,878.768,687.395,521.526,376.17,333.327,293.136,232.022,236.969,228.036,233.981,252.471,289.912,383.475,359.557,380.372,401.436,400.178,372.377,368.652,338.123,245.041,166.214,143.271,78.818,73.38,50.2,18.706,15.335,12.829,8.841,3.045,6.34,3.272,0,1.767,0,0,0,0,0,0,0,0,0,0,0,0,0,0,0,0,0,0,0,0,0,0,0,0,0,0,0,0,0,0,0,0,0,0,0,0,0.768,1.021,1.196,1.784,2.129,2.519,2.831,3.489,3.803,4.138,4.836,5.466,6.412,6.937,7.379,28.058,44.78,47.504,42.108,31.12,22.942,19.755,20.265,16.444,12.723,9.205,7.691,6.267,5.118,4.924,4.817,4.832,5.358,5.575,6.074,6.541,7.051,8.5,7.715,7.681,7.247,6.915,6.292,5.93,5.241,3.764,2.55,2.142,1.166,1.083,0.715,0.256,0.223,0.169,0.115,0.039,0.078,0.04,0,0.02,0,0,0,0,0,0
2026-09-08 04:25:00,1,"Normal Scan","Normal Scan",0,"ON",1,1,1,737.9,5,21,97.2,47.1,0.0000000695367,0.0000182289,4.97,8976.18,8.8,736.5,1,"Up Scan","Positive",254,0,4.37,1.6,8,8,0,1,1,23.814,29.062,23.767,26.416,1.748,5507.74,44,21.4,NA,0,0,0,0,0,0,0,0,0,0,0,0,0,0,0,0,0,0,0,0,0,0,0,0,0,0,0,0,0,0,0,5877.077,5766.625,5418.518,5201.151,5675.813,5575.819,6002.488,6371.311,7627.761,7971.331,8255.997,8802.535,9051.876,10942.844,11064.676,10377.848,8916.057,8762.754,8752.909,7646.897,5500.141,4038.313,2505.657,1557.826,947.04,645.948,517.276,377.7,322.34,280.413,274.92,239.135,286.12,268.864,250.38,311.316,328.721,383.513,356.072,360.573,432.91,375.347,402.503,319.171,275.723,202.841,132.078,102.051,71.782,38.859,28.296,24.814,11.443,7.457,6.111,0.03,0,0,1.74,0,0,0,0,0,0,0,0,0,0,0,0,0,0,0,0,0,0,0,0,0,0,0,0,0,0,0,0,0,0,0,0,0,0,0,0,1.474,2.375,3.376,4.303,5.367,7.376,8.959,11.58,14.513,20.229,24.243,28.463,34.019,38.993,52.038,57.563,58.717,54.776,57.798,61.712,57.551,44.156,34.605,22.833,15.141,9.906,7.309,6.326,5.165,4.903,4.777,5.188,5.405,6.269,6.371,6.73,7.478,7.823,8.278,7.43,6.665,7.588,6.316,6.459,4.971,4.267,3.047,1.974,1.508,1.008,0.539,0.402,0.334,0.151,0.095,0.077,0,0,0,0.02,0,0,0,0,0,0
2026-09-08 04:30:00,1,"Normal Scan","Normal Scan",0,"ON",1,1,1,738.5,5,21.8,97.2,46.9,0.0000000697775,0.0000182672,4.97,8976.18,8.8,736.5,1,"Up Scan","Positive",254,0,4.37,1.6,8,8,0,1,1,19.183,36.665,23.898,9.647,2.261,1867.49,44,21.7,NA,0,0,0,0,0,0,0,0,0,0,0,0,0,0,0,0,0,0,0,0,0,0,0,0,0,0,0,0,0,0,0,4946.487,4023.793,3495.006,2946.837,2785.842,2653.619,2416.257,2438.525,2183.286,1920.988,1613.424,1525.436,1569.173,1292.546,1408.389,1489.55,1519.546,1765.146,1939.869,1913.781,1829.145,1483.007,1196.056,853.205,733.658,638.163,452.479,430.339,356.957,272.701,308.265,248.591,243.396,241.397,293.591,346.428,353.093,344.86,419.331,425.761,431.235,382.227,379.873,379.321,253.515,195.441,140.685,89.78,54.489,58.449,24.073,13.171,15.757,7.382,6.141,1.575,1.656,3.382,3.479,0,0,0,0,0,0,0,0,0,0,0,0,0,0,0,0,0,0,0,0,0,0,0,0,0,0,0,0,0,0,0,0,0,0,0,0,1.462,1.956,2.33,2.747,3.037,3.612,4.239,4.629,5.508,5.734,5.786,5.513,5.892,6.775,6.231,7.482,8.698,9.575,11.923,13.957,14.75,15.024,12.975,11.18,8.566,7.82,7.248,5.608,5.692,5.275,4.9,5.718,5.411,5.933,6.487,7.309,7.918,8.133,7.915,8.18,7.779,7.412,6.331,6.184,5.863,3.848,3.002,2.12,1.324,0.775,0.844,0.373,0.177,0.207,0.095,0.077,0.02,0.02,0.04,0.041,0,0,0,0,0,0
2026-09-08 04:35:00,1,"Normal Scan","Normal Scan",0,"ON",1,1,1,739.1,5,22.6,97.2,46.3,0.0000000700183,0.0000183054,4.97,8976.18,8.8,736.5,1,"Up Scan","Positive",254,0,4.37,1.6,8,8,0,1,1,17.443,36.451,22.855,10.366,2.296,1676.6,43,22.2,NA,0,0,0,0,0,0,0,0,0,0,0,0,0,0,0,0,0,0,0,0,0,0,0,0,0,0,0,0,0,0,0,3663.037,3725.819,3215.746,3261.899,2787.8,2968.022,2860.522,2701.213,2294.532,2155.092,1938.506,1767.777,1696.054,1493.234,1374.651,1183.229,1032.214,824.793,819.343,696.604,731.581,715.714,645.676,640.458,604.183,571.471,511.212,434.866,368.233,309.869,242.22,317.984,266.078,270.094,286.643,319.015,361.989,348.035,447.644,397.507,411.978,398.473,384.915,337.325,246.682,192.828,117.592,105.174,51.886,51.705,39.466,24.373,5.848,13.256,6.115,4.712,4.915,1.67,1.754,0,0,0,0,0,0,0,0,0,0,0,0,0,0,0,0,0,0,0,0,0,0,0,0,0,0,0,0,0,0,0,0,0,0,0,0,1.267,1.494,2.143,2.557,3.348,3.638,4.741,5.488,6.106,6.012,6.478,6.605,6.745,7.211,7.023,7.091,6.727,6.409,5.597,6.038,5.571,6.28,6.535,6.288,6.572,6.546,6.548,6.361,5.785,5.525,5.216,4.979,6.227,6.239,6.747,7.054,7.608,8.221,7.76,8.477,7.381,7.186,6.5,6.249,5.361,3.872,2.904,1.804,1.567,0.777,0.754,0.547,0.333,0.094,0.172,0.077,0.059,0.06,0.02,0.02,0,0.014,0,0,0,0
2026-09-08 04:40:00,1,"Normal Scan","Normal Scan",0,"ON",1,1,1,738.5,5,21.8,97.2,46.2,0.0000000697775,0.0000182672,4.97,8976.18,8.8,736.5,1,"Up Scan","Positive",254,0,4.37,1.6,8,8,0,1,1,17.404,33.097,21.549,9.647,2.206,2172.66,42,22.1,NA,0,0,0,0,0,0,0,0,0,0,0,0,0,0,0,0,0,0,0,0,0,0,0,0,0,0,0,0,0,0,0,7418.261,5900.273,4102.846,3814.533,3394.121,2901.526,2954.477,2573.08,2490.028,2515.867,2441.662,2406.633,2267.546,2170.25,1924.56,1733.666,1666.514,1456.698,1263.267,1170.826,1208.714,1276.608,1053.076,812.043,671.243,563.575,501.653,413.804,349.958,343.383,344.254,292.637,245.542,286.606,269.484,272.288,349.672,339.23,414.003,407.87,461.933,390.705,383.698,369.97,290.467,179.462,153.802,107.123,65.198,47.858,25.558,23.596,14.229,10.301,7.573,1.602,8.171,0,1.726,0,0,0,0,0,0,0,0,0,0,0,0,0,0,0,0,0,0,0,0,0,0,0,0,0,0,0,0,0,0,0,0,0,0,0,0,2.253,2.976,3.419,3.253,3.932,4.384,4.642,5.68,5.84,6.56,7.578,8.346,9.216,9.68,10.223,9.969,9.899,10.387,9.853,9.205,9.164,10.048,11.27,9.921,8.214,7.233,6.568,6.203,5.584,5.187,5.567,6.015,5.953,6.123,6.89,7.169,7.005,8.101,7.88,8.335,7.545,7.929,6.632,6.163,5.744,4.482,2.772,2.333,1.557,0.969,0.7,0.365,0.315,0.188,0.134,0.097,0.02,0.099,0,0.02,0,0,0,0,0,0
2026-09-08 04:45:00,1,"Normal Scan","Normal Scan",0,"ON",1,1,1,737.8,5,20.8,97.2,45.6,0.0000000694765,0.0000182193,4.97,8976.18,8.8,736.5,1,"Up Scan","Positive",254,0,4.37,1.6,8,8,0,1,1,17.411,36.226,22.653,9.647,2.306,1705.71,43,21.8,NA,0,0,0,0,0,0,0,0,0,0,0,0,0,0,0,0,0,0,0,0,0,0,0,0,0,0,0,0,0,0,0,4898.586,3733.894,3356.089,3045.631,2941.962,2864.196,2478.508,2471.519,2176.637,2047.814,1856.118,1788.091,1668.552,1620.075,1354.007,1331.65,1055.282,995.385,854.725,858.871,771.636,696.835,608.524,591.503,608.747,512.034,498.058,410.364,427.12,320.03,322.562,279.939,277.299,236.416,317.778,341.299,360.674,328.827,425.87,432.716,367.694,392.61,407.049,338.088,281.829,215.73,135.982,99.154,53.318,37.196,30.278,23.426,8.573,16.287,3.035,1.602,1.615,3.396,0,0,0,0,0,0,0,0,0,0,0,0,0,0,0,0,0,0,0,0,0,0,0,0,0,0,0,0,0,0,0,0,0,0,0,0,0,1.557,1.978,2.165,2.678,3.141,3.8,4.583,4.787,5.62,5.745,6.158,6.341,6.859,7.113,7.63,7.028,7.55,6.554,6.693,6.258,6.791,6.568,6.378,5.975,6.144,6.648,6.019,6.194,5.543,6.045,5.52,5.967,5.763,6.396,6.384,7.381,7.947,8.371,7.567,8.322,8.041,6.562,6.49,6.479,5.252,4.357,3.229,2.109,1.426,0.779,0.521,0.438,0.315,0.113,0.21,0.039,0.02,0.02,0.04,0,0,0,0,0,0,0
2026-09-08 04:50:00,1,"Normal Scan","Normal Scan",0,"ON",1,1,1,738.1,5,21.2,97.2,45.3,0.0000000695969,0.0000182384,4.97,8976.18,8.8,736.5,1,"Up Scan","Positive",254,0,4.37,1.6,8,8,0,1,1,18.771,27.896,20.394,9.647,1.968,3838.26,43,21.9,NA,0,0,0,0,0,0,0,0,0,0,0,0,0,0,0,0,0,0,0,0,0,0,0,0,0,0,0,0,0,0,0,14048.161,10016.84,7651.201,6257.874,4949.786,4365.09,4169.976,3836.352,3591.408,3433.043,3421.356,3923.355,5061.146,5708.538,6576.712,5645.241,5034.068,4385.169,3543.584,2773.933,2048.543,1472.31,1153.1,898.85,743.665,689.531,496.563,462.366,411.07,331.287,260.449,275.988,267.516,256.827,296.949,349.575,349.838,368.275,406.189,414.321,419.476,413.508,408.115,332.352,264.179,204.503,142.948,104.668,61.208,34.893,36.111,25.051,14.363,10.325,0,1.562,1.629,1.67,1.767,0,0,0,0,0,0,0,0,0,0,0,0,0,0,0,0,0,0,0,0,0,0,0,0,0,0,0,0,0,0,0,0,0,0,0,0,4.756,5.584,5.843,6.046,6.433,6.438,6.989,8.002,8.729,9.528,10.48,11.87,15.262,21.772,26.983,33.924,31.734,30.684,28.868,25.104,21.167,16.814,12.917,10.87,9.072,7.927,7.777,6.201,6.06,5.946,5.645,5.041,5.936,6.211,6.597,7.344,8.161,8.24,8.067,8.014,7.783,7.283,6.862,6.461,5.21,4.112,3.125,2.142,1.513,0.884,0.503,0.493,0.352,0.207,0.134,0,0.02,0.02,0.02,0.02,0,0.015,0,0,0,0
2026-09-08 04:55:00,1,"Normal Scan","Normal Scan",0,"ON",1,1,1,737.7,5,20.7,97.2,45.9,0.0000000694465,0.0000182145,4.97,8976.18,8.8,736.5,1,"Up Scan","Positive",254,0,4.37,1.6,8,8,0,1,1,15.803,26.643,18.944,9.647,1.988,3600.18,43,21.7,NA,0,0,0,0,0,0,0,0,0,0,0,0,0,0,0,0,0,0,0,0,0,0,0,0,0,0,0,0,0,0,0,14461.991,11274.738,8367.038,7226.725,5494.936,5001.46,4358.85,4134.252,3919.571,3999.653,3828.693,4055.222,4102.546,4260.44,4021.351,3715.954,3136.345,2753.254,2230.916,1765.775,1396.002,1143.431,942.679,829.977,644.089,584.522,590.166,482.526,383.508,360.721,310.14,330.243,257.534,314.368,280.92,302.821,338.949,375.271,416.002,380.2,442.117,422.466,391.284,330.771,262.753,169.792,141.607,81.906,53.822,42.662,23.182,29.012,12.794,8.804,6.141,11.118,0,1.698,0,0,0,0,0,0,0,0,0,0,0,0,0,0,0,0,0,0,0,0,0,0,0,0,0,0,0,0,0,0,0,0,0,0,0,0,0,4.942,5.811,6.542,6.62,7.411,7.162,8.001,8.403,9.394,10.377,12.109,13.137,15.596,17.547,20.088,20.733,20.912,19.178,18.227,15.947,13.581,11.588,10.235,9,8.409,7.023,6.78,7.246,6.378,5.693,5.796,5.66,6.522,6.249,7.104,7.241,7.44,7.98,8.066,8.015,7.154,7.578,6.893,6.111,5.239,4.153,2.598,2.108,1.251,0.831,0.593,0.329,0.389,0.169,0.115,0.077,0.137,0,0.02,0,0,0,0,0,0,0
2026-09-08 05:00:00,1,"Normal Scan","Normal Scan",0,"ON",1,1,1,737.7,5,20.7,97.2,45.6,0.0000000694465,0.0000182145,4.97,8976.18,8.8,736.5,1,"Up Scan","Positive",254,0,4.37,1.6,8,8,0,1,1,17.088,27.499,19.681,9.647,1.994,3637.76,43,21.6,NA,0,0,0,0,0,0,0,0,0,0,0,0,0,0,0,0,0,0,0,0,0,0,0,0,0,0,0,0,0,0,0,14567.682,10688.991,7443.844,5548.568,4768.037,4793.004,4405.218,4222.468,4122.959,4444.405,4302.958,4169.054,4250.73,4567.124,4202.772,3756.137,3314.018,3078.626,2859.751,2430.925,2007.698,1471.615,1073.879,840.757,824.27,641.946,548.048,498.732,460.514,335.531,295.615,304.753,273.327,285.277,292.896,295.521,344.268,365.082,432.933,400.603,400.242,428.365,384.158,357.035,286.559,182.486,155.203,95.216,61.714,50.693,22.732,15.177,18.509,10.338,6.115,0,3.272,0,0,0,0,0,0,0,0,0,0,0,0,0,0,0,0,0,0,0,0,0,0,0,0,0,0,0,0,0,0,0,0,0,0,0,0,0,0,5.563,5.873,6.151,5.888,5.682,6.194,7.687,8.517,9.627,10.88,13.44,14.73,16.044,18.203,21.583,21.797,21.269,20.358,20.377,20.349,18.664,16.45,12.998,10.195,8.553,8.792,7.332,6.762,6.54,6.598,5.545,5.425,6.24,6.448,6.874,7.17,7.48,8.058,8.165,8.484,7.521,7.035,7.044,6.224,5.509,4.335,2.829,2.315,1.411,0.883,0.719,0.31,0.204,0.245,0.134,0.077,0,0.04,0,0,0,0,0,0,0,0
2026-09-08 05:05:00,1,"Normal Scan","Normal Scan",0,"ON",1,1,1,737.8,5,20.8,97.2,46.2,0.0000000694765,0.0000182193,4.97,8976.18,8.8,736.5,1,"Up Scan","Positive",254,0,4.37,1.6,8,8,0,1,1,17.853,26.246,19.618,9.647,1.884,4152.58,43,21.6,NA,0,0,0,0,0,0,0,0,0,0,0,0,0,0,0,0,0,0,0,0,0,0,0,0,0,0,0,0,0,0,0,11962.27,9743.395,6858.117,7119.543,6152.87,5568.48,6497.414,5839.841,6411.521,6518.793,7041.061,6983.325,6702.465,5693.479,4911.554,4487.173,3849.283,3051.026,2317.528,1802.948,1480.661,1138.061,999.166,863.721,780.233,616.854,545.958,421.248,453.81,381.984,336.35,279.131,301.308,311.956,285.63,370.744,333.32,348.605,377.786,343.698,414.097,380.597,374.07,335.306,265.333,192.556,141.131,89.513,58.89,47.39,38.981,15.161,21.355,16.244,4.58,1.588,1.635,1.712,0,0,0,0,0,0,0,0,0,0,0,0,0,0,0,0,0,0,0,0,0,0,0,0,0,0,0,0,0,0,0,0,0,0,0,0,0,4.018,4.817,5.667,5.417,7.341,8.006,8.947,12.508,13.299,16.927,19.675,24.093,26.735,28.505,26.719,25.302,25.199,23.448,20.153,16.563,13.908,12.296,10.131,9.459,8.855,8.418,7.123,6.679,5.813,6.553,6.15,6.022,5.784,6.483,6.91,7.088,8.302,7.759,7.706,7.702,6.682,7.213,6.304,6.048,5.296,4.078,3,2.186,1.305,0.849,0.665,0.548,0.204,0.282,0.21,0.058,0.02,0.02,0.02,0,0,0,0,0,0,0
2026-09-08 05:10:00,1,"Normal Scan","Normal Scan",0,"ON",1,1,1,737.6,5,20.5,97.2,46.1,0.0000000693863,0.0000182049,4.97,8976.18,8.8,736.5,1,"Up Scan","Positive",254,0,4.37,1.6,8,8,0,1,1,16.637,27.41,19.545,9.647,1.99,3529.76,43,21.5,NA,0,0,0,0,0,0,0,0,0,0,0,0,0,0,0,0,0,0,0,0,0,0,0,0,0,0,0,0,0,0,0,12219.447,9356.62,7938.248,6429.978,5912.611,5334.963,4453.382,4531.413,4713.684,4514.208,4289.92,4268.072,4248.935,4033.382,3797.678,3247.47,2910.673,2585.511,2311.737,1786.132,1457.027,1295.952,1045.36,871.581,811.7,678.194,584.245,547.837,502.093,364.191,377.262,330.384,313.601,285.107,291.537,361.896,359.224,380.268,386.197,424.258,419.805,407.822,399.987,317.449,263.944,190.042,139.138,93.06,60.8,32.732,24.129,15.128,11.545,7.357,9.146,3.15,0,3.354,0,1.822,0,0,0,0,0,0,0,0,0,0,0,0,0,0,0,0,0,0,0,0,0,0,0,0,0,0,0,0,0,0,0,0,0,0,0,3.71,4.931,5.459,6.274,6.622,7.72,8.561,8.576,10.319,12.406,13.625,14.68,16.37,18.146,19.048,19.655,18.331,17.889,17.171,16.518,13.844,12.127,11.554,9.976,8.983,8.688,7.849,7.241,7.225,7.089,5.959,6.659,6.539,6.931,6.826,7.273,8.268,8.253,8.138,7.712,7.736,7.264,6.708,6.261,4.956,4.027,2.899,2.058,1.434,0.873,0.485,0.329,0.204,0.169,0.096,0.116,0.039,0,0.04,0,0.021,0,0,0,0,0
2026-09-08 05:15:00,1,"Normal Scan","Normal Scan",0,"ON",1,1,1,737.6,5,20.7,97.1,46.5,0.000000069518,0.0000182145,4.97,8976.18,8.8,736.5,1,"Up Scan","Positive",254,0,4.37,1.6,8,8,0,1,1,13.342,23.23,16.746,9.647,1.913,4718.06,43,21.5,NA,0,0,0,0,0,0,0,0,0,0,0,0,0,0,0,0,0,0,0,0,0,0,0,0,0,0,0,0,0,0,0,24243.401,17693.561,13170.006,11016.845,9386.509,7553.776,6664.409,6105.512,5674.902,5306.471,4691.758,4057.276,3849.683,3546.356,3370.72,2658.427,2444.712,2110.972,1762.061,1534.092,1330.949,1132.535,958.359,852.395,797.957,760.217,675.377,600.208,483.584,449.057,337.466,295.204,323.553,317.341,334.167,350.419,409.776,435.384,465.794,402.862,422.266,408.249,355.327,333.839,280.056,181.885,137.294,106.038,53.564,46.871,30.767,22.163,23.652,7.934,7.586,3.203,1.615,1.67,0,0,0,0,0,0,0,0,0,0,0,0,0,0,0,0,0,0,0,0,0,0,0,0,0,0,0,0,0,0,0,0,0,0,0,0,0,7.337,9.733,10.277,10.383,11.388,12.187,12.097,12.813,13.827,14.931,15.972,15.998,15.526,16.406,16.693,17.425,15.054,15.032,14.059,12.716,11.943,11.193,10.241,9.256,8.77,8.697,8.637,8.186,7.85,6.962,7.126,6.294,6.322,7.202,7.397,7.815,8.16,8.729,9.024,8.966,7.533,7.27,6.795,5.754,5.256,4.317,2.886,2.071,1.531,0.796,0.665,0.42,0.297,0.312,0.103,0.097,0.039,0.02,0.02,0,0,0,0,0,0,0
2026-09-08 05:20:00,1,"Normal Scan","Normal Scan",0,"ON",1,1,1,737.4,5,20.4,97.1,46.5,0.0000000694276,0.0000182001,4.97,8976.18,8.8,736.5,1,"Up Scan","Positive",254,0,4.37,1.6,8,8,0,1,1,15.952,26.313,18.999,9.647,1.959,4065.78,44,21.3,NA,0,0,0,0,0,0,0,0,0,0,0,0,0,0,0,0,0,0,0,0,0,0,0,0,0,0,0,0,0,0,0,13743.369,12385.266,9971.234,8398.598,6594.528,6134.773,5348.139,5243.872,5041.283,4835.88,4715.789,4505.048,4596.378,4219.582,4095.039,3952.502,3457.089,3144.081,2517.616,2158.202,1731.84,1543.935,1121.734,941.48,844.315,703.103,623.501,521.237,491.737,450.28,379.97,320.75,310.976,326.321,350.152,376.161,350.227,441.702,394.66,391.412,357.861,419.318,366.658,348.203,288.208,190.353,153.064,112.064,62.044,42.479,27.196,28.624,14.963,5.873,3.044,6.326,3.231,1.698,0,0,0,0,0,0,0,0,0,0,0,0,0,0,0,0,0,0,0,0,0,0,0,0,0,0,0,0,0,0,0,0,0,0,0,0,0,4.143,5.566,7.21,7.867,8.634,8.556,9.833,10.287,11.938,13.293,14.623,16.194,17.338,19.661,19.92,21.179,22.299,21.214,20.844,18.007,16.635,14.332,13.647,10.677,9.594,9.167,8.112,7.65,6.982,7.086,7.09,6.703,6.591,6.915,7.298,7.821,8.554,8.004,9.291,7.947,7.438,6.524,6.981,5.85,5.403,4.528,2.922,2.258,1.643,0.968,0.593,0.384,0.385,0.231,0.076,0.039,0.078,0.04,0.02,0,0,0.035,0,0,0,0
2026-09-08 05:25:00,1,"Normal Scan","Normal Scan",0,"ON",1,1,1,737.7,5,20.8,97.1,46.7,0.0000000695481,0.0000182193,4.97,8976.18,8.8,736.5,1,"Up Scan","Positive",254,0,4.37,1.6,8,8,0,1,1,15.106,24.425,17.951,9.647,1.905,4664.81,44,21.5,NA,0,0,0,0,0,0,0,0,0,0,0,0,0,0,0,0,0,0,0,0,0,0,0,0,0,0,0,0,0,0,0,21095.76,14084.496,11668.725,9171.768,7377.135,7005.872,5910.244,5820.743,5609.487,5610.646,5511.372,5327.32,5165.73,5379.813,4730.941,4240.746,3793.49,3428.417,2515.667,2003.803,1631.092,1227.51,924.939,917.943,725.8,646.648,617.497,513.305,409.211,409.027,295.328,308.355,293.788,297.014,330.056,301.25,314.346,383.814,398.98,384.965,444.993,407.873,388.323,296.209,257.708,215.917,150.24,95.466,76.982,44.403,36.038,33.194,12.971,13.141,6.063,4.711,3.272,3.354,0,0,0,0,0,0,0,0,0,0,0,0,0,0,0,0,0,0,0,0,0,0,0,0,0,0,0,0,0,0,0,0,0,0,0,0,0,5.865,8.44,8.181,9.221,9.431,9.601,11.214,11.375,13.204,14.817,16.96,18.847,20.431,22.073,25.271,24.405,23.872,23.172,22.602,17.966,15.399,13.487,10.979,8.873,9.263,7.902,7.389,7.523,6.787,6.059,6.41,5.479,6.151,6.697,6.884,7.841,7.556,7.591,8.034,8.056,7.364,7.709,6.912,6.295,4.726,4.083,3.302,2.298,1.4,1.114,0.665,0.493,0.445,0.171,0.17,0.077,0.059,0.04,0.04,0,0,0,0,0,0,0
2026-09-08 05:30:00,1,"Normal Scan","Normal Scan",0,"ON",1,1,1,737.4,5,20.3,97.2,46.9,0.0000000693261,0.0000181953,4.97,8976.18,8.8,736.5,1,"Up Scan","Positive",254,0,4.37,1.6,8,8,0,1,1,16.914,28.917,20.15,9.647,2.04,2975.38,44,21.3,NA,0,0,0,0,0,0,0,0,0,0,0,0,0,0,0,0,0,0,0,0,0,0,0,0,0,0,0,0,0,0,0,8889.189,7810.318,6601.387,5907.401,5172.472,4344.25,3925.894,3879.99,3738.548,3708.204,3514.142,3672.136,3420.046,3350.688,3242.427,2986.523,2523.072,2179.035,1790.273,1628.694,1198.277,1023.694,883.956,798.259,687.814,663.103,579.817,498.419,407.625,388.924,366.343,312.395,328.202,316.354,270.254,341.511,368.077,376.078,372.909,379.351,397.186,408.136,327.277,326.33,297.774,184.845,136.8,100.289,60.314,48.74,32.262,20.684,11.431,5.936,3.045,1.588,1.615,1.712,0,0,0,0,0,0,0,0,0,0,0,0,0,0,0,0,0,0,0,0,0,0,0,0,0,0,0,0,0,0,0,0,0,0,0,0,0,3.019,3.56,4.542,5.222,6.105,6.737,6.966,7.579,8.834,9.875,11.194,12.036,14.114,14.622,15.807,16.786,16.849,15.452,14.475,12.877,12.594,10.051,9.235,8.498,8.114,7.566,7.677,7.162,6.683,6.027,6.083,6.504,6.319,6.933,7.106,6.824,8.022,7.948,8.234,7.675,7.139,6.879,6.781,5.347,5.159,4.575,2.783,2.044,1.442,0.877,0.677,0.457,0.278,0.151,0.076,0.039,0.02,0.02,0.02,0,0,0,0,0,0,0
2026-09-08 05:35:00,1,"Normal Scan","Normal Scan",0,"ON",1,1,1,737.7,5,20.7,97.2,46.7,0.0000000694465,0.0000182145,4.97,8976.18,8.8,736.5,1,"Up Scan","Positive",254,0,4.37,1.6,8,8,0,1,1,16.321,31.017,20.515,9.647,2.143,2544.34,44,21.4,NA,0,0,0,0,0,0,0,0,0,0,0,0,0,0,0,0,0,0,0,0,0,0,0,0,0,0,0,0,0,0,0,7588.307,6972.68,6062.659,4492.952,4668.494,4082.873,3775.005,3865.273,3169.167,3134.709,2967.417,2785.283,2575.782,2304.728,2267.402,2038.964,1762.847,1586.469,1324.241,1192.256,982.778,809.342,800.906,718.248,756.996,664.98,546.454,526.335,476.015,377.596,350.532,344.592,279.511,268.442,343.857,343.755,375.056,404.222,437.997,459.317,413.326,433.686,356.815,352.803,278.999,221.467,146.22,109.759,65.62,50.975,28.054,27.669,22.934,7.37,10.721,4.752,1.643,1.684,0,0,0,0,0,0,0,0,0,0,0,0,0,0,0,0,0,0,0,0,0,0,0,0,0,0,0,0,0,0,0,0,0,0,0,0,0,2.19,3.049,4.059,4.831,4.632,6.081,6.528,7.249,8.783,8.355,9.494,10.139,10.686,10.995,10.874,11.747,11.532,10.833,10.611,9.597,9.362,8.346,7.408,7.779,7.459,8.198,7.679,6.829,6.876,6.831,6.199,6.356,6.81,6.781,6.865,7.977,8.273,8.337,8.741,8.646,8.472,7.267,7.294,5.848,5.553,4.353,3.465,2.163,1.66,0.964,0.737,0.384,0.371,0.32,0.095,0.136,0.059,0.02,0.02,0,0,0.016,0,0,0,0
2026-09-08 05:40:00,1,"Normal Scan","Normal Scan",0,"ON",1,1,1,737.3,5,20.3,97.1,47.1,0.0000000693975,0.0000181953,4.97,8976.18,8.8,736.5,1,"Up Scan","Positive",254,0,4.37,1.6,8,8,0,1,1,16.126,32.091,20.712,9.647,2.199,2337,44,21.2,NA,0,0,0,0,0,0,0,0,0,0,0,0,0,0,0,0,0,0,0,0,0,0,0,0,0,0,0,0,0,0,0,7496.183,5924.972,5694.503,4862.894,4150.159,3713.592,3573.219,3171.4,3040.977,2828.079,2586.35,2586.815,2334.597,1989.257,1712.899,1580.571,1405.317,1194.315,1060.284,994.849,860.82,861.055,848.62,719.001,740.393,648.721,671.543,542.689,452.219,337.511,293.327,293.827,292.957,256.896,360.503,379.895,429.862,446.16,473.087,506.973,410.234,424.448,325.629,324.702,264.324,216.651,152.101,116.523,80.165,44.725,37.332,21.663,13.652,16.889,7.663,0,3.231,3.368,3.479,0,0,0,0,0,0,0,0,0,0,0,0,0,0,0,0,0,0,0,0,0,0,0,0,0,0,0,0,0,0,0,0,0,0,0,0,2.18,3.038,3.439,4.535,4.999,5.4,5.95,6.877,7.217,8.001,8.528,8.838,9.904,9.929,9.351,8.886,8.958,8.721,8.078,7.765,7.898,7.4,7.898,8.251,7.423,7.946,7.419,8.074,7.151,6.587,5.767,5.972,6.385,6.838,7.044,8.195,8.744,8.908,9.147,9.222,9.103,7.296,7.203,5.452,5.135,4.099,3.302,2.362,1.715,1.157,0.64,0.548,0.297,0.181,0.218,0.097,0,0.04,0.04,0.041,0,0,0,0,0,0
2026-09-08 05:45:00,1,"Normal Scan","Normal Scan",0,"ON",1,1,1,737.7,5,20.7,97.2,46.7,0.0000000694465,0.0000182145,4.97,8976.18,8.8,736.5,1,"Up Scan","Positive",254,0,4.37,1.6,8,8,0,1,1,14.888,27.3,18.703,9.647,2.037,3423.17,44,21.3,NA,0,0,0,0,0,0,0,0,0,0,0,0,0,0,0,0,0,0,0,0,0,0,0,0,0,0,0,0,0,0,0,12188.751,10413.583,8678.505,8119.628,7151.391,5488.13,5327.643,4634.267,4493.457,4042.945,3601.793,3279.9,3216.863,3137.74,2776.211,2325.462,2140.83,1931.451,1596.884,1343.417,1170.079,961.294,907.37,801.947,722.885,711.885,598.534,502.023,464.735,390.11,337.634,324.391,319.575,328.148,356.284,367.258,448.489,462.314,460.247,440.617,430.993,402.702,359.381,328.105,334.104,206.741,150.156,122.656,75.733,49.579,40.703,28.513,21.343,13.375,4.58,3.15,1.643,1.684,1.753,0,0,0,0,0,0,0,0,0,0,0,0,0,0,0,0,0,0,0,0,0,0,0,0,0,0,0,0,0,0,0,0,0,0,0,0,4.037,4.943,6.078,6.856,8.416,9.294,8.8,10.217,10.476,11.819,12.199,12.298,12.573,13.75,14.769,14.362,13.15,13.155,12.873,11.53,10.502,9.867,8.695,8.75,8.236,7.867,8.118,7.379,6.796,6.875,6.443,6.369,6.914,7.234,7.628,8.341,8.447,9.376,9.651,9.172,8.249,7.594,6.936,5.929,5.201,5.184,3.214,2.298,1.788,1.079,0.719,0.566,0.389,0.282,0.172,0.058,0.039,0.02,0.02,0.02,0,0,0,0,0,0
2026-09-08 05:50:00,1,"Normal Scan","Normal Scan",0,"ON",1,1,1,737.3,5,20.3,97.1,47.3,0.0000000693975,0.0000181953,4.97,8976.18,8.8,736.5,1,"Up Scan","Positive",254,0,4.37,1.6,8,8,0,1,1,14.596,27.436,18.652,9.647,2.058,3408.62,44,21.2,NA,0,0,0,0,0,0,0,0,0,0,0,0,0,0,0,0,0,0,0,0,0,0,0,0,0,0,0,0,0,0,0,13430.629,11091.845,9024.357,7465.487,6430.174,5936.911,4835.994,4470.476,3988.919,3884.678,3400.123,2940.01,2885.27,2770.496,2467.154,2509.892,2331.171,2016.046,1596.6,1461.202,1263.417,1104.729,971.824,875.618,724.244,675.595,619.6,560.766,474.032,357.321,371.113,320.921,289.719,346.01,364.722,439.562,379.235,430.551,518.355,499.619,416.174,390.364,392.072,366.123,258.122,198.372,161.535,104.94,81.334,67.828,41.885,33.198,10.005,10.338,4.593,7.915,3.285,3.368,0,0,0,0,0,0,0,0,0,0,0,0,0,0,0,0,0,0,0,0,0,0,0,0,0,0,0,0,0,0,0,0,0,0,0,0,0,3.351,5.463,6.434,7.149,7.7,8.369,9.501,9.255,10.15,10.508,11.724,11.629,11.314,12.352,13.072,12.81,14.216,14.342,13.447,11.552,11.359,10.588,9.953,9.381,8.896,7.86,7.805,7.662,7.436,6.915,6.206,6.788,6.627,7.182,8.098,8.408,9.299,8.661,9.17,9.765,9.123,7.423,6.648,6.447,5.869,4.125,3.015,2.414,1.549,1.203,0.989,0.584,0.445,0.132,0.134,0.058,0.098,0.04,0.04,0,0,0,0,0,0,0
2026-09-08 05:55:00,1,"Normal Scan","Normal Scan",0,"ON",1,1,1,737.6,5,20.7,97.1,46.8,0.000000069518,0.0000182145,4.97,8976.18,8.8,736.5,1,"Up Scan","Positive",254,0,4.37,1.6,8,8,0,1,1,16.164,26.775,19.244,9.647,1.962,4146.96,44,21.3,NA,0,0,0,0,0,0,0,0,0,0,0,0,0,0,0,0,0,0,0,0,0,0,0,0,0,0,0,0,0,0,0,12955.147,10793.645,9547.292,8589.926,7317.307,6675.519,6339.208,6295.679,5646.084,5050.538,5125.056,4745.475,4510.951,4300.474,4171.575,3812.163,3502.846,3135.783,2701.997,2142.681,1784.956,1353.845,1099.877,928.587,792.43,708.259,645.158,546.577,467.051,428.221,421.636,370.332,359.482,303.446,345.155,340.056,440.396,433.415,444.942,489.446,458.29,405.619,434.877,347.728,284.786,210.602,157.114,110.544,79.379,40.575,34.78,19.786,21.535,13.231,3.07,6.353,3.231,3.368,5.232,0,0,0,0,0,0,0,0,0,0,0,0,0,0,0,0,0,0,0,0,0,0,0,0,0,0,0,0,0,0,0,0,0,0,0,0,3.716,5.191,6.243,7.554,8.844,9.518,10.681,12.155,14.273,14.865,15.251,17.54,18.243,19.292,20.307,21.57,21.539,21.432,20.762,19.28,16.481,14.753,12.082,10.506,9.464,8.651,8.263,7.993,7.254,6.832,6.827,7.455,7.465,7.581,7.67,8.303,8.07,9.707,9.235,8.773,8.934,7.955,6.911,6.952,5.475,4.409,3.3,2.389,1.615,1.203,0.595,0.51,0.278,0.301,0.172,0.039,0.078,0.04,0.04,0.061,0,0.017,0,0,0,0
2026-09-08 06:00:00,1,"Normal Scan","Normal Scan",0,"ON",1,1,1,737.4,5,20.4,97.1,47.3,0.0000000694276,0.0000182001,4.97,8976.18,8.8,736.5,1,"Up Scan","Positive",254,0,4.37,1.6,8,8,0,1,1,17.115,29.352,20.479,9.647,2.041,3836.99,44,21.2,NA,0,0,0,0,0,0,0,0,0,0,0,0,0,0,0,0,0,0,0,0,0,0,0,0,0,0,0,0,0,0,0,10157.336,8773.074,8257.186,7112.709,7110.001,6420.425,5764.566,5322.048,5501.417,5392.404,4867.672,4477.514,4248.876,4233.676,3962.849,3514.584,3201.447,2803.57,2340.311,1916.221,1638.128,1411.901,1126.786,936.183,837.216,706.475,606.341,590.7,579.627,687.822,745.971,727.116,599.291,461.683,442.934,431.481,438.584,506.17,528.277,524.552,524.232,426.562,463.723,368.031,323.386,229.27,154.891,129.141,89.604,52.208,35.738,23.724,17.159,14.726,9.147,3.19,1.643,8.531,1.74,1.781,0,0,0,0,0,0,0,0,0,0,0,0,0,0,0,0,0,0,0,0,0,0,0,0,0,0,0,0,0,0,0,0,0,0,0,3.019,4.098,5.134,6.595,7.35,9.281,10.267,11.096,12.078,14.509,16.27,16.626,17.203,18.163,19.948,20.472,19.864,19.668,18.614,16.769,14.815,13.61,12.563,10.818,9.78,9.617,8.963,8.33,8.339,8.718,10.271,11.666,12.277,11.355,10.033,10.052,9.612,9.887,10.437,10.392,9.45,9,7.487,7.39,5.869,4.979,3.525,2.405,1.919,1.291,0.755,0.566,0.334,0.226,0.191,0.116,0.039,0.02,0.101,0.02,0.021,0,0,0,0,0
2026-09-08 06:05:00,1,"Normal Scan","Normal Scan",0,"ON",1,1,1,737.6,5,20.6,97.1,46.8,0.0000000694879,0.0000182097,4.97,8976.18,8.8,736.5,1,"Up Scan","Positive",254,0,4.37,1.6,8,8,0,1,1,15.522,29.208,19.561,9.647,2.101,3460.88,44,21.2,NA,0,0,0,0,0,0,0,0,0,0,0,0,0,0,0,0,0,0,0,0,0,0,0,0,0,0,0,0,0,0,0,11715.773,9418.63,8364.012,7442.887,6536.31,5892.692,5495.088,5189.172,4718.672,4372.912,3990.377,3718.455,3373.569,2928.265,2502.741,2338.099,1938.46,1819.268,1585.393,1368.774,1197.78,1059.973,922.032,856.032,777.621,743.686,790.334,693.453,669.772,562.081,552.577,493.983,405.65,444.414,449.809,472.894,487.356,535.25,529.468,556.921,447.975,479.254,444.373,357.037,286.152,218.449,173.329,138.126,62.679,66.874,46.944,38.969,24.224,16.236,12.256,7.901,9.87,5.08,1.767,0,0,0,0,0,0,0,0,0,0,0,0,0,0,0,0,0,0,0,0,0,0,0,0,0,0,0,0,0,0,0,0,0,0,0,0,3.58,4.694,5.45,6.601,7.683,8.487,9.426,10.572,11.763,12.405,13.187,13.611,14.228,14.38,13.82,12.95,13.242,11.968,12.162,11.485,10.714,10.155,9.708,9.138,9.019,8.788,8.925,9.762,9.264,9.595,9.007,9.389,9.482,8.847,9.865,9.793,10.4,10.466,10.956,9.93,10.052,8.22,8.085,7.154,5.836,4.631,3.471,2.645,2.099,0.955,1.024,0.656,0.539,0.32,0.21,0.155,0.098,0.119,0.06,0.02,0,0,0,0,0,0
2026-09-08 06:10:00,1,"Normal Scan","Normal Scan",0,"ON",1,1,1,737.4,5,20.4,97.1,47.2,0.0000000694276,0.0000182001,4.97,8976.18,8.8,736.5,1,"Up Scan","Positive",254,0,4.37,1.6,8,8,0,1,1,15.022,29.516,19.419,9.647,2.131,3369.28,44,21.2,NA,0,0,0,0,0,0,0,0,0,0,0,0,0,0,0,0,0,0,0,0,0,0,0,0,0,0,0,0,0,0,0,10917.398,9241.625,9234.443,7193.285,7154.17,6506.55,5735.485,5235.114,4451.742,4150.367,3653.676,3117.149,2839.041,2460.925,2160.549,1947.437,1724.429,1458.68,1304.944,1158.527,1078.405,1100.514,999.168,871.447,864.221,761.515,630.29,541.691,508.909,537.897,510.724,474.842,493.532,470.315,533.396,486.979,623.526,611.943,620.568,555.215,540.731,441.928,401.748,382.346,321.6,224.633,169.751,122.476,97.16,65.189,39.038,31.403,15.905,14.758,6.063,7.861,3.299,6.792,1.753,1.808,0,0,0,0,0,0,0,0,0,0,0,0,0,0,0,0,0,0,0,0,0,0,0,0,0,0,0,0,0,0,0,0,0,0,0,2.772,4.43,5.411,7.339,7.398,9.307,10.454,10.993,11.848,11.697,12.47,12.455,11.939,12.102,11.594,11.183,11.041,10.685,9.863,9.534,9.188,9.178,9.952,9.606,9.013,9.585,9.023,8.224,7.705,8.038,8.848,9.242,9.632,10.372,10.398,11.414,10.494,12.228,11.98,11.712,10.127,9.37,7.497,6.679,6.12,5.023,3.474,2.632,1.814,1.426,0.956,0.584,0.445,0.245,0.191,0.077,0.098,0.04,0.08,0.02,0.021,0.035,0,0,0,0
2026-09-08 06:15:00,1,"Normal Scan","Normal Scan",0,"ON",1,1,1,737.6,5,20.6,97.2,46.7,0.0000000694164,0.0000182097,4.97,8976.18,8.8,736.5,1,"Up Scan","Positive",254,0,4.37,1.6,8,8,0,1,1,17.624,27.462,20.273,10.366,1.94,5012.13,44,21.3,NA,0,0,0,0,0,0,0,0,0,0,0,0,0,0,0,0,0,0,0,0,0,0,0,0,0,0,0,0,0,0,0,12079.1,12375.75,10953.724,9442.444,8660.952,7983.162,7313.332,6338.601,5853.561,5852.492,5542.346,5608.131,6166.48,6313.268,5789.327,5824.749,5253.522,4715.219,4218.301,3482.15,3014.877,2300.91,1749.583,1536.251,1186.338,989.985,759.23,712.653,609.183,522.373,419.421,381.499,380.075,380.606,433.329,428.144,472.842,531.595,520.19,468.253,509.701,486.197,426.09,338.042,289.333,234.282,168.917,109.38,66.353,55.505,45.741,25.056,24.296,13.319,10.796,9.476,4.914,3.382,1.74,1.808,0,0,0,0,0,0,0,0,0,0,0,0,0,0,0,0,0,0,0,0,0,0,0,0,0,0,0,0,0,0,0,0,0,0,0,3.137,4.901,7.243,8.696,9.742,11.25,12.728,14.045,14.394,15.461,17.727,19.045,21.648,26.507,29.855,30.049,33.012,32.248,31.273,30.149,26.734,24.737,20.203,16.473,15.392,12.646,11.236,9.283,9.361,8.769,8.329,7.695,7.893,8.536,8.525,9.815,9.825,10.149,10.513,10.039,8.821,8.869,8.004,6.97,5.468,4.526,3.651,2.577,1.688,1.008,0.809,0.658,0.352,0.32,0.171,0.136,0.118,0.06,0.04,0.02,0.021,0,0,0,0,0
2026-09-08 06:20:00,1,"Normal Scan","Normal Scan",0,"ON",1,1,1,737.6,5,20.5,97.2,47.2,0.0000000693863,0.0000182049,4.97,8976.18,8.8,736.5,1,"Up Scan","Positive",254,0,4.37,1.6,8,8,0,1,1,16.503,23.949,18.876,9.647,1.8,5363.62,44,21.2,NA,0,0,0,0,0,0,0,0,0,0,0,0,0,0,0,0,0,0,0,0,0,0,0,0,0,0,0,0,0,0,0,12724.929,12559.462,11351.549,10768.15,10541.871,9972.153,9447.154,8880.678,8399.983,7482.563,7059.771,6629.067,6157.009,5940.177,5456.912,5396.157,4972.697,4436.584,3464.885,2453.229,2352.229,2330.331,2013.008,1573.546,1078.768,879.045,745.373,688.91,563.494,542.003,409.732,324.863,273.544,294.829,300.07,280.819,314.358,322.498,326.708,300.908,299.948,257.315,265.124,193.171,168.879,140.373,90.278,64.656,45.557,26.052,21.508,16.662,5.763,17.734,6.141,1.588,1.643,1.712,0,1.795,0,0,0,0,0,0,0,0,0,0,0,0,0,0,0,0,0,0,0,0,0,0,0,0,0,0,0,0,0,0,0,0,0,0,0,3.527,5.116,7.358,8.981,11.126,13.693,16.035,18.138,20.121,22.118,22.567,24.17,25.486,26.367,28.039,28.173,30.493,30.59,29.534,24.864,18.973,19.47,20.453,18.823,15.64,11.641,9.961,8.897,8.73,7.763,7.864,6.625,6.215,5.589,6.141,6.411,6.024,6.564,6.311,6.175,5.537,5.126,4.31,4.344,3.051,2.637,2.108,1.459,0.987,0.655,0.378,0.311,0.241,0.075,0.229,0.077,0.02,0.02,0.02,0,0.021,0,0,0,0,0
2026-09-08 06:25:00,1,"Normal Scan","Normal Scan",0,"ON",1,1,1,737.4,5,20.3,97.2,46.9,0.0000000693261,0.0000181953,4.97,8976.18,8.8,736.5,1,"Up Scan","Positive",254,0,4.37,1.6,8,8,0,1,1,14.869,23.084,17.592,9.647,1.829,3145.73,44,21.2,NA,0,0,0,0,0,0,0,0,0,0,0,0,0,0,0,0,0,0,0,0,0,0,0,0,0,0,0,0,0,0,0,9542.554,9204.798,8307.421,7583.238,6758.538,6272.69,5379.689,5157.905,4813.756,4297.623,3881.772,3539.885,3205.358,2919.684,2433.509,2126.493,1791.032,1591.567,1321.956,1081.197,1146.107,981.259,795.301,665.715,566.48,486.883,452.2,344.816,345.725,295.61,256.266,247.216,228.654,194.432,223.409,200.181,238.254,177.076,208.799,222.809,197.253,180.142,147.052,159.926,141.359,113.018,70.443,62.684,37.929,22.186,16.675,9.693,2.857,1.471,4.567,4.715,1.643,0,1.753,0,0,0,0,0,0,0,0,0,0,0,0,0,0,0,0,0,0,0,0,0,0,0,0,0,0,0,0,0,0,0,0,0,0,0,0,2.927,3.831,5.362,6.553,7.836,8.83,10.054,10.346,11.715,12.662,12.932,13.249,13.539,13.645,13.71,12.567,12.049,11.065,10.633,9.552,8.416,9.522,8.737,7.524,6.771,6.172,5.632,5.553,4.584,4.799,4.571,4.349,4.357,4.38,4.123,4.722,4.287,4.635,3.997,4.21,4.135,3.536,3.1,2.411,2.543,2.175,1.677,1.062,0.937,0.552,0.324,0.238,0.13,0.038,0.019,0.058,0.059,0.02,0,0.02,0,0,0,0,0,0
2026-09-08 06:30:00,1,"Normal Scan","Normal Scan",0,"ON",1,1,1,737.6,5,20.5,97.2,47.1,0.0000000693863,0.0000182049,4.97,8976.18,8.8,736.5,1,"Up Scan","Positive",254,0,4.37,1.6,8,8,0,1,1,14.991,24.111,17.957,9.647,1.879,2765.69,43,21.2,NA,0,0,0,0,0,0,0,0,0,0,0,0,0,0,0,0,0,0,0,0,0,0,0,0,0,0,0,0,0,0,0,8594.863,7987.61,7329.782,6244.077,6083.7,5064.06,4838.042,4460.82,4012.787,3727.985,3439.359,2949.152,2638.206,2328.273,2261.268,1904.45,1690.809,1420.019,1226.87,1069.235,1024.472,938.549,736.118,610.625,543.254,444.343,376.564,353.666,347.766,270.031,252.781,280.871,260.643,256.792,288.296,235.641,249.865,221.976,220.687,181.134,176.494,193.632,159.678,143.716,127.528,96.895,60.861,53.078,39.404,23.57,12.35,19.276,4.637,5.911,6.128,3.15,3.285,3.396,1.74,1.822,0,0,0,0,0,0,0,0,0,0,0,0,0,0,0,0,0,0,0,0,0,0,0,0,0,0,0,0,0,0,0,0,0,0,0,2.129,3.473,4.635,5.802,6.433,7.893,8.12,9.283,10.107,10.557,11.237,11.74,11.313,11.221,10.953,11.683,10.79,10.441,9.48,8.866,8.329,8.5,8.311,7.011,6.257,5.918,5.215,4.811,4.839,5.06,4.371,4.407,4.894,4.862,4.876,5.374,4.843,4.875,4.434,4.315,3.393,3.143,3.331,2.682,2.282,2.055,1.501,0.957,0.818,0.588,0.373,0.201,0.26,0.094,0.076,0.077,0.039,0.04,0.04,0.02,0.021,0.017,0,0,0,0
2026-09-08 06:35:00,1,"Normal Scan","Normal Scan",0,"ON",1,1,1,737.4,5,20.3,97.2,46.5,0.0000000693261,0.0000181953,4.97,8976.18,8.8,736.5,1,"Up Scan","Positive",254,0,4.37,1.6,8,8,0,1,1,14.751,23.933,17.771,9.647,1.882,2911.49,42,21.1,NA,0,0,0,0,0,0,0,0,0,0,0,0,0,0,0,0,0,0,0,0,0,0,0,0,0,0,0,0,0,0,0,9761.76,8635.414,7352.357,6972.512,6478.295,5309.545,5384.277,4396.791,4425.816,3580.409,3388.176,3144.409,2765.827,2503.441,2210.598,1911.809,1687.488,1374.878,1282.758,1102.084,974.675,798.088,748.986,588.75,567.209,516.847,468.05,305.178,348.245,319.524,285.8,297.277,311.675,267.396,279.107,235.198,297.52,235.593,233.568,234.386,230.14,194.002,170.634,131.251,113.625,102.21,70.187,51.273,26.987,26.033,28.205,12.436,11.517,1.471,6.115,3.15,3.272,3.382,0,0,0,0,0,0,0,0,0,0,0,0,0,0,0,0,0,0,0,0,0,0,0,0,0,0,0,0,0,0,0,0,0,0,0,0,0,3.061,3.934,5.044,5.846,7.167,8.413,8.514,10.363,9.959,11.635,10.791,11.575,12.025,11.788,11.78,11.431,10.825,10.398,9.208,9.236,8.591,8.179,7.171,7.099,6.067,6.201,6.049,5.835,4.38,5.176,4.968,4.978,5.261,5.606,5.246,5.501,4.89,5.64,4.524,4.387,4.309,4.022,3.28,2.748,2.23,1.806,1.617,1.045,0.783,0.425,0.396,0.402,0.167,0.169,0.019,0.077,0.039,0.04,0.04,0,0,0.017,0,0,0,0
2026-09-08 06:40:00,1,"Normal Scan","Normal Scan",0,"ON",1,1,1,737.5,5,20.4,97.2,46.5,0.0000000693562,0.0000182001,4.97,8976.18,8.8,736.5,1,"Up Scan","Positive",254,0,4.37,1.6,8,8,0,1,1,14.64,23.821,17.681,9.647,1.882,3028.66,42,21.2,NA,0,0,0,0,0,0,0,0,0,0,0,0,0,0,0,0,0,0,0,0,0,0,0,0,0,0,0,0,0,0,0,10373.136,8700.216,7924.976,7635.818,6568.762,5668.041,5651.007,4549.241,4191.906,3821.608,3695.737,3322.786,2941.812,2526.768,2289.687,1904.558,1694.281,1383.71,1239.998,1024.746,967.965,772.442,747.098,608.238,514.563,470.392,436.563,392.435,368.517,405.395,368.105,383.454,315.208,311.007,290.344,274.127,267.299,264.252,221.023,252.957,224.765,178.618,174.121,136.278,113.538,100.501,69.324,44.474,35.227,23.246,29.445,9.693,14.3,4.439,6.05,9.53,3.285,0,0,0,0,0,0,0,0,0,0,0,0,0,0,0,0,0,0,0,0,0,0,0,0,0,0,0,0,0,0,0,0,0,0,0,0,0,0,2.656,4.183,5.085,6.243,7.865,8.512,9.115,10.85,10.312,11.044,11.526,12.636,12.702,12.514,11.881,11.819,10.782,10.407,9.271,8.948,7.978,8.07,6.99,7.171,6.328,5.84,5.686,5.705,5.378,5.485,6.126,5.956,6.488,5.601,5.869,5.689,5.302,5.248,4.942,4.238,4.583,3.864,3.047,2.888,2.299,1.833,1.602,1.067,0.661,0.584,0.342,0.402,0.13,0.188,0.057,0.077,0.118,0.04,0,0,0,0,0,0,0,0
2026-09-08 06:45:00,1,"Normal Scan","Normal Scan",0,"ON",1,1,1,737.3,5,20.2,97.2,45.9,0.000000069296,0.0000181905,4.97,8976.18,8.8,736.5,1,"Up Scan","Positive",254,0,4.37,1.6,8,8,0,1,1,14.78,23.322,17.563,9.647,1.842,2979.62,42,21.1,NA,0,0,0,0,0,0,0,0,0,0,0,0,0,0,0,0,0,0,0,0,0,0,0,0,0,0,0,0,0,0,0,9207.656,8067.552,7681.322,7403.613,7109.06,5944.25,5483.635,5104.626,4391.771,4003.916,3824.205,3416.448,2928.973,2626.467,2209.994,2006.602,1579.439,1456.93,1189.695,1053.136,908.014,738.69,676.201,532.715,465.122,432.439,395.821,339.817,274.16,277.206,277.163,253.193,268.462,278.06,219.838,273.309,207.37,247.942,216.837,209.09,190.889,157.632,174.79,163.699,114.214,114.983,67.676,58.894,41.871,20.754,14.653,13.015,5.727,11.809,4.58,4.752,0,0,5.274,1.808,0,0,0,0,0,0,0,0,0,0,0,0,0,0,0,0,0,0,0,0,0,0,0,0,0,0,0,0,0,0,0,0,0,0,0,2.692,3.783,4.736,6.092,7.63,9.205,9.545,10.539,11.562,11.556,12.035,13.05,13.046,12.479,12.339,11.437,11.346,9.729,9.717,8.561,8.161,7.578,6.64,6.463,5.453,5.136,5.085,5.014,4.72,4.082,4.46,4.705,4.656,4.869,5.275,4.52,5.238,4.404,4.915,4.18,3.982,3.405,2.858,2.856,2.609,1.826,1.733,1.1,0.904,0.619,0.288,0.219,0.204,0.075,0.153,0.058,0.059,0,0,0.061,0.021,0,0,0,0,0
2026-09-08 06:50:00,1,"Normal Scan","Normal Scan",0,"ON",1,1,1,737.6,5,20.5,97.2,45.9,0.0000000693863,0.0000182049,4.97,8976.18,8.8,736.5,1,"Up Scan","Positive",254,0,4.37,1.6,8,8,0,1,1,17.064,24.811,19.252,9.647,1.83,4335.86,41,21.1,NA,0,0,0,0,0,0,0,0,0,0,0,0,0,0,0,0,0,0,0,0,0,0,0,0,0,0,0,0,0,0,0,10928.952,9664.862,8194.049,8012.636,7584.266,7634.83,7361.234,7185.323,6872.447,6353.587,6284.455,5789.225,5982.807,5784.463,5234.827,4619.728,3569.222,3012.716,2502.878,2040.065,1619.085,1309.179,1133.527,999.998,805.316,786.225,684.769,524.175,545.952,540.186,519.082,465.796,431.615,398.213,378.217,312.53,347.659,355.23,303.12,272.126,232.231,253.851,212.514,177.083,149.829,109.82,83.859,51.981,25.915,36.557,28.338,13.812,7.079,7.42,6.154,3.163,1.656,0,1.74,0,0,0,0,0,0,0,0,0,0,0,0,0,0,0,0,0,0,0,0,0,0,0,0,0,0,0,0,0,0,0,0,0,0,0,0,2.615,4.396,5.64,6.497,8.263,9.862,12.254,14.151,16.32,18.128,19.19,21.494,22.217,25.523,27.191,26.971,26.005,21.84,19.972,17.944,15.725,13.512,11.724,10.818,10.252,9.007,9.277,8.59,7.237,7.886,7.987,8.184,7.857,7.747,7.324,7.027,6.344,6.656,6.604,5.64,4.929,4.102,4.137,3.401,2.969,2.352,1.668,1.284,0.801,0.389,0.521,0.402,0.185,0.094,0.096,0.077,0.039,0.02,0,0.02,0,0,0,0,0,0
2026-09-08 06:55:00,1,"Normal Scan","Normal Scan",0,"ON",1,1,1,737.3,5,20.1,97.2,45.3,0.000000069266,0.0000181857,4.97,8976.18,8.8,736.5,1,"Up Scan","Positive",254,0,4.37,1.6,8,8,0,1,1,16.837,24.154,18.938,9.647,1.799,4372.08,41,21,NA,0,0,0,0,0,0,0,0,0,0,0,0,0,0,0,0,0,0,0,0,0,0,0,0,0,0,0,0,0,0,0,10043.648,9477.872,8771.245,8540.07,8413.252,7888.741,7789.243,7441.487,7061.006,6801.902,6676.734,6449.179,5663.096,5498.657,4979.839,4348.313,3671.209,2964.589,2429.766,1994.493,1513.134,1299.392,1073.295,919.253,797.063,687.047,600.514,534.838,475.325,417.776,406.077,410.465,370.401,356.607,360.142,291.894,277.638,293.539,263.523,249.511,251.443,244.893,203.771,174.001,142.719,108.068,92.2,53.646,31.808,37.489,18.759,10.979,8.729,7.382,6.115,7.874,3.244,1.67,0,0,0,0,0,0,0,0,0,0,0,0,0,0,0,0,0,0,0,0,0,0,0,0,0,0,0,0,0,0,0,0,0,0,0,0,0,2.584,4.045,5.53,6.981,8.789,10.908,12.67,15.035,16.901,18.64,20.551,22.817,24.711,24.176,25.831,25.668,24.474,22.442,19.631,17.404,15.389,12.591,11.573,10.269,9.376,8.701,8.031,7.574,7.21,6.818,6.498,6.523,6.965,6.64,6.69,6.758,6.029,5.645,5.686,5.095,4.541,4.421,4.04,3.354,2.803,2.262,1.669,1.405,0.835,0.531,0.54,0.256,0.148,0.132,0.096,0.077,0.098,0.04,0.02,0,0,0.017,0,0,0,0
